ISO-10303-21;
HEADER;
FILE_DESCRIPTION(('FreeCAD Model'),'2;1');
FILE_NAME('Open CASCADE Shape Model','2026-01-16T07:55:07',(''),(''),
  'Open CASCADE STEP processor 7.8','FreeCAD','Unknown');
FILE_SCHEMA(('AUTOMOTIVE_DESIGN { 1 0 10303 214 1 1 1 1 }'));
ENDSEC;
DATA;
#1 = APPLICATION_PROTOCOL_DEFINITION('international standard',
  'automotive_design',2000,#2);
#2 = APPLICATION_CONTEXT(
  'core data for automotive mechanical design processes');
#3 = SHAPE_DEFINITION_REPRESENTATION(#4,#10);
#4 = PRODUCT_DEFINITION_SHAPE('','',#5);
#5 = PRODUCT_DEFINITION('design','',#6,#9);
#6 = PRODUCT_DEFINITION_FORMATION('','',#7);
#7 = PRODUCT('rotor','rotor','',(#8));
#8 = PRODUCT_CONTEXT('',#2,'mechanical');
#9 = PRODUCT_DEFINITION_CONTEXT('part definition',#2,'design');
#10 = ADVANCED_BREP_SHAPE_REPRESENTATION('',(#11,#15),#1836);
#11 = AXIS2_PLACEMENT_3D('',#12,#13,#14);
#12 = CARTESIAN_POINT('',(0.,0.,0.));
#13 = DIRECTION('',(0.,0.,1.));
#14 = DIRECTION('',(1.,0.,-0.));
#15 = MANIFOLD_SOLID_BREP('',#16);
#16 = CLOSED_SHELL('',(#17,#145,#177,#222,#246,#284,#309,#341,#386,#499,
    #537,#561,#586,#611,#628,#653,#685,#730,#748,#773,#818,#896,#920,
    #1023,#1048,#1110,#1128,#1145,#1163,#1189,#1215,#1224,#1233,#1245,
    #1277,#1300,#1345,#1362,#1400,#1418,#1463,#1501,#1527,#1576,#1617,
    #1635,#1669,#1687,#1716,#1734,#1763,#1784,#1793,#1802,#1827));
#17 = ADVANCED_FACE('',(#18),#140,.T.);
#18 = FACE_BOUND('',#19,.T.);
#19 = EDGE_LOOP('',(#20,#30,#38,#46,#56,#66,#74,#82,#90,#98,#106,#114,
    #122,#132));
#20 = ORIENTED_EDGE('',*,*,#21,.F.);
#21 = EDGE_CURVE('',#22,#24,#26,.T.);
#22 = VERTEX_POINT('',#23);
#23 = CARTESIAN_POINT('',(-42.83066200002,-4.2,0.));
#24 = VERTEX_POINT('',#25);
#25 = CARTESIAN_POINT('',(-42.83066200002,-4.2,4.578045554271));
#26 = LINE('',#27,#28);
#27 = CARTESIAN_POINT('',(-42.83066200002,-4.2,0.));
#28 = VECTOR('',#29,1.);
#29 = DIRECTION('',(0.,0.,1.));
#30 = ORIENTED_EDGE('',*,*,#31,.T.);
#31 = EDGE_CURVE('',#22,#32,#34,.T.);
#32 = VERTEX_POINT('',#33);
#33 = CARTESIAN_POINT('',(-42.83066200002,4.2,0.));
#34 = LINE('',#35,#36);
#35 = CARTESIAN_POINT('',(-42.83066200002,2.,0.));
#36 = VECTOR('',#37,1.);
#37 = DIRECTION('',(0.,1.,0.));
#38 = ORIENTED_EDGE('',*,*,#39,.T.);
#39 = EDGE_CURVE('',#32,#40,#42,.T.);
#40 = VERTEX_POINT('',#41);
#41 = CARTESIAN_POINT('',(-42.83066200002,4.2,4.578045554271));
#42 = LINE('',#43,#44);
#43 = CARTESIAN_POINT('',(-42.83066200002,4.2,0.));
#44 = VECTOR('',#45,1.);
#45 = DIRECTION('',(0.,0.,1.));
#46 = ORIENTED_EDGE('',*,*,#47,.T.);
#47 = EDGE_CURVE('',#40,#48,#50,.T.);
#48 = VERTEX_POINT('',#49);
#49 = CARTESIAN_POINT('',(-42.83066200002,4.2,5.499999999764));
#50 = ( BOUNDED_CURVE() B_SPLINE_CURVE(4,(#51,#52,#53,#54,#55),
.UNSPECIFIED.,.F.,.F.) B_SPLINE_CURVE_WITH_KNOTS((5,5),(20.021428686759,
20.734511508951),.PIECEWISE_BEZIER_KNOTS.) CURVE() 
GEOMETRIC_REPRESENTATION_ITEM() RATIONAL_B_SPLINE_CURVE((1.,1.,1.,1.,1.)
) REPRESENTATION_ITEM('') );
#51 = CARTESIAN_POINT('',(-42.83066200002,4.2,4.578045554271));
#52 = CARTESIAN_POINT('',(-42.83066200002,4.2,4.815868450773));
#53 = CARTESIAN_POINT('',(-42.83066200002,4.2,5.046196128088));
#54 = CARTESIAN_POINT('',(-42.83066200002,4.2,5.273110010624));
#55 = CARTESIAN_POINT('',(-42.83066200002,4.2,5.499999999764));
#56 = ORIENTED_EDGE('',*,*,#57,.T.);
#57 = EDGE_CURVE('',#48,#58,#60,.T.);
#58 = VERTEX_POINT('',#59);
#59 = CARTESIAN_POINT('',(-42.83066200002,4.2,6.421954445729));
#60 = ( BOUNDED_CURVE() B_SPLINE_CURVE(4,(#61,#62,#63,#64,#65),
.UNSPECIFIED.,.F.,.F.) B_SPLINE_CURVE_WITH_KNOTS((5,5),(20.734511508951,
21.447594340633),.PIECEWISE_BEZIER_KNOTS.) CURVE() 
GEOMETRIC_REPRESENTATION_ITEM() RATIONAL_B_SPLINE_CURVE((1.,1.,1.,1.,1.)
) REPRESENTATION_ITEM('') );
#61 = CARTESIAN_POINT('',(-42.83066200002,4.2,5.499999999764));
#62 = CARTESIAN_POINT('',(-42.83066200002,4.2,5.726889991923));
#63 = CARTESIAN_POINT('',(-42.83066200002,4.2,5.953804503157));
#64 = CARTESIAN_POINT('',(-42.83066200002,4.2,6.184130697128));
#65 = CARTESIAN_POINT('',(-42.83066200002,4.2,6.421954445729));
#66 = ORIENTED_EDGE('',*,*,#67,.T.);
#67 = EDGE_CURVE('',#58,#68,#70,.T.);
#68 = VERTEX_POINT('',#69);
#69 = CARTESIAN_POINT('',(-42.83066200002,4.2,11.));
#70 = LINE('',#71,#72);
#71 = CARTESIAN_POINT('',(-42.83066200002,4.2,0.));
#72 = VECTOR('',#73,1.);
#73 = DIRECTION('',(0.,0.,1.));
#74 = ORIENTED_EDGE('',*,*,#75,.F.);
#75 = EDGE_CURVE('',#76,#68,#78,.T.);
#76 = VERTEX_POINT('',#77);
#77 = CARTESIAN_POINT('',(-42.83066200002,2.,11.));
#78 = LINE('',#79,#80);
#79 = CARTESIAN_POINT('',(-42.83066200002,2.,11.));
#80 = VECTOR('',#81,1.);
#81 = DIRECTION('',(0.,1.,0.));
#82 = ORIENTED_EDGE('',*,*,#83,.F.);
#83 = EDGE_CURVE('',#84,#76,#86,.T.);
#84 = VERTEX_POINT('',#85);
#85 = CARTESIAN_POINT('',(-42.83066200002,2.,6.));
#86 = LINE('',#87,#88);
#87 = CARTESIAN_POINT('',(-42.83066200002,2.,0.));
#88 = VECTOR('',#89,1.);
#89 = DIRECTION('',(0.,0.,1.));
#90 = ORIENTED_EDGE('',*,*,#91,.F.);
#91 = EDGE_CURVE('',#92,#84,#94,.T.);
#92 = VERTEX_POINT('',#93);
#93 = CARTESIAN_POINT('',(-42.83066200002,-2.,6.));
#94 = LINE('',#95,#96);
#95 = CARTESIAN_POINT('',(-42.83066200002,-2.,6.));
#96 = VECTOR('',#97,1.);
#97 = DIRECTION('',(0.,1.,0.));
#98 = ORIENTED_EDGE('',*,*,#99,.T.);
#99 = EDGE_CURVE('',#92,#100,#102,.T.);
#100 = VERTEX_POINT('',#101);
#101 = CARTESIAN_POINT('',(-42.83066200002,-2.,11.));
#102 = LINE('',#103,#104);
#103 = CARTESIAN_POINT('',(-42.83066200002,-2.,0.));
#104 = VECTOR('',#105,1.);
#105 = DIRECTION('',(0.,0.,1.));
#106 = ORIENTED_EDGE('',*,*,#107,.T.);
#107 = EDGE_CURVE('',#100,#108,#110,.T.);
#108 = VERTEX_POINT('',#109);
#109 = CARTESIAN_POINT('',(-42.83066200002,-4.2,11.));
#110 = LINE('',#111,#112);
#111 = CARTESIAN_POINT('',(-42.83066200002,-2.,11.));
#112 = VECTOR('',#113,1.);
#113 = DIRECTION('',(0.,-1.,0.));
#114 = ORIENTED_EDGE('',*,*,#115,.F.);
#115 = EDGE_CURVE('',#116,#108,#118,.T.);
#116 = VERTEX_POINT('',#117);
#117 = CARTESIAN_POINT('',(-42.83066200002,-4.2,6.421954445729));
#118 = LINE('',#119,#120);
#119 = CARTESIAN_POINT('',(-42.83066200002,-4.2,0.));
#120 = VECTOR('',#121,1.);
#121 = DIRECTION('',(0.,0.,1.));
#122 = ORIENTED_EDGE('',*,*,#123,.F.);
#123 = EDGE_CURVE('',#124,#116,#126,.T.);
#124 = VERTEX_POINT('',#125);
#125 = CARTESIAN_POINT('',(-42.83066200002,-4.2,5.499999999764));
#126 = ( BOUNDED_CURVE() B_SPLINE_CURVE(4,(#127,#128,#129,#130,#131),
.UNSPECIFIED.,.F.,.F.) B_SPLINE_CURVE_WITH_KNOTS((5,5),(20.734511508951,
21.447594340633),.PIECEWISE_BEZIER_KNOTS.) CURVE() 
GEOMETRIC_REPRESENTATION_ITEM() RATIONAL_B_SPLINE_CURVE((1.,1.,1.,1.,1.)
) REPRESENTATION_ITEM('') );
#127 = CARTESIAN_POINT('',(-42.83066200002,-4.2,5.499999999764));
#128 = CARTESIAN_POINT('',(-42.83066200002,-4.2,5.726889991923));
#129 = CARTESIAN_POINT('',(-42.83066200002,-4.2,5.95380450341));
#130 = CARTESIAN_POINT('',(-42.83066200002,-4.2,6.184130696767));
#131 = CARTESIAN_POINT('',(-42.83066200002,-4.2,6.421954445729));
#132 = ORIENTED_EDGE('',*,*,#133,.F.);
#133 = EDGE_CURVE('',#24,#124,#134,.T.);
#134 = ( BOUNDED_CURVE() B_SPLINE_CURVE(4,(#135,#136,#137,#138,#139),
.UNSPECIFIED.,.F.,.F.) B_SPLINE_CURVE_WITH_KNOTS((5,5),(20.021428686759,
20.734511508951),.PIECEWISE_BEZIER_KNOTS.) CURVE() 
GEOMETRIC_REPRESENTATION_ITEM() RATIONAL_B_SPLINE_CURVE((1.,1.,1.,1.,1.)
) REPRESENTATION_ITEM('') );
#135 = CARTESIAN_POINT('',(-42.83066200002,-4.2,4.578045554271));
#136 = CARTESIAN_POINT('',(-42.83066200002,-4.2,4.815868450772));
#137 = CARTESIAN_POINT('',(-42.83066200002,-4.2,5.046196128088));
#138 = CARTESIAN_POINT('',(-42.83066200002,-4.2,5.273110010625));
#139 = CARTESIAN_POINT('',(-42.83066200002,-4.2,5.499999999764));
#140 = PLANE('',#141);
#141 = AXIS2_PLACEMENT_3D('',#142,#143,#144);
#142 = CARTESIAN_POINT('',(-42.83066200002,-1.477870649173E-14,
    5.704918032787));
#143 = DIRECTION('',(1.,0.,0.));
#144 = DIRECTION('',(0.,0.,1.));
#145 = ADVANCED_FACE('',(#146),#172,.T.);
#146 = FACE_BOUND('',#147,.T.);
#147 = EDGE_LOOP('',(#148,#149,#158,#166));
#148 = ORIENTED_EDGE('',*,*,#21,.T.);
#149 = ORIENTED_EDGE('',*,*,#150,.F.);
#150 = EDGE_CURVE('',#151,#24,#153,.T.);
#151 = VERTEX_POINT('',#152);
#152 = CARTESIAN_POINT('',(-51.23066200002,-4.2,4.578045554271));
#153 = CIRCLE('',#154,4.3);
#154 = AXIS2_PLACEMENT_3D('',#155,#156,#157);
#155 = CARTESIAN_POINT('',(-47.03066200002,-4.2,5.5));
#156 = DIRECTION('',(0.,-1.,0.));
#157 = DIRECTION('',(1.,0.,0.));
#158 = ORIENTED_EDGE('',*,*,#159,.F.);
#159 = EDGE_CURVE('',#160,#151,#162,.T.);
#160 = VERTEX_POINT('',#161);
#161 = CARTESIAN_POINT('',(-51.23066200002,-4.2,0.));
#162 = LINE('',#163,#164);
#163 = CARTESIAN_POINT('',(-51.23066200002,-4.2,0.));
#164 = VECTOR('',#165,1.);
#165 = DIRECTION('',(0.,0.,1.));
#166 = ORIENTED_EDGE('',*,*,#167,.F.);
#167 = EDGE_CURVE('',#22,#160,#168,.T.);
#168 = LINE('',#169,#170);
#169 = CARTESIAN_POINT('',(-42.83066200002,-4.2,0.));
#170 = VECTOR('',#171,1.);
#171 = DIRECTION('',(-1.,0.,0.));
#172 = PLANE('',#173);
#173 = AXIS2_PLACEMENT_3D('',#174,#175,#176);
#174 = CARTESIAN_POINT('',(-42.83066200002,-4.2,0.));
#175 = DIRECTION('',(0.,-1.,0.));
#176 = DIRECTION('',(-1.,0.,0.));
#177 = ADVANCED_FACE('',(#178),#206,.T.);
#178 = FACE_BOUND('',#179,.T.);
#179 = EDGE_LOOP('',(#180,#189,#190,#198));
#180 = ORIENTED_EDGE('',*,*,#181,.F.);
#181 = EDGE_CURVE('',#24,#182,#184,.T.);
#182 = VERTEX_POINT('',#183);
#183 = CARTESIAN_POINT('',(-43.80740618606,-3.2,4.792453564905));
#184 = CIRCLE('',#185,1.);
#185 = AXIS2_PLACEMENT_3D('',#186,#187,#188);
#186 = CARTESIAN_POINT('',(-42.83066200002,-3.2,4.578045554271));
#187 = DIRECTION('',(-0.214408010635,-0.,-0.976744186047));
#188 = DIRECTION('',(0.976744186047,0.,-0.214408010635));
#189 = ORIENTED_EDGE('',*,*,#133,.T.);
#190 = ORIENTED_EDGE('',*,*,#191,.T.);
#191 = EDGE_CURVE('',#124,#192,#194,.T.);
#192 = VERTEX_POINT('',#193);
#193 = CARTESIAN_POINT('',(-43.73066200002,-3.205012562893,5.5));
#194 = ( BOUNDED_CURVE() B_SPLINE_CURVE(2,(#195,#196,#197),
.UNSPECIFIED.,.F.,.F.) B_SPLINE_CURVE_WITH_KNOTS((3,3),(0.,
0.713082822192),.PIECEWISE_BEZIER_KNOTS.) CURVE() 
GEOMETRIC_REPRESENTATION_ITEM() RATIONAL_B_SPLINE_CURVE((1.,
0.74161984871,1.)) REPRESENTATION_ITEM('') );
#195 = CARTESIAN_POINT('',(-42.83066200002,-4.2,5.499999999764));
#196 = CARTESIAN_POINT('',(-43.73066200002,-4.109546596627,
    5.500000000002));
#197 = CARTESIAN_POINT('',(-43.73066200002,-3.205012562893,5.5));
#198 = ORIENTED_EDGE('',*,*,#199,.F.);
#199 = EDGE_CURVE('',#182,#192,#200,.T.);
#200 = ( BOUNDED_CURVE() B_SPLINE_CURVE(4,(#201,#202,#203,#204,#205),
.UNSPECIFIED.,.F.,.F.) B_SPLINE_CURVE_WITH_KNOTS((5,5),(20.021428686759,
20.734511508951),.PIECEWISE_BEZIER_KNOTS.) CURVE() 
GEOMETRIC_REPRESENTATION_ITEM() RATIONAL_B_SPLINE_CURVE((1.,1.,1.,1.,1.)
) REPRESENTATION_ITEM('') );
#201 = CARTESIAN_POINT('',(-43.80740618606,-3.2,4.792453564906));
#202 = CARTESIAN_POINT('',(-43.76918351873,-3.2,4.966578440086));
#203 = CARTESIAN_POINT('',(-43.74350268268,-3.203408110754,
    5.143457508998));
#204 = CARTESIAN_POINT('',(-43.73066200002,-3.205012562892,
    5.321729295803));
#205 = CARTESIAN_POINT('',(-43.73066200002,-3.205012562893,5.5));
#206 = ( BOUNDED_SURFACE() B_SPLINE_SURFACE(2,4,(
    (#207,#208,#209,#210,#211)
    ,(#212,#213,#214,#215,#216)
    ,(#217,#218,#219,#220,#221
)),.UNSPECIFIED.,.F.,.F.,.F.) B_SPLINE_SURFACE_WITH_KNOTS((3,3),(5,5),(
    0.,0.713082822192),(20.021428686759,20.734511508951),
.PIECEWISE_BEZIER_KNOTS.) GEOMETRIC_REPRESENTATION_ITEM() 
RATIONAL_B_SPLINE_SURFACE((
    (1.,1.,1.,1.,1.)
    ,(0.707106781187,0.725134869546,0.736092185216,0.741619848705
      ,0.74161984871)
,(1.,1.,1.,1.,1.))) REPRESENTATION_ITEM('') SURFACE() );
#207 = CARTESIAN_POINT('',(-43.80740618606,-3.2,4.792453564906));
#208 = CARTESIAN_POINT('',(-43.76918351873,-3.2,4.966578440086));
#209 = CARTESIAN_POINT('',(-43.74350268268,-3.203408110754,
    5.143457508998));
#210 = CARTESIAN_POINT('',(-43.73066200002,-3.205012562892,
    5.321729295803));
#211 = CARTESIAN_POINT('',(-43.73066200002,-3.205012562893,5.5));
#212 = CARTESIAN_POINT('',(-43.80740618606,-4.2,4.792453564906));
#213 = CARTESIAN_POINT('',(-43.77013379937,-4.150276592352,
    4.962249399012));
#214 = CARTESIAN_POINT('',(-43.74356698384,-4.122954583913,
    5.140896659549));
#215 = CARTESIAN_POINT('',(-43.73066200001,-4.109546596637,
    5.321729295796));
#216 = CARTESIAN_POINT('',(-43.73066200002,-4.109546596627,
    5.500000000002));
#217 = CARTESIAN_POINT('',(-42.83066200002,-4.2,4.578045554271));
#218 = CARTESIAN_POINT('',(-42.83066200002,-4.2,4.815868450772));
#219 = CARTESIAN_POINT('',(-42.83066200002,-4.2,5.046196128088));
#220 = CARTESIAN_POINT('',(-42.83066200002,-4.2,5.273110010625));
#221 = CARTESIAN_POINT('',(-42.83066200002,-4.2,5.499999999764));
#222 = ADVANCED_FACE('',(#223),#241,.T.);
#223 = FACE_BOUND('',#224,.T.);
#224 = EDGE_LOOP('',(#225,#226,#227,#235));
#225 = ORIENTED_EDGE('',*,*,#31,.F.);
#226 = ORIENTED_EDGE('',*,*,#167,.T.);
#227 = ORIENTED_EDGE('',*,*,#228,.F.);
#228 = EDGE_CURVE('',#229,#160,#231,.T.);
#229 = VERTEX_POINT('',#230);
#230 = CARTESIAN_POINT('',(-51.23066200002,4.2,0.));
#231 = LINE('',#232,#233);
#232 = CARTESIAN_POINT('',(-51.23066200002,4.2,0.));
#233 = VECTOR('',#234,1.);
#234 = DIRECTION('',(0.,-1.,0.));
#235 = ORIENTED_EDGE('',*,*,#236,.F.);
#236 = EDGE_CURVE('',#32,#229,#237,.T.);
#237 = LINE('',#238,#239);
#238 = CARTESIAN_POINT('',(-42.83066200002,4.2,0.));
#239 = VECTOR('',#240,1.);
#240 = DIRECTION('',(-1.,0.,0.));
#241 = PLANE('',#242);
#242 = AXIS2_PLACEMENT_3D('',#243,#244,#245);
#243 = CARTESIAN_POINT('',(-1.101729411367E-16,-5.818508453781E-15,0.));
#244 = DIRECTION('',(-0.,-0.,-1.));
#245 = DIRECTION('',(-1.,0.,0.));
#246 = ADVANCED_FACE('',(#247),#268,.T.);
#247 = FACE_BOUND('',#248,.T.);
#248 = EDGE_LOOP('',(#249,#250,#251,#260));
#249 = ORIENTED_EDGE('',*,*,#191,.F.);
#250 = ORIENTED_EDGE('',*,*,#123,.T.);
#251 = ORIENTED_EDGE('',*,*,#252,.T.);
#252 = EDGE_CURVE('',#116,#253,#255,.T.);
#253 = VERTEX_POINT('',#254);
#254 = CARTESIAN_POINT('',(-43.80740618606,-3.2,6.207546435095));
#255 = CIRCLE('',#256,1.);
#256 = AXIS2_PLACEMENT_3D('',#257,#258,#259);
#257 = CARTESIAN_POINT('',(-42.83066200002,-3.2,6.421954445729));
#258 = DIRECTION('',(0.214408010635,0.,-0.976744186047));
#259 = DIRECTION('',(0.976744186047,0.,0.214408010635));
#260 = ORIENTED_EDGE('',*,*,#261,.F.);
#261 = EDGE_CURVE('',#192,#253,#262,.T.);
#262 = ( BOUNDED_CURVE() B_SPLINE_CURVE(4,(#263,#264,#265,#266,#267),
.UNSPECIFIED.,.F.,.F.) B_SPLINE_CURVE_WITH_KNOTS((5,5),(20.734511508951,
21.447594340633),.PIECEWISE_BEZIER_KNOTS.) CURVE() 
GEOMETRIC_REPRESENTATION_ITEM() RATIONAL_B_SPLINE_CURVE((1.,1.,1.,1.,1.)
) REPRESENTATION_ITEM('') );
#263 = CARTESIAN_POINT('',(-43.73066200002,-3.205012562893,5.5));
#264 = CARTESIAN_POINT('',(-43.73066200002,-3.205012562895,
    5.678270706569));
#265 = CARTESIAN_POINT('',(-43.74350266798,-3.203408111272,
    5.856542386228));
#266 = CARTESIAN_POINT('',(-43.76918351836,-3.2,6.033421558203));
#267 = CARTESIAN_POINT('',(-43.80740618606,-3.2,6.2075464351));
#268 = ( BOUNDED_SURFACE() B_SPLINE_SURFACE(2,4,(
    (#269,#270,#271,#272,#273)
    ,(#274,#275,#276,#277,#278)
    ,(#279,#280,#281,#282,#283
)),.UNSPECIFIED.,.F.,.F.,.F.) B_SPLINE_SURFACE_WITH_KNOTS((3,3),(5,5),(
    0.,0.713082831682),(20.734511508951,21.447594340633),
.PIECEWISE_BEZIER_KNOTS.) GEOMETRIC_REPRESENTATION_ITEM() 
RATIONAL_B_SPLINE_SURFACE((
    (1.,1.,1.,1.,1.)
    ,(0.74161984871,0.741619848714,0.736092135969,0.725134934166
      ,0.707106781187)
,(1.,1.,1.,1.,1.))) REPRESENTATION_ITEM('') SURFACE() );
#269 = CARTESIAN_POINT('',(-43.73066200002,-3.205012562893,5.5));
#270 = CARTESIAN_POINT('',(-43.73066200002,-3.205012562895,
    5.678270706569));
#271 = CARTESIAN_POINT('',(-43.74350266798,-3.203408111272,
    5.856542386228));
#272 = CARTESIAN_POINT('',(-43.76918351836,-3.2,6.033421558203));
#273 = CARTESIAN_POINT('',(-43.80740618606,-3.2,6.2075464351));
#274 = CARTESIAN_POINT('',(-43.73066200002,-4.109546596627,
    5.500000000002));
#275 = CARTESIAN_POINT('',(-43.73066200002,-4.109546596616,
    5.678270706577));
#276 = CARTESIAN_POINT('',(-43.743566965,-4.12295471283,5.859103213268)
  );
#277 = CARTESIAN_POINT('',(-43.77013380219,-4.150276418553,
    6.037750613867));
#278 = CARTESIAN_POINT('',(-43.80740618606,-4.2,6.207546435101));
#279 = CARTESIAN_POINT('',(-42.83066200002,-4.2,5.499999999764));
#280 = CARTESIAN_POINT('',(-42.83066200002,-4.2,5.726889991923));
#281 = CARTESIAN_POINT('',(-42.83066200002,-4.2,5.95380450341));
#282 = CARTESIAN_POINT('',(-42.83066200002,-4.2,6.184130696767));
#283 = CARTESIAN_POINT('',(-42.83066200002,-4.2,6.421954445729));
#284 = ADVANCED_FACE('',(#285),#304,.F.);
#285 = FACE_BOUND('',#286,.F.);
#286 = EDGE_LOOP('',(#287,#288,#297,#303));
#287 = ORIENTED_EDGE('',*,*,#39,.T.);
#288 = ORIENTED_EDGE('',*,*,#289,.F.);
#289 = EDGE_CURVE('',#290,#40,#292,.T.);
#290 = VERTEX_POINT('',#291);
#291 = CARTESIAN_POINT('',(-51.23066200002,4.2,4.578045554271));
#292 = CIRCLE('',#293,4.3);
#293 = AXIS2_PLACEMENT_3D('',#294,#295,#296);
#294 = CARTESIAN_POINT('',(-47.03066200002,4.2,5.5));
#295 = DIRECTION('',(0.,-1.,0.));
#296 = DIRECTION('',(1.,0.,0.));
#297 = ORIENTED_EDGE('',*,*,#298,.F.);
#298 = EDGE_CURVE('',#229,#290,#299,.T.);
#299 = LINE('',#300,#301);
#300 = CARTESIAN_POINT('',(-51.23066200002,4.2,0.));
#301 = VECTOR('',#302,1.);
#302 = DIRECTION('',(0.,0.,1.));
#303 = ORIENTED_EDGE('',*,*,#236,.F.);
#304 = PLANE('',#305);
#305 = AXIS2_PLACEMENT_3D('',#306,#307,#308);
#306 = CARTESIAN_POINT('',(-42.83066200002,4.2,0.));
#307 = DIRECTION('',(0.,-1.,0.));
#308 = DIRECTION('',(-1.,0.,0.));
#309 = ADVANCED_FACE('',(#310),#336,.T.);
#310 = FACE_BOUND('',#311,.T.);
#311 = EDGE_LOOP('',(#312,#313,#321,#329));
#312 = ORIENTED_EDGE('',*,*,#115,.T.);
#313 = ORIENTED_EDGE('',*,*,#314,.T.);
#314 = EDGE_CURVE('',#108,#315,#317,.T.);
#315 = VERTEX_POINT('',#316);
#316 = CARTESIAN_POINT('',(-51.23066200002,-4.2,11.));
#317 = LINE('',#318,#319);
#318 = CARTESIAN_POINT('',(-42.83066200002,-4.2,11.));
#319 = VECTOR('',#320,1.);
#320 = DIRECTION('',(-1.,0.,0.));
#321 = ORIENTED_EDGE('',*,*,#322,.F.);
#322 = EDGE_CURVE('',#323,#315,#325,.T.);
#323 = VERTEX_POINT('',#324);
#324 = CARTESIAN_POINT('',(-51.23066200002,-4.2,6.421954445729));
#325 = LINE('',#326,#327);
#326 = CARTESIAN_POINT('',(-51.23066200002,-4.2,0.));
#327 = VECTOR('',#328,1.);
#328 = DIRECTION('',(0.,0.,1.));
#329 = ORIENTED_EDGE('',*,*,#330,.F.);
#330 = EDGE_CURVE('',#116,#323,#331,.T.);
#331 = CIRCLE('',#332,4.3);
#332 = AXIS2_PLACEMENT_3D('',#333,#334,#335);
#333 = CARTESIAN_POINT('',(-47.03066200002,-4.2,5.5));
#334 = DIRECTION('',(0.,-1.,0.));
#335 = DIRECTION('',(1.,0.,0.));
#336 = PLANE('',#337);
#337 = AXIS2_PLACEMENT_3D('',#338,#339,#340);
#338 = CARTESIAN_POINT('',(-42.83066200002,-4.2,0.));
#339 = DIRECTION('',(0.,-1.,0.));
#340 = DIRECTION('',(-1.,0.,0.));
#341 = ADVANCED_FACE('',(#342),#370,.F.);
#342 = FACE_BOUND('',#343,.F.);
#343 = EDGE_LOOP('',(#344,#353,#354,#362));
#344 = ORIENTED_EDGE('',*,*,#345,.F.);
#345 = EDGE_CURVE('',#40,#346,#348,.T.);
#346 = VERTEX_POINT('',#347);
#347 = CARTESIAN_POINT('',(-43.80740618606,3.2,4.792453564905));
#348 = CIRCLE('',#349,1.);
#349 = AXIS2_PLACEMENT_3D('',#350,#351,#352);
#350 = CARTESIAN_POINT('',(-42.83066200002,3.2,4.578045554271));
#351 = DIRECTION('',(0.214408010635,-0.,0.976744186047));
#352 = DIRECTION('',(0.976744186047,0.,-0.214408010635));
#353 = ORIENTED_EDGE('',*,*,#47,.T.);
#354 = ORIENTED_EDGE('',*,*,#355,.T.);
#355 = EDGE_CURVE('',#48,#356,#358,.T.);
#356 = VERTEX_POINT('',#357);
#357 = CARTESIAN_POINT('',(-43.73066200002,3.205012562893,5.5));
#358 = ( BOUNDED_CURVE() B_SPLINE_CURVE(2,(#359,#360,#361),
.UNSPECIFIED.,.F.,.F.) B_SPLINE_CURVE_WITH_KNOTS((3,3),(0.,
0.713082822192),.PIECEWISE_BEZIER_KNOTS.) CURVE() 
GEOMETRIC_REPRESENTATION_ITEM() RATIONAL_B_SPLINE_CURVE((1.,
0.74161984871,1.)) REPRESENTATION_ITEM('') );
#359 = CARTESIAN_POINT('',(-42.83066200002,4.2,5.499999999764));
#360 = CARTESIAN_POINT('',(-43.73066200002,4.109546596627,5.500000000001
    ));
#361 = CARTESIAN_POINT('',(-43.73066200002,3.205012562893,5.5));
#362 = ORIENTED_EDGE('',*,*,#363,.F.);
#363 = EDGE_CURVE('',#346,#356,#364,.T.);
#364 = ( BOUNDED_CURVE() B_SPLINE_CURVE(4,(#365,#366,#367,#368,#369),
.UNSPECIFIED.,.F.,.F.) B_SPLINE_CURVE_WITH_KNOTS((5,5),(20.021428686759,
20.734511508951),.PIECEWISE_BEZIER_KNOTS.) CURVE() 
GEOMETRIC_REPRESENTATION_ITEM() RATIONAL_B_SPLINE_CURVE((1.,1.,1.,1.,1.)
) REPRESENTATION_ITEM('') );
#365 = CARTESIAN_POINT('',(-43.80740618606,3.2,4.792453564906));
#366 = CARTESIAN_POINT('',(-43.76918351873,3.2,4.966578440087));
#367 = CARTESIAN_POINT('',(-43.74350268268,3.203408110754,5.143457508998
    ));
#368 = CARTESIAN_POINT('',(-43.73066200002,3.205012562892,5.321729295802
    ));
#369 = CARTESIAN_POINT('',(-43.73066200002,3.205012562893,5.5));
#370 = ( BOUNDED_SURFACE() B_SPLINE_SURFACE(2,4,(
    (#371,#372,#373,#374,#375)
    ,(#376,#377,#378,#379,#380)
    ,(#381,#382,#383,#384,#385
)),.UNSPECIFIED.,.F.,.F.,.F.) B_SPLINE_SURFACE_WITH_KNOTS((3,3),(5,5),(
    0.,0.713082822192),(20.021428686759,20.734511508951),
.PIECEWISE_BEZIER_KNOTS.) GEOMETRIC_REPRESENTATION_ITEM() 
RATIONAL_B_SPLINE_SURFACE((
    (1.,1.,1.,1.,1.)
    ,(0.707106781187,0.725134869546,0.736092185216,0.741619848705
      ,0.74161984871)
,(1.,1.,1.,1.,1.))) REPRESENTATION_ITEM('') SURFACE() );
#371 = CARTESIAN_POINT('',(-43.80740618606,3.2,4.792453564906));
#372 = CARTESIAN_POINT('',(-43.76918351873,3.2,4.966578440087));
#373 = CARTESIAN_POINT('',(-43.74350268268,3.203408110754,5.143457508998
    ));
#374 = CARTESIAN_POINT('',(-43.73066200002,3.205012562892,5.321729295802
    ));
#375 = CARTESIAN_POINT('',(-43.73066200002,3.205012562893,5.5));
#376 = CARTESIAN_POINT('',(-43.80740618606,4.2,4.792453564906));
#377 = CARTESIAN_POINT('',(-43.77013379937,4.150276592352,4.962249399012
    ));
#378 = CARTESIAN_POINT('',(-43.74356698384,4.122954583913,5.14089665955)
  );
#379 = CARTESIAN_POINT('',(-43.73066200001,4.109546596637,5.321729295796
    ));
#380 = CARTESIAN_POINT('',(-43.73066200002,4.109546596627,5.500000000001
    ));
#381 = CARTESIAN_POINT('',(-42.83066200002,4.2,4.578045554271));
#382 = CARTESIAN_POINT('',(-42.83066200002,4.2,4.815868450773));
#383 = CARTESIAN_POINT('',(-42.83066200002,4.2,5.046196128088));
#384 = CARTESIAN_POINT('',(-42.83066200002,4.2,5.273110010624));
#385 = CARTESIAN_POINT('',(-42.83066200002,4.2,5.499999999764));
#386 = ADVANCED_FACE('',(#387),#494,.T.);
#387 = FACE_BOUND('',#388,.T.);
#388 = EDGE_LOOP('',(#389,#397,#406,#414,#422,#430,#438,#446,#454,#462,
    #471,#477,#478,#486,#492,#493));
#389 = ORIENTED_EDGE('',*,*,#390,.F.);
#390 = EDGE_CURVE('',#391,#100,#393,.T.);
#391 = VERTEX_POINT('',#392);
#392 = CARTESIAN_POINT('',(-16.88194301613,-2.,11.));
#393 = LINE('',#394,#395);
#394 = CARTESIAN_POINT('',(-16.88194301613,-2.,11.));
#395 = VECTOR('',#396,1.);
#396 = DIRECTION('',(-1.,0.,0.));
#397 = ORIENTED_EDGE('',*,*,#398,.T.);
#398 = EDGE_CURVE('',#391,#399,#401,.T.);
#399 = VERTEX_POINT('',#400);
#400 = CARTESIAN_POINT('',(16.881943016134,-2.,11.));
#401 = CIRCLE('',#402,17.);
#402 = AXIS2_PLACEMENT_3D('',#403,#404,#405);
#403 = CARTESIAN_POINT('',(-1.874038303455E-29,0.,11.));
#404 = DIRECTION('',(0.,0.,1.));
#405 = DIRECTION('',(1.,0.,0.));
#406 = ORIENTED_EDGE('',*,*,#407,.T.);
#407 = EDGE_CURVE('',#399,#408,#410,.T.);
#408 = VERTEX_POINT('',#409);
#409 = CARTESIAN_POINT('',(42.83066200002,-2.,11.));
#410 = LINE('',#411,#412);
#411 = CARTESIAN_POINT('',(16.881943016134,-2.,11.));
#412 = VECTOR('',#413,1.);
#413 = DIRECTION('',(1.,0.,0.));
#414 = ORIENTED_EDGE('',*,*,#415,.T.);
#415 = EDGE_CURVE('',#408,#416,#418,.T.);
#416 = VERTEX_POINT('',#417);
#417 = CARTESIAN_POINT('',(42.83066200002,-4.2,11.));
#418 = LINE('',#419,#420);
#419 = CARTESIAN_POINT('',(42.83066200002,-2.,11.));
#420 = VECTOR('',#421,1.);
#421 = DIRECTION('',(-0.,-1.,-0.));
#422 = ORIENTED_EDGE('',*,*,#423,.T.);
#423 = EDGE_CURVE('',#416,#424,#426,.T.);
#424 = VERTEX_POINT('',#425);
#425 = CARTESIAN_POINT('',(51.23066200002,-4.2,11.));
#426 = LINE('',#427,#428);
#427 = CARTESIAN_POINT('',(42.83066200002,-4.2,11.));
#428 = VECTOR('',#429,1.);
#429 = DIRECTION('',(1.,0.,0.));
#430 = ORIENTED_EDGE('',*,*,#431,.F.);
#431 = EDGE_CURVE('',#432,#424,#434,.T.);
#432 = VERTEX_POINT('',#433);
#433 = CARTESIAN_POINT('',(51.23066200002,4.2,11.));
#434 = LINE('',#435,#436);
#435 = CARTESIAN_POINT('',(51.23066200002,4.2,11.));
#436 = VECTOR('',#437,1.);
#437 = DIRECTION('',(-0.,-1.,-0.));
#438 = ORIENTED_EDGE('',*,*,#439,.F.);
#439 = EDGE_CURVE('',#440,#432,#442,.T.);
#440 = VERTEX_POINT('',#441);
#441 = CARTESIAN_POINT('',(42.83066200002,4.2,11.));
#442 = LINE('',#443,#444);
#443 = CARTESIAN_POINT('',(42.83066200002,4.2,11.));
#444 = VECTOR('',#445,1.);
#445 = DIRECTION('',(1.,0.,0.));
#446 = ORIENTED_EDGE('',*,*,#447,.F.);
#447 = EDGE_CURVE('',#448,#440,#450,.T.);
#448 = VERTEX_POINT('',#449);
#449 = CARTESIAN_POINT('',(42.83066200002,2.,11.));
#450 = LINE('',#451,#452);
#451 = CARTESIAN_POINT('',(42.83066200002,2.,11.));
#452 = VECTOR('',#453,1.);
#453 = DIRECTION('',(0.,1.,0.));
#454 = ORIENTED_EDGE('',*,*,#455,.F.);
#455 = EDGE_CURVE('',#456,#448,#458,.T.);
#456 = VERTEX_POINT('',#457);
#457 = CARTESIAN_POINT('',(16.881943016134,2.,11.));
#458 = LINE('',#459,#460);
#459 = CARTESIAN_POINT('',(16.881943016134,2.,11.));
#460 = VECTOR('',#461,1.);
#461 = DIRECTION('',(1.,0.,0.));
#462 = ORIENTED_EDGE('',*,*,#463,.T.);
#463 = EDGE_CURVE('',#456,#464,#466,.T.);
#464 = VERTEX_POINT('',#465);
#465 = CARTESIAN_POINT('',(-16.88194301613,2.,11.));
#466 = CIRCLE('',#467,17.);
#467 = AXIS2_PLACEMENT_3D('',#468,#469,#470);
#468 = CARTESIAN_POINT('',(-1.874038303455E-29,0.,11.));
#469 = DIRECTION('',(0.,0.,1.));
#470 = DIRECTION('',(1.,0.,0.));
#471 = ORIENTED_EDGE('',*,*,#472,.T.);
#472 = EDGE_CURVE('',#464,#76,#473,.T.);
#473 = LINE('',#474,#475);
#474 = CARTESIAN_POINT('',(-16.88194301613,2.,11.));
#475 = VECTOR('',#476,1.);
#476 = DIRECTION('',(-1.,0.,0.));
#477 = ORIENTED_EDGE('',*,*,#75,.T.);
#478 = ORIENTED_EDGE('',*,*,#479,.T.);
#479 = EDGE_CURVE('',#68,#480,#482,.T.);
#480 = VERTEX_POINT('',#481);
#481 = CARTESIAN_POINT('',(-51.23066200002,4.2,11.));
#482 = LINE('',#483,#484);
#483 = CARTESIAN_POINT('',(-42.83066200002,4.2,11.));
#484 = VECTOR('',#485,1.);
#485 = DIRECTION('',(-1.,0.,0.));
#486 = ORIENTED_EDGE('',*,*,#487,.T.);
#487 = EDGE_CURVE('',#480,#315,#488,.T.);
#488 = LINE('',#489,#490);
#489 = CARTESIAN_POINT('',(-51.23066200002,4.2,11.));
#490 = VECTOR('',#491,1.);
#491 = DIRECTION('',(0.,-1.,0.));
#492 = ORIENTED_EDGE('',*,*,#314,.F.);
#493 = ORIENTED_EDGE('',*,*,#107,.F.);
#494 = PLANE('',#495);
#495 = AXIS2_PLACEMENT_3D('',#496,#497,#498);
#496 = CARTESIAN_POINT('',(1.65259411705E-16,-5.952781725791E-15,11.));
#497 = DIRECTION('',(0.,0.,1.));
#498 = DIRECTION('',(1.,0.,0.));
#499 = ADVANCED_FACE('',(#500),#521,.F.);
#500 = FACE_BOUND('',#501,.F.);
#501 = EDGE_LOOP('',(#502,#503,#504,#513));
#502 = ORIENTED_EDGE('',*,*,#355,.F.);
#503 = ORIENTED_EDGE('',*,*,#57,.T.);
#504 = ORIENTED_EDGE('',*,*,#505,.T.);
#505 = EDGE_CURVE('',#58,#506,#508,.T.);
#506 = VERTEX_POINT('',#507);
#507 = CARTESIAN_POINT('',(-43.80740618606,3.2,6.207546435095));
#508 = CIRCLE('',#509,1.);
#509 = AXIS2_PLACEMENT_3D('',#510,#511,#512);
#510 = CARTESIAN_POINT('',(-42.83066200002,3.2,6.421954445729));
#511 = DIRECTION('',(-0.214408010635,0.,0.976744186047));
#512 = DIRECTION('',(0.976744186047,0.,0.214408010635));
#513 = ORIENTED_EDGE('',*,*,#514,.F.);
#514 = EDGE_CURVE('',#356,#506,#515,.T.);
#515 = ( BOUNDED_CURVE() B_SPLINE_CURVE(4,(#516,#517,#518,#519,#520),
.UNSPECIFIED.,.F.,.F.) B_SPLINE_CURVE_WITH_KNOTS((5,5),(20.734511508951,
21.447594340633),.PIECEWISE_BEZIER_KNOTS.) CURVE() 
GEOMETRIC_REPRESENTATION_ITEM() RATIONAL_B_SPLINE_CURVE((1.,1.,1.,1.,1.)
) REPRESENTATION_ITEM('') );
#516 = CARTESIAN_POINT('',(-43.73066200002,3.205012562893,5.5));
#517 = CARTESIAN_POINT('',(-43.73066200002,3.205012562895,5.67827070657)
  );
#518 = CARTESIAN_POINT('',(-43.743502668,3.203408111272,5.856542386341)
  );
#519 = CARTESIAN_POINT('',(-43.76918351834,3.2,6.033421558146));
#520 = CARTESIAN_POINT('',(-43.80740618606,3.2,6.2075464351));
#521 = ( BOUNDED_SURFACE() B_SPLINE_SURFACE(2,4,(
    (#522,#523,#524,#525,#526)
    ,(#527,#528,#529,#530,#531)
    ,(#532,#533,#534,#535,#536
)),.UNSPECIFIED.,.F.,.F.,.F.) B_SPLINE_SURFACE_WITH_KNOTS((3,3),(5,5),(
    0.,0.713082831682),(20.734511508951,21.447594340633),
.PIECEWISE_BEZIER_KNOTS.) GEOMETRIC_REPRESENTATION_ITEM() 
RATIONAL_B_SPLINE_SURFACE((
    (1.,1.,1.,1.,1.)
    ,(0.74161984871,0.741619848714,0.736092135989,0.725134934139
      ,0.707106781187)
,(1.,1.,1.,1.,1.))) REPRESENTATION_ITEM('') SURFACE() );
#522 = CARTESIAN_POINT('',(-43.73066200002,3.205012562893,5.5));
#523 = CARTESIAN_POINT('',(-43.73066200002,3.205012562895,5.67827070657)
  );
#524 = CARTESIAN_POINT('',(-43.743502668,3.203408111272,5.856542386341)
  );
#525 = CARTESIAN_POINT('',(-43.76918351834,3.2,6.033421558146));
#526 = CARTESIAN_POINT('',(-43.80740618606,3.2,6.2075464351));
#527 = CARTESIAN_POINT('',(-43.73066200002,4.109546596627,5.500000000001
    ));
#528 = CARTESIAN_POINT('',(-43.73066200002,4.109546596616,5.678270706578
    ));
#529 = CARTESIAN_POINT('',(-43.74356696501,4.122954712777,5.859103213339
    ));
#530 = CARTESIAN_POINT('',(-43.77013380219,4.150276418626,6.037750613861
    ));
#531 = CARTESIAN_POINT('',(-43.80740618606,4.2,6.207546435101));
#532 = CARTESIAN_POINT('',(-42.83066200002,4.2,5.499999999764));
#533 = CARTESIAN_POINT('',(-42.83066200002,4.2,5.726889991923));
#534 = CARTESIAN_POINT('',(-42.83066200002,4.2,5.953804503157));
#535 = CARTESIAN_POINT('',(-42.83066200002,4.2,6.184130697128));
#536 = CARTESIAN_POINT('',(-42.83066200002,4.2,6.421954445729));
#537 = ADVANCED_FACE('',(#538),#556,.T.);
#538 = FACE_BOUND('',#539,.T.);
#539 = EDGE_LOOP('',(#540,#548,#554,#555));
#540 = ORIENTED_EDGE('',*,*,#541,.F.);
#541 = EDGE_CURVE('',#542,#92,#544,.T.);
#542 = VERTEX_POINT('',#543);
#543 = CARTESIAN_POINT('',(-16.88194301613,-1.999999999999,6.));
#544 = LINE('',#545,#546);
#545 = CARTESIAN_POINT('',(-16.88194301613,-2.,6.));
#546 = VECTOR('',#547,1.);
#547 = DIRECTION('',(-1.,0.,0.));
#548 = ORIENTED_EDGE('',*,*,#549,.T.);
#549 = EDGE_CURVE('',#542,#391,#550,.T.);
#550 = LINE('',#551,#552);
#551 = CARTESIAN_POINT('',(-16.88194301613,-2.,0.));
#552 = VECTOR('',#553,1.);
#553 = DIRECTION('',(0.,0.,1.));
#554 = ORIENTED_EDGE('',*,*,#390,.T.);
#555 = ORIENTED_EDGE('',*,*,#99,.F.);
#556 = PLANE('',#557);
#557 = AXIS2_PLACEMENT_3D('',#558,#559,#560);
#558 = CARTESIAN_POINT('',(-16.88194301613,-2.,0.));
#559 = DIRECTION('',(0.,-1.,0.));
#560 = DIRECTION('',(-1.,0.,0.));
#561 = ADVANCED_FACE('',(#562),#581,.F.);
#562 = FACE_BOUND('',#563,.F.);
#563 = EDGE_LOOP('',(#564,#565,#566,#574));
#564 = ORIENTED_EDGE('',*,*,#67,.T.);
#565 = ORIENTED_EDGE('',*,*,#479,.T.);
#566 = ORIENTED_EDGE('',*,*,#567,.F.);
#567 = EDGE_CURVE('',#568,#480,#570,.T.);
#568 = VERTEX_POINT('',#569);
#569 = CARTESIAN_POINT('',(-51.23066200002,4.2,6.421954445729));
#570 = LINE('',#571,#572);
#571 = CARTESIAN_POINT('',(-51.23066200002,4.2,0.));
#572 = VECTOR('',#573,1.);
#573 = DIRECTION('',(0.,0.,1.));
#574 = ORIENTED_EDGE('',*,*,#575,.F.);
#575 = EDGE_CURVE('',#58,#568,#576,.T.);
#576 = CIRCLE('',#577,4.3);
#577 = AXIS2_PLACEMENT_3D('',#578,#579,#580);
#578 = CARTESIAN_POINT('',(-47.03066200002,4.2,5.5));
#579 = DIRECTION('',(0.,-1.,0.));
#580 = DIRECTION('',(1.,0.,0.));
#581 = PLANE('',#582);
#582 = AXIS2_PLACEMENT_3D('',#583,#584,#585);
#583 = CARTESIAN_POINT('',(-42.83066200002,4.2,0.));
#584 = DIRECTION('',(0.,-1.,0.));
#585 = DIRECTION('',(-1.,0.,0.));
#586 = ADVANCED_FACE('',(#587),#606,.F.);
#587 = FACE_BOUND('',#588,.F.);
#588 = EDGE_LOOP('',(#589,#590,#599,#605));
#589 = ORIENTED_EDGE('',*,*,#541,.F.);
#590 = ORIENTED_EDGE('',*,*,#591,.T.);
#591 = EDGE_CURVE('',#542,#592,#594,.T.);
#592 = VERTEX_POINT('',#593);
#593 = CARTESIAN_POINT('',(-16.88194301613,2.,6.));
#594 = CIRCLE('',#595,17.);
#595 = AXIS2_PLACEMENT_3D('',#596,#597,#598);
#596 = CARTESIAN_POINT('',(0.,8.526E-13,6.));
#597 = DIRECTION('',(0.,0.,-1.));
#598 = DIRECTION('',(1.,0.,0.));
#599 = ORIENTED_EDGE('',*,*,#600,.T.);
#600 = EDGE_CURVE('',#592,#84,#601,.T.);
#601 = LINE('',#602,#603);
#602 = CARTESIAN_POINT('',(-16.88194301613,2.,6.));
#603 = VECTOR('',#604,1.);
#604 = DIRECTION('',(-1.,0.,0.));
#605 = ORIENTED_EDGE('',*,*,#91,.F.);
#606 = PLANE('',#607);
#607 = AXIS2_PLACEMENT_3D('',#608,#609,#610);
#608 = CARTESIAN_POINT('',(-29.85919546578,5.162509964252E-14,6.));
#609 = DIRECTION('',(0.,0.,1.));
#610 = DIRECTION('',(1.,0.,0.));
#611 = ADVANCED_FACE('',(#612),#623,.F.);
#612 = FACE_BOUND('',#613,.F.);
#613 = EDGE_LOOP('',(#614,#615,#621,#622));
#614 = ORIENTED_EDGE('',*,*,#600,.F.);
#615 = ORIENTED_EDGE('',*,*,#616,.T.);
#616 = EDGE_CURVE('',#592,#464,#617,.T.);
#617 = LINE('',#618,#619);
#618 = CARTESIAN_POINT('',(-16.88194301613,2.,0.));
#619 = VECTOR('',#620,1.);
#620 = DIRECTION('',(0.,0.,1.));
#621 = ORIENTED_EDGE('',*,*,#472,.T.);
#622 = ORIENTED_EDGE('',*,*,#83,.F.);
#623 = PLANE('',#624);
#624 = AXIS2_PLACEMENT_3D('',#625,#626,#627);
#625 = CARTESIAN_POINT('',(-16.88194301613,2.,0.));
#626 = DIRECTION('',(0.,-1.,0.));
#627 = DIRECTION('',(-1.,0.,0.));
#628 = ADVANCED_FACE('',(#629),#648,.T.);
#629 = FACE_BOUND('',#630,.T.);
#630 = EDGE_LOOP('',(#631,#639,#640,#641));
#631 = ORIENTED_EDGE('',*,*,#632,.F.);
#632 = EDGE_CURVE('',#151,#633,#635,.T.);
#633 = VERTEX_POINT('',#634);
#634 = CARTESIAN_POINT('',(-50.25391781397,-3.2,4.792453564905));
#635 = ( BOUNDED_CURVE() B_SPLINE_CURVE(2,(#636,#637,#638),
.UNSPECIFIED.,.F.,.F.) B_SPLINE_CURVE_WITH_KNOTS((3,3),(0.,
1.426165653868),.PIECEWISE_BEZIER_KNOTS.) CURVE() 
GEOMETRIC_REPRESENTATION_ITEM() RATIONAL_B_SPLINE_CURVE((1.,
0.707106781187,1.)) REPRESENTATION_ITEM('') );
#636 = CARTESIAN_POINT('',(-51.23066200002,-4.2,4.578045554271));
#637 = CARTESIAN_POINT('',(-50.25391781397,-4.2,4.792453564905));
#638 = CARTESIAN_POINT('',(-50.25391781397,-3.2,4.792453564905));
#639 = ORIENTED_EDGE('',*,*,#150,.T.);
#640 = ORIENTED_EDGE('',*,*,#181,.T.);
#641 = ORIENTED_EDGE('',*,*,#642,.F.);
#642 = EDGE_CURVE('',#633,#182,#643,.T.);
#643 = CIRCLE('',#644,3.3);
#644 = AXIS2_PLACEMENT_3D('',#645,#646,#647);
#645 = CARTESIAN_POINT('',(-47.03066200002,-3.2,5.5));
#646 = DIRECTION('',(0.,-1.,0.));
#647 = DIRECTION('',(1.,0.,0.));
#648 = TOROIDAL_SURFACE('',#649,4.3,1.);
#649 = AXIS2_PLACEMENT_3D('',#650,#651,#652);
#650 = CARTESIAN_POINT('',(-47.03066200002,-3.2,5.5));
#651 = DIRECTION('',(0.,-1.,0.));
#652 = DIRECTION('',(1.,0.,0.));
#653 = ADVANCED_FACE('',(#654),#680,.F.);
#654 = FACE_BOUND('',#655,.F.);
#655 = EDGE_LOOP('',(#656,#657,#666,#667,#668,#669,#678,#679));
#656 = ORIENTED_EDGE('',*,*,#298,.T.);
#657 = ORIENTED_EDGE('',*,*,#658,.F.);
#658 = EDGE_CURVE('',#568,#290,#659,.T.);
#659 = ( BOUNDED_CURVE() B_SPLINE_CURVE(5,(#660,#661,#662,#663,#664,#665
),.UNSPECIFIED.,.F.,.F.) B_SPLINE_CURVE_WITH_KNOTS((6,6),(9.654172929912
,11.08033858378),.PIECEWISE_BEZIER_KNOTS.) CURVE() 
GEOMETRIC_REPRESENTATION_ITEM() RATIONAL_B_SPLINE_CURVE((1.,1.,1.,1.,1.,
1.)) REPRESENTATION_ITEM('') );
#660 = CARTESIAN_POINT('',(-51.23066200002,4.2,6.421954445729));
#661 = CARTESIAN_POINT('',(-51.23066200002,4.2,6.041437809556));
#662 = CARTESIAN_POINT('',(-51.23066200002,4.2,5.678963925844));
#663 = CARTESIAN_POINT('',(-51.23066200002,4.2,5.321036074156));
#664 = CARTESIAN_POINT('',(-51.23066200002,4.2,4.958562190444));
#665 = CARTESIAN_POINT('',(-51.23066200002,4.2,4.578045554271));
#666 = ORIENTED_EDGE('',*,*,#567,.T.);
#667 = ORIENTED_EDGE('',*,*,#487,.T.);
#668 = ORIENTED_EDGE('',*,*,#322,.F.);
#669 = ORIENTED_EDGE('',*,*,#670,.T.);
#670 = EDGE_CURVE('',#323,#151,#671,.T.);
#671 = ( BOUNDED_CURVE() B_SPLINE_CURVE(5,(#672,#673,#674,#675,#676,#677
),.UNSPECIFIED.,.F.,.F.) B_SPLINE_CURVE_WITH_KNOTS((6,6),(9.654172929912
,11.08033858378),.PIECEWISE_BEZIER_KNOTS.) CURVE() 
GEOMETRIC_REPRESENTATION_ITEM() RATIONAL_B_SPLINE_CURVE((1.,1.,1.,1.,1.,
1.)) REPRESENTATION_ITEM('') );
#672 = CARTESIAN_POINT('',(-51.23066200002,-4.2,6.421954445729));
#673 = CARTESIAN_POINT('',(-51.23066200002,-4.2,6.041437809556));
#674 = CARTESIAN_POINT('',(-51.23066200002,-4.2,5.678963925844));
#675 = CARTESIAN_POINT('',(-51.23066200002,-4.2,5.321036074156));
#676 = CARTESIAN_POINT('',(-51.23066200002,-4.2,4.958562190444));
#677 = CARTESIAN_POINT('',(-51.23066200002,-4.2,4.578045554271));
#678 = ORIENTED_EDGE('',*,*,#159,.F.);
#679 = ORIENTED_EDGE('',*,*,#228,.F.);
#680 = PLANE('',#681);
#681 = AXIS2_PLACEMENT_3D('',#682,#683,#684);
#682 = CARTESIAN_POINT('',(-51.23066200002,4.2,0.));
#683 = DIRECTION('',(1.,0.,0.));
#684 = DIRECTION('',(0.,-1.,0.));
#685 = ADVANCED_FACE('',(#686),#725,.F.);
#686 = FACE_BOUND('',#687,.F.);
#687 = EDGE_LOOP('',(#688,#696,#703,#704,#705,#706,#717,#724));
#688 = ORIENTED_EDGE('',*,*,#689,.T.);
#689 = EDGE_CURVE('',#192,#690,#692,.T.);
#690 = VERTEX_POINT('',#691);
#691 = CARTESIAN_POINT('',(-43.73066200002,-0.8,5.5));
#692 = LINE('',#693,#694);
#693 = CARTESIAN_POINT('',(-43.73066200002,-4.2,5.5));
#694 = VECTOR('',#695,1.);
#695 = DIRECTION('',(0.,1.,-2.22044604925E-16));
#696 = ORIENTED_EDGE('',*,*,#697,.T.);
#697 = EDGE_CURVE('',#690,#690,#698,.T.);
#698 = CIRCLE('',#699,3.3);
#699 = AXIS2_PLACEMENT_3D('',#700,#701,#702);
#700 = CARTESIAN_POINT('',(-47.03066200002,-0.8,5.5));
#701 = DIRECTION('',(0.,-1.,2.22044604925E-16));
#702 = DIRECTION('',(1.,0.,0.));
#703 = ORIENTED_EDGE('',*,*,#689,.F.);
#704 = ORIENTED_EDGE('',*,*,#199,.F.);
#705 = ORIENTED_EDGE('',*,*,#642,.F.);
#706 = ORIENTED_EDGE('',*,*,#707,.F.);
#707 = EDGE_CURVE('',#708,#633,#710,.T.);
#708 = VERTEX_POINT('',#709);
#709 = CARTESIAN_POINT('',(-50.25391781397,-3.2,6.207546435095));
#710 = ( BOUNDED_CURVE() B_SPLINE_CURVE(5,(#711,#712,#713,#714,#715,#716
),.UNSPECIFIED.,.F.,.F.) B_SPLINE_CURVE_WITH_KNOTS((6,6),(9.654172929912
,11.08033858378),.PIECEWISE_BEZIER_KNOTS.) CURVE() 
GEOMETRIC_REPRESENTATION_ITEM() RATIONAL_B_SPLINE_CURVE((1.,1.,1.,1.,1.,
1.)) REPRESENTATION_ITEM('') );
#711 = CARTESIAN_POINT('',(-50.25391781397,-3.2,6.207546435095));
#712 = CARTESIAN_POINT('',(-50.31507408198,-3.2,5.928946633506));
#713 = CARTESIAN_POINT('',(-50.34613030992,-3.208045420166,
    5.643739349721));
#714 = CARTESIAN_POINT('',(-50.34613030992,-3.208045420166,
    5.356260650279));
#715 = CARTESIAN_POINT('',(-50.31507408198,-3.2,5.071053366494));
#716 = CARTESIAN_POINT('',(-50.25391781397,-3.2,4.792453564905));
#717 = ORIENTED_EDGE('',*,*,#718,.F.);
#718 = EDGE_CURVE('',#253,#708,#719,.T.);
#719 = CIRCLE('',#720,3.3);
#720 = AXIS2_PLACEMENT_3D('',#721,#722,#723);
#721 = CARTESIAN_POINT('',(-47.03066200002,-3.2,5.5));
#722 = DIRECTION('',(0.,-1.,0.));
#723 = DIRECTION('',(1.,0.,0.));
#724 = ORIENTED_EDGE('',*,*,#261,.F.);
#725 = CYLINDRICAL_SURFACE('',#726,3.3);
#726 = AXIS2_PLACEMENT_3D('',#727,#728,#729);
#727 = CARTESIAN_POINT('',(-47.03066200002,-4.2,5.5));
#728 = DIRECTION('',(0.,-1.,2.22044604925E-16));
#729 = DIRECTION('',(1.,0.,0.));
#730 = ADVANCED_FACE('',(#731),#743,.T.);
#731 = FACE_BOUND('',#732,.T.);
#732 = EDGE_LOOP('',(#733,#734,#735,#742));
#733 = ORIENTED_EDGE('',*,*,#252,.F.);
#734 = ORIENTED_EDGE('',*,*,#330,.T.);
#735 = ORIENTED_EDGE('',*,*,#736,.T.);
#736 = EDGE_CURVE('',#323,#708,#737,.T.);
#737 = CIRCLE('',#738,1.);
#738 = AXIS2_PLACEMENT_3D('',#739,#740,#741);
#739 = CARTESIAN_POINT('',(-51.23066200002,-3.2,6.421954445729));
#740 = DIRECTION('',(0.214408010635,0.,0.976744186047));
#741 = DIRECTION('',(-0.976744186047,0.,0.214408010635));
#742 = ORIENTED_EDGE('',*,*,#718,.F.);
#743 = TOROIDAL_SURFACE('',#744,4.3,1.);
#744 = AXIS2_PLACEMENT_3D('',#745,#746,#747);
#745 = CARTESIAN_POINT('',(-47.03066200002,-3.2,5.5));
#746 = DIRECTION('',(0.,-1.,0.));
#747 = DIRECTION('',(1.,0.,0.));
#748 = ADVANCED_FACE('',(#749),#768,.T.);
#749 = FACE_BOUND('',#750,.F.);
#750 = EDGE_LOOP('',(#751,#759,#760,#761));
#751 = ORIENTED_EDGE('',*,*,#752,.F.);
#752 = EDGE_CURVE('',#290,#753,#755,.T.);
#753 = VERTEX_POINT('',#754);
#754 = CARTESIAN_POINT('',(-50.25391781397,3.2,4.792453564905));
#755 = ( BOUNDED_CURVE() B_SPLINE_CURVE(2,(#756,#757,#758),
.UNSPECIFIED.,.F.,.F.) B_SPLINE_CURVE_WITH_KNOTS((3,3),(0.,
1.426165653868),.PIECEWISE_BEZIER_KNOTS.) CURVE() 
GEOMETRIC_REPRESENTATION_ITEM() RATIONAL_B_SPLINE_CURVE((1.,
0.707106781187,1.)) REPRESENTATION_ITEM('') );
#756 = CARTESIAN_POINT('',(-51.23066200002,4.2,4.578045554271));
#757 = CARTESIAN_POINT('',(-50.25391781397,4.2,4.792453564905));
#758 = CARTESIAN_POINT('',(-50.25391781397,3.2,4.792453564905));
#759 = ORIENTED_EDGE('',*,*,#289,.T.);
#760 = ORIENTED_EDGE('',*,*,#345,.T.);
#761 = ORIENTED_EDGE('',*,*,#762,.F.);
#762 = EDGE_CURVE('',#753,#346,#763,.T.);
#763 = CIRCLE('',#764,3.3);
#764 = AXIS2_PLACEMENT_3D('',#765,#766,#767);
#765 = CARTESIAN_POINT('',(-47.03066200002,3.2,5.5));
#766 = DIRECTION('',(0.,-1.,0.));
#767 = DIRECTION('',(1.,0.,0.));
#768 = TOROIDAL_SURFACE('',#769,4.3,1.);
#769 = AXIS2_PLACEMENT_3D('',#770,#771,#772);
#770 = CARTESIAN_POINT('',(-47.03066200002,3.2,5.5));
#771 = DIRECTION('',(0.,1.,0.));
#772 = DIRECTION('',(1.,0.,0.));
#773 = ADVANCED_FACE('',(#774),#813,.F.);
#774 = FACE_BOUND('',#775,.T.);
#775 = EDGE_LOOP('',(#776,#784,#791,#792,#793,#794,#805,#812));
#776 = ORIENTED_EDGE('',*,*,#777,.T.);
#777 = EDGE_CURVE('',#356,#778,#780,.T.);
#778 = VERTEX_POINT('',#779);
#779 = CARTESIAN_POINT('',(-43.73066200002,0.8,5.5));
#780 = LINE('',#781,#782);
#781 = CARTESIAN_POINT('',(-43.73066200002,4.2,5.5));
#782 = VECTOR('',#783,1.);
#783 = DIRECTION('',(-0.,-1.,-6.661338147751E-16));
#784 = ORIENTED_EDGE('',*,*,#785,.T.);
#785 = EDGE_CURVE('',#778,#778,#786,.T.);
#786 = CIRCLE('',#787,3.3);
#787 = AXIS2_PLACEMENT_3D('',#788,#789,#790);
#788 = CARTESIAN_POINT('',(-47.03066200002,0.8,5.5));
#789 = DIRECTION('',(0.,-1.,-6.661338147751E-16));
#790 = DIRECTION('',(1.,0.,0.));
#791 = ORIENTED_EDGE('',*,*,#777,.F.);
#792 = ORIENTED_EDGE('',*,*,#363,.F.);
#793 = ORIENTED_EDGE('',*,*,#762,.F.);
#794 = ORIENTED_EDGE('',*,*,#795,.F.);
#795 = EDGE_CURVE('',#796,#753,#798,.T.);
#796 = VERTEX_POINT('',#797);
#797 = CARTESIAN_POINT('',(-50.25391781397,3.2,6.207546435095));
#798 = ( BOUNDED_CURVE() B_SPLINE_CURVE(5,(#799,#800,#801,#802,#803,#804
),.UNSPECIFIED.,.F.,.F.) B_SPLINE_CURVE_WITH_KNOTS((6,6),(9.654172929912
,11.08033858378),.PIECEWISE_BEZIER_KNOTS.) CURVE() 
GEOMETRIC_REPRESENTATION_ITEM() RATIONAL_B_SPLINE_CURVE((1.,1.,1.,1.,1.,
1.)) REPRESENTATION_ITEM('') );
#799 = CARTESIAN_POINT('',(-50.25391781397,3.2,6.207546435095));
#800 = CARTESIAN_POINT('',(-50.31507408198,3.2,5.928946633506));
#801 = CARTESIAN_POINT('',(-50.34613030992,3.208045420166,5.643739349721
    ));
#802 = CARTESIAN_POINT('',(-50.34613030992,3.208045420166,5.356260650279
    ));
#803 = CARTESIAN_POINT('',(-50.31507408198,3.2,5.071053366494));
#804 = CARTESIAN_POINT('',(-50.25391781397,3.2,4.792453564905));
#805 = ORIENTED_EDGE('',*,*,#806,.F.);
#806 = EDGE_CURVE('',#506,#796,#807,.T.);
#807 = CIRCLE('',#808,3.3);
#808 = AXIS2_PLACEMENT_3D('',#809,#810,#811);
#809 = CARTESIAN_POINT('',(-47.03066200002,3.2,5.5));
#810 = DIRECTION('',(0.,-1.,0.));
#811 = DIRECTION('',(1.,0.,0.));
#812 = ORIENTED_EDGE('',*,*,#514,.F.);
#813 = CYLINDRICAL_SURFACE('',#814,3.3);
#814 = AXIS2_PLACEMENT_3D('',#815,#816,#817);
#815 = CARTESIAN_POINT('',(-47.03066200002,4.2,5.5));
#816 = DIRECTION('',(0.,1.,6.661338147751E-16));
#817 = DIRECTION('',(1.,0.,0.));
#818 = ADVANCED_FACE('',(#819),#891,.T.);
#819 = FACE_BOUND('',#820,.F.);
#820 = EDGE_LOOP('',(#821,#829,#830,#831,#832,#833,#834,#842,#849,#856,
    #865,#874,#883,#890));
#821 = ORIENTED_EDGE('',*,*,#822,.T.);
#822 = EDGE_CURVE('',#823,#456,#825,.T.);
#823 = VERTEX_POINT('',#824);
#824 = CARTESIAN_POINT('',(16.881943016134,2.,6.));
#825 = LINE('',#826,#827);
#826 = CARTESIAN_POINT('',(16.881943016134,2.,0.));
#827 = VECTOR('',#828,1.);
#828 = DIRECTION('',(0.,0.,1.));
#829 = ORIENTED_EDGE('',*,*,#463,.T.);
#830 = ORIENTED_EDGE('',*,*,#616,.F.);
#831 = ORIENTED_EDGE('',*,*,#591,.F.);
#832 = ORIENTED_EDGE('',*,*,#549,.T.);
#833 = ORIENTED_EDGE('',*,*,#398,.T.);
#834 = ORIENTED_EDGE('',*,*,#835,.F.);
#835 = EDGE_CURVE('',#836,#399,#838,.T.);
#836 = VERTEX_POINT('',#837);
#837 = CARTESIAN_POINT('',(16.881943016134,-1.999999999999,6.));
#838 = LINE('',#839,#840);
#839 = CARTESIAN_POINT('',(16.881943016134,-2.,0.));
#840 = VECTOR('',#841,1.);
#841 = DIRECTION('',(0.,0.,1.));
#842 = ORIENTED_EDGE('',*,*,#843,.T.);
#843 = EDGE_CURVE('',#836,#823,#844,.T.);
#844 = CIRCLE('',#845,17.);
#845 = AXIS2_PLACEMENT_3D('',#846,#847,#848);
#846 = CARTESIAN_POINT('',(0.,8.526E-13,6.));
#847 = DIRECTION('',(0.,0.,1.));
#848 = DIRECTION('',(-1.,0.,0.));
#849 = ORIENTED_EDGE('',*,*,#850,.T.);
#850 = EDGE_CURVE('',#823,#851,#853,.T.);
#851 = VERTEX_POINT('',#852);
#852 = CARTESIAN_POINT('',(16.881943016134,2.,0.));
#853 = B_SPLINE_CURVE_WITH_KNOTS('',1,(#854,#855),.UNSPECIFIED.,.F.,.F.,
  (2,2),(-6.,0.),.PIECEWISE_BEZIER_KNOTS.);
#854 = CARTESIAN_POINT('',(16.881943016134,2.,6.));
#855 = CARTESIAN_POINT('',(16.881943016134,2.,0.));
#856 = ORIENTED_EDGE('',*,*,#857,.F.);
#857 = EDGE_CURVE('',#858,#851,#860,.T.);
#858 = VERTEX_POINT('',#859);
#859 = CARTESIAN_POINT('',(16.881943016134,-1.999999999999,0.));
#860 = CIRCLE('',#861,17.);
#861 = AXIS2_PLACEMENT_3D('',#862,#863,#864);
#862 = CARTESIAN_POINT('',(0.,8.526E-13,0.));
#863 = DIRECTION('',(0.,0.,1.));
#864 = DIRECTION('',(-1.,0.,0.));
#865 = ORIENTED_EDGE('',*,*,#866,.F.);
#866 = EDGE_CURVE('',#867,#858,#869,.T.);
#867 = VERTEX_POINT('',#868);
#868 = CARTESIAN_POINT('',(-16.88194301613,-1.999999999999,0.));
#869 = CIRCLE('',#870,17.);
#870 = AXIS2_PLACEMENT_3D('',#871,#872,#873);
#871 = CARTESIAN_POINT('',(-1.874038303455E-29,0.,0.));
#872 = DIRECTION('',(0.,0.,1.));
#873 = DIRECTION('',(1.,0.,0.));
#874 = ORIENTED_EDGE('',*,*,#875,.T.);
#875 = EDGE_CURVE('',#867,#876,#878,.T.);
#876 = VERTEX_POINT('',#877);
#877 = CARTESIAN_POINT('',(-16.88194301613,2.,0.));
#878 = CIRCLE('',#879,17.);
#879 = AXIS2_PLACEMENT_3D('',#880,#881,#882);
#880 = CARTESIAN_POINT('',(0.,8.526E-13,0.));
#881 = DIRECTION('',(0.,0.,-1.));
#882 = DIRECTION('',(1.,0.,0.));
#883 = ORIENTED_EDGE('',*,*,#884,.F.);
#884 = EDGE_CURVE('',#851,#876,#885,.T.);
#885 = CIRCLE('',#886,17.);
#886 = AXIS2_PLACEMENT_3D('',#887,#888,#889);
#887 = CARTESIAN_POINT('',(-1.874038303455E-29,0.,0.));
#888 = DIRECTION('',(0.,0.,1.));
#889 = DIRECTION('',(1.,0.,0.));
#890 = ORIENTED_EDGE('',*,*,#850,.F.);
#891 = CYLINDRICAL_SURFACE('',#892,17.);
#892 = AXIS2_PLACEMENT_3D('',#893,#894,#895);
#893 = CARTESIAN_POINT('',(-1.874038303455E-29,0.,0.));
#894 = DIRECTION('',(-0.,-0.,-1.));
#895 = DIRECTION('',(1.,0.,0.));
#896 = ADVANCED_FACE('',(#897),#915,.T.);
#897 = FACE_BOUND('',#898,.F.);
#898 = EDGE_LOOP('',(#899,#907,#908,#909));
#899 = ORIENTED_EDGE('',*,*,#900,.F.);
#900 = EDGE_CURVE('',#836,#901,#903,.T.);
#901 = VERTEX_POINT('',#902);
#902 = CARTESIAN_POINT('',(42.83066200002,-2.,6.));
#903 = LINE('',#904,#905);
#904 = CARTESIAN_POINT('',(16.881943016134,-2.,6.));
#905 = VECTOR('',#906,1.);
#906 = DIRECTION('',(1.,0.,0.));
#907 = ORIENTED_EDGE('',*,*,#835,.T.);
#908 = ORIENTED_EDGE('',*,*,#407,.T.);
#909 = ORIENTED_EDGE('',*,*,#910,.F.);
#910 = EDGE_CURVE('',#901,#408,#911,.T.);
#911 = LINE('',#912,#913);
#912 = CARTESIAN_POINT('',(42.83066200002,-2.,0.));
#913 = VECTOR('',#914,1.);
#914 = DIRECTION('',(0.,0.,1.));
#915 = PLANE('',#916);
#916 = AXIS2_PLACEMENT_3D('',#917,#918,#919);
#917 = CARTESIAN_POINT('',(16.881943016134,-2.,0.));
#918 = DIRECTION('',(-0.,-1.,-0.));
#919 = DIRECTION('',(-1.,-0.,-0.));
#920 = ADVANCED_FACE('',(#921),#1018,.T.);
#921 = FACE_BOUND('',#922,.T.);
#922 = EDGE_LOOP('',(#923,#933,#941,#949,#959,#969,#975,#976,#977,#985,
    #991,#992,#1000,#1010));
#923 = ORIENTED_EDGE('',*,*,#924,.F.);
#924 = EDGE_CURVE('',#925,#927,#929,.T.);
#925 = VERTEX_POINT('',#926);
#926 = CARTESIAN_POINT('',(42.83066200002,4.2,0.));
#927 = VERTEX_POINT('',#928);
#928 = CARTESIAN_POINT('',(42.83066200002,4.2,4.578045554271));
#929 = LINE('',#930,#931);
#930 = CARTESIAN_POINT('',(42.83066200002,4.2,0.));
#931 = VECTOR('',#932,1.);
#932 = DIRECTION('',(0.,0.,1.));
#933 = ORIENTED_EDGE('',*,*,#934,.T.);
#934 = EDGE_CURVE('',#925,#935,#937,.T.);
#935 = VERTEX_POINT('',#936);
#936 = CARTESIAN_POINT('',(42.83066200002,-4.2,0.));
#937 = LINE('',#938,#939);
#938 = CARTESIAN_POINT('',(42.83066200002,-2.,0.));
#939 = VECTOR('',#940,1.);
#940 = DIRECTION('',(-0.,-1.,-0.));
#941 = ORIENTED_EDGE('',*,*,#942,.T.);
#942 = EDGE_CURVE('',#935,#943,#945,.T.);
#943 = VERTEX_POINT('',#944);
#944 = CARTESIAN_POINT('',(42.83066200002,-4.2,4.578045554271));
#945 = LINE('',#946,#947);
#946 = CARTESIAN_POINT('',(42.83066200002,-4.2,0.));
#947 = VECTOR('',#948,1.);
#948 = DIRECTION('',(0.,0.,1.));
#949 = ORIENTED_EDGE('',*,*,#950,.T.);
#950 = EDGE_CURVE('',#943,#951,#953,.T.);
#951 = VERTEX_POINT('',#952);
#952 = CARTESIAN_POINT('',(42.83066200002,-4.2,5.499999999764));
#953 = ( BOUNDED_CURVE() B_SPLINE_CURVE(4,(#954,#955,#956,#957,#958),
.UNSPECIFIED.,.F.,.F.) B_SPLINE_CURVE_WITH_KNOTS((5,5),(20.021428686759,
20.734511508951),.PIECEWISE_BEZIER_KNOTS.) CURVE() 
GEOMETRIC_REPRESENTATION_ITEM() RATIONAL_B_SPLINE_CURVE((1.,1.,1.,1.,1.)
) REPRESENTATION_ITEM('') );
#954 = CARTESIAN_POINT('',(42.83066200002,-4.2,4.578045554271));
#955 = CARTESIAN_POINT('',(42.83066200002,-4.2,4.815868450772));
#956 = CARTESIAN_POINT('',(42.83066200002,-4.2,5.046196128088));
#957 = CARTESIAN_POINT('',(42.83066200002,-4.2,5.273110010625));
#958 = CARTESIAN_POINT('',(42.83066200002,-4.2,5.499999999764));
#959 = ORIENTED_EDGE('',*,*,#960,.T.);
#960 = EDGE_CURVE('',#951,#961,#963,.T.);
#961 = VERTEX_POINT('',#962);
#962 = CARTESIAN_POINT('',(42.83066200002,-4.2,6.421954445729));
#963 = ( BOUNDED_CURVE() B_SPLINE_CURVE(4,(#964,#965,#966,#967,#968),
.UNSPECIFIED.,.F.,.F.) B_SPLINE_CURVE_WITH_KNOTS((5,5),(20.734511508951,
21.447594340633),.PIECEWISE_BEZIER_KNOTS.) CURVE() 
GEOMETRIC_REPRESENTATION_ITEM() RATIONAL_B_SPLINE_CURVE((1.,1.,1.,1.,1.)
) REPRESENTATION_ITEM('') );
#964 = CARTESIAN_POINT('',(42.83066200002,-4.2,5.499999999764));
#965 = CARTESIAN_POINT('',(42.83066200002,-4.2,5.726889991923));
#966 = CARTESIAN_POINT('',(42.83066200002,-4.2,5.95380450341));
#967 = CARTESIAN_POINT('',(42.83066200002,-4.2,6.184130696767));
#968 = CARTESIAN_POINT('',(42.83066200002,-4.2,6.421954445729));
#969 = ORIENTED_EDGE('',*,*,#970,.T.);
#970 = EDGE_CURVE('',#961,#416,#971,.T.);
#971 = LINE('',#972,#973);
#972 = CARTESIAN_POINT('',(42.83066200002,-4.2,0.));
#973 = VECTOR('',#974,1.);
#974 = DIRECTION('',(0.,0.,1.));
#975 = ORIENTED_EDGE('',*,*,#415,.F.);
#976 = ORIENTED_EDGE('',*,*,#910,.F.);
#977 = ORIENTED_EDGE('',*,*,#978,.T.);
#978 = EDGE_CURVE('',#901,#979,#981,.T.);
#979 = VERTEX_POINT('',#980);
#980 = CARTESIAN_POINT('',(42.83066200002,2.,6.));
#981 = LINE('',#982,#983);
#982 = CARTESIAN_POINT('',(42.83066200002,-2.,6.));
#983 = VECTOR('',#984,1.);
#984 = DIRECTION('',(-0.,1.,0.));
#985 = ORIENTED_EDGE('',*,*,#986,.T.);
#986 = EDGE_CURVE('',#979,#448,#987,.T.);
#987 = LINE('',#988,#989);
#988 = CARTESIAN_POINT('',(42.83066200002,2.,0.));
#989 = VECTOR('',#990,1.);
#990 = DIRECTION('',(0.,0.,1.));
#991 = ORIENTED_EDGE('',*,*,#447,.T.);
#992 = ORIENTED_EDGE('',*,*,#993,.F.);
#993 = EDGE_CURVE('',#994,#440,#996,.T.);
#994 = VERTEX_POINT('',#995);
#995 = CARTESIAN_POINT('',(42.83066200002,4.2,6.421954445729));
#996 = LINE('',#997,#998);
#997 = CARTESIAN_POINT('',(42.83066200002,4.2,0.));
#998 = VECTOR('',#999,1.);
#999 = DIRECTION('',(0.,0.,1.));
#1000 = ORIENTED_EDGE('',*,*,#1001,.F.);
#1001 = EDGE_CURVE('',#1002,#994,#1004,.T.);
#1002 = VERTEX_POINT('',#1003);
#1003 = CARTESIAN_POINT('',(42.83066200002,4.2,5.499999999764));
#1004 = ( BOUNDED_CURVE() B_SPLINE_CURVE(4,(#1005,#1006,#1007,#1008,
#1009),.UNSPECIFIED.,.F.,.F.) B_SPLINE_CURVE_WITH_KNOTS((5,5),(
20.734511508951,21.447594340633),.PIECEWISE_BEZIER_KNOTS.) CURVE() 
GEOMETRIC_REPRESENTATION_ITEM() RATIONAL_B_SPLINE_CURVE((1.,1.,1.,1.,1.)
) REPRESENTATION_ITEM('') );
#1005 = CARTESIAN_POINT('',(42.83066200002,4.2,5.499999999764));
#1006 = CARTESIAN_POINT('',(42.83066200002,4.2,5.726889991923));
#1007 = CARTESIAN_POINT('',(42.83066200002,4.2,5.953804503157));
#1008 = CARTESIAN_POINT('',(42.83066200002,4.2,6.184130697128));
#1009 = CARTESIAN_POINT('',(42.83066200002,4.2,6.421954445729));
#1010 = ORIENTED_EDGE('',*,*,#1011,.F.);
#1011 = EDGE_CURVE('',#927,#1002,#1012,.T.);
#1012 = ( BOUNDED_CURVE() B_SPLINE_CURVE(4,(#1013,#1014,#1015,#1016,
#1017),.UNSPECIFIED.,.F.,.F.) B_SPLINE_CURVE_WITH_KNOTS((5,5),(
20.021428686759,20.734511508951),.PIECEWISE_BEZIER_KNOTS.) CURVE() 
GEOMETRIC_REPRESENTATION_ITEM() RATIONAL_B_SPLINE_CURVE((1.,1.,1.,1.,1.)
) REPRESENTATION_ITEM('') );
#1013 = CARTESIAN_POINT('',(42.83066200002,4.2,4.578045554271));
#1014 = CARTESIAN_POINT('',(42.83066200002,4.2,4.815868450773));
#1015 = CARTESIAN_POINT('',(42.83066200002,4.2,5.046196128088));
#1016 = CARTESIAN_POINT('',(42.83066200002,4.2,5.273110010624));
#1017 = CARTESIAN_POINT('',(42.83066200002,4.2,5.499999999764));
#1018 = PLANE('',#1019);
#1019 = AXIS2_PLACEMENT_3D('',#1020,#1021,#1022);
#1020 = CARTESIAN_POINT('',(42.83066200002,-1.516091441824E-14,
    5.704918032787));
#1021 = DIRECTION('',(-1.,-0.,-0.));
#1022 = DIRECTION('',(0.,0.,-1.));
#1023 = ADVANCED_FACE('',(#1024),#1043,.T.);
#1024 = FACE_BOUND('',#1025,.F.);
#1025 = EDGE_LOOP('',(#1026,#1027,#1028,#1036));
#1026 = ORIENTED_EDGE('',*,*,#970,.T.);
#1027 = ORIENTED_EDGE('',*,*,#423,.T.);
#1028 = ORIENTED_EDGE('',*,*,#1029,.F.);
#1029 = EDGE_CURVE('',#1030,#424,#1032,.T.);
#1030 = VERTEX_POINT('',#1031);
#1031 = CARTESIAN_POINT('',(51.23066200002,-4.2,6.421954445729));
#1032 = LINE('',#1033,#1034);
#1033 = CARTESIAN_POINT('',(51.23066200002,-4.2,0.));
#1034 = VECTOR('',#1035,1.);
#1035 = DIRECTION('',(0.,0.,1.));
#1036 = ORIENTED_EDGE('',*,*,#1037,.F.);
#1037 = EDGE_CURVE('',#961,#1030,#1038,.T.);
#1038 = CIRCLE('',#1039,4.3);
#1039 = AXIS2_PLACEMENT_3D('',#1040,#1041,#1042);
#1040 = CARTESIAN_POINT('',(47.03066200002,-4.2,5.5));
#1041 = DIRECTION('',(0.,1.,-0.));
#1042 = DIRECTION('',(-1.,0.,0.));
#1043 = PLANE('',#1044);
#1044 = AXIS2_PLACEMENT_3D('',#1045,#1046,#1047);
#1045 = CARTESIAN_POINT('',(42.83066200002,-4.2,0.));
#1046 = DIRECTION('',(-0.,-1.,-0.));
#1047 = DIRECTION('',(-1.,-0.,-0.));
#1048 = ADVANCED_FACE('',(#1049),#1105,.F.);
#1049 = FACE_BOUND('',#1050,.T.);
#1050 = EDGE_LOOP('',(#1051,#1061,#1072,#1078,#1079,#1080,#1091,#1099));
#1051 = ORIENTED_EDGE('',*,*,#1052,.T.);
#1052 = EDGE_CURVE('',#1053,#1055,#1057,.T.);
#1053 = VERTEX_POINT('',#1054);
#1054 = CARTESIAN_POINT('',(51.23066200002,4.2,0.));
#1055 = VERTEX_POINT('',#1056);
#1056 = CARTESIAN_POINT('',(51.23066200002,4.2,4.578045554271));
#1057 = LINE('',#1058,#1059);
#1058 = CARTESIAN_POINT('',(51.23066200002,4.2,0.));
#1059 = VECTOR('',#1060,1.);
#1060 = DIRECTION('',(0.,0.,1.));
#1061 = ORIENTED_EDGE('',*,*,#1062,.F.);
#1062 = EDGE_CURVE('',#1063,#1055,#1065,.T.);
#1063 = VERTEX_POINT('',#1064);
#1064 = CARTESIAN_POINT('',(51.23066200002,4.2,6.421954445729));
#1065 = ( BOUNDED_CURVE() B_SPLINE_CURVE(5,(#1066,#1067,#1068,#1069,
#1070,#1071),.UNSPECIFIED.,.F.,.F.) B_SPLINE_CURVE_WITH_KNOTS((6,6),(
9.654172929912,11.08033858378),.PIECEWISE_BEZIER_KNOTS.) CURVE() 
GEOMETRIC_REPRESENTATION_ITEM() RATIONAL_B_SPLINE_CURVE((1.,1.,1.,1.,1.,
1.)) REPRESENTATION_ITEM('') );
#1066 = CARTESIAN_POINT('',(51.23066200002,4.2,6.421954445729));
#1067 = CARTESIAN_POINT('',(51.23066200002,4.2,6.041437809556));
#1068 = CARTESIAN_POINT('',(51.23066200002,4.2,5.678963925844));
#1069 = CARTESIAN_POINT('',(51.23066200002,4.2,5.321036074156));
#1070 = CARTESIAN_POINT('',(51.23066200002,4.2,4.958562190444));
#1071 = CARTESIAN_POINT('',(51.23066200002,4.2,4.578045554271));
#1072 = ORIENTED_EDGE('',*,*,#1073,.T.);
#1073 = EDGE_CURVE('',#1063,#432,#1074,.T.);
#1074 = LINE('',#1075,#1076);
#1075 = CARTESIAN_POINT('',(51.23066200002,4.2,0.));
#1076 = VECTOR('',#1077,1.);
#1077 = DIRECTION('',(0.,0.,1.));
#1078 = ORIENTED_EDGE('',*,*,#431,.T.);
#1079 = ORIENTED_EDGE('',*,*,#1029,.F.);
#1080 = ORIENTED_EDGE('',*,*,#1081,.T.);
#1081 = EDGE_CURVE('',#1030,#1082,#1084,.T.);
#1082 = VERTEX_POINT('',#1083);
#1083 = CARTESIAN_POINT('',(51.23066200002,-4.2,4.578045554271));
#1084 = ( BOUNDED_CURVE() B_SPLINE_CURVE(5,(#1085,#1086,#1087,#1088,
#1089,#1090),.UNSPECIFIED.,.F.,.F.) B_SPLINE_CURVE_WITH_KNOTS((6,6),(
9.654172929912,11.08033858378),.PIECEWISE_BEZIER_KNOTS.) CURVE() 
GEOMETRIC_REPRESENTATION_ITEM() RATIONAL_B_SPLINE_CURVE((1.,1.,1.,1.,1.,
1.)) REPRESENTATION_ITEM('') );
#1085 = CARTESIAN_POINT('',(51.23066200002,-4.2,6.421954445729));
#1086 = CARTESIAN_POINT('',(51.23066200002,-4.2,6.041437809556));
#1087 = CARTESIAN_POINT('',(51.23066200002,-4.2,5.678963925844));
#1088 = CARTESIAN_POINT('',(51.23066200002,-4.2,5.321036074156));
#1089 = CARTESIAN_POINT('',(51.23066200002,-4.2,4.958562190444));
#1090 = CARTESIAN_POINT('',(51.23066200002,-4.2,4.578045554271));
#1091 = ORIENTED_EDGE('',*,*,#1092,.F.);
#1092 = EDGE_CURVE('',#1093,#1082,#1095,.T.);
#1093 = VERTEX_POINT('',#1094);
#1094 = CARTESIAN_POINT('',(51.23066200002,-4.2,0.));
#1095 = LINE('',#1096,#1097);
#1096 = CARTESIAN_POINT('',(51.23066200002,-4.2,0.));
#1097 = VECTOR('',#1098,1.);
#1098 = DIRECTION('',(0.,0.,1.));
#1099 = ORIENTED_EDGE('',*,*,#1100,.F.);
#1100 = EDGE_CURVE('',#1053,#1093,#1101,.T.);
#1101 = LINE('',#1102,#1103);
#1102 = CARTESIAN_POINT('',(51.23066200002,4.2,0.));
#1103 = VECTOR('',#1104,1.);
#1104 = DIRECTION('',(-0.,-1.,-0.));
#1105 = PLANE('',#1106);
#1106 = AXIS2_PLACEMENT_3D('',#1107,#1108,#1109);
#1107 = CARTESIAN_POINT('',(51.23066200002,4.2,0.));
#1108 = DIRECTION('',(-1.,-0.,-0.));
#1109 = DIRECTION('',(0.,1.,0.));
#1110 = ADVANCED_FACE('',(#1111),#1123,.F.);
#1111 = FACE_BOUND('',#1112,.T.);
#1112 = EDGE_LOOP('',(#1113,#1114,#1115,#1116));
#1113 = ORIENTED_EDGE('',*,*,#993,.T.);
#1114 = ORIENTED_EDGE('',*,*,#439,.T.);
#1115 = ORIENTED_EDGE('',*,*,#1073,.F.);
#1116 = ORIENTED_EDGE('',*,*,#1117,.F.);
#1117 = EDGE_CURVE('',#994,#1063,#1118,.T.);
#1118 = CIRCLE('',#1119,4.3);
#1119 = AXIS2_PLACEMENT_3D('',#1120,#1121,#1122);
#1120 = CARTESIAN_POINT('',(47.03066200002,4.2,5.5));
#1121 = DIRECTION('',(0.,1.,-0.));
#1122 = DIRECTION('',(-1.,0.,0.));
#1123 = PLANE('',#1124);
#1124 = AXIS2_PLACEMENT_3D('',#1125,#1126,#1127);
#1125 = CARTESIAN_POINT('',(42.83066200002,4.2,0.));
#1126 = DIRECTION('',(-0.,-1.,-0.));
#1127 = DIRECTION('',(-1.,-0.,-0.));
#1128 = ADVANCED_FACE('',(#1129),#1140,.F.);
#1129 = FACE_BOUND('',#1130,.T.);
#1130 = EDGE_LOOP('',(#1131,#1137,#1138,#1139));
#1131 = ORIENTED_EDGE('',*,*,#1132,.F.);
#1132 = EDGE_CURVE('',#823,#979,#1133,.T.);
#1133 = LINE('',#1134,#1135);
#1134 = CARTESIAN_POINT('',(16.881943016134,2.,6.));
#1135 = VECTOR('',#1136,1.);
#1136 = DIRECTION('',(1.,0.,0.));
#1137 = ORIENTED_EDGE('',*,*,#822,.T.);
#1138 = ORIENTED_EDGE('',*,*,#455,.T.);
#1139 = ORIENTED_EDGE('',*,*,#986,.F.);
#1140 = PLANE('',#1141);
#1141 = AXIS2_PLACEMENT_3D('',#1142,#1143,#1144);
#1142 = CARTESIAN_POINT('',(16.881943016134,2.,0.));
#1143 = DIRECTION('',(-0.,-1.,-0.));
#1144 = DIRECTION('',(-1.,-0.,-0.));
#1145 = ADVANCED_FACE('',(#1146),#1158,.T.);
#1146 = FACE_BOUND('',#1147,.F.);
#1147 = EDGE_LOOP('',(#1148,#1149,#1150,#1157));
#1148 = ORIENTED_EDGE('',*,*,#505,.F.);
#1149 = ORIENTED_EDGE('',*,*,#575,.T.);
#1150 = ORIENTED_EDGE('',*,*,#1151,.T.);
#1151 = EDGE_CURVE('',#568,#796,#1152,.T.);
#1152 = CIRCLE('',#1153,1.);
#1153 = AXIS2_PLACEMENT_3D('',#1154,#1155,#1156);
#1154 = CARTESIAN_POINT('',(-51.23066200002,3.2,6.421954445729));
#1155 = DIRECTION('',(-0.214408010635,0.,-0.976744186047));
#1156 = DIRECTION('',(-0.976744186047,0.,0.214408010635));
#1157 = ORIENTED_EDGE('',*,*,#806,.F.);
#1158 = TOROIDAL_SURFACE('',#1159,4.3,1.);
#1159 = AXIS2_PLACEMENT_3D('',#1160,#1161,#1162);
#1160 = CARTESIAN_POINT('',(-47.03066200002,3.2,5.5));
#1161 = DIRECTION('',(0.,1.,0.));
#1162 = DIRECTION('',(1.,0.,0.));
#1163 = ADVANCED_FACE('',(#1164),#1170,.T.);
#1164 = FACE_BOUND('',#1165,.T.);
#1165 = EDGE_LOOP('',(#1166,#1167,#1168,#1169));
#1166 = ORIENTED_EDGE('',*,*,#736,.F.);
#1167 = ORIENTED_EDGE('',*,*,#670,.T.);
#1168 = ORIENTED_EDGE('',*,*,#632,.T.);
#1169 = ORIENTED_EDGE('',*,*,#707,.F.);
#1170 = ( BOUNDED_SURFACE() B_SPLINE_SURFACE(2,5,(
    (#1171,#1172,#1173,#1174,#1175,#1176)
    ,(#1177,#1178,#1179,#1180,#1181,#1182)
    ,(#1183,#1184,#1185,#1186,#1187,#1188
)),.UNSPECIFIED.,.F.,.F.,.F.) B_SPLINE_SURFACE_WITH_KNOTS((3,3),(6,6),(
    0.,1.426165653868),(9.654172929912,11.08033858378),
.PIECEWISE_BEZIER_KNOTS.) GEOMETRIC_REPRESENTATION_ITEM() 
RATIONAL_B_SPLINE_SURFACE((
    (1.,1.,1.,1.,1.,1.)
    ,(0.707106781187,0.735951722695,0.747892734581,0.747892734581
      ,0.735951722695,0.707106781187)
,(1.,1.,1.,1.,1.,1.))) REPRESENTATION_ITEM('') SURFACE() );
#1171 = CARTESIAN_POINT('',(-50.25391781397,-3.2,6.207546435095));
#1172 = CARTESIAN_POINT('',(-50.31507408198,-3.2,5.928946633506));
#1173 = CARTESIAN_POINT('',(-50.34613030992,-3.208045420166,
    5.643739349721));
#1174 = CARTESIAN_POINT('',(-50.34613030992,-3.208045420166,
    5.356260650279));
#1175 = CARTESIAN_POINT('',(-50.31507408198,-3.2,5.071053366494));
#1176 = CARTESIAN_POINT('',(-50.25391781397,-3.2,4.792453564905));
#1177 = CARTESIAN_POINT('',(-50.25391781397,-4.2,6.207546435095));
#1178 = CARTESIAN_POINT('',(-50.31267711908,-4.121611864965,
    5.939866092939));
#1179 = CARTESIAN_POINT('',(-50.34678800061,-4.095070804718,
    5.647591669529));
#1180 = CARTESIAN_POINT('',(-50.34678800061,-4.095070804718,
    5.352408330471));
#1181 = CARTESIAN_POINT('',(-50.31267711908,-4.121611864965,
    5.060133907061));
#1182 = CARTESIAN_POINT('',(-50.25391781397,-4.2,4.792453564905));
#1183 = CARTESIAN_POINT('',(-51.23066200002,-4.2,6.421954445729));
#1184 = CARTESIAN_POINT('',(-51.23066200002,-4.2,6.041437809556));
#1185 = CARTESIAN_POINT('',(-51.23066200002,-4.2,5.678963925844));
#1186 = CARTESIAN_POINT('',(-51.23066200002,-4.2,5.321036074156));
#1187 = CARTESIAN_POINT('',(-51.23066200002,-4.2,4.958562190444));
#1188 = CARTESIAN_POINT('',(-51.23066200002,-4.2,4.578045554271));
#1189 = ADVANCED_FACE('',(#1190),#1196,.F.);
#1190 = FACE_BOUND('',#1191,.F.);
#1191 = EDGE_LOOP('',(#1192,#1193,#1194,#1195));
#1192 = ORIENTED_EDGE('',*,*,#1151,.F.);
#1193 = ORIENTED_EDGE('',*,*,#658,.T.);
#1194 = ORIENTED_EDGE('',*,*,#752,.T.);
#1195 = ORIENTED_EDGE('',*,*,#795,.F.);
#1196 = ( BOUNDED_SURFACE() B_SPLINE_SURFACE(2,5,(
    (#1197,#1198,#1199,#1200,#1201,#1202)
    ,(#1203,#1204,#1205,#1206,#1207,#1208)
    ,(#1209,#1210,#1211,#1212,#1213,#1214
)),.UNSPECIFIED.,.F.,.F.,.F.) B_SPLINE_SURFACE_WITH_KNOTS((3,3),(6,6),(
    0.,1.426165653868),(9.654172929912,11.08033858378),
.PIECEWISE_BEZIER_KNOTS.) GEOMETRIC_REPRESENTATION_ITEM() 
RATIONAL_B_SPLINE_SURFACE((
    (1.,1.,1.,1.,1.,1.)
    ,(0.707106781187,0.735951722695,0.747892734581,0.747892734581
      ,0.735951722695,0.707106781187)
,(1.,1.,1.,1.,1.,1.))) REPRESENTATION_ITEM('') SURFACE() );
#1197 = CARTESIAN_POINT('',(-50.25391781397,3.2,6.207546435095));
#1198 = CARTESIAN_POINT('',(-50.31507408198,3.2,5.928946633506));
#1199 = CARTESIAN_POINT('',(-50.34613030992,3.208045420166,
    5.643739349721));
#1200 = CARTESIAN_POINT('',(-50.34613030992,3.208045420166,
    5.356260650279));
#1201 = CARTESIAN_POINT('',(-50.31507408198,3.2,5.071053366494));
#1202 = CARTESIAN_POINT('',(-50.25391781397,3.2,4.792453564905));
#1203 = CARTESIAN_POINT('',(-50.25391781397,4.2,6.207546435095));
#1204 = CARTESIAN_POINT('',(-50.31267711908,4.121611864965,
    5.939866092939));
#1205 = CARTESIAN_POINT('',(-50.34678800061,4.095070804717,
    5.647591669529));
#1206 = CARTESIAN_POINT('',(-50.34678800061,4.095070804717,
    5.352408330471));
#1207 = CARTESIAN_POINT('',(-50.31267711908,4.121611864965,
    5.060133907061));
#1208 = CARTESIAN_POINT('',(-50.25391781397,4.2,4.792453564905));
#1209 = CARTESIAN_POINT('',(-51.23066200002,4.2,6.421954445729));
#1210 = CARTESIAN_POINT('',(-51.23066200002,4.2,6.041437809556));
#1211 = CARTESIAN_POINT('',(-51.23066200002,4.2,5.678963925844));
#1212 = CARTESIAN_POINT('',(-51.23066200002,4.2,5.321036074156));
#1213 = CARTESIAN_POINT('',(-51.23066200002,4.2,4.958562190444));
#1214 = CARTESIAN_POINT('',(-51.23066200002,4.2,4.578045554271));
#1215 = ADVANCED_FACE('',(#1216),#1219,.F.);
#1216 = FACE_BOUND('',#1217,.T.);
#1217 = EDGE_LOOP('',(#1218));
#1218 = ORIENTED_EDGE('',*,*,#697,.T.);
#1219 = PLANE('',#1220);
#1220 = AXIS2_PLACEMENT_3D('',#1221,#1222,#1223);
#1221 = CARTESIAN_POINT('',(-47.03066200002,-0.8,5.5));
#1222 = DIRECTION('',(0.,1.,0.));
#1223 = DIRECTION('',(0.,0.,1.));
#1224 = ADVANCED_FACE('',(#1225),#1228,.F.);
#1225 = FACE_BOUND('',#1226,.F.);
#1226 = EDGE_LOOP('',(#1227));
#1227 = ORIENTED_EDGE('',*,*,#785,.T.);
#1228 = PLANE('',#1229);
#1229 = AXIS2_PLACEMENT_3D('',#1230,#1231,#1232);
#1230 = CARTESIAN_POINT('',(-47.03066200002,0.8,5.5));
#1231 = DIRECTION('',(-0.,-1.,-4.440892098501E-16));
#1232 = DIRECTION('',(0.,4.440892098501E-16,-1.));
#1233 = ADVANCED_FACE('',(#1234),#1240,.F.);
#1234 = FACE_BOUND('',#1235,.T.);
#1235 = EDGE_LOOP('',(#1236,#1237,#1238,#1239));
#1236 = ORIENTED_EDGE('',*,*,#900,.F.);
#1237 = ORIENTED_EDGE('',*,*,#843,.T.);
#1238 = ORIENTED_EDGE('',*,*,#1132,.T.);
#1239 = ORIENTED_EDGE('',*,*,#978,.F.);
#1240 = PLANE('',#1241);
#1241 = AXIS2_PLACEMENT_3D('',#1242,#1243,#1244);
#1242 = CARTESIAN_POINT('',(29.859195465782,5.162509964252E-14,6.));
#1243 = DIRECTION('',(0.,0.,1.));
#1244 = DIRECTION('',(1.,0.,0.));
#1245 = ADVANCED_FACE('',(#1246,#1252),#1272,.T.);
#1246 = FACE_BOUND('',#1247,.T.);
#1247 = EDGE_LOOP('',(#1248,#1249,#1250,#1251));
#1248 = ORIENTED_EDGE('',*,*,#866,.F.);
#1249 = ORIENTED_EDGE('',*,*,#875,.T.);
#1250 = ORIENTED_EDGE('',*,*,#884,.F.);
#1251 = ORIENTED_EDGE('',*,*,#857,.F.);
#1252 = FACE_BOUND('',#1253,.T.);
#1253 = EDGE_LOOP('',(#1254,#1265));
#1254 = ORIENTED_EDGE('',*,*,#1255,.T.);
#1255 = EDGE_CURVE('',#1256,#1258,#1260,.T.);
#1256 = VERTEX_POINT('',#1257);
#1257 = CARTESIAN_POINT('',(13.,0.,0.));
#1258 = VERTEX_POINT('',#1259);
#1259 = CARTESIAN_POINT('',(-13.,0.,0.));
#1260 = CIRCLE('',#1261,13.);
#1261 = AXIS2_PLACEMENT_3D('',#1262,#1263,#1264);
#1262 = CARTESIAN_POINT('',(-1.874038303455E-29,0.,0.));
#1263 = DIRECTION('',(0.,0.,1.));
#1264 = DIRECTION('',(1.,0.,0.));
#1265 = ORIENTED_EDGE('',*,*,#1266,.T.);
#1266 = EDGE_CURVE('',#1258,#1256,#1267,.T.);
#1267 = CIRCLE('',#1268,13.);
#1268 = AXIS2_PLACEMENT_3D('',#1269,#1270,#1271);
#1269 = CARTESIAN_POINT('',(-1.874038303455E-29,0.,0.));
#1270 = DIRECTION('',(0.,0.,1.));
#1271 = DIRECTION('',(1.,0.,0.));
#1272 = PLANE('',#1273);
#1273 = AXIS2_PLACEMENT_3D('',#1274,#1275,#1276);
#1274 = CARTESIAN_POINT('',(-1.101729411367E-16,-5.818508453781E-15,0.)
  );
#1275 = DIRECTION('',(-0.,-0.,-1.));
#1276 = DIRECTION('',(-1.,0.,0.));
#1277 = ADVANCED_FACE('',(#1278),#1295,.F.);
#1278 = FACE_BOUND('',#1279,.T.);
#1279 = EDGE_LOOP('',(#1280,#1281,#1288,#1289));
#1280 = ORIENTED_EDGE('',*,*,#924,.T.);
#1281 = ORIENTED_EDGE('',*,*,#1282,.F.);
#1282 = EDGE_CURVE('',#1055,#927,#1283,.T.);
#1283 = CIRCLE('',#1284,4.3);
#1284 = AXIS2_PLACEMENT_3D('',#1285,#1286,#1287);
#1285 = CARTESIAN_POINT('',(47.03066200002,4.2,5.5));
#1286 = DIRECTION('',(0.,1.,-0.));
#1287 = DIRECTION('',(-1.,0.,0.));
#1288 = ORIENTED_EDGE('',*,*,#1052,.F.);
#1289 = ORIENTED_EDGE('',*,*,#1290,.F.);
#1290 = EDGE_CURVE('',#925,#1053,#1291,.T.);
#1291 = LINE('',#1292,#1293);
#1292 = CARTESIAN_POINT('',(42.83066200002,4.2,0.));
#1293 = VECTOR('',#1294,1.);
#1294 = DIRECTION('',(1.,0.,0.));
#1295 = PLANE('',#1296);
#1296 = AXIS2_PLACEMENT_3D('',#1297,#1298,#1299);
#1297 = CARTESIAN_POINT('',(42.83066200002,4.2,0.));
#1298 = DIRECTION('',(-0.,-1.,-0.));
#1299 = DIRECTION('',(-1.,-0.,-0.));
#1300 = ADVANCED_FACE('',(#1301),#1329,.T.);
#1301 = FACE_BOUND('',#1302,.T.);
#1302 = EDGE_LOOP('',(#1303,#1312,#1313,#1321));
#1303 = ORIENTED_EDGE('',*,*,#1304,.F.);
#1304 = EDGE_CURVE('',#927,#1305,#1307,.T.);
#1305 = VERTEX_POINT('',#1306);
#1306 = CARTESIAN_POINT('',(43.807406186066,3.2,4.792453564905));
#1307 = CIRCLE('',#1308,1.);
#1308 = AXIS2_PLACEMENT_3D('',#1309,#1310,#1311);
#1309 = CARTESIAN_POINT('',(42.83066200002,3.2,4.578045554271));
#1310 = DIRECTION('',(0.214408010635,0.,-0.976744186047));
#1311 = DIRECTION('',(-0.976744186047,-0.,-0.214408010635));
#1312 = ORIENTED_EDGE('',*,*,#1011,.T.);
#1313 = ORIENTED_EDGE('',*,*,#1314,.T.);
#1314 = EDGE_CURVE('',#1002,#1315,#1317,.T.);
#1315 = VERTEX_POINT('',#1316);
#1316 = CARTESIAN_POINT('',(43.73066200002,3.205012562893,5.5));
#1317 = ( BOUNDED_CURVE() B_SPLINE_CURVE(2,(#1318,#1319,#1320),
.UNSPECIFIED.,.F.,.F.) B_SPLINE_CURVE_WITH_KNOTS((3,3),(0.,
0.713082822192),.PIECEWISE_BEZIER_KNOTS.) CURVE() 
GEOMETRIC_REPRESENTATION_ITEM() RATIONAL_B_SPLINE_CURVE((1.,
0.74161984871,1.)) REPRESENTATION_ITEM('') );
#1318 = CARTESIAN_POINT('',(42.83066200002,4.2,5.499999999764));
#1319 = CARTESIAN_POINT('',(43.73066200002,4.109546596627,5.500000000001
    ));
#1320 = CARTESIAN_POINT('',(43.73066200002,3.205012562893,5.5));
#1321 = ORIENTED_EDGE('',*,*,#1322,.F.);
#1322 = EDGE_CURVE('',#1305,#1315,#1323,.T.);
#1323 = ( BOUNDED_CURVE() B_SPLINE_CURVE(4,(#1324,#1325,#1326,#1327,
#1328),.UNSPECIFIED.,.F.,.F.) B_SPLINE_CURVE_WITH_KNOTS((5,5),(
20.021428686759,20.734511508951),.PIECEWISE_BEZIER_KNOTS.) CURVE() 
GEOMETRIC_REPRESENTATION_ITEM() RATIONAL_B_SPLINE_CURVE((1.,1.,1.,1.,1.)
) REPRESENTATION_ITEM('') );
#1324 = CARTESIAN_POINT('',(43.807406186066,3.2,4.792453564906));
#1325 = CARTESIAN_POINT('',(43.769183518736,3.2,4.966578440087));
#1326 = CARTESIAN_POINT('',(43.743502682683,3.203408110754,
    5.143457508998));
#1327 = CARTESIAN_POINT('',(43.73066200002,3.205012562892,5.321729295802
    ));
#1328 = CARTESIAN_POINT('',(43.73066200002,3.205012562893,5.5));
#1329 = ( BOUNDED_SURFACE() B_SPLINE_SURFACE(2,4,(
    (#1330,#1331,#1332,#1333,#1334)
    ,(#1335,#1336,#1337,#1338,#1339)
    ,(#1340,#1341,#1342,#1343,#1344
)),.UNSPECIFIED.,.F.,.F.,.F.) B_SPLINE_SURFACE_WITH_KNOTS((3,3),(5,5),(
    0.,0.713082822192),(20.021428686759,20.734511508951),
.PIECEWISE_BEZIER_KNOTS.) GEOMETRIC_REPRESENTATION_ITEM() 
RATIONAL_B_SPLINE_SURFACE((
    (1.,1.,1.,1.,1.)
    ,(0.707106781187,0.725134869546,0.736092185216,0.741619848705
      ,0.74161984871)
,(1.,1.,1.,1.,1.))) REPRESENTATION_ITEM('') SURFACE() );
#1330 = CARTESIAN_POINT('',(43.807406186066,3.2,4.792453564906));
#1331 = CARTESIAN_POINT('',(43.769183518736,3.2,4.966578440087));
#1332 = CARTESIAN_POINT('',(43.743502682683,3.203408110754,
    5.143457508998));
#1333 = CARTESIAN_POINT('',(43.73066200002,3.205012562892,5.321729295802
    ));
#1334 = CARTESIAN_POINT('',(43.73066200002,3.205012562893,5.5));
#1335 = CARTESIAN_POINT('',(43.807406186066,4.2,4.792453564906));
#1336 = CARTESIAN_POINT('',(43.770133799371,4.150276592352,
    4.962249399012));
#1337 = CARTESIAN_POINT('',(43.743566983847,4.122954583913,5.14089665955
    ));
#1338 = CARTESIAN_POINT('',(43.730662000019,4.109546596637,
    5.321729295796));
#1339 = CARTESIAN_POINT('',(43.73066200002,4.109546596627,5.500000000001
    ));
#1340 = CARTESIAN_POINT('',(42.83066200002,4.2,4.578045554271));
#1341 = CARTESIAN_POINT('',(42.83066200002,4.2,4.815868450773));
#1342 = CARTESIAN_POINT('',(42.83066200002,4.2,5.046196128088));
#1343 = CARTESIAN_POINT('',(42.83066200002,4.2,5.273110010624));
#1344 = CARTESIAN_POINT('',(42.83066200002,4.2,5.499999999764));
#1345 = ADVANCED_FACE('',(#1346),#1357,.T.);
#1346 = FACE_BOUND('',#1347,.T.);
#1347 = EDGE_LOOP('',(#1348,#1349,#1350,#1351));
#1348 = ORIENTED_EDGE('',*,*,#934,.F.);
#1349 = ORIENTED_EDGE('',*,*,#1290,.T.);
#1350 = ORIENTED_EDGE('',*,*,#1100,.T.);
#1351 = ORIENTED_EDGE('',*,*,#1352,.F.);
#1352 = EDGE_CURVE('',#935,#1093,#1353,.T.);
#1353 = LINE('',#1354,#1355);
#1354 = CARTESIAN_POINT('',(42.83066200002,-4.2,0.));
#1355 = VECTOR('',#1356,1.);
#1356 = DIRECTION('',(1.,0.,0.));
#1357 = PLANE('',#1358);
#1358 = AXIS2_PLACEMENT_3D('',#1359,#1360,#1361);
#1359 = CARTESIAN_POINT('',(-1.101729411367E-16,-5.818508453781E-15,0.)
  );
#1360 = DIRECTION('',(-0.,-0.,-1.));
#1361 = DIRECTION('',(-1.,0.,0.));
#1362 = ADVANCED_FACE('',(#1363),#1384,.T.);
#1363 = FACE_BOUND('',#1364,.T.);
#1364 = EDGE_LOOP('',(#1365,#1366,#1367,#1376));
#1365 = ORIENTED_EDGE('',*,*,#1314,.F.);
#1366 = ORIENTED_EDGE('',*,*,#1001,.T.);
#1367 = ORIENTED_EDGE('',*,*,#1368,.T.);
#1368 = EDGE_CURVE('',#994,#1369,#1371,.T.);
#1369 = VERTEX_POINT('',#1370);
#1370 = CARTESIAN_POINT('',(43.807406186066,3.2,6.207546435095));
#1371 = CIRCLE('',#1372,1.);
#1372 = AXIS2_PLACEMENT_3D('',#1373,#1374,#1375);
#1373 = CARTESIAN_POINT('',(42.83066200002,3.2,6.421954445729));
#1374 = DIRECTION('',(-0.214408010635,0.,-0.976744186047));
#1375 = DIRECTION('',(-0.976744186047,0.,0.214408010635));
#1376 = ORIENTED_EDGE('',*,*,#1377,.F.);
#1377 = EDGE_CURVE('',#1315,#1369,#1378,.T.);
#1378 = ( BOUNDED_CURVE() B_SPLINE_CURVE(4,(#1379,#1380,#1381,#1382,
#1383),.UNSPECIFIED.,.F.,.F.) B_SPLINE_CURVE_WITH_KNOTS((5,5),(
20.734511508951,21.447594340633),.PIECEWISE_BEZIER_KNOTS.) CURVE() 
GEOMETRIC_REPRESENTATION_ITEM() RATIONAL_B_SPLINE_CURVE((1.,1.,1.,1.,1.)
) REPRESENTATION_ITEM('') );
#1379 = CARTESIAN_POINT('',(43.73066200002,3.205012562893,5.5));
#1380 = CARTESIAN_POINT('',(43.73066200002,3.205012562895,5.67827070657)
  );
#1381 = CARTESIAN_POINT('',(43.743502668,3.203408111272,5.856542386341)
  );
#1382 = CARTESIAN_POINT('',(43.769183518348,3.2,6.033421558146));
#1383 = CARTESIAN_POINT('',(43.807406186067,3.2,6.2075464351));
#1384 = ( BOUNDED_SURFACE() B_SPLINE_SURFACE(2,4,(
    (#1385,#1386,#1387,#1388,#1389)
    ,(#1390,#1391,#1392,#1393,#1394)
    ,(#1395,#1396,#1397,#1398,#1399
)),.UNSPECIFIED.,.F.,.F.,.F.) B_SPLINE_SURFACE_WITH_KNOTS((3,3),(5,5),(
    0.,0.713082831682),(20.734511508951,21.447594340633),
.PIECEWISE_BEZIER_KNOTS.) GEOMETRIC_REPRESENTATION_ITEM() 
RATIONAL_B_SPLINE_SURFACE((
    (1.,1.,1.,1.,1.)
    ,(0.74161984871,0.741619848714,0.736092135989,0.725134934139
      ,0.707106781187)
,(1.,1.,1.,1.,1.))) REPRESENTATION_ITEM('') SURFACE() );
#1385 = CARTESIAN_POINT('',(43.73066200002,3.205012562893,5.5));
#1386 = CARTESIAN_POINT('',(43.73066200002,3.205012562895,5.67827070657)
  );
#1387 = CARTESIAN_POINT('',(43.743502668,3.203408111272,5.856542386341)
  );
#1388 = CARTESIAN_POINT('',(43.769183518348,3.2,6.033421558146));
#1389 = CARTESIAN_POINT('',(43.807406186067,3.2,6.2075464351));
#1390 = CARTESIAN_POINT('',(43.73066200002,4.109546596627,5.500000000002
    ));
#1391 = CARTESIAN_POINT('',(43.73066200002,4.109546596616,5.678270706578
    ));
#1392 = CARTESIAN_POINT('',(43.743566965014,4.122954712777,
    5.859103213339));
#1393 = CARTESIAN_POINT('',(43.770133802196,4.150276418626,
    6.037750613861));
#1394 = CARTESIAN_POINT('',(43.807406186067,4.2,6.207546435101));
#1395 = CARTESIAN_POINT('',(42.83066200002,4.2,5.499999999764));
#1396 = CARTESIAN_POINT('',(42.83066200002,4.2,5.726889991923));
#1397 = CARTESIAN_POINT('',(42.83066200002,4.2,5.953804503157));
#1398 = CARTESIAN_POINT('',(42.83066200002,4.2,6.184130697128));
#1399 = CARTESIAN_POINT('',(42.83066200002,4.2,6.421954445729));
#1400 = ADVANCED_FACE('',(#1401),#1413,.T.);
#1401 = FACE_BOUND('',#1402,.F.);
#1402 = EDGE_LOOP('',(#1403,#1404,#1411,#1412));
#1403 = ORIENTED_EDGE('',*,*,#942,.T.);
#1404 = ORIENTED_EDGE('',*,*,#1405,.F.);
#1405 = EDGE_CURVE('',#1082,#943,#1406,.T.);
#1406 = CIRCLE('',#1407,4.3);
#1407 = AXIS2_PLACEMENT_3D('',#1408,#1409,#1410);
#1408 = CARTESIAN_POINT('',(47.03066200002,-4.2,5.5));
#1409 = DIRECTION('',(0.,1.,-0.));
#1410 = DIRECTION('',(-1.,0.,0.));
#1411 = ORIENTED_EDGE('',*,*,#1092,.F.);
#1412 = ORIENTED_EDGE('',*,*,#1352,.F.);
#1413 = PLANE('',#1414);
#1414 = AXIS2_PLACEMENT_3D('',#1415,#1416,#1417);
#1415 = CARTESIAN_POINT('',(42.83066200002,-4.2,0.));
#1416 = DIRECTION('',(-0.,-1.,-0.));
#1417 = DIRECTION('',(-1.,-0.,-0.));
#1418 = ADVANCED_FACE('',(#1419),#1447,.F.);
#1419 = FACE_BOUND('',#1420,.F.);
#1420 = EDGE_LOOP('',(#1421,#1430,#1431,#1439));
#1421 = ORIENTED_EDGE('',*,*,#1422,.F.);
#1422 = EDGE_CURVE('',#943,#1423,#1425,.T.);
#1423 = VERTEX_POINT('',#1424);
#1424 = CARTESIAN_POINT('',(43.807406186066,-3.2,4.792453564905));
#1425 = CIRCLE('',#1426,1.);
#1426 = AXIS2_PLACEMENT_3D('',#1427,#1428,#1429);
#1427 = CARTESIAN_POINT('',(42.83066200002,-3.2,4.578045554271));
#1428 = DIRECTION('',(-0.214408010635,0.,0.976744186047));
#1429 = DIRECTION('',(-0.976744186047,0.,-0.214408010635));
#1430 = ORIENTED_EDGE('',*,*,#950,.T.);
#1431 = ORIENTED_EDGE('',*,*,#1432,.T.);
#1432 = EDGE_CURVE('',#951,#1433,#1435,.T.);
#1433 = VERTEX_POINT('',#1434);
#1434 = CARTESIAN_POINT('',(43.73066200002,-3.205012562893,5.5));
#1435 = ( BOUNDED_CURVE() B_SPLINE_CURVE(2,(#1436,#1437,#1438),
.UNSPECIFIED.,.F.,.F.) B_SPLINE_CURVE_WITH_KNOTS((3,3),(0.,
0.713082822192),.PIECEWISE_BEZIER_KNOTS.) CURVE() 
GEOMETRIC_REPRESENTATION_ITEM() RATIONAL_B_SPLINE_CURVE((1.,
0.74161984871,1.)) REPRESENTATION_ITEM('') );
#1436 = CARTESIAN_POINT('',(42.83066200002,-4.2,5.499999999764));
#1437 = CARTESIAN_POINT('',(43.73066200002,-4.109546596627,
    5.500000000002));
#1438 = CARTESIAN_POINT('',(43.73066200002,-3.205012562893,5.5));
#1439 = ORIENTED_EDGE('',*,*,#1440,.F.);
#1440 = EDGE_CURVE('',#1423,#1433,#1441,.T.);
#1441 = ( BOUNDED_CURVE() B_SPLINE_CURVE(4,(#1442,#1443,#1444,#1445,
#1446),.UNSPECIFIED.,.F.,.F.) B_SPLINE_CURVE_WITH_KNOTS((5,5),(
20.021428686759,20.734511508951),.PIECEWISE_BEZIER_KNOTS.) CURVE() 
GEOMETRIC_REPRESENTATION_ITEM() RATIONAL_B_SPLINE_CURVE((1.,1.,1.,1.,1.)
) REPRESENTATION_ITEM('') );
#1442 = CARTESIAN_POINT('',(43.807406186066,-3.2,4.792453564906));
#1443 = CARTESIAN_POINT('',(43.769183518736,-3.2,4.966578440086));
#1444 = CARTESIAN_POINT('',(43.743502682683,-3.203408110754,
    5.143457508998));
#1445 = CARTESIAN_POINT('',(43.73066200002,-3.205012562892,
    5.321729295803));
#1446 = CARTESIAN_POINT('',(43.73066200002,-3.205012562893,5.5));
#1447 = ( BOUNDED_SURFACE() B_SPLINE_SURFACE(2,4,(
    (#1448,#1449,#1450,#1451,#1452)
    ,(#1453,#1454,#1455,#1456,#1457)
    ,(#1458,#1459,#1460,#1461,#1462
)),.UNSPECIFIED.,.F.,.F.,.F.) B_SPLINE_SURFACE_WITH_KNOTS((3,3),(5,5),(
    0.,0.713082822192),(20.021428686759,20.734511508951),
.PIECEWISE_BEZIER_KNOTS.) GEOMETRIC_REPRESENTATION_ITEM() 
RATIONAL_B_SPLINE_SURFACE((
    (1.,1.,1.,1.,1.)
    ,(0.707106781187,0.725134869546,0.736092185216,0.741619848705
      ,0.74161984871)
,(1.,1.,1.,1.,1.))) REPRESENTATION_ITEM('') SURFACE() );
#1448 = CARTESIAN_POINT('',(43.807406186066,-3.2,4.792453564906));
#1449 = CARTESIAN_POINT('',(43.769183518736,-3.2,4.966578440086));
#1450 = CARTESIAN_POINT('',(43.743502682683,-3.203408110754,
    5.143457508998));
#1451 = CARTESIAN_POINT('',(43.73066200002,-3.205012562892,
    5.321729295803));
#1452 = CARTESIAN_POINT('',(43.73066200002,-3.205012562893,5.5));
#1453 = CARTESIAN_POINT('',(43.807406186066,-4.2,4.792453564906));
#1454 = CARTESIAN_POINT('',(43.770133799371,-4.150276592352,
    4.962249399012));
#1455 = CARTESIAN_POINT('',(43.743566983847,-4.122954583913,
    5.140896659549));
#1456 = CARTESIAN_POINT('',(43.730662000019,-4.109546596637,
    5.321729295796));
#1457 = CARTESIAN_POINT('',(43.73066200002,-4.109546596627,
    5.500000000002));
#1458 = CARTESIAN_POINT('',(42.83066200002,-4.2,4.578045554271));
#1459 = CARTESIAN_POINT('',(42.83066200002,-4.2,4.815868450772));
#1460 = CARTESIAN_POINT('',(42.83066200002,-4.2,5.046196128088));
#1461 = CARTESIAN_POINT('',(42.83066200002,-4.2,5.273110010625));
#1462 = CARTESIAN_POINT('',(42.83066200002,-4.2,5.499999999764));
#1463 = ADVANCED_FACE('',(#1464),#1485,.F.);
#1464 = FACE_BOUND('',#1465,.F.);
#1465 = EDGE_LOOP('',(#1466,#1467,#1468,#1477));
#1466 = ORIENTED_EDGE('',*,*,#1432,.F.);
#1467 = ORIENTED_EDGE('',*,*,#960,.T.);
#1468 = ORIENTED_EDGE('',*,*,#1469,.T.);
#1469 = EDGE_CURVE('',#961,#1470,#1472,.T.);
#1470 = VERTEX_POINT('',#1471);
#1471 = CARTESIAN_POINT('',(43.807406186066,-3.2,6.207546435095));
#1472 = CIRCLE('',#1473,1.);
#1473 = AXIS2_PLACEMENT_3D('',#1474,#1475,#1476);
#1474 = CARTESIAN_POINT('',(42.83066200002,-3.2,6.421954445729));
#1475 = DIRECTION('',(0.214408010635,0.,0.976744186047));
#1476 = DIRECTION('',(-0.976744186047,0.,0.214408010635));
#1477 = ORIENTED_EDGE('',*,*,#1478,.F.);
#1478 = EDGE_CURVE('',#1433,#1470,#1479,.T.);
#1479 = ( BOUNDED_CURVE() B_SPLINE_CURVE(4,(#1480,#1481,#1482,#1483,
#1484),.UNSPECIFIED.,.F.,.F.) B_SPLINE_CURVE_WITH_KNOTS((5,5),(
20.734511508951,21.447594340633),.PIECEWISE_BEZIER_KNOTS.) CURVE() 
GEOMETRIC_REPRESENTATION_ITEM() RATIONAL_B_SPLINE_CURVE((1.,1.,1.,1.,1.)
) REPRESENTATION_ITEM('') );
#1480 = CARTESIAN_POINT('',(43.73066200002,-3.205012562893,5.5));
#1481 = CARTESIAN_POINT('',(43.73066200002,-3.205012562895,
    5.678270706569));
#1482 = CARTESIAN_POINT('',(43.743502667981,-3.203408111272,
    5.856542386228));
#1483 = CARTESIAN_POINT('',(43.76918351836,-3.2,6.033421558203));
#1484 = CARTESIAN_POINT('',(43.807406186067,-3.2,6.2075464351));
#1485 = ( BOUNDED_SURFACE() B_SPLINE_SURFACE(2,4,(
    (#1486,#1487,#1488,#1489,#1490)
    ,(#1491,#1492,#1493,#1494,#1495)
    ,(#1496,#1497,#1498,#1499,#1500
)),.UNSPECIFIED.,.F.,.F.,.F.) B_SPLINE_SURFACE_WITH_KNOTS((3,3),(5,5),(
    0.,0.713082831682),(20.734511508951,21.447594340633),
.PIECEWISE_BEZIER_KNOTS.) GEOMETRIC_REPRESENTATION_ITEM() 
RATIONAL_B_SPLINE_SURFACE((
    (1.,1.,1.,1.,1.)
    ,(0.74161984871,0.741619848714,0.736092135969,0.725134934166
      ,0.707106781187)
,(1.,1.,1.,1.,1.))) REPRESENTATION_ITEM('') SURFACE() );
#1486 = CARTESIAN_POINT('',(43.73066200002,-3.205012562893,5.5));
#1487 = CARTESIAN_POINT('',(43.73066200002,-3.205012562895,
    5.678270706569));
#1488 = CARTESIAN_POINT('',(43.743502667981,-3.203408111272,
    5.856542386228));
#1489 = CARTESIAN_POINT('',(43.76918351836,-3.2,6.033421558203));
#1490 = CARTESIAN_POINT('',(43.807406186067,-3.2,6.2075464351));
#1491 = CARTESIAN_POINT('',(43.73066200002,-4.109546596627,
    5.500000000002));
#1492 = CARTESIAN_POINT('',(43.73066200002,-4.109546596616,
    5.678270706577));
#1493 = CARTESIAN_POINT('',(43.743566965004,-4.12295471283,
    5.859103213268));
#1494 = CARTESIAN_POINT('',(43.770133802197,-4.150276418553,
    6.037750613867));
#1495 = CARTESIAN_POINT('',(43.807406186067,-4.2,6.207546435101));
#1496 = CARTESIAN_POINT('',(42.83066200002,-4.2,5.499999999764));
#1497 = CARTESIAN_POINT('',(42.83066200002,-4.2,5.726889991923));
#1498 = CARTESIAN_POINT('',(42.83066200002,-4.2,5.95380450341));
#1499 = CARTESIAN_POINT('',(42.83066200002,-4.2,6.184130696767));
#1500 = CARTESIAN_POINT('',(42.83066200002,-4.2,6.421954445729));
#1501 = ADVANCED_FACE('',(#1502),#1522,.T.);
#1502 = FACE_BOUND('',#1503,.F.);
#1503 = EDGE_LOOP('',(#1504,#1505,#1506,#1515));
#1504 = ORIENTED_EDGE('',*,*,#1469,.F.);
#1505 = ORIENTED_EDGE('',*,*,#1037,.T.);
#1506 = ORIENTED_EDGE('',*,*,#1507,.T.);
#1507 = EDGE_CURVE('',#1030,#1508,#1510,.T.);
#1508 = VERTEX_POINT('',#1509);
#1509 = CARTESIAN_POINT('',(50.253917813973,-3.2,6.207546435095));
#1510 = CIRCLE('',#1511,1.);
#1511 = AXIS2_PLACEMENT_3D('',#1512,#1513,#1514);
#1512 = CARTESIAN_POINT('',(51.23066200002,-3.2,6.421954445729));
#1513 = DIRECTION('',(0.214408010635,0.,-0.976744186047));
#1514 = DIRECTION('',(0.976744186047,0.,0.214408010635));
#1515 = ORIENTED_EDGE('',*,*,#1516,.F.);
#1516 = EDGE_CURVE('',#1470,#1508,#1517,.T.);
#1517 = CIRCLE('',#1518,3.3);
#1518 = AXIS2_PLACEMENT_3D('',#1519,#1520,#1521);
#1519 = CARTESIAN_POINT('',(47.03066200002,-3.2,5.5));
#1520 = DIRECTION('',(0.,1.,-0.));
#1521 = DIRECTION('',(-1.,0.,0.));
#1522 = TOROIDAL_SURFACE('',#1523,4.3,1.);
#1523 = AXIS2_PLACEMENT_3D('',#1524,#1525,#1526);
#1524 = CARTESIAN_POINT('',(47.03066200002,-3.2,5.5));
#1525 = DIRECTION('',(0.,-1.,0.));
#1526 = DIRECTION('',(-1.,0.,0.));
#1527 = ADVANCED_FACE('',(#1528),#1557,.T.);
#1528 = FACE_BOUND('',#1529,.T.);
#1529 = EDGE_LOOP('',(#1530,#1539,#1540,#1548));
#1530 = ORIENTED_EDGE('',*,*,#1531,.F.);
#1531 = EDGE_CURVE('',#1063,#1532,#1534,.T.);
#1532 = VERTEX_POINT('',#1533);
#1533 = CARTESIAN_POINT('',(50.253917813973,3.2,6.207546435095));
#1534 = CIRCLE('',#1535,1.);
#1535 = AXIS2_PLACEMENT_3D('',#1536,#1537,#1538);
#1536 = CARTESIAN_POINT('',(51.23066200002,3.2,6.421954445729));
#1537 = DIRECTION('',(-0.214408010635,0.,0.976744186047));
#1538 = DIRECTION('',(0.976744186047,0.,0.214408010635));
#1539 = ORIENTED_EDGE('',*,*,#1062,.T.);
#1540 = ORIENTED_EDGE('',*,*,#1541,.T.);
#1541 = EDGE_CURVE('',#1055,#1542,#1544,.T.);
#1542 = VERTEX_POINT('',#1543);
#1543 = CARTESIAN_POINT('',(50.253917813973,3.2,4.792453564905));
#1544 = ( BOUNDED_CURVE() B_SPLINE_CURVE(2,(#1545,#1546,#1547),
.UNSPECIFIED.,.F.,.F.) B_SPLINE_CURVE_WITH_KNOTS((3,3),(0.,
1.426165653868),.PIECEWISE_BEZIER_KNOTS.) CURVE() 
GEOMETRIC_REPRESENTATION_ITEM() RATIONAL_B_SPLINE_CURVE((1.,
0.707106781187,1.)) REPRESENTATION_ITEM('') );
#1545 = CARTESIAN_POINT('',(51.23066200002,4.2,4.578045554271));
#1546 = CARTESIAN_POINT('',(50.253917813973,4.2,4.792453564905));
#1547 = CARTESIAN_POINT('',(50.253917813973,3.2,4.792453564905));
#1548 = ORIENTED_EDGE('',*,*,#1549,.F.);
#1549 = EDGE_CURVE('',#1532,#1542,#1550,.T.);
#1550 = ( BOUNDED_CURVE() B_SPLINE_CURVE(5,(#1551,#1552,#1553,#1554,
#1555,#1556),.UNSPECIFIED.,.F.,.F.) B_SPLINE_CURVE_WITH_KNOTS((6,6),(
9.654172929912,11.08033858378),.PIECEWISE_BEZIER_KNOTS.) CURVE() 
GEOMETRIC_REPRESENTATION_ITEM() RATIONAL_B_SPLINE_CURVE((1.,1.,1.,1.,1.,
1.)) REPRESENTATION_ITEM('') );
#1551 = CARTESIAN_POINT('',(50.253917813973,3.2,6.207546435095));
#1552 = CARTESIAN_POINT('',(50.315074081986,3.2,5.928946633506));
#1553 = CARTESIAN_POINT('',(50.346130309927,3.208045420166,
    5.643739349721));
#1554 = CARTESIAN_POINT('',(50.346130309927,3.208045420166,
    5.356260650279));
#1555 = CARTESIAN_POINT('',(50.315074081986,3.2,5.071053366494));
#1556 = CARTESIAN_POINT('',(50.253917813973,3.2,4.792453564905));
#1557 = ( BOUNDED_SURFACE() B_SPLINE_SURFACE(2,5,(
    (#1558,#1559,#1560,#1561,#1562,#1563)
    ,(#1564,#1565,#1566,#1567,#1568,#1569)
    ,(#1570,#1571,#1572,#1573,#1574,#1575
)),.UNSPECIFIED.,.F.,.F.,.F.) B_SPLINE_SURFACE_WITH_KNOTS((3,3),(6,6),(
    0.,1.426165653868),(9.654172929912,11.08033858378),
.PIECEWISE_BEZIER_KNOTS.) GEOMETRIC_REPRESENTATION_ITEM() 
RATIONAL_B_SPLINE_SURFACE((
    (1.,1.,1.,1.,1.,1.)
    ,(0.707106781187,0.735951722695,0.747892734581,0.747892734581
      ,0.735951722695,0.707106781187)
,(1.,1.,1.,1.,1.,1.))) REPRESENTATION_ITEM('') SURFACE() );
#1558 = CARTESIAN_POINT('',(50.253917813973,3.2,6.207546435095));
#1559 = CARTESIAN_POINT('',(50.315074081986,3.2,5.928946633506));
#1560 = CARTESIAN_POINT('',(50.346130309927,3.208045420166,
    5.643739349721));
#1561 = CARTESIAN_POINT('',(50.346130309927,3.208045420166,
    5.356260650279));
#1562 = CARTESIAN_POINT('',(50.315074081986,3.2,5.071053366494));
#1563 = CARTESIAN_POINT('',(50.253917813973,3.2,4.792453564905));
#1564 = CARTESIAN_POINT('',(50.253917813973,4.2,6.207546435095));
#1565 = CARTESIAN_POINT('',(50.312677119088,4.121611864965,
    5.939866092939));
#1566 = CARTESIAN_POINT('',(50.346788000615,4.095070804717,
    5.647591669529));
#1567 = CARTESIAN_POINT('',(50.346788000615,4.095070804717,
    5.352408330471));
#1568 = CARTESIAN_POINT('',(50.312677119088,4.121611864965,
    5.060133907061));
#1569 = CARTESIAN_POINT('',(50.253917813973,4.2,4.792453564905));
#1570 = CARTESIAN_POINT('',(51.23066200002,4.2,6.421954445729));
#1571 = CARTESIAN_POINT('',(51.23066200002,4.2,6.041437809556));
#1572 = CARTESIAN_POINT('',(51.23066200002,4.2,5.678963925844));
#1573 = CARTESIAN_POINT('',(51.23066200002,4.2,5.321036074156));
#1574 = CARTESIAN_POINT('',(51.23066200002,4.2,4.958562190444));
#1575 = CARTESIAN_POINT('',(51.23066200002,4.2,4.578045554271));
#1576 = ADVANCED_FACE('',(#1577),#1598,.F.);
#1577 = FACE_BOUND('',#1578,.F.);
#1578 = EDGE_LOOP('',(#1579,#1580,#1581,#1589));
#1579 = ORIENTED_EDGE('',*,*,#1507,.F.);
#1580 = ORIENTED_EDGE('',*,*,#1081,.T.);
#1581 = ORIENTED_EDGE('',*,*,#1582,.T.);
#1582 = EDGE_CURVE('',#1082,#1583,#1585,.T.);
#1583 = VERTEX_POINT('',#1584);
#1584 = CARTESIAN_POINT('',(50.253917813973,-3.2,4.792453564905));
#1585 = ( BOUNDED_CURVE() B_SPLINE_CURVE(2,(#1586,#1587,#1588),
.UNSPECIFIED.,.F.,.F.) B_SPLINE_CURVE_WITH_KNOTS((3,3),(0.,
1.426165653868),.PIECEWISE_BEZIER_KNOTS.) CURVE() 
GEOMETRIC_REPRESENTATION_ITEM() RATIONAL_B_SPLINE_CURVE((1.,
0.707106781187,1.)) REPRESENTATION_ITEM('') );
#1586 = CARTESIAN_POINT('',(51.23066200002,-4.2,4.578045554271));
#1587 = CARTESIAN_POINT('',(50.253917813973,-4.2,4.792453564905));
#1588 = CARTESIAN_POINT('',(50.253917813973,-3.2,4.792453564905));
#1589 = ORIENTED_EDGE('',*,*,#1590,.F.);
#1590 = EDGE_CURVE('',#1508,#1583,#1591,.T.);
#1591 = ( BOUNDED_CURVE() B_SPLINE_CURVE(5,(#1592,#1593,#1594,#1595,
#1596,#1597),.UNSPECIFIED.,.F.,.F.) B_SPLINE_CURVE_WITH_KNOTS((6,6),(
9.654172929912,11.08033858378),.PIECEWISE_BEZIER_KNOTS.) CURVE() 
GEOMETRIC_REPRESENTATION_ITEM() RATIONAL_B_SPLINE_CURVE((1.,1.,1.,1.,1.,
1.)) REPRESENTATION_ITEM('') );
#1592 = CARTESIAN_POINT('',(50.253917813973,-3.2,6.207546435095));
#1593 = CARTESIAN_POINT('',(50.315074081986,-3.2,5.928946633506));
#1594 = CARTESIAN_POINT('',(50.346130309927,-3.208045420166,
    5.643739349721));
#1595 = CARTESIAN_POINT('',(50.346130309927,-3.208045420166,
    5.356260650279));
#1596 = CARTESIAN_POINT('',(50.315074081986,-3.2,5.071053366494));
#1597 = CARTESIAN_POINT('',(50.253917813973,-3.2,4.792453564905));
#1598 = ( BOUNDED_SURFACE() B_SPLINE_SURFACE(2,5,(
    (#1599,#1600,#1601,#1602,#1603,#1604)
    ,(#1605,#1606,#1607,#1608,#1609,#1610)
    ,(#1611,#1612,#1613,#1614,#1615,#1616
)),.UNSPECIFIED.,.F.,.F.,.F.) B_SPLINE_SURFACE_WITH_KNOTS((3,3),(6,6),(
    0.,1.426165653868),(9.654172929912,11.08033858378),
.PIECEWISE_BEZIER_KNOTS.) GEOMETRIC_REPRESENTATION_ITEM() 
RATIONAL_B_SPLINE_SURFACE((
    (1.,1.,1.,1.,1.,1.)
    ,(0.707106781187,0.735951722695,0.747892734581,0.747892734581
      ,0.735951722695,0.707106781187)
,(1.,1.,1.,1.,1.,1.))) REPRESENTATION_ITEM('') SURFACE() );
#1599 = CARTESIAN_POINT('',(50.253917813973,-3.2,6.207546435095));
#1600 = CARTESIAN_POINT('',(50.315074081986,-3.2,5.928946633506));
#1601 = CARTESIAN_POINT('',(50.346130309927,-3.208045420166,
    5.643739349721));
#1602 = CARTESIAN_POINT('',(50.346130309927,-3.208045420166,
    5.356260650279));
#1603 = CARTESIAN_POINT('',(50.315074081986,-3.2,5.071053366494));
#1604 = CARTESIAN_POINT('',(50.253917813973,-3.2,4.792453564905));
#1605 = CARTESIAN_POINT('',(50.253917813973,-4.2,6.207546435095));
#1606 = CARTESIAN_POINT('',(50.312677119088,-4.121611864965,
    5.939866092939));
#1607 = CARTESIAN_POINT('',(50.346788000615,-4.095070804718,
    5.647591669529));
#1608 = CARTESIAN_POINT('',(50.346788000615,-4.095070804718,
    5.352408330471));
#1609 = CARTESIAN_POINT('',(50.312677119088,-4.121611864965,
    5.060133907061));
#1610 = CARTESIAN_POINT('',(50.253917813973,-4.2,4.792453564905));
#1611 = CARTESIAN_POINT('',(51.23066200002,-4.2,6.421954445729));
#1612 = CARTESIAN_POINT('',(51.23066200002,-4.2,6.041437809556));
#1613 = CARTESIAN_POINT('',(51.23066200002,-4.2,5.678963925844));
#1614 = CARTESIAN_POINT('',(51.23066200002,-4.2,5.321036074156));
#1615 = CARTESIAN_POINT('',(51.23066200002,-4.2,4.958562190444));
#1616 = CARTESIAN_POINT('',(51.23066200002,-4.2,4.578045554271));
#1617 = ADVANCED_FACE('',(#1618),#1630,.T.);
#1618 = FACE_BOUND('',#1619,.T.);
#1619 = EDGE_LOOP('',(#1620,#1621,#1622,#1623));
#1620 = ORIENTED_EDGE('',*,*,#1368,.F.);
#1621 = ORIENTED_EDGE('',*,*,#1117,.T.);
#1622 = ORIENTED_EDGE('',*,*,#1531,.T.);
#1623 = ORIENTED_EDGE('',*,*,#1624,.F.);
#1624 = EDGE_CURVE('',#1369,#1532,#1625,.T.);
#1625 = CIRCLE('',#1626,3.3);
#1626 = AXIS2_PLACEMENT_3D('',#1627,#1628,#1629);
#1627 = CARTESIAN_POINT('',(47.03066200002,3.2,5.5));
#1628 = DIRECTION('',(0.,1.,-0.));
#1629 = DIRECTION('',(-1.,0.,0.));
#1630 = TOROIDAL_SURFACE('',#1631,4.3,1.);
#1631 = AXIS2_PLACEMENT_3D('',#1632,#1633,#1634);
#1632 = CARTESIAN_POINT('',(47.03066200002,3.2,5.5));
#1633 = DIRECTION('',(0.,1.,0.));
#1634 = DIRECTION('',(-1.,0.,0.));
#1635 = ADVANCED_FACE('',(#1636),#1664,.F.);
#1636 = FACE_BOUND('',#1637,.T.);
#1637 = EDGE_LOOP('',(#1638,#1649,#1654,#1655,#1656,#1657));
#1638 = ORIENTED_EDGE('',*,*,#1639,.F.);
#1639 = EDGE_CURVE('',#1640,#1642,#1644,.T.);
#1640 = VERTEX_POINT('',#1641);
#1641 = CARTESIAN_POINT('',(13.,0.,8.));
#1642 = VERTEX_POINT('',#1643);
#1643 = CARTESIAN_POINT('',(-13.,3.802325216319E-13,8.));
#1644 = CIRCLE('',#1645,13.);
#1645 = AXIS2_PLACEMENT_3D('',#1646,#1647,#1648);
#1646 = CARTESIAN_POINT('',(-1.874038303455E-29,0.,8.));
#1647 = DIRECTION('',(0.,0.,-1.));
#1648 = DIRECTION('',(1.,0.,0.));
#1649 = ORIENTED_EDGE('',*,*,#1650,.T.);
#1650 = EDGE_CURVE('',#1640,#1256,#1651,.T.);
#1651 = B_SPLINE_CURVE_WITH_KNOTS('',1,(#1652,#1653),.UNSPECIFIED.,.F.,
  .F.,(2,2),(-8.,0.),.PIECEWISE_BEZIER_KNOTS.);
#1652 = CARTESIAN_POINT('',(13.,0.,8.));
#1653 = CARTESIAN_POINT('',(13.,0.,0.));
#1654 = ORIENTED_EDGE('',*,*,#1266,.F.);
#1655 = ORIENTED_EDGE('',*,*,#1255,.F.);
#1656 = ORIENTED_EDGE('',*,*,#1650,.F.);
#1657 = ORIENTED_EDGE('',*,*,#1658,.F.);
#1658 = EDGE_CURVE('',#1642,#1640,#1659,.T.);
#1659 = CIRCLE('',#1660,13.);
#1660 = AXIS2_PLACEMENT_3D('',#1661,#1662,#1663);
#1661 = CARTESIAN_POINT('',(-1.874038303455E-29,0.,8.));
#1662 = DIRECTION('',(0.,0.,-1.));
#1663 = DIRECTION('',(1.,0.,0.));
#1664 = CYLINDRICAL_SURFACE('',#1665,13.);
#1665 = AXIS2_PLACEMENT_3D('',#1666,#1667,#1668);
#1666 = CARTESIAN_POINT('',(-1.874038303455E-29,0.,0.));
#1667 = DIRECTION('',(-0.,-0.,-1.));
#1668 = DIRECTION('',(1.,0.,0.));
#1669 = ADVANCED_FACE('',(#1670),#1682,.T.);
#1670 = FACE_BOUND('',#1671,.T.);
#1671 = EDGE_LOOP('',(#1672,#1673,#1674,#1675));
#1672 = ORIENTED_EDGE('',*,*,#1541,.F.);
#1673 = ORIENTED_EDGE('',*,*,#1282,.T.);
#1674 = ORIENTED_EDGE('',*,*,#1304,.T.);
#1675 = ORIENTED_EDGE('',*,*,#1676,.F.);
#1676 = EDGE_CURVE('',#1542,#1305,#1677,.T.);
#1677 = CIRCLE('',#1678,3.3);
#1678 = AXIS2_PLACEMENT_3D('',#1679,#1680,#1681);
#1679 = CARTESIAN_POINT('',(47.03066200002,3.2,5.5));
#1680 = DIRECTION('',(0.,1.,-0.));
#1681 = DIRECTION('',(-1.,0.,0.));
#1682 = TOROIDAL_SURFACE('',#1683,4.3,1.);
#1683 = AXIS2_PLACEMENT_3D('',#1684,#1685,#1686);
#1684 = CARTESIAN_POINT('',(47.03066200002,3.2,5.5));
#1685 = DIRECTION('',(0.,1.,0.));
#1686 = DIRECTION('',(-1.,0.,0.));
#1687 = ADVANCED_FACE('',(#1688),#1711,.F.);
#1688 = FACE_BOUND('',#1689,.F.);
#1689 = EDGE_LOOP('',(#1690,#1698,#1705,#1706,#1707,#1708,#1709,#1710));
#1690 = ORIENTED_EDGE('',*,*,#1691,.T.);
#1691 = EDGE_CURVE('',#1315,#1692,#1694,.T.);
#1692 = VERTEX_POINT('',#1693);
#1693 = CARTESIAN_POINT('',(43.73066200002,0.8,5.5));
#1694 = LINE('',#1695,#1696);
#1695 = CARTESIAN_POINT('',(43.73066200002,4.2,5.5));
#1696 = VECTOR('',#1697,1.);
#1697 = DIRECTION('',(0.,-1.,-6.661338147751E-16));
#1698 = ORIENTED_EDGE('',*,*,#1699,.T.);
#1699 = EDGE_CURVE('',#1692,#1692,#1700,.T.);
#1700 = CIRCLE('',#1701,3.3);
#1701 = AXIS2_PLACEMENT_3D('',#1702,#1703,#1704);
#1702 = CARTESIAN_POINT('',(47.03066200002,0.8,5.5));
#1703 = DIRECTION('',(0.,1.,6.661338147751E-16));
#1704 = DIRECTION('',(-1.,0.,0.));
#1705 = ORIENTED_EDGE('',*,*,#1691,.F.);
#1706 = ORIENTED_EDGE('',*,*,#1322,.F.);
#1707 = ORIENTED_EDGE('',*,*,#1676,.F.);
#1708 = ORIENTED_EDGE('',*,*,#1549,.F.);
#1709 = ORIENTED_EDGE('',*,*,#1624,.F.);
#1710 = ORIENTED_EDGE('',*,*,#1377,.F.);
#1711 = CYLINDRICAL_SURFACE('',#1712,3.3);
#1712 = AXIS2_PLACEMENT_3D('',#1713,#1714,#1715);
#1713 = CARTESIAN_POINT('',(47.03066200002,4.2,5.5));
#1714 = DIRECTION('',(0.,1.,6.661338147751E-16));
#1715 = DIRECTION('',(-1.,0.,0.));
#1716 = ADVANCED_FACE('',(#1717),#1729,.T.);
#1717 = FACE_BOUND('',#1718,.F.);
#1718 = EDGE_LOOP('',(#1719,#1720,#1721,#1722));
#1719 = ORIENTED_EDGE('',*,*,#1582,.F.);
#1720 = ORIENTED_EDGE('',*,*,#1405,.T.);
#1721 = ORIENTED_EDGE('',*,*,#1422,.T.);
#1722 = ORIENTED_EDGE('',*,*,#1723,.F.);
#1723 = EDGE_CURVE('',#1583,#1423,#1724,.T.);
#1724 = CIRCLE('',#1725,3.3);
#1725 = AXIS2_PLACEMENT_3D('',#1726,#1727,#1728);
#1726 = CARTESIAN_POINT('',(47.03066200002,-3.2,5.5));
#1727 = DIRECTION('',(0.,1.,-0.));
#1728 = DIRECTION('',(-1.,0.,0.));
#1729 = TOROIDAL_SURFACE('',#1730,4.3,1.);
#1730 = AXIS2_PLACEMENT_3D('',#1731,#1732,#1733);
#1731 = CARTESIAN_POINT('',(47.03066200002,-3.2,5.5));
#1732 = DIRECTION('',(0.,-1.,0.));
#1733 = DIRECTION('',(-1.,0.,0.));
#1734 = ADVANCED_FACE('',(#1735),#1758,.F.);
#1735 = FACE_BOUND('',#1736,.T.);
#1736 = EDGE_LOOP('',(#1737,#1745,#1752,#1753,#1754,#1755,#1756,#1757));
#1737 = ORIENTED_EDGE('',*,*,#1738,.T.);
#1738 = EDGE_CURVE('',#1433,#1739,#1741,.T.);
#1739 = VERTEX_POINT('',#1740);
#1740 = CARTESIAN_POINT('',(43.73066200002,-0.8,5.5));
#1741 = LINE('',#1742,#1743);
#1742 = CARTESIAN_POINT('',(43.73066200002,-4.2,5.5));
#1743 = VECTOR('',#1744,1.);
#1744 = DIRECTION('',(0.,1.,-2.22044604925E-16));
#1745 = ORIENTED_EDGE('',*,*,#1746,.T.);
#1746 = EDGE_CURVE('',#1739,#1739,#1747,.T.);
#1747 = CIRCLE('',#1748,3.3);
#1748 = AXIS2_PLACEMENT_3D('',#1749,#1750,#1751);
#1749 = CARTESIAN_POINT('',(47.03066200002,-0.8,5.5));
#1750 = DIRECTION('',(0.,1.,-2.22044604925E-16));
#1751 = DIRECTION('',(-1.,0.,-0.));
#1752 = ORIENTED_EDGE('',*,*,#1738,.F.);
#1753 = ORIENTED_EDGE('',*,*,#1440,.F.);
#1754 = ORIENTED_EDGE('',*,*,#1723,.F.);
#1755 = ORIENTED_EDGE('',*,*,#1590,.F.);
#1756 = ORIENTED_EDGE('',*,*,#1516,.F.);
#1757 = ORIENTED_EDGE('',*,*,#1478,.F.);
#1758 = CYLINDRICAL_SURFACE('',#1759,3.3);
#1759 = AXIS2_PLACEMENT_3D('',#1760,#1761,#1762);
#1760 = CARTESIAN_POINT('',(47.03066200002,-4.2,5.5));
#1761 = DIRECTION('',(0.,-1.,2.22044604925E-16));
#1762 = DIRECTION('',(-1.,-0.,-0.));
#1763 = ADVANCED_FACE('',(#1764,#1768),#1779,.F.);
#1764 = FACE_BOUND('',#1765,.T.);
#1765 = EDGE_LOOP('',(#1766,#1767));
#1766 = ORIENTED_EDGE('',*,*,#1639,.T.);
#1767 = ORIENTED_EDGE('',*,*,#1658,.T.);
#1768 = FACE_BOUND('',#1769,.F.);
#1769 = EDGE_LOOP('',(#1770));
#1770 = ORIENTED_EDGE('',*,*,#1771,.T.);
#1771 = EDGE_CURVE('',#1772,#1772,#1774,.T.);
#1772 = VERTEX_POINT('',#1773);
#1773 = CARTESIAN_POINT('',(10.,0.,8.));
#1774 = CIRCLE('',#1775,10.);
#1775 = AXIS2_PLACEMENT_3D('',#1776,#1777,#1778);
#1776 = CARTESIAN_POINT('',(0.,0.,8.));
#1777 = DIRECTION('',(0.,0.,-1.));
#1778 = DIRECTION('',(1.,0.,0.));
#1779 = PLANE('',#1780);
#1780 = AXIS2_PLACEMENT_3D('',#1781,#1782,#1783);
#1781 = CARTESIAN_POINT('',(-4.756313504485E-16,-8.891286528518E-16,8.)
  );
#1782 = DIRECTION('',(0.,0.,1.));
#1783 = DIRECTION('',(1.,0.,0.));
#1784 = ADVANCED_FACE('',(#1785),#1788,.F.);
#1785 = FACE_BOUND('',#1786,.T.);
#1786 = EDGE_LOOP('',(#1787));
#1787 = ORIENTED_EDGE('',*,*,#1699,.T.);
#1788 = PLANE('',#1789);
#1789 = AXIS2_PLACEMENT_3D('',#1790,#1791,#1792);
#1790 = CARTESIAN_POINT('',(47.03066200002,0.8,5.5));
#1791 = DIRECTION('',(0.,-1.,-4.440892098501E-16));
#1792 = DIRECTION('',(0.,-4.440892098501E-16,1.));
#1793 = ADVANCED_FACE('',(#1794),#1797,.F.);
#1794 = FACE_BOUND('',#1795,.F.);
#1795 = EDGE_LOOP('',(#1796));
#1796 = ORIENTED_EDGE('',*,*,#1746,.T.);
#1797 = PLANE('',#1798);
#1798 = AXIS2_PLACEMENT_3D('',#1799,#1800,#1801);
#1799 = CARTESIAN_POINT('',(47.03066200002,-0.8,5.5));
#1800 = DIRECTION('',(0.,1.,0.));
#1801 = DIRECTION('',(-0.,-0.,-1.));
#1802 = ADVANCED_FACE('',(#1803),#1822,.F.);
#1803 = FACE_BOUND('',#1804,.T.);
#1804 = EDGE_LOOP('',(#1805,#1813,#1814,#1815));
#1805 = ORIENTED_EDGE('',*,*,#1806,.T.);
#1806 = EDGE_CURVE('',#1807,#1772,#1809,.T.);
#1807 = VERTEX_POINT('',#1808);
#1808 = CARTESIAN_POINT('',(10.,0.,9.));
#1809 = LINE('',#1810,#1811);
#1810 = CARTESIAN_POINT('',(10.,0.,9.));
#1811 = VECTOR('',#1812,1.);
#1812 = DIRECTION('',(0.,0.,-1.));
#1813 = ORIENTED_EDGE('',*,*,#1771,.T.);
#1814 = ORIENTED_EDGE('',*,*,#1806,.F.);
#1815 = ORIENTED_EDGE('',*,*,#1816,.F.);
#1816 = EDGE_CURVE('',#1807,#1807,#1817,.T.);
#1817 = CIRCLE('',#1818,10.);
#1818 = AXIS2_PLACEMENT_3D('',#1819,#1820,#1821);
#1819 = CARTESIAN_POINT('',(0.,0.,9.));
#1820 = DIRECTION('',(0.,0.,-1.));
#1821 = DIRECTION('',(1.,0.,0.));
#1822 = CYLINDRICAL_SURFACE('',#1823,10.);
#1823 = AXIS2_PLACEMENT_3D('',#1824,#1825,#1826);
#1824 = CARTESIAN_POINT('',(0.,0.,9.));
#1825 = DIRECTION('',(0.,0.,1.));
#1826 = DIRECTION('',(1.,0.,0.));
#1827 = ADVANCED_FACE('',(#1828),#1831,.F.);
#1828 = FACE_BOUND('',#1829,.F.);
#1829 = EDGE_LOOP('',(#1830));
#1830 = ORIENTED_EDGE('',*,*,#1816,.F.);
#1831 = PLANE('',#1832);
#1832 = AXIS2_PLACEMENT_3D('',#1833,#1834,#1835);
#1833 = CARTESIAN_POINT('',(-1.287002477684E-15,1.236537197009E-15,9.));
#1834 = DIRECTION('',(0.,0.,1.));
#1835 = DIRECTION('',(1.,0.,0.));
#1836 = ( GEOMETRIC_REPRESENTATION_CONTEXT(3) 
GLOBAL_UNCERTAINTY_ASSIGNED_CONTEXT((#1840)) 
GLOBAL_UNIT_ASSIGNED_CONTEXT((#1837,#1838,#1839)) REPRESENTATION_CONTEXT
('Context #1','3D Context with UNIT and UNCERTAINTY') );
#1837 = ( LENGTH_UNIT() NAMED_UNIT(*) SI_UNIT(.MILLI.,.METRE.) );
#1838 = ( NAMED_UNIT(*) PLANE_ANGLE_UNIT() SI_UNIT($,.RADIAN.) );
#1839 = ( NAMED_UNIT(*) SI_UNIT($,.STERADIAN.) SOLID_ANGLE_UNIT() );
#1840 = UNCERTAINTY_MEASURE_WITH_UNIT(LENGTH_MEASURE(2.E-05),#1837,
  'distance_accuracy_value','confusion accuracy');
#1841 = PRODUCT_RELATED_PRODUCT_CATEGORY('part',$,(#7));
#1842 = MECHANICAL_DESIGN_GEOMETRIC_PRESENTATION_REPRESENTATION('',(
    #1843),#1836);
#1843 = STYLED_ITEM('color',(#1844),#15);
#1844 = PRESENTATION_STYLE_ASSIGNMENT((#1845,#1851));
#1845 = SURFACE_STYLE_USAGE(.BOTH.,#1846);
#1846 = SURFACE_SIDE_STYLE('',(#1847));
#1847 = SURFACE_STYLE_FILL_AREA(#1848);
#1848 = FILL_AREA_STYLE('',(#1849));
#1849 = FILL_AREA_STYLE_COLOUR('',#1850);
#1850 = COLOUR_RGB('',0.447058818107,0.474509808674,0.501960817233);
#1851 = CURVE_STYLE('',#1852,POSITIVE_LENGTH_MEASURE(0.1),#1853);
#1852 = DRAUGHTING_PRE_DEFINED_CURVE_FONT('continuous');
#1853 = COLOUR_RGB('',9.803921802644E-02,9.803921802644E-02,
  9.803921802644E-02);
ENDSEC;
END-ISO-10303-21;
