ISO-10303-21;
HEADER;
FILE_DESCRIPTION(('FreeCAD Model'),'2;1');
FILE_NAME('Open CASCADE Shape Model','2026-01-23T12:05:43',(''),(''),
  'Open CASCADE STEP processor 7.8','FreeCAD','Unknown');
FILE_SCHEMA(('AUTOMOTIVE_DESIGN { 1 0 10303 214 1 1 1 1 }'));
ENDSEC;
DATA;
#1 = APPLICATION_PROTOCOL_DEFINITION('international standard',
  'automotive_design',2000,#2);
#2 = APPLICATION_CONTEXT(
  'core data for automotive mechanical design processes');
#3 = SHAPE_DEFINITION_REPRESENTATION(#4,#10);
#4 = PRODUCT_DEFINITION_SHAPE('','',#5);
#5 = PRODUCT_DEFINITION('design','',#6,#9);
#6 = PRODUCT_DEFINITION_FORMATION('','',#7);
#7 = PRODUCT('stator2','stator2','',(#8));
#8 = PRODUCT_CONTEXT('',#2,'mechanical');
#9 = PRODUCT_DEFINITION_CONTEXT('part definition',#2,'design');
#10 = ADVANCED_BREP_SHAPE_REPRESENTATION('',(#11,#15),#2763);
#11 = AXIS2_PLACEMENT_3D('',#12,#13,#14);
#12 = CARTESIAN_POINT('',(0.,0.,0.));
#13 = DIRECTION('',(0.,0.,1.));
#14 = DIRECTION('',(1.,0.,-0.));
#15 = MANIFOLD_SOLID_BREP('',#16);
#16 = CLOSED_SHELL('',(#17,#86,#118,#151,#236,#259,#275,#317,#376,#424,
    #471,#502,#549,#598,#657,#692,#729,#749,#770,#824,#849,#861,#892,
    #923,#956,#989,#1020,#1051,#1102,#1142,#1182,#1209,#1230,#1419,#1451
    ,#1475,#1499,#1557,#1606,#1669,#1702,#1765,#1798,#1861,#1902,#1928,
    #1952,#2013,#2054,#2080,#2097,#2144,#2167,#2184,#2195,#2269,#2300,
    #2338,#2369,#2400,#2426,#2458,#2482,#2506,#2518,#2577,#2593,#2609,
    #2621,#2637,#2649,#2676,#2703,#2717,#2731,#2745));
#17 = ADVANCED_FACE('',(#18),#81,.T.);
#18 = FACE_BOUND('',#19,.F.);
#19 = EDGE_LOOP('',(#20,#49,#58,#66,#75));
#20 = ORIENTED_EDGE('',*,*,#21,.T.);
#21 = EDGE_CURVE('',#22,#24,#26,.T.);
#22 = VERTEX_POINT('',#23);
#23 = CARTESIAN_POINT('',(0.76138883719,11.025032918998,17.951351351351)
  );
#24 = VERTEX_POINT('',#25);
#25 = CARTESIAN_POINT('',(0.311452352707,10.656707520423,18.566257666908
    ));
#26 = B_SPLINE_CURVE_WITH_KNOTS('',5,(#27,#28,#29,#30,#31,#32,#33,#34,
    #35,#36,#37,#38,#39,#40,#41,#42,#43,#44,#45,#46,#47,#48),
  .UNSPECIFIED.,.F.,.F.,(6,4,4,4,4,6),(0.,0.25305616281,0.501618522113,
    0.736982070222,0.96902430852,1.),.UNSPECIFIED.);
#27 = CARTESIAN_POINT('',(0.761388837205,11.025032918993,17.951351351404
    ));
#28 = CARTESIAN_POINT('',(0.758248325362,10.985524440396,17.985270287275
    ));
#29 = CARTESIAN_POINT('',(0.752277050814,10.947048235932,18.020125684785
    ));
#30 = CARTESIAN_POINT('',(0.743533805762,10.909988603532,18.055668629615
    ));
#31 = CARTESIAN_POINT('',(0.732064018401,10.874748826118,18.091643853876
    ));
#32 = CARTESIAN_POINT('',(0.70402454388,10.809343086663,18.163215578884)
  );
#33 = CARTESIAN_POINT('',(0.68755012768,10.77910091994,18.198804458538)
  );
#34 = CARTESIAN_POINT('',(0.668545433827,10.751426061406,18.234232355937
    ));
#35 = CARTESIAN_POINT('',(0.647073688175,10.726760872921,18.269147200931
    ));
#36 = CARTESIAN_POINT('',(0.600735806161,10.685412194869,18.335281715322
    ));
#37 = CARTESIAN_POINT('',(0.576111024954,10.668374736126,18.366598375317
    ));
#38 = CARTESIAN_POINT('',(0.549518998619,10.654764855533,18.396697501644
    ));
#39 = CARTESIAN_POINT('',(0.52115125075,10.644916547506,18.425134954255)
  );
#40 = CARTESIAN_POINT('',(0.461908980782,10.633205649485,18.47741285928)
  );
#41 = CARTESIAN_POINT('',(0.431072126353,10.631231299969,18.501315825293
    ));
#42 = CARTESIAN_POINT('',(0.399112710202,10.633281831921,18.522731659518
    ));
#43 = CARTESIAN_POINT('',(0.366428900071,10.639384628128,18.541249329953
    ));
#44 = CARTESIAN_POINT('',(0.329082534133,10.650693741428,18.558638202589
    ));
#45 = CARTESIAN_POINT('',(0.324679470716,10.652094682922,18.560629514996
    ));
#46 = CARTESIAN_POINT('',(0.32027270245,10.653564279481,18.562563594147)
  );
#47 = CARTESIAN_POINT('',(0.315863303028,10.655102065801,18.564439832186
    ));
#48 = CARTESIAN_POINT('',(0.311452352707,10.656707520423,18.566257666908
    ));
#49 = ORIENTED_EDGE('',*,*,#50,.T.);
#50 = EDGE_CURVE('',#24,#51,#53,.T.);
#51 = VERTEX_POINT('',#52);
#52 = CARTESIAN_POINT('',(0.141776575547,10.718464452785,18.6));
#53 = CIRCLE('',#54,0.5);
#54 = AXIS2_PLACEMENT_3D('',#55,#56,#57);
#55 = CARTESIAN_POINT('',(0.141776575547,10.718464452785,18.1));
#56 = DIRECTION('',(-0.342020143326,-0.939692620786,-2.940903702847E-16)
  );
#57 = DIRECTION('',(-0.939692620786,0.342020143326,-2.086536767334E-16)
  );
#58 = ORIENTED_EDGE('',*,*,#59,.F.);
#59 = EDGE_CURVE('',#60,#51,#62,.T.);
#60 = VERTEX_POINT('',#61);
#61 = CARTESIAN_POINT('',(1.236241034189,13.7254808393,18.6));
#62 = LINE('',#63,#64);
#63 = CARTESIAN_POINT('',(1.236241034189,13.7254808393,18.6));
#64 = VECTOR('',#65,1.);
#65 = DIRECTION('',(-0.342020143326,-0.939692620786,-2.940903702847E-16)
  );
#66 = ORIENTED_EDGE('',*,*,#67,.T.);
#67 = EDGE_CURVE('',#60,#68,#70,.T.);
#68 = VERTEX_POINT('',#69);
#69 = CARTESIAN_POINT('',(1.684843224169,13.56220299512,17.951351351351)
  );
#70 = CIRCLE('',#71,0.5);
#71 = AXIS2_PLACEMENT_3D('',#72,#73,#74);
#72 = CARTESIAN_POINT('',(1.236241034189,13.7254808393,18.1));
#73 = DIRECTION('',(0.342020143326,0.939692620786,2.940903702847E-16));
#74 = DIRECTION('',(-0.939692620786,0.342020143326,-2.086536767334E-16)
  );
#75 = ORIENTED_EDGE('',*,*,#76,.T.);
#76 = EDGE_CURVE('',#68,#22,#77,.T.);
#77 = LINE('',#78,#79);
#78 = CARTESIAN_POINT('',(1.684843224169,13.56220299512,17.951351351351)
  );
#79 = VECTOR('',#80,1.);
#80 = DIRECTION('',(-0.342020143326,-0.939692620786,-2.940903702847E-16)
  );
#81 = CYLINDRICAL_SURFACE('',#82,0.5);
#82 = AXIS2_PLACEMENT_3D('',#83,#84,#85);
#83 = CARTESIAN_POINT('',(1.236241034189,13.7254808393,18.1));
#84 = DIRECTION('',(-0.342020143326,-0.939692620786,-2.940903702847E-16)
  );
#85 = DIRECTION('',(-2.966551509217E-16,-2.049907903789E-16,1.));
#86 = ADVANCED_FACE('',(#87),#113,.F.);
#87 = FACE_BOUND('',#88,.T.);
#88 = EDGE_LOOP('',(#89,#99,#106,#107));
#89 = ORIENTED_EDGE('',*,*,#90,.F.);
#90 = EDGE_CURVE('',#91,#93,#95,.T.);
#91 = VERTEX_POINT('',#92);
#92 = CARTESIAN_POINT('',(-1.7763568394E-15,10.7700669062,
    17.348194857748));
#93 = VERTEX_POINT('',#94);
#94 = CARTESIAN_POINT('',(-1.054711873394E-15,10.7700669062,18.6));
#95 = LINE('',#96,#97);
#96 = CARTESIAN_POINT('',(6.661338147751E-16,10.7700669062,14.6));
#97 = VECTOR('',#98,1.);
#98 = DIRECTION('',(-1.110223024625E-16,-4.040881343605E-17,1.));
#99 = ORIENTED_EDGE('',*,*,#100,.T.);
#100 = EDGE_CURVE('',#91,#24,#101,.T.);
#101 = CIRCLE('',#102,3.7);
#102 = AXIS2_PLACEMENT_3D('',#103,#104,#105);
#103 = CARTESIAN_POINT('',(3.4614327814,9.510208405857,17.));
#104 = DIRECTION('',(0.342020143326,0.939692620786,7.594372760115E-17));
#105 = DIRECTION('',(-0.939692620786,0.342020143326,-2.086536767334E-16)
  );
#106 = ORIENTED_EDGE('',*,*,#50,.T.);
#107 = ORIENTED_EDGE('',*,*,#108,.F.);
#108 = EDGE_CURVE('',#93,#51,#109,.T.);
#109 = LINE('',#110,#111);
#110 = CARTESIAN_POINT('',(-0.297337701743,10.87828897916,18.6));
#111 = VECTOR('',#112,1.);
#112 = DIRECTION('',(0.939692620786,-0.342020143326,1.808981011177E-16)
  );
#113 = PLANE('',#114);
#114 = AXIS2_PLACEMENT_3D('',#115,#116,#117);
#115 = CARTESIAN_POINT('',(3.4614327814,9.510208405857,14.6));
#116 = DIRECTION('',(0.342020143326,0.939692620786,7.594372760115E-17));
#117 = DIRECTION('',(0.939692620786,-0.342020143326,2.086536767334E-16)
  );
#118 = ADVANCED_FACE('',(#119),#146,.F.);
#119 = FACE_BOUND('',#120,.F.);
#120 = EDGE_LOOP('',(#121,#129,#130,#139));
#121 = ORIENTED_EDGE('',*,*,#122,.F.);
#122 = EDGE_CURVE('',#93,#123,#125,.T.);
#123 = VERTEX_POINT('',#124);
#124 = CARTESIAN_POINT('',(-0.141776575547,10.718464452785,18.6));
#125 = LINE('',#126,#127);
#126 = CARTESIAN_POINT('',(0.297337701743,10.87828897916,18.6));
#127 = VECTOR('',#128,1.);
#128 = DIRECTION('',(-0.939692620786,-0.342020143326,-2.775557561563E-17
    ));
#129 = ORIENTED_EDGE('',*,*,#90,.F.);
#130 = ORIENTED_EDGE('',*,*,#131,.T.);
#131 = EDGE_CURVE('',#91,#132,#134,.T.);
#132 = VERTEX_POINT('',#133);
#133 = CARTESIAN_POINT('',(-0.311452352707,10.656707520423,
    18.566257666908));
#134 = CIRCLE('',#135,3.7);
#135 = AXIS2_PLACEMENT_3D('',#136,#137,#138);
#136 = CARTESIAN_POINT('',(-3.4614327814,9.510208405857,17.));
#137 = DIRECTION('',(0.342020143326,-0.939692620786,0.));
#138 = DIRECTION('',(0.939692620786,0.342020143326,0.));
#139 = ORIENTED_EDGE('',*,*,#140,.T.);
#140 = EDGE_CURVE('',#132,#123,#141,.T.);
#141 = CIRCLE('',#142,0.5);
#142 = AXIS2_PLACEMENT_3D('',#143,#144,#145);
#143 = CARTESIAN_POINT('',(-0.141776575547,10.718464452785,18.1));
#144 = DIRECTION('',(-0.342020143326,0.939692620786,2.181466426835E-16)
  );
#145 = DIRECTION('',(0.939692620786,0.342020143326,0.));
#146 = PLANE('',#147);
#147 = AXIS2_PLACEMENT_3D('',#148,#149,#150);
#148 = CARTESIAN_POINT('',(-3.4614327814,9.510208405857,14.6));
#149 = DIRECTION('',(-0.342020143326,0.939692620786,0.));
#150 = DIRECTION('',(0.939692620786,0.342020143326,0.));
#151 = ADVANCED_FACE('',(#152),#231,.T.);
#152 = FACE_BOUND('',#153,.T.);
#153 = EDGE_LOOP('',(#154,#164,#189,#190,#198,#207,#216,#224));
#154 = ORIENTED_EDGE('',*,*,#155,.T.);
#155 = EDGE_CURVE('',#156,#158,#160,.T.);
#156 = VERTEX_POINT('',#157);
#157 = CARTESIAN_POINT('',(-1.684843224169,13.56220299512,
    17.951351351351));
#158 = VERTEX_POINT('',#159);
#159 = CARTESIAN_POINT('',(-0.76138883719,11.025032918998,
    17.951351351351));
#160 = LINE('',#161,#162);
#161 = CARTESIAN_POINT('',(-1.684843224169,13.56220299512,
    17.951351351351));
#162 = VECTOR('',#163,1.);
#163 = DIRECTION('',(0.342020143326,-0.939692620786,-2.181466426835E-16)
  );
#164 = ORIENTED_EDGE('',*,*,#165,.T.);
#165 = EDGE_CURVE('',#158,#132,#166,.T.);
#166 = B_SPLINE_CURVE_WITH_KNOTS('',5,(#167,#168,#169,#170,#171,#172,
    #173,#174,#175,#176,#177,#178,#179,#180,#181,#182,#183,#184,#185,
    #186,#187,#188),.UNSPECIFIED.,.F.,.F.,(6,4,4,4,4,6),(0.,
    0.25305616281,0.501618522113,0.736982070222,0.96902430852,1.),
  .UNSPECIFIED.);
#167 = CARTESIAN_POINT('',(-0.761388837205,11.025032918993,
    17.951351351404));
#168 = CARTESIAN_POINT('',(-0.758248325362,10.985524440396,
    17.985270287275));
#169 = CARTESIAN_POINT('',(-0.752277050814,10.947048235932,
    18.020125684785));
#170 = CARTESIAN_POINT('',(-0.743533805762,10.909988603532,
    18.055668629615));
#171 = CARTESIAN_POINT('',(-0.732064018401,10.874748826118,
    18.091643853876));
#172 = CARTESIAN_POINT('',(-0.70402454388,10.809343086663,
    18.163215578884));
#173 = CARTESIAN_POINT('',(-0.68755012768,10.77910091994,18.198804458538
    ));
#174 = CARTESIAN_POINT('',(-0.668545433827,10.751426061406,
    18.234232355937));
#175 = CARTESIAN_POINT('',(-0.647073688175,10.726760872921,
    18.269147200931));
#176 = CARTESIAN_POINT('',(-0.600735806161,10.685412194869,
    18.335281715322));
#177 = CARTESIAN_POINT('',(-0.576111024954,10.668374736126,
    18.366598375317));
#178 = CARTESIAN_POINT('',(-0.549518998619,10.654764855533,
    18.396697501644));
#179 = CARTESIAN_POINT('',(-0.52115125075,10.644916547506,
    18.425134954255));
#180 = CARTESIAN_POINT('',(-0.461908980782,10.633205649485,
    18.47741285928));
#181 = CARTESIAN_POINT('',(-0.431072126353,10.631231299969,
    18.501315825293));
#182 = CARTESIAN_POINT('',(-0.399112710202,10.633281831921,
    18.522731659518));
#183 = CARTESIAN_POINT('',(-0.366428900071,10.639384628128,
    18.541249329953));
#184 = CARTESIAN_POINT('',(-0.329082534133,10.650693741428,
    18.558638202589));
#185 = CARTESIAN_POINT('',(-0.324679470716,10.652094682922,
    18.560629514996));
#186 = CARTESIAN_POINT('',(-0.32027270245,10.653564279481,
    18.562563594147));
#187 = CARTESIAN_POINT('',(-0.315863303028,10.655102065801,
    18.564439832186));
#188 = CARTESIAN_POINT('',(-0.311452352707,10.656707520423,
    18.566257666908));
#189 = ORIENTED_EDGE('',*,*,#140,.T.);
#190 = ORIENTED_EDGE('',*,*,#191,.F.);
#191 = EDGE_CURVE('',#192,#123,#194,.T.);
#192 = VERTEX_POINT('',#193);
#193 = CARTESIAN_POINT('',(-0.185076175175,10.837429125036,18.6));
#194 = LINE('',#195,#196);
#195 = CARTESIAN_POINT('',(-1.236241034189,13.7254808393,18.6));
#196 = VECTOR('',#197,1.);
#197 = DIRECTION('',(0.342020143326,-0.939692620786,-2.181466426835E-16)
  );
#198 = ORIENTED_EDGE('',*,*,#199,.F.);
#199 = EDGE_CURVE('',#200,#192,#202,.T.);
#200 = VERTEX_POINT('',#201);
#201 = CARTESIAN_POINT('',(-0.297337701743,10.87828897916,
    18.591553397032));
#202 = ELLIPSE('',#203,0.652703644666,0.5);
#203 = AXIS2_PLACEMENT_3D('',#204,#205,#206);
#204 = CARTESIAN_POINT('',(-0.185076175175,10.837429125036,18.1));
#205 = DIRECTION('',(0.342020143326,0.939692620786,7.594372760115E-17));
#206 = DIRECTION('',(0.939692620786,-0.342020143326,-2.488697195687E-16)
  );
#207 = ORIENTED_EDGE('',*,*,#208,.F.);
#208 = EDGE_CURVE('',#209,#200,#211,.T.);
#209 = VERTEX_POINT('',#210);
#210 = CARTESIAN_POINT('',(-0.248642823798,11.012077056758,18.6));
#211 = ELLIPSE('',#212,0.77786191343,0.5);
#212 = AXIS2_PLACEMENT_3D('',#213,#214,#215);
#213 = CARTESIAN_POINT('',(-0.248642823798,11.012077056758,18.1));
#214 = DIRECTION('',(0.939692620786,-0.342020143326,1.808981011177E-16)
  );
#215 = DIRECTION('',(-0.342020143326,-0.939692620786,-4.36561747431E-16)
  );
#216 = ORIENTED_EDGE('',*,*,#217,.F.);
#217 = EDGE_CURVE('',#218,#209,#220,.T.);
#218 = VERTEX_POINT('',#219);
#219 = CARTESIAN_POINT('',(-1.236241034189,13.7254808393,18.6));
#220 = LINE('',#221,#222);
#221 = CARTESIAN_POINT('',(-1.236241034189,13.7254808393,18.6));
#222 = VECTOR('',#223,1.);
#223 = DIRECTION('',(0.342020143326,-0.939692620786,-2.181466426835E-16)
  );
#224 = ORIENTED_EDGE('',*,*,#225,.T.);
#225 = EDGE_CURVE('',#218,#156,#226,.T.);
#226 = CIRCLE('',#227,0.5);
#227 = AXIS2_PLACEMENT_3D('',#228,#229,#230);
#228 = CARTESIAN_POINT('',(-1.236241034189,13.7254808393,18.1));
#229 = DIRECTION('',(0.342020143326,-0.939692620786,-2.181466426835E-16)
  );
#230 = DIRECTION('',(0.939692620786,0.342020143326,0.));
#231 = CYLINDRICAL_SURFACE('',#232,0.5);
#232 = AXIS2_PLACEMENT_3D('',#233,#234,#235);
#233 = CARTESIAN_POINT('',(-1.236241034189,13.7254808393,18.1));
#234 = DIRECTION('',(0.342020143326,-0.939692620786,-2.181466426835E-16)
  );
#235 = DIRECTION('',(7.461054599663E-17,-2.049907903789E-16,1.));
#236 = ADVANCED_FACE('',(#237),#254,.F.);
#237 = FACE_BOUND('',#238,.T.);
#238 = EDGE_LOOP('',(#239,#240,#248));
#239 = ORIENTED_EDGE('',*,*,#199,.T.);
#240 = ORIENTED_EDGE('',*,*,#241,.F.);
#241 = EDGE_CURVE('',#242,#192,#244,.T.);
#242 = VERTEX_POINT('',#243);
#243 = CARTESIAN_POINT('',(-0.297337701743,10.87828897916,18.6));
#244 = LINE('',#245,#246);
#245 = CARTESIAN_POINT('',(-0.297337701743,10.87828897916,18.6));
#246 = VECTOR('',#247,1.);
#247 = DIRECTION('',(0.939692620786,-0.342020143326,1.808981011177E-16)
  );
#248 = ORIENTED_EDGE('',*,*,#249,.F.);
#249 = EDGE_CURVE('',#200,#242,#250,.T.);
#250 = LINE('',#251,#252);
#251 = CARTESIAN_POINT('',(-0.297337701743,10.87828897916,10.6));
#252 = VECTOR('',#253,1.);
#253 = DIRECTION('',(-1.992096809082E-16,-1.841343600287E-17,1.));
#254 = PLANE('',#255);
#255 = AXIS2_PLACEMENT_3D('',#256,#257,#258);
#256 = CARTESIAN_POINT('',(3.4614327814,9.510208405857,14.6));
#257 = DIRECTION('',(0.342020143326,0.939692620786,7.594372760115E-17));
#258 = DIRECTION('',(0.939692620786,-0.342020143326,2.086536767334E-16)
  );
#259 = ADVANCED_FACE('',(#260),#270,.F.);
#260 = FACE_BOUND('',#261,.T.);
#261 = EDGE_LOOP('',(#262,#263,#264));
#262 = ORIENTED_EDGE('',*,*,#208,.T.);
#263 = ORIENTED_EDGE('',*,*,#249,.T.);
#264 = ORIENTED_EDGE('',*,*,#265,.F.);
#265 = EDGE_CURVE('',#209,#242,#266,.T.);
#266 = LINE('',#267,#268);
#267 = CARTESIAN_POINT('',(1.412763014885,15.576752083089,18.6));
#268 = VECTOR('',#269,1.);
#269 = DIRECTION('',(-0.342020143326,-0.939692620786,-1.869660300637E-16
    ));
#270 = PLANE('',#271);
#271 = AXIS2_PLACEMENT_3D('',#272,#273,#274);
#272 = CARTESIAN_POINT('',(1.412763014885,15.576752083089,10.6));
#273 = DIRECTION('',(0.939692620786,-0.342020143326,1.808981011177E-16)
  );
#274 = DIRECTION('',(1.992096809082E-16,1.841343600287E-17,-1.));
#275 = ADVANCED_FACE('',(#276),#312,.F.);
#276 = FACE_BOUND('',#277,.F.);
#277 = EDGE_LOOP('',(#278,#287,#296,#305,#311));
#278 = ORIENTED_EDGE('',*,*,#279,.F.);
#279 = EDGE_CURVE('',#280,#156,#282,.T.);
#280 = VERTEX_POINT('',#281);
#281 = CARTESIAN_POINT('',(-1.548880853527,13.611689251014,17.));
#282 = CIRCLE('',#283,3.2);
#283 = AXIS2_PLACEMENT_3D('',#284,#285,#286);
#284 = CARTESIAN_POINT('',(-4.555897240042,12.517224792372,17.));
#285 = DIRECTION('',(0.342020143326,-0.939692620786,-2.181466426835E-16)
  );
#286 = DIRECTION('',(0.939692620786,0.342020143326,2.775557561563E-17));
#287 = ORIENTED_EDGE('',*,*,#288,.F.);
#288 = EDGE_CURVE('',#289,#280,#291,.T.);
#289 = VERTEX_POINT('',#290);
#290 = CARTESIAN_POINT('',(-7.426951255916,11.472246589624,
    17.951351351351));
#291 = CIRCLE('',#292,3.2);
#292 = AXIS2_PLACEMENT_3D('',#293,#294,#295);
#293 = CARTESIAN_POINT('',(-4.555897240042,12.517224792372,17.));
#294 = DIRECTION('',(0.342020143326,-0.939692620786,-2.181466426835E-16)
  );
#295 = DIRECTION('',(0.939692620786,0.342020143326,2.775557561563E-17));
#296 = ORIENTED_EDGE('',*,*,#297,.F.);
#297 = EDGE_CURVE('',#298,#289,#300,.T.);
#298 = VERTEX_POINT('',#299);
#299 = CARTESIAN_POINT('',(-7.875553445896,11.308968745444,18.6));
#300 = CIRCLE('',#301,0.5);
#301 = AXIS2_PLACEMENT_3D('',#302,#303,#304);
#302 = CARTESIAN_POINT('',(-7.875553445896,11.308968745444,18.1));
#303 = DIRECTION('',(-0.342020143326,0.939692620786,2.181466426835E-16)
  );
#304 = DIRECTION('',(0.939692620786,0.342020143326,0.));
#305 = ORIENTED_EDGE('',*,*,#306,.T.);
#306 = EDGE_CURVE('',#298,#218,#307,.T.);
#307 = LINE('',#308,#309);
#308 = CARTESIAN_POINT('',(-4.555897240042,12.517224792372,18.6));
#309 = VECTOR('',#310,1.);
#310 = DIRECTION('',(0.939692620786,0.342020143326,0.));
#311 = ORIENTED_EDGE('',*,*,#225,.T.);
#312 = PLANE('',#313);
#313 = AXIS2_PLACEMENT_3D('',#314,#315,#316);
#314 = CARTESIAN_POINT('',(-4.555897240042,12.517224792372,17.));
#315 = DIRECTION('',(-0.342020143326,0.939692620786,1.570174527243E-16)
  );
#316 = DIRECTION('',(0.939692620786,0.342020143326,0.));
#317 = ADVANCED_FACE('',(#318),#371,.T.);
#318 = FACE_BOUND('',#319,.F.);
#319 = EDGE_LOOP('',(#320,#349,#358,#364,#365));
#320 = ORIENTED_EDGE('',*,*,#321,.T.);
#321 = EDGE_CURVE('',#322,#324,#326,.T.);
#322 = VERTEX_POINT('',#323);
#323 = CARTESIAN_POINT('',(-6.503496868936,8.935076513502,
    17.951351351351));
#324 = VERTEX_POINT('',#325);
#325 = CARTESIAN_POINT('',(-6.611413210094,8.363709291292,
    18.566257666908));
#326 = B_SPLINE_CURVE_WITH_KNOTS('',5,(#327,#328,#329,#330,#331,#332,
    #333,#334,#335,#336,#337,#338,#339,#340,#341,#342,#343,#344,#345,
    #346,#347,#348),.UNSPECIFIED.,.F.,.F.,(6,4,4,4,4,6),(0.,
    0.253056162796,0.501618522098,0.736982070207,0.96902430852,1.),
  .UNSPECIFIED.);
#327 = CARTESIAN_POINT('',(-6.503496868936,8.935076513502,
    17.951351351351));
#328 = CARTESIAN_POINT('',(-6.480507080026,8.902792580949,
    17.985270287369));
#329 = CARTESIAN_POINT('',(-6.460349314266,8.869479836992,
    18.020125684676));
#330 = CARTESIAN_POINT('',(-6.443225555991,8.835470461973,
    18.055668629647));
#331 = CARTESIAN_POINT('',(-6.429360230583,8.801102589098,
    18.091643853865));
#332 = CARTESIAN_POINT('',(-6.408797715302,8.732975459038,
    18.163215578871));
#333 = CARTESIAN_POINT('',(-6.401978560225,8.699219064662,
    18.198804458525));
#334 = CARTESIAN_POINT('',(-6.398747944177,8.665802911333,
    18.234232355924));
#335 = CARTESIAN_POINT('',(-6.399341778069,8.633106508692,
    18.269147200919));
#336 = CARTESIAN_POINT('',(-6.40826023716,8.571646167222,18.33528171531)
  );
#337 = CARTESIAN_POINT('',(-6.416172446585,8.542766212376,
    18.366598375306));
#338 = CARTESIAN_POINT('',(-6.427794857975,8.51524741393,18.396697501633
    ));
#339 = CARTESIAN_POINT('',(-6.443195443216,8.489468735447,
    18.425134954245));
#340 = CARTESIAN_POINT('',(-6.481050034776,8.442417469985,
    18.477412859273));
#341 = CARTESIAN_POINT('',(-6.50340334835,8.42108348256,18.501315825288)
  );
#342 = CARTESIAN_POINT('',(-6.529203738031,8.40211116445,18.522731659516
    ));
#343 = CARTESIAN_POINT('',(-6.55816379095,8.385777429381,18.541249329952
    ));
#344 = CARTESIAN_POINT('',(-6.594042124955,8.370434931488,
    18.558638202589));
#345 = CARTESIAN_POINT('',(-6.598315575053,8.368677880325,
    18.560629514996));
#346 = CARTESIAN_POINT('',(-6.602635993855,8.366971040563,
    18.562563594147));
#347 = CARTESIAN_POINT('',(-6.607002259772,8.365314745913,
    18.564439832186));
#348 = CARTESIAN_POINT('',(-6.611413210094,8.363709291292,
    18.566257666908));
#349 = ORIENTED_EDGE('',*,*,#350,.T.);
#350 = EDGE_CURVE('',#324,#351,#353,.T.);
#351 = VERTEX_POINT('',#352);
#352 = CARTESIAN_POINT('',(-6.781088987254,8.301952358929,18.6));
#353 = CIRCLE('',#354,0.5);
#354 = AXIS2_PLACEMENT_3D('',#355,#356,#357);
#355 = CARTESIAN_POINT('',(-6.781088987254,8.301952358929,18.1));
#356 = DIRECTION('',(0.342020143326,-0.939692620786,-2.181466426835E-16)
  );
#357 = DIRECTION('',(0.939692620786,0.342020143326,0.));
#358 = ORIENTED_EDGE('',*,*,#359,.F.);
#359 = EDGE_CURVE('',#298,#351,#360,.T.);
#360 = LINE('',#361,#362);
#361 = CARTESIAN_POINT('',(-7.875553445896,11.308968745444,18.6));
#362 = VECTOR('',#363,1.);
#363 = DIRECTION('',(0.342020143326,-0.939692620786,-2.181466426835E-16)
  );
#364 = ORIENTED_EDGE('',*,*,#297,.T.);
#365 = ORIENTED_EDGE('',*,*,#366,.T.);
#366 = EDGE_CURVE('',#289,#322,#367,.T.);
#367 = LINE('',#368,#369);
#368 = CARTESIAN_POINT('',(-7.426951255916,11.472246589624,
    17.951351351351));
#369 = VECTOR('',#370,1.);
#370 = DIRECTION('',(0.342020143326,-0.939692620786,-2.181466426835E-16)
  );
#371 = CYLINDRICAL_SURFACE('',#372,0.5);
#372 = AXIS2_PLACEMENT_3D('',#373,#374,#375);
#373 = CARTESIAN_POINT('',(-7.875553445896,11.308968745444,18.1));
#374 = DIRECTION('',(0.342020143326,-0.939692620786,-2.181466426835E-16)
  );
#375 = DIRECTION('',(7.461054599663E-17,-2.049907903789E-16,1.));
#376 = ADVANCED_FACE('',(#377),#419,.F.);
#377 = FACE_BOUND('',#378,.F.);
#378 = EDGE_LOOP('',(#379,#389,#397,#405,#411,#412));
#379 = ORIENTED_EDGE('',*,*,#380,.F.);
#380 = EDGE_CURVE('',#381,#383,#385,.T.);
#381 = VERTEX_POINT('',#382);
#382 = CARTESIAN_POINT('',(-4.440892098501E-15,10.7700669062,10.6));
#383 = VERTEX_POINT('',#384);
#384 = CARTESIAN_POINT('',(-1.33226762955E-15,10.7700669062,
    16.651805142252));
#385 = LINE('',#386,#387);
#386 = CARTESIAN_POINT('',(6.661338147751E-16,10.7700669062,14.6));
#387 = VECTOR('',#388,1.);
#388 = DIRECTION('',(-1.110223024625E-16,-4.040881343605E-17,1.));
#389 = ORIENTED_EDGE('',*,*,#390,.F.);
#390 = EDGE_CURVE('',#391,#381,#393,.T.);
#391 = VERTEX_POINT('',#392);
#392 = CARTESIAN_POINT('',(-7.220203264544,8.142127832554,10.6));
#393 = LINE('',#394,#395);
#394 = CARTESIAN_POINT('',(-7.220203264544,8.142127832554,10.6));
#395 = VECTOR('',#396,1.);
#396 = DIRECTION('',(0.939692620786,0.342020143326,2.775557561563E-17));
#397 = ORIENTED_EDGE('',*,*,#398,.F.);
#398 = EDGE_CURVE('',#399,#391,#401,.T.);
#399 = VERTEX_POINT('',#400);
#400 = CARTESIAN_POINT('',(-7.220203264544,8.142127832554,18.6));
#401 = LINE('',#402,#403);
#402 = CARTESIAN_POINT('',(-7.220203264544,8.142127832554,18.6));
#403 = VECTOR('',#404,1.);
#404 = DIRECTION('',(2.283492401682E-17,1.841343600287E-17,-1.));
#405 = ORIENTED_EDGE('',*,*,#406,.F.);
#406 = EDGE_CURVE('',#351,#399,#407,.T.);
#407 = LINE('',#408,#409);
#408 = CARTESIAN_POINT('',(0.297337701743,10.87828897916,18.6));
#409 = VECTOR('',#410,1.);
#410 = DIRECTION('',(-0.939692620786,-0.342020143326,-2.775557561563E-17
    ));
#411 = ORIENTED_EDGE('',*,*,#350,.F.);
#412 = ORIENTED_EDGE('',*,*,#413,.T.);
#413 = EDGE_CURVE('',#324,#383,#414,.T.);
#414 = CIRCLE('',#415,3.7);
#415 = AXIS2_PLACEMENT_3D('',#416,#417,#418);
#416 = CARTESIAN_POINT('',(-3.4614327814,9.510208405857,17.));
#417 = DIRECTION('',(0.342020143326,-0.939692620786,0.));
#418 = DIRECTION('',(-0.813797681349,-0.296198132726,0.5));
#419 = PLANE('',#420);
#420 = AXIS2_PLACEMENT_3D('',#421,#422,#423);
#421 = CARTESIAN_POINT('',(-3.4614327814,9.510208405857,14.6));
#422 = DIRECTION('',(-0.342020143326,0.939692620786,0.));
#423 = DIRECTION('',(0.939692620786,0.342020143326,0.));
#424 = ADVANCED_FACE('',(#425),#466,.T.);
#425 = FACE_BOUND('',#426,.T.);
#426 = EDGE_LOOP('',(#427,#437,#445,#451,#452,#460));
#427 = ORIENTED_EDGE('',*,*,#428,.F.);
#428 = EDGE_CURVE('',#429,#431,#433,.T.);
#429 = VERTEX_POINT('',#430);
#430 = CARTESIAN_POINT('',(-8.930303981172,12.840590936484,0.));
#431 = VERTEX_POINT('',#432);
#432 = CARTESIAN_POINT('',(-10.02476843981,15.847607322999,0.));
#433 = LINE('',#434,#435);
#434 = CARTESIAN_POINT('',(-8.930303981172,12.840590936484,0.));
#435 = VECTOR('',#436,1.);
#436 = DIRECTION('',(-0.342020143326,0.939692620786,0.));
#437 = ORIENTED_EDGE('',*,*,#438,.T.);
#438 = EDGE_CURVE('',#429,#439,#441,.T.);
#439 = VERTEX_POINT('',#440);
#440 = CARTESIAN_POINT('',(-8.930303981173,12.840590936484,10.6));
#441 = LINE('',#442,#443);
#442 = CARTESIAN_POINT('',(-8.930303981173,12.840590936484,2.));
#443 = VECTOR('',#444,1.);
#444 = DIRECTION('',(0.,0.,1.));
#445 = ORIENTED_EDGE('',*,*,#446,.T.);
#446 = EDGE_CURVE('',#439,#391,#447,.T.);
#447 = LINE('',#448,#449);
#448 = CARTESIAN_POINT('',(-8.930303981173,12.840590936484,10.6));
#449 = VECTOR('',#450,1.);
#450 = DIRECTION('',(0.342020143326,-0.939692620786,-1.110223024625E-16)
  );
#451 = ORIENTED_EDGE('',*,*,#398,.F.);
#452 = ORIENTED_EDGE('',*,*,#453,.F.);
#453 = EDGE_CURVE('',#454,#399,#456,.T.);
#454 = VERTEX_POINT('',#455);
#455 = CARTESIAN_POINT('',(-10.02476843981,15.847607322999,18.6));
#456 = LINE('',#457,#458);
#457 = CARTESIAN_POINT('',(-8.930303981173,12.840590936484,18.6));
#458 = VECTOR('',#459,1.);
#459 = DIRECTION('',(0.342020143326,-0.939692620786,-1.110223024625E-16)
  );
#460 = ORIENTED_EDGE('',*,*,#461,.F.);
#461 = EDGE_CURVE('',#431,#454,#462,.T.);
#462 = LINE('',#463,#464);
#463 = CARTESIAN_POINT('',(-10.02476843981,15.847607322999,0.));
#464 = VECTOR('',#465,1.);
#465 = DIRECTION('',(0.,0.,1.));
#466 = PLANE('',#467);
#467 = AXIS2_PLACEMENT_3D('',#468,#469,#470);
#468 = CARTESIAN_POINT('',(-8.960677411811,12.924041251315,
    10.288805970149));
#469 = DIRECTION('',(-0.939692620786,-0.342020143326,5.509833975812E-16)
  );
#470 = DIRECTION('',(0.342020143326,-0.939692620786,0.));
#471 = ADVANCED_FACE('',(#472),#497,.T.);
#472 = FACE_BOUND('',#473,.T.);
#473 = EDGE_LOOP('',(#474,#482,#483,#491));
#474 = ORIENTED_EDGE('',*,*,#475,.F.);
#475 = EDGE_CURVE('',#431,#476,#478,.T.);
#476 = VERTEX_POINT('',#477);
#477 = CARTESIAN_POINT('',(-2.507227473527,18.583768469604,0.));
#478 = LINE('',#479,#480);
#479 = CARTESIAN_POINT('',(-10.02476843981,15.847607322999,0.));
#480 = VECTOR('',#481,1.);
#481 = DIRECTION('',(0.939692620786,0.342020143326,0.));
#482 = ORIENTED_EDGE('',*,*,#461,.T.);
#483 = ORIENTED_EDGE('',*,*,#484,.T.);
#484 = EDGE_CURVE('',#454,#485,#487,.T.);
#485 = VERTEX_POINT('',#486);
#486 = CARTESIAN_POINT('',(-2.507227473527,18.583768469604,18.6));
#487 = LINE('',#488,#489);
#488 = CARTESIAN_POINT('',(-11.2359609737,15.406769292699,18.6));
#489 = VECTOR('',#490,1.);
#490 = DIRECTION('',(0.939692620786,0.342020143326,0.));
#491 = ORIENTED_EDGE('',*,*,#492,.F.);
#492 = EDGE_CURVE('',#476,#485,#493,.T.);
#493 = LINE('',#494,#495);
#494 = CARTESIAN_POINT('',(-2.507227473527,18.583768469604,0.));
#495 = VECTOR('',#496,1.);
#496 = DIRECTION('',(0.,0.,1.));
#497 = PLANE('',#498);
#498 = AXIS2_PLACEMENT_3D('',#499,#500,#501);
#499 = CARTESIAN_POINT('',(-6.265997956671,17.215687896302,9.3));
#500 = DIRECTION('',(-0.342020143326,0.939692620786,0.));
#501 = DIRECTION('',(0.939692620786,0.342020143326,0.));
#502 = ADVANCED_FACE('',(#503),#544,.T.);
#503 = FACE_BOUND('',#504,.T.);
#504 = EDGE_LOOP('',(#505,#513,#514,#522,#530,#538));
#505 = ORIENTED_EDGE('',*,*,#506,.F.);
#506 = EDGE_CURVE('',#476,#507,#509,.T.);
#507 = VERTEX_POINT('',#508);
#508 = CARTESIAN_POINT('',(-1.412763014885,15.576752083089,0.));
#509 = LINE('',#510,#511);
#510 = CARTESIAN_POINT('',(-2.507227473527,18.583768469604,0.));
#511 = VECTOR('',#512,1.);
#512 = DIRECTION('',(0.342020143326,-0.939692620786,0.));
#513 = ORIENTED_EDGE('',*,*,#492,.T.);
#514 = ORIENTED_EDGE('',*,*,#515,.T.);
#515 = EDGE_CURVE('',#485,#516,#518,.T.);
#516 = VERTEX_POINT('',#517);
#517 = CARTESIAN_POINT('',(4.193312364009E-13,11.695217600653,18.6));
#518 = LINE('',#519,#520);
#519 = CARTESIAN_POINT('',(0.216349280267,11.100802838406,18.6));
#520 = VECTOR('',#521,1.);
#521 = DIRECTION('',(0.342020143326,-0.939692620786,0.));
#522 = ORIENTED_EDGE('',*,*,#523,.F.);
#523 = EDGE_CURVE('',#524,#516,#526,.T.);
#524 = VERTEX_POINT('',#525);
#525 = CARTESIAN_POINT('',(1.110223024625E-16,11.695217600652,10.6));
#526 = LINE('',#527,#528);
#527 = CARTESIAN_POINT('',(5.107025913276E-15,11.695217600652,
    10.444402985074));
#528 = VECTOR('',#529,1.);
#529 = DIRECTION('',(6.492410071267E-16,2.312685670894E-15,1.));
#530 = ORIENTED_EDGE('',*,*,#531,.F.);
#531 = EDGE_CURVE('',#532,#524,#534,.T.);
#532 = VERTEX_POINT('',#533);
#533 = CARTESIAN_POINT('',(-1.412763014885,15.576752083089,10.6));
#534 = LINE('',#535,#536);
#535 = CARTESIAN_POINT('',(-1.412763014885,15.576752083089,10.6));
#536 = VECTOR('',#537,1.);
#537 = DIRECTION('',(0.342020143326,-0.939692620786,-1.110223024625E-16)
  );
#538 = ORIENTED_EDGE('',*,*,#539,.F.);
#539 = EDGE_CURVE('',#507,#532,#540,.T.);
#540 = LINE('',#541,#542);
#541 = CARTESIAN_POINT('',(-1.412763014885,15.576752083089,0.));
#542 = VECTOR('',#543,1.);
#543 = DIRECTION('',(0.,0.,1.));
#544 = PLANE('',#545);
#545 = AXIS2_PLACEMENT_3D('',#546,#547,#548);
#546 = CARTESIAN_POINT('',(-1.443136445524,15.66020239792,
    10.288805970149));
#547 = DIRECTION('',(0.939692620786,0.342020143326,-1.401072068135E-15)
  );
#548 = DIRECTION('',(-0.342020143326,0.939692620786,0.));
#549 = ADVANCED_FACE('',(#550),#593,.F.);
#550 = FACE_BOUND('',#551,.T.);
#551 = EDGE_LOOP('',(#552,#562,#570,#579,#586,#587));
#552 = ORIENTED_EDGE('',*,*,#553,.F.);
#553 = EDGE_CURVE('',#554,#556,#558,.T.);
#554 = VERTEX_POINT('',#555);
#555 = CARTESIAN_POINT('',(7.220203264544,8.142127832554,18.6));
#556 = VERTEX_POINT('',#557);
#557 = CARTESIAN_POINT('',(7.220203264544,8.142127832554,10.6));
#558 = LINE('',#559,#560);
#559 = CARTESIAN_POINT('',(7.220203264544,8.142127832554,18.6));
#560 = VECTOR('',#561,1.);
#561 = DIRECTION('',(1.992096809082E-16,1.841343600287E-17,-1.));
#562 = ORIENTED_EDGE('',*,*,#563,.F.);
#563 = EDGE_CURVE('',#564,#554,#566,.T.);
#564 = VERTEX_POINT('',#565);
#565 = CARTESIAN_POINT('',(6.781088987254,8.301952358929,18.6));
#566 = LINE('',#567,#568);
#567 = CARTESIAN_POINT('',(-0.297337701743,10.87828897916,18.6));
#568 = VECTOR('',#569,1.);
#569 = DIRECTION('',(0.939692620786,-0.342020143326,1.808981011177E-16)
  );
#570 = ORIENTED_EDGE('',*,*,#571,.F.);
#571 = EDGE_CURVE('',#572,#564,#574,.T.);
#572 = VERTEX_POINT('',#573);
#573 = CARTESIAN_POINT('',(6.611413210094,8.363709291292,18.566257666908
    ));
#574 = CIRCLE('',#575,0.5);
#575 = AXIS2_PLACEMENT_3D('',#576,#577,#578);
#576 = CARTESIAN_POINT('',(6.781088987254,8.301952358929,18.1));
#577 = DIRECTION('',(0.342020143326,0.939692620786,2.940903702847E-16));
#578 = DIRECTION('',(-0.939692620786,0.342020143326,-2.086536767334E-16)
  );
#579 = ORIENTED_EDGE('',*,*,#580,.T.);
#580 = EDGE_CURVE('',#572,#383,#581,.T.);
#581 = CIRCLE('',#582,3.7);
#582 = AXIS2_PLACEMENT_3D('',#583,#584,#585);
#583 = CARTESIAN_POINT('',(3.4614327814,9.510208405857,17.));
#584 = DIRECTION('',(0.342020143326,0.939692620786,5.551115123126E-17));
#585 = DIRECTION('',(0.813797681349,-0.296198132726,0.5));
#586 = ORIENTED_EDGE('',*,*,#380,.F.);
#587 = ORIENTED_EDGE('',*,*,#588,.F.);
#588 = EDGE_CURVE('',#556,#381,#589,.T.);
#589 = LINE('',#590,#591);
#590 = CARTESIAN_POINT('',(7.220203264544,8.142127832554,10.6));
#591 = VECTOR('',#592,1.);
#592 = DIRECTION('',(-0.939692620786,0.342020143326,-1.808981011177E-16)
  );
#593 = PLANE('',#594);
#594 = AXIS2_PLACEMENT_3D('',#595,#596,#597);
#595 = CARTESIAN_POINT('',(3.4614327814,9.510208405857,14.6));
#596 = DIRECTION('',(0.342020143326,0.939692620786,7.594372760115E-17));
#597 = DIRECTION('',(0.939692620786,-0.342020143326,2.086536767334E-16)
  );
#598 = ADVANCED_FACE('',(#599),#652,.T.);
#599 = FACE_BOUND('',#600,.T.);
#600 = EDGE_LOOP('',(#601,#628,#629,#637,#646));
#601 = ORIENTED_EDGE('',*,*,#602,.T.);
#602 = EDGE_CURVE('',#603,#572,#605,.T.);
#603 = VERTEX_POINT('',#604);
#604 = CARTESIAN_POINT('',(6.503496868936,8.935076513502,17.951351351351
    ));
#605 = B_SPLINE_CURVE_WITH_KNOTS('',5,(#606,#607,#608,#609,#610,#611,
    #612,#613,#614,#615,#616,#617,#618,#619,#620,#621,#622,#623,#624,
    #625,#626,#627),.UNSPECIFIED.,.F.,.F.,(6,4,4,4,4,6),(0.,
    0.253056162796,0.501618522098,0.736982070207,0.96902430852,1.),
  .UNSPECIFIED.);
#606 = CARTESIAN_POINT('',(6.503496868936,8.935076513502,17.951351351351
    ));
#607 = CARTESIAN_POINT('',(6.480507080026,8.902792580949,17.985270287369
    ));
#608 = CARTESIAN_POINT('',(6.460349314266,8.869479836992,18.020125684676
    ));
#609 = CARTESIAN_POINT('',(6.443225555991,8.835470461973,18.055668629647
    ));
#610 = CARTESIAN_POINT('',(6.429360230583,8.801102589098,18.091643853865
    ));
#611 = CARTESIAN_POINT('',(6.408797715302,8.732975459038,18.163215578871
    ));
#612 = CARTESIAN_POINT('',(6.401978560225,8.699219064662,18.198804458525
    ));
#613 = CARTESIAN_POINT('',(6.398747944177,8.665802911333,18.234232355924
    ));
#614 = CARTESIAN_POINT('',(6.399341778069,8.633106508692,18.269147200919
    ));
#615 = CARTESIAN_POINT('',(6.40826023716,8.571646167222,18.33528171531)
  );
#616 = CARTESIAN_POINT('',(6.416172446585,8.542766212376,18.366598375306
    ));
#617 = CARTESIAN_POINT('',(6.427794857975,8.51524741393,18.396697501633)
  );
#618 = CARTESIAN_POINT('',(6.443195443216,8.489468735447,18.425134954245
    ));
#619 = CARTESIAN_POINT('',(6.481050034776,8.442417469985,18.477412859273
    ));
#620 = CARTESIAN_POINT('',(6.50340334835,8.42108348256,18.501315825288)
  );
#621 = CARTESIAN_POINT('',(6.529203738031,8.40211116445,18.522731659516)
  );
#622 = CARTESIAN_POINT('',(6.55816379095,8.385777429381,18.541249329952)
  );
#623 = CARTESIAN_POINT('',(6.594042124955,8.370434931488,18.558638202589
    ));
#624 = CARTESIAN_POINT('',(6.598315575053,8.368677880325,18.560629514996
    ));
#625 = CARTESIAN_POINT('',(6.602635993855,8.366971040563,18.562563594147
    ));
#626 = CARTESIAN_POINT('',(6.607002259772,8.365314745913,18.564439832186
    ));
#627 = CARTESIAN_POINT('',(6.611413210094,8.363709291292,18.566257666908
    ));
#628 = ORIENTED_EDGE('',*,*,#571,.T.);
#629 = ORIENTED_EDGE('',*,*,#630,.F.);
#630 = EDGE_CURVE('',#631,#564,#633,.T.);
#631 = VERTEX_POINT('',#632);
#632 = CARTESIAN_POINT('',(7.875553445896,11.308968745444,18.6));
#633 = LINE('',#634,#635);
#634 = CARTESIAN_POINT('',(7.875553445896,11.308968745444,18.6));
#635 = VECTOR('',#636,1.);
#636 = DIRECTION('',(-0.342020143326,-0.939692620786,-2.940903702847E-16
    ));
#637 = ORIENTED_EDGE('',*,*,#638,.T.);
#638 = EDGE_CURVE('',#631,#639,#641,.T.);
#639 = VERTEX_POINT('',#640);
#640 = CARTESIAN_POINT('',(7.426951255916,11.472246589624,
    17.951351351351));
#641 = CIRCLE('',#642,0.5);
#642 = AXIS2_PLACEMENT_3D('',#643,#644,#645);
#643 = CARTESIAN_POINT('',(7.875553445896,11.308968745444,18.1));
#644 = DIRECTION('',(-0.342020143326,-0.939692620786,-2.940903702847E-16
    ));
#645 = DIRECTION('',(-0.939692620786,0.342020143326,-2.086536767334E-16)
  );
#646 = ORIENTED_EDGE('',*,*,#647,.T.);
#647 = EDGE_CURVE('',#639,#603,#648,.T.);
#648 = LINE('',#649,#650);
#649 = CARTESIAN_POINT('',(7.426951255916,11.472246589624,
    17.951351351351));
#650 = VECTOR('',#651,1.);
#651 = DIRECTION('',(-0.342020143326,-0.939692620786,-2.940903702847E-16
    ));
#652 = CYLINDRICAL_SURFACE('',#653,0.5);
#653 = AXIS2_PLACEMENT_3D('',#654,#655,#656);
#654 = CARTESIAN_POINT('',(7.875553445896,11.308968745444,18.1));
#655 = DIRECTION('',(-0.342020143326,-0.939692620786,-2.940903702847E-16
    ));
#656 = DIRECTION('',(-2.966551509217E-16,-2.049907903789E-16,1.));
#657 = ADVANCED_FACE('',(#658),#687,.T.);
#658 = FACE_BOUND('',#659,.F.);
#659 = EDGE_LOOP('',(#660,#671,#678,#679,#680));
#660 = ORIENTED_EDGE('',*,*,#661,.F.);
#661 = EDGE_CURVE('',#662,#664,#666,.T.);
#662 = VERTEX_POINT('',#663);
#663 = CARTESIAN_POINT('',(-1.542991550767E-02,10.775682936162,17.));
#664 = VERTEX_POINT('',#665);
#665 = CARTESIAN_POINT('',(0.625426466548,11.074519174892,17.));
#666 = CIRCLE('',#667,0.5);
#667 = AXIS2_PLACEMENT_3D('',#668,#669,#670);
#668 = CARTESIAN_POINT('',(0.155580156155,11.245529246555,17.));
#669 = DIRECTION('',(-6.915153775751E-16,1.708733871026E-16,1.));
#670 = DIRECTION('',(-0.939692620786,0.342020143326,-7.082540378147E-16)
  );
#671 = ORIENTED_EDGE('',*,*,#672,.T.);
#672 = EDGE_CURVE('',#662,#91,#673,.T.);
#673 = CIRCLE('',#674,3.7);
#674 = AXIS2_PLACEMENT_3D('',#675,#676,#677);
#675 = CARTESIAN_POINT('',(3.4614327814,9.510208405857,17.));
#676 = DIRECTION('',(0.342020143326,0.939692620786,7.594372760115E-17));
#677 = DIRECTION('',(-0.939692620786,0.342020143326,-2.086536767334E-16)
  );
#678 = ORIENTED_EDGE('',*,*,#100,.T.);
#679 = ORIENTED_EDGE('',*,*,#21,.F.);
#680 = ORIENTED_EDGE('',*,*,#681,.F.);
#681 = EDGE_CURVE('',#664,#22,#682,.T.);
#682 = CIRCLE('',#683,3.2);
#683 = AXIS2_PLACEMENT_3D('',#684,#685,#686);
#684 = CARTESIAN_POINT('',(3.632442853063,9.98005471625,17.));
#685 = DIRECTION('',(0.342020143326,0.939692620786,7.594372760115E-17));
#686 = DIRECTION('',(-0.939692620786,0.342020143326,-2.086536767334E-16)
  );
#687 = TOROIDAL_SURFACE('',#688,3.7,0.5);
#688 = AXIS2_PLACEMENT_3D('',#689,#690,#691);
#689 = CARTESIAN_POINT('',(3.632442853063,9.98005471625,17.));
#690 = DIRECTION('',(-0.342020143326,-0.939692620786,-7.594372760115E-17
    ));
#691 = DIRECTION('',(-0.939692620786,0.342020143326,-2.086536767334E-16)
  );
#692 = ADVANCED_FACE('',(#693),#724,.T.);
#693 = FACE_BOUND('',#694,.T.);
#694 = EDGE_LOOP('',(#695,#706,#715,#716,#717));
#695 = ORIENTED_EDGE('',*,*,#696,.F.);
#696 = EDGE_CURVE('',#697,#699,#701,.T.);
#697 = VERTEX_POINT('',#698);
#698 = CARTESIAN_POINT('',(-4.105063412204E-04,10.770216318289,17.));
#699 = VERTEX_POINT('',#700);
#700 = CARTESIAN_POINT('',(-0.625426466548,11.074519174892,17.));
#701 = CIRCLE('',#702,0.5);
#702 = AXIS2_PLACEMENT_3D('',#703,#704,#705);
#703 = CARTESIAN_POINT('',(-0.155580156155,11.245529246555,17.));
#704 = DIRECTION('',(-4.694707726501E-16,-1.708733871026E-16,-1.));
#705 = DIRECTION('',(0.939692620786,0.342020143326,-4.996003610813E-16)
  );
#706 = ORIENTED_EDGE('',*,*,#707,.F.);
#707 = EDGE_CURVE('',#91,#697,#708,.T.);
#708 = B_SPLINE_CURVE_WITH_KNOTS('',5,(#709,#710,#711,#712,#713,#714),
  .UNSPECIFIED.,.F.,.F.,(6,6),(0.,1.),.PIECEWISE_BEZIER_KNOTS.);
#709 = CARTESIAN_POINT('',(-2.6645352591E-15,10.7700669062,
    17.348194857748));
#710 = CARTESIAN_POINT('',(-2.6645352591E-15,10.7700669062,
    17.279264243402));
#711 = CARTESIAN_POINT('',(-1.540580207768E-04,10.770122978734,
    17.20984489648));
#712 = CARTESIAN_POINT('',(-3.259673045521E-04,10.770185548596,
    17.140044186364));
#713 = CARTESIAN_POINT('',(-4.105063412205E-04,10.770216318289,
    17.070018562332));
#714 = CARTESIAN_POINT('',(-4.105063412205E-04,10.770216318289,17.));
#715 = ORIENTED_EDGE('',*,*,#131,.T.);
#716 = ORIENTED_EDGE('',*,*,#165,.F.);
#717 = ORIENTED_EDGE('',*,*,#718,.F.);
#718 = EDGE_CURVE('',#699,#158,#719,.T.);
#719 = CIRCLE('',#720,3.2);
#720 = AXIS2_PLACEMENT_3D('',#721,#722,#723);
#721 = CARTESIAN_POINT('',(-3.632442853063,9.98005471625,17.));
#722 = DIRECTION('',(0.342020143326,-0.939692620786,0.));
#723 = DIRECTION('',(0.939692620786,0.342020143326,0.));
#724 = TOROIDAL_SURFACE('',#725,3.7,0.5);
#725 = AXIS2_PLACEMENT_3D('',#726,#727,#728);
#726 = CARTESIAN_POINT('',(-3.632442853063,9.98005471625,17.));
#727 = DIRECTION('',(0.342020143326,-0.939692620786,0.));
#728 = DIRECTION('',(0.939692620786,0.342020143326,0.));
#729 = ADVANCED_FACE('',(#730),#744,.F.);
#730 = FACE_BOUND('',#731,.F.);
#731 = EDGE_LOOP('',(#732,#733,#734,#735,#736,#743));
#732 = ORIENTED_EDGE('',*,*,#288,.T.);
#733 = ORIENTED_EDGE('',*,*,#279,.T.);
#734 = ORIENTED_EDGE('',*,*,#155,.T.);
#735 = ORIENTED_EDGE('',*,*,#718,.F.);
#736 = ORIENTED_EDGE('',*,*,#737,.F.);
#737 = EDGE_CURVE('',#322,#699,#738,.T.);
#738 = CIRCLE('',#739,3.2);
#739 = AXIS2_PLACEMENT_3D('',#740,#741,#742);
#740 = CARTESIAN_POINT('',(-3.632442853063,9.98005471625,17.));
#741 = DIRECTION('',(0.342020143326,-0.939692620786,0.));
#742 = DIRECTION('',(-0.813797681349,-0.296198132726,0.5));
#743 = ORIENTED_EDGE('',*,*,#366,.F.);
#744 = CYLINDRICAL_SURFACE('',#745,3.2);
#745 = AXIS2_PLACEMENT_3D('',#746,#747,#748);
#746 = CARTESIAN_POINT('',(-3.4614327814,9.510208405857,17.));
#747 = DIRECTION('',(0.342020143326,-0.939692620786,-2.181466426835E-16)
  );
#748 = DIRECTION('',(0.939692620786,0.342020143326,2.775557561563E-17));
#749 = ADVANCED_FACE('',(#750),#765,.T.);
#750 = FACE_BOUND('',#751,.T.);
#751 = EDGE_LOOP('',(#752,#753,#754,#755,#764));
#752 = ORIENTED_EDGE('',*,*,#737,.F.);
#753 = ORIENTED_EDGE('',*,*,#321,.T.);
#754 = ORIENTED_EDGE('',*,*,#413,.T.);
#755 = ORIENTED_EDGE('',*,*,#756,.T.);
#756 = EDGE_CURVE('',#383,#697,#757,.T.);
#757 = B_SPLINE_CURVE_WITH_KNOTS('',5,(#758,#759,#760,#761,#762,#763),
  .UNSPECIFIED.,.F.,.F.,(6,6),(0.,1.),.PIECEWISE_BEZIER_KNOTS.);
#758 = CARTESIAN_POINT('',(-2.22044604925E-15,10.7700669062,
    16.651805142252));
#759 = CARTESIAN_POINT('',(-2.22044604925E-15,10.7700669062,
    16.720735893255));
#760 = CARTESIAN_POINT('',(-1.540445148143E-04,10.770122973818,
    16.790154962172));
#761 = CARTESIAN_POINT('',(-3.259768432811E-04,10.770185552068,
    16.859955584465));
#762 = CARTESIAN_POINT('',(-4.10506341221E-04,10.770216318289,
    16.929981513364));
#763 = CARTESIAN_POINT('',(-4.10506341221E-04,10.770216318289,17.));
#764 = ORIENTED_EDGE('',*,*,#696,.T.);
#765 = TOROIDAL_SURFACE('',#766,3.7,0.5);
#766 = AXIS2_PLACEMENT_3D('',#767,#768,#769);
#767 = CARTESIAN_POINT('',(-3.632442853063,9.98005471625,17.));
#768 = DIRECTION('',(0.342020143326,-0.939692620786,0.));
#769 = DIRECTION('',(-0.813797681349,-0.296198132726,0.5));
#770 = ADVANCED_FACE('',(#771),#819,.T.);
#771 = FACE_BOUND('',#772,.T.);
#772 = EDGE_LOOP('',(#773,#781,#789,#797,#805,#811,#812,#818));
#773 = ORIENTED_EDGE('',*,*,#774,.F.);
#774 = EDGE_CURVE('',#775,#429,#777,.T.);
#775 = VERTEX_POINT('',#776);
#776 = CARTESIAN_POINT('',(-6.581072429207,13.695641294798,0.));
#777 = LINE('',#778,#779);
#778 = CARTESIAN_POINT('',(-6.581072429207,13.695641294798,0.));
#779 = VECTOR('',#780,1.);
#780 = DIRECTION('',(-0.939692620786,-0.342020143326,0.));
#781 = ORIENTED_EDGE('',*,*,#782,.T.);
#782 = EDGE_CURVE('',#775,#783,#785,.T.);
#783 = VERTEX_POINT('',#784);
#784 = CARTESIAN_POINT('',(-6.581072429207,13.695641294798,2.));
#785 = LINE('',#786,#787);
#786 = CARTESIAN_POINT('',(-6.581072429207,13.695641294798,0.));
#787 = VECTOR('',#788,1.);
#788 = DIRECTION('',(0.,0.,1.));
#789 = ORIENTED_EDGE('',*,*,#790,.F.);
#790 = EDGE_CURVE('',#791,#783,#793,.T.);
#791 = VERTEX_POINT('',#792);
#792 = CARTESIAN_POINT('',(-3.76199456685,14.721701724775,2.));
#793 = LINE('',#794,#795);
#794 = CARTESIAN_POINT('',(-1.412763014885,15.576752083089,2.));
#795 = VECTOR('',#796,1.);
#796 = DIRECTION('',(-0.939692620786,-0.342020143326,0.));
#797 = ORIENTED_EDGE('',*,*,#798,.F.);
#798 = EDGE_CURVE('',#799,#791,#801,.T.);
#799 = VERTEX_POINT('',#800);
#800 = CARTESIAN_POINT('',(-3.76199456685,14.721701724775,0.));
#801 = LINE('',#802,#803);
#802 = CARTESIAN_POINT('',(-3.76199456685,14.721701724775,0.));
#803 = VECTOR('',#804,1.);
#804 = DIRECTION('',(0.,0.,1.));
#805 = ORIENTED_EDGE('',*,*,#806,.F.);
#806 = EDGE_CURVE('',#507,#799,#807,.T.);
#807 = LINE('',#808,#809);
#808 = CARTESIAN_POINT('',(-1.412763014885,15.576752083089,0.));
#809 = VECTOR('',#810,1.);
#810 = DIRECTION('',(-0.939692620786,-0.342020143326,0.));
#811 = ORIENTED_EDGE('',*,*,#539,.T.);
#812 = ORIENTED_EDGE('',*,*,#813,.F.);
#813 = EDGE_CURVE('',#439,#532,#814,.T.);
#814 = LINE('',#815,#816);
#815 = CARTESIAN_POINT('',(-8.930303981173,12.840590936484,10.6));
#816 = VECTOR('',#817,1.);
#817 = DIRECTION('',(0.939692620786,0.342020143326,2.775557561563E-17));
#818 = ORIENTED_EDGE('',*,*,#438,.F.);
#819 = PLANE('',#820);
#820 = AXIS2_PLACEMENT_3D('',#821,#822,#823);
#821 = CARTESIAN_POINT('',(-5.171533498029,14.208671509787,
    8.824475524476));
#822 = DIRECTION('',(0.342020143326,-0.939692620786,0.));
#823 = DIRECTION('',(-0.939692620786,-0.342020143326,0.));
#824 = ADVANCED_FACE('',(#825),#844,.T.);
#825 = FACE_BOUND('',#826,.F.);
#826 = EDGE_LOOP('',(#827,#828,#829,#836,#837));
#827 = ORIENTED_EDGE('',*,*,#602,.T.);
#828 = ORIENTED_EDGE('',*,*,#580,.T.);
#829 = ORIENTED_EDGE('',*,*,#830,.T.);
#830 = EDGE_CURVE('',#383,#662,#831,.T.);
#831 = CIRCLE('',#832,3.7);
#832 = AXIS2_PLACEMENT_3D('',#833,#834,#835);
#833 = CARTESIAN_POINT('',(3.4614327814,9.510208405857,17.));
#834 = DIRECTION('',(0.342020143326,0.939692620786,5.551115123126E-17));
#835 = DIRECTION('',(0.813797681349,-0.296198132726,0.5));
#836 = ORIENTED_EDGE('',*,*,#661,.T.);
#837 = ORIENTED_EDGE('',*,*,#838,.F.);
#838 = EDGE_CURVE('',#603,#664,#839,.T.);
#839 = CIRCLE('',#840,3.2);
#840 = AXIS2_PLACEMENT_3D('',#841,#842,#843);
#841 = CARTESIAN_POINT('',(3.632442853063,9.98005471625,17.));
#842 = DIRECTION('',(0.342020143326,0.939692620786,5.551115123126E-17));
#843 = DIRECTION('',(0.813797681349,-0.296198132726,0.5));
#844 = TOROIDAL_SURFACE('',#845,3.7,0.5);
#845 = AXIS2_PLACEMENT_3D('',#846,#847,#848);
#846 = CARTESIAN_POINT('',(3.632442853063,9.98005471625,17.));
#847 = DIRECTION('',(-0.342020143326,-0.939692620786,-7.594372760115E-17
    ));
#848 = DIRECTION('',(0.813797681349,-0.296198132726,0.5));
#849 = ADVANCED_FACE('',(#850),#856,.T.);
#850 = FACE_BOUND('',#851,.F.);
#851 = EDGE_LOOP('',(#852,#853,#854,#855));
#852 = ORIENTED_EDGE('',*,*,#830,.F.);
#853 = ORIENTED_EDGE('',*,*,#756,.T.);
#854 = ORIENTED_EDGE('',*,*,#707,.F.);
#855 = ORIENTED_EDGE('',*,*,#672,.F.);
#856 = PLANE('',#857);
#857 = AXIS2_PLACEMENT_3D('',#858,#859,#860);
#858 = CARTESIAN_POINT('',(3.4614327814,9.510208405857,14.6));
#859 = DIRECTION('',(0.342020143326,0.939692620786,7.594372760115E-17));
#860 = DIRECTION('',(0.939692620786,-0.342020143326,2.086536767334E-16)
  );
#861 = ADVANCED_FACE('',(#862),#887,.T.);
#862 = FACE_BOUND('',#863,.T.);
#863 = EDGE_LOOP('',(#864,#872,#880,#886));
#864 = ORIENTED_EDGE('',*,*,#865,.F.);
#865 = EDGE_CURVE('',#866,#775,#868,.T.);
#866 = VERTEX_POINT('',#867);
#867 = CARTESIAN_POINT('',(-6.239052285882,12.755948674012,0.));
#868 = LINE('',#869,#870);
#869 = CARTESIAN_POINT('',(-6.239052285882,12.755948674012,0.));
#870 = VECTOR('',#871,1.);
#871 = DIRECTION('',(-0.342020143326,0.939692620786,0.));
#872 = ORIENTED_EDGE('',*,*,#873,.T.);
#873 = EDGE_CURVE('',#866,#874,#876,.T.);
#874 = VERTEX_POINT('',#875);
#875 = CARTESIAN_POINT('',(-6.239052285882,12.755948674012,2.));
#876 = LINE('',#877,#878);
#877 = CARTESIAN_POINT('',(-6.239052285882,12.755948674012,0.));
#878 = VECTOR('',#879,1.);
#879 = DIRECTION('',(0.,0.,1.));
#880 = ORIENTED_EDGE('',*,*,#881,.T.);
#881 = EDGE_CURVE('',#874,#783,#882,.T.);
#882 = LINE('',#883,#884);
#883 = CARTESIAN_POINT('',(-3.824295608531,6.121459229514,2.));
#884 = VECTOR('',#885,1.);
#885 = DIRECTION('',(-0.342020143326,0.939692620786,0.));
#886 = ORIENTED_EDGE('',*,*,#782,.F.);
#887 = PLANE('',#888);
#888 = AXIS2_PLACEMENT_3D('',#889,#890,#891);
#889 = CARTESIAN_POINT('',(-6.239052285882,12.755948674012,0.));
#890 = DIRECTION('',(-0.939692620786,-0.342020143326,0.));
#891 = DIRECTION('',(-0.342020143326,0.939692620786,0.));
#892 = ADVANCED_FACE('',(#893),#918,.F.);
#893 = FACE_BOUND('',#894,.F.);
#894 = EDGE_LOOP('',(#895,#903,#911,#917));
#895 = ORIENTED_EDGE('',*,*,#896,.F.);
#896 = EDGE_CURVE('',#897,#799,#899,.T.);
#897 = VERTEX_POINT('',#898);
#898 = CARTESIAN_POINT('',(-3.419974423524,13.782009103989,0.));
#899 = LINE('',#900,#901);
#900 = CARTESIAN_POINT('',(-3.419974423524,13.782009103989,0.));
#901 = VECTOR('',#902,1.);
#902 = DIRECTION('',(-0.342020143326,0.939692620786,0.));
#903 = ORIENTED_EDGE('',*,*,#904,.T.);
#904 = EDGE_CURVE('',#897,#905,#907,.T.);
#905 = VERTEX_POINT('',#906);
#906 = CARTESIAN_POINT('',(-3.419974423524,13.782009103989,2.));
#907 = LINE('',#908,#909);
#908 = CARTESIAN_POINT('',(-3.419974423524,13.782009103989,0.));
#909 = VECTOR('',#910,1.);
#910 = DIRECTION('',(0.,0.,1.));
#911 = ORIENTED_EDGE('',*,*,#912,.T.);
#912 = EDGE_CURVE('',#905,#791,#913,.T.);
#913 = LINE('',#914,#915);
#914 = CARTESIAN_POINT('',(-1.005217746173,7.147519659491,2.));
#915 = VECTOR('',#916,1.);
#916 = DIRECTION('',(-0.342020143326,0.939692620786,0.));
#917 = ORIENTED_EDGE('',*,*,#798,.F.);
#918 = PLANE('',#919);
#919 = AXIS2_PLACEMENT_3D('',#920,#921,#922);
#920 = CARTESIAN_POINT('',(-3.419974423524,13.782009103989,0.));
#921 = DIRECTION('',(-0.939692620786,-0.342020143326,0.));
#922 = DIRECTION('',(-0.342020143326,0.939692620786,0.));
#923 = ADVANCED_FACE('',(#924),#951,.T.);
#924 = FACE_BOUND('',#925,.F.);
#925 = EDGE_LOOP('',(#926,#935,#936,#945));
#926 = ORIENTED_EDGE('',*,*,#927,.F.);
#927 = EDGE_CURVE('',#866,#928,#930,.T.);
#928 = VERTEX_POINT('',#929);
#929 = CARTESIAN_POINT('',(-6.239052285882,-12.75594867401,0.));
#930 = CIRCLE('',#931,14.2);
#931 = AXIS2_PLACEMENT_3D('',#932,#933,#934);
#932 = CARTESIAN_POINT('',(0.,0.,0.));
#933 = DIRECTION('',(0.,0.,1.));
#934 = DIRECTION('',(1.,0.,0.));
#935 = ORIENTED_EDGE('',*,*,#873,.T.);
#936 = ORIENTED_EDGE('',*,*,#937,.F.);
#937 = EDGE_CURVE('',#938,#874,#940,.T.);
#938 = VERTEX_POINT('',#939);
#939 = CARTESIAN_POINT('',(-6.239052285882,-12.75594867401,2.));
#940 = CIRCLE('',#941,14.2);
#941 = AXIS2_PLACEMENT_3D('',#942,#943,#944);
#942 = CARTESIAN_POINT('',(0.,0.,2.));
#943 = DIRECTION('',(0.,0.,-1.));
#944 = DIRECTION('',(1.,0.,0.));
#945 = ORIENTED_EDGE('',*,*,#946,.F.);
#946 = EDGE_CURVE('',#928,#938,#947,.T.);
#947 = LINE('',#948,#949);
#948 = CARTESIAN_POINT('',(-6.239052285882,-12.75594867401,0.));
#949 = VECTOR('',#950,1.);
#950 = DIRECTION('',(0.,0.,1.));
#951 = CYLINDRICAL_SURFACE('',#952,14.2);
#952 = AXIS2_PLACEMENT_3D('',#953,#954,#955);
#953 = CARTESIAN_POINT('',(0.,0.,0.));
#954 = DIRECTION('',(-0.,-0.,-1.));
#955 = DIRECTION('',(1.,0.,0.));
#956 = ADVANCED_FACE('',(#957),#984,.T.);
#957 = FACE_BOUND('',#958,.F.);
#958 = EDGE_LOOP('',(#959,#968,#976,#983));
#959 = ORIENTED_EDGE('',*,*,#960,.F.);
#960 = EDGE_CURVE('',#961,#897,#963,.T.);
#961 = VERTEX_POINT('',#962);
#962 = CARTESIAN_POINT('',(3.419974423524,13.782009103989,
    7.593868697251E-16));
#963 = CIRCLE('',#964,14.2);
#964 = AXIS2_PLACEMENT_3D('',#965,#966,#967);
#965 = CARTESIAN_POINT('',(0.,0.,0.));
#966 = DIRECTION('',(0.,0.,1.));
#967 = DIRECTION('',(1.,0.,0.));
#968 = ORIENTED_EDGE('',*,*,#969,.T.);
#969 = EDGE_CURVE('',#961,#970,#972,.T.);
#970 = VERTEX_POINT('',#971);
#971 = CARTESIAN_POINT('',(3.419974423524,13.782009103989,2.));
#972 = LINE('',#973,#974);
#973 = CARTESIAN_POINT('',(3.419974423524,13.782009103989,
    7.593868697251E-16));
#974 = VECTOR('',#975,1.);
#975 = DIRECTION('',(-2.22044604925E-16,2.465190328816E-32,1.));
#976 = ORIENTED_EDGE('',*,*,#977,.F.);
#977 = EDGE_CURVE('',#905,#970,#978,.T.);
#978 = CIRCLE('',#979,14.2);
#979 = AXIS2_PLACEMENT_3D('',#980,#981,#982);
#980 = CARTESIAN_POINT('',(0.,0.,2.));
#981 = DIRECTION('',(0.,0.,-1.));
#982 = DIRECTION('',(1.,0.,0.));
#983 = ORIENTED_EDGE('',*,*,#904,.F.);
#984 = CYLINDRICAL_SURFACE('',#985,14.2);
#985 = AXIS2_PLACEMENT_3D('',#986,#987,#988);
#986 = CARTESIAN_POINT('',(0.,0.,0.));
#987 = DIRECTION('',(-0.,-0.,-1.));
#988 = DIRECTION('',(1.,0.,0.));
#989 = ADVANCED_FACE('',(#990),#1015,.T.);
#990 = FACE_BOUND('',#991,.F.);
#991 = EDGE_LOOP('',(#992,#1000,#1001,#1009));
#992 = ORIENTED_EDGE('',*,*,#993,.F.);
#993 = EDGE_CURVE('',#928,#994,#996,.T.);
#994 = VERTEX_POINT('',#995);
#995 = CARTESIAN_POINT('',(-6.581072429207,-13.69564129479,0.));
#996 = LINE('',#997,#998);
#997 = CARTESIAN_POINT('',(-6.239052285882,-12.75594867401,0.));
#998 = VECTOR('',#999,1.);
#999 = DIRECTION('',(-0.342020143326,-0.939692620786,-0.));
#1000 = ORIENTED_EDGE('',*,*,#946,.T.);
#1001 = ORIENTED_EDGE('',*,*,#1002,.T.);
#1002 = EDGE_CURVE('',#938,#1003,#1005,.T.);
#1003 = VERTEX_POINT('',#1004);
#1004 = CARTESIAN_POINT('',(-6.581072429207,-13.69564129479,2.));
#1005 = LINE('',#1006,#1007);
#1006 = CARTESIAN_POINT('',(-3.824295608531,-6.121459229514,2.));
#1007 = VECTOR('',#1008,1.);
#1008 = DIRECTION('',(-0.342020143326,-0.939692620786,-0.));
#1009 = ORIENTED_EDGE('',*,*,#1010,.F.);
#1010 = EDGE_CURVE('',#994,#1003,#1011,.T.);
#1011 = LINE('',#1012,#1013);
#1012 = CARTESIAN_POINT('',(-6.581072429207,-13.69564129479,0.));
#1013 = VECTOR('',#1014,1.);
#1014 = DIRECTION('',(0.,0.,1.));
#1015 = PLANE('',#1016);
#1016 = AXIS2_PLACEMENT_3D('',#1017,#1018,#1019);
#1017 = CARTESIAN_POINT('',(-6.239052285882,-12.75594867401,0.));
#1018 = DIRECTION('',(-0.939692620786,0.342020143326,0.));
#1019 = DIRECTION('',(0.342020143326,0.939692620786,0.));
#1020 = ADVANCED_FACE('',(#1021),#1046,.F.);
#1021 = FACE_BOUND('',#1022,.T.);
#1022 = EDGE_LOOP('',(#1023,#1031,#1032,#1040));
#1023 = ORIENTED_EDGE('',*,*,#1024,.F.);
#1024 = EDGE_CURVE('',#961,#1025,#1027,.T.);
#1025 = VERTEX_POINT('',#1026);
#1026 = CARTESIAN_POINT('',(3.76199456685,14.721701724775,
    8.353305973263E-16));
#1027 = LINE('',#1028,#1029);
#1028 = CARTESIAN_POINT('',(3.419974423524,13.782009103989,
    7.593868697251E-16));
#1029 = VECTOR('',#1030,1.);
#1030 = DIRECTION('',(0.342020143326,0.939692620786,7.594372760115E-17)
  );
#1031 = ORIENTED_EDGE('',*,*,#969,.T.);
#1032 = ORIENTED_EDGE('',*,*,#1033,.T.);
#1033 = EDGE_CURVE('',#970,#1034,#1036,.T.);
#1034 = VERTEX_POINT('',#1035);
#1035 = CARTESIAN_POINT('',(3.76199456685,14.721701724775,2.));
#1036 = LINE('',#1037,#1038);
#1037 = CARTESIAN_POINT('',(1.005217746173,7.147519659491,2.));
#1038 = VECTOR('',#1039,1.);
#1039 = DIRECTION('',(0.342020143326,0.939692620786,7.594372760115E-17)
  );
#1040 = ORIENTED_EDGE('',*,*,#1041,.F.);
#1041 = EDGE_CURVE('',#1025,#1034,#1042,.T.);
#1042 = LINE('',#1043,#1044);
#1043 = CARTESIAN_POINT('',(3.76199456685,14.721701724775,
    8.353305973263E-16));
#1044 = VECTOR('',#1045,1.);
#1045 = DIRECTION('',(-2.22044604925E-16,2.465190328816E-32,1.));
#1046 = PLANE('',#1047);
#1047 = AXIS2_PLACEMENT_3D('',#1048,#1049,#1050);
#1048 = CARTESIAN_POINT('',(3.419974423524,13.782009103989,
    7.593868697251E-16));
#1049 = DIRECTION('',(0.939692620786,-0.342020143326,2.086536767334E-16)
  );
#1050 = DIRECTION('',(-0.342020143326,-0.939692620786,
    -7.594372760115E-17));
#1051 = ADVANCED_FACE('',(#1052),#1097,.T.);
#1052 = FACE_BOUND('',#1053,.T.);
#1053 = EDGE_LOOP('',(#1054,#1055,#1061,#1062,#1063,#1071,#1079,#1085,
    #1086,#1087,#1088,#1089,#1090,#1091,#1092,#1093,#1094,#1095,#1096));
#1054 = ORIENTED_EDGE('',*,*,#59,.F.);
#1055 = ORIENTED_EDGE('',*,*,#1056,.F.);
#1056 = EDGE_CURVE('',#631,#60,#1057,.T.);
#1057 = LINE('',#1058,#1059);
#1058 = CARTESIAN_POINT('',(4.555897240042,12.517224792372,18.6));
#1059 = VECTOR('',#1060,1.);
#1060 = DIRECTION('',(-0.939692620786,0.342020143326,-2.086536767334E-16
    ));
#1061 = ORIENTED_EDGE('',*,*,#630,.T.);
#1062 = ORIENTED_EDGE('',*,*,#563,.T.);
#1063 = ORIENTED_EDGE('',*,*,#1064,.F.);
#1064 = EDGE_CURVE('',#1065,#554,#1067,.T.);
#1065 = VERTEX_POINT('',#1066);
#1066 = CARTESIAN_POINT('',(10.024768439814,15.847607322999,18.6));
#1067 = LINE('',#1068,#1069);
#1068 = CARTESIAN_POINT('',(8.930303981173,12.840590936484,18.6));
#1069 = VECTOR('',#1070,1.);
#1070 = DIRECTION('',(-0.342020143326,-0.939692620786,
    -1.869660300637E-16));
#1071 = ORIENTED_EDGE('',*,*,#1072,.T.);
#1072 = EDGE_CURVE('',#1065,#1073,#1075,.T.);
#1073 = VERTEX_POINT('',#1074);
#1074 = CARTESIAN_POINT('',(2.507227473527,18.583768469604,18.6));
#1075 = LINE('',#1076,#1077);
#1076 = CARTESIAN_POINT('',(11.235960973701,15.406769292699,18.6));
#1077 = VECTOR('',#1078,1.);
#1078 = DIRECTION('',(-0.939692620786,0.342020143326,-2.086536767334E-16
    ));
#1079 = ORIENTED_EDGE('',*,*,#1080,.T.);
#1080 = EDGE_CURVE('',#1073,#516,#1081,.T.);
#1081 = LINE('',#1082,#1083);
#1082 = CARTESIAN_POINT('',(-0.216349280267,11.100802838406,18.6));
#1083 = VECTOR('',#1084,1.);
#1084 = DIRECTION('',(-0.342020143326,-0.939692620786,
    -7.594372760117E-17));
#1085 = ORIENTED_EDGE('',*,*,#515,.F.);
#1086 = ORIENTED_EDGE('',*,*,#484,.F.);
#1087 = ORIENTED_EDGE('',*,*,#453,.T.);
#1088 = ORIENTED_EDGE('',*,*,#406,.F.);
#1089 = ORIENTED_EDGE('',*,*,#359,.F.);
#1090 = ORIENTED_EDGE('',*,*,#306,.T.);
#1091 = ORIENTED_EDGE('',*,*,#217,.T.);
#1092 = ORIENTED_EDGE('',*,*,#265,.T.);
#1093 = ORIENTED_EDGE('',*,*,#241,.T.);
#1094 = ORIENTED_EDGE('',*,*,#191,.T.);
#1095 = ORIENTED_EDGE('',*,*,#122,.F.);
#1096 = ORIENTED_EDGE('',*,*,#108,.T.);
#1097 = PLANE('',#1098);
#1098 = AXIS2_PLACEMENT_3D('',#1099,#1100,#1101);
#1099 = CARTESIAN_POINT('',(-3.635661654555E-04,13.594642824898,18.6));
#1100 = DIRECTION('',(0.,-3.397193966347E-16,1.));
#1101 = DIRECTION('',(0.,1.,3.397193966347E-16));
#1102 = ADVANCED_FACE('',(#1103),#1137,.T.);
#1103 = FACE_BOUND('',#1104,.T.);
#1104 = EDGE_LOOP('',(#1105,#1106,#1114,#1122,#1130,#1136));
#1105 = ORIENTED_EDGE('',*,*,#1080,.F.);
#1106 = ORIENTED_EDGE('',*,*,#1107,.F.);
#1107 = EDGE_CURVE('',#1108,#1073,#1110,.T.);
#1108 = VERTEX_POINT('',#1109);
#1109 = CARTESIAN_POINT('',(2.507227473527,18.583768469604,
    5.567163338165E-16));
#1110 = LINE('',#1111,#1112);
#1111 = CARTESIAN_POINT('',(2.507227473527,18.583768469604,2.));
#1112 = VECTOR('',#1113,1.);
#1113 = DIRECTION('',(-2.22044604925E-16,2.465190328816E-32,1.));
#1114 = ORIENTED_EDGE('',*,*,#1115,.T.);
#1115 = EDGE_CURVE('',#1108,#1116,#1118,.T.);
#1116 = VERTEX_POINT('',#1117);
#1117 = CARTESIAN_POINT('',(1.412763014885,15.576752083089,
    3.136964054928E-16));
#1118 = LINE('',#1119,#1120);
#1119 = CARTESIAN_POINT('',(2.507227473527,18.583768469604,
    5.567163338165E-16));
#1120 = VECTOR('',#1121,1.);
#1121 = DIRECTION('',(-0.342020143326,-0.939692620786,
    -7.594372760115E-17));
#1122 = ORIENTED_EDGE('',*,*,#1123,.T.);
#1123 = EDGE_CURVE('',#1116,#1124,#1126,.T.);
#1124 = VERTEX_POINT('',#1125);
#1125 = CARTESIAN_POINT('',(1.412763014885,15.576752083089,10.6));
#1126 = LINE('',#1127,#1128);
#1127 = CARTESIAN_POINT('',(1.412763014885,15.576752083089,
    3.136964054928E-16));
#1128 = VECTOR('',#1129,1.);
#1129 = DIRECTION('',(-2.22044604925E-16,2.465190328816E-32,1.));
#1130 = ORIENTED_EDGE('',*,*,#1131,.T.);
#1131 = EDGE_CURVE('',#1124,#524,#1132,.T.);
#1132 = LINE('',#1133,#1134);
#1133 = CARTESIAN_POINT('',(1.412763014885,15.576752083089,10.6));
#1134 = VECTOR('',#1135,1.);
#1135 = DIRECTION('',(-0.342020143326,-0.939692620786,
    -1.869660300637E-16));
#1136 = ORIENTED_EDGE('',*,*,#523,.T.);
#1137 = PLANE('',#1138);
#1138 = AXIS2_PLACEMENT_3D('',#1139,#1140,#1141);
#1139 = CARTESIAN_POINT('',(1.542370327178,15.932845247012,
    10.14426778963));
#1140 = DIRECTION('',(-0.939692620786,0.342020143326,2.600543453819E-15)
  );
#1141 = DIRECTION('',(-0.342020143326,-0.939692620786,9.860761315263E-32
    ));
#1142 = ADVANCED_FACE('',(#1143),#1177,.T.);
#1143 = FACE_BOUND('',#1144,.T.);
#1144 = EDGE_LOOP('',(#1145,#1146,#1147,#1155,#1163,#1171));
#1145 = ORIENTED_EDGE('',*,*,#1064,.T.);
#1146 = ORIENTED_EDGE('',*,*,#553,.T.);
#1147 = ORIENTED_EDGE('',*,*,#1148,.F.);
#1148 = EDGE_CURVE('',#1149,#556,#1151,.T.);
#1149 = VERTEX_POINT('',#1150);
#1150 = CARTESIAN_POINT('',(8.930303981173,12.840590936484,10.6));
#1151 = LINE('',#1152,#1153);
#1152 = CARTESIAN_POINT('',(8.930303981173,12.840590936484,10.6));
#1153 = VECTOR('',#1154,1.);
#1154 = DIRECTION('',(-0.342020143326,-0.939692620786,
    -1.869660300637E-16));
#1155 = ORIENTED_EDGE('',*,*,#1156,.F.);
#1156 = EDGE_CURVE('',#1157,#1149,#1159,.T.);
#1157 = VERTEX_POINT('',#1158);
#1158 = CARTESIAN_POINT('',(8.930303981172,12.840590936484,
    1.98292581936E-15));
#1159 = LINE('',#1160,#1161);
#1160 = CARTESIAN_POINT('',(8.930303981173,12.840590936484,2.));
#1161 = VECTOR('',#1162,1.);
#1162 = DIRECTION('',(-2.22044604925E-16,2.465190328816E-32,1.));
#1163 = ORIENTED_EDGE('',*,*,#1164,.T.);
#1164 = EDGE_CURVE('',#1157,#1165,#1167,.T.);
#1165 = VERTEX_POINT('',#1166);
#1166 = CARTESIAN_POINT('',(10.024768439814,15.847607322999,
    2.225945747683E-15));
#1167 = LINE('',#1168,#1169);
#1168 = CARTESIAN_POINT('',(8.930303981172,12.840590936484,
    1.98292581936E-15));
#1169 = VECTOR('',#1170,1.);
#1170 = DIRECTION('',(0.342020143326,0.939692620786,7.594372760115E-17)
  );
#1171 = ORIENTED_EDGE('',*,*,#1172,.T.);
#1172 = EDGE_CURVE('',#1165,#1065,#1173,.T.);
#1173 = LINE('',#1174,#1175);
#1174 = CARTESIAN_POINT('',(10.024768439814,15.847607322999,
    2.225945747683E-15));
#1175 = VECTOR('',#1176,1.);
#1176 = DIRECTION('',(-2.22044604925E-16,2.465190328816E-32,1.));
#1177 = PLANE('',#1178);
#1178 = AXIS2_PLACEMENT_3D('',#1179,#1180,#1181);
#1179 = CARTESIAN_POINT('',(8.960677411811,12.924041251315,
    10.288805970149));
#1180 = DIRECTION('',(0.939692620786,-0.342020143326,-1.486021955911E-15
    ));
#1181 = DIRECTION('',(0.342020143326,0.939692620786,0.));
#1182 = ADVANCED_FACE('',(#1183),#1204,.T.);
#1183 = FACE_BOUND('',#1184,.T.);
#1184 = EDGE_LOOP('',(#1185,#1186,#1187,#1196,#1203));
#1185 = ORIENTED_EDGE('',*,*,#1056,.T.);
#1186 = ORIENTED_EDGE('',*,*,#67,.T.);
#1187 = ORIENTED_EDGE('',*,*,#1188,.F.);
#1188 = EDGE_CURVE('',#1189,#68,#1191,.T.);
#1189 = VERTEX_POINT('',#1190);
#1190 = CARTESIAN_POINT('',(1.548880853527,13.611689251014,17.));
#1191 = CIRCLE('',#1192,3.2);
#1192 = AXIS2_PLACEMENT_3D('',#1193,#1194,#1195);
#1193 = CARTESIAN_POINT('',(4.555897240042,12.517224792372,17.));
#1194 = DIRECTION('',(0.342020143326,0.939692620786,2.940903702847E-16)
  );
#1195 = DIRECTION('',(-0.939692620786,0.342020143326,-1.808981011177E-16
    ));
#1196 = ORIENTED_EDGE('',*,*,#1197,.F.);
#1197 = EDGE_CURVE('',#639,#1189,#1198,.T.);
#1198 = CIRCLE('',#1199,3.2);
#1199 = AXIS2_PLACEMENT_3D('',#1200,#1201,#1202);
#1200 = CARTESIAN_POINT('',(4.555897240042,12.517224792372,17.));
#1201 = DIRECTION('',(0.342020143326,0.939692620786,2.940903702847E-16)
  );
#1202 = DIRECTION('',(-0.939692620786,0.342020143326,-1.808981011177E-16
    ));
#1203 = ORIENTED_EDGE('',*,*,#638,.F.);
#1204 = PLANE('',#1205);
#1205 = AXIS2_PLACEMENT_3D('',#1206,#1207,#1208);
#1206 = CARTESIAN_POINT('',(4.533494785527,12.52537861899,16.8737799826)
  );
#1207 = DIRECTION('',(-0.342020143326,-0.939692620786,
    -2.032535253807E-16));
#1208 = DIRECTION('',(-0.939692620786,0.342020143326,0.));
#1209 = ADVANCED_FACE('',(#1210),#1225,.T.);
#1210 = FACE_BOUND('',#1211,.T.);
#1211 = EDGE_LOOP('',(#1212,#1213,#1214,#1215,#1221,#1222,#1223,#1224));
#1212 = ORIENTED_EDGE('',*,*,#813,.T.);
#1213 = ORIENTED_EDGE('',*,*,#531,.T.);
#1214 = ORIENTED_EDGE('',*,*,#1131,.F.);
#1215 = ORIENTED_EDGE('',*,*,#1216,.F.);
#1216 = EDGE_CURVE('',#1149,#1124,#1217,.T.);
#1217 = LINE('',#1218,#1219);
#1218 = CARTESIAN_POINT('',(8.930303981173,12.840590936484,10.6));
#1219 = VECTOR('',#1220,1.);
#1220 = DIRECTION('',(-0.939692620786,0.342020143326,-1.808981011177E-16
    ));
#1221 = ORIENTED_EDGE('',*,*,#1148,.T.);
#1222 = ORIENTED_EDGE('',*,*,#588,.T.);
#1223 = ORIENTED_EDGE('',*,*,#390,.F.);
#1224 = ORIENTED_EDGE('',*,*,#446,.F.);
#1225 = PLANE('',#1226);
#1226 = AXIS2_PLACEMENT_3D('',#1227,#1228,#1229);
#1227 = CARTESIAN_POINT('',(2.147587138094E-16,11.892705038314,10.6));
#1228 = DIRECTION('',(-0.,-0.,-1.));
#1229 = DIRECTION('',(-1.,0.,0.));
#1230 = ADVANCED_FACE('',(#1231,#1394),#1414,.T.);
#1231 = FACE_BOUND('',#1232,.T.);
#1232 = EDGE_LOOP('',(#1233,#1234,#1235,#1236,#1237,#1238,#1239,#1240,
    #1241,#1242,#1248,#1249,#1255,#1256,#1264,#1272,#1281,#1289,#1297,
    #1305,#1313,#1321,#1329,#1337,#1346,#1354,#1362,#1370,#1378,#1386,
    #1392,#1393));
#1233 = ORIENTED_EDGE('',*,*,#865,.T.);
#1234 = ORIENTED_EDGE('',*,*,#774,.T.);
#1235 = ORIENTED_EDGE('',*,*,#428,.T.);
#1236 = ORIENTED_EDGE('',*,*,#475,.T.);
#1237 = ORIENTED_EDGE('',*,*,#506,.T.);
#1238 = ORIENTED_EDGE('',*,*,#806,.T.);
#1239 = ORIENTED_EDGE('',*,*,#896,.F.);
#1240 = ORIENTED_EDGE('',*,*,#960,.F.);
#1241 = ORIENTED_EDGE('',*,*,#1024,.T.);
#1242 = ORIENTED_EDGE('',*,*,#1243,.F.);
#1243 = EDGE_CURVE('',#1116,#1025,#1244,.T.);
#1244 = LINE('',#1245,#1246);
#1245 = CARTESIAN_POINT('',(1.412763014885,15.576752083089,
    3.136964054928E-16));
#1246 = VECTOR('',#1247,1.);
#1247 = DIRECTION('',(0.939692620786,-0.342020143326,2.086536767334E-16)
  );
#1248 = ORIENTED_EDGE('',*,*,#1115,.F.);
#1249 = ORIENTED_EDGE('',*,*,#1250,.F.);
#1250 = EDGE_CURVE('',#1165,#1108,#1251,.T.);
#1251 = LINE('',#1252,#1253);
#1252 = CARTESIAN_POINT('',(10.024768439814,15.847607322999,
    2.225945747683E-15));
#1253 = VECTOR('',#1254,1.);
#1254 = DIRECTION('',(-0.939692620786,0.342020143326,-2.086536767334E-16
    ));
#1255 = ORIENTED_EDGE('',*,*,#1164,.F.);
#1256 = ORIENTED_EDGE('',*,*,#1257,.F.);
#1257 = EDGE_CURVE('',#1258,#1157,#1260,.T.);
#1258 = VERTEX_POINT('',#1259);
#1259 = CARTESIAN_POINT('',(6.581072429207,13.695641294798,
    1.461291627526E-15));
#1260 = LINE('',#1261,#1262);
#1261 = CARTESIAN_POINT('',(6.581072429207,13.695641294798,
    1.461291627526E-15));
#1262 = VECTOR('',#1263,1.);
#1263 = DIRECTION('',(0.939692620786,-0.342020143326,2.086536767334E-16)
  );
#1264 = ORIENTED_EDGE('',*,*,#1265,.F.);
#1265 = EDGE_CURVE('',#1266,#1258,#1268,.T.);
#1266 = VERTEX_POINT('',#1267);
#1267 = CARTESIAN_POINT('',(6.239052285882,12.755948674012,
    1.385347899925E-15));
#1268 = LINE('',#1269,#1270);
#1269 = CARTESIAN_POINT('',(6.239052285882,12.755948674012,
    1.385347899925E-15));
#1270 = VECTOR('',#1271,1.);
#1271 = DIRECTION('',(0.342020143326,0.939692620786,7.594372760115E-17)
  );
#1272 = ORIENTED_EDGE('',*,*,#1273,.F.);
#1273 = EDGE_CURVE('',#1274,#1266,#1276,.T.);
#1274 = VERTEX_POINT('',#1275);
#1275 = CARTESIAN_POINT('',(6.239052285882,-12.75594867401,
    1.385347899925E-15));
#1276 = CIRCLE('',#1277,14.2);
#1277 = AXIS2_PLACEMENT_3D('',#1278,#1279,#1280);
#1278 = CARTESIAN_POINT('',(0.,0.,0.));
#1279 = DIRECTION('',(0.,0.,1.));
#1280 = DIRECTION('',(1.,0.,0.));
#1281 = ORIENTED_EDGE('',*,*,#1282,.T.);
#1282 = EDGE_CURVE('',#1274,#1283,#1285,.T.);
#1283 = VERTEX_POINT('',#1284);
#1284 = CARTESIAN_POINT('',(6.581072429207,-13.69564129479,
    1.461291627526E-15));
#1285 = LINE('',#1286,#1287);
#1286 = CARTESIAN_POINT('',(6.239052285882,-12.75594867401,
    1.385347899925E-15));
#1287 = VECTOR('',#1288,1.);
#1288 = DIRECTION('',(0.342020143326,-0.939692620786,7.594372760115E-17)
  );
#1289 = ORIENTED_EDGE('',*,*,#1290,.T.);
#1290 = EDGE_CURVE('',#1283,#1291,#1293,.T.);
#1291 = VERTEX_POINT('',#1292);
#1292 = CARTESIAN_POINT('',(8.930303981172,-12.84059093648,
    1.98292581936E-15));
#1293 = LINE('',#1294,#1295);
#1294 = CARTESIAN_POINT('',(6.581072429207,-13.69564129479,
    1.461291627526E-15));
#1295 = VECTOR('',#1296,1.);
#1296 = DIRECTION('',(0.939692620786,0.342020143326,2.086536767334E-16)
  );
#1297 = ORIENTED_EDGE('',*,*,#1298,.T.);
#1298 = EDGE_CURVE('',#1291,#1299,#1301,.T.);
#1299 = VERTEX_POINT('',#1300);
#1300 = CARTESIAN_POINT('',(10.024768439814,-15.84760732299,
    2.225945747683E-15));
#1301 = LINE('',#1302,#1303);
#1302 = CARTESIAN_POINT('',(8.930303981172,-12.84059093648,
    1.98292581936E-15));
#1303 = VECTOR('',#1304,1.);
#1304 = DIRECTION('',(0.342020143326,-0.939692620786,7.594372760115E-17)
  );
#1305 = ORIENTED_EDGE('',*,*,#1306,.T.);
#1306 = EDGE_CURVE('',#1299,#1307,#1309,.T.);
#1307 = VERTEX_POINT('',#1308);
#1308 = CARTESIAN_POINT('',(2.507227473527,-18.5837684696,
    5.567163338165E-16));
#1309 = LINE('',#1310,#1311);
#1310 = CARTESIAN_POINT('',(10.024768439814,-15.84760732299,
    2.225945747683E-15));
#1311 = VECTOR('',#1312,1.);
#1312 = DIRECTION('',(-0.939692620786,-0.342020143326,
    -2.086536767334E-16));
#1313 = ORIENTED_EDGE('',*,*,#1314,.T.);
#1314 = EDGE_CURVE('',#1307,#1315,#1317,.T.);
#1315 = VERTEX_POINT('',#1316);
#1316 = CARTESIAN_POINT('',(1.412763014885,-15.57675208308,
    3.136964054928E-16));
#1317 = LINE('',#1318,#1319);
#1318 = CARTESIAN_POINT('',(2.507227473527,-18.5837684696,
    5.567163338165E-16));
#1319 = VECTOR('',#1320,1.);
#1320 = DIRECTION('',(-0.342020143326,0.939692620786,-7.594372760115E-17
    ));
#1321 = ORIENTED_EDGE('',*,*,#1322,.T.);
#1322 = EDGE_CURVE('',#1315,#1323,#1325,.T.);
#1323 = VERTEX_POINT('',#1324);
#1324 = CARTESIAN_POINT('',(3.76199456685,-14.72170172477,
    8.353305973263E-16));
#1325 = LINE('',#1326,#1327);
#1326 = CARTESIAN_POINT('',(1.412763014885,-15.57675208308,
    3.136964054928E-16));
#1327 = VECTOR('',#1328,1.);
#1328 = DIRECTION('',(0.939692620786,0.342020143326,2.086536767334E-16)
  );
#1329 = ORIENTED_EDGE('',*,*,#1330,.F.);
#1330 = EDGE_CURVE('',#1331,#1323,#1333,.T.);
#1331 = VERTEX_POINT('',#1332);
#1332 = CARTESIAN_POINT('',(3.419974423524,-13.78200910398,
    7.593868697251E-16));
#1333 = LINE('',#1334,#1335);
#1334 = CARTESIAN_POINT('',(3.419974423524,-13.78200910398,
    7.593868697251E-16));
#1335 = VECTOR('',#1336,1.);
#1336 = DIRECTION('',(0.342020143326,-0.939692620786,7.594372760115E-17)
  );
#1337 = ORIENTED_EDGE('',*,*,#1338,.F.);
#1338 = EDGE_CURVE('',#1339,#1331,#1341,.T.);
#1339 = VERTEX_POINT('',#1340);
#1340 = CARTESIAN_POINT('',(-3.419974423524,-13.78200910398,0.));
#1341 = CIRCLE('',#1342,14.2);
#1342 = AXIS2_PLACEMENT_3D('',#1343,#1344,#1345);
#1343 = CARTESIAN_POINT('',(0.,0.,0.));
#1344 = DIRECTION('',(0.,0.,1.));
#1345 = DIRECTION('',(1.,0.,0.));
#1346 = ORIENTED_EDGE('',*,*,#1347,.T.);
#1347 = EDGE_CURVE('',#1339,#1348,#1350,.T.);
#1348 = VERTEX_POINT('',#1349);
#1349 = CARTESIAN_POINT('',(-3.76199456685,-14.72170172477,0.));
#1350 = LINE('',#1351,#1352);
#1351 = CARTESIAN_POINT('',(-3.419974423524,-13.78200910398,0.));
#1352 = VECTOR('',#1353,1.);
#1353 = DIRECTION('',(-0.342020143326,-0.939692620786,-0.));
#1354 = ORIENTED_EDGE('',*,*,#1355,.F.);
#1355 = EDGE_CURVE('',#1356,#1348,#1358,.T.);
#1356 = VERTEX_POINT('',#1357);
#1357 = CARTESIAN_POINT('',(-1.412763014885,-15.57675208308,0.));
#1358 = LINE('',#1359,#1360);
#1359 = CARTESIAN_POINT('',(-1.412763014885,-15.57675208308,0.));
#1360 = VECTOR('',#1361,1.);
#1361 = DIRECTION('',(-0.939692620786,0.342020143326,0.));
#1362 = ORIENTED_EDGE('',*,*,#1363,.F.);
#1363 = EDGE_CURVE('',#1364,#1356,#1366,.T.);
#1364 = VERTEX_POINT('',#1365);
#1365 = CARTESIAN_POINT('',(-2.507227473527,-18.5837684696,0.));
#1366 = LINE('',#1367,#1368);
#1367 = CARTESIAN_POINT('',(-2.507227473527,-18.5837684696,0.));
#1368 = VECTOR('',#1369,1.);
#1369 = DIRECTION('',(0.342020143326,0.939692620786,0.));
#1370 = ORIENTED_EDGE('',*,*,#1371,.F.);
#1371 = EDGE_CURVE('',#1372,#1364,#1374,.T.);
#1372 = VERTEX_POINT('',#1373);
#1373 = CARTESIAN_POINT('',(-10.02476843981,-15.84760732299,0.));
#1374 = LINE('',#1375,#1376);
#1375 = CARTESIAN_POINT('',(-10.02476843981,-15.84760732299,0.));
#1376 = VECTOR('',#1377,1.);
#1377 = DIRECTION('',(0.939692620786,-0.342020143326,0.));
#1378 = ORIENTED_EDGE('',*,*,#1379,.F.);
#1379 = EDGE_CURVE('',#1380,#1372,#1382,.T.);
#1380 = VERTEX_POINT('',#1381);
#1381 = CARTESIAN_POINT('',(-8.930303981172,-12.84059093648,0.));
#1382 = LINE('',#1383,#1384);
#1383 = CARTESIAN_POINT('',(-8.930303981172,-12.84059093648,0.));
#1384 = VECTOR('',#1385,1.);
#1385 = DIRECTION('',(-0.342020143326,-0.939692620786,-0.));
#1386 = ORIENTED_EDGE('',*,*,#1387,.F.);
#1387 = EDGE_CURVE('',#994,#1380,#1388,.T.);
#1388 = LINE('',#1389,#1390);
#1389 = CARTESIAN_POINT('',(-6.581072429207,-13.69564129479,0.));
#1390 = VECTOR('',#1391,1.);
#1391 = DIRECTION('',(-0.939692620786,0.342020143326,0.));
#1392 = ORIENTED_EDGE('',*,*,#993,.F.);
#1393 = ORIENTED_EDGE('',*,*,#927,.F.);
#1394 = FACE_BOUND('',#1395,.T.);
#1395 = EDGE_LOOP('',(#1396,#1407));
#1396 = ORIENTED_EDGE('',*,*,#1397,.T.);
#1397 = EDGE_CURVE('',#1398,#1400,#1402,.T.);
#1398 = VERTEX_POINT('',#1399);
#1399 = CARTESIAN_POINT('',(11.2,0.,0.));
#1400 = VERTEX_POINT('',#1401);
#1401 = CARTESIAN_POINT('',(-11.2,0.,-2.48689957516E-15));
#1402 = CIRCLE('',#1403,11.2);
#1403 = AXIS2_PLACEMENT_3D('',#1404,#1405,#1406);
#1404 = CARTESIAN_POINT('',(0.,0.,0.));
#1405 = DIRECTION('',(0.,0.,1.));
#1406 = DIRECTION('',(1.,0.,0.));
#1407 = ORIENTED_EDGE('',*,*,#1408,.T.);
#1408 = EDGE_CURVE('',#1400,#1398,#1409,.T.);
#1409 = CIRCLE('',#1410,11.2);
#1410 = AXIS2_PLACEMENT_3D('',#1411,#1412,#1413);
#1411 = CARTESIAN_POINT('',(0.,0.,0.));
#1412 = DIRECTION('',(0.,0.,1.));
#1413 = DIRECTION('',(1.,0.,0.));
#1414 = PLANE('',#1415);
#1415 = AXIS2_PLACEMENT_3D('',#1416,#1417,#1418);
#1416 = CARTESIAN_POINT('',(9.24886821891E-16,-5.285067553663E-16,
    3.374372458642E-16));
#1417 = DIRECTION('',(-0.,-0.,-1.));
#1418 = DIRECTION('',(-1.,0.,0.));
#1419 = ADVANCED_FACE('',(#1420),#1446,.T.);
#1420 = FACE_BOUND('',#1421,.F.);
#1421 = EDGE_LOOP('',(#1422,#1423,#1431,#1440));
#1422 = ORIENTED_EDGE('',*,*,#1273,.F.);
#1423 = ORIENTED_EDGE('',*,*,#1424,.T.);
#1424 = EDGE_CURVE('',#1274,#1425,#1427,.T.);
#1425 = VERTEX_POINT('',#1426);
#1426 = CARTESIAN_POINT('',(6.239052285882,-12.75594867401,2.));
#1427 = LINE('',#1428,#1429);
#1428 = CARTESIAN_POINT('',(6.239052285882,-12.75594867401,
    1.385347899925E-15));
#1429 = VECTOR('',#1430,1.);
#1430 = DIRECTION('',(-2.22044604925E-16,-2.465190328816E-32,1.));
#1431 = ORIENTED_EDGE('',*,*,#1432,.F.);
#1432 = EDGE_CURVE('',#1433,#1425,#1435,.T.);
#1433 = VERTEX_POINT('',#1434);
#1434 = CARTESIAN_POINT('',(6.239052285882,12.755948674012,2.));
#1435 = CIRCLE('',#1436,14.2);
#1436 = AXIS2_PLACEMENT_3D('',#1437,#1438,#1439);
#1437 = CARTESIAN_POINT('',(0.,0.,2.));
#1438 = DIRECTION('',(0.,0.,-1.));
#1439 = DIRECTION('',(1.,0.,0.));
#1440 = ORIENTED_EDGE('',*,*,#1441,.F.);
#1441 = EDGE_CURVE('',#1266,#1433,#1442,.T.);
#1442 = LINE('',#1443,#1444);
#1443 = CARTESIAN_POINT('',(6.239052285882,12.755948674012,
    1.385347899925E-15));
#1444 = VECTOR('',#1445,1.);
#1445 = DIRECTION('',(-2.22044604925E-16,2.465190328816E-32,1.));
#1446 = CYLINDRICAL_SURFACE('',#1447,14.2);
#1447 = AXIS2_PLACEMENT_3D('',#1448,#1449,#1450);
#1448 = CARTESIAN_POINT('',(0.,0.,0.));
#1449 = DIRECTION('',(-0.,-0.,-1.));
#1450 = DIRECTION('',(1.,0.,0.));
#1451 = ADVANCED_FACE('',(#1452),#1470,.T.);
#1452 = FACE_BOUND('',#1453,.F.);
#1453 = EDGE_LOOP('',(#1454,#1455,#1456,#1464));
#1454 = ORIENTED_EDGE('',*,*,#1265,.F.);
#1455 = ORIENTED_EDGE('',*,*,#1441,.T.);
#1456 = ORIENTED_EDGE('',*,*,#1457,.T.);
#1457 = EDGE_CURVE('',#1433,#1458,#1460,.T.);
#1458 = VERTEX_POINT('',#1459);
#1459 = CARTESIAN_POINT('',(6.581072429207,13.695641294798,2.));
#1460 = LINE('',#1461,#1462);
#1461 = CARTESIAN_POINT('',(3.824295608531,6.121459229514,2.));
#1462 = VECTOR('',#1463,1.);
#1463 = DIRECTION('',(0.342020143326,0.939692620786,7.594372760115E-17)
  );
#1464 = ORIENTED_EDGE('',*,*,#1465,.F.);
#1465 = EDGE_CURVE('',#1258,#1458,#1466,.T.);
#1466 = LINE('',#1467,#1468);
#1467 = CARTESIAN_POINT('',(6.581072429207,13.695641294798,
    1.461291627526E-15));
#1468 = VECTOR('',#1469,1.);
#1469 = DIRECTION('',(-2.22044604925E-16,2.465190328816E-32,1.));
#1470 = PLANE('',#1471);
#1471 = AXIS2_PLACEMENT_3D('',#1472,#1473,#1474);
#1472 = CARTESIAN_POINT('',(6.239052285882,12.755948674012,
    1.385347899925E-15));
#1473 = DIRECTION('',(0.939692620786,-0.342020143326,2.086536767334E-16)
  );
#1474 = DIRECTION('',(-0.342020143326,-0.939692620786,
    -7.594372760115E-17));
#1475 = ADVANCED_FACE('',(#1476),#1494,.T.);
#1476 = FACE_BOUND('',#1477,.T.);
#1477 = EDGE_LOOP('',(#1478,#1479,#1480,#1488));
#1478 = ORIENTED_EDGE('',*,*,#1282,.F.);
#1479 = ORIENTED_EDGE('',*,*,#1424,.T.);
#1480 = ORIENTED_EDGE('',*,*,#1481,.T.);
#1481 = EDGE_CURVE('',#1425,#1482,#1484,.T.);
#1482 = VERTEX_POINT('',#1483);
#1483 = CARTESIAN_POINT('',(6.581072429207,-13.69564129479,2.));
#1484 = LINE('',#1485,#1486);
#1485 = CARTESIAN_POINT('',(3.824295608531,-6.121459229514,2.));
#1486 = VECTOR('',#1487,1.);
#1487 = DIRECTION('',(0.342020143326,-0.939692620786,7.594372760115E-17)
  );
#1488 = ORIENTED_EDGE('',*,*,#1489,.F.);
#1489 = EDGE_CURVE('',#1283,#1482,#1490,.T.);
#1490 = LINE('',#1491,#1492);
#1491 = CARTESIAN_POINT('',(6.581072429207,-13.69564129479,
    1.461291627526E-15));
#1492 = VECTOR('',#1493,1.);
#1493 = DIRECTION('',(-2.22044604925E-16,-2.465190328816E-32,1.));
#1494 = PLANE('',#1495);
#1495 = AXIS2_PLACEMENT_3D('',#1496,#1497,#1498);
#1496 = CARTESIAN_POINT('',(6.239052285882,-12.75594867401,
    1.385347899925E-15));
#1497 = DIRECTION('',(0.939692620786,0.342020143326,2.086536767334E-16)
  );
#1498 = DIRECTION('',(0.342020143326,-0.939692620786,7.594372760115E-17)
  );
#1499 = ADVANCED_FACE('',(#1500),#1552,.F.);
#1500 = FACE_BOUND('',#1501,.F.);
#1501 = EDGE_LOOP('',(#1502,#1512,#1520,#1529,#1538,#1546));
#1502 = ORIENTED_EDGE('',*,*,#1503,.F.);
#1503 = EDGE_CURVE('',#1504,#1506,#1508,.T.);
#1504 = VERTEX_POINT('',#1505);
#1505 = CARTESIAN_POINT('',(7.220203264544,-8.142127832554,18.6));
#1506 = VERTEX_POINT('',#1507);
#1507 = CARTESIAN_POINT('',(7.220203264544,-8.142127832554,10.6));
#1508 = LINE('',#1509,#1510);
#1509 = CARTESIAN_POINT('',(7.220203264544,-8.142127832554,18.6));
#1510 = VECTOR('',#1511,1.);
#1511 = DIRECTION('',(1.992096809082E-16,-1.841343600287E-17,-1.));
#1512 = ORIENTED_EDGE('',*,*,#1513,.F.);
#1513 = EDGE_CURVE('',#1514,#1504,#1516,.T.);
#1514 = VERTEX_POINT('',#1515);
#1515 = CARTESIAN_POINT('',(6.781088987254,-8.301952358929,18.6));
#1516 = LINE('',#1517,#1518);
#1517 = CARTESIAN_POINT('',(-0.297337701743,-10.87828897916,18.6));
#1518 = VECTOR('',#1519,1.);
#1519 = DIRECTION('',(0.939692620786,0.342020143326,1.808981011177E-16)
  );
#1520 = ORIENTED_EDGE('',*,*,#1521,.F.);
#1521 = EDGE_CURVE('',#1522,#1514,#1524,.T.);
#1522 = VERTEX_POINT('',#1523);
#1523 = CARTESIAN_POINT('',(6.611413210094,-8.363709291292,
    18.566257666908));
#1524 = CIRCLE('',#1525,0.5);
#1525 = AXIS2_PLACEMENT_3D('',#1526,#1527,#1528);
#1526 = CARTESIAN_POINT('',(6.781088987254,-8.301952358929,18.1));
#1527 = DIRECTION('',(-0.342020143326,0.939692620786,-2.940903702847E-16
    ));
#1528 = DIRECTION('',(-0.939692620786,-0.342020143326,
    -2.086536767334E-16));
#1529 = ORIENTED_EDGE('',*,*,#1530,.T.);
#1530 = EDGE_CURVE('',#1522,#1531,#1533,.T.);
#1531 = VERTEX_POINT('',#1532);
#1532 = CARTESIAN_POINT('',(2.201274295343E-16,-10.7700669062,
    16.651805142253));
#1533 = CIRCLE('',#1534,3.7);
#1534 = AXIS2_PLACEMENT_3D('',#1535,#1536,#1537);
#1535 = CARTESIAN_POINT('',(3.4614327814,-9.510208405857,17.));
#1536 = DIRECTION('',(-0.342020143326,0.939692620786,-5.551115123126E-17
    ));
#1537 = DIRECTION('',(0.813797681349,0.296198132726,0.5));
#1538 = ORIENTED_EDGE('',*,*,#1539,.T.);
#1539 = EDGE_CURVE('',#1531,#1540,#1542,.T.);
#1540 = VERTEX_POINT('',#1541);
#1541 = CARTESIAN_POINT('',(9.325873406851E-15,-10.7700669062,10.6));
#1542 = LINE('',#1543,#1544);
#1543 = CARTESIAN_POINT('',(4.440892098501E-16,-10.7700669062,14.6));
#1544 = VECTOR('',#1545,1.);
#1545 = DIRECTION('',(1.110223024625E-16,-4.040881343605E-17,-1.));
#1546 = ORIENTED_EDGE('',*,*,#1547,.F.);
#1547 = EDGE_CURVE('',#1506,#1540,#1548,.T.);
#1548 = LINE('',#1549,#1550);
#1549 = CARTESIAN_POINT('',(7.220203264544,-8.142127832554,10.6));
#1550 = VECTOR('',#1551,1.);
#1551 = DIRECTION('',(-0.939692620786,-0.342020143326,
    -1.808981011177E-16));
#1552 = PLANE('',#1553);
#1553 = AXIS2_PLACEMENT_3D('',#1554,#1555,#1556);
#1554 = CARTESIAN_POINT('',(3.4614327814,-9.510208405857,14.6));
#1555 = DIRECTION('',(0.342020143326,-0.939692620786,7.594372760115E-17)
  );
#1556 = DIRECTION('',(-0.939692620786,-0.342020143326,
    -2.086536767334E-16));
#1557 = ADVANCED_FACE('',(#1558),#1601,.F.);
#1558 = FACE_BOUND('',#1559,.T.);
#1559 = EDGE_LOOP('',(#1560,#1570,#1578,#1587,#1594,#1595));
#1560 = ORIENTED_EDGE('',*,*,#1561,.F.);
#1561 = EDGE_CURVE('',#1562,#1564,#1566,.T.);
#1562 = VERTEX_POINT('',#1563);
#1563 = CARTESIAN_POINT('',(-7.220203264544,-8.142127832554,18.6));
#1564 = VERTEX_POINT('',#1565);
#1565 = CARTESIAN_POINT('',(-7.220203264544,-8.142127832554,10.6));
#1566 = LINE('',#1567,#1568);
#1567 = CARTESIAN_POINT('',(-7.220203264544,-8.142127832554,18.6));
#1568 = VECTOR('',#1569,1.);
#1569 = DIRECTION('',(2.283492401682E-17,-1.841343600287E-17,-1.));
#1570 = ORIENTED_EDGE('',*,*,#1571,.F.);
#1571 = EDGE_CURVE('',#1572,#1562,#1574,.T.);
#1572 = VERTEX_POINT('',#1573);
#1573 = CARTESIAN_POINT('',(-6.781088987254,-8.301952358929,18.6));
#1574 = LINE('',#1575,#1576);
#1575 = CARTESIAN_POINT('',(0.297337701743,-10.87828897916,18.6));
#1576 = VECTOR('',#1577,1.);
#1577 = DIRECTION('',(-0.939692620786,0.342020143326,-2.775557561563E-17
    ));
#1578 = ORIENTED_EDGE('',*,*,#1579,.F.);
#1579 = EDGE_CURVE('',#1580,#1572,#1582,.T.);
#1580 = VERTEX_POINT('',#1581);
#1581 = CARTESIAN_POINT('',(-6.611413210094,-8.363709291292,
    18.566257666908));
#1582 = CIRCLE('',#1583,0.5);
#1583 = AXIS2_PLACEMENT_3D('',#1584,#1585,#1586);
#1584 = CARTESIAN_POINT('',(-6.781088987254,-8.301952358929,18.1));
#1585 = DIRECTION('',(-0.342020143326,-0.939692620786,2.181466426835E-16
    ));
#1586 = DIRECTION('',(0.939692620786,-0.342020143326,0.));
#1587 = ORIENTED_EDGE('',*,*,#1588,.T.);
#1588 = EDGE_CURVE('',#1580,#1531,#1589,.T.);
#1589 = CIRCLE('',#1590,3.7);
#1590 = AXIS2_PLACEMENT_3D('',#1591,#1592,#1593);
#1591 = CARTESIAN_POINT('',(-3.4614327814,-9.510208405857,17.));
#1592 = DIRECTION('',(-0.342020143326,-0.939692620786,0.));
#1593 = DIRECTION('',(-0.813797681349,0.296198132726,0.5));
#1594 = ORIENTED_EDGE('',*,*,#1539,.T.);
#1595 = ORIENTED_EDGE('',*,*,#1596,.F.);
#1596 = EDGE_CURVE('',#1564,#1540,#1597,.T.);
#1597 = LINE('',#1598,#1599);
#1598 = CARTESIAN_POINT('',(-7.220203264544,-8.142127832554,10.6));
#1599 = VECTOR('',#1600,1.);
#1600 = DIRECTION('',(0.939692620786,-0.342020143326,2.775557561563E-17)
  );
#1601 = PLANE('',#1602);
#1602 = AXIS2_PLACEMENT_3D('',#1603,#1604,#1605);
#1603 = CARTESIAN_POINT('',(-3.4614327814,-9.510208405857,14.6));
#1604 = DIRECTION('',(-0.342020143326,-0.939692620786,-0.));
#1605 = DIRECTION('',(-0.939692620786,0.342020143326,0.));
#1606 = ADVANCED_FACE('',(#1607),#1664,.T.);
#1607 = FACE_BOUND('',#1608,.T.);
#1608 = EDGE_LOOP('',(#1609,#1620,#1645,#1646,#1657));
#1609 = ORIENTED_EDGE('',*,*,#1610,.F.);
#1610 = EDGE_CURVE('',#1611,#1613,#1615,.T.);
#1611 = VERTEX_POINT('',#1612);
#1612 = CARTESIAN_POINT('',(6.503496868936,-8.935076513502,
    17.951351351351));
#1613 = VERTEX_POINT('',#1614);
#1614 = CARTESIAN_POINT('',(0.625426466548,-11.07451917489,17.));
#1615 = CIRCLE('',#1616,3.2);
#1616 = AXIS2_PLACEMENT_3D('',#1617,#1618,#1619);
#1617 = CARTESIAN_POINT('',(3.632442853063,-9.98005471625,17.));
#1618 = DIRECTION('',(-0.342020143326,0.939692620786,-5.551115123126E-17
    ));
#1619 = DIRECTION('',(0.813797681349,0.296198132726,0.5));
#1620 = ORIENTED_EDGE('',*,*,#1621,.T.);
#1621 = EDGE_CURVE('',#1611,#1522,#1622,.T.);
#1622 = B_SPLINE_CURVE_WITH_KNOTS('',5,(#1623,#1624,#1625,#1626,#1627,
    #1628,#1629,#1630,#1631,#1632,#1633,#1634,#1635,#1636,#1637,#1638,
    #1639,#1640,#1641,#1642,#1643,#1644),.UNSPECIFIED.,.F.,.F.,(6,4,4,4,
    4,6),(0.,0.253056162796,0.501618522098,0.736982070207,0.96902430852,
    1.),.UNSPECIFIED.);
#1623 = CARTESIAN_POINT('',(6.503496868936,-8.935076513502,
    17.951351351351));
#1624 = CARTESIAN_POINT('',(6.480507080026,-8.902792580949,
    17.985270287369));
#1625 = CARTESIAN_POINT('',(6.460349314266,-8.869479836992,
    18.020125684676));
#1626 = CARTESIAN_POINT('',(6.443225555991,-8.835470461973,
    18.055668629647));
#1627 = CARTESIAN_POINT('',(6.429360230583,-8.801102589098,
    18.091643853865));
#1628 = CARTESIAN_POINT('',(6.408797715302,-8.732975459038,
    18.163215578871));
#1629 = CARTESIAN_POINT('',(6.401978560225,-8.699219064662,
    18.198804458525));
#1630 = CARTESIAN_POINT('',(6.398747944177,-8.665802911333,
    18.234232355924));
#1631 = CARTESIAN_POINT('',(6.399341778069,-8.633106508692,
    18.269147200919));
#1632 = CARTESIAN_POINT('',(6.40826023716,-8.571646167222,18.33528171531
    ));
#1633 = CARTESIAN_POINT('',(6.416172446585,-8.542766212376,
    18.366598375306));
#1634 = CARTESIAN_POINT('',(6.427794857975,-8.51524741393,
    18.396697501633));
#1635 = CARTESIAN_POINT('',(6.443195443216,-8.489468735447,
    18.425134954245));
#1636 = CARTESIAN_POINT('',(6.481050034776,-8.442417469985,
    18.477412859273));
#1637 = CARTESIAN_POINT('',(6.50340334835,-8.42108348256,18.501315825288
    ));
#1638 = CARTESIAN_POINT('',(6.529203738031,-8.40211116445,
    18.522731659516));
#1639 = CARTESIAN_POINT('',(6.55816379095,-8.385777429381,
    18.541249329952));
#1640 = CARTESIAN_POINT('',(6.594042124955,-8.370434931488,
    18.558638202589));
#1641 = CARTESIAN_POINT('',(6.598315575053,-8.368677880325,
    18.560629514996));
#1642 = CARTESIAN_POINT('',(6.602635993855,-8.366971040563,
    18.562563594147));
#1643 = CARTESIAN_POINT('',(6.607002259772,-8.365314745913,
    18.564439832186));
#1644 = CARTESIAN_POINT('',(6.611413210094,-8.363709291292,
    18.566257666908));
#1645 = ORIENTED_EDGE('',*,*,#1530,.T.);
#1646 = ORIENTED_EDGE('',*,*,#1647,.T.);
#1647 = EDGE_CURVE('',#1531,#1648,#1650,.T.);
#1648 = VERTEX_POINT('',#1649);
#1649 = CARTESIAN_POINT('',(4.105063412168E-04,-10.77021631828,17.));
#1650 = B_SPLINE_CURVE_WITH_KNOTS('',5,(#1651,#1652,#1653,#1654,#1655,
    #1656),.UNSPECIFIED.,.F.,.F.,(6,6),(0.,1.),
  .PIECEWISE_BEZIER_KNOTS.);
#1651 = CARTESIAN_POINT('',(1.33226762955E-15,-10.7700669062,
    16.651805142252));
#1652 = CARTESIAN_POINT('',(1.33226762955E-15,-10.7700669062,
    16.720735893255));
#1653 = CARTESIAN_POINT('',(1.540445148134E-04,-10.77012297381,
    16.790154962172));
#1654 = CARTESIAN_POINT('',(3.259768432819E-04,-10.77018555206,
    16.859955584465));
#1655 = CARTESIAN_POINT('',(4.105063412192E-04,-10.77021631828,
    16.929981513364));
#1656 = CARTESIAN_POINT('',(4.105063412192E-04,-10.77021631828,17.));
#1657 = ORIENTED_EDGE('',*,*,#1658,.T.);
#1658 = EDGE_CURVE('',#1648,#1613,#1659,.T.);
#1659 = CIRCLE('',#1660,0.5);
#1660 = AXIS2_PLACEMENT_3D('',#1661,#1662,#1663);
#1661 = CARTESIAN_POINT('',(0.155580156155,-11.24552924655,17.));
#1662 = DIRECTION('',(6.915153775751E-16,1.708733871026E-16,-1.));
#1663 = DIRECTION('',(-0.939692620786,-0.342020143326,
    -7.082540378147E-16));
#1664 = TOROIDAL_SURFACE('',#1665,3.7,0.5);
#1665 = AXIS2_PLACEMENT_3D('',#1666,#1667,#1668);
#1666 = CARTESIAN_POINT('',(3.632442853063,-9.98005471625,17.));
#1667 = DIRECTION('',(-0.342020143326,0.939692620786,-7.594372760115E-17
    ));
#1668 = DIRECTION('',(0.813797681349,0.296198132726,0.5));
#1669 = ADVANCED_FACE('',(#1670),#1697,.T.);
#1670 = FACE_BOUND('',#1671,.F.);
#1671 = EDGE_LOOP('',(#1672,#1673,#1674,#1682,#1691));
#1672 = ORIENTED_EDGE('',*,*,#1621,.T.);
#1673 = ORIENTED_EDGE('',*,*,#1521,.T.);
#1674 = ORIENTED_EDGE('',*,*,#1675,.F.);
#1675 = EDGE_CURVE('',#1676,#1514,#1678,.T.);
#1676 = VERTEX_POINT('',#1677);
#1677 = CARTESIAN_POINT('',(7.875553445896,-11.30896874544,18.6));
#1678 = LINE('',#1679,#1680);
#1679 = CARTESIAN_POINT('',(7.875553445896,-11.30896874544,18.6));
#1680 = VECTOR('',#1681,1.);
#1681 = DIRECTION('',(-0.342020143326,0.939692620786,-2.940903702847E-16
    ));
#1682 = ORIENTED_EDGE('',*,*,#1683,.T.);
#1683 = EDGE_CURVE('',#1676,#1684,#1686,.T.);
#1684 = VERTEX_POINT('',#1685);
#1685 = CARTESIAN_POINT('',(7.426951255916,-11.47224658962,
    17.951351351351));
#1686 = CIRCLE('',#1687,0.5);
#1687 = AXIS2_PLACEMENT_3D('',#1688,#1689,#1690);
#1688 = CARTESIAN_POINT('',(7.875553445896,-11.30896874544,18.1));
#1689 = DIRECTION('',(0.342020143326,-0.939692620786,2.940903702847E-16)
  );
#1690 = DIRECTION('',(-0.939692620786,-0.342020143326,
    -2.086536767334E-16));
#1691 = ORIENTED_EDGE('',*,*,#1692,.T.);
#1692 = EDGE_CURVE('',#1684,#1611,#1693,.T.);
#1693 = LINE('',#1694,#1695);
#1694 = CARTESIAN_POINT('',(7.426951255916,-11.47224658962,
    17.951351351351));
#1695 = VECTOR('',#1696,1.);
#1696 = DIRECTION('',(-0.342020143326,0.939692620786,-2.940903702847E-16
    ));
#1697 = CYLINDRICAL_SURFACE('',#1698,0.5);
#1698 = AXIS2_PLACEMENT_3D('',#1699,#1700,#1701);
#1699 = CARTESIAN_POINT('',(7.875553445896,-11.30896874544,18.1));
#1700 = DIRECTION('',(-0.342020143326,0.939692620786,-2.940903702847E-16
    ));
#1701 = DIRECTION('',(-2.966551509217E-16,2.049907903789E-16,1.));
#1702 = ADVANCED_FACE('',(#1703),#1760,.T.);
#1703 = FACE_BOUND('',#1704,.F.);
#1704 = EDGE_LOOP('',(#1705,#1716,#1741,#1742,#1753));
#1705 = ORIENTED_EDGE('',*,*,#1706,.F.);
#1706 = EDGE_CURVE('',#1707,#1709,#1711,.T.);
#1707 = VERTEX_POINT('',#1708);
#1708 = CARTESIAN_POINT('',(-6.503496868936,-8.935076513502,
    17.951351351351));
#1709 = VERTEX_POINT('',#1710);
#1710 = CARTESIAN_POINT('',(-0.625426466548,-11.07451917489,17.));
#1711 = CIRCLE('',#1712,3.2);
#1712 = AXIS2_PLACEMENT_3D('',#1713,#1714,#1715);
#1713 = CARTESIAN_POINT('',(-3.632442853063,-9.98005471625,17.));
#1714 = DIRECTION('',(-0.342020143326,-0.939692620786,0.));
#1715 = DIRECTION('',(-0.813797681349,0.296198132726,0.5));
#1716 = ORIENTED_EDGE('',*,*,#1717,.T.);
#1717 = EDGE_CURVE('',#1707,#1580,#1718,.T.);
#1718 = B_SPLINE_CURVE_WITH_KNOTS('',5,(#1719,#1720,#1721,#1722,#1723,
    #1724,#1725,#1726,#1727,#1728,#1729,#1730,#1731,#1732,#1733,#1734,
    #1735,#1736,#1737,#1738,#1739,#1740),.UNSPECIFIED.,.F.,.F.,(6,4,4,4,
    4,6),(0.,0.253056162796,0.501618522098,0.736982070207,0.96902430852,
    1.),.UNSPECIFIED.);
#1719 = CARTESIAN_POINT('',(-6.503496868936,-8.935076513502,
    17.951351351351));
#1720 = CARTESIAN_POINT('',(-6.480507080026,-8.902792580949,
    17.985270287369));
#1721 = CARTESIAN_POINT('',(-6.460349314266,-8.869479836992,
    18.020125684676));
#1722 = CARTESIAN_POINT('',(-6.443225555991,-8.835470461973,
    18.055668629647));
#1723 = CARTESIAN_POINT('',(-6.429360230583,-8.801102589098,
    18.091643853865));
#1724 = CARTESIAN_POINT('',(-6.408797715302,-8.732975459038,
    18.163215578871));
#1725 = CARTESIAN_POINT('',(-6.401978560225,-8.699219064662,
    18.198804458525));
#1726 = CARTESIAN_POINT('',(-6.398747944177,-8.665802911333,
    18.234232355924));
#1727 = CARTESIAN_POINT('',(-6.399341778069,-8.633106508692,
    18.269147200919));
#1728 = CARTESIAN_POINT('',(-6.40826023716,-8.571646167222,
    18.33528171531));
#1729 = CARTESIAN_POINT('',(-6.416172446585,-8.542766212376,
    18.366598375306));
#1730 = CARTESIAN_POINT('',(-6.427794857975,-8.51524741393,
    18.396697501633));
#1731 = CARTESIAN_POINT('',(-6.443195443216,-8.489468735447,
    18.425134954245));
#1732 = CARTESIAN_POINT('',(-6.481050034776,-8.442417469985,
    18.477412859273));
#1733 = CARTESIAN_POINT('',(-6.50340334835,-8.42108348256,
    18.501315825288));
#1734 = CARTESIAN_POINT('',(-6.529203738031,-8.40211116445,
    18.522731659516));
#1735 = CARTESIAN_POINT('',(-6.55816379095,-8.385777429381,
    18.541249329952));
#1736 = CARTESIAN_POINT('',(-6.594042124955,-8.370434931488,
    18.558638202589));
#1737 = CARTESIAN_POINT('',(-6.598315575053,-8.368677880325,
    18.560629514996));
#1738 = CARTESIAN_POINT('',(-6.602635993855,-8.366971040563,
    18.562563594147));
#1739 = CARTESIAN_POINT('',(-6.607002259772,-8.365314745913,
    18.564439832186));
#1740 = CARTESIAN_POINT('',(-6.611413210094,-8.363709291292,
    18.566257666908));
#1741 = ORIENTED_EDGE('',*,*,#1588,.T.);
#1742 = ORIENTED_EDGE('',*,*,#1743,.T.);
#1743 = EDGE_CURVE('',#1531,#1744,#1746,.T.);
#1744 = VERTEX_POINT('',#1745);
#1745 = CARTESIAN_POINT('',(-4.105063412205E-04,-10.77021631828,17.));
#1746 = B_SPLINE_CURVE_WITH_KNOTS('',5,(#1747,#1748,#1749,#1750,#1751,
    #1752),.UNSPECIFIED.,.F.,.F.,(6,6),(0.,1.),
  .PIECEWISE_BEZIER_KNOTS.);
#1747 = CARTESIAN_POINT('',(-2.22044604925E-15,-10.7700669062,
    16.651805142252));
#1748 = CARTESIAN_POINT('',(-2.22044604925E-15,-10.7700669062,
    16.720735893255));
#1749 = CARTESIAN_POINT('',(-1.540445148143E-04,-10.77012297381,
    16.790154962172));
#1750 = CARTESIAN_POINT('',(-3.259768432811E-04,-10.77018555206,
    16.859955584465));
#1751 = CARTESIAN_POINT('',(-4.10506341221E-04,-10.77021631828,
    16.929981513364));
#1752 = CARTESIAN_POINT('',(-4.10506341221E-04,-10.77021631828,17.));
#1753 = ORIENTED_EDGE('',*,*,#1754,.T.);
#1754 = EDGE_CURVE('',#1744,#1709,#1755,.T.);
#1755 = CIRCLE('',#1756,0.5);
#1756 = AXIS2_PLACEMENT_3D('',#1757,#1758,#1759);
#1757 = CARTESIAN_POINT('',(-0.155580156155,-11.24552924655,17.));
#1758 = DIRECTION('',(4.694707726501E-16,-1.708733871026E-16,1.));
#1759 = DIRECTION('',(0.939692620786,-0.342020143326,-4.996003610813E-16
    ));
#1760 = TOROIDAL_SURFACE('',#1761,3.7,0.5);
#1761 = AXIS2_PLACEMENT_3D('',#1762,#1763,#1764);
#1762 = CARTESIAN_POINT('',(-3.632442853063,-9.98005471625,17.));
#1763 = DIRECTION('',(0.342020143326,0.939692620786,0.));
#1764 = DIRECTION('',(-0.813797681349,0.296198132726,0.5));
#1765 = ADVANCED_FACE('',(#1766),#1793,.T.);
#1766 = FACE_BOUND('',#1767,.T.);
#1767 = EDGE_LOOP('',(#1768,#1769,#1770,#1778,#1787));
#1768 = ORIENTED_EDGE('',*,*,#1717,.T.);
#1769 = ORIENTED_EDGE('',*,*,#1579,.T.);
#1770 = ORIENTED_EDGE('',*,*,#1771,.F.);
#1771 = EDGE_CURVE('',#1772,#1572,#1774,.T.);
#1772 = VERTEX_POINT('',#1773);
#1773 = CARTESIAN_POINT('',(-7.875553445896,-11.30896874544,18.6));
#1774 = LINE('',#1775,#1776);
#1775 = CARTESIAN_POINT('',(-7.875553445896,-11.30896874544,18.6));
#1776 = VECTOR('',#1777,1.);
#1777 = DIRECTION('',(0.342020143326,0.939692620786,-2.181466426835E-16)
  );
#1778 = ORIENTED_EDGE('',*,*,#1779,.T.);
#1779 = EDGE_CURVE('',#1772,#1780,#1782,.T.);
#1780 = VERTEX_POINT('',#1781);
#1781 = CARTESIAN_POINT('',(-7.426951255916,-11.47224658962,
    17.951351351351));
#1782 = CIRCLE('',#1783,0.5);
#1783 = AXIS2_PLACEMENT_3D('',#1784,#1785,#1786);
#1784 = CARTESIAN_POINT('',(-7.875553445896,-11.30896874544,18.1));
#1785 = DIRECTION('',(0.342020143326,0.939692620786,-2.181466426835E-16)
  );
#1786 = DIRECTION('',(0.939692620786,-0.342020143326,0.));
#1787 = ORIENTED_EDGE('',*,*,#1788,.T.);
#1788 = EDGE_CURVE('',#1780,#1707,#1789,.T.);
#1789 = LINE('',#1790,#1791);
#1790 = CARTESIAN_POINT('',(-7.426951255916,-11.47224658962,
    17.951351351351));
#1791 = VECTOR('',#1792,1.);
#1792 = DIRECTION('',(0.342020143326,0.939692620786,-2.181466426835E-16)
  );
#1793 = CYLINDRICAL_SURFACE('',#1794,0.5);
#1794 = AXIS2_PLACEMENT_3D('',#1795,#1796,#1797);
#1795 = CARTESIAN_POINT('',(-7.875553445896,-11.30896874544,18.1));
#1796 = DIRECTION('',(0.342020143326,0.939692620786,-2.181466426835E-16)
  );
#1797 = DIRECTION('',(7.461054599663E-17,2.049907903789E-16,1.));
#1798 = ADVANCED_FACE('',(#1799),#1856,.T.);
#1799 = FACE_BOUND('',#1800,.T.);
#1800 = EDGE_LOOP('',(#1801,#1812,#1821,#1848,#1855));
#1801 = ORIENTED_EDGE('',*,*,#1802,.F.);
#1802 = EDGE_CURVE('',#1803,#1648,#1805,.T.);
#1803 = VERTEX_POINT('',#1804);
#1804 = CARTESIAN_POINT('',(-2.768877193258E-17,-10.7700669062,
    17.348194857747));
#1805 = B_SPLINE_CURVE_WITH_KNOTS('',5,(#1806,#1807,#1808,#1809,#1810,
    #1811),.UNSPECIFIED.,.F.,.F.,(6,6),(0.,1.),
  .PIECEWISE_BEZIER_KNOTS.);
#1806 = CARTESIAN_POINT('',(2.22044604925E-15,-10.7700669062,
    17.348194857748));
#1807 = CARTESIAN_POINT('',(2.22044604925E-15,-10.7700669062,
    17.279264243402));
#1808 = CARTESIAN_POINT('',(1.540580207746E-04,-10.77012297873,
    17.20984489648));
#1809 = CARTESIAN_POINT('',(3.259673045513E-04,-10.77018554859,
    17.140044186364));
#1810 = CARTESIAN_POINT('',(4.105063412201E-04,-10.77021631828,
    17.070018562332));
#1811 = CARTESIAN_POINT('',(4.105063412201E-04,-10.77021631828,17.));
#1812 = ORIENTED_EDGE('',*,*,#1813,.T.);
#1813 = EDGE_CURVE('',#1803,#1814,#1816,.T.);
#1814 = VERTEX_POINT('',#1815);
#1815 = CARTESIAN_POINT('',(0.311452352707,-10.65670752042,
    18.566257666908));
#1816 = CIRCLE('',#1817,3.7);
#1817 = AXIS2_PLACEMENT_3D('',#1818,#1819,#1820);
#1818 = CARTESIAN_POINT('',(3.4614327814,-9.510208405857,17.));
#1819 = DIRECTION('',(-0.342020143326,0.939692620786,-7.594372760115E-17
    ));
#1820 = DIRECTION('',(-0.939692620786,-0.342020143326,
    -2.086536767334E-16));
#1821 = ORIENTED_EDGE('',*,*,#1822,.F.);
#1822 = EDGE_CURVE('',#1823,#1814,#1825,.T.);
#1823 = VERTEX_POINT('',#1824);
#1824 = CARTESIAN_POINT('',(0.76138883719,-11.02503291899,
    17.951351351351));
#1825 = B_SPLINE_CURVE_WITH_KNOTS('',5,(#1826,#1827,#1828,#1829,#1830,
    #1831,#1832,#1833,#1834,#1835,#1836,#1837,#1838,#1839,#1840,#1841,
    #1842,#1843,#1844,#1845,#1846,#1847),.UNSPECIFIED.,.F.,.F.,(6,4,4,4,
    4,6),(0.,0.25305616281,0.501618522113,0.736982070222,0.96902430852,
    1.),.UNSPECIFIED.);
#1826 = CARTESIAN_POINT('',(0.761388837205,-11.02503291899,
    17.951351351404));
#1827 = CARTESIAN_POINT('',(0.758248325362,-10.98552444039,
    17.985270287275));
#1828 = CARTESIAN_POINT('',(0.752277050814,-10.94704823593,
    18.020125684785));
#1829 = CARTESIAN_POINT('',(0.743533805762,-10.90998860353,
    18.055668629615));
#1830 = CARTESIAN_POINT('',(0.732064018401,-10.87474882611,
    18.091643853876));
#1831 = CARTESIAN_POINT('',(0.70402454388,-10.80934308666,
    18.163215578884));
#1832 = CARTESIAN_POINT('',(0.68755012768,-10.77910091994,
    18.198804458538));
#1833 = CARTESIAN_POINT('',(0.668545433827,-10.7514260614,
    18.234232355937));
#1834 = CARTESIAN_POINT('',(0.647073688175,-10.72676087292,
    18.269147200931));
#1835 = CARTESIAN_POINT('',(0.600735806161,-10.68541219486,
    18.335281715322));
#1836 = CARTESIAN_POINT('',(0.576111024954,-10.66837473612,
    18.366598375317));
#1837 = CARTESIAN_POINT('',(0.549518998619,-10.65476485553,
    18.396697501644));
#1838 = CARTESIAN_POINT('',(0.52115125075,-10.6449165475,18.425134954255
    ));
#1839 = CARTESIAN_POINT('',(0.461908980782,-10.63320564948,
    18.47741285928));
#1840 = CARTESIAN_POINT('',(0.431072126353,-10.63123129996,
    18.501315825293));
#1841 = CARTESIAN_POINT('',(0.399112710202,-10.63328183192,
    18.522731659518));
#1842 = CARTESIAN_POINT('',(0.366428900071,-10.63938462812,
    18.541249329953));
#1843 = CARTESIAN_POINT('',(0.329082534133,-10.65069374142,
    18.558638202589));
#1844 = CARTESIAN_POINT('',(0.324679470716,-10.65209468292,
    18.560629514996));
#1845 = CARTESIAN_POINT('',(0.32027270245,-10.65356427948,
    18.562563594147));
#1846 = CARTESIAN_POINT('',(0.315863303028,-10.6551020658,
    18.564439832186));
#1847 = CARTESIAN_POINT('',(0.311452352707,-10.65670752042,
    18.566257666908));
#1848 = ORIENTED_EDGE('',*,*,#1849,.F.);
#1849 = EDGE_CURVE('',#1613,#1823,#1850,.T.);
#1850 = CIRCLE('',#1851,3.2);
#1851 = AXIS2_PLACEMENT_3D('',#1852,#1853,#1854);
#1852 = CARTESIAN_POINT('',(3.632442853063,-9.98005471625,17.));
#1853 = DIRECTION('',(-0.342020143326,0.939692620786,-7.594372760115E-17
    ));
#1854 = DIRECTION('',(-0.939692620786,-0.342020143326,
    -2.086536767334E-16));
#1855 = ORIENTED_EDGE('',*,*,#1658,.F.);
#1856 = TOROIDAL_SURFACE('',#1857,3.7,0.5);
#1857 = AXIS2_PLACEMENT_3D('',#1858,#1859,#1860);
#1858 = CARTESIAN_POINT('',(3.632442853063,-9.98005471625,17.));
#1859 = DIRECTION('',(-0.342020143326,0.939692620786,-7.594372760115E-17
    ));
#1860 = DIRECTION('',(-0.939692620786,-0.342020143326,
    -2.086536767334E-16));
#1861 = ADVANCED_FACE('',(#1862),#1897,.T.);
#1862 = FACE_BOUND('',#1863,.T.);
#1863 = EDGE_LOOP('',(#1864,#1865,#1874,#1882,#1891));
#1864 = ORIENTED_EDGE('',*,*,#1822,.T.);
#1865 = ORIENTED_EDGE('',*,*,#1866,.T.);
#1866 = EDGE_CURVE('',#1814,#1867,#1869,.T.);
#1867 = VERTEX_POINT('',#1868);
#1868 = CARTESIAN_POINT('',(0.141776575547,-10.71846445278,18.6));
#1869 = CIRCLE('',#1870,0.5);
#1870 = AXIS2_PLACEMENT_3D('',#1871,#1872,#1873);
#1871 = CARTESIAN_POINT('',(0.141776575547,-10.71846445278,18.1));
#1872 = DIRECTION('',(0.342020143326,-0.939692620786,2.940903702847E-16)
  );
#1873 = DIRECTION('',(-0.939692620786,-0.342020143326,
    -2.086536767334E-16));
#1874 = ORIENTED_EDGE('',*,*,#1875,.F.);
#1875 = EDGE_CURVE('',#1876,#1867,#1878,.T.);
#1876 = VERTEX_POINT('',#1877);
#1877 = CARTESIAN_POINT('',(1.236241034189,-13.7254808393,18.6));
#1878 = LINE('',#1879,#1880);
#1879 = CARTESIAN_POINT('',(1.236241034189,-13.7254808393,18.6));
#1880 = VECTOR('',#1881,1.);
#1881 = DIRECTION('',(-0.342020143326,0.939692620786,-2.940903702847E-16
    ));
#1882 = ORIENTED_EDGE('',*,*,#1883,.T.);
#1883 = EDGE_CURVE('',#1876,#1884,#1886,.T.);
#1884 = VERTEX_POINT('',#1885);
#1885 = CARTESIAN_POINT('',(1.684843224169,-13.56220299512,
    17.951351351351));
#1886 = CIRCLE('',#1887,0.5);
#1887 = AXIS2_PLACEMENT_3D('',#1888,#1889,#1890);
#1888 = CARTESIAN_POINT('',(1.236241034189,-13.7254808393,18.1));
#1889 = DIRECTION('',(-0.342020143326,0.939692620786,-2.940903702847E-16
    ));
#1890 = DIRECTION('',(-0.939692620786,-0.342020143326,
    -2.086536767334E-16));
#1891 = ORIENTED_EDGE('',*,*,#1892,.T.);
#1892 = EDGE_CURVE('',#1884,#1823,#1893,.T.);
#1893 = LINE('',#1894,#1895);
#1894 = CARTESIAN_POINT('',(1.684843224169,-13.56220299512,
    17.951351351351));
#1895 = VECTOR('',#1896,1.);
#1896 = DIRECTION('',(-0.342020143326,0.939692620786,-2.940903702847E-16
    ));
#1897 = CYLINDRICAL_SURFACE('',#1898,0.5);
#1898 = AXIS2_PLACEMENT_3D('',#1899,#1900,#1901);
#1899 = CARTESIAN_POINT('',(1.236241034189,-13.7254808393,18.1));
#1900 = DIRECTION('',(-0.342020143326,0.939692620786,-2.940903702847E-16
    ));
#1901 = DIRECTION('',(-2.966551509217E-16,2.049907903789E-16,1.));
#1902 = ADVANCED_FACE('',(#1903),#1923,.T.);
#1903 = FACE_BOUND('',#1904,.F.);
#1904 = EDGE_LOOP('',(#1905,#1914,#1915,#1916));
#1905 = ORIENTED_EDGE('',*,*,#1906,.F.);
#1906 = EDGE_CURVE('',#1531,#1907,#1909,.T.);
#1907 = VERTEX_POINT('',#1908);
#1908 = CARTESIAN_POINT('',(1.542991550767E-02,-10.77568293616,17.));
#1909 = CIRCLE('',#1910,3.7);
#1910 = AXIS2_PLACEMENT_3D('',#1911,#1912,#1913);
#1911 = CARTESIAN_POINT('',(-3.4614327814,-9.510208405857,17.));
#1912 = DIRECTION('',(-0.342020143326,-0.939692620786,0.));
#1913 = DIRECTION('',(-0.813797681349,0.296198132726,0.5));
#1914 = ORIENTED_EDGE('',*,*,#1647,.T.);
#1915 = ORIENTED_EDGE('',*,*,#1802,.F.);
#1916 = ORIENTED_EDGE('',*,*,#1917,.F.);
#1917 = EDGE_CURVE('',#1907,#1803,#1918,.T.);
#1918 = CIRCLE('',#1919,3.7);
#1919 = AXIS2_PLACEMENT_3D('',#1920,#1921,#1922);
#1920 = CARTESIAN_POINT('',(-3.4614327814,-9.510208405857,17.));
#1921 = DIRECTION('',(-0.342020143326,-0.939692620786,0.));
#1922 = DIRECTION('',(0.939692620786,-0.342020143326,0.));
#1923 = PLANE('',#1924);
#1924 = AXIS2_PLACEMENT_3D('',#1925,#1926,#1927);
#1925 = CARTESIAN_POINT('',(-3.4614327814,-9.510208405857,14.6));
#1926 = DIRECTION('',(-0.342020143326,-0.939692620786,-0.));
#1927 = DIRECTION('',(-0.939692620786,0.342020143326,0.));
#1928 = ADVANCED_FACE('',(#1929),#1947,.F.);
#1929 = FACE_BOUND('',#1930,.F.);
#1930 = EDGE_LOOP('',(#1931,#1939,#1940,#1941));
#1931 = ORIENTED_EDGE('',*,*,#1932,.T.);
#1932 = EDGE_CURVE('',#1933,#1803,#1935,.T.);
#1933 = VERTEX_POINT('',#1934);
#1934 = CARTESIAN_POINT('',(-3.191891195797E-15,-10.7700669062,18.6));
#1935 = LINE('',#1936,#1937);
#1936 = CARTESIAN_POINT('',(4.440892098501E-16,-10.7700669062,14.6));
#1937 = VECTOR('',#1938,1.);
#1938 = DIRECTION('',(1.110223024625E-16,-4.040881343605E-17,-1.));
#1939 = ORIENTED_EDGE('',*,*,#1813,.T.);
#1940 = ORIENTED_EDGE('',*,*,#1866,.T.);
#1941 = ORIENTED_EDGE('',*,*,#1942,.F.);
#1942 = EDGE_CURVE('',#1933,#1867,#1943,.T.);
#1943 = LINE('',#1944,#1945);
#1944 = CARTESIAN_POINT('',(-0.297337701743,-10.87828897916,18.6));
#1945 = VECTOR('',#1946,1.);
#1946 = DIRECTION('',(0.939692620786,0.342020143326,1.808981011177E-16)
  );
#1947 = PLANE('',#1948);
#1948 = AXIS2_PLACEMENT_3D('',#1949,#1950,#1951);
#1949 = CARTESIAN_POINT('',(3.4614327814,-9.510208405857,14.6));
#1950 = DIRECTION('',(0.342020143326,-0.939692620786,7.594372760115E-17)
  );
#1951 = DIRECTION('',(-0.939692620786,-0.342020143326,
    -2.086536767334E-16));
#1952 = ADVANCED_FACE('',(#1953),#2008,.T.);
#1953 = FACE_BOUND('',#1954,.F.);
#1954 = EDGE_LOOP('',(#1955,#1964,#1973,#2000,#2007));
#1955 = ORIENTED_EDGE('',*,*,#1956,.F.);
#1956 = EDGE_CURVE('',#1803,#1744,#1957,.T.);
#1957 = B_SPLINE_CURVE_WITH_KNOTS('',5,(#1958,#1959,#1960,#1961,#1962,
    #1963),.UNSPECIFIED.,.F.,.F.,(6,6),(0.,1.),
  .PIECEWISE_BEZIER_KNOTS.);
#1958 = CARTESIAN_POINT('',(-2.6645352591E-15,-10.7700669062,
    17.348194857748));
#1959 = CARTESIAN_POINT('',(-2.6645352591E-15,-10.7700669062,
    17.279264243402));
#1960 = CARTESIAN_POINT('',(-1.540580207773E-04,-10.77012297873,
    17.20984489648));
#1961 = CARTESIAN_POINT('',(-3.259673045521E-04,-10.77018554859,
    17.140044186364));
#1962 = CARTESIAN_POINT('',(-4.105063412205E-04,-10.77021631828,
    17.070018562332));
#1963 = CARTESIAN_POINT('',(-4.105063412205E-04,-10.77021631828,17.));
#1964 = ORIENTED_EDGE('',*,*,#1965,.T.);
#1965 = EDGE_CURVE('',#1803,#1966,#1968,.T.);
#1966 = VERTEX_POINT('',#1967);
#1967 = CARTESIAN_POINT('',(-0.311452352707,-10.65670752042,
    18.566257666908));
#1968 = CIRCLE('',#1969,3.7);
#1969 = AXIS2_PLACEMENT_3D('',#1970,#1971,#1972);
#1970 = CARTESIAN_POINT('',(-3.4614327814,-9.510208405857,17.));
#1971 = DIRECTION('',(-0.342020143326,-0.939692620786,0.));
#1972 = DIRECTION('',(0.939692620786,-0.342020143326,0.));
#1973 = ORIENTED_EDGE('',*,*,#1974,.F.);
#1974 = EDGE_CURVE('',#1975,#1966,#1977,.T.);
#1975 = VERTEX_POINT('',#1976);
#1976 = CARTESIAN_POINT('',(-0.76138883719,-11.02503291899,
    17.951351351351));
#1977 = B_SPLINE_CURVE_WITH_KNOTS('',5,(#1978,#1979,#1980,#1981,#1982,
    #1983,#1984,#1985,#1986,#1987,#1988,#1989,#1990,#1991,#1992,#1993,
    #1994,#1995,#1996,#1997,#1998,#1999),.UNSPECIFIED.,.F.,.F.,(6,4,4,4,
    4,6),(0.,0.25305616281,0.501618522113,0.736982070222,0.96902430852,
    1.),.UNSPECIFIED.);
#1978 = CARTESIAN_POINT('',(-0.761388837205,-11.02503291899,
    17.951351351404));
#1979 = CARTESIAN_POINT('',(-0.758248325362,-10.98552444039,
    17.985270287275));
#1980 = CARTESIAN_POINT('',(-0.752277050814,-10.94704823593,
    18.020125684785));
#1981 = CARTESIAN_POINT('',(-0.743533805762,-10.90998860353,
    18.055668629615));
#1982 = CARTESIAN_POINT('',(-0.732064018401,-10.87474882611,
    18.091643853876));
#1983 = CARTESIAN_POINT('',(-0.70402454388,-10.80934308666,
    18.163215578884));
#1984 = CARTESIAN_POINT('',(-0.68755012768,-10.77910091994,
    18.198804458538));
#1985 = CARTESIAN_POINT('',(-0.668545433827,-10.7514260614,
    18.234232355937));
#1986 = CARTESIAN_POINT('',(-0.647073688175,-10.72676087292,
    18.269147200931));
#1987 = CARTESIAN_POINT('',(-0.600735806161,-10.68541219486,
    18.335281715322));
#1988 = CARTESIAN_POINT('',(-0.576111024954,-10.66837473612,
    18.366598375317));
#1989 = CARTESIAN_POINT('',(-0.549518998619,-10.65476485553,
    18.396697501644));
#1990 = CARTESIAN_POINT('',(-0.52115125075,-10.6449165475,
    18.425134954255));
#1991 = CARTESIAN_POINT('',(-0.461908980782,-10.63320564948,
    18.47741285928));
#1992 = CARTESIAN_POINT('',(-0.431072126353,-10.63123129996,
    18.501315825293));
#1993 = CARTESIAN_POINT('',(-0.399112710202,-10.63328183192,
    18.522731659518));
#1994 = CARTESIAN_POINT('',(-0.366428900071,-10.63938462812,
    18.541249329953));
#1995 = CARTESIAN_POINT('',(-0.329082534133,-10.65069374142,
    18.558638202589));
#1996 = CARTESIAN_POINT('',(-0.324679470716,-10.65209468292,
    18.560629514996));
#1997 = CARTESIAN_POINT('',(-0.32027270245,-10.65356427948,
    18.562563594147));
#1998 = CARTESIAN_POINT('',(-0.315863303028,-10.6551020658,
    18.564439832186));
#1999 = CARTESIAN_POINT('',(-0.311452352707,-10.65670752042,
    18.566257666908));
#2000 = ORIENTED_EDGE('',*,*,#2001,.F.);
#2001 = EDGE_CURVE('',#1709,#1975,#2002,.T.);
#2002 = CIRCLE('',#2003,3.2);
#2003 = AXIS2_PLACEMENT_3D('',#2004,#2005,#2006);
#2004 = CARTESIAN_POINT('',(-3.632442853063,-9.98005471625,17.));
#2005 = DIRECTION('',(-0.342020143326,-0.939692620786,0.));
#2006 = DIRECTION('',(0.939692620786,-0.342020143326,0.));
#2007 = ORIENTED_EDGE('',*,*,#1754,.F.);
#2008 = TOROIDAL_SURFACE('',#2009,3.7,0.5);
#2009 = AXIS2_PLACEMENT_3D('',#2010,#2011,#2012);
#2010 = CARTESIAN_POINT('',(-3.632442853063,-9.98005471625,17.));
#2011 = DIRECTION('',(0.342020143326,0.939692620786,0.));
#2012 = DIRECTION('',(0.939692620786,-0.342020143326,0.));
#2013 = ADVANCED_FACE('',(#2014),#2049,.T.);
#2014 = FACE_BOUND('',#2015,.F.);
#2015 = EDGE_LOOP('',(#2016,#2017,#2026,#2034,#2043));
#2016 = ORIENTED_EDGE('',*,*,#1974,.T.);
#2017 = ORIENTED_EDGE('',*,*,#2018,.T.);
#2018 = EDGE_CURVE('',#1966,#2019,#2021,.T.);
#2019 = VERTEX_POINT('',#2020);
#2020 = CARTESIAN_POINT('',(-0.141776575547,-10.71846445278,18.6));
#2021 = CIRCLE('',#2022,0.5);
#2022 = AXIS2_PLACEMENT_3D('',#2023,#2024,#2025);
#2023 = CARTESIAN_POINT('',(-0.141776575547,-10.71846445278,18.1));
#2024 = DIRECTION('',(0.342020143326,0.939692620786,-2.181466426835E-16)
  );
#2025 = DIRECTION('',(0.939692620786,-0.342020143326,0.));
#2026 = ORIENTED_EDGE('',*,*,#2027,.F.);
#2027 = EDGE_CURVE('',#2028,#2019,#2030,.T.);
#2028 = VERTEX_POINT('',#2029);
#2029 = CARTESIAN_POINT('',(-1.236241034189,-13.7254808393,18.6));
#2030 = LINE('',#2031,#2032);
#2031 = CARTESIAN_POINT('',(-1.236241034189,-13.7254808393,18.6));
#2032 = VECTOR('',#2033,1.);
#2033 = DIRECTION('',(0.342020143326,0.939692620786,-2.181466426835E-16)
  );
#2034 = ORIENTED_EDGE('',*,*,#2035,.T.);
#2035 = EDGE_CURVE('',#2028,#2036,#2038,.T.);
#2036 = VERTEX_POINT('',#2037);
#2037 = CARTESIAN_POINT('',(-1.684843224169,-13.56220299512,
    17.951351351351));
#2038 = CIRCLE('',#2039,0.5);
#2039 = AXIS2_PLACEMENT_3D('',#2040,#2041,#2042);
#2040 = CARTESIAN_POINT('',(-1.236241034189,-13.7254808393,18.1));
#2041 = DIRECTION('',(-0.342020143326,-0.939692620786,2.181466426835E-16
    ));
#2042 = DIRECTION('',(0.939692620786,-0.342020143326,0.));
#2043 = ORIENTED_EDGE('',*,*,#2044,.T.);
#2044 = EDGE_CURVE('',#2036,#1975,#2045,.T.);
#2045 = LINE('',#2046,#2047);
#2046 = CARTESIAN_POINT('',(-1.684843224169,-13.56220299512,
    17.951351351351));
#2047 = VECTOR('',#2048,1.);
#2048 = DIRECTION('',(0.342020143326,0.939692620786,-2.181466426835E-16)
  );
#2049 = CYLINDRICAL_SURFACE('',#2050,0.5);
#2050 = AXIS2_PLACEMENT_3D('',#2051,#2052,#2053);
#2051 = CARTESIAN_POINT('',(-1.236241034189,-13.7254808393,18.1));
#2052 = DIRECTION('',(0.342020143326,0.939692620786,-2.181466426835E-16)
  );
#2053 = DIRECTION('',(7.461054599663E-17,2.049907903789E-16,1.));
#2054 = ADVANCED_FACE('',(#2055),#2075,.T.);
#2055 = FACE_BOUND('',#2056,.T.);
#2056 = EDGE_LOOP('',(#2057,#2066,#2067,#2068));
#2057 = ORIENTED_EDGE('',*,*,#2058,.F.);
#2058 = EDGE_CURVE('',#1531,#2059,#2061,.T.);
#2059 = VERTEX_POINT('',#2060);
#2060 = CARTESIAN_POINT('',(-1.542991550767E-02,-10.77568293616,17.));
#2061 = CIRCLE('',#2062,3.7);
#2062 = AXIS2_PLACEMENT_3D('',#2063,#2064,#2065);
#2063 = CARTESIAN_POINT('',(3.4614327814,-9.510208405857,17.));
#2064 = DIRECTION('',(-0.342020143326,0.939692620786,-5.551115123126E-17
    ));
#2065 = DIRECTION('',(0.813797681349,0.296198132726,0.5));
#2066 = ORIENTED_EDGE('',*,*,#1743,.T.);
#2067 = ORIENTED_EDGE('',*,*,#1956,.F.);
#2068 = ORIENTED_EDGE('',*,*,#2069,.F.);
#2069 = EDGE_CURVE('',#2059,#1803,#2070,.T.);
#2070 = CIRCLE('',#2071,3.7);
#2071 = AXIS2_PLACEMENT_3D('',#2072,#2073,#2074);
#2072 = CARTESIAN_POINT('',(3.4614327814,-9.510208405857,17.));
#2073 = DIRECTION('',(-0.342020143326,0.939692620786,-7.594372760115E-17
    ));
#2074 = DIRECTION('',(-0.939692620786,-0.342020143326,
    -2.086536767334E-16));
#2075 = PLANE('',#2076);
#2076 = AXIS2_PLACEMENT_3D('',#2077,#2078,#2079);
#2077 = CARTESIAN_POINT('',(3.4614327814,-9.510208405857,14.6));
#2078 = DIRECTION('',(0.342020143326,-0.939692620786,7.594372760115E-17)
  );
#2079 = DIRECTION('',(-0.939692620786,-0.342020143326,
    -2.086536767334E-16));
#2080 = ADVANCED_FACE('',(#2081),#2092,.F.);
#2081 = FACE_BOUND('',#2082,.T.);
#2082 = EDGE_LOOP('',(#2083,#2084,#2085,#2086));
#2083 = ORIENTED_EDGE('',*,*,#1932,.T.);
#2084 = ORIENTED_EDGE('',*,*,#1965,.T.);
#2085 = ORIENTED_EDGE('',*,*,#2018,.T.);
#2086 = ORIENTED_EDGE('',*,*,#2087,.F.);
#2087 = EDGE_CURVE('',#1933,#2019,#2088,.T.);
#2088 = LINE('',#2089,#2090);
#2089 = CARTESIAN_POINT('',(0.297337701743,-10.87828897916,18.6));
#2090 = VECTOR('',#2091,1.);
#2091 = DIRECTION('',(-0.939692620786,0.342020143326,-2.775557561563E-17
    ));
#2092 = PLANE('',#2093);
#2093 = AXIS2_PLACEMENT_3D('',#2094,#2095,#2096);
#2094 = CARTESIAN_POINT('',(-3.4614327814,-9.510208405857,14.6));
#2095 = DIRECTION('',(-0.342020143326,-0.939692620786,-0.));
#2096 = DIRECTION('',(-0.939692620786,0.342020143326,0.));
#2097 = ADVANCED_FACE('',(#2098),#2139,.T.);
#2098 = FACE_BOUND('',#2099,.F.);
#2099 = EDGE_LOOP('',(#2100,#2131,#2132));
#2100 = ORIENTED_EDGE('',*,*,#2101,.F.);
#2101 = EDGE_CURVE('',#1531,#2102,#2104,.T.);
#2102 = VERTEX_POINT('',#2103);
#2103 = CARTESIAN_POINT('',(1.333655408331E-14,-10.77035052753,17.));
#2104 = B_SPLINE_CURVE_WITH_KNOTS('',5,(#2105,#2106,#2107,#2108,#2109,
    #2110,#2111,#2112,#2113,#2114,#2115,#2116,#2117,#2118,#2119,#2120,
    #2121,#2122,#2123,#2124,#2125,#2126,#2127,#2128,#2129,#2130),
  .UNSPECIFIED.,.F.,.F.,(6,4,4,4,4,4,6),(0.,4.399830714103E-02,
    0.487742099014,0.743305640415,0.870526230332,0.930344709267,1.),
  .UNSPECIFIED.);
#2105 = CARTESIAN_POINT('',(8.881784197001E-16,-10.7700669062,
    16.651805142253));
#2106 = CARTESIAN_POINT('',(8.862068895898E-16,-10.77006690625,
    16.654821856527));
#2107 = CARTESIAN_POINT('',(-4.739481131896E-15,-10.77006712055,
    16.657840630884));
#2108 = CARTESIAN_POINT('',(5.303526217614E-15,-10.7700675406,
    16.660860823207));
#2109 = CARTESIAN_POINT('',(4.423477712001E-16,-10.77006815727,
    16.663883137887));
#2110 = CARTESIAN_POINT('',(4.61652444439E-16,-10.77007707947,
    16.697405921623));
#2111 = CARTESIAN_POINT('',(6.002016641321E-16,-10.77010436454,
    16.728087266887));
#2112 = CARTESIAN_POINT('',(5.861070161337E-16,-10.77014185804,
    16.758927317939));
#2113 = CARTESIAN_POINT('',(4.334631484424E-16,-10.77018240961,
    16.789899755727));
#2114 = CARTESIAN_POINT('',(4.502090337986E-16,-10.77024271752,
    16.838873339373));
#2115 = CARTESIAN_POINT('',(4.175474626918E-16,-10.77026401101,
    16.856805251151));
#2116 = CARTESIAN_POINT('',(5.025076041618E-16,-10.77028355503,
    16.874766078284));
#2117 = CARTESIAN_POINT('',(6.645382377235E-16,-10.77030058928,
    16.892750170215));
#2118 = CARTESIAN_POINT('',(6.669280996431E-16,-10.77032156918,
    16.919712949146));
#2119 = CARTESIAN_POINT('',(-2.825275392614E-17,-10.77032779212,
    16.928678515041));
#2120 = CARTESIAN_POINT('',(6.000384419471E-17,-10.77033320187,
    16.937647690477));
#2121 = CARTESIAN_POINT('',(8.878502168698E-16,-10.77033775084,
    16.94661975414));
#2122 = CARTESIAN_POINT('',(8.883327390136E-16,-10.77034312646,
    16.959813614659));
#2123 = CARTESIAN_POINT('',(2.823299831657E-16,-10.7703446481,
    16.964033106863));
#2124 = CARTESIAN_POINT('',(1.934954276081E-16,-10.77034596902,
    16.968252478615));
#2125 = CARTESIAN_POINT('',(6.662547069132E-16,-10.77034708682,
    16.972471752595));
#2126 = CARTESIAN_POINT('',(6.659930426061E-16,-10.77034906304,
    16.981603973819));
#2127 = CARTESIAN_POINT('',(1.222146474121E-15,-10.77034972127,
    16.985921891847));
#2128 = CARTESIAN_POINT('',(-1.644037023277E-16,-10.77035035996,
    16.990861757907));
#2129 = CARTESIAN_POINT('',(6.661761201004E-16,-10.77035052753,
    16.99614805591));
#2130 = CARTESIAN_POINT('',(6.661338147751E-16,-10.77035052753,17.));
#2131 = ORIENTED_EDGE('',*,*,#1906,.T.);
#2132 = ORIENTED_EDGE('',*,*,#2133,.T.);
#2133 = EDGE_CURVE('',#1907,#2102,#2134,.T.);
#2134 = CIRCLE('',#2135,0.5);
#2135 = AXIS2_PLACEMENT_3D('',#2136,#2137,#2138);
#2136 = CARTESIAN_POINT('',(-0.155580156155,-11.24552924655,17.));
#2137 = DIRECTION('',(4.694707726501E-16,-1.708733871026E-16,1.));
#2138 = DIRECTION('',(0.939692620786,-0.342020143326,-4.996003610813E-16
    ));
#2139 = TOROIDAL_SURFACE('',#2140,3.7,0.5);
#2140 = AXIS2_PLACEMENT_3D('',#2141,#2142,#2143);
#2141 = CARTESIAN_POINT('',(-3.632442853063,-9.98005471625,17.));
#2142 = DIRECTION('',(0.342020143326,0.939692620786,0.));
#2143 = DIRECTION('',(-0.813797681349,0.296198132726,0.5));
#2144 = ADVANCED_FACE('',(#2145),#2162,.T.);
#2145 = FACE_BOUND('',#2146,.F.);
#2146 = EDGE_LOOP('',(#2147,#2148,#2149));
#2147 = ORIENTED_EDGE('',*,*,#2133,.F.);
#2148 = ORIENTED_EDGE('',*,*,#1917,.T.);
#2149 = ORIENTED_EDGE('',*,*,#2150,.F.);
#2150 = EDGE_CURVE('',#2102,#1803,#2151,.T.);
#2151 = B_SPLINE_CURVE_WITH_KNOTS('',5,(#2152,#2153,#2154,#2155,#2156,
    #2157,#2158,#2159,#2160,#2161),.UNSPECIFIED.,.F.,.F.,(6,4,6),(0.,
    0.914213457785,1.),.UNSPECIFIED.);
#2152 = CARTESIAN_POINT('',(6.661338147751E-16,-10.77035052753,17.));
#2153 = CARTESIAN_POINT('',(6.589966005E-16,-10.77035052753,
    17.064286311099));
#2154 = CARTESIAN_POINT('',(8.206831145036E-16,-10.77030245381,
    17.128576598988));
#2155 = CARTESIAN_POINT('',(5.276397339481E-16,-10.77020563672,
    17.192590141077));
#2156 = CARTESIAN_POINT('',(9.401274944598E-16,-10.77010476634,
    17.256079521971));
#2157 = CARTESIAN_POINT('',(8.833037031261E-16,-10.77007150262,
    17.324711119076));
#2158 = CARTESIAN_POINT('',(6.129664044208E-16,-10.77006926865,
    17.330592262736));
#2159 = CARTESIAN_POINT('',(4.412561874469E-16,-10.77006771544,
    17.336466713556));
#2160 = CARTESIAN_POINT('',(4.510654272082E-16,-10.7700669062,
    17.342334301932));
#2161 = CARTESIAN_POINT('',(4.440892098501E-16,-10.7700669062,
    17.348194857747));
#2162 = TOROIDAL_SURFACE('',#2163,3.7,0.5);
#2163 = AXIS2_PLACEMENT_3D('',#2164,#2165,#2166);
#2164 = CARTESIAN_POINT('',(-3.632442853063,-9.98005471625,17.));
#2165 = DIRECTION('',(0.342020143326,0.939692620786,0.));
#2166 = DIRECTION('',(0.939692620786,-0.342020143326,0.));
#2167 = ADVANCED_FACE('',(#2168),#2179,.T.);
#2168 = FACE_BOUND('',#2169,.T.);
#2169 = EDGE_LOOP('',(#2170,#2171,#2172));
#2170 = ORIENTED_EDGE('',*,*,#2101,.F.);
#2171 = ORIENTED_EDGE('',*,*,#2058,.T.);
#2172 = ORIENTED_EDGE('',*,*,#2173,.T.);
#2173 = EDGE_CURVE('',#2059,#2102,#2174,.T.);
#2174 = CIRCLE('',#2175,0.5);
#2175 = AXIS2_PLACEMENT_3D('',#2176,#2177,#2178);
#2176 = CARTESIAN_POINT('',(0.155580156155,-11.24552924655,17.));
#2177 = DIRECTION('',(6.915153775751E-16,1.708733871026E-16,-1.));
#2178 = DIRECTION('',(-0.939692620786,-0.342020143326,
    -7.082540378147E-16));
#2179 = TOROIDAL_SURFACE('',#2180,3.7,0.5);
#2180 = AXIS2_PLACEMENT_3D('',#2181,#2182,#2183);
#2181 = CARTESIAN_POINT('',(3.632442853063,-9.98005471625,17.));
#2182 = DIRECTION('',(-0.342020143326,0.939692620786,-7.594372760115E-17
    ));
#2183 = DIRECTION('',(0.813797681349,0.296198132726,0.5));
#2184 = ADVANCED_FACE('',(#2185),#2190,.T.);
#2185 = FACE_BOUND('',#2186,.T.);
#2186 = EDGE_LOOP('',(#2187,#2188,#2189));
#2187 = ORIENTED_EDGE('',*,*,#2173,.F.);
#2188 = ORIENTED_EDGE('',*,*,#2069,.T.);
#2189 = ORIENTED_EDGE('',*,*,#2150,.F.);
#2190 = TOROIDAL_SURFACE('',#2191,3.7,0.5);
#2191 = AXIS2_PLACEMENT_3D('',#2192,#2193,#2194);
#2192 = CARTESIAN_POINT('',(3.632442853063,-9.98005471625,17.));
#2193 = DIRECTION('',(-0.342020143326,0.939692620786,-7.594372760115E-17
    ));
#2194 = DIRECTION('',(-0.939692620786,-0.342020143326,
    -2.086536767334E-16));
#2195 = ADVANCED_FACE('',(#2196),#2264,.T.);
#2196 = FACE_BOUND('',#2197,.T.);
#2197 = EDGE_LOOP('',(#2198,#2206,#2207,#2208,#2214,#2215,#2216,#2217,
    #2218,#2224,#2225,#2226,#2234,#2242,#2250,#2258));
#2198 = ORIENTED_EDGE('',*,*,#2199,.F.);
#2199 = EDGE_CURVE('',#1504,#2200,#2202,.T.);
#2200 = VERTEX_POINT('',#2201);
#2201 = CARTESIAN_POINT('',(10.024768439814,-15.84760732299,18.6));
#2202 = LINE('',#2203,#2204);
#2203 = CARTESIAN_POINT('',(6.753959456701,-6.861133498542,18.6));
#2204 = VECTOR('',#2205,1.);
#2205 = DIRECTION('',(0.342020143326,-0.939692620786,7.594372760113E-17)
  );
#2206 = ORIENTED_EDGE('',*,*,#1513,.F.);
#2207 = ORIENTED_EDGE('',*,*,#1675,.F.);
#2208 = ORIENTED_EDGE('',*,*,#2209,.F.);
#2209 = EDGE_CURVE('',#1876,#1676,#2210,.T.);
#2210 = LINE('',#2211,#2212);
#2211 = CARTESIAN_POINT('',(4.555897240042,-12.51722479237,18.6));
#2212 = VECTOR('',#2213,1.);
#2213 = DIRECTION('',(0.939692620786,0.342020143326,2.086536767334E-16)
  );
#2214 = ORIENTED_EDGE('',*,*,#1875,.T.);
#2215 = ORIENTED_EDGE('',*,*,#1942,.F.);
#2216 = ORIENTED_EDGE('',*,*,#2087,.T.);
#2217 = ORIENTED_EDGE('',*,*,#2027,.F.);
#2218 = ORIENTED_EDGE('',*,*,#2219,.F.);
#2219 = EDGE_CURVE('',#1772,#2028,#2220,.T.);
#2220 = LINE('',#2221,#2222);
#2221 = CARTESIAN_POINT('',(-4.555897240042,-12.51722479237,18.6));
#2222 = VECTOR('',#2223,1.);
#2223 = DIRECTION('',(0.939692620786,-0.342020143326,0.));
#2224 = ORIENTED_EDGE('',*,*,#1771,.T.);
#2225 = ORIENTED_EDGE('',*,*,#1571,.T.);
#2226 = ORIENTED_EDGE('',*,*,#2227,.F.);
#2227 = EDGE_CURVE('',#2228,#1562,#2230,.T.);
#2228 = VERTEX_POINT('',#2229);
#2229 = CARTESIAN_POINT('',(-10.02476843981,-15.84760732299,18.6));
#2230 = LINE('',#2231,#2232);
#2231 = CARTESIAN_POINT('',(-8.930303981173,-12.84059093648,18.6));
#2232 = VECTOR('',#2233,1.);
#2233 = DIRECTION('',(0.342020143326,0.939692620786,-1.110223024625E-16)
  );
#2234 = ORIENTED_EDGE('',*,*,#2235,.T.);
#2235 = EDGE_CURVE('',#2228,#2236,#2238,.T.);
#2236 = VERTEX_POINT('',#2237);
#2237 = CARTESIAN_POINT('',(-2.507227473527,-18.5837684696,18.6));
#2238 = LINE('',#2239,#2240);
#2239 = CARTESIAN_POINT('',(-11.2359609737,-15.40676929269,18.6));
#2240 = VECTOR('',#2241,1.);
#2241 = DIRECTION('',(0.939692620786,-0.342020143326,0.));
#2242 = ORIENTED_EDGE('',*,*,#2243,.T.);
#2243 = EDGE_CURVE('',#2236,#2244,#2246,.T.);
#2244 = VERTEX_POINT('',#2245);
#2245 = CARTESIAN_POINT('',(-6.661338147751E-16,-11.69521760065,18.6));
#2246 = LINE('',#2247,#2248);
#2247 = CARTESIAN_POINT('',(0.216349280267,-11.1008028384,18.6));
#2248 = VECTOR('',#2249,1.);
#2249 = DIRECTION('',(0.342020143326,0.939692620786,0.));
#2250 = ORIENTED_EDGE('',*,*,#2251,.F.);
#2251 = EDGE_CURVE('',#2252,#2244,#2254,.T.);
#2252 = VERTEX_POINT('',#2253);
#2253 = CARTESIAN_POINT('',(2.507227473527,-18.5837684696,18.6));
#2254 = LINE('',#2255,#2256);
#2255 = CARTESIAN_POINT('',(1.412763014885,-15.57675208308,18.6));
#2256 = VECTOR('',#2257,1.);
#2257 = DIRECTION('',(-0.342020143326,0.939692620786,-1.869660300637E-16
    ));
#2258 = ORIENTED_EDGE('',*,*,#2259,.F.);
#2259 = EDGE_CURVE('',#2200,#2252,#2260,.T.);
#2260 = LINE('',#2261,#2262);
#2261 = CARTESIAN_POINT('',(11.235960973701,-15.40676929269,18.6));
#2262 = VECTOR('',#2263,1.);
#2263 = DIRECTION('',(-0.939692620786,-0.342020143326,
    -2.086536767334E-16));
#2264 = PLANE('',#2265);
#2265 = AXIS2_PLACEMENT_3D('',#2266,#2267,#2268);
#2266 = CARTESIAN_POINT('',(-4.014181900572E-16,-13.59740709813,18.6));
#2267 = DIRECTION('',(0.,4.043746984728E-16,1.));
#2268 = DIRECTION('',(0.,1.,-4.043746984728E-16));
#2269 = ADVANCED_FACE('',(#2270),#2295,.T.);
#2270 = FACE_BOUND('',#2271,.T.);
#2271 = EDGE_LOOP('',(#2272,#2273,#2279,#2280,#2281,#2289));
#2272 = ORIENTED_EDGE('',*,*,#1379,.T.);
#2273 = ORIENTED_EDGE('',*,*,#2274,.T.);
#2274 = EDGE_CURVE('',#1372,#2228,#2275,.T.);
#2275 = LINE('',#2276,#2277);
#2276 = CARTESIAN_POINT('',(-10.02476843981,-15.84760732299,0.));
#2277 = VECTOR('',#2278,1.);
#2278 = DIRECTION('',(0.,0.,1.));
#2279 = ORIENTED_EDGE('',*,*,#2227,.T.);
#2280 = ORIENTED_EDGE('',*,*,#1561,.T.);
#2281 = ORIENTED_EDGE('',*,*,#2282,.F.);
#2282 = EDGE_CURVE('',#2283,#1564,#2285,.T.);
#2283 = VERTEX_POINT('',#2284);
#2284 = CARTESIAN_POINT('',(-8.930303981173,-12.84059093648,10.6));
#2285 = LINE('',#2286,#2287);
#2286 = CARTESIAN_POINT('',(-8.930303981173,-12.84059093648,10.6));
#2287 = VECTOR('',#2288,1.);
#2288 = DIRECTION('',(0.342020143326,0.939692620786,-1.110223024625E-16)
  );
#2289 = ORIENTED_EDGE('',*,*,#2290,.F.);
#2290 = EDGE_CURVE('',#1380,#2283,#2291,.T.);
#2291 = LINE('',#2292,#2293);
#2292 = CARTESIAN_POINT('',(-8.930303981173,-12.84059093648,2.));
#2293 = VECTOR('',#2294,1.);
#2294 = DIRECTION('',(0.,0.,1.));
#2295 = PLANE('',#2296);
#2296 = AXIS2_PLACEMENT_3D('',#2297,#2298,#2299);
#2297 = CARTESIAN_POINT('',(-8.960677411811,-12.92404125131,
    10.288805970149));
#2298 = DIRECTION('',(-0.939692620786,0.342020143326,-1.684515863379E-15
    ));
#2299 = DIRECTION('',(-0.342020143326,-0.939692620786,0.));
#2300 = ADVANCED_FACE('',(#2301),#2333,.T.);
#2301 = FACE_BOUND('',#2302,.T.);
#2302 = EDGE_LOOP('',(#2303,#2304,#2310,#2311,#2319,#2327));
#2303 = ORIENTED_EDGE('',*,*,#1314,.F.);
#2304 = ORIENTED_EDGE('',*,*,#2305,.T.);
#2305 = EDGE_CURVE('',#1307,#2252,#2306,.T.);
#2306 = LINE('',#2307,#2308);
#2307 = CARTESIAN_POINT('',(2.507227473527,-18.5837684696,
    5.567163338165E-16));
#2308 = VECTOR('',#2309,1.);
#2309 = DIRECTION('',(-2.22044604925E-16,-2.465190328816E-32,1.));
#2310 = ORIENTED_EDGE('',*,*,#2251,.T.);
#2311 = ORIENTED_EDGE('',*,*,#2312,.F.);
#2312 = EDGE_CURVE('',#2313,#2244,#2315,.T.);
#2313 = VERTEX_POINT('',#2314);
#2314 = CARTESIAN_POINT('',(1.110223024625E-16,-11.69521760065,10.6));
#2315 = LINE('',#2316,#2317);
#2316 = CARTESIAN_POINT('',(2.22044604925E-16,-11.69521760065,10.6));
#2317 = VECTOR('',#2318,1.);
#2318 = DIRECTION('',(-1.110223024625E-16,-2.238793949576E-16,1.));
#2319 = ORIENTED_EDGE('',*,*,#2320,.F.);
#2320 = EDGE_CURVE('',#2321,#2313,#2323,.T.);
#2321 = VERTEX_POINT('',#2322);
#2322 = CARTESIAN_POINT('',(1.412763014885,-15.57675208308,10.6));
#2323 = LINE('',#2324,#2325);
#2324 = CARTESIAN_POINT('',(1.412763014885,-15.57675208308,10.6));
#2325 = VECTOR('',#2326,1.);
#2326 = DIRECTION('',(-0.342020143326,0.939692620786,-1.869660300637E-16
    ));
#2327 = ORIENTED_EDGE('',*,*,#2328,.F.);
#2328 = EDGE_CURVE('',#1315,#2321,#2329,.T.);
#2329 = LINE('',#2330,#2331);
#2330 = CARTESIAN_POINT('',(1.412763014885,-15.57675208308,2.));
#2331 = VECTOR('',#2332,1.);
#2332 = DIRECTION('',(-2.22044604925E-16,-2.465190328816E-32,1.));
#2333 = PLANE('',#2334);
#2334 = AXIS2_PLACEMENT_3D('',#2335,#2336,#2337);
#2335 = CARTESIAN_POINT('',(1.542370327178,-15.93284524701,
    10.144267789631));
#2336 = DIRECTION('',(-0.939692620786,-0.342020143326,2.611379051543E-15
    ));
#2337 = DIRECTION('',(0.342020143326,-0.939692620786,9.860761315263E-32)
  );
#2338 = ADVANCED_FACE('',(#2339),#2364,.T.);
#2339 = FACE_BOUND('',#2340,.T.);
#2340 = EDGE_LOOP('',(#2341,#2342,#2350,#2356,#2357,#2358));
#2341 = ORIENTED_EDGE('',*,*,#1298,.F.);
#2342 = ORIENTED_EDGE('',*,*,#2343,.T.);
#2343 = EDGE_CURVE('',#1291,#2344,#2346,.T.);
#2344 = VERTEX_POINT('',#2345);
#2345 = CARTESIAN_POINT('',(8.930303981173,-12.84059093648,10.6));
#2346 = LINE('',#2347,#2348);
#2347 = CARTESIAN_POINT('',(8.930303981172,-12.84059093648,
    1.98292581936E-15));
#2348 = VECTOR('',#2349,1.);
#2349 = DIRECTION('',(-2.22044604925E-16,-2.465190328816E-32,1.));
#2350 = ORIENTED_EDGE('',*,*,#2351,.T.);
#2351 = EDGE_CURVE('',#2344,#1506,#2352,.T.);
#2352 = LINE('',#2353,#2354);
#2353 = CARTESIAN_POINT('',(8.930303981173,-12.84059093648,10.6));
#2354 = VECTOR('',#2355,1.);
#2355 = DIRECTION('',(-0.342020143326,0.939692620786,-1.869660300637E-16
    ));
#2356 = ORIENTED_EDGE('',*,*,#1503,.F.);
#2357 = ORIENTED_EDGE('',*,*,#2199,.T.);
#2358 = ORIENTED_EDGE('',*,*,#2359,.F.);
#2359 = EDGE_CURVE('',#1299,#2200,#2360,.T.);
#2360 = LINE('',#2361,#2362);
#2361 = CARTESIAN_POINT('',(10.024768439814,-15.84760732299,2.));
#2362 = VECTOR('',#2363,1.);
#2363 = DIRECTION('',(-2.22044604925E-16,-2.465190328816E-32,1.));
#2364 = PLANE('',#2365);
#2365 = AXIS2_PLACEMENT_3D('',#2366,#2367,#2368);
#2366 = CARTESIAN_POINT('',(8.960677411811,-12.92404125131,
    10.288805970149));
#2367 = DIRECTION('',(0.939692620786,0.342020143326,-1.491386656113E-15)
  );
#2368 = DIRECTION('',(-0.342020143326,0.939692620786,0.));
#2369 = ADVANCED_FACE('',(#2370),#2395,.T.);
#2370 = FACE_BOUND('',#2371,.T.);
#2371 = EDGE_LOOP('',(#2372,#2373,#2381,#2387,#2388,#2389));
#2372 = ORIENTED_EDGE('',*,*,#1363,.T.);
#2373 = ORIENTED_EDGE('',*,*,#2374,.T.);
#2374 = EDGE_CURVE('',#1356,#2375,#2377,.T.);
#2375 = VERTEX_POINT('',#2376);
#2376 = CARTESIAN_POINT('',(-1.412763014885,-15.57675208308,10.6));
#2377 = LINE('',#2378,#2379);
#2378 = CARTESIAN_POINT('',(-1.412763014885,-15.57675208308,0.));
#2379 = VECTOR('',#2380,1.);
#2380 = DIRECTION('',(0.,0.,1.));
#2381 = ORIENTED_EDGE('',*,*,#2382,.T.);
#2382 = EDGE_CURVE('',#2375,#2313,#2383,.T.);
#2383 = LINE('',#2384,#2385);
#2384 = CARTESIAN_POINT('',(-1.412763014885,-15.57675208308,10.6));
#2385 = VECTOR('',#2386,1.);
#2386 = DIRECTION('',(0.342020143326,0.939692620786,-1.110223024625E-16)
  );
#2387 = ORIENTED_EDGE('',*,*,#2312,.T.);
#2388 = ORIENTED_EDGE('',*,*,#2243,.F.);
#2389 = ORIENTED_EDGE('',*,*,#2390,.F.);
#2390 = EDGE_CURVE('',#1364,#2236,#2391,.T.);
#2391 = LINE('',#2392,#2393);
#2392 = CARTESIAN_POINT('',(-2.507227473527,-18.5837684696,2.));
#2393 = VECTOR('',#2394,1.);
#2394 = DIRECTION('',(0.,0.,1.));
#2395 = PLANE('',#2396);
#2396 = AXIS2_PLACEMENT_3D('',#2397,#2398,#2399);
#2397 = CARTESIAN_POINT('',(-1.542370327178,-15.93284524701,
    10.144267789631));
#2398 = DIRECTION('',(0.939692620786,-0.342020143326,2.806419810579E-15)
  );
#2399 = DIRECTION('',(0.342020143326,0.939692620786,-1.972152263053E-31)
  );
#2400 = ADVANCED_FACE('',(#2401),#2421,.T.);
#2401 = FACE_BOUND('',#2402,.T.);
#2402 = EDGE_LOOP('',(#2403,#2409,#2410,#2411,#2417,#2418,#2419,#2420));
#2403 = ORIENTED_EDGE('',*,*,#2404,.T.);
#2404 = EDGE_CURVE('',#2344,#2321,#2405,.T.);
#2405 = LINE('',#2406,#2407);
#2406 = CARTESIAN_POINT('',(8.930303981173,-12.84059093648,10.6));
#2407 = VECTOR('',#2408,1.);
#2408 = DIRECTION('',(-0.939692620786,-0.342020143326,
    -1.808981011177E-16));
#2409 = ORIENTED_EDGE('',*,*,#2320,.T.);
#2410 = ORIENTED_EDGE('',*,*,#2382,.F.);
#2411 = ORIENTED_EDGE('',*,*,#2412,.F.);
#2412 = EDGE_CURVE('',#2283,#2375,#2413,.T.);
#2413 = LINE('',#2414,#2415);
#2414 = CARTESIAN_POINT('',(-8.930303981173,-12.84059093648,10.6));
#2415 = VECTOR('',#2416,1.);
#2416 = DIRECTION('',(0.939692620786,-0.342020143326,2.775557561563E-17)
  );
#2417 = ORIENTED_EDGE('',*,*,#2282,.T.);
#2418 = ORIENTED_EDGE('',*,*,#1596,.T.);
#2419 = ORIENTED_EDGE('',*,*,#1547,.F.);
#2420 = ORIENTED_EDGE('',*,*,#2351,.F.);
#2421 = PLANE('',#2422);
#2422 = AXIS2_PLACEMENT_3D('',#2423,#2424,#2425);
#2423 = CARTESIAN_POINT('',(2.863449517459E-16,-11.89270503831,10.6));
#2424 = DIRECTION('',(-0.,-0.,-1.));
#2425 = DIRECTION('',(-1.,0.,0.));
#2426 = ADVANCED_FACE('',(#2427),#2453,.T.);
#2427 = FACE_BOUND('',#2428,.F.);
#2428 = EDGE_LOOP('',(#2429,#2430,#2438,#2447));
#2429 = ORIENTED_EDGE('',*,*,#1338,.F.);
#2430 = ORIENTED_EDGE('',*,*,#2431,.T.);
#2431 = EDGE_CURVE('',#1339,#2432,#2434,.T.);
#2432 = VERTEX_POINT('',#2433);
#2433 = CARTESIAN_POINT('',(-3.419974423524,-13.78200910398,2.));
#2434 = LINE('',#2435,#2436);
#2435 = CARTESIAN_POINT('',(-3.419974423524,-13.78200910398,0.));
#2436 = VECTOR('',#2437,1.);
#2437 = DIRECTION('',(0.,0.,1.));
#2438 = ORIENTED_EDGE('',*,*,#2439,.F.);
#2439 = EDGE_CURVE('',#2440,#2432,#2442,.T.);
#2440 = VERTEX_POINT('',#2441);
#2441 = CARTESIAN_POINT('',(3.419974423524,-13.78200910398,2.));
#2442 = CIRCLE('',#2443,14.2);
#2443 = AXIS2_PLACEMENT_3D('',#2444,#2445,#2446);
#2444 = CARTESIAN_POINT('',(0.,0.,2.));
#2445 = DIRECTION('',(0.,0.,-1.));
#2446 = DIRECTION('',(1.,0.,0.));
#2447 = ORIENTED_EDGE('',*,*,#2448,.F.);
#2448 = EDGE_CURVE('',#1331,#2440,#2449,.T.);
#2449 = LINE('',#2450,#2451);
#2450 = CARTESIAN_POINT('',(3.419974423524,-13.78200910398,
    7.593868697251E-16));
#2451 = VECTOR('',#2452,1.);
#2452 = DIRECTION('',(-2.22044604925E-16,-2.465190328816E-32,1.));
#2453 = CYLINDRICAL_SURFACE('',#2454,14.2);
#2454 = AXIS2_PLACEMENT_3D('',#2455,#2456,#2457);
#2455 = CARTESIAN_POINT('',(0.,0.,0.));
#2456 = DIRECTION('',(-0.,-0.,-1.));
#2457 = DIRECTION('',(1.,0.,0.));
#2458 = ADVANCED_FACE('',(#2459),#2477,.F.);
#2459 = FACE_BOUND('',#2460,.F.);
#2460 = EDGE_LOOP('',(#2461,#2462,#2463,#2471));
#2461 = ORIENTED_EDGE('',*,*,#1330,.F.);
#2462 = ORIENTED_EDGE('',*,*,#2448,.T.);
#2463 = ORIENTED_EDGE('',*,*,#2464,.T.);
#2464 = EDGE_CURVE('',#2440,#2465,#2467,.T.);
#2465 = VERTEX_POINT('',#2466);
#2466 = CARTESIAN_POINT('',(3.76199456685,-14.72170172477,2.));
#2467 = LINE('',#2468,#2469);
#2468 = CARTESIAN_POINT('',(1.005217746173,-7.147519659491,2.));
#2469 = VECTOR('',#2470,1.);
#2470 = DIRECTION('',(0.342020143326,-0.939692620786,7.594372760115E-17)
  );
#2471 = ORIENTED_EDGE('',*,*,#2472,.F.);
#2472 = EDGE_CURVE('',#1323,#2465,#2473,.T.);
#2473 = LINE('',#2474,#2475);
#2474 = CARTESIAN_POINT('',(3.76199456685,-14.72170172477,
    8.353305973263E-16));
#2475 = VECTOR('',#2476,1.);
#2476 = DIRECTION('',(-2.22044604925E-16,-2.465190328816E-32,1.));
#2477 = PLANE('',#2478);
#2478 = AXIS2_PLACEMENT_3D('',#2479,#2480,#2481);
#2479 = CARTESIAN_POINT('',(3.419974423524,-13.78200910398,
    7.593868697251E-16));
#2480 = DIRECTION('',(0.939692620786,0.342020143326,2.086536767334E-16)
  );
#2481 = DIRECTION('',(0.342020143326,-0.939692620786,7.594372760115E-17)
  );
#2482 = ADVANCED_FACE('',(#2483),#2501,.F.);
#2483 = FACE_BOUND('',#2484,.T.);
#2484 = EDGE_LOOP('',(#2485,#2486,#2487,#2495));
#2485 = ORIENTED_EDGE('',*,*,#1347,.F.);
#2486 = ORIENTED_EDGE('',*,*,#2431,.T.);
#2487 = ORIENTED_EDGE('',*,*,#2488,.T.);
#2488 = EDGE_CURVE('',#2432,#2489,#2491,.T.);
#2489 = VERTEX_POINT('',#2490);
#2490 = CARTESIAN_POINT('',(-3.76199456685,-14.72170172477,2.));
#2491 = LINE('',#2492,#2493);
#2492 = CARTESIAN_POINT('',(-1.005217746173,-7.147519659491,2.));
#2493 = VECTOR('',#2494,1.);
#2494 = DIRECTION('',(-0.342020143326,-0.939692620786,-0.));
#2495 = ORIENTED_EDGE('',*,*,#2496,.F.);
#2496 = EDGE_CURVE('',#1348,#2489,#2497,.T.);
#2497 = LINE('',#2498,#2499);
#2498 = CARTESIAN_POINT('',(-3.76199456685,-14.72170172477,0.));
#2499 = VECTOR('',#2500,1.);
#2500 = DIRECTION('',(0.,0.,1.));
#2501 = PLANE('',#2502);
#2502 = AXIS2_PLACEMENT_3D('',#2503,#2504,#2505);
#2503 = CARTESIAN_POINT('',(-3.419974423524,-13.78200910398,0.));
#2504 = DIRECTION('',(-0.939692620786,0.342020143326,0.));
#2505 = DIRECTION('',(0.342020143326,0.939692620786,0.));
#2506 = ADVANCED_FACE('',(#2507),#2513,.T.);
#2507 = FACE_BOUND('',#2508,.T.);
#2508 = EDGE_LOOP('',(#2509,#2510,#2511,#2512));
#2509 = ORIENTED_EDGE('',*,*,#1107,.T.);
#2510 = ORIENTED_EDGE('',*,*,#1072,.F.);
#2511 = ORIENTED_EDGE('',*,*,#1172,.F.);
#2512 = ORIENTED_EDGE('',*,*,#1250,.T.);
#2513 = PLANE('',#2514);
#2514 = AXIS2_PLACEMENT_3D('',#2515,#2516,#2517);
#2515 = CARTESIAN_POINT('',(6.265997956671,17.215687896302,9.3));
#2516 = DIRECTION('',(0.342020143326,0.939692620786,0.));
#2517 = DIRECTION('',(0.939692620786,-0.342020143326,0.));
#2518 = ADVANCED_FACE('',(#2519,#2552),#2572,.T.);
#2519 = FACE_BOUND('',#2520,.T.);
#2520 = EDGE_LOOP('',(#2521,#2522,#2523,#2524,#2530,#2531,#2532,#2533,
    #2539,#2540,#2541,#2542,#2548,#2549,#2550,#2551));
#2521 = ORIENTED_EDGE('',*,*,#881,.F.);
#2522 = ORIENTED_EDGE('',*,*,#937,.F.);
#2523 = ORIENTED_EDGE('',*,*,#1002,.T.);
#2524 = ORIENTED_EDGE('',*,*,#2525,.F.);
#2525 = EDGE_CURVE('',#2489,#1003,#2526,.T.);
#2526 = LINE('',#2527,#2528);
#2527 = CARTESIAN_POINT('',(-1.412763014885,-15.57675208308,2.));
#2528 = VECTOR('',#2529,1.);
#2529 = DIRECTION('',(-0.939692620786,0.342020143326,0.));
#2530 = ORIENTED_EDGE('',*,*,#2488,.F.);
#2531 = ORIENTED_EDGE('',*,*,#2439,.F.);
#2532 = ORIENTED_EDGE('',*,*,#2464,.T.);
#2533 = ORIENTED_EDGE('',*,*,#2534,.T.);
#2534 = EDGE_CURVE('',#2465,#1482,#2535,.T.);
#2535 = LINE('',#2536,#2537);
#2536 = CARTESIAN_POINT('',(1.412763014885,-15.57675208308,2.));
#2537 = VECTOR('',#2538,1.);
#2538 = DIRECTION('',(0.939692620786,0.342020143326,2.086536767334E-16)
  );
#2539 = ORIENTED_EDGE('',*,*,#1481,.F.);
#2540 = ORIENTED_EDGE('',*,*,#1432,.F.);
#2541 = ORIENTED_EDGE('',*,*,#1457,.T.);
#2542 = ORIENTED_EDGE('',*,*,#2543,.F.);
#2543 = EDGE_CURVE('',#1034,#1458,#2544,.T.);
#2544 = LINE('',#2545,#2546);
#2545 = CARTESIAN_POINT('',(1.412763014885,15.576752083089,2.));
#2546 = VECTOR('',#2547,1.);
#2547 = DIRECTION('',(0.939692620786,-0.342020143326,2.086536767334E-16)
  );
#2548 = ORIENTED_EDGE('',*,*,#1033,.F.);
#2549 = ORIENTED_EDGE('',*,*,#977,.F.);
#2550 = ORIENTED_EDGE('',*,*,#912,.T.);
#2551 = ORIENTED_EDGE('',*,*,#790,.T.);
#2552 = FACE_BOUND('',#2553,.T.);
#2553 = EDGE_LOOP('',(#2554,#2565));
#2554 = ORIENTED_EDGE('',*,*,#2555,.T.);
#2555 = EDGE_CURVE('',#2556,#2558,#2560,.T.);
#2556 = VERTEX_POINT('',#2557);
#2557 = CARTESIAN_POINT('',(11.2,0.,2.));
#2558 = VERTEX_POINT('',#2559);
#2559 = CARTESIAN_POINT('',(-11.2,0.,2.));
#2560 = CIRCLE('',#2561,11.2);
#2561 = AXIS2_PLACEMENT_3D('',#2562,#2563,#2564);
#2562 = CARTESIAN_POINT('',(0.,0.,2.));
#2563 = DIRECTION('',(0.,0.,-1.));
#2564 = DIRECTION('',(1.,0.,0.));
#2565 = ORIENTED_EDGE('',*,*,#2566,.T.);
#2566 = EDGE_CURVE('',#2558,#2556,#2567,.T.);
#2567 = CIRCLE('',#2568,11.2);
#2568 = AXIS2_PLACEMENT_3D('',#2569,#2570,#2571);
#2569 = CARTESIAN_POINT('',(0.,0.,2.));
#2570 = DIRECTION('',(0.,0.,-1.));
#2571 = DIRECTION('',(1.,0.,0.));
#2572 = PLANE('',#2573);
#2573 = AXIS2_PLACEMENT_3D('',#2574,#2575,#2576);
#2574 = CARTESIAN_POINT('',(9.463299831606E-16,5.195537162451E-16,2.));
#2575 = DIRECTION('',(0.,0.,1.));
#2576 = DIRECTION('',(1.,0.,0.));
#2577 = ADVANCED_FACE('',(#2578),#2588,.T.);
#2578 = FACE_BOUND('',#2579,.T.);
#2579 = EDGE_LOOP('',(#2580,#2581,#2582,#2583,#2584,#2585,#2586,#2587));
#2580 = ORIENTED_EDGE('',*,*,#2543,.T.);
#2581 = ORIENTED_EDGE('',*,*,#1465,.F.);
#2582 = ORIENTED_EDGE('',*,*,#1257,.T.);
#2583 = ORIENTED_EDGE('',*,*,#1156,.T.);
#2584 = ORIENTED_EDGE('',*,*,#1216,.T.);
#2585 = ORIENTED_EDGE('',*,*,#1123,.F.);
#2586 = ORIENTED_EDGE('',*,*,#1243,.T.);
#2587 = ORIENTED_EDGE('',*,*,#1041,.T.);
#2588 = PLANE('',#2589);
#2589 = AXIS2_PLACEMENT_3D('',#2590,#2591,#2592);
#2590 = CARTESIAN_POINT('',(5.171533498029,14.208671509787,
    5.028155339806));
#2591 = DIRECTION('',(-0.342020143326,-0.939692620786,
    -4.787948442027E-16));
#2592 = DIRECTION('',(-0.939692620786,0.342020143326,0.));
#2593 = ADVANCED_FACE('',(#2594),#2604,.T.);
#2594 = FACE_BOUND('',#2595,.T.);
#2595 = EDGE_LOOP('',(#2596,#2597,#2598,#2599,#2600,#2601,#2602,#2603));
#2596 = ORIENTED_EDGE('',*,*,#1290,.F.);
#2597 = ORIENTED_EDGE('',*,*,#1489,.T.);
#2598 = ORIENTED_EDGE('',*,*,#2534,.F.);
#2599 = ORIENTED_EDGE('',*,*,#2472,.F.);
#2600 = ORIENTED_EDGE('',*,*,#1322,.F.);
#2601 = ORIENTED_EDGE('',*,*,#2328,.T.);
#2602 = ORIENTED_EDGE('',*,*,#2404,.F.);
#2603 = ORIENTED_EDGE('',*,*,#2343,.F.);
#2604 = PLANE('',#2605);
#2605 = AXIS2_PLACEMENT_3D('',#2606,#2607,#2608);
#2606 = CARTESIAN_POINT('',(5.171533498029,-14.20867150978,
    5.028155339806));
#2607 = DIRECTION('',(-0.342020143326,0.939692620786,-4.627700517398E-16
    ));
#2608 = DIRECTION('',(0.939692620786,0.342020143326,0.));
#2609 = ADVANCED_FACE('',(#2610),#2616,.T.);
#2610 = FACE_BOUND('',#2611,.T.);
#2611 = EDGE_LOOP('',(#2612,#2613,#2614,#2615));
#2612 = ORIENTED_EDGE('',*,*,#1306,.F.);
#2613 = ORIENTED_EDGE('',*,*,#2359,.T.);
#2614 = ORIENTED_EDGE('',*,*,#2259,.T.);
#2615 = ORIENTED_EDGE('',*,*,#2305,.F.);
#2616 = PLANE('',#2617);
#2617 = AXIS2_PLACEMENT_3D('',#2618,#2619,#2620);
#2618 = CARTESIAN_POINT('',(6.265997956671,-17.2156878963,9.3));
#2619 = DIRECTION('',(0.342020143326,-0.939692620786,0.));
#2620 = DIRECTION('',(-0.939692620786,-0.342020143326,0.));
#2621 = ADVANCED_FACE('',(#2622),#2632,.T.);
#2622 = FACE_BOUND('',#2623,.T.);
#2623 = EDGE_LOOP('',(#2624,#2625,#2626,#2627,#2628,#2629,#2630,#2631));
#2624 = ORIENTED_EDGE('',*,*,#1387,.T.);
#2625 = ORIENTED_EDGE('',*,*,#2290,.T.);
#2626 = ORIENTED_EDGE('',*,*,#2412,.T.);
#2627 = ORIENTED_EDGE('',*,*,#2374,.F.);
#2628 = ORIENTED_EDGE('',*,*,#1355,.T.);
#2629 = ORIENTED_EDGE('',*,*,#2496,.T.);
#2630 = ORIENTED_EDGE('',*,*,#2525,.T.);
#2631 = ORIENTED_EDGE('',*,*,#1010,.F.);
#2632 = PLANE('',#2633);
#2633 = AXIS2_PLACEMENT_3D('',#2634,#2635,#2636);
#2634 = CARTESIAN_POINT('',(-5.171533498029,-14.20867150978,
    5.028155339806));
#2635 = DIRECTION('',(0.342020143326,0.939692620786,-3.706369578287E-16)
  );
#2636 = DIRECTION('',(0.939692620786,-0.342020143326,0.));
#2637 = ADVANCED_FACE('',(#2638),#2644,.T.);
#2638 = FACE_BOUND('',#2639,.T.);
#2639 = EDGE_LOOP('',(#2640,#2641,#2642,#2643));
#2640 = ORIENTED_EDGE('',*,*,#1371,.T.);
#2641 = ORIENTED_EDGE('',*,*,#2390,.T.);
#2642 = ORIENTED_EDGE('',*,*,#2235,.F.);
#2643 = ORIENTED_EDGE('',*,*,#2274,.F.);
#2644 = PLANE('',#2645);
#2645 = AXIS2_PLACEMENT_3D('',#2646,#2647,#2648);
#2646 = CARTESIAN_POINT('',(-6.265997956671,-17.2156878963,9.3));
#2647 = DIRECTION('',(-0.342020143326,-0.939692620786,-0.));
#2648 = DIRECTION('',(-0.939692620786,0.342020143326,0.));
#2649 = ADVANCED_FACE('',(#2650),#2671,.T.);
#2650 = FACE_BOUND('',#2651,.T.);
#2651 = EDGE_LOOP('',(#2652,#2653,#2654,#2663,#2670));
#2652 = ORIENTED_EDGE('',*,*,#2209,.T.);
#2653 = ORIENTED_EDGE('',*,*,#1683,.T.);
#2654 = ORIENTED_EDGE('',*,*,#2655,.T.);
#2655 = EDGE_CURVE('',#1684,#2656,#2658,.T.);
#2656 = VERTEX_POINT('',#2657);
#2657 = CARTESIAN_POINT('',(1.548880853527,-13.61168925101,17.));
#2658 = CIRCLE('',#2659,3.2);
#2659 = AXIS2_PLACEMENT_3D('',#2660,#2661,#2662);
#2660 = CARTESIAN_POINT('',(4.555897240042,-12.51722479237,17.));
#2661 = DIRECTION('',(-0.342020143326,0.939692620786,-2.940903702847E-16
    ));
#2662 = DIRECTION('',(-0.939692620786,-0.342020143326,
    -1.808981011177E-16));
#2663 = ORIENTED_EDGE('',*,*,#2664,.T.);
#2664 = EDGE_CURVE('',#2656,#1884,#2665,.T.);
#2665 = CIRCLE('',#2666,3.2);
#2666 = AXIS2_PLACEMENT_3D('',#2667,#2668,#2669);
#2667 = CARTESIAN_POINT('',(4.555897240042,-12.51722479237,17.));
#2668 = DIRECTION('',(-0.342020143326,0.939692620786,-2.940903702847E-16
    ));
#2669 = DIRECTION('',(-0.939692620786,-0.342020143326,
    -1.808981011177E-16));
#2670 = ORIENTED_EDGE('',*,*,#1883,.F.);
#2671 = PLANE('',#2672);
#2672 = AXIS2_PLACEMENT_3D('',#2673,#2674,#2675);
#2673 = CARTESIAN_POINT('',(4.533494785527,-12.52537861899,16.8737799826
    ));
#2674 = DIRECTION('',(-0.342020143326,0.939692620786,-2.94252652757E-16)
  );
#2675 = DIRECTION('',(0.939692620786,0.342020143326,-1.232595164408E-32)
  );
#2676 = ADVANCED_FACE('',(#2677),#2698,.T.);
#2677 = FACE_BOUND('',#2678,.T.);
#2678 = EDGE_LOOP('',(#2679,#2680,#2681,#2690,#2697));
#2679 = ORIENTED_EDGE('',*,*,#2219,.T.);
#2680 = ORIENTED_EDGE('',*,*,#2035,.T.);
#2681 = ORIENTED_EDGE('',*,*,#2682,.F.);
#2682 = EDGE_CURVE('',#2683,#2036,#2685,.T.);
#2683 = VERTEX_POINT('',#2684);
#2684 = CARTESIAN_POINT('',(-1.548880853527,-13.61168925101,17.));
#2685 = CIRCLE('',#2686,3.2);
#2686 = AXIS2_PLACEMENT_3D('',#2687,#2688,#2689);
#2687 = CARTESIAN_POINT('',(-4.555897240042,-12.51722479237,17.));
#2688 = DIRECTION('',(-0.342020143326,-0.939692620786,2.181466426835E-16
    ));
#2689 = DIRECTION('',(0.939692620786,-0.342020143326,2.775557561563E-17)
  );
#2690 = ORIENTED_EDGE('',*,*,#2691,.F.);
#2691 = EDGE_CURVE('',#1780,#2683,#2692,.T.);
#2692 = CIRCLE('',#2693,3.2);
#2693 = AXIS2_PLACEMENT_3D('',#2694,#2695,#2696);
#2694 = CARTESIAN_POINT('',(-4.555897240042,-12.51722479237,17.));
#2695 = DIRECTION('',(-0.342020143326,-0.939692620786,2.181466426835E-16
    ));
#2696 = DIRECTION('',(0.939692620786,-0.342020143326,2.775557561563E-17)
  );
#2697 = ORIENTED_EDGE('',*,*,#1779,.F.);
#2698 = PLANE('',#2699);
#2699 = AXIS2_PLACEMENT_3D('',#2700,#2701,#2702);
#2700 = CARTESIAN_POINT('',(-4.533494785527,-12.52537861899,
    16.8737799826));
#2701 = DIRECTION('',(0.342020143326,0.939692620786,-3.925582794117E-16)
  );
#2702 = DIRECTION('',(0.939692620786,-0.342020143326,-2.465190328816E-32
    ));
#2703 = ADVANCED_FACE('',(#2704),#2712,.F.);
#2704 = FACE_BOUND('',#2705,.T.);
#2705 = EDGE_LOOP('',(#2706,#2707,#2708,#2709,#2710,#2711));
#2706 = ORIENTED_EDGE('',*,*,#838,.F.);
#2707 = ORIENTED_EDGE('',*,*,#647,.F.);
#2708 = ORIENTED_EDGE('',*,*,#1197,.T.);
#2709 = ORIENTED_EDGE('',*,*,#1188,.T.);
#2710 = ORIENTED_EDGE('',*,*,#76,.T.);
#2711 = ORIENTED_EDGE('',*,*,#681,.F.);
#2712 = CYLINDRICAL_SURFACE('',#2713,3.2);
#2713 = AXIS2_PLACEMENT_3D('',#2714,#2715,#2716);
#2714 = CARTESIAN_POINT('',(3.4614327814,9.510208405857,17.));
#2715 = DIRECTION('',(-0.342020143326,-0.939692620786,
    -2.940903702847E-16));
#2716 = DIRECTION('',(-0.939692620786,0.342020143326,-1.808981011177E-16
    ));
#2717 = ADVANCED_FACE('',(#2718),#2726,.F.);
#2718 = FACE_BOUND('',#2719,.T.);
#2719 = EDGE_LOOP('',(#2720,#2721,#2722,#2723,#2724,#2725));
#2720 = ORIENTED_EDGE('',*,*,#2682,.T.);
#2721 = ORIENTED_EDGE('',*,*,#2044,.T.);
#2722 = ORIENTED_EDGE('',*,*,#2001,.F.);
#2723 = ORIENTED_EDGE('',*,*,#1706,.F.);
#2724 = ORIENTED_EDGE('',*,*,#1788,.F.);
#2725 = ORIENTED_EDGE('',*,*,#2691,.T.);
#2726 = CYLINDRICAL_SURFACE('',#2727,3.2);
#2727 = AXIS2_PLACEMENT_3D('',#2728,#2729,#2730);
#2728 = CARTESIAN_POINT('',(-3.4614327814,-9.510208405857,17.));
#2729 = DIRECTION('',(0.342020143326,0.939692620786,-2.181466426835E-16)
  );
#2730 = DIRECTION('',(0.939692620786,-0.342020143326,2.775557561563E-17)
  );
#2731 = ADVANCED_FACE('',(#2732),#2740,.F.);
#2732 = FACE_BOUND('',#2733,.F.);
#2733 = EDGE_LOOP('',(#2734,#2735,#2736,#2737,#2738,#2739));
#2734 = ORIENTED_EDGE('',*,*,#1892,.T.);
#2735 = ORIENTED_EDGE('',*,*,#1849,.F.);
#2736 = ORIENTED_EDGE('',*,*,#1610,.F.);
#2737 = ORIENTED_EDGE('',*,*,#1692,.F.);
#2738 = ORIENTED_EDGE('',*,*,#2655,.T.);
#2739 = ORIENTED_EDGE('',*,*,#2664,.T.);
#2740 = CYLINDRICAL_SURFACE('',#2741,3.2);
#2741 = AXIS2_PLACEMENT_3D('',#2742,#2743,#2744);
#2742 = CARTESIAN_POINT('',(3.4614327814,-9.510208405857,17.));
#2743 = DIRECTION('',(-0.342020143326,0.939692620786,-2.940903702847E-16
    ));
#2744 = DIRECTION('',(-0.939692620786,-0.342020143326,
    -1.808981011177E-16));
#2745 = ADVANCED_FACE('',(#2746),#2758,.F.);
#2746 = FACE_BOUND('',#2747,.T.);
#2747 = EDGE_LOOP('',(#2748,#2749,#2750,#2755,#2756,#2757));
#2748 = ORIENTED_EDGE('',*,*,#1408,.F.);
#2749 = ORIENTED_EDGE('',*,*,#1397,.F.);
#2750 = ORIENTED_EDGE('',*,*,#2751,.F.);
#2751 = EDGE_CURVE('',#2556,#1398,#2752,.T.);
#2752 = B_SPLINE_CURVE_WITH_KNOTS('',1,(#2753,#2754),.UNSPECIFIED.,.F.,
  .F.,(2,2),(-2.,0.),.PIECEWISE_BEZIER_KNOTS.);
#2753 = CARTESIAN_POINT('',(11.2,-2.74320883009E-15,2.));
#2754 = CARTESIAN_POINT('',(11.2,-2.74320883009E-15,0.));
#2755 = ORIENTED_EDGE('',*,*,#2566,.F.);
#2756 = ORIENTED_EDGE('',*,*,#2555,.F.);
#2757 = ORIENTED_EDGE('',*,*,#2751,.T.);
#2758 = CYLINDRICAL_SURFACE('',#2759,11.2);
#2759 = AXIS2_PLACEMENT_3D('',#2760,#2761,#2762);
#2760 = CARTESIAN_POINT('',(0.,0.,0.));
#2761 = DIRECTION('',(-0.,-0.,-1.));
#2762 = DIRECTION('',(1.,0.,0.));
#2763 = ( GEOMETRIC_REPRESENTATION_CONTEXT(3) 
GLOBAL_UNCERTAINTY_ASSIGNED_CONTEXT((#2767)) 
GLOBAL_UNIT_ASSIGNED_CONTEXT((#2764,#2765,#2766)) REPRESENTATION_CONTEXT
('Context #1','3D Context with UNIT and UNCERTAINTY') );
#2764 = ( LENGTH_UNIT() NAMED_UNIT(*) SI_UNIT(.MILLI.,.METRE.) );
#2765 = ( NAMED_UNIT(*) PLANE_ANGLE_UNIT() SI_UNIT($,.RADIAN.) );
#2766 = ( NAMED_UNIT(*) SI_UNIT($,.STERADIAN.) SOLID_ANGLE_UNIT() );
#2767 = UNCERTAINTY_MEASURE_WITH_UNIT(LENGTH_MEASURE(5.E-05),#2764,
  'distance_accuracy_value','confusion accuracy');
#2768 = PRODUCT_RELATED_PRODUCT_CATEGORY('part',$,(#7));
#2769 = MECHANICAL_DESIGN_GEOMETRIC_PRESENTATION_REPRESENTATION('',(
    #2770),#2763);
#2770 = STYLED_ITEM('color',(#2771),#15);
#2771 = PRESENTATION_STYLE_ASSIGNMENT((#2772,#2778));
#2772 = SURFACE_STYLE_USAGE(.BOTH.,#2773);
#2773 = SURFACE_SIDE_STYLE('',(#2774));
#2774 = SURFACE_STYLE_FILL_AREA(#2775);
#2775 = FILL_AREA_STYLE('',(#2776));
#2776 = FILL_AREA_STYLE_COLOUR('',#2777);
#2777 = COLOUR_RGB('',0.447058818107,0.474509808674,0.501960817233);
#2778 = CURVE_STYLE('',#2779,POSITIVE_LENGTH_MEASURE(0.1),#2780);
#2779 = DRAUGHTING_PRE_DEFINED_CURVE_FONT('continuous');
#2780 = COLOUR_RGB('',9.803921802644E-02,9.803921802644E-02,
  9.803921802644E-02);
ENDSEC;
END-ISO-10303-21;
