ISO-10303-21;
HEADER;
FILE_DESCRIPTION(('FreeCAD Model'),'2;1');
FILE_NAME('Open CASCADE Shape Model','2026-02-05T18:08:40',(''),(''),
  'Open CASCADE STEP processor 7.8','FreeCAD','Unknown');
FILE_SCHEMA(('AUTOMOTIVE_DESIGN { 1 0 10303 214 1 1 1 1 }'));
ENDSEC;
DATA;
#1 = APPLICATION_PROTOCOL_DEFINITION('international standard',
  'automotive_design',2000,#2);
#2 = APPLICATION_CONTEXT(
  'core data for automotive mechanical design processes');
#3 = SHAPE_DEFINITION_REPRESENTATION(#4,#10);
#4 = PRODUCT_DEFINITION_SHAPE('','',#5);
#5 = PRODUCT_DEFINITION('design','',#6,#9);
#6 = PRODUCT_DEFINITION_FORMATION('','',#7);
#7 = PRODUCT('design6-casing','design6-casing','',(#8));
#8 = PRODUCT_CONTEXT('',#2,'mechanical');
#9 = PRODUCT_DEFINITION_CONTEXT('part definition',#2,'design');
#10 = ADVANCED_BREP_SHAPE_REPRESENTATION('',(#11,#15),#3001);
#11 = AXIS2_PLACEMENT_3D('',#12,#13,#14);
#12 = CARTESIAN_POINT('',(0.,0.,0.));
#13 = DIRECTION('',(0.,0.,1.));
#14 = DIRECTION('',(1.,0.,-0.));
#15 = MANIFOLD_SOLID_BREP('',#16);
#16 = CLOSED_SHELL('',(#17,#82,#113,#248,#320,#345,#370,#522,#573,#620,
    #651,#699,#749,#822,#948,#995,#1012,#1024,#1041,#1058,#1075,#1117,
    #1149,#1196,#1221,#1261,#1295,#1312,#1329,#1354,#1401,#1426,#1459,
    #1484,#1502,#1520,#1532,#1549,#1684,#1701,#1726,#1757,#1779,#1829,
    #1884,#1901,#1913,#1930,#1942,#1974,#2021,#2046,#2086,#2117,#2148,
    #2160,#2172,#2206,#2240,#2266,#2283,#2300,#2318,#2336,#2348,#2360,
    #2401,#2431,#2462,#2493,#2523,#2548,#2606,#2635,#2659,#2684,#2742,
    #2771,#2795,#2820,#2844,#2865,#2886,#2914,#2941,#2953,#2965,#2983));
#17 = ADVANCED_FACE('',(#18),#77,.T.);
#18 = FACE_BOUND('',#19,.T.);
#19 = EDGE_LOOP('',(#20,#30,#38,#46,#54,#63,#71));
#20 = ORIENTED_EDGE('',*,*,#21,.T.);
#21 = EDGE_CURVE('',#22,#24,#26,.T.);
#22 = VERTEX_POINT('',#23);
#23 = CARTESIAN_POINT('',(6.5,7.75,4.41));
#24 = VERTEX_POINT('',#25);
#25 = CARTESIAN_POINT('',(6.5,7.75,-1.));
#26 = LINE('',#27,#28);
#27 = CARTESIAN_POINT('',(6.5,7.75,29.8));
#28 = VECTOR('',#29,1.);
#29 = DIRECTION('',(0.,-4.440892098501E-16,-1.));
#30 = ORIENTED_EDGE('',*,*,#31,.F.);
#31 = EDGE_CURVE('',#32,#24,#34,.T.);
#32 = VERTEX_POINT('',#33);
#33 = CARTESIAN_POINT('',(6.5,7.931582439841,-1.));
#34 = LINE('',#35,#36);
#35 = CARTESIAN_POINT('',(6.5,9.431582439882,-1.));
#36 = VECTOR('',#37,1.);
#37 = DIRECTION('',(-0.,-1.,-4.440892098501E-16));
#38 = ORIENTED_EDGE('',*,*,#39,.F.);
#39 = EDGE_CURVE('',#40,#32,#42,.T.);
#40 = VERTEX_POINT('',#41);
#41 = CARTESIAN_POINT('',(6.5,7.931582439841,-4.));
#42 = LINE('',#43,#44);
#43 = CARTESIAN_POINT('',(6.5,7.931582439841,-4.));
#44 = VECTOR('',#45,1.);
#45 = DIRECTION('',(1.499759782662E-32,-1.224646799147E-16,1.));
#46 = ORIENTED_EDGE('',*,*,#47,.T.);
#47 = EDGE_CURVE('',#40,#48,#50,.T.);
#48 = VERTEX_POINT('',#49);
#49 = CARTESIAN_POINT('',(6.5,9.431582439866,-4.000000000002));
#50 = LINE('',#51,#52);
#51 = CARTESIAN_POINT('',(6.5,7.931582439841,-4.));
#52 = VECTOR('',#53,1.);
#53 = DIRECTION('',(-1.224646799147E-16,1.,1.224646799147E-16));
#54 = ORIENTED_EDGE('',*,*,#55,.T.);
#55 = EDGE_CURVE('',#48,#56,#58,.T.);
#56 = VERTEX_POINT('',#57);
#57 = CARTESIAN_POINT('',(6.5,11.431582439866,-2.000000000002));
#58 = CIRCLE('',#59,2.);
#59 = AXIS2_PLACEMENT_3D('',#60,#61,#62);
#60 = CARTESIAN_POINT('',(6.5,9.431582439866,-2.000000000002));
#61 = DIRECTION('',(1.,0.,-0.));
#62 = DIRECTION('',(0.,0.,1.));
#63 = ORIENTED_EDGE('',*,*,#64,.T.);
#64 = EDGE_CURVE('',#56,#65,#67,.T.);
#65 = VERTEX_POINT('',#66);
#66 = CARTESIAN_POINT('',(6.500000000002,11.431582439869,4.409999999998)
  );
#67 = LINE('',#68,#69);
#68 = CARTESIAN_POINT('',(6.5,11.431582439864,-4.000000000006));
#69 = VECTOR('',#70,1.);
#70 = DIRECTION('',(0.,5.615508058554E-13,1.));
#71 = ORIENTED_EDGE('',*,*,#72,.F.);
#72 = EDGE_CURVE('',#22,#65,#73,.T.);
#73 = LINE('',#74,#75);
#74 = CARTESIAN_POINT('',(6.5,7.75,4.41));
#75 = VECTOR('',#76,1.);
#76 = DIRECTION('',(0.,1.,0.));
#77 = PLANE('',#78);
#78 = AXIS2_PLACEMENT_3D('',#79,#80,#81);
#79 = CARTESIAN_POINT('',(6.5,9.604247890518,14.4));
#80 = DIRECTION('',(1.,-4.101882663297E-16,0.));
#81 = DIRECTION('',(4.101882663297E-16,1.,0.));
#82 = ADVANCED_FACE('',(#83),#108,.F.);
#83 = FACE_BOUND('',#84,.T.);
#84 = EDGE_LOOP('',(#85,#93,#94,#102));
#85 = ORIENTED_EDGE('',*,*,#86,.F.);
#86 = EDGE_CURVE('',#22,#87,#89,.T.);
#87 = VERTEX_POINT('',#88);
#88 = CARTESIAN_POINT('',(14.49,7.75,12.4));
#89 = LINE('',#90,#91);
#90 = CARTESIAN_POINT('',(9.852625482626,7.75,7.762625482625));
#91 = VECTOR('',#92,1.);
#92 = DIRECTION('',(0.707106781187,1.920497223187E-16,0.707106781187));
#93 = ORIENTED_EDGE('',*,*,#72,.T.);
#94 = ORIENTED_EDGE('',*,*,#95,.T.);
#95 = EDGE_CURVE('',#65,#96,#98,.T.);
#96 = VERTEX_POINT('',#97);
#97 = CARTESIAN_POINT('',(14.49,11.431582439875,12.4));
#98 = LINE('',#99,#100);
#99 = CARTESIAN_POINT('',(11.072102803748,11.431582439872,8.982102803745
    ));
#100 = VECTOR('',#101,1.);
#101 = DIRECTION('',(0.707106781187,4.849106875453E-13,0.707106781187));
#102 = ORIENTED_EDGE('',*,*,#103,.F.);
#103 = EDGE_CURVE('',#87,#96,#104,.T.);
#104 = LINE('',#105,#106);
#105 = CARTESIAN_POINT('',(14.49,7.75,12.4));
#106 = VECTOR('',#107,1.);
#107 = DIRECTION('',(0.,1.,0.));
#108 = PLANE('',#109);
#109 = AXIS2_PLACEMENT_3D('',#110,#111,#112);
#110 = CARTESIAN_POINT('',(10.495,7.75,8.405));
#111 = DIRECTION('',(-0.707106781187,5.785385759658E-13,0.707106781187)
  );
#112 = DIRECTION('',(-4.090885502434E-13,-1.,4.090885502434E-13));
#113 = ADVANCED_FACE('',(#114,#207),#243,.T.);
#114 = FACE_BOUND('',#115,.T.);
#115 = EDGE_LOOP('',(#116,#126,#134,#143,#151,#158,#159,#167,#175,#184,
    #192,#201));
#116 = ORIENTED_EDGE('',*,*,#117,.F.);
#117 = EDGE_CURVE('',#118,#120,#122,.T.);
#118 = VERTEX_POINT('',#119);
#119 = CARTESIAN_POINT('',(6.5,-7.75,-1.));
#120 = VERTEX_POINT('',#121);
#121 = CARTESIAN_POINT('',(-6.5,-7.75,-1.));
#122 = LINE('',#123,#124);
#123 = CARTESIAN_POINT('',(6.5,-7.75,-1.));
#124 = VECTOR('',#125,1.);
#125 = DIRECTION('',(-1.,0.,0.));
#126 = ORIENTED_EDGE('',*,*,#127,.F.);
#127 = EDGE_CURVE('',#128,#118,#130,.T.);
#128 = VERTEX_POINT('',#129);
#129 = CARTESIAN_POINT('',(6.5,-7.931582439841,-1.));
#130 = LINE('',#131,#132);
#131 = CARTESIAN_POINT('',(6.5,-9.431582439882,-1.));
#132 = VECTOR('',#133,1.);
#133 = DIRECTION('',(0.,1.,0.));
#134 = ORIENTED_EDGE('',*,*,#135,.F.);
#135 = EDGE_CURVE('',#136,#128,#138,.T.);
#136 = VERTEX_POINT('',#137);
#137 = CARTESIAN_POINT('',(8.6,-5.585696017508,-1.));
#138 = CIRCLE('',#139,10.254754994635);
#139 = AXIS2_PLACEMENT_3D('',#140,#141,#142);
#140 = CARTESIAN_POINT('',(-5.735420778903E-29,4.139306181118E-15,-1.));
#141 = DIRECTION('',(-1.499759782662E-32,1.224646799147E-16,-1.));
#142 = DIRECTION('',(-1.,-1.224646799147E-16,0.));
#143 = ORIENTED_EDGE('',*,*,#144,.T.);
#144 = EDGE_CURVE('',#136,#145,#147,.T.);
#145 = VERTEX_POINT('',#146);
#146 = CARTESIAN_POINT('',(8.6,5.585696017508,-1.));
#147 = LINE('',#148,#149);
#148 = CARTESIAN_POINT('',(8.6,-2.792848008754,-1.));
#149 = VECTOR('',#150,1.);
#150 = DIRECTION('',(-1.224646799147E-16,1.,0.));
#151 = ORIENTED_EDGE('',*,*,#152,.F.);
#152 = EDGE_CURVE('',#32,#145,#153,.T.);
#153 = CIRCLE('',#154,10.254754994635);
#154 = AXIS2_PLACEMENT_3D('',#155,#156,#157);
#155 = CARTESIAN_POINT('',(-5.735420778903E-29,4.139306181118E-15,-1.));
#156 = DIRECTION('',(-1.499759782662E-32,1.224646799147E-16,-1.));
#157 = DIRECTION('',(-1.,-1.224646799147E-16,0.));
#158 = ORIENTED_EDGE('',*,*,#31,.T.);
#159 = ORIENTED_EDGE('',*,*,#160,.T.);
#160 = EDGE_CURVE('',#24,#161,#163,.T.);
#161 = VERTEX_POINT('',#162);
#162 = CARTESIAN_POINT('',(-6.5,7.75,-1.));
#163 = LINE('',#164,#165);
#164 = CARTESIAN_POINT('',(6.5,7.75,-1.));
#165 = VECTOR('',#166,1.);
#166 = DIRECTION('',(-1.,-0.,-0.));
#167 = ORIENTED_EDGE('',*,*,#168,.T.);
#168 = EDGE_CURVE('',#161,#169,#171,.T.);
#169 = VERTEX_POINT('',#170);
#170 = CARTESIAN_POINT('',(-6.5,7.931582439841,-1.));
#171 = LINE('',#172,#173);
#172 = CARTESIAN_POINT('',(-6.5,7.75,-1.));
#173 = VECTOR('',#174,1.);
#174 = DIRECTION('',(0.,1.,4.440892098501E-16));
#175 = ORIENTED_EDGE('',*,*,#176,.F.);
#176 = EDGE_CURVE('',#177,#169,#179,.T.);
#177 = VERTEX_POINT('',#178);
#178 = CARTESIAN_POINT('',(-8.6,5.585696017508,-1.));
#179 = CIRCLE('',#180,10.254754994635);
#180 = AXIS2_PLACEMENT_3D('',#181,#182,#183);
#181 = CARTESIAN_POINT('',(-5.735420778903E-29,4.139306181118E-15,-1.));
#182 = DIRECTION('',(-1.499759782662E-32,1.224646799147E-16,-1.));
#183 = DIRECTION('',(-1.,-1.224646799147E-16,0.));
#184 = ORIENTED_EDGE('',*,*,#185,.T.);
#185 = EDGE_CURVE('',#177,#186,#188,.T.);
#186 = VERTEX_POINT('',#187);
#187 = CARTESIAN_POINT('',(-8.6,-5.585696017508,-1.));
#188 = LINE('',#189,#190);
#189 = CARTESIAN_POINT('',(-8.6,2.792848008754,-1.));
#190 = VECTOR('',#191,1.);
#191 = DIRECTION('',(1.224646799147E-16,-1.,0.));
#192 = ORIENTED_EDGE('',*,*,#193,.F.);
#193 = EDGE_CURVE('',#194,#186,#196,.T.);
#194 = VERTEX_POINT('',#195);
#195 = CARTESIAN_POINT('',(-6.5,-7.931582439841,-1.));
#196 = CIRCLE('',#197,10.254754994635);
#197 = AXIS2_PLACEMENT_3D('',#198,#199,#200);
#198 = CARTESIAN_POINT('',(-5.735420778903E-29,4.139306181118E-15,-1.));
#199 = DIRECTION('',(-1.499759782662E-32,1.224646799147E-16,-1.));
#200 = DIRECTION('',(-1.,-1.224646799147E-16,0.));
#201 = ORIENTED_EDGE('',*,*,#202,.F.);
#202 = EDGE_CURVE('',#120,#194,#203,.T.);
#203 = LINE('',#204,#205);
#204 = CARTESIAN_POINT('',(-6.5,-7.75,-1.));
#205 = VECTOR('',#206,1.);
#206 = DIRECTION('',(0.,-1.,0.));
#207 = FACE_BOUND('',#208,.T.);
#208 = EDGE_LOOP('',(#209,#220,#228,#237));
#209 = ORIENTED_EDGE('',*,*,#210,.F.);
#210 = EDGE_CURVE('',#211,#213,#215,.T.);
#211 = VERTEX_POINT('',#212);
#212 = CARTESIAN_POINT('',(7.1,0.844097150807,-1.));
#213 = VERTEX_POINT('',#214);
#214 = CARTESIAN_POINT('',(-7.1,0.844097150807,-1.));
#215 = CIRCLE('',#216,7.15);
#216 = AXIS2_PLACEMENT_3D('',#217,#218,#219);
#217 = CARTESIAN_POINT('',(0.,0.,-1.));
#218 = DIRECTION('',(0.,0.,1.));
#219 = DIRECTION('',(1.,0.,0.));
#220 = ORIENTED_EDGE('',*,*,#221,.T.);
#221 = EDGE_CURVE('',#211,#222,#224,.T.);
#222 = VERTEX_POINT('',#223);
#223 = CARTESIAN_POINT('',(7.1,-0.844097150807,-1.));
#224 = LINE('',#225,#226);
#225 = CARTESIAN_POINT('',(7.1,2.792848008754,-1.));
#226 = VECTOR('',#227,1.);
#227 = DIRECTION('',(1.224646799147E-16,-1.,0.));
#228 = ORIENTED_EDGE('',*,*,#229,.F.);
#229 = EDGE_CURVE('',#230,#222,#232,.T.);
#230 = VERTEX_POINT('',#231);
#231 = CARTESIAN_POINT('',(-7.1,-0.844097150807,-1.));
#232 = CIRCLE('',#233,7.15);
#233 = AXIS2_PLACEMENT_3D('',#234,#235,#236);
#234 = CARTESIAN_POINT('',(0.,0.,-1.));
#235 = DIRECTION('',(0.,0.,1.));
#236 = DIRECTION('',(1.,0.,0.));
#237 = ORIENTED_EDGE('',*,*,#238,.T.);
#238 = EDGE_CURVE('',#230,#213,#239,.T.);
#239 = LINE('',#240,#241);
#240 = CARTESIAN_POINT('',(-7.1,-2.792848008754,-1.));
#241 = VECTOR('',#242,1.);
#242 = DIRECTION('',(-1.224646799147E-16,1.,0.));
#243 = PLANE('',#244);
#244 = AXIS2_PLACEMENT_3D('',#245,#246,#247);
#245 = CARTESIAN_POINT('',(1.79916638449E-16,8.492065334794E-15,-1.));
#246 = DIRECTION('',(0.,0.,1.));
#247 = DIRECTION('',(1.,0.,0.));
#248 = ADVANCED_FACE('',(#249),#315,.T.);
#249 = FACE_BOUND('',#250,.T.);
#250 = EDGE_LOOP('',(#251,#252,#260,#268,#276,#284,#292,#300,#308,#314)
  );
#251 = ORIENTED_EDGE('',*,*,#64,.F.);
#252 = ORIENTED_EDGE('',*,*,#253,.F.);
#253 = EDGE_CURVE('',#254,#56,#256,.T.);
#254 = VERTEX_POINT('',#255);
#255 = CARTESIAN_POINT('',(4.500000000086,11.431582439866,
    -2.000000000002));
#256 = LINE('',#257,#258);
#257 = CARTESIAN_POINT('',(4.500000000086,11.431582439866,
    -2.000000000002));
#258 = VECTOR('',#259,1.);
#259 = DIRECTION('',(1.,0.,0.));
#260 = ORIENTED_EDGE('',*,*,#261,.F.);
#261 = EDGE_CURVE('',#262,#254,#264,.T.);
#262 = VERTEX_POINT('',#263);
#263 = CARTESIAN_POINT('',(4.500000000086,11.431582439883,
    28.799999999994));
#264 = LINE('',#265,#266);
#265 = CARTESIAN_POINT('',(4.500000000086,11.431582439883,
    28.799999999994));
#266 = VECTOR('',#267,1.);
#267 = DIRECTION('',(0.,-5.615508058554E-13,-1.));
#268 = ORIENTED_EDGE('',*,*,#269,.T.);
#269 = EDGE_CURVE('',#262,#270,#272,.T.);
#270 = VERTEX_POINT('',#271);
#271 = CARTESIAN_POINT('',(4.500000000086,11.431582439878,
    30.800000000001));
#272 = LINE('',#273,#274);
#273 = CARTESIAN_POINT('',(4.500000000086,11.431582439883,
    6.327383061944E-12));
#274 = VECTOR('',#275,1.);
#275 = DIRECTION('',(0.,-5.615508058554E-13,1.));
#276 = ORIENTED_EDGE('',*,*,#277,.T.);
#277 = EDGE_CURVE('',#270,#278,#280,.T.);
#278 = VERTEX_POINT('',#279);
#279 = CARTESIAN_POINT('',(6.5,11.431582439878,30.800000000001));
#280 = LINE('',#281,#282);
#281 = CARTESIAN_POINT('',(4.500000000086,11.431582439878,
    30.800000000001));
#282 = VECTOR('',#283,1.);
#283 = DIRECTION('',(1.,0.,0.));
#284 = ORIENTED_EDGE('',*,*,#285,.T.);
#285 = EDGE_CURVE('',#278,#286,#288,.T.);
#286 = VERTEX_POINT('',#287);
#287 = CARTESIAN_POINT('',(6.5,11.431582439883,28.799999999994));
#288 = LINE('',#289,#290);
#289 = CARTESIAN_POINT('',(6.5,11.431582439864,32.800000000006));
#290 = VECTOR('',#291,1.);
#291 = DIRECTION('',(0.,5.615508058554E-13,-1.));
#292 = ORIENTED_EDGE('',*,*,#293,.F.);
#293 = EDGE_CURVE('',#294,#286,#296,.T.);
#294 = VERTEX_POINT('',#295);
#295 = CARTESIAN_POINT('',(6.499999999999,11.431582439875,
    16.399999999998));
#296 = LINE('',#297,#298);
#297 = CARTESIAN_POINT('',(6.5,11.431582439864,-4.000000000006));
#298 = VECTOR('',#299,1.);
#299 = DIRECTION('',(0.,5.615508058554E-13,1.));
#300 = ORIENTED_EDGE('',*,*,#301,.F.);
#301 = EDGE_CURVE('',#302,#294,#304,.T.);
#302 = VERTEX_POINT('',#303);
#303 = CARTESIAN_POINT('',(6.499999999999,11.431582439875,
    12.399999999998));
#304 = LINE('',#305,#306);
#305 = CARTESIAN_POINT('',(6.499999999997,11.431582439873,
    12.399999999995));
#306 = VECTOR('',#307,1.);
#307 = DIRECTION('',(-5.211278047433E-26,4.586331314727E-13,1.));
#308 = ORIENTED_EDGE('',*,*,#309,.T.);
#309 = EDGE_CURVE('',#302,#96,#310,.T.);
#310 = LINE('',#311,#312);
#311 = CARTESIAN_POINT('',(8.654205607495,11.431582439873,
    12.399999999997));
#312 = VECTOR('',#313,1.);
#313 = DIRECTION('',(1.,2.272305648913E-13,-1.858679352086E-25));
#314 = ORIENTED_EDGE('',*,*,#95,.F.);
#315 = PLANE('',#316);
#316 = AXIS2_PLACEMENT_3D('',#317,#318,#319);
#317 = CARTESIAN_POINT('',(6.808411214991,11.431582439874,
    14.399999999999));
#318 = DIRECTION('',(-2.272305648913E-13,1.,-4.58536705975E-13));
#319 = DIRECTION('',(0.,4.58536705975E-13,1.));
#320 = ADVANCED_FACE('',(#321),#340,.T.);
#321 = FACE_BOUND('',#322,.F.);
#322 = EDGE_LOOP('',(#323,#324,#333,#339));
#323 = ORIENTED_EDGE('',*,*,#39,.F.);
#324 = ORIENTED_EDGE('',*,*,#325,.F.);
#325 = EDGE_CURVE('',#326,#40,#328,.T.);
#326 = VERTEX_POINT('',#327);
#327 = CARTESIAN_POINT('',(8.6,5.585696017508,-4.));
#328 = CIRCLE('',#329,10.254754994635);
#329 = AXIS2_PLACEMENT_3D('',#330,#331,#332);
#330 = CARTESIAN_POINT('',(-5.739920058251E-29,4.506700220862E-15,-4.));
#331 = DIRECTION('',(1.499759782662E-32,-1.224646799147E-16,1.));
#332 = DIRECTION('',(-1.,-1.224646799147E-16,0.));
#333 = ORIENTED_EDGE('',*,*,#334,.T.);
#334 = EDGE_CURVE('',#326,#145,#335,.T.);
#335 = LINE('',#336,#337);
#336 = CARTESIAN_POINT('',(8.6,5.585696017508,-4.));
#337 = VECTOR('',#338,1.);
#338 = DIRECTION('',(1.499759782662E-32,-1.224646799147E-16,1.));
#339 = ORIENTED_EDGE('',*,*,#152,.F.);
#340 = CYLINDRICAL_SURFACE('',#341,10.254754994635);
#341 = AXIS2_PLACEMENT_3D('',#342,#343,#344);
#342 = CARTESIAN_POINT('',(-5.739920058251E-29,4.506700220862E-15,-4.));
#343 = DIRECTION('',(-1.499759782662E-32,1.224646799147E-16,-1.));
#344 = DIRECTION('',(-1.,-1.224646799147E-16,0.));
#345 = ADVANCED_FACE('',(#346),#365,.T.);
#346 = FACE_BOUND('',#347,.T.);
#347 = EDGE_LOOP('',(#348,#357,#358,#359));
#348 = ORIENTED_EDGE('',*,*,#349,.T.);
#349 = EDGE_CURVE('',#350,#254,#352,.T.);
#350 = VERTEX_POINT('',#351);
#351 = CARTESIAN_POINT('',(4.500000000086,9.431582439866,-4.000000000002
    ));
#352 = CIRCLE('',#353,2.);
#353 = AXIS2_PLACEMENT_3D('',#354,#355,#356);
#354 = CARTESIAN_POINT('',(4.500000000086,9.431582439866,-2.000000000002
    ));
#355 = DIRECTION('',(1.,0.,-0.));
#356 = DIRECTION('',(0.,0.,1.));
#357 = ORIENTED_EDGE('',*,*,#253,.T.);
#358 = ORIENTED_EDGE('',*,*,#55,.F.);
#359 = ORIENTED_EDGE('',*,*,#360,.F.);
#360 = EDGE_CURVE('',#350,#48,#361,.T.);
#361 = LINE('',#362,#363);
#362 = CARTESIAN_POINT('',(4.500000000086,9.431582439866,-4.000000000002
    ));
#363 = VECTOR('',#364,1.);
#364 = DIRECTION('',(1.,0.,0.));
#365 = CYLINDRICAL_SURFACE('',#366,2.);
#366 = AXIS2_PLACEMENT_3D('',#367,#368,#369);
#367 = CARTESIAN_POINT('',(4.500000000086,9.431582439866,-2.000000000002
    ));
#368 = DIRECTION('',(1.,0.,0.));
#369 = DIRECTION('',(0.,-9.484705124575E-15,-1.));
#370 = ADVANCED_FACE('',(#371,#481),#517,.T.);
#371 = FACE_BOUND('',#372,.T.);
#372 = EDGE_LOOP('',(#373,#383,#391,#399,#407,#415,#424,#432,#441,#449,
    #457,#463,#464,#465,#466,#474));
#373 = ORIENTED_EDGE('',*,*,#374,.T.);
#374 = EDGE_CURVE('',#375,#377,#379,.T.);
#375 = VERTEX_POINT('',#376);
#376 = CARTESIAN_POINT('',(6.5,-7.931582439841,-4.));
#377 = VERTEX_POINT('',#378);
#378 = CARTESIAN_POINT('',(6.5,-9.431582439866,-4.000000000001));
#379 = LINE('',#380,#381);
#380 = CARTESIAN_POINT('',(6.5,-7.931582439841,-4.));
#381 = VECTOR('',#382,1.);
#382 = DIRECTION('',(1.224646799147E-16,-1.,-1.224646799147E-16));
#383 = ORIENTED_EDGE('',*,*,#384,.F.);
#384 = EDGE_CURVE('',#385,#377,#387,.T.);
#385 = VERTEX_POINT('',#386);
#386 = CARTESIAN_POINT('',(4.500000000086,-9.431582439866,
    -4.000000000001));
#387 = LINE('',#388,#389);
#388 = CARTESIAN_POINT('',(4.500000000086,-9.431582439866,
    -4.000000000001));
#389 = VECTOR('',#390,1.);
#390 = DIRECTION('',(1.,0.,0.));
#391 = ORIENTED_EDGE('',*,*,#392,.T.);
#392 = EDGE_CURVE('',#385,#393,#395,.T.);
#393 = VERTEX_POINT('',#394);
#394 = CARTESIAN_POINT('',(-4.5,-9.431582439866,-4.000000000002));
#395 = LINE('',#396,#397);
#396 = CARTESIAN_POINT('',(6.5,-9.431582439841,-4.));
#397 = VECTOR('',#398,1.);
#398 = DIRECTION('',(-1.,-1.224646799147E-16,0.));
#399 = ORIENTED_EDGE('',*,*,#400,.F.);
#400 = EDGE_CURVE('',#401,#393,#403,.T.);
#401 = VERTEX_POINT('',#402);
#402 = CARTESIAN_POINT('',(-6.5,-9.431582439866,-4.000000000002));
#403 = LINE('',#404,#405);
#404 = CARTESIAN_POINT('',(-6.5,-9.431582439866,-4.000000000002));
#405 = VECTOR('',#406,1.);
#406 = DIRECTION('',(1.,0.,0.));
#407 = ORIENTED_EDGE('',*,*,#408,.F.);
#408 = EDGE_CURVE('',#409,#401,#411,.T.);
#409 = VERTEX_POINT('',#410);
#410 = CARTESIAN_POINT('',(-6.5,-7.931582439841,-4.));
#411 = LINE('',#412,#413);
#412 = CARTESIAN_POINT('',(-6.5,-9.431582439864,-4.000000000005));
#413 = VECTOR('',#414,1.);
#414 = DIRECTION('',(0.,-1.,-5.619948950653E-13));
#415 = ORIENTED_EDGE('',*,*,#416,.F.);
#416 = EDGE_CURVE('',#417,#409,#419,.T.);
#417 = VERTEX_POINT('',#418);
#418 = CARTESIAN_POINT('',(-8.6,-5.585696017508,-4.));
#419 = CIRCLE('',#420,10.254754994635);
#420 = AXIS2_PLACEMENT_3D('',#421,#422,#423);
#421 = CARTESIAN_POINT('',(-5.739920058251E-29,4.506700220862E-15,-4.));
#422 = DIRECTION('',(1.499759782662E-32,-1.224646799147E-16,1.));
#423 = DIRECTION('',(-1.,-1.224646799147E-16,0.));
#424 = ORIENTED_EDGE('',*,*,#425,.F.);
#425 = EDGE_CURVE('',#426,#417,#428,.T.);
#426 = VERTEX_POINT('',#427);
#427 = CARTESIAN_POINT('',(-8.6,5.585696017508,-4.));
#428 = LINE('',#429,#430);
#429 = CARTESIAN_POINT('',(-8.6,5.585696017508,-4.));
#430 = VECTOR('',#431,1.);
#431 = DIRECTION('',(1.224646799147E-16,-1.,-1.224646799147E-16));
#432 = ORIENTED_EDGE('',*,*,#433,.F.);
#433 = EDGE_CURVE('',#434,#426,#436,.T.);
#434 = VERTEX_POINT('',#435);
#435 = CARTESIAN_POINT('',(-6.5,7.931582439841,-4.));
#436 = CIRCLE('',#437,10.254754994635);
#437 = AXIS2_PLACEMENT_3D('',#438,#439,#440);
#438 = CARTESIAN_POINT('',(-5.739920058251E-29,4.506700220862E-15,-4.));
#439 = DIRECTION('',(1.499759782662E-32,-1.224646799147E-16,1.));
#440 = DIRECTION('',(-1.,-1.224646799147E-16,0.));
#441 = ORIENTED_EDGE('',*,*,#442,.T.);
#442 = EDGE_CURVE('',#434,#443,#445,.T.);
#443 = VERTEX_POINT('',#444);
#444 = CARTESIAN_POINT('',(-6.5,9.431582439866,-4.000000000002));
#445 = LINE('',#446,#447);
#446 = CARTESIAN_POINT('',(-6.5,9.431582439864,-4.000000000005));
#447 = VECTOR('',#448,1.);
#448 = DIRECTION('',(0.,1.,-5.615508058554E-13));
#449 = ORIENTED_EDGE('',*,*,#450,.T.);
#450 = EDGE_CURVE('',#443,#451,#453,.T.);
#451 = VERTEX_POINT('',#452);
#452 = CARTESIAN_POINT('',(-4.5,9.431582439866,-4.000000000002));
#453 = LINE('',#454,#455);
#454 = CARTESIAN_POINT('',(-6.5,9.431582439866,-4.000000000002));
#455 = VECTOR('',#456,1.);
#456 = DIRECTION('',(1.,0.,0.));
#457 = ORIENTED_EDGE('',*,*,#458,.F.);
#458 = EDGE_CURVE('',#350,#451,#459,.T.);
#459 = LINE('',#460,#461);
#460 = CARTESIAN_POINT('',(6.5,9.431582439841,-4.));
#461 = VECTOR('',#462,1.);
#462 = DIRECTION('',(-1.,-1.224646799147E-16,0.));
#463 = ORIENTED_EDGE('',*,*,#360,.T.);
#464 = ORIENTED_EDGE('',*,*,#47,.F.);
#465 = ORIENTED_EDGE('',*,*,#325,.F.);
#466 = ORIENTED_EDGE('',*,*,#467,.F.);
#467 = EDGE_CURVE('',#468,#326,#470,.T.);
#468 = VERTEX_POINT('',#469);
#469 = CARTESIAN_POINT('',(8.6,-5.585696017508,-4.));
#470 = LINE('',#471,#472);
#471 = CARTESIAN_POINT('',(8.6,-5.585696017508,-4.));
#472 = VECTOR('',#473,1.);
#473 = DIRECTION('',(-1.224646799147E-16,1.,1.224646799147E-16));
#474 = ORIENTED_EDGE('',*,*,#475,.F.);
#475 = EDGE_CURVE('',#375,#468,#476,.T.);
#476 = CIRCLE('',#477,10.254754994635);
#477 = AXIS2_PLACEMENT_3D('',#478,#479,#480);
#478 = CARTESIAN_POINT('',(-5.739920058251E-29,4.506700220862E-15,-4.));
#479 = DIRECTION('',(1.499759782662E-32,-1.224646799147E-16,1.));
#480 = DIRECTION('',(-1.,-1.224646799147E-16,0.));
#481 = FACE_BOUND('',#482,.T.);
#482 = EDGE_LOOP('',(#483,#494,#502,#511));
#483 = ORIENTED_EDGE('',*,*,#484,.T.);
#484 = EDGE_CURVE('',#485,#487,#489,.T.);
#485 = VERTEX_POINT('',#486);
#486 = CARTESIAN_POINT('',(7.1,5.585696017508,-4.));
#487 = VERTEX_POINT('',#488);
#488 = CARTESIAN_POINT('',(-7.1,5.585696017508,-4.));
#489 = CIRCLE('',#490,9.033825324855);
#490 = AXIS2_PLACEMENT_3D('',#491,#492,#493);
#491 = CARTESIAN_POINT('',(-5.739920058251E-29,4.506700220862E-15,-4.));
#492 = DIRECTION('',(1.499759782662E-32,-1.224646799147E-16,1.));
#493 = DIRECTION('',(-1.,-1.224646799147E-16,0.));
#494 = ORIENTED_EDGE('',*,*,#495,.F.);
#495 = EDGE_CURVE('',#496,#487,#498,.T.);
#496 = VERTEX_POINT('',#497);
#497 = CARTESIAN_POINT('',(-7.1,-5.585696017508,-4.));
#498 = LINE('',#499,#500);
#499 = CARTESIAN_POINT('',(-7.1,-5.585696017508,-4.));
#500 = VECTOR('',#501,1.);
#501 = DIRECTION('',(-1.224646799147E-16,1.,1.224646799147E-16));
#502 = ORIENTED_EDGE('',*,*,#503,.T.);
#503 = EDGE_CURVE('',#496,#504,#506,.T.);
#504 = VERTEX_POINT('',#505);
#505 = CARTESIAN_POINT('',(7.1,-5.585696017508,-4.));
#506 = CIRCLE('',#507,9.033825324855);
#507 = AXIS2_PLACEMENT_3D('',#508,#509,#510);
#508 = CARTESIAN_POINT('',(-5.739920058251E-29,4.506700220862E-15,-4.));
#509 = DIRECTION('',(1.499759782662E-32,-1.224646799147E-16,1.));
#510 = DIRECTION('',(-1.,-1.224646799147E-16,0.));
#511 = ORIENTED_EDGE('',*,*,#512,.F.);
#512 = EDGE_CURVE('',#485,#504,#513,.T.);
#513 = LINE('',#514,#515);
#514 = CARTESIAN_POINT('',(7.1,5.585696017508,-4.));
#515 = VECTOR('',#516,1.);
#516 = DIRECTION('',(1.224646799147E-16,-1.,-1.224646799147E-16));
#517 = PLANE('',#518);
#518 = AXIS2_PLACEMENT_3D('',#519,#520,#521);
#519 = CARTESIAN_POINT('',(4.158210847138E-12,-5.161500590062E-12,
    -4.000000000002));
#520 = DIRECTION('',(3.293780861673E-14,-9.484705124575E-15,-1.));
#521 = DIRECTION('',(-1.,0.,-3.293780861673E-14));
#522 = ADVANCED_FACE('',(#523,#557),#568,.T.);
#523 = FACE_BOUND('',#524,.T.);
#524 = EDGE_LOOP('',(#525,#533,#534,#535,#543,#551));
#525 = ORIENTED_EDGE('',*,*,#526,.F.);
#526 = EDGE_CURVE('',#87,#527,#529,.T.);
#527 = VERTEX_POINT('',#528);
#528 = CARTESIAN_POINT('',(14.5,7.75,12.4));
#529 = LINE('',#530,#531);
#530 = CARTESIAN_POINT('',(6.5,7.75,12.4));
#531 = VECTOR('',#532,1.);
#532 = DIRECTION('',(1.,0.,0.));
#533 = ORIENTED_EDGE('',*,*,#103,.T.);
#534 = ORIENTED_EDGE('',*,*,#309,.F.);
#535 = ORIENTED_EDGE('',*,*,#536,.T.);
#536 = EDGE_CURVE('',#302,#537,#539,.T.);
#537 = VERTEX_POINT('',#538);
#538 = CARTESIAN_POINT('',(6.499999999996,17.431582439873,
    12.399999999992));
#539 = LINE('',#540,#541);
#540 = CARTESIAN_POINT('',(6.499999999997,11.431582439873,
    12.399999999995));
#541 = VECTOR('',#542,1.);
#542 = DIRECTION('',(-2.272305648912E-13,1.,-4.585776203214E-13));
#543 = ORIENTED_EDGE('',*,*,#544,.F.);
#544 = EDGE_CURVE('',#545,#537,#547,.T.);
#545 = VERTEX_POINT('',#546);
#546 = CARTESIAN_POINT('',(14.499999999996,17.431582439875,
    12.399999999992));
#547 = LINE('',#548,#549);
#548 = CARTESIAN_POINT('',(14.499999999996,17.431582439875,
    12.399999999992));
#549 = VECTOR('',#550,1.);
#550 = DIRECTION('',(-1.,-2.272305648912E-13,5.210268506804E-26));
#551 = ORIENTED_EDGE('',*,*,#552,.F.);
#552 = EDGE_CURVE('',#527,#545,#553,.T.);
#553 = LINE('',#554,#555);
#554 = CARTESIAN_POINT('',(14.499999999997,11.431582439875,
    12.399999999995));
#555 = VECTOR('',#556,1.);
#556 = DIRECTION('',(-2.272305648912E-13,1.,-4.585776203214E-13));
#557 = FACE_BOUND('',#558,.T.);
#558 = EDGE_LOOP('',(#559));
#559 = ORIENTED_EDGE('',*,*,#560,.F.);
#560 = EDGE_CURVE('',#561,#561,#563,.T.);
#561 = VERTEX_POINT('',#562);
#562 = CARTESIAN_POINT('',(12.749999999996,14.431582439872,
    12.399999999994));
#563 = CIRCLE('',#564,2.25);
#564 = AXIS2_PLACEMENT_3D('',#565,#566,#567);
#565 = CARTESIAN_POINT('',(10.499999999996,14.431582439872,
    12.399999999994));
#566 = DIRECTION('',(0.,-8.072801423606E-13,-1.));
#567 = DIRECTION('',(1.,0.,0.));
#568 = PLANE('',#569);
#569 = AXIS2_PLACEMENT_3D('',#570,#571,#572);
#570 = CARTESIAN_POINT('',(10.499999999998,12.590791219937,
    12.399999999996));
#571 = DIRECTION('',(-0.,-8.179706603182E-13,-1.));
#572 = DIRECTION('',(0.,-1.,8.179706603182E-13));
#573 = ADVANCED_FACE('',(#574),#615,.T.);
#574 = FACE_BOUND('',#575,.T.);
#575 = EDGE_LOOP('',(#576,#584,#592,#600,#607,#608,#614));
#576 = ORIENTED_EDGE('',*,*,#577,.F.);
#577 = EDGE_CURVE('',#578,#161,#580,.T.);
#578 = VERTEX_POINT('',#579);
#579 = CARTESIAN_POINT('',(-6.5,7.75,4.41));
#580 = LINE('',#581,#582);
#581 = CARTESIAN_POINT('',(-6.5,7.75,29.8));
#582 = VECTOR('',#583,1.);
#583 = DIRECTION('',(0.,-4.440892098501E-16,-1.));
#584 = ORIENTED_EDGE('',*,*,#585,.T.);
#585 = EDGE_CURVE('',#578,#586,#588,.T.);
#586 = VERTEX_POINT('',#587);
#587 = CARTESIAN_POINT('',(-6.500000000002,11.431582439869,
    4.409999999998));
#588 = LINE('',#589,#590);
#589 = CARTESIAN_POINT('',(-6.5,7.75,4.41));
#590 = VECTOR('',#591,1.);
#591 = DIRECTION('',(2.22044604925E-16,1.,2.465190328816E-32));
#592 = ORIENTED_EDGE('',*,*,#593,.T.);
#593 = EDGE_CURVE('',#586,#594,#596,.T.);
#594 = VERTEX_POINT('',#595);
#595 = CARTESIAN_POINT('',(-6.5,11.431582439866,-2.000000000003));
#596 = LINE('',#597,#598);
#597 = CARTESIAN_POINT('',(-6.5,11.431582439883,28.799999999994));
#598 = VECTOR('',#599,1.);
#599 = DIRECTION('',(0.,-5.615508058554E-13,-1.));
#600 = ORIENTED_EDGE('',*,*,#601,.F.);
#601 = EDGE_CURVE('',#443,#594,#602,.T.);
#602 = CIRCLE('',#603,2.);
#603 = AXIS2_PLACEMENT_3D('',#604,#605,#606);
#604 = CARTESIAN_POINT('',(-6.5,9.431582439866,-2.000000000002));
#605 = DIRECTION('',(1.,0.,-0.));
#606 = DIRECTION('',(0.,0.,1.));
#607 = ORIENTED_EDGE('',*,*,#442,.F.);
#608 = ORIENTED_EDGE('',*,*,#609,.T.);
#609 = EDGE_CURVE('',#434,#169,#610,.T.);
#610 = LINE('',#611,#612);
#611 = CARTESIAN_POINT('',(-6.5,7.931582439841,-4.));
#612 = VECTOR('',#613,1.);
#613 = DIRECTION('',(1.499759782662E-32,-1.224646799147E-16,1.));
#614 = ORIENTED_EDGE('',*,*,#168,.F.);
#615 = PLANE('',#616);
#616 = AXIS2_PLACEMENT_3D('',#617,#618,#619);
#617 = CARTESIAN_POINT('',(-6.5,9.604247890518,14.4));
#618 = DIRECTION('',(-1.,-1.048979212152E-15,-0.));
#619 = DIRECTION('',(1.048979212152E-15,-1.,0.));
#620 = ADVANCED_FACE('',(#621),#646,.T.);
#621 = FACE_BOUND('',#622,.T.);
#622 = EDGE_LOOP('',(#623,#631,#632,#640));
#623 = ORIENTED_EDGE('',*,*,#624,.T.);
#624 = EDGE_CURVE('',#625,#527,#627,.T.);
#625 = VERTEX_POINT('',#626);
#626 = CARTESIAN_POINT('',(14.5,7.75,16.4));
#627 = LINE('',#628,#629);
#628 = CARTESIAN_POINT('',(14.5,7.75,16.4));
#629 = VECTOR('',#630,1.);
#630 = DIRECTION('',(0.,0.,-1.));
#631 = ORIENTED_EDGE('',*,*,#552,.T.);
#632 = ORIENTED_EDGE('',*,*,#633,.F.);
#633 = EDGE_CURVE('',#634,#545,#636,.T.);
#634 = VERTEX_POINT('',#635);
#635 = CARTESIAN_POINT('',(14.499999999996,17.431582439876,
    16.399999999992));
#636 = LINE('',#637,#638);
#637 = CARTESIAN_POINT('',(14.499999999996,17.431582439876,
    16.399999999992));
#638 = VECTOR('',#639,1.);
#639 = DIRECTION('',(5.211278047433E-26,-4.586331314727E-13,-1.));
#640 = ORIENTED_EDGE('',*,*,#641,.F.);
#641 = EDGE_CURVE('',#625,#634,#642,.T.);
#642 = LINE('',#643,#644);
#643 = CARTESIAN_POINT('',(14.499999999997,11.431582439876,
    16.399999999995));
#644 = VECTOR('',#645,1.);
#645 = DIRECTION('',(-2.272305648912E-13,1.,-4.585776203214E-13));
#646 = PLANE('',#647);
#647 = AXIS2_PLACEMENT_3D('',#648,#649,#650);
#648 = CARTESIAN_POINT('',(14.499999999998,12.590791219938,
    14.399999999996));
#649 = DIRECTION('',(1.,4.066197849018E-13,0.));
#650 = DIRECTION('',(-4.066197849018E-13,1.,0.));
#651 = ADVANCED_FACE('',(#652,#683),#694,.T.);
#652 = FACE_BOUND('',#653,.T.);
#653 = EDGE_LOOP('',(#654,#662,#663,#671,#677));
#654 = ORIENTED_EDGE('',*,*,#655,.T.);
#655 = EDGE_CURVE('',#656,#625,#658,.T.);
#656 = VERTEX_POINT('',#657);
#657 = CARTESIAN_POINT('',(6.5,7.75,16.4));
#658 = LINE('',#659,#660);
#659 = CARTESIAN_POINT('',(6.5,7.75,16.4));
#660 = VECTOR('',#661,1.);
#661 = DIRECTION('',(1.,0.,0.));
#662 = ORIENTED_EDGE('',*,*,#641,.T.);
#663 = ORIENTED_EDGE('',*,*,#664,.F.);
#664 = EDGE_CURVE('',#665,#634,#667,.T.);
#665 = VERTEX_POINT('',#666);
#666 = CARTESIAN_POINT('',(6.499999999996,17.431582439875,
    16.399999999992));
#667 = LINE('',#668,#669);
#668 = CARTESIAN_POINT('',(6.499999999996,17.431582439875,
    16.399999999992));
#669 = VECTOR('',#670,1.);
#670 = DIRECTION('',(1.,2.272305648912E-13,-5.210268506804E-26));
#671 = ORIENTED_EDGE('',*,*,#672,.F.);
#672 = EDGE_CURVE('',#294,#665,#673,.T.);
#673 = LINE('',#674,#675);
#674 = CARTESIAN_POINT('',(6.499999999997,11.431582439875,
    16.399999999995));
#675 = VECTOR('',#676,1.);
#676 = DIRECTION('',(-2.272305648912E-13,1.,-4.585776203214E-13));
#677 = ORIENTED_EDGE('',*,*,#678,.T.);
#678 = EDGE_CURVE('',#294,#656,#679,.T.);
#679 = LINE('',#680,#681);
#680 = CARTESIAN_POINT('',(6.5,11.431582439876,16.4));
#681 = VECTOR('',#682,1.);
#682 = DIRECTION('',(0.,-1.,0.));
#683 = FACE_BOUND('',#684,.T.);
#684 = EDGE_LOOP('',(#685));
#685 = ORIENTED_EDGE('',*,*,#686,.F.);
#686 = EDGE_CURVE('',#687,#687,#689,.T.);
#687 = VERTEX_POINT('',#688);
#688 = CARTESIAN_POINT('',(12.749999999996,14.431582439876,
    16.399999999994));
#689 = CIRCLE('',#690,2.25);
#690 = AXIS2_PLACEMENT_3D('',#691,#692,#693);
#691 = CARTESIAN_POINT('',(10.499999999996,14.431582439876,
    16.399999999994));
#692 = DIRECTION('',(-0.,8.072801423606E-13,1.));
#693 = DIRECTION('',(1.,0.,0.));
#694 = PLANE('',#695);
#695 = AXIS2_PLACEMENT_3D('',#696,#697,#698);
#696 = CARTESIAN_POINT('',(10.499999999998,12.590791219938,
    16.399999999996));
#697 = DIRECTION('',(0.,8.072801423606E-13,1.));
#698 = DIRECTION('',(0.,1.,-8.072801423606E-13));
#699 = ADVANCED_FACE('',(#700),#744,.T.);
#700 = FACE_BOUND('',#701,.T.);
#701 = EDGE_LOOP('',(#702,#703,#704,#705,#714,#722,#730,#738));
#702 = ORIENTED_EDGE('',*,*,#678,.F.);
#703 = ORIENTED_EDGE('',*,*,#293,.T.);
#704 = ORIENTED_EDGE('',*,*,#285,.F.);
#705 = ORIENTED_EDGE('',*,*,#706,.T.);
#706 = EDGE_CURVE('',#278,#707,#709,.T.);
#707 = VERTEX_POINT('',#708);
#708 = CARTESIAN_POINT('',(6.5,9.431582439878,32.800000000002));
#709 = CIRCLE('',#710,2.);
#710 = AXIS2_PLACEMENT_3D('',#711,#712,#713);
#711 = CARTESIAN_POINT('',(6.5,9.431582439878,30.800000000002));
#712 = DIRECTION('',(1.,0.,-0.));
#713 = DIRECTION('',(0.,0.,1.));
#714 = ORIENTED_EDGE('',*,*,#715,.F.);
#715 = EDGE_CURVE('',#716,#707,#718,.T.);
#716 = VERTEX_POINT('',#717);
#717 = CARTESIAN_POINT('',(6.5,7.931582439841,32.8));
#718 = LINE('',#719,#720);
#719 = CARTESIAN_POINT('',(6.5,7.931582439841,32.8));
#720 = VECTOR('',#721,1.);
#721 = DIRECTION('',(-1.224646799147E-16,1.,-1.224646799147E-16));
#722 = ORIENTED_EDGE('',*,*,#723,.T.);
#723 = EDGE_CURVE('',#716,#724,#726,.T.);
#724 = VERTEX_POINT('',#725);
#725 = CARTESIAN_POINT('',(6.5,7.931582439841,29.8));
#726 = LINE('',#727,#728);
#727 = CARTESIAN_POINT('',(6.5,7.931582439841,32.8));
#728 = VECTOR('',#729,1.);
#729 = DIRECTION('',(1.499759782662E-32,-1.224646799147E-16,-1.));
#730 = ORIENTED_EDGE('',*,*,#731,.T.);
#731 = EDGE_CURVE('',#724,#732,#734,.T.);
#732 = VERTEX_POINT('',#733);
#733 = CARTESIAN_POINT('',(6.5,7.75,29.8));
#734 = LINE('',#735,#736);
#735 = CARTESIAN_POINT('',(6.5,9.431582439882,29.8));
#736 = VECTOR('',#737,1.);
#737 = DIRECTION('',(0.,-1.,4.440892098501E-16));
#738 = ORIENTED_EDGE('',*,*,#739,.T.);
#739 = EDGE_CURVE('',#732,#656,#740,.T.);
#740 = LINE('',#741,#742);
#741 = CARTESIAN_POINT('',(6.5,7.75,29.8));
#742 = VECTOR('',#743,1.);
#743 = DIRECTION('',(0.,-4.440892098501E-16,-1.));
#744 = PLANE('',#745);
#745 = AXIS2_PLACEMENT_3D('',#746,#747,#748);
#746 = CARTESIAN_POINT('',(6.5,9.604247890518,14.4));
#747 = DIRECTION('',(1.,-4.101882663297E-16,0.));
#748 = DIRECTION('',(4.101882663297E-16,1.,0.));
#749 = ADVANCED_FACE('',(#750),#817,.T.);
#750 = FACE_BOUND('',#751,.T.);
#751 = EDGE_LOOP('',(#752,#762,#771,#779,#787,#795,#803,#811));
#752 = ORIENTED_EDGE('',*,*,#753,.T.);
#753 = EDGE_CURVE('',#754,#756,#758,.T.);
#754 = VERTEX_POINT('',#755);
#755 = CARTESIAN_POINT('',(-6.5,7.931582439841,32.8));
#756 = VERTEX_POINT('',#757);
#757 = CARTESIAN_POINT('',(-6.5,9.431582439878,32.800000000002));
#758 = LINE('',#759,#760);
#759 = CARTESIAN_POINT('',(-6.5,9.431582439864,32.800000000005));
#760 = VECTOR('',#761,1.);
#761 = DIRECTION('',(0.,1.,5.615508058554E-13));
#762 = ORIENTED_EDGE('',*,*,#763,.F.);
#763 = EDGE_CURVE('',#764,#756,#766,.T.);
#764 = VERTEX_POINT('',#765);
#765 = CARTESIAN_POINT('',(-6.5,11.431582439878,30.800000000001));
#766 = CIRCLE('',#767,2.);
#767 = AXIS2_PLACEMENT_3D('',#768,#769,#770);
#768 = CARTESIAN_POINT('',(-6.5,9.431582439878,30.800000000002));
#769 = DIRECTION('',(1.,0.,-0.));
#770 = DIRECTION('',(0.,0.,1.));
#771 = ORIENTED_EDGE('',*,*,#772,.F.);
#772 = EDGE_CURVE('',#773,#764,#775,.T.);
#773 = VERTEX_POINT('',#774);
#774 = CARTESIAN_POINT('',(-6.5,11.431582439883,28.799999999994));
#775 = LINE('',#776,#777);
#776 = CARTESIAN_POINT('',(-6.5,11.431582439883,6.334488489301E-12));
#777 = VECTOR('',#778,1.);
#778 = DIRECTION('',(0.,-5.615508058554E-13,1.));
#779 = ORIENTED_EDGE('',*,*,#780,.T.);
#780 = EDGE_CURVE('',#773,#781,#783,.T.);
#781 = VERTEX_POINT('',#782);
#782 = CARTESIAN_POINT('',(-6.5,11.431582439876,16.4));
#783 = LINE('',#784,#785);
#784 = CARTESIAN_POINT('',(-6.5,11.431582439883,28.799999999994));
#785 = VECTOR('',#786,1.);
#786 = DIRECTION('',(0.,-5.615508058554E-13,-1.));
#787 = ORIENTED_EDGE('',*,*,#788,.T.);
#788 = EDGE_CURVE('',#781,#789,#791,.T.);
#789 = VERTEX_POINT('',#790);
#790 = CARTESIAN_POINT('',(-6.5,7.75,16.4));
#791 = LINE('',#792,#793);
#792 = CARTESIAN_POINT('',(-6.5,11.431582439876,16.4));
#793 = VECTOR('',#794,1.);
#794 = DIRECTION('',(-2.22044604925E-16,-1.,-2.465190328816E-32));
#795 = ORIENTED_EDGE('',*,*,#796,.F.);
#796 = EDGE_CURVE('',#797,#789,#799,.T.);
#797 = VERTEX_POINT('',#798);
#798 = CARTESIAN_POINT('',(-6.5,7.75,29.8));
#799 = LINE('',#800,#801);
#800 = CARTESIAN_POINT('',(-6.5,7.75,29.8));
#801 = VECTOR('',#802,1.);
#802 = DIRECTION('',(0.,-4.440892098501E-16,-1.));
#803 = ORIENTED_EDGE('',*,*,#804,.T.);
#804 = EDGE_CURVE('',#797,#805,#807,.T.);
#805 = VERTEX_POINT('',#806);
#806 = CARTESIAN_POINT('',(-6.5,7.931582439841,29.8));
#807 = LINE('',#808,#809);
#808 = CARTESIAN_POINT('',(-6.5,7.75,29.8));
#809 = VECTOR('',#810,1.);
#810 = DIRECTION('',(0.,1.,-4.440892098501E-16));
#811 = ORIENTED_EDGE('',*,*,#812,.F.);
#812 = EDGE_CURVE('',#754,#805,#813,.T.);
#813 = LINE('',#814,#815);
#814 = CARTESIAN_POINT('',(-6.5,7.931582439841,32.8));
#815 = VECTOR('',#816,1.);
#816 = DIRECTION('',(1.499759782662E-32,-1.224646799147E-16,-1.));
#817 = PLANE('',#818);
#818 = AXIS2_PLACEMENT_3D('',#819,#820,#821);
#819 = CARTESIAN_POINT('',(-6.5,9.604247890518,14.4));
#820 = DIRECTION('',(-1.,-1.048979212152E-15,-0.));
#821 = DIRECTION('',(1.048979212152E-15,-1.,0.));
#822 = ADVANCED_FACE('',(#823,#907),#943,.T.);
#823 = FACE_BOUND('',#824,.T.);
#824 = EDGE_LOOP('',(#825,#836,#844,#852,#860,#869,#877,#884,#885,#891,
    #892,#901));
#825 = ORIENTED_EDGE('',*,*,#826,.T.);
#826 = EDGE_CURVE('',#827,#829,#831,.T.);
#827 = VERTEX_POINT('',#828);
#828 = CARTESIAN_POINT('',(8.6,-5.585696017508,29.8));
#829 = VERTEX_POINT('',#830);
#830 = CARTESIAN_POINT('',(6.5,-7.931582439841,29.8));
#831 = CIRCLE('',#832,10.254754994635);
#832 = AXIS2_PLACEMENT_3D('',#833,#834,#835);
#833 = CARTESIAN_POINT('',(-5.735420778903E-29,4.139306181118E-15,29.8)
  );
#834 = DIRECTION('',(1.499759782662E-32,-1.224646799147E-16,-1.));
#835 = DIRECTION('',(-1.,-1.224646799147E-16,-0.));
#836 = ORIENTED_EDGE('',*,*,#837,.T.);
#837 = EDGE_CURVE('',#829,#838,#840,.T.);
#838 = VERTEX_POINT('',#839);
#839 = CARTESIAN_POINT('',(6.5,-7.75,29.8));
#840 = LINE('',#841,#842);
#841 = CARTESIAN_POINT('',(6.5,-9.431582439882,29.8));
#842 = VECTOR('',#843,1.);
#843 = DIRECTION('',(0.,1.,0.));
#844 = ORIENTED_EDGE('',*,*,#845,.T.);
#845 = EDGE_CURVE('',#838,#846,#848,.T.);
#846 = VERTEX_POINT('',#847);
#847 = CARTESIAN_POINT('',(-6.5,-7.75,29.8));
#848 = LINE('',#849,#850);
#849 = CARTESIAN_POINT('',(6.5,-7.75,29.8));
#850 = VECTOR('',#851,1.);
#851 = DIRECTION('',(-1.,-0.,-0.));
#852 = ORIENTED_EDGE('',*,*,#853,.T.);
#853 = EDGE_CURVE('',#846,#854,#856,.T.);
#854 = VERTEX_POINT('',#855);
#855 = CARTESIAN_POINT('',(-6.5,-7.931582439841,29.8));
#856 = LINE('',#857,#858);
#857 = CARTESIAN_POINT('',(-6.5,-7.75,29.8));
#858 = VECTOR('',#859,1.);
#859 = DIRECTION('',(-0.,-1.,-0.));
#860 = ORIENTED_EDGE('',*,*,#861,.T.);
#861 = EDGE_CURVE('',#854,#862,#864,.T.);
#862 = VERTEX_POINT('',#863);
#863 = CARTESIAN_POINT('',(-8.6,-5.585696017508,29.8));
#864 = CIRCLE('',#865,10.254754994635);
#865 = AXIS2_PLACEMENT_3D('',#866,#867,#868);
#866 = CARTESIAN_POINT('',(-5.735420778903E-29,4.139306181118E-15,29.8)
  );
#867 = DIRECTION('',(1.499759782662E-32,-1.224646799147E-16,-1.));
#868 = DIRECTION('',(-1.,-1.224646799147E-16,-0.));
#869 = ORIENTED_EDGE('',*,*,#870,.F.);
#870 = EDGE_CURVE('',#871,#862,#873,.T.);
#871 = VERTEX_POINT('',#872);
#872 = CARTESIAN_POINT('',(-8.6,5.585696017508,29.8));
#873 = LINE('',#874,#875);
#874 = CARTESIAN_POINT('',(-8.6,2.792848008754,29.8));
#875 = VECTOR('',#876,1.);
#876 = DIRECTION('',(1.224646799147E-16,-1.,0.));
#877 = ORIENTED_EDGE('',*,*,#878,.T.);
#878 = EDGE_CURVE('',#871,#805,#879,.T.);
#879 = CIRCLE('',#880,10.254754994635);
#880 = AXIS2_PLACEMENT_3D('',#881,#882,#883);
#881 = CARTESIAN_POINT('',(-5.735420778903E-29,4.139306181118E-15,29.8)
  );
#882 = DIRECTION('',(1.499759782662E-32,-1.224646799147E-16,-1.));
#883 = DIRECTION('',(-1.,-1.224646799147E-16,-0.));
#884 = ORIENTED_EDGE('',*,*,#804,.F.);
#885 = ORIENTED_EDGE('',*,*,#886,.F.);
#886 = EDGE_CURVE('',#732,#797,#887,.T.);
#887 = LINE('',#888,#889);
#888 = CARTESIAN_POINT('',(6.5,7.75,29.8));
#889 = VECTOR('',#890,1.);
#890 = DIRECTION('',(-1.,0.,0.));
#891 = ORIENTED_EDGE('',*,*,#731,.F.);
#892 = ORIENTED_EDGE('',*,*,#893,.T.);
#893 = EDGE_CURVE('',#724,#894,#896,.T.);
#894 = VERTEX_POINT('',#895);
#895 = CARTESIAN_POINT('',(8.6,5.585696017508,29.8));
#896 = CIRCLE('',#897,10.254754994635);
#897 = AXIS2_PLACEMENT_3D('',#898,#899,#900);
#898 = CARTESIAN_POINT('',(-5.735420778903E-29,4.139306181118E-15,29.8)
  );
#899 = DIRECTION('',(1.499759782662E-32,-1.224646799147E-16,-1.));
#900 = DIRECTION('',(-1.,-1.224646799147E-16,-0.));
#901 = ORIENTED_EDGE('',*,*,#902,.F.);
#902 = EDGE_CURVE('',#827,#894,#903,.T.);
#903 = LINE('',#904,#905);
#904 = CARTESIAN_POINT('',(8.6,-2.792848008754,29.8));
#905 = VECTOR('',#906,1.);
#906 = DIRECTION('',(-1.224646799147E-16,1.,0.));
#907 = FACE_BOUND('',#908,.T.);
#908 = EDGE_LOOP('',(#909,#920,#928,#937));
#909 = ORIENTED_EDGE('',*,*,#910,.T.);
#910 = EDGE_CURVE('',#911,#913,#915,.T.);
#911 = VERTEX_POINT('',#912);
#912 = CARTESIAN_POINT('',(-7.1,-0.844097150806,29.8));
#913 = VERTEX_POINT('',#914);
#914 = CARTESIAN_POINT('',(7.1,-0.844097150807,29.8));
#915 = CIRCLE('',#916,7.15);
#916 = AXIS2_PLACEMENT_3D('',#917,#918,#919);
#917 = CARTESIAN_POINT('',(0.,0.,29.8));
#918 = DIRECTION('',(0.,0.,1.));
#919 = DIRECTION('',(1.,0.,0.));
#920 = ORIENTED_EDGE('',*,*,#921,.F.);
#921 = EDGE_CURVE('',#922,#913,#924,.T.);
#922 = VERTEX_POINT('',#923);
#923 = CARTESIAN_POINT('',(7.1,0.844097150807,29.8));
#924 = LINE('',#925,#926);
#925 = CARTESIAN_POINT('',(7.1,2.792848008754,29.8));
#926 = VECTOR('',#927,1.);
#927 = DIRECTION('',(1.224646799147E-16,-1.,0.));
#928 = ORIENTED_EDGE('',*,*,#929,.T.);
#929 = EDGE_CURVE('',#922,#930,#932,.T.);
#930 = VERTEX_POINT('',#931);
#931 = CARTESIAN_POINT('',(-7.1,0.844097150806,29.8));
#932 = CIRCLE('',#933,7.15);
#933 = AXIS2_PLACEMENT_3D('',#934,#935,#936);
#934 = CARTESIAN_POINT('',(0.,0.,29.8));
#935 = DIRECTION('',(0.,0.,1.));
#936 = DIRECTION('',(1.,0.,0.));
#937 = ORIENTED_EDGE('',*,*,#938,.F.);
#938 = EDGE_CURVE('',#911,#930,#939,.T.);
#939 = LINE('',#940,#941);
#940 = CARTESIAN_POINT('',(-7.1,-2.792848008754,29.8));
#941 = VECTOR('',#942,1.);
#942 = DIRECTION('',(-1.224646799147E-16,1.,0.));
#943 = PLANE('',#944);
#944 = AXIS2_PLACEMENT_3D('',#945,#946,#947);
#945 = CARTESIAN_POINT('',(-2.302932972148E-16,4.202852674169E-15,29.8)
  );
#946 = DIRECTION('',(-0.,-0.,-1.));
#947 = DIRECTION('',(-1.,0.,0.));
#948 = ADVANCED_FACE('',(#949),#990,.T.);
#949 = FACE_BOUND('',#950,.T.);
#950 = EDGE_LOOP('',(#951,#959,#967,#975,#982,#983,#989));
#951 = ORIENTED_EDGE('',*,*,#952,.T.);
#952 = EDGE_CURVE('',#118,#953,#955,.T.);
#953 = VERTEX_POINT('',#954);
#954 = CARTESIAN_POINT('',(6.5,-7.75,4.41));
#955 = LINE('',#956,#957);
#956 = CARTESIAN_POINT('',(6.5,-7.75,-1.));
#957 = VECTOR('',#958,1.);
#958 = DIRECTION('',(0.,0.,1.));
#959 = ORIENTED_EDGE('',*,*,#960,.T.);
#960 = EDGE_CURVE('',#953,#961,#963,.T.);
#961 = VERTEX_POINT('',#962);
#962 = CARTESIAN_POINT('',(6.500000000002,-11.43158243986,4.409999999998
    ));
#963 = LINE('',#964,#965);
#964 = CARTESIAN_POINT('',(6.5,-7.75,4.41));
#965 = VECTOR('',#966,1.);
#966 = DIRECTION('',(-0.,-1.,-4.440892098501E-16));
#967 = ORIENTED_EDGE('',*,*,#968,.F.);
#968 = EDGE_CURVE('',#969,#961,#971,.T.);
#969 = VERTEX_POINT('',#970);
#970 = CARTESIAN_POINT('',(6.5,-11.43158243986,-2.000000000002));
#971 = LINE('',#972,#973);
#972 = CARTESIAN_POINT('',(6.5,-11.43158243986,-4.000000000006));
#973 = VECTOR('',#974,1.);
#974 = DIRECTION('',(0.,-5.619948950653E-13,1.));
#975 = ORIENTED_EDGE('',*,*,#976,.F.);
#976 = EDGE_CURVE('',#377,#969,#977,.T.);
#977 = CIRCLE('',#978,2.);
#978 = AXIS2_PLACEMENT_3D('',#979,#980,#981);
#979 = CARTESIAN_POINT('',(6.5,-9.431582439866,-2.000000000001));
#980 = DIRECTION('',(-1.,0.,0.));
#981 = DIRECTION('',(0.,0.,1.));
#982 = ORIENTED_EDGE('',*,*,#374,.F.);
#983 = ORIENTED_EDGE('',*,*,#984,.T.);
#984 = EDGE_CURVE('',#375,#128,#985,.T.);
#985 = LINE('',#986,#987);
#986 = CARTESIAN_POINT('',(6.5,-7.931582439841,-4.));
#987 = VECTOR('',#988,1.);
#988 = DIRECTION('',(1.499759782662E-32,-1.224646799147E-16,1.));
#989 = ORIENTED_EDGE('',*,*,#127,.T.);
#990 = PLANE('',#991);
#991 = AXIS2_PLACEMENT_3D('',#992,#993,#994);
#992 = CARTESIAN_POINT('',(6.5,-9.604247890518,14.399999999995));
#993 = DIRECTION('',(1.,2.759213809144E-16,0.));
#994 = DIRECTION('',(-2.759213809144E-16,1.,0.));
#995 = ADVANCED_FACE('',(#996),#1007,.T.);
#996 = FACE_BOUND('',#997,.F.);
#997 = EDGE_LOOP('',(#998,#1004,#1005,#1006));
#998 = ORIENTED_EDGE('',*,*,#999,.F.);
#999 = EDGE_CURVE('',#468,#136,#1000,.T.);
#1000 = LINE('',#1001,#1002);
#1001 = CARTESIAN_POINT('',(8.6,-5.585696017508,-4.));
#1002 = VECTOR('',#1003,1.);
#1003 = DIRECTION('',(1.499759782662E-32,-1.224646799147E-16,1.));
#1004 = ORIENTED_EDGE('',*,*,#475,.F.);
#1005 = ORIENTED_EDGE('',*,*,#984,.T.);
#1006 = ORIENTED_EDGE('',*,*,#135,.F.);
#1007 = CYLINDRICAL_SURFACE('',#1008,10.254754994635);
#1008 = AXIS2_PLACEMENT_3D('',#1009,#1010,#1011);
#1009 = CARTESIAN_POINT('',(-5.739920058251E-29,4.506700220862E-15,-4.)
  );
#1010 = DIRECTION('',(-1.499759782662E-32,1.224646799147E-16,-1.));
#1011 = DIRECTION('',(-1.,-1.224646799147E-16,0.));
#1012 = ADVANCED_FACE('',(#1013),#1019,.F.);
#1013 = FACE_BOUND('',#1014,.T.);
#1014 = EDGE_LOOP('',(#1015,#1016,#1017,#1018));
#1015 = ORIENTED_EDGE('',*,*,#467,.T.);
#1016 = ORIENTED_EDGE('',*,*,#334,.T.);
#1017 = ORIENTED_EDGE('',*,*,#144,.F.);
#1018 = ORIENTED_EDGE('',*,*,#999,.F.);
#1019 = PLANE('',#1020);
#1020 = AXIS2_PLACEMENT_3D('',#1021,#1022,#1023);
#1021 = CARTESIAN_POINT('',(8.6,-5.585696017508,-4.));
#1022 = DIRECTION('',(-1.,-1.224646799147E-16,0.));
#1023 = DIRECTION('',(-1.224646799147E-16,1.,1.224646799147E-16));
#1024 = ADVANCED_FACE('',(#1025),#1036,.T.);
#1025 = FACE_BOUND('',#1026,.F.);
#1026 = EDGE_LOOP('',(#1027,#1028,#1029,#1030));
#1027 = ORIENTED_EDGE('',*,*,#433,.F.);
#1028 = ORIENTED_EDGE('',*,*,#609,.T.);
#1029 = ORIENTED_EDGE('',*,*,#176,.F.);
#1030 = ORIENTED_EDGE('',*,*,#1031,.F.);
#1031 = EDGE_CURVE('',#426,#177,#1032,.T.);
#1032 = LINE('',#1033,#1034);
#1033 = CARTESIAN_POINT('',(-8.6,5.585696017508,-4.));
#1034 = VECTOR('',#1035,1.);
#1035 = DIRECTION('',(1.499759782662E-32,-1.224646799147E-16,1.));
#1036 = CYLINDRICAL_SURFACE('',#1037,10.254754994635);
#1037 = AXIS2_PLACEMENT_3D('',#1038,#1039,#1040);
#1038 = CARTESIAN_POINT('',(-5.739920058251E-29,4.506700220862E-15,-4.)
  );
#1039 = DIRECTION('',(-1.499759782662E-32,1.224646799147E-16,-1.));
#1040 = DIRECTION('',(-1.,-1.224646799147E-16,0.));
#1041 = ADVANCED_FACE('',(#1042),#1053,.F.);
#1042 = FACE_BOUND('',#1043,.T.);
#1043 = EDGE_LOOP('',(#1044,#1050,#1051,#1052));
#1044 = ORIENTED_EDGE('',*,*,#1045,.T.);
#1045 = EDGE_CURVE('',#417,#186,#1046,.T.);
#1046 = LINE('',#1047,#1048);
#1047 = CARTESIAN_POINT('',(-8.6,-5.585696017508,-4.));
#1048 = VECTOR('',#1049,1.);
#1049 = DIRECTION('',(1.499759782662E-32,-1.224646799147E-16,1.));
#1050 = ORIENTED_EDGE('',*,*,#185,.F.);
#1051 = ORIENTED_EDGE('',*,*,#1031,.F.);
#1052 = ORIENTED_EDGE('',*,*,#425,.T.);
#1053 = PLANE('',#1054);
#1054 = AXIS2_PLACEMENT_3D('',#1055,#1056,#1057);
#1055 = CARTESIAN_POINT('',(-8.6,5.585696017508,-4.));
#1056 = DIRECTION('',(1.,1.224646799147E-16,0.));
#1057 = DIRECTION('',(1.224646799147E-16,-1.,-1.224646799147E-16));
#1058 = ADVANCED_FACE('',(#1059),#1070,.T.);
#1059 = FACE_BOUND('',#1060,.F.);
#1060 = EDGE_LOOP('',(#1061,#1062,#1063,#1064));
#1061 = ORIENTED_EDGE('',*,*,#416,.F.);
#1062 = ORIENTED_EDGE('',*,*,#1045,.T.);
#1063 = ORIENTED_EDGE('',*,*,#193,.F.);
#1064 = ORIENTED_EDGE('',*,*,#1065,.F.);
#1065 = EDGE_CURVE('',#409,#194,#1066,.T.);
#1066 = LINE('',#1067,#1068);
#1067 = CARTESIAN_POINT('',(-6.5,-7.931582439841,-4.));
#1068 = VECTOR('',#1069,1.);
#1069 = DIRECTION('',(1.499759782662E-32,-1.224646799147E-16,1.));
#1070 = CYLINDRICAL_SURFACE('',#1071,10.254754994635);
#1071 = AXIS2_PLACEMENT_3D('',#1072,#1073,#1074);
#1072 = CARTESIAN_POINT('',(-5.739920058251E-29,4.506700220862E-15,-4.)
  );
#1073 = DIRECTION('',(-1.499759782662E-32,1.224646799147E-16,-1.));
#1074 = DIRECTION('',(-1.,-1.224646799147E-16,0.));
#1075 = ADVANCED_FACE('',(#1076),#1112,.T.);
#1076 = FACE_BOUND('',#1077,.T.);
#1077 = EDGE_LOOP('',(#1078,#1079,#1088,#1096,#1104,#1110,#1111));
#1078 = ORIENTED_EDGE('',*,*,#408,.T.);
#1079 = ORIENTED_EDGE('',*,*,#1080,.T.);
#1080 = EDGE_CURVE('',#401,#1081,#1083,.T.);
#1081 = VERTEX_POINT('',#1082);
#1082 = CARTESIAN_POINT('',(-6.5,-11.43158243986,-2.000000000003));
#1083 = CIRCLE('',#1084,2.);
#1084 = AXIS2_PLACEMENT_3D('',#1085,#1086,#1087);
#1085 = CARTESIAN_POINT('',(-6.5,-9.431582439866,-2.000000000002));
#1086 = DIRECTION('',(-1.,0.,0.));
#1087 = DIRECTION('',(0.,0.,1.));
#1088 = ORIENTED_EDGE('',*,*,#1089,.F.);
#1089 = EDGE_CURVE('',#1090,#1081,#1092,.T.);
#1090 = VERTEX_POINT('',#1091);
#1091 = CARTESIAN_POINT('',(-6.500000000002,-11.43158243986,
    4.409999999998));
#1092 = LINE('',#1093,#1094);
#1093 = CARTESIAN_POINT('',(-6.5,-11.43158243988,28.799999999994));
#1094 = VECTOR('',#1095,1.);
#1095 = DIRECTION('',(0.,5.619948950653E-13,-1.));
#1096 = ORIENTED_EDGE('',*,*,#1097,.F.);
#1097 = EDGE_CURVE('',#1098,#1090,#1100,.T.);
#1098 = VERTEX_POINT('',#1099);
#1099 = CARTESIAN_POINT('',(-6.5,-7.75,4.41));
#1100 = LINE('',#1101,#1102);
#1101 = CARTESIAN_POINT('',(-6.5,-7.75,4.41));
#1102 = VECTOR('',#1103,1.);
#1103 = DIRECTION('',(2.22044604925E-16,-1.,-4.440892098501E-16));
#1104 = ORIENTED_EDGE('',*,*,#1105,.F.);
#1105 = EDGE_CURVE('',#120,#1098,#1106,.T.);
#1106 = LINE('',#1107,#1108);
#1107 = CARTESIAN_POINT('',(-6.5,-7.75,-1.));
#1108 = VECTOR('',#1109,1.);
#1109 = DIRECTION('',(0.,0.,1.));
#1110 = ORIENTED_EDGE('',*,*,#202,.T.);
#1111 = ORIENTED_EDGE('',*,*,#1065,.F.);
#1112 = PLANE('',#1113);
#1113 = AXIS2_PLACEMENT_3D('',#1114,#1115,#1116);
#1114 = CARTESIAN_POINT('',(-6.5,-9.604247890518,14.399999999995));
#1115 = DIRECTION('',(-1.,1.1527574161E-15,0.));
#1116 = DIRECTION('',(-1.1527574161E-15,-1.,0.));
#1117 = ADVANCED_FACE('',(#1118),#1144,.F.);
#1118 = FACE_BOUND('',#1119,.F.);
#1119 = EDGE_LOOP('',(#1120,#1121,#1129,#1138));
#1120 = ORIENTED_EDGE('',*,*,#210,.F.);
#1121 = ORIENTED_EDGE('',*,*,#1122,.F.);
#1122 = EDGE_CURVE('',#1123,#211,#1125,.T.);
#1123 = VERTEX_POINT('',#1124);
#1124 = CARTESIAN_POINT('',(7.1,0.844097150807,-2.5));
#1125 = LINE('',#1126,#1127);
#1126 = CARTESIAN_POINT('',(7.1,0.844097150807,-1.));
#1127 = VECTOR('',#1128,1.);
#1128 = DIRECTION('',(0.,0.,1.));
#1129 = ORIENTED_EDGE('',*,*,#1130,.T.);
#1130 = EDGE_CURVE('',#1123,#1131,#1133,.T.);
#1131 = VERTEX_POINT('',#1132);
#1132 = CARTESIAN_POINT('',(-7.1,0.844097150807,-2.5));
#1133 = CIRCLE('',#1134,7.15);
#1134 = AXIS2_PLACEMENT_3D('',#1135,#1136,#1137);
#1135 = CARTESIAN_POINT('',(0.,0.,-2.5));
#1136 = DIRECTION('',(0.,0.,1.));
#1137 = DIRECTION('',(1.,0.,0.));
#1138 = ORIENTED_EDGE('',*,*,#1139,.T.);
#1139 = EDGE_CURVE('',#1131,#213,#1140,.T.);
#1140 = LINE('',#1141,#1142);
#1141 = CARTESIAN_POINT('',(-7.1,0.844097150807,-1.));
#1142 = VECTOR('',#1143,1.);
#1143 = DIRECTION('',(0.,0.,1.));
#1144 = CYLINDRICAL_SURFACE('',#1145,7.15);
#1145 = AXIS2_PLACEMENT_3D('',#1146,#1147,#1148);
#1146 = CARTESIAN_POINT('',(0.,0.,-1.));
#1147 = DIRECTION('',(0.,0.,1.));
#1148 = DIRECTION('',(1.,0.,0.));
#1149 = ADVANCED_FACE('',(#1150),#1191,.F.);
#1150 = FACE_BOUND('',#1151,.F.);
#1151 = EDGE_LOOP('',(#1152,#1153,#1161,#1167,#1168,#1169,#1177,#1185));
#1152 = ORIENTED_EDGE('',*,*,#512,.F.);
#1153 = ORIENTED_EDGE('',*,*,#1154,.T.);
#1154 = EDGE_CURVE('',#485,#1155,#1157,.T.);
#1155 = VERTEX_POINT('',#1156);
#1156 = CARTESIAN_POINT('',(7.1,5.585696017508,-2.5));
#1157 = LINE('',#1158,#1159);
#1158 = CARTESIAN_POINT('',(7.1,5.585696017508,-4.));
#1159 = VECTOR('',#1160,1.);
#1160 = DIRECTION('',(1.499759782662E-32,-1.224646799147E-16,1.));
#1161 = ORIENTED_EDGE('',*,*,#1162,.T.);
#1162 = EDGE_CURVE('',#1155,#1123,#1163,.T.);
#1163 = LINE('',#1164,#1165);
#1164 = CARTESIAN_POINT('',(7.1,2.792848008754,-2.5));
#1165 = VECTOR('',#1166,1.);
#1166 = DIRECTION('',(1.224646799147E-16,-1.,0.));
#1167 = ORIENTED_EDGE('',*,*,#1122,.T.);
#1168 = ORIENTED_EDGE('',*,*,#221,.T.);
#1169 = ORIENTED_EDGE('',*,*,#1170,.F.);
#1170 = EDGE_CURVE('',#1171,#222,#1173,.T.);
#1171 = VERTEX_POINT('',#1172);
#1172 = CARTESIAN_POINT('',(7.1,-0.844097150807,-2.5));
#1173 = LINE('',#1174,#1175);
#1174 = CARTESIAN_POINT('',(7.1,-0.844097150807,-1.));
#1175 = VECTOR('',#1176,1.);
#1176 = DIRECTION('',(0.,0.,1.));
#1177 = ORIENTED_EDGE('',*,*,#1178,.T.);
#1178 = EDGE_CURVE('',#1171,#1179,#1181,.T.);
#1179 = VERTEX_POINT('',#1180);
#1180 = CARTESIAN_POINT('',(7.1,-5.585696017508,-2.5));
#1181 = LINE('',#1182,#1183);
#1182 = CARTESIAN_POINT('',(7.1,2.792848008754,-2.5));
#1183 = VECTOR('',#1184,1.);
#1184 = DIRECTION('',(1.224646799147E-16,-1.,0.));
#1185 = ORIENTED_EDGE('',*,*,#1186,.F.);
#1186 = EDGE_CURVE('',#504,#1179,#1187,.T.);
#1187 = LINE('',#1188,#1189);
#1188 = CARTESIAN_POINT('',(7.1,-5.585696017508,-4.));
#1189 = VECTOR('',#1190,1.);
#1190 = DIRECTION('',(1.499759782662E-32,-1.224646799147E-16,1.));
#1191 = PLANE('',#1192);
#1192 = AXIS2_PLACEMENT_3D('',#1193,#1194,#1195);
#1193 = CARTESIAN_POINT('',(7.1,5.585696017508,-4.));
#1194 = DIRECTION('',(1.,1.224646799147E-16,0.));
#1195 = DIRECTION('',(1.224646799147E-16,-1.,-1.224646799147E-16));
#1196 = ADVANCED_FACE('',(#1197),#1216,.F.);
#1197 = FACE_BOUND('',#1198,.F.);
#1198 = EDGE_LOOP('',(#1199,#1200,#1201,#1209));
#1199 = ORIENTED_EDGE('',*,*,#1170,.T.);
#1200 = ORIENTED_EDGE('',*,*,#229,.F.);
#1201 = ORIENTED_EDGE('',*,*,#1202,.F.);
#1202 = EDGE_CURVE('',#1203,#230,#1205,.T.);
#1203 = VERTEX_POINT('',#1204);
#1204 = CARTESIAN_POINT('',(-7.1,-0.844097150807,-2.5));
#1205 = LINE('',#1206,#1207);
#1206 = CARTESIAN_POINT('',(-7.1,-0.844097150807,-1.));
#1207 = VECTOR('',#1208,1.);
#1208 = DIRECTION('',(0.,0.,1.));
#1209 = ORIENTED_EDGE('',*,*,#1210,.T.);
#1210 = EDGE_CURVE('',#1203,#1171,#1211,.T.);
#1211 = CIRCLE('',#1212,7.15);
#1212 = AXIS2_PLACEMENT_3D('',#1213,#1214,#1215);
#1213 = CARTESIAN_POINT('',(0.,0.,-2.5));
#1214 = DIRECTION('',(0.,0.,1.));
#1215 = DIRECTION('',(1.,0.,0.));
#1216 = CYLINDRICAL_SURFACE('',#1217,7.15);
#1217 = AXIS2_PLACEMENT_3D('',#1218,#1219,#1220);
#1218 = CARTESIAN_POINT('',(0.,0.,-1.));
#1219 = DIRECTION('',(0.,0.,1.));
#1220 = DIRECTION('',(1.,0.,0.));
#1221 = ADVANCED_FACE('',(#1222),#1256,.F.);
#1222 = FACE_BOUND('',#1223,.F.);
#1223 = EDGE_LOOP('',(#1224,#1225,#1233,#1239,#1240,#1241,#1242,#1250));
#1224 = ORIENTED_EDGE('',*,*,#495,.F.);
#1225 = ORIENTED_EDGE('',*,*,#1226,.T.);
#1226 = EDGE_CURVE('',#496,#1227,#1229,.T.);
#1227 = VERTEX_POINT('',#1228);
#1228 = CARTESIAN_POINT('',(-7.1,-5.585696017508,-2.5));
#1229 = LINE('',#1230,#1231);
#1230 = CARTESIAN_POINT('',(-7.1,-5.585696017508,-4.));
#1231 = VECTOR('',#1232,1.);
#1232 = DIRECTION('',(1.499759782662E-32,-1.224646799147E-16,1.));
#1233 = ORIENTED_EDGE('',*,*,#1234,.T.);
#1234 = EDGE_CURVE('',#1227,#1203,#1235,.T.);
#1235 = LINE('',#1236,#1237);
#1236 = CARTESIAN_POINT('',(-7.1,-2.792848008754,-2.5));
#1237 = VECTOR('',#1238,1.);
#1238 = DIRECTION('',(-1.224646799147E-16,1.,0.));
#1239 = ORIENTED_EDGE('',*,*,#1202,.T.);
#1240 = ORIENTED_EDGE('',*,*,#238,.T.);
#1241 = ORIENTED_EDGE('',*,*,#1139,.F.);
#1242 = ORIENTED_EDGE('',*,*,#1243,.T.);
#1243 = EDGE_CURVE('',#1131,#1244,#1246,.T.);
#1244 = VERTEX_POINT('',#1245);
#1245 = CARTESIAN_POINT('',(-7.1,5.585696017508,-2.5));
#1246 = LINE('',#1247,#1248);
#1247 = CARTESIAN_POINT('',(-7.1,-2.792848008754,-2.5));
#1248 = VECTOR('',#1249,1.);
#1249 = DIRECTION('',(-1.224646799147E-16,1.,0.));
#1250 = ORIENTED_EDGE('',*,*,#1251,.F.);
#1251 = EDGE_CURVE('',#487,#1244,#1252,.T.);
#1252 = LINE('',#1253,#1254);
#1253 = CARTESIAN_POINT('',(-7.1,5.585696017508,-4.));
#1254 = VECTOR('',#1255,1.);
#1255 = DIRECTION('',(1.499759782662E-32,-1.224646799147E-16,1.));
#1256 = PLANE('',#1257);
#1257 = AXIS2_PLACEMENT_3D('',#1258,#1259,#1260);
#1258 = CARTESIAN_POINT('',(-7.1,-5.585696017508,-4.));
#1259 = DIRECTION('',(-1.,-1.224646799147E-16,0.));
#1260 = DIRECTION('',(-1.224646799147E-16,1.,1.224646799147E-16));
#1261 = ADVANCED_FACE('',(#1262),#1290,.T.);
#1262 = FACE_BOUND('',#1263,.T.);
#1263 = EDGE_LOOP('',(#1264,#1265,#1266,#1267,#1275,#1283));
#1264 = ORIENTED_EDGE('',*,*,#269,.F.);
#1265 = ORIENTED_EDGE('',*,*,#261,.T.);
#1266 = ORIENTED_EDGE('',*,*,#349,.F.);
#1267 = ORIENTED_EDGE('',*,*,#1268,.F.);
#1268 = EDGE_CURVE('',#1269,#350,#1271,.T.);
#1269 = VERTEX_POINT('',#1270);
#1270 = CARTESIAN_POINT('',(4.500000000086,9.431582439883,
    28.799999999995));
#1271 = LINE('',#1272,#1273);
#1272 = CARTESIAN_POINT('',(4.500000000086,9.431582439883,
    28.799999999995));
#1273 = VECTOR('',#1274,1.);
#1274 = DIRECTION('',(0.,-5.615508058554E-13,-1.));
#1275 = ORIENTED_EDGE('',*,*,#1276,.T.);
#1276 = EDGE_CURVE('',#1269,#1277,#1279,.T.);
#1277 = VERTEX_POINT('',#1278);
#1278 = CARTESIAN_POINT('',(4.500000000086,9.431582439878,
    32.800000000002));
#1279 = LINE('',#1280,#1281);
#1280 = CARTESIAN_POINT('',(4.500000000086,9.431582439883,
    5.204725539443E-12));
#1281 = VECTOR('',#1282,1.);
#1282 = DIRECTION('',(0.,-5.615508058554E-13,1.));
#1283 = ORIENTED_EDGE('',*,*,#1284,.F.);
#1284 = EDGE_CURVE('',#270,#1277,#1285,.T.);
#1285 = CIRCLE('',#1286,2.);
#1286 = AXIS2_PLACEMENT_3D('',#1287,#1288,#1289);
#1287 = CARTESIAN_POINT('',(4.500000000086,9.431582439878,
    30.800000000002));
#1288 = DIRECTION('',(1.,0.,-0.));
#1289 = DIRECTION('',(0.,0.,1.));
#1290 = PLANE('',#1291);
#1291 = AXIS2_PLACEMENT_3D('',#1292,#1293,#1294);
#1292 = CARTESIAN_POINT('',(4.500000000086,10.431582439872,14.4));
#1293 = DIRECTION('',(-1.,-0.,-0.));
#1294 = DIRECTION('',(0.,0.,-1.));
#1295 = ADVANCED_FACE('',(#1296),#1307,.F.);
#1296 = FACE_BOUND('',#1297,.F.);
#1297 = EDGE_LOOP('',(#1298,#1299,#1305,#1306));
#1298 = ORIENTED_EDGE('',*,*,#536,.T.);
#1299 = ORIENTED_EDGE('',*,*,#1300,.T.);
#1300 = EDGE_CURVE('',#537,#665,#1301,.T.);
#1301 = LINE('',#1302,#1303);
#1302 = CARTESIAN_POINT('',(6.499999999996,17.431582439873,
    12.399999999992));
#1303 = VECTOR('',#1304,1.);
#1304 = DIRECTION('',(-5.211278047433E-26,4.586331314727E-13,1.));
#1305 = ORIENTED_EDGE('',*,*,#672,.F.);
#1306 = ORIENTED_EDGE('',*,*,#301,.F.);
#1307 = PLANE('',#1308);
#1308 = AXIS2_PLACEMENT_3D('',#1309,#1310,#1311);
#1309 = CARTESIAN_POINT('',(6.499999999997,11.431582439873,
    12.399999999995));
#1310 = DIRECTION('',(1.,2.272305648912E-13,-5.210268506804E-26));
#1311 = DIRECTION('',(-5.211278047433E-26,4.586331314727E-13,1.));
#1312 = ADVANCED_FACE('',(#1313),#1324,.T.);
#1313 = FACE_BOUND('',#1314,.T.);
#1314 = EDGE_LOOP('',(#1315,#1316,#1322,#1323));
#1315 = ORIENTED_EDGE('',*,*,#1284,.T.);
#1316 = ORIENTED_EDGE('',*,*,#1317,.T.);
#1317 = EDGE_CURVE('',#1277,#707,#1318,.T.);
#1318 = LINE('',#1319,#1320);
#1319 = CARTESIAN_POINT('',(4.500000000086,9.431582439878,
    32.800000000002));
#1320 = VECTOR('',#1321,1.);
#1321 = DIRECTION('',(1.,0.,0.));
#1322 = ORIENTED_EDGE('',*,*,#706,.F.);
#1323 = ORIENTED_EDGE('',*,*,#277,.F.);
#1324 = CYLINDRICAL_SURFACE('',#1325,2.);
#1325 = AXIS2_PLACEMENT_3D('',#1326,#1327,#1328);
#1326 = CARTESIAN_POINT('',(4.500000000086,9.431582439878,
    30.800000000002));
#1327 = DIRECTION('',(1.,0.,0.));
#1328 = DIRECTION('',(0.,1.,-3.79656309869E-13));
#1329 = ADVANCED_FACE('',(#1330),#1349,.T.);
#1330 = FACE_BOUND('',#1331,.F.);
#1331 = EDGE_LOOP('',(#1332,#1341,#1347,#1348));
#1332 = ORIENTED_EDGE('',*,*,#1333,.T.);
#1333 = EDGE_CURVE('',#385,#1334,#1336,.T.);
#1334 = VERTEX_POINT('',#1335);
#1335 = CARTESIAN_POINT('',(4.500000000086,-11.43158243986,
    -2.000000000002));
#1336 = CIRCLE('',#1337,2.);
#1337 = AXIS2_PLACEMENT_3D('',#1338,#1339,#1340);
#1338 = CARTESIAN_POINT('',(4.500000000086,-9.431582439866,
    -2.000000000001));
#1339 = DIRECTION('',(-1.,0.,0.));
#1340 = DIRECTION('',(0.,0.,1.));
#1341 = ORIENTED_EDGE('',*,*,#1342,.T.);
#1342 = EDGE_CURVE('',#1334,#969,#1343,.T.);
#1343 = LINE('',#1344,#1345);
#1344 = CARTESIAN_POINT('',(4.500000000086,-11.43158243986,
    -2.000000000002));
#1345 = VECTOR('',#1346,1.);
#1346 = DIRECTION('',(1.,0.,0.));
#1347 = ORIENTED_EDGE('',*,*,#976,.F.);
#1348 = ORIENTED_EDGE('',*,*,#384,.F.);
#1349 = CYLINDRICAL_SURFACE('',#1350,2.);
#1350 = AXIS2_PLACEMENT_3D('',#1351,#1352,#1353);
#1351 = CARTESIAN_POINT('',(4.500000000086,-9.431582439866,
    -2.000000000001));
#1352 = DIRECTION('',(1.,0.,0.));
#1353 = DIRECTION('',(0.,-9.484705124575E-15,-1.));
#1354 = ADVANCED_FACE('',(#1355),#1396,.T.);
#1355 = FACE_BOUND('',#1356,.T.);
#1356 = EDGE_LOOP('',(#1357,#1358,#1366,#1374,#1382,#1390));
#1357 = ORIENTED_EDGE('',*,*,#392,.F.);
#1358 = ORIENTED_EDGE('',*,*,#1359,.F.);
#1359 = EDGE_CURVE('',#1360,#385,#1362,.T.);
#1360 = VERTEX_POINT('',#1361);
#1361 = CARTESIAN_POINT('',(4.500000000086,-9.431582439883,
    28.799999999995));
#1362 = LINE('',#1363,#1364);
#1363 = CARTESIAN_POINT('',(4.500000000086,-9.431582439883,
    28.799999999995));
#1364 = VECTOR('',#1365,1.);
#1365 = DIRECTION('',(0.,5.619948950653E-13,-1.));
#1366 = ORIENTED_EDGE('',*,*,#1367,.T.);
#1367 = EDGE_CURVE('',#1360,#1368,#1370,.T.);
#1368 = VERTEX_POINT('',#1369);
#1369 = CARTESIAN_POINT('',(4.500000000086,-9.431582439878,
    32.800000000002));
#1370 = LINE('',#1371,#1372);
#1371 = CARTESIAN_POINT('',(4.500000000086,-9.431582439883,
    5.208763984138E-12));
#1372 = VECTOR('',#1373,1.);
#1373 = DIRECTION('',(0.,5.619948950653E-13,1.));
#1374 = ORIENTED_EDGE('',*,*,#1375,.T.);
#1375 = EDGE_CURVE('',#1368,#1376,#1378,.T.);
#1376 = VERTEX_POINT('',#1377);
#1377 = CARTESIAN_POINT('',(-4.5,-9.431582439878,32.800000000002));
#1378 = LINE('',#1379,#1380);
#1379 = CARTESIAN_POINT('',(6.5,-9.431582439841,32.8));
#1380 = VECTOR('',#1381,1.);
#1381 = DIRECTION('',(-1.,-1.224646799147E-16,0.));
#1382 = ORIENTED_EDGE('',*,*,#1383,.T.);
#1383 = EDGE_CURVE('',#1376,#1384,#1386,.T.);
#1384 = VERTEX_POINT('',#1385);
#1385 = CARTESIAN_POINT('',(-4.5,-9.431582439883,28.799999999995));
#1386 = LINE('',#1387,#1388);
#1387 = CARTESIAN_POINT('',(-4.5,-9.431582439864,32.800000000005));
#1388 = VECTOR('',#1389,1.);
#1389 = DIRECTION('',(0.,-5.619948950653E-13,-1.));
#1390 = ORIENTED_EDGE('',*,*,#1391,.F.);
#1391 = EDGE_CURVE('',#393,#1384,#1392,.T.);
#1392 = LINE('',#1393,#1394);
#1393 = CARTESIAN_POINT('',(-4.5,-9.431582439864,-4.000000000005));
#1394 = VECTOR('',#1395,1.);
#1395 = DIRECTION('',(0.,-5.619948950653E-13,1.));
#1396 = PLANE('',#1397);
#1397 = AXIS2_PLACEMENT_3D('',#1398,#1399,#1400);
#1398 = CARTESIAN_POINT('',(4.314080388402E-11,-9.431582439866,14.4));
#1399 = DIRECTION('',(-0.,-1.,-3.001025821812E-13));
#1400 = DIRECTION('',(0.,3.001025821812E-13,-1.));
#1401 = ADVANCED_FACE('',(#1402),#1421,.T.);
#1402 = FACE_BOUND('',#1403,.F.);
#1403 = EDGE_LOOP('',(#1404,#1405,#1413,#1420));
#1404 = ORIENTED_EDGE('',*,*,#1080,.T.);
#1405 = ORIENTED_EDGE('',*,*,#1406,.T.);
#1406 = EDGE_CURVE('',#1081,#1407,#1409,.T.);
#1407 = VERTEX_POINT('',#1408);
#1408 = CARTESIAN_POINT('',(-4.5,-11.43158243986,-2.000000000003));
#1409 = LINE('',#1410,#1411);
#1410 = CARTESIAN_POINT('',(-6.5,-11.43158243986,-2.000000000003));
#1411 = VECTOR('',#1412,1.);
#1412 = DIRECTION('',(1.,0.,0.));
#1413 = ORIENTED_EDGE('',*,*,#1414,.F.);
#1414 = EDGE_CURVE('',#393,#1407,#1415,.T.);
#1415 = CIRCLE('',#1416,2.);
#1416 = AXIS2_PLACEMENT_3D('',#1417,#1418,#1419);
#1417 = CARTESIAN_POINT('',(-4.5,-9.431582439866,-2.000000000002));
#1418 = DIRECTION('',(-1.,0.,0.));
#1419 = DIRECTION('',(0.,0.,1.));
#1420 = ORIENTED_EDGE('',*,*,#400,.F.);
#1421 = CYLINDRICAL_SURFACE('',#1422,2.);
#1422 = AXIS2_PLACEMENT_3D('',#1423,#1424,#1425);
#1423 = CARTESIAN_POINT('',(-6.5,-9.431582439866,-2.000000000002));
#1424 = DIRECTION('',(1.,0.,0.));
#1425 = DIRECTION('',(0.,-9.484705124575E-15,-1.));
#1426 = ADVANCED_FACE('',(#1427),#1454,.T.);
#1427 = FACE_BOUND('',#1428,.T.);
#1428 = EDGE_LOOP('',(#1429,#1430,#1438,#1446,#1452,#1453));
#1429 = ORIENTED_EDGE('',*,*,#458,.T.);
#1430 = ORIENTED_EDGE('',*,*,#1431,.T.);
#1431 = EDGE_CURVE('',#451,#1432,#1434,.T.);
#1432 = VERTEX_POINT('',#1433);
#1433 = CARTESIAN_POINT('',(-4.5,9.431582439883,28.799999999995));
#1434 = LINE('',#1435,#1436);
#1435 = CARTESIAN_POINT('',(-4.5,9.431582439864,-4.000000000005));
#1436 = VECTOR('',#1437,1.);
#1437 = DIRECTION('',(0.,5.615508058554E-13,1.));
#1438 = ORIENTED_EDGE('',*,*,#1439,.F.);
#1439 = EDGE_CURVE('',#1440,#1432,#1442,.T.);
#1440 = VERTEX_POINT('',#1441);
#1441 = CARTESIAN_POINT('',(-4.5,9.431582439878,32.800000000002));
#1442 = LINE('',#1443,#1444);
#1443 = CARTESIAN_POINT('',(-4.5,9.431582439864,32.800000000005));
#1444 = VECTOR('',#1445,1.);
#1445 = DIRECTION('',(0.,5.615508058554E-13,-1.));
#1446 = ORIENTED_EDGE('',*,*,#1447,.F.);
#1447 = EDGE_CURVE('',#1277,#1440,#1448,.T.);
#1448 = LINE('',#1449,#1450);
#1449 = CARTESIAN_POINT('',(6.5,9.431582439841,32.8));
#1450 = VECTOR('',#1451,1.);
#1451 = DIRECTION('',(-1.,-1.224646799147E-16,0.));
#1452 = ORIENTED_EDGE('',*,*,#1276,.F.);
#1453 = ORIENTED_EDGE('',*,*,#1268,.T.);
#1454 = PLANE('',#1455);
#1455 = AXIS2_PLACEMENT_3D('',#1456,#1457,#1458);
#1456 = CARTESIAN_POINT('',(4.314146323044E-11,9.431582439866,14.4));
#1457 = DIRECTION('',(0.,1.,-2.998502107292E-13));
#1458 = DIRECTION('',(0.,2.998502107292E-13,1.));
#1459 = ADVANCED_FACE('',(#1460),#1479,.T.);
#1460 = FACE_BOUND('',#1461,.T.);
#1461 = EDGE_LOOP('',(#1462,#1463,#1471,#1478));
#1462 = ORIENTED_EDGE('',*,*,#601,.T.);
#1463 = ORIENTED_EDGE('',*,*,#1464,.T.);
#1464 = EDGE_CURVE('',#594,#1465,#1467,.T.);
#1465 = VERTEX_POINT('',#1466);
#1466 = CARTESIAN_POINT('',(-4.5,11.431582439866,-2.000000000003));
#1467 = LINE('',#1468,#1469);
#1468 = CARTESIAN_POINT('',(-6.5,11.431582439866,-2.000000000003));
#1469 = VECTOR('',#1470,1.);
#1470 = DIRECTION('',(1.,0.,0.));
#1471 = ORIENTED_EDGE('',*,*,#1472,.F.);
#1472 = EDGE_CURVE('',#451,#1465,#1473,.T.);
#1473 = CIRCLE('',#1474,2.);
#1474 = AXIS2_PLACEMENT_3D('',#1475,#1476,#1477);
#1475 = CARTESIAN_POINT('',(-4.5,9.431582439866,-2.000000000002));
#1476 = DIRECTION('',(1.,0.,-0.));
#1477 = DIRECTION('',(0.,0.,1.));
#1478 = ORIENTED_EDGE('',*,*,#450,.F.);
#1479 = CYLINDRICAL_SURFACE('',#1480,2.);
#1480 = AXIS2_PLACEMENT_3D('',#1481,#1482,#1483);
#1481 = CARTESIAN_POINT('',(-6.5,9.431582439866,-2.000000000002));
#1482 = DIRECTION('',(1.,0.,0.));
#1483 = DIRECTION('',(0.,-9.484705124575E-15,-1.));
#1484 = ADVANCED_FACE('',(#1485),#1497,.F.);
#1485 = FACE_BOUND('',#1486,.T.);
#1486 = EDGE_LOOP('',(#1487,#1488,#1489,#1496));
#1487 = ORIENTED_EDGE('',*,*,#484,.F.);
#1488 = ORIENTED_EDGE('',*,*,#1154,.T.);
#1489 = ORIENTED_EDGE('',*,*,#1490,.F.);
#1490 = EDGE_CURVE('',#1244,#1155,#1491,.T.);
#1491 = CIRCLE('',#1492,9.033825324855);
#1492 = AXIS2_PLACEMENT_3D('',#1493,#1494,#1495);
#1493 = CARTESIAN_POINT('',(-5.737670418577E-29,4.32300320099E-15,-2.5)
  );
#1494 = DIRECTION('',(-1.499759782662E-32,1.224646799147E-16,-1.));
#1495 = DIRECTION('',(-1.,-1.224646799147E-16,0.));
#1496 = ORIENTED_EDGE('',*,*,#1251,.F.);
#1497 = CYLINDRICAL_SURFACE('',#1498,9.033825324855);
#1498 = AXIS2_PLACEMENT_3D('',#1499,#1500,#1501);
#1499 = CARTESIAN_POINT('',(-5.739920058251E-29,4.506700220862E-15,-4.)
  );
#1500 = DIRECTION('',(-1.499759782662E-32,1.224646799147E-16,-1.));
#1501 = DIRECTION('',(-1.,-1.224646799147E-16,0.));
#1502 = ADVANCED_FACE('',(#1503),#1515,.F.);
#1503 = FACE_BOUND('',#1504,.T.);
#1504 = EDGE_LOOP('',(#1505,#1506,#1507,#1514));
#1505 = ORIENTED_EDGE('',*,*,#503,.F.);
#1506 = ORIENTED_EDGE('',*,*,#1226,.T.);
#1507 = ORIENTED_EDGE('',*,*,#1508,.F.);
#1508 = EDGE_CURVE('',#1179,#1227,#1509,.T.);
#1509 = CIRCLE('',#1510,9.033825324855);
#1510 = AXIS2_PLACEMENT_3D('',#1511,#1512,#1513);
#1511 = CARTESIAN_POINT('',(-5.737670418577E-29,4.32300320099E-15,-2.5)
  );
#1512 = DIRECTION('',(-1.499759782662E-32,1.224646799147E-16,-1.));
#1513 = DIRECTION('',(-1.,-1.224646799147E-16,0.));
#1514 = ORIENTED_EDGE('',*,*,#1186,.F.);
#1515 = CYLINDRICAL_SURFACE('',#1516,9.033825324855);
#1516 = AXIS2_PLACEMENT_3D('',#1517,#1518,#1519);
#1517 = CARTESIAN_POINT('',(-5.739920058251E-29,4.506700220862E-15,-4.)
  );
#1518 = DIRECTION('',(-1.499759782662E-32,1.224646799147E-16,-1.));
#1519 = DIRECTION('',(-1.,-1.224646799147E-16,0.));
#1520 = ADVANCED_FACE('',(#1521),#1527,.T.);
#1521 = FACE_BOUND('',#1522,.T.);
#1522 = EDGE_LOOP('',(#1523,#1524,#1525,#1526));
#1523 = ORIENTED_EDGE('',*,*,#633,.T.);
#1524 = ORIENTED_EDGE('',*,*,#544,.T.);
#1525 = ORIENTED_EDGE('',*,*,#1300,.T.);
#1526 = ORIENTED_EDGE('',*,*,#664,.T.);
#1527 = PLANE('',#1528);
#1528 = AXIS2_PLACEMENT_3D('',#1529,#1530,#1531);
#1529 = CARTESIAN_POINT('',(10.499999999996,17.431582439875,
    14.399999999992));
#1530 = DIRECTION('',(-2.271516308383E-13,1.,-4.587441537751E-13));
#1531 = DIRECTION('',(0.,4.587441537751E-13,1.));
#1532 = ADVANCED_FACE('',(#1533),#1544,.F.);
#1533 = FACE_BOUND('',#1534,.T.);
#1534 = EDGE_LOOP('',(#1535,#1541,#1542,#1543));
#1535 = ORIENTED_EDGE('',*,*,#1536,.F.);
#1536 = EDGE_CURVE('',#687,#561,#1537,.T.);
#1537 = LINE('',#1538,#1539);
#1538 = CARTESIAN_POINT('',(12.749999999996,14.431582439876,
    16.399999999994));
#1539 = VECTOR('',#1540,1.);
#1540 = DIRECTION('',(-6.321952722309E-17,-8.072801423606E-13,-1.));
#1541 = ORIENTED_EDGE('',*,*,#686,.T.);
#1542 = ORIENTED_EDGE('',*,*,#1536,.T.);
#1543 = ORIENTED_EDGE('',*,*,#560,.T.);
#1544 = CYLINDRICAL_SURFACE('',#1545,2.25);
#1545 = AXIS2_PLACEMENT_3D('',#1546,#1547,#1548);
#1546 = CARTESIAN_POINT('',(10.499999999996,14.431582439876,
    16.399999999994));
#1547 = DIRECTION('',(-0.,-8.072801423606E-13,-1.));
#1548 = DIRECTION('',(1.,0.,0.));
#1549 = ADVANCED_FACE('',(#1550,#1643),#1679,.T.);
#1550 = FACE_BOUND('',#1551,.T.);
#1551 = EDGE_LOOP('',(#1552,#1562,#1571,#1579,#1586,#1587,#1588,#1589,
    #1595,#1596,#1605,#1613,#1622,#1630,#1636,#1637));
#1552 = ORIENTED_EDGE('',*,*,#1553,.F.);
#1553 = EDGE_CURVE('',#1554,#1556,#1558,.T.);
#1554 = VERTEX_POINT('',#1555);
#1555 = CARTESIAN_POINT('',(6.5,-7.931582439841,32.8));
#1556 = VERTEX_POINT('',#1557);
#1557 = CARTESIAN_POINT('',(6.5,-9.431582439878,32.800000000002));
#1558 = LINE('',#1559,#1560);
#1559 = CARTESIAN_POINT('',(6.5,-9.431582439864,32.800000000005));
#1560 = VECTOR('',#1561,1.);
#1561 = DIRECTION('',(0.,-1.,5.619948950653E-13));
#1562 = ORIENTED_EDGE('',*,*,#1563,.T.);
#1563 = EDGE_CURVE('',#1554,#1564,#1566,.T.);
#1564 = VERTEX_POINT('',#1565);
#1565 = CARTESIAN_POINT('',(8.6,-5.585696017508,32.8));
#1566 = CIRCLE('',#1567,10.254754994635);
#1567 = AXIS2_PLACEMENT_3D('',#1568,#1569,#1570);
#1568 = CARTESIAN_POINT('',(-5.739920058251E-29,4.506700220862E-15,32.8)
  );
#1569 = DIRECTION('',(-1.499759782662E-32,1.224646799147E-16,1.));
#1570 = DIRECTION('',(-1.,-1.224646799147E-16,0.));
#1571 = ORIENTED_EDGE('',*,*,#1572,.T.);
#1572 = EDGE_CURVE('',#1564,#1573,#1575,.T.);
#1573 = VERTEX_POINT('',#1574);
#1574 = CARTESIAN_POINT('',(8.6,5.585696017508,32.8));
#1575 = LINE('',#1576,#1577);
#1576 = CARTESIAN_POINT('',(8.6,-5.585696017508,32.8));
#1577 = VECTOR('',#1578,1.);
#1578 = DIRECTION('',(-1.224646799147E-16,1.,-1.224646799147E-16));
#1579 = ORIENTED_EDGE('',*,*,#1580,.T.);
#1580 = EDGE_CURVE('',#1573,#716,#1581,.T.);
#1581 = CIRCLE('',#1582,10.254754994635);
#1582 = AXIS2_PLACEMENT_3D('',#1583,#1584,#1585);
#1583 = CARTESIAN_POINT('',(-5.739920058251E-29,4.506700220862E-15,32.8)
  );
#1584 = DIRECTION('',(-1.499759782662E-32,1.224646799147E-16,1.));
#1585 = DIRECTION('',(-1.,-1.224646799147E-16,0.));
#1586 = ORIENTED_EDGE('',*,*,#715,.T.);
#1587 = ORIENTED_EDGE('',*,*,#1317,.F.);
#1588 = ORIENTED_EDGE('',*,*,#1447,.T.);
#1589 = ORIENTED_EDGE('',*,*,#1590,.F.);
#1590 = EDGE_CURVE('',#756,#1440,#1591,.T.);
#1591 = LINE('',#1592,#1593);
#1592 = CARTESIAN_POINT('',(-6.5,9.431582439878,32.800000000002));
#1593 = VECTOR('',#1594,1.);
#1594 = DIRECTION('',(1.,0.,0.));
#1595 = ORIENTED_EDGE('',*,*,#753,.F.);
#1596 = ORIENTED_EDGE('',*,*,#1597,.T.);
#1597 = EDGE_CURVE('',#754,#1598,#1600,.T.);
#1598 = VERTEX_POINT('',#1599);
#1599 = CARTESIAN_POINT('',(-8.6,5.585696017508,32.8));
#1600 = CIRCLE('',#1601,10.254754994635);
#1601 = AXIS2_PLACEMENT_3D('',#1602,#1603,#1604);
#1602 = CARTESIAN_POINT('',(-5.739920058251E-29,4.506700220862E-15,32.8)
  );
#1603 = DIRECTION('',(-1.499759782662E-32,1.224646799147E-16,1.));
#1604 = DIRECTION('',(-1.,-1.224646799147E-16,0.));
#1605 = ORIENTED_EDGE('',*,*,#1606,.T.);
#1606 = EDGE_CURVE('',#1598,#1607,#1609,.T.);
#1607 = VERTEX_POINT('',#1608);
#1608 = CARTESIAN_POINT('',(-8.6,-5.585696017508,32.8));
#1609 = LINE('',#1610,#1611);
#1610 = CARTESIAN_POINT('',(-8.6,5.585696017508,32.8));
#1611 = VECTOR('',#1612,1.);
#1612 = DIRECTION('',(1.224646799147E-16,-1.,1.224646799147E-16));
#1613 = ORIENTED_EDGE('',*,*,#1614,.T.);
#1614 = EDGE_CURVE('',#1607,#1615,#1617,.T.);
#1615 = VERTEX_POINT('',#1616);
#1616 = CARTESIAN_POINT('',(-6.5,-7.931582439841,32.8));
#1617 = CIRCLE('',#1618,10.254754994635);
#1618 = AXIS2_PLACEMENT_3D('',#1619,#1620,#1621);
#1619 = CARTESIAN_POINT('',(-5.739920058251E-29,4.506700220862E-15,32.8)
  );
#1620 = DIRECTION('',(-1.499759782662E-32,1.224646799147E-16,1.));
#1621 = DIRECTION('',(-1.,-1.224646799147E-16,0.));
#1622 = ORIENTED_EDGE('',*,*,#1623,.F.);
#1623 = EDGE_CURVE('',#1624,#1615,#1626,.T.);
#1624 = VERTEX_POINT('',#1625);
#1625 = CARTESIAN_POINT('',(-6.5,-9.431582439878,32.800000000002));
#1626 = LINE('',#1627,#1628);
#1627 = CARTESIAN_POINT('',(-6.5,-9.431582439841,32.8));
#1628 = VECTOR('',#1629,1.);
#1629 = DIRECTION('',(-1.224646799147E-16,1.,-1.224646799147E-16));
#1630 = ORIENTED_EDGE('',*,*,#1631,.T.);
#1631 = EDGE_CURVE('',#1624,#1376,#1632,.T.);
#1632 = LINE('',#1633,#1634);
#1633 = CARTESIAN_POINT('',(-6.5,-9.431582439878,32.800000000002));
#1634 = VECTOR('',#1635,1.);
#1635 = DIRECTION('',(1.,0.,0.));
#1636 = ORIENTED_EDGE('',*,*,#1375,.F.);
#1637 = ORIENTED_EDGE('',*,*,#1638,.T.);
#1638 = EDGE_CURVE('',#1368,#1556,#1639,.T.);
#1639 = LINE('',#1640,#1641);
#1640 = CARTESIAN_POINT('',(4.500000000086,-9.431582439878,
    32.800000000002));
#1641 = VECTOR('',#1642,1.);
#1642 = DIRECTION('',(1.,0.,0.));
#1643 = FACE_BOUND('',#1644,.T.);
#1644 = EDGE_LOOP('',(#1645,#1656,#1664,#1673));
#1645 = ORIENTED_EDGE('',*,*,#1646,.F.);
#1646 = EDGE_CURVE('',#1647,#1649,#1651,.T.);
#1647 = VERTEX_POINT('',#1648);
#1648 = CARTESIAN_POINT('',(7.1,5.585696017508,32.8));
#1649 = VERTEX_POINT('',#1650);
#1650 = CARTESIAN_POINT('',(-7.1,5.585696017508,32.8));
#1651 = CIRCLE('',#1652,9.033825324855);
#1652 = AXIS2_PLACEMENT_3D('',#1653,#1654,#1655);
#1653 = CARTESIAN_POINT('',(-5.739920058251E-29,4.506700220862E-15,32.8)
  );
#1654 = DIRECTION('',(-1.499759782662E-32,1.224646799147E-16,1.));
#1655 = DIRECTION('',(-1.,-1.224646799147E-16,0.));
#1656 = ORIENTED_EDGE('',*,*,#1657,.T.);
#1657 = EDGE_CURVE('',#1647,#1658,#1660,.T.);
#1658 = VERTEX_POINT('',#1659);
#1659 = CARTESIAN_POINT('',(7.1,-5.585696017508,32.8));
#1660 = LINE('',#1661,#1662);
#1661 = CARTESIAN_POINT('',(7.1,5.585696017508,32.8));
#1662 = VECTOR('',#1663,1.);
#1663 = DIRECTION('',(1.224646799147E-16,-1.,1.224646799147E-16));
#1664 = ORIENTED_EDGE('',*,*,#1665,.F.);
#1665 = EDGE_CURVE('',#1666,#1658,#1668,.T.);
#1666 = VERTEX_POINT('',#1667);
#1667 = CARTESIAN_POINT('',(-7.1,-5.585696017508,32.8));
#1668 = CIRCLE('',#1669,9.033825324855);
#1669 = AXIS2_PLACEMENT_3D('',#1670,#1671,#1672);
#1670 = CARTESIAN_POINT('',(-5.739920058251E-29,4.506700220862E-15,32.8)
  );
#1671 = DIRECTION('',(-1.499759782662E-32,1.224646799147E-16,1.));
#1672 = DIRECTION('',(-1.,-1.224646799147E-16,0.));
#1673 = ORIENTED_EDGE('',*,*,#1674,.T.);
#1674 = EDGE_CURVE('',#1666,#1649,#1675,.T.);
#1675 = LINE('',#1676,#1677);
#1676 = CARTESIAN_POINT('',(-7.1,-5.585696017508,32.8));
#1677 = VECTOR('',#1678,1.);
#1678 = DIRECTION('',(-1.224646799147E-16,1.,-1.224646799147E-16));
#1679 = PLANE('',#1680);
#1680 = AXIS2_PLACEMENT_3D('',#1681,#1682,#1683);
#1681 = CARTESIAN_POINT('',(4.15803959345E-12,5.565744925334E-15,
    32.800000000002));
#1682 = DIRECTION('',(0.,0.,1.));
#1683 = DIRECTION('',(1.,0.,0.));
#1684 = ADVANCED_FACE('',(#1685),#1696,.T.);
#1685 = FACE_BOUND('',#1686,.T.);
#1686 = EDGE_LOOP('',(#1687,#1688,#1689,#1695));
#1687 = ORIENTED_EDGE('',*,*,#812,.T.);
#1688 = ORIENTED_EDGE('',*,*,#878,.F.);
#1689 = ORIENTED_EDGE('',*,*,#1690,.F.);
#1690 = EDGE_CURVE('',#1598,#871,#1691,.T.);
#1691 = LINE('',#1692,#1693);
#1692 = CARTESIAN_POINT('',(-8.6,5.585696017508,32.8));
#1693 = VECTOR('',#1694,1.);
#1694 = DIRECTION('',(1.499759782662E-32,-1.224646799147E-16,-1.));
#1695 = ORIENTED_EDGE('',*,*,#1597,.F.);
#1696 = CYLINDRICAL_SURFACE('',#1697,10.254754994635);
#1697 = AXIS2_PLACEMENT_3D('',#1698,#1699,#1700);
#1698 = CARTESIAN_POINT('',(-5.739920058251E-29,4.506700220862E-15,32.8)
  );
#1699 = DIRECTION('',(-1.499759782662E-32,1.224646799147E-16,1.));
#1700 = DIRECTION('',(-1.,-1.224646799147E-16,-0.));
#1701 = ADVANCED_FACE('',(#1702),#1721,.T.);
#1702 = FACE_BOUND('',#1703,.T.);
#1703 = EDGE_LOOP('',(#1704,#1705,#1706,#1715));
#1704 = ORIENTED_EDGE('',*,*,#763,.T.);
#1705 = ORIENTED_EDGE('',*,*,#1590,.T.);
#1706 = ORIENTED_EDGE('',*,*,#1707,.F.);
#1707 = EDGE_CURVE('',#1708,#1440,#1710,.T.);
#1708 = VERTEX_POINT('',#1709);
#1709 = CARTESIAN_POINT('',(-4.5,11.431582439878,30.800000000001));
#1710 = CIRCLE('',#1711,2.);
#1711 = AXIS2_PLACEMENT_3D('',#1712,#1713,#1714);
#1712 = CARTESIAN_POINT('',(-4.5,9.431582439878,30.800000000002));
#1713 = DIRECTION('',(1.,0.,-0.));
#1714 = DIRECTION('',(0.,0.,1.));
#1715 = ORIENTED_EDGE('',*,*,#1716,.F.);
#1716 = EDGE_CURVE('',#764,#1708,#1717,.T.);
#1717 = LINE('',#1718,#1719);
#1718 = CARTESIAN_POINT('',(-6.5,11.431582439878,30.800000000001));
#1719 = VECTOR('',#1720,1.);
#1720 = DIRECTION('',(1.,0.,0.));
#1721 = CYLINDRICAL_SURFACE('',#1722,2.);
#1722 = AXIS2_PLACEMENT_3D('',#1723,#1724,#1725);
#1723 = CARTESIAN_POINT('',(-6.5,9.431582439878,30.800000000002));
#1724 = DIRECTION('',(1.,0.,0.));
#1725 = DIRECTION('',(0.,1.,-3.796563098678E-13));
#1726 = ADVANCED_FACE('',(#1727),#1752,.F.);
#1727 = FACE_BOUND('',#1728,.F.);
#1728 = EDGE_LOOP('',(#1729,#1737,#1738,#1746));
#1729 = ORIENTED_EDGE('',*,*,#1730,.F.);
#1730 = EDGE_CURVE('',#578,#1731,#1733,.T.);
#1731 = VERTEX_POINT('',#1732);
#1732 = CARTESIAN_POINT('',(-14.49,7.75,12.4));
#1733 = LINE('',#1734,#1735);
#1734 = CARTESIAN_POINT('',(-9.852625482626,7.75,7.762625482625));
#1735 = VECTOR('',#1736,1.);
#1736 = DIRECTION('',(-0.707106781187,3.490589681871E-16,0.707106781187)
  );
#1737 = ORIENTED_EDGE('',*,*,#585,.T.);
#1738 = ORIENTED_EDGE('',*,*,#1739,.T.);
#1739 = EDGE_CURVE('',#586,#1740,#1742,.T.);
#1740 = VERTEX_POINT('',#1741);
#1741 = CARTESIAN_POINT('',(-14.49,11.431582439875,12.4));
#1742 = LINE('',#1743,#1744);
#1743 = CARTESIAN_POINT('',(-11.07210280374,11.431582439872,
    8.982102803745));
#1744 = VECTOR('',#1745,1.);
#1745 = DIRECTION('',(-0.707106781187,4.850676967912E-13,0.707106781187)
  );
#1746 = ORIENTED_EDGE('',*,*,#1747,.F.);
#1747 = EDGE_CURVE('',#1731,#1740,#1748,.T.);
#1748 = LINE('',#1749,#1750);
#1749 = CARTESIAN_POINT('',(-14.49,7.75,12.4));
#1750 = VECTOR('',#1751,1.);
#1751 = DIRECTION('',(2.22044604925E-16,1.,2.465190328816E-32));
#1752 = PLANE('',#1753);
#1753 = AXIS2_PLACEMENT_3D('',#1754,#1755,#1756);
#1754 = CARTESIAN_POINT('',(-10.495,7.75,8.405));
#1755 = DIRECTION('',(0.707106781187,5.783815667199E-13,0.707106781187)
  );
#1756 = DIRECTION('',(-4.088665056385E-13,1.,-4.090885502434E-13));
#1757 = ADVANCED_FACE('',(#1758),#1774,.T.);
#1758 = FACE_BOUND('',#1759,.T.);
#1759 = EDGE_LOOP('',(#1760,#1766,#1767,#1773));
#1760 = ORIENTED_EDGE('',*,*,#1761,.T.);
#1761 = EDGE_CURVE('',#1554,#829,#1762,.T.);
#1762 = LINE('',#1763,#1764);
#1763 = CARTESIAN_POINT('',(6.5,-7.931582439841,32.8));
#1764 = VECTOR('',#1765,1.);
#1765 = DIRECTION('',(1.499759782662E-32,-1.224646799147E-16,-1.));
#1766 = ORIENTED_EDGE('',*,*,#826,.F.);
#1767 = ORIENTED_EDGE('',*,*,#1768,.F.);
#1768 = EDGE_CURVE('',#1564,#827,#1769,.T.);
#1769 = LINE('',#1770,#1771);
#1770 = CARTESIAN_POINT('',(8.6,-5.585696017508,32.8));
#1771 = VECTOR('',#1772,1.);
#1772 = DIRECTION('',(1.499759782662E-32,-1.224646799147E-16,-1.));
#1773 = ORIENTED_EDGE('',*,*,#1563,.F.);
#1774 = CYLINDRICAL_SURFACE('',#1775,10.254754994635);
#1775 = AXIS2_PLACEMENT_3D('',#1776,#1777,#1778);
#1776 = CARTESIAN_POINT('',(-5.739920058251E-29,4.506700220862E-15,32.8)
  );
#1777 = DIRECTION('',(-1.499759782662E-32,1.224646799147E-16,1.));
#1778 = DIRECTION('',(-1.,-1.224646799147E-16,-0.));
#1779 = ADVANCED_FACE('',(#1780),#1824,.T.);
#1780 = FACE_BOUND('',#1781,.T.);
#1781 = EDGE_LOOP('',(#1782,#1783,#1792,#1800,#1808,#1816,#1822,#1823));
#1782 = ORIENTED_EDGE('',*,*,#1553,.T.);
#1783 = ORIENTED_EDGE('',*,*,#1784,.F.);
#1784 = EDGE_CURVE('',#1785,#1556,#1787,.T.);
#1785 = VERTEX_POINT('',#1786);
#1786 = CARTESIAN_POINT('',(6.5,-11.43158243987,30.800000000001));
#1787 = CIRCLE('',#1788,2.);
#1788 = AXIS2_PLACEMENT_3D('',#1789,#1790,#1791);
#1789 = CARTESIAN_POINT('',(6.5,-9.431582439878,30.800000000002));
#1790 = DIRECTION('',(-1.,0.,0.));
#1791 = DIRECTION('',(0.,0.,1.));
#1792 = ORIENTED_EDGE('',*,*,#1793,.T.);
#1793 = EDGE_CURVE('',#1785,#1794,#1796,.T.);
#1794 = VERTEX_POINT('',#1795);
#1795 = CARTESIAN_POINT('',(6.5,-11.43158243988,28.799999999994));
#1796 = LINE('',#1797,#1798);
#1797 = CARTESIAN_POINT('',(6.5,-11.43158243986,32.800000000006));
#1798 = VECTOR('',#1799,1.);
#1799 = DIRECTION('',(0.,-5.619948950653E-13,-1.));
#1800 = ORIENTED_EDGE('',*,*,#1801,.F.);
#1801 = EDGE_CURVE('',#1802,#1794,#1804,.T.);
#1802 = VERTEX_POINT('',#1803);
#1803 = CARTESIAN_POINT('',(6.5,-11.43158243987,16.4));
#1804 = LINE('',#1805,#1806);
#1805 = CARTESIAN_POINT('',(6.5,-11.43158243986,-4.000000000006));
#1806 = VECTOR('',#1807,1.);
#1807 = DIRECTION('',(0.,-5.619948950653E-13,1.));
#1808 = ORIENTED_EDGE('',*,*,#1809,.T.);
#1809 = EDGE_CURVE('',#1802,#1810,#1812,.T.);
#1810 = VERTEX_POINT('',#1811);
#1811 = CARTESIAN_POINT('',(6.5,-7.75,16.4));
#1812 = LINE('',#1813,#1814);
#1813 = CARTESIAN_POINT('',(6.5,-11.43158243987,16.4));
#1814 = VECTOR('',#1815,1.);
#1815 = DIRECTION('',(0.,1.,4.440892098501E-16));
#1816 = ORIENTED_EDGE('',*,*,#1817,.T.);
#1817 = EDGE_CURVE('',#1810,#838,#1818,.T.);
#1818 = LINE('',#1819,#1820);
#1819 = CARTESIAN_POINT('',(6.5,-7.75,-1.));
#1820 = VECTOR('',#1821,1.);
#1821 = DIRECTION('',(0.,0.,1.));
#1822 = ORIENTED_EDGE('',*,*,#837,.F.);
#1823 = ORIENTED_EDGE('',*,*,#1761,.F.);
#1824 = PLANE('',#1825);
#1825 = AXIS2_PLACEMENT_3D('',#1826,#1827,#1828);
#1826 = CARTESIAN_POINT('',(6.5,-9.604247890518,14.399999999995));
#1827 = DIRECTION('',(1.,2.759213809144E-16,0.));
#1828 = DIRECTION('',(-2.759213809144E-16,1.,0.));
#1829 = ADVANCED_FACE('',(#1830),#1879,.T.);
#1830 = FACE_BOUND('',#1831,.T.);
#1831 = EDGE_LOOP('',(#1832,#1842,#1850,#1858,#1865,#1866,#1872,#1873));
#1832 = ORIENTED_EDGE('',*,*,#1833,.F.);
#1833 = EDGE_CURVE('',#1834,#1836,#1838,.T.);
#1834 = VERTEX_POINT('',#1835);
#1835 = CARTESIAN_POINT('',(-6.5,-11.43158243987,16.4));
#1836 = VERTEX_POINT('',#1837);
#1837 = CARTESIAN_POINT('',(-6.5,-7.75,16.4));
#1838 = LINE('',#1839,#1840);
#1839 = CARTESIAN_POINT('',(-6.5,-11.43158243987,16.4));
#1840 = VECTOR('',#1841,1.);
#1841 = DIRECTION('',(-2.22044604925E-16,1.,4.440892098501E-16));
#1842 = ORIENTED_EDGE('',*,*,#1843,.F.);
#1843 = EDGE_CURVE('',#1844,#1834,#1846,.T.);
#1844 = VERTEX_POINT('',#1845);
#1845 = CARTESIAN_POINT('',(-6.5,-11.43158243988,28.799999999994));
#1846 = LINE('',#1847,#1848);
#1847 = CARTESIAN_POINT('',(-6.5,-11.43158243988,28.799999999994));
#1848 = VECTOR('',#1849,1.);
#1849 = DIRECTION('',(0.,5.619948950653E-13,-1.));
#1850 = ORIENTED_EDGE('',*,*,#1851,.T.);
#1851 = EDGE_CURVE('',#1844,#1852,#1854,.T.);
#1852 = VERTEX_POINT('',#1853);
#1853 = CARTESIAN_POINT('',(-6.5,-11.43158243987,30.800000000001));
#1854 = LINE('',#1855,#1856);
#1855 = CARTESIAN_POINT('',(-6.5,-11.43158243988,6.340747380046E-12));
#1856 = VECTOR('',#1857,1.);
#1857 = DIRECTION('',(0.,5.619948950653E-13,1.));
#1858 = ORIENTED_EDGE('',*,*,#1859,.T.);
#1859 = EDGE_CURVE('',#1852,#1624,#1860,.T.);
#1860 = CIRCLE('',#1861,2.);
#1861 = AXIS2_PLACEMENT_3D('',#1862,#1863,#1864);
#1862 = CARTESIAN_POINT('',(-6.5,-9.431582439878,30.800000000002));
#1863 = DIRECTION('',(-1.,0.,0.));
#1864 = DIRECTION('',(0.,0.,1.));
#1865 = ORIENTED_EDGE('',*,*,#1623,.T.);
#1866 = ORIENTED_EDGE('',*,*,#1867,.T.);
#1867 = EDGE_CURVE('',#1615,#854,#1868,.T.);
#1868 = LINE('',#1869,#1870);
#1869 = CARTESIAN_POINT('',(-6.5,-7.931582439841,32.8));
#1870 = VECTOR('',#1871,1.);
#1871 = DIRECTION('',(1.499759782662E-32,-1.224646799147E-16,-1.));
#1872 = ORIENTED_EDGE('',*,*,#853,.F.);
#1873 = ORIENTED_EDGE('',*,*,#1874,.F.);
#1874 = EDGE_CURVE('',#1836,#846,#1875,.T.);
#1875 = LINE('',#1876,#1877);
#1876 = CARTESIAN_POINT('',(-6.5,-7.75,-1.));
#1877 = VECTOR('',#1878,1.);
#1878 = DIRECTION('',(0.,0.,1.));
#1879 = PLANE('',#1880);
#1880 = AXIS2_PLACEMENT_3D('',#1881,#1882,#1883);
#1881 = CARTESIAN_POINT('',(-6.5,-9.604247890518,14.399999999995));
#1882 = DIRECTION('',(-1.,1.1527574161E-15,0.));
#1883 = DIRECTION('',(-1.1527574161E-15,-1.,0.));
#1884 = ADVANCED_FACE('',(#1885),#1896,.T.);
#1885 = FACE_BOUND('',#1886,.T.);
#1886 = EDGE_LOOP('',(#1887,#1893,#1894,#1895));
#1887 = ORIENTED_EDGE('',*,*,#1888,.T.);
#1888 = EDGE_CURVE('',#1607,#862,#1889,.T.);
#1889 = LINE('',#1890,#1891);
#1890 = CARTESIAN_POINT('',(-8.6,-5.585696017508,32.8));
#1891 = VECTOR('',#1892,1.);
#1892 = DIRECTION('',(1.499759782662E-32,-1.224646799147E-16,-1.));
#1893 = ORIENTED_EDGE('',*,*,#861,.F.);
#1894 = ORIENTED_EDGE('',*,*,#1867,.F.);
#1895 = ORIENTED_EDGE('',*,*,#1614,.F.);
#1896 = CYLINDRICAL_SURFACE('',#1897,10.254754994635);
#1897 = AXIS2_PLACEMENT_3D('',#1898,#1899,#1900);
#1898 = CARTESIAN_POINT('',(-5.739920058251E-29,4.506700220862E-15,32.8)
  );
#1899 = DIRECTION('',(-1.499759782662E-32,1.224646799147E-16,1.));
#1900 = DIRECTION('',(-1.,-1.224646799147E-16,-0.));
#1901 = ADVANCED_FACE('',(#1902),#1908,.T.);
#1902 = FACE_BOUND('',#1903,.T.);
#1903 = EDGE_LOOP('',(#1904,#1905,#1906,#1907));
#1904 = ORIENTED_EDGE('',*,*,#1888,.F.);
#1905 = ORIENTED_EDGE('',*,*,#1606,.F.);
#1906 = ORIENTED_EDGE('',*,*,#1690,.T.);
#1907 = ORIENTED_EDGE('',*,*,#870,.T.);
#1908 = PLANE('',#1909);
#1909 = AXIS2_PLACEMENT_3D('',#1910,#1911,#1912);
#1910 = CARTESIAN_POINT('',(-8.6,8.649017796965E-15,31.3));
#1911 = DIRECTION('',(-1.,-0.,-2.610128730948E-16));
#1912 = DIRECTION('',(2.610128730948E-16,0.,-1.));
#1913 = ADVANCED_FACE('',(#1914),#1925,.T.);
#1914 = FACE_BOUND('',#1915,.T.);
#1915 = EDGE_LOOP('',(#1916,#1922,#1923,#1924));
#1916 = ORIENTED_EDGE('',*,*,#1917,.T.);
#1917 = EDGE_CURVE('',#1573,#894,#1918,.T.);
#1918 = LINE('',#1919,#1920);
#1919 = CARTESIAN_POINT('',(8.6,5.585696017508,32.8));
#1920 = VECTOR('',#1921,1.);
#1921 = DIRECTION('',(1.499759782662E-32,-1.224646799147E-16,-1.));
#1922 = ORIENTED_EDGE('',*,*,#893,.F.);
#1923 = ORIENTED_EDGE('',*,*,#723,.F.);
#1924 = ORIENTED_EDGE('',*,*,#1580,.F.);
#1925 = CYLINDRICAL_SURFACE('',#1926,10.254754994635);
#1926 = AXIS2_PLACEMENT_3D('',#1927,#1928,#1929);
#1927 = CARTESIAN_POINT('',(-5.739920058251E-29,4.506700220862E-15,32.8)
  );
#1928 = DIRECTION('',(-1.499759782662E-32,1.224646799147E-16,1.));
#1929 = DIRECTION('',(-1.,-1.224646799147E-16,-0.));
#1930 = ADVANCED_FACE('',(#1931),#1937,.T.);
#1931 = FACE_BOUND('',#1932,.T.);
#1932 = EDGE_LOOP('',(#1933,#1934,#1935,#1936));
#1933 = ORIENTED_EDGE('',*,*,#1917,.F.);
#1934 = ORIENTED_EDGE('',*,*,#1572,.F.);
#1935 = ORIENTED_EDGE('',*,*,#1768,.T.);
#1936 = ORIENTED_EDGE('',*,*,#902,.T.);
#1937 = PLANE('',#1938);
#1938 = AXIS2_PLACEMENT_3D('',#1939,#1940,#1941);
#1939 = CARTESIAN_POINT('',(8.6,8.649017796965E-15,31.3));
#1940 = DIRECTION('',(1.,0.,-2.610128730948E-16));
#1941 = DIRECTION('',(2.610128730948E-16,0.,1.));
#1942 = ADVANCED_FACE('',(#1943),#1969,.F.);
#1943 = FACE_BOUND('',#1944,.T.);
#1944 = EDGE_LOOP('',(#1945,#1953,#1954,#1962));
#1945 = ORIENTED_EDGE('',*,*,#1946,.T.);
#1946 = EDGE_CURVE('',#1947,#913,#1949,.T.);
#1947 = VERTEX_POINT('',#1948);
#1948 = CARTESIAN_POINT('',(7.1,-0.844097150807,31.3));
#1949 = LINE('',#1950,#1951);
#1950 = CARTESIAN_POINT('',(7.1,-0.844097150807,29.8));
#1951 = VECTOR('',#1952,1.);
#1952 = DIRECTION('',(0.,-4.440892098501E-16,-1.));
#1953 = ORIENTED_EDGE('',*,*,#910,.F.);
#1954 = ORIENTED_EDGE('',*,*,#1955,.F.);
#1955 = EDGE_CURVE('',#1956,#911,#1958,.T.);
#1956 = VERTEX_POINT('',#1957);
#1957 = CARTESIAN_POINT('',(-7.1,-0.844097150807,31.3));
#1958 = LINE('',#1959,#1960);
#1959 = CARTESIAN_POINT('',(-7.1,-0.844097150807,29.8));
#1960 = VECTOR('',#1961,1.);
#1961 = DIRECTION('',(0.,-4.440892098501E-16,-1.));
#1962 = ORIENTED_EDGE('',*,*,#1963,.T.);
#1963 = EDGE_CURVE('',#1956,#1947,#1964,.T.);
#1964 = CIRCLE('',#1965,7.15);
#1965 = AXIS2_PLACEMENT_3D('',#1966,#1967,#1968);
#1966 = CARTESIAN_POINT('',(0.,0.,31.3));
#1967 = DIRECTION('',(0.,0.,1.));
#1968 = DIRECTION('',(1.,0.,0.));
#1969 = CYLINDRICAL_SURFACE('',#1970,7.15);
#1970 = AXIS2_PLACEMENT_3D('',#1971,#1972,#1973);
#1971 = CARTESIAN_POINT('',(0.,0.,29.8));
#1972 = DIRECTION('',(-0.,-0.,-1.));
#1973 = DIRECTION('',(1.,0.,0.));
#1974 = ADVANCED_FACE('',(#1975),#2016,.F.);
#1975 = FACE_BOUND('',#1976,.T.);
#1976 = EDGE_LOOP('',(#1977,#1978,#1986,#1994,#2000,#2001,#2002,#2010));
#1977 = ORIENTED_EDGE('',*,*,#1657,.F.);
#1978 = ORIENTED_EDGE('',*,*,#1979,.T.);
#1979 = EDGE_CURVE('',#1647,#1980,#1982,.T.);
#1980 = VERTEX_POINT('',#1981);
#1981 = CARTESIAN_POINT('',(7.1,5.585696017508,31.3));
#1982 = LINE('',#1983,#1984);
#1983 = CARTESIAN_POINT('',(7.1,5.585696017508,32.8));
#1984 = VECTOR('',#1985,1.);
#1985 = DIRECTION('',(1.499759782662E-32,-1.224646799147E-16,-1.));
#1986 = ORIENTED_EDGE('',*,*,#1987,.T.);
#1987 = EDGE_CURVE('',#1980,#1988,#1990,.T.);
#1988 = VERTEX_POINT('',#1989);
#1989 = CARTESIAN_POINT('',(7.1,0.844097150807,31.3));
#1990 = LINE('',#1991,#1992);
#1991 = CARTESIAN_POINT('',(7.1,2.792848008754,31.3));
#1992 = VECTOR('',#1993,1.);
#1993 = DIRECTION('',(1.224646799147E-16,-1.,4.440892098501E-16));
#1994 = ORIENTED_EDGE('',*,*,#1995,.T.);
#1995 = EDGE_CURVE('',#1988,#922,#1996,.T.);
#1996 = LINE('',#1997,#1998);
#1997 = CARTESIAN_POINT('',(7.1,0.844097150807,29.8));
#1998 = VECTOR('',#1999,1.);
#1999 = DIRECTION('',(0.,-4.440892098501E-16,-1.));
#2000 = ORIENTED_EDGE('',*,*,#921,.T.);
#2001 = ORIENTED_EDGE('',*,*,#1946,.F.);
#2002 = ORIENTED_EDGE('',*,*,#2003,.T.);
#2003 = EDGE_CURVE('',#1947,#2004,#2006,.T.);
#2004 = VERTEX_POINT('',#2005);
#2005 = CARTESIAN_POINT('',(7.1,-5.585696017508,31.3));
#2006 = LINE('',#2007,#2008);
#2007 = CARTESIAN_POINT('',(7.1,2.792848008754,31.3));
#2008 = VECTOR('',#2009,1.);
#2009 = DIRECTION('',(1.224646799147E-16,-1.,4.440892098501E-16));
#2010 = ORIENTED_EDGE('',*,*,#2011,.F.);
#2011 = EDGE_CURVE('',#1658,#2004,#2012,.T.);
#2012 = LINE('',#2013,#2014);
#2013 = CARTESIAN_POINT('',(7.1,-5.585696017508,32.8));
#2014 = VECTOR('',#2015,1.);
#2015 = DIRECTION('',(1.499759782662E-32,-1.224646799147E-16,-1.));
#2016 = PLANE('',#2017);
#2017 = AXIS2_PLACEMENT_3D('',#2018,#2019,#2020);
#2018 = CARTESIAN_POINT('',(7.1,5.585696017508,32.8));
#2019 = DIRECTION('',(1.,1.224646799147E-16,0.));
#2020 = DIRECTION('',(-1.224646799147E-16,1.,-1.224646799147E-16));
#2021 = ADVANCED_FACE('',(#2022),#2041,.F.);
#2022 = FACE_BOUND('',#2023,.T.);
#2023 = EDGE_LOOP('',(#2024,#2025,#2026,#2035));
#2024 = ORIENTED_EDGE('',*,*,#929,.F.);
#2025 = ORIENTED_EDGE('',*,*,#1995,.F.);
#2026 = ORIENTED_EDGE('',*,*,#2027,.T.);
#2027 = EDGE_CURVE('',#1988,#2028,#2030,.T.);
#2028 = VERTEX_POINT('',#2029);
#2029 = CARTESIAN_POINT('',(-7.1,0.844097150807,31.3));
#2030 = CIRCLE('',#2031,7.15);
#2031 = AXIS2_PLACEMENT_3D('',#2032,#2033,#2034);
#2032 = CARTESIAN_POINT('',(0.,0.,31.3));
#2033 = DIRECTION('',(0.,0.,1.));
#2034 = DIRECTION('',(1.,0.,0.));
#2035 = ORIENTED_EDGE('',*,*,#2036,.T.);
#2036 = EDGE_CURVE('',#2028,#930,#2037,.T.);
#2037 = LINE('',#2038,#2039);
#2038 = CARTESIAN_POINT('',(-7.1,0.844097150807,29.8));
#2039 = VECTOR('',#2040,1.);
#2040 = DIRECTION('',(0.,-4.440892098501E-16,-1.));
#2041 = CYLINDRICAL_SURFACE('',#2042,7.15);
#2042 = AXIS2_PLACEMENT_3D('',#2043,#2044,#2045);
#2043 = CARTESIAN_POINT('',(0.,0.,29.8));
#2044 = DIRECTION('',(-0.,-0.,-1.));
#2045 = DIRECTION('',(1.,0.,0.));
#2046 = ADVANCED_FACE('',(#2047),#2081,.F.);
#2047 = FACE_BOUND('',#2048,.T.);
#2048 = EDGE_LOOP('',(#2049,#2050,#2058,#2064,#2065,#2066,#2067,#2075));
#2049 = ORIENTED_EDGE('',*,*,#1674,.F.);
#2050 = ORIENTED_EDGE('',*,*,#2051,.T.);
#2051 = EDGE_CURVE('',#1666,#2052,#2054,.T.);
#2052 = VERTEX_POINT('',#2053);
#2053 = CARTESIAN_POINT('',(-7.1,-5.585696017508,31.3));
#2054 = LINE('',#2055,#2056);
#2055 = CARTESIAN_POINT('',(-7.1,-5.585696017508,32.8));
#2056 = VECTOR('',#2057,1.);
#2057 = DIRECTION('',(1.499759782662E-32,-1.224646799147E-16,-1.));
#2058 = ORIENTED_EDGE('',*,*,#2059,.T.);
#2059 = EDGE_CURVE('',#2052,#1956,#2060,.T.);
#2060 = LINE('',#2061,#2062);
#2061 = CARTESIAN_POINT('',(-7.1,-2.792848008754,31.3));
#2062 = VECTOR('',#2063,1.);
#2063 = DIRECTION('',(-1.224646799147E-16,1.,-4.440892098501E-16));
#2064 = ORIENTED_EDGE('',*,*,#1955,.T.);
#2065 = ORIENTED_EDGE('',*,*,#938,.T.);
#2066 = ORIENTED_EDGE('',*,*,#2036,.F.);
#2067 = ORIENTED_EDGE('',*,*,#2068,.T.);
#2068 = EDGE_CURVE('',#2028,#2069,#2071,.T.);
#2069 = VERTEX_POINT('',#2070);
#2070 = CARTESIAN_POINT('',(-7.1,5.585696017508,31.3));
#2071 = LINE('',#2072,#2073);
#2072 = CARTESIAN_POINT('',(-7.1,-2.792848008754,31.3));
#2073 = VECTOR('',#2074,1.);
#2074 = DIRECTION('',(-1.224646799147E-16,1.,-4.440892098501E-16));
#2075 = ORIENTED_EDGE('',*,*,#2076,.F.);
#2076 = EDGE_CURVE('',#1649,#2069,#2077,.T.);
#2077 = LINE('',#2078,#2079);
#2078 = CARTESIAN_POINT('',(-7.1,5.585696017508,32.8));
#2079 = VECTOR('',#2080,1.);
#2080 = DIRECTION('',(1.499759782662E-32,-1.224646799147E-16,-1.));
#2081 = PLANE('',#2082);
#2082 = AXIS2_PLACEMENT_3D('',#2083,#2084,#2085);
#2083 = CARTESIAN_POINT('',(-7.1,-5.585696017508,32.8));
#2084 = DIRECTION('',(-1.,-1.224646799147E-16,-0.));
#2085 = DIRECTION('',(1.224646799147E-16,-1.,1.224646799147E-16));
#2086 = ADVANCED_FACE('',(#2087),#2112,.F.);
#2087 = FACE_BOUND('',#2088,.F.);
#2088 = EDGE_LOOP('',(#2089,#2097,#2098,#2106));
#2089 = ORIENTED_EDGE('',*,*,#2090,.F.);
#2090 = EDGE_CURVE('',#953,#2091,#2093,.T.);
#2091 = VERTEX_POINT('',#2092);
#2092 = CARTESIAN_POINT('',(14.49,-7.75,12.4));
#2093 = LINE('',#2094,#2095);
#2094 = CARTESIAN_POINT('',(9.852625482626,-7.75,7.762625482625));
#2095 = VECTOR('',#2096,1.);
#2096 = DIRECTION('',(0.707106781187,-5.060682140554E-16,0.707106781187)
  );
#2097 = ORIENTED_EDGE('',*,*,#960,.T.);
#2098 = ORIENTED_EDGE('',*,*,#2099,.T.);
#2099 = EDGE_CURVE('',#961,#2100,#2102,.T.);
#2100 = VERTEX_POINT('',#2101);
#2101 = CARTESIAN_POINT('',(14.49,-11.43158243987,12.4));
#2102 = LINE('',#2103,#2104);
#2103 = CARTESIAN_POINT('',(11.072102803748,-11.43158243987,
    8.982102803745));
#2104 = VECTOR('',#2105,1.);
#2105 = DIRECTION('',(0.707106781187,-4.85224706037E-13,0.707106781187)
  );
#2106 = ORIENTED_EDGE('',*,*,#2107,.F.);
#2107 = EDGE_CURVE('',#2091,#2100,#2108,.T.);
#2108 = LINE('',#2109,#2110);
#2109 = CARTESIAN_POINT('',(14.49,-7.75,12.4));
#2110 = VECTOR('',#2111,1.);
#2111 = DIRECTION('',(-0.,-1.,-4.440892098501E-16));
#2112 = PLANE('',#2113);
#2113 = AXIS2_PLACEMENT_3D('',#2114,#2115,#2116);
#2114 = CARTESIAN_POINT('',(10.495,-7.75,8.405));
#2115 = DIRECTION('',(-0.707106781187,-5.788525944576E-13,0.707106781187
    ));
#2116 = DIRECTION('',(4.090885502434E-13,-1.,-4.095326394533E-13));
#2117 = ADVANCED_FACE('',(#2118),#2143,.F.);
#2118 = FACE_BOUND('',#2119,.T.);
#2119 = EDGE_LOOP('',(#2120,#2128,#2129,#2137));
#2120 = ORIENTED_EDGE('',*,*,#2121,.F.);
#2121 = EDGE_CURVE('',#1098,#2122,#2124,.T.);
#2122 = VERTEX_POINT('',#2123);
#2123 = CARTESIAN_POINT('',(-14.49,-7.75,12.4));
#2124 = LINE('',#2125,#2126);
#2125 = CARTESIAN_POINT('',(-9.852625482626,-7.75,7.762625482625));
#2126 = VECTOR('',#2127,1.);
#2127 = DIRECTION('',(-0.707106781187,-6.630774599238E-16,0.707106781187
    ));
#2128 = ORIENTED_EDGE('',*,*,#1097,.T.);
#2129 = ORIENTED_EDGE('',*,*,#2130,.T.);
#2130 = EDGE_CURVE('',#1090,#2131,#2133,.T.);
#2131 = VERTEX_POINT('',#2132);
#2132 = CARTESIAN_POINT('',(-14.49,-11.43158243987,12.4));
#2133 = LINE('',#2134,#2135);
#2134 = CARTESIAN_POINT('',(-11.07210280374,-11.43158243987,
    8.982102803745));
#2135 = VECTOR('',#2136,1.);
#2136 = DIRECTION('',(-0.707106781187,-4.853817152829E-13,0.707106781187
    ));
#2137 = ORIENTED_EDGE('',*,*,#2138,.F.);
#2138 = EDGE_CURVE('',#2122,#2131,#2139,.T.);
#2139 = LINE('',#2140,#2141);
#2140 = CARTESIAN_POINT('',(-14.49,-7.75,12.4));
#2141 = VECTOR('',#2142,1.);
#2142 = DIRECTION('',(2.22044604925E-16,-1.,-4.440892098501E-16));
#2143 = PLANE('',#2144);
#2144 = AXIS2_PLACEMENT_3D('',#2145,#2146,#2147);
#2145 = CARTESIAN_POINT('',(-10.495,-7.75,8.405));
#2146 = DIRECTION('',(0.707106781187,-5.786955852117E-13,0.707106781187)
  );
#2147 = DIRECTION('',(4.088665056385E-13,1.,4.095326394533E-13));
#2148 = ADVANCED_FACE('',(#2149),#2155,.F.);
#2149 = FACE_BOUND('',#2150,.F.);
#2150 = EDGE_LOOP('',(#2151,#2152,#2153,#2154));
#2151 = ORIENTED_EDGE('',*,*,#1130,.F.);
#2152 = ORIENTED_EDGE('',*,*,#1162,.F.);
#2153 = ORIENTED_EDGE('',*,*,#1490,.F.);
#2154 = ORIENTED_EDGE('',*,*,#1243,.F.);
#2155 = PLANE('',#2156);
#2156 = AXIS2_PLACEMENT_3D('',#2157,#2158,#2159);
#2157 = CARTESIAN_POINT('',(-5.013828209376E-14,4.049392219327E-16,-2.5)
  );
#2158 = DIRECTION('',(0.,0.,1.));
#2159 = DIRECTION('',(1.,0.,0.));
#2160 = ADVANCED_FACE('',(#2161),#2167,.F.);
#2161 = FACE_BOUND('',#2162,.F.);
#2162 = EDGE_LOOP('',(#2163,#2164,#2165,#2166));
#2163 = ORIENTED_EDGE('',*,*,#1178,.F.);
#2164 = ORIENTED_EDGE('',*,*,#1210,.F.);
#2165 = ORIENTED_EDGE('',*,*,#1234,.F.);
#2166 = ORIENTED_EDGE('',*,*,#1508,.F.);
#2167 = PLANE('',#2168);
#2168 = AXIS2_PLACEMENT_3D('',#2169,#2170,#2171);
#2169 = CARTESIAN_POINT('',(-5.013828209376E-14,4.049392219327E-16,-2.5)
  );
#2170 = DIRECTION('',(0.,0.,1.));
#2171 = DIRECTION('',(1.,0.,0.));
#2172 = ADVANCED_FACE('',(#2173),#2201,.T.);
#2173 = FACE_BOUND('',#2174,.T.);
#2174 = EDGE_LOOP('',(#2175,#2183,#2191,#2198,#2199,#2200));
#2175 = ORIENTED_EDGE('',*,*,#2176,.F.);
#2176 = EDGE_CURVE('',#2177,#1334,#2179,.T.);
#2177 = VERTEX_POINT('',#2178);
#2178 = CARTESIAN_POINT('',(4.500000000086,-11.43158243988,
    28.799999999994));
#2179 = LINE('',#2180,#2181);
#2180 = CARTESIAN_POINT('',(4.500000000086,-11.43158243988,
    28.799999999994));
#2181 = VECTOR('',#2182,1.);
#2182 = DIRECTION('',(0.,5.619948950653E-13,-1.));
#2183 = ORIENTED_EDGE('',*,*,#2184,.T.);
#2184 = EDGE_CURVE('',#2177,#2185,#2187,.T.);
#2185 = VERTEX_POINT('',#2186);
#2186 = CARTESIAN_POINT('',(4.500000000086,-11.43158243987,
    30.800000000001));
#2187 = LINE('',#2188,#2189);
#2188 = CARTESIAN_POINT('',(4.500000000086,-11.43158243988,
    6.333641952688E-12));
#2189 = VECTOR('',#2190,1.);
#2190 = DIRECTION('',(0.,5.619948950653E-13,1.));
#2191 = ORIENTED_EDGE('',*,*,#2192,.T.);
#2192 = EDGE_CURVE('',#2185,#1368,#2193,.T.);
#2193 = CIRCLE('',#2194,2.);
#2194 = AXIS2_PLACEMENT_3D('',#2195,#2196,#2197);
#2195 = CARTESIAN_POINT('',(4.500000000086,-9.431582439878,
    30.800000000002));
#2196 = DIRECTION('',(-1.,0.,0.));
#2197 = DIRECTION('',(0.,0.,1.));
#2198 = ORIENTED_EDGE('',*,*,#1367,.F.);
#2199 = ORIENTED_EDGE('',*,*,#1359,.T.);
#2200 = ORIENTED_EDGE('',*,*,#1333,.T.);
#2201 = PLANE('',#2202);
#2202 = AXIS2_PLACEMENT_3D('',#2203,#2204,#2205);
#2203 = CARTESIAN_POINT('',(4.500000000086,-10.43158243987,14.4));
#2204 = DIRECTION('',(-1.,-0.,-0.));
#2205 = DIRECTION('',(0.,0.,-1.));
#2206 = ADVANCED_FACE('',(#2207),#2235,.T.);
#2207 = FACE_BOUND('',#2208,.T.);
#2208 = EDGE_LOOP('',(#2209,#2219,#2225,#2226,#2227,#2228));
#2209 = ORIENTED_EDGE('',*,*,#2210,.T.);
#2210 = EDGE_CURVE('',#2211,#2213,#2215,.T.);
#2211 = VERTEX_POINT('',#2212);
#2212 = CARTESIAN_POINT('',(-4.5,-11.43158243987,30.800000000001));
#2213 = VERTEX_POINT('',#2214);
#2214 = CARTESIAN_POINT('',(-4.5,-11.43158243988,28.799999999994));
#2215 = LINE('',#2216,#2217);
#2216 = CARTESIAN_POINT('',(-4.5,-11.43158243986,32.800000000006));
#2217 = VECTOR('',#2218,1.);
#2218 = DIRECTION('',(0.,-5.619948950653E-13,-1.));
#2219 = ORIENTED_EDGE('',*,*,#2220,.F.);
#2220 = EDGE_CURVE('',#1407,#2213,#2221,.T.);
#2221 = LINE('',#2222,#2223);
#2222 = CARTESIAN_POINT('',(-4.5,-11.43158243986,-4.000000000006));
#2223 = VECTOR('',#2224,1.);
#2224 = DIRECTION('',(0.,-5.619948950653E-13,1.));
#2225 = ORIENTED_EDGE('',*,*,#1414,.F.);
#2226 = ORIENTED_EDGE('',*,*,#1391,.T.);
#2227 = ORIENTED_EDGE('',*,*,#1383,.F.);
#2228 = ORIENTED_EDGE('',*,*,#2229,.F.);
#2229 = EDGE_CURVE('',#2211,#1376,#2230,.T.);
#2230 = CIRCLE('',#2231,2.);
#2231 = AXIS2_PLACEMENT_3D('',#2232,#2233,#2234);
#2232 = CARTESIAN_POINT('',(-4.5,-9.431582439878,30.800000000002));
#2233 = DIRECTION('',(-1.,0.,0.));
#2234 = DIRECTION('',(0.,0.,1.));
#2235 = PLANE('',#2236);
#2236 = AXIS2_PLACEMENT_3D('',#2237,#2238,#2239);
#2237 = CARTESIAN_POINT('',(-4.5,-10.43158243987,14.4));
#2238 = DIRECTION('',(1.,0.,0.));
#2239 = DIRECTION('',(0.,0.,1.));
#2240 = ADVANCED_FACE('',(#2241),#2261,.T.);
#2241 = FACE_BOUND('',#2242,.T.);
#2242 = EDGE_LOOP('',(#2243,#2251,#2257,#2258,#2259,#2260));
#2243 = ORIENTED_EDGE('',*,*,#2244,.T.);
#2244 = EDGE_CURVE('',#1465,#2245,#2247,.T.);
#2245 = VERTEX_POINT('',#2246);
#2246 = CARTESIAN_POINT('',(-4.5,11.431582439883,28.799999999994));
#2247 = LINE('',#2248,#2249);
#2248 = CARTESIAN_POINT('',(-4.5,11.431582439864,-4.000000000006));
#2249 = VECTOR('',#2250,1.);
#2250 = DIRECTION('',(0.,5.615508058554E-13,1.));
#2251 = ORIENTED_EDGE('',*,*,#2252,.F.);
#2252 = EDGE_CURVE('',#1708,#2245,#2253,.T.);
#2253 = LINE('',#2254,#2255);
#2254 = CARTESIAN_POINT('',(-4.5,11.431582439864,32.800000000006));
#2255 = VECTOR('',#2256,1.);
#2256 = DIRECTION('',(0.,5.615508058554E-13,-1.));
#2257 = ORIENTED_EDGE('',*,*,#1707,.T.);
#2258 = ORIENTED_EDGE('',*,*,#1439,.T.);
#2259 = ORIENTED_EDGE('',*,*,#1431,.F.);
#2260 = ORIENTED_EDGE('',*,*,#1472,.T.);
#2261 = PLANE('',#2262);
#2262 = AXIS2_PLACEMENT_3D('',#2263,#2264,#2265);
#2263 = CARTESIAN_POINT('',(-4.5,10.431582439872,14.4));
#2264 = DIRECTION('',(1.,0.,0.));
#2265 = DIRECTION('',(0.,0.,1.));
#2266 = ADVANCED_FACE('',(#2267),#2278,.T.);
#2267 = FACE_BOUND('',#2268,.F.);
#2268 = EDGE_LOOP('',(#2269,#2270,#2271,#2272));
#2269 = ORIENTED_EDGE('',*,*,#2192,.T.);
#2270 = ORIENTED_EDGE('',*,*,#1638,.T.);
#2271 = ORIENTED_EDGE('',*,*,#1784,.F.);
#2272 = ORIENTED_EDGE('',*,*,#2273,.F.);
#2273 = EDGE_CURVE('',#2185,#1785,#2274,.T.);
#2274 = LINE('',#2275,#2276);
#2275 = CARTESIAN_POINT('',(4.500000000086,-11.43158243987,
    30.800000000001));
#2276 = VECTOR('',#2277,1.);
#2277 = DIRECTION('',(1.,0.,0.));
#2278 = CYLINDRICAL_SURFACE('',#2279,2.);
#2279 = AXIS2_PLACEMENT_3D('',#2280,#2281,#2282);
#2280 = CARTESIAN_POINT('',(4.500000000086,-9.431582439878,
    30.800000000002));
#2281 = DIRECTION('',(1.,0.,0.));
#2282 = DIRECTION('',(0.,-1.,-3.79989927013E-13));
#2283 = ADVANCED_FACE('',(#2284),#2295,.T.);
#2284 = FACE_BOUND('',#2285,.F.);
#2285 = EDGE_LOOP('',(#2286,#2287,#2288,#2289));
#2286 = ORIENTED_EDGE('',*,*,#1859,.T.);
#2287 = ORIENTED_EDGE('',*,*,#1631,.T.);
#2288 = ORIENTED_EDGE('',*,*,#2229,.F.);
#2289 = ORIENTED_EDGE('',*,*,#2290,.F.);
#2290 = EDGE_CURVE('',#1852,#2211,#2291,.T.);
#2291 = LINE('',#2292,#2293);
#2292 = CARTESIAN_POINT('',(-6.5,-11.43158243987,30.800000000001));
#2293 = VECTOR('',#2294,1.);
#2294 = DIRECTION('',(1.,0.,0.));
#2295 = CYLINDRICAL_SURFACE('',#2296,2.);
#2296 = AXIS2_PLACEMENT_3D('',#2297,#2298,#2299);
#2297 = CARTESIAN_POINT('',(-6.5,-9.431582439878,30.800000000002));
#2298 = DIRECTION('',(1.,0.,0.));
#2299 = DIRECTION('',(0.,-1.,-3.799899270118E-13));
#2300 = ADVANCED_FACE('',(#2301),#2313,.F.);
#2301 = FACE_BOUND('',#2302,.F.);
#2302 = EDGE_LOOP('',(#2303,#2304,#2305,#2312));
#2303 = ORIENTED_EDGE('',*,*,#1646,.F.);
#2304 = ORIENTED_EDGE('',*,*,#1979,.T.);
#2305 = ORIENTED_EDGE('',*,*,#2306,.T.);
#2306 = EDGE_CURVE('',#1980,#2069,#2307,.T.);
#2307 = CIRCLE('',#2308,9.033825324855);
#2308 = AXIS2_PLACEMENT_3D('',#2309,#2310,#2311);
#2309 = CARTESIAN_POINT('',(-5.737670418577E-29,4.32300320099E-15,31.3)
  );
#2310 = DIRECTION('',(-1.499759782662E-32,1.224646799147E-16,1.));
#2311 = DIRECTION('',(-1.,-1.224646799147E-16,0.));
#2312 = ORIENTED_EDGE('',*,*,#2076,.F.);
#2313 = CYLINDRICAL_SURFACE('',#2314,9.033825324855);
#2314 = AXIS2_PLACEMENT_3D('',#2315,#2316,#2317);
#2315 = CARTESIAN_POINT('',(-5.739920058251E-29,4.506700220862E-15,32.8)
  );
#2316 = DIRECTION('',(-1.499759782662E-32,1.224646799147E-16,1.));
#2317 = DIRECTION('',(-1.,-1.224646799147E-16,-0.));
#2318 = ADVANCED_FACE('',(#2319),#2331,.F.);
#2319 = FACE_BOUND('',#2320,.F.);
#2320 = EDGE_LOOP('',(#2321,#2322,#2323,#2330));
#2321 = ORIENTED_EDGE('',*,*,#1665,.F.);
#2322 = ORIENTED_EDGE('',*,*,#2051,.T.);
#2323 = ORIENTED_EDGE('',*,*,#2324,.T.);
#2324 = EDGE_CURVE('',#2052,#2004,#2325,.T.);
#2325 = CIRCLE('',#2326,9.033825324855);
#2326 = AXIS2_PLACEMENT_3D('',#2327,#2328,#2329);
#2327 = CARTESIAN_POINT('',(-5.737670418577E-29,4.32300320099E-15,31.3)
  );
#2328 = DIRECTION('',(-1.499759782662E-32,1.224646799147E-16,1.));
#2329 = DIRECTION('',(-1.,-1.224646799147E-16,0.));
#2330 = ORIENTED_EDGE('',*,*,#2011,.F.);
#2331 = CYLINDRICAL_SURFACE('',#2332,9.033825324855);
#2332 = AXIS2_PLACEMENT_3D('',#2333,#2334,#2335);
#2333 = CARTESIAN_POINT('',(-5.739920058251E-29,4.506700220862E-15,32.8)
  );
#2334 = DIRECTION('',(-1.499759782662E-32,1.224646799147E-16,1.));
#2335 = DIRECTION('',(-1.,-1.224646799147E-16,-0.));
#2336 = ADVANCED_FACE('',(#2337),#2343,.F.);
#2337 = FACE_BOUND('',#2338,.T.);
#2338 = EDGE_LOOP('',(#2339,#2340,#2341,#2342));
#2339 = ORIENTED_EDGE('',*,*,#2003,.F.);
#2340 = ORIENTED_EDGE('',*,*,#1963,.F.);
#2341 = ORIENTED_EDGE('',*,*,#2059,.F.);
#2342 = ORIENTED_EDGE('',*,*,#2324,.T.);
#2343 = PLANE('',#2344);
#2344 = AXIS2_PLACEMENT_3D('',#2345,#2346,#2347);
#2345 = CARTESIAN_POINT('',(-5.013828209376E-14,4.049392219327E-16,31.3)
  );
#2346 = DIRECTION('',(-0.,-0.,-1.));
#2347 = DIRECTION('',(-1.,-0.,-0.));
#2348 = ADVANCED_FACE('',(#2349),#2355,.F.);
#2349 = FACE_BOUND('',#2350,.T.);
#2350 = EDGE_LOOP('',(#2351,#2352,#2353,#2354));
#2351 = ORIENTED_EDGE('',*,*,#2027,.F.);
#2352 = ORIENTED_EDGE('',*,*,#1987,.F.);
#2353 = ORIENTED_EDGE('',*,*,#2306,.T.);
#2354 = ORIENTED_EDGE('',*,*,#2068,.F.);
#2355 = PLANE('',#2356);
#2356 = AXIS2_PLACEMENT_3D('',#2357,#2358,#2359);
#2357 = CARTESIAN_POINT('',(-5.013828209376E-14,4.049392219327E-16,31.3)
  );
#2358 = DIRECTION('',(-0.,-0.,-1.));
#2359 = DIRECTION('',(-1.,-0.,-0.));
#2360 = ADVANCED_FACE('',(#2361),#2396,.T.);
#2361 = FACE_BOUND('',#2362,.T.);
#2362 = EDGE_LOOP('',(#2363,#2364,#2365,#2366,#2367,#2368,#2369,#2370,
    #2371,#2379,#2387,#2393,#2394,#2395));
#2363 = ORIENTED_EDGE('',*,*,#21,.F.);
#2364 = ORIENTED_EDGE('',*,*,#86,.T.);
#2365 = ORIENTED_EDGE('',*,*,#526,.T.);
#2366 = ORIENTED_EDGE('',*,*,#624,.F.);
#2367 = ORIENTED_EDGE('',*,*,#655,.F.);
#2368 = ORIENTED_EDGE('',*,*,#739,.F.);
#2369 = ORIENTED_EDGE('',*,*,#886,.T.);
#2370 = ORIENTED_EDGE('',*,*,#796,.T.);
#2371 = ORIENTED_EDGE('',*,*,#2372,.T.);
#2372 = EDGE_CURVE('',#789,#2373,#2375,.T.);
#2373 = VERTEX_POINT('',#2374);
#2374 = CARTESIAN_POINT('',(-14.5,7.75,16.4));
#2375 = LINE('',#2376,#2377);
#2376 = CARTESIAN_POINT('',(-6.5,7.75,16.4));
#2377 = VECTOR('',#2378,1.);
#2378 = DIRECTION('',(-1.,2.22044604925E-16,-2.22044604925E-16));
#2379 = ORIENTED_EDGE('',*,*,#2380,.T.);
#2380 = EDGE_CURVE('',#2373,#2381,#2383,.T.);
#2381 = VERTEX_POINT('',#2382);
#2382 = CARTESIAN_POINT('',(-14.5,7.75,12.4));
#2383 = LINE('',#2384,#2385);
#2384 = CARTESIAN_POINT('',(-14.5,7.75,16.4));
#2385 = VECTOR('',#2386,1.);
#2386 = DIRECTION('',(2.22044604925E-16,-2.465190328816E-32,-1.));
#2387 = ORIENTED_EDGE('',*,*,#2388,.F.);
#2388 = EDGE_CURVE('',#1731,#2381,#2389,.T.);
#2389 = LINE('',#2390,#2391);
#2390 = CARTESIAN_POINT('',(-6.5,7.75,12.4));
#2391 = VECTOR('',#2392,1.);
#2392 = DIRECTION('',(-1.,2.22044604925E-16,-2.22044604925E-16));
#2393 = ORIENTED_EDGE('',*,*,#1730,.F.);
#2394 = ORIENTED_EDGE('',*,*,#577,.T.);
#2395 = ORIENTED_EDGE('',*,*,#160,.F.);
#2396 = PLANE('',#2397);
#2397 = AXIS2_PLACEMENT_3D('',#2398,#2399,#2400);
#2398 = CARTESIAN_POINT('',(4.511827177243E-16,7.75,14.32995499415));
#2399 = DIRECTION('',(-0.,-1.,-0.));
#2400 = DIRECTION('',(0.,0.,-1.));
#2401 = ADVANCED_FACE('',(#2402),#2426,.T.);
#2402 = FACE_BOUND('',#2403,.T.);
#2403 = EDGE_LOOP('',(#2404,#2405,#2406,#2407,#2408,#2409,#2410,#2411,
    #2412,#2420));
#2404 = ORIENTED_EDGE('',*,*,#780,.F.);
#2405 = ORIENTED_EDGE('',*,*,#772,.T.);
#2406 = ORIENTED_EDGE('',*,*,#1716,.T.);
#2407 = ORIENTED_EDGE('',*,*,#2252,.T.);
#2408 = ORIENTED_EDGE('',*,*,#2244,.F.);
#2409 = ORIENTED_EDGE('',*,*,#1464,.F.);
#2410 = ORIENTED_EDGE('',*,*,#593,.F.);
#2411 = ORIENTED_EDGE('',*,*,#1739,.T.);
#2412 = ORIENTED_EDGE('',*,*,#2413,.F.);
#2413 = EDGE_CURVE('',#2414,#1740,#2416,.T.);
#2414 = VERTEX_POINT('',#2415);
#2415 = CARTESIAN_POINT('',(-6.5,11.431582439875,12.399999999999));
#2416 = LINE('',#2417,#2418);
#2417 = CARTESIAN_POINT('',(-6.5,11.431582439876,12.4));
#2418 = VECTOR('',#2419,1.);
#2419 = DIRECTION('',(-1.,2.22044604925E-16,-2.22044604925E-16));
#2420 = ORIENTED_EDGE('',*,*,#2421,.F.);
#2421 = EDGE_CURVE('',#781,#2414,#2422,.T.);
#2422 = LINE('',#2423,#2424);
#2423 = CARTESIAN_POINT('',(-6.5,11.431582439883,28.799999999994));
#2424 = VECTOR('',#2425,1.);
#2425 = DIRECTION('',(0.,-5.615508058554E-13,-1.));
#2426 = PLANE('',#2427);
#2427 = AXIS2_PLACEMENT_3D('',#2428,#2429,#2430);
#2428 = CARTESIAN_POINT('',(-6.592235570066,11.431582439874,
    13.957218265083));
#2429 = DIRECTION('',(2.624854676675E-13,1.,-4.560291191578E-13));
#2430 = DIRECTION('',(0.,4.560291191578E-13,1.));
#2431 = ADVANCED_FACE('',(#2432),#2457,.F.);
#2432 = FACE_BOUND('',#2433,.T.);
#2433 = EDGE_LOOP('',(#2434,#2442,#2450,#2456));
#2434 = ORIENTED_EDGE('',*,*,#2435,.T.);
#2435 = EDGE_CURVE('',#2414,#2436,#2438,.T.);
#2436 = VERTEX_POINT('',#2437);
#2437 = CARTESIAN_POINT('',(-6.499999999996,17.431582439873,
    12.399999999992));
#2438 = LINE('',#2439,#2440);
#2439 = CARTESIAN_POINT('',(-6.499999999997,11.431582439873,
    12.399999999995));
#2440 = VECTOR('',#2441,1.);
#2441 = DIRECTION('',(2.274526094962E-13,1.,-4.585776203214E-13));
#2442 = ORIENTED_EDGE('',*,*,#2443,.T.);
#2443 = EDGE_CURVE('',#2436,#2444,#2446,.T.);
#2444 = VERTEX_POINT('',#2445);
#2445 = CARTESIAN_POINT('',(-6.499999999996,17.431582439875,
    16.399999999992));
#2446 = LINE('',#2447,#2448);
#2447 = CARTESIAN_POINT('',(-6.499999999996,17.431582439873,
    12.399999999992));
#2448 = VECTOR('',#2449,1.);
#2449 = DIRECTION('',(-2.220446048728E-16,4.586331314727E-13,1.));
#2450 = ORIENTED_EDGE('',*,*,#2451,.F.);
#2451 = EDGE_CURVE('',#781,#2444,#2452,.T.);
#2452 = LINE('',#2453,#2454);
#2453 = CARTESIAN_POINT('',(-6.499999999997,11.431582439875,
    16.399999999995));
#2454 = VECTOR('',#2455,1.);
#2455 = DIRECTION('',(2.274526094962E-13,1.,-4.585776203214E-13));
#2456 = ORIENTED_EDGE('',*,*,#2421,.T.);
#2457 = PLANE('',#2458);
#2458 = AXIS2_PLACEMENT_3D('',#2459,#2460,#2461);
#2459 = CARTESIAN_POINT('',(-6.499999999997,11.431582439873,
    12.399999999995));
#2460 = DIRECTION('',(-1.,2.274526094962E-13,-2.220446049771E-16));
#2461 = DIRECTION('',(2.220446048728E-16,-4.586331314727E-13,-1.));
#2462 = ADVANCED_FACE('',(#2463),#2488,.T.);
#2463 = FACE_BOUND('',#2464,.F.);
#2464 = EDGE_LOOP('',(#2465,#2475,#2481,#2482));
#2465 = ORIENTED_EDGE('',*,*,#2466,.T.);
#2466 = EDGE_CURVE('',#2467,#2469,#2471,.T.);
#2467 = VERTEX_POINT('',#2468);
#2468 = CARTESIAN_POINT('',(-14.49999999999,17.431582439876,
    16.399999999992));
#2469 = VERTEX_POINT('',#2470);
#2470 = CARTESIAN_POINT('',(-14.49999999999,17.431582439875,
    12.399999999992));
#2471 = LINE('',#2472,#2473);
#2472 = CARTESIAN_POINT('',(-14.49999999999,17.431582439876,
    16.399999999992));
#2473 = VECTOR('',#2474,1.);
#2474 = DIRECTION('',(2.220446048728E-16,-4.586331314727E-13,-1.));
#2475 = ORIENTED_EDGE('',*,*,#2476,.T.);
#2476 = EDGE_CURVE('',#2469,#2436,#2477,.T.);
#2477 = LINE('',#2478,#2479);
#2478 = CARTESIAN_POINT('',(-14.49999999999,17.431582439875,
    12.399999999992));
#2479 = VECTOR('',#2480,1.);
#2480 = DIRECTION('',(1.,-2.274526094962E-13,2.220446049771E-16));
#2481 = ORIENTED_EDGE('',*,*,#2443,.T.);
#2482 = ORIENTED_EDGE('',*,*,#2483,.T.);
#2483 = EDGE_CURVE('',#2444,#2467,#2484,.T.);
#2484 = LINE('',#2485,#2486);
#2485 = CARTESIAN_POINT('',(-6.499999999996,17.431582439875,
    16.399999999992));
#2486 = VECTOR('',#2487,1.);
#2487 = DIRECTION('',(-1.,2.274526094962E-13,-2.220446049771E-16));
#2488 = PLANE('',#2489);
#2489 = AXIS2_PLACEMENT_3D('',#2490,#2491,#2492);
#2490 = CARTESIAN_POINT('',(-10.49999999999,17.431582439875,
    14.399999999992));
#2491 = DIRECTION('',(2.273736754432E-13,1.,-4.587441537751E-13));
#2492 = DIRECTION('',(2.220446049249E-16,-4.587441537751E-13,-1.));
#2493 = ADVANCED_FACE('',(#2494,#2507),#2518,.T.);
#2494 = FACE_BOUND('',#2495,.T.);
#2495 = EDGE_LOOP('',(#2496,#2497,#2498,#2504,#2505,#2506));
#2496 = ORIENTED_EDGE('',*,*,#1747,.F.);
#2497 = ORIENTED_EDGE('',*,*,#2388,.T.);
#2498 = ORIENTED_EDGE('',*,*,#2499,.T.);
#2499 = EDGE_CURVE('',#2381,#2469,#2500,.T.);
#2500 = LINE('',#2501,#2502);
#2501 = CARTESIAN_POINT('',(-14.5,7.75,12.4));
#2502 = VECTOR('',#2503,1.);
#2503 = DIRECTION('',(2.22044604925E-16,1.,2.465190328816E-32));
#2504 = ORIENTED_EDGE('',*,*,#2476,.T.);
#2505 = ORIENTED_EDGE('',*,*,#2435,.F.);
#2506 = ORIENTED_EDGE('',*,*,#2413,.T.);
#2507 = FACE_BOUND('',#2508,.T.);
#2508 = EDGE_LOOP('',(#2509));
#2509 = ORIENTED_EDGE('',*,*,#2510,.F.);
#2510 = EDGE_CURVE('',#2511,#2511,#2513,.T.);
#2511 = VERTEX_POINT('',#2512);
#2512 = CARTESIAN_POINT('',(-12.74999999999,14.431582439872,
    12.399999999993));
#2513 = CIRCLE('',#2514,2.25);
#2514 = AXIS2_PLACEMENT_3D('',#2515,#2516,#2517);
#2515 = CARTESIAN_POINT('',(-10.49999999999,14.431582439872,
    12.399999999993));
#2516 = DIRECTION('',(2.220446049249E-16,-8.072801423606E-13,-1.));
#2517 = DIRECTION('',(-1.,2.22044604925E-16,-2.22044604925E-16));
#2518 = PLANE('',#2519);
#2519 = AXIS2_PLACEMENT_3D('',#2520,#2521,#2522);
#2520 = CARTESIAN_POINT('',(-11.33182158029,13.422612800235,
    12.399999999996));
#2521 = DIRECTION('',(-2.572443524702E-14,-9.190330806667E-13,-1.));
#2522 = DIRECTION('',(0.,-1.,9.190330806667E-13));
#2523 = ADVANCED_FACE('',(#2524),#2543,.F.);
#2524 = FACE_BOUND('',#2525,.F.);
#2525 = EDGE_LOOP('',(#2526,#2534,#2541,#2542));
#2526 = ORIENTED_EDGE('',*,*,#2527,.F.);
#2527 = EDGE_CURVE('',#2528,#2511,#2530,.T.);
#2528 = VERTEX_POINT('',#2529);
#2529 = CARTESIAN_POINT('',(-12.74999999999,14.431582439876,
    16.399999999994));
#2530 = LINE('',#2531,#2532);
#2531 = CARTESIAN_POINT('',(-12.74999999999,14.431582439876,
    16.399999999994));
#2532 = VECTOR('',#2533,1.);
#2533 = DIRECTION('',(2.852641321479E-16,-8.072801423606E-13,-1.));
#2534 = ORIENTED_EDGE('',*,*,#2535,.T.);
#2535 = EDGE_CURVE('',#2528,#2528,#2536,.T.);
#2536 = CIRCLE('',#2537,2.25);
#2537 = AXIS2_PLACEMENT_3D('',#2538,#2539,#2540);
#2538 = CARTESIAN_POINT('',(-10.49999999999,14.431582439876,
    16.399999999994));
#2539 = DIRECTION('',(2.220446049249E-16,-8.072801423606E-13,-1.));
#2540 = DIRECTION('',(-1.,2.22044604925E-16,-2.22044604925E-16));
#2541 = ORIENTED_EDGE('',*,*,#2527,.T.);
#2542 = ORIENTED_EDGE('',*,*,#2510,.F.);
#2543 = CYLINDRICAL_SURFACE('',#2544,2.25);
#2544 = AXIS2_PLACEMENT_3D('',#2545,#2546,#2547);
#2545 = CARTESIAN_POINT('',(-10.49999999999,14.431582439876,
    16.399999999994));
#2546 = DIRECTION('',(2.220446049249E-16,-8.072801423606E-13,-1.));
#2547 = DIRECTION('',(-1.,2.22044604925E-16,-2.22044604925E-16));
#2548 = ADVANCED_FACE('',(#2549,#2590),#2601,.T.);
#2549 = FACE_BOUND('',#2550,.T.);
#2550 = EDGE_LOOP('',(#2551,#2552,#2560,#2568,#2576,#2584));
#2551 = ORIENTED_EDGE('',*,*,#2138,.T.);
#2552 = ORIENTED_EDGE('',*,*,#2553,.F.);
#2553 = EDGE_CURVE('',#2554,#2131,#2556,.T.);
#2554 = VERTEX_POINT('',#2555);
#2555 = CARTESIAN_POINT('',(-6.5,-11.43158243987,12.399999999999));
#2556 = LINE('',#2557,#2558);
#2557 = CARTESIAN_POINT('',(-6.5,-11.43158243987,12.4));
#2558 = VECTOR('',#2559,1.);
#2559 = DIRECTION('',(-1.,-2.22044604925E-16,-2.22044604925E-16));
#2560 = ORIENTED_EDGE('',*,*,#2561,.T.);
#2561 = EDGE_CURVE('',#2554,#2562,#2564,.T.);
#2562 = VERTEX_POINT('',#2563);
#2563 = CARTESIAN_POINT('',(-6.499999999996,-17.43158243987,
    12.399999999992));
#2564 = LINE('',#2565,#2566);
#2565 = CARTESIAN_POINT('',(-6.499999999997,-11.43158243987,
    12.399999999995));
#2566 = VECTOR('',#2567,1.);
#2567 = DIRECTION('',(2.274526094962E-13,-1.,-4.590217095313E-13));
#2568 = ORIENTED_EDGE('',*,*,#2569,.F.);
#2569 = EDGE_CURVE('',#2570,#2562,#2572,.T.);
#2570 = VERTEX_POINT('',#2571);
#2571 = CARTESIAN_POINT('',(-14.49999999999,-17.43158243987,
    12.399999999992));
#2572 = LINE('',#2573,#2574);
#2573 = CARTESIAN_POINT('',(-14.49999999999,-17.43158243987,
    12.399999999992));
#2574 = VECTOR('',#2575,1.);
#2575 = DIRECTION('',(1.,2.274526094962E-13,2.220446049772E-16));
#2576 = ORIENTED_EDGE('',*,*,#2577,.F.);
#2577 = EDGE_CURVE('',#2578,#2570,#2580,.T.);
#2578 = VERTEX_POINT('',#2579);
#2579 = CARTESIAN_POINT('',(-14.5,-7.75,12.4));
#2580 = LINE('',#2581,#2582);
#2581 = CARTESIAN_POINT('',(-14.49999999999,-11.43158243987,
    12.399999999995));
#2582 = VECTOR('',#2583,1.);
#2583 = DIRECTION('',(2.274526094962E-13,-1.,-4.590217095313E-13));
#2584 = ORIENTED_EDGE('',*,*,#2585,.F.);
#2585 = EDGE_CURVE('',#2122,#2578,#2586,.T.);
#2586 = LINE('',#2587,#2588);
#2587 = CARTESIAN_POINT('',(-6.5,-7.75,12.4));
#2588 = VECTOR('',#2589,1.);
#2589 = DIRECTION('',(-1.,-2.22044604925E-16,-2.22044604925E-16));
#2590 = FACE_BOUND('',#2591,.T.);
#2591 = EDGE_LOOP('',(#2592));
#2592 = ORIENTED_EDGE('',*,*,#2593,.F.);
#2593 = EDGE_CURVE('',#2594,#2594,#2596,.T.);
#2594 = VERTEX_POINT('',#2595);
#2595 = CARTESIAN_POINT('',(-12.74999999999,-14.43158243987,
    12.399999999993));
#2596 = CIRCLE('',#2597,2.25);
#2597 = AXIS2_PLACEMENT_3D('',#2598,#2599,#2600);
#2598 = CARTESIAN_POINT('',(-10.49999999999,-14.43158243987,
    12.399999999993));
#2599 = DIRECTION('',(2.220446049249E-16,8.077242315704E-13,-1.));
#2600 = DIRECTION('',(-1.,-2.22044604925E-16,-2.22044604925E-16));
#2601 = PLANE('',#2602);
#2602 = AXIS2_PLACEMENT_3D('',#2603,#2604,#2605);
#2603 = CARTESIAN_POINT('',(-11.33182158029,-13.42261280023,
    12.399999999996));
#2604 = DIRECTION('',(-2.573246574881E-14,9.193616816492E-13,-1.));
#2605 = DIRECTION('',(0.,-1.,-9.193616816492E-13));
#2606 = ADVANCED_FACE('',(#2607),#2630,.F.);
#2607 = FACE_BOUND('',#2608,.F.);
#2608 = EDGE_LOOP('',(#2609,#2610,#2618,#2624));
#2609 = ORIENTED_EDGE('',*,*,#2561,.T.);
#2610 = ORIENTED_EDGE('',*,*,#2611,.T.);
#2611 = EDGE_CURVE('',#2562,#2612,#2614,.T.);
#2612 = VERTEX_POINT('',#2613);
#2613 = CARTESIAN_POINT('',(-6.499999999996,-17.43158243987,
    16.399999999992));
#2614 = LINE('',#2615,#2616);
#2615 = CARTESIAN_POINT('',(-6.499999999996,-17.43158243987,
    12.399999999992));
#2616 = VECTOR('',#2617,1.);
#2617 = DIRECTION('',(-2.220446048728E-16,-4.590772206825E-13,1.));
#2618 = ORIENTED_EDGE('',*,*,#2619,.F.);
#2619 = EDGE_CURVE('',#1834,#2612,#2620,.T.);
#2620 = LINE('',#2621,#2622);
#2621 = CARTESIAN_POINT('',(-6.499999999997,-11.43158243987,
    16.399999999995));
#2622 = VECTOR('',#2623,1.);
#2623 = DIRECTION('',(2.274526094962E-13,-1.,-4.590217095313E-13));
#2624 = ORIENTED_EDGE('',*,*,#2625,.T.);
#2625 = EDGE_CURVE('',#1834,#2554,#2626,.T.);
#2626 = LINE('',#2627,#2628);
#2627 = CARTESIAN_POINT('',(-6.5,-11.43158243988,28.799999999994));
#2628 = VECTOR('',#2629,1.);
#2629 = DIRECTION('',(0.,5.619948950653E-13,-1.));
#2630 = PLANE('',#2631);
#2631 = AXIS2_PLACEMENT_3D('',#2632,#2633,#2634);
#2632 = CARTESIAN_POINT('',(-6.499999999997,-11.43158243987,
    12.399999999995));
#2633 = DIRECTION('',(-1.,-2.274526094962E-13,-2.220446049772E-16));
#2634 = DIRECTION('',(-2.220446048728E-16,-4.590772206825E-13,1.));
#2635 = ADVANCED_FACE('',(#2636),#2654,.T.);
#2636 = FACE_BOUND('',#2637,.T.);
#2637 = EDGE_LOOP('',(#2638,#2646,#2647,#2648));
#2638 = ORIENTED_EDGE('',*,*,#2639,.T.);
#2639 = EDGE_CURVE('',#2640,#2570,#2642,.T.);
#2640 = VERTEX_POINT('',#2641);
#2641 = CARTESIAN_POINT('',(-14.49999999999,-17.43158243987,
    16.399999999992));
#2642 = LINE('',#2643,#2644);
#2643 = CARTESIAN_POINT('',(-14.49999999999,-17.43158243987,
    16.399999999992));
#2644 = VECTOR('',#2645,1.);
#2645 = DIRECTION('',(2.220446048728E-16,4.590772206825E-13,-1.));
#2646 = ORIENTED_EDGE('',*,*,#2569,.T.);
#2647 = ORIENTED_EDGE('',*,*,#2611,.T.);
#2648 = ORIENTED_EDGE('',*,*,#2649,.T.);
#2649 = EDGE_CURVE('',#2612,#2640,#2650,.T.);
#2650 = LINE('',#2651,#2652);
#2651 = CARTESIAN_POINT('',(-6.499999999996,-17.43158243987,
    16.399999999992));
#2652 = VECTOR('',#2653,1.);
#2653 = DIRECTION('',(-1.,-2.274526094962E-13,-2.220446049772E-16));
#2654 = PLANE('',#2655);
#2655 = AXIS2_PLACEMENT_3D('',#2656,#2657,#2658);
#2656 = CARTESIAN_POINT('',(-10.49999999999,-17.43158243987,
    14.399999999992));
#2657 = DIRECTION('',(2.273736754432E-13,-1.,-4.59188242985E-13));
#2658 = DIRECTION('',(-2.220446049249E-16,-4.59188242985E-13,1.));
#2659 = ADVANCED_FACE('',(#2660),#2679,.F.);
#2660 = FACE_BOUND('',#2661,.T.);
#2661 = EDGE_LOOP('',(#2662,#2670,#2677,#2678));
#2662 = ORIENTED_EDGE('',*,*,#2663,.F.);
#2663 = EDGE_CURVE('',#2664,#2594,#2666,.T.);
#2664 = VERTEX_POINT('',#2665);
#2665 = CARTESIAN_POINT('',(-12.74999999999,-14.43158243987,
    16.399999999994));
#2666 = LINE('',#2667,#2668);
#2667 = CARTESIAN_POINT('',(-12.74999999999,-14.43158243987,
    16.399999999994));
#2668 = VECTOR('',#2669,1.);
#2669 = DIRECTION('',(2.852641321479E-16,8.077242315704E-13,-1.));
#2670 = ORIENTED_EDGE('',*,*,#2671,.T.);
#2671 = EDGE_CURVE('',#2664,#2664,#2672,.T.);
#2672 = CIRCLE('',#2673,2.25);
#2673 = AXIS2_PLACEMENT_3D('',#2674,#2675,#2676);
#2674 = CARTESIAN_POINT('',(-10.49999999999,-14.43158243987,
    16.399999999994));
#2675 = DIRECTION('',(-2.220446049249E-16,-8.077242315704E-13,1.));
#2676 = DIRECTION('',(-1.,-2.22044604925E-16,-2.22044604925E-16));
#2677 = ORIENTED_EDGE('',*,*,#2663,.T.);
#2678 = ORIENTED_EDGE('',*,*,#2593,.T.);
#2679 = CYLINDRICAL_SURFACE('',#2680,2.25);
#2680 = AXIS2_PLACEMENT_3D('',#2681,#2682,#2683);
#2681 = CARTESIAN_POINT('',(-10.49999999999,-14.43158243987,
    16.399999999994));
#2682 = DIRECTION('',(2.220446049249E-16,8.077242315704E-13,-1.));
#2683 = DIRECTION('',(-1.,-2.22044604925E-16,-2.22044604925E-16));
#2684 = ADVANCED_FACE('',(#2685,#2726),#2737,.T.);
#2685 = FACE_BOUND('',#2686,.T.);
#2686 = EDGE_LOOP('',(#2687,#2688,#2696,#2704,#2712,#2720));
#2687 = ORIENTED_EDGE('',*,*,#2107,.F.);
#2688 = ORIENTED_EDGE('',*,*,#2689,.T.);
#2689 = EDGE_CURVE('',#2091,#2690,#2692,.T.);
#2690 = VERTEX_POINT('',#2691);
#2691 = CARTESIAN_POINT('',(14.5,-7.75,12.4));
#2692 = LINE('',#2693,#2694);
#2693 = CARTESIAN_POINT('',(6.5,-7.75,12.4));
#2694 = VECTOR('',#2695,1.);
#2695 = DIRECTION('',(1.,0.,0.));
#2696 = ORIENTED_EDGE('',*,*,#2697,.T.);
#2697 = EDGE_CURVE('',#2690,#2698,#2700,.T.);
#2698 = VERTEX_POINT('',#2699);
#2699 = CARTESIAN_POINT('',(14.499999999996,-17.43158243987,
    12.399999999992));
#2700 = LINE('',#2701,#2702);
#2701 = CARTESIAN_POINT('',(14.5,-7.75,12.4));
#2702 = VECTOR('',#2703,1.);
#2703 = DIRECTION('',(-0.,-1.,-4.440892098501E-16));
#2704 = ORIENTED_EDGE('',*,*,#2705,.T.);
#2705 = EDGE_CURVE('',#2698,#2706,#2708,.T.);
#2706 = VERTEX_POINT('',#2707);
#2707 = CARTESIAN_POINT('',(6.499999999996,-17.43158243987,
    12.399999999992));
#2708 = LINE('',#2709,#2710);
#2709 = CARTESIAN_POINT('',(14.499999999996,-17.43158243987,
    12.399999999992));
#2710 = VECTOR('',#2711,1.);
#2711 = DIRECTION('',(-1.,2.272305648912E-13,5.220359571005E-26));
#2712 = ORIENTED_EDGE('',*,*,#2713,.F.);
#2713 = EDGE_CURVE('',#2714,#2706,#2716,.T.);
#2714 = VERTEX_POINT('',#2715);
#2715 = CARTESIAN_POINT('',(6.5,-11.43158243987,12.399999999999));
#2716 = LINE('',#2717,#2718);
#2717 = CARTESIAN_POINT('',(6.499999999997,-11.43158243987,
    12.399999999995));
#2718 = VECTOR('',#2719,1.);
#2719 = DIRECTION('',(-2.272305648912E-13,-1.,-4.590217095313E-13));
#2720 = ORIENTED_EDGE('',*,*,#2721,.T.);
#2721 = EDGE_CURVE('',#2714,#2100,#2722,.T.);
#2722 = LINE('',#2723,#2724);
#2723 = CARTESIAN_POINT('',(6.5,-11.43158243987,12.4));
#2724 = VECTOR('',#2725,1.);
#2725 = DIRECTION('',(1.,0.,0.));
#2726 = FACE_BOUND('',#2727,.T.);
#2727 = EDGE_LOOP('',(#2728));
#2728 = ORIENTED_EDGE('',*,*,#2729,.F.);
#2729 = EDGE_CURVE('',#2730,#2730,#2732,.T.);
#2730 = VERTEX_POINT('',#2731);
#2731 = CARTESIAN_POINT('',(12.749999999996,-14.43158243987,
    12.399999999993));
#2732 = CIRCLE('',#2733,2.25);
#2733 = AXIS2_PLACEMENT_3D('',#2734,#2735,#2736);
#2734 = CARTESIAN_POINT('',(10.499999999996,-14.43158243987,
    12.399999999993));
#2735 = DIRECTION('',(0.,8.077242315704E-13,-1.));
#2736 = DIRECTION('',(1.,0.,0.));
#2737 = PLANE('',#2738);
#2738 = AXIS2_PLACEMENT_3D('',#2739,#2740,#2741);
#2739 = CARTESIAN_POINT('',(11.331821580296,-13.42261280023,
    12.399999999996));
#2740 = DIRECTION('',(2.594730277735E-14,9.19501426779E-13,-1.));
#2741 = DIRECTION('',(0.,-1.,-9.19501426779E-13));
#2742 = ADVANCED_FACE('',(#2743),#2766,.F.);
#2743 = FACE_BOUND('',#2744,.T.);
#2744 = EDGE_LOOP('',(#2745,#2746,#2754,#2760));
#2745 = ORIENTED_EDGE('',*,*,#2713,.T.);
#2746 = ORIENTED_EDGE('',*,*,#2747,.T.);
#2747 = EDGE_CURVE('',#2706,#2748,#2750,.T.);
#2748 = VERTEX_POINT('',#2749);
#2749 = CARTESIAN_POINT('',(6.499999999996,-17.43158243987,
    16.399999999992));
#2750 = LINE('',#2751,#2752);
#2751 = CARTESIAN_POINT('',(6.499999999996,-17.43158243987,
    12.399999999992));
#2752 = VECTOR('',#2753,1.);
#2753 = DIRECTION('',(-5.211278047433E-26,-4.590772206825E-13,1.));
#2754 = ORIENTED_EDGE('',*,*,#2755,.F.);
#2755 = EDGE_CURVE('',#1802,#2748,#2756,.T.);
#2756 = LINE('',#2757,#2758);
#2757 = CARTESIAN_POINT('',(6.499999999997,-11.43158243987,
    16.399999999995));
#2758 = VECTOR('',#2759,1.);
#2759 = DIRECTION('',(-2.272305648912E-13,-1.,-4.590217095313E-13));
#2760 = ORIENTED_EDGE('',*,*,#2761,.F.);
#2761 = EDGE_CURVE('',#2714,#1802,#2762,.T.);
#2762 = LINE('',#2763,#2764);
#2763 = CARTESIAN_POINT('',(6.5,-11.43158243986,-4.000000000006));
#2764 = VECTOR('',#2765,1.);
#2765 = DIRECTION('',(0.,-5.619948950653E-13,1.));
#2766 = PLANE('',#2767);
#2767 = AXIS2_PLACEMENT_3D('',#2768,#2769,#2770);
#2768 = CARTESIAN_POINT('',(6.499999999997,-11.43158243987,
    12.399999999995));
#2769 = DIRECTION('',(1.,-2.272305648912E-13,-5.220359571005E-26));
#2770 = DIRECTION('',(5.211278047433E-26,4.590772206825E-13,-1.));
#2771 = ADVANCED_FACE('',(#2772),#2790,.T.);
#2772 = FACE_BOUND('',#2773,.F.);
#2773 = EDGE_LOOP('',(#2774,#2782,#2783,#2784));
#2774 = ORIENTED_EDGE('',*,*,#2775,.T.);
#2775 = EDGE_CURVE('',#2776,#2698,#2778,.T.);
#2776 = VERTEX_POINT('',#2777);
#2777 = CARTESIAN_POINT('',(14.499999999996,-17.43158243987,
    16.399999999992));
#2778 = LINE('',#2779,#2780);
#2779 = CARTESIAN_POINT('',(14.499999999996,-17.43158243987,
    16.399999999992));
#2780 = VECTOR('',#2781,1.);
#2781 = DIRECTION('',(5.211278047433E-26,4.590772206825E-13,-1.));
#2782 = ORIENTED_EDGE('',*,*,#2705,.T.);
#2783 = ORIENTED_EDGE('',*,*,#2747,.T.);
#2784 = ORIENTED_EDGE('',*,*,#2785,.T.);
#2785 = EDGE_CURVE('',#2748,#2776,#2786,.T.);
#2786 = LINE('',#2787,#2788);
#2787 = CARTESIAN_POINT('',(6.499999999996,-17.43158243987,
    16.399999999992));
#2788 = VECTOR('',#2789,1.);
#2789 = DIRECTION('',(1.,-2.272305648912E-13,-5.220359571005E-26));
#2790 = PLANE('',#2791);
#2791 = AXIS2_PLACEMENT_3D('',#2792,#2793,#2794);
#2792 = CARTESIAN_POINT('',(10.499999999996,-17.43158243987,
    14.399999999992));
#2793 = DIRECTION('',(-2.271516308383E-13,-1.,-4.59188242985E-13));
#2794 = DIRECTION('',(0.,4.59188242985E-13,-1.));
#2795 = ADVANCED_FACE('',(#2796),#2815,.F.);
#2796 = FACE_BOUND('',#2797,.F.);
#2797 = EDGE_LOOP('',(#2798,#2806,#2813,#2814));
#2798 = ORIENTED_EDGE('',*,*,#2799,.F.);
#2799 = EDGE_CURVE('',#2800,#2730,#2802,.T.);
#2800 = VERTEX_POINT('',#2801);
#2801 = CARTESIAN_POINT('',(12.749999999996,-14.43158243987,
    16.399999999994));
#2802 = LINE('',#2803,#2804);
#2803 = CARTESIAN_POINT('',(12.749999999996,-14.43158243987,
    16.399999999994));
#2804 = VECTOR('',#2805,1.);
#2805 = DIRECTION('',(-6.321952722309E-17,8.077242315704E-13,-1.));
#2806 = ORIENTED_EDGE('',*,*,#2807,.T.);
#2807 = EDGE_CURVE('',#2800,#2800,#2808,.T.);
#2808 = CIRCLE('',#2809,2.25);
#2809 = AXIS2_PLACEMENT_3D('',#2810,#2811,#2812);
#2810 = CARTESIAN_POINT('',(10.499999999996,-14.43158243987,
    16.399999999994));
#2811 = DIRECTION('',(0.,8.077242315704E-13,-1.));
#2812 = DIRECTION('',(1.,0.,0.));
#2813 = ORIENTED_EDGE('',*,*,#2799,.T.);
#2814 = ORIENTED_EDGE('',*,*,#2729,.F.);
#2815 = CYLINDRICAL_SURFACE('',#2816,2.25);
#2816 = AXIS2_PLACEMENT_3D('',#2817,#2818,#2819);
#2817 = CARTESIAN_POINT('',(10.499999999996,-14.43158243987,
    16.399999999994));
#2818 = DIRECTION('',(0.,8.077242315704E-13,-1.));
#2819 = DIRECTION('',(1.,0.,0.));
#2820 = ADVANCED_FACE('',(#2821),#2839,.T.);
#2821 = FACE_BOUND('',#2822,.T.);
#2822 = EDGE_LOOP('',(#2823,#2831,#2837,#2838));
#2823 = ORIENTED_EDGE('',*,*,#2824,.F.);
#2824 = EDGE_CURVE('',#2825,#2690,#2827,.T.);
#2825 = VERTEX_POINT('',#2826);
#2826 = CARTESIAN_POINT('',(14.5,-7.75,16.4));
#2827 = LINE('',#2828,#2829);
#2828 = CARTESIAN_POINT('',(14.5,-7.75,16.4));
#2829 = VECTOR('',#2830,1.);
#2830 = DIRECTION('',(0.,4.440892098501E-16,-1.));
#2831 = ORIENTED_EDGE('',*,*,#2832,.F.);
#2832 = EDGE_CURVE('',#2776,#2825,#2833,.T.);
#2833 = LINE('',#2834,#2835);
#2834 = CARTESIAN_POINT('',(14.5,-11.43158243987,16.4));
#2835 = VECTOR('',#2836,1.);
#2836 = DIRECTION('',(0.,1.,4.440892098501E-16));
#2837 = ORIENTED_EDGE('',*,*,#2775,.T.);
#2838 = ORIENTED_EDGE('',*,*,#2697,.F.);
#2839 = PLANE('',#2840);
#2840 = AXIS2_PLACEMENT_3D('',#2841,#2842,#2843);
#2841 = CARTESIAN_POINT('',(14.499999999998,-12.59079121993,
    14.399999999996));
#2842 = DIRECTION('',(1.,-4.066197849018E-13,0.));
#2843 = DIRECTION('',(4.066197849018E-13,1.,0.));
#2844 = ADVANCED_FACE('',(#2845,#2857),#2860,.T.);
#2845 = FACE_BOUND('',#2846,.T.);
#2846 = EDGE_LOOP('',(#2847,#2848,#2849,#2850,#2851));
#2847 = ORIENTED_EDGE('',*,*,#2372,.F.);
#2848 = ORIENTED_EDGE('',*,*,#788,.F.);
#2849 = ORIENTED_EDGE('',*,*,#2451,.T.);
#2850 = ORIENTED_EDGE('',*,*,#2483,.T.);
#2851 = ORIENTED_EDGE('',*,*,#2852,.F.);
#2852 = EDGE_CURVE('',#2373,#2467,#2853,.T.);
#2853 = LINE('',#2854,#2855);
#2854 = CARTESIAN_POINT('',(-14.49999999999,11.431582439876,
    16.399999999995));
#2855 = VECTOR('',#2856,1.);
#2856 = DIRECTION('',(2.274526094962E-13,1.,-4.585776203214E-13));
#2857 = FACE_BOUND('',#2858,.T.);
#2858 = EDGE_LOOP('',(#2859));
#2859 = ORIENTED_EDGE('',*,*,#2535,.T.);
#2860 = PLANE('',#2861);
#2861 = AXIS2_PLACEMENT_3D('',#2862,#2863,#2864);
#2862 = CARTESIAN_POINT('',(-10.49999999999,12.590791219938,
    16.399999999996));
#2863 = DIRECTION('',(-2.431618497754E-16,8.072801423606E-13,1.));
#2864 = DIRECTION('',(0.,1.,-8.072801423606E-13));
#2865 = ADVANCED_FACE('',(#2866,#2878),#2881,.T.);
#2866 = FACE_BOUND('',#2867,.T.);
#2867 = EDGE_LOOP('',(#2868,#2874,#2875,#2876,#2877));
#2868 = ORIENTED_EDGE('',*,*,#2869,.F.);
#2869 = EDGE_CURVE('',#1810,#2825,#2870,.T.);
#2870 = LINE('',#2871,#2872);
#2871 = CARTESIAN_POINT('',(6.5,-7.75,16.4));
#2872 = VECTOR('',#2873,1.);
#2873 = DIRECTION('',(1.,0.,0.));
#2874 = ORIENTED_EDGE('',*,*,#1809,.F.);
#2875 = ORIENTED_EDGE('',*,*,#2755,.T.);
#2876 = ORIENTED_EDGE('',*,*,#2785,.T.);
#2877 = ORIENTED_EDGE('',*,*,#2832,.T.);
#2878 = FACE_BOUND('',#2879,.T.);
#2879 = EDGE_LOOP('',(#2880));
#2880 = ORIENTED_EDGE('',*,*,#2807,.T.);
#2881 = PLANE('',#2882);
#2882 = AXIS2_PLACEMENT_3D('',#2883,#2884,#2885);
#2883 = CARTESIAN_POINT('',(10.499999999998,-12.59079121993,
    16.399999999996));
#2884 = DIRECTION('',(0.,-8.076717594017E-13,1.));
#2885 = DIRECTION('',(0.,1.,8.076717594017E-13));
#2886 = ADVANCED_FACE('',(#2887,#2906),#2909,.T.);
#2887 = FACE_BOUND('',#2888,.T.);
#2888 = EDGE_LOOP('',(#2889,#2897,#2903,#2904,#2905));
#2889 = ORIENTED_EDGE('',*,*,#2890,.T.);
#2890 = EDGE_CURVE('',#1836,#2891,#2893,.T.);
#2891 = VERTEX_POINT('',#2892);
#2892 = CARTESIAN_POINT('',(-14.5,-7.75,16.4));
#2893 = LINE('',#2894,#2895);
#2894 = CARTESIAN_POINT('',(-6.5,-7.75,16.4));
#2895 = VECTOR('',#2896,1.);
#2896 = DIRECTION('',(-1.,-2.22044604925E-16,-2.22044604925E-16));
#2897 = ORIENTED_EDGE('',*,*,#2898,.F.);
#2898 = EDGE_CURVE('',#2640,#2891,#2899,.T.);
#2899 = LINE('',#2900,#2901);
#2900 = CARTESIAN_POINT('',(-14.5,-11.43158243987,16.4));
#2901 = VECTOR('',#2902,1.);
#2902 = DIRECTION('',(-2.22044604925E-16,1.,4.440892098501E-16));
#2903 = ORIENTED_EDGE('',*,*,#2649,.F.);
#2904 = ORIENTED_EDGE('',*,*,#2619,.F.);
#2905 = ORIENTED_EDGE('',*,*,#1833,.T.);
#2906 = FACE_BOUND('',#2907,.T.);
#2907 = EDGE_LOOP('',(#2908));
#2908 = ORIENTED_EDGE('',*,*,#2671,.F.);
#2909 = PLANE('',#2910);
#2910 = AXIS2_PLACEMENT_3D('',#2911,#2912,#2913);
#2911 = CARTESIAN_POINT('',(-10.49999999999,-12.59079121993,
    16.399999999996));
#2912 = DIRECTION('',(-2.933936897545E-16,-8.077355817793E-13,1.));
#2913 = DIRECTION('',(0.,1.,8.077355817793E-13));
#2914 = ADVANCED_FACE('',(#2915),#2936,.T.);
#2915 = FACE_BOUND('',#2916,.T.);
#2916 = EDGE_LOOP('',(#2917,#2918,#2919,#2920,#2921,#2927,#2928,#2929,
    #2930,#2931,#2932,#2933,#2934,#2935));
#2917 = ORIENTED_EDGE('',*,*,#117,.T.);
#2918 = ORIENTED_EDGE('',*,*,#1105,.T.);
#2919 = ORIENTED_EDGE('',*,*,#2121,.T.);
#2920 = ORIENTED_EDGE('',*,*,#2585,.T.);
#2921 = ORIENTED_EDGE('',*,*,#2922,.F.);
#2922 = EDGE_CURVE('',#2891,#2578,#2923,.T.);
#2923 = LINE('',#2924,#2925);
#2924 = CARTESIAN_POINT('',(-14.5,-7.75,16.4));
#2925 = VECTOR('',#2926,1.);
#2926 = DIRECTION('',(2.22044604925E-16,4.440892098501E-16,-1.));
#2927 = ORIENTED_EDGE('',*,*,#2890,.F.);
#2928 = ORIENTED_EDGE('',*,*,#1874,.T.);
#2929 = ORIENTED_EDGE('',*,*,#845,.F.);
#2930 = ORIENTED_EDGE('',*,*,#1817,.F.);
#2931 = ORIENTED_EDGE('',*,*,#2869,.T.);
#2932 = ORIENTED_EDGE('',*,*,#2824,.T.);
#2933 = ORIENTED_EDGE('',*,*,#2689,.F.);
#2934 = ORIENTED_EDGE('',*,*,#2090,.F.);
#2935 = ORIENTED_EDGE('',*,*,#952,.F.);
#2936 = PLANE('',#2937);
#2937 = AXIS2_PLACEMENT_3D('',#2938,#2939,#2940);
#2938 = CARTESIAN_POINT('',(1.998094892779E-15,-7.75,14.32995499415));
#2939 = DIRECTION('',(0.,1.,0.));
#2940 = DIRECTION('',(0.,0.,1.));
#2941 = ADVANCED_FACE('',(#2942),#2948,.T.);
#2942 = FACE_BOUND('',#2943,.T.);
#2943 = EDGE_LOOP('',(#2944,#2945,#2946,#2947));
#2944 = ORIENTED_EDGE('',*,*,#2380,.F.);
#2945 = ORIENTED_EDGE('',*,*,#2852,.T.);
#2946 = ORIENTED_EDGE('',*,*,#2466,.T.);
#2947 = ORIENTED_EDGE('',*,*,#2499,.F.);
#2948 = PLANE('',#2949);
#2949 = AXIS2_PLACEMENT_3D('',#2950,#2951,#2952);
#2950 = CARTESIAN_POINT('',(-14.49999999999,12.590791219938,
    14.399999999996));
#2951 = DIRECTION('',(-1.,4.06688939392E-13,0.));
#2952 = DIRECTION('',(-4.06688939392E-13,-1.,0.));
#2953 = ADVANCED_FACE('',(#2954),#2960,.T.);
#2954 = FACE_BOUND('',#2955,.T.);
#2955 = EDGE_LOOP('',(#2956,#2957,#2958,#2959));
#2956 = ORIENTED_EDGE('',*,*,#2922,.T.);
#2957 = ORIENTED_EDGE('',*,*,#2577,.T.);
#2958 = ORIENTED_EDGE('',*,*,#2639,.F.);
#2959 = ORIENTED_EDGE('',*,*,#2898,.T.);
#2960 = PLANE('',#2961);
#2961 = AXIS2_PLACEMENT_3D('',#2962,#2963,#2964);
#2962 = CARTESIAN_POINT('',(-14.49999999999,-12.59079121993,
    14.399999999996));
#2963 = DIRECTION('',(-1.,-4.068121326873E-13,-0.));
#2964 = DIRECTION('',(4.068121326873E-13,-1.,0.));
#2965 = ADVANCED_FACE('',(#2966),#2978,.T.);
#2966 = FACE_BOUND('',#2967,.T.);
#2967 = EDGE_LOOP('',(#2968,#2969,#2970,#2971,#2972,#2973,#2974,#2975,
    #2976,#2977));
#2968 = ORIENTED_EDGE('',*,*,#2176,.T.);
#2969 = ORIENTED_EDGE('',*,*,#1342,.T.);
#2970 = ORIENTED_EDGE('',*,*,#968,.T.);
#2971 = ORIENTED_EDGE('',*,*,#2099,.T.);
#2972 = ORIENTED_EDGE('',*,*,#2721,.F.);
#2973 = ORIENTED_EDGE('',*,*,#2761,.T.);
#2974 = ORIENTED_EDGE('',*,*,#1801,.T.);
#2975 = ORIENTED_EDGE('',*,*,#1793,.F.);
#2976 = ORIENTED_EDGE('',*,*,#2273,.F.);
#2977 = ORIENTED_EDGE('',*,*,#2184,.F.);
#2978 = PLANE('',#2979);
#2979 = AXIS2_PLACEMENT_3D('',#2980,#2981,#2982);
#2980 = CARTESIAN_POINT('',(6.592235570106,-11.43158243987,
    13.957218265082));
#2981 = DIRECTION('',(-2.621386954634E-13,-1.,-4.563676614618E-13));
#2982 = DIRECTION('',(0.,4.563676614618E-13,-1.));
#2983 = ADVANCED_FACE('',(#2984),#2996,.T.);
#2984 = FACE_BOUND('',#2985,.T.);
#2985 = EDGE_LOOP('',(#2986,#2987,#2988,#2989,#2990,#2991,#2992,#2993,
    #2994,#2995));
#2986 = ORIENTED_EDGE('',*,*,#2220,.T.);
#2987 = ORIENTED_EDGE('',*,*,#2210,.F.);
#2988 = ORIENTED_EDGE('',*,*,#2290,.F.);
#2989 = ORIENTED_EDGE('',*,*,#1851,.F.);
#2990 = ORIENTED_EDGE('',*,*,#1843,.T.);
#2991 = ORIENTED_EDGE('',*,*,#2625,.T.);
#2992 = ORIENTED_EDGE('',*,*,#2553,.T.);
#2993 = ORIENTED_EDGE('',*,*,#2130,.F.);
#2994 = ORIENTED_EDGE('',*,*,#1089,.T.);
#2995 = ORIENTED_EDGE('',*,*,#1406,.T.);
#2996 = PLANE('',#2997);
#2997 = AXIS2_PLACEMENT_3D('',#2998,#2999,#3000);
#2998 = CARTESIAN_POINT('',(-6.592235570066,-11.43158243987,
    13.957218265083));
#2999 = DIRECTION('',(2.626221208789E-13,-1.,-4.563679269991E-13));
#3000 = DIRECTION('',(0.,4.563679269991E-13,-1.));
#3001 = ( GEOMETRIC_REPRESENTATION_CONTEXT(3) 
GLOBAL_UNCERTAINTY_ASSIGNED_CONTEXT((#3005)) 
GLOBAL_UNIT_ASSIGNED_CONTEXT((#3002,#3003,#3004)) REPRESENTATION_CONTEXT
('Context #1','3D Context with UNIT and UNCERTAINTY') );
#3002 = ( LENGTH_UNIT() NAMED_UNIT(*) SI_UNIT(.MILLI.,.METRE.) );
#3003 = ( NAMED_UNIT(*) PLANE_ANGLE_UNIT() SI_UNIT($,.RADIAN.) );
#3004 = ( NAMED_UNIT(*) SI_UNIT($,.STERADIAN.) SOLID_ANGLE_UNIT() );
#3005 = UNCERTAINTY_MEASURE_WITH_UNIT(LENGTH_MEASURE(2.E-06),#3002,
  'distance_accuracy_value','confusion accuracy');
#3006 = PRODUCT_RELATED_PRODUCT_CATEGORY('part',$,(#7));
#3007 = MECHANICAL_DESIGN_GEOMETRIC_PRESENTATION_REPRESENTATION('',(
    #3008),#3001);
#3008 = STYLED_ITEM('color',(#3009),#15);
#3009 = PRESENTATION_STYLE_ASSIGNMENT((#3010,#3016));
#3010 = SURFACE_STYLE_USAGE(.BOTH.,#3011);
#3011 = SURFACE_SIDE_STYLE('',(#3012));
#3012 = SURFACE_STYLE_FILL_AREA(#3013);
#3013 = FILL_AREA_STYLE('',(#3014));
#3014 = FILL_AREA_STYLE_COLOUR('',#3015);
#3015 = COLOUR_RGB('',0.447058818107,0.474509808674,0.501960817233);
#3016 = CURVE_STYLE('',#3017,POSITIVE_LENGTH_MEASURE(0.1),#3018);
#3017 = DRAUGHTING_PRE_DEFINED_CURVE_FONT('continuous');
#3018 = COLOUR_RGB('',9.803921802644E-02,9.803921802644E-02,
  9.803921802644E-02);
ENDSEC;
END-ISO-10303-21;
