ISO-10303-21;
HEADER;
FILE_DESCRIPTION(('FreeCAD Model'),'2;1');
FILE_NAME('Open CASCADE Shape Model','2026-01-29T18:58:23',(''),(''),
  'Open CASCADE STEP processor 7.8','FreeCAD','Unknown');
FILE_SCHEMA(('AUTOMOTIVE_DESIGN { 1 0 10303 214 1 1 1 1 }'));
ENDSEC;
DATA;
#1 = APPLICATION_PROTOCOL_DEFINITION('international standard',
  'automotive_design',2000,#2);
#2 = APPLICATION_CONTEXT(
  'core data for automotive mechanical design processes');
#3 = SHAPE_DEFINITION_REPRESENTATION(#4,#10);
#4 = PRODUCT_DEFINITION_SHAPE('','',#5);
#5 = PRODUCT_DEFINITION('design','',#6,#9);
#6 = PRODUCT_DEFINITION_FORMATION('','',#7);
#7 = PRODUCT('M4x9-Screw','M4x9-Screw','',(#8));
#8 = PRODUCT_CONTEXT('',#2,'mechanical');
#9 = PRODUCT_DEFINITION_CONTEXT('part definition',#2,'design');
#10 = ADVANCED_BREP_SHAPE_REPRESENTATION('',(#11,#15),#6393);
#11 = AXIS2_PLACEMENT_3D('',#12,#13,#14);
#12 = CARTESIAN_POINT('',(0.,0.,0.));
#13 = DIRECTION('',(0.,0.,1.));
#14 = DIRECTION('',(1.,0.,-0.));
#15 = MANIFOLD_SOLID_BREP('',#16);
#16 = CLOSED_SHELL('',(#17,#200,#226,#260,#285,#310,#335,#361,#387,#412,
    #437,#462,#488,#514,#539,#564,#589,#615,#641,#666,#691,#716,#734,
    #759,#796,#816,#842,#1104,#1146,#1239,#1268,#1518,#1568,#1684,#1718,
    #1932,#1982,#2098,#2132,#2354,#2404,#2520,#2554,#2776,#2826,#2942,
    #2976,#3192,#3242,#3358,#3392,#3596,#3646,#3762,#3796,#3996,#4046,
    #4162,#4196,#4405,#4455,#4571,#4605,#4819,#4869,#4985,#5019,#5223,
    #5273,#5389,#5423,#5633,#5683,#5799,#5833,#5953,#6003,#6146,#6200,
    #6258,#6302));
#17 = ADVANCED_FACE('',(#18,#29),#195,.T.);
#18 = FACE_BOUND('',#19,.F.);
#19 = EDGE_LOOP('',(#20));
#20 = ORIENTED_EDGE('',*,*,#21,.F.);
#21 = EDGE_CURVE('',#22,#22,#24,.T.);
#22 = VERTEX_POINT('',#23);
#23 = CARTESIAN_POINT('',(2.905997005226,0.,2.6));
#24 = CIRCLE('',#25,2.905997005226);
#25 = AXIS2_PLACEMENT_3D('',#26,#27,#28);
#26 = CARTESIAN_POINT('',(0.,0.,2.6));
#27 = DIRECTION('',(0.,0.,1.));
#28 = DIRECTION('',(1.,0.,-0.));
#29 = FACE_BOUND('',#30,.F.);
#30 = EDGE_LOOP('',(#31,#42,#50,#58,#66,#74,#83,#91,#99,#107,#115,#124,
    #132,#140,#148,#156,#165,#173,#181,#189));
#31 = ORIENTED_EDGE('',*,*,#32,.F.);
#32 = EDGE_CURVE('',#33,#35,#37,.T.);
#33 = VERTEX_POINT('',#34);
#34 = CARTESIAN_POINT('',(1.133106527403,1.708382157937,2.6));
#35 = VERTEX_POINT('',#36);
#36 = CARTESIAN_POINT('',(1.708382157937,1.133106527403,2.6));
#37 = CIRCLE('',#38,2.05);
#38 = AXIS2_PLACEMENT_3D('',#39,#40,#41);
#39 = CARTESIAN_POINT('',(0.,0.,2.6));
#40 = DIRECTION('',(0.,0.,-1.));
#41 = DIRECTION('',(1.,0.,0.));
#42 = ORIENTED_EDGE('',*,*,#43,.T.);
#43 = EDGE_CURVE('',#33,#44,#46,.T.);
#44 = VERTEX_POINT('',#45);
#45 = CARTESIAN_POINT('',(0.395,1.082772320423,2.6));
#46 = LINE('',#47,#48);
#47 = CARTESIAN_POINT('',(0.846256167524,1.465251389718,2.6));
#48 = VECTOR('',#49,1.);
#49 = DIRECTION('',(-0.762846747383,-0.646579337751,0.));
#50 = ORIENTED_EDGE('',*,*,#51,.T.);
#51 = EDGE_CURVE('',#44,#52,#54,.T.);
#52 = VERTEX_POINT('',#53);
#53 = CARTESIAN_POINT('',(1.043307046507E-16,0.939727445176,2.6));
#54 = LINE('',#55,#56);
#55 = CARTESIAN_POINT('',(-5.469198087829E-02,0.919921350032,2.6));
#56 = VECTOR('',#57,1.);
#57 = DIRECTION('',(-0.940244792048,-0.340499237924,0.));
#58 = ORIENTED_EDGE('',*,*,#59,.T.);
#59 = EDGE_CURVE('',#52,#60,#62,.T.);
#60 = VERTEX_POINT('',#61);
#61 = CARTESIAN_POINT('',(-0.395,1.082772320423,2.6));
#62 = LINE('',#63,#64);
#63 = CARTESIAN_POINT('',(5.469198087829E-02,0.919921350032,2.6));
#64 = VECTOR('',#65,1.);
#65 = DIRECTION('',(-0.940244792048,0.340499237924,0.));
#66 = ORIENTED_EDGE('',*,*,#67,.T.);
#67 = EDGE_CURVE('',#60,#68,#70,.T.);
#68 = VERTEX_POINT('',#69);
#69 = CARTESIAN_POINT('',(-1.133106527403,1.708382157937,2.6));
#70 = LINE('',#71,#72);
#71 = CARTESIAN_POINT('',(-0.846256167524,1.465251389718,2.6));
#72 = VECTOR('',#73,1.);
#73 = DIRECTION('',(-0.762846747383,0.646579337751,0.));
#74 = ORIENTED_EDGE('',*,*,#75,.F.);
#75 = EDGE_CURVE('',#76,#68,#78,.T.);
#76 = VERTEX_POINT('',#77);
#77 = CARTESIAN_POINT('',(-1.708382157937,1.133106527403,2.6));
#78 = CIRCLE('',#79,2.05);
#79 = AXIS2_PLACEMENT_3D('',#80,#81,#82);
#80 = CARTESIAN_POINT('',(0.,0.,2.6));
#81 = DIRECTION('',(0.,0.,-1.));
#82 = DIRECTION('',(1.,0.,0.));
#83 = ORIENTED_EDGE('',*,*,#84,.T.);
#84 = EDGE_CURVE('',#76,#85,#87,.T.);
#85 = VERTEX_POINT('',#86);
#86 = CARTESIAN_POINT('',(-1.082772320423,0.395,2.6));
#87 = LINE('',#88,#89);
#88 = CARTESIAN_POINT('',(-1.465251389718,0.846256167524,2.6));
#89 = VECTOR('',#90,1.);
#90 = DIRECTION('',(0.646579337751,-0.762846747383,0.));
#91 = ORIENTED_EDGE('',*,*,#92,.T.);
#92 = EDGE_CURVE('',#85,#93,#95,.T.);
#93 = VERTEX_POINT('',#94);
#94 = CARTESIAN_POINT('',(-0.939727445176,1.150834207806E-16,2.6));
#95 = LINE('',#96,#97);
#96 = CARTESIAN_POINT('',(-0.919921350032,-5.469198087829E-02,2.6));
#97 = VECTOR('',#98,1.);
#98 = DIRECTION('',(0.340499237924,-0.940244792048,0.));
#99 = ORIENTED_EDGE('',*,*,#100,.T.);
#100 = EDGE_CURVE('',#93,#101,#103,.T.);
#101 = VERTEX_POINT('',#102);
#102 = CARTESIAN_POINT('',(-1.082772320423,-0.395,2.6));
#103 = LINE('',#104,#105);
#104 = CARTESIAN_POINT('',(-0.919921350032,5.469198087829E-02,2.6));
#105 = VECTOR('',#106,1.);
#106 = DIRECTION('',(-0.340499237924,-0.940244792048,0.));
#107 = ORIENTED_EDGE('',*,*,#108,.T.);
#108 = EDGE_CURVE('',#101,#109,#111,.T.);
#109 = VERTEX_POINT('',#110);
#110 = CARTESIAN_POINT('',(-1.708382157937,-1.133106527403,2.6));
#111 = LINE('',#112,#113);
#112 = CARTESIAN_POINT('',(-1.465251389718,-0.846256167524,2.6));
#113 = VECTOR('',#114,1.);
#114 = DIRECTION('',(-0.646579337751,-0.762846747383,0.));
#115 = ORIENTED_EDGE('',*,*,#116,.F.);
#116 = EDGE_CURVE('',#117,#109,#119,.T.);
#117 = VERTEX_POINT('',#118);
#118 = CARTESIAN_POINT('',(-1.133106527403,-1.708382157937,2.6));
#119 = CIRCLE('',#120,2.05);
#120 = AXIS2_PLACEMENT_3D('',#121,#122,#123);
#121 = CARTESIAN_POINT('',(0.,0.,2.6));
#122 = DIRECTION('',(0.,0.,-1.));
#123 = DIRECTION('',(1.,0.,0.));
#124 = ORIENTED_EDGE('',*,*,#125,.T.);
#125 = EDGE_CURVE('',#117,#126,#128,.T.);
#126 = VERTEX_POINT('',#127);
#127 = CARTESIAN_POINT('',(-0.395,-1.082772320423,2.6));
#128 = LINE('',#129,#130);
#129 = CARTESIAN_POINT('',(-0.846256167524,-1.465251389718,2.6));
#130 = VECTOR('',#131,1.);
#131 = DIRECTION('',(0.762846747383,0.646579337751,-0.));
#132 = ORIENTED_EDGE('',*,*,#133,.T.);
#133 = EDGE_CURVE('',#126,#134,#136,.T.);
#134 = VERTEX_POINT('',#135);
#135 = CARTESIAN_POINT('',(-2.086614093013E-16,-0.939727445176,2.6));
#136 = LINE('',#137,#138);
#137 = CARTESIAN_POINT('',(5.469198087829E-02,-0.919921350032,2.6));
#138 = VECTOR('',#139,1.);
#139 = DIRECTION('',(0.940244792048,0.340499237924,-0.));
#140 = ORIENTED_EDGE('',*,*,#141,.T.);
#141 = EDGE_CURVE('',#134,#142,#144,.T.);
#142 = VERTEX_POINT('',#143);
#143 = CARTESIAN_POINT('',(0.395,-1.082772320423,2.6));
#144 = LINE('',#145,#146);
#145 = CARTESIAN_POINT('',(-5.469198087829E-02,-0.919921350032,2.6));
#146 = VECTOR('',#147,1.);
#147 = DIRECTION('',(0.940244792048,-0.340499237924,0.));
#148 = ORIENTED_EDGE('',*,*,#149,.T.);
#149 = EDGE_CURVE('',#142,#150,#152,.T.);
#150 = VERTEX_POINT('',#151);
#151 = CARTESIAN_POINT('',(1.133106527403,-1.708382157937,2.6));
#152 = LINE('',#153,#154);
#153 = CARTESIAN_POINT('',(0.846256167524,-1.465251389718,2.6));
#154 = VECTOR('',#155,1.);
#155 = DIRECTION('',(0.762846747383,-0.646579337751,0.));
#156 = ORIENTED_EDGE('',*,*,#157,.F.);
#157 = EDGE_CURVE('',#158,#150,#160,.T.);
#158 = VERTEX_POINT('',#159);
#159 = CARTESIAN_POINT('',(1.708382157937,-1.133106527403,2.6));
#160 = CIRCLE('',#161,2.05);
#161 = AXIS2_PLACEMENT_3D('',#162,#163,#164);
#162 = CARTESIAN_POINT('',(0.,0.,2.6));
#163 = DIRECTION('',(0.,0.,-1.));
#164 = DIRECTION('',(1.,0.,0.));
#165 = ORIENTED_EDGE('',*,*,#166,.T.);
#166 = EDGE_CURVE('',#158,#167,#169,.T.);
#167 = VERTEX_POINT('',#168);
#168 = CARTESIAN_POINT('',(1.082772320423,-0.395,2.6));
#169 = LINE('',#170,#171);
#170 = CARTESIAN_POINT('',(1.465251389718,-0.846256167524,2.6));
#171 = VECTOR('',#172,1.);
#172 = DIRECTION('',(-0.646579337751,0.762846747383,0.));
#173 = ORIENTED_EDGE('',*,*,#174,.T.);
#174 = EDGE_CURVE('',#167,#175,#177,.T.);
#175 = VERTEX_POINT('',#176);
#176 = CARTESIAN_POINT('',(0.939727445176,0.,2.6));
#177 = LINE('',#178,#179);
#178 = CARTESIAN_POINT('',(0.919921350032,5.469198087829E-02,2.6));
#179 = VECTOR('',#180,1.);
#180 = DIRECTION('',(-0.340499237924,0.940244792048,0.));
#181 = ORIENTED_EDGE('',*,*,#182,.T.);
#182 = EDGE_CURVE('',#175,#183,#185,.T.);
#183 = VERTEX_POINT('',#184);
#184 = CARTESIAN_POINT('',(1.082772320423,0.395,2.6));
#185 = LINE('',#186,#187);
#186 = CARTESIAN_POINT('',(0.919921350032,-5.469198087829E-02,2.6));
#187 = VECTOR('',#188,1.);
#188 = DIRECTION('',(0.340499237924,0.940244792048,-0.));
#189 = ORIENTED_EDGE('',*,*,#190,.T.);
#190 = EDGE_CURVE('',#183,#35,#191,.T.);
#191 = LINE('',#192,#193);
#192 = CARTESIAN_POINT('',(1.465251389718,0.846256167524,2.6));
#193 = VECTOR('',#194,1.);
#194 = DIRECTION('',(0.646579337751,0.762846747383,-0.));
#195 = PLANE('',#196);
#196 = AXIS2_PLACEMENT_3D('',#197,#198,#199);
#197 = CARTESIAN_POINT('',(0.,0.,2.6));
#198 = DIRECTION('',(0.,0.,1.));
#199 = DIRECTION('',(1.,0.,-0.));
#200 = ADVANCED_FACE('',(#201),#221,.T.);
#201 = FACE_BOUND('',#202,.F.);
#202 = EDGE_LOOP('',(#203,#204,#213,#220));
#203 = ORIENTED_EDGE('',*,*,#21,.T.);
#204 = ORIENTED_EDGE('',*,*,#205,.T.);
#205 = EDGE_CURVE('',#22,#206,#208,.T.);
#206 = VERTEX_POINT('',#207);
#207 = CARTESIAN_POINT('',(3.304474884462,0.,2.234862297099));
#208 = CIRCLE('',#209,0.4);
#209 = AXIS2_PLACEMENT_3D('',#210,#211,#212);
#210 = CARTESIAN_POINT('',(2.905997005226,0.,2.2));
#211 = DIRECTION('',(0.,1.,0.));
#212 = DIRECTION('',(0.,-0.,1.));
#213 = ORIENTED_EDGE('',*,*,#214,.F.);
#214 = EDGE_CURVE('',#206,#206,#215,.T.);
#215 = CIRCLE('',#216,3.304474884462);
#216 = AXIS2_PLACEMENT_3D('',#217,#218,#219);
#217 = CARTESIAN_POINT('',(0.,0.,2.234862297099));
#218 = DIRECTION('',(0.,0.,1.));
#219 = DIRECTION('',(1.,0.,-0.));
#220 = ORIENTED_EDGE('',*,*,#205,.F.);
#221 = TOROIDAL_SURFACE('',#222,2.905997005226,0.4);
#222 = AXIS2_PLACEMENT_3D('',#223,#224,#225);
#223 = CARTESIAN_POINT('',(0.,0.,2.2));
#224 = DIRECTION('',(-0.,-0.,-1.));
#225 = DIRECTION('',(1.,0.,-0.));
#226 = ADVANCED_FACE('',(#227),#255,.F.);
#227 = FACE_BOUND('',#228,.T.);
#228 = EDGE_LOOP('',(#229,#240,#247,#248));
#229 = ORIENTED_EDGE('',*,*,#230,.F.);
#230 = EDGE_CURVE('',#231,#233,#235,.T.);
#231 = VERTEX_POINT('',#232);
#232 = CARTESIAN_POINT('',(1.014748622571,0.530386871058,0.784850814026)
  );
#233 = VERTEX_POINT('',#234);
#234 = CARTESIAN_POINT('',(0.530386871058,1.014748622571,0.784850814026)
  );
#235 = CIRCLE('',#236,1.145);
#236 = AXIS2_PLACEMENT_3D('',#237,#238,#239);
#237 = CARTESIAN_POINT('',(0.,0.,0.784850814026));
#238 = DIRECTION('',(0.,0.,1.));
#239 = DIRECTION('',(1.,0.,-0.));
#240 = ORIENTED_EDGE('',*,*,#241,.T.);
#241 = EDGE_CURVE('',#231,#35,#242,.T.);
#242 = HYPERBOLA('',#243,0.524923666983,0.257832963925);
#243 = AXIS2_PLACEMENT_3D('',#244,#245,#246);
#244 = CARTESIAN_POINT('',(0.199063757554,-0.168723944844,
    -1.431028394295));
#245 = DIRECTION('',(-0.760606074612,0.644680171606,7.658900444376E-02)
  );
#246 = DIRECTION('',(5.842567292524E-02,-4.952086777228E-02,
    0.997062748476));
#247 = ORIENTED_EDGE('',*,*,#32,.F.);
#248 = ORIENTED_EDGE('',*,*,#249,.T.);
#249 = EDGE_CURVE('',#33,#233,#250,.T.);
#250 = HYPERBOLA('',#251,0.524923666983,0.257832963925);
#251 = AXIS2_PLACEMENT_3D('',#252,#253,#254);
#252 = CARTESIAN_POINT('',(-0.168723944844,0.199063757554,
    -1.431028394295));
#253 = DIRECTION('',(0.644680171606,-0.760606074612,7.658900444376E-02)
  );
#254 = DIRECTION('',(-4.952086777228E-02,5.842567292524E-02,
    0.997062748476));
#255 = CONICAL_SURFACE('',#256,2.561046148255,0.462512251778);
#256 = AXIS2_PLACEMENT_3D('',#257,#258,#259);
#257 = CARTESIAN_POINT('',(0.,0.,3.625));
#258 = DIRECTION('',(0.,0.,1.));
#259 = DIRECTION('',(1.,0.,0.));
#260 = ADVANCED_FACE('',(#261),#280,.T.);
#261 = FACE_BOUND('',#262,.T.);
#262 = EDGE_LOOP('',(#263,#271,#272,#273));
#263 = ORIENTED_EDGE('',*,*,#264,.F.);
#264 = EDGE_CURVE('',#183,#265,#267,.T.);
#265 = VERTEX_POINT('',#266);
#266 = CARTESIAN_POINT('',(0.890868365168,0.395,0.694200137875));
#267 = LINE('',#268,#269);
#268 = CARTESIAN_POINT('',(1.289196466049,0.395,4.65));
#269 = VECTOR('',#270,1.);
#270 = DIRECTION('',(-0.100188061612,0.,-0.994968518251));
#271 = ORIENTED_EDGE('',*,*,#190,.T.);
#272 = ORIENTED_EDGE('',*,*,#241,.F.);
#273 = ORIENTED_EDGE('',*,*,#274,.F.);
#274 = EDGE_CURVE('',#265,#231,#275,.T.);
#275 = HYPERBOLA('',#276,0.205331174486,0.38471620509);
#276 = AXIS2_PLACEMENT_3D('',#277,#278,#279);
#277 = CARTESIAN_POINT('',(0.293724597161,-0.248957285542,0.184405235909
    ));
#278 = DIRECTION('',(-0.760606074612,0.644680171606,7.658900444376E-02)
  );
#279 = DIRECTION('',(5.842567292524E-02,-4.952086777228E-02,
    0.997062748476));
#280 = PLANE('',#281);
#281 = AXIS2_PLACEMENT_3D('',#282,#283,#284);
#282 = CARTESIAN_POINT('',(2.484273157405,2.070730967412,2.413021757387)
  );
#283 = DIRECTION('',(-0.760606074612,0.644680171606,7.658900444376E-02)
  );
#284 = DIRECTION('',(0.646579337751,0.762846747383,0.));
#285 = ADVANCED_FACE('',(#286),#305,.T.);
#286 = FACE_BOUND('',#287,.T.);
#287 = EDGE_LOOP('',(#288,#297,#303,#304));
#288 = ORIENTED_EDGE('',*,*,#289,.F.);
#289 = EDGE_CURVE('',#290,#265,#292,.T.);
#290 = VERTEX_POINT('',#291);
#291 = CARTESIAN_POINT('',(0.735,0.,0.566849947044));
#292 = HYPERBOLA('',#293,0.350222911598,0.654909647025);
#293 = AXIS2_PLACEMENT_3D('',#294,#295,#296);
#294 = CARTESIAN_POINT('',(0.616557125368,-0.223279334382,0.193595598583
    ));
#295 = DIRECTION('',(-0.93605880101,0.33898332763,9.425616500203E-02));
#296 = DIRECTION('',(8.862386826157E-02,-3.209415235281E-02,
    0.995547977427));
#297 = ORIENTED_EDGE('',*,*,#298,.F.);
#298 = EDGE_CURVE('',#175,#290,#299,.T.);
#299 = LINE('',#300,#301);
#300 = CARTESIAN_POINT('',(1.146151590802,0.,4.65));
#301 = VECTOR('',#302,1.);
#302 = DIRECTION('',(-0.100188061612,0.,-0.994968518251));
#303 = ORIENTED_EDGE('',*,*,#182,.T.);
#304 = ORIENTED_EDGE('',*,*,#264,.T.);
#305 = PLANE('',#306);
#306 = AXIS2_PLACEMENT_3D('',#307,#308,#309);
#307 = CARTESIAN_POINT('',(0.992422163784,0.1975,2.413021757387));
#308 = DIRECTION('',(-0.93605880101,0.33898332763,9.425616500203E-02));
#309 = DIRECTION('',(0.340499237924,0.940244792048,-3.469446951954E-18)
  );
#310 = ADVANCED_FACE('',(#311),#330,.T.);
#311 = FACE_BOUND('',#312,.T.);
#312 = EDGE_LOOP('',(#313,#321,#322,#323));
#313 = ORIENTED_EDGE('',*,*,#314,.F.);
#314 = EDGE_CURVE('',#167,#315,#317,.T.);
#315 = VERTEX_POINT('',#316);
#316 = CARTESIAN_POINT('',(0.890868365168,-0.395,0.694200137875));
#317 = LINE('',#318,#319);
#318 = CARTESIAN_POINT('',(1.289196466049,-0.395,4.65));
#319 = VECTOR('',#320,1.);
#320 = DIRECTION('',(-0.100188061612,0.,-0.994968518251));
#321 = ORIENTED_EDGE('',*,*,#174,.T.);
#322 = ORIENTED_EDGE('',*,*,#298,.T.);
#323 = ORIENTED_EDGE('',*,*,#324,.F.);
#324 = EDGE_CURVE('',#315,#290,#325,.T.);
#325 = HYPERBOLA('',#326,0.350222911598,0.654909647025);
#326 = AXIS2_PLACEMENT_3D('',#327,#328,#329);
#327 = CARTESIAN_POINT('',(0.616557125368,0.223279334382,0.193595598583)
  );
#328 = DIRECTION('',(-0.93605880101,-0.33898332763,9.425616500203E-02));
#329 = DIRECTION('',(8.862386826157E-02,3.209415235281E-02,
    0.995547977427));
#330 = PLANE('',#331);
#331 = AXIS2_PLACEMENT_3D('',#332,#333,#334);
#332 = CARTESIAN_POINT('',(0.992422163784,-0.1975,2.413021757387));
#333 = DIRECTION('',(-0.93605880101,-0.33898332763,9.425616500203E-02));
#334 = DIRECTION('',(-0.340499237924,0.940244792048,3.469446951954E-18)
  );
#335 = ADVANCED_FACE('',(#336),#356,.T.);
#336 = FACE_BOUND('',#337,.T.);
#337 = EDGE_LOOP('',(#338,#347,#348,#349));
#338 = ORIENTED_EDGE('',*,*,#339,.F.);
#339 = EDGE_CURVE('',#158,#340,#342,.T.);
#340 = VERTEX_POINT('',#341);
#341 = CARTESIAN_POINT('',(1.014748622571,-0.530386871058,0.784850814026
    ));
#342 = HYPERBOLA('',#343,0.524923666983,0.257832963925);
#343 = AXIS2_PLACEMENT_3D('',#344,#345,#346);
#344 = CARTESIAN_POINT('',(0.199063757554,0.168723944844,-1.431028394295
    ));
#345 = DIRECTION('',(-0.760606074612,-0.644680171606,7.658900444376E-02)
  );
#346 = DIRECTION('',(5.842567292524E-02,4.952086777228E-02,
    0.997062748476));
#347 = ORIENTED_EDGE('',*,*,#166,.T.);
#348 = ORIENTED_EDGE('',*,*,#314,.T.);
#349 = ORIENTED_EDGE('',*,*,#350,.F.);
#350 = EDGE_CURVE('',#340,#315,#351,.T.);
#351 = HYPERBOLA('',#352,0.205331174486,0.38471620509);
#352 = AXIS2_PLACEMENT_3D('',#353,#354,#355);
#353 = CARTESIAN_POINT('',(0.293724597161,0.248957285542,0.184405235909)
  );
#354 = DIRECTION('',(-0.760606074612,-0.644680171606,7.658900444376E-02)
  );
#355 = DIRECTION('',(5.842567292524E-02,4.952086777228E-02,
    0.997062748476));
#356 = PLANE('',#357);
#357 = AXIS2_PLACEMENT_3D('',#358,#359,#360);
#358 = CARTESIAN_POINT('',(2.484273157405,-2.070730967412,2.413021757387
    ));
#359 = DIRECTION('',(-0.760606074612,-0.644680171606,7.658900444376E-02)
  );
#360 = DIRECTION('',(-0.646579337751,0.762846747383,0.));
#361 = ADVANCED_FACE('',(#362),#382,.F.);
#362 = FACE_BOUND('',#363,.T.);
#363 = EDGE_LOOP('',(#364,#373,#380,#381));
#364 = ORIENTED_EDGE('',*,*,#365,.F.);
#365 = EDGE_CURVE('',#366,#340,#368,.T.);
#366 = VERTEX_POINT('',#367);
#367 = CARTESIAN_POINT('',(0.530386871058,-1.014748622571,0.784850814026
    ));
#368 = CIRCLE('',#369,1.145);
#369 = AXIS2_PLACEMENT_3D('',#370,#371,#372);
#370 = CARTESIAN_POINT('',(0.,0.,0.784850814026));
#371 = DIRECTION('',(0.,0.,1.));
#372 = DIRECTION('',(1.,0.,-0.));
#373 = ORIENTED_EDGE('',*,*,#374,.T.);
#374 = EDGE_CURVE('',#366,#150,#375,.T.);
#375 = HYPERBOLA('',#376,0.524923666983,0.257832963925);
#376 = AXIS2_PLACEMENT_3D('',#377,#378,#379);
#377 = CARTESIAN_POINT('',(-0.168723944844,-0.199063757554,
    -1.431028394295));
#378 = DIRECTION('',(0.644680171606,0.760606074612,7.658900444376E-02));
#379 = DIRECTION('',(-4.952086777228E-02,-5.842567292524E-02,
    0.997062748476));
#380 = ORIENTED_EDGE('',*,*,#157,.F.);
#381 = ORIENTED_EDGE('',*,*,#339,.T.);
#382 = CONICAL_SURFACE('',#383,2.561046148255,0.462512251778);
#383 = AXIS2_PLACEMENT_3D('',#384,#385,#386);
#384 = CARTESIAN_POINT('',(0.,0.,3.625));
#385 = DIRECTION('',(0.,0.,1.));
#386 = DIRECTION('',(1.,0.,0.));
#387 = ADVANCED_FACE('',(#388),#407,.T.);
#388 = FACE_BOUND('',#389,.T.);
#389 = EDGE_LOOP('',(#390,#398,#399,#400));
#390 = ORIENTED_EDGE('',*,*,#391,.F.);
#391 = EDGE_CURVE('',#142,#392,#394,.T.);
#392 = VERTEX_POINT('',#393);
#393 = CARTESIAN_POINT('',(0.395,-0.890868365168,0.694200137875));
#394 = LINE('',#395,#396);
#395 = CARTESIAN_POINT('',(0.395,-1.289196466049,4.65));
#396 = VECTOR('',#397,1.);
#397 = DIRECTION('',(2.224621855886E-17,0.100188061612,-0.994968518251)
  );
#398 = ORIENTED_EDGE('',*,*,#149,.T.);
#399 = ORIENTED_EDGE('',*,*,#374,.F.);
#400 = ORIENTED_EDGE('',*,*,#401,.F.);
#401 = EDGE_CURVE('',#392,#366,#402,.T.);
#402 = HYPERBOLA('',#403,0.205331174486,0.38471620509);
#403 = AXIS2_PLACEMENT_3D('',#404,#405,#406);
#404 = CARTESIAN_POINT('',(-0.248957285542,-0.293724597161,
    0.184405235909));
#405 = DIRECTION('',(0.644680171606,0.760606074612,7.658900444376E-02));
#406 = DIRECTION('',(-4.952086777228E-02,-5.842567292524E-02,
    0.997062748476));
#407 = PLANE('',#408);
#408 = AXIS2_PLACEMENT_3D('',#409,#410,#411);
#409 = CARTESIAN_POINT('',(2.070730967412,-2.484273157405,2.413021757387
    ));
#410 = DIRECTION('',(0.644680171606,0.760606074612,7.658900444376E-02));
#411 = DIRECTION('',(0.762846747383,-0.646579337751,0.));
#412 = ADVANCED_FACE('',(#413),#432,.T.);
#413 = FACE_BOUND('',#414,.T.);
#414 = EDGE_LOOP('',(#415,#423,#424,#425));
#415 = ORIENTED_EDGE('',*,*,#416,.F.);
#416 = EDGE_CURVE('',#134,#417,#419,.T.);
#417 = VERTEX_POINT('',#418);
#418 = CARTESIAN_POINT('',(-1.632027846199E-16,-0.735,0.566849947044));
#419 = LINE('',#420,#421);
#420 = CARTESIAN_POINT('',(-2.544967771638E-16,-1.146151590802,4.65));
#421 = VECTOR('',#422,1.);
#422 = DIRECTION('',(2.224621855886E-17,0.100188061612,-0.994968518251)
  );
#423 = ORIENTED_EDGE('',*,*,#141,.T.);
#424 = ORIENTED_EDGE('',*,*,#391,.T.);
#425 = ORIENTED_EDGE('',*,*,#426,.F.);
#426 = EDGE_CURVE('',#417,#392,#427,.T.);
#427 = HYPERBOLA('',#428,0.350222911598,0.654909647025);
#428 = AXIS2_PLACEMENT_3D('',#429,#430,#431);
#429 = CARTESIAN_POINT('',(-0.223279334382,-0.616557125368,
    0.193595598583));
#430 = DIRECTION('',(0.33898332763,0.93605880101,9.425616500203E-02));
#431 = DIRECTION('',(-3.209415235281E-02,-8.862386826157E-02,
    0.995547977427));
#432 = PLANE('',#433);
#433 = AXIS2_PLACEMENT_3D('',#434,#435,#436);
#434 = CARTESIAN_POINT('',(0.1975,-0.992422163784,2.413021757387));
#435 = DIRECTION('',(0.33898332763,0.93605880101,9.425616500203E-02));
#436 = DIRECTION('',(0.940244792048,-0.340499237924,-3.469446951954E-18)
  );
#437 = ADVANCED_FACE('',(#438),#457,.T.);
#438 = FACE_BOUND('',#439,.T.);
#439 = EDGE_LOOP('',(#440,#448,#449,#450));
#440 = ORIENTED_EDGE('',*,*,#441,.F.);
#441 = EDGE_CURVE('',#126,#442,#444,.T.);
#442 = VERTEX_POINT('',#443);
#443 = CARTESIAN_POINT('',(-0.395,-0.890868365168,0.694200137875));
#444 = LINE('',#445,#446);
#445 = CARTESIAN_POINT('',(-0.395,-1.289196466049,4.65));
#446 = VECTOR('',#447,1.);
#447 = DIRECTION('',(2.224621855886E-17,0.100188061612,-0.994968518251)
  );
#448 = ORIENTED_EDGE('',*,*,#133,.T.);
#449 = ORIENTED_EDGE('',*,*,#416,.T.);
#450 = ORIENTED_EDGE('',*,*,#451,.F.);
#451 = EDGE_CURVE('',#442,#417,#452,.T.);
#452 = HYPERBOLA('',#453,0.350222911598,0.654909647025);
#453 = AXIS2_PLACEMENT_3D('',#454,#455,#456);
#454 = CARTESIAN_POINT('',(0.223279334382,-0.616557125368,0.193595598583
    ));
#455 = DIRECTION('',(-0.33898332763,0.93605880101,9.425616500203E-02));
#456 = DIRECTION('',(3.209415235281E-02,-8.862386826157E-02,
    0.995547977427));
#457 = PLANE('',#458);
#458 = AXIS2_PLACEMENT_3D('',#459,#460,#461);
#459 = CARTESIAN_POINT('',(-0.1975,-0.992422163784,2.413021757387));
#460 = DIRECTION('',(-0.33898332763,0.93605880101,9.425616500203E-02));
#461 = DIRECTION('',(0.940244792048,0.340499237924,3.469446951954E-18));
#462 = ADVANCED_FACE('',(#463),#483,.T.);
#463 = FACE_BOUND('',#464,.T.);
#464 = EDGE_LOOP('',(#465,#474,#475,#476));
#465 = ORIENTED_EDGE('',*,*,#466,.F.);
#466 = EDGE_CURVE('',#117,#467,#469,.T.);
#467 = VERTEX_POINT('',#468);
#468 = CARTESIAN_POINT('',(-0.530386871058,-1.014748622571,
    0.784850814026));
#469 = HYPERBOLA('',#470,0.524923666983,0.257832963925);
#470 = AXIS2_PLACEMENT_3D('',#471,#472,#473);
#471 = CARTESIAN_POINT('',(0.168723944844,-0.199063757554,
    -1.431028394295));
#472 = DIRECTION('',(-0.644680171606,0.760606074612,7.658900444376E-02)
  );
#473 = DIRECTION('',(4.952086777228E-02,-5.842567292524E-02,
    0.997062748476));
#474 = ORIENTED_EDGE('',*,*,#125,.T.);
#475 = ORIENTED_EDGE('',*,*,#441,.T.);
#476 = ORIENTED_EDGE('',*,*,#477,.F.);
#477 = EDGE_CURVE('',#467,#442,#478,.T.);
#478 = HYPERBOLA('',#479,0.205331174486,0.38471620509);
#479 = AXIS2_PLACEMENT_3D('',#480,#481,#482);
#480 = CARTESIAN_POINT('',(0.248957285542,-0.293724597161,0.184405235909
    ));
#481 = DIRECTION('',(-0.644680171606,0.760606074612,7.658900444376E-02)
  );
#482 = DIRECTION('',(4.952086777228E-02,-5.842567292524E-02,
    0.997062748476));
#483 = PLANE('',#484);
#484 = AXIS2_PLACEMENT_3D('',#485,#486,#487);
#485 = CARTESIAN_POINT('',(-2.070730967412,-2.484273157405,
    2.413021757387));
#486 = DIRECTION('',(-0.644680171606,0.760606074612,7.658900444376E-02)
  );
#487 = DIRECTION('',(0.762846747383,0.646579337751,0.));
#488 = ADVANCED_FACE('',(#489),#509,.F.);
#489 = FACE_BOUND('',#490,.T.);
#490 = EDGE_LOOP('',(#491,#500,#507,#508));
#491 = ORIENTED_EDGE('',*,*,#492,.F.);
#492 = EDGE_CURVE('',#493,#467,#495,.T.);
#493 = VERTEX_POINT('',#494);
#494 = CARTESIAN_POINT('',(-1.014748622571,-0.530386871058,
    0.784850814026));
#495 = CIRCLE('',#496,1.145);
#496 = AXIS2_PLACEMENT_3D('',#497,#498,#499);
#497 = CARTESIAN_POINT('',(0.,0.,0.784850814026));
#498 = DIRECTION('',(0.,0.,1.));
#499 = DIRECTION('',(1.,0.,-0.));
#500 = ORIENTED_EDGE('',*,*,#501,.T.);
#501 = EDGE_CURVE('',#493,#109,#502,.T.);
#502 = HYPERBOLA('',#503,0.524923666983,0.257832963925);
#503 = AXIS2_PLACEMENT_3D('',#504,#505,#506);
#504 = CARTESIAN_POINT('',(-0.199063757554,0.168723944844,
    -1.431028394295));
#505 = DIRECTION('',(0.760606074612,-0.644680171606,7.658900444376E-02)
  );
#506 = DIRECTION('',(-5.842567292524E-02,4.952086777228E-02,
    0.997062748476));
#507 = ORIENTED_EDGE('',*,*,#116,.F.);
#508 = ORIENTED_EDGE('',*,*,#466,.T.);
#509 = CONICAL_SURFACE('',#510,2.561046148255,0.462512251778);
#510 = AXIS2_PLACEMENT_3D('',#511,#512,#513);
#511 = CARTESIAN_POINT('',(0.,0.,3.625));
#512 = DIRECTION('',(0.,0.,1.));
#513 = DIRECTION('',(1.,0.,0.));
#514 = ADVANCED_FACE('',(#515),#534,.T.);
#515 = FACE_BOUND('',#516,.T.);
#516 = EDGE_LOOP('',(#517,#525,#526,#527));
#517 = ORIENTED_EDGE('',*,*,#518,.F.);
#518 = EDGE_CURVE('',#101,#519,#521,.T.);
#519 = VERTEX_POINT('',#520);
#520 = CARTESIAN_POINT('',(-0.890868365168,-0.395,0.694200137875));
#521 = LINE('',#522,#523);
#522 = CARTESIAN_POINT('',(-1.289196466049,-0.395,4.65));
#523 = VECTOR('',#524,1.);
#524 = DIRECTION('',(0.100188061612,-1.22694988966E-17,-0.994968518251)
  );
#525 = ORIENTED_EDGE('',*,*,#108,.T.);
#526 = ORIENTED_EDGE('',*,*,#501,.F.);
#527 = ORIENTED_EDGE('',*,*,#528,.F.);
#528 = EDGE_CURVE('',#519,#493,#529,.T.);
#529 = HYPERBOLA('',#530,0.205331174486,0.38471620509);
#530 = AXIS2_PLACEMENT_3D('',#531,#532,#533);
#531 = CARTESIAN_POINT('',(-0.293724597161,0.248957285542,0.184405235909
    ));
#532 = DIRECTION('',(0.760606074612,-0.644680171606,7.658900444376E-02)
  );
#533 = DIRECTION('',(-5.842567292524E-02,4.952086777228E-02,
    0.997062748476));
#534 = PLANE('',#535);
#535 = AXIS2_PLACEMENT_3D('',#536,#537,#538);
#536 = CARTESIAN_POINT('',(-2.484273157405,-2.070730967412,
    2.413021757387));
#537 = DIRECTION('',(0.760606074612,-0.644680171606,7.658900444376E-02)
  );
#538 = DIRECTION('',(-0.646579337751,-0.762846747383,0.));
#539 = ADVANCED_FACE('',(#540),#559,.T.);
#540 = FACE_BOUND('',#541,.T.);
#541 = EDGE_LOOP('',(#542,#550,#551,#552));
#542 = ORIENTED_EDGE('',*,*,#543,.F.);
#543 = EDGE_CURVE('',#93,#544,#546,.T.);
#544 = VERTEX_POINT('',#545);
#545 = CARTESIAN_POINT('',(-0.735,9.001153973733E-17,0.566849947044));
#546 = LINE('',#547,#548);
#547 = CARTESIAN_POINT('',(-1.146151590802,1.403630877013E-16,4.65));
#548 = VECTOR('',#549,1.);
#549 = DIRECTION('',(0.100188061612,-1.22694988966E-17,-0.994968518251)
  );
#550 = ORIENTED_EDGE('',*,*,#100,.T.);
#551 = ORIENTED_EDGE('',*,*,#518,.T.);
#552 = ORIENTED_EDGE('',*,*,#553,.F.);
#553 = EDGE_CURVE('',#544,#519,#554,.T.);
#554 = HYPERBOLA('',#555,0.350222911598,0.654909647025);
#555 = AXIS2_PLACEMENT_3D('',#556,#557,#558);
#556 = CARTESIAN_POINT('',(-0.616557125368,0.223279334382,0.193595598583
    ));
#557 = DIRECTION('',(0.93605880101,-0.33898332763,9.425616500203E-02));
#558 = DIRECTION('',(-8.862386826157E-02,3.209415235281E-02,
    0.995547977427));
#559 = PLANE('',#560);
#560 = AXIS2_PLACEMENT_3D('',#561,#562,#563);
#561 = CARTESIAN_POINT('',(-0.992422163784,-0.1975,2.413021757387));
#562 = DIRECTION('',(0.93605880101,-0.33898332763,9.425616500203E-02));
#563 = DIRECTION('',(-0.340499237924,-0.940244792048,-3.469446951954E-18
    ));
#564 = ADVANCED_FACE('',(#565),#584,.T.);
#565 = FACE_BOUND('',#566,.T.);
#566 = EDGE_LOOP('',(#567,#575,#576,#577));
#567 = ORIENTED_EDGE('',*,*,#568,.F.);
#568 = EDGE_CURVE('',#85,#569,#571,.T.);
#569 = VERTEX_POINT('',#570);
#570 = CARTESIAN_POINT('',(-0.890868365168,0.395,0.694200137875));
#571 = LINE('',#572,#573);
#572 = CARTESIAN_POINT('',(-1.289196466049,0.395,4.65));
#573 = VECTOR('',#574,1.);
#574 = DIRECTION('',(0.100188061612,-1.22694988966E-17,-0.994968518251)
  );
#575 = ORIENTED_EDGE('',*,*,#92,.T.);
#576 = ORIENTED_EDGE('',*,*,#543,.T.);
#577 = ORIENTED_EDGE('',*,*,#578,.F.);
#578 = EDGE_CURVE('',#569,#544,#579,.T.);
#579 = HYPERBOLA('',#580,0.350222911598,0.654909647025);
#580 = AXIS2_PLACEMENT_3D('',#581,#582,#583);
#581 = CARTESIAN_POINT('',(-0.616557125368,-0.223279334382,
    0.193595598583));
#582 = DIRECTION('',(0.93605880101,0.33898332763,9.425616500203E-02));
#583 = DIRECTION('',(-8.862386826157E-02,-3.209415235281E-02,
    0.995547977427));
#584 = PLANE('',#585);
#585 = AXIS2_PLACEMENT_3D('',#586,#587,#588);
#586 = CARTESIAN_POINT('',(-0.992422163784,0.1975,2.413021757387));
#587 = DIRECTION('',(0.93605880101,0.33898332763,9.425616500203E-02));
#588 = DIRECTION('',(0.340499237924,-0.940244792048,3.469446951954E-18)
  );
#589 = ADVANCED_FACE('',(#590),#610,.T.);
#590 = FACE_BOUND('',#591,.T.);
#591 = EDGE_LOOP('',(#592,#601,#602,#603));
#592 = ORIENTED_EDGE('',*,*,#593,.F.);
#593 = EDGE_CURVE('',#76,#594,#596,.T.);
#594 = VERTEX_POINT('',#595);
#595 = CARTESIAN_POINT('',(-1.014748622571,0.530386871058,0.784850814026
    ));
#596 = HYPERBOLA('',#597,0.524923666983,0.257832963925);
#597 = AXIS2_PLACEMENT_3D('',#598,#599,#600);
#598 = CARTESIAN_POINT('',(-0.199063757554,-0.168723944844,
    -1.431028394295));
#599 = DIRECTION('',(0.760606074612,0.644680171606,7.658900444376E-02));
#600 = DIRECTION('',(-5.842567292524E-02,-4.952086777228E-02,
    0.997062748476));
#601 = ORIENTED_EDGE('',*,*,#84,.T.);
#602 = ORIENTED_EDGE('',*,*,#568,.T.);
#603 = ORIENTED_EDGE('',*,*,#604,.F.);
#604 = EDGE_CURVE('',#594,#569,#605,.T.);
#605 = HYPERBOLA('',#606,0.205331174486,0.38471620509);
#606 = AXIS2_PLACEMENT_3D('',#607,#608,#609);
#607 = CARTESIAN_POINT('',(-0.293724597161,-0.248957285542,
    0.184405235909));
#608 = DIRECTION('',(0.760606074612,0.644680171606,7.658900444376E-02));
#609 = DIRECTION('',(-5.842567292524E-02,-4.952086777228E-02,
    0.997062748476));
#610 = PLANE('',#611);
#611 = AXIS2_PLACEMENT_3D('',#612,#613,#614);
#612 = CARTESIAN_POINT('',(-2.484273157405,2.070730967412,2.413021757387
    ));
#613 = DIRECTION('',(0.760606074612,0.644680171606,7.658900444376E-02));
#614 = DIRECTION('',(0.646579337751,-0.762846747383,0.));
#615 = ADVANCED_FACE('',(#616),#636,.F.);
#616 = FACE_BOUND('',#617,.T.);
#617 = EDGE_LOOP('',(#618,#627,#634,#635));
#618 = ORIENTED_EDGE('',*,*,#619,.F.);
#619 = EDGE_CURVE('',#620,#594,#622,.T.);
#620 = VERTEX_POINT('',#621);
#621 = CARTESIAN_POINT('',(-0.530386871058,1.014748622571,0.784850814026
    ));
#622 = CIRCLE('',#623,1.145);
#623 = AXIS2_PLACEMENT_3D('',#624,#625,#626);
#624 = CARTESIAN_POINT('',(0.,0.,0.784850814026));
#625 = DIRECTION('',(0.,0.,1.));
#626 = DIRECTION('',(1.,0.,-0.));
#627 = ORIENTED_EDGE('',*,*,#628,.T.);
#628 = EDGE_CURVE('',#620,#68,#629,.T.);
#629 = HYPERBOLA('',#630,0.524923666983,0.257832963925);
#630 = AXIS2_PLACEMENT_3D('',#631,#632,#633);
#631 = CARTESIAN_POINT('',(0.168723944844,0.199063757554,-1.431028394295
    ));
#632 = DIRECTION('',(-0.644680171606,-0.760606074612,7.658900444376E-02)
  );
#633 = DIRECTION('',(4.952086777228E-02,5.842567292524E-02,
    0.997062748476));
#634 = ORIENTED_EDGE('',*,*,#75,.F.);
#635 = ORIENTED_EDGE('',*,*,#593,.T.);
#636 = CONICAL_SURFACE('',#637,2.561046148255,0.462512251778);
#637 = AXIS2_PLACEMENT_3D('',#638,#639,#640);
#638 = CARTESIAN_POINT('',(0.,0.,3.625));
#639 = DIRECTION('',(0.,0.,1.));
#640 = DIRECTION('',(1.,0.,0.));
#641 = ADVANCED_FACE('',(#642),#661,.T.);
#642 = FACE_BOUND('',#643,.T.);
#643 = EDGE_LOOP('',(#644,#652,#653,#654));
#644 = ORIENTED_EDGE('',*,*,#645,.F.);
#645 = EDGE_CURVE('',#60,#646,#648,.T.);
#646 = VERTEX_POINT('',#647);
#647 = CARTESIAN_POINT('',(-0.395,0.890868365168,0.694200137875));
#648 = LINE('',#649,#650);
#649 = CARTESIAN_POINT('',(-0.395,1.289196466049,4.65));
#650 = VECTOR('',#651,1.);
#651 = DIRECTION('',(-1.112310927943E-17,-0.100188061612,-0.994968518251
    ));
#652 = ORIENTED_EDGE('',*,*,#67,.T.);
#653 = ORIENTED_EDGE('',*,*,#628,.F.);
#654 = ORIENTED_EDGE('',*,*,#655,.F.);
#655 = EDGE_CURVE('',#646,#620,#656,.T.);
#656 = HYPERBOLA('',#657,0.205331174486,0.38471620509);
#657 = AXIS2_PLACEMENT_3D('',#658,#659,#660);
#658 = CARTESIAN_POINT('',(0.248957285542,0.293724597161,0.184405235909)
  );
#659 = DIRECTION('',(-0.644680171606,-0.760606074612,7.658900444376E-02)
  );
#660 = DIRECTION('',(4.952086777228E-02,5.842567292524E-02,
    0.997062748476));
#661 = PLANE('',#662);
#662 = AXIS2_PLACEMENT_3D('',#663,#664,#665);
#663 = CARTESIAN_POINT('',(-2.070730967412,2.484273157405,2.413021757387
    ));
#664 = DIRECTION('',(-0.644680171606,-0.760606074612,7.658900444376E-02)
  );
#665 = DIRECTION('',(-0.762846747383,0.646579337751,0.));
#666 = ADVANCED_FACE('',(#667),#686,.T.);
#667 = FACE_BOUND('',#668,.T.);
#668 = EDGE_LOOP('',(#669,#677,#678,#679));
#669 = ORIENTED_EDGE('',*,*,#670,.F.);
#670 = EDGE_CURVE('',#52,#671,#673,.T.);
#671 = VERTEX_POINT('',#672);
#672 = CARTESIAN_POINT('',(8.160139230995E-17,0.735,0.566849947044));
#673 = LINE('',#674,#675);
#674 = CARTESIAN_POINT('',(1.272483885819E-16,1.146151590802,4.65));
#675 = VECTOR('',#676,1.);
#676 = DIRECTION('',(-1.112310927943E-17,-0.100188061612,-0.994968518251
    ));
#677 = ORIENTED_EDGE('',*,*,#59,.T.);
#678 = ORIENTED_EDGE('',*,*,#645,.T.);
#679 = ORIENTED_EDGE('',*,*,#680,.F.);
#680 = EDGE_CURVE('',#671,#646,#681,.T.);
#681 = HYPERBOLA('',#682,0.350222911598,0.654909647025);
#682 = AXIS2_PLACEMENT_3D('',#683,#684,#685);
#683 = CARTESIAN_POINT('',(0.223279334382,0.616557125368,0.193595598583)
  );
#684 = DIRECTION('',(-0.33898332763,-0.93605880101,9.425616500203E-02));
#685 = DIRECTION('',(3.209415235281E-02,8.862386826157E-02,
    0.995547977427));
#686 = PLANE('',#687);
#687 = AXIS2_PLACEMENT_3D('',#688,#689,#690);
#688 = CARTESIAN_POINT('',(-0.1975,0.992422163784,2.413021757387));
#689 = DIRECTION('',(-0.33898332763,-0.93605880101,9.425616500203E-02));
#690 = DIRECTION('',(-0.940244792048,0.340499237924,-3.469446951954E-18)
  );
#691 = ADVANCED_FACE('',(#692),#711,.T.);
#692 = FACE_BOUND('',#693,.T.);
#693 = EDGE_LOOP('',(#694,#702,#703,#704));
#694 = ORIENTED_EDGE('',*,*,#695,.F.);
#695 = EDGE_CURVE('',#44,#696,#698,.T.);
#696 = VERTEX_POINT('',#697);
#697 = CARTESIAN_POINT('',(0.395,0.890868365168,0.694200137875));
#698 = LINE('',#699,#700);
#699 = CARTESIAN_POINT('',(0.395,1.289196466049,4.65));
#700 = VECTOR('',#701,1.);
#701 = DIRECTION('',(-1.112310927943E-17,-0.100188061612,-0.994968518251
    ));
#702 = ORIENTED_EDGE('',*,*,#51,.T.);
#703 = ORIENTED_EDGE('',*,*,#670,.T.);
#704 = ORIENTED_EDGE('',*,*,#705,.F.);
#705 = EDGE_CURVE('',#696,#671,#706,.T.);
#706 = HYPERBOLA('',#707,0.350222911598,0.654909647025);
#707 = AXIS2_PLACEMENT_3D('',#708,#709,#710);
#708 = CARTESIAN_POINT('',(-0.223279334382,0.616557125368,0.193595598583
    ));
#709 = DIRECTION('',(0.33898332763,-0.93605880101,9.425616500203E-02));
#710 = DIRECTION('',(-3.209415235281E-02,8.862386826157E-02,
    0.995547977427));
#711 = PLANE('',#712);
#712 = AXIS2_PLACEMENT_3D('',#713,#714,#715);
#713 = CARTESIAN_POINT('',(0.1975,0.992422163784,2.413021757387));
#714 = DIRECTION('',(0.33898332763,-0.93605880101,9.425616500203E-02));
#715 = DIRECTION('',(-0.940244792048,-0.340499237924,3.469446951954E-18)
  );
#716 = ADVANCED_FACE('',(#717),#729,.T.);
#717 = FACE_BOUND('',#718,.T.);
#718 = EDGE_LOOP('',(#719,#720,#721,#722));
#719 = ORIENTED_EDGE('',*,*,#249,.F.);
#720 = ORIENTED_EDGE('',*,*,#43,.T.);
#721 = ORIENTED_EDGE('',*,*,#695,.T.);
#722 = ORIENTED_EDGE('',*,*,#723,.F.);
#723 = EDGE_CURVE('',#233,#696,#724,.T.);
#724 = HYPERBOLA('',#725,0.205331174486,0.38471620509);
#725 = AXIS2_PLACEMENT_3D('',#726,#727,#728);
#726 = CARTESIAN_POINT('',(-0.248957285542,0.293724597161,0.184405235909
    ));
#727 = DIRECTION('',(0.644680171606,-0.760606074612,7.658900444376E-02)
  );
#728 = DIRECTION('',(-4.952086777228E-02,5.842567292524E-02,
    0.997062748476));
#729 = PLANE('',#730);
#730 = AXIS2_PLACEMENT_3D('',#731,#732,#733);
#731 = CARTESIAN_POINT('',(2.070730967412,2.484273157405,2.413021757387)
  );
#732 = DIRECTION('',(0.644680171606,-0.760606074612,7.658900444376E-02)
  );
#733 = DIRECTION('',(-0.762846747383,-0.646579337751,0.));
#734 = ADVANCED_FACE('',(#735),#754,.T.);
#735 = FACE_BOUND('',#736,.F.);
#736 = EDGE_LOOP('',(#737,#738,#746,#753));
#737 = ORIENTED_EDGE('',*,*,#214,.T.);
#738 = ORIENTED_EDGE('',*,*,#739,.T.);
#739 = EDGE_CURVE('',#206,#740,#742,.T.);
#740 = VERTEX_POINT('',#741);
#741 = CARTESIAN_POINT('',(3.5,0.,0.));
#742 = LINE('',#743,#744);
#743 = CARTESIAN_POINT('',(3.304474884462,0.,2.234862297099));
#744 = VECTOR('',#745,1.);
#745 = DIRECTION('',(8.715574274766E-02,0.,-0.996194698092));
#746 = ORIENTED_EDGE('',*,*,#747,.F.);
#747 = EDGE_CURVE('',#740,#740,#748,.T.);
#748 = CIRCLE('',#749,3.5);
#749 = AXIS2_PLACEMENT_3D('',#750,#751,#752);
#750 = CARTESIAN_POINT('',(0.,0.,0.));
#751 = DIRECTION('',(0.,0.,1.));
#752 = DIRECTION('',(1.,0.,-0.));
#753 = ORIENTED_EDGE('',*,*,#739,.F.);
#754 = CONICAL_SURFACE('',#755,3.304474884462,8.726646259972E-02);
#755 = AXIS2_PLACEMENT_3D('',#756,#757,#758);
#756 = CARTESIAN_POINT('',(0.,0.,2.234862297099));
#757 = DIRECTION('',(-0.,-0.,-1.));
#758 = DIRECTION('',(1.,0.,0.));
#759 = ADVANCED_FACE('',(#760),#791,.F.);
#760 = FACE_BOUND('',#761,.T.);
#761 = EDGE_LOOP('',(#762,#763,#771,#772,#773,#774,#775,#776,#777,#778,
    #779,#780,#781,#782,#783,#784,#785,#786,#787,#788,#789,#790));
#762 = ORIENTED_EDGE('',*,*,#324,.T.);
#763 = ORIENTED_EDGE('',*,*,#764,.T.);
#764 = EDGE_CURVE('',#290,#765,#767,.T.);
#765 = VERTEX_POINT('',#766);
#766 = CARTESIAN_POINT('',(0.,0.,0.176043514773));
#767 = LINE('',#768,#769);
#768 = CARTESIAN_POINT('',(1.145,0.,0.784850814026));
#769 = VECTOR('',#770,1.);
#770 = DIRECTION('',(-0.882947592859,0.,-0.469471562786));
#771 = ORIENTED_EDGE('',*,*,#764,.F.);
#772 = ORIENTED_EDGE('',*,*,#289,.T.);
#773 = ORIENTED_EDGE('',*,*,#274,.T.);
#774 = ORIENTED_EDGE('',*,*,#230,.T.);
#775 = ORIENTED_EDGE('',*,*,#723,.T.);
#776 = ORIENTED_EDGE('',*,*,#705,.T.);
#777 = ORIENTED_EDGE('',*,*,#680,.T.);
#778 = ORIENTED_EDGE('',*,*,#655,.T.);
#779 = ORIENTED_EDGE('',*,*,#619,.T.);
#780 = ORIENTED_EDGE('',*,*,#604,.T.);
#781 = ORIENTED_EDGE('',*,*,#578,.T.);
#782 = ORIENTED_EDGE('',*,*,#553,.T.);
#783 = ORIENTED_EDGE('',*,*,#528,.T.);
#784 = ORIENTED_EDGE('',*,*,#492,.T.);
#785 = ORIENTED_EDGE('',*,*,#477,.T.);
#786 = ORIENTED_EDGE('',*,*,#451,.T.);
#787 = ORIENTED_EDGE('',*,*,#426,.T.);
#788 = ORIENTED_EDGE('',*,*,#401,.T.);
#789 = ORIENTED_EDGE('',*,*,#365,.T.);
#790 = ORIENTED_EDGE('',*,*,#350,.T.);
#791 = CONICAL_SURFACE('',#792,1.145,1.082104136236);
#792 = AXIS2_PLACEMENT_3D('',#793,#794,#795);
#793 = CARTESIAN_POINT('',(0.,0.,0.784850814026));
#794 = DIRECTION('',(0.,0.,1.));
#795 = DIRECTION('',(1.,0.,0.));
#796 = ADVANCED_FACE('',(#797,#800),#811,.F.);
#797 = FACE_BOUND('',#798,.F.);
#798 = EDGE_LOOP('',(#799));
#799 = ORIENTED_EDGE('',*,*,#747,.T.);
#800 = FACE_BOUND('',#801,.F.);
#801 = EDGE_LOOP('',(#802));
#802 = ORIENTED_EDGE('',*,*,#803,.F.);
#803 = EDGE_CURVE('',#804,#804,#806,.T.);
#804 = VERTEX_POINT('',#805);
#805 = CARTESIAN_POINT('',(2.06,0.,9.71445146547E-17));
#806 = CIRCLE('',#807,2.06);
#807 = AXIS2_PLACEMENT_3D('',#808,#809,#810);
#808 = CARTESIAN_POINT('',(0.,0.,9.71445146547E-17));
#809 = DIRECTION('',(0.,0.,1.));
#810 = DIRECTION('',(1.,0.,-0.));
#811 = PLANE('',#812);
#812 = AXIS2_PLACEMENT_3D('',#813,#814,#815);
#813 = CARTESIAN_POINT('',(0.,0.,0.));
#814 = DIRECTION('',(0.,0.,1.));
#815 = DIRECTION('',(1.,0.,-0.));
#816 = ADVANCED_FACE('',(#817),#837,.F.);
#817 = FACE_BOUND('',#818,.F.);
#818 = EDGE_LOOP('',(#819,#820,#829,#836));
#819 = ORIENTED_EDGE('',*,*,#803,.T.);
#820 = ORIENTED_EDGE('',*,*,#821,.T.);
#821 = EDGE_CURVE('',#804,#822,#824,.T.);
#822 = VERTEX_POINT('',#823);
#823 = CARTESIAN_POINT('',(1.86,0.,-0.2));
#824 = CIRCLE('',#825,0.2);
#825 = AXIS2_PLACEMENT_3D('',#826,#827,#828);
#826 = CARTESIAN_POINT('',(2.06,0.,-0.2));
#827 = DIRECTION('',(0.,-1.,0.));
#828 = DIRECTION('',(-2.22044604925E-15,0.,1.));
#829 = ORIENTED_EDGE('',*,*,#830,.F.);
#830 = EDGE_CURVE('',#822,#822,#831,.T.);
#831 = CIRCLE('',#832,1.86);
#832 = AXIS2_PLACEMENT_3D('',#833,#834,#835);
#833 = CARTESIAN_POINT('',(0.,0.,-0.2));
#834 = DIRECTION('',(0.,0.,1.));
#835 = DIRECTION('',(1.,0.,-0.));
#836 = ORIENTED_EDGE('',*,*,#821,.F.);
#837 = TOROIDAL_SURFACE('',#838,2.06,0.2);
#838 = AXIS2_PLACEMENT_3D('',#839,#840,#841);
#839 = CARTESIAN_POINT('',(0.,0.,-0.2));
#840 = DIRECTION('',(0.,0.,1.));
#841 = DIRECTION('',(1.,0.,-0.));
#842 = ADVANCED_FACE('',(#843),#1099,.T.);
#843 = FACE_BOUND('',#844,.F.);
#844 = EDGE_LOOP('',(#845,#853,#854,#855,#962,#970,#1001,#1064));
#845 = ORIENTED_EDGE('',*,*,#846,.F.);
#846 = EDGE_CURVE('',#822,#847,#849,.T.);
#847 = VERTEX_POINT('',#848);
#848 = CARTESIAN_POINT('',(1.86,5.268468141331E-12,-0.313753676758));
#849 = LINE('',#850,#851);
#850 = CARTESIAN_POINT('',(1.86,0.,-0.2));
#851 = VECTOR('',#852,1.);
#852 = DIRECTION('',(-2.523234146875E-17,0.,-1.));
#853 = ORIENTED_EDGE('',*,*,#830,.T.);
#854 = ORIENTED_EDGE('',*,*,#846,.T.);
#855 = ORIENTED_EDGE('',*,*,#856,.T.);
#856 = EDGE_CURVE('',#847,#857,#859,.T.);
#857 = VERTEX_POINT('',#858);
#858 = CARTESIAN_POINT('',(1.86,4.476176803157E-12,-1.01375339391));
#859 = B_SPLINE_CURVE_WITH_KNOTS('',6,(#860,#861,#862,#863,#864,#865,
    #866,#867,#868,#869,#870,#871,#872,#873,#874,#875,#876,#877,#878,
    #879,#880,#881,#882,#883,#884,#885,#886,#887,#888,#889,#890,#891,
    #892,#893,#894,#895,#896,#897,#898,#899,#900,#901,#902,#903,#904,
    #905,#906,#907,#908,#909,#910,#911,#912,#913,#914,#915,#916,#917,
    #918,#919,#920,#921,#922,#923,#924,#925,#926,#927,#928,#929,#930,
    #931,#932,#933,#934,#935,#936,#937,#938,#939,#940,#941,#942,#943,
    #944,#945,#946,#947,#948,#949,#950,#951,#952,#953,#954,#955,#956,
    #957,#958,#959,#960,#961),.UNSPECIFIED.,.F.,.F.,(7,5,5,5,5,5,5,5,5,5
    ,5,5,5,5,5,5,5,5,5,5,7),(0.,2.502223635539E-02,4.839748114019E-02,
    0.127395828774,0.141844665931,0.241842808069,0.263842931145,
    0.302767525281,0.357769787076,0.40238704264,0.499025321713,
    0.598252663322,0.62563765466,0.678640575668,0.7306415965,
    0.784307329159,0.840309614541,0.873126280951,0.944087798134,
    0.973087073314,1.),.UNSPECIFIED.);
#860 = CARTESIAN_POINT('',(1.86,1.053734877132E-11,-0.313753676758));
#861 = CARTESIAN_POINT('',(1.86,-4.873682049427E-02,-0.316672851275));
#862 = CARTESIAN_POINT('',(1.858467557807,-9.74737020347E-02,
    -0.319592210657));
#863 = CARTESIAN_POINT('',(1.855402686339,-0.14615020154,-0.322511656426
    ));
#864 = CARTESIAN_POINT('',(1.850808547717,-0.194706149028,
    -0.325431103285));
#865 = CARTESIAN_POINT('',(1.844691453257,-0.243081647604,
    -0.328350479116));
#866 = CARTESIAN_POINT('',(1.829932527649,-0.336184171778,
    -0.333996822822));
#867 = CARTESIAN_POINT('',(1.821483357132,-0.38094188781,-0.336723812325
    ));
#868 = CARTESIAN_POINT('',(1.811721070458,-0.42544161104,-0.339450649911
    ));
#869 = CARTESIAN_POINT('',(1.80065572071,-0.469635293617,-0.342177309777
    ));
#870 = CARTESIAN_POINT('',(1.788299695516,-0.513475450358,-0.34490378389
    ));
#871 = CARTESIAN_POINT('',(1.728597449842,-0.703722827124,
    -0.356843805629));
#872 = CARTESIAN_POINT('',(1.667949347638,-0.845971087397,
    -0.366056386821));
#873 = CARTESIAN_POINT('',(1.593295529225,-0.981819625574,
    -0.375266209157));
#874 = CARTESIAN_POINT('',(1.505510154649,-1.109577657744,
    -0.384476739469));
#875 = CARTESIAN_POINT('',(1.405710293653,-1.227702922195,
    -0.393690678111));
#876 = CARTESIAN_POINT('',(1.275086310292,-1.354454473714,
    -0.404592101182));
#877 = CARTESIAN_POINT('',(1.25453333227,-1.37368614104,-0.406277775667)
  );
#878 = CARTESIAN_POINT('',(1.233632826605,-1.392543026545,
    -0.407963545714));
#879 = CARTESIAN_POINT('',(1.212393356856,-1.411017308376,
    -0.409649412461));
#880 = CARTESIAN_POINT('',(1.190823726817,-1.429101421717,
    -0.411335375174));
#881 = CARTESIAN_POINT('',(1.017430549125,-1.569194507756,
    -0.424690361588));
#882 = CARTESIAN_POINT('',(0.850509780819,-1.672592679977,
    -0.436366550625));
#883 = CARTESIAN_POINT('',(0.671232560986,-1.754482346504,
    -0.448043628299));
#884 = CARTESIAN_POINT('',(0.483078214695,-1.813164848967,
    -0.459720952316));
#885 = CARTESIAN_POINT('',(0.289770489827,-1.847584430282,
    -0.471398387561));
#886 = CARTESIAN_POINT('',(5.246246463016E-02,-1.859753704258,
    -0.485636716883));
#887 = CARTESIAN_POINT('',(9.607664412066E-03,-1.860765148498,
    -0.488204143606));
#888 = CARTESIAN_POINT('',(-3.32668798562E-02,-1.860591436931,
    -0.490771368498));
#889 = CARTESIAN_POINT('',(-7.612024350165E-02,-1.859232357173,
    -0.493338386374));
#890 = CARTESIAN_POINT('',(-0.118911534985,-1.85668958178,
    -0.495905196967));
#891 = CARTESIAN_POINT('',(-0.237127978962,-1.846379755182,
    -0.503012878289));
#892 = CARTESIAN_POINT('',(-0.312334547142,-1.836098454663,
    -0.507553324438));
#893 = CARTESIAN_POINT('',(-0.386992343646,-1.822142662341,
    -0.512093173946));
#894 = CARTESIAN_POINT('',(-0.460877940033,-1.804550359091,
    -0.516632489372));
#895 = CARTESIAN_POINT('',(-0.533771736221,-1.783377611011,
    -0.521171365265));
#896 = CARTESIAN_POINT('',(-0.706753929298,-1.723825935902,-0.5321231286
    ));
#897 = CARTESIAN_POINT('',(-0.805642001504,-1.681951072668,
    -0.538535851643));
#898 = CARTESIAN_POINT('',(-0.901512626822,-1.633284000208,
    -0.544948139592));
#899 = CARTESIAN_POINT('',(-0.993787372829,-1.578101795364,
    -0.551360540971));
#900 = CARTESIAN_POINT('',(-1.081923421356,-1.516746143923,
    -0.557773553994));
#901 = CARTESIAN_POINT('',(-1.233148040496,-1.395169596683,
    -0.569389646737));
#902 = CARTESIAN_POINT('',(-1.297825695445,-1.336920330472,
    -0.574592694868));
#903 = CARTESIAN_POINT('',(-1.359183511672,-1.275088255771,
    -0.579796216392));
#904 = CARTESIAN_POINT('',(-1.416976071424,-1.209911666963,
    -0.585000316092));
#905 = CARTESIAN_POINT('',(-1.470981257534,-1.141650708345,
    -0.590205039999));
#906 = CARTESIAN_POINT('',(-1.629342175482,-0.916664424234,
    -0.606684305711));
#907 = CARTESIAN_POINT('',(-1.719013335695,-0.749554319046,
    -0.617963070021));
#908 = CARTESIAN_POINT('',(-1.787952178837,-0.572157908259,
    -0.629240830627));
#909 = CARTESIAN_POINT('',(-1.834810138255,-0.38769666946,
    -0.640518461117));
#910 = CARTESIAN_POINT('',(-1.858816186897,-0.199576111399,
    -0.651797301892));
#911 = CARTESIAN_POINT('',(-1.861145270517,0.181907360269,
    -0.674649084406));
#912 = CARTESIAN_POINT('',(-1.838227675661,0.375363103631,
    -0.686226933339));
#913 = CARTESIAN_POINT('',(-1.791169334985,0.565152912691,
    -0.697799702625));
#914 = CARTESIAN_POINT('',(-1.720784252984,0.747583980487,
    -0.709371691843));
#915 = CARTESIAN_POINT('',(-1.628524271849,0.919163831678,
    -0.720948134645));
#916 = CARTESIAN_POINT('',(-1.485761678464,1.120248770059,
    -0.735718809496));
#917 = CARTESIAN_POINT('',(-1.453386753509,1.16267899383,-0.738913726282
    ));
#918 = CARTESIAN_POINT('',(-1.419560909689,1.203982159289,-0.74210882646
    ));
#919 = CARTESIAN_POINT('',(-1.384333470629,1.244096601652,
    -0.745304120199));
#920 = CARTESIAN_POINT('',(-1.347757209912,1.282963596485,
    -0.748499610825));
#921 = CARTESIAN_POINT('',(-1.236594183903,1.393231022428,-0.75788045602
    ));
#922 = CARTESIAN_POINT('',(-1.15845616922,1.461054218688,-0.764066458529
    ));
#923 = CARTESIAN_POINT('',(-1.07588388449,1.523590939652,-0.770253028668
    ));
#924 = CARTESIAN_POINT('',(-0.989327041554,1.580484736315,-0.77644013909
    ));
#925 = CARTESIAN_POINT('',(-0.899272016902,1.631431140065,
    -0.782627665306));
#926 = CARTESIAN_POINT('',(-0.714963337099,1.720083149036,
    -0.794885460758));
#927 = CARTESIAN_POINT('',(-0.620817995482,1.758022401114,
    -0.800955953298));
#928 = CARTESIAN_POINT('',(-0.524293040157,1.78976206938,-0.807026001569
    ));
#929 = CARTESIAN_POINT('',(-0.425899329445,1.81512186373,-0.813095404618
    ));
#930 = CARTESIAN_POINT('',(-0.326164242837,1.833978018128,
    -0.819164011864));
#931 = CARTESIAN_POINT('',(-0.121873339062,1.858943973801,
    -0.831493137929));
#932 = CARTESIAN_POINT('',(-1.726165919262E-02,1.864626849496,
    -0.837753810539));
#933 = CARTESIAN_POINT('',(8.761303792019E-02,1.863240590716,
    -0.844013050057));
#934 = CARTESIAN_POINT('',(0.19215533437,1.854779702691,-0.850271011574)
  );
#935 = CARTESIAN_POINT('',(0.295772837017,1.839305411987,-0.856528020303
    ));
#936 = CARTESIAN_POINT('',(0.504434126409,1.793612083284,-0.869312691246
    ));
#937 = CARTESIAN_POINT('',(0.609348285219,1.762779356542,-0.875840564932
    ));
#938 = CARTESIAN_POINT('',(0.711958242211,1.724593111834,-0.882367838629
    ));
#939 = CARTESIAN_POINT('',(0.811624097176,1.679274536483,-0.888895263101
    ));
#940 = CARTESIAN_POINT('',(0.907736135503,1.627118140519,-0.895423593063
    ));
#941 = CARTESIAN_POINT('',(1.053621493967,1.534134094702,-0.905778987943
    ));
#942 = CARTESIAN_POINT('',(1.106106391755,1.497555568621,-0.90960546764)
  );
#943 = CARTESIAN_POINT('',(1.1570596261,1.458827497939,-0.913432417337)
  );
#944 = CARTESIAN_POINT('',(1.206371905214,1.418030613292,-0.917259886958
    ));
#945 = CARTESIAN_POINT('',(1.253939747139,1.375252972317,-0.921087893392
    ));
#946 = CARTESIAN_POINT('',(1.39854107301,1.234012351797,-0.933195082562)
  );
#947 = CARTESIAN_POINT('',(1.488810319557,1.128612349734,-0.9414766941)
  );
#948 = CARTESIAN_POINT('',(1.56947492298,1.01536150628,-0.949759986196)
  );
#949 = CARTESIAN_POINT('',(1.63970870257,0.895363781826,-0.958044522136)
  );
#950 = CARTESIAN_POINT('',(1.69884433225,0.769825090517,-0.966328997779)
  );
#951 = CARTESIAN_POINT('',(1.765841717881,0.587020674715,-0.977996234091
    ));
#952 = CARTESIAN_POINT('',(1.783345612428,0.533279533375,-0.981380733381
    ));
#953 = CARTESIAN_POINT('',(1.798884680025,0.478918293514,-0.984764923784
    ));
#954 = CARTESIAN_POINT('',(1.812432069047,0.424026721715,-0.988148781139
    ));
#955 = CARTESIAN_POINT('',(1.823966420974,0.368696056789,-0.991532324261
    ));
#956 = CARTESIAN_POINT('',(1.84229345168,0.261347639547,-0.998055495277)
  );
#957 = CARTESIAN_POINT('',(1.849367608351,0.209377720834,-1.001195162562
    ));
#958 = CARTESIAN_POINT('',(1.854681680093,0.157183335012,-1.00433467501)
  );
#959 = CARTESIAN_POINT('',(1.858227221086,0.104838950881,-1.007474126065
    ));
#960 = CARTESIAN_POINT('',(1.86,5.24194246631E-02,-1.010613644398));
#961 = CARTESIAN_POINT('',(1.86,8.961054120959E-12,-1.01375339391));
#962 = ORIENTED_EDGE('',*,*,#963,.F.);
#963 = EDGE_CURVE('',#964,#857,#966,.T.);
#964 = VERTEX_POINT('',#965);
#965 = CARTESIAN_POINT('',(1.86,3.361606432942E-11,-0.926226529106));
#966 = LINE('',#967,#968);
#967 = CARTESIAN_POINT('',(1.86,0.,-0.2));
#968 = VECTOR('',#969,1.);
#969 = DIRECTION('',(-2.523234146875E-17,0.,-1.));
#970 = ORIENTED_EDGE('',*,*,#971,.F.);
#971 = EDGE_CURVE('',#972,#964,#974,.T.);
#972 = VERTEX_POINT('',#973);
#973 = CARTESIAN_POINT('',(-1.198737605929,1.42219132051,-0.466232376289
    ));
#974 = B_SPLINE_CURVE_WITH_KNOTS('',7,(#975,#976,#977,#978,#979,#980,
    #981,#982,#983,#984,#985,#986,#987,#988,#989,#990,#991,#992,#993,
    #994,#995,#996,#997,#998,#999,#1000),.UNSPECIFIED.,.F.,.F.,(8,6,6,6,
    8),(0.,0.338998556044,0.518601036711,0.694231647628,1.),
  .UNSPECIFIED.);
#975 = CARTESIAN_POINT('',(-1.198737605929,1.42219132051,-0.466232376289
    ));
#976 = CARTESIAN_POINT('',(-1.046176605871,1.550782041976,
    -0.491216323965));
#977 = CARTESIAN_POINT('',(-0.877223158621,1.660531731374,
    -0.517157088017));
#978 = CARTESIAN_POINT('',(-0.694650126139,1.748874133236,
    -0.543762196116));
#979 = CARTESIAN_POINT('',(-0.501644992559,1.813830368073,
    -0.570741871025));
#980 = CARTESIAN_POINT('',(-0.30168748919,1.853964529393,-0.597819077622
    ));
#981 = CARTESIAN_POINT('',(-9.854185506561E-02,1.868410324939,
    -0.62472776023));
#982 = CARTESIAN_POINT('',(0.210991997303,1.851110398261,-0.665232176637
    ));
#983 = CARTESIAN_POINT('',(0.317979482355,1.837888865669,-0.679140703787
    ));
#984 = CARTESIAN_POINT('',(0.424170665488,1.817424038141,-0.692892117623
    ));
#985 = CARTESIAN_POINT('',(0.528977836528,1.789759497302,-0.706450738888
    ));
#986 = CARTESIAN_POINT('',(0.631815312101,1.754997918551,-0.719782960446
    ));
#987 = CARTESIAN_POINT('',(0.732103489367,1.713303491247,-0.732856892176
    ));
#988 = CARTESIAN_POINT('',(0.924293429812,1.617575523283,-0.758144379547
    ));
#989 = CARTESIAN_POINT('',(1.016337717679,1.563832214792,-0.770371365909
    ));
#990 = CARTESIAN_POINT('',(1.104872300592,1.503888975075,-0.782294216502
    ));
#991 = CARTESIAN_POINT('',(1.189385378138,1.438013411161,-0.793886991619
    ));
#992 = CARTESIAN_POINT('',(1.269391417212,1.366526574513,-0.805126155582
    ));
#993 = CARTESIAN_POINT('',(1.344435756957,1.28980336008,-0.815990172044)
  );
#994 = CARTESIAN_POINT('',(1.535381490654,1.066330491748,-0.844685230925
    ));
#995 = CARTESIAN_POINT('',(1.640419037068,0.909743104877,-0.861723519454
    ));
#996 = CARTESIAN_POINT('',(1.726900434181,0.740840053471,-0.877455679754
    ));
#997 = CARTESIAN_POINT('',(1.793074372695,0.562333791927,-0.891808232598
    ));
#998 = CARTESIAN_POINT('',(1.837687567673,0.377186896621,-0.904732322895
    ));
#999 = CARTESIAN_POINT('',(1.859999999997,0.188605808218,-0.916202504799
    ));
#1000 = CARTESIAN_POINT('',(1.86,6.723168884334E-11,-0.926226529106));
#1001 = ORIENTED_EDGE('',*,*,#1002,.F.);
#1002 = EDGE_CURVE('',#1003,#972,#1005,.T.);
#1003 = VERTEX_POINT('',#1004);
#1004 = CARTESIAN_POINT('',(-1.198805819471,1.422133821833,
    -0.291226640616));
#1005 = B_SPLINE_CURVE_WITH_KNOTS('',8,(#1006,#1007,#1008,#1009,#1010,
    #1011,#1012,#1013,#1014,#1015,#1016,#1017,#1018,#1019,#1020,#1021,
    #1022,#1023,#1024,#1025,#1026,#1027,#1028,#1029,#1030,#1031,#1032,
    #1033,#1034,#1035,#1036,#1037,#1038,#1039,#1040,#1041,#1042,#1043,
    #1044,#1045,#1046,#1047,#1048,#1049,#1050,#1051,#1052,#1053,#1054,
    #1055,#1056,#1057,#1058,#1059,#1060,#1061,#1062,#1063),
  .UNSPECIFIED.,.F.,.F.,(9,7,7,7,7,7,7,7,9),(0.,0.296296722948,
    0.391394228406,0.429271865443,0.49675134454,0.578553649337,
    0.633537340991,0.824391897602,1.),.UNSPECIFIED.);
#1006 = CARTESIAN_POINT('',(-1.198805819471,1.422133821833,
    -0.291226640616));
#1007 = CARTESIAN_POINT('',(-1.240869455414,1.386675744132,
    -0.291018032429));
#1008 = CARTESIAN_POINT('',(-1.281274486681,1.350183596788,
    -0.29129775014));
#1009 = CARTESIAN_POINT('',(-1.319937798893,1.312820143811,
    -0.292080794305));
#1010 = CARTESIAN_POINT('',(-1.35670467833,1.274837241875,
    -0.293397483567));
#1011 = CARTESIAN_POINT('',(-1.391364087883,1.2365981436,-0.295290540028
    ));
#1012 = CARTESIAN_POINT('',(-1.423617452902,1.198672584603,
    -0.297827517738));
#1013 = CARTESIAN_POINT('',(-1.453121289893,1.16185282304,-0.30109940344
    ));
#1014 = CARTESIAN_POINT('',(-1.487688141529,1.116501657601,
    -0.306636595308));
#1015 = CARTESIAN_POINT('',(-1.495736906915,1.105747217938,
    -0.308075717795));
#1016 = CARTESIAN_POINT('',(-1.503415794622,1.095304316212,
    -0.309614263038));
#1017 = CARTESIAN_POINT('',(-1.510699294291,1.085229985089,
    -0.311258198204));
#1018 = CARTESIAN_POINT('',(-1.517556617229,1.075592248466,
    -0.313013740134));
#1019 = CARTESIAN_POINT('',(-1.523952276825,1.066469740218,
    -0.314887155472));
#1020 = CARTESIAN_POINT('',(-1.529846912783,1.057950030285,
    -0.316884400247));
#1021 = CARTESIAN_POINT('',(-1.537329857136,1.047010584263,
    -0.319857470576));
#1022 = CARTESIAN_POINT('',(-1.53937503835,1.044005158747,
    -0.320724713146));
#1023 = CARTESIAN_POINT('',(-1.541331079318,1.041116578173,
    -0.321612625134));
#1024 = CARTESIAN_POINT('',(-1.543195148242,1.038351047434,
    -0.322521435226));
#1025 = CARTESIAN_POINT('',(-1.544964404981,1.035714779718,
    -0.323451302292));
#1026 = CARTESIAN_POINT('',(-1.546636001055,1.033213996506,
    -0.324402315387));
#1027 = CARTESIAN_POINT('',(-1.548207079643,1.030854927577,
    -0.325374493751));
#1028 = CARTESIAN_POINT('',(-1.552289494062,1.024704679473,
    -0.328137350679));
#1029 = CARTESIAN_POINT('',(-1.554576685004,1.02123409604,
    -0.329974190433));
#1030 = CARTESIAN_POINT('',(-1.556519922356,1.018267440954,
    -0.331877517866));
#1031 = CARTESIAN_POINT('',(-1.55810433364,1.015836925217,
    -0.333845685328));
#1032 = CARTESIAN_POINT('',(-1.559317483276,1.013969620275,
    -0.33587604087));
#1033 = CARTESIAN_POINT('',(-1.560150255913,1.012685487722,
    -0.337964783404));
#1034 = CARTESIAN_POINT('',(-1.560597739755,1.011995408989,
    -0.340106817846));
#1035 = CARTESIAN_POINT('',(-1.560735718361,1.011782603501,
    -0.344948983833));
#1036 = CARTESIAN_POINT('',(-1.560245352686,1.012538721892,
    -0.347672056368));
#1037 = CARTESIAN_POINT('',(-1.559188868719,1.014168914911,
    -0.350453068024));
#1038 = CARTESIAN_POINT('',(-1.557577200717,1.016650307751,
    -0.353280050842));
#1039 = CARTESIAN_POINT('',(-1.555429882744,1.01994128206,
    -0.356141182494));
#1040 = CARTESIAN_POINT('',(-1.552772570074,1.023986951892,
    -0.359025140014));
#1041 = CARTESIAN_POINT('',(-1.549634560598,1.028724639656,
    -0.361921453532));
#1042 = CARTESIAN_POINT('',(-1.543634465828,1.03769526139,
    -0.366769705724));
#1043 = CARTESIAN_POINT('',(-1.541018733528,1.04158520677,
    -0.368720342717));
#1044 = CARTESIAN_POINT('',(-1.538207859172,1.045740208707,
    -0.37067032578));
#1045 = CARTESIAN_POINT('',(-1.535210564013,1.050141292513,
    -0.372617499884));
#1046 = CARTESIAN_POINT('',(-1.532035374065,1.054769852211,
    -0.374559997223));
#1047 = CARTESIAN_POINT('',(-1.528690443458,1.059608014422,
    -0.376496234254));
#1048 = CARTESIAN_POINT('',(-1.525183377796,1.064639002256,
    -0.378424908744));
#1049 = CARTESIAN_POINT('',(-1.5088087333,1.087926775914,-0.387009837715
    ));
#1050 = CARTESIAN_POINT('',(-1.494245233832,1.108117491306,
    -0.393561227053));
#1051 = CARTESIAN_POINT('',(-1.478100413177,1.129802593543,
    -0.399971282114));
#1052 = CARTESIAN_POINT('',(-1.460581026482,1.152508302893,
    -0.406220906871));
#1053 = CARTESIAN_POINT('',(-1.441846696247,1.175879750773,
    -0.412298947995));
#1054 = CARTESIAN_POINT('',(-1.422017867576,1.199659434794,
    -0.418201228573));
#1055 = CARTESIAN_POINT('',(-1.401175752396,1.223668489809,
    -0.423929459542));
#1056 = CARTESIAN_POINT('',(-1.35927598697,1.26998604657,-0.434606390941
    ));
#1057 = CARTESIAN_POINT('',(-1.338392725953,1.292250720457,
    -0.439574707988));
#1058 = CARTESIAN_POINT('',(-1.316757511739,1.314469518172,-0.4443947779
    ));
#1059 = CARTESIAN_POINT('',(-1.294415733391,1.336551020256,
    -0.449065745421));
#1060 = CARTESIAN_POINT('',(-1.27140760757,1.358421027353,
    -0.453586410152));
#1061 = CARTESIAN_POINT('',(-1.247769791918,1.380017790974,
    -0.457955409622));
#1062 = CARTESIAN_POINT('',(-1.223536141162,1.401289113945,
    -0.462171277407));
#1063 = CARTESIAN_POINT('',(-1.198737605929,1.42219132051,
    -0.466232376289));
#1064 = ORIENTED_EDGE('',*,*,#1065,.F.);
#1065 = EDGE_CURVE('',#847,#1003,#1066,.T.);
#1066 = B_SPLINE_CURVE_WITH_KNOTS('',6,(#1067,#1068,#1069,#1070,#1071,
    #1072,#1073,#1074,#1075,#1076,#1077,#1078,#1079,#1080,#1081,#1082,
    #1083,#1084,#1085,#1086,#1087,#1088,#1089,#1090,#1091,#1092,#1093,
    #1094,#1095,#1096,#1097,#1098),.UNSPECIFIED.,.F.,.F.,(7,5,5,5,5,5,7)
  ,(0.,5.027349708455E-02,0.271331763551,0.374185810895,0.542787393465,
    0.717819428531,1.),.UNSPECIFIED.);
#1067 = CARTESIAN_POINT('',(1.86,1.05372040388E-11,-0.313753676758));
#1068 = CARTESIAN_POINT('',(1.86,3.590598508923E-02,-0.311845323613));
#1069 = CARTESIAN_POINT('',(1.859168232204,7.18157585351E-02,
    -0.309990781184));
#1070 = CARTESIAN_POINT('',(1.857504369153,0.107704467719,
    -0.308190036687));
#1071 = CARTESIAN_POINT('',(1.855009125445,0.143547303166,
    -0.306443019111));
#1072 = CARTESIAN_POINT('',(1.851684257735,0.179319498559,
    -0.304749599219));
#1073 = CARTESIAN_POINT('',(1.829277099934,0.371871406679,
    -0.295898281093));
#1074 = CARTESIAN_POINT('',(1.795032625964,0.526925198416,
    -0.289718649679));
#1075 = CARTESIAN_POINT('',(1.745034831789,0.678007821303,-0.28455756735
    ));
#1076 = CARTESIAN_POINT('',(1.679928817047,0.823100793752,
    -0.280375539047));
#1077 = CARTESIAN_POINT('',(1.600673393106,0.960327183804,
    -0.277118893471));
#1078 = CARTESIAN_POINT('',(1.465738666381,1.147421221607,-0.27359864282
    ));
#1079 = CARTESIAN_POINT('',(1.420110414958,1.204769379445,-0.27266568844
    ));
#1080 = CARTESIAN_POINT('',(1.371830641544,1.259890595374,
    -0.271910379415));
#1081 = CARTESIAN_POINT('',(1.321040803328,1.312632069196,
    -0.271324772722));
#1082 = CARTESIAN_POINT('',(1.267893813155,1.362854076837,
    -0.270900191357));
#1083 = CARTESIAN_POINT('',(1.121839345689,1.488417868191,
    -0.270179768209));
#1084 = CARTESIAN_POINT('',(1.02522769144,1.559298831611,-0.270139731369
    ));
#1085 = CARTESIAN_POINT('',(0.923444828482,1.6225129241,-0.270465776747)
  );
#1086 = CARTESIAN_POINT('',(0.817272187574,1.677612846463,
    -0.271111545531));
#1087 = CARTESIAN_POINT('',(0.707534846442,1.72426223316,-0.272026216766
    ));
#1088 = CARTESIAN_POINT('',(0.478355491262,1.801653902672,
    -0.274326971395));
#1089 = CARTESIAN_POINT('',(0.3586947147,1.831724387233,-0.275729774364)
  );
#1090 = CARTESIAN_POINT('',(0.237064527386,1.852192813971,
    -0.277302295536));
#1091 = CARTESIAN_POINT('',(0.114429751422,1.862942091417,
    -0.278979010521));
#1092 = CARTESIAN_POINT('',(-8.248868339505E-03,1.863983504054,
    -0.280691174006));
#1093 = CARTESIAN_POINT('',(-0.32635139833,1.841691513617,-0.28507117151
    ));
#1094 = CARTESIAN_POINT('',(-0.520379368911,1.803043883968,
    -0.287683125187));
#1095 = CARTESIAN_POINT('',(-0.708103133066,1.740053263908,
    -0.289906012854));
#1096 = CARTESIAN_POINT('',(-0.885863610044,1.654127327505,
    -0.291434084589));
#1097 = CARTESIAN_POINT('',(-1.050364363898,1.547264437575,
    -0.291962813375));
#1098 = CARTESIAN_POINT('',(-1.198805819471,1.422133821833,
    -0.291226640616));
#1099 = CYLINDRICAL_SURFACE('',#1100,1.86);
#1100 = AXIS2_PLACEMENT_3D('',#1101,#1102,#1103);
#1101 = CARTESIAN_POINT('',(0.,0.,-0.2));
#1102 = DIRECTION('',(-0.,-0.,-1.));
#1103 = DIRECTION('',(1.,0.,0.));
#1104 = ADVANCED_FACE('',(#1105),#1127,.T.);
#1105 = FACE_BOUND('',#1106,.T.);
#1106 = EDGE_LOOP('',(#1107,#1121,#1122));
#1107 = ORIENTED_EDGE('',*,*,#1108,.F.);
#1108 = EDGE_CURVE('',#1003,#1109,#1111,.T.);
#1109 = VERTEX_POINT('',#1110);
#1110 = CARTESIAN_POINT('',(1.48113250006,1.270405269476E-06,
    -0.532521209832));
#1111 = ( BOUNDED_CURVE() B_SPLINE_CURVE(8,(#1112,#1113,#1114,#1115,
    #1116,#1117,#1118,#1119,#1120),.UNSPECIFIED.,.F.,.F.) 
B_SPLINE_CURVE_WITH_KNOTS((9,9),(0.,3.161029009846),
.PIECEWISE_BEZIER_KNOTS.) CURVE() GEOMETRIC_REPRESENTATION_ITEM() 
RATIONAL_B_SPLINE_CURVE((1.056590953773,1.056590953773,1.056590953773,
    1.056590953773,1.056590953773,1.056590953773,1.056590953773,
1.056590953773,1.056590953773)) REPRESENTATION_ITEM('') );
#1112 = CARTESIAN_POINT('',(-1.9534762578,-1.214012646522E-06,
    -0.182520148793));
#1113 = CARTESIAN_POINT('',(-1.95347708199,0.674348977942,
    -0.226270544548));
#1114 = CARTESIAN_POINT('',(-1.650778489364,1.348941048799,
    -0.270040018241));
#1115 = CARTESIAN_POINT('',(-1.045755493835,1.864260826173,
    -0.313742176906));
#1116 = CARTESIAN_POINT('',(-0.236245257926,2.064323937297,
    -0.357520679418));
#1117 = CARTESIAN_POINT('',(0.573511276003,1.864261930218,
    -0.401299181567));
#1118 = CARTESIAN_POINT('',(1.17839806809,1.348942783318,-0.445001340434
    ));
#1119 = CARTESIAN_POINT('',(1.48113165372,0.67435146236,-0.48877081408)
  );
#1120 = CARTESIAN_POINT('',(1.48113250006,1.270405269649E-06,
    -0.532521209832));
#1121 = ORIENTED_EDGE('',*,*,#1065,.F.);
#1122 = ORIENTED_EDGE('',*,*,#1123,.F.);
#1123 = EDGE_CURVE('',#1109,#847,#1124,.T.);
#1124 = B_SPLINE_CURVE_WITH_KNOTS('',1,(#1125,#1126),.UNSPECIFIED.,.F.,
  .F.,(2,2),(0.,0.49),.PIECEWISE_BEZIER_KNOTS.);
#1125 = CARTESIAN_POINT('',(1.48113250006,1.270405269205E-06,
    -0.532521209832));
#1126 = CARTESIAN_POINT('',(1.905471231948,-1.524607453618E-07,
    -0.287497454621));
#1127 = B_SPLINE_SURFACE_WITH_KNOTS('',1,8,(
    (#1128,#1129,#1130,#1131,#1132,#1133,#1134,#1135,#1136)
    ,(#1137,#1138,#1139,#1140,#1141,#1142,#1143,#1144,#1145
  )),.UNSPECIFIED.,.F.,.F.,.F.,(2,2),(9,9),(0.,0.49),(0.,3.161029009846)
  ,.PIECEWISE_BEZIER_KNOTS.);
#1128 = CARTESIAN_POINT('',(-1.9534762578,-1.214012647077E-06,
    -0.182520148793));
#1129 = CARTESIAN_POINT('',(-1.95347708199,0.674348977942,
    -0.226270544548));
#1130 = CARTESIAN_POINT('',(-1.650778489364,1.348941048799,
    -0.270040018241));
#1131 = CARTESIAN_POINT('',(-1.045755493835,1.864260826174,
    -0.313742176906));
#1132 = CARTESIAN_POINT('',(-0.236245257926,2.064323937297,
    -0.357520679418));
#1133 = CARTESIAN_POINT('',(0.573511276003,1.864261930218,
    -0.401299181567));
#1134 = CARTESIAN_POINT('',(1.17839806809,1.348942783318,-0.445001340434
    ));
#1135 = CARTESIAN_POINT('',(1.48113165372,0.67435146236,-0.48877081408)
  );
#1136 = CARTESIAN_POINT('',(1.48113250006,1.270405269205E-06,
    -0.532521209832));
#1137 = CARTESIAN_POINT('',(-2.377815675888,1.456925948773E-07,
    6.250241803535E-02));
#1138 = CARTESIAN_POINT('',(-2.377815710059,0.841025603268,
    1.875246553296E-02));
#1139 = CARTESIAN_POINT('',(-2.000283442538,1.682033025435,
    -2.499519727545E-02));
#1140 = CARTESIAN_POINT('',(-1.245878488748,2.325406114348,
    -6.875093907684E-02));
#1141 = CARTESIAN_POINT('',(-0.236190959082,2.573784440443,
    -0.112497518318));
#1142 = CARTESIAN_POINT('',(0.773561271601,2.325405956021,
    -0.156244097471));
#1143 = CARTESIAN_POINT('',(1.527930098372,1.682032697797,
    -0.199999839322));
#1144 = CARTESIAN_POINT('',(1.905471200436,0.841025305115,
    -0.243747502118));
#1145 = CARTESIAN_POINT('',(1.905471231948,-1.524607453618E-07,
    -0.287497454621));
#1146 = ADVANCED_FACE('',(#1147),#1175,.T.);
#1147 = FACE_BOUND('',#1148,.T.);
#1148 = EDGE_LOOP('',(#1149,#1163,#1164,#1165));
#1149 = ORIENTED_EDGE('',*,*,#1150,.F.);
#1150 = EDGE_CURVE('',#972,#1151,#1153,.T.);
#1151 = VERTEX_POINT('',#1152);
#1152 = CARTESIAN_POINT('',(1.481142296703,1.270388619751E-06,
    -0.707521209557));
#1153 = B_SPLINE_CURVE_WITH_KNOTS('',8,(#1154,#1155,#1156,#1157,#1158,
    #1159,#1160,#1161,#1162),.UNSPECIFIED.,.F.,.F.,(9,9),(0.,
    3.161029009846),.PIECEWISE_BEZIER_KNOTS.);
#1154 = CARTESIAN_POINT('',(-1.953485564347,-1.213997419258E-06,
    -0.357520148546));
#1155 = CARTESIAN_POINT('',(-1.953486571329,0.674352729708,
    -0.401270544291));
#1156 = CARTESIAN_POINT('',(-1.650795246261,1.348948628529,
    -0.445040017505));
#1157 = CARTESIAN_POINT('',(-1.045732849043,1.864271223986,
    -0.488742177325));
#1158 = CARTESIAN_POINT('',(-0.236282846118,2.064335404919,
    -0.53252067921));
#1159 = CARTESIAN_POINT('',(0.573542928426,1.864272292533,
    -0.576299180549));
#1160 = CARTESIAN_POINT('',(1.178397046057,1.348950198906,
    -0.620001340673));
#1161 = CARTESIAN_POINT('',(1.481141267569,0.674355214094,
    -0.663770813816));
#1162 = CARTESIAN_POINT('',(1.481142296703,1.27038861919E-06,
    -0.707521209557));
#1163 = ORIENTED_EDGE('',*,*,#1002,.F.);
#1164 = ORIENTED_EDGE('',*,*,#1108,.T.);
#1165 = ORIENTED_EDGE('',*,*,#1166,.F.);
#1166 = EDGE_CURVE('',#1151,#1109,#1167,.T.);
#1167 = ( BOUNDED_CURVE() B_SPLINE_CURVE(6,(#1168,#1169,#1170,#1171,
#1172,#1173,#1174),.UNSPECIFIED.,.F.,.F.) B_SPLINE_CURVE_WITH_KNOTS((7,7
),(0.,2.094395102393),.PIECEWISE_BEZIER_KNOTS.) CURVE() 
GEOMETRIC_REPRESENTATION_ITEM() RATIONAL_B_SPLINE_CURVE((1.056590953773,
    1.017435169568,0.996326512422,0.989390034249,0.996326512422,
1.017435169568,1.056590953773)) REPRESENTATION_ITEM('') );
#1168 = CARTESIAN_POINT('',(1.481142296703,1.270388619745E-06,
    -0.707521209557));
#1169 = CARTESIAN_POINT('',(1.449423363555,1.376743166581E-06,
    -0.689210642425));
#1170 = CARTESIAN_POINT('',(1.427069928074,1.451693239618E-06,
    -0.658217660356));
#1171 = CARTESIAN_POINT('',(1.418988956042,1.478785881082E-06,
    -0.620024688815));
#1172 = CARTESIAN_POINT('',(1.427065651877,1.451700507804E-06,
    -0.581830812755));
#1173 = CARTESIAN_POINT('',(1.449415617193,1.376756331273E-06,
    -0.550835328152));
#1174 = CARTESIAN_POINT('',(1.48113250006,1.270405269649E-06,
    -0.532521209832));
#1175 = ( BOUNDED_SURFACE() B_SPLINE_SURFACE(6,8,(
    (#1176,#1177,#1178,#1179,#1180,#1181,#1182,#1183,#1184)
    ,(#1185,#1186,#1187,#1188,#1189,#1190,#1191,#1192,#1193)
    ,(#1194,#1195,#1196,#1197,#1198,#1199,#1200,#1201,#1202)
    ,(#1203,#1204,#1205,#1206,#1207,#1208,#1209,#1210,#1211)
    ,(#1212,#1213,#1214,#1215,#1216,#1217,#1218,#1219,#1220)
    ,(#1221,#1222,#1223,#1224,#1225,#1226,#1227,#1228,#1229)
    ,(#1230,#1231,#1232,#1233,#1234,#1235,#1236,#1237,#1238
)),.UNSPECIFIED.,.F.,.F.,.F.) B_SPLINE_SURFACE_WITH_KNOTS((7,7),(9,9),(
    0.,2.094395102393),(0.,3.161029009846),.PIECEWISE_BEZIER_KNOTS.) 
GEOMETRIC_REPRESENTATION_ITEM() RATIONAL_B_SPLINE_SURFACE((
    (1.056590953773,1.056590953773,1.056590953773,1.056590953773
      ,1.056590953773,1.056590953773,1.056590953773,1.056590953773
      ,1.056590953773)
    ,(1.017435169568,1.017435169568,1.017435169568,1.017435169568
      ,1.017435169568,1.017435169568,1.017435169568,1.017435169568
      ,1.017435169568)
    ,(0.996326512422,0.996326512422,0.996326512422,0.996326512422
      ,0.996326512422,0.996326512422,0.996326512422,0.996326512422
      ,0.996326512422)
    ,(0.989390034249,0.989390034249,0.989390034249,0.989390034249
      ,0.989390034249,0.989390034249,0.989390034249,0.989390034249
      ,0.989390034249)
    ,(0.996326512422,0.996326512422,0.996326512422,0.996326512422
      ,0.996326512422,0.996326512422,0.996326512422,0.996326512422
      ,0.996326512422)
    ,(1.017435169568,1.017435169568,1.017435169568,1.017435169568
      ,1.017435169568,1.017435169568,1.017435169568,1.017435169568
      ,1.017435169568)
    ,(1.056590953773,1.056590953773,1.056590953773,1.056590953773
      ,1.056590953773,1.056590953773,1.056590953773,1.056590953773
,1.056590953773))) REPRESENTATION_ITEM('') SURFACE() );
#1176 = CARTESIAN_POINT('',(-1.953485564347,-1.213997418925E-06,
    -0.357520148546));
#1177 = CARTESIAN_POINT('',(-1.953486571329,0.674352729708,
    -0.401270544291));
#1178 = CARTESIAN_POINT('',(-1.650795246261,1.348948628529,
    -0.445040017505));
#1179 = CARTESIAN_POINT('',(-1.045732849043,1.864271223986,
    -0.488742177325));
#1180 = CARTESIAN_POINT('',(-0.236282846118,2.064335404919,
    -0.532520679209));
#1181 = CARTESIAN_POINT('',(0.573542928426,1.864272292533,
    -0.576299180549));
#1182 = CARTESIAN_POINT('',(1.178397046057,1.348950198906,
    -0.620001340673));
#1183 = CARTESIAN_POINT('',(1.481141267569,0.674355214094,
    -0.663770813816));
#1184 = CARTESIAN_POINT('',(1.481142296703,1.270388619745E-06,
    -0.707521209557));
#1185 = CARTESIAN_POINT('',(-1.921766682479,-1.315630762E-06,
    -0.339209492583));
#1186 = CARTESIAN_POINT('',(-1.921767710255,0.661893824147,
    -0.382959921461));
#1187 = CARTESIAN_POINT('',(-1.624668251568,1.324050330193,
    -0.426731025013));
#1188 = CARTESIAN_POINT('',(-1.030779543842,1.829801086352,
    -0.47042917956));
#1189 = CARTESIAN_POINT('',(-0.236279038041,2.026253758588,
    -0.514210067657));
#1190 = CARTESIAN_POINT('',(0.558583715971,1.829802256684,
    -0.557990955227));
#1191 = CARTESIAN_POINT('',(1.152271748351,1.324052089056,
    -0.601689110067));
#1192 = CARTESIAN_POINT('',(1.449422311774,0.661896516521,
    -0.645460213551));
#1193 = CARTESIAN_POINT('',(1.449423363555,1.376743166581E-06,
    -0.689210642425));
#1194 = CARTESIAN_POINT('',(-1.899413333796,-1.387253644736E-06,
    -0.308216447912));
#1195 = CARTESIAN_POINT('',(-1.89941435733,0.653113609986,
    -0.351966900139));
#1196 = CARTESIAN_POINT('',(-1.606254751624,1.30650364471,
    -0.395739152645));
#1197 = CARTESIAN_POINT('',(-1.020244247698,1.805508807067,
    -0.439434484545));
#1198 = CARTESIAN_POINT('',(-0.236272469046,1.999416328221,
    -0.483217054278));
#1199 = CARTESIAN_POINT('',(0.54803864435,1.805510052795,-0.526999623514
    ));
#1200 = CARTESIAN_POINT('',(1.133861282056,1.306505553368,-0.57069495569
    ));
#1201 = CARTESIAN_POINT('',(1.427068879227,0.653116448933,
    -0.614467208132));
#1202 = CARTESIAN_POINT('',(1.427069928074,1.451693239618E-06,
    -0.658217660356));
#1203 = CARTESIAN_POINT('',(-1.891332468724,-1.413143480899E-06,
    -0.27002345374));
#1204 = CARTESIAN_POINT('',(-1.891333462533,0.64993949685,
    -0.313773914408));
#1205 = CARTESIAN_POINT('',(-1.599596762619,1.300160373919,
    -0.357546582268));
#1206 = CARTESIAN_POINT('',(-1.016439846181,1.796726963544,
    -0.401240893768));
#1207 = CARTESIAN_POINT('',(-0.236264297389,1.989714396266,
    -0.44502407141));
#1208 = CARTESIAN_POINT('',(0.544222335135,1.796728241999,
    -0.488807248595));
#1209 = CARTESIAN_POINT('',(1.127207131641,1.300162362034,
    -0.532501560349));
#1210 = CARTESIAN_POINT('',(1.418987936449,0.649942388779,-0.57627422815
    ));
#1211 = CARTESIAN_POINT('',(1.418988956042,1.478785881082E-06,
    -0.620024688815));
#1212 = CARTESIAN_POINT('',(-1.899409271523,-1.387260290864E-06,
    -0.231829600299));
#1213 = CARTESIAN_POINT('',(-1.899410215269,0.653111972354,
    -0.275580052531));
#1214 = CARTESIAN_POINT('',(-1.606247437301,1.306500336186,
    -0.319352305246));
#1215 = CARTESIAN_POINT('',(-1.020254132065,1.805504268461,
    -0.363047636641));
#1216 = CARTESIAN_POINT('',(-0.23625606194,1.999411322647,
    -0.406830206648));
#1217 = CARTESIAN_POINT('',(0.548024828186,1.805505529683,
    -0.450612776238));
#1218 = CARTESIAN_POINT('',(1.13386172817,1.306502316491,-0.494308107865
    ));
#1219 = CARTESIAN_POINT('',(1.427064682818,0.653114811315,
    -0.538080360526));
#1220 = CARTESIAN_POINT('',(1.427065651877,1.451700507804E-06,
    -0.581830812755));
#1221 = CARTESIAN_POINT('',(-1.921759323643,-1.315642803701E-06,
    -0.200834178289));
#1222 = CARTESIAN_POINT('',(-1.921760206882,0.661890857565,
    -0.244584607174));
#1223 = CARTESIAN_POINT('',(-1.624655001621,1.324044336779,
    -0.288355711105));
#1224 = CARTESIAN_POINT('',(-1.030797449443,1.829792864635,
    -0.332053864739));
#1225 = CARTESIAN_POINT('',(-0.236249316453,2.026244690955,
    -0.375834753332));
#1226 = CARTESIAN_POINT('',(0.558558687891,1.829794063034,
    -0.419615641542));
#1227 = CARTESIAN_POINT('',(1.152272556488,1.324046225432,
    -0.463313795388));
#1228 = CARTESIAN_POINT('',(1.449414709948,0.661893549964,-0.50708489927
    ));
#1229 = CARTESIAN_POINT('',(1.449415617193,1.376756331273E-06,
    -0.550835328152));
#1230 = CARTESIAN_POINT('',(-1.9534762578,-1.214012646522E-06,
    -0.182520148793));
#1231 = CARTESIAN_POINT('',(-1.95347708199,0.674348977942,
    -0.226270544548));
#1232 = CARTESIAN_POINT('',(-1.650778489364,1.348941048799,
    -0.270040018241));
#1233 = CARTESIAN_POINT('',(-1.045755493835,1.864260826173,
    -0.313742176906));
#1234 = CARTESIAN_POINT('',(-0.236245257926,2.064323937297,
    -0.357520679418));
#1235 = CARTESIAN_POINT('',(0.573511276003,1.864261930218,
    -0.401299181567));
#1236 = CARTESIAN_POINT('',(1.17839806809,1.348942783318,-0.445001340434
    ));
#1237 = CARTESIAN_POINT('',(1.48113165372,0.67435146236,-0.48877081408)
  );
#1238 = CARTESIAN_POINT('',(1.48113250006,1.270405269649E-06,
    -0.532521209832));
#1239 = ADVANCED_FACE('',(#1240),#1249,.T.);
#1240 = FACE_BOUND('',#1241,.T.);
#1241 = EDGE_LOOP('',(#1242,#1247,#1248));
#1242 = ORIENTED_EDGE('',*,*,#1243,.F.);
#1243 = EDGE_CURVE('',#964,#1151,#1244,.T.);
#1244 = B_SPLINE_CURVE_WITH_KNOTS('',1,(#1245,#1246),.UNSPECIFIED.,.F.,
  .F.,(2,2),(0.,0.49),.PIECEWISE_BEZIER_KNOTS.);
#1245 = CARTESIAN_POINT('',(1.905508459189,-1.525240138633E-07,
    -0.952497453579));
#1246 = CARTESIAN_POINT('',(1.481142296703,1.27038861919E-06,
    -0.707521209557));
#1247 = ORIENTED_EDGE('',*,*,#971,.F.);
#1248 = ORIENTED_EDGE('',*,*,#1150,.T.);
#1249 = B_SPLINE_SURFACE_WITH_KNOTS('',1,8,(
    (#1250,#1251,#1252,#1253,#1254,#1255,#1256,#1257,#1258)
    ,(#1259,#1260,#1261,#1262,#1263,#1264,#1265,#1266,#1267
  )),.UNSPECIFIED.,.F.,.F.,.F.,(2,2),(9,9),(0.,0.49),(0.,3.161029009846)
  ,.PIECEWISE_BEZIER_KNOTS.);
#1250 = CARTESIAN_POINT('',(-2.377851040763,1.457504614777E-07,
    -0.602497581024));
#1251 = CARTESIAN_POINT('',(-2.377851769549,0.841039859979,
    -0.64624753349));
#1252 = CARTESIAN_POINT('',(-2.000347118745,1.682061828409,
    -0.689995194479));
#1253 = CARTESIAN_POINT('',(-1.245792438542,2.325445626035,
    -0.733750940672));
#1254 = CARTESIAN_POINT('',(-0.236333794211,2.573828017405,
    -0.777497517526));
#1255 = CARTESIAN_POINT('',(0.773681550807,2.325445332818,
    -0.821244093605));
#1256 = CARTESIAN_POINT('',(1.527926214647,1.68206087703,-0.864999840231
    ));
#1257 = CARTESIAN_POINT('',(1.905507733064,0.841039561705,
    -0.908747501115));
#1258 = CARTESIAN_POINT('',(1.905508459189,-1.525240138633E-07,
    -0.952497453579));
#1259 = CARTESIAN_POINT('',(-1.953485564347,-1.213997419258E-06,
    -0.357520148546));
#1260 = CARTESIAN_POINT('',(-1.953486571329,0.674352729708,
    -0.401270544291));
#1261 = CARTESIAN_POINT('',(-1.650795246261,1.348948628529,
    -0.445040017505));
#1262 = CARTESIAN_POINT('',(-1.045732849043,1.864271223986,
    -0.488742177325));
#1263 = CARTESIAN_POINT('',(-0.236282846118,2.064335404919,
    -0.53252067921));
#1264 = CARTESIAN_POINT('',(0.573542928426,1.864272292533,
    -0.576299180549));
#1265 = CARTESIAN_POINT('',(1.178397046057,1.348950198906,
    -0.620001340673));
#1266 = CARTESIAN_POINT('',(1.481141267569,0.674355214094,
    -0.663770813816));
#1267 = CARTESIAN_POINT('',(1.481142296703,1.27038861919E-06,
    -0.707521209557));
#1268 = ADVANCED_FACE('',(#1269),#1513,.T.);
#1269 = FACE_BOUND('',#1270,.F.);
#1270 = EDGE_LOOP('',(#1271,#1397,#1398,#1507));
#1271 = ORIENTED_EDGE('',*,*,#1272,.F.);
#1272 = EDGE_CURVE('',#964,#1273,#1275,.T.);
#1273 = VERTEX_POINT('',#1274);
#1274 = CARTESIAN_POINT('',(1.86,2.85700218558E-11,-1.626228334425));
#1275 = B_SPLINE_CURVE_WITH_KNOTS('',8,(#1276,#1277,#1278,#1279,#1280,
    #1281,#1282,#1283,#1284,#1285,#1286,#1287,#1288,#1289,#1290,#1291,
    #1292,#1293,#1294,#1295,#1296,#1297,#1298,#1299,#1300,#1301,#1302,
    #1303,#1304,#1305,#1306,#1307,#1308,#1309,#1310,#1311,#1312,#1313,
    #1314,#1315,#1316,#1317,#1318,#1319,#1320,#1321,#1322,#1323,#1324,
    #1325,#1326,#1327,#1328,#1329,#1330,#1331,#1332,#1333,#1334,#1335,
    #1336,#1337,#1338,#1339,#1340,#1341,#1342,#1343,#1344,#1345,#1346,
    #1347,#1348,#1349,#1350,#1351,#1352,#1353,#1354,#1355,#1356,#1357,
    #1358,#1359,#1360,#1361,#1362,#1363,#1364,#1365,#1366,#1367,#1368,
    #1369,#1370,#1371,#1372,#1373,#1374,#1375,#1376,#1377,#1378,#1379,
    #1380,#1381,#1382,#1383,#1384,#1385,#1386,#1387,#1388,#1389,#1390,
    #1391,#1392,#1393,#1394,#1395,#1396),.UNSPECIFIED.,.F.,.F.,(9,7,7,7,
    7,7,7,7,7,7,7,7,7,7,7,7,7,9),(0.,5.500584722033E-02,0.125013853096,
    0.225986598083,0.2638586912,0.317866188923,0.370875524852,
    0.400511348181,0.496696678806,0.539620273165,0.556622263843,
    0.73821414271,0.75412645239,0.856136514117,0.872476121967,
    0.951483847031,0.968036470941,1.),.UNSPECIFIED.);
#1276 = CARTESIAN_POINT('',(1.86,6.722955525618E-11,-0.926226529106));
#1277 = CARTESIAN_POINT('',(1.860000000001,-8.034337033814E-02,
    -0.931039032799));
#1278 = CARTESIAN_POINT('',(1.856033659305,-0.160687954672,
    -0.935851320549));
#1279 = CARTESIAN_POINT('',(1.848101087175,-0.240803326592,
    -0.940663689316));
#1280 = CARTESIAN_POINT('',(1.836218164634,-0.320460851056,
    -0.94547641331));
#1281 = CARTESIAN_POINT('',(1.820416432388,-0.399434176728,
    -0.950289697959));
#1282 = CARTESIAN_POINT('',(1.80074297875,-0.477499728396,
    -0.955103633885));
#1283 = CARTESIAN_POINT('',(1.777260327574,-0.554437199374,
    -0.959918150879));
#1284 = CARTESIAN_POINT('',(1.715410045377,-0.726239893828,
    -0.970860975222));
#1285 = CARTESIAN_POINT('',(1.674727515932,-0.820277592136,
    -0.976989858235));
#1286 = CARTESIAN_POINT('',(1.628159484465,-0.91169397553,
    -0.983118965693));
#1287 = CARTESIAN_POINT('',(1.575905523733,-1.000060268512,
    -0.989247790952));
#1288 = CARTESIAN_POINT('',(1.51820085789,-1.084968116252,
    -0.995375985507));
#1289 = CARTESIAN_POINT('',(1.455314687962,-1.166030610549,
    -1.001503309066));
#1290 = CARTESIAN_POINT('',(1.387550017536,-1.242884308923,
    -1.007629520138));
#1291 = CARTESIAN_POINT('',(1.210959216467,-1.419482190292,
    -1.022587860497));
#1292 = CARTESIAN_POINT('',(1.097203365597,-1.514340781563,
    -1.031420428832));
#1293 = CARTESIAN_POINT('',(0.974999659123,-1.598734471714,
    -1.040249452801));
#1294 = CARTESIAN_POINT('',(0.845481758685,-1.671797705374,
    -1.049075431903));
#1295 = CARTESIAN_POINT('',(0.709873392263,-1.732817234544,
    -1.057900407335));
#1296 = CARTESIAN_POINT('',(0.569474223635,-1.781230390818,
    -1.066726553148));
#1297 = CARTESIAN_POINT('',(0.425652953477,-1.816637315998,
    -1.075554775699));
#1298 = CARTESIAN_POINT('',(0.225160103032,-1.847149946527,-1.0876946655
    ));
#1299 = CARTESIAN_POINT('',(0.170189458048,-1.85361397414,
    -1.091006280286));
#1300 = CARTESIAN_POINT('',(0.115009859096,-1.858207987487,
    -1.094318194067));
#1301 = CARTESIAN_POINT('',(5.969556122961E-02,-1.860924285443,
    -1.097630425893));
#1302 = CARTESIAN_POINT('',(4.320932642561E-03,-1.861758712196,
    -1.100942985545));
#1303 = CARTESIAN_POINT('',(-5.103954533121E-02,-1.860710657254,
    -1.104255873528));
#1304 = CARTESIAN_POINT('',(-0.106311278218,-1.857783055442,
    -1.10756908108));
#1305 = CARTESIAN_POINT('',(-0.240006720391,-1.846136393612,
    -1.115607819738));
#1306 = CARTESIAN_POINT('',(-0.318263163855,-1.835481106572,
    -1.120333739236));
#1307 = CARTESIAN_POINT('',(-0.395971911693,-1.821035506407,
    -1.125060206446));
#1308 = CARTESIAN_POINT('',(-0.472918745305,-1.802833016205,
    -1.129787134462));
#1309 = CARTESIAN_POINT('',(-0.548892683214,-1.78092137912,
    -1.134514456964));
#1310 = CARTESIAN_POINT('',(-0.623686459695,-1.755362536,-1.139242093483
    ));
#1311 = CARTESIAN_POINT('',(-0.697097003401,-1.726232502998,
    -1.143969914679));
#1312 = CARTESIAN_POINT('',(-0.839427292975,-1.661612713694,
    -1.153338121887));
#1313 = CARTESIAN_POINT('',(-0.90840688552,-1.626249580827,
    -1.157978636974));
#1314 = CARTESIAN_POINT('',(-0.975677199828,-1.587617030267,
    -1.162619052473));
#1315 = CARTESIAN_POINT('',(-1.041057595495,-1.54581205359,
    -1.167259261271));
#1316 = CARTESIAN_POINT('',(-1.104374662876,-1.500943203279,
    -1.17189921293));
#1317 = CARTESIAN_POINT('',(-1.165462600437,-1.453130341731,
    -1.176538877068));
#1318 = CARTESIAN_POINT('',(-1.224163592108,-1.402504390259,
    -1.181178206751));
#1319 = CARTESIAN_POINT('',(-1.311728010976,-1.319410256476,
    -1.188410559693));
#1320 = CARTESIAN_POINT('',(-1.342335371111,-1.288778220926,
    -1.191003901607));
#1321 = CARTESIAN_POINT('',(-1.372124257676,-1.25733565979,
    -1.193597125414));
#1322 = CARTESIAN_POINT('',(-1.401069664891,-1.225108138642,
    -1.196190231011));
#1323 = CARTESIAN_POINT('',(-1.429147588572,-1.192122100295,
    -1.198783220402));
#1324 = CARTESIAN_POINT('',(-1.456335026137,-1.158404864797,
    -1.201376097698));
#1325 = CARTESIAN_POINT('',(-1.4826099766,-1.123984629432,
    -1.203968869112));
#1326 = CARTESIAN_POINT('',(-1.590199099561,-0.974989686763,
    -1.214976264203));
#1327 = CARTESIAN_POINT('',(-1.662626325615,-0.853972306097,
    -1.223391194747));
#1328 = CARTESIAN_POINT('',(-1.724494871546,-0.726850880766,
    -1.23180484051));
#1329 = CARTESIAN_POINT('',(-1.77521558503,-0.594707023736,
    -1.240217574187));
#1330 = CARTESIAN_POINT('',(-1.814334411554,-0.458677067748,
    -1.248630618193));
#1331 = CARTESIAN_POINT('',(-1.841529613616,-0.319941533751,
    -1.257045078066));
#1332 = CARTESIAN_POINT('',(-1.856620206188,-0.179718406921,
    -1.265461026343));
#1333 = CARTESIAN_POINT('',(-1.860908946647,2.342054602042E-02,
    -1.277632181041));
#1334 = CARTESIAN_POINT('',(-1.859817675162,8.615263725364E-02,
    -1.281387923649));
#1335 = CARTESIAN_POINT('',(-1.856309514644,0.148827028317,
    -1.285143829965));
#1336 = CARTESIAN_POINT('',(-1.850388034954,0.211335054425,
    -1.288899884075));
#1337 = CARTESIAN_POINT('',(-1.842062638076,0.273568562539,
    -1.29265607581));
#1338 = CARTESIAN_POINT('',(-1.83134854105,0.335420062773,
    -1.296412387646));
#1339 = CARTESIAN_POINT('',(-1.818266758894,0.396782879802,
    -1.300168781598));
#1340 = CARTESIAN_POINT('',(-1.796735183595,0.481621613431,
    -1.305413094008));
#1341 = CARTESIAN_POINT('',(-1.790258995281,0.505598726276,
    -1.306901007081));
#1342 = CARTESIAN_POINT('',(-1.783417183301,0.529476097395,
    -1.308388922801));
#1343 = CARTESIAN_POINT('',(-1.776211545933,0.553247224113,
    -1.30987683859));
#1344 = CARTESIAN_POINT('',(-1.76864401903,0.576905646492,
    -1.311364751827));
#1345 = CARTESIAN_POINT('',(-1.760716676019,0.60044494733,
    -1.312852659849));
#1346 = CARTESIAN_POINT('',(-1.752431727897,0.623858752166,
    -1.314340559954));
#1347 = CARTESIAN_POINT('',(-1.651508741324,0.895806785298,
    -1.331720037867));
#1348 = CARTESIAN_POINT('',(-1.51852922048,1.129892953315,
    -1.347639611524));
#1349 = CARTESIAN_POINT('',(-1.347729526334,1.340855521233,
    -1.363537095676));
#1350 = CARTESIAN_POINT('',(-1.144111952981,1.521819614611,
    -1.379416320946));
#1351 = CARTESIAN_POINT('',(-0.913708714736,1.667154313412,
    -1.395288509235));
#1352 = CARTESIAN_POINT('',(-0.663604735684,1.772629927485,
    -1.411173253688));
#1353 = CARTESIAN_POINT('',(-0.401792865898,1.835351012997,
    -1.427082752694));
#1354 = CARTESIAN_POINT('',(-0.114100422082,1.856642474791,
    -1.444362795983));
#1355 = CARTESIAN_POINT('',(-9.089742218171E-02,1.858026856782,
    -1.445755054481));
#1356 = CARTESIAN_POINT('',(-6.767544593213E-02,1.859079824487,
    -1.447147371306));
#1357 = CARTESIAN_POINT('',(-4.444001680544E-02,1.85980108022,
    -1.448539746375));
#1358 = CARTESIAN_POINT('',(-2.11966603459E-02,1.860190436789,
    -1.449932179344));
#1359 = CARTESIAN_POINT('',(2.049095830426E-03,1.860247817498,
    -1.451324669603));
#1360 = CARTESIAN_POINT('',(2.529172203565E-02,1.859973256145,
    -1.452717216281));
#1361 = CARTESIAN_POINT('',(0.197473149056,1.855479671816,
    -1.463037460755));
#1362 = CARTESIAN_POINT('',(0.346092678525,1.837955397178,
    -1.471969001096));
#1363 = CARTESIAN_POINT('',(0.492885313566,1.806824975607,
    -1.480901801616));
#1364 = CARTESIAN_POINT('',(0.636399837517,1.762323893746,-1.48983480253
    ));
#1365 = CARTESIAN_POINT('',(0.775235655692,1.704864517688,
    -1.498767657926));
#1366 = CARTESIAN_POINT('',(0.908051481631,1.635024145745,
    -1.507699962982));
#1367 = CARTESIAN_POINT('',(1.033579832331,1.553548818696,
    -1.516630572373));
#1368 = CARTESIAN_POINT('',(1.169398787064,1.446608475615,
    -1.526986814811));
#1369 = CARTESIAN_POINT('',(1.187933734985,1.431569079519,
    -1.528416554451));
#1370 = CARTESIAN_POINT('',(1.206247464118,1.416258409507,
    -1.529846227994));
#1371 = CARTESIAN_POINT('',(1.224335343559,1.400680268479,
    -1.531275835115));
#1372 = CARTESIAN_POINT('',(1.242192823592,1.384838551942,
    -1.532705375981));
#1373 = CARTESIAN_POINT('',(1.25981543568,1.368737248015,-1.534134851251
    ));
#1374 = CARTESIAN_POINT('',(1.277198792473,1.352380437426,
    -1.535564262073));
#1375 = CARTESIAN_POINT('',(1.377215499512,1.25546610257,-1.543905008196
    ));
#1376 = CARTESIAN_POINT('',(1.454403519661,1.169278022148,-1.55081540805
    ));
#1377 = CARTESIAN_POINT('',(1.52540677891,1.077686040267,-1.557724323005
    ));
#1378 = CARTESIAN_POINT('',(1.589787331852,0.981211674077,
    -1.564632178223));
#1379 = CARTESIAN_POINT('',(1.647162213017,0.880414129345,
    -1.571539930652));
#1380 = CARTESIAN_POINT('',(1.697203583371,0.775886445081,
    -1.578448597816));
#1381 = CARTESIAN_POINT('',(1.739641967285,0.668253623279,
    -1.585358695432));
#1382 = CARTESIAN_POINT('',(1.781527914921,0.535110095214,
    -1.593717459195));
#1383 = CARTESIAN_POINT('',(1.78844064816,0.511939665649,-1.595165389557
    ));
#1384 = CARTESIAN_POINT('',(1.795008911314,0.488667394139,-1.59661337567
    ));
#1385 = CARTESIAN_POINT('',(1.801230960815,0.465299253509,
    -1.598061417139));
#1386 = CARTESIAN_POINT('',(1.807105177913,0.441841250369,
    -1.599509512447));
#1387 = CARTESIAN_POINT('',(1.81263006868,0.418299425105,-1.600957658953
    ));
#1388 = CARTESIAN_POINT('',(1.817804264008,0.394679851889,
    -1.602405852893));
#1389 = CARTESIAN_POINT('',(1.831938415282,0.325240315855,
    -1.606650670104));
#1390 = CARTESIAN_POINT('',(1.839938007123,0.279224696999,
    -1.609447416302));
#1391 = CARTESIAN_POINT('',(1.846616320847,0.232985869473,
    -1.612244287875));
#1392 = CARTESIAN_POINT('',(1.851966173342,0.186568111223,
    -1.615041233462));
#1393 = CARTESIAN_POINT('',(1.855982172676,0.14001589077,-1.617838190435
    ));
#1394 = CARTESIAN_POINT('',(1.858660718089,9.33738672128E-02,
    -1.620635084902));
#1395 = CARTESIAN_POINT('',(1.859999999999,4.6686890225E-02,
    -1.623431831706));
#1396 = CARTESIAN_POINT('',(1.86,5.71405145422E-11,-1.626228334425));
#1397 = ORIENTED_EDGE('',*,*,#963,.T.);
#1398 = ORIENTED_EDGE('',*,*,#1399,.T.);
#1399 = EDGE_CURVE('',#857,#1400,#1402,.T.);
#1400 = VERTEX_POINT('',#1401);
#1401 = CARTESIAN_POINT('',(1.86,3.750904762952E-12,-1.713753111064));
#1402 = B_SPLINE_CURVE_WITH_KNOTS('',7,(#1403,#1404,#1405,#1406,#1407,
    #1408,#1409,#1410,#1411,#1412,#1413,#1414,#1415,#1416,#1417,#1418,
    #1419,#1420,#1421,#1422,#1423,#1424,#1425,#1426,#1427,#1428,#1429,
    #1430,#1431,#1432,#1433,#1434,#1435,#1436,#1437,#1438,#1439,#1440,
    #1441,#1442,#1443,#1444,#1445,#1446,#1447,#1448,#1449,#1450,#1451,
    #1452,#1453,#1454,#1455,#1456,#1457,#1458,#1459,#1460,#1461,#1462,
    #1463,#1464,#1465,#1466,#1467,#1468,#1469,#1470,#1471,#1472,#1473,
    #1474,#1475,#1476,#1477,#1478,#1479,#1480,#1481,#1482,#1483,#1484,
    #1485,#1486,#1487,#1488,#1489,#1490,#1491,#1492,#1493,#1494,#1495,
    #1496,#1497,#1498,#1499,#1500,#1501,#1502,#1503,#1504,#1505,#1506),
  .UNSPECIFIED.,.F.,.F.,(8,6,6,6,6,6,6,6,6,6,6,6,6,6,6,6,6,8),(0.,
    2.502297905813E-02,4.839925742431E-02,0.127399117293,0.19692383159,
    0.241925687327,0.263438100667,0.298486594564,0.357489947591,
    0.401639137153,0.494335096158,0.598160394367,0.689948206863,
    0.736949850066,0.785859322714,0.839862652049,0.87217230808,1.),
  .UNSPECIFIED.);
#1403 = CARTESIAN_POINT('',(1.86,8.956169139651E-12,-1.01375339391));
#1404 = CARTESIAN_POINT('',(1.86,-4.177485787822E-02,-1.016255569869));
#1405 = CARTESIAN_POINT('',(1.858905375358,-8.354975936442E-02,
    -1.018757877876));
#1406 = CARTESIAN_POINT('',(1.856716133458,-0.125290164458,
    -1.021260261658));
#1407 = CARTESIAN_POINT('',(1.853433631395,-0.166961650212,
    -1.023762670587));
#1408 = CARTESIAN_POINT('',(1.849060575981,-0.208529910722,
    -1.026265059688));
#1409 = CARTESIAN_POINT('',(1.843601023739,-0.249960757129,
    -1.028767389634));
#1410 = CARTESIAN_POINT('',(1.830950161688,-0.329764301091,
    -1.033607197787));
#1411 = CARTESIAN_POINT('',(1.823896442055,-0.368158916721,
    -1.035944691441));
#1412 = CARTESIAN_POINT('',(1.815903632975,-0.406376184989,
    -1.038282082804));
#1413 = CARTESIAN_POINT('',(1.806977146035,-0.444388567545,
    -1.040619354589));
#1414 = CARTESIAN_POINT('',(1.797123393446,-0.482168767209,
    -1.04295649713));
#1415 = CARTESIAN_POINT('',(1.786349788036,-0.519689727967,
    -1.045293508377));
#1416 = CARTESIAN_POINT('',(1.735175270826,-0.682759568557,
    -1.055527871242));
#1417 = CARTESIAN_POINT('',(1.68527307648,-0.80533772648,-1.063424532578
    ));
#1418 = CARTESIAN_POINT('',(1.625285090846,-0.923607502485,
    -1.071319454276));
#1419 = CARTESIAN_POINT('',(1.555667690476,-1.036581375313,
    -1.079213891211));
#1420 = CARTESIAN_POINT('',(1.476989803108,-1.143335620669,
    -1.087109605417));
#1421 = CARTESIAN_POINT('',(1.389928390492,-1.24301794208,
    -1.095007539039));
#1422 = CARTESIAN_POINT('',(1.211976680803,-1.415692313985,
    -1.109858692727));
#1423 = CARTESIAN_POINT('',(1.122788335029,-1.490461011271,
    -1.116812406396));
#1424 = CARTESIAN_POINT('',(1.028247217117,-1.558647069494,
    -1.123767571292));
#1425 = CARTESIAN_POINT('',(0.928939885912,-1.619797393282,
    -1.130724107469));
#1426 = CARTESIAN_POINT('',(0.825495868311,-1.673524412474,
    -1.13768187064));
#1427 = CARTESIAN_POINT('',(0.718583717204,-1.719508480586,
    -1.144640345611));
#1428 = CARTESIAN_POINT('',(0.537921828714,-1.782101134146,
    -1.156102230367));
#1429 = CARTESIAN_POINT('',(0.46577340321,-1.803351024491,
    -1.160606048665));
#1430 = CARTESIAN_POINT('',(0.392655678819,-1.821189942693,
    -1.165109659108));
#1431 = CARTESIAN_POINT('',(0.318762294012,-1.835565814419,
    -1.16961293115));
#1432 = CARTESIAN_POINT('',(0.24428983559,-1.846440409071,
    -1.174115779795));
#1433 = CARTESIAN_POINT('',(0.169437331365,-1.853789435324,
    -1.17861812705));
#1434 = CARTESIAN_POINT('',(5.853809873778E-02,-1.859425476225,
    -1.185271846023));
#1435 = CARTESIAN_POINT('',(2.262937415152E-02,-1.860440337887,
    -1.187423697392));
#1436 = CARTESIAN_POINT('',(-1.329855595292E-02,-1.860646110999,
    -1.189575412391));
#1437 = CARTESIAN_POINT('',(-4.922382607865E-02,-1.86004242358,
    -1.19172698769));
#1438 = CARTESIAN_POINT('',(-8.51245801922E-02,-1.858629642318,
    -1.193878421724));
#1439 = CARTESIAN_POINT('',(-0.120978971724,-1.856408872565,
    -1.19602971469));
#1440 = CARTESIAN_POINT('',(-0.215068809308,-1.848450443536,
    -1.201685575416));
#1441 = CARTESIAN_POINT('',(-0.273191776756,-1.841379084502,
    -1.205189918718));
#1442 = CARTESIAN_POINT('',(-0.331039346428,-1.832175914596,
    -1.208693909307));
#1443 = CARTESIAN_POINT('',(-0.388517807478,-1.820854075751,
    -1.212197567958));
#1444 = CARTESIAN_POINT('',(-0.445534457695,-1.807431818468,
    -1.215700925361));
#1445 = CARTESIAN_POINT('',(-0.501997603502,-1.791932501817,
    -1.219204022123));
#1446 = CARTESIAN_POINT('',(-0.651786520637,-1.744843083443,
    -1.22860393984));
#1447 = CARTESIAN_POINT('',(-0.743933611389,-1.709494629737,
    -1.234500519193));
#1448 = CARTESIAN_POINT('',(-0.833823565532,-1.668475912447,
    -1.240396635752));
#1449 = CARTESIAN_POINT('',(-0.921039011738,-1.621962031703,
    -1.246292593485));
#1450 = CARTESIAN_POINT('',(-1.005181331383,-1.570165531603,
    -1.252188785454));
#1451 = CARTESIAN_POINT('',(-1.085872515902,-1.513335424164,
    -1.258085467873));
#1452 = CARTESIAN_POINT('',(-1.220285767082,-1.405679641107,
    -1.268395007072));
#1453 = CARTESIAN_POINT('',(-1.275684733132,-1.356943055389,
    -1.272807806828));
#1454 = CARTESIAN_POINT('',(-1.328805618454,-1.30566528541,-1.2772209361
    ));
#1455 = CARTESIAN_POINT('',(-1.379509174554,-1.251974687903,
    -1.281634439364));
#1456 = CARTESIAN_POINT('',(-1.427665533917,-1.196008800212,
    -1.286048358978));
#1457 = CARTESIAN_POINT('',(-1.473154535652,-1.137913993461,
    -1.290462691256));
#1458 = CARTESIAN_POINT('',(-1.605543459186,-0.9517240948,
    -1.304146376442));
#1459 = CARTESIAN_POINT('',(-1.682991589089,-0.816879944684,
    -1.313418317757));
#1460 = CARTESIAN_POINT('',(-1.74716620658,-0.67476863595,
    -1.322690514169));
#1461 = CARTESIAN_POINT('',(-1.797278642172,-0.526964361041,
    -1.331962580342));
#1462 = CARTESIAN_POINT('',(-1.832766000785,-0.375128172784,
    -1.341234966651));
#1463 = CARTESIAN_POINT('',(-1.853297460079,-0.220989031968,
    -1.35050744501));
#1464 = CARTESIAN_POINT('',(-1.864998505316,0.106882411773,
    -1.37016056903));
#1465 = CARTESIAN_POINT('',(-1.852349249933,0.280814813217,
    -1.380544683379));
#1466 = CARTESIAN_POINT('',(-1.820764013481,0.452929542146,
    -1.390925460631));
#1467 = CARTESIAN_POINT('',(-1.770584115288,0.620773231478,
    -1.40130399453));
#1468 = CARTESIAN_POINT('',(-1.70251572575,0.781982460643,-1.41168358081
    ));
#1469 = CARTESIAN_POINT('',(-1.617619801472,0.934318261597,
    -1.422066068806));
#1470 = CARTESIAN_POINT('',(-1.428749362363,1.200731802489,
    -1.441625970644));
#1471 = CARTESIAN_POINT('',(-1.328097001603,1.317241319706,
    -1.450806689401));
#1472 = CARTESIAN_POINT('',(-1.216415933031,1.423828102729,
    -1.459988157661));
#1473 = CARTESIAN_POINT('',(-1.094894454942,1.519263031084,
    -1.469170797791));
#1474 = CARTESIAN_POINT('',(-0.964872087354,1.602494242971,
    -1.478355316402));
#1475 = CARTESIAN_POINT('',(-0.827824500381,1.672658926271,
    -1.48754108914));
#1476 = CARTESIAN_POINT('',(-0.61242465397,1.758036736758,-1.50142766653
    ));
#1477 = CARTESIAN_POINT('',(-0.538054889589,1.783360239825,
    -1.50613029229));
#1478 = CARTESIAN_POINT('',(-0.462474724394,1.805009226448,
    -1.510832588631));
#1479 = CARTESIAN_POINT('',(-0.385902213735,1.822915421821,
    -1.515534442208));
#1480 = CARTESIAN_POINT('',(-0.308559554557,1.837026878599,
    -1.520235785542));
#1481 = CARTESIAN_POINT('',(-0.230672455307,1.847308120598,
    -1.524936549937));
#1482 = CARTESIAN_POINT('',(-7.109224414947E-02,1.860433538497,
    -1.534527465879));
#1483 = CARTESIAN_POINT('',(1.062877720815E-02,1.862959033802,
    -1.539417666024));
#1484 = CARTESIAN_POINT('',(9.243584795679E-02,1.861295639559,
    -1.544307073985));
#1485 = CARTESIAN_POINT('',(0.174071480869,1.855441999298,
    -1.549195711495));
#1486 = CARTESIAN_POINT('',(0.255279198968,1.845416479682,
    -1.554083690382));
#1487 = CARTESIAN_POINT('',(0.335804322716,1.831257117247,
    -1.558971136105));
#1488 = CARTESIAN_POINT('',(0.503274429853,1.792886804488,
    -1.569254058454));
#1489 = CARTESIAN_POINT('',(0.590017128626,1.767781961028,
    -1.574649589377));
#1490 = CARTESIAN_POINT('',(0.675283104886,1.737784957387,
    -1.580044750869));
#1491 = CARTESIAN_POINT('',(0.758742037462,1.703001594715,
    -1.585439838073));
#1492 = CARTESIAN_POINT('',(0.840074265267,1.663565054525,
    -1.590835229062));
#1493 = CARTESIAN_POINT('',(0.918972019905,1.619635400538,-1.59623121943
    ));
#1494 = CARTESIAN_POINT('',(1.040711598759,1.542539768917,
    -1.604856611534));
#1495 = CARTESIAN_POINT('',(1.08530625913,1.512138531027,-1.60808563094)
  );
#1496 = CARTESIAN_POINT('',(1.128861764218,1.480235205366,
    -1.611314960883));
#1497 = CARTESIAN_POINT('',(1.171317564664,1.446872591474,
    -1.614544633958));
#1498 = CARTESIAN_POINT('',(1.212615436936,1.412096449907,
    -1.617774669592));
#1499 = CARTESIAN_POINT('',(1.252699483324,1.375955502237,
    -1.621005074039));
#1500 = CARTESIAN_POINT('',(1.445087639985,1.190320730277,
    -1.637017821235));
#1501 = CARTESIAN_POINT('',(1.578903983832,1.021506137252,
    -1.649812299005));
#1502 = CARTESIAN_POINT('',(1.689479028302,0.835350282268,
    -1.662606028785));
#1503 = CARTESIAN_POINT('',(1.774251887502,0.635748341562,
    -1.675400019111));
#1504 = CARTESIAN_POINT('',(1.831434555375,0.426919142415,
    -1.688185857624));
#1505 = CARTESIAN_POINT('',(1.86,0.213403250749,-1.700970964814));
#1506 = CARTESIAN_POINT('',(1.86,7.493783371615E-12,-1.713753111064));
#1507 = ORIENTED_EDGE('',*,*,#1508,.F.);
#1508 = EDGE_CURVE('',#1273,#1400,#1509,.T.);
#1509 = LINE('',#1510,#1511);
#1510 = CARTESIAN_POINT('',(1.86,0.,-0.2));
#1511 = VECTOR('',#1512,1.);
#1512 = DIRECTION('',(-2.523234146875E-17,0.,-1.));
#1513 = CYLINDRICAL_SURFACE('',#1514,1.86);
#1514 = AXIS2_PLACEMENT_3D('',#1515,#1516,#1517);
#1515 = CARTESIAN_POINT('',(0.,0.,-0.2));
#1516 = DIRECTION('',(-0.,-0.,-1.));
#1517 = DIRECTION('',(1.,0.,0.));
#1518 = ADVANCED_FACE('',(#1519),#1545,.T.);
#1519 = FACE_BOUND('',#1520,.T.);
#1520 = EDGE_LOOP('',(#1521,#1538,#1539,#1540));
#1521 = ORIENTED_EDGE('',*,*,#1522,.F.);
#1522 = EDGE_CURVE('',#1109,#1523,#1525,.T.);
#1523 = VERTEX_POINT('',#1524);
#1524 = CARTESIAN_POINT('',(1.481131068155,1.172683965202E-06,
    -1.232519578343));
#1525 = ( BOUNDED_CURVE() B_SPLINE_CURVE(11,(#1526,#1527,#1528,#1529,
    #1530,#1531,#1532,#1533,#1534,#1535,#1536,#1537),.UNSPECIFIED.,.F.,
.F.) B_SPLINE_CURVE_WITH_KNOTS((12,12),(0.,6.322058019692),
.PIECEWISE_BEZIER_KNOTS.) CURVE() GEOMETRIC_REPRESENTATION_ITEM() 
RATIONAL_B_SPLINE_CURVE((1.056590953773,1.056590953773,1.056590953773,
    1.056590953773,1.056590953773,1.056590953774,1.056590953773,
    1.056590953773,1.056590953773,1.056590953773,1.056590953773,
1.056590953773)) REPRESENTATION_ITEM('') );
#1526 = CARTESIAN_POINT('',(1.48113250006,1.27040527087E-06,
    -0.532521209832));
#1527 = CARTESIAN_POINT('',(1.48113143143,-0.846065895137,
    -0.596155529276));
#1528 = CARTESIAN_POINT('',(0.949617538117,-1.691696417512,
    -0.659758325645));
#1529 = CARTESIAN_POINT('',(-0.114083494512,-2.168184752071,
    -0.723606869924));
#1530 = CARTESIAN_POINT('',(-1.414706720085,-1.896711213512,
    -0.786629735086));
#1531 = CARTESIAN_POINT('',(-2.382794108582,-0.78624411649,
    -0.851364091619));
#1532 = CARTESIAN_POINT('',(-2.383850309924,0.786227570941,
    -0.91367669627));
#1533 = CARTESIAN_POINT('',(-1.414000455605,1.896730891918,
    -0.978411053666));
#1534 = CARTESIAN_POINT('',(-0.114385351801,2.168172970383,
    -1.041433917853));
#1535 = CARTESIAN_POINT('',(0.949675309651,1.691700238251,
    -1.105282462644));
#1536 = CARTESIAN_POINT('',(1.481132192584,0.846068338226,
    -1.168885258904));
#1537 = CARTESIAN_POINT('',(1.481131068155,1.17268395991E-06,
    -1.232519578343));
#1538 = ORIENTED_EDGE('',*,*,#1123,.T.);
#1539 = ORIENTED_EDGE('',*,*,#856,.T.);
#1540 = ORIENTED_EDGE('',*,*,#1541,.F.);
#1541 = EDGE_CURVE('',#1523,#857,#1542,.T.);
#1542 = B_SPLINE_CURVE_WITH_KNOTS('',1,(#1543,#1544),.UNSPECIFIED.,.F.,
  .F.,(2,2),(0.,0.49),.PIECEWISE_BEZIER_KNOTS.);
#1543 = CARTESIAN_POINT('',(1.481131068155,1.172683960051E-06,
    -1.232519578343));
#1544 = CARTESIAN_POINT('',(1.905470855165,-1.407324253338E-07,
    -0.987497650429));
#1545 = B_SPLINE_SURFACE_WITH_KNOTS('',1,10,(
    (#1546,#1547,#1548,#1549,#1550,#1551,#1552,#1553,#1554,#1555,#1556)
    ,(#1557,#1558,#1559,#1560,#1561,#1562,#1563,#1564,#1565,#1566,#1567
    )),.UNSPECIFIED.,.F.,.F.,.F.,(2,2),(11,11),(0.,0.49),(0.,
    6.322058019692),.PIECEWISE_BEZIER_KNOTS.);
#1546 = CARTESIAN_POINT('',(1.48113250006,1.270405269318E-06,
    -0.532521209832));
#1547 = CARTESIAN_POINT('',(1.481131324566,-0.930672611691,
    -0.60251896122));
#1548 = CARTESIAN_POINT('',(0.831503363351,-1.860812818805,
    -0.672478184407));
#1549 = CARTESIAN_POINT('',(-0.468791725037,-2.280134649619,
    -0.742639520597));
#1550 = CARTESIAN_POINT('',(-1.954721514356,-1.692493883369,
    -0.812398294533));
#1551 = CARTESIAN_POINT('',(-2.740579728859,-3.227699809427E-05,
    -0.882520393305));
#1552 = CARTESIAN_POINT('',(-1.954504857096,1.692534947954,
    -0.95264249489));
#1553 = CARTESIAN_POINT('',(-0.469006858071,2.280116902215,
    -1.02240126698));
#1554 = CARTESIAN_POINT('',(0.831573755124,1.860816945689,
    -1.092562603907));
#1555 = CARTESIAN_POINT('',(1.481132305027,0.93067505478,-1.16252182696)
  );
#1556 = CARTESIAN_POINT('',(1.481131068155,1.172683960051E-06,
    -1.232519578343));
#1557 = CARTESIAN_POINT('',(1.905471231948,-1.524607449826E-07,
    -0.287497454621));
#1558 = CARTESIAN_POINT('',(1.90547061687,-1.19723675766,-0.357497724496
    ));
#1559 = CARTESIAN_POINT('',(1.06981214458,-2.39450392645,-0.427502618476
    ));
#1560 = CARTESIAN_POINT('',(-0.603430616106,-2.932077309566,
    -0.497483255072));
#1561 = CARTESIAN_POINT('',(-2.51415631354,-2.178650520329,
    -0.567512206922));
#1562 = CARTESIAN_POINT('',(-3.526354423158,-7.626513797376E-06,
    -0.637497552316));
#1563 = CARTESIAN_POINT('',(-2.514098231179,2.17866256007,-0.70748289846
    ));
#1564 = CARTESIAN_POINT('',(-0.603485786863,2.932072936439,
    -0.777511849818));
#1565 = CARTESIAN_POINT('',(1.069831844346,2.394504486743,
    -0.847492486608));
#1566 = CARTESIAN_POINT('',(1.905471462877,1.197236464467,
    -0.917497380556));
#1567 = CARTESIAN_POINT('',(1.905470855165,-1.407324253338E-07,
    -0.987497650429));
#1568 = ADVANCED_FACE('',(#1569),#1599,.T.);
#1569 = FACE_BOUND('',#1570,.T.);
#1570 = EDGE_LOOP('',(#1571,#1587,#1588,#1589));
#1571 = ORIENTED_EDGE('',*,*,#1572,.F.);
#1572 = EDGE_CURVE('',#1151,#1573,#1575,.T.);
#1573 = VERTEX_POINT('',#1574);
#1574 = CARTESIAN_POINT('',(1.48114011121,1.172669744509E-06,
    -1.40751957811));
#1575 = B_SPLINE_CURVE_WITH_KNOTS('',10,(#1576,#1577,#1578,#1579,#1580,
    #1581,#1582,#1583,#1584,#1585,#1586),.UNSPECIFIED.,.F.,.F.,(11,11),(
    0.,6.322058019692),.PIECEWISE_BEZIER_KNOTS.);
#1576 = CARTESIAN_POINT('',(1.481142296703,1.270388618621E-06,
    -0.707521209557));
#1577 = CARTESIAN_POINT('',(1.481140082559,-0.930678529096,
    -0.777518961004));
#1578 = CARTESIAN_POINT('',(0.831489321392,-1.860823941156,
    -0.847478185238));
#1579 = CARTESIAN_POINT('',(-0.468739089342,-2.280153588372,
    -0.917639517223));
#1580 = CARTESIAN_POINT('',(-1.954791683032,-1.692493021673,
    -0.987398297646));
#1581 = CARTESIAN_POINT('',(-2.740597172162,-4.80733641095E-05,
    -1.057520392636));
#1582 = CARTESIAN_POINT('',(-1.954459529571,1.692557393253,
    -1.127642491931));
#1583 = CARTESIAN_POINT('',(-0.469065467875,2.280126908528,
    -1.19740126953));
#1584 = CARTESIAN_POINT('',(0.831598376324,1.860829517929,
    -1.267562602639));
#1585 = CARTESIAN_POINT('',(1.48114238673,0.930680972155,-1.337521826673
    ));
#1586 = CARTESIAN_POINT('',(1.48114011121,1.17266973941E-06,
    -1.40751957811));
#1587 = ORIENTED_EDGE('',*,*,#1166,.T.);
#1588 = ORIENTED_EDGE('',*,*,#1522,.T.);
#1589 = ORIENTED_EDGE('',*,*,#1590,.F.);
#1590 = EDGE_CURVE('',#1573,#1523,#1591,.T.);
#1591 = ( BOUNDED_CURVE() B_SPLINE_CURVE(6,(#1592,#1593,#1594,#1595,
#1596,#1597,#1598),.UNSPECIFIED.,.F.,.F.) B_SPLINE_CURVE_WITH_KNOTS((7,7
),(0.,2.094395102393),.PIECEWISE_BEZIER_KNOTS.) CURVE() 
GEOMETRIC_REPRESENTATION_ITEM() RATIONAL_B_SPLINE_CURVE((1.056590953773,
    1.017435169568,0.996326512422,0.989390034249,0.996326512422,
1.017435169568,1.056590953773)) REPRESENTATION_ITEM('') );
#1592 = CARTESIAN_POINT('',(1.48114011121,1.172669740646E-06,
    -1.40751957811));
#1593 = CARTESIAN_POINT('',(1.449421256912,1.270843047907E-06,
    -1.389208874389));
#1594 = CARTESIAN_POINT('',(1.427067954894,1.340027526942E-06,
    -1.358215796061));
#1595 = CARTESIAN_POINT('',(1.418987147329,1.365035868783E-06,
    -1.320022789722));
#1596 = CARTESIAN_POINT('',(1.427064007634,1.340033734171E-06,
    -1.281828948443));
#1597 = CARTESIAN_POINT('',(1.449414106424,1.270854292162E-06,
    -1.250833560084));
#1598 = CARTESIAN_POINT('',(1.481131068155,1.17268395991E-06,
    -1.232519578343));
#1599 = ( BOUNDED_SURFACE() B_SPLINE_SURFACE(6,11,(
    (#1600,#1601,#1602,#1603,#1604,#1605,#1606,#1607,#1608,#1609,#1610
      ,#1611)
    ,(#1612,#1613,#1614,#1615,#1616,#1617,#1618,#1619,#1620,#1621,#1622
      ,#1623)
    ,(#1624,#1625,#1626,#1627,#1628,#1629,#1630,#1631,#1632,#1633,#1634
      ,#1635)
    ,(#1636,#1637,#1638,#1639,#1640,#1641,#1642,#1643,#1644,#1645,#1646
      ,#1647)
    ,(#1648,#1649,#1650,#1651,#1652,#1653,#1654,#1655,#1656,#1657,#1658
      ,#1659)
    ,(#1660,#1661,#1662,#1663,#1664,#1665,#1666,#1667,#1668,#1669,#1670
      ,#1671)
    ,(#1672,#1673,#1674,#1675,#1676,#1677,#1678,#1679,#1680,#1681,#1682
,#1683
    )),.UNSPECIFIED.,.F.,.F.,.F.) B_SPLINE_SURFACE_WITH_KNOTS((7,7),(12,
    12),(0.,2.094395102393),(0.,6.322058019692),
.PIECEWISE_BEZIER_KNOTS.) GEOMETRIC_REPRESENTATION_ITEM() 
RATIONAL_B_SPLINE_SURFACE((
    (1.056590953773,1.056590953773,1.056590953773,1.056590953773
      ,1.056590953773,1.056590953774,1.056590953773,1.056590953773
      ,1.056590953773,1.056590953773,1.056590953773,1.056590953773)
    ,(1.017435169568,1.017435169568,1.017435169568,1.017435169568
      ,1.017435169568,1.017435169568,1.017435169568,1.017435169568
      ,1.017435169568,1.017435169568,1.017435169568,1.017435169568)
    ,(0.996326512422,0.996326512422,0.996326512422,0.996326512422
      ,0.996326512422,0.996326512423,0.996326512421,0.996326512423
      ,0.996326512422,0.996326512422,0.996326512422,0.996326512422)
    ,(0.989390034249,0.989390034249,0.989390034248,0.989390034249
      ,0.989390034248,0.989390034249,0.989390034248,0.989390034249
      ,0.989390034248,0.989390034249,0.989390034249,0.989390034249)
    ,(0.996326512422,0.996326512422,0.996326512422,0.996326512422
      ,0.996326512422,0.996326512423,0.996326512422,0.996326512423
      ,0.996326512422,0.996326512422,0.996326512422,0.996326512422)
    ,(1.017435169568,1.017435169568,1.017435169568,1.017435169568
      ,1.017435169568,1.017435169568,1.017435169568,1.017435169568
      ,1.017435169568,1.017435169568,1.017435169568,1.017435169568)
    ,(1.056590953773,1.056590953773,1.056590953773,1.056590953773
      ,1.056590953773,1.056590953774,1.056590953773,1.056590953773
      ,1.056590953773,1.056590953773,1.056590953773,1.056590953773
))) REPRESENTATION_ITEM('') SURFACE() );
#1600 = CARTESIAN_POINT('',(1.481142296703,1.270388620578E-06,
    -0.707521209557));
#1601 = CARTESIAN_POINT('',(1.481140283845,-0.846071274598,
    -0.771155529054));
#1602 = CARTESIAN_POINT('',(0.949607641604,-1.691706593509,
    -0.834758326286));
#1603 = CARTESIAN_POINT('',(-0.114005731881,-2.168201558736,
    -0.898606865154));
#1604 = CARTESIAN_POINT('',(-1.414902385931,-1.896717553322,
    -0.961629745828));
#1605 = CARTESIAN_POINT('',(-2.382531672776,-0.786252338613,
    -1.026364074833));
#1606 = CARTESIAN_POINT('',(-2.384143066221,0.786229154753,
    -1.088676712396));
#1607 = CARTESIAN_POINT('',(-1.413822770168,1.896748815292,
    -1.153411042722));
#1608 = CARTESIAN_POINT('',(-0.114464573991,2.168183676153,
    -1.216433921905));
#1609 = CARTESIAN_POINT('',(0.949697287307,1.691711600516,
    -1.280282461554));
#1610 = CARTESIAN_POINT('',(1.481142179864,0.846073717656,
    -1.343885258622));
#1611 = CARTESIAN_POINT('',(1.48114011121,1.172669740646E-06,
    -1.40751957811));
#1612 = CARTESIAN_POINT('',(1.449423363555,1.376743165277E-06,
    -0.689210642425));
#1613 = CARTESIAN_POINT('',(1.449421510229,-0.827957285636,
    -0.752844790782));
#1614 = CARTESIAN_POINT('',(0.929269370714,-1.655444338266,
    -0.816444777751));
#1615 = CARTESIAN_POINT('',(-0.111556452582,-2.121880756396,
    -0.880311080444));
#1616 = CARTESIAN_POINT('',(-1.38461054299,-1.855868272064,
    -0.943282598882));
#1617 = CARTESIAN_POINT('',(-2.331512474861,-0.769742685086,
    -1.008108852047));
#1618 = CARTESIAN_POINT('',(-2.333065883787,0.769719866646,
    -1.070310664346));
#1619 = CARTESIAN_POINT('',(-1.383570255196,1.855898126824,
    -1.135136918784));
#1620 = CARTESIAN_POINT('',(-0.111999167702,2.121863496316,
    -1.198108435785));
#1621 = CARTESIAN_POINT('',(0.929355447532,1.655449352305,
    -1.261974739231));
#1622 = CARTESIAN_POINT('',(1.449423170706,0.827959933222,
    -1.325574726041));
#1623 = CARTESIAN_POINT('',(1.449421256912,1.270843047907E-06,
    -1.389208874389));
#1624 = CARTESIAN_POINT('',(1.427069928074,1.451693240812E-06,
    -0.658217660356));
#1625 = CARTESIAN_POINT('',(1.427068284774,-0.815191749792,
    -0.721851688103));
#1626 = CARTESIAN_POINT('',(0.914937956094,-1.62988917151,
    -0.785449694583));
#1627 = CARTESIAN_POINT('',(-0.109838476663,-2.089236617357,
    -0.849328516054));
#1628 = CARTESIAN_POINT('',(-1.363243569049,-1.82708101151,
    -0.912263837773));
#1629 = CARTESIAN_POINT('',(-2.295586227889,-0.758107435164,
    -0.977154873004));
#1630 = CARTESIAN_POINT('',(-2.297041385633,0.75808556043,
    -1.039278583018));
#1631 = CARTESIAN_POINT('',(-1.362269588518,1.82710867723,
    -1.104169619439));
#1632 = CARTESIAN_POINT('',(-0.110253599773,2.0892204266,-1.167104939815
    ));
#1633 = CARTESIAN_POINT('',(0.915018223126,1.629894067882,
    -1.230983761991));
#1634 = CARTESIAN_POINT('',(1.427069661954,0.815194541513,
    -1.294581768321));
#1635 = CARTESIAN_POINT('',(1.427067954894,1.340027526942E-06,
    -1.358215796061));
#1636 = CARTESIAN_POINT('',(1.418988956042,1.478785881831E-06,
    -0.620024688815));
#1637 = CARTESIAN_POINT('',(1.418987534284,-0.810576924641,
    -0.683658672961));
#1638 = CARTESIAN_POINT('',(0.909759513305,-1.620650902154,
    -0.747255963477));
#1639 = CARTESIAN_POINT('',(-0.109229522314,-2.077435075982,
    -0.811139310589));
#1640 = CARTESIAN_POINT('',(-1.355490478023,-1.816675120729,
    -0.874061546917));
#1641 = CARTESIAN_POINT('',(-2.282641464708,-0.753900703912,
    -0.938976001325));
#1642 = CARTESIAN_POINT('',(-2.283975481303,0.75388019412,
    -1.001071476851));
#1643 = CARTESIAN_POINT('',(-1.354598046878,1.816700208667,
    -1.065985932349));
#1644 = CARTESIAN_POINT('',(-0.109610460244,2.077420212682,
    -1.128908167446));
#1645 = CARTESIAN_POINT('',(0.909832764382,1.620655573034,
    -1.192791515205));
#1646 = CARTESIAN_POINT('',(1.418988634036,0.810579768462,
    -1.256388805582));
#1647 = CARTESIAN_POINT('',(1.418987147329,1.365035868783E-06,
    -1.320022789722));
#1648 = CARTESIAN_POINT('',(1.427065651877,1.451700506194E-06,
    -0.581830812755));
#1649 = CARTESIAN_POINT('',(1.427064420727,-0.815189401677,
    -0.645464840479));
#1650 = CARTESIAN_POINT('',(0.914942275885,-1.629884729726,
    -0.709062846583));
#1651 = CARTESIAN_POINT('',(-0.109872419762,-2.08922928131,
    -0.772941670415));
#1652 = CARTESIAN_POINT('',(-1.363158161636,-1.827078244207,
    -0.835876985364));
#1653 = CARTESIAN_POINT('',(-2.295700780142,-0.758103846238,
    -0.90076803261));
#1654 = CARTESIAN_POINT('',(-2.296913598599,0.758084869101,
    -0.962891728259));
#1655 = CARTESIAN_POINT('',(-1.36234714755,1.827100853745,
    -1.027782776496));
#1656 = CARTESIAN_POINT('',(-0.110219019582,2.089215753571,
    -1.090718090326));
#1657 = CARTESIAN_POINT('',(0.915008629961,1.629889108296,
    -1.154596914746));
#1658 = CARTESIAN_POINT('',(1.427065302544,0.815192193411,
    -1.218194920724));
#1659 = CARTESIAN_POINT('',(1.427064007634,1.340033734171E-06,
    -1.281828948443));
#1660 = CARTESIAN_POINT('',(1.449415617193,1.376756332688E-06,
    -0.550835328152));
#1661 = CARTESIAN_POINT('',(1.449414510482,-0.827953032009,
    -0.614469476467));
#1662 = CARTESIAN_POINT('',(0.929277196047,-1.655436291942,
    -0.678069462754));
#1663 = CARTESIAN_POINT('',(-0.111617940746,-2.121867467095,
    -0.741935769726));
#1664 = CARTESIAN_POINT('',(-1.384455826857,-1.855863259075,
    -0.804907275897));
#1665 = CARTESIAN_POINT('',(-2.331719987075,-0.76973618372,
    -0.869733550831));
#1666 = CARTESIAN_POINT('',(-2.332834396674,0.769718614299,
    -0.931935337104));
#1667 = CARTESIAN_POINT('',(-1.383710753929,1.855883954525,
    -0.996761612947));
#1668 = CARTESIAN_POINT('',(-0.111936525442,2.121855031091,
    -1.059733118092));
#1669 = CARTESIAN_POINT('',(0.929338069446,1.65544036798,-1.123599425603
    ));
#1670 = CARTESIAN_POINT('',(1.449415273603,0.82795567962,-1.187199411775
    ));
#1671 = CARTESIAN_POINT('',(1.449414106424,1.270854292162E-06,
    -1.250833560084));
#1672 = CARTESIAN_POINT('',(1.48113250006,1.27040527087E-06,
    -0.532521209832));
#1673 = CARTESIAN_POINT('',(1.48113143143,-0.846065895137,
    -0.596155529276));
#1674 = CARTESIAN_POINT('',(0.949617538117,-1.691696417512,
    -0.659758325645));
#1675 = CARTESIAN_POINT('',(-0.114083494512,-2.168184752071,
    -0.723606869924));
#1676 = CARTESIAN_POINT('',(-1.414706720085,-1.896711213512,
    -0.786629735086));
#1677 = CARTESIAN_POINT('',(-2.382794108582,-0.78624411649,
    -0.851364091619));
#1678 = CARTESIAN_POINT('',(-2.383850309924,0.786227570941,
    -0.91367669627));
#1679 = CARTESIAN_POINT('',(-1.414000455605,1.896730891918,
    -0.978411053666));
#1680 = CARTESIAN_POINT('',(-0.114385351801,2.168172970383,
    -1.041433917853));
#1681 = CARTESIAN_POINT('',(0.949675309651,1.691700238251,
    -1.105282462644));
#1682 = CARTESIAN_POINT('',(1.481132192584,0.846068338226,
    -1.168885258904));
#1683 = CARTESIAN_POINT('',(1.481131068155,1.17268395991E-06,
    -1.232519578343));
#1684 = ADVANCED_FACE('',(#1685),#1695,.T.);
#1685 = FACE_BOUND('',#1686,.T.);
#1686 = EDGE_LOOP('',(#1687,#1688,#1689,#1690));
#1687 = ORIENTED_EDGE('',*,*,#1272,.F.);
#1688 = ORIENTED_EDGE('',*,*,#1243,.T.);
#1689 = ORIENTED_EDGE('',*,*,#1572,.T.);
#1690 = ORIENTED_EDGE('',*,*,#1691,.F.);
#1691 = EDGE_CURVE('',#1273,#1573,#1692,.T.);
#1692 = B_SPLINE_CURVE_WITH_KNOTS('',1,(#1693,#1694),.UNSPECIFIED.,.F.,
  .F.,(2,2),(0.,0.49),.PIECEWISE_BEZIER_KNOTS.);
#1693 = CARTESIAN_POINT('',(1.905505218772,-1.407864658585E-07,
    -1.652497649541));
#1694 = CARTESIAN_POINT('',(1.48114011121,1.17266973941E-06,
    -1.40751957811));
#1695 = B_SPLINE_SURFACE_WITH_KNOTS('',1,10,(
    (#1696,#1697,#1698,#1699,#1700,#1701,#1702,#1703,#1704,#1705,#1706)
    ,(#1707,#1708,#1709,#1710,#1711,#1712,#1713,#1714,#1715,#1716,#1717
    )),.UNSPECIFIED.,.F.,.F.,.F.,(2,2),(11,11),(0.,0.49),(0.,
    6.322058019692),.PIECEWISE_BEZIER_KNOTS.);
#1696 = CARTESIAN_POINT('',(1.905508459189,-1.525240154575E-07,
    -0.952497453579));
#1697 = CARTESIAN_POINT('',(1.905503897241,-1.1972592438,-1.022497723675
    ));
#1698 = CARTESIAN_POINT('',(1.069758785137,-2.394546191382,
    -1.092502621634));
#1699 = CARTESIAN_POINT('',(-0.603230600463,-2.932149276827,
    -1.162483242251));
#1700 = CARTESIAN_POINT('',(-2.514422954509,-2.178647245885,
    -1.232512218752));
#1701 = CARTESIAN_POINT('',(-3.52642070771,-6.765270365161E-05,
    -1.302497549773));
#1702 = CARTESIAN_POINT('',(-2.513925986587,2.178747852206,
    -1.372482887218));
#1703 = CARTESIAN_POINT('',(-0.603708504119,2.93211096043,
    -1.442511859507));
#1704 = CARTESIAN_POINT('',(1.069925404907,2.394552261254,
    -1.512492481791));
#1705 = CARTESIAN_POINT('',(1.905509773348,1.197258950491,
    -1.582497379464));
#1706 = CARTESIAN_POINT('',(1.905505218772,-1.407864658585E-07,
    -1.652497649541));
#1707 = CARTESIAN_POINT('',(1.481142296703,1.270388618621E-06,
    -0.707521209557));
#1708 = CARTESIAN_POINT('',(1.481140082559,-0.930678529096,
    -0.777518961004));
#1709 = CARTESIAN_POINT('',(0.831489321392,-1.860823941156,
    -0.847478185238));
#1710 = CARTESIAN_POINT('',(-0.468739089342,-2.280153588372,
    -0.917639517223));
#1711 = CARTESIAN_POINT('',(-1.954791683032,-1.692493021673,
    -0.987398297646));
#1712 = CARTESIAN_POINT('',(-2.740597172162,-4.80733641095E-05,
    -1.057520392636));
#1713 = CARTESIAN_POINT('',(-1.954459529571,1.692557393253,
    -1.127642491931));
#1714 = CARTESIAN_POINT('',(-0.469065467875,2.280126908528,
    -1.19740126953));
#1715 = CARTESIAN_POINT('',(0.831598376324,1.860829517929,
    -1.267562602639));
#1716 = CARTESIAN_POINT('',(1.48114238673,0.930680972155,-1.337521826673
    ));
#1717 = CARTESIAN_POINT('',(1.48114011121,1.17266973941E-06,
    -1.40751957811));
#1718 = ADVANCED_FACE('',(#1719),#1927,.T.);
#1719 = FACE_BOUND('',#1720,.F.);
#1720 = EDGE_LOOP('',(#1721,#1813,#1814,#1921));
#1721 = ORIENTED_EDGE('',*,*,#1722,.F.);
#1722 = EDGE_CURVE('',#1273,#1723,#1725,.T.);
#1723 = VERTEX_POINT('',#1724);
#1724 = CARTESIAN_POINT('',(1.86,2.393420871534E-11,-2.326230139766));
#1725 = B_SPLINE_CURVE_WITH_KNOTS('',6,(#1726,#1727,#1728,#1729,#1730,
    #1731,#1732,#1733,#1734,#1735,#1736,#1737,#1738,#1739,#1740,#1741,
    #1742,#1743,#1744,#1745,#1746,#1747,#1748,#1749,#1750,#1751,#1752,
    #1753,#1754,#1755,#1756,#1757,#1758,#1759,#1760,#1761,#1762,#1763,
    #1764,#1765,#1766,#1767,#1768,#1769,#1770,#1771,#1772,#1773,#1774,
    #1775,#1776,#1777,#1778,#1779,#1780,#1781,#1782,#1783,#1784,#1785,
    #1786,#1787,#1788,#1789,#1790,#1791,#1792,#1793,#1794,#1795,#1796,
    #1797,#1798,#1799,#1800,#1801,#1802,#1803,#1804,#1805,#1806,#1807,
    #1808,#1809,#1810,#1811,#1812),.UNSPECIFIED.,.F.,.F.,(7,5,5,5,5,5,5,
    5,5,5,5,5,5,5,5,5,5,7),(0.,5.500030346508E-02,0.125001253595,
    0.225963986177,0.263832351639,0.317834406232,0.370838399625,
    0.400469675904,0.496636860677,0.597546878442,0.709446096756,
    0.738204253967,0.754096843885,0.856096525946,0.872553664828,
    0.951553332059,0.96817685602,1.),.UNSPECIFIED.);
#1726 = CARTESIAN_POINT('',(1.86,5.714362316667E-11,-1.626228334425));
#1727 = CARTESIAN_POINT('',(1.860000000002,-0.107124493817,
    -1.632645006018));
#1728 = CARTESIAN_POINT('',(1.852596164033,-0.214251253688,
    -1.639061274513));
#1729 = CARTESIAN_POINT('',(1.837788798037,-0.320735085807,
    -1.645477971409));
#1730 = CARTESIAN_POINT('',(1.815651809487,-0.425939155804,
    -1.651895822024));
#1731 = CARTESIAN_POINT('',(1.786331661371,-0.529239584536,
    -1.658315015909));
#1732 = CARTESIAN_POINT('',(1.70386461844,-0.758309843807,
    -1.672905448436));
#1733 = CARTESIAN_POINT('',(1.646396579903,-0.882534960695,
    -1.681077761656));
#1734 = CARTESIAN_POINT('',(1.578092301106,-1.001447737315,
    -1.689249882311));
#1735 = CARTESIAN_POINT('',(1.49958306122,-1.113885659541,
    -1.697420669112));
#1736 = CARTESIAN_POINT('',(1.41165169716,-1.218781662957,-1.70558976341
    ));
#1737 = CARTESIAN_POINT('',(1.176197069709,-1.454245730817,
    -1.725534236366));
#1738 = CARTESIAN_POINT('',(1.019471604244,-1.575693966982,
    -1.737310434567));
#1739 = CARTESIAN_POINT('',(0.84793084904,-1.676643003873,-1.74907772114
    ));
#1740 = CARTESIAN_POINT('',(0.664957074115,-1.754982865488,
    -1.76084301792));
#1741 = CARTESIAN_POINT('',(0.474253170361,-1.809241145403,
    -1.772613828041));
#1742 = CARTESIAN_POINT('',(0.206928839877,-1.849924451284,
    -1.788800377262));
#1743 = CARTESIAN_POINT('',(0.133483479822,-1.857551745972,
    -1.793216018404));
#1744 = CARTESIAN_POINT('',(5.971727406903E-02,-1.861677833771,
    -1.797632244114));
#1745 = CARTESIAN_POINT('',(-1.41616505445E-02,-1.862287769596,
    -1.802049090425));
#1746 = CARTESIAN_POINT('',(-8.79446392152E-02,-1.859383153336,
    -1.806466550106));
#1747 = CARTESIAN_POINT('',(-0.266205377307,-1.843853971933,
    -1.817184878785));
#1748 = CARTESIAN_POINT('',(-0.370370892874,-1.827615133329,
    -1.823486472783));
#1749 = CARTESIAN_POINT('',(-0.473311520077,-1.804318760762,
    -1.829788956449));
#1750 = CARTESIAN_POINT('',(-0.574432596217,-1.774085399066,
    -1.836092189691));
#1751 = CARTESIAN_POINT('',(-0.67315679888,-1.737101848932,
    -1.842395966406));
#1752 = CARTESIAN_POINT('',(-0.862930381134,-1.650941827628,
    -1.854886909433));
#1753 = CARTESIAN_POINT('',(-0.954091474901,-1.602001720026,
    -1.861074316682));
#1754 = CARTESIAN_POINT('',(-1.04188691215,-1.547038205785,
    -1.867261350988));
#1755 = CARTESIAN_POINT('',(-1.125823693233,-1.486344910988,
    -1.87344788657));
#1756 = CARTESIAN_POINT('',(-1.205444323111,-1.420268241251,
    -1.879633891253));
#1757 = CARTESIAN_POINT('',(-1.322194500846,-1.309477968724,
    -1.889276846449));
#1758 = CARTESIAN_POINT('',(-1.362579551401,-1.268191998894,
    -1.892734391809));
#1759 = CARTESIAN_POINT('',(-1.401412675977,-1.225416246129,
    -1.896191714664));
#1760 = CARTESIAN_POINT('',(-1.438625738681,-1.181223919869,
    -1.899648818657));
#1761 = CARTESIAN_POINT('',(-1.474155276743,-1.135692322482,
    -1.903105717258));
#1762 = CARTESIAN_POINT('',(-1.61759765546,-0.937049386256,
    -1.917781076229));
#1763 = CARTESIAN_POINT('',(-1.708924660523,-0.771913798184,
    -1.929000108682));
#1764 = CARTESIAN_POINT('',(-1.779856957949,-0.596330461278,
    -1.940215349611));
#1765 = CARTESIAN_POINT('',(-1.829023501395,-0.413455925731,
    -1.951431325451));
#1766 = CARTESIAN_POINT('',(-1.855618191079,-0.226635142918,
    -1.962651782259));
#1767 = CARTESIAN_POINT('',(-1.86374375209,0.157122068934,
    -1.985644783009));
#1768 = CARTESIAN_POINT('',(-1.842989349794,0.354195172721,
    -1.997422664404));
#1769 = CARTESIAN_POINT('',(-1.797212482365,0.547784307166,
    -2.009198886243));
#1770 = CARTESIAN_POINT('',(-1.727227617173,0.733996270023,
    -2.020975205593));
#1771 = CARTESIAN_POINT('',(-1.634529404829,0.909144242258,
    -2.032752812431));
#1772 = CARTESIAN_POINT('',(-1.396103498227,1.248197254144,
    -2.057578817541));
#1773 = CARTESIAN_POINT('',(-1.24561752756,1.408917938042,
    -2.070634298204));
#1774 = CARTESIAN_POINT('',(-1.073190421705,1.547492744629,
    -2.083679793163));
#1775 = CARTESIAN_POINT('',(-0.882972596052,1.660412965733,
    -2.096722252197));
#1776 = CARTESIAN_POINT('',(-0.679704660723,1.745022166821,
    -2.109772042786));
#1777 = CARTESIAN_POINT('',(-0.414589730545,1.814070766973,
    -2.126174468965));
#1778 = CARTESIAN_POINT('',(-0.359875342293,1.826229352852,
    -2.129528292495));
#1779 = CARTESIAN_POINT('',(-0.30473951869,1.836406070486,
    -2.132882416566));
#1780 = CARTESIAN_POINT('',(-0.249271941466,1.844583254969,
    -2.136236870313));
#1781 = CARTESIAN_POINT('',(-0.193563195061,1.850748672809,
    -2.139591670708));
#1782 = CARTESIAN_POINT('',(-0.106835782564,1.85718719075,
    -2.144800976581));
#1783 = CARTESIAN_POINT('',(-7.592103107294E-02,1.858862397161,
    -2.146655238933));
#1784 = CARTESIAN_POINT('',(-4.497591984236E-02,1.859919998557,
    -2.148509610088));
#1785 = CARTESIAN_POINT('',(-1.401586589125E-02,1.860359365661,
    -2.150364089316));
#1786 = CARTESIAN_POINT('',(1.694370443305E-02,1.860180382524,
    -2.152218674694));
#1787 = CARTESIAN_POINT('',(0.246485732579,1.85426865909,-2.165976874697
    ));
#1788 = CARTESIAN_POINT('',(0.444480705442,1.823697839315,
    -2.177887664163));
#1789 = CARTESIAN_POINT('',(0.637675153461,1.767756074041,
    -2.189798349665));
#1790 = CARTESIAN_POINT('',(0.822094438129,1.68748325247,-2.201708913081
    ));
#1791 = CARTESIAN_POINT('',(0.994013345481,1.584615495771,
    -2.213618628689));
#1792 = CARTESIAN_POINT('',(1.175336673844,1.441947004297,
    -2.227440874496));
#1793 = CARTESIAN_POINT('',(1.200117934182,1.421605191306,
    -2.229361067529));
#1794 = CARTESIAN_POINT('',(1.224475820525,1.400753030415,
    -2.231281134562));
#1795 = CARTESIAN_POINT('',(1.248397235568,1.379401578882,
    -2.233201075693));
#1796 = CARTESIAN_POINT('',(1.271869471968,1.357562338659,
    -2.235120893388));
#1797 = CARTESIAN_POINT('',(1.405339317363,1.228127538535,-2.24625577808
    ));
#1798 = CARTESIAN_POINT('',(1.505174706941,1.110032604387,
    -2.255469102031));
#1799 = CARTESIAN_POINT('',(1.592998490856,0.982301383112,-2.26467920461
    ));
#1800 = CARTESIAN_POINT('',(1.667693173477,0.846475829557,
    -2.273888981493));
#1801 = CARTESIAN_POINT('',(1.728384153033,0.704246422435,
    -2.283102031596));
#1802 = CARTESIAN_POINT('',(1.784202458539,0.526564220607,
    -2.294255527325));
#1803 = CARTESIAN_POINT('',(1.793260912403,0.495472526444,
    -2.296194599965));
#1804 = CARTESIAN_POINT('',(1.801668845278,0.464194985411,
    -2.298133778248));
#1805 = CARTESIAN_POINT('',(1.809421556193,0.432748608983,
    -2.300073058853));
#1806 = CARTESIAN_POINT('',(1.816514937101,0.401150568489,
    -2.302012433127));
#1807 = CARTESIAN_POINT('',(1.835255730724,0.308671515359,
    -2.307664669221));
#1808 = CARTESIAN_POINT('',(1.845136904084,0.247432251918,
    -2.311377755776));
#1809 = CARTESIAN_POINT('',(1.852564293052,0.185822284378,
    -2.315091035051));
#1810 = CARTESIAN_POINT('',(1.857521414081,0.123964362125,
    -2.318804343848));
#1811 = CARTESIAN_POINT('',(1.859999999999,6.198210434965E-02,
    -2.32251746748));
#1812 = CARTESIAN_POINT('',(1.86,4.784972418292E-11,-2.326230139766));
#1813 = ORIENTED_EDGE('',*,*,#1508,.T.);
#1814 = ORIENTED_EDGE('',*,*,#1815,.T.);
#1815 = EDGE_CURVE('',#1400,#1816,#1818,.T.);
#1816 = VERTEX_POINT('',#1817);
#1817 = CARTESIAN_POINT('',(1.86,3.090113602331E-12,-2.413752828223));
#1818 = B_SPLINE_CURVE_WITH_KNOTS('',6,(#1819,#1820,#1821,#1822,#1823,
    #1824,#1825,#1826,#1827,#1828,#1829,#1830,#1831,#1832,#1833,#1834,
    #1835,#1836,#1837,#1838,#1839,#1840,#1841,#1842,#1843,#1844,#1845,
    #1846,#1847,#1848,#1849,#1850,#1851,#1852,#1853,#1854,#1855,#1856,
    #1857,#1858,#1859,#1860,#1861,#1862,#1863,#1864,#1865,#1866,#1867,
    #1868,#1869,#1870,#1871,#1872,#1873,#1874,#1875,#1876,#1877,#1878,
    #1879,#1880,#1881,#1882,#1883,#1884,#1885,#1886,#1887,#1888,#1889,
    #1890,#1891,#1892,#1893,#1894,#1895,#1896,#1897,#1898,#1899,#1900,
    #1901,#1902,#1903,#1904,#1905,#1906,#1907,#1908,#1909,#1910,#1911,
    #1912,#1913,#1914,#1915,#1916,#1917,#1918,#1919,#1920),
  .UNSPECIFIED.,.F.,.F.,(7,5,5,5,5,5,5,5,5,5,5,5,5,5,5,5,5,5,5,5,7),(0.,
    2.502267629196E-02,4.839906413658E-02,0.127397006937,0.197002381121,
    0.242003141395,0.263147351113,0.29769740461,0.357699285795,
    0.402231176888,0.498655986023,0.598388201091,0.625554929587,
    0.6785576164,0.730558409285,0.784805805114,0.839807803959,
    0.872038821508,0.943751057974,0.97275017815,1.),.UNSPECIFIED.);
#1819 = CARTESIAN_POINT('',(1.86,7.505995824886E-12,-1.713753111064));
#1820 = CARTESIAN_POINT('',(1.86,-4.873792727998E-02,-1.716672351875));
#1821 = CARTESIAN_POINT('',(1.858467488204,-9.747591560956E-02,
    -1.719591777555));
#1822 = CARTESIAN_POINT('',(1.855402477532,-0.146153517786,
    -1.722511289622));
#1823 = CARTESIAN_POINT('',(1.850808130392,-0.194710559733,
    -1.725430802776));
#1824 = CARTESIAN_POINT('',(1.844690758672,-0.243087140492,
    -1.728350244895));
#1825 = CARTESIAN_POINT('',(1.829930942239,-0.336193134566,
    -1.733996802209));
#1826 = CARTESIAN_POINT('',(1.821481084064,-0.380953227259,
    -1.736723939024));
#1827 = CARTESIAN_POINT('',(1.81171796918,-0.425455291951,
    -1.739450923905));
#1828 = CARTESIAN_POINT('',(1.800651652594,-0.469651273082,
    -1.742177731045));
#1829 = CARTESIAN_POINT('',(1.788294524363,-0.513493677878,
    -1.744904352416));
#1830 = CARTESIAN_POINT('',(1.728589353263,-0.70374271499,
    -1.756844521247));
#1831 = CARTESIAN_POINT('',(1.667939614312,-0.845990277847,
    -1.766057102354));
#1832 = CARTESIAN_POINT('',(1.593284232683,-0.98183795748,
    -1.775266924805));
#1833 = CARTESIAN_POINT('',(1.5054973879,-1.109594979958,-1.784477455415
    ));
#1834 = CARTESIAN_POINT('',(1.405696167485,-1.227719096405,
    -1.793691394419));
#1835 = CARTESIAN_POINT('',(1.197969487455,-1.429282944985,
    -1.811027347275));
#1836 = CARTESIAN_POINT('',(1.092407182517,-1.515189905295,
    -1.81915005999));
#1837 = CARTESIAN_POINT('',(0.979522435326,-1.591675032255,
    -1.82727466689));
#1838 = CARTESIAN_POINT('',(0.860375163365,-1.657983154288,
    -1.835401215848));
#1839 = CARTESIAN_POINT('',(0.736117000557,-1.713508703784,
    -1.843529152347));
#1840 = CARTESIAN_POINT('',(0.525155018347,-1.786475521129,
    -1.856910964908));
#1841 = CARTESIAN_POINT('',(0.440698756357,-1.810442305271,
    -1.862165418434));
#1842 = CARTESIAN_POINT('',(0.354954552463,-1.829610016419,
    -1.867419503989));
#1843 = CARTESIAN_POINT('',(0.268263333042,-1.84389572274,
    -1.872673042483));
#1844 = CARTESIAN_POINT('',(0.18097229512,-1.85324890915,-1.877925916276
    ));
#1845 = CARTESIAN_POINT('',(5.230168212957E-02,-1.859720573064,
    -1.885645665074));
#1846 = CARTESIAN_POINT('',(1.111524060928E-02,-1.860696474692,
    -1.888113218467));
#1847 = CARTESIAN_POINT('',(-3.0089839098E-02,-1.860577689231,
    -1.890580585649));
#1848 = CARTESIAN_POINT('',(-7.127722532671E-02,-1.859363998733,
    -1.893047761993));
#1849 = CARTESIAN_POINT('',(-0.112410609598,-1.857056793738,
    -1.895514746928));
#1850 = CARTESIAN_POINT('',(-0.220518932353,-1.848107131374,
    -1.902012338655));
#1851 = CARTESIAN_POINT('',(-0.287343546859,-1.839643433511,
    -1.906042639266));
#1852 = CARTESIAN_POINT('',(-0.353768731316,-1.828281161901,
    -1.910072462026));
#1853 = CARTESIAN_POINT('',(-0.419637862402,-1.814044762186,
    -1.914101845948));
#1854 = CARTESIAN_POINT('',(-0.484796512291,-1.796969943433,
    -1.918130852805));
#1855 = CARTESIAN_POINT('',(-0.660752974293,-1.7426026233,
    -1.929156095768));
#1856 = CARTESIAN_POINT('',(-0.769815737328,-1.699681012237,
    -1.936151958667));
#1857 = CARTESIAN_POINT('',(-0.875480023944,-1.648586561405,
    -1.943147116894));
#1858 = CARTESIAN_POINT('',(-0.976986978741,-1.589663014959,
    -1.950142333023));
#1859 = CARTESIAN_POINT('',(-1.073626700046,-1.523346432223,
    -1.957138311567));
#1860 = CARTESIAN_POINT('',(-1.232371300585,-1.39584543586,
    -1.969327486842));
#1861 = CARTESIAN_POINT('',(-1.296958333739,-1.337744497556,
    -1.974520602956));
#1862 = CARTESIAN_POINT('',(-1.358240350509,-1.276072464371,
    -1.979714190321));
#1863 = CARTESIAN_POINT('',(-1.415973184392,-1.211066110986,
    -1.984908353353));
#1864 = CARTESIAN_POINT('',(-1.469935776195,-1.142983912711,
    -1.99010313814));
#1865 = CARTESIAN_POINT('',(-1.628186702976,-0.918630330455,
    -2.006547601759));
#1866 = CARTESIAN_POINT('',(-1.717867647063,-0.752007154484,
    -2.017801472528));
#1867 = CARTESIAN_POINT('',(-1.786922484144,-0.575115916543,
    -2.029054372263));
#1868 = CARTESIAN_POINT('',(-1.834006663046,-0.391154703714,
    -2.040307162702));
#1869 = CARTESIAN_POINT('',(-1.85834817951,-0.203505087612,
    -2.051561155467));
#1870 = CARTESIAN_POINT('',(-1.861573636691,0.178541519821,
    -2.074447125063));
#1871 = CARTESIAN_POINT('',(-1.838870447027,0.373037691003,
    -2.08608401428));
#1872 = CARTESIAN_POINT('',(-1.791770874318,0.563867308554,
    -2.097715717363));
#1873 = CARTESIAN_POINT('',(-1.721097541199,0.74727967554,
    -2.109346617026));
#1874 = CARTESIAN_POINT('',(-1.628322898513,0.919727904015,
    -2.120982081433));
#1875 = CARTESIAN_POINT('',(-1.485067417425,1.121148827219,
    -2.135786278627));
#1876 = CARTESIAN_POINT('',(-1.452926896685,1.163222503183,
    -2.13895574849));
#1877 = CARTESIAN_POINT('',(-1.419359051506,1.204186313093,
    -2.14212539884));
#1878 = CARTESIAN_POINT('',(-1.384412058077,1.243980074309,
    -2.145295239714));
#1879 = CARTESIAN_POINT('',(-1.348137434649,1.28254645066,
    -2.148465274383));
#1880 = CARTESIAN_POINT('',(-1.237334525388,1.39257356374,
    -2.157820654903));
#1881 = CARTESIAN_POINT('',(-1.159232567739,1.460438283897,
    -2.164006651928));
#1882 = CARTESIAN_POINT('',(-1.07669353015,1.523018886301,
    -2.170193217326));
#1883 = CARTESIAN_POINT('',(-0.990166935016,1.579958682758,
    -2.176380324344));
#1884 = CARTESIAN_POINT('',(-0.900138997097,1.630952945986,
    -2.18256784895));
#1885 = CARTESIAN_POINT('',(-0.715877450228,1.71970290774,
    -2.194825645312));
#1886 = CARTESIAN_POINT('',(-0.62175227878,1.757692195129,
    -2.200896140297));
#1887 = CARTESIAN_POINT('',(-0.525244198709,1.789483163245,
    -2.206966193081));
#1888 = CARTESIAN_POINT('',(-0.426863972763,1.814895250456,-2.2130356026
    ));
#1889 = CARTESIAN_POINT('',(-0.327138914864,1.833804410505,
    -2.219104217888));
#1890 = CARTESIAN_POINT('',(-0.121736349965,1.859017023615,
    -2.231501258117));
#1891 = CARTESIAN_POINT('',(-1.598384346686E-02,1.864741040766,
    -2.237829823729));
#1892 = CARTESIAN_POINT('',(9.00346288402E-02,1.863241114148,
    -2.244156917503));
#1893 = CARTESIAN_POINT('',(0.19570400584,1.854511997047,-2.250482702761
    ));
#1894 = CARTESIAN_POINT('',(0.30041252593,1.838618102251,-2.256807523408
    ));
#1895 = CARTESIAN_POINT('',(0.508135114209,1.792449629683,-2.26954338664
    ));
#1896 = CARTESIAN_POINT('',(0.611109780368,1.761977096125,
    -2.275954676768));
#1897 = CARTESIAN_POINT('',(0.711851138744,1.724415739493,
    -2.282365408243));
#1898 = CARTESIAN_POINT('',(0.809753234791,1.679975710263,-2.28877628504
    ));
#1899 = CARTESIAN_POINT('',(0.904238198621,1.628935382257,
    -2.295188014923));
#1900 = CARTESIAN_POINT('',(1.047807094156,1.538064198985,
    -2.305358478127));
#1901 = CARTESIAN_POINT('',(1.099493502489,1.502340310315,
    -2.309116648391));
#1902 = CARTESIAN_POINT('',(1.149710962369,1.464536974596,
    -2.312875266726));
#1903 = CARTESIAN_POINT('',(1.198355592383,1.424730223886,
    -2.316634382297));
#1904 = CARTESIAN_POINT('',(1.245328883279,1.383002934914,
    -2.320394013926));
#1905 = CARTESIAN_POINT('',(1.391124817307,1.242530445873,-2.33252024568
    ));
#1906 = CARTESIAN_POINT('',(1.482984476113,1.136545809031,
    -2.340889381485));
#1907 = CARTESIAN_POINT('',(1.565079111374,1.022486821035,-2.34926026212
    ));
#1908 = CARTESIAN_POINT('',(1.636550166014,0.901488637654,
    -2.357632483004));
#1909 = CARTESIAN_POINT('',(1.696704043328,0.774793293685,
    -2.366004701352));
#1910 = CARTESIAN_POINT('',(1.76459469146,0.59075868058,-2.377759651866)
  );
#1911 = CARTESIAN_POINT('',(1.782212343964,0.537054738777,
    -2.381144167382));
#1912 = CARTESIAN_POINT('',(1.79786648747,0.482726541354,-2.38452837571)
  );
#1913 = CARTESIAN_POINT('',(1.811530080619,0.427863797681,
    -2.387912251359));
#1914 = CARTESIAN_POINT('',(1.823181572033,0.372557700669,-2.3912958115)
  );
#1915 = CARTESIAN_POINT('',(1.841847725741,0.264601506489,
    -2.397858331191));
#1916 = CARTESIAN_POINT('',(1.849099740847,0.211992204044,
    -2.401037326027));
#1917 = CARTESIAN_POINT('',(1.854547638167,0.159149905332,
    -2.404216158761));
#1918 = CARTESIAN_POINT('',(1.858182540317,0.106151903551,
    -2.407394925078));
#1919 = CARTESIAN_POINT('',(1.86,5.307589918446E-02,-2.410573758066));
#1920 = CARTESIAN_POINT('',(1.86,6.121325668573E-12,-2.413752828223));
#1921 = ORIENTED_EDGE('',*,*,#1922,.F.);
#1922 = EDGE_CURVE('',#1723,#1816,#1923,.T.);
#1923 = LINE('',#1924,#1925);
#1924 = CARTESIAN_POINT('',(1.86,0.,-0.2));
#1925 = VECTOR('',#1926,1.);
#1926 = DIRECTION('',(-2.523234146875E-17,0.,-1.));
#1927 = CYLINDRICAL_SURFACE('',#1928,1.86);
#1928 = AXIS2_PLACEMENT_3D('',#1929,#1930,#1931);
#1929 = CARTESIAN_POINT('',(0.,0.,-0.2));
#1930 = DIRECTION('',(-0.,-0.,-1.));
#1931 = DIRECTION('',(1.,0.,0.));
#1932 = ADVANCED_FACE('',(#1933),#1959,.T.);
#1933 = FACE_BOUND('',#1934,.T.);
#1934 = EDGE_LOOP('',(#1935,#1952,#1953,#1954));
#1935 = ORIENTED_EDGE('',*,*,#1936,.F.);
#1936 = EDGE_CURVE('',#1523,#1937,#1939,.T.);
#1937 = VERTEX_POINT('',#1938);
#1938 = CARTESIAN_POINT('',(1.481129636257,1.074962313897E-06,
    -1.932517946849));
#1939 = ( BOUNDED_CURVE() B_SPLINE_CURVE(11,(#1940,#1941,#1942,#1943,
    #1944,#1945,#1946,#1947,#1948,#1949,#1950,#1951),.UNSPECIFIED.,.F.,
.F.) B_SPLINE_CURVE_WITH_KNOTS((12,12),(0.,6.322058019692),
.PIECEWISE_BEZIER_KNOTS.) CURVE() GEOMETRIC_REPRESENTATION_ITEM() 
RATIONAL_B_SPLINE_CURVE((1.056590953773,1.056590953773,1.056590953773,
    1.056590953773,1.056590953773,1.056590953774,1.056590953773,
    1.056590953773,1.056590953773,1.056590953773,1.056590953773,
1.056590953773)) REPRESENTATION_ITEM('') );
#1940 = CARTESIAN_POINT('',(1.481131068155,1.172683963879E-06,
    -1.232519578343));
#1941 = CARTESIAN_POINT('',(1.481129943727,-0.846065175134,
    -1.29615389778));
#1942 = CARTESIAN_POINT('',(0.949616508326,-1.691694843178,
    -1.359756694022));
#1943 = CARTESIAN_POINT('',(-0.114083527018,-2.168182653403,
    -1.423605239103));
#1944 = CARTESIAN_POINT('',(-1.414705477605,-1.896709276192,
    -1.486628101946));
#1945 = CARTESIAN_POINT('',(-2.382791857542,-0.78624321389,
    -1.551362462629));
#1946 = CARTESIAN_POINT('',(-2.383847951977,0.786226982947,
    -1.613675062277));
#1947 = CARTESIAN_POINT('',(-1.413998964903,1.896729141019,
    -1.678409423823));
#1948 = CARTESIAN_POINT('',(-0.114385097429,2.168170886913,
    -1.741432285692));
#1949 = CARTESIAN_POINT('',(0.949674503,1.691698538577,-1.805280831284)
  );
#1950 = CARTESIAN_POINT('',(1.481130816484,0.84606742278,-1.868883627417
    ));
#1951 = CARTESIAN_POINT('',(1.481129636257,1.074962310776E-06,
    -1.932517946849));
#1952 = ORIENTED_EDGE('',*,*,#1541,.T.);
#1953 = ORIENTED_EDGE('',*,*,#1399,.T.);
#1954 = ORIENTED_EDGE('',*,*,#1955,.F.);
#1955 = EDGE_CURVE('',#1937,#1400,#1956,.T.);
#1956 = B_SPLINE_CURVE_WITH_KNOTS('',1,(#1957,#1958),.UNSPECIFIED.,.F.,
  .F.,(2,2),(0.,0.49),.PIECEWISE_BEZIER_KNOTS.);
#1957 = CARTESIAN_POINT('',(1.481129636257,1.07496230953E-06,
    -1.932517946849));
#1958 = CARTESIAN_POINT('',(1.905470478381,-1.290041972368E-07,
    -1.687497846235));
#1959 = B_SPLINE_SURFACE_WITH_KNOTS('',1,10,(
    (#1960,#1961,#1962,#1963,#1964,#1965,#1966,#1967,#1968,#1969,#1970)
    ,(#1971,#1972,#1973,#1974,#1975,#1976,#1977,#1978,#1979,#1980,#1981
    )),.UNSPECIFIED.,.F.,.F.,.F.,(2,2),(11,11),(0.,0.49),(0.,
    6.322058019692),.PIECEWISE_BEZIER_KNOTS.);
#1960 = CARTESIAN_POINT('',(1.481131068155,1.172683965186E-06,
    -1.232519578343));
#1961 = CARTESIAN_POINT('',(1.481129831284,-0.930671809916,
    -1.302517329723));
#1962 = CARTESIAN_POINT('',(0.831502436557,-1.860811072791,
    -1.372476552756));
#1963 = CARTESIAN_POINT('',(-0.468791421635,-2.280132418635,
    -1.442637889555));
#1964 = CARTESIAN_POINT('',(-1.954719737733,-1.692492114176,
    -1.51239666258));
#1965 = CARTESIAN_POINT('',(-2.740577077319,-3.209589444797E-05,
    -1.582518761814));
#1966 = CARTESIAN_POINT('',(-1.954502857641,1.692533436247,
    -1.65264086386));
#1967 = CARTESIAN_POINT('',(-0.469006253355,2.280114733289,
    -1.722399635038));
#1968 = CARTESIAN_POINT('',(0.831573073778,1.860815089913,
    -1.792560972574));
#1969 = CARTESIAN_POINT('',(1.481130934506,0.930674057562,
    -1.862520195474));
#1970 = CARTESIAN_POINT('',(1.481129636257,1.07496230953E-06,
    -1.932517946849));
#1971 = CARTESIAN_POINT('',(1.905470855165,-1.407324227387E-07,
    -0.987497650429));
#1972 = CARTESIAN_POINT('',(1.905470247453,-1.197236509242,
    -1.057497920302));
#1973 = CARTESIAN_POINT('',(1.06981194773,-2.394503445984,
    -1.127502814242));
#1974 = CARTESIAN_POINT('',(-0.603430478545,-2.932076734404,
    -1.197483450998));
#1975 = CARTESIAN_POINT('',(-2.514155803359,-2.17865010412,
    -1.267512402608));
#1976 = CARTESIAN_POINT('',(-3.526353725444,-7.648248899983E-06,
    -1.337497748123));
#1977 = CARTESIAN_POINT('',(-2.514097747742,2.178662112958,
    -1.407483094388));
#1978 = CARTESIAN_POINT('',(-0.603485685466,2.93207235383,
    -1.477512045507));
#1979 = CARTESIAN_POINT('',(1.069831618038,2.39450401945,-1.547492682458
    ));
#1980 = CARTESIAN_POINT('',(1.905471078726,1.197236239506,
    -1.617497576364));
#1981 = CARTESIAN_POINT('',(1.905470478381,-1.290041972368E-07,
    -1.687497846235));
#1982 = ADVANCED_FACE('',(#1983),#2013,.T.);
#1983 = FACE_BOUND('',#1984,.T.);
#1984 = EDGE_LOOP('',(#1985,#2001,#2002,#2003));
#1985 = ORIENTED_EDGE('',*,*,#1986,.F.);
#1986 = EDGE_CURVE('',#1573,#1987,#1989,.T.);
#1987 = VERTEX_POINT('',#1988);
#1988 = CARTESIAN_POINT('',(1.481137925724,1.074950328961E-06,
    -2.107517946652));
#1989 = B_SPLINE_CURVE_WITH_KNOTS('',10,(#1990,#1991,#1992,#1993,#1994,
    #1995,#1996,#1997,#1998,#1999,#2000),.UNSPECIFIED.,.F.,.F.,(11,11),(
    0.,6.322058019692),.PIECEWISE_BEZIER_KNOTS.);
#1990 = CARTESIAN_POINT('',(1.48114011121,1.172669744846E-06,
    -1.40751957811));
#1991 = CARTESIAN_POINT('',(1.48113783569,-0.930677253928,
    -1.477517329543));
#1992 = CARTESIAN_POINT('',(0.831487971432,-1.860821247357,
    -1.547476553542));
#1993 = CARTESIAN_POINT('',(-0.468738546971,-2.280150199586,
    -1.617637886457));
#1994 = CARTESIAN_POINT('',(-1.954788912761,-1.692490389139,
    -1.68739666549));
#1995 = CARTESIAN_POINT('',(-2.740593125158,-4.789226488633E-05,
    -1.757518761183));
#1996 = CARTESIAN_POINT('',(-1.954456536474,1.692555018199,
    -1.827640861183));
#1997 = CARTESIAN_POINT('',(-0.469064624198,2.280123581798,
    -1.89739963739));
#1998 = CARTESIAN_POINT('',(0.831597271805,1.860826714371,-1.96756097143
    ));
#1999 = CARTESIAN_POINT('',(1.48114026262,0.930679501548,-2.037520195229
    ));
#2000 = CARTESIAN_POINT('',(1.481137925724,1.074950324734E-06,
    -2.107517946652));
#2001 = ORIENTED_EDGE('',*,*,#1590,.T.);
#2002 = ORIENTED_EDGE('',*,*,#1936,.T.);
#2003 = ORIENTED_EDGE('',*,*,#2004,.F.);
#2004 = EDGE_CURVE('',#1987,#1937,#2005,.T.);
#2005 = ( BOUNDED_CURVE() B_SPLINE_CURVE(6,(#2006,#2007,#2008,#2009,
#2010,#2011,#2012),.UNSPECIFIED.,.F.,.F.) B_SPLINE_CURVE_WITH_KNOTS((7,7
),(0.,2.094395102393),.PIECEWISE_BEZIER_KNOTS.) CURVE() 
GEOMETRIC_REPRESENTATION_ITEM() RATIONAL_B_SPLINE_CURVE((1.056590953773,
    1.017435169568,0.996326512422,0.989390034249,0.996326512422,
1.017435169568,1.056590953773)) REPRESENTATION_ITEM('') );
#2006 = CARTESIAN_POINT('',(1.481137925724,1.074950324642E-06,
    -2.107517946652));
#2007 = CARTESIAN_POINT('',(1.449419150276,1.164942412341E-06,
    -2.089207106344));
#2008 = CARTESIAN_POINT('',(1.427065981721,1.22836133673E-06,
    -2.058213931758));
#2009 = CARTESIAN_POINT('',(1.418985338623,1.251285417642E-06,
    -2.020020890622));
#2010 = CARTESIAN_POINT('',(1.4270623634,1.22836656577E-06,
    -1.981827084123));
#2011 = CARTESIAN_POINT('',(1.449412595662,1.164951891452E-06,
    -1.950831792009));
#2012 = CARTESIAN_POINT('',(1.481129636257,1.074962310776E-06,
    -1.932517946849));
#2013 = ( BOUNDED_SURFACE() B_SPLINE_SURFACE(6,11,(
    (#2014,#2015,#2016,#2017,#2018,#2019,#2020,#2021,#2022,#2023,#2024
      ,#2025)
    ,(#2026,#2027,#2028,#2029,#2030,#2031,#2032,#2033,#2034,#2035,#2036
      ,#2037)
    ,(#2038,#2039,#2040,#2041,#2042,#2043,#2044,#2045,#2046,#2047,#2048
      ,#2049)
    ,(#2050,#2051,#2052,#2053,#2054,#2055,#2056,#2057,#2058,#2059,#2060
      ,#2061)
    ,(#2062,#2063,#2064,#2065,#2066,#2067,#2068,#2069,#2070,#2071,#2072
      ,#2073)
    ,(#2074,#2075,#2076,#2077,#2078,#2079,#2080,#2081,#2082,#2083,#2084
      ,#2085)
    ,(#2086,#2087,#2088,#2089,#2090,#2091,#2092,#2093,#2094,#2095,#2096
,#2097
    )),.UNSPECIFIED.,.F.,.F.,.F.) B_SPLINE_SURFACE_WITH_KNOTS((7,7),(12,
    12),(0.,2.094395102393),(0.,6.322058019692),
.PIECEWISE_BEZIER_KNOTS.) GEOMETRIC_REPRESENTATION_ITEM() 
RATIONAL_B_SPLINE_SURFACE((
    (1.056590953773,1.056590953773,1.056590953773,1.056590953773
      ,1.056590953773,1.056590953774,1.056590953773,1.056590953773
      ,1.056590953773,1.056590953773,1.056590953773,1.056590953773)
    ,(1.017435169568,1.017435169568,1.017435169568,1.017435169568
      ,1.017435169568,1.017435169568,1.017435169568,1.017435169568
      ,1.017435169568,1.017435169568,1.017435169568,1.017435169568)
    ,(0.996326512422,0.996326512422,0.996326512422,0.996326512422
      ,0.996326512422,0.996326512423,0.996326512421,0.996326512423
      ,0.996326512422,0.996326512422,0.996326512422,0.996326512422)
    ,(0.989390034249,0.989390034249,0.989390034248,0.989390034249
      ,0.989390034248,0.989390034249,0.989390034248,0.989390034249
      ,0.989390034248,0.989390034249,0.989390034249,0.989390034249)
    ,(0.996326512422,0.996326512422,0.996326512422,0.996326512422
      ,0.996326512422,0.996326512423,0.996326512422,0.996326512423
      ,0.996326512422,0.996326512422,0.996326512422,0.996326512422)
    ,(1.017435169568,1.017435169568,1.017435169568,1.017435169568
      ,1.017435169568,1.017435169568,1.017435169568,1.017435169568
      ,1.017435169568,1.017435169568,1.017435169568,1.017435169568)
    ,(1.056590953773,1.056590953773,1.056590953773,1.056590953773
      ,1.056590953773,1.056590953774,1.056590953773,1.056590953773
      ,1.056590953773,1.056590953773,1.056590953773,1.056590953773
))) REPRESENTATION_ITEM('') SURFACE() );
#2014 = CARTESIAN_POINT('',(1.48114011121,1.172669745086E-06,
    -1.40751957811));
#2015 = CARTESIAN_POINT('',(1.481138042556,-0.846070124237,
    -1.471153897595));
#2016 = CARTESIAN_POINT('',(0.94960612857,-1.691704157643,
    -1.534756694633));
#2017 = CARTESIAN_POINT('',(-0.114005706001,-2.168198359571,
    -1.598605234725));
#2018 = CARTESIAN_POINT('',(-1.414900424232,-1.896714645477,
    -1.66162811186));
#2019 = CARTESIAN_POINT('',(-2.382528208915,-0.786251043779,
    -1.726362447198));
#2020 = CARTESIAN_POINT('',(-2.384139495456,0.786228174517,
    -1.788675077126));
#2021 = CARTESIAN_POINT('',(-1.413820560252,1.896746093864,
    -1.853409413786));
#2022 = CARTESIAN_POINT('',(-0.11446426124,2.168180492185,
    -1.916432289429));
#2023 = CARTESIAN_POINT('',(0.949695997408,1.691709039312,
    -1.980280830302));
#2024 = CARTESIAN_POINT('',(1.481140050175,0.846072371858,
    -2.043883627176));
#2025 = CARTESIAN_POINT('',(1.481137925724,1.074950324642E-06,
    -2.107517946652));
#2026 = CARTESIAN_POINT('',(1.449421256912,1.270843052625E-06,
    -1.389208874389));
#2027 = CARTESIAN_POINT('',(1.449419343118,-0.827956188486,
    -1.452843022734));
#2028 = CARTESIAN_POINT('',(0.929267898903,-1.655441997791,
    -1.516443009516));
#2029 = CARTESIAN_POINT('',(-0.11155644482,-2.121877671742,
    -1.580309313389));
#2030 = CARTESIAN_POINT('',(-1.384608666934,-1.855865457964,
    -1.643280828416));
#2031 = CARTESIAN_POINT('',(-2.331509142377,-0.769741418123,
    -1.708107087686));
#2032 = CARTESIAN_POINT('',(-2.333062435446,0.769718940621,
    -1.770308892624));
#2033 = CARTESIAN_POINT('',(-1.383568110143,1.855895514748,
    -1.835135153168));
#2034 = CARTESIAN_POINT('',(-0.11199884905,2.121860428132,
    -1.898106666757));
#2035 = CARTESIAN_POINT('',(0.929354217537,1.655446875999,
    -1.961972971384));
#2036 = CARTESIAN_POINT('',(1.449421124538,0.827958624271,
    -2.025572958007));
#2037 = CARTESIAN_POINT('',(1.449419150276,1.164942412341E-06,
    -2.089207106344));
#2038 = CARTESIAN_POINT('',(1.427067954894,1.340027530217E-06,
    -1.358215796061));
#2039 = CARTESIAN_POINT('',(1.427066247833,-0.815190734625,
    -1.421849823798));
#2040 = CARTESIAN_POINT('',(0.914936563284,-1.629886987313,
    -1.485447830102));
#2041 = CARTESIAN_POINT('',(-0.109838487704,-2.089233727157,
    -1.549326652678));
#2042 = CARTESIAN_POINT('',(-1.363241827691,-1.827078363795,
    -1.612261971203));
#2043 = CARTESIAN_POINT('',(-2.295583113353,-0.758106228388,
    -1.677153012151));
#2044 = CARTESIAN_POINT('',(-2.297038148932,0.758084713152,
    -1.739276715272));
#2045 = CARTESIAN_POINT('',(-1.362267563518,1.827106242537,
    -1.804167757412));
#2046 = CARTESIAN_POINT('',(-0.110253282998,2.089217553766,
    -1.867103074592));
#2047 = CARTESIAN_POINT('',(0.915017085298,1.629891740458,
    -1.930981897873));
#2048 = CARTESIAN_POINT('',(1.427067752541,0.815193303014,
    -1.994579904028));
#2049 = CARTESIAN_POINT('',(1.427065981721,1.22836133673E-06,
    -2.058213931758));
#2050 = CARTESIAN_POINT('',(1.418987147329,1.36503587328E-06,
    -1.320022789722));
#2051 = CARTESIAN_POINT('',(1.418985660621,-0.810576005481,
    -1.383656773859));
#2052 = CARTESIAN_POINT('',(0.909758223582,-1.620648907319,
    -1.447254064214));
#2053 = CARTESIAN_POINT('',(-0.109229549155,-2.077432425798,
    -1.511137412339));
#2054 = CARTESIAN_POINT('',(-1.355488896279,-1.816672682839,
    -1.574059645739));
#2055 = CARTESIAN_POINT('',(-2.282638616004,-0.753899579384,
    -1.638974105388));
#2056 = CARTESIAN_POINT('',(-2.283972508156,0.753879435801,
    -1.701069574594));
#2057 = CARTESIAN_POINT('',(-1.354596176196,1.816697987776,
    -1.765984035335));
#2058 = CARTESIAN_POINT('',(-0.109610153152,2.07741758019,
    -1.828906267503));
#2059 = CARTESIAN_POINT('',(0.9098317344,1.620653432298,-1.892789616274)
  );
#2060 = CARTESIAN_POINT('',(1.418986890281,0.810578621802,
    -1.956386906492));
#2061 = CARTESIAN_POINT('',(1.418985338623,1.251285417642E-06,
    -2.020020890622));
#2062 = CARTESIAN_POINT('',(1.427064007634,1.340033738972E-06,
    -1.281828948442));
#2063 = CARTESIAN_POINT('',(1.427062712725,-0.81518857436,
    -1.345462976158));
#2064 = CARTESIAN_POINT('',(0.914941094009,-1.629882921584,
    -1.409060982116));
#2065 = CARTESIAN_POINT('',(-0.109872456287,-2.089226871473,
    -1.472939806869));
#2066 = CARTESIAN_POINT('',(-1.363156734215,-1.827076020122,
    -1.535875119155));
#2067 = CARTESIAN_POINT('',(-2.295698194996,-0.75810281067,
    -1.600766171167));
#2068 = CARTESIAN_POINT('',(-2.29691089129,0.758084193035,-1.66288986107
    ));
#2069 = CARTESIAN_POINT('',(-1.362345436483,1.827098842684,
    -1.727780914073));
#2070 = CARTESIAN_POINT('',(-0.11021872829,2.0892133611,-1.79071622524)
  );
#2071 = CARTESIAN_POINT('',(0.915007703069,1.629887156926,
    -1.854595050581));
#2072 = CARTESIAN_POINT('',(1.42706372207,0.81519114276,-1.918193056413)
  );
#2073 = CARTESIAN_POINT('',(1.4270623634,1.22836656577E-06,
    -1.981827084123));
#2074 = CARTESIAN_POINT('',(1.449414106423,1.270854293384E-06,
    -1.250833560084));
#2075 = CARTESIAN_POINT('',(1.449412939244,-0.82795227515,-1.31446770839
    ));
#2076 = CARTESIAN_POINT('',(0.929276106343,-1.655434632694,
    -1.378067694544));
#2077 = CARTESIAN_POINT('',(-0.11161797915,-2.121865252622,
    -1.441934002361));
#2078 = CARTESIAN_POINT('',(-1.384454519501,-1.855861212385,
    -1.504905506087));
#2079 = CARTESIAN_POINT('',(-2.331717613586,-0.769735226904,
    -1.569731785398));
#2080 = CARTESIAN_POINT('',(-2.332831907329,0.769717998427,
    -1.631933566393));
#2081 = CARTESIAN_POINT('',(-1.383709177569,1.855882109862,
    -1.696759846615));
#2082 = CARTESIAN_POINT('',(-0.111936252952,2.121852833089,
    -1.759731349313));
#2083 = CARTESIAN_POINT('',(0.929337221564,1.655438572898,-1.82359765767
    ));
#2084 = CARTESIAN_POINT('',(1.44941382331,0.827954710957,-1.887197643708
    ));
#2085 = CARTESIAN_POINT('',(1.449412595662,1.164951891452E-06,
    -1.950831792009));
#2086 = CARTESIAN_POINT('',(1.481131068155,1.172683963879E-06,
    -1.232519578343));
#2087 = CARTESIAN_POINT('',(1.481129943727,-0.846065175134,
    -1.29615389778));
#2088 = CARTESIAN_POINT('',(0.949616508326,-1.691694843178,
    -1.359756694022));
#2089 = CARTESIAN_POINT('',(-0.114083527018,-2.168182653403,
    -1.423605239103));
#2090 = CARTESIAN_POINT('',(-1.414705477605,-1.896709276192,
    -1.486628101946));
#2091 = CARTESIAN_POINT('',(-2.382791857542,-0.78624321389,
    -1.551362462629));
#2092 = CARTESIAN_POINT('',(-2.383847951977,0.786226982947,
    -1.613675062277));
#2093 = CARTESIAN_POINT('',(-1.413998964903,1.896729141019,
    -1.678409423823));
#2094 = CARTESIAN_POINT('',(-0.114385097429,2.168170886913,
    -1.741432285692));
#2095 = CARTESIAN_POINT('',(0.949674503,1.691698538577,-1.805280831284)
  );
#2096 = CARTESIAN_POINT('',(1.481130816484,0.84606742278,-1.868883627417
    ));
#2097 = CARTESIAN_POINT('',(1.481129636257,1.074962310776E-06,
    -1.932517946849));
#2098 = ADVANCED_FACE('',(#2099),#2109,.T.);
#2099 = FACE_BOUND('',#2100,.T.);
#2100 = EDGE_LOOP('',(#2101,#2102,#2103,#2104));
#2101 = ORIENTED_EDGE('',*,*,#1722,.F.);
#2102 = ORIENTED_EDGE('',*,*,#1691,.T.);
#2103 = ORIENTED_EDGE('',*,*,#1986,.T.);
#2104 = ORIENTED_EDGE('',*,*,#2105,.F.);
#2105 = EDGE_CURVE('',#1723,#1987,#2106,.T.);
#2106 = B_SPLINE_CURVE_WITH_KNOTS('',1,(#2107,#2108),.UNSPECIFIED.,.F.,
  .F.,(2,2),(0.,0.49),.PIECEWISE_BEZIER_KNOTS.);
#2107 = CARTESIAN_POINT('',(1.905501978354,-1.290497415596E-07,
    -2.352497845489));
#2108 = CARTESIAN_POINT('',(1.481137925724,1.074950324734E-06,
    -2.107517946652));
#2109 = B_SPLINE_SURFACE_WITH_KNOTS('',1,10,(
    (#2110,#2111,#2112,#2113,#2114,#2115,#2116,#2117,#2118,#2119,#2120)
    ,(#2121,#2122,#2123,#2124,#2125,#2126,#2127,#2128,#2129,#2130,#2131
    )),.UNSPECIFIED.,.F.,.F.,.F.,(2,2),(11,11),(0.,0.49),(0.,
    6.322058019692),.PIECEWISE_BEZIER_KNOTS.);
#2110 = CARTESIAN_POINT('',(1.905505218772,-1.407864598235E-07,
    -1.652497649541));
#2111 = CARTESIAN_POINT('',(1.905500664196,-1.197257196488,
    -1.722497919618));
#2112 = CARTESIAN_POINT('',(1.069756980253,-2.394542109334,
    -1.792502817229));
#2113 = CARTESIAN_POINT('',(-0.603229554825,-2.932144302019,
    -1.862483439225));
#2114 = CARTESIAN_POINT('',(-2.514418668463,-2.178643548979,
    -1.932512413663));
#2115 = CARTESIAN_POINT('',(-3.526414707232,-6.767445643074E-05,
    -2.002497745729));
#2116 = CARTESIAN_POINT('',(-2.513921727305,2.178744124376,
    -2.072483084217));
#2117 = CARTESIAN_POINT('',(-0.603707494671,2.932105978167,
    -2.142512054444));
#2118 = CARTESIAN_POINT('',(1.069923570544,2.39454819239,-2.212492678107
    ));
#2119 = CARTESIAN_POINT('',(1.905506525558,1.197256926653,
    -2.282497575431));
#2120 = CARTESIAN_POINT('',(1.905501978354,-1.290497415596E-07,
    -2.352497845489));
#2121 = CARTESIAN_POINT('',(1.48114011121,1.172669744846E-06,
    -1.40751957811));
#2122 = CARTESIAN_POINT('',(1.48113783569,-0.930677253928,
    -1.477517329543));
#2123 = CARTESIAN_POINT('',(0.831487971432,-1.860821247357,
    -1.547476553542));
#2124 = CARTESIAN_POINT('',(-0.468738546971,-2.280150199586,
    -1.617637886457));
#2125 = CARTESIAN_POINT('',(-1.954788912761,-1.692490389139,
    -1.68739666549));
#2126 = CARTESIAN_POINT('',(-2.740593125158,-4.789226488633E-05,
    -1.757518761183));
#2127 = CARTESIAN_POINT('',(-1.954456536474,1.692555018199,
    -1.827640861183));
#2128 = CARTESIAN_POINT('',(-0.469064624198,2.280123581798,
    -1.89739963739));
#2129 = CARTESIAN_POINT('',(0.831597271805,1.860826714371,-1.96756097143
    ));
#2130 = CARTESIAN_POINT('',(1.48114026262,0.930679501548,-2.037520195229
    ));
#2131 = CARTESIAN_POINT('',(1.481137925724,1.074950324734E-06,
    -2.107517946652));
#2132 = ADVANCED_FACE('',(#2133),#2349,.T.);
#2133 = FACE_BOUND('',#2134,.F.);
#2134 = EDGE_LOOP('',(#2135,#2227,#2228,#2343));
#2135 = ORIENTED_EDGE('',*,*,#2136,.F.);
#2136 = EDGE_CURVE('',#1723,#2137,#2139,.T.);
#2137 = VERTEX_POINT('',#2138);
#2138 = CARTESIAN_POINT('',(1.86,1.970994631122E-11,-3.026231945129));
#2139 = B_SPLINE_CURVE_WITH_KNOTS('',6,(#2140,#2141,#2142,#2143,#2144,
    #2145,#2146,#2147,#2148,#2149,#2150,#2151,#2152,#2153,#2154,#2155,
    #2156,#2157,#2158,#2159,#2160,#2161,#2162,#2163,#2164,#2165,#2166,
    #2167,#2168,#2169,#2170,#2171,#2172,#2173,#2174,#2175,#2176,#2177,
    #2178,#2179,#2180,#2181,#2182,#2183,#2184,#2185,#2186,#2187,#2188,
    #2189,#2190,#2191,#2192,#2193,#2194,#2195,#2196,#2197,#2198,#2199,
    #2200,#2201,#2202,#2203,#2204,#2205,#2206,#2207,#2208,#2209,#2210,
    #2211,#2212,#2213,#2214,#2215,#2216,#2217,#2218,#2219,#2220,#2221,
    #2222,#2223,#2224,#2225,#2226),.UNSPECIFIED.,.F.,.F.,(7,5,5,5,5,5,5,
    5,5,5,5,5,5,5,5,5,5,7),(0.,5.500020951769E-02,0.125001040078,
    0.225963763347,0.263832152832,0.317834115189,0.370838018047,
    0.40046769518,0.496626280143,0.597531352514,0.709423491693,
    0.738165571374,0.754039261618,0.85603876377,0.871951591653,
    0.908953452796,0.951953036402,1.),.UNSPECIFIED.);
#2140 = CARTESIAN_POINT('',(1.86,4.787059637579E-11,-2.326230139766));
#2141 = CARTESIAN_POINT('',(1.860000000001,-0.107124493828,
    -2.332646811362));
#2142 = CARTESIAN_POINT('',(1.852596164032,-0.214251253696,
    -2.339063079855));
#2143 = CARTESIAN_POINT('',(1.837788798035,-0.320735085817,
    -2.345479776754));
#2144 = CARTESIAN_POINT('',(1.815651809484,-0.425939155816,
    -2.351897627383));
#2145 = CARTESIAN_POINT('',(1.786331661367,-0.529239584547,
    -2.358316821291));
#2146 = CARTESIAN_POINT('',(1.703864618436,-0.758309843815,
    -2.372907253888));
#2147 = CARTESIAN_POINT('',(1.6463965799,-0.882534960701,-2.381079567159
    ));
#2148 = CARTESIAN_POINT('',(1.578092301104,-1.001447737318,
    -2.389251687868));
#2149 = CARTESIAN_POINT('',(1.499583061218,-1.113885659543,
    -2.397422474713));
#2150 = CARTESIAN_POINT('',(1.411651697159,-1.218781662959,
    -2.405591569033));
#2151 = CARTESIAN_POINT('',(1.176196845018,-1.454245955516,
    -2.425536061021));
#2152 = CARTESIAN_POINT('',(1.019471097554,-1.575694359658,
    -2.437312278214));
#2153 = CARTESIAN_POINT('',(0.847930017125,-1.676643493422,
    -2.449079583679));
#2154 = CARTESIAN_POINT('',(0.664955891094,-1.75498337195,
    -2.460844899335));
#2155 = CARTESIAN_POINT('',(0.474251629297,-1.809241583897,
    -2.472615728403));
#2156 = CARTESIAN_POINT('',(0.206926772135,-1.849924689465,
    -2.488802306929));
#2157 = CARTESIAN_POINT('',(0.133481230965,-1.857551918581,
    -2.493217958407));
#2158 = CARTESIAN_POINT('',(5.971484667515E-02,-1.861677924001,
    -2.497634194461));
#2159 = CARTESIAN_POINT('',(-1.41642524191E-02,-1.862287760788,
    -2.502051051128));
#2160 = CARTESIAN_POINT('',(-8.794741005109E-02,-1.859383029133,
    -2.506468521172));
#2161 = CARTESIAN_POINT('',(-0.266208295714,-1.843853550589,
    -2.517186860251));
#2162 = CARTESIAN_POINT('',(-0.3703737856,-1.82761454711,-2.52348845429)
  );
#2163 = CARTESIAN_POINT('',(-0.473314375952,-1.804318011604,
    -2.529790938002));
#2164 = CARTESIAN_POINT('',(-0.574435404262,-1.774084489846,
    -2.536094171292));
#2165 = CARTESIAN_POINT('',(-0.673159548408,-1.737100783442,
    -2.542397948054));
#2166 = CARTESIAN_POINT('',(-0.862932994318,-1.650940461741,
    -2.554888891161));
#2167 = CARTESIAN_POINT('',(-0.954094010632,-1.60200020984,
    -2.561076298446));
#2168 = CARTESIAN_POINT('',(-1.041889360891,-1.547036556625,
    -2.567263332781));
#2169 = CARTESIAN_POINT('',(-1.125826045915,-1.48634312896,
    -2.573449868381));
#2170 = CARTESIAN_POINT('',(-1.20544657121,-1.420266333188,
    -2.579635873076));
#2171 = CARTESIAN_POINT('',(-1.322194385766,-1.309477951995,
    -2.589278647572));
#2172 = CARTESIAN_POINT('',(-1.362577337724,-1.268194157336,
    -2.592736012251));
#2173 = CARTESIAN_POINT('',(-1.401408527365,-1.225420734281,
    -2.596193154445));
#2174 = CARTESIAN_POINT('',(-1.438619829355,-1.181230880682,
    -2.599650077798));
#2175 = CARTESIAN_POINT('',(-1.47414779049,-1.135701886482,
    -2.603106795776));
#2176 = CARTESIAN_POINT('',(-1.617580402928,-0.937075884149,
    -2.61778099019));
#2177 = CARTESIAN_POINT('',(-1.70890234385,-0.771956698547,
    -2.628999037973));
#2178 = CARTESIAN_POINT('',(-1.779833428104,-0.596391179784,
    -2.640213295445));
#2179 = CARTESIAN_POINT('',(-1.829002878706,-0.41353500387,
    -2.651428287271));
#2180 = CARTESIAN_POINT('',(-1.855604675379,-0.226732206312,
    -2.662647758308));
#2181 = CARTESIAN_POINT('',(-1.863753160848,0.156998787618,
    -2.685639216292));
#2182 = CARTESIAN_POINT('',(-1.843012971041,0.354063804407,
    -2.697416539173));
#2183 = CARTESIAN_POINT('',(-1.797252478296,0.547646907527,
    -2.70919220357));
#2184 = CARTESIAN_POINT('',(-1.727285748522,0.733855389951,
    -2.720967966456));
#2185 = CARTESIAN_POINT('',(-1.634606928241,0.909002840552,
    -2.73274501715));
#2186 = CARTESIAN_POINT('',(-1.396224994376,1.248059005038,
    -2.757569666033));
#2187 = CARTESIAN_POINT('',(-1.245764493289,1.408784580632,
    -2.770624344701));
#2188 = CARTESIAN_POINT('',(-1.073363343934,1.547369299888,
    -2.78366903971));
#2189 = CARTESIAN_POINT('',(-0.883170807033,1.660304651415,
    -2.796710697242));
#2190 = CARTESIAN_POINT('',(-0.679926303914,1.744934142764,
    -2.809759681594));
#2191 = CARTESIAN_POINT('',(-0.414863850794,1.814007133752,
    -2.826159430669));
#2192 = CARTESIAN_POINT('',(-0.36018187658,1.826167386603,
    -2.829511383692));
#2193 = CARTESIAN_POINT('',(-0.305078620867,1.836348049283,
    -2.832863636804));
#2194 = CARTESIAN_POINT('',(-0.249643612536,1.844531471375,
    -2.836216219124));
#2195 = CARTESIAN_POINT('',(-0.193967282359,1.850705421588,
    -2.839569147635));
#2196 = CARTESIAN_POINT('',(-0.107309175237,1.85715928573,
    -2.844774378093));
#2197 = CARTESIAN_POINT('',(-7.643158330233E-02,1.85884049531,
    -2.84662643713));
#2198 = CARTESIAN_POINT('',(-4.552354052278E-02,1.859905574309,
    -2.848478604716));
#2199 = CARTESIAN_POINT('',(-1.46004092158E-02,1.860353891447,
    -2.850330880115));
#2200 = CARTESIAN_POINT('',(1.632243930334E-02,1.860185326359,
    -2.852183261429));
#2201 = CARTESIAN_POINT('',(0.245829791241,1.854355733731,
    -2.865939245076));
#2202 = CARTESIAN_POINT('',(0.443835556518,1.823854955639,
    -2.877850024395));
#2203 = CARTESIAN_POINT('',(0.637049770809,1.767981538254,
    -2.889760705417));
#2204 = CARTESIAN_POINT('',(0.821497430024,1.687773965404,
    -2.901671274079));
#2205 = CARTESIAN_POINT('',(0.993452708679,1.584967038479,
    -2.913581001436));
#2206 = CARTESIAN_POINT('',(1.173993117392,1.443017942473,
    -2.927339751793));
#2207 = CARTESIAN_POINT('',(1.19797484753,1.423374035244,-2.92919644449)
  );
#2208 = CARTESIAN_POINT('',(1.221561331637,1.403252510609,
    -2.931053019478));
#2209 = CARTESIAN_POINT('',(1.24474071597,1.382663345652,-2.932909476878
    ));
#2210 = CARTESIAN_POINT('',(1.267501485234,1.361616908111,
    -2.934765818761));
#2211 = CARTESIAN_POINT('',(1.341758350872,1.290146716556,
    -2.940938313943));
#2212 = CARTESIAN_POINT('',(1.391360723501,1.237754816089,
    -2.945253979692));
#2213 = CARTESIAN_POINT('',(1.438498481057,1.183084183689,-2.94956910773
    ));
#2214 = CARTESIAN_POINT('',(1.48304220439,1.126280329902,-2.953883803189
    ));
#2215 = CARTESIAN_POINT('',(1.524874154614,1.067498347111,
    -2.958198214999));
#2216 = CARTESIAN_POINT('',(1.609226285796,0.936485408806,
    -2.967526175635));
#2217 = CARTESIAN_POINT('',(1.650759640727,0.86361781244,-2.97253973531)
  );
#2218 = CARTESIAN_POINT('',(1.688322173653,0.788558412789,
    -2.977553405131));
#2219 = CARTESIAN_POINT('',(1.721772092043,0.711578405005,
    -2.982567538433));
#2220 = CARTESIAN_POINT('',(1.750992550659,0.632960578552,
    -2.987582400544));
#2221 = CARTESIAN_POINT('',(1.803714679074,0.463649267164,-2.99820216655
    ));
#2222 = CARTESIAN_POINT('',(1.826143021146,0.372619608154,
    -3.003807344311));
#2223 = CARTESIAN_POINT('',(1.843049908125,0.280318456461,
    -3.009413371586));
#2224 = CARTESIAN_POINT('',(1.854349912841,0.187164119637,
    -3.015019958452));
#2225 = CARTESIAN_POINT('',(1.859999999999,9.358153223657E-02,
    -3.020626495537));
#2226 = CARTESIAN_POINT('',(1.86,3.93638455165E-11,-3.026231945129));
#2227 = ORIENTED_EDGE('',*,*,#1922,.T.);
#2228 = ORIENTED_EDGE('',*,*,#2229,.T.);
#2229 = EDGE_CURVE('',#1816,#2230,#2232,.T.);
#2230 = VERTEX_POINT('',#2231);
#2231 = CARTESIAN_POINT('',(1.86,2.516435861232E-12,-3.113752545385));
#2232 = B_SPLINE_CURVE_WITH_KNOTS('',7,(#2233,#2234,#2235,#2236,#2237,
    #2238,#2239,#2240,#2241,#2242,#2243,#2244,#2245,#2246,#2247,#2248,
    #2249,#2250,#2251,#2252,#2253,#2254,#2255,#2256,#2257,#2258,#2259,
    #2260,#2261,#2262,#2263,#2264,#2265,#2266,#2267,#2268,#2269,#2270,
    #2271,#2272,#2273,#2274,#2275,#2276,#2277,#2278,#2279,#2280,#2281,
    #2282,#2283,#2284,#2285,#2286,#2287,#2288,#2289,#2290,#2291,#2292,
    #2293,#2294,#2295,#2296,#2297,#2298,#2299,#2300,#2301,#2302,#2303,
    #2304,#2305,#2306,#2307,#2308,#2309,#2310,#2311,#2312,#2313,#2314,
    #2315,#2316,#2317,#2318,#2319,#2320,#2321,#2322,#2323,#2324,#2325,
    #2326,#2327,#2328,#2329,#2330,#2331,#2332,#2333,#2334,#2335,#2336,
    #2337,#2338,#2339,#2340,#2341,#2342),.UNSPECIFIED.,.F.,.F.,(8,6,6,6,
    6,6,6,6,6,6,6,6,6,6,6,6,6,6,8),(0.,2.502336402012E-02,
    4.840067771154E-02,0.127400093842,0.197065850879,0.242067447976,
    0.263181205451,0.283075128076,0.402913479173,0.49890935616,
    0.598577737431,0.685240439688,0.73724188606,0.787987817514,
    0.839990742394,0.872526983658,0.943966012096,0.972965638044,1.),
  .UNSPECIFIED.);
#2233 = CARTESIAN_POINT('',(1.86,6.178613176644E-12,-2.413752828223));
#2234 = CARTESIAN_POINT('',(1.86,-4.177573532196E-02,-2.416255056739));
#2235 = CARTESIAN_POINT('',(1.858905329374,-8.355151425343E-02,
    -2.418757417305));
#2236 = CARTESIAN_POINT('',(1.856715995507,-0.125292794617,
    -2.421259853646));
#2237 = CARTESIAN_POINT('',(1.853433355609,-0.166965151297,
    -2.423762315135));
#2238 = CARTESIAN_POINT('',(1.849060116717,-0.208534276234,
    -2.426264756792));
#2239 = CARTESIAN_POINT('',(1.843600335695,-0.249965978423,
    -2.428767139288));
#2240 = CARTESIAN_POINT('',(1.830948767774,-0.329772270926,
    -2.433607116645));
#2241 = CARTESIAN_POINT('',(1.823894522215,-0.368168772025,
    -2.435944726946));
#2242 = CARTESIAN_POINT('',(1.815901094275,-0.406387903566,
    -2.438282234944));
#2243 = CARTESIAN_POINT('',(1.806973896493,-0.444402123112,
    -2.440619623353));
#2244 = CARTESIAN_POINT('',(1.797119342227,-0.482184129444,
    -2.442956882506));
#2245 = CARTESIAN_POINT('',(1.786344845657,-0.519706862558,
    -2.445294010353));
#2246 = CARTESIAN_POINT('',(1.735168011364,-0.682778017623,
    -2.455528489694));
#2247 = CARTESIAN_POINT('',(1.685264513605,-0.80535564524,-2.46342515096
    ));
#2248 = CARTESIAN_POINT('',(1.625275270306,-0.923624783712,
    -2.471320072704));
#2249 = CARTESIAN_POINT('',(1.555656668523,-1.0365979166,-2.47921450981)
  );
#2250 = CARTESIAN_POINT('',(1.476977645831,-1.143351325635,
    -2.487110224276));
#2251 = CARTESIAN_POINT('',(1.389915173062,-1.24303272153,
    -2.495008158185));
#2252 = CARTESIAN_POINT('',(1.211792168778,-1.415869630707,
    -2.509873454546));
#2253 = CARTESIAN_POINT('',(1.122409561449,-1.490777149827,
    -2.516841320203));
#2254 = CARTESIAN_POINT('',(1.027653545809,-1.559074085596,
    -2.523810641863));
#2255 = CARTESIAN_POINT('',(0.928114392094,-1.620304714608,
    -2.530781338618));
#2256 = CARTESIAN_POINT('',(0.824425658343,-1.674079383069,
    -2.537753265378));
#2257 = CARTESIAN_POINT('',(0.717260205727,-1.720076927924,
    -2.544725903361));
#2258 = CARTESIAN_POINT('',(0.536318935069,-1.782584175943,
    -2.556201940735));
#2259 = CARTESIAN_POINT('',(0.464151439078,-1.803769170232,
    -2.560705755454));
#2260 = CARTESIAN_POINT('',(0.391017712135,-1.821542323153,
    -2.565209360031));
#2261 = CARTESIAN_POINT('',(0.317111439249,-1.835851734531,
    -2.569712624169));
#2262 = CARTESIAN_POINT('',(0.242629241344,-1.846659350524,
    -2.574215463243));
#2263 = CARTESIAN_POINT('',(0.167770167865,-1.853941058724,
    -2.578717799705));
#2264 = CARTESIAN_POINT('',(5.753043134032E-02,-1.859444194633,
    -2.585331634536));
#2265 = CARTESIAN_POINT('',(2.228679925195E-02,-1.860423252514,
    -2.587443618096));
#2266 = CARTESIAN_POINT('',(-1.29750228355E-02,-1.860622925557,
    -2.589555470227));
#2267 = CARTESIAN_POINT('',(-4.823436115854E-02,-1.860042867748,
    -2.591667187731));
#2268 = CARTESIAN_POINT('',(-8.347055222957E-02,-1.858683418398,
    -2.593778769148));
#2269 = CARTESIAN_POINT('',(-0.118662942837,-1.85654560214,
    -2.595890214759));
#2270 = CARTESIAN_POINT('',(-0.18688934088,-1.850885037686,
    -2.599990858625));
#2271 = CARTESIAN_POINT('',(-0.21993064832,-1.84744943238,
    -2.601980074472));
#2272 = CARTESIAN_POINT('',(-0.252897524795,-1.843325747143,
    -2.603969174509));
#2273 = CARTESIAN_POINT('',(-0.285772770933,-1.83851594979,
    -2.605958160901));
#2274 = CARTESIAN_POINT('',(-0.318539275558,-1.833022541815,
    -2.607947037606));
#2275 = CARTESIAN_POINT('',(-0.351180015694,-1.826848558393,
    -2.609935810368));
#2276 = CARTESIAN_POINT('',(-0.579441944121,-1.778728113284,
    -2.623904009305));
#2277 = CARTESIAN_POINT('',(-0.770108149304,-1.712874966193,
    -2.635884936061));
#2278 = CARTESIAN_POINT('',(-0.951824106491,-1.623213389008,
    -2.647859715694));
#2279 = CARTESIAN_POINT('',(-1.121079518532,-1.51128159845,
    -2.659833646589));
#2280 = CARTESIAN_POINT('',(-1.274720297263,-1.379165073903,
    -2.671812064058));
#2281 = CARTESIAN_POINT('',(-1.409956251086,-1.229491989823,
    -2.683797775596));
#2282 = CARTESIAN_POINT('',(-1.61637272655,-0.934143220521,
    -2.705380339739));
#2283 = CARTESIAN_POINT('',(-1.69499026564,-0.793531096385,
    -2.714982796055));
#2284 = CARTESIAN_POINT('',(-1.759268830746,-0.645296963611,
    -2.724585350548));
#2285 = CARTESIAN_POINT('',(-1.808356968151,-0.491202109716,
    -2.734187568978));
#2286 = CARTESIAN_POINT('',(-1.841663565308,-0.333103067914,
    -2.743790054752));
#2287 = CARTESIAN_POINT('',(-1.858864978447,-0.172928784421,
    -2.753392640385));
#2288 = CARTESIAN_POINT('',(-1.861090455957,0.153715352139,
    -2.772959520358));
#2289 = CARTESIAN_POINT('',(-1.844858740344,0.320254434327,
    -2.782927280254));
#2290 = CARTESIAN_POINT('',(-1.811234936606,0.484710189526,
    -2.792892223752));
#2291 = CARTESIAN_POINT('',(-1.760566557564,0.644920176004,
    -2.802855354151));
#2292 = CARTESIAN_POINT('',(-1.693511051752,0.798804408418,
    -2.812819450301));
#2293 = CARTESIAN_POINT('',(-1.611027223587,0.944393164889,
    -2.822786071261));
#2294 = CARTESIAN_POINT('',(-1.430423491632,1.197673358469,
    -2.841418040716));
#2295 = CARTESIAN_POINT('',(-1.33572431981,1.307864893739,
    -2.850085930844));
#2296 = CARTESIAN_POINT('',(-1.231168201376,1.409255579192,
    -2.858754604812));
#2297 = CARTESIAN_POINT('',(-1.117747973313,1.500805031915,
    -2.867424394735));
#2298 = CARTESIAN_POINT('',(-0.996578810019,1.581613220822,
    -2.876095831139));
#2299 = CARTESIAN_POINT('',(-0.868887098361,1.650929381433,
    -2.884768415745));
#2300 = CARTESIAN_POINT('',(-0.656286467869,1.74253405166,
    -2.898642799672));
#2301 = CARTESIAN_POINT('',(-0.574685841795,1.772546190743,
    -2.903845878743));
#2302 = CARTESIAN_POINT('',(-0.491499215706,1.798094164788,
    -2.909048601907));
#2303 = CARTESIAN_POINT('',(-0.407019966081,1.819079111618,
    -2.914250813554));
#2304 = CARTESIAN_POINT('',(-0.321548067612,1.835426535787,
    -2.91945242712));
#2305 = CARTESIAN_POINT('',(-0.235389039225,1.847086564017,
    -2.924653347953));
#2306 = CARTESIAN_POINT('',(-6.440605644434E-02,1.860814094575,
    -2.934927895226));
#2307 = CARTESIAN_POINT('',(2.040219429553E-02,1.863106591629,
    -2.940001702379));
#2308 = CARTESIAN_POINT('',(0.105283841962,1.860888648881,
    -2.945074649096));
#2309 = CARTESIAN_POINT('',(0.189951239709,1.854160142871,
    -2.950146765235));
#2310 = CARTESIAN_POINT('',(0.274118065481,1.842943799239,
    -2.955218186524));
#2311 = CARTESIAN_POINT('',(0.357500273504,1.827285122363,
    -2.960289062022));
#2312 = CARTESIAN_POINT('',(0.524172831563,1.786723308675,
    -2.970555456631));
#2313 = CARTESIAN_POINT('',(0.607412079902,1.761600215529,
    -2.975751095862));
#2314 = CARTESIAN_POINT('',(0.689232527086,1.731956665542,
    -2.980946439463));
#2315 = CARTESIAN_POINT('',(0.769340254131,1.697890164611,
    -2.986141751831));
#2316 = CARTESIAN_POINT('',(0.847450699885,1.659521686568,
    -2.991337363979));
#2317 = CARTESIAN_POINT('',(0.92328967414,1.616995255183,-2.996533535934
    ));
#2318 = CARTESIAN_POINT('',(1.042458315902,1.541373162175,-3.00498174762
    ));
#2319 = CARTESIAN_POINT('',(1.087330780723,1.51070606206,-3.008233445588
    ));
#2320 = CARTESIAN_POINT('',(1.131147591332,1.478516970833,
    -3.011485459676));
#2321 = CARTESIAN_POINT('',(1.173846970214,1.444849675053,
    -3.014737822893));
#2322 = CARTESIAN_POINT('',(1.215369536218,1.409751002821,
    -3.017990554611));
#2323 = CARTESIAN_POINT('',(1.255658304557,1.373270823783,
    -3.021243660564));
#2324 = CARTESIAN_POINT('',(1.380290871373,1.252446248204,
    -3.031640702292));
#2325 = CARTESIAN_POINT('',(1.459716937971,1.163020340797,
    -3.038786418981));
#2326 = CARTESIAN_POINT('',(1.532352593191,1.067748659805,
    -3.045933546318));
#2327 = CARTESIAN_POINT('',(1.59768920794,0.967254085484,-3.053081720036
    ));
#2328 = CARTESIAN_POINT('',(1.655289879897,0.86220900534,-3.060230440192
    ));
#2329 = CARTESIAN_POINT('',(1.704792212694,0.753330834559,
    -3.067378854353));
#2330 = CARTESIAN_POINT('',(1.76261214572,0.595938148621,-3.077427042722
    ));
#2331 = CARTESIAN_POINT('',(1.77792652061,0.549987155738,-3.080328081494
    ));
#2332 = CARTESIAN_POINT('',(1.791842415486,0.503579558164,
    -3.083228909712));
#2333 = CARTESIAN_POINT('',(1.804343663028,0.456766428468,
    -3.086129507172));
#2334 = CARTESIAN_POINT('',(1.815416449622,0.409599471916,
    -3.089029872042));
#2335 = CARTESIAN_POINT('',(1.825049315362,0.362131026473,
    -3.091930020856));
#2336 = CARTESIAN_POINT('',(1.840862385467,0.269930810854,
    -3.097533429446));
#2337 = CARTESIAN_POINT('',(1.847232362904,0.225231421352,-3.10023671648
    ));
#2338 = CARTESIAN_POINT('',(1.852335720396,0.180358801015,
    -3.102939882721));
#2339 = CARTESIAN_POINT('',(1.856166931074,0.135356023828,
    -3.105642976799));
#2340 = CARTESIAN_POINT('',(1.858722307166,9.026633104167E-02,
    -3.108346062879));
#2341 = CARTESIAN_POINT('',(1.86,4.513313117317E-02,-3.111049220663));
#2342 = CARTESIAN_POINT('',(1.86,4.970912570457E-12,-3.113752545385));
#2343 = ORIENTED_EDGE('',*,*,#2344,.F.);
#2344 = EDGE_CURVE('',#2137,#2230,#2345,.T.);
#2345 = LINE('',#2346,#2347);
#2346 = CARTESIAN_POINT('',(1.86,0.,-0.2));
#2347 = VECTOR('',#2348,1.);
#2348 = DIRECTION('',(-2.523234146875E-17,0.,-1.));
#2349 = CYLINDRICAL_SURFACE('',#2350,1.86);
#2350 = AXIS2_PLACEMENT_3D('',#2351,#2352,#2353);
#2351 = CARTESIAN_POINT('',(0.,0.,-0.2));
#2352 = DIRECTION('',(-0.,-0.,-1.));
#2353 = DIRECTION('',(1.,0.,0.));
#2354 = ADVANCED_FACE('',(#2355),#2381,.T.);
#2355 = FACE_BOUND('',#2356,.T.);
#2356 = EDGE_LOOP('',(#2357,#2374,#2375,#2376));
#2357 = ORIENTED_EDGE('',*,*,#2358,.F.);
#2358 = EDGE_CURVE('',#1937,#2359,#2361,.T.);
#2359 = VERTEX_POINT('',#2360);
#2360 = CARTESIAN_POINT('',(1.481128204367,9.772403337371E-07,
    -2.632516315348));
#2361 = ( BOUNDED_CURVE() B_SPLINE_CURVE(11,(#2362,#2363,#2364,#2365,
    #2366,#2367,#2368,#2369,#2370,#2371,#2372,#2373),.UNSPECIFIED.,.F.,
.F.) B_SPLINE_CURVE_WITH_KNOTS((12,12),(0.,6.322058019692),
.PIECEWISE_BEZIER_KNOTS.) CURVE() GEOMETRIC_REPRESENTATION_ITEM() 
RATIONAL_B_SPLINE_CURVE((1.056590953773,1.056590953773,1.056590953773,
    1.056590953773,1.056590953773,1.056590953774,1.056590953773,
    1.056590953773,1.056590953773,1.056590953773,1.056590953773,
1.056590953773)) REPRESENTATION_ITEM('') );
#2362 = CARTESIAN_POINT('',(1.481129636257,1.074962312581E-06,
    -1.932517946849));
#2363 = CARTESIAN_POINT('',(1.481128456032,-0.846064455136,
    -1.996152266278));
#2364 = CARTESIAN_POINT('',(0.949615478538,-1.691693268853,
    -2.059755062392));
#2365 = CARTESIAN_POINT('',(-0.114083559524,-2.168180554745,
    -2.123603608277));
#2366 = CARTESIAN_POINT('',(-1.414704235132,-1.896707338882,
    -2.186626468799));
#2367 = CARTESIAN_POINT('',(-2.382789606514,-0.786242311294,
    -2.251360833634));
#2368 = CARTESIAN_POINT('',(-2.383845594041,0.78622639496,
    -2.313673428276));
#2369 = CARTESIAN_POINT('',(-1.413997474206,1.896727390127,
    -2.378407793975));
#2370 = CARTESIAN_POINT('',(-0.114384843057,2.168168803455,
    -2.441430653522));
#2371 = CARTESIAN_POINT('',(0.949673696356,1.691696838909,
    -2.505279199919));
#2372 = CARTESIAN_POINT('',(1.48112944039,0.846066507339,-2.568881995924
    ));
#2373 = CARTESIAN_POINT('',(1.481128204367,9.772403341546E-07,
    -2.632516315348));
#2374 = ORIENTED_EDGE('',*,*,#1955,.T.);
#2375 = ORIENTED_EDGE('',*,*,#1815,.T.);
#2376 = ORIENTED_EDGE('',*,*,#2377,.F.);
#2377 = EDGE_CURVE('',#2359,#1816,#2378,.T.);
#2378 = B_SPLINE_CURVE_WITH_KNOTS('',1,(#2379,#2380),.UNSPECIFIED.,.F.,
  .F.,(2,2),(0.,0.49),.PIECEWISE_BEZIER_KNOTS.);
#2379 = CARTESIAN_POINT('',(1.481128204367,9.772403311488E-07,
    -2.632516315348));
#2380 = CARTESIAN_POINT('',(1.905470101596,-1.17276068379E-07,
    -2.38749804204));
#2381 = B_SPLINE_SURFACE_WITH_KNOTS('',1,10,(
    (#2382,#2383,#2384,#2385,#2386,#2387,#2388,#2389,#2390,#2391,#2392)
    ,(#2393,#2394,#2395,#2396,#2397,#2398,#2399,#2400,#2401,#2402,#2403
    )),.UNSPECIFIED.,.F.,.F.,.F.,(2,2),(11,11),(0.,0.49),(0.,
    6.322058019692),.PIECEWISE_BEZIER_KNOTS.);
#2382 = CARTESIAN_POINT('',(1.481129636257,1.074962316319E-06,
    -1.932517946849));
#2383 = CARTESIAN_POINT('',(1.48112833801,-0.930671008146,
    -2.002515698221));
#2384 = CARTESIAN_POINT('',(0.831501509766,-1.860809326787,
    -2.072474921097));
#2385 = CARTESIAN_POINT('',(-0.468791118234,-2.28013018766,
    -2.142636258511));
#2386 = CARTESIAN_POINT('',(-1.954717961121,-1.692490344994,
    -2.21239503062));
#2387 = CARTESIAN_POINT('',(-2.740574425794,-3.19147861636E-05,
    -2.282517130316));
#2388 = CARTESIAN_POINT('',(-1.954500858195,1.692531924544,
    -2.352639232826));
#2389 = CARTESIAN_POINT('',(-0.469005648643,2.280112564376,
    -2.422398003088));
#2390 = CARTESIAN_POINT('',(0.831572392437,1.860813234145,
    -2.492559341238));
#2391 = CARTESIAN_POINT('',(1.481129563992,0.930673060348,
    -2.562518563981));
#2392 = CARTESIAN_POINT('',(1.481128204367,9.772403311488E-07,
    -2.632516315348));
#2393 = CARTESIAN_POINT('',(1.905470478381,-1.290041935167E-07,
    -1.687497846235));
#2394 = CARTESIAN_POINT('',(1.905469878036,-1.197236260824,
    -1.757498116106));
#2395 = CARTESIAN_POINT('',(1.069811750879,-2.394502965518,
    -1.827503010005));
#2396 = CARTESIAN_POINT('',(-0.603430340985,-2.932076159241,
    -1.897483646923));
#2397 = CARTESIAN_POINT('',(-2.514155293177,-2.178649687911,
    -1.967512598292));
#2398 = CARTESIAN_POINT('',(-3.526353027729,-7.669983451919E-06,
    -2.037497943929));
#2399 = CARTESIAN_POINT('',(-2.514097264303,2.178661665844,
    -2.107483290316));
#2400 = CARTESIAN_POINT('',(-0.603485584068,2.932071771219,
    -2.177512241194));
#2401 = CARTESIAN_POINT('',(1.06983139173,2.394503552157,-2.247492878306
    ));
#2402 = CARTESIAN_POINT('',(1.905470694575,1.197236014544,
    -2.317497772171));
#2403 = CARTESIAN_POINT('',(1.905470101596,-1.17276068379E-07,
    -2.38749804204));
#2404 = ADVANCED_FACE('',(#2405),#2435,.T.);
#2405 = FACE_BOUND('',#2406,.T.);
#2406 = EDGE_LOOP('',(#2407,#2423,#2424,#2425));
#2407 = ORIENTED_EDGE('',*,*,#2408,.F.);
#2408 = EDGE_CURVE('',#1987,#2409,#2411,.T.);
#2409 = VERTEX_POINT('',#2410);
#2410 = CARTESIAN_POINT('',(1.481135740246,9.77230393272E-07,
    -2.807516315186));
#2411 = B_SPLINE_CURVE_WITH_KNOTS('',10,(#2412,#2413,#2414,#2415,#2416,
    #2417,#2418,#2419,#2420,#2421,#2422),.UNSPECIFIED.,.F.,.F.,(11,11),(
    0.,6.322058019692),.PIECEWISE_BEZIER_KNOTS.);
#2412 = CARTESIAN_POINT('',(1.481137925724,1.07495032899E-06,
    -2.107517946652));
#2413 = CARTESIAN_POINT('',(1.48113558883,-0.930675978765,
    -2.177515698074));
#2414 = CARTESIAN_POINT('',(0.831486621473,-1.860818553569,
    -2.247474921834));
#2415 = CARTESIAN_POINT('',(-0.468738004602,-2.280146810808,
    -2.317636255685));
#2416 = CARTESIAN_POINT('',(-1.954786142501,-1.692487756618,
    -2.387395033322));
#2417 = CARTESIAN_POINT('',(-2.740589078169,-4.771115709801E-05,
    -2.457517129721));
#2418 = CARTESIAN_POINT('',(-1.954453543383,1.692552643147,
    -2.527639230428));
#2419 = CARTESIAN_POINT('',(-0.469063780526,2.280120255084,
    -2.597398005238));
#2420 = CARTESIAN_POINT('',(0.831596167293,1.86082391082,-2.667559340213
    ));
#2421 = CARTESIAN_POINT('',(1.481138138517,0.930678030946,
    -2.737518563774));
#2422 = CARTESIAN_POINT('',(1.481135740246,9.772303919585E-07,
    -2.807516315186));
#2423 = ORIENTED_EDGE('',*,*,#2004,.T.);
#2424 = ORIENTED_EDGE('',*,*,#2358,.T.);
#2425 = ORIENTED_EDGE('',*,*,#2426,.F.);
#2426 = EDGE_CURVE('',#2409,#2359,#2427,.T.);
#2427 = ( BOUNDED_CURVE() B_SPLINE_CURVE(6,(#2428,#2429,#2430,#2431,
#2432,#2433,#2434),.UNSPECIFIED.,.F.,.F.) B_SPLINE_CURVE_WITH_KNOTS((7,7
),(0.,2.094395102393),.PIECEWISE_BEZIER_KNOTS.) CURVE() 
GEOMETRIC_REPRESENTATION_ITEM() RATIONAL_B_SPLINE_CURVE((1.056590953773,
    1.017435169568,0.996326512422,0.989390034249,0.996326512422,
1.017435169568,1.056590953773)) REPRESENTATION_ITEM('') );
#2428 = CARTESIAN_POINT('',(1.481135740246,9.772303928846E-07,
    -2.807516315186));
#2429 = CARTESIAN_POINT('',(1.449417043649,1.059041287832E-06,
    -2.78920533829));
#2430 = CARTESIAN_POINT('',(1.427064008557,1.116694684972E-06,
    -2.758212067446));
#2431 = CARTESIAN_POINT('',(1.418983529927,1.137534554219E-06,
    -2.720018991514));
#2432 = CARTESIAN_POINT('',(1.427060719174,1.116699024972E-06,
    -2.681825219797));
#2433 = CARTESIAN_POINT('',(1.449411084908,1.059049147295E-06,
    -2.650830023928));
#2434 = CARTESIAN_POINT('',(1.481128204367,9.772403341546E-07,
    -2.632516315348));
#2435 = ( BOUNDED_SURFACE() B_SPLINE_SURFACE(6,11,(
    (#2436,#2437,#2438,#2439,#2440,#2441,#2442,#2443,#2444,#2445,#2446
      ,#2447)
    ,(#2448,#2449,#2450,#2451,#2452,#2453,#2454,#2455,#2456,#2457,#2458
      ,#2459)
    ,(#2460,#2461,#2462,#2463,#2464,#2465,#2466,#2467,#2468,#2469,#2470
      ,#2471)
    ,(#2472,#2473,#2474,#2475,#2476,#2477,#2478,#2479,#2480,#2481,#2482
      ,#2483)
    ,(#2484,#2485,#2486,#2487,#2488,#2489,#2490,#2491,#2492,#2493,#2494
      ,#2495)
    ,(#2496,#2497,#2498,#2499,#2500,#2501,#2502,#2503,#2504,#2505,#2506
      ,#2507)
    ,(#2508,#2509,#2510,#2511,#2512,#2513,#2514,#2515,#2516,#2517,#2518
,#2519
    )),.UNSPECIFIED.,.F.,.F.,.F.) B_SPLINE_SURFACE_WITH_KNOTS((7,7),(12,
    12),(0.,2.094395102393),(0.,6.322058019692),
.PIECEWISE_BEZIER_KNOTS.) GEOMETRIC_REPRESENTATION_ITEM() 
RATIONAL_B_SPLINE_SURFACE((
    (1.056590953773,1.056590953773,1.056590953773,1.056590953773
      ,1.056590953773,1.056590953774,1.056590953773,1.056590953773
      ,1.056590953773,1.056590953773,1.056590953773,1.056590953773)
    ,(1.017435169568,1.017435169568,1.017435169568,1.017435169568
      ,1.017435169568,1.017435169568,1.017435169568,1.017435169568
      ,1.017435169568,1.017435169568,1.017435169568,1.017435169568)
    ,(0.996326512422,0.996326512422,0.996326512422,0.996326512422
      ,0.996326512422,0.996326512423,0.996326512421,0.996326512423
      ,0.996326512422,0.996326512422,0.996326512422,0.996326512422)
    ,(0.989390034249,0.989390034249,0.989390034248,0.989390034249
      ,0.989390034248,0.989390034249,0.989390034248,0.989390034249
      ,0.989390034248,0.989390034249,0.989390034249,0.989390034249)
    ,(0.996326512422,0.996326512422,0.996326512422,0.996326512422
      ,0.996326512422,0.996326512423,0.996326512422,0.996326512423
      ,0.996326512422,0.996326512422,0.996326512422,0.996326512422)
    ,(1.017435169568,1.017435169568,1.017435169568,1.017435169568
      ,1.017435169568,1.017435169568,1.017435169568,1.017435169568
      ,1.017435169568,1.017435169568,1.017435169568,1.017435169568)
    ,(1.056590953773,1.056590953773,1.056590953773,1.056590953773
      ,1.056590953773,1.056590953774,1.056590953773,1.056590953773
      ,1.056590953773,1.056590953773,1.056590953773,1.056590953773
))) REPRESENTATION_ITEM('') SURFACE() );
#2436 = CARTESIAN_POINT('',(1.481137925724,1.074950328611E-06,
    -2.107517946652));
#2437 = CARTESIAN_POINT('',(1.481135801275,-0.846068973881,
    -2.171152266127));
#2438 = CARTESIAN_POINT('',(0.949604615538,-1.691701721786,
    -2.234755062969));
#2439 = CARTESIAN_POINT('',(-0.114005680121,-2.168195160415,
    -2.298603604288));
#2440 = CARTESIAN_POINT('',(-1.414898462542,-1.896711737642,
    -2.361626477881));
#2441 = CARTESIAN_POINT('',(-2.382524745065,-0.786249748948,
    -2.426360819556));
#2442 = CARTESIAN_POINT('',(-2.384135924703,0.78622719429,
    -2.488673441844));
#2443 = CARTESIAN_POINT('',(-1.41381835034,1.896743372441,
    -2.553407784841));
#2444 = CARTESIAN_POINT('',(-0.11446394849,2.16817730823,-2.616430656942
    ));
#2445 = CARTESIAN_POINT('',(0.949694707515,1.691706478116,
    -2.680279199043));
#2446 = CARTESIAN_POINT('',(1.481137920492,0.846071026062,
    -2.743881995721));
#2447 = CARTESIAN_POINT('',(1.481135740246,9.772303928846E-07,
    -2.807516315186));
#2448 = CARTESIAN_POINT('',(1.449419150276,1.164942416088E-06,
    -2.089207106344));
#2449 = CARTESIAN_POINT('',(1.449417176016,-0.827955091341,
    -2.152841254678));
#2450 = CARTESIAN_POINT('',(0.929266427094,-1.655439657326,
    -2.216441241272));
#2451 = CARTESIAN_POINT('',(-0.111556437057,-2.121874587098,
    -2.280307546328));
#2452 = CARTESIAN_POINT('',(-1.384606790889,-1.855862643875,
    -2.34327905794));
#2453 = CARTESIAN_POINT('',(-2.331505809902,-0.769740151165,
    -2.408105323319));
#2454 = CARTESIAN_POINT('',(-2.333058987121,0.769718014604,
    -2.470307120893));
#2455 = CARTESIAN_POINT('',(-1.383565965094,1.855892902679,
    -2.535133387545));
#2456 = CARTESIAN_POINT('',(-0.111998530401,2.121857359963,
    -2.598104897719));
#2457 = CARTESIAN_POINT('',(0.929352987549,1.655444399701,
    -2.661971203529));
#2458 = CARTESIAN_POINT('',(1.449419078377,0.827957315324,
    -2.725571189964));
#2459 = CARTESIAN_POINT('',(1.449417043649,1.059041287832E-06,
    -2.78920533829));
#2460 = CARTESIAN_POINT('',(1.427065981721,1.228361338451E-06,
    -2.058213931758));
#2461 = CARTESIAN_POINT('',(1.427064210902,-0.815189719463,
    -2.121847959485));
#2462 = CARTESIAN_POINT('',(0.914935170477,-1.629884803126,
    -2.185445965612));
#2463 = CARTESIAN_POINT('',(-0.109838498744,-2.089230836968,
    -2.249324789297));
#2464 = CARTESIAN_POINT('',(-1.363240086344,-1.82707571609,
    -2.312260104623));
#2465 = CARTESIAN_POINT('',(-2.295579998828,-0.758105021615,
    -2.377151151293));
#2466 = CARTESIAN_POINT('',(-2.297034912248,0.758083865883,
    -2.439274847516));
#2467 = CARTESIAN_POINT('',(-1.362265538523,1.827103807851,
    -2.504165895378));
#2468 = CARTESIAN_POINT('',(-0.110252966225,2.089214680947,
    -2.567101209359));
#2469 = CARTESIAN_POINT('',(0.915015947477,1.629889413042,
    -2.630980033748));
#2470 = CARTESIAN_POINT('',(1.427065843136,0.815192064519,
    -2.694578039727));
#2471 = CARTESIAN_POINT('',(1.427064008557,1.116694684972E-06,
    -2.758212067446));
#2472 = CARTESIAN_POINT('',(1.418985338623,1.251285421888E-06,
    -2.020020890622));
#2473 = CARTESIAN_POINT('',(1.418983786967,-0.810575086327,
    -2.08365487475));
#2474 = CARTESIAN_POINT('',(0.909756933862,-1.620646912494,
    -2.147252164942));
#2475 = CARTESIAN_POINT('',(-0.109229575996,-2.077429775625,
    -2.211135514083));
#2476 = CARTESIAN_POINT('',(-1.355487314546,-1.816670244961,
    -2.274057744551));
#2477 = CARTESIAN_POINT('',(-2.282635767311,-0.753898454859,
    -2.338972209445));
#2478 = CARTESIAN_POINT('',(-2.283969535025,0.75387867749,
    -2.401067672329));
#2479 = CARTESIAN_POINT('',(-1.35459430552,1.816695766893,
    -2.465982138314));
#2480 = CARTESIAN_POINT('',(-0.109609846062,2.077414947711,
    -2.52890436755));
#2481 = CARTESIAN_POINT('',(0.909830704425,1.620651291572,
    -2.592787717337));
#2482 = CARTESIAN_POINT('',(1.418985146533,0.810577475147,
    -2.656385007392));
#2483 = CARTESIAN_POINT('',(1.418983529927,1.137534554219E-06,
    -2.720018991514));
#2484 = CARTESIAN_POINT('',(1.4270623634,1.228366569905E-06,
    -1.981827084123));
#2485 = CARTESIAN_POINT('',(1.427061004731,-0.815187747047,
    -2.045461111831));
#2486 = CARTESIAN_POINT('',(0.914939912136,-1.629881113451,
    -2.10905911764));
#2487 = CARTESIAN_POINT('',(-0.109872492813,-2.089224461647,
    -2.172937943318));
#2488 = CARTESIAN_POINT('',(-1.363155306804,-1.827073796047,
    -2.235873252938));
#2489 = CARTESIAN_POINT('',(-2.295695609863,-0.758101775107,
    -2.300764309718));
#2490 = CARTESIAN_POINT('',(-2.296908183996,0.758083516978,
    -2.362887993873));
#2491 = CARTESIAN_POINT('',(-1.362343725423,1.827096831631,
    -2.427779051645));
#2492 = CARTESIAN_POINT('',(-0.110218436999,2.089210968644,
    -2.490714360145));
#2493 = CARTESIAN_POINT('',(0.915006776184,1.629885205564,
    -2.554593186411));
#2494 = CARTESIAN_POINT('',(1.427062141603,0.815190092113,
    -2.618191192095));
#2495 = CARTESIAN_POINT('',(1.427060719174,1.116699024972E-06,
    -2.681825219797));
#2496 = CARTESIAN_POINT('',(1.449412595662,1.164951895782E-06,
    -1.950831792009));
#2497 = CARTESIAN_POINT('',(1.449411368014,-0.827951518296,
    -2.014465940308));
#2498 = CARTESIAN_POINT('',(0.929275016643,-1.655432973456,
    -2.078065926326));
#2499 = CARTESIAN_POINT('',(-0.111618017554,-2.12186303816,
    -2.141932234992));
#2500 = CARTESIAN_POINT('',(-1.384453212153,-1.855859165705,
    -2.204903736269));
#2501 = CARTESIAN_POINT('',(-2.331715240109,-0.769734270092,
    -2.269730019961));
#2502 = CARTESIAN_POINT('',(-2.332829417998,0.769717382561,
    -2.331931795674));
#2503 = CARTESIAN_POINT('',(-1.383707601215,1.855880265206,
    -2.396758080278));
#2504 = CARTESIAN_POINT('',(-0.111935980463,2.1218506351,-2.459729580525
    ));
#2505 = CARTESIAN_POINT('',(0.929336373687,1.655436777825,
    -2.523595889732));
#2506 = CARTESIAN_POINT('',(1.449412373024,0.827953742297,
    -2.587195875634));
#2507 = CARTESIAN_POINT('',(1.449411084908,1.059049147295E-06,
    -2.650830023928));
#2508 = CARTESIAN_POINT('',(1.481129636257,1.074962312581E-06,
    -1.932517946849));
#2509 = CARTESIAN_POINT('',(1.481128456032,-0.846064455136,
    -1.996152266278));
#2510 = CARTESIAN_POINT('',(0.949615478538,-1.691693268853,
    -2.059755062392));
#2511 = CARTESIAN_POINT('',(-0.114083559524,-2.168180554745,
    -2.123603608277));
#2512 = CARTESIAN_POINT('',(-1.414704235132,-1.896707338882,
    -2.186626468799));
#2513 = CARTESIAN_POINT('',(-2.382789606514,-0.786242311294,
    -2.251360833634));
#2514 = CARTESIAN_POINT('',(-2.383845594041,0.78622639496,
    -2.313673428276));
#2515 = CARTESIAN_POINT('',(-1.413997474206,1.896727390127,
    -2.378407793975));
#2516 = CARTESIAN_POINT('',(-0.114384843057,2.168168803455,
    -2.441430653522));
#2517 = CARTESIAN_POINT('',(0.949673696356,1.691696838909,
    -2.505279199919));
#2518 = CARTESIAN_POINT('',(1.48112944039,0.846066507339,-2.568881995924
    ));
#2519 = CARTESIAN_POINT('',(1.481128204367,9.772403341546E-07,
    -2.632516315348));
#2520 = ADVANCED_FACE('',(#2521),#2531,.T.);
#2521 = FACE_BOUND('',#2522,.T.);
#2522 = EDGE_LOOP('',(#2523,#2524,#2525,#2526));
#2523 = ORIENTED_EDGE('',*,*,#2136,.F.);
#2524 = ORIENTED_EDGE('',*,*,#2105,.T.);
#2525 = ORIENTED_EDGE('',*,*,#2408,.T.);
#2526 = ORIENTED_EDGE('',*,*,#2527,.F.);
#2527 = EDGE_CURVE('',#2137,#2409,#2528,.T.);
#2528 = B_SPLINE_CURVE_WITH_KNOTS('',1,(#2529,#2530),.UNSPECIFIED.,.F.,
  .F.,(2,2),(0.,0.49),.PIECEWISE_BEZIER_KNOTS.);
#2529 = CARTESIAN_POINT('',(1.905498737936,-1.173138400334E-07,
    -3.052498041423));
#2530 = CARTESIAN_POINT('',(1.481135740246,9.772303919585E-07,
    -2.807516315186));
#2531 = B_SPLINE_SURFACE_WITH_KNOTS('',1,10,(
    (#2532,#2533,#2534,#2535,#2536,#2537,#2538,#2539,#2540,#2541,#2542)
    ,(#2543,#2544,#2545,#2546,#2547,#2548,#2549,#2550,#2551,#2552,#2553
    )),.UNSPECIFIED.,.F.,.F.,.F.,(2,2),(11,11),(0.,0.49),(0.,
    6.322058019692),.PIECEWISE_BEZIER_KNOTS.);
#2532 = CARTESIAN_POINT('',(1.905501978354,-1.290497376205E-07,
    -2.352497845489));
#2533 = CARTESIAN_POINT('',(1.905497431152,-1.197255149175,
    -2.422498115547));
#2534 = CARTESIAN_POINT('',(1.069755175365,-2.394538027287,
    -2.492503012808));
#2535 = CARTESIAN_POINT('',(-0.603228509184,-2.932139327205,
    -2.562483636187));
#2536 = CARTESIAN_POINT('',(-2.51441438242,-2.178639852082,
    -2.632512608559));
#2537 = CARTESIAN_POINT('',(-3.526408706753,-6.769619491109E-05,
    -2.702497941671));
#2538 = CARTESIAN_POINT('',(-2.513917468018,2.178740396536,
    -2.772483281203));
#2539 = CARTESIAN_POINT('',(-0.603706485225,2.932100995909,
    -2.842512249366));
#2540 = CARTESIAN_POINT('',(1.069921736184,2.394544123522,
    -2.912492874409));
#2541 = CARTESIAN_POINT('',(1.905503277767,1.197254902813,
    -2.982497771385));
#2542 = CARTESIAN_POINT('',(1.905498737936,-1.173138400334E-07,
    -3.052498041423));
#2543 = CARTESIAN_POINT('',(1.481137925724,1.07495032899E-06,
    -2.107517946652));
#2544 = CARTESIAN_POINT('',(1.48113558883,-0.930675978765,
    -2.177515698074));
#2545 = CARTESIAN_POINT('',(0.831486621473,-1.860818553569,
    -2.247474921834));
#2546 = CARTESIAN_POINT('',(-0.468738004602,-2.280146810808,
    -2.317636255685));
#2547 = CARTESIAN_POINT('',(-1.954786142501,-1.692487756618,
    -2.387395033322));
#2548 = CARTESIAN_POINT('',(-2.740589078169,-4.771115709801E-05,
    -2.457517129721));
#2549 = CARTESIAN_POINT('',(-1.954453543383,1.692552643147,
    -2.527639230428));
#2550 = CARTESIAN_POINT('',(-0.469063780526,2.280120255084,
    -2.597398005238));
#2551 = CARTESIAN_POINT('',(0.831596167293,1.86082391082,-2.667559340213
    ));
#2552 = CARTESIAN_POINT('',(1.481138138517,0.930678030946,
    -2.737518563774));
#2553 = CARTESIAN_POINT('',(1.481135740246,9.772303919585E-07,
    -2.807516315186));
#2554 = ADVANCED_FACE('',(#2555),#2771,.T.);
#2555 = FACE_BOUND('',#2556,.F.);
#2556 = EDGE_LOOP('',(#2557,#2649,#2650,#2765));
#2557 = ORIENTED_EDGE('',*,*,#2558,.F.);
#2558 = EDGE_CURVE('',#2137,#2559,#2561,.T.);
#2559 = VERTEX_POINT('',#2560);
#2560 = CARTESIAN_POINT('',(1.86,1.592631901639E-11,-3.726233750515));
#2561 = B_SPLINE_CURVE_WITH_KNOTS('',6,(#2562,#2563,#2564,#2565,#2566,
    #2567,#2568,#2569,#2570,#2571,#2572,#2573,#2574,#2575,#2576,#2577,
    #2578,#2579,#2580,#2581,#2582,#2583,#2584,#2585,#2586,#2587,#2588,
    #2589,#2590,#2591,#2592,#2593,#2594,#2595,#2596,#2597,#2598,#2599,
    #2600,#2601,#2602,#2603,#2604,#2605,#2606,#2607,#2608,#2609,#2610,
    #2611,#2612,#2613,#2614,#2615,#2616,#2617,#2618,#2619,#2620,#2621,
    #2622,#2623,#2624,#2625,#2626,#2627,#2628,#2629,#2630,#2631,#2632,
    #2633,#2634,#2635,#2636,#2637,#2638,#2639,#2640,#2641,#2642,#2643,
    #2644,#2645,#2646,#2647,#2648),.UNSPECIFIED.,.F.,.F.,(7,5,5,5,5,5,5,
    5,5,5,5,5,5,5,5,5,5,7),(0.,5.499997629003E-02,0.125000510013,
    0.225962969983,0.263831288457,0.317833021826,0.370836699923,
    0.40046468959,0.496614309529,0.597514093145,0.709398599328,
    0.738123427461,0.753977015438,0.804978803628,0.870866214274,
    0.951865281845,0.967865017456,1.),.UNSPECIFIED.);
#2562 = CARTESIAN_POINT('',(1.86,3.942068893537E-11,-3.026231945129));
#2563 = CARTESIAN_POINT('',(1.860000000001,-0.107124493837,
    -3.032648616728));
#2564 = CARTESIAN_POINT('',(1.852596164031,-0.214251253704,
    -3.039064885219));
#2565 = CARTESIAN_POINT('',(1.837788798033,-0.320735085826,
    -3.045481582121));
#2566 = CARTESIAN_POINT('',(1.815651809482,-0.425939155828,
    -3.051899432763));
#2567 = CARTESIAN_POINT('',(1.786331661365,-0.529239584556,
    -3.058318626695));
#2568 = CARTESIAN_POINT('',(1.703864618433,-0.758309843822,
    -3.072909059363));
#2569 = CARTESIAN_POINT('',(1.646396579897,-0.882534960705,
    -3.081081372683));
#2570 = CARTESIAN_POINT('',(1.578092301101,-1.001447737322,
    -3.089253493448));
#2571 = CARTESIAN_POINT('',(1.499583061217,-1.113885659544,
    -3.097424280335));
#2572 = CARTESIAN_POINT('',(1.411651697157,-1.218781662961,
    -3.105593374678));
#2573 = CARTESIAN_POINT('',(1.176196618002,-1.454246182541,
    -3.125537885894));
#2574 = CARTESIAN_POINT('',(1.019470585623,-1.575694756396,
    -3.137314122277));
#2575 = CARTESIAN_POINT('',(0.847929176601,-1.676643988037,
    -3.14908144683));
#2576 = CARTESIAN_POINT('',(0.664954695835,-1.75498388365,
    -3.160846781559));
#2577 = CARTESIAN_POINT('',(0.474250072287,-1.809242026926,
    -3.172617629771));
#2578 = CARTESIAN_POINT('',(0.206924683107,-1.849924930091,
    -3.188804237901));
#2579 = CARTESIAN_POINT('',(0.133478959059,-1.857552092951,
    -3.193219899814));
#2580 = CARTESIAN_POINT('',(5.971239449482E-02,-1.861678015143,
    -3.197636146315));
#2581 = CARTESIAN_POINT('',(-1.416688077505E-02,-1.862287751882,
    -3.202053013436));
#2582 = CARTESIAN_POINT('',(-8.795020900729E-02,-1.859382903663,
    -3.206470493944));
#2583 = CARTESIAN_POINT('',(-0.266211243664,-1.843853124974,
    -3.217188843526));
#2584 = CARTESIAN_POINT('',(-0.37037670761,-1.827613954952,
    -3.223490437605));
#2585 = CARTESIAN_POINT('',(-0.473317260737,-1.804317254858,
    -3.229792921363));
#2586 = CARTESIAN_POINT('',(-0.574438240731,-1.774083571419,
    -3.236096154702));
#2587 = CARTESIAN_POINT('',(-0.673162325768,-1.737099707161,
    -3.24239993151));
#2588 = CARTESIAN_POINT('',(-0.862935633953,-1.650939082024,
    -3.254890874699));
#2589 = CARTESIAN_POINT('',(-0.954096572029,-1.601998684361,
    -3.261078282019));
#2590 = CARTESIAN_POINT('',(-1.041891834419,-1.547034890766,
    -3.267265316382));
#2591 = CARTESIAN_POINT('',(-1.125828422411,-1.486341328889,
    -3.273451852002));
#2592 = CARTESIAN_POINT('',(-1.205448842065,-1.420264405805,
    -3.279637856706));
#2593 = CARTESIAN_POINT('',(-1.322194272883,-1.309477931912,
    -3.289280448952));
#2594 = CARTESIAN_POINT('',(-1.362575108122,-1.268196331002,
    -3.292737631397));
#2595 = CARTESIAN_POINT('',(-1.401404346097,-1.225425257561,
    -3.296194591378));
#2596 = CARTESIAN_POINT('',(-1.438613872126,-1.18123789775,
    -3.29965133254));
#2597 = CARTESIAN_POINT('',(-1.474140242649,-1.135711528984,
    -3.303107868345));
#2598 = CARTESIAN_POINT('',(-1.617562947951,-0.937102683316,
    -3.317780882447));
#2599 = CARTESIAN_POINT('',(-1.708879742822,-0.772000132056,
    -3.328997931347));
#2600 = CARTESIAN_POINT('',(-1.779809586637,-0.596452684753,
    -3.340211191168));
#2601 = CARTESIAN_POINT('',(-1.828981975809,-0.413615130854,
    -3.351425184779));
#2602 = CARTESIAN_POINT('',(-1.855590970911,-0.226830576994,
    -3.362643655817));
#2603 = CARTESIAN_POINT('',(-1.863762688487,0.156873782665,
    -3.385633546556));
#2604 = CARTESIAN_POINT('',(-1.843036913819,0.353930556491,
    -3.397410300645));
#2605 = CARTESIAN_POINT('',(-1.797293039276,0.547507502491,
    -3.40918539734));
#2606 = CARTESIAN_POINT('',(-1.727344723146,0.733712418193,
    -3.420960593515));
#2607 = CARTESIAN_POINT('',(-1.634685599757,0.908859308331,
    -3.43273707782));
#2608 = CARTESIAN_POINT('',(-1.396348508266,1.247918379177,
    -3.457560328727));
#2609 = CARTESIAN_POINT('',(-1.245914123665,1.408648704655,
    -3.470614173836));
#2610 = CARTESIAN_POINT('',(-1.073539646114,1.547243343253,
    -3.48365803742));
#2611 = CARTESIAN_POINT('',(-0.883373144208,1.660193997348,
    -3.496698861957));
#2612 = CARTESIAN_POINT('',(-0.680152809796,1.744844124899,
    -3.50974700844));
#2613 = CARTESIAN_POINT('',(-0.415145634274,1.81394163743,
    -3.526143920328));
#2614 = CARTESIAN_POINT('',(-0.360498225527,1.826103324806,
    -3.529493874372));
#2615 = CARTESIAN_POINT('',(-0.305429712379,1.836287852545,
    -3.532844128025));
#2616 = CARTESIAN_POINT('',(-0.250029460664,1.844477586282,
    -3.536194710392));
#2617 = CARTESIAN_POINT('',(-0.19438773718,1.850660297681,
    -3.539545638461));
#2618 = CARTESIAN_POINT('',(-0.107803399576,1.857130013572,
    -3.544746529241));
#2619 = CARTESIAN_POINT('',(-7.696524970788E-02,1.858817437012,
    -3.546596249269));
#2620 = CARTESIAN_POINT('',(-4.609655579185E-02,1.859890293089,
    -3.548446077575));
#2621 = CARTESIAN_POINT('',(-1.521262219644E-02,1.860347948491,
    -3.55029601342));
#2622 = CARTESIAN_POINT('',(1.567123803656E-02,1.86019027827,
    -3.552146054932));
#2623 = CARTESIAN_POINT('',(0.145845104834,1.856932132865,
    -3.559948205809));
#2624 = CARTESIAN_POINT('',(0.24499279274,1.848082156903,-3.565901367734
    ));
#2625 = CARTESIAN_POINT('',(0.343469583757,1.832880740498,
    -3.571855378676));
#2626 = CARTESIAN_POINT('',(0.440768926357,1.811395048585,
    -3.577810079696));
#2627 = CARTESIAN_POINT('',(0.536394271212,1.783745799361,
    -3.583765212711));
#2628 = CARTESIAN_POINT('',(0.750610673416,1.706649431686,
    -3.597413178499));
#2629 = CARTESIAN_POINT('',(0.867766390519,1.653192510398,
    -3.605106401355));
#2630 = CARTESIAN_POINT('',(0.980283794864,1.590112837236,
    -3.612798246273));
#2631 = CARTESIAN_POINT('',(1.08718558728,1.517923516063,-3.620488287455
    ));
#2632 = CARTESIAN_POINT('',(1.187574111164,1.437267076734,
    -3.628176492091));
#2633 = CARTESIAN_POINT('',(1.395056650711,1.240284917138,
    -3.645311210518));
#2634 = CARTESIAN_POINT('',(1.498426314483,1.120004485636,
    -3.654758045521));
#2635 = CARTESIAN_POINT('',(1.589238633557,0.989495670953,
    -3.664201293415));
#2636 = CARTESIAN_POINT('',(1.666279134485,0.850413875756,
    -3.673644092289));
#2637 = CARTESIAN_POINT('',(1.72859974736,0.704578977997,-3.683090446842
    ));
#2638 = CARTESIAN_POINT('',(1.784868322405,0.524229126652,
    -3.694404515486));
#2639 = CARTESIAN_POINT('',(1.793551613689,0.494294214588,
    -3.696270842187));
#2640 = CARTESIAN_POINT('',(1.801632128653,0.464187735098,
    -3.698137266392));
#2641 = CARTESIAN_POINT('',(1.809105685302,0.433924860022,-3.70000378498
    ));
#2642 = CARTESIAN_POINT('',(1.815968611663,0.403520892959,
    -3.701870390586));
#2643 = CARTESIAN_POINT('',(1.834768941676,0.311673448264,
    -3.707486243681));
#2644 = CARTESIAN_POINT('',(1.844844173399,0.24984848525,-3.711235729596
    ));
#2645 = CARTESIAN_POINT('',(1.852417761747,0.187641831199,
    -3.714985416917));
#2646 = CARTESIAN_POINT('',(1.857472569215,0.125179854914,
    -3.718735139047));
#2647 = CARTESIAN_POINT('',(1.859999999999,6.258984303473E-02,
    -3.722484675224));
#2648 = CARTESIAN_POINT('',(1.86,3.185207653189E-11,-3.726233750515));
#2649 = ORIENTED_EDGE('',*,*,#2344,.T.);
#2650 = ORIENTED_EDGE('',*,*,#2651,.T.);
#2651 = EDGE_CURVE('',#2230,#2652,#2654,.T.);
#2652 = VERTEX_POINT('',#2653);
#2653 = CARTESIAN_POINT('',(1.86,1.963012223043E-12,-3.81375226255));
#2654 = B_SPLINE_CURVE_WITH_KNOTS('',7,(#2655,#2656,#2657,#2658,#2659,
    #2660,#2661,#2662,#2663,#2664,#2665,#2666,#2667,#2668,#2669,#2670,
    #2671,#2672,#2673,#2674,#2675,#2676,#2677,#2678,#2679,#2680,#2681,
    #2682,#2683,#2684,#2685,#2686,#2687,#2688,#2689,#2690,#2691,#2692,
    #2693,#2694,#2695,#2696,#2697,#2698,#2699,#2700,#2701,#2702,#2703,
    #2704,#2705,#2706,#2707,#2708,#2709,#2710,#2711,#2712,#2713,#2714,
    #2715,#2716,#2717,#2718,#2719,#2720,#2721,#2722,#2723,#2724,#2725,
    #2726,#2727,#2728,#2729,#2730,#2731,#2732,#2733,#2734,#2735,#2736,
    #2737,#2738,#2739,#2740,#2741,#2742,#2743,#2744,#2745,#2746,#2747,
    #2748,#2749,#2750,#2751,#2752,#2753,#2754,#2755,#2756,#2757,#2758,
    #2759,#2760,#2761,#2762,#2763,#2764),.UNSPECIFIED.,.F.,.F.,(8,6,6,6,
    6,6,6,6,6,6,6,6,6,6,6,6,6,6,8),(0.,2.502369371903E-02,
    4.840173215866E-02,0.127401169918,0.197141068157,0.242142677499,
    0.26337456982,0.283111767052,0.402970539935,0.498966469849,
    0.59797438914,0.689352460763,0.737353823667,0.78822171588,
    0.840224702437,0.87298544101,0.943880297925,0.972879952336,1.),
  .UNSPECIFIED.);
#2655 = CARTESIAN_POINT('',(1.86,4.987565915826E-12,-3.113752545385));
#2656 = CARTESIAN_POINT('',(1.86,-4.177627437525E-02,-3.116254806188));
#2657 = CARTESIAN_POINT('',(1.858905301124,-8.355259236148E-02,
    -3.118757199045));
#2658 = CARTESIAN_POINT('',(1.856715910756,-0.125294410443,
    -3.121259667676));
#2659 = CARTESIAN_POINT('',(1.853433186178,-0.166967302173,
    -3.123762161454));
#2660 = CARTESIAN_POINT('',(1.849059834565,-0.208536958166,
    -3.126264635399));
#2661 = CARTESIAN_POINT('',(1.843599912992,-0.249969186102,
    -3.128767050181));
#2662 = CARTESIAN_POINT('',(1.830947910986,-0.329777169851,
    -3.13360713165));
#2663 = CARTESIAN_POINT('',(1.823893341758,-0.368174831953,
    -3.135944813776));
#2664 = CARTESIAN_POINT('',(1.815899532923,-0.406395110831,
    -3.138282393591));
#2665 = CARTESIAN_POINT('',(1.806971897605,-0.444410461534,
    -3.14061985381));
#2666 = CARTESIAN_POINT('',(1.79711684987,-0.482193580357,
    -3.142957184764));
#2667 = CARTESIAN_POINT('',(1.786341804728,-0.519717404836,
    -3.145294384407));
#2668 = CARTESIAN_POINT('',(1.735163544436,-0.682789369507,
    -3.155528935458));
#2669 = CARTESIAN_POINT('',(1.685259244676,-0.805366670813,
    -3.163425596673));
#2670 = CARTESIAN_POINT('',(1.625269227523,-0.923635416998,
    -3.171320518433));
#2671 = CARTESIAN_POINT('',(1.5556498865,-1.036608094588,-3.179214955632
    ));
#2672 = CARTESIAN_POINT('',(1.476970165234,-1.143360989019,
    -3.187110670248));
#2673 = CARTESIAN_POINT('',(1.389907040147,-1.243041815428,
    -3.195008604329));
#2674 = CARTESIAN_POINT('',(1.211694094896,-1.415963732567,
    -3.209881312606));
#2675 = CARTESIAN_POINT('',(1.122209591617,-1.490943891272,
    -3.216856594568));
#2676 = CARTESIAN_POINT('',(1.027340858748,-1.559298792275,
    -3.223833335046));
#2677 = CARTESIAN_POINT('',(0.927680116326,-1.620571333082,
    -3.230811452736));
#2678 = CARTESIAN_POINT('',(0.82386304065,-1.674370765174,
    -3.237790802186));
#2679 = CARTESIAN_POINT('',(0.716564759229,-1.720375128857,
    -3.244770862675));
#2680 = CARTESIAN_POINT('',(0.535477021292,-1.782837262123,
    -3.256254316619));
#2681 = CARTESIAN_POINT('',(0.463299534033,-1.803988170188,
    -3.260758129444));
#2682 = CARTESIAN_POINT('',(0.390157427222,-1.821726781527,
    -3.265261730927));
#2683 = CARTESIAN_POINT('',(0.316244410244,-1.836001287437,
    -3.269764990902));
#2684 = CARTESIAN_POINT('',(0.241757121878,-1.84677372691,-3.27426782494
    ));
#2685 = CARTESIAN_POINT('',(0.166894622867,-1.8540200815,-3.278770155728
    ));
#2686 = CARTESIAN_POINT('',(5.645533538429E-02,-1.859480895361,
    -3.285395798647));
#2687 = CARTESIAN_POINT('',(2.101384441769E-02,-1.860444314721,
    -3.287519594794));
#2688 = CARTESIAN_POINT('',(-1.444555160905E-02,-1.8606195894,
    -3.289643257965));
#2689 = CARTESIAN_POINT('',(-4.99018302258E-02,-1.860006381357,
    -3.291766784974));
#2690 = CARTESIAN_POINT('',(-8.533397929556E-02,-1.858605053379,
    -3.293890174365));
#2691 = CARTESIAN_POINT('',(-0.120720997015,-1.856416669082,
    -3.296013426418));
#2692 = CARTESIAN_POINT('',(-0.188876245933,-1.850678659321,
    -3.300110195468));
#2693 = CARTESIAN_POINT('',(-0.22165352385,-1.847235702882,-3.3020837332
    ));
#2694 = CARTESIAN_POINT('',(-0.254356848949,-1.843115544291,
    -3.304057156962));
#2695 = CARTESIAN_POINT('',(-0.286969429105,-1.838320121337,
    -3.306030469029));
#2696 = CARTESIAN_POINT('',(-0.319474556783,-1.832851888902,
    -3.308003673337));
#2697 = CARTESIAN_POINT('',(-0.351855609042,-1.826713818957,
    -3.309976775474));
#2698 = CARTESIAN_POINT('',(-0.579883693996,-1.778587969325,
    -3.323931333103));
#2699 = CARTESIAN_POINT('',(-0.770566319541,-1.712675658931,
    -3.335914292843));
#2700 = CARTESIAN_POINT('',(-0.952289518553,-1.622949005009,
    -3.347891105123));
#2701 = CARTESIAN_POINT('',(-1.121541601762,-1.510947965661,
    -3.359867072907));
#2702 = CARTESIAN_POINT('',(-1.275167490762,-1.378760007928,
    -3.371847532614));
#2703 = CARTESIAN_POINT('',(-1.410376392442,-1.229015544587,
    -3.383835291376));
#2704 = CARTESIAN_POINT('',(-1.616706678937,-0.933565133594,
    -3.405419903118));
#2705 = CARTESIAN_POINT('',(-1.695273923954,-0.792924913577,
    -3.415022363694));
#2706 = CARTESIAN_POINT('',(-1.759499472152,-0.644667814227,
    -3.424624920285));
#2707 = CARTESIAN_POINT('',(-1.808532500094,-0.490555426595,
    -3.434227138094));
#2708 = CARTESIAN_POINT('',(-1.841782559148,-0.332444494329,
    -3.443829620854));
#2709 = CARTESIAN_POINT('',(-1.858926695009,-0.172264078642,
    -3.45343220214));
#2710 = CARTESIAN_POINT('',(-1.861028253457,0.153278141304,
    -3.472933019567));
#2711 = CARTESIAN_POINT('',(-1.844959275488,0.318706173816,
    -3.482834675513));
#2712 = CARTESIAN_POINT('',(-1.811729085937,0.482087048269,
    -3.492733582066));
#2713 = CARTESIAN_POINT('',(-1.761676472933,0.641300911377,
    -3.502630712357));
#2714 = CARTESIAN_POINT('',(-1.695442368398,0.794307861525,
    -3.512528761795));
#2715 = CARTESIAN_POINT('',(-1.613961598386,0.939174830581,
    -3.522429251038));
#2716 = CARTESIAN_POINT('',(-1.430410827932,1.198664916376,
    -3.541466568785));
#2717 = CARTESIAN_POINT('',(-1.330383253186,1.314798241988,
    -3.550606317047));
#2718 = CARTESIAN_POINT('',(-1.219410318284,1.421115049554,
    -3.559746817325));
#2719 = CARTESIAN_POINT('',(-1.098662261497,1.516400534182,
    -3.568888488687));
#2720 = CARTESIAN_POINT('',(-0.969458302794,1.599613774104,
    -3.578032026628));
#2721 = CARTESIAN_POINT('',(-0.833251936923,1.669899286204,
    -3.587176820375));
#2722 = CARTESIAN_POINT('',(-0.617247461776,1.756424631804,
    -3.601122553069));
#2723 = CARTESIAN_POINT('',(-0.541358406924,1.782484367184,
    -3.605925254688));
#2724 = CARTESIAN_POINT('',(-0.4641977387,1.804714269726,-3.610727615749
    ));
#2725 = CARTESIAN_POINT('',(-0.38599759823,1.82304113057,-3.615529515487
    ));
#2726 = CARTESIAN_POINT('',(-0.306994648935,1.837409499175,
    -3.620330883459));
#2727 = CARTESIAN_POINT('',(-0.227429374949,1.847781843698,
    -3.625131647297));
#2728 = CARTESIAN_POINT('',(-6.28908984621E-02,1.860875196322,
    -3.635018360397));
#2729 = CARTESIAN_POINT('',(2.212356423834E-02,1.863102442128,
    -3.640104344911));
#2730 = CARTESIAN_POINT('',(0.107207884278,1.860797444371,
    -3.645189464268));
#2731 = CARTESIAN_POINT('',(0.192072334532,1.853960338483,
    -3.650273749433));
#2732 = CARTESIAN_POINT('',(0.276428548419,1.842614327843,
    -3.655357338329));
#2733 = CARTESIAN_POINT('',(0.359990483281,1.826805611878,
    -3.660440382094));
#2734 = CARTESIAN_POINT('',(0.526800898062,1.785950211183,
    -3.670718935838));
#2735 = CARTESIAN_POINT('',(0.610003116849,1.760704676599,
    -3.675914568897));
#2736 = CARTESIAN_POINT('',(0.691779884425,1.730940775109,
    -3.681109911555));
#2737 = CARTESIAN_POINT('',(0.771837424954,1.696756445239,
    -3.686305228677));
#2738 = CARTESIAN_POINT('',(0.849891355041,1.658273079789,
    -3.691500851278));
#2739 = CARTESIAN_POINT('',(0.925667696301,1.615635106286,
    -3.696697038846));
#2740 = CARTESIAN_POINT('',(1.045041079019,1.539636502716,
    -3.705167713251));
#2741 = CARTESIAN_POINT('',(1.09017073522,1.508680543469,-3.70844185971)
  );
#2742 = CARTESIAN_POINT('',(1.134227402159,1.476183383684,
    -3.711716328354));
#2743 = CARTESIAN_POINT('',(1.177148095876,1.442189837961,-3.71499115242
    ));
#2744 = CARTESIAN_POINT('',(1.218872302828,1.406747841501,
    -3.718266351084));
#2745 = CARTESIAN_POINT('',(1.259341979882,1.369908450108,
    -3.721541929465));
#2746 = CARTESIAN_POINT('',(1.383243612879,1.2490979513,-3.731907094458)
  );
#2747 = CARTESIAN_POINT('',(1.461855479216,1.160174998891,
    -3.738998413123));
#2748 = CARTESIAN_POINT('',(1.533767858607,1.065510062899,
    -3.746091115349));
#2749 = CARTESIAN_POINT('',(1.598484875273,0.965712821838,
    -3.753184836973));
#2750 = CARTESIAN_POINT('',(1.655580316818,0.861440893133,
    -3.760279083914));
#2751 = CARTESIAN_POINT('',(1.70470030293,0.753395523099,-3.767373024937
    ));
#2752 = CARTESIAN_POINT('',(1.762291166044,0.596886671869,
    -3.777366775888));
#2753 = CARTESIAN_POINT('',(1.777630267873,0.550943930363,
    -3.780267818092));
#2754 = CARTESIAN_POINT('',(1.791571135698,0.504543831986,
    -3.783168650088));
#2755 = CARTESIAN_POINT('',(1.804097574756,0.457737440588,-3.78606925149
    ));
#2756 = CARTESIAN_POINT('',(1.815195743651,0.410576453949,-3.78896962025
    ));
#2757 = CARTESIAN_POINT('',(1.824854154355,0.363113203778,
    -3.791869772654));
#2758 = CARTESIAN_POINT('',(1.840741091822,0.270780586819,
    -3.797481752982));
#2759 = CARTESIAN_POINT('',(1.847151382895,0.22594232156,-3.800193607545
    ));
#2760 = CARTESIAN_POINT('',(1.852287085371,0.180929176111,-3.80290533998
    ));
#2761 = CARTESIAN_POINT('',(1.856142601815,0.135784634764,
    -3.805616999105));
#2762 = CARTESIAN_POINT('',(1.858714197419,9.055234992741E-02,
    -3.808328649588));
#2763 = CARTESIAN_POINT('',(1.86,4.52761421268E-02,-3.811040371947));
#2764 = CARTESIAN_POINT('',(1.86,3.934186310062E-12,-3.81375226255));
#2765 = ORIENTED_EDGE('',*,*,#2766,.F.);
#2766 = EDGE_CURVE('',#2559,#2652,#2767,.T.);
#2767 = LINE('',#2768,#2769);
#2768 = CARTESIAN_POINT('',(1.86,0.,-0.2));
#2769 = VECTOR('',#2770,1.);
#2770 = DIRECTION('',(-2.523234146875E-17,0.,-1.));
#2771 = CYLINDRICAL_SURFACE('',#2772,1.86);
#2772 = AXIS2_PLACEMENT_3D('',#2773,#2774,#2775);
#2773 = CARTESIAN_POINT('',(0.,0.,-0.2));
#2774 = DIRECTION('',(-0.,-0.,-1.));
#2775 = DIRECTION('',(1.,0.,0.));
#2776 = ADVANCED_FACE('',(#2777),#2803,.T.);
#2777 = FACE_BOUND('',#2778,.T.);
#2778 = EDGE_LOOP('',(#2779,#2796,#2797,#2798));
#2779 = ORIENTED_EDGE('',*,*,#2780,.F.);
#2780 = EDGE_CURVE('',#2359,#2781,#2783,.T.);
#2781 = VERTEX_POINT('',#2782);
#2782 = CARTESIAN_POINT('',(1.481126772483,8.795179651102E-07,
    -3.332514683842));
#2783 = ( BOUNDED_CURVE() B_SPLINE_CURVE(11,(#2784,#2785,#2786,#2787,
    #2788,#2789,#2790,#2791,#2792,#2793,#2794,#2795),.UNSPECIFIED.,.F.,
.F.) B_SPLINE_CURVE_WITH_KNOTS((12,12),(0.,6.322058019692),
.PIECEWISE_BEZIER_KNOTS.) CURVE() GEOMETRIC_REPRESENTATION_ITEM() 
RATIONAL_B_SPLINE_CURVE((1.056590953773,1.056590953773,1.056590953773,
    1.056590953773,1.056590953773,1.056590953774,1.056590953773,
    1.056590953773,1.056590953773,1.056590953773,1.056590953773,
1.056590953773)) REPRESENTATION_ITEM('') );
#2784 = CARTESIAN_POINT('',(1.481128204367,9.772403339325E-07,
    -2.632516315348));
#2785 = CARTESIAN_POINT('',(1.481126968343,-0.846063735142,
    -2.69615063477));
#2786 = CARTESIAN_POINT('',(0.949614448756,-1.691691694535,
    -2.759753430758));
#2787 = CARTESIAN_POINT('',(-0.114083592032,-2.168178456099,
    -2.823601977443));
#2788 = CARTESIAN_POINT('',(-1.41470299267,-1.896705401577,
    -2.886624835648));
#2789 = CARTESIAN_POINT('',(-2.382787355491,-0.786241408702,
    -2.951359204632));
#2790 = CARTESIAN_POINT('',(-2.383843236124,0.786225806976,
    -3.013671794272));
#2791 = CARTESIAN_POINT('',(-1.413995983511,1.896725639247,
    -3.07840616412));
#2792 = CARTESIAN_POINT('',(-0.114384588687,2.168166720006,
    -3.141429021348));
#2793 = CARTESIAN_POINT('',(0.949672889715,1.69169513925,-3.205277568546
    ));
#2794 = CARTESIAN_POINT('',(1.481128064305,0.846065591901,
    -3.268880364425));
#2795 = CARTESIAN_POINT('',(1.481126772483,8.795180058419E-07,
    -3.332514683842));
#2796 = ORIENTED_EDGE('',*,*,#2377,.T.);
#2797 = ORIENTED_EDGE('',*,*,#2229,.T.);
#2798 = ORIENTED_EDGE('',*,*,#2799,.F.);
#2799 = EDGE_CURVE('',#2781,#2230,#2800,.T.);
#2800 = B_SPLINE_CURVE_WITH_KNOTS('',1,(#2801,#2802),.UNSPECIFIED.,.F.,
  .F.,(2,2),(0.,0.49),.PIECEWISE_BEZIER_KNOTS.);
#2801 = CARTESIAN_POINT('',(1.481126772483,8.795180057552E-07,
    -3.332514683842));
#2802 = CARTESIAN_POINT('',(1.90546972481,-1.055479857619E-07,
    -3.087498237843));
#2803 = B_SPLINE_SURFACE_WITH_KNOTS('',1,10,(
    (#2804,#2805,#2806,#2807,#2808,#2809,#2810,#2811,#2812,#2813,#2814)
    ,(#2815,#2816,#2817,#2818,#2819,#2820,#2821,#2822,#2823,#2824,#2825
    )),.UNSPECIFIED.,.F.,.F.,.F.,(2,2),(11,11),(0.,0.49),(0.,
    6.322058019692),.PIECEWISE_BEZIER_KNOTS.);
#2804 = CARTESIAN_POINT('',(1.481128204367,9.772403319863E-07,
    -2.632516315348));
#2805 = CARTESIAN_POINT('',(1.481126844741,-0.930670206381,
    -2.702514066712));
#2806 = CARTESIAN_POINT('',(0.831500582981,-1.860807580791,
    -2.772473289435));
#2807 = CARTESIAN_POINT('',(-0.468790814838,-2.280127956699,
    -2.842634627455));
#2808 = CARTESIAN_POINT('',(-1.954716184516,-1.692488575814,
    -2.912393398657));
#2809 = CARTESIAN_POINT('',(-2.740571774283,-3.173368318876E-05,
    -2.982515498811));
#2810 = CARTESIAN_POINT('',(-1.954498858758,1.692530412855,
    -3.052637601784));
#2811 = CARTESIAN_POINT('',(-0.469005043931,2.280110395472,
    -3.122396371135));
#2812 = CARTESIAN_POINT('',(0.8315717111,1.860811378386,-3.192557709894)
  );
#2813 = CARTESIAN_POINT('',(1.481128193487,0.930672063139,
    -3.262516932484));
#2814 = CARTESIAN_POINT('',(1.481126772483,8.795180057552E-07,
    -3.332514683842));
#2815 = CARTESIAN_POINT('',(1.905470101596,-1.17276068267E-07,
    -2.38749804204));
#2816 = CARTESIAN_POINT('',(1.905469508617,-1.197236012406,
    -2.457498311909));
#2817 = CARTESIAN_POINT('',(1.069811554028,-2.39450248505,
    -2.527503205767));
#2818 = CARTESIAN_POINT('',(-0.603430203424,-2.932075584077,
    -2.597483842845));
#2819 = CARTESIAN_POINT('',(-2.514154782993,-2.178649271698,
    -2.667512793975));
#2820 = CARTESIAN_POINT('',(-3.526352330014,-7.691720675496E-06,
    -2.737498139733));
#2821 = CARTESIAN_POINT('',(-2.514096780861,2.178661218733,
    -2.807483486241));
#2822 = CARTESIAN_POINT('',(-0.60348548267,2.932071188606,-2.87751243688
    ));
#2823 = CARTESIAN_POINT('',(1.069831165421,2.394503084862,
    -2.947493074151));
#2824 = CARTESIAN_POINT('',(1.905470310423,1.197235789582,
    -3.017497967977));
#2825 = CARTESIAN_POINT('',(1.90546972481,-1.055479857619E-07,
    -3.087498237843));
#2826 = ADVANCED_FACE('',(#2827),#2857,.T.);
#2827 = FACE_BOUND('',#2828,.T.);
#2828 = EDGE_LOOP('',(#2829,#2845,#2846,#2847));
#2829 = ORIENTED_EDGE('',*,*,#2830,.F.);
#2830 = EDGE_CURVE('',#2409,#2831,#2833,.T.);
#2831 = VERTEX_POINT('',#2832);
#2832 = CARTESIAN_POINT('',(1.481133554775,8.795098838974E-07,
    -3.50751468371));
#2833 = B_SPLINE_CURVE_WITH_KNOTS('',10,(#2834,#2835,#2836,#2837,#2838,
    #2839,#2840,#2841,#2842,#2843,#2844),.UNSPECIFIED.,.F.,.F.,(11,11),(
    0.,6.322058019692),.PIECEWISE_BEZIER_KNOTS.);
#2834 = CARTESIAN_POINT('',(1.481135740246,9.772303931453E-07,
    -2.807516315186));
#2835 = CARTESIAN_POINT('',(1.481133341974,-0.930674703606,
    -2.877514066594));
#2836 = CARTESIAN_POINT('',(0.831485271521,-1.860815859788,
    -2.947473290121));
#2837 = CARTESIAN_POINT('',(-0.468737462239,-2.280143422046,
    -3.017634624899));
#2838 = CARTESIAN_POINT('',(-1.954783372247,-1.692485124096,
    -3.087393401148));
#2839 = CARTESIAN_POINT('',(-2.740585031195,-4.753005968139E-05,
    -3.157515498249));
#2840 = CARTESIAN_POINT('',(-1.954450550302,1.692550268112,
    -3.227637599661));
#2841 = CARTESIAN_POINT('',(-0.469062936853,2.280116928377,
    -3.297396373081));
#2842 = CARTESIAN_POINT('',(0.831595062784,1.860821107279,
    -3.367557708985));
#2843 = CARTESIAN_POINT('',(1.481136014422,0.930676560347,
    -3.437516932312));
#2844 = CARTESIAN_POINT('',(1.481133554775,8.795099249835E-07,
    -3.50751468371));
#2845 = ORIENTED_EDGE('',*,*,#2426,.T.);
#2846 = ORIENTED_EDGE('',*,*,#2780,.T.);
#2847 = ORIENTED_EDGE('',*,*,#2848,.F.);
#2848 = EDGE_CURVE('',#2831,#2781,#2849,.T.);
#2849 = ( BOUNDED_CURVE() B_SPLINE_CURVE(6,(#2850,#2851,#2852,#2853,
#2854,#2855,#2856),.UNSPECIFIED.,.F.,.F.) B_SPLINE_CURVE_WITH_KNOTS((7,7
),(0.,2.094395102393),.PIECEWISE_BEZIER_KNOTS.) CURVE() 
GEOMETRIC_REPRESENTATION_ITEM() RATIONAL_B_SPLINE_CURVE((1.056590953773,
    1.017435169568,0.996326512422,0.989390034249,0.996326512422,
1.017435169568,1.056590953773)) REPRESENTATION_ITEM('') );
#2850 = CARTESIAN_POINT('',(1.481133554775,8.795099263881E-07,
    -3.50751468371));
#2851 = CARTESIAN_POINT('',(1.449414937029,9.531396406581E-07,
    -3.489203570227));
#2852 = CARTESIAN_POINT('',(1.427062035401,1.005027548517E-06,
    -3.458210203127));
#2853 = CARTESIAN_POINT('',(1.418981721239,1.023783241239E-06,
    -3.420017092398));
#2854 = CARTESIAN_POINT('',(1.427059074956,1.005031075668E-06,
    -3.381823355464));
#2855 = CARTESIAN_POINT('',(1.449409574162,9.531460323509E-07,
    -3.350828255841));
#2856 = CARTESIAN_POINT('',(1.481126772483,8.795180058419E-07,
    -3.332514683842));
#2857 = ( BOUNDED_SURFACE() B_SPLINE_SURFACE(6,11,(
    (#2858,#2859,#2860,#2861,#2862,#2863,#2864,#2865,#2866,#2867,#2868
      ,#2869)
    ,(#2870,#2871,#2872,#2873,#2874,#2875,#2876,#2877,#2878,#2879,#2880
      ,#2881)
    ,(#2882,#2883,#2884,#2885,#2886,#2887,#2888,#2889,#2890,#2891,#2892
      ,#2893)
    ,(#2894,#2895,#2896,#2897,#2898,#2899,#2900,#2901,#2902,#2903,#2904
      ,#2905)
    ,(#2906,#2907,#2908,#2909,#2910,#2911,#2912,#2913,#2914,#2915,#2916
      ,#2917)
    ,(#2918,#2919,#2920,#2921,#2922,#2923,#2924,#2925,#2926,#2927,#2928
      ,#2929)
    ,(#2930,#2931,#2932,#2933,#2934,#2935,#2936,#2937,#2938,#2939,#2940
,#2941
    )),.UNSPECIFIED.,.F.,.F.,.F.) B_SPLINE_SURFACE_WITH_KNOTS((7,7),(12,
    12),(0.,2.094395102393),(0.,6.322058019692),
.PIECEWISE_BEZIER_KNOTS.) GEOMETRIC_REPRESENTATION_ITEM() 
RATIONAL_B_SPLINE_SURFACE((
    (1.056590953773,1.056590953773,1.056590953773,1.056590953773
      ,1.056590953773,1.056590953774,1.056590953773,1.056590953773
      ,1.056590953773,1.056590953773,1.056590953773,1.056590953773)
    ,(1.017435169568,1.017435169568,1.017435169568,1.017435169568
      ,1.017435169568,1.017435169568,1.017435169568,1.017435169568
      ,1.017435169568,1.017435169568,1.017435169568,1.017435169568)
    ,(0.996326512422,0.996326512422,0.996326512422,0.996326512422
      ,0.996326512422,0.996326512423,0.996326512421,0.996326512423
      ,0.996326512422,0.996326512422,0.996326512422,0.996326512422)
    ,(0.989390034249,0.989390034249,0.989390034248,0.989390034249
      ,0.989390034248,0.989390034249,0.989390034248,0.989390034249
      ,0.989390034248,0.989390034249,0.989390034249,0.989390034249)
    ,(0.996326512422,0.996326512422,0.996326512422,0.996326512422
      ,0.996326512422,0.996326512423,0.996326512422,0.996326512423
      ,0.996326512422,0.996326512422,0.996326512422,0.996326512422)
    ,(1.017435169568,1.017435169568,1.017435169568,1.017435169568
      ,1.017435169568,1.017435169568,1.017435169568,1.017435169568
      ,1.017435169568,1.017435169568,1.017435169568,1.017435169568)
    ,(1.056590953773,1.056590953773,1.056590953773,1.056590953773
      ,1.056590953773,1.056590953774,1.056590953773,1.056590953773
      ,1.056590953773,1.056590953773,1.056590953773,1.056590953773
))) REPRESENTATION_ITEM('') SURFACE() );
#2858 = CARTESIAN_POINT('',(1.481135740246,9.772303933842E-07,
    -2.807516315186));
#2859 = CARTESIAN_POINT('',(1.481133559999,-0.84606782353,
    -2.871150634648));
#2860 = CARTESIAN_POINT('',(0.949603102513,-1.691699285937,
    -2.934753431298));
#2861 = CARTESIAN_POINT('',(-0.114005654244,-2.168191961273,
    -2.998601973839));
#2862 = CARTESIAN_POINT('',(-1.41489650086,-1.896708829812,
    -3.061624843896));
#2863 = CARTESIAN_POINT('',(-2.382521281223,-0.786248454122,
    -3.126359191902));
#2864 = CARTESIAN_POINT('',(-2.384132353966,0.786226214065,
    -3.188671806556));
#2865 = CARTESIAN_POINT('',(-1.413816140433,1.896740651033,
    -3.253406155886));
#2866 = CARTESIAN_POINT('',(-0.114463635739,2.168174124284,
    -3.316429024448));
#2867 = CARTESIAN_POINT('',(0.949693417627,1.691703916928,
    -3.380277567772));
#2868 = CARTESIAN_POINT('',(1.481135790818,0.846069680271,
    -3.443880364257));
#2869 = CARTESIAN_POINT('',(1.481133554775,8.795099263881E-07,
    -3.50751468371));
#2870 = CARTESIAN_POINT('',(1.449417043649,1.059041288332E-06,
    -2.78920533829));
#2871 = CARTESIAN_POINT('',(1.449415008919,-0.827953994201,
    -2.852839486612));
#2872 = CARTESIAN_POINT('',(0.929264955292,-1.655437316869,
    -2.916439473021));
#2873 = CARTESIAN_POINT('',(-0.111556429298,-2.121871502469,
    -2.980305779254));
#2874 = CARTESIAN_POINT('',(-1.384604914852,-1.855859829793,
    -3.043277287458));
#2875 = CARTESIAN_POINT('',(-2.331502477438,-0.76973888421,
    -3.10810355894));
#2876 = CARTESIAN_POINT('',(-2.333055538811,0.769717088589,
    -3.170305349154));
#2877 = CARTESIAN_POINT('',(-1.383563820051,1.855890290625,
    -3.235131621911));
#2878 = CARTESIAN_POINT('',(-0.11199821175,2.121854291802,
    -3.298103128675));
#2879 = CARTESIAN_POINT('',(0.929351757565,1.655441923411,
    -3.361969435663));
#2880 = CARTESIAN_POINT('',(1.449417032226,0.827956006382,
    -3.425569421912));
#2881 = CARTESIAN_POINT('',(1.449414937029,9.531396406581E-07,
    -3.489203570227));
#2882 = CARTESIAN_POINT('',(1.427064008557,1.11669468697E-06,
    -2.758212067446));
#2883 = CARTESIAN_POINT('',(1.427062173977,-0.815188704306,
    -2.821846095162));
#2884 = CARTESIAN_POINT('',(0.914933777678,-1.629882618947,
    -2.885444101117));
#2885 = CARTESIAN_POINT('',(-0.109838509787,-2.089227946793,
    -2.949322925903));
#2886 = CARTESIAN_POINT('',(-1.363238345007,-1.827073068393,
    -3.012258238037));
#2887 = CARTESIAN_POINT('',(-2.295576884312,-0.758103814846,
    -3.077149290423));
#2888 = CARTESIAN_POINT('',(-2.297031675581,0.758083018616,
    -3.139272979754));
#2889 = CARTESIAN_POINT('',(-1.362263513533,1.827101373181,
    -3.204164033333));
#2890 = CARTESIAN_POINT('',(-0.110252649452,2.089211808138,
    -3.26709934412));
#2891 = CARTESIAN_POINT('',(0.91501480966,1.629887085636,-3.330978169613
    ));
#2892 = CARTESIAN_POINT('',(1.427063933741,0.815190826029,
    -3.394576175418));
#2893 = CARTESIAN_POINT('',(1.427062035401,1.005027548517E-06,
    -3.458210203127));
#2894 = CARTESIAN_POINT('',(1.418983529927,1.137534553247E-06,
    -2.720018991514));
#2895 = CARTESIAN_POINT('',(1.41898191332,-0.810574167178,
    -2.783652975631));
#2896 = CARTESIAN_POINT('',(0.909755644149,-1.620644917677,
    -2.847250265665));
#2897 = CARTESIAN_POINT('',(-0.10922960284,-2.077427125468,
    -2.911133615817));
#2898 = CARTESIAN_POINT('',(-1.355485732821,-1.816667807089,
    -2.974055843358));
#2899 = CARTESIAN_POINT('',(-2.282632918628,-0.753897330341,
    -3.038970313492));
#2900 = CARTESIAN_POINT('',(-2.283966561911,0.753877919183,
    -3.101065770057));
#2901 = CARTESIAN_POINT('',(-1.354592434849,1.816693546024,
    -3.165980241284));
#2902 = CARTESIAN_POINT('',(-0.109609538971,2.077412315243,
    -3.228902467591));
#2903 = CARTESIAN_POINT('',(0.909829674454,1.620649150855,
    -3.292785818391));
#2904 = CARTESIAN_POINT('',(1.418983402795,0.810576328496,
    -3.356383108287));
#2905 = CARTESIAN_POINT('',(1.418981721239,1.023783241239E-06,
    -3.420017092398));
#2906 = CARTESIAN_POINT('',(1.427060719174,1.116699025333E-06,
    -2.681825219797));
#2907 = CARTESIAN_POINT('',(1.427059296744,-0.81518691974,
    -2.745459247495));
#2908 = CARTESIAN_POINT('',(0.91493873027,-1.629879305328,-2.80905725316
    ));
#2909 = CARTESIAN_POINT('',(-0.10987252934,-2.089222051835,
    -2.872936079756));
#2910 = CARTESIAN_POINT('',(-1.363153879404,-1.827071571981,
    -2.935871386717));
#2911 = CARTESIAN_POINT('',(-2.295693024738,-0.758100739547,
    -3.000762448259));
#2912 = CARTESIAN_POINT('',(-2.296905476721,0.758082840923,
    -3.062886126672));
#2913 = CARTESIAN_POINT('',(-1.362342014366,1.827094820592,
    -3.127777189207));
#2914 = CARTESIAN_POINT('',(-0.110218145708,2.089208576198,
    -3.190712495046));
#2915 = CARTESIAN_POINT('',(0.915005849303,1.629883254212,
    -3.254591322231));
#2916 = CARTESIAN_POINT('',(1.427060561146,0.81518904147,-3.318189327771
    ));
#2917 = CARTESIAN_POINT('',(1.427059074956,1.005031075668E-06,
    -3.381823355464));
#2918 = CARTESIAN_POINT('',(1.449411084908,1.059049148322E-06,
    -2.650830023928));
#2919 = CARTESIAN_POINT('',(1.449409796791,-0.827950761447,
    -2.714464172219));
#2920 = CARTESIAN_POINT('',(0.929273926949,-1.655431314226,
    -2.778064158104));
#2921 = CARTESIAN_POINT('',(-0.111618055961,-2.121860823711,
    -2.841930467614));
#2922 = CARTESIAN_POINT('',(-1.384451904814,-1.855857119032,
    -2.904901966447));
#2923 = CARTESIAN_POINT('',(-2.331712866641,-0.769733313282,
    -2.969728254515));
#2924 = CARTESIAN_POINT('',(-2.332826928684,0.769716766697,
    -3.031930024951));
#2925 = CARTESIAN_POINT('',(-1.383706024865,1.855878420564,
    -3.096756313932));
#2926 = CARTESIAN_POINT('',(-0.111935707974,2.121848437121,
    -3.159727811734));
#2927 = CARTESIAN_POINT('',(0.929335525815,1.65543498276,-3.223594121786
    ));
#2928 = CARTESIAN_POINT('',(1.449410922748,0.827952773642,
    -3.287194107555));
#2929 = CARTESIAN_POINT('',(1.449409574162,9.531460323509E-07,
    -3.350828255841));
#2930 = CARTESIAN_POINT('',(1.481128204367,9.772403339325E-07,
    -2.632516315348));
#2931 = CARTESIAN_POINT('',(1.481126968343,-0.846063735142,
    -2.69615063477));
#2932 = CARTESIAN_POINT('',(0.949614448756,-1.691691694535,
    -2.759753430758));
#2933 = CARTESIAN_POINT('',(-0.114083592032,-2.168178456099,
    -2.823601977443));
#2934 = CARTESIAN_POINT('',(-1.41470299267,-1.896705401577,
    -2.886624835648));
#2935 = CARTESIAN_POINT('',(-2.382787355491,-0.786241408702,
    -2.951359204632));
#2936 = CARTESIAN_POINT('',(-2.383843236124,0.786225806976,
    -3.013671794272));
#2937 = CARTESIAN_POINT('',(-1.413995983511,1.896725639247,
    -3.07840616412));
#2938 = CARTESIAN_POINT('',(-0.114384588687,2.168166720006,
    -3.141429021348));
#2939 = CARTESIAN_POINT('',(0.949672889715,1.69169513925,-3.205277568546
    ));
#2940 = CARTESIAN_POINT('',(1.481128064305,0.846065591901,
    -3.268880364425));
#2941 = CARTESIAN_POINT('',(1.481126772483,8.795180058419E-07,
    -3.332514683842));
#2942 = ADVANCED_FACE('',(#2943),#2953,.T.);
#2943 = FACE_BOUND('',#2944,.T.);
#2944 = EDGE_LOOP('',(#2945,#2946,#2947,#2948));
#2945 = ORIENTED_EDGE('',*,*,#2558,.F.);
#2946 = ORIENTED_EDGE('',*,*,#2527,.T.);
#2947 = ORIENTED_EDGE('',*,*,#2830,.T.);
#2948 = ORIENTED_EDGE('',*,*,#2949,.F.);
#2949 = EDGE_CURVE('',#2559,#2831,#2950,.T.);
#2950 = B_SPLINE_CURVE_WITH_KNOTS('',1,(#2951,#2952),.UNSPECIFIED.,.F.,
  .F.,(2,2),(0.,0.49),.PIECEWISE_BEZIER_KNOTS.);
#2951 = CARTESIAN_POINT('',(1.905495497517,-1.055786941942E-07,
    -3.752498237344));
#2952 = CARTESIAN_POINT('',(1.481133554775,8.795099249835E-07,
    -3.50751468371));
#2953 = B_SPLINE_SURFACE_WITH_KNOTS('',1,10,(
    (#2954,#2955,#2956,#2957,#2958,#2959,#2960,#2961,#2962,#2963,#2964)
    ,(#2965,#2966,#2967,#2968,#2969,#2970,#2971,#2972,#2973,#2974,#2975
    )),.UNSPECIFIED.,.F.,.F.,.F.,(2,2),(11,11),(0.,0.49),(0.,
    6.322058019692),.PIECEWISE_BEZIER_KNOTS.);
#2954 = CARTESIAN_POINT('',(1.905498737936,-1.173138394942E-07,
    -3.052498041423));
#2955 = CARTESIAN_POINT('',(1.905494198103,-1.197253101863,
    -3.122498311462));
#2956 = CARTESIAN_POINT('',(1.069753370481,-2.394533945237,
    -3.192503208375));
#2957 = CARTESIAN_POINT('',(-0.60322746355,-2.932134352398,
    -3.262483833132));
#2958 = CARTESIAN_POINT('',(-2.514410096372,-2.178636155167,
    -3.332512803443));
#2959 = CARTESIAN_POINT('',(-3.526402706276,-6.771795160354E-05,
    -3.402498137597));
#2960 = CARTESIAN_POINT('',(-2.513913208732,2.178736668711,
    -3.472483478175));
#2961 = CARTESIAN_POINT('',(-0.603705475773,2.932096013643,
    -3.542512444274));
#2962 = CARTESIAN_POINT('',(1.069919901821,2.394540054655,
    -3.612493070698));
#2963 = CARTESIAN_POINT('',(1.905500029978,1.197252878972,
    -3.682497967325));
#2964 = CARTESIAN_POINT('',(1.905495497517,-1.055786941942E-07,
    -3.752498237344));
#2965 = CARTESIAN_POINT('',(1.481135740246,9.772303931453E-07,
    -2.807516315186));
#2966 = CARTESIAN_POINT('',(1.481133341974,-0.930674703606,
    -2.877514066594));
#2967 = CARTESIAN_POINT('',(0.831485271521,-1.860815859788,
    -2.947473290121));
#2968 = CARTESIAN_POINT('',(-0.468737462239,-2.280143422046,
    -3.017634624899));
#2969 = CARTESIAN_POINT('',(-1.954783372247,-1.692485124096,
    -3.087393401148));
#2970 = CARTESIAN_POINT('',(-2.740585031195,-4.753005968139E-05,
    -3.157515498249));
#2971 = CARTESIAN_POINT('',(-1.954450550302,1.692550268112,
    -3.227637599661));
#2972 = CARTESIAN_POINT('',(-0.469062936853,2.280116928377,
    -3.297396373081));
#2973 = CARTESIAN_POINT('',(0.831595062784,1.860821107279,
    -3.367557708985));
#2974 = CARTESIAN_POINT('',(1.481136014422,0.930676560347,
    -3.437516932312));
#2975 = CARTESIAN_POINT('',(1.481133554775,8.795099249835E-07,
    -3.50751468371));
#2976 = ADVANCED_FACE('',(#2977),#3187,.T.);
#2977 = FACE_BOUND('',#2978,.F.);
#2978 = EDGE_LOOP('',(#2979,#3071,#3072,#3181));
#2979 = ORIENTED_EDGE('',*,*,#2980,.F.);
#2980 = EDGE_CURVE('',#2559,#2981,#2983,.T.);
#2981 = VERTEX_POINT('',#2982);
#2982 = CARTESIAN_POINT('',(1.86,1.249394078207E-11,-4.426235555922));
#2983 = B_SPLINE_CURVE_WITH_KNOTS('',6,(#2984,#2985,#2986,#2987,#2988,
    #2989,#2990,#2991,#2992,#2993,#2994,#2995,#2996,#2997,#2998,#2999,
    #3000,#3001,#3002,#3003,#3004,#3005,#3006,#3007,#3008,#3009,#3010,
    #3011,#3012,#3013,#3014,#3015,#3016,#3017,#3018,#3019,#3020,#3021,
    #3022,#3023,#3024,#3025,#3026,#3027,#3028,#3029,#3030,#3031,#3032,
    #3033,#3034,#3035,#3036,#3037,#3038,#3039,#3040,#3041,#3042,#3043,
    #3044,#3045,#3046,#3047,#3048,#3049,#3050,#3051,#3052,#3053,#3054,
    #3055,#3056,#3057,#3058,#3059,#3060,#3061,#3062,#3063,#3064,#3065,
    #3066,#3067,#3068,#3069,#3070),.UNSPECIFIED.,.F.,.F.,(7,5,5,5,5,5,5,
    5,5,5,5,5,5,5,5,5,5,7),(0.,5.499997603971E-02,0.125000509444,
    0.225963131419,0.263831538007,0.317833271138,0.370836948995,
    0.400463401217,0.496604549969,0.597499502564,0.709376745993,
    0.738083679775,0.753916476567,0.804918260861,0.870773156491,
    0.951772232183,0.967771966174,1.),.UNSPECIFIED.);
#2984 = CARTESIAN_POINT('',(1.86,3.180833374472E-11,-3.726233750514));
#2985 = CARTESIAN_POINT('',(1.860000000001,-0.107124493845,
    -3.732650422116));
#2986 = CARTESIAN_POINT('',(1.85259616403,-0.21425125371,-3.739066690605
    ));
#2987 = CARTESIAN_POINT('',(1.837788798031,-0.320735085835,
    -3.74548338751));
#2988 = CARTESIAN_POINT('',(1.81565180948,-0.425939155839,
    -3.751901238166));
#2989 = CARTESIAN_POINT('',(1.786331661362,-0.529239584565,
    -3.758320432122));
#2990 = CARTESIAN_POINT('',(1.70386461843,-0.758309843828,
    -3.772910864859));
#2991 = CARTESIAN_POINT('',(1.646396579894,-0.88253496071,-3.78108317823
    ));
#2992 = CARTESIAN_POINT('',(1.578092301099,-1.001447737324,
    -3.78925529905));
#2993 = CARTESIAN_POINT('',(1.499583061217,-1.113885659545,
    -3.79742608598));
#2994 = CARTESIAN_POINT('',(1.411651697157,-1.218781662962,
    -3.805595180345));
#2995 = CARTESIAN_POINT('',(1.176196394248,-1.454246406302,
    -3.825539710513));
#2996 = CARTESIAN_POINT('',(1.019470081048,-1.575695147432,
    -3.83731596581));
#2997 = CARTESIAN_POINT('',(0.847928348156,-1.676644475544,
    -3.849083309175));
#2998 = CARTESIAN_POINT('',(0.66495351775,-1.754984387997,
    -3.860848662701));
#2999 = CARTESIAN_POINT('',(0.47424853765,-1.809242463588,-3.87261952978
    ));
#3000 = CARTESIAN_POINT('',(0.206922624085,-1.84992516726,
    -3.888806167088));
#3001 = CARTESIAN_POINT('',(0.133476719775,-1.857552264814,
    -3.893221839288));
#3002 = CARTESIAN_POINT('',(5.970997751465E-02,-1.861678104975,
    -3.897638096084));
#3003 = CARTESIAN_POINT('',(-1.416947141112E-02,-1.8622877431,
    -3.902054973511));
#3004 = CARTESIAN_POINT('',(-8.795296780383E-02,-1.859382779989,
    -3.906472464332));
#3005 = CARTESIAN_POINT('',(-0.266214149324,-1.843852705461,
    -3.917190824267));
#3006 = CARTESIAN_POINT('',(-0.370379587701,-1.827613371284,
    -3.923492418386));
#3007 = CARTESIAN_POINT('',(-0.473320104137,-1.804316508964,
    -3.92979490219));
#3008 = CARTESIAN_POINT('',(-0.574441036509,-1.774082666161,
    -3.936098135577));
#3009 = CARTESIAN_POINT('',(-0.673165063285,-1.737098646315,
    -3.942401912431));
#3010 = CARTESIAN_POINT('',(-0.86293823572,-1.650937722095,
    -3.954892855702));
#3011 = CARTESIAN_POINT('',(-0.954099096681,-1.601997180763,
    -3.961080263057));
#3012 = CARTESIAN_POINT('',(-1.041894272462,-1.5470332488,
    -3.967267297448));
#3013 = CARTESIAN_POINT('',(-1.125830764813,-1.486339554637,
    -3.973453833088));
#3014 = CARTESIAN_POINT('',(-1.20545108034,-1.420262506067,
    -3.979639837803));
#3015 = CARTESIAN_POINT('',(-1.322194164601,-1.309477909294,
    -3.989282250658));
#3016 = CARTESIAN_POINT('',(-1.362572916252,-1.268198467614,
    -3.99273925373));
#3017 = CARTESIAN_POINT('',(-1.401400233092,-1.225429706815,
    -3.996196034359));
#3018 = CARTESIAN_POINT('',(-1.438608010917,-1.181244801556,
    -3.999652596189));
#3019 = CARTESIAN_POINT('',(-1.474132815666,-1.135721016918,
    -4.003108952679));
#3020 = CARTESIAN_POINT('',(-1.617545714135,-0.937129133622,
    -4.01778079942));
#3021 = CARTESIAN_POINT('',(-1.708857406506,-0.772043043836,
    -4.028996859536));
#3022 = CARTESIAN_POINT('',(-1.779786013035,-0.596513481564,
    -4.040209131791));
#3023 = CARTESIAN_POINT('',(-1.828961300902,-0.413694358892,
    -4.05142213728));
#3024 = CARTESIAN_POINT('',(-1.855577410911,-0.226927863178,
    -4.06263961843));
#3025 = CARTESIAN_POINT('',(-1.863772103276,0.156750093821,
    -4.085627955573));
#3026 = CARTESIAN_POINT('',(-1.84306059586,0.353798669093,
    -4.097404144421));
#3027 = CARTESIAN_POINT('',(-1.797333178941,0.547369481825,
    -4.109178676954));
#3028 = CARTESIAN_POINT('',(-1.72740310694,0.733570831179,
    -4.120953309949));
#3029 = CARTESIAN_POINT('',(-1.634763506345,0.908717135587,
    -4.132729231392));
#3030 = CARTESIAN_POINT('',(-1.396471044555,1.247778784215,
    -4.157551075718));
#3031 = CARTESIAN_POINT('',(-1.246062799605,1.408513592888,
    -4.170604075126));
#3032 = CARTESIAN_POINT('',(-1.07371507456,1.547117910061,
    -4.183647095181));
#3033 = CARTESIAN_POINT('',(-0.883574736574,1.660083664274,
    -4.196687074639));
#3034 = CARTESIAN_POINT('',(-0.680378736224,1.744754273825,
    -4.209734371149));
#3035 = CARTESIAN_POINT('',(-0.415428461692,1.813875810589,
    -4.226128344608));
#3036 = CARTESIAN_POINT('',(-0.360817082843,1.82603863822,
    -4.229476210506));
#3037 = CARTESIAN_POINT('',(-0.305784797669,1.83622684093,
    -4.232824375518));
#3038 = CARTESIAN_POINT('',(-0.250420802005,1.844422801706,
    -4.236172868728));
#3039 = CARTESIAN_POINT('',(-0.194815191633,1.850614295918,
    -4.239521707132));
#3040 = CARTESIAN_POINT('',(-0.108307609452,1.857100003452,
    -4.244718080755));
#3041 = CARTESIAN_POINT('',(-7.751038352528E-02,1.858793709262,
    -4.246565373521));
#3042 = CARTESIAN_POINT('',(-4.668252049942E-02,1.859874467709,
    -4.248412774285));
#3043 = CARTESIAN_POINT('',(-1.583926474018E-02,1.860341643474,
    -4.250260282303));
#3044 = CARTESIAN_POINT('',(1.500413102197E-02,1.860195106965,
    -4.252107895732));
#3045 = CARTESIAN_POINT('',(0.145138740233,1.856987475909,
    -4.259907611722));
#3046 = CARTESIAN_POINT('',(0.244289781582,1.848175215688,
    -4.265860767562));
#3047 = CARTESIAN_POINT('',(0.342772341755,1.833011261086,-4.27181477346
    ));
#3048 = CARTESIAN_POINT('',(0.44007984389,1.81156258443,-4.277769470963)
  );
#3049 = CARTESIAN_POINT('',(0.535715693018,1.783949715047,
    -4.283724602298));
#3050 = CARTESIAN_POINT('',(0.749901805322,1.706956267155,
    -4.297368772606));
#3051 = CARTESIAN_POINT('',(0.867021786822,1.653575211353,
    -4.305058202131));
#3052 = CARTESIAN_POINT('',(0.979512209037,1.590578950032,
    -4.312746259324));
#3053 = CARTESIAN_POINT('',(1.086396993442,1.518479387029,
    -4.320432517649));
#3054 = CARTESIAN_POINT('',(1.186779483778,1.437917635518,
    -4.328116941965));
#3055 = CARTESIAN_POINT('',(1.394331227043,1.24110038675,-4.345247898919
    ));
#3056 = CARTESIAN_POINT('',(1.497771215163,1.12088039798,-4.354694749369
    ));
#3057 = CARTESIAN_POINT('',(1.588659838768,0.990424681061,
    -4.364138005881));
#3058 = CARTESIAN_POINT('',(1.665781654189,0.851387929506,
    -4.373580801384));
#3059 = CARTESIAN_POINT('',(1.72818752638,0.705589471403,-4.383027143307
    ));
#3060 = CARTESIAN_POINT('',(1.784561534865,0.525272532754,
    -4.394341195853));
#3061 = CARTESIAN_POINT('',(1.793262324852,0.49534270512,-4.396207519563
    ));
#3062 = CARTESIAN_POINT('',(1.801360438997,0.465240957868,
    -4.398073940824));
#3063 = CARTESIAN_POINT('',(1.808851686447,0.434982460388,
    -4.399940456585));
#3064 = CARTESIAN_POINT('',(1.815732386298,0.404582514119,
    -4.401807059557));
#3065 = CARTESIAN_POINT('',(1.834622857774,0.312568547656,
    -4.407433762163));
#3066 = CARTESIAN_POINT('',(1.844756323387,0.250568999621,
    -4.411194103089));
#3067 = CARTESIAN_POINT('',(1.852373786601,0.1881844417,-4.414954648108)
  );
#3068 = CARTESIAN_POINT('',(1.857457910685,0.125542337736,
    -4.418715229471));
#3069 = CARTESIAN_POINT('',(1.86,6.27710821665E-02,-4.422475624568));
#3070 = CARTESIAN_POINT('',(1.86,2.497868578644E-11,-4.426235555922));
#3071 = ORIENTED_EDGE('',*,*,#2766,.T.);
#3072 = ORIENTED_EDGE('',*,*,#3073,.T.);
#3073 = EDGE_CURVE('',#2652,#3074,#3076,.T.);
#3074 = VERTEX_POINT('',#3075);
#3075 = CARTESIAN_POINT('',(1.86,1.48537140698E-12,-4.51375197972));
#3076 = B_SPLINE_CURVE_WITH_KNOTS('',7,(#3077,#3078,#3079,#3080,#3081,
    #3082,#3083,#3084,#3085,#3086,#3087,#3088,#3089,#3090,#3091,#3092,
    #3093,#3094,#3095,#3096,#3097,#3098,#3099,#3100,#3101,#3102,#3103,
    #3104,#3105,#3106,#3107,#3108,#3109,#3110,#3111,#3112,#3113,#3114,
    #3115,#3116,#3117,#3118,#3119,#3120,#3121,#3122,#3123,#3124,#3125,
    #3126,#3127,#3128,#3129,#3130,#3131,#3132,#3133,#3134,#3135,#3136,
    #3137,#3138,#3139,#3140,#3141,#3142,#3143,#3144,#3145,#3146,#3147,
    #3148,#3149,#3150,#3151,#3152,#3153,#3154,#3155,#3156,#3157,#3158,
    #3159,#3160,#3161,#3162,#3163,#3164,#3165,#3166,#3167,#3168,#3169,
    #3170,#3171,#3172,#3173,#3174,#3175,#3176,#3177,#3178,#3179,#3180),
  .UNSPECIFIED.,.F.,.F.,(8,6,6,6,6,6,6,6,6,6,6,6,6,6,6,6,6,8),(0.,
    2.502397311141E-02,4.84025652916E-02,0.127402163507,0.194186939773,
    0.262188411116,0.282962762366,0.402729839292,0.498641968703,
    0.597999239045,0.625464721345,0.678468484413,0.730470335106,
    0.776392579727,0.873256749494,0.944257462445,0.973257170111,1.),
  .UNSPECIFIED.);
#3077 = CARTESIAN_POINT('',(1.86,3.921973856791E-12,-3.81375226255));
#3078 = CARTESIAN_POINT('',(1.86,-4.177665600836E-02,-3.816254546212));
#3079 = CARTESIAN_POINT('',(1.858905281123,-8.355335562855E-02,
    -3.818756961929));
#3080 = CARTESIAN_POINT('',(1.856715850755,-0.125295554398,
    -3.821259453421));
#3081 = CARTESIAN_POINT('',(1.853433066224,-0.166968824926,
    -3.823761970058));
#3082 = CARTESIAN_POINT('',(1.849059634808,-0.208538856891,
    -3.826264466861));
#3083 = CARTESIAN_POINT('',(1.843599613727,-0.249971457038,
    -3.828766904499));
#3084 = CARTESIAN_POINT('',(1.830947305003,-0.329780634324,
    -3.833607059446));
#3085 = CARTESIAN_POINT('',(1.823892507415,-0.368179114597,
    -3.835944792191));
#3086 = CARTESIAN_POINT('',(1.81589842989,-0.406400202009,-3.83828242262
    ));
#3087 = CARTESIAN_POINT('',(1.806970485964,-0.444416349837,
    -3.840619933448));
#3088 = CARTESIAN_POINT('',(1.797115090202,-0.482200252622,
    -3.842957315006));
#3089 = CARTESIAN_POINT('',(1.7863396582,-0.519724846168,-3.845294565248
    ));
#3090 = CARTESIAN_POINT('',(1.735160391862,-0.682797381069,
    -3.855529166848));
#3091 = CARTESIAN_POINT('',(1.685255526092,-0.805374452078,
    -3.863425828038));
#3092 = CARTESIAN_POINT('',(1.625264962795,-0.923642921403,
    -3.871320749825));
#3093 = CARTESIAN_POINT('',(1.555645100057,-1.036615277662,
    -3.879215187106));
#3094 = CARTESIAN_POINT('',(1.476964885776,-1.143367808908,
    -3.88711090184));
#3095 = CARTESIAN_POINT('',(1.389901300317,-1.243048233401,
    -3.895008836049));
#3096 = CARTESIAN_POINT('',(1.215228432271,-1.412533609999,
    -3.909586043126));
#3097 = CARTESIAN_POINT('',(1.129776329239,-1.48458265824,
    -3.916265618337));
#3098 = CARTESIAN_POINT('',(1.039366215902,-1.550577734838,
    -3.922946572041));
#3099 = CARTESIAN_POINT('',(0.944514977252,-1.610113287196,
    -3.929628814307));
#3100 = CARTESIAN_POINT('',(0.845777703187,-1.66284096185,
    -3.936312207265));
#3101 = CARTESIAN_POINT('',(0.743744316883,-1.708471696807,
    -3.942996324369));
#3102 = CARTESIAN_POINT('',(0.532420501306,-1.785781797536,
    -3.956485862975));
#3103 = CARTESIAN_POINT('',(0.423023048952,-1.817195446518,
    -3.963291842102));
#3104 = CARTESIAN_POINT('',(0.31150037307,-1.840777366179,
    -3.970097123972));
#3105 = CARTESIAN_POINT('',(0.198525646876,-1.856362381396,
    -3.976901281645));
#3106 = CARTESIAN_POINT('',(8.478382412667E-02,-1.863856038136,
    -3.983704246057));
#3107 = CARTESIAN_POINT('',(-2.903238660233E-02,-1.863235144744,
    -3.99050597392));
#3108 = CARTESIAN_POINT('',(-0.176806103728,-1.851902383609,
    -3.999383426564));
#3109 = CARTESIAN_POINT('',(-0.211328857461,-1.848498150944,
    -4.001460702889));
#3110 = CARTESIAN_POINT('',(-0.24577428992,-1.844343163754,
    -4.003537852041));
#3111 = CARTESIAN_POINT('',(-0.280122815684,-1.839439566817,
    -4.005614876906));
#3112 = CARTESIAN_POINT('',(-0.314354942866,-1.833790140903,
    -4.007691781958));
#3113 = CARTESIAN_POINT('',(-0.348451273116,-1.827398302772,
    -4.009768573259));
#3114 = CARTESIAN_POINT('',(-0.578068490517,-1.779161506266,
    -4.023817642734));
#3115 = CARTESIAN_POINT('',(-0.768670088079,-1.713497027828,
    -4.035791414244));
#3116 = CARTESIAN_POINT('',(-0.95035127875,-1.624045849565,
    -4.047759041557));
#3117 = CARTESIAN_POINT('',(-1.119606820235,-1.512340427064,
    -4.059725806962));
#3118 = CARTESIAN_POINT('',(-1.273286323662,-1.380459575689,
    -4.071697040913));
#3119 = CARTESIAN_POINT('',(-1.408601986427,-1.23102388638,
    -4.083675551278));
#3120 = CARTESIAN_POINT('',(-1.61521082599,-0.936126807339,
    -4.10524251107));
#3121 = CARTESIAN_POINT('',(-1.693933472067,-0.795736833461,
    -4.114836541151));
#3122 = CARTESIAN_POINT('',(-1.75835207463,-0.647720211299,
    -4.124430679506));
#3123 = CARTESIAN_POINT('',(-1.807615119131,-0.493832478963,
    -4.13402449466));
#3124 = CARTESIAN_POINT('',(-1.841130418292,-0.335924451389,
    -4.143618584879));
#3125 = CARTESIAN_POINT('',(-1.85857223869,-0.175919499641,
    -4.153212778074));
#3126 = CARTESIAN_POINT('',(-1.861342328019,0.150060345547,
    -4.172740156838));
#3127 = CARTESIAN_POINT('',(-1.845495086984,0.316105153012,
    -4.182676769999));
#3128 = CARTESIAN_POINT('',(-1.812361026646,0.480115778734,
    -4.192610595262));
#3129 = CARTESIAN_POINT('',(-1.76227956212,0.639949312309,
    -4.202542614096));
#3130 = CARTESIAN_POINT('',(-1.69589645032,0.793543544507,
    -4.212475563933));
#3131 = CARTESIAN_POINT('',(-1.614155481018,0.938944340677,
    -4.222410989401));
#3132 = CARTESIAN_POINT('',(-1.491859999721,1.111780660348,
    -4.235092377084));
#3133 = CARTESIAN_POINT('',(-1.464298361854,1.148449481817,
    -4.237838852284));
#3134 = CARTESIAN_POINT('',(-1.435686501463,1.184319388313,
    -4.240585456549));
#3135 = CARTESIAN_POINT('',(-1.406052301936,1.21935436773,
    -4.243332196788));
#3136 = CARTESIAN_POINT('',(-1.375425144454,1.253519680897,
    -4.246079076944));
#3137 = CARTESIAN_POINT('',(-1.343835907995,1.286781861584,
    -4.248826097997));
#3138 = CARTESIAN_POINT('',(-1.248560885113,1.381494111376,
    -4.256874814811));
#3139 = CARTESIAN_POINT('',(-1.182341137469,1.440397206049,
    -4.262176972842));
#3140 = CARTESIAN_POINT('',(-1.112891519349,1.495585742096,
    -4.267479576327));
#3141 = CARTESIAN_POINT('',(-1.040463047229,1.546848682332,
    -4.272782575135));
#3142 = CARTESIAN_POINT('',(-0.9653229705,1.593996903525,-4.278085926496
    ));
#3143 = CARTESIAN_POINT('',(-0.887753780861,1.636863889095,
    -4.283389496778));
#3144 = CARTESIAN_POINT('',(-0.729857234411,1.713022288237,
    -4.293896180092));
#3145 = CARTESIAN_POINT('',(-0.649607424718,1.746480508007,
    -4.299099452516));
#3146 = CARTESIAN_POINT('',(-0.567583037303,1.775546051764,-4.3043024846
    ));
#3147 = CARTESIAN_POINT('',(-0.484072989137,1.800107658009,
    -4.309505116143));
#3148 = CARTESIAN_POINT('',(-0.399373825742,1.820078132544,
    -4.314707246418));
#3149 = CARTESIAN_POINT('',(-0.313788677462,1.835394647882,
    -4.319908757925));
#3150 = CARTESIAN_POINT('',(-0.151537122883,1.855401325229,
    -4.329702103612));
#3151 = CARTESIAN_POINT('',(-7.499618632778E-02,1.861124706114,
    -4.334294219831));
#3152 = CARTESIAN_POINT('',(1.784322067626E-03,1.863163060213,
    -4.338885659901));
#3153 = CARTESIAN_POINT('',(7.85915961956E-02,1.861505617869,
    -4.343476414321));
#3154 = CARTESIAN_POINT('',(0.155212868048,1.856156955061,
    -4.348066540292));
#3155 = CARTESIAN_POINT('',(0.231435980044,1.847136983582,
    -4.352656109026));
#3156 = CARTESIAN_POINT('',(0.466543144068,1.807785446552,
    -4.366924861534));
#3157 = CARTESIAN_POINT('',(0.623357607356,1.764907231188,
    -4.376604115645));
#3158 = CARTESIAN_POINT('',(0.775471006132,1.70617467806,-4.386280851814
    ));
#3159 = CARTESIAN_POINT('',(0.920979415091,1.632233004908,
    -4.395957327756));
#3160 = CARTESIAN_POINT('',(1.058097399518,1.543989273011,
    -4.405637022289));
#3161 = CARTESIAN_POINT('',(1.185180688525,1.442601060148,
    -4.415321557859));
#3162 = CARTESIAN_POINT('',(1.385498609142,1.246613014153,
    -4.432107475859));
#3163 = CARTESIAN_POINT('',(1.464066531924,1.157413858769,
    -4.439209414381));
#3164 = CARTESIAN_POINT('',(1.535904293845,1.062467881118,
    -4.446312731912));
#3165 = CARTESIAN_POINT('',(1.600514951906,0.962388434862,
    -4.453417056458));
#3166 = CARTESIAN_POINT('',(1.657471730439,0.857836954538,
    -4.460521888137));
#3167 = CARTESIAN_POINT('',(1.706420701351,0.749518608881,
    -4.467626392902));
#3168 = CARTESIAN_POINT('',(1.763701006776,0.592707864629,
    -4.477630675952));
#3169 = CARTESIAN_POINT('',(1.7789311723,0.546728881735,-4.480531702948)
  );
#3170 = CARTESIAN_POINT('',(1.79276202336,0.500295855734,-4.483432518243
    ));
#3171 = CARTESIAN_POINT('',(1.805177486089,0.453459888767,
    -4.486333102256));
#3172 = CARTESIAN_POINT('',(1.816163841477,0.406272711478,
    -4.489233453892));
#3173 = CARTESIAN_POINT('',(1.82570972538,0.358786683015,-4.492133590537
    ));
#3174 = CARTESIAN_POINT('',(1.841272435907,0.267037593263,-4.49770781884
    ));
#3175 = CARTESIAN_POINT('',(1.8475061214,0.222811161917,-4.500381940308)
  );
#3176 = CARTESIAN_POINT('',(1.852500132151,0.178417037691,-4.50305594543
    ));
#3177 = CARTESIAN_POINT('',(1.856249176147,0.133896920542,-4.50572988197
    ));
#3178 = CARTESIAN_POINT('',(1.858749722212,8.929266968517E-02,
    -4.50840381249));
#3179 = CARTESIAN_POINT('',(1.86,4.464630359455E-02,-4.511077814353));
#3180 = CARTESIAN_POINT('',(1.86,2.957190048392E-12,-4.51375197972));
#3181 = ORIENTED_EDGE('',*,*,#3182,.F.);
#3182 = EDGE_CURVE('',#2981,#3074,#3183,.T.);
#3183 = LINE('',#3184,#3185);
#3184 = CARTESIAN_POINT('',(1.86,0.,-0.2));
#3185 = VECTOR('',#3186,1.);
#3186 = DIRECTION('',(-2.523234146875E-17,0.,-1.));
#3187 = CYLINDRICAL_SURFACE('',#3188,1.86);
#3188 = AXIS2_PLACEMENT_3D('',#3189,#3190,#3191);
#3189 = CARTESIAN_POINT('',(0.,0.,-0.2));
#3190 = DIRECTION('',(-0.,-0.,-1.));
#3191 = DIRECTION('',(1.,0.,0.));
#3192 = ADVANCED_FACE('',(#3193),#3219,.T.);
#3193 = FACE_BOUND('',#3194,.T.);
#3194 = EDGE_LOOP('',(#3195,#3212,#3213,#3214));
#3195 = ORIENTED_EDGE('',*,*,#3196,.F.);
#3196 = EDGE_CURVE('',#2781,#3197,#3199,.T.);
#3197 = VERTEX_POINT('',#3198);
#3198 = CARTESIAN_POINT('',(1.481125340607,7.817952522406E-07,
    -4.032513052329));
#3199 = ( BOUNDED_CURVE() B_SPLINE_CURVE(11,(#3200,#3201,#3202,#3203,
    #3204,#3205,#3206,#3207,#3208,#3209,#3210,#3211),.UNSPECIFIED.,.F.,
.F.) B_SPLINE_CURVE_WITH_KNOTS((12,12),(0.,6.322058019692),
.PIECEWISE_BEZIER_KNOTS.) CURVE() GEOMETRIC_REPRESENTATION_ITEM() 
RATIONAL_B_SPLINE_CURVE((1.056590953773,1.056590953773,1.056590953773,
    1.056590953773,1.056590953773,1.056590953774,1.056590953773,
    1.056590953773,1.056590953773,1.056590953773,1.056590953773,
1.056590953773)) REPRESENTATION_ITEM('') );
#3200 = CARTESIAN_POINT('',(1.481126772483,8.795179652077E-07,
    -3.332514683842));
#3201 = CARTESIAN_POINT('',(1.481125480663,-0.846063015153,
    -3.396149003257));
#3202 = CARTESIAN_POINT('',(0.949613418976,-1.691690120227,
    -3.459751799115));
#3203 = CARTESIAN_POINT('',(-0.11408362454,-2.16817635746,
    -3.523600346606));
#3204 = CARTESIAN_POINT('',(-1.414701750211,-1.896703464287,
    -3.586623202489));
#3205 = CARTESIAN_POINT('',(-2.382785104489,-0.786240506111,
    -3.651357575625));
#3206 = CARTESIAN_POINT('',(-2.383840878209,0.786225218997,
    -3.713670160259));
#3207 = CARTESIAN_POINT('',(-1.413994492829,1.896723888374,
    -3.778404534261));
#3208 = CARTESIAN_POINT('',(-0.114384334315,2.16816463657,
    -3.841427389167));
#3209 = CARTESIAN_POINT('',(0.94967208308,1.691693439599,-3.90527593717)
  );
#3210 = CARTESIAN_POINT('',(1.481126688226,0.846064676467,-3.96887873292
    ));
#3211 = CARTESIAN_POINT('',(1.481125340607,7.817952588085E-07,
    -4.032513052329));
#3212 = ORIENTED_EDGE('',*,*,#2799,.T.);
#3213 = ORIENTED_EDGE('',*,*,#2651,.T.);
#3214 = ORIENTED_EDGE('',*,*,#3215,.F.);
#3215 = EDGE_CURVE('',#3197,#2652,#3216,.T.);
#3216 = B_SPLINE_CURVE_WITH_KNOTS('',1,(#3217,#3218),.UNSPECIFIED.,.F.,
  .F.,(2,2),(0.,0.49),.PIECEWISE_BEZIER_KNOTS.);
#3217 = CARTESIAN_POINT('',(1.481125340607,7.817952564468E-07,
    -4.032513052329));
#3218 = CARTESIAN_POINT('',(1.905469348024,-9.382008992231E-08,
    -3.787498433645));
#3219 = B_SPLINE_SURFACE_WITH_KNOTS('',1,10,(
    (#3220,#3221,#3222,#3223,#3224,#3225,#3226,#3227,#3228,#3229,#3230)
    ,(#3231,#3232,#3233,#3234,#3235,#3236,#3237,#3238,#3239,#3240,#3241
    )),.UNSPECIFIED.,.F.,.F.,.F.,(2,2),(11,11),(0.,0.49),(0.,
    6.322058019692),.PIECEWISE_BEZIER_KNOTS.);
#3220 = CARTESIAN_POINT('',(1.481126772483,8.795179654828E-07,
    -3.332514683842));
#3221 = CARTESIAN_POINT('',(1.481125351481,-0.93066940462,
    -3.402512435198));
#3222 = CARTESIAN_POINT('',(0.831499656197,-1.860805834806,
    -3.472471657763));
#3223 = CARTESIAN_POINT('',(-0.468790511441,-2.280125725744,
    -3.5426329964));
#3224 = CARTESIAN_POINT('',(-1.954714407925,-1.69248680665,
    -3.612391766683));
#3225 = CARTESIAN_POINT('',(-2.740569122783,-3.155257073661E-05,
    -3.682513867302));
#3226 = CARTESIAN_POINT('',(-1.95449685933,1.692528901168,
    -3.752635970738));
#3227 = CARTESIAN_POINT('',(-0.469004439221,2.280108226582,
    -3.822394739173));
#3228 = CARTESIAN_POINT('',(0.831571029768,1.860809522636,
    -3.892556078545));
#3229 = CARTESIAN_POINT('',(1.481126822988,0.930671065934,
    -3.962515300979));
#3230 = CARTESIAN_POINT('',(1.481125340607,7.817952564468E-07,
    -4.032513052329));
#3231 = CARTESIAN_POINT('',(1.90546972481,-1.055480303189E-07,
    -3.087498237843));
#3232 = CARTESIAN_POINT('',(1.905469139198,-1.197235763987,
    -3.15749850771));
#3233 = CARTESIAN_POINT('',(1.069811357175,-2.394502004581,
    -3.227503401527));
#3234 = CARTESIAN_POINT('',(-0.603430065862,-2.932075008911,
    -3.297484038767));
#3235 = CARTESIAN_POINT('',(-2.514154272811,-2.178648855488,
    -3.367512989654));
#3236 = CARTESIAN_POINT('',(-3.526351632294,-7.713453626934E-06,
    -3.437498335537));
#3237 = CARTESIAN_POINT('',(-2.514096297422,2.178660771617,
    -3.507483682165));
#3238 = CARTESIAN_POINT('',(-0.603485381271,2.932070605994,
    -3.577512632564));
#3239 = CARTESIAN_POINT('',(1.069830939112,2.394502617567,
    -3.647493269996));
#3240 = CARTESIAN_POINT('',(1.90546992627,1.19723556462,-3.717498163781)
  );
#3241 = CARTESIAN_POINT('',(1.905469348024,-9.382008992231E-08,
    -3.787498433645));
#3242 = ADVANCED_FACE('',(#3243),#3273,.T.);
#3243 = FACE_BOUND('',#3244,.T.);
#3244 = EDGE_LOOP('',(#3245,#3261,#3262,#3263));
#3245 = ORIENTED_EDGE('',*,*,#3246,.F.);
#3246 = EDGE_CURVE('',#2831,#3247,#3249,.T.);
#3247 = VERTEX_POINT('',#3248);
#3248 = CARTESIAN_POINT('',(1.481131369311,7.817888303775E-07,
    -4.207513052226));
#3249 = B_SPLINE_CURVE_WITH_KNOTS('',10,(#3250,#3251,#3252,#3253,#3254,
    #3255,#3256,#3257,#3258,#3259,#3260),.UNSPECIFIED.,.F.,.F.,(11,11),(
    0.,6.322058019692),.PIECEWISE_BEZIER_KNOTS.);
#3250 = CARTESIAN_POINT('',(1.481133554775,8.795098838926E-07,
    -3.50751468371));
#3251 = CARTESIAN_POINT('',(1.481131095128,-0.930673428453,
    -3.577512435107));
#3252 = CARTESIAN_POINT('',(0.831483921569,-1.860813166019,
    -3.647471658395));
#3253 = CARTESIAN_POINT('',(-0.468736919875,-2.280140033289,
    -3.717632994109));
#3254 = CARTESIAN_POINT('',(-1.954780602009,-1.692482491592,
    -3.787391768962));
#3255 = CARTESIAN_POINT('',(-2.740580984231,-4.734894756586E-05,
    -3.857513866768));
#3256 = CARTESIAN_POINT('',(-1.95444755723,1.692547893077,
    -3.927635968888));
#3257 = CARTESIAN_POINT('',(-0.469062093183,2.280113601685,
    -3.997394740911));
#3258 = CARTESIAN_POINT('',(0.831593958281,1.860818303746,-4.06755607775
    ));
#3259 = CARTESIAN_POINT('',(1.481133890334,0.930675089752,
    -4.137515300839));
#3260 = CARTESIAN_POINT('',(1.481131369311,7.817888366385E-07,
    -4.207513052226));
#3261 = ORIENTED_EDGE('',*,*,#2848,.T.);
#3262 = ORIENTED_EDGE('',*,*,#3196,.T.);
#3263 = ORIENTED_EDGE('',*,*,#3264,.F.);
#3264 = EDGE_CURVE('',#3247,#3197,#3265,.T.);
#3265 = ( BOUNDED_CURVE() B_SPLINE_CURVE(6,(#3266,#3267,#3268,#3269,
#3270,#3271,#3272),.UNSPECIFIED.,.F.,.F.) B_SPLINE_CURVE_WITH_KNOTS((7,7
),(0.,2.094395102393),.PIECEWISE_BEZIER_KNOTS.) CURVE() 
GEOMETRIC_REPRESENTATION_ITEM() RATIONAL_B_SPLINE_CURVE((1.056590953773,
    1.017435169568,0.996326512422,0.989390034249,0.996326512422,
1.017435169568,1.056590953773)) REPRESENTATION_ITEM('') );
#3266 = CARTESIAN_POINT('',(1.481131369311,7.817888363071E-07,
    -4.207513052226));
#3267 = CARTESIAN_POINT('',(1.449412830417,8.472373989876E-07,
    -4.189201802155));
#3268 = CARTESIAN_POINT('',(1.427060062254,8.933598508454E-07,
    -4.158208338799));
#3269 = CARTESIAN_POINT('',(1.418979912559,9.100314117272E-07,
    -4.120015193275));
#3270 = CARTESIAN_POINT('',(1.427057430747,8.933626534091E-07,
    -4.081821491124));
#3271 = CARTESIAN_POINT('',(1.449408063424,8.47242477342E-07,
    -4.050826487747));
#3272 = CARTESIAN_POINT('',(1.481125340607,7.817952588085E-07,
    -4.032513052329));
#3273 = ( BOUNDED_SURFACE() B_SPLINE_SURFACE(6,11,(
    (#3274,#3275,#3276,#3277,#3278,#3279,#3280,#3281,#3282,#3283,#3284
      ,#3285)
    ,(#3286,#3287,#3288,#3289,#3290,#3291,#3292,#3293,#3294,#3295,#3296
      ,#3297)
    ,(#3298,#3299,#3300,#3301,#3302,#3303,#3304,#3305,#3306,#3307,#3308
      ,#3309)
    ,(#3310,#3311,#3312,#3313,#3314,#3315,#3316,#3317,#3318,#3319,#3320
      ,#3321)
    ,(#3322,#3323,#3324,#3325,#3326,#3327,#3328,#3329,#3330,#3331,#3332
      ,#3333)
    ,(#3334,#3335,#3336,#3337,#3338,#3339,#3340,#3341,#3342,#3343,#3344
      ,#3345)
    ,(#3346,#3347,#3348,#3349,#3350,#3351,#3352,#3353,#3354,#3355,#3356
,#3357
    )),.UNSPECIFIED.,.F.,.F.,.F.) B_SPLINE_SURFACE_WITH_KNOTS((7,7),(12,
    12),(0.,2.094395102393),(0.,6.322058019692),
.PIECEWISE_BEZIER_KNOTS.) GEOMETRIC_REPRESENTATION_ITEM() 
RATIONAL_B_SPLINE_SURFACE((
    (1.056590953773,1.056590953773,1.056590953773,1.056590953773
      ,1.056590953773,1.056590953774,1.056590953773,1.056590953773
      ,1.056590953773,1.056590953773,1.056590953773,1.056590953773)
    ,(1.017435169568,1.017435169568,1.017435169568,1.017435169568
      ,1.017435169568,1.017435169568,1.017435169568,1.017435169568
      ,1.017435169568,1.017435169568,1.017435169568,1.017435169568)
    ,(0.996326512422,0.996326512422,0.996326512422,0.996326512422
      ,0.996326512422,0.996326512423,0.996326512421,0.996326512423
      ,0.996326512422,0.996326512422,0.996326512422,0.996326512422)
    ,(0.989390034249,0.989390034249,0.989390034248,0.989390034249
      ,0.989390034248,0.989390034249,0.989390034248,0.989390034249
      ,0.989390034248,0.989390034249,0.989390034249,0.989390034249)
    ,(0.996326512422,0.996326512422,0.996326512422,0.996326512422
      ,0.996326512422,0.996326512423,0.996326512422,0.996326512423
      ,0.996326512422,0.996326512422,0.996326512422,0.996326512422)
    ,(1.017435169568,1.017435169568,1.017435169568,1.017435169568
      ,1.017435169568,1.017435169568,1.017435169568,1.017435169568
      ,1.017435169568,1.017435169568,1.017435169568,1.017435169568)
    ,(1.056590953773,1.056590953773,1.056590953773,1.056590953773
      ,1.056590953773,1.056590953774,1.056590953773,1.056590953773
      ,1.056590953773,1.056590953773,1.056590953773,1.056590953773
))) REPRESENTATION_ITEM('') SURFACE() );
#3274 = CARTESIAN_POINT('',(1.481133554775,8.795098816461E-07,
    -3.50751468371));
#3275 = CARTESIAN_POINT('',(1.481131318732,-0.846066673184,
    -3.571149003162));
#3276 = CARTESIAN_POINT('',(0.949601589489,-1.691696850098,
    -3.634751799615));
#3277 = CARTESIAN_POINT('',(-0.114005628367,-2.168188762137,
    -3.698600343384));
#3278 = CARTESIAN_POINT('',(-1.414894539183,-1.896705921996,
    -3.761623209898));
#3279 = CARTESIAN_POINT('',(-2.3825178174,-0.786247159297,
    -3.826357564241));
#3280 = CARTESIAN_POINT('',(-2.384128783233,0.786225233848,
    -3.888670171256));
#3281 = CARTESIAN_POINT('',(-1.413813930536,1.896737929629,
    -3.953404526923));
#3282 = CARTESIAN_POINT('',(-0.114463322988,2.168170940352,
    -4.016427391942));
#3283 = CARTESIAN_POINT('',(0.949692127745,1.691701355747,
    -4.080275936493));
#3284 = CARTESIAN_POINT('',(1.481133661151,0.846068334483,
    -4.143878732784));
#3285 = CARTESIAN_POINT('',(1.481131369311,7.817888363071E-07,
    -4.207513052226));
#3286 = CARTESIAN_POINT('',(1.449414937029,9.53139600135E-07,
    -3.489203570227));
#3287 = CARTESIAN_POINT('',(1.449412841833,-0.827952897066,
    -3.552837718539));
#3288 = CARTESIAN_POINT('',(0.929263483492,-1.655434976423,
    -3.616437704758));
#3289 = CARTESIAN_POINT('',(-0.111556421538,-2.121868417848,
    -3.680304012175));
#3290 = CARTESIAN_POINT('',(-1.384603038822,-1.855857015723,
    -3.743275516964));
#3291 = CARTESIAN_POINT('',(-2.331499144992,-0.769737617258,
    -3.808101794554));
#3292 = CARTESIAN_POINT('',(-2.333052090508,0.769716162584,
    -3.870303577405));
#3293 = CARTESIAN_POINT('',(-1.383561675018,1.855887678575,
    -3.935129856271));
#3294 = CARTESIAN_POINT('',(-0.1119978931,2.121851223657,-3.998101359619
    ));
#3295 = CARTESIAN_POINT('',(0.929350527588,1.65543944713,-4.061967667791
    ));
#3296 = CARTESIAN_POINT('',(1.449414986082,0.827954697443,
    -4.125567653851));
#3297 = CARTESIAN_POINT('',(1.449412830417,8.472373989876E-07,
    -4.189201802155));
#3298 = CARTESIAN_POINT('',(1.427062035401,1.005027507217E-06,
    -3.458210203127));
#3299 = CARTESIAN_POINT('',(1.427060137062,-0.815187689155,
    -3.521844230833));
#3300 = CARTESIAN_POINT('',(0.91493238488,-1.62988043478,-3.58544223661)
  );
#3301 = CARTESIAN_POINT('',(-0.10983852083,-2.089225056626,
    -3.649321062505));
#3302 = CARTESIAN_POINT('',(-1.363236603675,-1.82707042071,
    -3.712256371441));
#3303 = CARTESIAN_POINT('',(-2.295573769818,-0.758102608081,
    -3.777147429548));
#3304 = CARTESIAN_POINT('',(-2.297028438918,0.758082171358,
    -3.839271111981));
#3305 = CARTESIAN_POINT('',(-1.362261488555,1.827098938517,
    -3.904162171283));
#3306 = CARTESIAN_POINT('',(-0.110252332678,2.089208935344,
    -3.96709747887));
#3307 = CARTESIAN_POINT('',(0.915013671851,1.629884758239,
    -4.030976305472));
#3308 = CARTESIAN_POINT('',(1.427062024353,0.815189587542,-4.0945743111)
  );
#3309 = CARTESIAN_POINT('',(1.427060062254,8.933598508454E-07,
    -4.158208338799));
#3310 = CARTESIAN_POINT('',(1.418981721239,1.023783201326E-06,
    -3.420017092398));
#3311 = CARTESIAN_POINT('',(1.418980039683,-0.810573248034,
    -3.483651076507));
#3312 = CARTESIAN_POINT('',(0.909754354439,-1.620642922873,
    -3.547248366378));
#3313 = CARTESIAN_POINT('',(-0.109229629684,-2.077424475319,
    -3.611131717546));
#3314 = CARTESIAN_POINT('',(-1.355484151103,-1.816665369232,
    -3.674053942155));
#3315 = CARTESIAN_POINT('',(-2.282630069967,-0.753896205824,
    -3.738968417534));
#3316 = CARTESIAN_POINT('',(-2.283963588802,0.753877160883,
    -3.801063867777));
#3317 = CARTESIAN_POINT('',(-1.35459056419,1.816691325162,
    -3.865978344249));
#3318 = CARTESIAN_POINT('',(-0.10960923188,2.07740968279,-3.928900567623
    ));
#3319 = CARTESIAN_POINT('',(0.909828644491,1.620647010147,
    -3.992783919439));
#3320 = CARTESIAN_POINT('',(1.418981659065,0.810575181849,
    -4.056381209173));
#3321 = CARTESIAN_POINT('',(1.418979912559,9.100314117272E-07,
    -4.120015193275));
#3322 = CARTESIAN_POINT('',(1.427059074956,1.005031034534E-06,
    -3.381823355464));
#3323 = CARTESIAN_POINT('',(1.427057588767,-0.815186092438,
    -3.445457383155));
#3324 = CARTESIAN_POINT('',(0.914937548407,-1.629877497216,
    -3.509055388671));
#3325 = CARTESIAN_POINT('',(-0.109872565869,-2.089219642032,
    -3.572934216191));
#3326 = CARTESIAN_POINT('',(-1.363152452007,-1.827069347928,
    -3.635869520486));
#3327 = CARTESIAN_POINT('',(-2.295690439636,-0.75809970399,
    -3.700760586797));
#3328 = CARTESIAN_POINT('',(-2.296902769448,0.758082164875,
    -3.762884259461));
#3329 = CARTESIAN_POINT('',(-1.362340303323,1.827092809561,
    -3.827775326765));
#3330 = CARTESIAN_POINT('',(-0.110217854416,2.089206183766,
    -3.890710629938));
#3331 = CARTESIAN_POINT('',(0.91500492243,1.62988130287,-3.954589458047)
  );
#3332 = CARTESIAN_POINT('',(1.427058980697,0.815187990832,
    -4.018187463439));
#3333 = CARTESIAN_POINT('',(1.427057430747,8.933626534091E-07,
    -4.081821491124));
#3334 = CARTESIAN_POINT('',(1.449409574162,9.531459896628E-07,
    -3.350828255841));
#3335 = CARTESIAN_POINT('',(1.449408225577,-0.827950004602,
    -3.414462404124));
#3336 = CARTESIAN_POINT('',(0.929272837257,-1.655429655006,
    -3.478062389872));
#3337 = CARTESIAN_POINT('',(-0.111618094367,-2.12185860927,
    -3.541928700233));
#3338 = CARTESIAN_POINT('',(-1.384450597481,-1.855855072373,
    -3.604900196615));
#3339 = CARTESIAN_POINT('',(-2.331710493192,-0.769732356476,
    -3.669726489065));
#3340 = CARTESIAN_POINT('',(-2.332824439374,0.76971615084,-3.73192825422
    ));
#3341 = CARTESIAN_POINT('',(-1.383704448527,1.85587657593,
    -3.796754547583));
#3342 = CARTESIAN_POINT('',(-0.111935435485,2.121846239155,
    -3.859726042934));
#3343 = CARTESIAN_POINT('',(0.929334677949,1.655433187705,
    -3.923592353836));
#3344 = CARTESIAN_POINT('',(1.449409472478,0.82795180499,-3.987192339469
    ));
#3345 = CARTESIAN_POINT('',(1.449408063424,8.47242477342E-07,
    -4.050826487747));
#3346 = CARTESIAN_POINT('',(1.481126772483,8.795179652077E-07,
    -3.332514683842));
#3347 = CARTESIAN_POINT('',(1.481125480663,-0.846063015153,
    -3.396149003257));
#3348 = CARTESIAN_POINT('',(0.949613418976,-1.691690120227,
    -3.459751799115));
#3349 = CARTESIAN_POINT('',(-0.11408362454,-2.16817635746,
    -3.523600346606));
#3350 = CARTESIAN_POINT('',(-1.414701750211,-1.896703464287,
    -3.586623202489));
#3351 = CARTESIAN_POINT('',(-2.382785104489,-0.786240506111,
    -3.651357575625));
#3352 = CARTESIAN_POINT('',(-2.383840878209,0.786225218997,
    -3.713670160259));
#3353 = CARTESIAN_POINT('',(-1.413994492829,1.896723888374,
    -3.778404534261));
#3354 = CARTESIAN_POINT('',(-0.114384334315,2.16816463657,
    -3.841427389167));
#3355 = CARTESIAN_POINT('',(0.94967208308,1.691693439599,-3.90527593717)
  );
#3356 = CARTESIAN_POINT('',(1.481126688226,0.846064676467,-3.96887873292
    ));
#3357 = CARTESIAN_POINT('',(1.481125340607,7.817952588085E-07,
    -4.032513052329));
#3358 = ADVANCED_FACE('',(#3359),#3369,.T.);
#3359 = FACE_BOUND('',#3360,.T.);
#3360 = EDGE_LOOP('',(#3361,#3362,#3363,#3364));
#3361 = ORIENTED_EDGE('',*,*,#2980,.F.);
#3362 = ORIENTED_EDGE('',*,*,#2949,.T.);
#3363 = ORIENTED_EDGE('',*,*,#3246,.T.);
#3364 = ORIENTED_EDGE('',*,*,#3365,.F.);
#3365 = EDGE_CURVE('',#2981,#3247,#3366,.T.);
#3366 = B_SPLINE_CURVE_WITH_KNOTS('',1,(#3367,#3368),.UNSPECIFIED.,.F.,
  .F.,(2,2),(0.,0.49),.PIECEWISE_BEZIER_KNOTS.);
#3367 = CARTESIAN_POINT('',(1.905492257098,-9.384449382514E-08,
    -4.45249843325));
#3368 = CARTESIAN_POINT('',(1.481131369311,7.817888366385E-07,
    -4.207513052226));
#3369 = B_SPLINE_SURFACE_WITH_KNOTS('',1,10,(
    (#3370,#3371,#3372,#3373,#3374,#3375,#3376,#3377,#3378,#3379,#3380)
    ,(#3381,#3382,#3383,#3384,#3385,#3386,#3387,#3388,#3389,#3390,#3391
    )),.UNSPECIFIED.,.F.,.F.,.F.,(2,2),(11,11),(0.,0.49),(0.,
    6.322058019692),.PIECEWISE_BEZIER_KNOTS.);
#3370 = CARTESIAN_POINT('',(1.905495497517,-1.055787385122E-07,
    -3.752498237344));
#3371 = CARTESIAN_POINT('',(1.905490965057,-1.197251054552,
    -3.822498507364));
#3372 = CARTESIAN_POINT('',(1.06975156559,-2.39452986319,-3.892503403927
    ));
#3373 = CARTESIAN_POINT('',(-0.60322641791,-2.93212937758,
    -3.962484030065));
#3374 = CARTESIAN_POINT('',(-2.514405810331,-2.178632458269,
    -4.032512998311));
#3375 = CARTESIAN_POINT('',(-3.526396705794,-6.773968527796E-05,
    -4.10249833351));
#3376 = CARTESIAN_POINT('',(-2.513908949443,2.178732940871,
    -4.172483675133));
#3377 = CARTESIAN_POINT('',(-0.603704466323,2.932091031385,
    -4.242512639168));
#3378 = CARTESIAN_POINT('',(1.069918067462,2.394535985786,
    -4.312493266972));
#3379 = CARTESIAN_POINT('',(1.905496782187,1.19725085513,-4.38249816325)
  );
#3380 = CARTESIAN_POINT('',(1.905492257098,-9.384449382514E-08,
    -4.45249843325));
#3381 = CARTESIAN_POINT('',(1.481133554775,8.795098838926E-07,
    -3.50751468371));
#3382 = CARTESIAN_POINT('',(1.481131095128,-0.930673428453,
    -3.577512435107));
#3383 = CARTESIAN_POINT('',(0.831483921569,-1.860813166019,
    -3.647471658395));
#3384 = CARTESIAN_POINT('',(-0.468736919875,-2.280140033289,
    -3.717632994109));
#3385 = CARTESIAN_POINT('',(-1.954780602009,-1.692482491592,
    -3.787391768962));
#3386 = CARTESIAN_POINT('',(-2.740580984231,-4.734894756586E-05,
    -3.857513866768));
#3387 = CARTESIAN_POINT('',(-1.95444755723,1.692547893077,
    -3.927635968888));
#3388 = CARTESIAN_POINT('',(-0.469062093183,2.280113601685,
    -3.997394740911));
#3389 = CARTESIAN_POINT('',(0.831593958281,1.860818303746,-4.06755607775
    ));
#3390 = CARTESIAN_POINT('',(1.481133890334,0.930675089752,
    -4.137515300839));
#3391 = CARTESIAN_POINT('',(1.481131369311,7.817888366385E-07,
    -4.207513052226));
#3392 = ADVANCED_FACE('',(#3393),#3591,.T.);
#3393 = FACE_BOUND('',#3394,.F.);
#3394 = EDGE_LOOP('',(#3395,#3482,#3483,#3585));
#3395 = ORIENTED_EDGE('',*,*,#3396,.F.);
#3396 = EDGE_CURVE('',#2981,#3397,#3399,.T.);
#3397 = VERTEX_POINT('',#3398);
#3398 = CARTESIAN_POINT('',(1.86,9.482899171437E-12,-5.126237361352));
#3399 = B_SPLINE_CURVE_WITH_KNOTS('',6,(#3400,#3401,#3402,#3403,#3404,
    #3405,#3406,#3407,#3408,#3409,#3410,#3411,#3412,#3413,#3414,#3415,
    #3416,#3417,#3418,#3419,#3420,#3421,#3422,#3423,#3424,#3425,#3426,
    #3427,#3428,#3429,#3430,#3431,#3432,#3433,#3434,#3435,#3436,#3437,
    #3438,#3439,#3440,#3441,#3442,#3443,#3444,#3445,#3446,#3447,#3448,
    #3449,#3450,#3451,#3452,#3453,#3454,#3455,#3456,#3457,#3458,#3459,
    #3460,#3461,#3462,#3463,#3464,#3465,#3466,#3467,#3468,#3469,#3470,
    #3471,#3472,#3473,#3474,#3475,#3476,#3477,#3478,#3479,#3480,#3481),
  .UNSPECIFIED.,.F.,.F.,(7,5,5,5,5,5,5,5,5,5,5,5,5,5,5,5,7),(0.,
    5.500003622226E-02,0.125000646224,0.225963542363,0.263832079285,
    0.317833871513,0.37083760737,0.400462545672,0.496595229064,
    0.597485385509,0.710354741612,0.738042542999,0.805854453003,
    0.870671412525,0.951629647298,0.968325783499,1.),.UNSPECIFIED.);
#3400 = CARTESIAN_POINT('',(1.86,2.498223850012E-11,-4.426235555922));
#3401 = CARTESIAN_POINT('',(1.860000000001,-0.107124493853,
    -4.432652227527));
#3402 = CARTESIAN_POINT('',(1.852596164029,-0.214251253717,
    -4.439068496014));
#3403 = CARTESIAN_POINT('',(1.83778879803,-0.320735085843,
    -4.445485192922));
#3404 = CARTESIAN_POINT('',(1.815651809478,-0.425939155849,
    -4.451903043591));
#3405 = CARTESIAN_POINT('',(1.786331661359,-0.529239584574,
    -4.458322237571));
#3406 = CARTESIAN_POINT('',(1.703864618427,-0.758309843834,
    -4.472912670378));
#3407 = CARTESIAN_POINT('',(1.646396579892,-0.882534960713,-4.4810849838
    ));
#3408 = CARTESIAN_POINT('',(1.578092301098,-1.001447737326,
    -4.489257104674));
#3409 = CARTESIAN_POINT('',(1.499583061217,-1.113885659545,
    -4.497427891648));
#3410 = CARTESIAN_POINT('',(1.411651697157,-1.218781662962,
    -4.505596986035));
#3411 = CARTESIAN_POINT('',(1.17619616881,-1.45424663175,-4.525541535298
    ));
#3412 = CARTESIAN_POINT('',(1.019469572672,-1.575695541415,
    -4.537317809651));
#3413 = CARTESIAN_POINT('',(0.847927513467,-1.676644966724,
    -4.549085171971));
#3414 = CARTESIAN_POINT('',(0.664952330788,-1.754984896144,
    -4.560850544437));
#3415 = CARTESIAN_POINT('',(0.474246991449,-1.809242903539,
    -4.572621430526));
#3416 = CARTESIAN_POINT('',(0.206920549655,-1.849925406196,
    -4.588808097225));
#3417 = CARTESIAN_POINT('',(0.133474463836,-1.857552437947,
    -4.593223779782));
#3418 = CARTESIAN_POINT('',(5.970754265118E-02,-1.861678195461,
    -4.597640046946));
#3419 = CARTESIAN_POINT('',(-1.41720811283E-02,-1.862287734246,
    -4.602056934749));
#3420 = CARTESIAN_POINT('',(-8.795574683903E-02,-1.859382655401,
    -4.606474435956));
#3421 = CARTESIAN_POINT('',(-0.266217076225,-1.843852282876,
    -4.617192806314));
#3422 = CARTESIAN_POINT('',(-0.370382488846,-1.827612783345,
    -4.623494400473));
#3423 = CARTESIAN_POINT('',(-0.473322968323,-1.804315757612,
    -4.629796884324));
#3424 = CARTESIAN_POINT('',(-0.574443852723,-1.774081754282,
    -4.636100117759));
#3425 = CARTESIAN_POINT('',(-0.673167820812,-1.73709757771,
    -4.642403894659));
#3426 = CARTESIAN_POINT('',(-0.862940856504,-1.65093635222,
    -4.654894838012));
#3427 = CARTESIAN_POINT('',(-0.954101639786,-1.601995666168,
    -4.661082245402));
#3428 = CARTESIAN_POINT('',(-1.041896728324,-1.547031594827,
    -4.667269279822));
#3429 = CARTESIAN_POINT('',(-1.125833124335,-1.48633776741,
    -4.67345581548));
#3430 = CARTESIAN_POINT('',(-1.205453334975,-1.420260592438,
    -4.679641820206));
#3431 = CARTESIAN_POINT('',(-1.322194058656,-1.309477883549,
    -4.689284052617));
#3432 = CARTESIAN_POINT('',(-1.36257071439,-1.268200613685,
    -4.692740875262));
#3433 = CARTESIAN_POINT('',(-1.401396098705,-1.22543417901,
    -4.696197475486));
#3434 = CARTESIAN_POINT('',(-1.438602117942,-1.181251742615,
    -4.699653856931));
#3435 = CARTESIAN_POINT('',(-1.474125347589,-1.135730557177,
    -4.703110033054));
#3436 = CARTESIAN_POINT('',(-1.617528323837,-0.937155814405,
    -4.717780699739));
#3437 = CARTESIAN_POINT('',(-1.708834844781,-0.772086375161,
    -4.72899575942));
#3438 = CARTESIAN_POINT('',(-1.779762189694,-0.596574904771,
    -4.740207032476));
#3439 = CARTESIAN_POINT('',(-1.828940399864,-0.41377442786,-4.7514190382
    ));
#3440 = CARTESIAN_POINT('',(-1.855563697467,-0.227026201894,
    -4.762635517801));
#3441 = CARTESIAN_POINT('',(-1.86378161205,0.156625003246,-4.78562228082
    ));
#3442 = CARTESIAN_POINT('',(-1.84308453752,0.353665243924,-4.79739789554
    ));
#3443 = CARTESIAN_POINT('',(-1.797373779376,0.547229812184,
    -4.809171855037));
#3444 = CARTESIAN_POINT('',(-1.727462183045,0.733427516934,
    -4.820945915991));
#3445 = CARTESIAN_POINT('',(-1.634842360358,0.908573197252,
    -4.832721265712));
#3446 = CARTESIAN_POINT('',(-1.395476046221,1.249230025197,
    -4.857658266581));
#3447 = CARTESIAN_POINT('',(-1.243523254727,1.411249001639,
    -4.870827148935));
#3448 = CARTESIAN_POINT('',(-1.069266708967,1.550702233387,
    -4.883985709384));
#3449 = CARTESIAN_POINT('',(-0.876974354552,1.663997835686,
    -4.89714120232));
#3450 = CARTESIAN_POINT('',(-0.671520494758,1.748424625932,
    -4.910304414988));
#3451 = CARTESIAN_POINT('',(-0.406201966665,1.815904233483,
    -4.926695435877));
#3452 = CARTESIAN_POINT('',(-0.353475399146,1.827378397405,
    -4.929924483381));
#3453 = CARTESIAN_POINT('',(-0.300365643482,1.837014028738,
    -4.933153811819));
#3454 = CARTESIAN_POINT('',(-0.246952792184,1.844795641838,
    -4.936383446724));
#3455 = CARTESIAN_POINT('',(-0.19331770377,1.850712419549,
    -4.939613403022));
#3456 = CARTESIAN_POINT('',(-7.836601329251E-03,1.864667017149,
    -4.950755168874));
#3457 = CARTESIAN_POINT('',(0.124719745343,1.86335351137,-4.9586690202)
  );
#3458 = CARTESIAN_POINT('',(0.256916927639,1.850724612613,
    -4.966584431166));
#3459 = CARTESIAN_POINT('',(0.38755556213,1.826866787691,-4.974501496531
    ));
#3460 = CARTESIAN_POINT('',(0.515457963064,1.792023390418,
    -4.982419766975));
#3461 = CARTESIAN_POINT('',(0.75803421057,1.703209321625,-4.997905455591
    ));
#3462 = CARTESIAN_POINT('',(0.873053319083,1.650147062917,
    -5.005473608078));
#3463 = CARTESIAN_POINT('',(0.983548932002,1.587791003952,
    -5.013040415105));
#3464 = CARTESIAN_POINT('',(1.088592331475,1.516632605539,
    -5.020605469986));
#3465 = CARTESIAN_POINT('',(1.18732964837,1.437284384689,-5.028168737814
    ));
#3466 = CARTESIAN_POINT('',(1.393481095421,1.242044693548,
    -5.045173863127));
#3467 = CARTESIAN_POINT('',(1.49695100673,1.121957380608,-5.054615953519
    ));
#3468 = CARTESIAN_POINT('',(1.587889547916,0.991635960227,
    -5.064054447785));
#3469 = CARTESIAN_POINT('',(1.665081903822,0.852731717603,
    -5.073492466192));
#3470 = CARTESIAN_POINT('',(1.727578933741,0.707060464641,
    -5.082934011428));
#3471 = CARTESIAN_POINT('',(1.784496389252,0.525575984605,
    -5.094324488651));
#3472 = CARTESIAN_POINT('',(1.793576685304,0.494343105725,
    -5.096272042785));
#3473 = CARTESIAN_POINT('',(1.802000646195,0.462923139475,-5.09821970345
    ));
#3474 = CARTESIAN_POINT('',(1.809763519832,0.431333324578,
    -5.100167467183));
#3475 = CARTESIAN_POINT('',(1.816861157721,0.399591061473,
    -5.102115325125));
#3476 = CARTESIAN_POINT('',(1.835486191013,0.307239817497,
    -5.107758693264));
#3477 = CARTESIAN_POINT('',(1.845275486928,0.246279992649,
    -5.111454422871));
#3478 = CARTESIAN_POINT('',(1.852633661474,0.184954627437,
    -5.115150341156));
#3479 = CARTESIAN_POINT('',(1.857544537111,0.123384765773,
    -5.118846286776));
#3480 = CARTESIAN_POINT('',(1.86,6.169230582687E-02,-5.122542047728));
#3481 = CARTESIAN_POINT('',(1.86,1.895750223468E-11,-5.126237361352));
#3482 = ORIENTED_EDGE('',*,*,#3182,.T.);
#3483 = ORIENTED_EDGE('',*,*,#3484,.T.);
#3484 = EDGE_CURVE('',#3074,#3485,#3487,.T.);
#3485 = VERTEX_POINT('',#3486);
#3486 = CARTESIAN_POINT('',(1.86,1.07592036928E-12,-5.213751696892));
#3487 = B_SPLINE_CURVE_WITH_KNOTS('',6,(#3488,#3489,#3490,#3491,#3492,
    #3493,#3494,#3495,#3496,#3497,#3498,#3499,#3500,#3501,#3502,#3503,
    #3504,#3505,#3506,#3507,#3508,#3509,#3510,#3511,#3512,#3513,#3514,
    #3515,#3516,#3517,#3518,#3519,#3520,#3521,#3522,#3523,#3524,#3525,
    #3526,#3527,#3528,#3529,#3530,#3531,#3532,#3533,#3534,#3535,#3536,
    #3537,#3538,#3539,#3540,#3541,#3542,#3543,#3544,#3545,#3546,#3547,
    #3548,#3549,#3550,#3551,#3552,#3553,#3554,#3555,#3556,#3557,#3558,
    #3559,#3560,#3561,#3562,#3563,#3564,#3565,#3566,#3567,#3568,#3569,
    #3570,#3571,#3572,#3573,#3574,#3575,#3576,#3577,#3578,#3579,#3580,
    #3581,#3582,#3583,#3584),.UNSPECIFIED.,.F.,.F.,(7,5,5,5,5,5,5,5,5,5,
    5,5,5,5,5,5,5,5,5,7),(0.,2.502394160216E-02,4.840286889331E-02,
    0.127401473512,0.141237635567,0.187240763353,0.262241124728,
    0.298639794443,0.357642173543,0.402092924109,0.49420194606,
    0.598845489292,0.625758536051,0.678761634715,0.730762827387,
    0.769590145064,0.872120016624,0.944226659698,0.973226002866,1.),
  .UNSPECIFIED.);
#3488 = CARTESIAN_POINT('',(1.86,2.980282687304E-12,-4.513751979719));
#3489 = CARTESIAN_POINT('',(1.86,-4.873998372467E-02,-4.516671343704));
#3490 = CARTESIAN_POINT('',(1.858467358875,-9.748002850673E-02,
    -4.519590892568));
#3491 = CARTESIAN_POINT('',(1.855402089549,-0.146159679484,
    -4.52251052782));
#3492 = CARTESIAN_POINT('',(1.850807354962,-0.194718754973,
    -4.525430164151));
#3493 = CARTESIAN_POINT('',(1.844689468068,-0.243097346461,
    -4.528349729436));
#3494 = CARTESIAN_POINT('',(1.829927997246,-0.336209782277,
    -4.533996683312));
#3495 = CARTESIAN_POINT('',(1.821476862498,-0.380974285483,
    -4.536724093509));
#3496 = CARTESIAN_POINT('',(1.811712210184,-0.425480695348,
    -4.539451351738));
#3497 = CARTESIAN_POINT('',(1.800644098887,-0.469680942001,
    -4.542178432193));
#3498 = CARTESIAN_POINT('',(1.788284923174,-0.513527518582,
    -4.544905326845));
#3499 = CARTESIAN_POINT('',(1.728574321437,-0.703779636369,
    -4.556845768658));
#3500 = CARTESIAN_POINT('',(1.667921543902,-0.846025904429,
    -4.566058349625));
#3501 = CARTESIAN_POINT('',(1.593263260207,-0.981871990134,
    -4.575268172305));
#3502 = CARTESIAN_POINT('',(1.505473686028,-1.109627138086,
    -4.584478703486));
#3503 = CARTESIAN_POINT('',(1.405669941902,-1.227749123233,
    -4.593692643171));
#3504 = CARTESIAN_POINT('',(1.275898302198,-1.353665318197,
    -4.604522588284));
#3505 = CARTESIAN_POINT('',(1.256230745321,-1.372095685613,
    -4.606136775909));
#3506 = CARTESIAN_POINT('',(1.236244196816,-1.390182688228,
    -4.607751051127));
#3507 = CARTESIAN_POINT('',(1.215946166502,-1.40791944943,
    -4.609365415093));
#3508 = CARTESIAN_POINT('',(1.195344369606,-1.425299305701,
    -4.610979867145));
#3509 = CARTESIAN_POINT('',(1.104965252748,-1.498893075855,
    -4.617962496181));
#3510 = CARTESIAN_POINT('',(1.0322123649,-1.551454299202,-4.623331602613
    ));
#3511 = CARTESIAN_POINT('',(0.956480028257,-1.599761842627,
    -4.62870156001));
#3512 = CARTESIAN_POINT('',(0.878080476763,-1.643608036295,
    -4.634072253251));
#3513 = CARTESIAN_POINT('',(0.797344440579,-1.682816209838,
    -4.639443486422));
#3514 = CARTESIAN_POINT('',(0.57975006706,-1.773366743496,
    -4.653571962776));
#3515 = CARTESIAN_POINT('',(0.439581299817,-1.816784965279,
    -4.662330244947));
#3516 = CARTESIAN_POINT('',(0.29563228161,-1.846860272514,
    -4.671087052078));
#3517 = CARTESIAN_POINT('',(0.149488220878,-1.863220940261,
    -4.679841836247));
#3518 = CARTESIAN_POINT('',(2.771052960955E-03,-1.865725536236,
    -4.688594883651));
#3519 = CARTESIAN_POINT('',(-0.213562861762,-1.849058399227,
    -4.701591403367));
#3520 = CARTESIAN_POINT('',(-0.283999523163,-1.840379449218,
    -4.705837352589));
#3521 = CARTESIAN_POINT('',(-0.354001759926,-1.828481759558,
    -4.710082769015));
#3522 = CARTESIAN_POINT('',(-0.42338640883,-1.813393574455,
    -4.714327697905));
#3523 = CARTESIAN_POINT('',(-0.491972994301,-1.7951570148,-4.71857221141
    ));
#3524 = CARTESIAN_POINT('',(-0.669180980088,-1.73925379249,
    -4.729696267975));
#3525 = CARTESIAN_POINT('',(-0.776218116512,-1.696552329373,
    -4.736575499304));
#3526 = CARTESIAN_POINT('',(-0.879935408733,-1.645963636166,
    -4.743454083969));
#3527 = CARTESIAN_POINT('',(-0.979612639812,-1.587817267912,
    -4.750332737479));
#3528 = CARTESIAN_POINT('',(-1.074575602216,-1.522528964498,
    -4.757212118904));
#3529 = CARTESIAN_POINT('',(-1.23172507768,-1.39640585902,
    -4.769275181708));
#3530 = CARTESIAN_POINT('',(-1.296221149869,-1.338442302386,
    -4.774458789201));
#3531 = CARTESIAN_POINT('',(-1.357426110557,-1.276919087209,
    -4.779642865945));
#3532 = CARTESIAN_POINT('',(-1.415097004435,-1.212071556771,
    -4.784827515947));
#3533 = CARTESIAN_POINT('',(-1.469013801358,-1.144156610789,
    -4.79001278532));
#3534 = CARTESIAN_POINT('',(-1.622519675558,-0.926939109602,
    -4.805944135976));
#3535 = CARTESIAN_POINT('',(-1.709118176457,-0.768417656202,
    -4.816693742779));
#3536 = CARTESIAN_POINT('',(-1.776991038154,-0.600391617628,
    -4.827442803843));
#3537 = CARTESIAN_POINT('',(-1.824934426709,-0.425633144379,
    -4.838191932018));
#3538 = CARTESIAN_POINT('',(-1.85222524646,-0.247076132654,
    -4.848942014602));
#3539 = CARTESIAN_POINT('',(-1.866192810683,0.135886307572,
    -4.871898048572));
#3540 = CARTESIAN_POINT('',(-1.846840734945,0.340602142536,
    -4.884108877082));
#3541 = CARTESIAN_POINT('',(-1.800515779169,0.541817998237,
    -4.896313295879));
#3542 = CARTESIAN_POINT('',(-1.728101916943,0.735184666129,
    -4.90851661648));
#3543 = CARTESIAN_POINT('',(-1.631261092078,0.916585804748,
    -4.920725490401));
#3544 = CARTESIAN_POINT('',(-1.482154300224,1.124973986034,
    -4.936073004383));
#3545 = CARTESIAN_POINT('',(-1.450209113707,1.166573282158,
    -4.93921286623));
#3546 = CARTESIAN_POINT('',(-1.416865853947,1.207079948481,
    -4.942352905732));
#3547 = CARTESIAN_POINT('',(-1.382171491232,1.246435587748,
    -4.945493132762));
#3548 = CARTESIAN_POINT('',(-1.346176213141,1.28458454513,
    -4.948633550229));
#3549 = CARTESIAN_POINT('',(-1.235586723361,1.394124566068,
    -4.957959322808));
#3550 = CARTESIAN_POINT('',(-1.157399704834,1.461891257078,
    -4.964145332538));
#3551 = CARTESIAN_POINT('',(-1.074782239853,1.524368268827,
    -4.970331908817));
#3552 = CARTESIAN_POINT('',(-0.988184297716,1.581199477775,
    -4.976519023515));
#3553 = CARTESIAN_POINT('',(-0.898092474649,1.63208076725,
    -4.982706551542));
#3554 = CARTESIAN_POINT('',(-0.713719775348,1.720599515588,
    -4.994964345021));
#3555 = CARTESIAN_POINT('',(-0.619547043993,1.758470700073,
    -5.001034833877));
#3556 = CARTESIAN_POINT('',(-0.52299918125,1.790140583718,
    -5.007104875685));
#3557 = CARTESIAN_POINT('',(-0.424587175192,1.815429245791,
    -5.013174269675));
#3558 = CARTESIAN_POINT('',(-0.324838494255,1.834213301428,
    -5.019242865812));
#3559 = CARTESIAN_POINT('',(-0.149220249509,1.855546405926,
    -5.02984061912));
#3560 = CARTESIAN_POINT('',(-7.370156425004E-02,1.861003050127,
    -5.03437035837));
#3561 = CARTESIAN_POINT('',(2.037901129204E-03,1.862769665747,
    -5.038899450209));
#3562 = CARTESIAN_POINT('',(7.777341496929E-02,1.860837338616,
    -5.043427876317));
#3563 = CARTESIAN_POINT('',(0.153280236094,1.855215450333,
    -5.047955665417));
#3564 = CARTESIAN_POINT('',(0.426524311437,1.821416362365,
    -5.064437777602));
#3565 = CARTESIAN_POINT('',(0.621610546811,1.771359320856,
    -5.076391975973));
#3566 = CARTESIAN_POINT('',(0.809355873218,1.696260231947,
    -5.088340030519));
#3567 = CARTESIAN_POINT('',(0.985845328586,1.597568137268,
    -5.100289914746));
#3568 = CARTESIAN_POINT('',(1.147487706765,1.47741437049,-5.112249221294
    ));
#3569 = CARTESIAN_POINT('',(1.392317892044,1.241279968114,
    -5.132622558218));
#3570 = CARTESIAN_POINT('',(1.484578968642,1.134615411301,
    -5.141037700032));
#3571 = CARTESIAN_POINT('',(1.566957399158,1.019798217328,
    -5.149454591077));
#3572 = CARTESIAN_POINT('',(1.638582034718,0.897983641423,
    -5.157872818223));
#3573 = CARTESIAN_POINT('',(1.698750374236,0.770435798261,
    -5.166291013001));
#3574 = CARTESIAN_POINT('',(1.766353667869,0.585478407568,
    -5.178091866646));
#3575 = CARTESIAN_POINT('',(1.783810627421,0.531721995699,
    -5.181476359142));
#3576 = CARTESIAN_POINT('',(1.79930221907,0.477347200447,-5.184860542089
    ));
#3577 = CARTESIAN_POINT('',(1.812801669469,0.422443811874,
    -5.188244391879));
#3578 = CARTESIAN_POINT('',(1.824287699658,0.367103087608,
    -5.191627928004));
#3579 = CARTESIAN_POINT('',(1.842475654423,0.260005588612,
    -5.198134872225));
#3580 = CARTESIAN_POINT('',(1.84947710327,0.208299465087,-5.201258321561
    ));
#3581 = CARTESIAN_POINT('',(1.854736470937,0.156372331513,
    -5.204381618943));
#3582 = CARTESIAN_POINT('',(1.858245484745,0.10429751294,-5.207504856833
    ));
#3583 = CARTESIAN_POINT('',(1.86,5.214871021839E-02,-5.210628162275));
#3584 = CARTESIAN_POINT('',(1.86,2.184252778648E-12,-5.213751696892));
#3585 = ORIENTED_EDGE('',*,*,#3586,.F.);
#3586 = EDGE_CURVE('',#3397,#3485,#3587,.T.);
#3587 = LINE('',#3588,#3589);
#3588 = CARTESIAN_POINT('',(1.86,0.,-0.2));
#3589 = VECTOR('',#3590,1.);
#3590 = DIRECTION('',(-2.523234146875E-17,0.,-1.));
#3591 = CYLINDRICAL_SURFACE('',#3592,1.86);
#3592 = AXIS2_PLACEMENT_3D('',#3593,#3594,#3595);
#3593 = CARTESIAN_POINT('',(0.,0.,-0.2));
#3594 = DIRECTION('',(-0.,-0.,-1.));
#3595 = DIRECTION('',(1.,0.,0.));
#3596 = ADVANCED_FACE('',(#3597),#3623,.T.);
#3597 = FACE_BOUND('',#3598,.T.);
#3598 = EDGE_LOOP('',(#3599,#3616,#3617,#3618));
#3599 = ORIENTED_EDGE('',*,*,#3600,.F.);
#3600 = EDGE_CURVE('',#3197,#3601,#3603,.T.);
#3601 = VERTEX_POINT('',#3602);
#3602 = CARTESIAN_POINT('',(1.481123908738,6.840721497809E-07,
    -4.732511420811));
#3603 = ( BOUNDED_CURVE() B_SPLINE_CURVE(11,(#3604,#3605,#3606,#3607,
    #3608,#3609,#3610,#3611,#3612,#3613,#3614,#3615),.UNSPECIFIED.,.F.,
.F.) B_SPLINE_CURVE_WITH_KNOTS((12,12),(0.,6.322058019692),
.PIECEWISE_BEZIER_KNOTS.) CURVE() GEOMETRIC_REPRESENTATION_ITEM() 
RATIONAL_B_SPLINE_CURVE((1.056590953773,1.056590953773,1.056590953773,
    1.056590953773,1.056590953773,1.056590953774,1.056590953773,
    1.056590953773,1.056590953773,1.056590953773,1.056590953773,
1.056590953773)) REPRESENTATION_ITEM('') );
#3604 = CARTESIAN_POINT('',(1.481125340607,7.817952551448E-07,
    -4.032513052329));
#3605 = CARTESIAN_POINT('',(1.481123992988,-0.846062295169,
    -4.096147371736));
#3606 = CARTESIAN_POINT('',(0.949612389202,-1.691688545926,
    -4.159750167469));
#3607 = CARTESIAN_POINT('',(-0.11408365705,-2.168174258836,
    -4.22359871576));
#3608 = CARTESIAN_POINT('',(-1.414700507763,-1.896701526999,
    -4.286621569326));
#3609 = CARTESIAN_POINT('',(-2.382782853491,-0.786239603528,
    -4.35135594661));
#3610 = CARTESIAN_POINT('',(-2.383838520313,0.786224631025,
    -4.413668526243));
#3611 = CARTESIAN_POINT('',(-1.413993002148,1.89672213751,
    -4.478402904393));
#3612 = CARTESIAN_POINT('',(-0.114384079943,2.168162553143,
    -4.541425756981));
#3613 = CARTESIAN_POINT('',(0.949671276449,1.691691739956,
    -4.605274305785));
#3614 = CARTESIAN_POINT('',(1.481125312156,0.846063761036,
    -4.668877101409));
#3615 = CARTESIAN_POINT('',(1.481123908738,6.840721427648E-07,
    -4.732511420811));
#3616 = ORIENTED_EDGE('',*,*,#3215,.T.);
#3617 = ORIENTED_EDGE('',*,*,#3073,.T.);
#3618 = ORIENTED_EDGE('',*,*,#3619,.F.);
#3619 = EDGE_CURVE('',#3601,#3074,#3620,.T.);
#3620 = B_SPLINE_CURVE_WITH_KNOTS('',1,(#3621,#3622),.UNSPECIFIED.,.F.,
  .F.,(2,2),(0.,0.49),.PIECEWISE_BEZIER_KNOTS.);
#3621 = CARTESIAN_POINT('',(1.481123908738,6.840721404699E-07,
    -4.732511420811));
#3622 = CARTESIAN_POINT('',(1.905468971236,-8.20922633435E-08,
    -4.487498629445));
#3623 = B_SPLINE_SURFACE_WITH_KNOTS('',1,10,(
    (#3624,#3625,#3626,#3627,#3628,#3629,#3630,#3631,#3632,#3633,#3634)
    ,(#3635,#3636,#3637,#3638,#3639,#3640,#3641,#3642,#3643,#3644,#3645
    )),.UNSPECIFIED.,.F.,.F.,.F.,(2,2),(11,11),(0.,0.49),(0.,
    6.322058019692),.PIECEWISE_BEZIER_KNOTS.);
#3624 = CARTESIAN_POINT('',(1.481125340607,7.81795253627E-07,
    -4.032513052329));
#3625 = CARTESIAN_POINT('',(1.481123858226,-0.930668602865,
    -4.102510803677));
#3626 = CARTESIAN_POINT('',(0.831498729418,-1.860804088829,
    -4.172470026089));
#3627 = CARTESIAN_POINT('',(-0.468790208051,-2.280123494805,
    -4.242631365333));
#3628 = CARTESIAN_POINT('',(-1.95471263134,-1.692485037486,
    -4.312390134707));
#3629 = CARTESIAN_POINT('',(-2.740566471299,-3.137146551113E-05,
    -4.382512235786));
#3630 = CARTESIAN_POINT('',(-1.954494859912,1.692527389495,
    -4.452634339684));
#3631 = CARTESIAN_POINT('',(-0.469003834512,2.280106057701,
    -4.522393107208));
#3632 = CARTESIAN_POINT('',(0.831570348439,1.860807666895,
    -4.592554447188));
#3633 = CARTESIAN_POINT('',(1.481125452497,0.930670068732,
    -4.662513669469));
#3634 = CARTESIAN_POINT('',(1.481123908738,6.840721404699E-07,
    -4.732511420811));
#3635 = CARTESIAN_POINT('',(1.905469348024,-9.382009538235E-08,
    -3.787498433645));
#3636 = CARTESIAN_POINT('',(1.905468769777,-1.197235515568,
    -3.857498703509));
#3637 = CARTESIAN_POINT('',(1.069811160323,-2.394501524112,
    -3.927503597286));
#3638 = CARTESIAN_POINT('',(-0.603429928303,-2.932074433744,
    -3.997484234686));
#3639 = CARTESIAN_POINT('',(-2.514153762623,-2.178648439275,
    -4.067513185334));
#3640 = CARTESIAN_POINT('',(-3.526350934576,-7.735187447899E-06,
    -4.137498531337));
#3641 = CARTESIAN_POINT('',(-2.514095813978,2.178660324501,
    -4.207483878087));
#3642 = CARTESIAN_POINT('',(-0.603485279872,2.93207002338,
    -4.277512828246));
#3643 = CARTESIAN_POINT('',(1.069830712803,2.39450215027,-4.347493465839
    ));
#3644 = CARTESIAN_POINT('',(1.905469542116,1.197235339656,
    -4.417498359583));
#3645 = CARTESIAN_POINT('',(1.905468971236,-8.20922633435E-08,
    -4.487498629445));
#3646 = ADVANCED_FACE('',(#3647),#3677,.T.);
#3647 = FACE_BOUND('',#3648,.T.);
#3648 = EDGE_LOOP('',(#3649,#3665,#3666,#3667));
#3649 = ORIENTED_EDGE('',*,*,#3650,.F.);
#3650 = EDGE_CURVE('',#3247,#3651,#3653,.T.);
#3651 = VERTEX_POINT('',#3652);
#3652 = CARTESIAN_POINT('',(1.481129183854,6.840671958652E-07,
    -4.907511420731));
#3653 = B_SPLINE_CURVE_WITH_KNOTS('',10,(#3654,#3655,#3656,#3657,#3658,
    #3659,#3660,#3661,#3662,#3663,#3664),.UNSPECIFIED.,.F.,.F.,(11,11),(
    0.,6.322058019692),.PIECEWISE_BEZIER_KNOTS.);
#3654 = CARTESIAN_POINT('',(1.481131369311,7.817888332004E-07,
    -4.207513052226));
#3655 = CARTESIAN_POINT('',(1.481128848286,-0.930672153305,
    -4.277510803609));
#3656 = CARTESIAN_POINT('',(0.831482571623,-1.860810472257,
    -4.347470026663));
#3657 = CARTESIAN_POINT('',(-0.468736377518,-2.280136644549,
    -4.417631363305));
#3658 = CARTESIAN_POINT('',(-1.954777831777,-1.692479859086,
    -4.487390136769));
#3659 = CARTESIAN_POINT('',(-2.740576937282,-4.716784670755E-05,
    -4.557512235278));
#3660 = CARTESIAN_POINT('',(-1.954444564169,1.692545518059,
    -4.627634338102));
#3661 = CARTESIAN_POINT('',(-0.469061249511,2.280110275001,
    -4.697393108735));
#3662 = CARTESIAN_POINT('',(0.83159285378,1.860815500223,-4.767554446503
    ));
#3663 = CARTESIAN_POINT('',(1.481131766256,0.930673619162,
    -4.837513669359));
#3664 = CARTESIAN_POINT('',(1.481129183854,6.840671864258E-07,
    -4.907511420731));
#3665 = ORIENTED_EDGE('',*,*,#3264,.T.);
#3666 = ORIENTED_EDGE('',*,*,#3600,.T.);
#3667 = ORIENTED_EDGE('',*,*,#3668,.F.);
#3668 = EDGE_CURVE('',#3651,#3601,#3669,.T.);
#3669 = ( BOUNDED_CURVE() B_SPLINE_CURVE(6,(#3670,#3671,#3672,#3673,
#3674,#3675,#3676),.UNSPECIFIED.,.F.,.F.) B_SPLINE_CURVE_WITH_KNOTS((7,7
),(0.,2.094395102393),.PIECEWISE_BEZIER_KNOTS.) CURVE() 
GEOMETRIC_REPRESENTATION_ITEM() RATIONAL_B_SPLINE_CURVE((1.056590953773,
    1.017435169568,0.996326512422,0.989390034249,0.996326512422,
1.017435169568,1.056590953773)) REPRESENTATION_ITEM('') );
#3670 = CARTESIAN_POINT('',(1.481129183854,6.84067190726E-07,
    -4.907511420731));
#3671 = CARTESIAN_POINT('',(1.449410723813,7.413346143625E-07,
    -4.889200034074));
#3672 = CARTESIAN_POINT('',(1.427058089114,7.816916431647E-07,
    -4.858206474462));
#3673 = CARTESIAN_POINT('',(1.418978103887,7.962791166438E-07,
    -4.820013294144));
#3674 = CARTESIAN_POINT('',(1.427055786545,7.816938064065E-07,
    -4.781819626777));
#3675 = CARTESIAN_POINT('',(1.449406552694,7.413385321731E-07,
    -4.750824719647));
#3676 = CARTESIAN_POINT('',(1.481123908738,6.840721427648E-07,
    -4.732511420811));
#3677 = ( BOUNDED_SURFACE() B_SPLINE_SURFACE(6,11,(
    (#3678,#3679,#3680,#3681,#3682,#3683,#3684,#3685,#3686,#3687,#3688
      ,#3689)
    ,(#3690,#3691,#3692,#3693,#3694,#3695,#3696,#3697,#3698,#3699,#3700
      ,#3701)
    ,(#3702,#3703,#3704,#3705,#3706,#3707,#3708,#3709,#3710,#3711,#3712
      ,#3713)
    ,(#3714,#3715,#3716,#3717,#3718,#3719,#3720,#3721,#3722,#3723,#3724
      ,#3725)
    ,(#3726,#3727,#3728,#3729,#3730,#3731,#3732,#3733,#3734,#3735,#3736
      ,#3737)
    ,(#3738,#3739,#3740,#3741,#3742,#3743,#3744,#3745,#3746,#3747,#3748
      ,#3749)
    ,(#3750,#3751,#3752,#3753,#3754,#3755,#3756,#3757,#3758,#3759,#3760
,#3761
    )),.UNSPECIFIED.,.F.,.F.,.F.) B_SPLINE_SURFACE_WITH_KNOTS((7,7),(12,
    12),(0.,2.094395102393),(0.,6.322058019692),
.PIECEWISE_BEZIER_KNOTS.) GEOMETRIC_REPRESENTATION_ITEM() 
RATIONAL_B_SPLINE_SURFACE((
    (1.056590953773,1.056590953773,1.056590953773,1.056590953773
      ,1.056590953773,1.056590953774,1.056590953773,1.056590953773
      ,1.056590953773,1.056590953773,1.056590953773,1.056590953773)
    ,(1.017435169568,1.017435169568,1.017435169568,1.017435169568
      ,1.017435169568,1.017435169568,1.017435169568,1.017435169568
      ,1.017435169568,1.017435169568,1.017435169568,1.017435169568)
    ,(0.996326512422,0.996326512422,0.996326512422,0.996326512422
      ,0.996326512422,0.996326512423,0.996326512421,0.996326512423
      ,0.996326512422,0.996326512422,0.996326512422,0.996326512422)
    ,(0.989390034249,0.989390034249,0.989390034248,0.989390034249
      ,0.989390034248,0.989390034249,0.989390034248,0.989390034249
      ,0.989390034248,0.989390034249,0.989390034249,0.989390034249)
    ,(0.996326512422,0.996326512422,0.996326512422,0.996326512422
      ,0.996326512422,0.996326512423,0.996326512422,0.996326512423
      ,0.996326512422,0.996326512422,0.996326512422,0.996326512422)
    ,(1.017435169568,1.017435169568,1.017435169568,1.017435169568
      ,1.017435169568,1.017435169568,1.017435169568,1.017435169568
      ,1.017435169568,1.017435169568,1.017435169568,1.017435169568)
    ,(1.056590953773,1.056590953773,1.056590953773,1.056590953773
      ,1.056590953773,1.056590953774,1.056590953773,1.056590953773
      ,1.056590953773,1.056590953773,1.056590953773,1.056590953773
))) REPRESENTATION_ITEM('') SURFACE() );
#3678 = CARTESIAN_POINT('',(1.481131369311,7.817888295347E-07,
    -4.207513052226));
#3679 = CARTESIAN_POINT('',(1.48112907747,-0.846065522842,
    -4.271147371665));
#3680 = CARTESIAN_POINT('',(0.949600076471,-1.691694414266,
    -4.334750167926));
#3681 = CARTESIAN_POINT('',(-0.114005602492,-2.168185563016,
    -4.398598712917));
#3682 = CARTESIAN_POINT('',(-1.414892577517,-1.896703014183,
    -4.461621575894));
#3683 = CARTESIAN_POINT('',(-2.382514353582,-0.78624586448,
    -4.526355936569));
#3684 = CARTESIAN_POINT('',(-2.38412521252,0.786224253636,
    -4.588668535949));
#3685 = CARTESIAN_POINT('',(-1.413811720641,1.896735208238,
    -4.653402897949));
#3686 = CARTESIAN_POINT('',(-0.114463010237,2.168167756427,
    -4.71642575943));
#3687 = CARTESIAN_POINT('',(0.949690837866,1.691698794576,
    -4.780274305204));
#3688 = CARTESIAN_POINT('',(1.481131531492,0.846066988698,
    -4.843877101302));
#3689 = CARTESIAN_POINT('',(1.481129183854,6.84067190726E-07,
    -4.907511420731));
#3690 = CARTESIAN_POINT('',(1.449412830417,8.472373925206E-07,
    -4.189201802155));
#3691 = CARTESIAN_POINT('',(1.449410674751,-0.827951799936,
    -4.252835950456));
#3692 = CARTESIAN_POINT('',(0.929262011699,-1.655432635985,
    -4.316435936489));
#3693 = CARTESIAN_POINT('',(-0.111556413782,-2.121865333241,
    -4.380302245084));
#3694 = CARTESIAN_POINT('',(-1.384601162801,-1.855854201659,
    -4.443273746463));
#3695 = CARTESIAN_POINT('',(-2.331495812555,-0.769736350312,
    -4.508100030157));
#3696 = CARTESIAN_POINT('',(-2.333048642221,0.769715236581,
    -4.570301805649));
#3697 = CARTESIAN_POINT('',(-1.383559529989,1.855885066541,
    -4.635128090619));
#3698 = CARTESIAN_POINT('',(-0.111997574448,2.121848155519,
    -4.698099590557));
#3699 = CARTESIAN_POINT('',(0.929349297614,1.655436970859,
    -4.761965899907));
#3700 = CARTESIAN_POINT('',(1.449412939947,0.827953388508,
    -4.825565885782));
#3701 = CARTESIAN_POINT('',(1.449410723813,7.413346143625E-07,
    -4.889200034074));
#3702 = CARTESIAN_POINT('',(1.427060062254,8.933598442118E-07,
    -4.158208338799));
#3703 = CARTESIAN_POINT('',(1.427058100153,-0.815186674009,
    -4.221842366494));
#3704 = CARTESIAN_POINT('',(0.91493099209,-1.62987825062,-4.285440372097
    ));
#3705 = CARTESIAN_POINT('',(-0.109838531875,-2.089222166476,
    -4.349319199096));
#3706 = CARTESIAN_POINT('',(-1.363234862355,-1.827067773031,
    -4.412254504838));
#3707 = CARTESIAN_POINT('',(-2.295570655328,-0.758101401323,
    -4.477145568662));
#3708 = CARTESIAN_POINT('',(-2.297025202278,0.758081324105,
    -4.539269244203));
#3709 = CARTESIAN_POINT('',(-1.362259463579,1.827096503865,
    -4.604160309221));
#3710 = CARTESIAN_POINT('',(-0.110252015904,2.089206062559,
    -4.667095613615));
#3711 = CARTESIAN_POINT('',(0.915012534046,1.629882430851,-4.73097444132
    ));
#3712 = CARTESIAN_POINT('',(1.427060114975,0.81518834906,-4.794572446774
    ));
#3713 = CARTESIAN_POINT('',(1.427058089114,7.816916431647E-07,
    -4.858206474462));
#3714 = CARTESIAN_POINT('',(1.418979912559,9.100314071753E-07,
    -4.120015193275));
#3715 = CARTESIAN_POINT('',(1.418978166052,-0.810572328895,
    -4.183649177374));
#3716 = CARTESIAN_POINT('',(0.909753064735,-1.620640928076,
    -4.247246467085));
#3717 = CARTESIAN_POINT('',(-0.10922965653,-2.077421825186,
    -4.311129819265));
#3718 = CARTESIAN_POINT('',(-1.355482569396,-1.816662931379,
    -4.374052040947));
#3719 = CARTESIAN_POINT('',(-2.282627221311,-0.753895081316,
    -4.438966521566));
#3720 = CARTESIAN_POINT('',(-2.283960615715,0.75387640259,-4.50106196549
    ));
#3721 = CARTESIAN_POINT('',(-1.354588693534,1.816689104313,
    -4.565976447203));
#3722 = CARTESIAN_POINT('',(-0.109608924788,2.077407050348,
    -4.62889866765));
#3723 = CARTESIAN_POINT('',(0.909827614532,1.620644869449,
    -4.692782020477));
#3724 = CARTESIAN_POINT('',(1.418979915345,0.810574035206,
    -4.756379310052));
#3725 = CARTESIAN_POINT('',(1.418978103887,7.962791166438E-07,
    -4.820013294144));
#3726 = CARTESIAN_POINT('',(1.427057430747,8.933626493013E-07,
    -4.081821491124));
#3727 = CARTESIAN_POINT('',(1.427055880796,-0.815185265141,
    -4.145455518805));
#3728 = CARTESIAN_POINT('',(0.914936366551,-1.629875689112,
    -4.209053524177));
#3729 = CARTESIAN_POINT('',(-0.109872602398,-2.089217232244,
    -4.272932352617));
#3730 = CARTESIAN_POINT('',(-1.363151024624,-1.82706712388,
    -4.335867654251));
#3731 = CARTESIAN_POINT('',(-2.295687854538,-0.758098668441,
    -4.400758725325));
#3732 = CARTESIAN_POINT('',(-2.296900062198,0.758081488834,
    -4.462882392246));
#3733 = CARTESIAN_POINT('',(-1.362338592281,1.827090798541,
    -4.527773464314));
#3734 = CARTESIAN_POINT('',(-0.110217563125,2.089203791345,
    -4.590708764825));
#3735 = CARTESIAN_POINT('',(0.91500399556,1.629879351536,-4.654587593854
    ));
#3736 = CARTESIAN_POINT('',(1.427057400257,0.815186940198,
    -4.718185599101));
#3737 = CARTESIAN_POINT('',(1.427055786545,7.816938064065E-07,
    -4.781819626777));
#3738 = CARTESIAN_POINT('',(1.449408063424,8.472424687378E-07,
    -4.050826487747));
#3739 = CARTESIAN_POINT('',(1.449406654369,-0.827949247762,
    -4.114460636022));
#3740 = CARTESIAN_POINT('',(0.929271747572,-1.655427995794,
    -4.178060621637));
#3741 = CARTESIAN_POINT('',(-0.111618132775,-2.121856394845,
    -4.241926932842));
#3742 = CARTESIAN_POINT('',(-1.384449290158,-1.855853025718,
    -4.30489842678));
#3743 = CARTESIAN_POINT('',(-2.331708119749,-0.769731399677,
    -4.369724723607));
#3744 = CARTESIAN_POINT('',(-2.332821950085,0.76971553499,
    -4.431926483484));
#3745 = CARTESIAN_POINT('',(-1.383702872191,1.855874731305,
    -4.496752781224));
#3746 = CARTESIAN_POINT('',(-0.111935162996,2.121844041199,
    -4.559724274131));
#3747 = CARTESIAN_POINT('',(0.929333830088,1.655431392658,
    -4.623590585877));
#3748 = CARTESIAN_POINT('',(1.449408022218,0.827950836343,
    -4.687190571377));
#3749 = CARTESIAN_POINT('',(1.449406552694,7.413385321731E-07,
    -4.750824719647));
#3750 = CARTESIAN_POINT('',(1.481125340607,7.817952551448E-07,
    -4.032513052329));
#3751 = CARTESIAN_POINT('',(1.481123992988,-0.846062295169,
    -4.096147371736));
#3752 = CARTESIAN_POINT('',(0.949612389202,-1.691688545926,
    -4.159750167469));
#3753 = CARTESIAN_POINT('',(-0.11408365705,-2.168174258836,
    -4.22359871576));
#3754 = CARTESIAN_POINT('',(-1.414700507763,-1.896701526999,
    -4.286621569326));
#3755 = CARTESIAN_POINT('',(-2.382782853491,-0.786239603528,
    -4.35135594661));
#3756 = CARTESIAN_POINT('',(-2.383838520313,0.786224631025,
    -4.413668526243));
#3757 = CARTESIAN_POINT('',(-1.413993002148,1.89672213751,
    -4.478402904393));
#3758 = CARTESIAN_POINT('',(-0.114384079943,2.168162553143,
    -4.541425756981));
#3759 = CARTESIAN_POINT('',(0.949671276449,1.691691739956,
    -4.605274305785));
#3760 = CARTESIAN_POINT('',(1.481125312156,0.846063761036,
    -4.668877101409));
#3761 = CARTESIAN_POINT('',(1.481123908738,6.840721427648E-07,
    -4.732511420811));
#3762 = ADVANCED_FACE('',(#3763),#3773,.T.);
#3763 = FACE_BOUND('',#3764,.T.);
#3764 = EDGE_LOOP('',(#3765,#3766,#3767,#3768));
#3765 = ORIENTED_EDGE('',*,*,#3396,.F.);
#3766 = ORIENTED_EDGE('',*,*,#3365,.T.);
#3767 = ORIENTED_EDGE('',*,*,#3650,.T.);
#3768 = ORIENTED_EDGE('',*,*,#3769,.F.);
#3769 = EDGE_CURVE('',#3397,#3651,#3770,.T.);
#3770 = B_SPLINE_CURVE_WITH_KNOTS('',1,(#3771,#3772),.UNSPECIFIED.,.F.,
  .F.,(2,2),(0.,0.49),.PIECEWISE_BEZIER_KNOTS.);
#3771 = CARTESIAN_POINT('',(1.905489016678,-8.211108906613E-08,
    -5.152498629143));
#3772 = CARTESIAN_POINT('',(1.481129183854,6.840671864258E-07,
    -4.907511420731));
#3773 = B_SPLINE_SURFACE_WITH_KNOTS('',1,10,(
    (#3774,#3775,#3776,#3777,#3778,#3779,#3780,#3781,#3782,#3783,#3784)
    ,(#3785,#3786,#3787,#3788,#3789,#3790,#3791,#3792,#3793,#3794,#3795
    )),.UNSPECIFIED.,.F.,.F.,.F.,(2,2),(11,11),(0.,0.49),(0.,
    6.322058019692),.PIECEWISE_BEZIER_KNOTS.);
#3774 = CARTESIAN_POINT('',(1.905492257098,-9.384449797727E-08,
    -4.45249843325));
#3775 = CARTESIAN_POINT('',(1.905487732007,-1.197249007241,
    -4.522498703251));
#3776 = CARTESIAN_POINT('',(1.069749760702,-2.39452578114,
    -4.592503599466));
#3777 = CARTESIAN_POINT('',(-0.603225372278,-2.932124402769,
    -4.662484226983));
#3778 = CARTESIAN_POINT('',(-2.514401524284,-2.178628761353,
    -4.732513193166));
#3779 = CARTESIAN_POINT('',(-3.526390705314,-6.776143525045E-05,
    -4.802498529411));
#3780 = CARTESIAN_POINT('',(-2.513904690155,2.178729213045,
    -4.872483872076));
#3781 = CARTESIAN_POINT('',(-0.603703456868,2.932086049119,
    -4.94251283405));
#3782 = CARTESIAN_POINT('',(1.0699162331,2.394531916917,-5.012493463232)
  );
#3783 = CARTESIAN_POINT('',(1.905493534398,1.197248831287,
    -5.082498359162));
#3784 = CARTESIAN_POINT('',(1.905489016678,-8.211108906613E-08,
    -5.152498629143));
#3785 = CARTESIAN_POINT('',(1.481131369311,7.817888332004E-07,
    -4.207513052226));
#3786 = CARTESIAN_POINT('',(1.481128848286,-0.930672153305,
    -4.277510803609));
#3787 = CARTESIAN_POINT('',(0.831482571623,-1.860810472257,
    -4.347470026663));
#3788 = CARTESIAN_POINT('',(-0.468736377518,-2.280136644549,
    -4.417631363305));
#3789 = CARTESIAN_POINT('',(-1.954777831777,-1.692479859086,
    -4.487390136769));
#3790 = CARTESIAN_POINT('',(-2.740576937282,-4.716784670755E-05,
    -4.557512235278));
#3791 = CARTESIAN_POINT('',(-1.954444564169,1.692545518059,
    -4.627634338102));
#3792 = CARTESIAN_POINT('',(-0.469061249511,2.280110275001,
    -4.697393108735));
#3793 = CARTESIAN_POINT('',(0.83159285378,1.860815500223,-4.767554446503
    ));
#3794 = CARTESIAN_POINT('',(1.481131766256,0.930673619162,
    -4.837513669359));
#3795 = CARTESIAN_POINT('',(1.481129183854,6.840671864258E-07,
    -4.907511420731));
#3796 = ADVANCED_FACE('',(#3797),#3991,.T.);
#3797 = FACE_BOUND('',#3798,.F.);
#3798 = EDGE_LOOP('',(#3799,#3881,#3882,#3985));
#3799 = ORIENTED_EDGE('',*,*,#3800,.F.);
#3800 = EDGE_CURVE('',#3397,#3801,#3803,.T.);
#3801 = VERTEX_POINT('',#3802);
#3802 = CARTESIAN_POINT('',(1.86,6.891259204506E-12,-5.826239166805));
#3803 = B_SPLINE_CURVE_WITH_KNOTS('',6,(#3804,#3805,#3806,#3807,#3808,
    #3809,#3810,#3811,#3812,#3813,#3814,#3815,#3816,#3817,#3818,#3819,
    #3820,#3821,#3822,#3823,#3824,#3825,#3826,#3827,#3828,#3829,#3830,
    #3831,#3832,#3833,#3834,#3835,#3836,#3837,#3838,#3839,#3840,#3841,
    #3842,#3843,#3844,#3845,#3846,#3847,#3848,#3849,#3850,#3851,#3852,
    #3853,#3854,#3855,#3856,#3857,#3858,#3859,#3860,#3861,#3862,#3863,
    #3864,#3865,#3866,#3867,#3868,#3869,#3870,#3871,#3872,#3873,#3874,
    #3875,#3876,#3877,#3878,#3879,#3880),.UNSPECIFIED.,.F.,.F.,(7,5,5,5,
    5,5,5,5,5,5,5,5,5,5,5,7),(0.,5.500019774167E-02,0.125001013315,
    0.225964370836,0.263833108534,0.317835059356,0.370838950871,
    0.400462420762,0.496586714908,0.597472183686,0.710334053079,
    0.738001413696,0.804772446481,0.870531680921,0.966417593803,1.),
  .UNSPECIFIED.);
#3804 = CARTESIAN_POINT('',(1.86,1.897593193689E-11,-5.126237361352));
#3805 = CARTESIAN_POINT('',(1.860000000001,-0.10712449386,-5.13265403296
    ));
#3806 = CARTESIAN_POINT('',(1.852596164028,-0.214251253722,
    -5.139070301445));
#3807 = CARTESIAN_POINT('',(1.837788798028,-0.320735085851,
    -5.145486998356));
#3808 = CARTESIAN_POINT('',(1.815651809476,-0.425939155858,
    -5.151904849038));
#3809 = CARTESIAN_POINT('',(1.786331661357,-0.529239584581,
    -5.158324043042));
#3810 = CARTESIAN_POINT('',(1.703864618425,-0.758309843839,
    -5.17291447592));
#3811 = CARTESIAN_POINT('',(1.64639657989,-0.882534960716,
    -5.181086789392));
#3812 = CARTESIAN_POINT('',(1.578092301097,-1.001447737325,
    -5.189258910321));
#3813 = CARTESIAN_POINT('',(1.499583061217,-1.113885659545,
    -5.197429697338));
#3814 = CARTESIAN_POINT('',(1.411651697157,-1.218781662962,
    -5.205598791747));
#3815 = CARTESIAN_POINT('',(1.176195941727,-1.454246858842,
    -5.225543360245));
#3816 = CARTESIAN_POINT('',(1.019469060586,-1.575695938272,
    -5.237319653793));
#3817 = CARTESIAN_POINT('',(0.84792667269,-1.676645461487,
    -5.249087035207));
#3818 = CARTESIAN_POINT('',(0.664951135165,-1.754985407997,
    -5.260852426751));
#3819 = CARTESIAN_POINT('',(0.474245433967,-1.809243346699,
    -5.27262333199));
#3820 = CARTESIAN_POINT('',(0.206918460051,-1.84992564688,
    -5.288810028298));
#3821 = CARTESIAN_POINT('',(0.133472191357,-1.857552612349,
    -5.293225721292));
#3822 = CARTESIAN_POINT('',(5.970508990239E-02,-1.861678286612,
    -5.2976419989));
#3823 = CARTESIAN_POINT('',(-1.417471004714E-02,-1.862287725324,
    -5.302058897158));
#3824 = CARTESIAN_POINT('',(-8.795854635138E-02,-1.859382529891,
    -5.306476408829));
#3825 = CARTESIAN_POINT('',(-0.26622002472,-1.843851857168,
    -5.317194789688));
#3826 = CARTESIAN_POINT('',(-0.370385411394,-1.827612191064,
    -5.323496383888));
#3827 = CARTESIAN_POINT('',(-0.473325853639,-1.804315000712,
    -5.329798867786));
#3828 = CARTESIAN_POINT('',(-0.574446689714,-1.77408083567,
    -5.336102101269));
#3829 = CARTESIAN_POINT('',(-0.673170598682,-1.737096501216,
    -5.342405878216));
#3830 = CARTESIAN_POINT('',(-0.862943496623,-1.650934972234,
    -5.354896821649));
#3831 = CARTESIAN_POINT('',(-0.954104201651,-1.601994140394,
    -5.361084229076));
#3832 = CARTESIAN_POINT('',(-1.041899202303,-1.547029928647,
    -5.367271263523));
#3833 = CARTESIAN_POINT('',(-1.125835501263,-1.486335966993,
    -5.373457799201));
#3834 = CARTESIAN_POINT('',(-1.205455606241,-1.420258664687,
    -5.379643803936));
#3835 = CARTESIAN_POINT('',(-1.322193955238,-1.309477854481,
    -5.389285854846));
#3836 = CARTESIAN_POINT('',(-1.362568502664,-1.268202769069,
    -5.392742496006));
#3837 = CARTESIAN_POINT('',(-1.40139194301,-1.225438674056,
    -5.396198914766));
#3838 = CARTESIAN_POINT('',(-1.43859619322,-1.181258720896,
    -5.399655114768));
#3839 = CARTESIAN_POINT('',(-1.474117838387,-1.135740149795,
    -5.403111109467));
#3840 = CARTESIAN_POINT('',(-1.61751077565,-0.937182727619,
    -5.417780583258));
#3841 = CARTESIAN_POINT('',(-1.708812055343,-0.772130130157,
    -5.42899463072));
#3842 = CARTESIAN_POINT('',(-1.779738113926,-0.59663696089,
    -5.440204892803));
#3843 = CARTESIAN_POINT('',(-1.828919270167,-0.413855346767,
    -5.451415886986));
#3844 = CARTESIAN_POINT('',(-1.855549828779,-0.227125604628,
    -5.46263135324));
#3845 = CARTESIAN_POINT('',(-1.863791215633,0.156498494347,
    -5.485616521308));
#3846 = CARTESIAN_POINT('',(-1.843108741672,0.353530261767,
    -5.497391552847));
#3847 = CARTESIAN_POINT('',(-1.79741484617,0.547088472054,
    -5.509164930273));
#3848 = CARTESIAN_POINT('',(-1.72752196036,0.733282452126,
    -5.520938410158));
#3849 = CARTESIAN_POINT('',(-1.634922174502,0.90842746879,
    -5.532713179134));
#3850 = CARTESIAN_POINT('',(-1.39560221618,1.249086390255,
    -5.557648690801));
#3851 = CARTESIAN_POINT('',(-1.243676960226,1.411109647056,
    -5.570816662558));
#3852 = CARTESIAN_POINT('',(-1.069448693138,1.550572722326,
    -5.583974314833));
#3853 = CARTESIAN_POINT('',(-0.877184056279,1.663883991301,
    -5.597128897949));
#3854 = CARTESIAN_POINT('',(-0.671756002833,1.748332241228,
    -5.610291195477));
#3855 = CARTESIAN_POINT('',(-0.40650062859,1.815836212983,
    -5.626678906333));
#3856 = CARTESIAN_POINT('',(-0.353815126229,1.827310760653,
    -5.62990555917));
#3857 = CARTESIAN_POINT('',(-0.300746681877,1.836949569861,
    -5.633132492405));
#3858 = CARTESIAN_POINT('',(-0.247375207202,1.844737174504,
    -5.636359731549));
#3859 = CARTESIAN_POINT('',(-0.193781378728,1.850662762973,
    -5.639587291533));
#3860 = CARTESIAN_POINT('',(-1.036588528873E-02,1.864512142241,
    -5.650605194349));
#3861 = CARTESIAN_POINT('',(0.120142228231,1.863423369395,
    -5.658397466044));
#3862 = CARTESIAN_POINT('',(0.250323823976,1.851367536727,
    -5.666191320795));
#3863 = CARTESIAN_POINT('',(0.379032809111,1.828418761742,
    -5.673986741665));
#3864 = CARTESIAN_POINT('',(0.50514448465,1.794809811547,-5.681783371179
    ));
#3865 = CARTESIAN_POINT('',(0.748138690209,1.707715729723,
    -5.697257525263));
#3866 = CARTESIAN_POINT('',(0.865142729056,1.654535737747,
    -5.704935759827));
#3867 = CARTESIAN_POINT('',(0.977541131018,1.591763700472,
    -5.712612636932));
#3868 = CARTESIAN_POINT('',(1.084361513903,1.519908180126,
    -5.720287728365));
#3869 = CARTESIAN_POINT('',(1.184710295693,1.439606294656,
    -5.727960992971));
#3870 = CARTESIAN_POINT('',(1.41349748304,1.223316819823,-5.746817392933
    ));
#3871 = CARTESIAN_POINT('',(1.533779587339,1.078638450514,
    -5.758000955448));
#3872 = CARTESIAN_POINT('',(1.636092588164,0.919958924173,
    -5.769178425897));
#3873 = CARTESIAN_POINT('',(1.718514430902,0.750097480748,
    -5.780356531734));
#3874 = CARTESIAN_POINT('',(1.779637981671,0.572159391381,
    -5.791542671889));
#3875 = CARTESIAN_POINT('',(1.832449390059,0.325587840988,
    -5.806647323097));
#3876 = CARTESIAN_POINT('',(1.843449134335,0.261051910297,
    -5.810565636811));
#3877 = CARTESIAN_POINT('',(1.851719409307,0.196080493689,
    -5.814484194727));
#3878 = CARTESIAN_POINT('',(1.857239781145,0.13081769464,-5.818402812889
    ));
#3879 = CARTESIAN_POINT('',(1.86,6.540874400345E-02,-5.822321241875));
#3880 = CARTESIAN_POINT('',(1.86,1.380917602489E-11,-5.826239166805));
#3881 = ORIENTED_EDGE('',*,*,#3586,.T.);
#3882 = ORIENTED_EDGE('',*,*,#3883,.T.);
#3883 = EDGE_CURVE('',#3485,#3884,#3886,.T.);
#3884 = VERTEX_POINT('',#3885);
#3885 = CARTESIAN_POINT('',(1.86,7.516888722566E-13,-5.913751414068));
#3886 = B_SPLINE_CURVE_WITH_KNOTS('',7,(#3887,#3888,#3889,#3890,#3891,
    #3892,#3893,#3894,#3895,#3896,#3897,#3898,#3899,#3900,#3901,#3902,
    #3903,#3904,#3905,#3906,#3907,#3908,#3909,#3910,#3911,#3912,#3913,
    #3914,#3915,#3916,#3917,#3918,#3919,#3920,#3921,#3922,#3923,#3924,
    #3925,#3926,#3927,#3928,#3929,#3930,#3931,#3932,#3933,#3934,#3935,
    #3936,#3937,#3938,#3939,#3940,#3941,#3942,#3943,#3944,#3945,#3946,
    #3947,#3948,#3949,#3950,#3951,#3952,#3953,#3954,#3955,#3956,#3957,
    #3958,#3959,#3960,#3961,#3962,#3963,#3964,#3965,#3966,#3967,#3968,
    #3969,#3970,#3971,#3972,#3973,#3974,#3975,#3976,#3977,#3978,#3979,
    #3980,#3981,#3982,#3983,#3984),.UNSPECIFIED.,.F.,.F.,(8,6,6,6,6,6,6,
    6,6,6,6,6,6,6,6,6,8),(0.,2.502499116968E-02,4.840528206903E-02,
    0.127406261326,0.141300116351,0.187304625745,0.262307238126,
    0.285140575374,0.403015389583,0.499013176445,0.598169900912,
    0.690301155252,0.737303397711,0.788115124962,0.840119113541,
    0.872777930067,1.),.UNSPECIFIED.);
#3887 = CARTESIAN_POINT('',(1.86,2.168931700908E-12,-5.213751696892));
#3888 = CARTESIAN_POINT('',(1.86,-4.177762540438E-02,-5.216254038618));
#3889 = CARTESIAN_POINT('',(1.858905230318,-8.355529442374E-02,
    -5.218756512402));
#3890 = CARTESIAN_POINT('',(1.85671569834,-0.125298460189,
    -5.221259061962));
#3891 = CARTESIAN_POINT('',(1.853432761523,-0.166972692913,
    -5.223761636666));
#3892 = CARTESIAN_POINT('',(1.849059127392,-0.208543679893,
    -5.226264191533));
#3893 = CARTESIAN_POINT('',(1.843598853545,-0.249977225504,
    -5.22876668723));
#3894 = CARTESIAN_POINT('',(1.830945764646,-0.329789441191,
    -5.233607029223));
#3895 = CARTESIAN_POINT('',(1.823890385596,-0.368190006332,
    -5.23594489095));
#3896 = CARTESIAN_POINT('',(1.815895623837,-0.406413154068,
    -5.238282650349));
#3897 = CARTESIAN_POINT('',(1.806966893957,-0.444431333155,
    -5.240620290132));
#3898 = CARTESIAN_POINT('',(1.797110611791,-0.482217233667,
    -5.242957800632));
#3899 = CARTESIAN_POINT('',(1.786334194427,-0.519743786996,
    -5.245295179804));
#3900 = CARTESIAN_POINT('',(1.735152366412,-0.682817775466,
    -5.255529910189));
#3901 = CARTESIAN_POINT('',(1.685246059793,-0.805394260214,
    -5.263426571293));
#3902 = CARTESIAN_POINT('',(1.625254106222,-0.923662024746,
    -5.27132149312));
#3903 = CARTESIAN_POINT('',(1.555632915395,-1.036633563008,
    -5.279215930579));
#3904 = CARTESIAN_POINT('',(1.476951446088,-1.143385169712,
    -5.287111645591));
#3905 = CARTESIAN_POINT('',(1.389886688702,-1.243064571065,
    -5.295009580114));
#3906 = CARTESIAN_POINT('',(1.278584578043,-1.351058655492,
    -5.304298117514));
#3907 = CARTESIAN_POINT('',(1.261702630098,-1.366968645723,
    -5.305687422479));
#3908 = CARTESIAN_POINT('',(1.244589907494,-1.382632343525,
    -5.307076790106));
#3909 = CARTESIAN_POINT('',(1.227250725822,-1.398045739926,
    -5.308466221317));
#3910 = CARTESIAN_POINT('',(1.209689490052,-1.413204918906,
    -5.309855716252));
#3911 = CARTESIAN_POINT('',(1.191910694537,-1.4281060574,-5.311245274265
    ));
#3912 = CARTESIAN_POINT('',(1.11434563533,-1.491218432717,
    -5.317236120208));
#3913 = CARTESIAN_POINT('',(1.052436673551,-1.536821981058,
    -5.321838071363));
#3914 = CARTESIAN_POINT('',(0.988358924512,-1.579420340568,
    -5.326440653339));
#3915 = CARTESIAN_POINT('',(0.922287956996,-1.618890626476,
    -5.331043793115));
#3916 = CARTESIAN_POINT('',(0.854407515141,-1.655123094594,
    -5.335647401638));
#3917 = CARTESIAN_POINT('',(0.784909011858,-1.68802143691,
    -5.340251336767));
#3918 = CARTESIAN_POINT('',(0.598371172032,-1.76556793142,
    -5.352361461597));
#3919 = CARTESIAN_POINT('',(0.478969314084,-1.804555120748,
    -5.359868391755));
#3920 = CARTESIAN_POINT('',(0.356653700888,-1.834101465595,
    -5.367374643712));
#3921 = CARTESIAN_POINT('',(0.232320828533,-1.853957108892,
    -5.374879604889));
#3922 = CARTESIAN_POINT('',(0.106887077117,-1.863975769397,
    -5.38238320137));
#3923 = CARTESIAN_POINT('',(-1.871790934377E-02,-1.864115770559,
    -5.389885372348));
#3924 = CARTESIAN_POINT('',(-0.181561080891,-1.851509818427,
    -5.399668637517));
#3925 = CARTESIAN_POINT('',(-0.219495777768,-1.847659102907,
    -5.401951738995));
#3926 = CARTESIAN_POINT('',(-0.25733406008,-1.842901721762,
    -5.404234687117));
#3927 = CARTESIAN_POINT('',(-0.29504993615,-1.837240625422,
    -5.406517486039));
#3928 = CARTESIAN_POINT('',(-0.332617556669,-1.830679691349,
    -5.408800142146));
#3929 = CARTESIAN_POINT('',(-0.370011214695,-1.823223724037,
    -5.411082664054));
#3930 = CARTESIAN_POINT('',(-0.599216317547,-1.771796840394,
    -5.425147716316));
#3931 = CARTESIAN_POINT('',(-0.785984332826,-1.704998140471,
    -5.436931621471));
#3932 = CARTESIAN_POINT('',(-0.963858105732,-1.615267999275,
    -5.448709956626));
#3933 = CARTESIAN_POINT('',(-1.129512304784,-1.504099587023,
    -5.460487642602));
#3934 = CARTESIAN_POINT('',(-1.279958700728,-1.373497934436,
    -5.472269634381));
#3935 = CARTESIAN_POINT('',(-1.41255477003,-1.225974600327,
    -5.484058475611));
#3936 = CARTESIAN_POINT('',(-1.616919650944,-0.933196219845,
    -5.505444479012));
#3937 = CARTESIAN_POINT('',(-1.695454800322,-0.792538082502,
    -5.515046942263));
#3938 = CARTESIAN_POINT('',(-1.759646516522,-0.644266339112,
    -5.524649500123));
#3939 = CARTESIAN_POINT('',(-1.808644378314,-0.490142774279,
    -5.53425171746));
#3940 = CARTESIAN_POINT('',(-1.84185836072,-0.3320242658,-5.543854198237
    ));
#3941 = CARTESIAN_POINT('',(-1.858965949371,-0.171839948132,
    -5.553456776721));
#3942 = CARTESIAN_POINT('',(-1.860994761047,0.153947949052,
    -5.57297227721));
#3943 = CARTESIAN_POINT('',(-1.84483868471,0.319618082133,
    -5.582888629472));
#3944 = CARTESIAN_POINT('',(-1.81147082262,0.483227754043,
    -5.592802218249));
#3945 = CARTESIAN_POINT('',(-1.761232542554,0.642647793794,
    -5.602714024535));
#3946 = CARTESIAN_POINT('',(-1.694769055471,0.795829626501,
    -5.612626762532));
#3947 = CARTESIAN_POINT('',(-1.613021081117,0.940832357104,
    -5.622541960872));
#3948 = CARTESIAN_POINT('',(-1.428304224858,1.201334290198,-5.6416691339
    ));
#3949 = CARTESIAN_POINT('',(-1.327220243221,1.318236970897,
    -5.650884110054));
#3950 = CARTESIAN_POINT('',(-1.215029839699,1.425136279151,
    -5.660099832107));
#3951 = CARTESIAN_POINT('',(-1.092935595208,1.520790103519,
    -5.669316728071));
#3952 = CARTESIAN_POINT('',(-0.962293348795,1.604136336533,
    -5.678535516708));
#3953 = CARTESIAN_POINT('',(-0.824596816238,1.674304873173,
    -5.687755563909));
#3954 = CARTESIAN_POINT('',(-0.608474131962,1.75940795484,
    -5.701676359833));
#3955 = CARTESIAN_POINT('',(-0.534047694964,1.784564334096,
    -5.706378971667));
#3956 = CARTESIAN_POINT('',(-0.458419114104,1.80604348978,
    -5.711081249294));
#3957 = CARTESIAN_POINT('',(-0.381806597023,1.823777637066,
    -5.715783079758));
#3958 = CARTESIAN_POINT('',(-0.30443245633,1.837715327733,
    -5.720484396308));
#3959 = CARTESIAN_POINT('',(-0.226522479234,1.847821592484,
    -5.725185131253));
#3960 = CARTESIAN_POINT('',(-6.374869063349E-02,1.860841656367,
    -5.734966139748));
#3961 = CARTESIAN_POINT('',(2.116893033172E-02,1.863106264624,
    -5.740046416988));
#3962 = CARTESIAN_POINT('',(0.106158430886,1.860848862384,
    -5.745125831317));
#3963 = CARTESIAN_POINT('',(0.190931060305,1.854069440379,
    -5.750204413117));
#3964 = CARTESIAN_POINT('',(0.27519940978,1.842790954607,-5.755282299209
    ));
#3965 = CARTESIAN_POINT('',(0.358678370222,1.827059255231,-5.76035963969
    ));
#3966 = CARTESIAN_POINT('',(0.525427448891,1.786354762338,
    -5.770632494913));
#3967 = CARTESIAN_POINT('',(0.608649044097,1.761173216476,
    -5.775828131339));
#3968 = CARTESIAN_POINT('',(0.690448663442,1.731472210157,
    -5.781023474636));
#3969 = CARTESIAN_POINT('',(0.770532456194,1.697349455814,
    -5.786218789416));
#3970 = CARTESIAN_POINT('',(0.848615945974,1.6589261273,-5.791414406687)
  );
#3971 = CARTESIAN_POINT('',(0.924425043611,1.616346441152,
    -5.796610586211));
#3972 = CARTESIAN_POINT('',(1.043712325462,1.540531499053,
    -5.805070995816));
#3973 = CARTESIAN_POINT('',(1.088727562615,1.509711992146,
    -5.808334885035));
#3974 = CARTESIAN_POINT('',(1.132677900315,1.477359969135,
    -5.811599093567));
#3975 = CARTESIAN_POINT('',(1.175500903361,1.44351976668,-5.814863654573
    ));
#3976 = CARTESIAN_POINT('',(1.217136572491,1.408238806099,
    -5.818128587343));
#3977 = CARTESIAN_POINT('',(1.25752734438,1.371567593363,-5.821393897297
    ));
#3978 = CARTESIAN_POINT('',(1.448895678882,1.185500452065,
    -5.837380992308));
#3979 = CARTESIAN_POINT('',(1.581526347453,1.017078868411,
    -5.850114680236));
#3980 = CARTESIAN_POINT('',(1.691087734074,0.831553124364,-5.86284763749
    ));
#3981 = CARTESIAN_POINT('',(1.775065683507,0.632768934906,
    -5.875580722464));
#3982 = CARTESIAN_POINT('',(1.831705339492,0.42488878977,-5.888305734195
    ));
#3983 = CARTESIAN_POINT('',(1.86,0.212389405331,-5.901029993787));
#3984 = CARTESIAN_POINT('',(1.86,1.490807477467E-12,-5.913751414068));
#3985 = ORIENTED_EDGE('',*,*,#3986,.F.);
#3986 = EDGE_CURVE('',#3801,#3884,#3987,.T.);
#3987 = LINE('',#3988,#3989);
#3988 = CARTESIAN_POINT('',(1.86,0.,-0.2));
#3989 = VECTOR('',#3990,1.);
#3990 = DIRECTION('',(-2.523234146875E-17,0.,-1.));
#3991 = CYLINDRICAL_SURFACE('',#3992,1.86);
#3992 = AXIS2_PLACEMENT_3D('',#3993,#3994,#3995);
#3993 = CARTESIAN_POINT('',(0.,0.,-0.2));
#3994 = DIRECTION('',(-0.,-0.,-1.));
#3995 = DIRECTION('',(1.,0.,0.));
#3996 = ADVANCED_FACE('',(#3997),#4023,.T.);
#3997 = FACE_BOUND('',#3998,.T.);
#3998 = EDGE_LOOP('',(#3999,#4016,#4017,#4018));
#3999 = ORIENTED_EDGE('',*,*,#4000,.F.);
#4000 = EDGE_CURVE('',#3601,#4001,#4003,.T.);
#4001 = VERTEX_POINT('',#4002);
#4002 = CARTESIAN_POINT('',(1.481122476876,5.863487172602E-07,
    -5.432509789286));
#4003 = ( BOUNDED_CURVE() B_SPLINE_CURVE(11,(#4004,#4005,#4006,#4007,
    #4008,#4009,#4010,#4011,#4012,#4013,#4014,#4015),.UNSPECIFIED.,.F.,
.F.) B_SPLINE_CURVE_WITH_KNOTS((12,12),(0.,6.322058019692),
.PIECEWISE_BEZIER_KNOTS.) CURVE() GEOMETRIC_REPRESENTATION_ITEM() 
RATIONAL_B_SPLINE_CURVE((1.056590953773,1.056590953773,1.056590953773,
    1.056590953773,1.056590953773,1.056590953774,1.056590953773,
    1.056590953773,1.056590953773,1.056590953773,1.056590953773,
1.056590953773)) REPRESENTATION_ITEM('') );
#4004 = CARTESIAN_POINT('',(1.481123908738,6.84072148982E-07,
    -4.732511420811));
#4005 = CARTESIAN_POINT('',(1.48112250532,-0.846061575188,-4.79614574021
    ));
#4006 = CARTESIAN_POINT('',(0.949611359431,-1.691686971635,
    -4.859748535815));
#4007 = CARTESIAN_POINT('',(-0.114083689562,-2.16817216022,
    -4.923597084908));
#4008 = CARTESIAN_POINT('',(-1.41469926532,-1.896699589722,
    -4.986619936156));
#4009 = CARTESIAN_POINT('',(-2.382780602508,-0.786238700946,
    -5.05135431759));
#4010 = CARTESIAN_POINT('',(-2.383836162425,0.786224043056,
    -5.113666892219));
#4011 = CARTESIAN_POINT('',(-1.413991511475,1.896720386656,
    -5.17840127452));
#4012 = CARTESIAN_POINT('',(-0.114383825572,2.168160469727,
    -5.241424124788));
#4013 = CARTESIAN_POINT('',(0.949670469824,1.691690040321,
    -5.305272674395));
#4014 = CARTESIAN_POINT('',(1.481123936092,0.846062845609,
    -5.368875469892));
#4015 = CARTESIAN_POINT('',(1.481122476876,5.863487020086E-07,
    -5.432509789286));
#4016 = ORIENTED_EDGE('',*,*,#3619,.T.);
#4017 = ORIENTED_EDGE('',*,*,#3484,.T.);
#4018 = ORIENTED_EDGE('',*,*,#4019,.F.);
#4019 = EDGE_CURVE('',#4001,#3485,#4020,.T.);
#4020 = B_SPLINE_CURVE_WITH_KNOTS('',1,(#4021,#4022),.UNSPECIFIED.,.F.,
  .F.,(2,2),(0.,0.49),.PIECEWISE_BEZIER_KNOTS.);
#4021 = CARTESIAN_POINT('',(1.481122476876,5.863487008294E-07,
    -5.432509789286));
#4022 = CARTESIAN_POINT('',(1.905468594448,-7.036452819344E-08,
    -5.187498825243));
#4023 = B_SPLINE_SURFACE_WITH_KNOTS('',1,10,(
    (#4024,#4025,#4026,#4027,#4028,#4029,#4030,#4031,#4032,#4033,#4034)
    ,(#4035,#4036,#4037,#4038,#4039,#4040,#4041,#4042,#4043,#4044,#4045
    )),.UNSPECIFIED.,.F.,.F.,.F.,(2,2),(11,11),(0.,0.49),(0.,
    6.322058019692),.PIECEWISE_BEZIER_KNOTS.);
#4024 = CARTESIAN_POINT('',(1.481123908738,6.840721506061E-07,
    -4.732511420811));
#4025 = CARTESIAN_POINT('',(1.481122364978,-0.930667801114,
    -4.80250917215));
#4026 = CARTESIAN_POINT('',(0.831497802642,-1.860802342861,
    -4.872468394407));
#4027 = CARTESIAN_POINT('',(-0.468789904663,-2.280121263874,
    -4.942629734262));
#4028 = CARTESIAN_POINT('',(-1.954710854766,-1.692483268333,
    -5.012388502724));
#4029 = CARTESIAN_POINT('',(-2.740563819827,-3.119035599175E-05,
    -5.082510604264));
#4030 = CARTESIAN_POINT('',(-1.954492860501,1.692525877828,
    -5.152632708624));
#4031 = CARTESIAN_POINT('',(-0.469003229806,2.280103888832,
    -5.222391475235));
#4032 = CARTESIAN_POINT('',(0.831569667116,1.860805811162,
    -5.292552815826));
#4033 = CARTESIAN_POINT('',(1.481124082013,0.930669071535,
    -5.362512037953));
#4034 = CARTESIAN_POINT('',(1.481122476876,5.863487008294E-07,
    -5.432509789286));
#4035 = CARTESIAN_POINT('',(1.905468971236,-8.20922527627E-08,
    -4.487498629445));
#4036 = CARTESIAN_POINT('',(1.905468400356,-1.197235267149,
    -4.557498899307));
#4037 = CARTESIAN_POINT('',(1.06981096347,-2.394501043641,
    -4.627503793043));
#4038 = CARTESIAN_POINT('',(-0.603429790741,-2.932073858576,
    -4.697484430604));
#4039 = CARTESIAN_POINT('',(-2.514153252437,-2.17864802306,
    -4.767513381011));
#4040 = CARTESIAN_POINT('',(-3.526350236856,-7.756922597579E-06,
    -4.837498727137));
#4041 = CARTESIAN_POINT('',(-2.514095330534,2.178659877385,
    -4.907484074007));
#4042 = CARTESIAN_POINT('',(-0.603485178473,2.932069440763,
    -4.977513023927));
#4043 = CARTESIAN_POINT('',(1.069830486493,2.394501682972,-5.04749366168
    ));
#4044 = CARTESIAN_POINT('',(1.905469157962,1.197235114692,
    -5.117498555384));
#4045 = CARTESIAN_POINT('',(1.905468594448,-7.036452819344E-08,
    -5.187498825243));
#4046 = ADVANCED_FACE('',(#4047),#4077,.T.);
#4047 = FACE_BOUND('',#4048,.T.);
#4048 = EDGE_LOOP('',(#4049,#4065,#4066,#4067));
#4049 = ORIENTED_EDGE('',*,*,#4050,.F.);
#4050 = EDGE_CURVE('',#3651,#4051,#4053,.T.);
#4051 = VERTEX_POINT('',#4052);
#4052 = CARTESIAN_POINT('',(1.481126998405,5.863450429007E-07,
    -5.607509789228));
#4053 = B_SPLINE_CURVE_WITH_KNOTS('',10,(#4054,#4055,#4056,#4057,#4058,
    #4059,#4060,#4061,#4062,#4063,#4064),.UNSPECIFIED.,.F.,.F.,(11,11),(
    0.,6.322058019692),.PIECEWISE_BEZIER_KNOTS.);
#4054 = CARTESIAN_POINT('',(1.481129183854,6.840671983439E-07,
    -4.907511420731));
#4055 = CARTESIAN_POINT('',(1.481126601452,-0.930670878162,
    -4.977509172102));
#4056 = CARTESIAN_POINT('',(0.83148122168,-1.860807778506,
    -5.047468394919));
#4057 = CARTESIAN_POINT('',(-0.468735835163,-2.280133255816,
    -5.117629732495));
#4058 = CARTESIAN_POINT('',(-1.954775061556,-1.692477226592,
    -5.187388504564));
#4059 = CARTESIAN_POINT('',(-2.740572890347,-4.698673828596E-05,
    -5.25751060378));
#4060 = CARTESIAN_POINT('',(-1.954441571113,1.692543143045,
    -5.327632707307));
#4061 = CARTESIAN_POINT('',(-0.469060405843,2.28010694833,
    -5.397391476549));
#4062 = CARTESIAN_POINT('',(0.831591749286,1.860812696707,
    -5.467552815247));
#4063 = CARTESIAN_POINT('',(1.481129642183,0.930672148575,
    -5.537512037868));
#4064 = CARTESIAN_POINT('',(1.481126998405,5.863450257677E-07,
    -5.607509789228));
#4065 = ORIENTED_EDGE('',*,*,#3668,.T.);
#4066 = ORIENTED_EDGE('',*,*,#4000,.T.);
#4067 = ORIENTED_EDGE('',*,*,#4068,.F.);
#4068 = EDGE_CURVE('',#4051,#4001,#4069,.T.);
#4069 = ( BOUNDED_CURVE() B_SPLINE_CURVE(6,(#4070,#4071,#4072,#4073,
#4074,#4075,#4076),.UNSPECIFIED.,.F.,.F.) B_SPLINE_CURVE_WITH_KNOTS((7,7
),(0.,2.094395102393),.PIECEWISE_BEZIER_KNOTS.) CURVE() 
GEOMETRIC_REPRESENTATION_ITEM() RATIONAL_B_SPLINE_CURVE((1.056590953773,
    1.017435169568,0.996326512422,0.989390034249,0.996326512422,
1.017435169568,1.056590953773)) REPRESENTATION_ITEM('') );
#4070 = CARTESIAN_POINT('',(1.481126998405,5.863450279475E-07,
    -5.607509789228));
#4071 = CARTESIAN_POINT('',(1.449408617216,6.354313376034E-07,
    -5.589198265984));
#4072 = CARTESIAN_POINT('',(1.427056115982,6.70022981708E-07,
    -5.558204610117));
#4073 = CARTESIAN_POINT('',(1.418976295224,6.82526405088E-07,
    -5.520011395005));
#4074 = CARTESIAN_POINT('',(1.427054142352,6.700245853142E-07,
    -5.481817762422));
#4075 = CARTESIAN_POINT('',(1.449405041971,6.354342436676E-07,
    -5.45082295154));
#4076 = CARTESIAN_POINT('',(1.481122476876,5.863487020086E-07,
    -5.432509789286));
#4077 = ( BOUNDED_SURFACE() B_SPLINE_SURFACE(6,11,(
    (#4078,#4079,#4080,#4081,#4082,#4083,#4084,#4085,#4086,#4087,#4088
      ,#4089)
    ,(#4090,#4091,#4092,#4093,#4094,#4095,#4096,#4097,#4098,#4099,#4100
      ,#4101)
    ,(#4102,#4103,#4104,#4105,#4106,#4107,#4108,#4109,#4110,#4111,#4112
      ,#4113)
    ,(#4114,#4115,#4116,#4117,#4118,#4119,#4120,#4121,#4122,#4123,#4124
      ,#4125)
    ,(#4126,#4127,#4128,#4129,#4130,#4131,#4132,#4133,#4134,#4135,#4136
      ,#4137)
    ,(#4138,#4139,#4140,#4141,#4142,#4143,#4144,#4145,#4146,#4147,#4148
      ,#4149)
    ,(#4150,#4151,#4152,#4153,#4154,#4155,#4156,#4157,#4158,#4159,#4160
,#4161
    )),.UNSPECIFIED.,.F.,.F.,.F.) B_SPLINE_SURFACE_WITH_KNOTS((7,7),(12,
    12),(0.,2.094395102393),(0.,6.322058019692),
.PIECEWISE_BEZIER_KNOTS.) GEOMETRIC_REPRESENTATION_ITEM() 
RATIONAL_B_SPLINE_SURFACE((
    (1.056590953773,1.056590953773,1.056590953773,1.056590953773
      ,1.056590953773,1.056590953774,1.056590953773,1.056590953773
      ,1.056590953773,1.056590953773,1.056590953773,1.056590953773)
    ,(1.017435169568,1.017435169568,1.017435169568,1.017435169568
      ,1.017435169568,1.017435169568,1.017435169568,1.017435169568
      ,1.017435169568,1.017435169568,1.017435169568,1.017435169568)
    ,(0.996326512422,0.996326512422,0.996326512422,0.996326512422
      ,0.996326512422,0.996326512423,0.996326512421,0.996326512423
      ,0.996326512422,0.996326512422,0.996326512422,0.996326512422)
    ,(0.989390034249,0.989390034249,0.989390034248,0.989390034249
      ,0.989390034248,0.989390034249,0.989390034248,0.989390034249
      ,0.989390034248,0.989390034249,0.989390034249,0.989390034249)
    ,(0.996326512422,0.996326512422,0.996326512422,0.996326512422
      ,0.996326512422,0.996326512423,0.996326512422,0.996326512423
      ,0.996326512422,0.996326512422,0.996326512422,0.996326512422)
    ,(1.017435169568,1.017435169568,1.017435169568,1.017435169568
      ,1.017435169568,1.017435169568,1.017435169568,1.017435169568
      ,1.017435169568,1.017435169568,1.017435169568,1.017435169568)
    ,(1.056590953773,1.056590953773,1.056590953773,1.056590953773
      ,1.056590953773,1.056590953774,1.056590953773,1.056590953773
      ,1.056590953773,1.056590953773,1.056590953773,1.056590953773
))) REPRESENTATION_ITEM('') SURFACE() );
#4078 = CARTESIAN_POINT('',(1.481129183854,6.840671963326E-07,
    -4.907511420731));
#4079 = CARTESIAN_POINT('',(1.481126836216,-0.846064372505,
    -4.971145740159));
#4080 = CARTESIAN_POINT('',(0.949598563457,-1.691691978443,
    -5.034748536226));
#4081 = CARTESIAN_POINT('',(-0.114005576619,-2.168182363903,
    -5.098597082441));
#4082 = CARTESIAN_POINT('',(-1.414890615857,-1.896700106381,
    -5.161619941879));
#4083 = CARTESIAN_POINT('',(-2.382510889778,-0.786244569663,
    -5.226354308888));
#4084 = CARTESIAN_POINT('',(-2.384121641814,0.786223273428,
    -5.288666900631));
#4085 = CARTESIAN_POINT('',(-1.413809510753,1.896732486855,
    -5.353401268966));
#4086 = CARTESIAN_POINT('',(-0.114462697486,2.168164572514,
    -5.416424126907));
#4087 = CARTESIAN_POINT('',(0.949689547994,1.691696233411,
    -5.480272673906));
#4088 = CARTESIAN_POINT('',(1.481129401839,0.846065642918,
    -5.543875469809));
#4089 = CARTESIAN_POINT('',(1.481126998405,5.863450279475E-07,
    -5.607509789228));
#4090 = CARTESIAN_POINT('',(1.449410723813,7.41334622939E-07,
    -4.889200034074));
#4091 = CARTESIAN_POINT('',(1.449408507678,-0.82795070281,
    -4.952834182363));
#4092 = CARTESIAN_POINT('',(0.929260539908,-1.655430295556,
    -5.016434168209));
#4093 = CARTESIAN_POINT('',(-0.111556406026,-2.121862248644,
    -5.080300477985));
#4094 = CARTESIAN_POINT('',(-1.384599286788,-1.855851387606,
    -5.143271975953));
#4095 = CARTESIAN_POINT('',(-2.33149248013,-0.769735083369,
    -5.208098265752));
#4096 = CARTESIAN_POINT('',(-2.333045193947,0.769714310586,
    -5.270300033882));
#4097 = CARTESIAN_POINT('',(-1.383557384966,1.855882454513,
    -5.335126324959));
#4098 = CARTESIAN_POINT('',(-0.111997255797,2.121845087395,
    -5.398097821484));
#4099 = CARTESIAN_POINT('',(0.929348067648,1.655434494595,
    -5.461964132015));
#4100 = CARTESIAN_POINT('',(1.449410893819,0.827952079577,
    -5.525564117703));
#4101 = CARTESIAN_POINT('',(1.449408617216,6.354313376034E-07,
    -5.589198265984));
#4102 = CARTESIAN_POINT('',(1.427058089114,7.816916516579E-07,
    -4.858206474462));
#4103 = CARTESIAN_POINT('',(1.427056063253,-0.815185658867,
    -4.921840502147));
#4104 = CARTESIAN_POINT('',(0.914929599303,-1.629876066471,
    -4.985438507575));
#4105 = CARTESIAN_POINT('',(-0.109838542922,-2.089219276335,
    -5.049317335679));
#4106 = CARTESIAN_POINT('',(-1.363233121041,-1.827065125365,
    -5.112252638226));
#4107 = CARTESIAN_POINT('',(-2.295567540856,-0.758100194566,
    -5.177143707768));
#4108 = CARTESIAN_POINT('',(-2.297021965646,0.758080476857,
    -5.239267376414));
#4109 = CARTESIAN_POINT('',(-1.362257438613,1.827094069224,
    -5.304158447152));
#4110 = CARTESIAN_POINT('',(-0.11025169913,2.089203189787,
    -5.367093748349));
#4111 = CARTESIAN_POINT('',(0.915011396247,1.629880103472,
    -5.430972577161));
#4112 = CARTESIAN_POINT('',(1.427058205604,0.815187110582,-5.49457058244
    ));
#4113 = CARTESIAN_POINT('',(1.427056115982,6.70022981708E-07,
    -5.558204610117));
#4114 = CARTESIAN_POINT('',(1.418978103887,7.962791247207E-07,
    -4.820013294144));
#4115 = CARTESIAN_POINT('',(1.418976292429,-0.810571409762,
    -4.883647278233));
#4116 = CARTESIAN_POINT('',(0.909751775036,-1.620638933289,
    -4.947244567784));
#4117 = CARTESIAN_POINT('',(-0.109229683378,-2.077419175063,
    -5.011127920977));
#4118 = CARTESIAN_POINT('',(-1.355480987696,-1.816660493539,
    -5.07405013973));
#4119 = CARTESIAN_POINT('',(-2.282624372673,-0.753893956808,
    -5.138964625591));
#4120 = CARTESIAN_POINT('',(-2.283957642637,0.753875644301,
    -5.201060063195));
#4121 = CARTESIAN_POINT('',(-1.354586822887,1.816686883473,
    -5.265974550151));
#4122 = CARTESIAN_POINT('',(-0.109608617697,2.077404417918,
    -5.328896767667));
#4123 = CARTESIAN_POINT('',(0.90982658458,1.620642728759,-5.392780121509
    ));
#4124 = CARTESIAN_POINT('',(1.418978171632,0.810572888567,
    -5.456377410922));
#4125 = CARTESIAN_POINT('',(1.418976295224,6.82526405088E-07,
    -5.520011395005));
#4126 = CARTESIAN_POINT('',(1.427055786545,7.816938133176E-07,
    -4.781819626777));
#4127 = CARTESIAN_POINT('',(1.427054172833,-0.815184437849,
    -4.845453654449));
#4128 = CARTESIAN_POINT('',(0.914935184698,-1.629873881018,
    -4.909051659675));
#4129 = CARTESIAN_POINT('',(-0.10987263893,-2.089214822466,
    -4.972930489036));
#4130 = CARTESIAN_POINT('',(-1.363149597246,-1.827064899845,
    -5.035865788008));
#4131 = CARTESIAN_POINT('',(-2.295685269457,-0.758097632893,
    -5.100756863847));
#4132 = CARTESIAN_POINT('',(-2.296897354957,0.758080812797,
    -5.162880525022));
#4133 = CARTESIAN_POINT('',(-1.362336881249,1.827088787532,
    -5.227771601856));
#4134 = CARTESIAN_POINT('',(-0.110217271834,2.089201398936,
    -5.290706899704));
#4135 = CARTESIAN_POINT('',(0.915003068697,1.629877400211,
    -5.354585729654));
#4136 = CARTESIAN_POINT('',(1.427055819825,0.815185889567,
    -5.418183734755));
#4137 = CARTESIAN_POINT('',(1.427054142352,6.700245853142E-07,
    -5.481817762422));
#4138 = CARTESIAN_POINT('',(1.449406552694,7.413385372801E-07,
    -4.750824719647));
#4139 = CARTESIAN_POINT('',(1.449405083169,-0.827948490927,
    -4.814458867914));
#4140 = CARTESIAN_POINT('',(0.929270657891,-1.655426336592,
    -4.878058853395));
#4141 = CARTESIAN_POINT('',(-0.111618171185,-2.121854180428,
    -4.941925165446));
#4142 = CARTESIAN_POINT('',(-1.384447982842,-1.855850979075,
    -5.004896656938));
#4143 = CARTESIAN_POINT('',(-2.331705746322,-0.76973044288,
    -5.069722958143));
#4144 = CARTESIAN_POINT('',(-2.332819460804,0.769714919143,
    -5.131924712741));
#4145 = CARTESIAN_POINT('',(-1.383701295863,1.855872886691,
    -5.196751014861));
#4146 = CARTESIAN_POINT('',(-0.111934890507,2.121841843255,
    -5.259722505319));
#4147 = CARTESIAN_POINT('',(0.929332982232,1.655429597619,
    -5.323588817912));
#4148 = CARTESIAN_POINT('',(1.449406571964,0.8279498677,-5.387188803278)
  );
#4149 = CARTESIAN_POINT('',(1.449405041971,6.354342436676E-07,
    -5.45082295154));
#4150 = CARTESIAN_POINT('',(1.481123908738,6.84072148982E-07,
    -4.732511420811));
#4151 = CARTESIAN_POINT('',(1.48112250532,-0.846061575188,-4.79614574021
    ));
#4152 = CARTESIAN_POINT('',(0.949611359431,-1.691686971635,
    -4.859748535815));
#4153 = CARTESIAN_POINT('',(-0.114083689562,-2.16817216022,
    -4.923597084908));
#4154 = CARTESIAN_POINT('',(-1.41469926532,-1.896699589722,
    -4.986619936156));
#4155 = CARTESIAN_POINT('',(-2.382780602508,-0.786238700946,
    -5.05135431759));
#4156 = CARTESIAN_POINT('',(-2.383836162425,0.786224043056,
    -5.113666892219));
#4157 = CARTESIAN_POINT('',(-1.413991511475,1.896720386656,
    -5.17840127452));
#4158 = CARTESIAN_POINT('',(-0.114383825572,2.168160469727,
    -5.241424124788));
#4159 = CARTESIAN_POINT('',(0.949670469824,1.691690040321,
    -5.305272674395));
#4160 = CARTESIAN_POINT('',(1.481123936092,0.846062845609,
    -5.368875469892));
#4161 = CARTESIAN_POINT('',(1.481122476876,5.863487020086E-07,
    -5.432509789286));
#4162 = ADVANCED_FACE('',(#4163),#4173,.T.);
#4163 = FACE_BOUND('',#4164,.T.);
#4164 = EDGE_LOOP('',(#4165,#4166,#4167,#4168));
#4165 = ORIENTED_EDGE('',*,*,#3800,.F.);
#4166 = ORIENTED_EDGE('',*,*,#3769,.T.);
#4167 = ORIENTED_EDGE('',*,*,#4050,.T.);
#4168 = ORIENTED_EDGE('',*,*,#4169,.F.);
#4169 = EDGE_CURVE('',#3801,#4051,#4170,.T.);
#4170 = B_SPLINE_CURVE_WITH_KNOTS('',1,(#4171,#4172),.UNSPECIFIED.,.F.,
  .F.,(2,2),(0.,0.49),.PIECEWISE_BEZIER_KNOTS.);
#4171 = CARTESIAN_POINT('',(1.905485776257,-7.03784904349E-08,
    -5.852498825021));
#4172 = CARTESIAN_POINT('',(1.481126998405,5.863450257677E-07,
    -5.607509789228));
#4173 = B_SPLINE_SURFACE_WITH_KNOTS('',1,10,(
    (#4174,#4175,#4176,#4177,#4178,#4179,#4180,#4181,#4182,#4183,#4184)
    ,(#4185,#4186,#4187,#4188,#4189,#4190,#4191,#4192,#4193,#4194,#4195
    )),.UNSPECIFIED.,.F.,.F.,.F.,(2,2),(11,11),(0.,0.49),(0.,
    6.322058019692),.PIECEWISE_BEZIER_KNOTS.);
#4174 = CARTESIAN_POINT('',(1.905489016678,-8.211107866919E-08,
    -5.152498629143));
#4175 = CARTESIAN_POINT('',(1.905484498957,-1.197246959931,
    -5.222498899124));
#4176 = CARTESIAN_POINT('',(1.069747955811,-2.39452169909,-5.29250379499
    ));
#4177 = CARTESIAN_POINT('',(-0.603224326644,-2.932119427954,
    -5.362484423887));
#4178 = CARTESIAN_POINT('',(-2.514397238238,-2.178625064441,
    -5.432513388008));
#4179 = CARTESIAN_POINT('',(-3.526384704831,-6.778317651257E-05,
    -5.502498725296));
#4180 = CARTESIAN_POINT('',(-2.513900430862,2.178725485213,
    -5.572484069006));
#4181 = CARTESIAN_POINT('',(-0.603702447414,2.932081066855,
    -5.642513028915));
#4182 = CARTESIAN_POINT('',(1.069914398741,2.394527848045,
    -5.712493659479));
#4183 = CARTESIAN_POINT('',(1.905490286607,1.197246807442,-5.78249855506
    ));
#4184 = CARTESIAN_POINT('',(1.905485776257,-7.03784904349E-08,
    -5.852498825021));
#4185 = CARTESIAN_POINT('',(1.481129183854,6.840671983439E-07,
    -4.907511420731));
#4186 = CARTESIAN_POINT('',(1.481126601452,-0.930670878162,
    -4.977509172102));
#4187 = CARTESIAN_POINT('',(0.83148122168,-1.860807778506,
    -5.047468394919));
#4188 = CARTESIAN_POINT('',(-0.468735835163,-2.280133255816,
    -5.117629732495));
#4189 = CARTESIAN_POINT('',(-1.954775061556,-1.692477226592,
    -5.187388504564));
#4190 = CARTESIAN_POINT('',(-2.740572890347,-4.698673828596E-05,
    -5.25751060378));
#4191 = CARTESIAN_POINT('',(-1.954441571113,1.692543143045,
    -5.327632707307));
#4192 = CARTESIAN_POINT('',(-0.469060405843,2.28010694833,
    -5.397391476549));
#4193 = CARTESIAN_POINT('',(0.831591749286,1.860812696707,
    -5.467552815247));
#4194 = CARTESIAN_POINT('',(1.481129642183,0.930672148575,
    -5.537512037868));
#4195 = CARTESIAN_POINT('',(1.481126998405,5.863450257677E-07,
    -5.607509789228));
#4196 = ADVANCED_FACE('',(#4197),#4400,.T.);
#4197 = FACE_BOUND('',#4198,.F.);
#4198 = EDGE_LOOP('',(#4199,#4291,#4292,#4394));
#4199 = ORIENTED_EDGE('',*,*,#4200,.F.);
#4200 = EDGE_CURVE('',#3801,#4201,#4203,.T.);
#4201 = VERTEX_POINT('',#4202);
#4202 = CARTESIAN_POINT('',(1.86,4.713652523461E-12,-6.526240972279));
#4203 = B_SPLINE_CURVE_WITH_KNOTS('',6,(#4204,#4205,#4206,#4207,#4208,
    #4209,#4210,#4211,#4212,#4213,#4214,#4215,#4216,#4217,#4218,#4219,
    #4220,#4221,#4222,#4223,#4224,#4225,#4226,#4227,#4228,#4229,#4230,
    #4231,#4232,#4233,#4234,#4235,#4236,#4237,#4238,#4239,#4240,#4241,
    #4242,#4243,#4244,#4245,#4246,#4247,#4248,#4249,#4250,#4251,#4252,
    #4253,#4254,#4255,#4256,#4257,#4258,#4259,#4260,#4261,#4262,#4263,
    #4264,#4265,#4266,#4267,#4268,#4269,#4270,#4271,#4272,#4273,#4274,
    #4275,#4276,#4277,#4278,#4279,#4280,#4281,#4282,#4283,#4284,#4285,
    #4286,#4287,#4288,#4289,#4290),.UNSPECIFIED.,.F.,.F.,(7,5,5,5,5,5,5,
    5,5,5,5,5,5,5,5,5,5,7),(0.,5.500000843603E-02,0.125000583073,
    0.225963756013,0.26383245182,0.317834216779,0.370837925861,
    0.4004597595,0.496575118324,0.597455275094,0.710308795115,
    0.737954435935,0.808670161089,0.85667409355,0.872134351594,
    0.952133536036,0.967368374724,1.),.UNSPECIFIED.);
#4204 = CARTESIAN_POINT('',(1.86,1.380096037451E-11,-5.826239166805));
#4205 = CARTESIAN_POINT('',(1.86,-0.107124493866,-5.832655838416));
#4206 = CARTESIAN_POINT('',(1.852596164027,-0.214251253727,
    -5.839072106898));
#4207 = CARTESIAN_POINT('',(1.837788798027,-0.320735085857,
    -5.845488803813));
#4208 = CARTESIAN_POINT('',(1.815651809474,-0.425939155866,
    -5.851906654507));
#4209 = CARTESIAN_POINT('',(1.786331661355,-0.529239584588,
    -5.858325848536));
#4210 = CARTESIAN_POINT('',(1.703864618423,-0.758309843843,
    -5.872916281483));
#4211 = CARTESIAN_POINT('',(1.646396579889,-0.882534960718,
    -5.881088595006));
#4212 = CARTESIAN_POINT('',(1.578092301097,-1.001447737326,
    -5.889260715989));
#4213 = CARTESIAN_POINT('',(1.499583061218,-1.113885659544,
    -5.89743150305));
#4214 = CARTESIAN_POINT('',(1.411651697158,-1.218781662961,
    -5.905600597481));
#4215 = CARTESIAN_POINT('',(1.17619571734,-1.454247083237,
    -5.925545184985));
#4216 = CARTESIAN_POINT('',(1.01946855458,-1.575696330418,-5.9373214975)
  );
#4217 = CARTESIAN_POINT('',(0.847925841893,-1.676645950377,
    -5.949088897781));
#4218 = CARTESIAN_POINT('',(0.664949953735,-1.754985913773,
    -5.960854308175));
#4219 = CARTESIAN_POINT('',(0.474243894972,-1.809243784597,
    -5.972625232335));
#4220 = CARTESIAN_POINT('',(0.206916395353,-1.849925884689,
    -5.988811957894));
#4221 = CARTESIAN_POINT('',(0.133469946058,-1.857552784657,
    -5.993227661193));
#4222 = CARTESIAN_POINT('',(5.970266657782E-02,-1.86167837666,
    -5.997643949116));
#4223 = CARTESIAN_POINT('',(-1.417730734648E-02,-1.862287716501,
    -6.002060857698));
#4224 = CARTESIAN_POINT('',(-8.796131211619E-02,-1.859382405888,
    -6.006478379702));
#4225 = CARTESIAN_POINT('',(-0.2662229376,-1.843851436598,
    -6.017196770933));
#4226 = CARTESIAN_POINT('',(-0.370388298641,-1.827611605931,
    -6.023498365173));
#4227 = CARTESIAN_POINT('',(-0.473328704104,-1.80431425295,
    -6.029800849117));
#4228 = CARTESIAN_POINT('',(-0.574449492437,-1.774079928149,
    -6.036104082648));
#4229 = CARTESIAN_POINT('',(-0.673173342998,-1.73709543772,
    -6.042407859641));
#4230 = CARTESIAN_POINT('',(-0.86294610485,-1.650933608912,
    -6.054898803156));
#4231 = CARTESIAN_POINT('',(-0.954106732571,-1.601992633046,
    -6.061086210618));
#4232 = CARTESIAN_POINT('',(-1.041901646397,-1.547028282589,
    -6.067273245093));
#4233 = CARTESIAN_POINT('',(-1.125837849479,-1.48633418832,
    -6.07345978079));
#4234 = CARTESIAN_POINT('',(-1.205457850071,-1.420256760216,
    -6.079645785536));
#4235 = CARTESIAN_POINT('',(-1.322193856362,-1.309477822646,
    -6.089287657408));
#4236 = CARTESIAN_POINT('',(-1.362566324001,-1.268204891933,
    -6.092744119547));
#4237 = CARTESIAN_POINT('',(-1.401387846656,-1.225443104718,
    -6.096200359307));
#4238 = CARTESIAN_POINT('',(-1.438590351728,-1.181265600978,
    -6.09965638033));
#4239 = CARTESIAN_POINT('',(-1.474110433786,-1.135749608616,
    -6.103112196066));
#4240 = CARTESIAN_POINT('',(-1.617493409834,-0.937209351379,
    -6.117780487249));
#4241 = CARTESIAN_POINT('',(-1.708789479975,-0.772173460566,
    -6.128993530317));
#4242 = CARTESIAN_POINT('',(-1.779714252395,-0.596698447011,
    -6.140202789247));
#4243 = CARTESIAN_POINT('',(-1.828898321341,-0.41393554718,
    -6.151412779711));
#4244 = CARTESIAN_POINT('',(-1.855536073624,-0.227224144767,
    -6.162627240456));
#4245 = CARTESIAN_POINT('',(-1.863800727856,0.156373018928,
    -6.185610823647));
#4246 = CARTESIAN_POINT('',(-1.843132739176,0.353396338556,
    -6.197385274252));
#4247 = CARTESIAN_POINT('',(-1.797455583392,0.546948200499,
    -6.209158071846));
#4248 = CARTESIAN_POINT('',(-1.727581280373,0.73313844792,
    -6.220930972895));
#4249 = CARTESIAN_POINT('',(-1.635001401994,0.908282774147,
    -6.232705163354));
#4250 = CARTESIAN_POINT('',(-1.395727712908,1.24894342965,-6.25763917137
    ));
#4251 = CARTESIAN_POINT('',(-1.243830110217,1.410970680707,
    -6.270806215831));
#4252 = CARTESIAN_POINT('',(-1.069630307312,1.550443361398,
    -6.283962943289));
#4253 = CARTESIAN_POINT('',(-0.877393626268,1.663770121987,
    -6.297116599956));
#4254 = CARTESIAN_POINT('',(-0.671991652158,1.748239730794,
    -6.310277965674));
#4255 = CARTESIAN_POINT('',(-0.406801800186,1.815767515744,
    -6.326662221272));
#4256 = CARTESIAN_POINT('',(-0.354159482161,1.827242061066,
    -6.329886350848));
#4257 = CARTESIAN_POINT('',(-0.301134495774,1.836883806967,
    -6.333110760264));
#4258 = CARTESIAN_POINT('',(-0.247806562556,1.844677308547,
    -6.336335475003));
#4259 = CARTESIAN_POINT('',(-0.194256167611,1.850611760691,
    -6.339560510004));
#4260 = CARTESIAN_POINT('',(-3.224968948694E-03,1.865089838776,
    -6.351036126833));
#4261 = CARTESIAN_POINT('',(0.135047720733,1.863295248351,-6.35928901641
    ));
#4262 = CARTESIAN_POINT('',(0.272879745365,1.849190486205,
    -6.367543539201));
#4263 = CARTESIAN_POINT('',(0.408911203061,1.822882059896,
    -6.375799828087));
#4264 = CARTESIAN_POINT('',(0.541809259357,1.784660620065,
    -6.384057369831));
#4265 = CARTESIAN_POINT('',(0.757505370135,1.701331109566,
    -6.397918939633));
#4266 = CARTESIAN_POINT('',(0.842690242559,1.662375495604,
    -6.403523728801));
#4267 = CARTESIAN_POINT('',(0.925444872505,1.618312525284,
    -6.409127942842));
#4268 = CARTESIAN_POINT('',(1.005389194736,1.569334838929,
    -6.414731353551));
#4269 = CARTESIAN_POINT('',(1.082164355057,1.515672251959,-6.42033382889
    ));
#4270 = CARTESIAN_POINT('',(1.17903263225,1.438884573357,-6.427739159727
    ));
#4271 = CARTESIAN_POINT('',(1.202266922087,1.419720187959,
    -6.429543033153));
#4272 = CARTESIAN_POINT('',(1.225126662369,1.400106191809,
    -6.431346795524));
#4273 = CARTESIAN_POINT('',(1.24760100936,1.38005176822,-6.433150447078)
  );
#4274 = CARTESIAN_POINT('',(1.269679420757,1.359566448949,
    -6.434953989699));
#4275 = CARTESIAN_POINT('',(1.403494746372,1.23048017794,-6.446089322044
    ));
#4276 = CARTESIAN_POINT('',(1.504773648967,1.111016322469,
    -6.455419329997));
#4277 = CARTESIAN_POINT('',(1.593742661795,0.981655623435,-6.46474596786
    ));
#4278 = CARTESIAN_POINT('',(1.66924079065,0.843999227002,-6.474072273206
    ));
#4279 = CARTESIAN_POINT('',(1.730361913119,0.699803934396,
    -6.483402031145));
#4280 = CARTESIAN_POINT('',(1.785308135102,0.522642645574,
    -6.494510290236));
#4281 = CARTESIAN_POINT('',(1.793555477262,0.494133411819,
    -6.496287395088));
#4282 = CARTESIAN_POINT('',(1.801256241637,0.465468889836,
    -6.498064588261));
#4283 = CARTESIAN_POINT('',(1.808406819162,0.43666217729,-6.499841867116
    ));
#4284 = CARTESIAN_POINT('',(1.815004019119,0.407726484163,
    -6.501619225298));
#4285 = CARTESIAN_POINT('',(1.833984443461,0.316449806161,
    -6.507203739093));
#4286 = CARTESIAN_POINT('',(1.844372388462,0.253693531112,
    -6.511011157716));
#4287 = CARTESIAN_POINT('',(1.852181597406,0.1905376351,-6.514818792014)
  );
#4288 = CARTESIAN_POINT('',(1.857393847521,0.127114412536,
    -6.518626468675));
#4289 = CARTESIAN_POINT('',(1.86,6.355712475552E-02,-6.522433957675));
#4290 = CARTESIAN_POINT('',(1.86,9.476641693595E-12,-6.526240972279));
#4291 = ORIENTED_EDGE('',*,*,#3986,.T.);
#4292 = ORIENTED_EDGE('',*,*,#4293,.T.);
#4293 = EDGE_CURVE('',#3884,#4294,#4296,.T.);
#4294 = VERTEX_POINT('',#4295);
#4295 = CARTESIAN_POINT('',(1.86,4.71861921101E-13,-6.613751131248));
#4296 = B_SPLINE_CURVE_WITH_KNOTS('',6,(#4297,#4298,#4299,#4300,#4301,
    #4302,#4303,#4304,#4305,#4306,#4307,#4308,#4309,#4310,#4311,#4312,
    #4313,#4314,#4315,#4316,#4317,#4318,#4319,#4320,#4321,#4322,#4323,
    #4324,#4325,#4326,#4327,#4328,#4329,#4330,#4331,#4332,#4333,#4334,
    #4335,#4336,#4337,#4338,#4339,#4340,#4341,#4342,#4343,#4344,#4345,
    #4346,#4347,#4348,#4349,#4350,#4351,#4352,#4353,#4354,#4355,#4356,
    #4357,#4358,#4359,#4360,#4361,#4362,#4363,#4364,#4365,#4366,#4367,
    #4368,#4369,#4370,#4371,#4372,#4373,#4374,#4375,#4376,#4377,#4378,
    #4379,#4380,#4381,#4382,#4383,#4384,#4385,#4386,#4387,#4388,#4389,
    #4390,#4391,#4392,#4393),.UNSPECIFIED.,.F.,.F.,(7,5,5,5,5,5,5,5,5,5,
    5,5,5,5,5,5,5,5,5,7),(0.,2.502436288955E-02,4.84043346074E-02,
    0.127402669461,0.141335940455,0.187338909074,0.262339008464,
    0.299377918905,0.357380104937,0.401544521398,0.494325383896,
    0.598149291645,0.689963579329,0.736964283698,0.786004204028,
    0.840006463527,0.872559065275,0.944038766608,0.973038025338,1.),
  .UNSPECIFIED.);
#4297 = CARTESIAN_POINT('',(1.86,1.477928890381E-12,-5.913751414068));
#4298 = CARTESIAN_POINT('',(1.86,-4.874097084654E-02,-5.916670837179));
#4299 = CARTESIAN_POINT('',(1.858467296793,-9.748200275498E-02,
    -5.919590445172));
#4300 = CARTESIAN_POINT('',(1.855401903306,-0.146162637186,
    -5.922510139554));
#4301 = CARTESIAN_POINT('',(1.850806982733,-0.194722688802,
    -5.925429835011));
#4302 = CARTESIAN_POINT('',(1.84468884854,-0.243102245468,
    -5.928349459419));
#4303 = CARTESIAN_POINT('',(1.829926583772,-0.336217772058,
    -5.933996603568));
#4304 = CARTESIAN_POINT('',(1.821474836512,-0.380984391032,
    -5.936724144911));
#4305 = CARTESIAN_POINT('',(1.811709446542,-0.425492885315,
    -5.93945153427));
#4306 = CARTESIAN_POINT('',(1.800640474159,-0.469695178168,
    -5.942178745837));
#4307 = CARTESIAN_POINT('',(1.788280316094,-0.513543755974,
    -5.944905771588));
#4308 = CARTESIAN_POINT('',(1.728567108763,-0.703797351438,
    -5.956846344358));
#4309 = CARTESIAN_POINT('',(1.6679128733,-0.846042998221,-5.966058925262
    ));
#4310 = CARTESIAN_POINT('',(1.593253197182,-0.981888319124,
    -5.975268748058));
#4311 = CARTESIAN_POINT('',(1.50546231343,-1.109642567641,
    -5.984479279517));
#4312 = CARTESIAN_POINT('',(1.405657358424,-1.227763530154,
    -5.993693219531));
#4313 = CARTESIAN_POINT('',(1.275748613624,-1.3538101719,-6.004534499115
    ));
#4314 = CARTESIAN_POINT('',(1.255940454687,-1.37236737547,
    -6.006160022124));
#4315 = CARTESIAN_POINT('',(1.235808864328,-1.390576321141,
    -6.007785633967));
#4316 = CARTESIAN_POINT('',(1.215361513323,-1.40842998793,-6.0094113358)
  );
#4317 = CARTESIAN_POINT('',(1.1946062832,-1.425921574427,-6.011037126949
    ));
#4318 = CARTESIAN_POINT('',(1.104034690772,-1.499578628709,
    -6.018031106363));
#4319 = CARTESIAN_POINT('',(1.031249195596,-1.55209468276,
    -6.023400222488));
#4320 = CARTESIAN_POINT('',(0.955486893205,-1.600355208393,
    -6.02877018833));
#4321 = CARTESIAN_POINT('',(0.877060146255,-1.64415272985,
    -6.034140888089));
#4322 = CARTESIAN_POINT('',(0.796299794282,-1.683310782285,
    -6.039512125436));
#4323 = CARTESIAN_POINT('',(0.578649276397,-1.773726235456,
    -6.053640606173));
#4324 = CARTESIAN_POINT('',(0.438453600305,-1.81705744638,
    -6.062398884568));
#4325 = CARTESIAN_POINT('',(0.294485955355,-1.847043401795,
    -6.071155681173));
#4326 = CARTESIAN_POINT('',(0.148331779144,-1.863313360476,
    -6.079910450002));
#4327 = CARTESIAN_POINT('',(1.613094092339E-03,-1.865726896135,
    -6.088663480437));
#4328 = CARTESIAN_POINT('',(-0.215953944849,-1.848828915214,
    -6.101734685695));
#4329 = CARTESIAN_POINT('',(-0.287619847191,-1.839894909639,
    -6.106055317081));
#4330 = CARTESIAN_POINT('',(-0.358830435551,-1.827628459073,
    -6.110375397909));
#4331 = CARTESIAN_POINT('',(-0.429392771485,-1.812059702572,
    -6.11469497669));
#4332 = CARTESIAN_POINT('',(-0.499116834837,-1.793233651246,
    -6.119014130322));
#4333 = CARTESIAN_POINT('',(-0.675396283717,-1.736721889822,
    -6.130096170578));
#4334 = CARTESIAN_POINT('',(-0.780466384185,-1.694391199177,
    -6.136858780469));
#4335 = CARTESIAN_POINT('',(-0.88230533719,-1.644449339063,
    -6.14362079226));
#4336 = CARTESIAN_POINT('',(-0.980229798413,-1.587211098502,
    -6.150382876903));
#4337 = CARTESIAN_POINT('',(-1.073599512486,-1.523071689363,
    -6.1571456515));
#4338 = CARTESIAN_POINT('',(-1.22899917904,-1.398771173639,
    -6.16905871176));
#4339 = CARTESIAN_POINT('',(-1.293193633804,-1.341310088683,
    -6.174208927461));
#4340 = CARTESIAN_POINT('',(-1.354146672194,-1.280328360434,
    -6.179359605102));
#4341 = CARTESIAN_POINT('',(-1.411619489833,-1.216056277595,
    -6.184510847458));
#4342 = CARTESIAN_POINT('',(-1.465395571092,-1.14874518981,
    -6.189662701007));
#4343 = CARTESIAN_POINT('',(-1.620083178007,-0.931444137535,
    -6.205638985368));
#4344 = CARTESIAN_POINT('',(-1.707738155631,-0.771977379119,
    -6.216467053978));
#4345 = CARTESIAN_POINT('',(-1.776412723534,-0.602820210689,
    -6.227294548295));
#4346 = CARTESIAN_POINT('',(-1.824871394087,-0.426804003382,
    -6.238122122273));
#4347 = CARTESIAN_POINT('',(-1.852372403874,-0.246926913162,
    -6.248950709724));
#4348 = CARTESIAN_POINT('',(-1.866028400767,0.13576000496,
    -6.271889555569));
#4349 = CARTESIAN_POINT('',(-1.846876025761,0.338848715072,
    -6.28400468188));
#4350 = CARTESIAN_POINT('',(-1.801176231664,0.538506883156,
    -6.296113598282));
#4351 = CARTESIAN_POINT('',(-1.729786647837,0.730485966165,
    -6.308221420227));
#4352 = CARTESIAN_POINT('',(-1.634321336016,0.910762385488,
    -6.32033456743));
#4353 = CARTESIAN_POINT('',(-1.413937453579,1.22162255344,
    -6.343157834852));
#4354 = CARTESIAN_POINT('',(-1.293659748673,1.355603710053,
    -6.353872585987));
#4355 = CARTESIAN_POINT('',(-1.158283094133,1.475185328764,
    -6.364587737516));
#4356 = CARTESIAN_POINT('',(-1.009999212906,1.578327621343,
    -6.375305356621));
#4357 = CARTESIAN_POINT('',(-0.851309406883,1.663385899451,
    -6.386025852889));
#4358 = CARTESIAN_POINT('',(-0.599939851735,1.762967017434,
    -6.402230161192));
#4359 = CARTESIAN_POINT('',(-0.512837610547,1.791657261466,
    -6.407716527563));
#4360 = CARTESIAN_POINT('',(-0.424116417574,1.815173321767,
    -6.413202360021));
#4361 = CARTESIAN_POINT('',(-0.334160673508,1.833405229273,
    -6.418687514521));
#4362 = CARTESIAN_POINT('',(-0.243363700564,1.846281281617,
    -6.42417189917));
#4363 = CARTESIAN_POINT('',(-5.692883034797E-02,1.861580659107,
    -6.435376627891));
#4364 = CARTESIAN_POINT('',(3.875065102257E-02,1.863526423124,
    -6.441097035703));
#4365 = CARTESIAN_POINT('',(0.134458247728,1.859568640544,
    -6.446816276611));
#4366 = CARTESIAN_POINT('',(0.229739845388,1.849716757289,
    -6.452534488032));
#4367 = CARTESIAN_POINT('',(0.324144668203,1.834026671879,
    -6.458251929636));
#4368 = CARTESIAN_POINT('',(0.519730566979,1.789006312705,
    -6.470263974305));
#4369 = CARTESIAN_POINT('',(0.620634261563,1.758455575369,
    -6.476558658274));
#4370 = CARTESIAN_POINT('',(0.719344733556,1.721085298839,
    -6.482852847024));
#4371 = CARTESIAN_POINT('',(0.81528962341,1.677097477039,-6.489147202417
    ));
#4372 = CARTESIAN_POINT('',(0.907922947389,1.626757383782,
    -6.495442385917));
#4373 = CARTESIAN_POINT('',(1.050262011223,1.536414624154,-6.50553376932
    ));
#4374 = CARTESIAN_POINT('',(1.102404920121,1.500247455884,-6.50932943692
    ));
#4375 = CARTESIAN_POINT('',(1.153045664442,1.461961743993,
    -6.513125564016));
#4376 = CARTESIAN_POINT('',(1.202077375825,1.421636023443,-6.51692220044
    ));
#4377 = CARTESIAN_POINT('',(1.24939878995,1.379355940007,-6.520719364127
    ));
#4378 = CARTESIAN_POINT('',(1.394858062628,1.238286980892,
    -6.532856061724));
#4379 = CARTESIAN_POINT('',(1.486101487037,1.13237676774,-6.541198092423
    ));
#4380 = CARTESIAN_POINT('',(1.56762039,1.018473127244,-6.549541839637));
#4381 = CARTESIAN_POINT('',(1.638567652373,0.897702465146,
    -6.557886881296));
#4382 = CARTESIAN_POINT('',(1.698259320858,0.771296339003,
    -6.566231885194));
#4383 = CARTESIAN_POINT('',(1.765660677947,0.587564988156,
    -6.577959614195));
#4384 = CARTESIAN_POINT('',(1.783181137367,0.533829247073,
    -6.581344115766));
#4385 = CARTESIAN_POINT('',(1.798736961148,0.47947280214,-6.584728308716
    ));
#4386 = CARTESIAN_POINT('',(1.812301270038,0.424585411636,
    -6.588112168693));
#4387 = CARTESIAN_POINT('',(1.823852677437,0.369258307714,
    -6.591495714269));
#4388 = CARTESIAN_POINT('',(1.842228909577,0.261821356796,
    -6.598024613254));
#4389 = CARTESIAN_POINT('',(1.849328821225,0.209758334186,
    -6.601170005591));
#4390 = CARTESIAN_POINT('',(1.854662271097,0.157469616698,
    -6.604315242012));
#4391 = CARTESIAN_POINT('',(1.858220751442,0.10503008071,-6.607460416236
    ));
#4392 = CARTESIAN_POINT('',(1.86,5.251499085047E-02,-6.610605657637));
#4393 = CARTESIAN_POINT('',(1.86,9.638956299796E-13,-6.613751131248));
#4394 = ORIENTED_EDGE('',*,*,#4395,.F.);
#4395 = EDGE_CURVE('',#4201,#4294,#4396,.T.);
#4396 = LINE('',#4397,#4398);
#4397 = CARTESIAN_POINT('',(1.86,0.,-0.2));
#4398 = VECTOR('',#4399,1.);
#4399 = DIRECTION('',(-2.523234146875E-17,0.,-1.));
#4400 = CYLINDRICAL_SURFACE('',#4401,1.86);
#4401 = AXIS2_PLACEMENT_3D('',#4402,#4403,#4404);
#4402 = CARTESIAN_POINT('',(0.,0.,-0.2));
#4403 = DIRECTION('',(-0.,-0.,-1.));
#4404 = DIRECTION('',(1.,0.,0.));
#4405 = ADVANCED_FACE('',(#4406),#4432,.T.);
#4406 = FACE_BOUND('',#4407,.T.);
#4407 = EDGE_LOOP('',(#4408,#4425,#4426,#4427));
#4408 = ORIENTED_EDGE('',*,*,#4409,.F.);
#4409 = EDGE_CURVE('',#4001,#4410,#4412,.T.);
#4410 = VERTEX_POINT('',#4411);
#4411 = CARTESIAN_POINT('',(1.481121045021,4.886249200276E-07,
    -6.132508157756));
#4412 = ( BOUNDED_CURVE() B_SPLINE_CURVE(11,(#4413,#4414,#4415,#4416,
    #4417,#4418,#4419,#4420,#4421,#4422,#4423,#4424),.UNSPECIFIED.,.F.,
.F.) B_SPLINE_CURVE_WITH_KNOTS((12,12),(0.,6.322058019692),
.PIECEWISE_BEZIER_KNOTS.) CURVE() GEOMETRIC_REPRESENTATION_ITEM() 
RATIONAL_B_SPLINE_CURVE((1.056590953773,1.056590953773,1.056590953773,
    1.056590953773,1.056590953773,1.056590953774,1.056590953773,
    1.056590953773,1.056590953773,1.056590953773,1.056590953773,
1.056590953773)) REPRESENTATION_ITEM('') );
#4413 = CARTESIAN_POINT('',(1.481122476876,5.863487154423E-07,
    -5.432509789286));
#4414 = CARTESIAN_POINT('',(1.48112101766,-0.846060855213,
    -5.496144108679));
#4415 = CARTESIAN_POINT('',(0.949610329664,-1.691685397352,
    -5.559746904154));
#4416 = CARTESIAN_POINT('',(-0.114083722072,-2.168170061614,
    -5.623595454054));
#4417 = CARTESIAN_POINT('',(-1.414698022888,-1.896697652457,
    -5.686618302978));
#4418 = CARTESIAN_POINT('',(-2.382778351533,-0.786237798364,
    -5.751352688566));
#4419 = CARTESIAN_POINT('',(-2.383833804552,0.786223455089,
    -5.813665258188));
#4420 = CARTESIAN_POINT('',(-1.413990020805,1.896718635813,
    -5.878399644643));
#4421 = CARTESIAN_POINT('',(-0.114383571203,2.168158386321,
    -5.941422492589));
#4422 = CARTESIAN_POINT('',(0.949669663204,1.691688340694,-6.005271043)
  );
#4423 = CARTESIAN_POINT('',(1.481122560035,0.846061930186,
    -6.068873838369));
#4424 = CARTESIAN_POINT('',(1.481121045021,4.886249440061E-07,
    -6.132508157756));
#4425 = ORIENTED_EDGE('',*,*,#4019,.T.);
#4426 = ORIENTED_EDGE('',*,*,#3883,.T.);
#4427 = ORIENTED_EDGE('',*,*,#4428,.F.);
#4428 = EDGE_CURVE('',#4410,#3884,#4429,.T.);
#4429 = B_SPLINE_CURVE_WITH_KNOTS('',1,(#4430,#4431),.UNSPECIFIED.,.F.,
  .F.,(2,2),(0.,0.49),.PIECEWISE_BEZIER_KNOTS.);
#4430 = CARTESIAN_POINT('',(1.481121045021,4.886249431371E-07,
    -6.132508157756));
#4431 = CARTESIAN_POINT('',(1.905468217659,-5.863684699851E-08,
    -5.88749902104));
#4432 = B_SPLINE_SURFACE_WITH_KNOTS('',1,10,(
    (#4433,#4434,#4435,#4436,#4437,#4438,#4439,#4440,#4441,#4442,#4443)
    ,(#4444,#4445,#4446,#4447,#4448,#4449,#4450,#4451,#4452,#4453,#4454
    )),.UNSPECIFIED.,.F.,.F.,.F.,(2,2),(11,11),(0.,0.49),(0.,
    6.322058019692),.PIECEWISE_BEZIER_KNOTS.);
#4433 = CARTESIAN_POINT('',(1.481122476876,5.863487162108E-07,
    -5.432509789286));
#4434 = CARTESIAN_POINT('',(1.481120871739,-0.930666999369,
    -5.502507540618));
#4435 = CARTESIAN_POINT('',(0.831496875869,-1.860800596903,
    -5.572466762718));
#4436 = CARTESIAN_POINT('',(-0.468789601275,-2.280119032954,
    -5.642628103188));
#4437 = CARTESIAN_POINT('',(-1.954709078203,-1.692481499191,
    -5.712386870733));
#4438 = CARTESIAN_POINT('',(-2.740561168369,-3.100924385224E-05,
    -5.782508972736));
#4439 = CARTESIAN_POINT('',(-1.954490861099,1.692524366169,
    -5.85263107756));
#4440 = CARTESIAN_POINT('',(-0.469002625102,2.280101719974,
    -5.922389843255));
#4441 = CARTESIAN_POINT('',(0.831568985798,1.860803955439,-5.99255118446
    ));
#4442 = CARTESIAN_POINT('',(1.481122711537,0.930668074342,-6.06251040643
    ));
#4443 = CARTESIAN_POINT('',(1.481121045021,4.886249431371E-07,
    -6.132508157756));
#4444 = CARTESIAN_POINT('',(1.905468594448,-7.036451117163E-08,
    -5.187498825243));
#4445 = CARTESIAN_POINT('',(1.905468030934,-1.197235018729,
    -5.257499095103));
#4446 = CARTESIAN_POINT('',(1.069810766616,-2.39450056317,
    -5.327503988798));
#4447 = CARTESIAN_POINT('',(-0.603429653181,-2.932073283406,
    -5.397484626521));
#4448 = CARTESIAN_POINT('',(-2.51415274225,-2.178647606846,
    -5.467513576686));
#4449 = CARTESIAN_POINT('',(-3.526349539134,-7.778655969126E-06,
    -5.537498922934));
#4450 = CARTESIAN_POINT('',(-2.514094847089,2.178659430268,
    -5.607484269927));
#4451 = CARTESIAN_POINT('',(-0.603485077073,2.932068858147,
    -5.677513219605));
#4452 = CARTESIAN_POINT('',(1.069830260183,2.394501215674,
    -5.747493857519));
#4453 = CARTESIAN_POINT('',(1.905468773807,1.197234889728,
    -5.817498751182));
#4454 = CARTESIAN_POINT('',(1.905468217659,-5.863684699851E-08,
    -5.88749902104));
#4455 = ADVANCED_FACE('',(#4456),#4486,.T.);
#4456 = FACE_BOUND('',#4457,.T.);
#4457 = EDGE_LOOP('',(#4458,#4474,#4475,#4476));
#4458 = ORIENTED_EDGE('',*,*,#4459,.F.);
#4459 = EDGE_CURVE('',#4051,#4460,#4462,.T.);
#4460 = VERTEX_POINT('',#4461);
#4461 = CARTESIAN_POINT('',(1.481124812963,4.886223243019E-07,
    -6.307508157715));
#4462 = B_SPLINE_CURVE_WITH_KNOTS('',10,(#4463,#4464,#4465,#4466,#4467,
    #4468,#4469,#4470,#4471,#4472,#4473),.UNSPECIFIED.,.F.,.F.,(11,11),(
    0.,6.322058019692),.PIECEWISE_BEZIER_KNOTS.);
#4463 = CARTESIAN_POINT('',(1.481126998405,5.863450430134E-07,
    -5.607509789228));
#4464 = CARTESIAN_POINT('',(1.481124354627,-0.930669603025,
    -5.677507540587));
#4465 = CARTESIAN_POINT('',(0.831479871737,-1.860805084764,
    -5.747466763165));
#4466 = CARTESIAN_POINT('',(-0.468735292809,-2.280129867092,
    -5.817628101677));
#4467 = CARTESIAN_POINT('',(-1.954772291347,-1.692474594109,
    -5.88738687235));
#4468 = CARTESIAN_POINT('',(-2.740568843426,-4.680562575077E-05,
    -5.957508972271));
#4469 = CARTESIAN_POINT('',(-1.954438578067,1.69254076804,
    -6.027631076506));
#4470 = CARTESIAN_POINT('',(-0.469059562178,2.280103621671,
    -6.097389844351));
#4471 = CARTESIAN_POINT('',(0.831590644798,1.860809893202,
    -6.167551183984));
#4472 = CARTESIAN_POINT('',(1.481127518118,0.930670677992,
    -6.237510406367));
#4473 = CARTESIAN_POINT('',(1.481124812963,4.886223473001E-07,
    -6.307508157715));
#4474 = ORIENTED_EDGE('',*,*,#4068,.T.);
#4475 = ORIENTED_EDGE('',*,*,#4409,.T.);
#4476 = ORIENTED_EDGE('',*,*,#4477,.F.);
#4477 = EDGE_CURVE('',#4460,#4410,#4478,.T.);
#4478 = ( BOUNDED_CURVE() B_SPLINE_CURVE(6,(#4479,#4480,#4481,#4482,
#4483,#4484,#4485),.UNSPECIFIED.,.F.,.F.) B_SPLINE_CURVE_WITH_KNOTS((7,7
),(0.,2.094395102393),.PIECEWISE_BEZIER_KNOTS.) CURVE() 
GEOMETRIC_REPRESENTATION_ITEM() RATIONAL_B_SPLINE_CURVE((1.056590953773,
    1.017435169568,0.996326512422,0.989390034249,0.996326512422,
1.017435169568,1.056590953773)) REPRESENTATION_ITEM('') );
#4479 = CARTESIAN_POINT('',(1.481124812963,4.886223469447E-07,
    -6.307508157715));
#4480 = CARTESIAN_POINT('',(1.449406510628,5.295275662953E-07,
    -6.289196497885));
#4481 = CARTESIAN_POINT('',(1.42705414286,5.583538584819E-07,
    -6.258202745764));
#4482 = CARTESIAN_POINT('',(1.418974486569,5.687732791415E-07,
    -6.220009495859));
#4483 = CARTESIAN_POINT('',(1.427052498167,5.583549924082E-07,
    -6.181815898062));
#4484 = CARTESIAN_POINT('',(1.449403531256,5.295296175156E-07,
    -6.150821183428));
#4485 = CARTESIAN_POINT('',(1.481121045021,4.886249440061E-07,
    -6.132508157756));
#4486 = ( BOUNDED_SURFACE() B_SPLINE_SURFACE(6,11,(
    (#4487,#4488,#4489,#4490,#4491,#4492,#4493,#4494,#4495,#4496,#4497
      ,#4498)
    ,(#4499,#4500,#4501,#4502,#4503,#4504,#4505,#4506,#4507,#4508,#4509
      ,#4510)
    ,(#4511,#4512,#4513,#4514,#4515,#4516,#4517,#4518,#4519,#4520,#4521
      ,#4522)
    ,(#4523,#4524,#4525,#4526,#4527,#4528,#4529,#4530,#4531,#4532,#4533
      ,#4534)
    ,(#4535,#4536,#4537,#4538,#4539,#4540,#4541,#4542,#4543,#4544,#4545
      ,#4546)
    ,(#4547,#4548,#4549,#4550,#4551,#4552,#4553,#4554,#4555,#4556,#4557
      ,#4558)
    ,(#4559,#4560,#4561,#4562,#4563,#4564,#4565,#4566,#4567,#4568,#4569
,#4570
    )),.UNSPECIFIED.,.F.,.F.,.F.) B_SPLINE_SURFACE_WITH_KNOTS((7,7),(12,
    12),(0.,2.094395102393),(0.,6.322058019692),
.PIECEWISE_BEZIER_KNOTS.) GEOMETRIC_REPRESENTATION_ITEM() 
RATIONAL_B_SPLINE_SURFACE((
    (1.056590953773,1.056590953773,1.056590953773,1.056590953773
      ,1.056590953773,1.056590953774,1.056590953773,1.056590953773
      ,1.056590953773,1.056590953773,1.056590953773,1.056590953773)
    ,(1.017435169568,1.017435169568,1.017435169568,1.017435169568
      ,1.017435169568,1.017435169568,1.017435169568,1.017435169568
      ,1.017435169568,1.017435169568,1.017435169568,1.017435169568)
    ,(0.996326512422,0.996326512422,0.996326512422,0.996326512422
      ,0.996326512422,0.996326512423,0.996326512421,0.996326512423
      ,0.996326512422,0.996326512422,0.996326512422,0.996326512422)
    ,(0.989390034249,0.989390034249,0.989390034248,0.989390034249
      ,0.989390034248,0.989390034249,0.989390034248,0.989390034249
      ,0.989390034248,0.989390034249,0.989390034249,0.989390034249)
    ,(0.996326512422,0.996326512422,0.996326512422,0.996326512422
      ,0.996326512422,0.996326512423,0.996326512422,0.996326512423
      ,0.996326512422,0.996326512422,0.996326512422,0.996326512422)
    ,(1.017435169568,1.017435169568,1.017435169568,1.017435169568
      ,1.017435169568,1.017435169568,1.017435169568,1.017435169568
      ,1.017435169568,1.017435169568,1.017435169568,1.017435169568)
    ,(1.056590953773,1.056590953773,1.056590953773,1.056590953773
      ,1.056590953773,1.056590953774,1.056590953773,1.056590953773
      ,1.056590953773,1.056590953773,1.056590953773,1.056590953773
))) REPRESENTATION_ITEM('') SURFACE() );
#4487 = CARTESIAN_POINT('',(1.481126998405,5.863450415755E-07,
    -5.607509789228));
#4488 = CARTESIAN_POINT('',(1.48112459497,-0.846063222173,
    -5.671144108645));
#4489 = CARTESIAN_POINT('',(0.949597050445,-1.69168954263,
    -5.734746904515));
#4490 = CARTESIAN_POINT('',(-0.114005550745,-2.168179164799,
    -5.798595451958));
#4491 = CARTESIAN_POINT('',(-1.414888654207,-1.896697198591,
    -5.861618307853));
#4492 = CARTESIAN_POINT('',(-2.382507425985,-0.786243274846,
    -5.9263526812));
#4493 = CARTESIAN_POINT('',(-2.384118071122,0.786222293223,
    -5.988665265303));
#4494 = CARTESIAN_POINT('',(-1.41380730087,1.896729765483,
    -6.053399639976));
#4495 = CARTESIAN_POINT('',(-0.114462384735,2.168161388613,
    -6.116422494374));
#4496 = CARTESIAN_POINT('',(0.949688258128,1.691693672254,-6.1802710426)
  );
#4497 = CARTESIAN_POINT('',(1.481127272195,0.84606429714,-6.243873838308
    ));
#4498 = CARTESIAN_POINT('',(1.481124812963,4.886223469447E-07,
    -6.307508157715));
#4499 = CARTESIAN_POINT('',(1.449408617216,6.354313527301E-07,
    -5.589198265984));
#4500 = CARTESIAN_POINT('',(1.449406340614,-0.82794960569,
    -5.652832414264));
#4501 = CARTESIAN_POINT('',(0.929259068122,-1.655427955138,
    -5.71643239992));
#4502 = CARTESIAN_POINT('',(-0.111556398269,-2.121859164057,
    -5.780298710879));
#4503 = CARTESIAN_POINT('',(-1.384597410784,-1.855848573566,
    -5.843270205432));
#4504 = CARTESIAN_POINT('',(-2.331489147718,-0.769733816424,
    -5.908096501339));
#4505 = CARTESIAN_POINT('',(-2.333041745685,0.769713384591,
    -5.970298262106));
#4506 = CARTESIAN_POINT('',(-1.38355523995,1.855879842499,
    -6.035124559291));
#4507 = CARTESIAN_POINT('',(-0.111996937147,2.121842019282,
    -6.098096052402));
#4508 = CARTESIAN_POINT('',(0.929346837688,1.65543201834,-6.161962364116
    ));
#4509 = CARTESIAN_POINT('',(1.449408847699,0.827950770649,
    -6.225562349615));
#4510 = CARTESIAN_POINT('',(1.449406510628,5.295275662953E-07,
    -6.289196497885));
#4511 = CARTESIAN_POINT('',(1.427056115982,6.700229955581E-07,
    -5.558204610117));
#4512 = CARTESIAN_POINT('',(1.427054026362,-0.815184643731,
    -5.621838637794));
#4513 = CARTESIAN_POINT('',(0.91492820652,-1.629873882333,
    -5.685436643042));
#4514 = CARTESIAN_POINT('',(-0.109838553968,-2.089216386206,
    -5.749315472256));
#4515 = CARTESIAN_POINT('',(-1.363231379738,-1.827062477712,
    -5.812250771604));
#4516 = CARTESIAN_POINT('',(-2.295564426396,-0.758098987809,
    -5.877141846868));
#4517 = CARTESIAN_POINT('',(-2.297018729029,0.758079629611,
    -5.939265508617));
#4518 = CARTESIAN_POINT('',(-1.362255413652,1.827091634595,
    -6.004156585077));
#4519 = CARTESIAN_POINT('',(-0.110251382358,2.089200317028,
    -6.067091883075));
#4520 = CARTESIAN_POINT('',(0.915010258456,1.629877776103,
    -6.130970712995));
#4521 = CARTESIAN_POINT('',(1.427056296241,0.815185872108,
    -6.194568718097));
#4522 = CARTESIAN_POINT('',(1.42705414286,5.583538584819E-07,
    -6.258202745764));
#4523 = CARTESIAN_POINT('',(1.418976295224,6.825264215748E-07,
    -5.520011395005));
#4524 = CARTESIAN_POINT('',(1.418974418816,-0.810570490634,
    -5.583645379087));
#4525 = CARTESIAN_POINT('',(0.90975048534,-1.620636938514,
    -5.647242668473));
#4526 = CARTESIAN_POINT('',(-0.109229710225,-2.077416524951,
    -5.711126022684));
#4527 = CARTESIAN_POINT('',(-1.355479406007,-1.816658055714,
    -5.774048238504));
#4528 = CARTESIAN_POINT('',(-2.282621524046,-0.753892832301,
    -5.83896272961));
#4529 = CARTESIAN_POINT('',(-2.283954669576,0.753874886014,
    -5.901058160892));
#4530 = CARTESIAN_POINT('',(-1.354584952245,1.816684662647,
    -5.965972653093));
#4531 = CARTESIAN_POINT('',(-0.109608310608,2.0774017855,-6.028894867676
    ));
#4532 = CARTESIAN_POINT('',(0.909825554634,1.62064058808,-6.092778222534
    ));
#4533 = CARTESIAN_POINT('',(1.418976427928,0.810571741933,
    -6.156375511785));
#4534 = CARTESIAN_POINT('',(1.418974486569,5.687732791415E-07,
    -6.220009495859));
#4535 = CARTESIAN_POINT('',(1.427054142352,6.700245983871E-07,
    -5.481817762422));
#4536 = CARTESIAN_POINT('',(1.427052464879,-0.815183610562,
    -5.545451790088));
#4537 = CARTESIAN_POINT('',(0.914934002849,-1.629872072934,
    -5.609049795165));
#4538 = CARTESIAN_POINT('',(-0.109872675461,-2.089212412699,
    -5.672928625451));
#4539 = CARTESIAN_POINT('',(-1.363148169878,-1.827062675823,
    -5.735863921756));
#4540 = CARTESIAN_POINT('',(-2.295682684388,-0.758096597346,
    -5.800755002363));
#4541 = CARTESIAN_POINT('',(-2.296894647731,0.758080136762,
    -5.862878657791));
#4542 = CARTESIAN_POINT('',(-1.362335170222,1.827086776536,
    -5.927769739394));
#4543 = CARTESIAN_POINT('',(-0.110216980545,2.089199006539,
    -5.990705034575));
#4544 = CARTESIAN_POINT('',(0.915002141841,1.629875448896,
    -6.054583865449));
#4545 = CARTESIAN_POINT('',(1.427054239401,0.815184838942,
    -6.118181870403));
#4546 = CARTESIAN_POINT('',(1.427052498167,5.583549924082E-07,
    -6.181815898062));
#4547 = CARTESIAN_POINT('',(1.449405041971,6.354342576842E-07,
    -5.45082295154));
#4548 = CARTESIAN_POINT('',(1.449403511978,-0.827947734097,
    -5.514457099801));
#4549 = CARTESIAN_POINT('',(0.929269568214,-1.655424677399,
    -5.578057085145));
#4550 = CARTESIAN_POINT('',(-0.111618209595,-2.121851966023,
    -5.641923398046));
#4551 = CARTESIAN_POINT('',(-1.384446675535,-1.855848932444,
    -5.704894887087));
#4552 = CARTESIAN_POINT('',(-2.331703372906,-0.769729486084,
    -5.769721192674));
#4553 = CARTESIAN_POINT('',(-2.332816971537,0.769714303299,
    -5.83192294199));
#4554 = CARTESIAN_POINT('',(-1.383699719541,1.855871042089,
    -5.896749248492));
#4555 = CARTESIAN_POINT('',(-0.11193461802,2.121839645322,-5.9597207365)
  );
#4556 = CARTESIAN_POINT('',(0.929332134383,1.655427802589,
    -6.023587049943));
#4557 = CARTESIAN_POINT('',(1.449405121719,0.827948899061,
    -6.087187035173));
#4558 = CARTESIAN_POINT('',(1.449403531256,5.295296175156E-07,
    -6.150821183428));
#4559 = CARTESIAN_POINT('',(1.481122476876,5.863487154423E-07,
    -5.432509789286));
#4560 = CARTESIAN_POINT('',(1.48112101766,-0.846060855213,
    -5.496144108679));
#4561 = CARTESIAN_POINT('',(0.949610329664,-1.691685397352,
    -5.559746904154));
#4562 = CARTESIAN_POINT('',(-0.114083722072,-2.168170061614,
    -5.623595454054));
#4563 = CARTESIAN_POINT('',(-1.414698022888,-1.896697652457,
    -5.686618302978));
#4564 = CARTESIAN_POINT('',(-2.382778351533,-0.786237798364,
    -5.751352688566));
#4565 = CARTESIAN_POINT('',(-2.383833804552,0.786223455089,
    -5.813665258188));
#4566 = CARTESIAN_POINT('',(-1.413990020805,1.896718635813,
    -5.878399644643));
#4567 = CARTESIAN_POINT('',(-0.114383571203,2.168158386321,
    -5.941422492589));
#4568 = CARTESIAN_POINT('',(0.949669663204,1.691688340694,-6.005271043)
  );
#4569 = CARTESIAN_POINT('',(1.481122560035,0.846061930186,
    -6.068873838369));
#4570 = CARTESIAN_POINT('',(1.481121045021,4.886249440061E-07,
    -6.132508157756));
#4571 = ADVANCED_FACE('',(#4572),#4582,.T.);
#4572 = FACE_BOUND('',#4573,.T.);
#4573 = EDGE_LOOP('',(#4574,#4575,#4576,#4577));
#4574 = ORIENTED_EDGE('',*,*,#4200,.F.);
#4575 = ORIENTED_EDGE('',*,*,#4169,.T.);
#4576 = ORIENTED_EDGE('',*,*,#4459,.T.);
#4577 = ORIENTED_EDGE('',*,*,#4578,.F.);
#4578 = EDGE_CURVE('',#4201,#4460,#4579,.T.);
#4579 = B_SPLINE_CURVE_WITH_KNOTS('',1,(#4580,#4581),.UNSPECIFIED.,.F.,
  .F.,(2,2),(0.,0.49),.PIECEWISE_BEZIER_KNOTS.);
#4580 = CARTESIAN_POINT('',(1.905482535837,-5.864670908023E-08,
    -6.552499020886));
#4581 = CARTESIAN_POINT('',(1.481124812963,4.886223473001E-07,
    -6.307508157715));
#4582 = B_SPLINE_SURFACE_WITH_KNOTS('',1,10,(
    (#4583,#4584,#4585,#4586,#4587,#4588,#4589,#4590,#4591,#4592,#4593)
    ,(#4594,#4595,#4596,#4597,#4598,#4599,#4600,#4601,#4602,#4603,#4604
    )),.UNSPECIFIED.,.F.,.F.,.F.,(2,2),(11,11),(0.,0.49),(0.,
    6.322058019692),.PIECEWISE_BEZIER_KNOTS.);
#4583 = CARTESIAN_POINT('',(1.905485776257,-7.037847308493E-08,
    -5.852498825021));
#4584 = CARTESIAN_POINT('',(1.905481265908,-1.197244912621,
    -5.922499094983));
#4585 = CARTESIAN_POINT('',(1.069746150916,-2.394517617043,-5.9925039905
    ));
#4586 = CARTESIAN_POINT('',(-0.603223281008,-2.932114453133,
    -6.062484620779));
#4587 = CARTESIAN_POINT('',(-2.514392952197,-2.178621367537,
    -6.132513582833));
#4588 = CARTESIAN_POINT('',(-3.526378704348,-6.780490702774E-05,
    -6.202498921168));
#4589 = CARTESIAN_POINT('',(-2.513896171568,2.178721757376,
    -6.272484265922));
#4590 = CARTESIAN_POINT('',(-0.60370143796,2.932076084593,
    -6.342513223768));
#4591 = CARTESIAN_POINT('',(1.069912564384,2.394523779173,
    -6.412493855712));
#4592 = CARTESIAN_POINT('',(1.905487038816,1.197244783597,
    -6.482498750943));
#4593 = CARTESIAN_POINT('',(1.905482535837,-5.864670908023E-08,
    -6.552499020886));
#4594 = CARTESIAN_POINT('',(1.481126998405,5.863450430134E-07,
    -5.607509789228));
#4595 = CARTESIAN_POINT('',(1.481124354627,-0.930669603025,
    -5.677507540587));
#4596 = CARTESIAN_POINT('',(0.831479871737,-1.860805084764,
    -5.747466763165));
#4597 = CARTESIAN_POINT('',(-0.468735292809,-2.280129867092,
    -5.817628101677));
#4598 = CARTESIAN_POINT('',(-1.954772291347,-1.692474594109,
    -5.88738687235));
#4599 = CARTESIAN_POINT('',(-2.740568843426,-4.680562575077E-05,
    -5.957508972271));
#4600 = CARTESIAN_POINT('',(-1.954438578067,1.69254076804,
    -6.027631076506));
#4601 = CARTESIAN_POINT('',(-0.469059562178,2.280103621671,
    -6.097389844351));
#4602 = CARTESIAN_POINT('',(0.831590644798,1.860809893202,
    -6.167551183984));
#4603 = CARTESIAN_POINT('',(1.481127518118,0.930670677992,
    -6.237510406367));
#4604 = CARTESIAN_POINT('',(1.481124812963,4.886223473001E-07,
    -6.307508157715));
#4605 = ADVANCED_FACE('',(#4606),#4814,.T.);
#4606 = FACE_BOUND('',#4607,.F.);
#4607 = EDGE_LOOP('',(#4608,#4700,#4701,#4808));
#4608 = ORIENTED_EDGE('',*,*,#4609,.F.);
#4609 = EDGE_CURVE('',#4201,#4610,#4612,.T.);
#4610 = VERTEX_POINT('',#4611);
#4611 = CARTESIAN_POINT('',(1.86,2.951217271635E-12,-7.226242777777));
#4612 = B_SPLINE_CURVE_WITH_KNOTS('',6,(#4613,#4614,#4615,#4616,#4617,
    #4618,#4619,#4620,#4621,#4622,#4623,#4624,#4625,#4626,#4627,#4628,
    #4629,#4630,#4631,#4632,#4633,#4634,#4635,#4636,#4637,#4638,#4639,
    #4640,#4641,#4642,#4643,#4644,#4645,#4646,#4647,#4648,#4649,#4650,
    #4651,#4652,#4653,#4654,#4655,#4656,#4657,#4658,#4659,#4660,#4661,
    #4662,#4663,#4664,#4665,#4666,#4667,#4668,#4669,#4670,#4671,#4672,
    #4673,#4674,#4675,#4676,#4677,#4678,#4679,#4680,#4681,#4682,#4683,
    #4684,#4685,#4686,#4687,#4688,#4689,#4690,#4691,#4692,#4693,#4694,
    #4695,#4696,#4697,#4698,#4699),.UNSPECIFIED.,.F.,.F.,(7,5,5,5,5,5,5,
    5,5,5,5,5,5,5,5,5,5,7),(0.,5.499999970597E-02,0.125000563232,
    0.225963885765,0.263832665458,0.317834421852,0.370838122523,
    0.400458394304,0.496564952476,0.597440003996,0.710285160499,
    0.737907290747,0.808563638383,0.856567560778,0.872638616845,
    0.951637889721,0.968341201367,1.),.UNSPECIFIED.);
#4613 = CARTESIAN_POINT('',(1.86,9.402256750946E-12,-6.526240972279));
#4614 = CARTESIAN_POINT('',(1.86,-0.107124493871,-6.532657643893));
#4615 = CARTESIAN_POINT('',(1.852596164027,-0.214251253732,
    -6.539073912374));
#4616 = CARTESIAN_POINT('',(1.837788798026,-0.320735085863,
    -6.545490609292));
#4617 = CARTESIAN_POINT('',(1.815651809473,-0.425939155873,
    -6.551908459999));
#4618 = CARTESIAN_POINT('',(1.786331661353,-0.529239584593,
    -6.558327654052));
#4619 = CARTESIAN_POINT('',(1.703864618422,-0.758309843846,
    -6.572918087069));
#4620 = CARTESIAN_POINT('',(1.646396579888,-0.88253496072,
    -6.581090400643));
#4621 = CARTESIAN_POINT('',(1.578092301097,-1.001447737324,
    -6.589262521681));
#4622 = CARTESIAN_POINT('',(1.499583061219,-1.113885659542,
    -6.597433308784));
#4623 = CARTESIAN_POINT('',(1.41165169716,-1.218781662959,
    -6.605602403238));
#4624 = CARTESIAN_POINT('',(1.176195489244,-1.454247311342,
    -6.625547010062));
#4625 = CARTESIAN_POINT('',(1.01946804021,-1.575696729046,
    -6.637323341859));
#4626 = CARTESIAN_POINT('',(0.847924997361,-1.676646447349,
    -6.649090761319));
#4627 = CARTESIAN_POINT('',(0.664948752775,-1.75498642791,
    -6.660856190878));
#4628 = CARTESIAN_POINT('',(0.474242330536,-1.809244229733,
    -6.672627134274));
#4629 = CARTESIAN_POINT('',(0.206914296551,-1.849926126422,
    -6.688813889566));
#4630 = CARTESIAN_POINT('',(0.1334676637,-1.857552959804,-6.693229603339
    ));
#4631 = CARTESIAN_POINT('',(5.970020328029E-02,-1.861678468189,
    -6.697645901747));
#4632 = CARTESIAN_POINT('',(-1.417994746524E-02,-1.862287707527,
    -6.702062820822));
#4633 = CARTESIAN_POINT('',(-8.796412345612E-02,-1.859382279836,
    -6.706480353328));
#4634 = CARTESIAN_POINT('',(-0.26622589846,-1.843851009095,
    -6.717198755099));
#4635 = CARTESIAN_POINT('',(-0.370391233445,-1.827611011156,
    -6.72350034938));
#4636 = CARTESIAN_POINT('',(-0.473331601519,-1.804313492866,
    -6.72980283337));
#4637 = CARTESIAN_POINT('',(-0.574452341324,-1.774079005676,
    -6.736106066951));
#4638 = CARTESIAN_POINT('',(-0.673176132516,-1.737094356703,
    -6.74240984399));
#4639 = CARTESIAN_POINT('',(-0.862948756037,-1.65093222313,
    -6.754900787586));
#4640 = CARTESIAN_POINT('',(-0.954109305176,-1.601991100865,
    -6.761088195083));
#4641 = CARTESIAN_POINT('',(-1.041904130747,-1.547026609413,
    -6.767275229587));
#4642 = CARTESIAN_POINT('',(-1.12584023637,-1.486332380345,
    -6.773461765303));
#4643 = CARTESIAN_POINT('',(-1.205460130857,-1.420254824373,
    -6.779647770059));
#4644 = CARTESIAN_POINT('',(-1.322193759262,-1.309477787062,
    -6.789289460225));
#4645 = CARTESIAN_POINT('',(-1.362564116016,-1.268207043057,
    -6.792745740675));
#4646 = CARTESIAN_POINT('',(-1.401383692285,-1.225447597925,
    -6.796201798767));
#4647 = CARTESIAN_POINT('',(-1.438584426084,-1.18127258,-6.799657638143)
  );
#4648 = CARTESIAN_POINT('',(-1.474102921596,-1.135759204696,
    -6.80311327225));
#4649 = CARTESIAN_POINT('',(-1.617475727122,-0.937236450876,
    -6.817780357052));
#4650 = CARTESIAN_POINT('',(-1.708766469044,-0.772217612946,
    -6.828992374609));
#4651 = CARTESIAN_POINT('',(-1.779689918152,-0.596761132855,
    -6.840200609292));
#4652 = CARTESIAN_POINT('',(-1.828876950117,-0.414017338103,
    -6.851409574934));
#4653 = CARTESIAN_POINT('',(-1.855522035783,-0.227324659848,
    -6.862623009028));
#4654 = CARTESIAN_POINT('',(-1.863810422484,0.156244962091,
    -6.885604971676));
#4655 = CARTESIAN_POINT('',(-1.843157221225,0.353259614805,
    -6.897378826787));
#4656 = CARTESIAN_POINT('',(-1.797497164912,0.546804953976,
    -6.909151030013));
#4657 = CARTESIAN_POINT('',(-1.727641853015,0.732991352175,
    -6.920923337711));
#4658 = CARTESIAN_POINT('',(-1.635082327245,0.908134940407,
    -6.932696935142));
#4659 = CARTESIAN_POINT('',(-1.395856169503,1.248796999968,-6.9576293802
    ));
#4660 = CARTESIAN_POINT('',(-1.243987154674,1.410828058431,
    -6.970795452485));
#4661 = CARTESIAN_POINT('',(-1.069816846279,1.550310372945,
    -6.983951210374));
#4662 = CARTESIAN_POINT('',(-0.877609192496,1.663652892806,
    -6.997103895813));
#4663 = CARTESIAN_POINT('',(-0.672234351117,1.748144378774,
    -7.010264284738));
#4664 = CARTESIAN_POINT('',(-0.407114601186,1.815696050832,
    -7.026644820637));
#4665 = CARTESIAN_POINT('',(-0.354519131177,1.827170155442,
    -7.029866207465));
#4666 = CARTESIAN_POINT('',(-0.301541305571,1.836814649608,
    -7.033087873529));
#4667 = CARTESIAN_POINT('',(-0.248260639688,1.844614112132,
    -7.036309844284));
#4668 = CARTESIAN_POINT('',(-0.194757410963,1.850557745656,
    -7.039532134672));
#4669 = CARTESIAN_POINT('',(-3.891444858594E-03,1.865080031938,
    -7.050998073046));
#4670 = CARTESIAN_POINT('',(0.134264882792,1.863338011513,
    -7.059244023641));
#4671 = CARTESIAN_POINT('',(0.271986078014,1.84930644682,-7.067491606928
    ));
#4672 = CARTESIAN_POINT('',(0.407915621946,1.823090988838,
    -7.075740956169));
#4673 = CARTESIAN_POINT('',(0.540723889491,1.784980850921,
    -7.083991560288));
#4674 = CARTESIAN_POINT('',(0.756367766309,1.701837163495,
    -7.097846203016));
#4675 = CARTESIAN_POINT('',(0.841578657845,1.662938511795,
    -7.103450996687));
#4676 = CARTESIAN_POINT('',(0.924362722595,1.618930880737,
    -7.109055218062));
#4677 = CARTESIAN_POINT('',(1.004339766914,1.570006656243,
    -7.114658638431));
#4678 = CARTESIAN_POINT('',(1.081150783223,1.516395413447,
    -7.120261124896));
#4679 = CARTESIAN_POINT('',(1.179003160443,1.438934110653,
    -7.127737742555));
#4680 = CARTESIAN_POINT('',(1.203153790728,1.419009894016,
    -7.129612882727));
#4681 = CARTESIAN_POINT('',(1.226899539342,1.398599945866,
    -7.131487902782));
#4682 = CARTESIAN_POINT('',(1.250228231,1.377714589951,-7.133362802928)
  );
#4683 = CARTESIAN_POINT('',(1.273128045122,1.356364554516,
    -7.135237585468));
#4684 = CARTESIAN_POINT('',(1.405989834663,1.227382754933,-7.14632742485
    ));
#4685 = CARTESIAN_POINT('',(1.505762625266,1.109234955871,
    -7.155540735396));
#4686 = CARTESIAN_POINT('',(1.593518708401,0.981457239139,
    -7.164750830513));
#4687 = CARTESIAN_POINT('',(1.668141407676,0.845592150326,
    -7.173960610115));
#4688 = CARTESIAN_POINT('',(1.728757018107,0.703330627353,
    -7.183173670939));
#4689 = CARTESIAN_POINT('',(1.784527720327,0.525470459966,
    -7.194336496677));
#4690 = CARTESIAN_POINT('',(1.793610028639,0.494223587368,
    -7.196284888961));
#4691 = CARTESIAN_POINT('',(1.802035424968,0.462789507699,
    -7.198233387867));
#4692 = CARTESIAN_POINT('',(1.809799152228,0.431185482276,
    -7.200181989916));
#4693 = CARTESIAN_POINT('',(1.816897058002,0.399428934292,
    -7.202130686227));
#4694 = CARTESIAN_POINT('',(1.835509989357,0.30709158408,-7.207773096308
    ));
#4695 = CARTESIAN_POINT('',(1.845289797446,0.246160695186,-7.21146702895
    ));
#4696 = CARTESIAN_POINT('',(1.852640824656,0.18486479764,-7.215161149868
    ));
#4697 = CARTESIAN_POINT('',(1.857546924869,0.123324759737,
    -7.218855297904));
#4698 = CARTESIAN_POINT('',(1.86,6.166230256348E-02,-7.222549261315));
#4699 = CARTESIAN_POINT('',(1.86,5.87818682618E-12,-7.226242777777));
#4700 = ORIENTED_EDGE('',*,*,#4395,.T.);
#4701 = ORIENTED_EDGE('',*,*,#4702,.T.);
#4702 = EDGE_CURVE('',#4294,#4703,#4705,.T.);
#4703 = VERTEX_POINT('',#4704);
#4704 = CARTESIAN_POINT('',(1.86,2.622468522618E-13,-7.313750848431));
#4705 = B_SPLINE_CURVE_WITH_KNOTS('',6,(#4706,#4707,#4708,#4709,#4710,
    #4711,#4712,#4713,#4714,#4715,#4716,#4717,#4718,#4719,#4720,#4721,
    #4722,#4723,#4724,#4725,#4726,#4727,#4728,#4729,#4730,#4731,#4732,
    #4733,#4734,#4735,#4736,#4737,#4738,#4739,#4740,#4741,#4742,#4743,
    #4744,#4745,#4746,#4747,#4748,#4749,#4750,#4751,#4752,#4753,#4754,
    #4755,#4756,#4757,#4758,#4759,#4760,#4761,#4762,#4763,#4764,#4765,
    #4766,#4767,#4768,#4769,#4770,#4771,#4772,#4773,#4774,#4775,#4776,
    #4777,#4778,#4779,#4780,#4781,#4782,#4783,#4784,#4785,#4786,#4787,
    #4788,#4789,#4790,#4791,#4792,#4793,#4794,#4795,#4796,#4797,#4798,
    #4799,#4800,#4801,#4802,#4803,#4804,#4805,#4806,#4807),
  .UNSPECIFIED.,.F.,.F.,(7,5,5,5,5,5,5,5,5,5,5,5,5,5,5,5,5,5,5,5,7),(0.,
    2.502454106239E-02,4.840502942575E-02,0.127403066365,0.141387926958,
    0.187390720952,0.262390534334,0.299636033517,0.357638012333,
    0.402086024668,0.494184281614,0.598804087547,0.625699462001,
    0.678702186986,0.730703014208,0.784266759467,0.840268829099,
    0.873058297517,0.943986849047,0.972986011668,1.),.UNSPECIFIED.);
#4706 = CARTESIAN_POINT('',(1.86,9.332534744999E-13,-6.613751131248));
#4707 = CARTESIAN_POINT('',(1.86,-4.874150176016E-02,-6.616670586159));
#4708 = CARTESIAN_POINT('',(1.858467263403,-9.748306458494E-02,
    -6.619590225955));
#4709 = CARTESIAN_POINT('',(1.855401803135,-0.146164227957,
    -6.622509952139));
#4710 = CARTESIAN_POINT('',(1.850806782531,-0.194724804574,
    -6.625429679397));
#4711 = CARTESIAN_POINT('',(1.844688515328,-0.24310488035,
    -6.628349335602));
#4712 = CARTESIAN_POINT('',(1.829925823491,-0.336222069559,
    -6.633996582105));
#4713 = CARTESIAN_POINT('',(1.821473746729,-0.380989826753,-6.636724194)
  );
#4714 = CARTESIAN_POINT('',(1.811707959931,-0.425499442388,
    -6.639451653903));
#4715 = CARTESIAN_POINT('',(1.800638524316,-0.469702836034,
    -6.642178936005));
#4716 = CARTESIAN_POINT('',(1.788277837778,-0.513552490435,
    -6.644906032282));
#4717 = CARTESIAN_POINT('',(1.728563228783,-0.703806880854,-6.6568466755
    ));
#4718 = CARTESIAN_POINT('',(1.667908209061,-0.846052193428,
    -6.666059256366));
#4719 = CARTESIAN_POINT('',(1.593247783921,-0.981897102916,
    -6.675269079219));
#4720 = CARTESIAN_POINT('',(1.505456195716,-1.109650867597,
    -6.684479610823));
#4721 = CARTESIAN_POINT('',(1.405650589346,-1.22777128,-6.693693551012)
  );
#4722 = CARTESIAN_POINT('',(1.275668958433,-1.353887249698,
    -6.704540855317));
#4723 = CARTESIAN_POINT('',(1.255786048556,-1.372511855735,
    -6.706172403535));
#4724 = CARTESIAN_POINT('',(1.235577335195,-1.390785588573,
    -6.707804041249));
#4725 = CARTESIAN_POINT('',(1.215050575628,-1.408701349674,
    -6.709435769618));
#4726 = CARTESIAN_POINT('',(1.194213740749,-1.426252263594,
    -6.711067587957));
#4727 = CARTESIAN_POINT('',(1.103539789003,-1.499942864218,
    -6.718067600563));
#4728 = CARTESIAN_POINT('',(1.030736969734,-1.552434895997,
    -6.723436721837));
#4729 = CARTESIAN_POINT('',(0.9549587481,-1.600670417282,-6.728806692163
    ));
#4730 = CARTESIAN_POINT('',(0.876517555137,-1.64444205553,
    -6.734177395379));
#4731 = CARTESIAN_POINT('',(0.795744288478,-1.683573455187,
    -6.739548634939));
#4732 = CARTESIAN_POINT('',(0.578063955872,-1.773917079329,
    -6.753677117985));
#4733 = CARTESIAN_POINT('',(0.437853995807,-1.817202024586,
    -6.762435394361));
#4734 = CARTESIAN_POINT('',(0.293876470616,-1.847140471864,
    -6.77119218536));
#4735 = CARTESIAN_POINT('',(0.147716939471,-1.863362202983,
    -6.779946946028));
#4736 = CARTESIAN_POINT('',(9.974708412213E-04,-1.86572732651,
    -6.788699967439));
#4737 = CARTESIAN_POINT('',(-0.216965411824,-1.84872624605,
    -6.801795278429));
#4738 = CARTESIAN_POINT('',(-0.289026886298,-1.839699807712,
    -6.806140017751));
#4739 = CARTESIAN_POINT('',(-0.36062572788,-1.827303860641,
    -6.810484200843));
#4740 = CARTESIAN_POINT('',(-0.43156577459,-1.81156920074,
    -6.814827877371));
#4741 = CARTESIAN_POINT('',(-0.501653862066,-1.79254182804,
    -6.819171125839));
#4742 = CARTESIAN_POINT('',(-0.678224289182,-1.735619451993,
    -6.830277244029));
#4743 = CARTESIAN_POINT('',(-0.783225323299,-1.693117661356,
    -6.837039844729));
#4744 = CARTESIAN_POINT('',(-0.88498281417,-1.643009971219,
    -6.843801855392));
#4745 = CARTESIAN_POINT('',(-0.982813930148,-1.585612284164,
    -6.850563946637));
#4746 = CARTESIAN_POINT('',(-1.076079059946,-1.521320855466,
    -6.857326734132));
#4747 = CARTESIAN_POINT('',(-1.231707109158,-1.396421415672,
    -6.869272911545));
#4748 = CARTESIAN_POINT('',(-1.29620042357,-1.338461884212,
    -6.874456236414));
#4749 = CARTESIAN_POINT('',(-1.357403036158,-1.27694303698,
    -6.87964003046));
#4750 = CARTESIAN_POINT('',(-1.41507202778,-1.212100175015,
    -6.884824397677));
#4751 = CARTESIAN_POINT('',(-1.468987399082,-1.14419015149,
    -6.890009384178));
#4752 = CARTESIAN_POINT('',(-1.622484712013,-0.92699649586,
    -6.90593927179));
#4753 = CARTESIAN_POINT('',(-1.709079594658,-0.768495975814,
    -6.916687697027));
#4754 = CARTESIAN_POINT('',(-1.776953393756,-0.600492203314,
    -6.927435577571));
#4755 = CARTESIAN_POINT('',(-1.824902532968,-0.425756351854,
    -6.938183525838));
#4756 = CARTESIAN_POINT('',(-1.852203968452,-0.247221301682,
    -6.948932428211));
#4757 = CARTESIAN_POINT('',(-1.866203261011,0.135675453918,
    -6.971884601794));
#4758 = CARTESIAN_POINT('',(-1.846879536553,0.340347748409,
    -6.984092745441));
#4759 = CARTESIAN_POINT('',(-1.800594537545,0.541525021384,
    -6.996294484783));
#4760 = CARTESIAN_POINT('',(-1.728231005226,0.734860816621,
    -7.008495124765));
#4761 = CARTESIAN_POINT('',(-1.631449060095,0.916241230936,
    -7.020701310612));
#4762 = CARTESIAN_POINT('',(-1.482436809654,1.124600095808,
    -7.036044096618));
#4763 = CARTESIAN_POINT('',(-1.450523020687,1.166180493894,
    -7.03918191757));
#4764 = CARTESIAN_POINT('',(-1.417212690899,1.206670047213,
    -7.042319915862));
#4765 = CARTESIAN_POINT('',(-1.382552683504,1.246010459347,
    -7.045458101364));
#4766 = CARTESIAN_POINT('',(-1.346593071259,1.284146168515,
    -7.048596477024));
#4767 = CARTESIAN_POINT('',(-1.236065386152,1.393700189504,
    -7.057920203913));
#4768 = CARTESIAN_POINT('',(-1.157901641223,1.461493727091,
    -7.064106210061));
#4769 = CARTESIAN_POINT('',(-1.075305633193,1.523999107079,
    -7.070292783231));
#4770 = CARTESIAN_POINT('',(-0.988727209091,1.580860051294,
    -7.076479895677));
#4771 = CARTESIAN_POINT('',(-0.898652860791,1.631772275859,
    -7.08266742261));
#4772 = CARTESIAN_POINT('',(-0.714310561157,1.720354333864,
    -7.094925216574));
#4773 = CARTESIAN_POINT('',(-0.620150834826,1.758257855524,
    -7.10099570696));
#4774 = CARTESIAN_POINT('',(-0.52361384768,1.789960891592,
    -7.107065751642));
#4775 = CARTESIAN_POINT('',(-0.425210526193,1.815283345858,
    -7.113135149779));
#4776 = CARTESIAN_POINT('',(-0.32546829658,1.834101652379,
    -7.119203751093));
#4777 = CARTESIAN_POINT('',(-0.121364744339,1.858966110397,
    -7.131520987433));
#4778 = CARTESIAN_POINT('',(-1.695095053424E-02,1.864611833785,
    -7.137769780529));
#4779 = CARTESIAN_POINT('',(8.772331677007E-02,1.863215248937,
    -7.144017146837));
#4780 = CARTESIAN_POINT('',(0.192066018846,1.854770992105,
    -7.150263239901));
#4781 = CARTESIAN_POINT('',(0.295488134884,1.839339915921,
    -7.156508382841));
#4782 = CARTESIAN_POINT('',(0.503967625404,1.793743215915,
    -7.169281194809));
#4783 = CARTESIAN_POINT('',(0.608889794752,1.762937777857,
    -7.175809070606));
#4784 = CARTESIAN_POINT('',(0.711509675178,1.724778223488,
    -7.182336344914));
#4785 = CARTESIAN_POINT('',(0.811187309219,1.679485573557,
    -7.188863768276));
#4786 = CARTESIAN_POINT('',(0.907312905872,1.627354179307,
    -7.195392095462));
#4787 = CARTESIAN_POINT('',(1.053177966138,1.534436413271,
    -7.205744327666));
#4788 = CARTESIAN_POINT('',(1.105630236136,1.497903537538,-7.20956764762
    ));
#4789 = CARTESIAN_POINT('',(1.156554022405,1.459224203813,
    -7.213391436382));
#4790 = CARTESIAN_POINT('',(1.20584027794,1.418478908507,-7.217215743898
    ));
#4791 = CARTESIAN_POINT('',(1.253385743561,1.375755453188,
    -7.221040587188));
#4792 = CARTESIAN_POINT('',(1.39796450504,1.234658357915,-7.233140786181
    ));
#4793 = CARTESIAN_POINT('',(1.488241430304,1.129349812725,
    -7.241418568673));
#4794 = CARTESIAN_POINT('',(1.568926402316,1.016193081716,
    -7.249698033903));
#4795 = CARTESIAN_POINT('',(1.639193824842,0.896290179942,
    -7.257978748461));
#4796 = CARTESIAN_POINT('',(1.698376622446,0.770844981022,
    -7.266259410753));
#4797 = CARTESIAN_POINT('',(1.765468236542,0.588142967742,-7.27792284513
    ));
#4798 = CARTESIAN_POINT('',(1.783006285422,0.534412967116,
    -7.281307349205));
#4799 = CARTESIAN_POINT('',(1.798579902032,0.480061619866,
    -7.284691544922));
#4800 = CARTESIAN_POINT('',(1.812162177785,0.425178675443,
    -7.288075407721));
#4801 = CARTESIAN_POINT('',(1.82373169626,0.369855358921,-7.291458955921
    ));
#4802 = CARTESIAN_POINT('',(1.842160240119,0.262324410844,
    -7.297993937797));
#4803 = CARTESIAN_POINT('',(1.849287553451,0.210162524355,
    -7.301145409968));
#4804 = CARTESIAN_POINT('',(1.854641620711,0.157773635386,
    -7.304296724997));
#4805 = CARTESIAN_POINT('',(1.858213867998,0.105233054982,
    -7.307447976886));
#4806 = CARTESIAN_POINT('',(1.86,5.26164813776E-02,-7.310599295874));
#4807 = CARTESIAN_POINT('',(1.86,5.442313266713E-13,-7.313750848431));
#4808 = ORIENTED_EDGE('',*,*,#4809,.F.);
#4809 = EDGE_CURVE('',#4610,#4703,#4810,.T.);
#4810 = LINE('',#4811,#4812);
#4811 = CARTESIAN_POINT('',(1.86,0.,-0.2));
#4812 = VECTOR('',#4813,1.);
#4813 = DIRECTION('',(-2.523234146875E-17,0.,-1.));
#4814 = CYLINDRICAL_SURFACE('',#4815,1.86);
#4815 = AXIS2_PLACEMENT_3D('',#4816,#4817,#4818);
#4816 = CARTESIAN_POINT('',(0.,0.,-0.2));
#4817 = DIRECTION('',(-0.,-0.,-1.));
#4818 = DIRECTION('',(1.,0.,0.));
#4819 = ADVANCED_FACE('',(#4820),#4846,.T.);
#4820 = FACE_BOUND('',#4821,.T.);
#4821 = EDGE_LOOP('',(#4822,#4839,#4840,#4841));
#4822 = ORIENTED_EDGE('',*,*,#4823,.F.);
#4823 = EDGE_CURVE('',#4410,#4824,#4826,.T.);
#4824 = VERTEX_POINT('',#4825);
#4825 = CARTESIAN_POINT('',(1.481119613173,3.909007667885E-07,
    -6.832506526218));
#4826 = ( BOUNDED_CURVE() B_SPLINE_CURVE(11,(#4827,#4828,#4829,#4830,
    #4831,#4832,#4833,#4834,#4835,#4836,#4837,#4838),.UNSPECIFIED.,.F.,
.F.) B_SPLINE_CURVE_WITH_KNOTS((12,12),(0.,6.322058019692),
.PIECEWISE_BEZIER_KNOTS.) CURVE() GEOMETRIC_REPRESENTATION_ITEM() 
RATIONAL_B_SPLINE_CURVE((1.056590953773,1.056590953773,1.056590953773,
    1.056590953773,1.056590953773,1.056590953774,1.056590953773,
    1.056590953773,1.056590953773,1.056590953773,1.056590953773,
1.056590953773)) REPRESENTATION_ITEM('') );
#4827 = CARTESIAN_POINT('',(1.481121045021,4.886249195812E-07,
    -6.132508157756));
#4828 = CARTESIAN_POINT('',(1.481119530006,-0.846060135241,
    -6.196142477139));
#4829 = CARTESIAN_POINT('',(0.949609299903,-1.691683823076,
    -6.259745272491));
#4830 = CARTESIAN_POINT('',(-0.114083754587,-2.168167963021,
    -6.323593823188));
#4831 = CARTESIAN_POINT('',(-1.414696780457,-1.896695715195,
    -6.386616669799));
#4832 = CARTESIAN_POINT('',(-2.382776100577,-0.78623689579,
    -6.451351059532));
#4833 = CARTESIAN_POINT('',(-2.383831446682,0.786222867128,
    -6.513663624154));
#4834 = CARTESIAN_POINT('',(-1.413988530149,1.89671688498,
    -6.578398014756));
#4835 = CARTESIAN_POINT('',(-0.114383316829,2.168156302924,
    -6.641420860385));
#4836 = CARTESIAN_POINT('',(0.949668856588,1.691686641075,
    -6.705269411597));
#4837 = CARTESIAN_POINT('',(1.481121183987,0.846061014767,-6.76887220684
    ));
#4838 = CARTESIAN_POINT('',(1.481119613173,3.909007791347E-07,
    -6.832506526218));
#4839 = ORIENTED_EDGE('',*,*,#4428,.T.);
#4840 = ORIENTED_EDGE('',*,*,#4293,.T.);
#4841 = ORIENTED_EDGE('',*,*,#4842,.F.);
#4842 = EDGE_CURVE('',#4824,#4294,#4843,.T.);
#4843 = B_SPLINE_CURVE_WITH_KNOTS('',1,(#4844,#4845),.UNSPECIFIED.,.F.,
  .F.,(2,2),(0.,0.49),.PIECEWISE_BEZIER_KNOTS.);
#4844 = CARTESIAN_POINT('',(1.481119613173,3.909007775946E-07,
    -6.832506526218));
#4845 = CARTESIAN_POINT('',(1.905467840869,-4.690930040612E-08,
    -6.587499216835));
#4846 = B_SPLINE_SURFACE_WITH_KNOTS('',1,10,(
    (#4847,#4848,#4849,#4850,#4851,#4852,#4853,#4854,#4855,#4856,#4857)
    ,(#4858,#4859,#4860,#4861,#4862,#4863,#4864,#4865,#4866,#4867,#4868
    )),.UNSPECIFIED.,.F.,.F.,.F.,(2,2),(11,11),(0.,0.49),(0.,
    6.322058019692),.PIECEWISE_BEZIER_KNOTS.);
#4847 = CARTESIAN_POINT('',(1.481121045021,4.886249201505E-07,
    -6.132508157756));
#4848 = CARTESIAN_POINT('',(1.481119378504,-0.930666197628,
    -6.202505909078));
#4849 = CARTESIAN_POINT('',(0.831495949102,-1.860798850953,
    -6.272465131027));
#4850 = CARTESIAN_POINT('',(-0.468789297894,-2.280116802048,
    -6.342626472101));
#4851 = CARTESIAN_POINT('',(-1.954707301649,-1.692479730047,
    -6.41238523874));
#4852 = CARTESIAN_POINT('',(-2.740558516921,-3.082814054167E-05,
    -6.482507341201));
#4853 = CARTESIAN_POINT('',(-1.95448886171,1.692522854525,
    -6.552629446487));
#4854 = CARTESIAN_POINT('',(-0.469002020397,2.280099551125,
    -6.622388211273));
#4855 = CARTESIAN_POINT('',(0.831568304482,1.860802099724,
    -6.692549553084));
#4856 = CARTESIAN_POINT('',(1.481121341068,0.930667077153,
    -6.762508774902));
#4857 = CARTESIAN_POINT('',(1.481119613173,3.909007775946E-07,
    -6.832506526218));
#4858 = CARTESIAN_POINT('',(1.905468217659,-5.863687043232E-08,
    -5.88749902104));
#4859 = CARTESIAN_POINT('',(1.90546766151,-1.197234770308,
    -5.957499290898));
#4860 = CARTESIAN_POINT('',(1.069810569762,-2.394500082697,
    -6.027504184553));
#4861 = CARTESIAN_POINT('',(-0.603429515619,-2.932072708237,
    -6.097484822434));
#4862 = CARTESIAN_POINT('',(-2.514152232063,-2.178647190628,
    -6.167513772362));
#4863 = CARTESIAN_POINT('',(-3.526348841408,-7.800392087809E-06,
    -6.237499118729));
#4864 = CARTESIAN_POINT('',(-2.514094363644,2.178658983152,
    -6.307484465844));
#4865 = CARTESIAN_POINT('',(-0.603484975672,2.932068275528,
    -6.377513415283));
#4866 = CARTESIAN_POINT('',(1.069830033873,2.394500748374,
    -6.447494053357));
#4867 = CARTESIAN_POINT('',(1.905468389651,1.197234664762,-6.51749894698
    ));
#4868 = CARTESIAN_POINT('',(1.905467840869,-4.690930040612E-08,
    -6.587499216835));
#4869 = ADVANCED_FACE('',(#4870),#4900,.T.);
#4870 = FACE_BOUND('',#4871,.T.);
#4871 = EDGE_LOOP('',(#4872,#4888,#4889,#4890));
#4872 = ORIENTED_EDGE('',*,*,#4873,.F.);
#4873 = EDGE_CURVE('',#4460,#4874,#4876,.T.);
#4874 = VERTEX_POINT('',#4875);
#4875 = CARTESIAN_POINT('',(1.481122627527,3.908990737973E-07,
    -7.007506526192));
#4876 = B_SPLINE_CURVE_WITH_KNOTS('',10,(#4877,#4878,#4879,#4880,#4881,
    #4882,#4883,#4884,#4885,#4886,#4887),.UNSPECIFIED.,.F.,.F.,(11,11),(
    0.,6.322058019692),.PIECEWISE_BEZIER_KNOTS.);
#4877 = CARTESIAN_POINT('',(1.481124812963,4.886223220659E-07,
    -6.307508157715));
#4878 = CARTESIAN_POINT('',(1.481122107805,-0.930668327891,
    -6.377505909059));
#4879 = CARTESIAN_POINT('',(0.831478521804,-1.86080239103,
    -6.447465131407));
#4880 = CARTESIAN_POINT('',(-0.468734750463,-2.280126478387,
    -6.517626470843));
#4881 = CARTESIAN_POINT('',(-1.954769521145,-1.692471961621,
    -6.587385240131));
#4882 = CARTESIAN_POINT('',(-2.740564796515,-4.66245265951E-05,
    -6.657507340752));
#4883 = CARTESIAN_POINT('',(-1.954435585034,1.692538393052,
    -6.727629445692));
#4884 = CARTESIAN_POINT('',(-0.469058718509,2.280100295019,
    -6.797388212147));
#4885 = CARTESIAN_POINT('',(0.831589540311,1.860807089704,
    -6.867549552709));
#4886 = CARTESIAN_POINT('',(1.481125394061,0.930669207413,
    -6.937508774858));
#4887 = CARTESIAN_POINT('',(1.481122627527,3.908990845638E-07,
    -7.007506526192));
#4888 = ORIENTED_EDGE('',*,*,#4477,.T.);
#4889 = ORIENTED_EDGE('',*,*,#4823,.T.);
#4890 = ORIENTED_EDGE('',*,*,#4891,.F.);
#4891 = EDGE_CURVE('',#4874,#4824,#4892,.T.);
#4892 = ( BOUNDED_CURVE() B_SPLINE_CURVE(6,(#4893,#4894,#4895,#4896,
#4897,#4898,#4899),.UNSPECIFIED.,.F.,.F.) B_SPLINE_CURVE_WITH_KNOTS((7,7
),(0.,2.094395102393),.PIECEWISE_BEZIER_KNOTS.) CURVE() 
GEOMETRIC_REPRESENTATION_ITEM() RATIONAL_B_SPLINE_CURVE((1.056590953773,
    1.017435169568,0.996326512422,0.989390034249,0.996326512422,
1.017435169568,1.056590953773)) REPRESENTATION_ITEM('') );
#4893 = CARTESIAN_POINT('',(1.481122627527,3.908990875157E-07,
    -7.007506526192));
#4894 = CARTESIAN_POINT('',(1.449404404047,4.236232301336E-07,
    -6.989194729777));
#4895 = CARTESIAN_POINT('',(1.427052169744,4.466842016548E-07,
    -6.958200881402));
#4896 = CARTESIAN_POINT('',(1.418972677922,4.550196561481E-07,
    -6.920007596705));
#4897 = CARTESIAN_POINT('',(1.42705085399,4.466849399254E-07,
    -6.881814033693));
#4898 = CARTESIAN_POINT('',(1.449402020548,4.236245674527E-07,
    -6.850819415308));
#4899 = CARTESIAN_POINT('',(1.481119613173,3.909007791347E-07,
    -6.832506526218));
#4900 = ( BOUNDED_SURFACE() B_SPLINE_SURFACE(6,11,(
    (#4901,#4902,#4903,#4904,#4905,#4906,#4907,#4908,#4909,#4910,#4911
      ,#4912)
    ,(#4913,#4914,#4915,#4916,#4917,#4918,#4919,#4920,#4921,#4922,#4923
      ,#4924)
    ,(#4925,#4926,#4927,#4928,#4929,#4930,#4931,#4932,#4933,#4934,#4935
      ,#4936)
    ,(#4937,#4938,#4939,#4940,#4941,#4942,#4943,#4944,#4945,#4946,#4947
      ,#4948)
    ,(#4949,#4950,#4951,#4952,#4953,#4954,#4955,#4956,#4957,#4958,#4959
      ,#4960)
    ,(#4961,#4962,#4963,#4964,#4965,#4966,#4967,#4968,#4969,#4970,#4971
      ,#4972)
    ,(#4973,#4974,#4975,#4976,#4977,#4978,#4979,#4980,#4981,#4982,#4983
,#4984
    )),.UNSPECIFIED.,.F.,.F.,.F.) B_SPLINE_SURFACE_WITH_KNOTS((7,7),(12,
    12),(0.,2.094395102393),(0.,6.322058019692),
.PIECEWISE_BEZIER_KNOTS.) GEOMETRIC_REPRESENTATION_ITEM() 
RATIONAL_B_SPLINE_SURFACE((
    (1.056590953773,1.056590953773,1.056590953773,1.056590953773
      ,1.056590953773,1.056590953774,1.056590953773,1.056590953773
      ,1.056590953773,1.056590953773,1.056590953773,1.056590953773)
    ,(1.017435169568,1.017435169568,1.017435169568,1.017435169568
      ,1.017435169568,1.017435169568,1.017435169568,1.017435169568
      ,1.017435169568,1.017435169568,1.017435169568,1.017435169568)
    ,(0.996326512422,0.996326512422,0.996326512422,0.996326512422
      ,0.996326512422,0.996326512423,0.996326512421,0.996326512423
      ,0.996326512422,0.996326512422,0.996326512422,0.996326512422)
    ,(0.989390034249,0.989390034249,0.989390034248,0.989390034249
      ,0.989390034248,0.989390034249,0.989390034248,0.989390034249
      ,0.989390034248,0.989390034249,0.989390034249,0.989390034249)
    ,(0.996326512422,0.996326512422,0.996326512422,0.996326512422
      ,0.996326512422,0.996326512423,0.996326512422,0.996326512423
      ,0.996326512422,0.996326512422,0.996326512422,0.996326512422)
    ,(1.017435169568,1.017435169568,1.017435169568,1.017435169568
      ,1.017435169568,1.017435169568,1.017435169568,1.017435169568
      ,1.017435169568,1.017435169568,1.017435169568,1.017435169568)
    ,(1.056590953773,1.056590953773,1.056590953773,1.056590953773
      ,1.056590953773,1.056590953774,1.056590953773,1.056590953773
      ,1.056590953773,1.056590953773,1.056590953773,1.056590953773
))) REPRESENTATION_ITEM('') SURFACE() );
#4901 = CARTESIAN_POINT('',(1.481124812963,4.886223217981E-07,
    -6.307508157715));
#4902 = CARTESIAN_POINT('',(1.481122353728,-0.846062071845,
    -6.371142477119));
#4903 = CARTESIAN_POINT('',(0.94959553744,-1.691687106823,
    -6.434745272799));
#4904 = CARTESIAN_POINT('',(-0.114005524877,-2.16817596571,
    -6.498593821461));
#4905 = CARTESIAN_POINT('',(-1.414886692559,-1.896694290802,
    -6.561616673822));
#4906 = CARTESIAN_POINT('',(-2.382503962209,-0.786241980036,
    -6.626351053498));
#4907 = CARTESIAN_POINT('',(-2.384114500433,0.786221313022,
    -6.688663629969));
#4908 = CARTESIAN_POINT('',(-1.413805091,1.896727044123,-6.753398010972)
  );
#4909 = CARTESIAN_POINT('',(-0.114462071981,2.168158204719,
    -6.816420861834));
#4910 = CARTESIAN_POINT('',(0.949686968265,1.691691111106,
    -6.880269411282));
#4911 = CARTESIAN_POINT('',(1.481125142558,0.846062951366,
    -6.943872206798));
#4912 = CARTESIAN_POINT('',(1.481122627527,3.908990875157E-07,
    -7.007506526192));
#4913 = CARTESIAN_POINT('',(1.449406510628,5.295275412043E-07,
    -6.289196497885));
#4914 = CARTESIAN_POINT('',(1.449404173554,-0.827948508575,
    -6.352830646152));
#4915 = CARTESIAN_POINT('',(0.929257596342,-1.655425614726,
    -6.416430631625));
#4916 = CARTESIAN_POINT('',(-0.111556390518,-2.121856079487,
    -6.480296943759));
#4917 = CARTESIAN_POINT('',(-1.384595534785,-1.855845759528,
    -6.543268434906));
#4918 = CARTESIAN_POINT('',(-2.331485815324,-0.769732549489,
    -6.608094736914));
#4919 = CARTESIAN_POINT('',(-2.33303829743,0.769712458603,
    -6.670296490324));
#4920 = CARTESIAN_POINT('',(-1.383553094946,1.855877230496,
    -6.735122793612));
#4921 = CARTESIAN_POINT('',(-0.111996618494,2.121838951178,
    -6.798094283314));
#4922 = CARTESIAN_POINT('',(0.929345607731,1.655429542093,
    -6.861960596205));
#4923 = CARTESIAN_POINT('',(1.449406801588,0.827949461726,
    -6.925560581519));
#4924 = CARTESIAN_POINT('',(1.449404404047,4.236232301336E-07,
    -6.989194729777));
#4925 = CARTESIAN_POINT('',(1.42705414286,5.583538334741E-07,
    -6.258202745764));
#4926 = CARTESIAN_POINT('',(1.427051989476,-0.8151836286,-6.321836773428
    ));
#4927 = CARTESIAN_POINT('',(0.914926813744,-1.629871698202,
    -6.385434778506));
#4928 = CARTESIAN_POINT('',(-0.109838565019,-2.089213496092,
    -6.44931360882));
#4929 = CARTESIAN_POINT('',(-1.36322963844,-1.827059830063,
    -6.512248904978));
#4930 = CARTESIAN_POINT('',(-2.295561311954,-0.75809778106,
    -6.577139985956));
#4931 = CARTESIAN_POINT('',(-2.297015492419,0.75807878237,
    -6.639263640813));
#4932 = CARTESIAN_POINT('',(-1.362253388703,1.82708919998,
    -6.704154722989));
#4933 = CARTESIAN_POINT('',(-0.110251065581,2.089197444278,
    -6.767090017794));
#4934 = CARTESIAN_POINT('',(0.915009120667,1.629875448742,
    -6.830968848818));
#4935 = CARTESIAN_POINT('',(1.427054386888,0.815184633639,
    -6.894566853746));
#4936 = CARTESIAN_POINT('',(1.427052169744,4.466842016548E-07,
    -6.958200881402));
#4937 = CARTESIAN_POINT('',(1.418974486569,5.687732573256E-07,
    -6.220009495859));
#4938 = CARTESIAN_POINT('',(1.418972545208,-0.810569571511,
    -6.283643479929));
#4939 = CARTESIAN_POINT('',(0.909749195652,-1.620634943746,
    -6.347240769159));
#4940 = CARTESIAN_POINT('',(-0.109229737077,-2.077413874856,
    -6.411124124378));
#4941 = CARTESIAN_POINT('',(-1.355477824321,-1.816655617891,
    -6.474046337274));
#4942 = CARTESIAN_POINT('',(-2.282618675439,-0.753891707803,
    -6.538960833617));
#4943 = CARTESIAN_POINT('',(-2.283951696518,0.753874127734,
    -6.601056258583));
#4944 = CARTESIAN_POINT('',(-1.354583081618,1.816682441833,
    -6.665970756023));
#4945 = CARTESIAN_POINT('',(-0.109608003514,2.077399153093,
    -6.72889296768));
#4946 = CARTESIAN_POINT('',(0.909824524692,1.620638447409,
    -6.792776323549));
#4947 = CARTESIAN_POINT('',(1.418974684233,0.810570595304,
    -6.856373612642));
#4948 = CARTESIAN_POINT('',(1.418972677922,4.550196561481E-07,
    -6.920007596705));
#4949 = CARTESIAN_POINT('',(1.427052498167,5.583549666788E-07,
    -6.181815898062));
#4950 = CARTESIAN_POINT('',(1.427050756931,-0.81518278328,
    -6.245449925717));
#4951 = CARTESIAN_POINT('',(0.914932821008,-1.629870264858,
    -6.309047930651));
#4952 = CARTESIAN_POINT('',(-0.109872711996,-2.089210002947,
    -6.372926761853));
#4953 = CARTESIAN_POINT('',(-1.363146742515,-1.827060451805,
    -6.435862055501));
#4954 = CARTESIAN_POINT('',(-2.295680099337,-0.758095561806,
    -6.500753140869));
#4955 = CARTESIAN_POINT('',(-2.296891940512,0.758079460732,
    -6.562876790555));
#4956 = CARTESIAN_POINT('',(-1.362333459209,1.827084765551,
    -6.62776787692));
#4957 = CARTESIAN_POINT('',(-0.110216689251,2.089196614152,
    -6.690703169442));
#4958 = CARTESIAN_POINT('',(0.915001214988,1.62987349759,-6.754582001235
    ));
#4959 = CARTESIAN_POINT('',(1.427052658986,0.81518378832,-6.818180006044
    ));
#4960 = CARTESIAN_POINT('',(1.42705085399,4.466849399254E-07,
    -6.881814033693));
#4961 = CARTESIAN_POINT('',(1.449403531256,5.295295943397E-07,
    -6.150821183428));
#4962 = CARTESIAN_POINT('',(1.449401940791,-0.827946977271,
    -6.214455331678));
#4963 = CARTESIAN_POINT('',(0.929268478543,-1.655423018214,
    -6.278055316892));
#4964 = CARTESIAN_POINT('',(-0.111618248008,-2.121849751631,
    -6.341921630634));
#4965 = CARTESIAN_POINT('',(-1.384445368232,-1.855846885818,
    -6.404893117234));
#4966 = CARTESIAN_POINT('',(-2.331700999507,-0.769728529294,
    -6.469719427195));
#4967 = CARTESIAN_POINT('',(-2.332814482277,0.76971368746,
    -6.531921171236));
#4968 = CARTESIAN_POINT('',(-1.383698143231,1.855869197498,
    -6.596747482113));
#4969 = CARTESIAN_POINT('',(-0.111934345529,2.121837447399,
    -6.659718967678));
#4970 = CARTESIAN_POINT('',(0.929331286537,1.655426007568,
    -6.723585281964));
#4971 = CARTESIAN_POINT('',(1.449403671482,0.827947930426,
    -6.787185267062));
#4972 = CARTESIAN_POINT('',(1.449402020548,4.236245674527E-07,
    -6.850819415308));
#4973 = CARTESIAN_POINT('',(1.481121045021,4.886249195812E-07,
    -6.132508157756));
#4974 = CARTESIAN_POINT('',(1.481119530006,-0.846060135241,
    -6.196142477139));
#4975 = CARTESIAN_POINT('',(0.949609299903,-1.691683823076,
    -6.259745272491));
#4976 = CARTESIAN_POINT('',(-0.114083754587,-2.168167963021,
    -6.323593823188));
#4977 = CARTESIAN_POINT('',(-1.414696780457,-1.896695715195,
    -6.386616669799));
#4978 = CARTESIAN_POINT('',(-2.382776100577,-0.78623689579,
    -6.451351059532));
#4979 = CARTESIAN_POINT('',(-2.383831446682,0.786222867128,
    -6.513663624154));
#4980 = CARTESIAN_POINT('',(-1.413988530149,1.89671688498,
    -6.578398014756));
#4981 = CARTESIAN_POINT('',(-0.114383316829,2.168156302924,
    -6.641420860385));
#4982 = CARTESIAN_POINT('',(0.949668856588,1.691686641075,
    -6.705269411597));
#4983 = CARTESIAN_POINT('',(1.481121183987,0.846061014767,-6.76887220684
    ));
#4984 = CARTESIAN_POINT('',(1.481119613173,3.909007791347E-07,
    -6.832506526218));
#4985 = ADVANCED_FACE('',(#4986),#4996,.T.);
#4986 = FACE_BOUND('',#4987,.T.);
#4987 = EDGE_LOOP('',(#4988,#4989,#4990,#4991));
#4988 = ORIENTED_EDGE('',*,*,#4609,.F.);
#4989 = ORIENTED_EDGE('',*,*,#4578,.T.);
#4990 = ORIENTED_EDGE('',*,*,#4873,.T.);
#4991 = ORIENTED_EDGE('',*,*,#4992,.F.);
#4992 = EDGE_CURVE('',#4610,#4874,#4993,.T.);
#4993 = B_SPLINE_CURVE_WITH_KNOTS('',1,(#4994,#4995),.UNSPECIFIED.,.F.,
  .F.,(2,2),(0.,0.49),.PIECEWISE_BEZIER_KNOTS.);
#4994 = CARTESIAN_POINT('',(1.905479295414,-4.691573447761E-08,
    -7.252499216736));
#4995 = CARTESIAN_POINT('',(1.481122627527,3.908990845638E-07,
    -7.007506526192));
#4996 = B_SPLINE_SURFACE_WITH_KNOTS('',1,10,(
    (#4997,#4998,#4999,#5000,#5001,#5002,#5003,#5004,#5005,#5006,#5007)
    ,(#5008,#5009,#5010,#5011,#5012,#5013,#5014,#5015,#5016,#5017,#5018
    )),.UNSPECIFIED.,.F.,.F.,.F.,(2,2),(11,11),(0.,0.49),(0.,
    6.322058019692),.PIECEWISE_BEZIER_KNOTS.);
#4997 = CARTESIAN_POINT('',(1.905482535837,-5.864673287252E-08,
    -6.552499020886));
#4998 = CARTESIAN_POINT('',(1.905478032852,-1.197242865311,
    -6.622499290828));
#4999 = CARTESIAN_POINT('',(1.069744346027,-2.39451353499,
    -6.692504185997));
#5000 = CARTESIAN_POINT('',(-0.603222235381,-2.932109478323,
    -6.762484817654));
#5001 = CARTESIAN_POINT('',(-2.514388666149,-2.178617670608,
    -6.832513777647));
#5002 = CARTESIAN_POINT('',(-3.526372703861,-6.782666079985E-05,
    -6.902499117025));
#5003 = CARTESIAN_POINT('',(-2.513891912276,2.178718029556,
    -6.972484462823));
#5004 = CARTESIAN_POINT('',(-0.603700428498,2.932071102323,
    -7.042513418607));
#5005 = CARTESIAN_POINT('',(1.069910730023,2.3945197103,-7.11249405193)
  );
#5006 = CARTESIAN_POINT('',(1.905483791027,1.19724275975,-7.182498946813
    ));
#5007 = CARTESIAN_POINT('',(1.905479295414,-4.691573447761E-08,
    -7.252499216736));
#5008 = CARTESIAN_POINT('',(1.481124812963,4.886223220659E-07,
    -6.307508157715));
#5009 = CARTESIAN_POINT('',(1.481122107805,-0.930668327891,
    -6.377505909059));
#5010 = CARTESIAN_POINT('',(0.831478521804,-1.86080239103,
    -6.447465131407));
#5011 = CARTESIAN_POINT('',(-0.468734750463,-2.280126478387,
    -6.517626470843));
#5012 = CARTESIAN_POINT('',(-1.954769521145,-1.692471961621,
    -6.587385240131));
#5013 = CARTESIAN_POINT('',(-2.740564796515,-4.66245265951E-05,
    -6.657507340752));
#5014 = CARTESIAN_POINT('',(-1.954435585034,1.692538393052,
    -6.727629445692));
#5015 = CARTESIAN_POINT('',(-0.469058718509,2.280100295019,
    -6.797388212147));
#5016 = CARTESIAN_POINT('',(0.831589540311,1.860807089704,
    -6.867549552709));
#5017 = CARTESIAN_POINT('',(1.481125394061,0.930669207413,
    -6.937508774858));
#5018 = CARTESIAN_POINT('',(1.481122627527,3.908990845638E-07,
    -7.007506526192));
#5019 = ADVANCED_FACE('',(#5020),#5218,.T.);
#5020 = FACE_BOUND('',#5021,.F.);
#5021 = EDGE_LOOP('',(#5022,#5109,#5110,#5212));
#5022 = ORIENTED_EDGE('',*,*,#5023,.F.);
#5023 = EDGE_CURVE('',#4610,#5024,#5026,.T.);
#5024 = VERTEX_POINT('',#5025);
#5025 = CARTESIAN_POINT('',(1.86,1.59628829166E-12,-7.926244583296));
#5026 = B_SPLINE_CURVE_WITH_KNOTS('',6,(#5027,#5028,#5029,#5030,#5031,
    #5032,#5033,#5034,#5035,#5036,#5037,#5038,#5039,#5040,#5041,#5042,
    #5043,#5044,#5045,#5046,#5047,#5048,#5049,#5050,#5051,#5052,#5053,
    #5054,#5055,#5056,#5057,#5058,#5059,#5060,#5061,#5062,#5063,#5064,
    #5065,#5066,#5067,#5068,#5069,#5070,#5071,#5072,#5073,#5074,#5075,
    #5076,#5077,#5078,#5079,#5080,#5081,#5082,#5083,#5084,#5085,#5086,
    #5087,#5088,#5089,#5090,#5091,#5092,#5093,#5094,#5095,#5096,#5097,
    #5098,#5099,#5100,#5101,#5102,#5103,#5104,#5105,#5106,#5107,#5108),
  .UNSPECIFIED.,.F.,.F.,(7,5,5,5,5,5,5,5,5,5,5,5,5,5,5,5,7),(0.,
    5.500049793291E-02,0.125001695572,0.225966095179,0.26383530605,
    0.317837551635,0.370841732451,0.400460747084,0.496559517224,
    0.597430447104,0.711260370526,0.737849974033,0.754423325357,
    0.856423367697,0.873422773533,0.966419998329,1.),.UNSPECIFIED.);
#5027 = CARTESIAN_POINT('',(1.86,5.891509502476E-12,-7.226242777777));
#5028 = CARTESIAN_POINT('',(1.86,-0.107124493875,-7.232659449394));
#5029 = CARTESIAN_POINT('',(1.852596164026,-0.214251253736,
    -7.239075717872));
#5030 = CARTESIAN_POINT('',(1.837788798025,-0.320735085869,
    -7.245492414793));
#5031 = CARTESIAN_POINT('',(1.815651809471,-0.42593915588,
    -7.251910265514));
#5032 = CARTESIAN_POINT('',(1.786331661352,-0.529239584599,
    -7.25832945959));
#5033 = CARTESIAN_POINT('',(1.70386461842,-0.758309843849,
    -7.272919892678));
#5034 = CARTESIAN_POINT('',(1.646396579887,-0.882534960721,
    -7.281092206302));
#5035 = CARTESIAN_POINT('',(1.578092301098,-1.001447737323,
    -7.289264327395));
#5036 = CARTESIAN_POINT('',(1.499583061221,-1.11388565954,
    -7.297435114541));
#5037 = CARTESIAN_POINT('',(1.411651697162,-1.218781662957,
    -7.305604209018));
#5038 = CARTESIAN_POINT('',(1.176195265474,-1.454247535122,
    -7.325548834795));
#5039 = CARTESIAN_POINT('',(1.019467535592,-1.575697120115,
    -7.337325185507));
#5040 = CARTESIAN_POINT('',(0.847924168843,-1.676646934897,
    -7.349092623782));
#5041 = CARTESIAN_POINT('',(0.664947574586,-1.754986932298,
    -7.360858072139));
#5042 = CARTESIAN_POINT('',(0.474240795761,-1.809244666427,
    -7.372629034404));
#5043 = CARTESIAN_POINT('',(0.20691223765,-1.849926363554,
    -7.388815818858));
#5044 = CARTESIAN_POINT('',(0.13346542483,-1.857553131606,-7.3932315429)
  );
#5045 = CARTESIAN_POINT('',(5.969778701065E-02,-1.861678557961,
    -7.397647851586));
#5046 = CARTESIAN_POINT('',(-1.418253709523E-02,-1.862287698717,
    -7.402064780949));
#5047 = CARTESIAN_POINT('',(-8.796688095371E-02,-1.859382156192,
    -7.406482323751));
#5048 = CARTESIAN_POINT('',(-0.26622880254,-1.843850589786,
    -7.417200735857));
#5049 = CARTESIAN_POINT('',(-0.370394111968,-1.827610427783,
    -7.423502330178));
#5050 = CARTESIAN_POINT('',(-0.473334443371,-1.804312747354,
    -7.429804814215));
#5051 = CARTESIAN_POINT('',(-0.574455135577,-1.774078100887,
    -7.436108047843));
#5052 = CARTESIAN_POINT('',(-0.673178868538,-1.737093296411,
    -7.442411824928));
#5053 = CARTESIAN_POINT('',(-0.862951356381,-1.650930863918,
    -7.454902768606));
#5054 = CARTESIAN_POINT('',(-0.954111828445,-1.601989598063,
    -7.461090176139));
#5055 = CARTESIAN_POINT('',(-1.041906567453,-1.547024968319,
    -7.46727721067));
#5056 = CARTESIAN_POINT('',(-1.125842577486,-1.486330607036,
    -7.473463746406));
#5057 = CARTESIAN_POINT('',(-1.205462367903,-1.420252925648,
    -7.479649751173));
#5058 = CARTESIAN_POINT('',(-1.322193666626,-1.309477749698,
    -7.489291263332));
#5059 = CARTESIAN_POINT('',(-1.36256195539,-1.268209147806,
    -7.492747365791));
#5060 = CARTESIAN_POINT('',(-1.401379624807,-1.225451996994,
    -7.496203245915));
#5061 = CARTESIAN_POINT('',(-1.438578623288,-1.18127941419,
    -7.499658907341));
#5062 = CARTESIAN_POINT('',(-1.474095564436,-1.135768602578,
    -7.503114363517));
#5063 = CARTESIAN_POINT('',(-1.617458346538,-0.937263077514,
    -7.517780260431));
#5064 = CARTESIAN_POINT('',(-1.708743828307,-0.772261041347,
    -7.528991267282));
#5065 = CARTESIAN_POINT('',(-1.77966596339,-0.596822823234,
    -7.540198492505));
#5066 = CARTESIAN_POINT('',(-1.828855904962,-0.414097855081,
    -7.551406448122));
#5067 = CARTESIAN_POINT('',(-1.855508206891,-0.227423629478,
    -7.562618870389));
#5068 = CARTESIAN_POINT('',(-1.863819959899,0.156118809119,
    -7.585599233605));
#5069 = CARTESIAN_POINT('',(-1.843181330226,0.353124879478,
    -7.597372499527));
#5070 = CARTESIAN_POINT('',(-1.797538134151,0.546663750014,
    -7.609144114675));
#5071 = CARTESIAN_POINT('',(-1.72770155643,0.732846317333,
    -7.620915835298));
#5072 = CARTESIAN_POINT('',(-1.635162115414,0.907989145919,
    -7.632688845971));
#5073 = CARTESIAN_POINT('',(-1.394872652297,1.250233822803,
    -7.65773546981));
#5074 = CARTESIAN_POINT('',(-1.241468990078,1.413536823836,
    -7.671016467774));
#5075 = CARTESIAN_POINT('',(-1.065400200215,1.553854774217,
    -7.684286801739));
#5076 = CARTESIAN_POINT('',(-0.871052685691,1.667512445243,
    -7.697554037543));
#5077 = CARTESIAN_POINT('',(-0.663435411513,1.751744030578,
    -7.710829389988));
#5078 = CARTESIAN_POINT('',(-0.398001942155,1.817656872135,
    -7.72720442622));
#5079 = CARTESIAN_POINT('',(-0.347322867889,1.828458665192,
    -7.73030540507));
#5080 = CARTESIAN_POINT('',(-0.296297086594,1.83756365887,
    -7.733406645043));
#5081 = CARTESIAN_POINT('',(-0.244995577891,1.844958376429,
    -7.736508168352));
#5082 = CARTESIAN_POINT('',(-0.193489965436,1.850633312918,
    -7.739609988053));
#5083 = CARTESIAN_POINT('',(-0.109666795333,1.857044742372,
    -7.744645665441));
#5084 = CARTESIAN_POINT('',(-7.742979187718E-02,1.858836261798,
    -7.746579341198));
#5085 = CARTESIAN_POINT('',(-4.515898784647E-02,1.85995615789,
    -7.748513135394));
#5086 = CARTESIAN_POINT('',(-1.287187064699E-02,1.860403702487,
    -7.750447046994));
#5087 = CARTESIAN_POINT('',(1.941406619946E-02,1.860178774836,
    -7.752381073851));
#5088 = CARTESIAN_POINT('',(0.250268893023,1.853761844122,
    -7.766218794633));
#5089 = CARTESIAN_POINT('',(0.448201126697,1.822787067197,
    -7.778129643493));
#5090 = CARTESIAN_POINT('',(0.641281081926,1.76645117732,-7.790040356038
    ));
#5091 = CARTESIAN_POINT('',(0.825536238768,1.685802168039,
    -7.801950890382));
#5092 = CARTESIAN_POINT('',(0.997244919958,1.582583769414,
    -7.813860538989));
#5093 = CARTESIAN_POINT('',(1.179105399441,1.438890800411,
    -7.827745967438));
#5094 = CARTESIAN_POINT('',(1.204646212774,1.417808889803,-7.82972940823
    ));
#5095 = CARTESIAN_POINT('',(1.229733708928,1.396183747579,
    -7.831712714362));
#5096 = CARTESIAN_POINT('',(1.254353488928,1.374027608517,
    -7.833695885952));
#5097 = CARTESIAN_POINT('',(1.278491604391,1.351353207914,
    -7.835678926178));
#5098 = CARTESIAN_POINT('',(1.431476079747,1.20136803663,-7.848509608752
    ));
#5099 = CARTESIAN_POINT('',(1.546022045285,1.059424904467,
    -7.859355582858));
#5100 = CARTESIAN_POINT('',(1.643501692411,0.904552077027,-7.8701963565)
  );
#5101 = CARTESIAN_POINT('',(1.722190461533,0.739339534527,
    -7.881038027388));
#5102 = CARTESIAN_POINT('',(1.780825616884,0.56662836719,-7.891886948675
    ));
#5103 = CARTESIAN_POINT('',(1.832453590025,0.325563198767,
    -7.906654235657));
#5104 = CARTESIAN_POINT('',(1.843451660583,0.261032063655,
    -7.910572250218));
#5105 = CARTESIAN_POINT('',(1.851720673999,0.19606554191,-7.914490508924
    ));
#5106 = CARTESIAN_POINT('',(1.85724020271,0.130807704032,-7.918408827855
    ));
#5107 = CARTESIAN_POINT('',(1.86,6.540374814654E-02,-7.922326957608));
#5108 = CARTESIAN_POINT('',(1.86,3.188782571328E-12,-7.926244583296));
#5109 = ORIENTED_EDGE('',*,*,#4809,.T.);
#5110 = ORIENTED_EDGE('',*,*,#5111,.T.);
#5111 = EDGE_CURVE('',#4703,#5112,#5114,.T.);
#5112 = VERTEX_POINT('',#5113);
#5113 = CARTESIAN_POINT('',(1.86,9.687737732108E-14,-8.013750565617));
#5114 = B_SPLINE_CURVE_WITH_KNOTS('',6,(#5115,#5116,#5117,#5118,#5119,
    #5120,#5121,#5122,#5123,#5124,#5125,#5126,#5127,#5128,#5129,#5130,
    #5131,#5132,#5133,#5134,#5135,#5136,#5137,#5138,#5139,#5140,#5141,
    #5142,#5143,#5144,#5145,#5146,#5147,#5148,#5149,#5150,#5151,#5152,
    #5153,#5154,#5155,#5156,#5157,#5158,#5159,#5160,#5161,#5162,#5163,
    #5164,#5165,#5166,#5167,#5168,#5169,#5170,#5171,#5172,#5173,#5174,
    #5175,#5176,#5177,#5178,#5179,#5180,#5181,#5182,#5183,#5184,#5185,
    #5186,#5187,#5188,#5189,#5190,#5191,#5192,#5193,#5194,#5195,#5196,
    #5197,#5198,#5199,#5200,#5201,#5202,#5203,#5204,#5205,#5206,#5207,
    #5208,#5209,#5210,#5211),.UNSPECIFIED.,.F.,.F.,(7,5,5,5,5,5,5,5,5,5,
    5,5,5,5,5,5,5,5,5,7),(0.,2.502454320633E-02,4.84049429521E-02,
    0.127403186558,0.141375499839,0.18737841446,0.262378424823,
    0.299575867756,0.357577995533,0.401926823979,0.494535911037,
    0.598653648999,0.685419230433,0.73042006799,0.788318596481,
    0.84032084506,0.873144357914,0.944114181605,0.973113426433,1.),
  .UNSPECIFIED.);
#5115 = CARTESIAN_POINT('',(1.86,5.082601006734E-13,-7.313750848431));
#5116 = CARTESIAN_POINT('',(1.86,-4.874137840809E-02,-7.316670295953));
#5117 = CARTESIAN_POINT('',(1.858467271161,-9.748281787974E-02,
    -7.319589928359));
#5118 = CARTESIAN_POINT('',(1.855401826409,-0.146163858357,
    -7.322509647151));
#5119 = CARTESIAN_POINT('',(1.850806829046,-0.194724312996,
    -7.325429367018));
#5120 = CARTESIAN_POINT('',(1.844688592747,-0.243104268162,
    -7.328349015834));
#5121 = CARTESIAN_POINT('',(1.82992600296,-0.336221053264,
    -7.333996237477));
#5122 = CARTESIAN_POINT('',(1.821474006626,-0.380988528355,
    -7.336723831902));
#5123 = CARTESIAN_POINT('',(1.811708316936,-0.425497866031,
    -7.339451274338));
#5124 = CARTESIAN_POINT('',(1.800638994882,-0.469700986774,
    -7.342178538979));
#5125 = CARTESIAN_POINT('',(1.788278438073,-0.513550374232,
    -7.344905617799));
#5126 = CARTESIAN_POINT('',(1.728564171213,-0.703804566214,
    -7.356846243619));
#5127 = CARTESIAN_POINT('',(1.667909341984,-0.846049959962,
    -7.366058824557));
#5128 = CARTESIAN_POINT('',(1.593249098781,-0.981894969376,
    -7.375268647479));
#5129 = CARTESIAN_POINT('',(1.505457681686,-1.109648851576,
    -7.384479179118));
#5130 = CARTESIAN_POINT('',(1.405652233531,-1.227769397598,
    -7.393693119301));
#5131 = CARTESIAN_POINT('',(1.275688362621,-1.353868473371,
    -7.404538955537));
#5132 = CARTESIAN_POINT('',(1.255823668458,-1.372476656009,
    -7.406169035566));
#5133 = CARTESIAN_POINT('',(1.2356337496,-1.39073460365,-7.407799204926)
  );
#5134 = CARTESIAN_POINT('',(1.215126342187,-1.408635236705,
    -7.409429464779));
#5135 = CARTESIAN_POINT('',(1.194309395275,-1.426171697821,
    -7.411059814442));
#5136 = CARTESIAN_POINT('',(1.1036603885,-1.499854129159,-7.418058356889
    ));
#5137 = CARTESIAN_POINT('',(1.03086178971,-1.552352014764,
    -7.423427476878));
#5138 = CARTESIAN_POINT('',(0.955087446217,-1.600593629127,
    -7.42879744607));
#5139 = CARTESIAN_POINT('',(0.876649772399,-1.644371574553,
    -7.434168148394));
#5140 = CARTESIAN_POINT('',(0.795879651735,-1.683509468856,
    -7.439539387359));
#5141 = CARTESIAN_POINT('',(0.57820658163,-1.773870595862,
    -7.453667869694));
#5142 = CARTESIAN_POINT('',(0.438000100604,-1.817166814707,
    -7.462426146464));
#5143 = CARTESIAN_POINT('',(0.294024981396,-1.847116838179,
    -7.471182938742));
#5144 = CARTESIAN_POINT('',(0.147866753573,-1.86335032065,
    -7.479937701338));
#5145 = CARTESIAN_POINT('',(1.147474399046E-03,-1.865727240362,
    -7.488690724919));
#5146 = CARTESIAN_POINT('',(-0.216723267883,-1.848750969886,
    -7.501780421063));
#5147 = CARTESIAN_POINT('',(-0.288692639293,-1.839746358887,
    -7.50611954495));
#5148 = CARTESIAN_POINT('',(-0.360201101469,-1.827380888803,
    -7.510458113935));
#5149 = CARTESIAN_POINT('',(-0.431053246292,-1.8116852009,
    -7.514796177407));
#5150 = CARTESIAN_POINT('',(-0.501056644621,-1.79270506274,
    -7.519133813494));
#5151 = CARTESIAN_POINT('',(-0.677559572652,-1.735879054741,
    -7.5302343233));
#5152 = CARTESIAN_POINT('',(-0.782576869674,-1.69341748044,
    -7.536996926199));
#5153 = CARTESIAN_POINT('',(-0.884353536988,-1.643348765826,
    -7.543758937168));
#5154 = CARTESIAN_POINT('',(-0.982206622253,-1.585988551752,
    -7.550521026901));
#5155 = CARTESIAN_POINT('',(-1.075496362603,-1.521732848279,
    -7.5572838114));
#5156 = CARTESIAN_POINT('',(-1.231021341025,-1.397014022443,
    -7.569218403171));
#5157 = CARTESIAN_POINT('',(-1.295399454916,-1.339217037477,
    -7.57439014345));
#5158 = CARTESIAN_POINT('',(-1.356503501516,-1.277874894137,
    -7.579562350546));
#5159 = CARTESIAN_POINT('',(-1.414092049689,-1.213221175757,
    -7.584735127908));
#5160 = CARTESIAN_POINT('',(-1.467946369518,-1.145510841043,
    -7.589908521645));
#5161 = CARTESIAN_POINT('',(-1.622125307697,-0.927818097619,
    -7.605886363982));
#5162 = CARTESIAN_POINT('',(-1.709266658354,-0.768459141279,
    -7.616694415817));
#5163 = CARTESIAN_POINT('',(-1.777478093214,-0.599486361193,
    -7.627501887299));
#5164 = CARTESIAN_POINT('',(-1.825536573055,-0.423717784564,
    -7.638309419288));
#5165 = CARTESIAN_POINT('',(-1.852709691985,-0.244136203186,
    -7.649117938655));
#5166 = CARTESIAN_POINT('',(-1.865866395228,0.138806512403,
    -7.672071015673));
#5167 = CARTESIAN_POINT('',(-1.846314897244,0.342447576809,
    -7.684220440105));
#5168 = CARTESIAN_POINT('',(-1.800069397177,0.542590399728,
    -7.696363592799));
#5169 = CARTESIAN_POINT('',(-1.728003765124,0.734951936061,
    -7.708505672035));
#5170 = CARTESIAN_POINT('',(-1.631755486906,0.915478129972,
    -7.720653186015));
#5171 = CARTESIAN_POINT('',(-1.415766440601,1.218099239102,
    -7.742921857809));
#5172 = CARTESIAN_POINT('',(-1.30257743222,1.344969866397,-7.75304705554
    ));
#5173 = CARTESIAN_POINT('',(-1.175858855368,1.459063073738,
    -7.763172869257));
#5174 = CARTESIAN_POINT('',(-1.037443207568,1.558641418464,
    -7.773300876815));
#5175 = CARTESIAN_POINT('',(-0.889417635537,1.642283875715,
    -7.783431362983));
#5176 = CARTESIAN_POINT('',(-0.65360741295,1.743582489749,
    -7.798813143756));
#5177 = CARTESIAN_POINT('',(-0.571116563097,1.773624133519,
    -7.804066238952));
#5178 = CARTESIAN_POINT('',(-0.48699236017,1.798973026841,
    -7.809318941411));
#5179 = CARTESIAN_POINT('',(-0.401568811014,1.819521671383,
    -7.814571110992));
#5180 = CARTESIAN_POINT('',(-0.31518853267,1.835194447597,
    -7.819822641761));
#5181 = CARTESIAN_POINT('',(-0.116281965951,1.859783805084,
    -7.831828919689));
#5182 = CARTESIAN_POINT('',(-3.353353876671E-03,1.865476936679,
    -7.838583381697));
#5183 = CARTESIAN_POINT('',(0.109838025326,1.862935481597,
    -7.845336114788));
#5184 = CARTESIAN_POINT('',(0.222544069614,1.8521581476,-7.852087358019)
  );
#5185 = CARTESIAN_POINT('',(0.334021952843,1.833233990681,
    -7.858837585542));
#5186 = CARTESIAN_POINT('',(0.541906240907,1.78218876372,-7.871648878024
    ));
#5187 = CARTESIAN_POINT('',(0.63869538606,1.751606985352,-7.877710365785
    ));
#5188 = CARTESIAN_POINT('',(0.733379429564,1.71472665502,-7.883771471424
    ));
#5189 = CARTESIAN_POINT('',(0.82544926091,1.671733392077,-7.889832777552
    ));
#5190 = CARTESIAN_POINT('',(0.914418898724,1.622867039508,
    -7.895894860042));
#5191 = CARTESIAN_POINT('',(1.05373940803,1.534053664861,-7.905784701931
    ));
#5192 = CARTESIAN_POINT('',(1.106232471736,1.497463354169,
    -7.909611985034));
#5193 = CARTESIAN_POINT('',(1.15719305585,1.458722719321,-7.913439738386
    ));
#5194 = CARTESIAN_POINT('',(1.206511806587,1.417912550936,-7.9172680119)
  );
#5195 = CARTESIAN_POINT('',(1.254085185628,1.375120972171,
    -7.921096822427));
#5196 = CARTESIAN_POINT('',(1.39869185309,1.233843276345,-7.93320579679)
  );
#5197 = CARTESIAN_POINT('',(1.488958863002,1.12841960438,-7.941488389715
    ));
#5198 = CARTESIAN_POINT('',(1.569617955878,1.015144434792,
    -7.949772662364));
#5199 = CARTESIAN_POINT('',(1.639842803975,0.895122229075,
    -7.958058177295));
#5200 = CARTESIAN_POINT('',(1.698966020087,0.769559426493,
    -7.966343629934));
#5201 = CARTESIAN_POINT('',(1.765938785283,0.586728601563,
    -7.978011840298));
#5202 = CARTESIAN_POINT('',(1.783433791304,0.532984564817,
    -7.981396338203));
#5203 = CARTESIAN_POINT('',(1.798963867801,0.478620754367,
    -7.984780527121));
#5204 = CARTESIAN_POINT('',(1.812502177975,0.423726941245,
    -7.988164382998));
#5205 = CARTESIAN_POINT('',(1.824027378373,0.368394367833,
    -7.991547924775));
#5206 = CARTESIAN_POINT('',(1.842328033315,0.261093461799,
    -7.998068022447));
#5207 = CARTESIAN_POINT('',(1.849388390371,0.209173500926,
    -8.001204618032));
#5208 = CARTESIAN_POINT('',(1.854692079352,0.157029730479,
    -8.004341059338));
#5209 = CARTESIAN_POINT('',(1.858230687498,0.104736401426,
    -8.007477439634));
#5210 = CARTESIAN_POINT('',(1.86,5.236815045871E-02,-8.010613887258));
#5211 = CARTESIAN_POINT('',(1.86,2.051692149507E-13,-8.013750565617));
#5212 = ORIENTED_EDGE('',*,*,#5213,.F.);
#5213 = EDGE_CURVE('',#5024,#5112,#5214,.T.);
#5214 = LINE('',#5215,#5216);
#5215 = CARTESIAN_POINT('',(1.86,0.,-0.2));
#5216 = VECTOR('',#5217,1.);
#5217 = DIRECTION('',(-2.523234146875E-17,0.,-1.));
#5218 = CYLINDRICAL_SURFACE('',#5219,1.86);
#5219 = AXIS2_PLACEMENT_3D('',#5220,#5221,#5222);
#5220 = CARTESIAN_POINT('',(0.,0.,-0.2));
#5221 = DIRECTION('',(-0.,-0.,-1.));
#5222 = DIRECTION('',(1.,0.,0.));
#5223 = ADVANCED_FACE('',(#5224),#5250,.T.);
#5224 = FACE_BOUND('',#5225,.T.);
#5225 = EDGE_LOOP('',(#5226,#5243,#5244,#5245));
#5226 = ORIENTED_EDGE('',*,*,#5227,.F.);
#5227 = EDGE_CURVE('',#4824,#5228,#5230,.T.);
#5228 = VERTEX_POINT('',#5229);
#5229 = CARTESIAN_POINT('',(1.481118181332,2.931762468709E-07,
    -7.532504894675));
#5230 = ( BOUNDED_CURVE() B_SPLINE_CURVE(11,(#5231,#5232,#5233,#5234,
    #5235,#5236,#5237,#5238,#5239,#5240,#5241,#5242),.UNSPECIFIED.,.F.,
.F.) B_SPLINE_CURVE_WITH_KNOTS((12,12),(0.,6.322058019692),
.PIECEWISE_BEZIER_KNOTS.) CURVE() GEOMETRIC_REPRESENTATION_ITEM() 
RATIONAL_B_SPLINE_CURVE((1.056590953773,1.056590953773,1.056590953773,
    1.056590953773,1.056590953773,1.056590953774,1.056590953773,
    1.056590953773,1.056590953773,1.056590953773,1.056590953773,
1.056590953773)) REPRESENTATION_ITEM('') );
#5231 = CARTESIAN_POINT('',(1.481119613173,3.909007639247E-07,
    -6.832506526218));
#5232 = CARTESIAN_POINT('',(1.481118042359,-0.846059415274,
    -6.896140845595));
#5233 = CARTESIAN_POINT('',(0.949608270144,-1.691682248809,
    -6.959743640819));
#5234 = CARTESIAN_POINT('',(-0.114083787101,-2.168165864435,
    -7.023592192319));
#5235 = CARTESIAN_POINT('',(-1.414695538037,-1.896693777945,
    -7.08661503661));
#5236 = CARTESIAN_POINT('',(-2.382773849628,-0.786235993217,
    -7.151349430494));
#5237 = CARTESIAN_POINT('',(-2.383829088828,0.786222279172,
    -7.213661990112));
#5238 = CARTESIAN_POINT('',(-1.413987039495,1.896715134154,
    -7.278396384865));
#5239 = CARTESIAN_POINT('',(-0.114383062458,2.16815421954,
    -7.341419228174));
#5240 = CARTESIAN_POINT('',(0.949668049978,1.691684941463,
    -7.405267780189));
#5241 = CARTESIAN_POINT('',(1.481119807945,0.846060099351,
    -7.468870575304));
#5242 = CARTESIAN_POINT('',(1.481118181332,2.931762662084E-07,
    -7.532504894675));
#5243 = ORIENTED_EDGE('',*,*,#4842,.T.);
#5244 = ORIENTED_EDGE('',*,*,#4702,.T.);
#5245 = ORIENTED_EDGE('',*,*,#5246,.F.);
#5246 = EDGE_CURVE('',#5228,#4703,#5247,.T.);
#5247 = B_SPLINE_CURVE_WITH_KNOTS('',1,(#5248,#5249),.UNSPECIFIED.,.F.,
  .F.,(2,2),(0.,0.49),.PIECEWISE_BEZIER_KNOTS.);
#5248 = CARTESIAN_POINT('',(1.481118181332,2.931762669232E-07,
    -7.532504894675));
#5249 = CARTESIAN_POINT('',(1.905467464078,-3.518183813425E-08,
    -7.287499412628));
#5250 = B_SPLINE_SURFACE_WITH_KNOTS('',1,10,(
    (#5251,#5252,#5253,#5254,#5255,#5256,#5257,#5258,#5259,#5260,#5261)
    ,(#5262,#5263,#5264,#5265,#5266,#5267,#5268,#5269,#5270,#5271,#5272
    )),.UNSPECIFIED.,.F.,.F.,.F.,(2,2),(11,11),(0.,0.49),(0.,
    6.322058019692),.PIECEWISE_BEZIER_KNOTS.);
#5251 = CARTESIAN_POINT('',(1.481119613173,3.909007656386E-07,
    -6.832506526218));
#5252 = CARTESIAN_POINT('',(1.481117885277,-0.930665395891,
    -6.902504277533));
#5253 = CARTESIAN_POINT('',(0.831495022337,-1.860797105012,
    -6.972463499326));
#5254 = CARTESIAN_POINT('',(-0.468788994513,-2.28011457115,
    -7.042624841013));
#5255 = CARTESIAN_POINT('',(-1.954705525105,-1.692477960918,
    -7.112383606737));
#5256 = CARTESIAN_POINT('',(-2.740555865488,-3.064702744382E-05,
    -7.182505709662));
#5257 = CARTESIAN_POINT('',(-1.954486862327,1.692521342883,
    -7.252627815408));
#5258 = CARTESIAN_POINT('',(-0.469001415696,2.28009738229,
    -7.322386579282));
#5259 = CARTESIAN_POINT('',(0.831567623172,1.860800244017,
    -7.392547921704));
#5260 = CARTESIAN_POINT('',(1.481119970606,0.930666079969,
    -7.462507143367));
#5261 = CARTESIAN_POINT('',(1.481118181332,2.931762669232E-07,
    -7.532504894675));
#5262 = CARTESIAN_POINT('',(1.905467840869,-4.690931046083E-08,
    -6.587499216835));
#5263 = CARTESIAN_POINT('',(1.905467292086,-1.197234521887,
    -6.65749948669));
#5264 = CARTESIAN_POINT('',(1.069810372907,-2.394499602224,
    -6.727504380305));
#5265 = CARTESIAN_POINT('',(-0.603429378058,-2.932072133064,
    -6.797485018347));
#5266 = CARTESIAN_POINT('',(-2.514151721873,-2.178646774412,
    -6.867513968034));
#5267 = CARTESIAN_POINT('',(-3.526348143683,-7.822124131529E-06,
    -6.937499314525));
#5268 = CARTESIAN_POINT('',(-2.514093880196,2.178658536032,
    -7.007484661759));
#5269 = CARTESIAN_POINT('',(-0.603484874271,2.932067692909,
    -7.077513610959));
#5270 = CARTESIAN_POINT('',(1.069829807562,2.394500281073,
    -7.147494249193));
#5271 = CARTESIAN_POINT('',(1.905468005495,1.197234439797,
    -7.217499142775));
#5272 = CARTESIAN_POINT('',(1.905467464078,-3.518183813425E-08,
    -7.287499412628));
#5273 = ADVANCED_FACE('',(#5274),#5304,.T.);
#5274 = FACE_BOUND('',#5275,.T.);
#5275 = EDGE_LOOP('',(#5276,#5292,#5293,#5294));
#5276 = ORIENTED_EDGE('',*,*,#5277,.F.);
#5277 = EDGE_CURVE('',#4874,#5278,#5280,.T.);
#5278 = VERTEX_POINT('',#5279);
#5279 = CARTESIAN_POINT('',(1.481120442099,2.931752596624E-07,
    -7.707504894661));
#5280 = B_SPLINE_CURVE_WITH_KNOTS('',10,(#5281,#5282,#5283,#5284,#5285,
    #5286,#5287,#5288,#5289,#5290,#5291),.UNSPECIFIED.,.F.,.F.,(11,11),(
    0.,6.322058019692),.PIECEWISE_BEZIER_KNOTS.);
#5281 = CARTESIAN_POINT('',(1.481122627527,3.908990726382E-07,
    -7.007506526192));
#5282 = CARTESIAN_POINT('',(1.481119860991,-0.930667052764,
    -7.077504277524));
#5283 = CARTESIAN_POINT('',(0.831477171869,-1.860799697306,
    -7.147463499635));
#5284 = CARTESIAN_POINT('',(-0.468734208116,-2.280123089686,
    -7.217624840003));
#5285 = CARTESIAN_POINT('',(-1.954766750955,-1.69246932915,-7.2873836079
    ));
#5286 = CARTESIAN_POINT('',(-2.740560749617,-4.644341408344E-05,
    -7.357505709224));
#5287 = CARTESIAN_POINT('',(-1.954432592006,1.692536018064,
    -7.427627814871));
#5288 = CARTESIAN_POINT('',(-0.469057874845,2.280096968381,
    -7.497386579931));
#5289 = CARTESIAN_POINT('',(0.831588435831,1.860804286215,
    -7.567547921426));
#5290 = CARTESIAN_POINT('',(1.481123270012,0.930667736838,
    -7.637507143339));
#5291 = CARTESIAN_POINT('',(1.481120442099,2.931752782482E-07,
    -7.707504894661));
#5292 = ORIENTED_EDGE('',*,*,#4891,.T.);
#5293 = ORIENTED_EDGE('',*,*,#5227,.T.);
#5294 = ORIENTED_EDGE('',*,*,#5295,.F.);
#5295 = EDGE_CURVE('',#5278,#5228,#5296,.T.);
#5296 = ( BOUNDED_CURVE() B_SPLINE_CURVE(6,(#5297,#5298,#5299,#5300,
#5301,#5302,#5303),.UNSPECIFIED.,.F.,.F.) B_SPLINE_CURVE_WITH_KNOTS((7,7
),(0.,2.094395102393),.PIECEWISE_BEZIER_KNOTS.) CURVE() 
GEOMETRIC_REPRESENTATION_ITEM() RATIONAL_B_SPLINE_CURVE((1.056590953773,
    1.017435169568,0.996326512422,0.989390034249,0.996326512422,
1.017435169568,1.056590953773)) REPRESENTATION_ITEM('') );
#5297 = CARTESIAN_POINT('',(1.481120442099,2.931752782764E-07,
    -7.707504894661));
#5298 = CARTESIAN_POINT('',(1.449402297473,3.177183682257E-07,
    -7.68919296166));
#5299 = CARTESIAN_POINT('',(1.427050196637,3.350140539982E-07,
    -7.658199017032));
#5300 = CARTESIAN_POINT('',(1.418970869284,3.412655870394E-07,
    -7.620005697543));
#5301 = CARTESIAN_POINT('',(1.427049209821,3.350144857917E-07,
    -7.581812169318));
#5302 = CARTESIAN_POINT('',(1.449400509849,3.177191478798E-07,
    -7.550817647182));
#5303 = CARTESIAN_POINT('',(1.481118181332,2.931762662084E-07,
    -7.532504894675));
#5304 = ( BOUNDED_SURFACE() B_SPLINE_SURFACE(6,11,(
    (#5305,#5306,#5307,#5308,#5309,#5310,#5311,#5312,#5313,#5314,#5315
      ,#5316)
    ,(#5317,#5318,#5319,#5320,#5321,#5322,#5323,#5324,#5325,#5326,#5327
      ,#5328)
    ,(#5329,#5330,#5331,#5332,#5333,#5334,#5335,#5336,#5337,#5338,#5339
      ,#5340)
    ,(#5341,#5342,#5343,#5344,#5345,#5346,#5347,#5348,#5349,#5350,#5351
      ,#5352)
    ,(#5353,#5354,#5355,#5356,#5357,#5358,#5359,#5360,#5361,#5362,#5363
      ,#5364)
    ,(#5365,#5366,#5367,#5368,#5369,#5370,#5371,#5372,#5373,#5374,#5375
      ,#5376)
    ,(#5377,#5378,#5379,#5380,#5381,#5382,#5383,#5384,#5385,#5386,#5387
,#5388
    )),.UNSPECIFIED.,.F.,.F.,.F.) B_SPLINE_SURFACE_WITH_KNOTS((7,7),(12,
    12),(0.,2.094395102393),(0.,6.322058019692),
.PIECEWISE_BEZIER_KNOTS.) GEOMETRIC_REPRESENTATION_ITEM() 
RATIONAL_B_SPLINE_SURFACE((
    (1.056590953773,1.056590953773,1.056590953773,1.056590953773
      ,1.056590953773,1.056590953774,1.056590953773,1.056590953773
      ,1.056590953773,1.056590953773,1.056590953773,1.056590953773)
    ,(1.017435169568,1.017435169568,1.017435169568,1.017435169568
      ,1.017435169568,1.017435169568,1.017435169568,1.017435169568
      ,1.017435169568,1.017435169568,1.017435169568,1.017435169568)
    ,(0.996326512422,0.996326512422,0.996326512422,0.996326512422
      ,0.996326512422,0.996326512423,0.996326512421,0.996326512423
      ,0.996326512422,0.996326512422,0.996326512422,0.996326512422)
    ,(0.989390034249,0.989390034249,0.989390034248,0.989390034249
      ,0.989390034248,0.989390034249,0.989390034248,0.989390034249
      ,0.989390034248,0.989390034249,0.989390034249,0.989390034249)
    ,(0.996326512422,0.996326512422,0.996326512422,0.996326512422
      ,0.996326512422,0.996326512423,0.996326512422,0.996326512423
      ,0.996326512422,0.996326512422,0.996326512422,0.996326512422)
    ,(1.017435169568,1.017435169568,1.017435169568,1.017435169568
      ,1.017435169568,1.017435169568,1.017435169568,1.017435169568
      ,1.017435169568,1.017435169568,1.017435169568,1.017435169568)
    ,(1.056590953773,1.056590953773,1.056590953773,1.056590953773
      ,1.056590953773,1.056590953774,1.056590953773,1.056590953773
      ,1.056590953773,1.056590953773,1.056590953773,1.056590953773
))) REPRESENTATION_ITEM('') SURFACE() );
#5305 = CARTESIAN_POINT('',(1.481122627527,3.908990749146E-07,
    -7.007506526192));
#5306 = CARTESIAN_POINT('',(1.481120112494,-0.846060921521,
    -7.071140845585));
#5307 = CARTESIAN_POINT('',(0.949594024437,-1.691684671026,
    -7.13474364107));
#5308 = CARTESIAN_POINT('',(-0.114005499007,-2.168172766628,
    -7.198592190958));
#5309 = CARTESIAN_POINT('',(-1.414884730922,-1.896691383027,
    -7.261615039779));
#5310 = CARTESIAN_POINT('',(-2.382500498441,-0.786240685228,
    -7.32634942579));
#5311 = CARTESIAN_POINT('',(-2.384110929761,0.786220332829,
    -7.388661994623));
#5312 = CARTESIAN_POINT('',(-1.41380288113,1.896724322769,
    -7.453396381962));
#5313 = CARTESIAN_POINT('',(-0.114461759229,2.168155020837,
    -7.516419229283));
#5314 = CARTESIAN_POINT('',(0.949685678409,1.691688549965,
    -7.580267779956));
#5315 = CARTESIAN_POINT('',(1.481123012929,0.846061605596,
    -7.643870575278));
#5316 = CARTESIAN_POINT('',(1.481120442099,2.931752782764E-07,
    -7.707504894661));
#5317 = CARTESIAN_POINT('',(1.449404404047,4.236232144239E-07,
    -6.989194729777));
#5318 = CARTESIAN_POINT('',(1.449402006504,-0.827947411465,
    -7.052828878033));
#5319 = CARTESIAN_POINT('',(0.929256124565,-1.655423274325,
    -7.116428863318));
#5320 = CARTESIAN_POINT('',(-0.111556382766,-2.121852994922,
    -7.180295176634));
#5321 = CARTESIAN_POINT('',(-1.384593658796,-1.855842945504,
    -7.243266664367));
#5322 = CARTESIAN_POINT('',(-2.331482482938,-0.769731282554,
    -7.308092972483));
#5323 = CARTESIAN_POINT('',(-2.33303484919,0.769711532622,
    -7.370294718531));
#5324 = CARTESIAN_POINT('',(-1.383550949944,1.8558746185,-7.435121027925
    ));
#5325 = CARTESIAN_POINT('',(-0.111996299842,2.121835883087,
    -7.498092514214));
#5326 = CARTESIAN_POINT('',(0.929344377781,1.655427065855,
    -7.561958828286));
#5327 = CARTESIAN_POINT('',(1.449404755484,0.827948152806,
    -7.625558813413));
#5328 = CARTESIAN_POINT('',(1.449402297473,3.177183682257E-07,
    -7.68919296166));
#5329 = CARTESIAN_POINT('',(1.427052169744,4.466841903861E-07,
    -6.958200881402));
#5330 = CARTESIAN_POINT('',(1.427049952599,-0.815182613475,
    -7.021834909056));
#5331 = CARTESIAN_POINT('',(0.914925420971,-1.629869514082,
    -7.085432913958));
#5332 = CARTESIAN_POINT('',(-0.109838576069,-2.089210605986,
    -7.149311745379));
#5333 = CARTESIAN_POINT('',(-1.363227897153,-1.827057182426,
    -7.212247038339));
#5334 = CARTESIAN_POINT('',(-2.29555819752,-0.758096574314,
    -7.277138125038));
#5335 = CARTESIAN_POINT('',(-2.297012255827,0.758077935139,-7.339261773)
  );
#5336 = CARTESIAN_POINT('',(-1.362251363757,1.82708676537,
    -7.404152860896));
#5337 = CARTESIAN_POINT('',(-0.110250748808,2.089194571543,
    -7.467088152504));
#5338 = CARTESIAN_POINT('',(0.915007982887,1.62987312139,-7.530966984633
    ));
#5339 = CARTESIAN_POINT('',(1.427052477543,0.815183395173,
    -7.594564989386));
#5340 = CARTESIAN_POINT('',(1.427050196637,3.350140539982E-07,
    -7.658199017032));
#5341 = CARTESIAN_POINT('',(1.418972677922,4.550196442688E-07,
    -6.920007596705));
#5342 = CARTESIAN_POINT('',(1.41897067161,-0.810568652393,
    -6.983641580766));
#5343 = CARTESIAN_POINT('',(0.909747905967,-1.620632948989,
    -7.047238869834));
#5344 = CARTESIAN_POINT('',(-0.109229763928,-2.077411224768,
    -7.111122226067));
#5345 = CARTESIAN_POINT('',(-1.355476242646,-1.816653180082,
    -7.174044436033));
#5346 = CARTESIAN_POINT('',(-2.282615826841,-0.753890583306,
    -7.23895893762));
#5347 = CARTESIAN_POINT('',(-2.283948723479,0.75387336946,
    -7.301054356264));
#5348 = CARTESIAN_POINT('',(-1.354581210993,1.816680221027,
    -7.365968858948));
#5349 = CARTESIAN_POINT('',(-0.109607696422,2.0773965207,-7.428891067674
    ));
#5350 = CARTESIAN_POINT('',(0.909823494757,1.620636306747,
    -7.492774424557));
#5351 = CARTESIAN_POINT('',(1.418972940546,0.810569448678,
    -7.556371713489));
#5352 = CARTESIAN_POINT('',(1.418970869284,3.412655870394E-07,
    -7.620005697543));
#5353 = CARTESIAN_POINT('',(1.42705085399,4.466849270468E-07,
    -6.881814033693));
#5354 = CARTESIAN_POINT('',(1.427049048993,-0.815181956003,
    -6.94544806134));
#5355 = CARTESIAN_POINT('',(0.914931639169,-1.629868456793,
    -7.009046066128));
#5356 = CARTESIAN_POINT('',(-0.10987274853,-2.089207593205,
    -7.072924898252));
#5357 = CARTESIAN_POINT('',(-1.363145315162,-1.8270582278,
    -7.135860189236));
#5358 = CARTESIAN_POINT('',(-2.295677514296,-0.758094526268,
    -7.200751279371));
#5359 = CARTESIAN_POINT('',(-2.296889233309,0.75807878471,-7.26287492331
    ));
#5360 = CARTESIAN_POINT('',(-1.362331748198,1.827082754574,
    -7.327766014443));
#5361 = CARTESIAN_POINT('',(-0.11021639796,2.089194221779,
    -7.390701304299));
#5362 = CARTESIAN_POINT('',(0.915000288142,1.629871546292,
    -7.454580137015));
#5363 = CARTESIAN_POINT('',(1.427051078579,0.815182737703,
    -7.518178141678));
#5364 = CARTESIAN_POINT('',(1.427049209821,3.350144857917E-07,
    -7.581812169318));
#5365 = CARTESIAN_POINT('',(1.449402020548,4.236245536582E-07,
    -6.850819415308));
#5366 = CARTESIAN_POINT('',(1.449400369614,-0.827946220451,
    -6.914453563551));
#5367 = CARTESIAN_POINT('',(0.929267388875,-1.655421359039,
    -6.978053548629));
#5368 = CARTESIAN_POINT('',(-0.111618286421,-2.121847537248,
    -7.04191986322));
#5369 = CARTESIAN_POINT('',(-1.384444060939,-1.855844839204,
    -7.104891347372));
#5370 = CARTESIAN_POINT('',(-2.331698626118,-0.769727572507,
    -7.169717661712));
#5371 = CARTESIAN_POINT('',(-2.332811993031,0.769713071628,
    -7.231919400473));
#5372 = CARTESIAN_POINT('',(-1.383696566925,1.855867352914,
    -7.296745715731));
#5373 = CARTESIAN_POINT('',(-0.11193407304,2.121835249489,
    -7.359717198847));
#5374 = CARTESIAN_POINT('',(0.929330438698,1.655424212555,
    -7.423583513981));
#5375 = CARTESIAN_POINT('',(1.449402221252,0.827946961794,
    -7.487183498944));
#5376 = CARTESIAN_POINT('',(1.449400509849,3.177191478798E-07,
    -7.550817647182));
#5377 = CARTESIAN_POINT('',(1.481119613173,3.909007639247E-07,
    -6.832506526218));
#5378 = CARTESIAN_POINT('',(1.481118042359,-0.846059415274,
    -6.896140845595));
#5379 = CARTESIAN_POINT('',(0.949608270144,-1.691682248809,
    -6.959743640819));
#5380 = CARTESIAN_POINT('',(-0.114083787101,-2.168165864435,
    -7.023592192319));
#5381 = CARTESIAN_POINT('',(-1.414695538037,-1.896693777945,
    -7.08661503661));
#5382 = CARTESIAN_POINT('',(-2.382773849628,-0.786235993217,
    -7.151349430494));
#5383 = CARTESIAN_POINT('',(-2.383829088828,0.786222279172,
    -7.213661990112));
#5384 = CARTESIAN_POINT('',(-1.413987039495,1.896715134154,
    -7.278396384865));
#5385 = CARTESIAN_POINT('',(-0.114383062458,2.16815421954,
    -7.341419228174));
#5386 = CARTESIAN_POINT('',(0.949668049978,1.691684941463,
    -7.405267780189));
#5387 = CARTESIAN_POINT('',(1.481119807945,0.846060099351,
    -7.468870575304));
#5388 = CARTESIAN_POINT('',(1.481118181332,2.931762662084E-07,
    -7.532504894675));
#5389 = ADVANCED_FACE('',(#5390),#5400,.T.);
#5390 = FACE_BOUND('',#5391,.T.);
#5391 = EDGE_LOOP('',(#5392,#5393,#5394,#5395));
#5392 = ORIENTED_EDGE('',*,*,#5023,.F.);
#5393 = ORIENTED_EDGE('',*,*,#4992,.T.);
#5394 = ORIENTED_EDGE('',*,*,#5277,.T.);
#5395 = ORIENTED_EDGE('',*,*,#5396,.F.);
#5396 = EDGE_CURVE('',#5024,#5278,#5397,.T.);
#5397 = B_SPLINE_CURVE_WITH_KNOTS('',1,(#5398,#5399),.UNSPECIFIED.,.F.,
  .F.,(2,2),(0.,0.49),.PIECEWISE_BEZIER_KNOTS.);
#5398 = CARTESIAN_POINT('',(1.905476054991,-3.518558869126E-08,
    -7.952499412573));
#5399 = CARTESIAN_POINT('',(1.481120442099,2.931752782482E-07,
    -7.707504894661));
#5400 = B_SPLINE_SURFACE_WITH_KNOTS('',1,10,(
    (#5401,#5402,#5403,#5404,#5405,#5406,#5407,#5408,#5409,#5410,#5411)
    ,(#5412,#5413,#5414,#5415,#5416,#5417,#5418,#5419,#5420,#5421,#5422
    )),.UNSPECIFIED.,.F.,.F.,.F.,(2,2),(11,11),(0.,0.49),(0.,
    6.322058019692),.PIECEWISE_BEZIER_KNOTS.);
#5401 = CARTESIAN_POINT('',(1.905479295414,-4.691574686939E-08,
    -7.252499216736));
#5402 = CARTESIAN_POINT('',(1.905474799799,-1.197240818001,
    -7.32249948666));
#5403 = CARTESIAN_POINT('',(1.06974254113,-2.39450945294,-7.39250438148)
  );
#5404 = CARTESIAN_POINT('',(-0.603221189749,-2.932104503501,
    -7.462485014517));
#5405 = CARTESIAN_POINT('',(-2.514384380105,-2.178613973694,
    -7.532513972447));
#5406 = CARTESIAN_POINT('',(-3.526366703374,-6.784839394669E-05,
    -7.602499312868));
#5407 = CARTESIAN_POINT('',(-2.513887652978,2.178714301722,
    -7.672484659712));
#5408 = CARTESIAN_POINT('',(-0.60369941904,2.932066120057,
    -7.742513613431));
#5409 = CARTESIAN_POINT('',(1.069908895665,2.394515641424,
    -7.812494248135));
#5410 = CARTESIAN_POINT('',(1.905480543235,1.197240735901,
    -7.882499142669));
#5411 = CARTESIAN_POINT('',(1.905476054991,-3.518558869126E-08,
    -7.952499412573));
#5412 = CARTESIAN_POINT('',(1.481122627527,3.908990726382E-07,
    -7.007506526192));
#5413 = CARTESIAN_POINT('',(1.481119860991,-0.930667052764,
    -7.077504277524));
#5414 = CARTESIAN_POINT('',(0.831477171869,-1.860799697306,
    -7.147463499635));
#5415 = CARTESIAN_POINT('',(-0.468734208116,-2.280123089686,
    -7.217624840003));
#5416 = CARTESIAN_POINT('',(-1.954766750955,-1.69246932915,-7.2873836079
    ));
#5417 = CARTESIAN_POINT('',(-2.740560749617,-4.644341408344E-05,
    -7.357505709224));
#5418 = CARTESIAN_POINT('',(-1.954432592006,1.692536018064,
    -7.427627814871));
#5419 = CARTESIAN_POINT('',(-0.469057874845,2.280096968381,
    -7.497386579931));
#5420 = CARTESIAN_POINT('',(0.831588435831,1.860804286215,
    -7.567547921426));
#5421 = CARTESIAN_POINT('',(1.481123270012,0.930667736838,
    -7.637507143339));
#5422 = CARTESIAN_POINT('',(1.481120442099,2.931752782482E-07,
    -7.707504894661));
#5423 = ADVANCED_FACE('',(#5424),#5628,.T.);
#5424 = FACE_BOUND('',#5425,.F.);
#5425 = EDGE_LOOP('',(#5426,#5518,#5519,#5622));
#5426 = ORIENTED_EDGE('',*,*,#5427,.F.);
#5427 = EDGE_CURVE('',#5024,#5428,#5430,.T.);
#5428 = VERTEX_POINT('',#5429);
#5429 = CARTESIAN_POINT('',(1.86,6.508165962348E-13,-8.626246388843));
#5430 = B_SPLINE_CURVE_WITH_KNOTS('',6,(#5431,#5432,#5433,#5434,#5435,
    #5436,#5437,#5438,#5439,#5440,#5441,#5442,#5443,#5444,#5445,#5446,
    #5447,#5448,#5449,#5450,#5451,#5452,#5453,#5454,#5455,#5456,#5457,
    #5458,#5459,#5460,#5461,#5462,#5463,#5464,#5465,#5466,#5467,#5468,
    #5469,#5470,#5471,#5472,#5473,#5474,#5475,#5476,#5477,#5478,#5479,
    #5480,#5481,#5482,#5483,#5484,#5485,#5486,#5487,#5488,#5489,#5490,
    #5491,#5492,#5493,#5494,#5495,#5496,#5497,#5498,#5499,#5500,#5501,
    #5502,#5503,#5504,#5505,#5506,#5507,#5508,#5509,#5510,#5511,#5512,
    #5513,#5514,#5515,#5516,#5517),.UNSPECIFIED.,.F.,.F.,(7,5,5,5,5,5,5,
    5,5,5,5,5,5,5,5,5,5,7),(0.,5.50003571943E-02,0.12500137571,
    0.225965687042,0.263834893268,0.317837000676,0.370841045862,
    0.40045839101,0.496547812727,0.597413169523,0.711222473794,
    0.737770314665,0.754240067696,0.856239829541,0.872767757103,
    0.95176748787,0.96776733047,1.),.UNSPECIFIED.);
#5431 = CARTESIAN_POINT('',(1.86,3.174349672008E-12,-7.926244583296));
#5432 = CARTESIAN_POINT('',(1.86,-0.107124493878,-7.932661254917));
#5433 = CARTESIAN_POINT('',(1.852596164026,-0.21425125374,
    -7.939077523395));
#5434 = CARTESIAN_POINT('',(1.837788798024,-0.320735085873,
    -7.945494220318));
#5435 = CARTESIAN_POINT('',(1.81565180947,-0.425939155885,
    -7.951912071053));
#5436 = CARTESIAN_POINT('',(1.78633166135,-0.529239584602,
    -7.958331265153));
#5437 = CARTESIAN_POINT('',(1.70386461842,-0.75830984385,-7.972921698311
    ));
#5438 = CARTESIAN_POINT('',(1.646396579887,-0.88253496072,
    -7.981094011986));
#5439 = CARTESIAN_POINT('',(1.578092301099,-1.00144773732,
    -7.989266133133));
#5440 = CARTESIAN_POINT('',(1.499583061223,-1.113885659536,
    -7.997436920323));
#5441 = CARTESIAN_POINT('',(1.411651697165,-1.218781662953,
    -8.005606014822));
#5442 = CARTESIAN_POINT('',(1.17619503124,-1.454247769366,
    -8.025550660439));
#5443 = CARTESIAN_POINT('',(1.019467007375,-1.575697529474,
    -8.037327030954));
#5444 = CARTESIAN_POINT('',(0.847923301579,-1.676647445244,
    -8.049094488927));
#5445 = CARTESIAN_POINT('',(0.664946341295,-1.754987460274,
    -8.060859956967));
#5446 = CARTESIAN_POINT('',(0.474239189211,-1.809245123543,
    -8.072630938988));
#5447 = CARTESIAN_POINT('',(0.206910082466,-1.849926611772,
    -8.088817753972));
#5448 = CARTESIAN_POINT('',(0.133463081266,-1.857553311438,
    -8.093233488765));
#5449 = CARTESIAN_POINT('',(5.969525775515E-02,-1.861678651927,
    -8.09764980821));
#5450 = CARTESIAN_POINT('',(-1.418524781328E-02,-1.86228768949,
    -8.102066748342));
#5451 = CARTESIAN_POINT('',(-8.796976738472E-02,-1.859382026761,
    -8.106484301922));
#5452 = CARTESIAN_POINT('',(-0.266231842403,-1.843850150867,
    -8.117202724846));
#5453 = CARTESIAN_POINT('',(-0.37039712508,-1.827609817128,
    -8.123504319208));
#5454 = CARTESIAN_POINT('',(-0.473337418095,-1.804311966979,
    -8.129806803292));
#5455 = CARTESIAN_POINT('',(-0.574458060478,-1.77407715379,
    -8.136110036969));
#5456 = CARTESIAN_POINT('',(-0.673181732486,-1.737092186539,
    -8.142413814101));
#5457 = CARTESIAN_POINT('',(-0.862954078305,-1.65092944115,
    -8.15490475786));
#5458 = CARTESIAN_POINT('',(-0.954114469691,-1.60198802499,
    -8.161092165428));
#5459 = CARTESIAN_POINT('',(-1.041909118088,-1.547023250489,
    -8.167279199987));
#5460 = CARTESIAN_POINT('',(-1.125845028062,-1.486328750811,
    -8.173465735742));
#5461 = CARTESIAN_POINT('',(-1.205464709541,-1.420250938143,
    -8.179651740519));
#5462 = CARTESIAN_POINT('',(-1.322193574036,-1.309477706441,
    -8.189293066708));
#5463 = CARTESIAN_POINT('',(-1.36255970218,-1.26821134234,
    -8.192748983216));
#5464 = CARTESIAN_POINT('',(-1.40137537931,-1.225456588333,
    -8.19620467741));
#5465 = CARTESIAN_POINT('',(-1.438572564697,-1.181286549431,
    -8.199660152928));
#5466 = CARTESIAN_POINT('',(-1.474087881781,-1.135778416042,
    -8.203115423214));
#5467 = CARTESIAN_POINT('',(-1.617440126636,-0.937290979111,
    -8.217780072502));
#5468 = CARTESIAN_POINT('',(-1.708720068803,-0.772306600687,
    -8.228990016831));
#5469 = CARTESIAN_POINT('',(-1.779640811678,-0.596887576514,
    -8.240196180844));
#5470 = CARTESIAN_POINT('',(-1.828833800336,-0.414182397253,
    -8.251403074654));
#5471 = CARTESIAN_POINT('',(-1.855493676139,-0.227527569044,
    -8.262614433223));
#5472 = CARTESIAN_POINT('',(-1.863829967551,0.15598624985,
    -8.285593112512));
#5473 = CARTESIAN_POINT('',(-1.843206653848,0.352983253642,
    -8.297365756538));
#5474 = CARTESIAN_POINT('',(-1.797581190606,0.54651528027,
    -8.309136750961));
#5475 = CARTESIAN_POINT('',(-1.727764326198,0.732693779704,
    -8.32090785191));
#5476 = CARTESIAN_POINT('',(-1.635246027846,0.907835774457,
    -8.332680243243));
#5477 = CARTESIAN_POINT('',(-1.395019135465,1.250063352247,
    -8.357723880148));
#5478 = CARTESIAN_POINT('',(-1.24166370203,1.41335557004,-8.37100250613)
  );
#5479 = CARTESIAN_POINT('',(-1.06564836468,1.553674090928,
    -8.384270475147));
#5480 = CARTESIAN_POINT('',(-0.871356600883,1.667344992665,
    -8.397535344447));
#5481 = CARTESIAN_POINT('',(-0.663794199072,1.751603094726,
    -8.410808319518));
#5482 = CARTESIAN_POINT('',(-0.398492915504,1.817546984907,
    -8.427176114668));
#5483 = CARTESIAN_POINT('',(-0.347896410778,1.828345942643,
    -8.430272228828));
#5484 = CARTESIAN_POINT('',(-0.29695379178,1.837453524008,
    -8.433368603105));
#5485 = CARTESIAN_POINT('',(-0.245735700576,1.844856293375,
    -8.436465259657));
#5486 = CARTESIAN_POINT('',(-0.194313420678,1.85054476182,
    -8.439562211545));
#5487 = CARTESIAN_POINT('',(-0.110775462445,1.856975443416,
    -8.444580935851));
#5488 = CARTESIAN_POINT('',(-7.874107889778E-02,1.858775587102,
    -8.446502525985));
#5489 = CARTESIAN_POINT('',(-4.667288374508E-02,1.859912498939,
    -8.448424233088));
#5490 = CARTESIAN_POINT('',(-1.458803926236E-02,1.860385452139,
    -8.450346056109));
#5491 = CARTESIAN_POINT('',(1.749628734473E-02,1.860194312364,
    -8.452267993006));
#5492 = CARTESIAN_POINT('',(0.248156630227,1.85404578446,-8.466093583636
    ));
#5493 = CARTESIAN_POINT('',(0.446123996994,1.823296547929,
    -8.478004399838));
#5494 = CARTESIAN_POINT('',(0.639267980319,1.767180695267,
    -8.489915098023));
#5495 = CARTESIAN_POINT('',(0.823614875312,1.686741695355,-8.50182564936
    ));
#5496 = CARTESIAN_POINT('',(0.995441028026,1.58371903056,-8.513735335863
    ));
#5497 = CARTESIAN_POINT('',(1.176743983709,1.44080183006,-8.527565802891
    ));
#5498 = CARTESIAN_POINT('',(1.201611629436,1.420347861137,-8.52949424828
    ));
#5499 = CARTESIAN_POINT('',(1.226051730035,1.39937957551,-8.531422566628
    ));
#5500 = CARTESIAN_POINT('',(1.250051028169,1.37790818943,-8.533350757946
    ));
#5501 = CARTESIAN_POINT('',(1.273596663424,1.35594537195,-8.535278824594
    ));
#5502 = CARTESIAN_POINT('',(1.406990970118,1.226234987164,-8.54642191746
    ));
#5503 = CARTESIAN_POINT('',(1.506667292875,1.108005832016,
    -8.555635207744));
#5504 = CARTESIAN_POINT('',(1.594319057116,0.980156574535,
    -8.564845291994));
#5505 = CARTESIAN_POINT('',(1.668830848844,0.84423066929,-8.574055076478
    ));
#5506 = CARTESIAN_POINT('',(1.729330344746,0.701919760498,
    -8.583268154278));
#5507 = CARTESIAN_POINT('',(1.784546957739,0.525322054557,
    -8.594348937404));
#5508 = CARTESIAN_POINT('',(1.793248578244,0.495392468515,
    -8.596215260953));
#5509 = CARTESIAN_POINT('',(1.801347527681,0.465290946139,
    -8.598081682062));
#5510 = CARTESIAN_POINT('',(1.808839614779,0.435032656704,
    -8.599948197682));
#5511 = CARTESIAN_POINT('',(1.815721158207,0.404632901545,
    -8.601814800528));
#5512 = CARTESIAN_POINT('',(1.834615913325,0.312611032849,
    -8.607442018127));
#5513 = CARTESIAN_POINT('',(1.844752147197,0.250603198897,
    -8.611202874327));
#5514 = CARTESIAN_POINT('',(1.852371696118,0.188210197061,
    -8.614963934762));
#5515 = CARTESIAN_POINT('',(1.857457213852,0.125559543341,
    -8.618725031618));
#5516 = CARTESIAN_POINT('',(1.86,6.277968488697E-02,-8.622485942182));
#5517 = CARTESIAN_POINT('',(1.86,1.325384246798E-12,-8.626246388843));
#5518 = ORIENTED_EDGE('',*,*,#5213,.T.);
#5519 = ORIENTED_EDGE('',*,*,#5520,.T.);
#5520 = EDGE_CURVE('',#5112,#5521,#5523,.T.);
#5521 = VERTEX_POINT('',#5522);
#5522 = CARTESIAN_POINT('',(1.86,3.907057645775E-14,-8.713750282807));
#5523 = B_SPLINE_CURVE_WITH_KNOTS('',7,(#5524,#5525,#5526,#5527,#5528,
    #5529,#5530,#5531,#5532,#5533,#5534,#5535,#5536,#5537,#5538,#5539,
    #5540,#5541,#5542,#5543,#5544,#5545,#5546,#5547,#5548,#5549,#5550,
    #5551,#5552,#5553,#5554,#5555,#5556,#5557,#5558,#5559,#5560,#5561,
    #5562,#5563,#5564,#5565,#5566,#5567,#5568,#5569,#5570,#5571,#5572,
    #5573,#5574,#5575,#5576,#5577,#5578,#5579,#5580,#5581,#5582,#5583,
    #5584,#5585,#5586,#5587,#5588,#5589,#5590,#5591,#5592,#5593,#5594,
    #5595,#5596,#5597,#5598,#5599,#5600,#5601,#5602,#5603,#5604,#5605,
    #5606,#5607,#5608,#5609,#5610,#5611,#5612,#5613,#5614,#5615,#5616,
    #5617,#5618,#5619,#5620,#5621),.UNSPECIFIED.,.F.,.F.,(8,6,6,6,6,6,6,
    6,6,6,6,6,6,6,6,6,8),(0.,2.502590136115E-02,4.840825749214E-02,
    0.127409117476,0.141481686122,0.18648604943,0.26248851771,
    0.286007985177,0.402806266314,0.498753135379,0.597902151031,
    0.686291133961,0.737293528262,0.788091554471,0.840095482696,
    0.872730889677,1.),.UNSPECIFIED.);
#5524 = CARTESIAN_POINT('',(1.86,2.049471703458E-13,-8.013750565617));
#5525 = CARTESIAN_POINT('',(1.86,-4.177920818864E-02,-8.016253002147));
#5526 = CARTESIAN_POINT('',(1.858905147363,-8.355845999846E-02,
    -8.01875557074));
#5527 = CARTESIAN_POINT('',(1.856715449478,-0.125303204629,
    -8.021258215111));
#5528 = CARTESIAN_POINT('',(1.853432264004,-0.166979008383,
    -8.023760884623));
#5529 = CARTESIAN_POINT('',(1.849058298881,-0.208551554665,
    -8.026263534292));
#5530 = CARTESIAN_POINT('',(1.843597612318,-0.249986643985,
    -8.028766124785));
#5531 = CARTESIAN_POINT('',(1.83094325104,-0.329803811129,
    -8.033606771604));
#5532 = CARTESIAN_POINT('',(1.82388692453,-0.368207770919,
    -8.035944843351));
#5533 = CARTESIAN_POINT('',(1.815891047961,-0.406434273316,
    -8.038282812751));
#5534 = CARTESIAN_POINT('',(1.806961037631,-0.444455759717,
    -8.040620662513));
#5535 = CARTESIAN_POINT('',(1.797103311447,-0.482244912924,
    -8.042958382973));
#5536 = CARTESIAN_POINT('',(1.786325288926,-0.51977465714,
    -8.045295972085));
#5537 = CARTESIAN_POINT('',(1.735139287012,-0.682851011529,
    -8.055530912194));
#5538 = CARTESIAN_POINT('',(1.685230632293,-0.805426540823,
    -8.063427573189));
#5539 = CARTESIAN_POINT('',(1.625236413043,-0.923693156735,
    -8.07132249512));
#5540 = CARTESIAN_POINT('',(1.555613057884,-1.036663361891,
    -8.079216932908));
#5541 = CARTESIAN_POINT('',(1.476929543314,-1.143413461857,
    -8.087112648404));
#5542 = CARTESIAN_POINT('',(1.389862876095,-1.243091195793,
    -8.095010583452));
#5543 = CARTESIAN_POINT('',(1.278344540752,-1.35129093104,
    -8.104316993093));
#5544 = CARTESIAN_POINT('',(1.261242046901,-1.36740210959,
    -8.105724171431));
#5545 = CARTESIAN_POINT('',(1.243902863445,-1.383260559385,
    -8.107131414064));
#5546 = CARTESIAN_POINT('',(1.226331476236,-1.398862115805,
    -8.108538721921));
#5547 = CARTESIAN_POINT('',(1.208532464758,-1.414202712443,
    -8.109946095135));
#5548 = CARTESIAN_POINT('',(1.19051050213,-1.429278381107,
    -8.111353533042));
#5549 = CARTESIAN_POINT('',(1.113937990639,-1.491437928215,
    -8.117262251737));
#5550 = CARTESIAN_POINT('',(1.053373569537,-1.536041971212,
    -8.121764160057));
#5551 = CARTESIAN_POINT('',(0.990733437221,-1.577770517543,
    -8.126266672956));
#5552 = CARTESIAN_POINT('',(0.926181897319,-1.616508461476,
    -8.13076972221));
#5553 = CARTESIAN_POINT('',(0.859890759273,-1.652152720019,
    -8.135273224244));
#5554 = CARTESIAN_POINT('',(0.792038885935,-1.684612498114,
    -8.139777046818));
#5555 = CARTESIAN_POINT('',(0.60590232422,-1.763116957356,-8.1518871207)
  );
#5556 = CARTESIAN_POINT('',(0.485061199188,-1.803123240473,
    -8.159494181002));
#5557 = CARTESIAN_POINT('',(0.361190204576,-1.833445620454,
    -8.167100561925));
#5558 = CARTESIAN_POINT('',(0.235221385642,-1.85382091366,
    -8.174705622198));
#5559 = CARTESIAN_POINT('',(0.108108006544,-1.86409499718,-8.18230929081
    ));
#5560 = CARTESIAN_POINT('',(-1.918253178866E-02,-1.864223923581,
    -8.189911507174));
#5561 = CARTESIAN_POINT('',(-0.184817450259,-1.851211545614,
    -8.199863347969));
#5562 = CARTESIAN_POINT('',(-0.223885360373,-1.847172364643,
    -8.202215046361));
#5563 = CARTESIAN_POINT('',(-0.262849039659,-1.842171390138,
    -8.204566582212));
#5564 = CARTESIAN_POINT('',(-0.301680091481,-1.83621190953,
    -8.206917960357));
#5565 = CARTESIAN_POINT('',(-0.340350281271,-1.829298253414,
    -8.209269188024));
#5566 = CARTESIAN_POINT('',(-0.378831536528,-1.821435795542,
    -8.21162027483));
#5567 = CARTESIAN_POINT('',(-0.607117993736,-1.768905877157,
    -8.225646150536));
#5568 = CARTESIAN_POINT('',(-0.791863560753,-1.70192374527,
    -8.237322229545));
#5569 = CARTESIAN_POINT('',(-0.967787285072,-1.612468484364,
    -8.248993014388));
#5570 = CARTESIAN_POINT('',(-1.131659821566,-1.502003103497,
    -8.260663226162));
#5571 = CARTESIAN_POINT('',(-1.280577937724,-1.372484338867,
    -8.272337632173));
#5572 = CARTESIAN_POINT('',(-1.411973521774,-1.226356992832,
    -8.284018653557));
#5573 = CARTESIAN_POINT('',(-1.615643755345,-0.935388919059,
    -8.305291899078));
#5574 = CARTESIAN_POINT('',(-1.694328913805,-0.794913356157,
    -8.314889260276));
#5575 = CARTESIAN_POINT('',(-1.758696439935,-0.646812562103,
    -8.324486725863));
#5576 = CARTESIAN_POINT('',(-1.807894791749,-0.492844322648,
    -8.334083863372));
#5577 = CARTESIAN_POINT('',(-1.841332152438,-0.334861695675,
    -8.343681273128));
#5578 = CARTESIAN_POINT('',(-1.858683557998,-0.174790246449,
    -8.353278784809));
#5579 = CARTESIAN_POINT('',(-1.861243546682,0.150896468277,
    -8.372788487216));
#5580 = CARTESIAN_POINT('',(-1.845360527059,0.316579970335,-8.382704096)
  );
#5581 = CARTESIAN_POINT('',(-1.812265041848,0.4802316096,-8.392616939289
    ));
#5582 = CARTESIAN_POINT('',(-1.762294880956,0.639722158747,
    -8.402527991024));
#5583 = CARTESIAN_POINT('',(-1.696091673117,0.793002462992,
    -8.412439962825));
#5584 = CARTESIAN_POINT('',(-1.614592654928,0.938130517789,
    -8.422354386217));
#5585 = CARTESIAN_POINT('',(-1.433926320265,1.193829786589,
    -8.44110656014));
#5586 = CARTESIAN_POINT('',(-1.337610949057,1.306477959976,
    -8.449946974472));
#5587 = CARTESIAN_POINT('',(-1.23102018055,1.409990800528,
    -8.458788160923));
#5588 = CARTESIAN_POINT('',(-1.115206162814,1.503263050273,
    -8.467630490887));
#5589 = CARTESIAN_POINT('',(-0.9913531514,1.585341063554,-8.476474560455
    ));
#5590 = CARTESIAN_POINT('',(-0.860765192744,1.655432660101,
    -8.485319838234));
#5591 = CARTESIAN_POINT('',(-0.646458375997,1.746121794688,
    -8.499266674055));
#5592 = CARTESIAN_POINT('',(-0.566271789728,1.77511687076,
    -8.504369657747));
#5593 = CARTESIAN_POINT('',(-0.484582314334,1.799810230038,
    -8.509472288467));
#5594 = CARTESIAN_POINT('',(-0.401667156019,1.820109981551,
    -8.514574419819));
#5595 = CARTESIAN_POINT('',(-0.317809539432,1.835946802393,
    -8.519675969373));
#5596 = CARTESIAN_POINT('',(-0.233297752842,1.847274165775,
    -8.524776848475));
#5597 = CARTESIAN_POINT('',(-6.389072465433E-02,1.860835747003,
    -8.534956499629));
#5598 = CARTESIAN_POINT('',(2.100385232894E-02,1.863106398947,
    -8.540035413926));
#5599 = CARTESIAN_POINT('',(0.105970637876,1.860857479245,
    -8.545113465874));
#5600 = CARTESIAN_POINT('',(0.190721114035,1.85408895395,-8.55019068574)
  );
#5601 = CARTESIAN_POINT('',(0.274968101112,1.842823729878,
    -8.555267210108));
#5602 = CARTESIAN_POINT('',(0.358426714141,1.827107583661,
    -8.560343188849));
#5603 = CARTESIAN_POINT('',(0.525159760095,1.786433476778,
    -8.570614683474));
#5604 = CARTESIAN_POINT('',(0.608385125565,1.761264402533,
    -8.575810320713));
#5605 = CARTESIAN_POINT('',(0.690189192536,1.731575655036,
    -8.581005664298));
#5606 = CARTESIAN_POINT('',(0.770278095699,1.697464902653,
    -8.586200978784));
#5607 = CARTESIAN_POINT('',(0.848367340576,1.659053276562,
    -8.591396595168));
#5608 = CARTESIAN_POINT('',(0.924182816427,1.616484952172,
    -8.596592773257));
#5609 = CARTESIAN_POINT('',(1.043448522713,1.540708812529,
    -8.605050844264));
#5610 = CARTESIAN_POINT('',(1.088436874004,1.509919228747,-8.60831239619
    ));
#5611 = CARTESIAN_POINT('',(1.132362125347,1.477599132637,
    -8.611574266786));
#5612 = CARTESIAN_POINT('',(1.175161967302,1.443792754057,
    -8.614836489189));
#5613 = CARTESIAN_POINT('',(1.216776518671,1.408547399276,
    -8.618099082709));
#5614 = CARTESIAN_POINT('',(1.257148326503,1.371913450981,
    -8.621362052825));
#5615 = CARTESIAN_POINT('',(1.448600372524,1.185875389733,
    -8.637351513197));
#5616 = CARTESIAN_POINT('',(1.581323015711,1.017423070211,
    -8.650089923892));
#5617 = CARTESIAN_POINT('',(1.690963014682,0.831848237982,
    -8.662827602868));
#5618 = CARTESIAN_POINT('',(1.775002596721,0.633000438801,
    -8.675565419676));
#5619 = CARTESIAN_POINT('',(1.831684344243,0.425046537236,
    -8.688295157134));
#5620 = CARTESIAN_POINT('',(1.86,0.212468186902,-8.701024143767));
#5621 = CARTESIAN_POINT('',(1.86,1.665334536938E-14,-8.713750282807));
#5622 = ORIENTED_EDGE('',*,*,#5623,.F.);
#5623 = EDGE_CURVE('',#5428,#5521,#5624,.T.);
#5624 = LINE('',#5625,#5626);
#5625 = CARTESIAN_POINT('',(1.86,0.,-0.2));
#5626 = VECTOR('',#5627,1.);
#5627 = DIRECTION('',(-2.523234146875E-17,0.,-1.));
#5628 = CYLINDRICAL_SURFACE('',#5629,1.86);
#5629 = AXIS2_PLACEMENT_3D('',#5630,#5631,#5632);
#5630 = CARTESIAN_POINT('',(0.,0.,-0.2));
#5631 = DIRECTION('',(-0.,-0.,-1.));
#5632 = DIRECTION('',(1.,0.,0.));
#5633 = ADVANCED_FACE('',(#5634),#5660,.T.);
#5634 = FACE_BOUND('',#5635,.T.);
#5635 = EDGE_LOOP('',(#5636,#5653,#5654,#5655));
#5636 = ORIENTED_EDGE('',*,*,#5637,.F.);
#5637 = EDGE_CURVE('',#5228,#5638,#5640,.T.);
#5638 = VERTEX_POINT('',#5639);
#5639 = CARTESIAN_POINT('',(1.481116749495,1.954511282569E-07,
    -8.232503263122));
#5640 = ( BOUNDED_CURVE() B_SPLINE_CURVE(11,(#5641,#5642,#5643,#5644,
    #5645,#5646,#5647,#5648,#5649,#5650,#5651,#5652),.UNSPECIFIED.,.F.,
.F.) B_SPLINE_CURVE_WITH_KNOTS((12,12),(0.,6.322058019692),
.PIECEWISE_BEZIER_KNOTS.) CURVE() GEOMETRIC_REPRESENTATION_ITEM() 
RATIONAL_B_SPLINE_CURVE((1.056590953773,1.056590953773,1.056590953773,
    1.056590953772,1.056590953774,1.056590953772,1.056590953774,
    1.056590953772,1.056590953774,1.056590953773,1.056590953773,
1.056590953773)) REPRESENTATION_ITEM('') );
#5641 = CARTESIAN_POINT('',(1.481118181332,2.931762457248E-07,
    -7.532504894675));
#5642 = CARTESIAN_POINT('',(1.481116554713,-0.84605869531,
    -7.596139214036));
#5643 = CARTESIAN_POINT('',(0.949607240395,-1.691680674544,
    -7.659742009149));
#5644 = CARTESIAN_POINT('',(-0.11408381962,-2.168163765871,
    -7.723590561428));
#5645 = CARTESIAN_POINT('',(-1.414694295619,-1.896691840685,
    -7.786613403426));
#5646 = CARTESIAN_POINT('',(-2.382771598689,-0.786235090654,
    -7.851347801436));
#5647 = CARTESIAN_POINT('',(-2.38382673098,0.786221691209,
    -7.913660356072));
#5648 = CARTESIAN_POINT('',(-1.41398554885,1.896713383353,
    -7.978394754954));
#5649 = CARTESIAN_POINT('',(-0.114382808081,2.16815213615,
    -8.041417595967));
#5650 = CARTESIAN_POINT('',(0.949667243365,1.691683241861,
    -8.105266148763));
#5651 = CARTESIAN_POINT('',(1.481118431913,0.846059183938,
    -8.168868943766));
#5652 = CARTESIAN_POINT('',(1.481116749495,1.95451120899E-07,
    -8.232503263122));
#5653 = ORIENTED_EDGE('',*,*,#5246,.T.);
#5654 = ORIENTED_EDGE('',*,*,#5111,.T.);
#5655 = ORIENTED_EDGE('',*,*,#5656,.F.);
#5656 = EDGE_CURVE('',#5638,#5112,#5657,.T.);
#5657 = B_SPLINE_CURVE_WITH_KNOTS('',1,(#5658,#5659),.UNSPECIFIED.,.F.,
  .F.,(2,2),(0.,0.49),.PIECEWISE_BEZIER_KNOTS.);
#5658 = CARTESIAN_POINT('',(1.481116749495,1.954511203017E-07,
    -8.232503263122));
#5659 = CARTESIAN_POINT('',(1.905467087286,-2.345448344608E-08,
    -7.987499608421));
#5660 = B_SPLINE_SURFACE_WITH_KNOTS('',1,10,(
    (#5661,#5662,#5663,#5664,#5665,#5666,#5667,#5668,#5669,#5670,#5671)
    ,(#5672,#5673,#5674,#5675,#5676,#5677,#5678,#5679,#5680,#5681,#5682
    )),.UNSPECIFIED.,.F.,.F.,.F.,(2,2),(11,11),(0.,0.49),(0.,
    6.322058019692),.PIECEWISE_BEZIER_KNOTS.);
#5661 = CARTESIAN_POINT('',(1.481118181332,2.931762478475E-07,
    -7.532504894675));
#5662 = CARTESIAN_POINT('',(1.481116392051,-0.930664594159,
    -7.602502645972));
#5663 = CARTESIAN_POINT('',(0.831494095583,-1.860795359074,
    -7.672461867633));
#5664 = CARTESIAN_POINT('',(-0.468788691145,-2.280112340277,
    -7.742623209891));
#5665 = CARTESIAN_POINT('',(-1.954703748561,-1.692476191762,
    -7.812381974749));
#5666 = CARTESIAN_POINT('',(-2.740553214062,-3.046595484291E-05,
    -7.882504078105));
#5667 = CARTESIAN_POINT('',(-1.954484862961,1.69251983128,
    -7.952626184314));
#5668 = CARTESIAN_POINT('',(-0.469000810983,2.280095213447,
    -8.022384947297));
#5669 = CARTESIAN_POINT('',(0.831566941855,1.860798388321,
    -8.092546290304));
#5670 = CARTESIAN_POINT('',(1.481118600154,0.930665082787,-8.16250551183
    ));
#5671 = CARTESIAN_POINT('',(1.481116749495,1.954511203017E-07,
    -8.232503263122));
#5672 = CARTESIAN_POINT('',(1.905467464078,-3.51818554085E-08,
    -7.287499412628));
#5673 = CARTESIAN_POINT('',(1.90546692266,-1.197234273466,
    -7.357499682482));
#5674 = CARTESIAN_POINT('',(1.069810176053,-2.394499121747,
    -7.427504576059));
#5675 = CARTESIAN_POINT('',(-0.603429240498,-2.932071557894,
    -7.497485214251));
#5676 = CARTESIAN_POINT('',(-2.514151211682,-2.178646358184,
    -7.567514163715));
#5677 = CARTESIAN_POINT('',(-3.526347445955,-7.843869332724E-06,
    -7.637499510312));
#5678 = CARTESIAN_POINT('',(-2.514093396748,2.178658088921,
    -7.707484857673));
#5679 = CARTESIAN_POINT('',(-0.603484772868,2.932067110283,
    -7.777513806635));
#5680 = CARTESIAN_POINT('',(1.069829581249,2.394499813771,
    -7.847494445027));
#5681 = CARTESIAN_POINT('',(1.905467621338,1.19723421483,-7.917499338569
    ));
#5682 = CARTESIAN_POINT('',(1.905467087286,-2.345448344608E-08,
    -7.987499608421));
#5683 = ADVANCED_FACE('',(#5684),#5714,.T.);
#5684 = FACE_BOUND('',#5685,.T.);
#5685 = EDGE_LOOP('',(#5686,#5702,#5703,#5704));
#5686 = ORIENTED_EDGE('',*,*,#5687,.F.);
#5687 = EDGE_CURVE('',#5278,#5688,#5690,.T.);
#5688 = VERTEX_POINT('',#5689);
#5689 = CARTESIAN_POINT('',(1.481118256672,1.954506665759E-07,
    -8.407503263116));
#5690 = B_SPLINE_CURVE_WITH_KNOTS('',10,(#5691,#5692,#5693,#5694,#5695,
    #5696,#5697,#5698,#5699,#5700,#5701),.UNSPECIFIED.,.F.,.F.,(11,11),(
    0.,6.322058019692),.PIECEWISE_BEZIER_KNOTS.);
#5691 = CARTESIAN_POINT('',(1.481120442099,2.931752574425E-07,
    -7.707504894661));
#5692 = CARTESIAN_POINT('',(1.481117614174,-0.930665777639,
    -7.777502645971));
#5693 = CARTESIAN_POINT('',(0.831475821952,-1.86079700358,
    -7.847461867868));
#5694 = CARTESIAN_POINT('',(-0.468733665789,-2.280119701018,
    -7.917623209131));
#5695 = CARTESIAN_POINT('',(-1.954763980759,-1.692466696634,
    -7.987381975676));
#5696 = CARTESIAN_POINT('',(-2.740556702726,-4.62623622024E-05,
    -8.05750407768));
#5697 = CARTESIAN_POINT('',(-1.954429598998,1.692533643131,
    -8.127626184027));
#5698 = CARTESIAN_POINT('',(-0.469057031164,2.280093641727,
    -8.197384947721));
#5699 = CARTESIAN_POINT('',(0.831587331339,1.860801482737,
    -8.267546290119));
#5700 = CARTESIAN_POINT('',(1.481121145974,0.930666266266,
    -8.337505511815));
#5701 = CARTESIAN_POINT('',(1.481118256672,1.954506574747E-07,
    -8.407503263116));
#5702 = ORIENTED_EDGE('',*,*,#5295,.T.);
#5703 = ORIENTED_EDGE('',*,*,#5637,.T.);
#5704 = ORIENTED_EDGE('',*,*,#5705,.F.);
#5705 = EDGE_CURVE('',#5688,#5638,#5706,.T.);
#5706 = ( BOUNDED_CURVE() B_SPLINE_CURVE(6,(#5707,#5708,#5709,#5710,
#5711,#5712,#5713),.UNSPECIFIED.,.F.,.F.) B_SPLINE_CURVE_WITH_KNOTS((7,7
),(0.,2.094395102393),.PIECEWISE_BEZIER_KNOTS.) CURVE() 
GEOMETRIC_REPRESENTATION_ITEM() RATIONAL_B_SPLINE_CURVE((1.056590953773,
    1.017435169568,0.996326512422,0.989390034249,0.996326512422,
1.017435169568,1.056590953773)) REPRESENTATION_ITEM('') );
#5707 = CARTESIAN_POINT('',(1.481118256672,1.954506584079E-07,
    -8.407503263116));
#5708 = CARTESIAN_POINT('',(1.449400190902,2.118126902206E-07,
    -8.38919119353));
#5709 = CARTESIAN_POINT('',(1.427048223533,2.233431107279E-07,
    -8.358197152649));
#5710 = CARTESIAN_POINT('',(1.418969060649,2.275107535421E-07,
    -8.320003798369));
#5711 = CARTESIAN_POINT('',(1.427047565656,2.233433135934E-07,
    -8.281810304931));
#5712 = CARTESIAN_POINT('',(1.449398999153,2.118130570383E-07,
    -8.250815879045));
#5713 = CARTESIAN_POINT('',(1.481116749495,1.95451120899E-07,
    -8.232503263122));
#5714 = ( BOUNDED_SURFACE() B_SPLINE_SURFACE(6,11,(
    (#5715,#5716,#5717,#5718,#5719,#5720,#5721,#5722,#5723,#5724,#5725
      ,#5726)
    ,(#5727,#5728,#5729,#5730,#5731,#5732,#5733,#5734,#5735,#5736,#5737
      ,#5738)
    ,(#5739,#5740,#5741,#5742,#5743,#5744,#5745,#5746,#5747,#5748,#5749
      ,#5750)
    ,(#5751,#5752,#5753,#5754,#5755,#5756,#5757,#5758,#5759,#5760,#5761
      ,#5762)
    ,(#5763,#5764,#5765,#5766,#5767,#5768,#5769,#5770,#5771,#5772,#5773
      ,#5774)
    ,(#5775,#5776,#5777,#5778,#5779,#5780,#5781,#5782,#5783,#5784,#5785
      ,#5786)
    ,(#5787,#5788,#5789,#5790,#5791,#5792,#5793,#5794,#5795,#5796,#5797
,#5798
    )),.UNSPECIFIED.,.F.,.F.,.F.) B_SPLINE_SURFACE_WITH_KNOTS((7,7),(12,
    12),(0.,2.094395102393),(0.,6.322058019692),
.PIECEWISE_BEZIER_KNOTS.) GEOMETRIC_REPRESENTATION_ITEM() 
RATIONAL_B_SPLINE_SURFACE((
    (1.056590953773,1.056590953773,1.056590953773,1.056590953772
      ,1.056590953774,1.056590953772,1.056590953774,1.056590953772
      ,1.056590953774,1.056590953773,1.056590953773,1.056590953773)
    ,(1.017435169568,1.017435169568,1.017435169569,1.017435169567
      ,1.017435169569,1.017435169567,1.01743516957,1.017435169567
      ,1.017435169569,1.017435169568,1.017435169568,1.017435169568)
    ,(0.996326512422,0.996326512422,0.996326512422,0.996326512421
      ,0.996326512423,0.996326512421,0.996326512423,0.996326512421
      ,0.996326512423,0.996326512422,0.996326512422,0.996326512422)
    ,(0.989390034249,0.989390034249,0.989390034249,0.989390034248
      ,0.989390034249,0.989390034248,0.989390034249,0.989390034248
      ,0.989390034249,0.989390034248,0.989390034249,0.989390034249)
    ,(0.996326512422,0.996326512422,0.996326512422,0.996326512421
      ,0.996326512423,0.996326512421,0.996326512423,0.996326512421
      ,0.996326512423,0.996326512422,0.996326512422,0.996326512422)
    ,(1.017435169568,1.017435169568,1.017435169569,1.017435169567
      ,1.01743516957,1.017435169566,1.01743516957,1.017435169567
      ,1.017435169569,1.017435169568,1.017435169568,1.017435169568)
    ,(1.056590953773,1.056590953773,1.056590953773,1.056590953772
      ,1.056590953774,1.056590953772,1.056590953774,1.056590953772
      ,1.056590953774,1.056590953773,1.056590953773,1.056590953773
))) REPRESENTATION_ITEM('') SURFACE() );
#5715 = CARTESIAN_POINT('',(1.481120442099,2.931752595137E-07,
    -7.707504894661));
#5716 = CARTESIAN_POINT('',(1.481117871258,-0.846059771201,
    -7.771139214034));
#5717 = CARTESIAN_POINT('',(0.949592511446,-1.691682235227,
    -7.834742009341));
#5718 = CARTESIAN_POINT('',(-0.114005473146,-2.168169567571,
    -7.89859056043));
#5719 = CARTESIAN_POINT('',(-1.414882769285,-1.896688475231,
    -7.961613405737));
#5720 = CARTESIAN_POINT('',(-2.382497034679,-0.786239390432,
    -8.026347798058));
#5721 = CARTESIAN_POINT('',(-2.384107359094,0.786219352625,
    -8.088660359277));
#5722 = CARTESIAN_POINT('',(-1.41380067127,1.896721601445,
    -8.153394752928));
#5723 = CARTESIAN_POINT('',(-0.114461446467,2.168151836945,
    -8.216417596733));
#5724 = CARTESIAN_POINT('',(0.949684388545,1.691685988833,
    -8.280266148609));
#5725 = CARTESIAN_POINT('',(1.48112088331,0.846060259828,-8.343868943751
    ));
#5726 = CARTESIAN_POINT('',(1.481118256672,1.954506584079E-07,
    -8.407503263116));
#5727 = CARTESIAN_POINT('',(1.449402297473,3.177183491299E-07,
    -7.68919296166));
#5728 = CARTESIAN_POINT('',(1.449399839451,-0.827946314358,
    -7.752827109897));
#5729 = CARTESIAN_POINT('',(0.9292546528,-1.655420933923,-7.816427095011
    ));
#5730 = CARTESIAN_POINT('',(-0.111556375022,-2.121849910385,
    -7.880293409483));
#5731 = CARTESIAN_POINT('',(-1.384591782809,-1.855840131461,
    -7.943264893831));
#5732 = CARTESIAN_POINT('',(-2.33147915056,-0.769730015634,
    -8.008091208029));
#5733 = CARTESIAN_POINT('',(-2.333031400958,0.769710606632,
    -8.070292946736));
#5734 = CARTESIAN_POINT('',(-1.383548804952,1.855872006534,
    -8.135119262215));
#5735 = CARTESIAN_POINT('',(-0.111995981182,2.121832814988,
    -8.198090745115));
#5736 = CARTESIAN_POINT('',(0.929343147826,1.655424589627,
    -8.261957060346));
#5737 = CARTESIAN_POINT('',(1.449402709392,0.82794684389,-8.325557045302
    ));
#5738 = CARTESIAN_POINT('',(1.449400190902,2.118126902206E-07,
    -8.38919119353));
#5739 = CARTESIAN_POINT('',(1.427050196637,3.350140342639E-07,
    -7.658199017032));
#5740 = CARTESIAN_POINT('',(1.427047915721,-0.815181598353,
    -7.721833044667));
#5741 = CARTESIAN_POINT('',(0.91492402821,-1.629867329962,
    -7.785431049411));
#5742 = CARTESIAN_POINT('',(-0.109838587128,-2.089207715906,
    -7.849309881912));
#5743 = CARTESIAN_POINT('',(-1.363226155866,-1.827054534775,
    -7.912245171704));
#5744 = CARTESIAN_POINT('',(-2.295555083099,-0.758095367579,
    -7.977136264098));
#5745 = CARTESIAN_POINT('',(-2.297009019239,0.758077087897,
    -8.039259905185));
#5746 = CARTESIAN_POINT('',(-1.362249338823,1.827084330792,
    -8.104150998779));
#5747 = CARTESIAN_POINT('',(-0.110250432025,2.089191698799,
    -8.167086287215));
#5748 = CARTESIAN_POINT('',(0.9150068451,1.629870794048,-8.230965120428)
  );
#5749 = CARTESIAN_POINT('',(1.427050568209,0.815182156711,
    -8.294563125022));
#5750 = CARTESIAN_POINT('',(1.427048223533,2.233431107279E-07,
    -8.358197152649));
#5751 = CARTESIAN_POINT('',(1.418970869284,3.412655684154E-07,
    -7.620005697543));
#5752 = CARTESIAN_POINT('',(1.418968798012,-0.810567733279,
    -7.683639681585));
#5753 = CARTESIAN_POINT('',(0.909746616293,-1.620630954233,
    -7.747236970511));
#5754 = CARTESIAN_POINT('',(-0.109229790787,-2.077408574706,
    -7.811120327732));
#5755 = CARTESIAN_POINT('',(-1.355474660975,-1.81665074226,
    -7.874042534796));
#5756 = CARTESIAN_POINT('',(-2.282612978253,-0.753889458822,
    -7.938957041601));
#5757 = CARTESIAN_POINT('',(-2.283945750448,0.753872611179,
    -8.001052453946));
#5758 = CARTESIAN_POINT('',(-1.354579340378,1.816678000249,
    -8.06596696185));
#5759 = CARTESIAN_POINT('',(-0.109607389323,2.077393888301,
    -8.128889167671));
#5760 = CARTESIAN_POINT('',(0.909822464819,1.620634166095,
    -8.192772525545));
#5761 = CARTESIAN_POINT('',(1.418971196871,0.810568302056,
    -8.256369814333));
#5762 = CARTESIAN_POINT('',(1.418969060649,2.275107535421E-07,
    -8.320003798369));
#5763 = CARTESIAN_POINT('',(1.427049209821,3.350144653358E-07,
    -7.581812169318));
#5764 = CARTESIAN_POINT('',(1.427047341054,-0.81518112873,
    -7.645446196947));
#5765 = CARTESIAN_POINT('',(0.914930457341,-1.629866648729,
    -7.709044201607));
#5766 = CARTESIAN_POINT('',(-0.109872785072,-2.089205183486,
    -7.772923034627));
#5767 = CARTESIAN_POINT('',(-1.363143887813,-1.827056003783,
    -7.835858322975));
#5768 = CARTESIAN_POINT('',(-2.295674929265,-0.758093490742,
    -7.900749417852));
#5769 = CARTESIAN_POINT('',(-2.296886526114,0.758078108681,
    -7.962873056066));
#5770 = CARTESIAN_POINT('',(-1.362330037198,1.827080743625,
    -8.027764151943));
#5771 = CARTESIAN_POINT('',(-0.110216106662,2.089191829401,
    -8.09069943916));
#5772 = CARTESIAN_POINT('',(0.914999361293,1.629869595005,
    -8.154578272774));
#5773 = CARTESIAN_POINT('',(1.427049498183,0.815181687089,
    -8.218176277308));
#5774 = CARTESIAN_POINT('',(1.427047565656,2.233433135934E-07,
    -8.281810304931));
#5775 = CARTESIAN_POINT('',(1.449400509849,3.177191288672E-07,
    -7.550817647182));
#5776 = CARTESIAN_POINT('',(1.449398798438,-0.827945463634,
    -7.614451795409));
#5777 = CARTESIAN_POINT('',(0.929266299216,-1.655419699866,
    -7.67805178037));
#5778 = CARTESIAN_POINT('',(-0.111618324839,-2.121845322887,
    -7.741918095782));
#5779 = CARTESIAN_POINT('',(-1.38444275365,-1.85584279258,
    -7.804889577514));
#5780 = CARTESIAN_POINT('',(-2.331696252739,-0.769726615729,
    -7.869715896209));
#5781 = CARTESIAN_POINT('',(-2.332809503795,0.769712455788,
    -7.931917629712));
#5782 = CARTESIAN_POINT('',(-1.383694990628,1.855865508357,
    -7.996743949327));
#5783 = CARTESIAN_POINT('',(-0.111933800545,2.121833051574,
    -8.05971543002));
#5784 = CARTESIAN_POINT('',(0.929329590856,1.655422417552,
    -8.123581745978));
#5785 = CARTESIAN_POINT('',(1.449400771033,0.827945993166,
    -8.187181730823));
#5786 = CARTESIAN_POINT('',(1.449398999153,2.118130570383E-07,
    -8.250815879045));
#5787 = CARTESIAN_POINT('',(1.481118181332,2.931762457248E-07,
    -7.532504894675));
#5788 = CARTESIAN_POINT('',(1.481116554713,-0.84605869531,
    -7.596139214036));
#5789 = CARTESIAN_POINT('',(0.949607240395,-1.691680674544,
    -7.659742009149));
#5790 = CARTESIAN_POINT('',(-0.11408381962,-2.168163765871,
    -7.723590561428));
#5791 = CARTESIAN_POINT('',(-1.414694295619,-1.896691840685,
    -7.786613403426));
#5792 = CARTESIAN_POINT('',(-2.382771598689,-0.786235090654,
    -7.851347801436));
#5793 = CARTESIAN_POINT('',(-2.38382673098,0.786221691209,
    -7.913660356072));
#5794 = CARTESIAN_POINT('',(-1.41398554885,1.896713383353,
    -7.978394754954));
#5795 = CARTESIAN_POINT('',(-0.114382808081,2.16815213615,
    -8.041417595967));
#5796 = CARTESIAN_POINT('',(0.949667243365,1.691683241861,
    -8.105266148763));
#5797 = CARTESIAN_POINT('',(1.481118431913,0.846059183938,
    -8.168868943766));
#5798 = CARTESIAN_POINT('',(1.481116749495,1.95451120899E-07,
    -8.232503263122));
#5799 = ADVANCED_FACE('',(#5800),#5810,.T.);
#5800 = FACE_BOUND('',#5801,.T.);
#5801 = EDGE_LOOP('',(#5802,#5803,#5804,#5805));
#5802 = ORIENTED_EDGE('',*,*,#5427,.F.);
#5803 = ORIENTED_EDGE('',*,*,#5396,.T.);
#5804 = ORIENTED_EDGE('',*,*,#5687,.T.);
#5805 = ORIENTED_EDGE('',*,*,#5806,.F.);
#5806 = EDGE_CURVE('',#5428,#5688,#5807,.T.);
#5807 = B_SPLINE_CURVE_WITH_KNOTS('',1,(#5808,#5809),.UNSPECIFIED.,.F.,
  .F.,(2,2),(0.,0.49),.PIECEWISE_BEZIER_KNOTS.);
#5808 = CARTESIAN_POINT('',(1.905472814559,-2.345623484202E-08,
    -8.652499608396));
#5809 = CARTESIAN_POINT('',(1.481118256672,1.954506574747E-07,
    -8.407503263116));
#5810 = B_SPLINE_SURFACE_WITH_KNOTS('',1,10,(
    (#5811,#5812,#5813,#5814,#5815,#5816,#5817,#5818,#5819,#5820,#5821)
    ,(#5822,#5823,#5824,#5825,#5826,#5827,#5828,#5829,#5830,#5831,#5832
    )),.UNSPECIFIED.,.F.,.F.,.F.,(2,2),(11,11),(0.,0.49),(0.,
    6.322058019692),.PIECEWISE_BEZIER_KNOTS.);
#5811 = CARTESIAN_POINT('',(1.905476054991,-3.51856087586E-08,
    -7.952499412573));
#5812 = CARTESIAN_POINT('',(1.905471566728,-1.19723877069,
    -8.022499682477));
#5813 = CARTESIAN_POINT('',(1.069740736253,-2.394505370871,
    -8.092504576952));
#5814 = CARTESIAN_POINT('',(-0.603220144144,-2.932099528713,
    -8.162485211357));
#5815 = CARTESIAN_POINT('',(-2.514380094034,-2.178610276696,
    -8.232514167242));
#5816 = CARTESIAN_POINT('',(-3.526360702879,-6.787021904309E-05,
    -8.302499508692));
#5817 = CARTESIAN_POINT('',(-2.513883393691,2.178710573958,
    -8.372484856586));
#5818 = CARTESIAN_POINT('',(-0.603698409554,2.932061137746,
    -8.442513808244));
#5819 = CARTESIAN_POINT('',(1.069907061285,2.394511572552,
    -8.512494444325));
#5820 = CARTESIAN_POINT('',(1.905477295451,1.197238712049,
    -8.582499338511));
#5821 = CARTESIAN_POINT('',(1.905472814559,-2.345623484202E-08,
    -8.652499608396));
#5822 = CARTESIAN_POINT('',(1.481120442099,2.931752574425E-07,
    -7.707504894661));
#5823 = CARTESIAN_POINT('',(1.481117614174,-0.930665777639,
    -7.777502645971));
#5824 = CARTESIAN_POINT('',(0.831475821952,-1.86079700358,
    -7.847461867868));
#5825 = CARTESIAN_POINT('',(-0.468733665789,-2.280119701018,
    -7.917623209131));
#5826 = CARTESIAN_POINT('',(-1.954763980759,-1.692466696634,
    -7.987381975676));
#5827 = CARTESIAN_POINT('',(-2.740556702726,-4.62623622024E-05,
    -8.05750407768));
#5828 = CARTESIAN_POINT('',(-1.954429598998,1.692533643131,
    -8.127626184027));
#5829 = CARTESIAN_POINT('',(-0.469057031164,2.280093641727,
    -8.197384947721));
#5830 = CARTESIAN_POINT('',(0.831587331339,1.860801482737,
    -8.267546290119));
#5831 = CARTESIAN_POINT('',(1.481121145974,0.930666266266,
    -8.337505511815));
#5832 = CARTESIAN_POINT('',(1.481118256672,1.954506574747E-07,
    -8.407503263116));
#5833 = ADVANCED_FACE('',(#5834),#5948,.T.);
#5834 = FACE_BOUND('',#5835,.F.);
#5835 = EDGE_LOOP('',(#5836,#5888,#5889,#5941));
#5836 = ORIENTED_EDGE('',*,*,#5837,.F.);
#5837 = EDGE_CURVE('',#5428,#5838,#5840,.T.);
#5838 = VERTEX_POINT('',#5839);
#5839 = CARTESIAN_POINT('',(-1.817908459604,0.393457535829,-9.));
#5840 = B_SPLINE_CURVE_WITH_KNOTS('',6,(#5841,#5842,#5843,#5844,#5845,
    #5846,#5847,#5848,#5849,#5850,#5851,#5852,#5853,#5854,#5855,#5856,
    #5857,#5858,#5859,#5860,#5861,#5862,#5863,#5864,#5865,#5866,#5867,
    #5868,#5869,#5870,#5871,#5872,#5873,#5874,#5875,#5876,#5877,#5878,
    #5879,#5880,#5881,#5882,#5883,#5884,#5885,#5886,#5887),
  .UNSPECIFIED.,.F.,.F.,(7,5,5,5,5,5,5,5,5,7),(0.,0.103009851637,
    0.234114355311,0.423210131163,0.494135311546,0.595275546932,
    0.694546517332,0.750013866033,0.929963063759,1.),.UNSPECIFIED.);
#5841 = CARTESIAN_POINT('',(1.86,1.312061570502E-12,-8.626246388843));
#5842 = CARTESIAN_POINT('',(1.86,-0.107124493881,-8.632663060466));
#5843 = CARTESIAN_POINT('',(1.852596164025,-0.214251253743,
    -8.639079328941));
#5844 = CARTESIAN_POINT('',(1.837788798024,-0.320735085878,
    -8.645496025868));
#5845 = CARTESIAN_POINT('',(1.815651809469,-0.42593915589,
    -8.651913876615));
#5846 = CARTESIAN_POINT('',(1.786331661349,-0.529239584606,
    -8.658333070739));
#5847 = CARTESIAN_POINT('',(1.703864618419,-0.758309843852,
    -8.672923503967));
#5848 = CARTESIAN_POINT('',(1.646396579887,-0.88253496072,
    -8.681095817692));
#5849 = CARTESIAN_POINT('',(1.5780923011,-1.001447737318,-8.689267938894
    ));
#5850 = CARTESIAN_POINT('',(1.499583061226,-1.113885659532,
    -8.697438726128));
#5851 = CARTESIAN_POINT('',(1.411651697168,-1.21878166295,
    -8.705607820648));
#5852 = CARTESIAN_POINT('',(1.176194810842,-1.454247989773,
    -8.725552484934));
#5853 = CARTESIAN_POINT('',(1.019466510361,-1.57569791465,
    -8.737328874078));
#5854 = CARTESIAN_POINT('',(0.847922485544,-1.676647925446,
    -8.74909635058));
#5855 = CARTESIAN_POINT('',(0.664945180857,-1.75498795706,
    -8.760861837134));
#5856 = CARTESIAN_POINT('',(0.47423767756,-1.809245553655,
    -8.772632837739));
#5857 = CARTESIAN_POINT('',(0.206908054624,-1.84992684532,
    -8.788819681441));
#5858 = CARTESIAN_POINT('',(0.133460876207,-1.857553480637,
    -8.793235426345));
#5859 = CARTESIAN_POINT('',(5.96928780092E-02,-1.861678740333,
    -8.797651755911));
#5860 = CARTESIAN_POINT('',(-1.418779826755E-02,-1.862287680804,
    -8.802068706173));
#5861 = CARTESIAN_POINT('',(-8.797248313765E-02,-1.859381904979,
    -8.806486269892));
#5862 = CARTESIAN_POINT('',(-0.266234702492,-1.843849737901,
    -8.817204702993));
#5863 = CARTESIAN_POINT('',(-0.370399959998,-1.827609242581,
    -8.823506297394));
#5864 = CARTESIAN_POINT('',(-0.473340216897,-1.804311232751,
    -8.829808781524));
#5865 = CARTESIAN_POINT('',(-0.574460812402,-1.774076262698,
    -8.836112015249));
#5866 = CARTESIAN_POINT('',(-0.67318442706,-1.7370911423,-8.842415792427
    ));
#5867 = CARTESIAN_POINT('',(-0.862956639255,-1.650928102519,
    -8.854906736268));
#5868 = CARTESIAN_POINT('',(-0.954116954733,-1.601986544943,
    -8.861094143871));
#5869 = CARTESIAN_POINT('',(-1.041911517878,-1.547021634247,
    -8.867281178459));
#5870 = CARTESIAN_POINT('',(-1.12584733371,-1.486327004357,
    -8.873467714233));
#5871 = CARTESIAN_POINT('',(-1.205466912695,-1.420249068173,
    -8.87965371902));
#5872 = CARTESIAN_POINT('',(-1.32219348856,-1.309477664193,
    -8.889294870375));
#5873 = CARTESIAN_POINT('',(-1.362557585382,-1.268213403867,
    -8.892750612064));
#5874 = CARTESIAN_POINT('',(-1.401371389435,-1.225460903122,
    -8.89620613146));
#5875 = CARTESIAN_POINT('',(-1.438566870197,-1.181293255768,
    -8.899661432199));
#5876 = CARTESIAN_POINT('',(-1.47408066036,-1.135787640204,
    -8.903116527723));
#5877 = CARTESIAN_POINT('',(-1.617422938421,-0.937317291085,
    -8.917779997952));
#5878 = CARTESIAN_POINT('',(-1.708697631951,-0.772349610309,
    -8.928988937239));
#5879 = CARTESIAN_POINT('',(-1.779617048266,-0.596948737868,
    -8.94019409745));
#5880 = CARTESIAN_POINT('',(-1.828812908685,-0.414262274343,
    -8.951399986896));
#5881 = CARTESIAN_POINT('',(-1.855479937536,-0.22762579301,
    -8.962610339311));
#5882 = CARTESIAN_POINT('',(-1.861145531915,3.228037005402E-02,
    -8.978182941066));
#5883 = CARTESIAN_POINT('',(-1.859311217039,0.105171580687,
    -8.982546070925));
#5884 = CARTESIAN_POINT('',(-1.854050966949,0.177935736537,
    -8.98690944646));
#5885 = CARTESIAN_POINT('',(-1.845376121095,0.250372233722,
    -8.99127303355));
#5886 = CARTESIAN_POINT('',(-1.833313687191,0.322281965728,
    -8.995636776892));
#5887 = CARTESIAN_POINT('',(-1.817906341211,0.393467323402,-9.0000006));
#5888 = ORIENTED_EDGE('',*,*,#5623,.T.);
#5889 = ORIENTED_EDGE('',*,*,#5890,.T.);
#5890 = EDGE_CURVE('',#5521,#5891,#5893,.T.);
#5891 = VERTEX_POINT('',#5892);
#5892 = CARTESIAN_POINT('',(-1.563834055532,-1.006987113502,-9.));
#5893 = B_SPLINE_CURVE_WITH_KNOTS('',6,(#5894,#5895,#5896,#5897,#5898,
    #5899,#5900,#5901,#5902,#5903,#5904,#5905,#5906,#5907,#5908,#5909,
    #5910,#5911,#5912,#5913,#5914,#5915,#5916,#5917,#5918,#5919,#5920,
    #5921,#5922,#5923,#5924,#5925,#5926,#5927,#5928,#5929,#5930,#5931,
    #5932,#5933,#5934,#5935,#5936,#5937,#5938,#5939,#5940),
  .UNSPECIFIED.,.F.,.F.,(7,5,5,5,5,5,5,5,5,7),(0.,6.119350836136E-02,
    0.118368098703,0.3115417718,0.345937835953,0.455982944223,
    0.641824921601,0.699307666795,0.929163351334,1.),.UNSPECIFIED.);
#5894 = CARTESIAN_POINT('',(1.86,5.306866057708E-14,-8.713750282807));
#5895 = CARTESIAN_POINT('',(1.86,-4.874235406707E-02,-8.716669788769));
#5896 = CARTESIAN_POINT('',(1.858467209799,-9.748476920337E-02,
    -8.719589479617));
#5897 = CARTESIAN_POINT('',(1.855401642323,-0.146166781715,
    -8.722509256852));
#5898 = CARTESIAN_POINT('',(1.850806461129,-0.194728201147,
    -8.72542903516));
#5899 = CARTESIAN_POINT('',(1.844687980396,-0.243109110282,
    -8.728348742411));
#5900 = CARTESIAN_POINT('',(1.82992460607,-0.336228948898,
    -8.733996152035));
#5901 = CARTESIAN_POINT('',(1.821472004606,-0.380998513832,-8.736723876)
  );
#5902 = CARTESIAN_POINT('',(1.811705586166,-0.425509910376,
    -8.739451447961));
#5903 = CARTESIAN_POINT('',(1.800635413436,-0.469715052233,
    -8.74217884211));
#5904 = CARTESIAN_POINT('',(1.788273886163,-0.51356641637,
    -8.744906050423));
#5905 = CARTESIAN_POINT('',(1.728557045177,-0.703822067772,
    -8.756846805598));
#5906 = CARTESIAN_POINT('',(1.667900775592,-0.846066847707,
    -8.766059386475));
#5907 = CARTESIAN_POINT('',(1.59323915675,-0.981911101513,
    -8.775269209513));
#5908 = CARTESIAN_POINT('',(1.505446445872,-1.109664095094,
    -8.784479741428));
#5909 = CARTESIAN_POINT('',(1.405639801438,-1.227783630784,
    -8.793693681937));
#5910 = CARTESIAN_POINT('',(1.275543341429,-1.354008795319,
    -8.804550476758));
#5911 = CARTESIAN_POINT('',(1.255542657358,-1.372739555218,
    -8.806191516268));
#5912 = CARTESIAN_POINT('',(1.235212416104,-1.391115301814,
    -8.807832646318));
#5913 = CARTESIAN_POINT('',(1.214560512556,-1.409128813246,
    -8.809473868068));
#5914 = CARTESIAN_POINT('',(1.193595059757,-1.426773096403,
    -8.811115180824));
#5915 = CARTESIAN_POINT('',(1.104272030751,-1.499288722577,
    -8.818008001902));
#5916 = CARTESIAN_POINT('',(1.033094649284,-1.550688088408,
    -8.823260388858));
#5917 = CARTESIAN_POINT('',(0.959065840673,-1.598017463455,
    -8.828513592118));
#5918 = CARTESIAN_POINT('',(0.882477771288,-1.641082260305,
    -8.833767502813));
#5919 = CARTESIAN_POINT('',(0.803639594324,-1.679716253367,
    -8.839021937372));
#5920 = CARTESIAN_POINT('',(0.58648369845,-1.771312914978,
    -8.853150356467));
#5921 = CARTESIAN_POINT('',(0.444586651863,-1.815821960097,
    -8.862025473849));
#5922 = CARTESIAN_POINT('',(0.298762919063,-1.846639713611,
    -8.870899082389));
#5923 = CARTESIAN_POINT('',(0.150661185323,-1.863375308616,
    -8.87977061592));
#5924 = CARTESIAN_POINT('',(1.969169834116E-03,-1.865880057048,
    -8.888640391777));
#5925 = CARTESIAN_POINT('',(-0.191250469353,-1.850707880869,
    -8.900249572148));
#5926 = CARTESIAN_POINT('',(-0.2367906589,-1.84577524738,-8.902991880463
    ));
#5927 = CARTESIAN_POINT('',(-0.282175151704,-1.839498157414,
    -8.905733962282));
#5928 = CARTESIAN_POINT('',(-0.327354418286,-1.831882960433,
    -8.908475827437));
#5929 = CARTESIAN_POINT('',(-0.372279306527,-1.822938435345,
    -8.911217491334));
#5930 = CARTESIAN_POINT('',(-0.595329532557,-1.771638654069,
    -8.924921318408));
#5931 = CARTESIAN_POINT('',(-0.768945264103,-1.709517376576,
    -8.935882827419));
#5932 = CARTESIAN_POINT('',(-0.934556495954,-1.627030994129,
    -8.946840320653));
#5933 = CARTESIAN_POINT('',(-1.089250295236,-1.525536355526,
    -8.9577986467));
#5934 = CARTESIAN_POINT('',(-1.230386223691,-1.406865736937,
    -8.968761650739));
#5935 = CARTESIAN_POINT('',(-1.394364140479,-1.232287432688,
    -8.983103736196));
#5936 = CARTESIAN_POINT('',(-1.431496742415,-1.189754245443,
    -8.986482656785));
#5937 = CARTESIAN_POINT('',(-1.467068070395,-1.145883153863,
    -8.989861814334));
#5938 = CARTESIAN_POINT('',(-1.501018394174,-1.100746036509,
    -8.993241202707));
#5939 = CARTESIAN_POINT('',(-1.533292457563,-1.054418262553,
    -8.996620806292));
#5940 = CARTESIAN_POINT('',(-1.563839478434,-1.006978691777,-9.0000006)
  );
#5941 = ORIENTED_EDGE('',*,*,#5942,.F.);
#5942 = EDGE_CURVE('',#5838,#5891,#5943,.T.);
#5943 = CIRCLE('',#5944,1.86);
#5944 = AXIS2_PLACEMENT_3D('',#5945,#5946,#5947);
#5945 = CARTESIAN_POINT('',(0.,0.,-9.));
#5946 = DIRECTION('',(0.,0.,1.));
#5947 = DIRECTION('',(1.,0.,-0.));
#5948 = CYLINDRICAL_SURFACE('',#5949,1.86);
#5949 = AXIS2_PLACEMENT_3D('',#5950,#5951,#5952);
#5950 = CARTESIAN_POINT('',(0.,0.,-0.2));
#5951 = DIRECTION('',(-0.,-0.,-1.));
#5952 = DIRECTION('',(1.,0.,0.));
#5953 = ADVANCED_FACE('',(#5954),#5980,.T.);
#5954 = FACE_BOUND('',#5955,.T.);
#5955 = EDGE_LOOP('',(#5956,#5973,#5974,#5975));
#5956 = ORIENTED_EDGE('',*,*,#5957,.F.);
#5957 = EDGE_CURVE('',#5638,#5958,#5960,.T.);
#5958 = VERTEX_POINT('',#5959);
#5959 = CARTESIAN_POINT('',(1.481115317668,9.772588344049E-08,
    -8.932501631566));
#5960 = ( BOUNDED_CURVE() B_SPLINE_CURVE(11,(#5961,#5962,#5963,#5964,
    #5965,#5966,#5967,#5968,#5969,#5970,#5971,#5972),.UNSPECIFIED.,.F.,
.F.) B_SPLINE_CURVE_WITH_KNOTS((12,12),(0.,6.322058019692),
.PIECEWISE_BEZIER_KNOTS.) CURVE() GEOMETRIC_REPRESENTATION_ITEM() 
RATIONAL_B_SPLINE_CURVE((1.056590953773,1.056590953773,1.056590953773,
    1.056590953772,1.056590953774,1.056590953772,1.056590953774,
    1.056590953772,1.056590953774,1.056590953773,1.056590953773,
1.056590953773)) REPRESENTATION_ITEM('') );
#5961 = CARTESIAN_POINT('',(1.481116749495,1.95451127033E-07,
    -8.232503263122));
#5962 = CARTESIAN_POINT('',(1.481115067081,-0.846057975351,
    -8.296137582481));
#5963 = CARTESIAN_POINT('',(0.949606210639,-1.691679100295,
    -8.359740377455));
#5964 = CARTESIAN_POINT('',(-0.114083852133,-2.168161667294,
    -8.423588930552));
#5965 = CARTESIAN_POINT('',(-1.414693053211,-1.896689903464,
    -8.486611770215));
#5966 = CARTESIAN_POINT('',(-2.382769347765,-0.786234188075,
    -8.55134617239));
#5967 = CARTESIAN_POINT('',(-2.383824373141,0.786221103259,
    -8.613658722008));
#5968 = CARTESIAN_POINT('',(-1.413984058207,1.896711632538,
    -8.678393125056));
#5969 = CARTESIAN_POINT('',(-0.114382553714,2.168150052789,
    -8.741415963732));
#5970 = CARTESIAN_POINT('',(0.949666436768,1.69168154226,-8.805264517347
    ));
#5971 = CARTESIAN_POINT('',(1.48111705588,0.846058268528,-8.868867312211
    ));
#5972 = CARTESIAN_POINT('',(1.481115317668,9.772590750523E-08,
    -8.932501631566));
#5973 = ORIENTED_EDGE('',*,*,#5656,.T.);
#5974 = ORIENTED_EDGE('',*,*,#5520,.T.);
#5975 = ORIENTED_EDGE('',*,*,#5976,.F.);
#5976 = EDGE_CURVE('',#5958,#5521,#5977,.T.);
#5977 = B_SPLINE_CURVE_WITH_KNOTS('',1,(#5978,#5979),.UNSPECIFIED.,.F.,
  .F.,(2,2),(0.,0.49),.PIECEWISE_BEZIER_KNOTS.);
#5978 = CARTESIAN_POINT('',(1.481115317668,9.772590742303E-08,
    -8.932501631566));
#5979 = CARTESIAN_POINT('',(1.905466710493,-1.17271628766E-08,
    -8.687499804211));
#5980 = B_SPLINE_SURFACE_WITH_KNOTS('',1,10,(
    (#5981,#5982,#5983,#5984,#5985,#5986,#5987,#5988,#5989,#5990,#5991)
    ,(#5992,#5993,#5994,#5995,#5996,#5997,#5998,#5999,#6000,#6001,#6002
    )),.UNSPECIFIED.,.F.,.F.,.F.,(2,2),(11,11),(0.,0.49),(0.,
    6.322058019692),.PIECEWISE_BEZIER_KNOTS.);
#5981 = CARTESIAN_POINT('',(1.481116749495,1.954511273394E-07,
    -8.232503263122));
#5982 = CARTESIAN_POINT('',(1.481114898839,-0.930663792431,
    -8.302501014417));
#5983 = CARTESIAN_POINT('',(0.831493168817,-1.860793613154,
    -8.372460235908));
#5984 = CARTESIAN_POINT('',(-0.468788387763,-2.280110109383,
    -8.442621578803));
#5985 = CARTESIAN_POINT('',(-1.954701972038,-1.692474422668,
    -8.51238034272));
#5986 = CARTESIAN_POINT('',(-2.740550562653,-3.028481484479E-05,
    -8.582502446553));
#5987 = CARTESIAN_POINT('',(-1.954482863585,1.692518319633,
    -8.65262455323));
#5988 = CARTESIAN_POINT('',(-0.469000206293,2.280093044639,
    -8.722383315279));
#5989 = CARTESIAN_POINT('',(0.831566260561,1.860796532627,
    -8.792544658919));
#5990 = CARTESIAN_POINT('',(1.481117229701,0.930664085609,
    -8.862503880276));
#5991 = CARTESIAN_POINT('',(1.481115317668,9.772590742303E-08,
    -8.932501631566));
#5992 = CARTESIAN_POINT('',(1.905467087286,-2.345447266653E-08,
    -7.987499608421));
#5993 = CARTESIAN_POINT('',(1.905466553234,-1.197234025044,
    -8.057499878272));
#5994 = CARTESIAN_POINT('',(1.069809979195,-2.394498641272,
    -8.127504771805));
#5995 = CARTESIAN_POINT('',(-0.603429102934,-2.932070982716,
    -8.197485410167));
#5996 = CARTESIAN_POINT('',(-2.514150701492,-2.178645941969,
    -8.267514359378));
#5997 = CARTESIAN_POINT('',(-3.526346748224,-7.865596641565E-06,
    -8.337499706107));
#5998 = CARTESIAN_POINT('',(-2.514092913297,2.178657641796,
    -8.407485053587));
#5999 = CARTESIAN_POINT('',(-0.603484671469,2.932066527662,
    -8.477514002306));
#6000 = CARTESIAN_POINT('',(1.069829354939,2.394499346467,
    -8.547494640862));
#6001 = CARTESIAN_POINT('',(1.905467237178,1.197233989862,
    -8.617499534362));
#6002 = CARTESIAN_POINT('',(1.905466710493,-1.17271628766E-08,
    -8.687499804211));
#6003 = ADVANCED_FACE('',(#6004),#6061,.T.);
#6004 = FACE_BOUND('',#6005,.T.);
#6005 = EDGE_LOOP('',(#6006,#6022,#6023,#6024,#6036));
#6006 = ORIENTED_EDGE('',*,*,#6007,.F.);
#6007 = EDGE_CURVE('',#5688,#6008,#6010,.T.);
#6008 = VERTEX_POINT('',#6009);
#6009 = CARTESIAN_POINT('',(0.843434096678,1.217466655655,-9.));
#6010 = B_SPLINE_CURVE_WITH_KNOTS('',10,(#6011,#6012,#6013,#6014,#6015,
    #6016,#6017,#6018,#6019,#6020,#6021),.UNSPECIFIED.,.F.,.F.,(11,11),(
    0.,6.322058019692),.PIECEWISE_BEZIER_KNOTS.);
#6011 = CARTESIAN_POINT('',(1.481118256672,1.95450666467E-07,
    -8.407503263116));
#6012 = CARTESIAN_POINT('',(1.481115367376,-0.930664502519,
    -8.47750101442));
#6013 = CARTESIAN_POINT('',(0.831474472012,-1.860794309877,
    -8.547460236065));
#6014 = CARTESIAN_POINT('',(-0.468733123438,-2.280116312315,
    -8.617621578286));
#6015 = CARTESIAN_POINT('',(-1.954761210592,-1.692464064207,
    -8.68738034341));
#6016 = CARTESIAN_POINT('',(-2.740552655853,-4.608120812932E-05,
    -8.757502446135));
#6017 = CARTESIAN_POINT('',(-1.954426605972,1.692531268127,
    -8.827624553192));
#6018 = CARTESIAN_POINT('',(-0.469056187514,2.280090315122,
    -8.897383315473));
#6019 = CARTESIAN_POINT('',(0.831586226877,1.860798679256,
    -8.967544658824));
#6020 = CARTESIAN_POINT('',(1.48111902193,0.930664795696,-9.03750388027)
  );
#6021 = CARTESIAN_POINT('',(1.481116071257,9.772578050573E-08,
    -9.107501631564));
#6022 = ORIENTED_EDGE('',*,*,#5705,.T.);
#6023 = ORIENTED_EDGE('',*,*,#5957,.T.);
#6024 = ORIENTED_EDGE('',*,*,#6025,.F.);
#6025 = EDGE_CURVE('',#6026,#5958,#6028,.T.);
#6026 = VERTEX_POINT('',#6027);
#6027 = CARTESIAN_POINT('',(1.432597098469,1.10240240083E-07,-9.));
#6028 = ( BOUNDED_CURVE() B_SPLINE_CURVE(6,(#6029,#6030,#6031,#6032,
#6033,#6034,#6035),.UNSPECIFIED.,.F.,.F.) B_SPLINE_CURVE_WITH_KNOTS((7,7
),(0.,2.094395102393),.PIECEWISE_BEZIER_KNOTS.) CURVE() 
GEOMETRIC_REPRESENTATION_ITEM() RATIONAL_B_SPLINE_CURVE((1.056590953773,
    1.017435169568,0.996326512422,0.989390034249,0.996326512422,
1.017435169568,1.056590953773)) REPRESENTATION_ITEM('') );
#6029 = CARTESIAN_POINT('',(1.481116071257,9.772577899692E-08,
    -9.107501631564));
#6030 = CARTESIAN_POINT('',(1.449398084343,1.059067945564E-07,
    -9.089189425394));
#6031 = CARTESIAN_POINT('',(1.427046250442,1.116719920979E-07,
    -9.058195288261));
#6032 = CARTESIAN_POINT('',(1.418967252026,1.137557945896E-07,
    -9.02000189919));
#6033 = CARTESIAN_POINT('',(1.427045921503,1.116720480254E-07,
    -8.981808440541));
#6034 = CARTESIAN_POINT('',(1.449397488468,1.059068975018E-07,
    -8.950814110905));
#6035 = CARTESIAN_POINT('',(1.481115317668,9.772590750523E-08,
    -8.932501631566));
#6036 = ORIENTED_EDGE('',*,*,#6037,.T.);
#6037 = EDGE_CURVE('',#6026,#6008,#6038,.T.);
#6038 = B_SPLINE_CURVE_WITH_KNOTS('',6,(#6039,#6040,#6041,#6042,#6043,
    #6044,#6045,#6046,#6047,#6048,#6049,#6050,#6051,#6052,#6053,#6054,
    #6055,#6056,#6057,#6058,#6059,#6060),.UNSPECIFIED.,.F.,.F.,(7,5,5,5,
    7),(0.,0.17562377066,0.492196247611,0.766118851848,1.),
  .UNSPECIFIED.);
#6039 = CARTESIAN_POINT('',(1.432597098469,1.102402266002E-07,-9.));
#6040 = CARTESIAN_POINT('',(1.431927968823,4.26155109897E-02,-9.));
#6041 = CARTESIAN_POINT('',(1.429874830279,8.529623028127E-02,-9.));
#6042 = CARTESIAN_POINT('',(1.426423098663,0.127961316128,-9.));
#6043 = CARTESIAN_POINT('',(1.421568200764,0.1705311104,-9.));
#6044 = CARTESIAN_POINT('',(1.415315063488,0.212927156622,-9.));
#6045 = CARTESIAN_POINT('',(1.393910618255,0.331040933239,-9.));
#6046 = CARTESIAN_POINT('',(1.375645149495,0.406197270175,-9.));
#6047 = CARTESIAN_POINT('',(1.352963035859,0.480084047415,-9.));
#6048 = CARTESIAN_POINT('',(1.326044013496,0.55227108837,-9.));
#6049 = CARTESIAN_POINT('',(1.295154905076,0.622353461415,-9.));
#6050 = CARTESIAN_POINT('',(1.230875211436,0.748454410942,-9.));
#6051 = CARTESIAN_POINT('',(1.198383507494,0.805093606777,-9.));
#6052 = CARTESIAN_POINT('',(1.163472001933,0.859642040922,-9.));
#6053 = CARTESIAN_POINT('',(1.126472190288,0.91187725588,-9.));
#6054 = CARTESIAN_POINT('',(1.087807247413,0.961596347464,-9.));
#6055 = CARTESIAN_POINT('',(1.014183356154,1.048771717361,-9.));
#6056 = CARTESIAN_POINT('',(0.979531820819,1.086931232772,-9.));
#6057 = CARTESIAN_POINT('',(0.944491307627,1.123030795997,-9.));
#6058 = CARTESIAN_POINT('',(0.909577313254,1.156931165579,-9.));
#6059 = CARTESIAN_POINT('',(0.875518394535,1.188483521243,-9.));
#6060 = CARTESIAN_POINT('',(0.843451595523,1.217495523443,-9.));
#6061 = ( BOUNDED_SURFACE() B_SPLINE_SURFACE(6,11,(
    (#6062,#6063,#6064,#6065,#6066,#6067,#6068,#6069,#6070,#6071,#6072
      ,#6073)
    ,(#6074,#6075,#6076,#6077,#6078,#6079,#6080,#6081,#6082,#6083,#6084
      ,#6085)
    ,(#6086,#6087,#6088,#6089,#6090,#6091,#6092,#6093,#6094,#6095,#6096
      ,#6097)
    ,(#6098,#6099,#6100,#6101,#6102,#6103,#6104,#6105,#6106,#6107,#6108
      ,#6109)
    ,(#6110,#6111,#6112,#6113,#6114,#6115,#6116,#6117,#6118,#6119,#6120
      ,#6121)
    ,(#6122,#6123,#6124,#6125,#6126,#6127,#6128,#6129,#6130,#6131,#6132
      ,#6133)
    ,(#6134,#6135,#6136,#6137,#6138,#6139,#6140,#6141,#6142,#6143,#6144
,#6145
    )),.UNSPECIFIED.,.F.,.F.,.F.) B_SPLINE_SURFACE_WITH_KNOTS((7,7),(12,
    12),(0.,2.094395102393),(0.,6.322058019692),
.PIECEWISE_BEZIER_KNOTS.) GEOMETRIC_REPRESENTATION_ITEM() 
RATIONAL_B_SPLINE_SURFACE((
    (1.056590953773,1.056590953773,1.056590953773,1.056590953772
      ,1.056590953774,1.056590953772,1.056590953774,1.056590953772
      ,1.056590953774,1.056590953773,1.056590953773,1.056590953773)
    ,(1.017435169568,1.017435169568,1.017435169568,1.017435169567
      ,1.017435169569,1.017435169567,1.01743516957,1.017435169567
      ,1.017435169569,1.017435169568,1.017435169568,1.017435169568)
    ,(0.996326512422,0.996326512422,0.996326512422,0.996326512422
      ,0.996326512423,0.996326512421,0.996326512423,0.996326512422
      ,0.996326512422,0.996326512422,0.996326512422,0.996326512422)
    ,(0.989390034249,0.989390034249,0.989390034249,0.989390034248
      ,0.989390034249,0.989390034248,0.989390034249,0.989390034248
      ,0.989390034249,0.989390034249,0.989390034249,0.989390034249)
    ,(0.996326512422,0.996326512422,0.996326512422,0.996326512422
      ,0.996326512423,0.996326512421,0.996326512423,0.996326512422
      ,0.996326512422,0.996326512422,0.996326512422,0.996326512422)
    ,(1.017435169568,1.017435169568,1.017435169568,1.017435169568
      ,1.017435169569,1.017435169567,1.017435169569,1.017435169567
      ,1.017435169569,1.017435169568,1.017435169568,1.017435169568)
    ,(1.056590953773,1.056590953773,1.056590953773,1.056590953772
      ,1.056590953774,1.056590953772,1.056590953774,1.056590953772
      ,1.056590953774,1.056590953773,1.056590953773,1.056590953773
))) REPRESENTATION_ITEM('') SURFACE() );
#6062 = CARTESIAN_POINT('',(1.481118256672,1.954506673174E-07,
    -8.407503263116));
#6063 = CARTESIAN_POINT('',(1.481115630039,-0.846058620885,
    -8.471137582483));
#6064 = CARTESIAN_POINT('',(0.949590998441,-1.691679799449,
    -8.534740377585));
#6065 = CARTESIAN_POINT('',(-0.114005447274,-2.168166368492,
    -8.598588929914));
#6066 = CARTESIAN_POINT('',(-1.41488080766,-1.896685567488,
    -8.661611771665));
#6067 = CARTESIAN_POINT('',(-2.382493570936,-0.786238095613,
    -8.726346170335));
#6068 = CARTESIAN_POINT('',(-2.384103788433,0.786218372439,
    -8.788658723903));
#6069 = CARTESIAN_POINT('',(-1.413798461409,1.896718880097,
    -8.853393123904));
#6070 = CARTESIAN_POINT('',(-0.114461133721,2.168148653089,
    -8.916415964152));
#6071 = CARTESIAN_POINT('',(0.949683098706,1.6916834277,-8.980264517269)
  );
#6072 = CARTESIAN_POINT('',(1.481118753687,0.846058914062,
    -9.043867312206));
#6073 = CARTESIAN_POINT('',(1.481116071257,9.772577899692E-08,
    -9.107501631564));
#6074 = CARTESIAN_POINT('',(1.449400190902,2.118126991579E-07,
    -8.38919119353));
#6075 = CARTESIAN_POINT('',(1.449397672417,-0.827945217255,
    -8.452825341761));
#6076 = CARTESIAN_POINT('',(0.929253181022,-1.655418593542,
    -8.516425326677));
#6077 = CARTESIAN_POINT('',(-0.111556367268,-2.121846825826,
    -8.580291642345));
#6078 = CARTESIAN_POINT('',(-1.384589906833,-1.855837317471,
    -8.643263123265));
#6079 = CARTESIAN_POINT('',(-2.331475818202,-0.769728748689,
    -8.708089443583));
#6080 = CARTESIAN_POINT('',(-2.333027952732,0.769709680658,
    -8.770291174916));
#6081 = CARTESIAN_POINT('',(-1.38354665996,1.855869394547,
    -8.835117496516));
#6082 = CARTESIAN_POINT('',(-0.111995662535,2.121829746924,
    -8.898088975986));
#6083 = CARTESIAN_POINT('',(0.929341917893,1.655422113399,
    -8.961955292415));
#6084 = CARTESIAN_POINT('',(1.449400663296,0.827945534976,
    -9.025555277171));
#6085 = CARTESIAN_POINT('',(1.449398084343,1.059067945564E-07,
    -9.089189425394));
#6086 = CARTESIAN_POINT('',(1.427048223533,2.233431183052E-07,
    -8.358197152649));
#6087 = CARTESIAN_POINT('',(1.427045878862,-0.815180583235,
    -8.42183118028));
#6088 = CARTESIAN_POINT('',(0.914922635437,-1.629865145863,
    -8.485429184836));
#6089 = CARTESIAN_POINT('',(-0.109838598176,-2.089204825807,
    -8.549308018459));
#6090 = CARTESIAN_POINT('',(-1.363224414592,-1.827051887174,
    -8.612243305039));
#6091 = CARTESIAN_POINT('',(-2.295551968693,-0.758094160824,
    -8.677134403166));
#6092 = CARTESIAN_POINT('',(-2.297005782662,0.758076240673,
    -8.739258037345));
#6093 = CARTESIAN_POINT('',(-1.362247313888,1.827081896192,
    -8.804149136674));
#6094 = CARTESIAN_POINT('',(-0.110250115256,2.089188826092,
    -8.867084421896));
#6095 = CARTESIAN_POINT('',(0.915005707337,1.629868466707,
    -8.930963256231));
#6096 = CARTESIAN_POINT('',(1.427048658873,0.815180918251,
    -8.994561260637));
#6097 = CARTESIAN_POINT('',(1.427046250442,1.116719920979E-07,
    -9.058195288261));
#6098 = CARTESIAN_POINT('',(1.418969060649,2.275107641725E-07,
    -8.320003798369));
#6099 = CARTESIAN_POINT('',(1.418966924431,-0.810566814169,
    -8.383637782408));
#6100 = CARTESIAN_POINT('',(0.909745326609,-1.620628959497,
    -8.44723507116));
#6101 = CARTESIAN_POINT('',(-0.109229817636,-2.077405924628,
    -8.511118429412));
#6102 = CARTESIAN_POINT('',(-1.355473079315,-1.816648304485,
    -8.57404063353));
#6103 = CARTESIAN_POINT('',(-2.282610129683,-0.753888334318,
    -8.638955145591));
#6104 = CARTESIAN_POINT('',(-2.283942777426,0.753871852913,
    -8.701050551603));
#6105 = CARTESIAN_POINT('',(-1.354577469764,1.816675779455,
    -8.765965064765));
#6106 = CARTESIAN_POINT('',(-0.109607082237,2.077391255936,
    -8.828887267638));
#6107 = CARTESIAN_POINT('',(0.909821434901,1.620632025446,
    -8.892770626543));
#6108 = CARTESIAN_POINT('',(1.418969453194,0.810567155437,
    -8.956367915157));
#6109 = CARTESIAN_POINT('',(1.418967252026,1.137557945896E-07,
    -9.02000189919));
#6110 = CARTESIAN_POINT('',(1.427047565656,2.23343320449E-07,
    -8.281810304931));
#6111 = CARTESIAN_POINT('',(1.427045633132,-0.815180301462,
    -8.345444332559));
#6112 = CARTESIAN_POINT('',(0.914929275505,-1.629864840685,
    -8.409042337059));
#6113 = CARTESIAN_POINT('',(-0.109872821605,-2.089202773752,
    -8.472921171018));
#6114 = CARTESIAN_POINT('',(-1.363142460475,-1.827053779812,
    -8.535856456686));
#6115 = CARTESIAN_POINT('',(-2.295672344251,-0.758092455198,
    -8.600747556342));
#6116 = CARTESIAN_POINT('',(-2.296883818929,0.758077432665,
    -8.662871188798));
#6117 = CARTESIAN_POINT('',(-1.362328326198,1.82707873266,
    -8.727762289456));
#6118 = CARTESIAN_POINT('',(-0.110215815376,2.089189437055,
    -8.790697573992));
#6119 = CARTESIAN_POINT('',(0.914998434463,1.62986764372,-8.854576408545
    ));
#6120 = CARTESIAN_POINT('',(1.427047917787,0.815180636478,-8.91817441292
    ));
#6121 = CARTESIAN_POINT('',(1.427045921503,1.116720480254E-07,
    -8.981808440541));
#6122 = CARTESIAN_POINT('',(1.449398999153,2.118130648654E-07,
    -8.250815879045));
#6123 = CARTESIAN_POINT('',(1.449397227276,-0.827944706821,
    -8.31445002727));
#6124 = CARTESIAN_POINT('',(0.929265209551,-1.65541804071,
    -8.378050012085));
#6125 = CARTESIAN_POINT('',(-0.111618363251,-2.121843108513,
    -8.44191632836));
#6126 = CARTESIAN_POINT('',(-1.384441446371,-1.855840745997,
    -8.504887807628));
#6127 = CARTESIAN_POINT('',(-2.331693879375,-0.769725658936,
    -8.569714130718));
#6128 = CARTESIAN_POINT('',(-2.332807014567,0.769711839963,
    -8.631915858928));
#6129 = CARTESIAN_POINT('',(-1.383693414332,1.855863663784,
    -8.696742182937));
#6130 = CARTESIAN_POINT('',(-0.11193352806,2.12183085369,-8.759713661164
    ));
#6131 = CARTESIAN_POINT('',(0.929328743031,1.65542062255,-8.823579977987
    ));
#6132 = CARTESIAN_POINT('',(1.449399320813,0.827945024541,
    -8.887179962685));
#6133 = CARTESIAN_POINT('',(1.449397488468,1.059068975018E-07,
    -8.950814110905));
#6134 = CARTESIAN_POINT('',(1.481116749495,1.95451127033E-07,
    -8.232503263122));
#6135 = CARTESIAN_POINT('',(1.481115067081,-0.846057975351,
    -8.296137582481));
#6136 = CARTESIAN_POINT('',(0.949606210639,-1.691679100295,
    -8.359740377455));
#6137 = CARTESIAN_POINT('',(-0.114083852133,-2.168161667294,
    -8.423588930552));
#6138 = CARTESIAN_POINT('',(-1.414693053211,-1.896689903464,
    -8.486611770215));
#6139 = CARTESIAN_POINT('',(-2.382769347765,-0.786234188075,
    -8.55134617239));
#6140 = CARTESIAN_POINT('',(-2.383824373141,0.786221103259,
    -8.613658722008));
#6141 = CARTESIAN_POINT('',(-1.413984058207,1.896711632538,
    -8.678393125056));
#6142 = CARTESIAN_POINT('',(-0.114382553714,2.168150052789,
    -8.741415963732));
#6143 = CARTESIAN_POINT('',(0.949666436768,1.69168154226,-8.805264517347
    ));
#6144 = CARTESIAN_POINT('',(1.48111705588,0.846058268528,-8.868867312211
    ));
#6145 = CARTESIAN_POINT('',(1.481115317668,9.772590750523E-08,
    -8.932501631566));
#6146 = ADVANCED_FACE('',(#6147),#6177,.T.);
#6147 = FACE_BOUND('',#6148,.T.);
#6148 = EDGE_LOOP('',(#6149,#6150,#6151,#6152));
#6149 = ORIENTED_EDGE('',*,*,#5837,.F.);
#6150 = ORIENTED_EDGE('',*,*,#5806,.T.);
#6151 = ORIENTED_EDGE('',*,*,#6007,.T.);
#6152 = ORIENTED_EDGE('',*,*,#6153,.T.);
#6153 = EDGE_CURVE('',#6008,#5838,#6154,.T.);
#6154 = B_SPLINE_CURVE_WITH_KNOTS('',6,(#6155,#6156,#6157,#6158,#6159,
    #6160,#6161,#6162,#6163,#6164,#6165,#6166,#6167,#6168,#6169,#6170,
    #6171,#6172,#6173,#6174,#6175,#6176),.UNSPECIFIED.,.F.,.F.,(7,5,5,5,
    7),(0.,0.240812531898,0.480771545952,0.730893602,1.),.UNSPECIFIED.);
#6155 = CARTESIAN_POINT('',(0.843434096678,1.217466655655,-9.));
#6156 = CARTESIAN_POINT('',(0.744188751106,1.307268178266,-9.));
#6157 = CARTESIAN_POINT('',(0.634676095731,1.386632302077,-9.));
#6158 = CARTESIAN_POINT('',(0.516433945592,1.454179929597,-9.));
#6159 = CARTESIAN_POINT('',(0.391175438143,1.508910801113,-9.));
#6160 = CARTESIAN_POINT('',(0.260704301733,1.550126198399,-9.));
#6161 = CARTESIAN_POINT('',(-6.399532423128E-03,1.604735613578,-9.));
#6162 = CARTESIAN_POINT('',(-0.143043794519,1.618234811737,-9.));
#6163 = CARTESIAN_POINT('',(-0.281158100237,1.617623559776,-9.));
#6164 = CARTESIAN_POINT('',(-0.418922041683,1.602910960348,-9.));
#6165 = CARTESIAN_POINT('',(-0.554580275036,1.574375126523,-9.));
#6166 = CARTESIAN_POINT('',(-0.823928587962,1.489050285346,-9.));
#6167 = CARTESIAN_POINT('',(-0.957325365697,1.431105179108,-9.));
#6168 = CARTESIAN_POINT('',(-1.084765056025,1.359405149927,-9.));
#6169 = CARTESIAN_POINT('',(-1.204583964855,1.274902230132,-9.));
#6170 = CARTESIAN_POINT('',(-1.315314779123,1.178758363523,-9.));
#6171 = CARTESIAN_POINT('',(-1.523749943654,0.957906773376,-9.));
#6172 = CARTESIAN_POINT('',(-1.619856013553,0.831554714217,-9.));
#6173 = CARTESIAN_POINT('',(-1.702495102954,0.695036745307,-9.));
#6174 = CARTESIAN_POINT('',(-1.770538305488,0.550265187331,-9.));
#6175 = CARTESIAN_POINT('',(-1.823180838436,0.399253043901,-9.));
#6176 = CARTESIAN_POINT('',(-1.86,0.244122974911,-9.));
#6177 = B_SPLINE_SURFACE_WITH_KNOTS('',1,10,(
    (#6178,#6179,#6180,#6181,#6182,#6183,#6184,#6185,#6186,#6187,#6188)
    ,(#6189,#6190,#6191,#6192,#6193,#6194,#6195,#6196,#6197,#6198,#6199
    )),.UNSPECIFIED.,.F.,.F.,.F.,(2,2),(11,11),(0.,0.49),(0.,
    6.322058019692),.PIECEWISE_BEZIER_KNOTS.);
#6178 = CARTESIAN_POINT('',(1.905472814559,-2.345622489984E-08,
    -8.652499608396));
#6179 = CARTESIAN_POINT('',(1.905468333675,-1.197236723378,
    -8.722499878281));
#6180 = CARTESIAN_POINT('',(1.069738931337,-2.394501288822,
    -8.792504772404));
#6181 = CARTESIAN_POINT('',(-0.603219098495,-2.932094553855,
    -8.862485408199));
#6182 = CARTESIAN_POINT('',(-2.514375807997,-2.178606579821,
    -8.932514362006));
#6183 = CARTESIAN_POINT('',(-3.52635470238,-6.789189002898E-05,
    -9.002499704512));
#6184 = CARTESIAN_POINT('',(-2.51387913437,2.178706846072,
    -9.072485053448));
#6185 = CARTESIAN_POINT('',(-0.603697400108,2.932056155497,
    -9.142514003039));
#6186 = CARTESIAN_POINT('',(1.069905226943,2.39450750366,-9.212494640503
    ));
#6187 = CARTESIAN_POINT('',(1.905474047646,1.197236688195,
    -9.282499534339));
#6188 = CARTESIAN_POINT('',(1.905469574133,-1.172765300838E-08,
    -9.352499804205));
#6189 = CARTESIAN_POINT('',(1.481118256672,1.95450666467E-07,
    -8.407503263116));
#6190 = CARTESIAN_POINT('',(1.481115367376,-0.930664502519,
    -8.47750101442));
#6191 = CARTESIAN_POINT('',(0.831474472012,-1.860794309877,
    -8.547460236065));
#6192 = CARTESIAN_POINT('',(-0.468733123438,-2.280116312315,
    -8.617621578286));
#6193 = CARTESIAN_POINT('',(-1.954761210592,-1.692464064207,
    -8.68738034341));
#6194 = CARTESIAN_POINT('',(-2.740552655853,-4.608120812932E-05,
    -8.757502446135));
#6195 = CARTESIAN_POINT('',(-1.954426605972,1.692531268127,
    -8.827624553192));
#6196 = CARTESIAN_POINT('',(-0.469056187514,2.280090315122,
    -8.897383315473));
#6197 = CARTESIAN_POINT('',(0.831586226877,1.860798679256,
    -8.967544658824));
#6198 = CARTESIAN_POINT('',(1.48111902193,0.930664795696,-9.03750388027)
  );
#6199 = CARTESIAN_POINT('',(1.481116071257,9.772578050573E-08,
    -9.107501631564));
#6200 = ADVANCED_FACE('',(#6201),#6253,.F.);
#6201 = FACE_BOUND('',#6202,.F.);
#6202 = EDGE_LOOP('',(#6203,#6204,#6205,#6232,#6252));
#6203 = ORIENTED_EDGE('',*,*,#6153,.T.);
#6204 = ORIENTED_EDGE('',*,*,#5942,.T.);
#6205 = ORIENTED_EDGE('',*,*,#6206,.T.);
#6206 = EDGE_CURVE('',#5891,#6207,#6209,.T.);
#6207 = VERTEX_POINT('',#6208);
#6208 = CARTESIAN_POINT('',(1.217479187845,-0.843465542393,-9.));
#6209 = B_SPLINE_CURVE_WITH_KNOTS('',6,(#6210,#6211,#6212,#6213,#6214,
    #6215,#6216,#6217,#6218,#6219,#6220,#6221,#6222,#6223,#6224,#6225,
    #6226,#6227,#6228,#6229,#6230,#6231),.UNSPECIFIED.,.F.,.F.,(7,5,5,5,
    7),(0.,0.270202096281,0.519637051928,0.763057397953,1.),
  .UNSPECIFIED.);
#6210 = CARTESIAN_POINT('',(-1.798537703326,-0.629298901859,-9.));
#6211 = CARTESIAN_POINT('',(-1.724913233804,-0.786692482083,-9.));
#6212 = CARTESIAN_POINT('',(-1.634143330365,-0.93563816125,-9.));
#6213 = CARTESIAN_POINT('',(-1.527287105451,-1.073625603362,-9.));
#6214 = CARTESIAN_POINT('',(-1.405878455216,-1.198404535819,-9.));
#6215 = CARTESIAN_POINT('',(-1.271839533806,-1.307946103247,-9.));
#6216 = CARTESIAN_POINT('',(-0.994424943431,-1.486141924021,-9.));
#6217 = CARTESIAN_POINT('',(-0.852515747385,-1.557319378055,-9.));
#6218 = CARTESIAN_POINT('',(-0.703761953989,-1.612821252051,-9.));
#6219 = CARTESIAN_POINT('',(-0.550283402493,-1.651714054263,-9.));
#6220 = CARTESIAN_POINT('',(-0.394378091541,-1.673393538906,-9.));
#6221 = CARTESIAN_POINT('',(-8.642803028701E-02,-1.68197591139,-9.));
#6222 = CARTESIAN_POINT('',(6.566862633388E-02,-1.669706265987,-9.));
#6223 = CARTESIAN_POINT('',(0.215446973499,-1.640794849406,-9.));
#6224 = CARTESIAN_POINT('',(0.360602155574,-1.595565057884,-9.));
#6225 = CARTESIAN_POINT('',(0.498853130193,-1.534726656866,-9.));
#6226 = CARTESIAN_POINT('',(0.753763566621,-1.386290587519,-9.));
#6227 = CARTESIAN_POINT('',(0.87094295462,-1.299423069148,-9.));
#6228 = CARTESIAN_POINT('',(0.977538970471,-1.200028404012,-9.));
#6229 = CARTESIAN_POINT('',(1.071784744676,-1.089616580338,-9.));
#6230 = CARTESIAN_POINT('',(1.152143508449,-0.970015457447,-9.));
#6231 = CARTESIAN_POINT('',(1.217458786662,-0.843434742217,-9.));
#6232 = ORIENTED_EDGE('',*,*,#6233,.F.);
#6233 = EDGE_CURVE('',#6026,#6207,#6234,.T.);
#6234 = B_SPLINE_CURVE_WITH_KNOTS('',6,(#6235,#6236,#6237,#6238,#6239,
    #6240,#6241,#6242,#6243,#6244,#6245,#6246,#6247,#6248,#6249,#6250,
    #6251),.UNSPECIFIED.,.F.,.F.,(7,5,5,7),(0.,0.214669208152,
    0.639916160734,1.),.UNSPECIFIED.);
#6235 = CARTESIAN_POINT('',(1.43259709847,1.10240216622E-07,-9.));
#6236 = CARTESIAN_POINT('',(1.433127265095,-3.376499968654E-02,-9.));
#6237 = CARTESIAN_POINT('',(1.432788561143,-6.74887447831E-02,-9.));
#6238 = CARTESIAN_POINT('',(1.431587730094,-0.101130993599,-9.));
#6239 = CARTESIAN_POINT('',(1.429535934671,-0.134651256863,-9.));
#6240 = CARTESIAN_POINT('',(1.426648756833,-0.168008687484,-9.));
#6241 = CARTESIAN_POINT('',(1.415611648187,-0.266836983308,-9.));
#6242 = CARTESIAN_POINT('',(1.405078357226,-0.331707557364,-9.));
#6243 = CARTESIAN_POINT('',(1.391503353856,-0.395460516999,-9.));
#6244 = CARTESIAN_POINT('',(1.375122796962,-0.457765092617,-9.));
#6245 = CARTESIAN_POINT('',(1.356267479065,-0.518276419218,-9.));
#6246 = CARTESIAN_POINT('',(1.317844431264,-0.62599350793,-9.));
#6247 = CARTESIAN_POINT('',(1.298840594583,-0.673784197996,-9.));
#6248 = CARTESIAN_POINT('',(1.278755909134,-0.719788273302,-9.));
#6249 = CARTESIAN_POINT('',(1.258022247203,-0.763695888467,-9.));
#6250 = CARTESIAN_POINT('',(1.237266352835,-0.805113724941,-9.));
#6251 = CARTESIAN_POINT('',(1.217479187845,-0.843465542393,-9.));
#6252 = ORIENTED_EDGE('',*,*,#6037,.T.);
#6253 = PLANE('',#6254);
#6254 = AXIS2_PLACEMENT_3D('',#6255,#6256,#6257);
#6255 = CARTESIAN_POINT('',(0.,0.,-9.));
#6256 = DIRECTION('',(0.,0.,1.));
#6257 = DIRECTION('',(1.,0.,-0.));
#6258 = ADVANCED_FACE('',(#6259),#6279,.T.);
#6259 = FACE_BOUND('',#6260,.T.);
#6260 = EDGE_LOOP('',(#6261,#6276,#6277,#6278));
#6261 = ORIENTED_EDGE('',*,*,#6262,.F.);
#6262 = EDGE_CURVE('',#5958,#6207,#6263,.T.);
#6263 = ( BOUNDED_CURVE() B_SPLINE_CURVE(11,(#6264,#6265,#6266,#6267,
    #6268,#6269,#6270,#6271,#6272,#6273,#6274,#6275),.UNSPECIFIED.,.F.,
.F.) B_SPLINE_CURVE_WITH_KNOTS((12,12),(0.,6.322058019692),
.PIECEWISE_BEZIER_KNOTS.) CURVE() GEOMETRIC_REPRESENTATION_ITEM() 
RATIONAL_B_SPLINE_CURVE((1.056590953773,1.056590953773,1.056590953773,
    1.056590953772,1.056590953774,1.056590953772,1.056590953774,
    1.056590953772,1.056590953774,1.056590953773,1.056590953773,
1.056590953773)) REPRESENTATION_ITEM('') );
#6264 = CARTESIAN_POINT('',(1.481115317668,9.772588258072E-08,
    -8.932501631566));
#6265 = CARTESIAN_POINT('',(1.481113579448,-0.846057255396,
    -8.996135950911));
#6266 = CARTESIAN_POINT('',(0.949605180897,-1.691677526046,
    -9.059738745771));
#6267 = CARTESIAN_POINT('',(-0.114083884654,-2.168159568748,
    -9.123587299652));
#6268 = CARTESIAN_POINT('',(-1.414691810811,-1.896687966221,
    -9.186610137015));
#6269 = CARTESIAN_POINT('',(-2.38276709684,-0.786233285522,
    -9.251344543322));
#6270 = CARTESIAN_POINT('',(-2.383822015324,0.786220515315,
    -9.313657087955));
#6271 = CARTESIAN_POINT('',(-1.413982567568,1.896709881747,
    -9.378391495134));
#6272 = CARTESIAN_POINT('',(-0.114382299337,2.168147969424,
    -9.441414331511));
#6273 = CARTESIAN_POINT('',(0.949665630165,1.691679842672,
    -9.505262885909));
#6274 = CARTESIAN_POINT('',(1.481115679862,0.846057353122,
    -9.568865680661));
#6275 = CARTESIAN_POINT('',(1.481113885844,-1.137978600241E-14,-9.6325)
  );
#6276 = ORIENTED_EDGE('',*,*,#5976,.T.);
#6277 = ORIENTED_EDGE('',*,*,#5890,.T.);
#6278 = ORIENTED_EDGE('',*,*,#6206,.T.);
#6279 = B_SPLINE_SURFACE_WITH_KNOTS('',1,10,(
    (#6280,#6281,#6282,#6283,#6284,#6285,#6286,#6287,#6288,#6289,#6290)
    ,(#6291,#6292,#6293,#6294,#6295,#6296,#6297,#6298,#6299,#6300,#6301
    )),.UNSPECIFIED.,.F.,.F.,.F.,(2,2),(11,11),(0.,0.49),(0.,
    6.322058019692),.PIECEWISE_BEZIER_KNOTS.);
#6280 = CARTESIAN_POINT('',(1.481115317668,9.772588209607E-08,
    -8.932501631566));
#6281 = CARTESIAN_POINT('',(1.481113405626,-0.930662990708,
    -9.002499382845));
#6282 = CARTESIAN_POINT('',(0.831492242069,-1.860791867233,-9.0724586042
    ));
#6283 = CARTESIAN_POINT('',(-0.468788084399,-2.28010787853,
    -9.142619947673));
#6284 = CARTESIAN_POINT('',(-1.954700195515,-1.692472653529,
    -9.212378710715));
#6285 = CARTESIAN_POINT('',(-2.740547911254,-3.010373526857E-05,
    -9.282500814986));
#6286 = CARTESIAN_POINT('',(-1.954480864235,1.692516808042,
    -9.352622922123));
#6287 = CARTESIAN_POINT('',(-0.468999601584,2.28009087582,
    -9.422381683281));
#6288 = CARTESIAN_POINT('',(0.831565579253,1.860794676947,
    -9.492543027506));
#6289 = CARTESIAN_POINT('',(1.481115859264,0.930663088435,
    -9.562502248726));
#6290 = CARTESIAN_POINT('',(1.481113885844,-9.283166482107E-15,-9.6325)
  );
#6291 = CARTESIAN_POINT('',(1.905466710493,-1.172718942011E-08,
    -8.687499804211));
#6292 = CARTESIAN_POINT('',(1.905466183806,-1.197233776621,
    -8.75750007406));
#6293 = CARTESIAN_POINT('',(1.06980978234,-2.394498160793,
    -8.827504967556));
#6294 = CARTESIAN_POINT('',(-0.603428965374,-2.932070407542,
    -8.897485606068));
#6295 = CARTESIAN_POINT('',(-2.514150191297,-2.178645525741,
    -8.967514555053));
#6296 = CARTESIAN_POINT('',(-3.526346050494,-7.887337623025E-06,
    -9.037499901894));
#6297 = CARTESIAN_POINT('',(-2.514092429846,2.17865719468,
    -9.107485249496));
#6298 = CARTESIAN_POINT('',(-0.603484570064,2.932065945035,
    -9.17751419798));
#6299 = CARTESIAN_POINT('',(1.069829128624,2.394498879162,
    -9.247494836692));
#6300 = CARTESIAN_POINT('',(1.90546685302,1.197233764894,-9.317499730153
    ));
#6301 = CARTESIAN_POINT('',(1.905466333699,-1.019240206147E-14,-9.3875)
  );
#6302 = ADVANCED_FACE('',(#6303),#6308,.T.);
#6303 = FACE_BOUND('',#6304,.T.);
#6304 = EDGE_LOOP('',(#6305,#6306,#6307));
#6305 = ORIENTED_EDGE('',*,*,#6233,.F.);
#6306 = ORIENTED_EDGE('',*,*,#6025,.T.);
#6307 = ORIENTED_EDGE('',*,*,#6262,.T.);
#6308 = ( BOUNDED_SURFACE() B_SPLINE_SURFACE(6,11,(
    (#6309,#6310,#6311,#6312,#6313,#6314,#6315,#6316,#6317,#6318,#6319
      ,#6320)
    ,(#6321,#6322,#6323,#6324,#6325,#6326,#6327,#6328,#6329,#6330,#6331
      ,#6332)
    ,(#6333,#6334,#6335,#6336,#6337,#6338,#6339,#6340,#6341,#6342,#6343
      ,#6344)
    ,(#6345,#6346,#6347,#6348,#6349,#6350,#6351,#6352,#6353,#6354,#6355
      ,#6356)
    ,(#6357,#6358,#6359,#6360,#6361,#6362,#6363,#6364,#6365,#6366,#6367
      ,#6368)
    ,(#6369,#6370,#6371,#6372,#6373,#6374,#6375,#6376,#6377,#6378,#6379
      ,#6380)
    ,(#6381,#6382,#6383,#6384,#6385,#6386,#6387,#6388,#6389,#6390,#6391
,#6392
    )),.UNSPECIFIED.,.F.,.F.,.F.) B_SPLINE_SURFACE_WITH_KNOTS((7,7),(12,
    12),(0.,2.094395102393),(0.,6.322058019692),
.PIECEWISE_BEZIER_KNOTS.) GEOMETRIC_REPRESENTATION_ITEM() 
RATIONAL_B_SPLINE_SURFACE((
    (1.056590953773,1.056590953773,1.056590953773,1.056590953772
      ,1.056590953774,1.056590953772,1.056590953774,1.056590953772
      ,1.056590953774,1.056590953773,1.056590953773,1.056590953773)
    ,(1.017435169568,1.017435169568,1.017435169569,1.017435169567
      ,1.017435169569,1.017435169567,1.01743516957,1.017435169567
      ,1.017435169569,1.017435169568,1.017435169568,1.017435169568)
    ,(0.996326512422,0.996326512422,0.996326512422,0.996326512421
      ,0.996326512423,0.996326512421,0.996326512423,0.996326512421
      ,0.996326512423,0.996326512422,0.996326512422,0.996326512422)
    ,(0.989390034249,0.989390034249,0.989390034249,0.989390034248
      ,0.989390034249,0.989390034248,0.989390034249,0.989390034248
      ,0.989390034249,0.989390034248,0.989390034249,0.989390034249)
    ,(0.996326512422,0.996326512422,0.996326512422,0.996326512421
      ,0.996326512423,0.996326512421,0.996326512423,0.996326512421
      ,0.996326512423,0.996326512422,0.996326512422,0.996326512422)
    ,(1.017435169568,1.017435169568,1.017435169569,1.017435169567
      ,1.01743516957,1.017435169566,1.01743516957,1.017435169567
      ,1.017435169569,1.017435169568,1.017435169568,1.017435169568)
    ,(1.056590953773,1.056590953773,1.056590953773,1.056590953772
      ,1.056590953774,1.056590953772,1.056590953774,1.056590953772
      ,1.056590953774,1.056590953773,1.056590953773,1.056590953773
))) REPRESENTATION_ITEM('') SURFACE() );
#6309 = CARTESIAN_POINT('',(1.481116071257,9.772575496059E-08,
    -9.107501631564));
#6310 = CARTESIAN_POINT('',(1.481113388817,-0.846057470574,
    -9.171135950913));
#6311 = CARTESIAN_POINT('',(0.949589485457,-1.691677363667,
    -9.234738745834));
#6312 = CARTESIAN_POINT('',(-0.114005421416,-2.168163169452,
    -9.298587299369));
#6313 = CARTESIAN_POINT('',(-1.414878846041,-1.896682659711,
    -9.361610137602));
#6314 = CARTESIAN_POINT('',(-2.38249010719,-0.786236800826,
    -9.426344542587));
#6315 = CARTESIAN_POINT('',(-2.384100217795,0.786217392253,
    -9.488657088536));
#6316 = CARTESIAN_POINT('',(-1.413796251556,1.896716158784,
    -9.553391494853));
#6317 = CARTESIAN_POINT('',(-0.114460820959,2.16814546922,
    -9.616414331581));
#6318 = CARTESIAN_POINT('',(0.949681808852,1.691680866583,
    -9.680262885903));
#6319 = CARTESIAN_POINT('',(1.481116624083,0.846057568301,
    -9.743865680661));
#6320 = CARTESIAN_POINT('',(1.481113885844,-9.547918011776E-15,-9.8075)
  );
#6321 = CARTESIAN_POINT('',(1.449398084343,1.059067694376E-07,
    -9.089189425394));
#6322 = CARTESIAN_POINT('',(1.449395505379,-0.827944120159,
    -9.152823573607));
#6323 = CARTESIAN_POINT('',(0.929251709264,-1.655416253159,
    -9.21642355835));
#6324 = CARTESIAN_POINT('',(-0.111556359526,-2.121843741307,
    -9.280289875178));
#6325 = CARTESIAN_POINT('',(-1.384588030866,-1.855834503448,
    -9.343261352708));
#6326 = CARTESIAN_POINT('',(-2.331472485841,-0.769727481777,
    -9.408087679112));
#6327 = CARTESIAN_POINT('',(-2.333024504532,0.769708754686,
    -9.470289403102));
#6328 = CARTESIAN_POINT('',(-1.383544514975,1.855866782592,
    -9.535115730788));
#6329 = CARTESIAN_POINT('',(-0.111995343875,2.12182667885,
    -9.598087206869));
#6330 = CARTESIAN_POINT('',(0.929340687948,1.655419637186,
    -9.661953524456));
#6331 = CARTESIAN_POINT('',(1.44939861722,0.827944226066,-9.725553509041
    ));
#6332 = CARTESIAN_POINT('',(1.449395977787,-8.604228440845E-15,
    -9.789187657245));
#6333 = CARTESIAN_POINT('',(1.427046250442,1.116719682837E-07,
    -9.058195288261));
#6334 = CARTESIAN_POINT('',(1.427043842,-0.815179568124,-9.121829315874)
  );
#6335 = CARTESIAN_POINT('',(0.914921242684,-1.629862961762,
    -9.185427320269));
#6336 = CARTESIAN_POINT('',(-0.109838609236,-2.089201935749,
    -9.249306154978));
#6337 = CARTESIAN_POINT('',(-1.363222673327,-1.827049239542,
    -9.312241438383));
#6338 = CARTESIAN_POINT('',(-2.295548854289,-0.758092954101,
    -9.37713254221));
#6339 = CARTESIAN_POINT('',(-2.297002546109,0.758075393451,
    -9.439256169512));
#6340 = CARTESIAN_POINT('',(-1.362245288961,1.827079461626,
    -9.504147274541));
#6341 = CARTESIAN_POINT('',(-0.110249798474,2.089185953375,
    -9.567082556588));
#6342 = CARTESIAN_POINT('',(0.915004569561,1.629866139383,
    -9.630961392008));
#6343 = CARTESIAN_POINT('',(1.427046749556,0.815179679796,
    -9.694559396256));
#6344 = CARTESIAN_POINT('',(1.427044277353,-9.825473767933E-15,
    -9.75819342386));
#6345 = CARTESIAN_POINT('',(1.418967252026,1.137557693598E-07,
    -9.02000189919));
#6346 = CARTESIAN_POINT('',(1.418965050849,-0.810565895066,
    -9.083635883212));
#6347 = CARTESIAN_POINT('',(0.909744036944,-1.62062696476,
    -9.147233171819));
#6348 = CARTESIAN_POINT('',(-0.109229844496,-2.077403274587,
    -9.211116531063));
#6349 = CARTESIAN_POINT('',(-1.355471497664,-1.816645866683,
    -9.274038732273));
#6350 = CARTESIAN_POINT('',(-2.282607281115,-0.753887209844,
    -9.338953249558));
#6351 = CARTESIAN_POINT('',(-2.283939804429,0.753871094651,
    -9.401048649267));
#6352 = CARTESIAN_POINT('',(-1.354575599159,1.816673558691,
    -9.465963167653));
#6353 = CARTESIAN_POINT('',(-0.109606775138,2.077388623564,
    -9.528885367619));
#6354 = CARTESIAN_POINT('',(0.909820404973,1.620629884812,
    -9.592768727515));
#6355 = CARTESIAN_POINT('',(1.418967709535,0.810566008822,
    -9.656366015985));
#6356 = CARTESIAN_POINT('',(1.418965443407,-1.054711873394E-14,-9.72));
#6357 = CARTESIAN_POINT('',(1.427045921503,1.11672024572E-07,
    -8.981808440541));
#6358 = CARTESIAN_POINT('',(1.42704392521,-0.815179474199,
    -9.045442468152));
#6359 = CARTESIAN_POINT('',(0.914928093685,-1.62986303264,
    -9.109040472521));
#6360 = CARTESIAN_POINT('',(-0.109872858148,-2.089200364055,
    -9.172919307381));
#6361 = CARTESIAN_POINT('',(-1.363141033146,-1.827051555814,
    -9.235854590407));
#6362 = CARTESIAN_POINT('',(-2.295669759239,-0.758091419684,
    -9.300745694811));
#6363 = CARTESIAN_POINT('',(-2.296881111767,0.758076756656,
    -9.362869321538));
#6364 = CARTESIAN_POINT('',(-1.362326615207,1.827076721723,
    -9.427760426943));
#6365 = CARTESIAN_POINT('',(-0.110215524078,2.089187044705,
    -9.490695708838));
#6366 = CARTESIAN_POINT('',(0.914997507625,1.629865692449,
    -9.554574544291));
#6367 = CARTESIAN_POINT('',(1.427046337407,0.815179585872,
    -9.618172548535));
#6368 = CARTESIAN_POINT('',(1.427044277353,-7.93809462607E-15,
    -9.68180657614));
#6369 = CARTESIAN_POINT('',(1.449397488468,1.05906868747E-07,
    -8.950814110905));
#6370 = CARTESIAN_POINT('',(1.449395656114,-0.827943950014,
    -9.014448259115));
#6371 = CARTESIAN_POINT('',(0.929264119901,-1.655416381555,
    -9.07804824381));
#6372 = CARTESIAN_POINT('',(-0.111618401672,-2.121840894173,
    -9.141914560912));
#6373 = CARTESIAN_POINT('',(-1.3844401391,-1.855838699391,
    -9.204886037755));
#6374 = CARTESIAN_POINT('',(-2.331691506014,-0.76972470217,
    -9.269712365203));
#6375 = CARTESIAN_POINT('',(-2.33280452536,0.769711224141,
    -9.331914088152));
#6376 = CARTESIAN_POINT('',(-1.383691838044,1.855861819239,
    -9.396740416521));
#6377 = CARTESIAN_POINT('',(-0.111933255565,2.121828655801,
    -9.459711892323));
#6378 = CARTESIAN_POINT('',(0.929327895199,1.655418827563,
    -9.523578209971));
#6379 = CARTESIAN_POINT('',(1.44939787061,0.827944055921,-9.587178194551
    ));
#6380 = CARTESIAN_POINT('',(1.449395977787,-7.965850201685E-15,
    -9.650812342755));
#6381 = CARTESIAN_POINT('',(1.481115317668,9.772588258072E-08,
    -8.932501631566));
#6382 = CARTESIAN_POINT('',(1.481113579448,-0.846057255396,
    -8.996135950911));
#6383 = CARTESIAN_POINT('',(0.949605180897,-1.691677526046,
    -9.059738745771));
#6384 = CARTESIAN_POINT('',(-0.114083884654,-2.168159568748,
    -9.123587299652));
#6385 = CARTESIAN_POINT('',(-1.414691810811,-1.896687966221,
    -9.186610137015));
#6386 = CARTESIAN_POINT('',(-2.38276709684,-0.786233285522,
    -9.251344543322));
#6387 = CARTESIAN_POINT('',(-2.383822015324,0.786220515315,
    -9.313657087955));
#6388 = CARTESIAN_POINT('',(-1.413982567568,1.896709881747,
    -9.378391495134));
#6389 = CARTESIAN_POINT('',(-0.114382299337,2.168147969424,
    -9.441414331511));
#6390 = CARTESIAN_POINT('',(0.949665630165,1.691679842672,
    -9.505262885909));
#6391 = CARTESIAN_POINT('',(1.481115679862,0.846057353122,
    -9.568865680661));
#6392 = CARTESIAN_POINT('',(1.481113885844,-1.137978600241E-14,-9.6325)
  );
#6393 = ( GEOMETRIC_REPRESENTATION_CONTEXT(3) 
GLOBAL_UNCERTAINTY_ASSIGNED_CONTEXT((#6397)) 
GLOBAL_UNIT_ASSIGNED_CONTEXT((#6394,#6395,#6396)) REPRESENTATION_CONTEXT
('Context #1','3D Context with UNIT and UNCERTAINTY') );
#6394 = ( LENGTH_UNIT() NAMED_UNIT(*) SI_UNIT(.MILLI.,.METRE.) );
#6395 = ( NAMED_UNIT(*) PLANE_ANGLE_UNIT() SI_UNIT($,.RADIAN.) );
#6396 = ( NAMED_UNIT(*) SI_UNIT($,.STERADIAN.) SOLID_ANGLE_UNIT() );
#6397 = UNCERTAINTY_MEASURE_WITH_UNIT(LENGTH_MEASURE(2.E-05),#6394,
  'distance_accuracy_value','confusion accuracy');
#6398 = PRODUCT_RELATED_PRODUCT_CATEGORY('part',$,(#7));
#6399 = MECHANICAL_DESIGN_GEOMETRIC_PRESENTATION_REPRESENTATION('',(
    #6400),#6393);
#6400 = STYLED_ITEM('color',(#6401),#15);
#6401 = PRESENTATION_STYLE_ASSIGNMENT((#6402,#6408));
#6402 = SURFACE_STYLE_USAGE(.BOTH.,#6403);
#6403 = SURFACE_SIDE_STYLE('',(#6404));
#6404 = SURFACE_STYLE_FILL_AREA(#6405);
#6405 = FILL_AREA_STYLE('',(#6406));
#6406 = FILL_AREA_STYLE_COLOUR('',#6407);
#6407 = COLOUR_RGB('',0.447059003357,0.474510015008,0.501960993452);
#6408 = CURVE_STYLE('',#6409,POSITIVE_LENGTH_MEASURE(0.1),#6410);
#6409 = DRAUGHTING_PRE_DEFINED_CURVE_FONT('continuous');
#6410 = COLOUR_RGB('',9.803921802644E-02,9.803921802644E-02,
  9.803921802644E-02);
ENDSEC;
END-ISO-10303-21;
