ISO-10303-21;
HEADER;
FILE_DESCRIPTION(('FreeCAD Model'),'2;1');
FILE_NAME('Open CASCADE Shape Model','2026-01-29T14:31:14',(''),(''),
  'Open CASCADE STEP processor 7.8','FreeCAD','Unknown');
FILE_SCHEMA(('AUTOMOTIVE_DESIGN { 1 0 10303 214 1 1 1 1 }'));
ENDSEC;
DATA;
#1 = APPLICATION_PROTOCOL_DEFINITION('international standard',
  'automotive_design',2000,#2);
#2 = APPLICATION_CONTEXT(
  'core data for automotive mechanical design processes');
#3 = SHAPE_DEFINITION_REPRESENTATION(#4,#10);
#4 = PRODUCT_DEFINITION_SHAPE('','',#5);
#5 = PRODUCT_DEFINITION('design','',#6,#9);
#6 = PRODUCT_DEFINITION_FORMATION('','',#7);
#7 = PRODUCT('M5x12-Screw','M5x12-Screw','',(#8));
#8 = PRODUCT_CONTEXT('',#2,'mechanical');
#9 = PRODUCT_DEFINITION_CONTEXT('part definition',#2,'design');
#10 = ADVANCED_BREP_SHAPE_REPRESENTATION('',(#11,#15),#7094);
#11 = AXIS2_PLACEMENT_3D('',#12,#13,#14);
#12 = CARTESIAN_POINT('',(0.,0.,0.));
#13 = DIRECTION('',(0.,0.,1.));
#14 = DIRECTION('',(1.,0.,-0.));
#15 = MANIFOLD_SOLID_BREP('',#16);
#16 = CLOSED_SHELL('',(#17,#88,#112,#137,#162,#187,#212,#237,#254,#286,
    #311,#336,#361,#386,#404,#429,#454,#474,#500,#816,#884,#894,#987,
    #1016,#1237,#1287,#1403,#1437,#1651,#1701,#1817,#1851,#2065,#2115,
    #2231,#2265,#2474,#2524,#2640,#2674,#2902,#2952,#3068,#3102,#3323,
    #3373,#3489,#3523,#3750,#3800,#3916,#3950,#4171,#4221,#4337,#4371,
    #4575,#4625,#4741,#4775,#4984,#5034,#5150,#5184,#5393,#5443,#5559,
    #5593,#5807,#5857,#5973,#6007,#6230,#6280,#6396,#6430,#6465,#6490,
    #6541,#6668,#6750,#6857,#6900,#7066,#7083));
#17 = ADVANCED_FACE('',(#18),#83,.T.);
#18 = FACE_BOUND('',#19,.F.);
#19 = EDGE_LOOP('',(#20,#31,#40,#49,#58,#67,#76));
#20 = ORIENTED_EDGE('',*,*,#21,.F.);
#21 = EDGE_CURVE('',#22,#24,#26,.T.);
#22 = VERTEX_POINT('',#23);
#23 = CARTESIAN_POINT('',(4.,0.,3.5));
#24 = VERTEX_POINT('',#25);
#25 = CARTESIAN_POINT('',(3.464101615138,2.,3.5));
#26 = CIRCLE('',#27,4.);
#27 = AXIS2_PLACEMENT_3D('',#28,#29,#30);
#28 = CARTESIAN_POINT('',(0.,0.,3.5));
#29 = DIRECTION('',(0.,0.,1.));
#30 = DIRECTION('',(1.,0.,-0.));
#31 = ORIENTED_EDGE('',*,*,#32,.F.);
#32 = EDGE_CURVE('',#33,#22,#35,.T.);
#33 = VERTEX_POINT('',#34);
#34 = CARTESIAN_POINT('',(3.464101615138,-2.,3.5));
#35 = CIRCLE('',#36,4.);
#36 = AXIS2_PLACEMENT_3D('',#37,#38,#39);
#37 = CARTESIAN_POINT('',(0.,0.,3.5));
#38 = DIRECTION('',(0.,0.,1.));
#39 = DIRECTION('',(1.,0.,-0.));
#40 = ORIENTED_EDGE('',*,*,#41,.F.);
#41 = EDGE_CURVE('',#42,#33,#44,.T.);
#42 = VERTEX_POINT('',#43);
#43 = CARTESIAN_POINT('',(-4.287501758289E-15,-4.,3.5));
#44 = CIRCLE('',#45,4.);
#45 = AXIS2_PLACEMENT_3D('',#46,#47,#48);
#46 = CARTESIAN_POINT('',(0.,0.,3.5));
#47 = DIRECTION('',(0.,0.,1.));
#48 = DIRECTION('',(1.,0.,-0.));
#49 = ORIENTED_EDGE('',*,*,#50,.F.);
#50 = EDGE_CURVE('',#51,#42,#53,.T.);
#51 = VERTEX_POINT('',#52);
#52 = CARTESIAN_POINT('',(-3.464101615138,-2.,3.5));
#53 = CIRCLE('',#54,4.);
#54 = AXIS2_PLACEMENT_3D('',#55,#56,#57);
#55 = CARTESIAN_POINT('',(0.,0.,3.5));
#56 = DIRECTION('',(0.,0.,1.));
#57 = DIRECTION('',(1.,0.,-0.));
#58 = ORIENTED_EDGE('',*,*,#59,.F.);
#59 = EDGE_CURVE('',#60,#51,#62,.T.);
#60 = VERTEX_POINT('',#61);
#61 = CARTESIAN_POINT('',(-3.464101615138,2.,3.5));
#62 = CIRCLE('',#63,4.);
#63 = AXIS2_PLACEMENT_3D('',#64,#65,#66);
#64 = CARTESIAN_POINT('',(0.,0.,3.5));
#65 = DIRECTION('',(0.,0.,1.));
#66 = DIRECTION('',(1.,0.,-0.));
#67 = ORIENTED_EDGE('',*,*,#68,.F.);
#68 = EDGE_CURVE('',#69,#60,#71,.T.);
#69 = VERTEX_POINT('',#70);
#70 = CARTESIAN_POINT('',(1.13310777953E-15,4.,3.5));
#71 = CIRCLE('',#72,4.);
#72 = AXIS2_PLACEMENT_3D('',#73,#74,#75);
#73 = CARTESIAN_POINT('',(0.,0.,3.5));
#74 = DIRECTION('',(0.,0.,1.));
#75 = DIRECTION('',(1.,0.,-0.));
#76 = ORIENTED_EDGE('',*,*,#77,.F.);
#77 = EDGE_CURVE('',#24,#69,#78,.T.);
#78 = CIRCLE('',#79,4.);
#79 = AXIS2_PLACEMENT_3D('',#80,#81,#82);
#80 = CARTESIAN_POINT('',(0.,0.,3.5));
#81 = DIRECTION('',(0.,0.,1.));
#82 = DIRECTION('',(1.,0.,-0.));
#83 = PLANE('',#84);
#84 = AXIS2_PLACEMENT_3D('',#85,#86,#87);
#85 = CARTESIAN_POINT('',(0.,0.,3.5));
#86 = DIRECTION('',(0.,0.,1.));
#87 = DIRECTION('',(1.,0.,-0.));
#88 = ADVANCED_FACE('',(#89),#107,.T.);
#89 = FACE_BOUND('',#90,.F.);
#90 = EDGE_LOOP('',(#91,#99,#100));
#91 = ORIENTED_EDGE('',*,*,#92,.F.);
#92 = EDGE_CURVE('',#22,#93,#95,.T.);
#93 = VERTEX_POINT('',#94);
#94 = CARTESIAN_POINT('',(4.618802153517,0.,3.295532954369));
#95 = LINE('',#96,#97);
#96 = CARTESIAN_POINT('',(4.,0.,3.5));
#97 = VECTOR('',#98,1.);
#98 = DIRECTION('',(0.949508788522,0.,-0.313740434946));
#99 = ORIENTED_EDGE('',*,*,#21,.T.);
#100 = ORIENTED_EDGE('',*,*,#101,.T.);
#101 = EDGE_CURVE('',#24,#93,#102,.T.);
#102 = HYPERBOLA('',#103,1.321695759906,4.);
#103 = AXIS2_PLACEMENT_3D('',#104,#105,#106);
#104 = CARTESIAN_POINT('',(3.464101615138,2.,4.821695759906));
#105 = DIRECTION('',(-0.866025403784,-0.5,0.));
#106 = DIRECTION('',(0.,-0.,-1.));
#107 = CONICAL_SURFACE('',#108,4.,1.25166650785);
#108 = AXIS2_PLACEMENT_3D('',#109,#110,#111);
#109 = CARTESIAN_POINT('',(0.,0.,3.5));
#110 = DIRECTION('',(-0.,-0.,-1.));
#111 = DIRECTION('',(1.,0.,0.));
#112 = ADVANCED_FACE('',(#113),#132,.T.);
#113 = FACE_BOUND('',#114,.F.);
#114 = EDGE_LOOP('',(#115,#124,#125));
#115 = ORIENTED_EDGE('',*,*,#116,.T.);
#116 = EDGE_CURVE('',#117,#24,#119,.T.);
#117 = VERTEX_POINT('',#118);
#118 = CARTESIAN_POINT('',(2.309401076759,4.,3.295532954369));
#119 = HYPERBOLA('',#120,1.321695759906,4.);
#120 = AXIS2_PLACEMENT_3D('',#121,#122,#123);
#121 = CARTESIAN_POINT('',(3.464101615138,2.,4.821695759906));
#122 = DIRECTION('',(-0.866025403784,-0.5,0.));
#123 = DIRECTION('',(0.,-0.,-1.));
#124 = ORIENTED_EDGE('',*,*,#77,.T.);
#125 = ORIENTED_EDGE('',*,*,#126,.T.);
#126 = EDGE_CURVE('',#69,#117,#127,.T.);
#127 = HYPERBOLA('',#128,1.321695759906,4.);
#128 = AXIS2_PLACEMENT_3D('',#129,#130,#131);
#129 = CARTESIAN_POINT('',(7.691850745534E-16,4.,4.821695759906));
#130 = DIRECTION('',(-1.922962686384E-16,-1.,0.));
#131 = DIRECTION('',(0.,-0.,-1.));
#132 = CONICAL_SURFACE('',#133,4.,1.25166650785);
#133 = AXIS2_PLACEMENT_3D('',#134,#135,#136);
#134 = CARTESIAN_POINT('',(0.,0.,3.5));
#135 = DIRECTION('',(-0.,-0.,-1.));
#136 = DIRECTION('',(1.,0.,0.));
#137 = ADVANCED_FACE('',(#138),#157,.T.);
#138 = FACE_BOUND('',#139,.F.);
#139 = EDGE_LOOP('',(#140,#149,#150));
#140 = ORIENTED_EDGE('',*,*,#141,.T.);
#141 = EDGE_CURVE('',#142,#69,#144,.T.);
#142 = VERTEX_POINT('',#143);
#143 = CARTESIAN_POINT('',(-2.309401076758,4.,3.295532954369));
#144 = HYPERBOLA('',#145,1.321695759906,4.);
#145 = AXIS2_PLACEMENT_3D('',#146,#147,#148);
#146 = CARTESIAN_POINT('',(7.691850745534E-16,4.,4.821695759906));
#147 = DIRECTION('',(-1.922962686384E-16,-1.,0.));
#148 = DIRECTION('',(0.,-0.,-1.));
#149 = ORIENTED_EDGE('',*,*,#68,.T.);
#150 = ORIENTED_EDGE('',*,*,#151,.T.);
#151 = EDGE_CURVE('',#60,#142,#152,.T.);
#152 = HYPERBOLA('',#153,1.321695759906,4.);
#153 = AXIS2_PLACEMENT_3D('',#154,#155,#156);
#154 = CARTESIAN_POINT('',(-3.464101615138,2.,4.821695759906));
#155 = DIRECTION('',(0.866025403784,-0.5,0.));
#156 = DIRECTION('',(0.,-0.,-1.));
#157 = CONICAL_SURFACE('',#158,4.,1.25166650785);
#158 = AXIS2_PLACEMENT_3D('',#159,#160,#161);
#159 = CARTESIAN_POINT('',(0.,0.,3.5));
#160 = DIRECTION('',(-0.,-0.,-1.));
#161 = DIRECTION('',(1.,0.,0.));
#162 = ADVANCED_FACE('',(#163),#182,.T.);
#163 = FACE_BOUND('',#164,.F.);
#164 = EDGE_LOOP('',(#165,#174,#175));
#165 = ORIENTED_EDGE('',*,*,#166,.T.);
#166 = EDGE_CURVE('',#167,#60,#169,.T.);
#167 = VERTEX_POINT('',#168);
#168 = CARTESIAN_POINT('',(-4.618802153517,-7.871322696773E-14,
    3.295532954369));
#169 = HYPERBOLA('',#170,1.321695759906,4.);
#170 = AXIS2_PLACEMENT_3D('',#171,#172,#173);
#171 = CARTESIAN_POINT('',(-3.464101615138,2.,4.821695759906));
#172 = DIRECTION('',(0.866025403784,-0.5,0.));
#173 = DIRECTION('',(0.,-0.,-1.));
#174 = ORIENTED_EDGE('',*,*,#59,.T.);
#175 = ORIENTED_EDGE('',*,*,#176,.T.);
#176 = EDGE_CURVE('',#51,#167,#177,.T.);
#177 = HYPERBOLA('',#178,1.321695759906,4.);
#178 = AXIS2_PLACEMENT_3D('',#179,#180,#181);
#179 = CARTESIAN_POINT('',(-3.464101615138,-2.,4.821695759906));
#180 = DIRECTION('',(0.866025403784,0.5,0.));
#181 = DIRECTION('',(-0.,0.,-1.));
#182 = CONICAL_SURFACE('',#183,4.,1.25166650785);
#183 = AXIS2_PLACEMENT_3D('',#184,#185,#186);
#184 = CARTESIAN_POINT('',(0.,0.,3.5));
#185 = DIRECTION('',(-0.,-0.,-1.));
#186 = DIRECTION('',(1.,0.,0.));
#187 = ADVANCED_FACE('',(#188),#207,.T.);
#188 = FACE_BOUND('',#189,.F.);
#189 = EDGE_LOOP('',(#190,#191,#200));
#190 = ORIENTED_EDGE('',*,*,#50,.T.);
#191 = ORIENTED_EDGE('',*,*,#192,.T.);
#192 = EDGE_CURVE('',#42,#193,#195,.T.);
#193 = VERTEX_POINT('',#194);
#194 = CARTESIAN_POINT('',(-2.309401076758,-4.,3.295532954369));
#195 = HYPERBOLA('',#196,1.321695759906,4.);
#196 = AXIS2_PLACEMENT_3D('',#197,#198,#199);
#197 = CARTESIAN_POINT('',(-2.30755522366E-15,-4.,4.821695759906));
#198 = DIRECTION('',(5.768888059151E-16,1.,0.));
#199 = DIRECTION('',(-0.,0.,-1.));
#200 = ORIENTED_EDGE('',*,*,#201,.T.);
#201 = EDGE_CURVE('',#193,#51,#202,.T.);
#202 = HYPERBOLA('',#203,1.321695759906,4.);
#203 = AXIS2_PLACEMENT_3D('',#204,#205,#206);
#204 = CARTESIAN_POINT('',(-3.464101615138,-2.,4.821695759906));
#205 = DIRECTION('',(0.866025403784,0.5,0.));
#206 = DIRECTION('',(-0.,0.,-1.));
#207 = CONICAL_SURFACE('',#208,4.,1.25166650785);
#208 = AXIS2_PLACEMENT_3D('',#209,#210,#211);
#209 = CARTESIAN_POINT('',(0.,0.,3.5));
#210 = DIRECTION('',(-0.,-0.,-1.));
#211 = DIRECTION('',(1.,0.,0.));
#212 = ADVANCED_FACE('',(#213),#232,.T.);
#213 = FACE_BOUND('',#214,.F.);
#214 = EDGE_LOOP('',(#215,#216,#225));
#215 = ORIENTED_EDGE('',*,*,#41,.T.);
#216 = ORIENTED_EDGE('',*,*,#217,.T.);
#217 = EDGE_CURVE('',#33,#218,#220,.T.);
#218 = VERTEX_POINT('',#219);
#219 = CARTESIAN_POINT('',(2.309401076759,-4.,3.295532954369));
#220 = HYPERBOLA('',#221,1.321695759906,4.);
#221 = AXIS2_PLACEMENT_3D('',#222,#223,#224);
#222 = CARTESIAN_POINT('',(3.464101615138,-2.,4.821695759906));
#223 = DIRECTION('',(-0.866025403784,0.5,0.));
#224 = DIRECTION('',(0.,0.,-1.));
#225 = ORIENTED_EDGE('',*,*,#226,.T.);
#226 = EDGE_CURVE('',#218,#42,#227,.T.);
#227 = HYPERBOLA('',#228,1.321695759906,4.);
#228 = AXIS2_PLACEMENT_3D('',#229,#230,#231);
#229 = CARTESIAN_POINT('',(-2.30755522366E-15,-4.,4.821695759906));
#230 = DIRECTION('',(5.768888059151E-16,1.,0.));
#231 = DIRECTION('',(-0.,0.,-1.));
#232 = CONICAL_SURFACE('',#233,4.,1.25166650785);
#233 = AXIS2_PLACEMENT_3D('',#234,#235,#236);
#234 = CARTESIAN_POINT('',(0.,0.,3.5));
#235 = DIRECTION('',(-0.,-0.,-1.));
#236 = DIRECTION('',(1.,0.,0.));
#237 = ADVANCED_FACE('',(#238),#249,.T.);
#238 = FACE_BOUND('',#239,.F.);
#239 = EDGE_LOOP('',(#240,#241,#242));
#240 = ORIENTED_EDGE('',*,*,#32,.T.);
#241 = ORIENTED_EDGE('',*,*,#92,.T.);
#242 = ORIENTED_EDGE('',*,*,#243,.T.);
#243 = EDGE_CURVE('',#93,#33,#244,.T.);
#244 = HYPERBOLA('',#245,1.321695759906,4.);
#245 = AXIS2_PLACEMENT_3D('',#246,#247,#248);
#246 = CARTESIAN_POINT('',(3.464101615138,-2.,4.821695759906));
#247 = DIRECTION('',(-0.866025403784,0.5,0.));
#248 = DIRECTION('',(0.,0.,-1.));
#249 = CONICAL_SURFACE('',#250,4.,1.25166650785);
#250 = AXIS2_PLACEMENT_3D('',#251,#252,#253);
#251 = CARTESIAN_POINT('',(0.,0.,3.5));
#252 = DIRECTION('',(-0.,-0.,-1.));
#253 = DIRECTION('',(1.,0.,0.));
#254 = ADVANCED_FACE('',(#255),#281,.F.);
#255 = FACE_BOUND('',#256,.F.);
#256 = EDGE_LOOP('',(#257,#267,#273,#274,#275));
#257 = ORIENTED_EDGE('',*,*,#258,.T.);
#258 = EDGE_CURVE('',#259,#261,#263,.T.);
#259 = VERTEX_POINT('',#260);
#260 = CARTESIAN_POINT('',(2.309401076759,4.,0.2));
#261 = VERTEX_POINT('',#262);
#262 = CARTESIAN_POINT('',(4.618802153517,0.,0.2));
#263 = LINE('',#264,#265);
#264 = CARTESIAN_POINT('',(4.041451884327,1.,0.2));
#265 = VECTOR('',#266,1.);
#266 = DIRECTION('',(0.5,-0.866025403784,0.));
#267 = ORIENTED_EDGE('',*,*,#268,.F.);
#268 = EDGE_CURVE('',#93,#261,#269,.T.);
#269 = LINE('',#270,#271);
#270 = CARTESIAN_POINT('',(4.618802153517,0.,3.295532954369));
#271 = VECTOR('',#272,1.);
#272 = DIRECTION('',(0.,0.,-1.));
#273 = ORIENTED_EDGE('',*,*,#101,.F.);
#274 = ORIENTED_EDGE('',*,*,#116,.F.);
#275 = ORIENTED_EDGE('',*,*,#276,.F.);
#276 = EDGE_CURVE('',#259,#117,#277,.T.);
#277 = LINE('',#278,#279);
#278 = CARTESIAN_POINT('',(2.309401076759,4.,-13.));
#279 = VECTOR('',#280,1.);
#280 = DIRECTION('',(0.,0.,1.));
#281 = PLANE('',#282);
#282 = AXIS2_PLACEMENT_3D('',#283,#284,#285);
#283 = CARTESIAN_POINT('',(4.618802153517,0.,-13.));
#284 = DIRECTION('',(-0.866025403784,-0.5,0.));
#285 = DIRECTION('',(-0.5,0.866025403784,0.));
#286 = ADVANCED_FACE('',(#287),#306,.F.);
#287 = FACE_BOUND('',#288,.F.);
#288 = EDGE_LOOP('',(#289,#297,#298,#299,#300));
#289 = ORIENTED_EDGE('',*,*,#290,.T.);
#290 = EDGE_CURVE('',#291,#259,#293,.T.);
#291 = VERTEX_POINT('',#292);
#292 = CARTESIAN_POINT('',(-2.309401076758,4.,0.2));
#293 = LINE('',#294,#295);
#294 = CARTESIAN_POINT('',(1.154700538379,4.,0.2));
#295 = VECTOR('',#296,1.);
#296 = DIRECTION('',(1.,-1.922962686384E-16,0.));
#297 = ORIENTED_EDGE('',*,*,#276,.T.);
#298 = ORIENTED_EDGE('',*,*,#126,.F.);
#299 = ORIENTED_EDGE('',*,*,#141,.F.);
#300 = ORIENTED_EDGE('',*,*,#301,.F.);
#301 = EDGE_CURVE('',#291,#142,#302,.T.);
#302 = LINE('',#303,#304);
#303 = CARTESIAN_POINT('',(-2.309401076759,4.,-13.));
#304 = VECTOR('',#305,1.);
#305 = DIRECTION('',(0.,0.,1.));
#306 = PLANE('',#307);
#307 = AXIS2_PLACEMENT_3D('',#308,#309,#310);
#308 = CARTESIAN_POINT('',(2.309401076759,4.,-13.));
#309 = DIRECTION('',(-1.922962686384E-16,-1.,0.));
#310 = DIRECTION('',(-1.,1.922962686384E-16,0.));
#311 = ADVANCED_FACE('',(#312),#331,.F.);
#312 = FACE_BOUND('',#313,.F.);
#313 = EDGE_LOOP('',(#314,#322,#323,#324,#325));
#314 = ORIENTED_EDGE('',*,*,#315,.T.);
#315 = EDGE_CURVE('',#316,#291,#318,.T.);
#316 = VERTEX_POINT('',#317);
#317 = CARTESIAN_POINT('',(-4.618802153517,-7.871322696773E-14,0.2));
#318 = LINE('',#319,#320);
#319 = CARTESIAN_POINT('',(-2.886751345948,3.,0.2));
#320 = VECTOR('',#321,1.);
#321 = DIRECTION('',(0.5,0.866025403784,-0.));
#322 = ORIENTED_EDGE('',*,*,#301,.T.);
#323 = ORIENTED_EDGE('',*,*,#151,.F.);
#324 = ORIENTED_EDGE('',*,*,#166,.F.);
#325 = ORIENTED_EDGE('',*,*,#326,.F.);
#326 = EDGE_CURVE('',#316,#167,#327,.T.);
#327 = LINE('',#328,#329);
#328 = CARTESIAN_POINT('',(-4.618802153517,1.998401444325E-15,-13.));
#329 = VECTOR('',#330,1.);
#330 = DIRECTION('',(0.,0.,1.));
#331 = PLANE('',#332);
#332 = AXIS2_PLACEMENT_3D('',#333,#334,#335);
#333 = CARTESIAN_POINT('',(-2.309401076759,4.,-13.));
#334 = DIRECTION('',(0.866025403784,-0.5,0.));
#335 = DIRECTION('',(-0.5,-0.866025403784,0.));
#336 = ADVANCED_FACE('',(#337),#356,.F.);
#337 = FACE_BOUND('',#338,.F.);
#338 = EDGE_LOOP('',(#339,#347,#348,#349,#350));
#339 = ORIENTED_EDGE('',*,*,#340,.T.);
#340 = EDGE_CURVE('',#341,#316,#343,.T.);
#341 = VERTEX_POINT('',#342);
#342 = CARTESIAN_POINT('',(-2.309401076758,-4.,0.2));
#343 = LINE('',#344,#345);
#344 = CARTESIAN_POINT('',(-4.041451884327,-1.,0.2));
#345 = VECTOR('',#346,1.);
#346 = DIRECTION('',(-0.5,0.866025403784,0.));
#347 = ORIENTED_EDGE('',*,*,#326,.T.);
#348 = ORIENTED_EDGE('',*,*,#176,.F.);
#349 = ORIENTED_EDGE('',*,*,#201,.F.);
#350 = ORIENTED_EDGE('',*,*,#351,.F.);
#351 = EDGE_CURVE('',#341,#193,#352,.T.);
#352 = LINE('',#353,#354);
#353 = CARTESIAN_POINT('',(-2.309401076759,-4.,-13.));
#354 = VECTOR('',#355,1.);
#355 = DIRECTION('',(0.,0.,1.));
#356 = PLANE('',#357);
#357 = AXIS2_PLACEMENT_3D('',#358,#359,#360);
#358 = CARTESIAN_POINT('',(-4.618802153517,1.998401444325E-15,-13.));
#359 = DIRECTION('',(0.866025403784,0.5,-0.));
#360 = DIRECTION('',(0.5,-0.866025403784,0.));
#361 = ADVANCED_FACE('',(#362),#381,.F.);
#362 = FACE_BOUND('',#363,.F.);
#363 = EDGE_LOOP('',(#364,#372,#373,#374,#375));
#364 = ORIENTED_EDGE('',*,*,#365,.T.);
#365 = EDGE_CURVE('',#366,#341,#368,.T.);
#366 = VERTEX_POINT('',#367);
#367 = CARTESIAN_POINT('',(2.309401076759,-4.,0.2));
#368 = LINE('',#369,#370);
#369 = CARTESIAN_POINT('',(-1.154700538379,-4.,0.2));
#370 = VECTOR('',#371,1.);
#371 = DIRECTION('',(-1.,5.768888059151E-16,0.));
#372 = ORIENTED_EDGE('',*,*,#351,.T.);
#373 = ORIENTED_EDGE('',*,*,#192,.F.);
#374 = ORIENTED_EDGE('',*,*,#226,.F.);
#375 = ORIENTED_EDGE('',*,*,#376,.F.);
#376 = EDGE_CURVE('',#366,#218,#377,.T.);
#377 = LINE('',#378,#379);
#378 = CARTESIAN_POINT('',(2.309401076759,-4.,-13.));
#379 = VECTOR('',#380,1.);
#380 = DIRECTION('',(0.,0.,1.));
#381 = PLANE('',#382);
#382 = AXIS2_PLACEMENT_3D('',#383,#384,#385);
#383 = CARTESIAN_POINT('',(-2.309401076759,-4.,-13.));
#384 = DIRECTION('',(5.768888059151E-16,1.,-0.));
#385 = DIRECTION('',(1.,-5.768888059151E-16,0.));
#386 = ADVANCED_FACE('',(#387),#399,.F.);
#387 = FACE_BOUND('',#388,.F.);
#388 = EDGE_LOOP('',(#389,#395,#396,#397,#398));
#389 = ORIENTED_EDGE('',*,*,#390,.T.);
#390 = EDGE_CURVE('',#261,#366,#391,.T.);
#391 = LINE('',#392,#393);
#392 = CARTESIAN_POINT('',(2.886751345948,-3.,0.2));
#393 = VECTOR('',#394,1.);
#394 = DIRECTION('',(-0.5,-0.866025403784,0.));
#395 = ORIENTED_EDGE('',*,*,#376,.T.);
#396 = ORIENTED_EDGE('',*,*,#217,.F.);
#397 = ORIENTED_EDGE('',*,*,#243,.F.);
#398 = ORIENTED_EDGE('',*,*,#268,.T.);
#399 = PLANE('',#400);
#400 = AXIS2_PLACEMENT_3D('',#401,#402,#403);
#401 = CARTESIAN_POINT('',(2.309401076759,-4.,-13.));
#402 = DIRECTION('',(-0.866025403784,0.5,0.));
#403 = DIRECTION('',(0.5,0.866025403784,0.));
#404 = ADVANCED_FACE('',(#405,#413),#424,.F.);
#405 = FACE_BOUND('',#406,.F.);
#406 = EDGE_LOOP('',(#407,#408,#409,#410,#411,#412));
#407 = ORIENTED_EDGE('',*,*,#390,.F.);
#408 = ORIENTED_EDGE('',*,*,#258,.F.);
#409 = ORIENTED_EDGE('',*,*,#290,.F.);
#410 = ORIENTED_EDGE('',*,*,#315,.F.);
#411 = ORIENTED_EDGE('',*,*,#340,.F.);
#412 = ORIENTED_EDGE('',*,*,#365,.F.);
#413 = FACE_BOUND('',#414,.F.);
#414 = EDGE_LOOP('',(#415));
#415 = ORIENTED_EDGE('',*,*,#416,.F.);
#416 = EDGE_CURVE('',#417,#417,#419,.T.);
#417 = VERTEX_POINT('',#418);
#418 = CARTESIAN_POINT('',(3.75,0.,0.2));
#419 = CIRCLE('',#420,3.75);
#420 = AXIS2_PLACEMENT_3D('',#421,#422,#423);
#421 = CARTESIAN_POINT('',(0.,0.,0.2));
#422 = DIRECTION('',(0.,0.,1.));
#423 = DIRECTION('',(1.,0.,-0.));
#424 = PLANE('',#425);
#425 = AXIS2_PLACEMENT_3D('',#426,#427,#428);
#426 = CARTESIAN_POINT('',(0.,0.,0.2));
#427 = DIRECTION('',(0.,0.,1.));
#428 = DIRECTION('',(1.,0.,-0.));
#429 = ADVANCED_FACE('',(#430),#449,.T.);
#430 = FACE_BOUND('',#431,.F.);
#431 = EDGE_LOOP('',(#432,#433,#441,#448));
#432 = ORIENTED_EDGE('',*,*,#416,.T.);
#433 = ORIENTED_EDGE('',*,*,#434,.T.);
#434 = EDGE_CURVE('',#417,#435,#437,.T.);
#435 = VERTEX_POINT('',#436);
#436 = CARTESIAN_POINT('',(3.75,0.,0.));
#437 = LINE('',#438,#439);
#438 = CARTESIAN_POINT('',(3.75,0.,0.2));
#439 = VECTOR('',#440,1.);
#440 = DIRECTION('',(0.,0.,-1.));
#441 = ORIENTED_EDGE('',*,*,#442,.F.);
#442 = EDGE_CURVE('',#435,#435,#443,.T.);
#443 = CIRCLE('',#444,3.75);
#444 = AXIS2_PLACEMENT_3D('',#445,#446,#447);
#445 = CARTESIAN_POINT('',(0.,0.,0.));
#446 = DIRECTION('',(0.,0.,1.));
#447 = DIRECTION('',(1.,0.,-0.));
#448 = ORIENTED_EDGE('',*,*,#434,.F.);
#449 = CYLINDRICAL_SURFACE('',#450,3.75);
#450 = AXIS2_PLACEMENT_3D('',#451,#452,#453);
#451 = CARTESIAN_POINT('',(0.,0.,0.2));
#452 = DIRECTION('',(-0.,-0.,-1.));
#453 = DIRECTION('',(1.,0.,0.));
#454 = ADVANCED_FACE('',(#455,#458),#469,.F.);
#455 = FACE_BOUND('',#456,.F.);
#456 = EDGE_LOOP('',(#457));
#457 = ORIENTED_EDGE('',*,*,#442,.T.);
#458 = FACE_BOUND('',#459,.F.);
#459 = EDGE_LOOP('',(#460));
#460 = ORIENTED_EDGE('',*,*,#461,.F.);
#461 = EDGE_CURVE('',#462,#462,#464,.T.);
#462 = VERTEX_POINT('',#463);
#463 = CARTESIAN_POINT('',(2.65,0.,-1.387778780781E-17));
#464 = CIRCLE('',#465,2.65);
#465 = AXIS2_PLACEMENT_3D('',#466,#467,#468);
#466 = CARTESIAN_POINT('',(0.,0.,-1.387778780781E-17));
#467 = DIRECTION('',(0.,0.,1.));
#468 = DIRECTION('',(1.,0.,-0.));
#469 = PLANE('',#470);
#470 = AXIS2_PLACEMENT_3D('',#471,#472,#473);
#471 = CARTESIAN_POINT('',(0.,0.,0.));
#472 = DIRECTION('',(0.,0.,1.));
#473 = DIRECTION('',(1.,0.,-0.));
#474 = ADVANCED_FACE('',(#475),#495,.F.);
#475 = FACE_BOUND('',#476,.F.);
#476 = EDGE_LOOP('',(#477,#478,#487,#494));
#477 = ORIENTED_EDGE('',*,*,#461,.T.);
#478 = ORIENTED_EDGE('',*,*,#479,.T.);
#479 = EDGE_CURVE('',#462,#480,#482,.T.);
#480 = VERTEX_POINT('',#481);
#481 = CARTESIAN_POINT('',(2.45,0.,-0.2));
#482 = CIRCLE('',#483,0.2);
#483 = AXIS2_PLACEMENT_3D('',#484,#485,#486);
#484 = CARTESIAN_POINT('',(2.65,0.,-0.2));
#485 = DIRECTION('',(0.,-1.,0.));
#486 = DIRECTION('',(0.,0.,1.));
#487 = ORIENTED_EDGE('',*,*,#488,.F.);
#488 = EDGE_CURVE('',#480,#480,#489,.T.);
#489 = CIRCLE('',#490,2.45);
#490 = AXIS2_PLACEMENT_3D('',#491,#492,#493);
#491 = CARTESIAN_POINT('',(0.,0.,-0.2));
#492 = DIRECTION('',(0.,0.,1.));
#493 = DIRECTION('',(1.,0.,-0.));
#494 = ORIENTED_EDGE('',*,*,#479,.F.);
#495 = TOROIDAL_SURFACE('',#496,2.65,0.2);
#496 = AXIS2_PLACEMENT_3D('',#497,#498,#499);
#497 = CARTESIAN_POINT('',(0.,0.,-0.2));
#498 = DIRECTION('',(0.,0.,1.));
#499 = DIRECTION('',(1.,0.,-0.));
#500 = ADVANCED_FACE('',(#501),#811,.T.);
#501 = FACE_BOUND('',#502,.F.);
#502 = EDGE_LOOP('',(#503,#511,#512,#513,#605,#613,#650,#720,#762,#771)
  );
#503 = ORIENTED_EDGE('',*,*,#504,.F.);
#504 = EDGE_CURVE('',#480,#505,#507,.T.);
#505 = VERTEX_POINT('',#506);
#506 = CARTESIAN_POINT('',(2.45,5.220486517629E-12,-0.330004210443));
#507 = LINE('',#508,#509);
#508 = CARTESIAN_POINT('',(2.45,0.,-0.2));
#509 = VECTOR('',#510,1.);
#510 = DIRECTION('',(0.,0.,-1.));
#511 = ORIENTED_EDGE('',*,*,#488,.T.);
#512 = ORIENTED_EDGE('',*,*,#504,.T.);
#513 = ORIENTED_EDGE('',*,*,#514,.T.);
#514 = EDGE_CURVE('',#505,#515,#517,.T.);
#515 = VERTEX_POINT('',#516);
#516 = CARTESIAN_POINT('',(2.45,4.537887171199E-12,-1.130003929726));
#517 = B_SPLINE_CURVE_WITH_KNOTS('',6,(#518,#519,#520,#521,#522,#523,
    #524,#525,#526,#527,#528,#529,#530,#531,#532,#533,#534,#535,#536,
    #537,#538,#539,#540,#541,#542,#543,#544,#545,#546,#547,#548,#549,
    #550,#551,#552,#553,#554,#555,#556,#557,#558,#559,#560,#561,#562,
    #563,#564,#565,#566,#567,#568,#569,#570,#571,#572,#573,#574,#575,
    #576,#577,#578,#579,#580,#581,#582,#583,#584,#585,#586,#587,#588,
    #589,#590,#591,#592,#593,#594,#595,#596,#597,#598,#599,#600,#601,
    #602,#603,#604),.UNSPECIFIED.,.F.,.F.,(7,5,5,5,5,5,5,5,5,5,5,5,5,5,5
    ,5,5,7),(0.,2.581068246496E-02,4.564586343743E-02,0.12764410969,
    0.179778215074,0.262778234658,0.298652569121,0.3546553564,
    0.402026306939,0.491772648334,0.598175377091,0.690750145467,
    0.724751365663,0.77605996885,0.837062887877,0.872537594619,
    0.973737770818,1.),.UNSPECIFIED.);
#518 = CARTESIAN_POINT('',(2.45,1.044098141278E-11,-0.330004210443));
#519 = CARTESIAN_POINT('',(2.45,-6.621842128538E-02,-0.333445496696));
#520 = CARTESIAN_POINT('',(2.447852296796,-0.132436948616,
    -0.336887046558));
#521 = CARTESIAN_POINT('',(2.443556907381,-0.198568205418,
    -0.340328714081));
#522 = CARTESIAN_POINT('',(2.437118542688,-0.264525226772,
    -0.343770374491));
#523 = CARTESIAN_POINT('',(2.42854660759,-0.330221459402,-0.347211924194
    ));
#524 = CARTESIAN_POINT('',(2.409638990927,-0.445790868754,
    -0.353297919502));
#525 = CARTESIAN_POINT('',(2.400171062177,-0.495806190406,
    -0.355942448199));
#526 = CARTESIAN_POINT('',(2.389457811826,-0.545577662186,
    -0.358586833307));
#527 = CARTESIAN_POINT('',(2.377507234686,-0.595066592233,
    -0.361231053508));
#528 = CARTESIAN_POINT('',(2.364328923201,-0.64423466127,-0.363875099722
    ));
#529 = CARTESIAN_POINT('',(2.290426018154,-0.894820444633,
    -0.377448703707));
#530 = CARTESIAN_POINT('',(2.210119601869,-1.09049152672,-0.388376922172
    ));
#531 = CARTESIAN_POINT('',(2.109812066694,-1.277318709029,
    -0.399300662891));
#532 = CARTESIAN_POINT('',(1.990769036801,-1.452804453555,
    -0.410225259656));
#533 = CARTESIAN_POINT('',(1.854616573208,-1.614668237143,
    -0.421154924219));
#534 = CARTESIAN_POINT('',(1.607277570355,-1.853927919267,
    -0.439037782283));
#535 = CARTESIAN_POINT('',(1.505048256779,-1.940626420155,-0.44599016697
    ));
#536 = CARTESIAN_POINT('',(1.397244822197,-2.020525879426,
    -0.452944138187));
#537 = CARTESIAN_POINT('',(1.284435282631,-2.09318584939,-0.459899674862
    ));
#538 = CARTESIAN_POINT('',(1.167232243046,-2.158230447907,
    -0.466856526806));
#539 = CARTESIAN_POINT('',(0.853743529186,-2.30628830284,-0.484890263033
    ));
#540 = CARTESIAN_POINT('',(0.65168706118,-2.377156073812,-0.495969727497
    ));
#541 = CARTESIAN_POINT('',(0.442792787261,-2.426680057236,
    -0.507046983348));
#542 = CARTESIAN_POINT('',(0.22986999056,-2.454124344079,-0.51812110691)
  );
#543 = CARTESIAN_POINT('',(1.580669337524E-02,-2.459185531029,
    -0.52919285112));
#544 = CARTESIAN_POINT('',(-0.288188045657,-2.434731700974,
    -0.545042464134));
#545 = CARTESIAN_POINT('',(-0.379596629624,-2.423216243777,
    -0.549824912146));
#546 = CARTESIAN_POINT('',(-0.470438885481,-2.407583996927,
    -0.554606681119));
#547 = CARTESIAN_POINT('',(-0.560483901699,-2.387871109788,
    -0.559387830276));
#548 = CARTESIAN_POINT('',(-0.649504130461,-2.364130979226,
    -0.564168451314));
#549 = CARTESIAN_POINT('',(-0.874293540616,-2.293197376218,
    -0.576410980533));
#550 = CARTESIAN_POINT('',(-1.008272862741,-2.240316576863,
    -0.583872521289));
#551 = CARTESIAN_POINT('',(-1.138357245856,-2.178062432987,
    -0.591333307755));
#552 = CARTESIAN_POINT('',(-1.263734056618,-2.10680065594,
    -0.598794121791));
#553 = CARTESIAN_POINT('',(-1.383639017993,-2.026989570752,
    -0.606255691153));
#554 = CARTESIAN_POINT('',(-1.59355492221,-1.864900287484,
    -0.620029887421));
#555 = CARTESIAN_POINT('',(-1.685328553463,-1.784895753513,
    -0.626342574754));
#556 = CARTESIAN_POINT('',(-1.772253057981,-1.699495433422,
    -0.632655928377));
#557 = CARTESIAN_POINT('',(-1.853936530892,-1.609069421033,
    -0.638970140112));
#558 = CARTESIAN_POINT('',(-1.930025669124,-1.514024815452,
    -0.645285303611));
#559 = CARTESIAN_POINT('',(-2.133169624029,-1.226826014412,
    -0.663566711243));
#560 = CARTESIAN_POINT('',(-2.244956738643,-1.023818840002,
    -0.675537144005));
#561 = CARTESIAN_POINT('',(-2.333385565869,-0.808840249465,
    -0.687507050657));
#562 = CARTESIAN_POINT('',(-2.396979756139,-0.585254013575,
    -0.699477133955));
#563 = CARTESIAN_POINT('',(-2.434817968399,-0.356615721292,
    -0.711448372545));
#564 = CARTESIAN_POINT('',(-2.460837254209,0.14593588603,-0.737603988092
    ));
#565 = CARTESIAN_POINT('',(-2.438506816749,0.420534923245,
    -0.751794821146));
#566 = CARTESIAN_POINT('',(-2.379359354074,0.690803778331,
    -0.765976454897));
#567 = CARTESIAN_POINT('',(-2.284575456254,0.950728195223,-0.78015643363
    ));
#568 = CARTESIAN_POINT('',(-2.156377146197,1.194594666294,-0.79434432047
    ));
#569 = CARTESIAN_POINT('',(-1.86107318188,1.610998217454,-0.820872801439
    ));
#570 = CARTESIAN_POINT('',(-1.70111650731,1.788789130599,-0.833220237787
    ));
#571 = CARTESIAN_POINT('',(-1.520966724721,1.947257205517,
    -0.845568101181));
#572 = CARTESIAN_POINT('',(-1.323589450998,2.083668476308,
    -0.857919257908));
#573 = CARTESIAN_POINT('',(-1.112354966066,2.195808366583,
    -0.870274328625));
#574 = CARTESIAN_POINT('',(-0.809862009797,2.31392152289,-0.887161949049
    ));
#575 = CARTESIAN_POINT('',(-0.727249523535,2.342177806897,
    -0.891698185802));
#576 = CARTESIAN_POINT('',(-0.64346743769,2.366889781385,-0.896234134843
    ));
#577 = CARTESIAN_POINT('',(-0.558705791493,2.387998442746,
    -0.900769689471));
#578 = CARTESIAN_POINT('',(-0.47315833833,2.405458468379,-0.905304757696
    ));
#579 = CARTESIAN_POINT('',(-0.25704170457,2.440032165669,-0.916681931216
    ));
#580 = CARTESIAN_POINT('',(-0.125717707732,2.452445999525,
    -0.923523468549));
#581 = CARTESIAN_POINT('',(6.268737350543E-03,2.45637109747,
    -0.930363351362));
#582 = CARTESIAN_POINT('',(0.138233619353,2.451772399815,-0.937201664263
    ));
#583 = CARTESIAN_POINT('',(0.269493061329,2.438688393931,-0.944038680655
    ));
#584 = CARTESIAN_POINT('',(0.553778966088,2.391719636827,-0.959001765684
    ));
#585 = CARTESIAN_POINT('',(0.706241653075,2.354370058961,-0.967127814813
    ));
#586 = CARTESIAN_POINT('',(0.855608207255,2.30537251101,-0.975252434617)
  );
#587 = CARTESIAN_POINT('',(1.000775004185,2.245058011797,-0.983376923493
    ));
#588 = CARTESIAN_POINT('',(1.140689511256,2.173895539003,-0.991502652567
    ));
#589 = CARTESIAN_POINT('',(1.352090152263,2.045149263077,-1.004355752604
    ));
#590 = CARTESIAN_POINT('',(1.427712032541,1.994344027739,-1.009082368309
    ));
#591 = CARTESIAN_POINT('',(1.501029936977,1.940191692783,-1.013809679928
    ));
#592 = CARTESIAN_POINT('',(1.571860057817,1.882823847847,-1.018537779619
    ));
#593 = CARTESIAN_POINT('',(1.640028874707,1.822385387019,-1.023266702095
    ));
#594 = CARTESIAN_POINT('',(1.891783508859,1.578310815147,-1.041489101427
    ));
#595 = CARTESIAN_POINT('',(2.055266060207,1.373828564991,-1.054992207562
    ));
#596 = CARTESIAN_POINT('',(2.191901737105,1.14934051922,-1.06849691181)
  );
#597 = CARTESIAN_POINT('',(2.298850762284,0.909288568071,-1.08200174303)
  );
#598 = CARTESIAN_POINT('',(2.374077467212,0.658532076726,-1.095502730972
    ));
#599 = CARTESIAN_POINT('',(2.427790413403,0.335966177332,-1.112497634372
    ));
#600 = CARTESIAN_POINT('',(2.436664149196,0.269139582578,-1.115998988583
    ));
#601 = CARTESIAN_POINT('',(2.443329541844,0.202038275301,-1.119500159039
    ));
#602 = CARTESIAN_POINT('',(2.447776508587,0.134753423683,-1.123001261627
    ));
#603 = CARTESIAN_POINT('',(2.45,6.737664387651E-02,-1.126502452829));
#604 = CARTESIAN_POINT('',(2.45,9.022116387314E-12,-1.130003929726));
#605 = ORIENTED_EDGE('',*,*,#606,.F.);
#606 = EDGE_CURVE('',#607,#515,#609,.T.);
#607 = VERTEX_POINT('',#608);
#608 = CARTESIAN_POINT('',(2.45,3.337747516538E-11,-1.029973122291));
#609 = LINE('',#610,#611);
#610 = CARTESIAN_POINT('',(2.45,0.,-0.2));
#611 = VECTOR('',#612,1.);
#612 = DIRECTION('',(0.,0.,-1.));
#613 = ORIENTED_EDGE('',*,*,#614,.F.);
#614 = EDGE_CURVE('',#615,#607,#617,.T.);
#615 = VERTEX_POINT('',#616);
#616 = CARTESIAN_POINT('',(-1.565906214309,1.884260525508,
    -0.503311715699));
#617 = B_SPLINE_CURVE_WITH_KNOTS('',6,(#618,#619,#620,#621,#622,#623,
    #624,#625,#626,#627,#628,#629,#630,#631,#632,#633,#634,#635,#636,
    #637,#638,#639,#640,#641,#642,#643,#644,#645,#646,#647,#648,#649),
  .UNSPECIFIED.,.F.,.F.,(7,5,5,5,5,5,7),(0.,4.995222697243E-02,
    0.288700789336,0.392032986887,0.556734543659,0.719992073715,1.),
  .UNSPECIFIED.);
#618 = CARTESIAN_POINT('',(-1.565906214309,1.884260525508,
    -0.503311715699));
#619 = CARTESIAN_POINT('',(-1.530930938626,1.913326570675,
    -0.508216120382));
#620 = CARTESIAN_POINT('',(-1.495305542824,1.941615812593,
    -0.513154026277));
#621 = CARTESIAN_POINT('',(-1.459051143887,1.969110323572,
    -0.518123631469));
#622 = CARTESIAN_POINT('',(-1.422189450253,1.995792940927,
    -0.523123124684));
#623 = CARTESIAN_POINT('',(-1.384742761813,2.021647266978,
    -0.528150685289));
#624 = CARTESIAN_POINT('',(-1.1650695082,2.166195833842,-0.557359302431)
  );
#625 = CARTESIAN_POINT('',(-0.97054325385,2.266469277166,-0.582116276667
    ));
#626 = CARTESIAN_POINT('',(-0.765691844717,2.345735283074,
    -0.607270265253));
#627 = CARTESIAN_POINT('',(-0.553290253766,2.402740486317,
    -0.632621788152));
#628 = CARTESIAN_POINT('',(-0.336290023403,2.436647031052,
    -0.657979144836));
#629 = CARTESIAN_POINT('',(-2.32646828293E-02,2.451717808004,
    -0.694047570702));
#630 = CARTESIAN_POINT('',(7.157064535362E-02,2.451889426698,
    -0.704908752962));
#631 = CARTESIAN_POINT('',(0.166435038307,2.447655970975,-0.715720943394
    ));
#632 = CARTESIAN_POINT('',(0.261076502054,2.439012059085,-0.7264696083)
  );
#633 = CARTESIAN_POINT('',(0.355241873338,2.425971197108,-0.737140679471
    ));
#634 = CARTESIAN_POINT('',(0.597603112438,2.380823221117,-0.764583854108
    ));
#635 = CARTESIAN_POINT('',(0.744679829545,2.341991262802,-0.781216087835
    ));
#636 = CARTESIAN_POINT('',(0.888871882965,2.292204510282,-0.797561129834
    ));
#637 = CARTESIAN_POINT('',(1.029163418515,2.231719205838,-0.813567993051
    ));
#638 = CARTESIAN_POINT('',(1.164567449423,2.160918159575,-0.829189624056
    ));
#639 = CARTESIAN_POINT('',(1.422567538097,2.000419888004,-0.859440575228
    ));
#640 = CARTESIAN_POINT('',(1.545273965132,1.910888491654,-0.874078384722
    ));
#641 = CARTESIAN_POINT('',(1.66132988174,1.812224708933,-0.888251740139)
  );
#642 = CARTESIAN_POINT('',(1.769876374296,1.705042040089,-0.901923156042
    ));
#643 = CARTESIAN_POINT('',(1.870131538239,1.590064935094,-0.915059763436
    ));
#644 = CARTESIAN_POINT('',(2.117941402253,1.258994239274,-0.949195091359
    ));
#645 = CARTESIAN_POINT('',(2.248126610476,1.029289228912,-0.969108441758
    ));
#646 = CARTESIAN_POINT('',(2.348310398497,0.783349715246,-0.987206537524
    ));
#647 = CARTESIAN_POINT('',(2.416095193499,0.526157199084,-1.003406173788
    ));
#648 = CARTESIAN_POINT('',(2.449999999996,0.263098844891,-1.017657094543
    ));
#649 = CARTESIAN_POINT('',(2.45,6.675460313532E-11,-1.029973122291));
#650 = ORIENTED_EDGE('',*,*,#651,.F.);
#651 = EDGE_CURVE('',#652,#615,#654,.T.);
#652 = VERTEX_POINT('',#653);
#653 = CARTESIAN_POINT('',(-1.565997688595,1.884184502461,
    -0.303305138411));
#654 = B_SPLINE_CURVE_WITH_KNOTS('',8,(#655,#656,#657,#658,#659,#660,
    #661,#662,#663,#664,#665,#666,#667,#668,#669,#670,#671,#672,#673,
    #674,#675,#676,#677,#678,#679,#680,#681,#682,#683,#684,#685,#686,
    #687,#688,#689,#690,#691,#692,#693,#694,#695,#696,#697,#698,#699,
    #700,#701,#702,#703,#704,#705,#706,#707,#708,#709,#710,#711,#712,
    #713,#714,#715,#716,#717,#718,#719),.UNSPECIFIED.,.F.,.F.,(9,7,7,7,7
    ,7,7,7,7,9),(0.,0.309517951405,0.404720116227,0.438933934068,
    0.496701895846,0.541721386501,0.564733541771,0.610853863487,
    0.771037609692,1.),.UNSPECIFIED.);
#655 = CARTESIAN_POINT('',(-1.565997688595,1.884184502461,
    -0.303305138411));
#656 = CARTESIAN_POINT('',(-1.622362133261,1.837338458482,
    -0.303083194407));
#657 = CARTESIAN_POINT('',(-1.676584371924,1.789015050212,
    -0.303427370225));
#658 = CARTESIAN_POINT('',(-1.728613350072,1.739363820002,
    -0.304356211817));
#659 = CARTESIAN_POINT('',(-1.778267387726,1.688667772815,
    -0.305913979612));
#660 = CARTESIAN_POINT('',(-1.825293710244,1.63732151819,-0.308154598458
    ));
#661 = CARTESIAN_POINT('',(-1.869254228413,1.586083586691,
    -0.311186228782));
#662 = CARTESIAN_POINT('',(-1.90969466338,1.535924502978,-0.315129904267
    ));
#663 = CARTESIAN_POINT('',(-1.956692926363,1.474511344813,
    -0.321918137299));
#664 = CARTESIAN_POINT('',(-1.967310346188,1.460383408408,-0.3236311954)
  );
#665 = CARTESIAN_POINT('',(-1.977462198917,1.446635338999,
    -0.325469824948));
#666 = CARTESIAN_POINT('',(-1.987108641878,1.433348291158,
    -0.327443992661));
#667 = CARTESIAN_POINT('',(-1.996198097309,1.420625450411,
    -0.329564371075));
#668 = CARTESIAN_POINT('',(-2.004667997829,1.408592462713,
    -0.331842126524));
#669 = CARTESIAN_POINT('',(-2.012445772559,1.39739580835,-0.334288449084
    ));
#670 = CARTESIAN_POINT('',(-2.021967284342,1.383534627649,
    -0.337857333649));
#671 = CARTESIAN_POINT('',(-2.024384167437,1.379999908516,
    -0.338823806847));
#672 = CARTESIAN_POINT('',(-2.026696814091,1.376602743969,-0.33981363487
    ));
#673 = CARTESIAN_POINT('',(-2.028901104722,1.373351306377,-0.34082714838
    ));
#674 = CARTESIAN_POINT('',(-2.030992783831,1.370254016643,
    -0.341864598903));
#675 = CARTESIAN_POINT('',(-2.03296753464,1.367319401479,-0.342926139837
    ));
#676 = CARTESIAN_POINT('',(-2.034821053714,1.364555950677,
    -0.344011807457));
#677 = CARTESIAN_POINT('',(-2.039466870442,1.357609086738,
    -0.346995153889));
#678 = CARTESIAN_POINT('',(-2.042027640937,1.353756825184,
    -0.348937727397));
#679 = CARTESIAN_POINT('',(-2.044210132022,1.350456760208,
    -0.350948239686));
#680 = CARTESIAN_POINT('',(-2.045994748323,1.347747302136,
    -0.353024723949));
#681 = CARTESIAN_POINT('',(-2.047364894413,1.345661113276,
    -0.355164043554));
#682 = CARTESIAN_POINT('',(-2.04830826507,1.344222520055,-0.35736170628)
  );
#683 = CARTESIAN_POINT('',(-2.048818135543,1.343444925163,
    -0.359611678542));
#684 = CARTESIAN_POINT('',(-2.048954282145,1.343237269252,
    -0.363694356365));
#685 = CARTESIAN_POINT('',(-2.048750745762,1.343547681392,
    -0.365509941157));
#686 = CARTESIAN_POINT('',(-2.04828395779,1.34425980474,-0.367349408959)
  );
#687 = CARTESIAN_POINT('',(-2.047556336701,1.345369088967,
    -0.369209166417));
#688 = CARTESIAN_POINT('',(-2.046572465658,1.346866750897,
    -0.371085615993));
#689 = CARTESIAN_POINT('',(-2.045338753861,1.348740440623,
    -0.372975200099));
#690 = CARTESIAN_POINT('',(-2.043863097902,1.350974907626,
    -0.374874445226));
#691 = CARTESIAN_POINT('',(-2.041281198529,1.354870313889,
    -0.377754052236));
#692 = CARTESIAN_POINT('',(-2.040346942869,1.356277756291,
    -0.378729798162));
#693 = CARTESIAN_POINT('',(-2.039352976544,1.357772662974,
    -0.379706827244));
#694 = CARTESIAN_POINT('',(-2.038300526378,1.359352646902,
    -0.380684745847));
#695 = CARTESIAN_POINT('',(-2.037190845603,1.361015265124,
    -0.381663183303));
#696 = CARTESIAN_POINT('',(-2.036025213864,1.362758018776,
    -0.382641791918));
#697 = CARTESIAN_POINT('',(-2.034804937214,1.364578353081,
    -0.383620246967));
#698 = CARTESIAN_POINT('',(-2.03097885626,1.370272173461,-0.386558326561
    ));
#699 = CARTESIAN_POINT('',(-2.028212234242,1.374371847037,
    -0.388516517811));
#700 = CARTESIAN_POINT('',(-2.025241925462,1.378752143239,
    -0.390470495724));
#701 = CARTESIAN_POINT('',(-2.022078288424,1.383392662374,
    -0.392418266913));
#702 = CARTESIAN_POINT('',(-2.018731388,1.388273530803,-0.394358160128)
  );
#703 = CARTESIAN_POINT('',(-2.015210786701,1.39337579185,-0.39628881705)
  );
#704 = CARTESIAN_POINT('',(-2.011525335946,1.398681796718,
    -0.398209183091));
#705 = CARTESIAN_POINT('',(-1.994337765536,1.423256495547,
    -0.406749875299));
#706 = CARTESIAN_POINT('',(-1.979122929242,1.444569707512,
    -0.413236662483));
#707 = CARTESIAN_POINT('',(-1.962348889875,1.467477013182,
    -0.419564047107));
#708 = CARTESIAN_POINT('',(-1.944248014082,1.491498248678,-0.42572294721
    ));
#709 = CARTESIAN_POINT('',(-1.924995216876,1.516279230717,
    -0.431710283474));
#710 = CARTESIAN_POINT('',(-1.904718604241,1.541566725353,
    -0.437528882734));
#711 = CARTESIAN_POINT('',(-1.883500145191,1.567190459117,
    -0.443187013035));
#712 = CARTESIAN_POINT('',(-1.829728947864,1.630018218483,
    -0.456574165669));
#713 = CARTESIAN_POINT('',(-1.796295614515,1.667384222963,
    -0.464130967009));
#714 = CARTESIAN_POINT('',(-1.761253418161,1.704752119968,
    -0.471385318226));
#715 = CARTESIAN_POINT('',(-1.724736710666,1.741855430325,
    -0.478345208383));
#716 = CARTESIAN_POINT('',(-1.686856708099,1.778494980814,
    -0.485015342109));
#717 = CARTESIAN_POINT('',(-1.6477085166,1.814516097617,-0.491398898162)
  );
#718 = CARTESIAN_POINT('',(-1.607369918996,1.849802300672,
    -0.497497471681));
#719 = CARTESIAN_POINT('',(-1.565906214309,1.884260525508,
    -0.503311715699));
#720 = ORIENTED_EDGE('',*,*,#721,.F.);
#721 = EDGE_CURVE('',#722,#652,#724,.T.);
#722 = VERTEX_POINT('',#723);
#723 = CARTESIAN_POINT('',(1.222175577331,2.123390415862,-0.28));
#724 = B_SPLINE_CURVE_WITH_KNOTS('',6,(#725,#726,#727,#728,#729,#730,
    #731,#732,#733,#734,#735,#736,#737,#738,#739,#740,#741,#742,#743,
    #744,#745,#746,#747,#748,#749,#750,#751,#752,#753,#754,#755,#756,
    #757,#758,#759,#760,#761),.UNSPECIFIED.,.F.,.F.,(7,5,5,5,5,5,5,7),(
    0.,5.792725070822E-02,0.26048565907,0.353887437074,0.508863112916,
    0.668778150932,0.772936795364,1.),.UNSPECIFIED.);
#725 = CARTESIAN_POINT('',(2.45,1.044049530778E-11,-0.330004210443));
#726 = CARTESIAN_POINT('',(2.45,5.406216391351E-02,-0.327473459334));
#727 = CARTESIAN_POINT('',(2.448568464043,0.108130240535,-0.32502428696)
  );
#728 = CARTESIAN_POINT('',(2.445704810374,0.162155621062,-0.322656680255
    ));
#729 = CARTESIAN_POINT('',(2.441410745571,0.216089814103,-0.320370508043
    ));
#730 = CARTESIAN_POINT('',(2.435690264546,0.269884445695,-0.318165521037
    ));
#731 = CARTESIAN_POINT('',(2.403580548967,0.510942082671,-0.308613615722
    ));
#732 = CARTESIAN_POINT('',(2.361244129347,0.696116999416,-0.302173303943
    ));
#733 = CARTESIAN_POINT('',(2.301808124901,0.876911125467,-0.296706926515
    ));
#734 = CARTESIAN_POINT('',(2.225896140909,1.051341793942,-0.292180095117
    ));
#735 = CARTESIAN_POINT('',(2.134409955769,1.217545141438,-0.288546869088
    ));
#736 = CARTESIAN_POINT('',(1.979775739665,1.445877614063,-0.284456664403
    ));
#737 = CARTESIAN_POINT('',(1.927921485402,1.515829533368,-0.283343074381
    ));
#738 = CARTESIAN_POINT('',(1.873131808962,1.583509843373,-0.282400820844
    ));
#739 = CARTESIAN_POINT('',(1.815535236701,1.648764727012,-0.281623432818
    ));
#740 = CARTESIAN_POINT('',(1.755270846222,1.711450863018,-0.281003865431
    ));
#741 = CARTESIAN_POINT('',(1.588317093707,1.870964025633,-0.279755711346
    ));
#742 = CARTESIAN_POINT('',(1.477208921365,1.963058450452,-0.279390442646
    ));
#743 = CARTESIAN_POINT('',(1.359850004247,2.04710925011,-0.279403985574)
  );
#744 = CARTESIAN_POINT('',(1.2369843321,2.122603943409,-0.279757449599)
  );
#745 = CARTESIAN_POINT('',(1.109406125477,2.189126138837,-0.280408152247
    ));
#746 = CARTESIAN_POINT('',(0.84230886173,2.305407150504,-0.282240610489)
  );
#747 = CARTESIAN_POINT('',(0.702530966811,2.354567502887,-0.283438676585
    ));
#748 = CARTESIAN_POINT('',(0.559537635375,2.39348436077,-0.284853581094)
  );
#749 = CARTESIAN_POINT('',(0.414268849386,2.421925440961,-0.286430960549
    ));
#750 = CARTESIAN_POINT('',(0.267678264099,2.439773741666,-0.288113398765
    ));
#751 = CARTESIAN_POINT('',(2.501030973709E-02,2.45174596064,
    -0.290966434538));
#752 = CARTESIAN_POINT('',(-7.086113827925E-02,2.451972075672,
    -0.292111016458));
#753 = CARTESIAN_POINT('',(-0.166624384648,2.447701156247,
    -0.293258292685));
#754 = CARTESIAN_POINT('',(-0.262018662312,2.438952003065,-0.29439144358
    ));
#755 = CARTESIAN_POINT('',(-0.356786508733,2.425763161877,
    -0.295493393913));
#756 = CARTESIAN_POINT('',(-0.655345606619,2.369890249175,
    -0.298843239456));
#757 = CARTESIAN_POINT('',(-0.855855294615,2.310761345444,
    -0.300909418806));
#758 = CARTESIAN_POINT('',(-1.049537002437,2.231406902732,
    -0.302565939113));
#759 = CARTESIAN_POINT('',(-1.23392744803,2.132870641949,-0.303632600889
    ));
#760 = CARTESIAN_POINT('',(-1.406754144764,2.016536202222,
    -0.303932185303));
#761 = CARTESIAN_POINT('',(-1.565997688595,1.884184502461,
    -0.303305138411));
#762 = ORIENTED_EDGE('',*,*,#763,.T.);
#763 = EDGE_CURVE('',#722,#764,#766,.T.);
#764 = VERTEX_POINT('',#765);
#765 = CARTESIAN_POINT('',(1.602991175547,1.852813884641,-0.28));
#766 = CIRCLE('',#767,2.45);
#767 = AXIS2_PLACEMENT_3D('',#768,#769,#770);
#768 = CARTESIAN_POINT('',(0.,0.,-0.28));
#769 = DIRECTION('',(0.,0.,-1.));
#770 = DIRECTION('',(1.,0.,0.));
#771 = ORIENTED_EDGE('',*,*,#772,.F.);
#772 = EDGE_CURVE('',#505,#764,#773,.T.);
#773 = B_SPLINE_CURVE_WITH_KNOTS('',6,(#774,#775,#776,#777,#778,#779,
    #780,#781,#782,#783,#784,#785,#786,#787,#788,#789,#790,#791,#792,
    #793,#794,#795,#796,#797,#798,#799,#800,#801,#802,#803,#804,#805,
    #806,#807,#808,#809,#810),.UNSPECIFIED.,.F.,.F.,(7,5,5,5,5,5,5,7),(
    0.,5.792725070822E-02,0.26048565907,0.353887437074,0.508863112916,
    0.668778150932,0.772936795364,1.),.UNSPECIFIED.);
#774 = CARTESIAN_POINT('',(2.45,1.044049530778E-11,-0.330004210443));
#775 = CARTESIAN_POINT('',(2.45,5.406216391351E-02,-0.327473459334));
#776 = CARTESIAN_POINT('',(2.448568464043,0.108130240535,-0.32502428696)
  );
#777 = CARTESIAN_POINT('',(2.445704810374,0.162155621062,-0.322656680255
    ));
#778 = CARTESIAN_POINT('',(2.441410745571,0.216089814103,-0.320370508043
    ));
#779 = CARTESIAN_POINT('',(2.435690264546,0.269884445695,-0.318165521037
    ));
#780 = CARTESIAN_POINT('',(2.403580548967,0.510942082671,-0.308613615722
    ));
#781 = CARTESIAN_POINT('',(2.361244129347,0.696116999416,-0.302173303943
    ));
#782 = CARTESIAN_POINT('',(2.301808124901,0.876911125467,-0.296706926515
    ));
#783 = CARTESIAN_POINT('',(2.225896140909,1.051341793942,-0.292180095117
    ));
#784 = CARTESIAN_POINT('',(2.134409955769,1.217545141438,-0.288546869088
    ));
#785 = CARTESIAN_POINT('',(1.979775739665,1.445877614063,-0.284456664403
    ));
#786 = CARTESIAN_POINT('',(1.927921485402,1.515829533368,-0.283343074381
    ));
#787 = CARTESIAN_POINT('',(1.873131808962,1.583509843373,-0.282400820844
    ));
#788 = CARTESIAN_POINT('',(1.815535236701,1.648764727012,-0.281623432818
    ));
#789 = CARTESIAN_POINT('',(1.755270846222,1.711450863018,-0.281003865431
    ));
#790 = CARTESIAN_POINT('',(1.588317093707,1.870964025633,-0.279755711346
    ));
#791 = CARTESIAN_POINT('',(1.477208921365,1.963058450452,-0.279390442646
    ));
#792 = CARTESIAN_POINT('',(1.359850004247,2.04710925011,-0.279403985574)
  );
#793 = CARTESIAN_POINT('',(1.2369843321,2.122603943409,-0.279757449599)
  );
#794 = CARTESIAN_POINT('',(1.109406125477,2.189126138837,-0.280408152247
    ));
#795 = CARTESIAN_POINT('',(0.84230886173,2.305407150504,-0.282240610489)
  );
#796 = CARTESIAN_POINT('',(0.702530966811,2.354567502887,-0.283438676585
    ));
#797 = CARTESIAN_POINT('',(0.559537635375,2.39348436077,-0.284853581094)
  );
#798 = CARTESIAN_POINT('',(0.414268849386,2.421925440961,-0.286430960549
    ));
#799 = CARTESIAN_POINT('',(0.267678264099,2.439773741666,-0.288113398765
    ));
#800 = CARTESIAN_POINT('',(2.501030973709E-02,2.45174596064,
    -0.290966434538));
#801 = CARTESIAN_POINT('',(-7.086113827925E-02,2.451972075672,
    -0.292111016458));
#802 = CARTESIAN_POINT('',(-0.166624384648,2.447701156247,
    -0.293258292685));
#803 = CARTESIAN_POINT('',(-0.262018662312,2.438952003065,-0.29439144358
    ));
#804 = CARTESIAN_POINT('',(-0.356786508733,2.425763161877,
    -0.295493393913));
#805 = CARTESIAN_POINT('',(-0.655345606619,2.369890249175,
    -0.298843239456));
#806 = CARTESIAN_POINT('',(-0.855855294615,2.310761345444,
    -0.300909418806));
#807 = CARTESIAN_POINT('',(-1.049537002437,2.231406902732,
    -0.302565939113));
#808 = CARTESIAN_POINT('',(-1.23392744803,2.132870641949,-0.303632600889
    ));
#809 = CARTESIAN_POINT('',(-1.406754144764,2.016536202222,
    -0.303932185303));
#810 = CARTESIAN_POINT('',(-1.565997688595,1.884184502461,
    -0.303305138411));
#811 = CYLINDRICAL_SURFACE('',#812,2.45);
#812 = AXIS2_PLACEMENT_3D('',#813,#814,#815);
#813 = CARTESIAN_POINT('',(0.,0.,-0.2));
#814 = DIRECTION('',(-0.,-0.,-1.));
#815 = DIRECTION('',(1.,0.,0.));
#816 = ADVANCED_FACE('',(#817),#865,.T.);
#817 = FACE_BOUND('',#818,.T.);
#818 = EDGE_LOOP('',(#819,#833,#834,#859,#860));
#819 = ORIENTED_EDGE('',*,*,#820,.F.);
#820 = EDGE_CURVE('',#652,#821,#823,.T.);
#821 = VERTEX_POINT('',#822);
#822 = CARTESIAN_POINT('',(2.017008614193,1.26224516237E-06,
    -0.580024288455));
#823 = ( BOUNDED_CURVE() B_SPLINE_CURVE(8,(#824,#825,#826,#827,#828,#829
,#830,#831,#832),.UNSPECIFIED.,.F.,.F.) B_SPLINE_CURVE_WITH_KNOTS((9,9),
(0.,3.166955067741),.PIECEWISE_BEZIER_KNOTS.) CURVE() 
GEOMETRIC_REPRESENTATION_ITEM() RATIONAL_B_SPLINE_CURVE((1.056590953773,
    1.056590953773,1.056590953773,1.056590953773,1.056590953773,
    1.056590953773,1.056590953773,1.056590953773,1.056590953773)) 
REPRESENTATION_ITEM('') );
#824 = CARTESIAN_POINT('',(-2.556830177908,-1.212216726332E-06,
    -0.180023219741));
#825 = CARTESIAN_POINT('',(-2.556831003904,0.898031470606,
    -0.230023618358));
#826 = CARTESIAN_POINT('',(-2.153721367446,1.796342304012,
    -0.280043232924));
#827 = CARTESIAN_POINT('',(-1.348046456597,2.48268752068,-0.329995045509
    ));
#828 = CARTESIAN_POINT('',(-0.269984675021,2.74895701875,-0.380023754191
    ));
#829 = CARTESIAN_POINT('',(0.808325183283,2.482688619543,-0.430052462551
    ));
#830 = CARTESIAN_POINT('',(1.613862896873,1.796344028074,-0.480004275316
    ));
#831 = CARTESIAN_POINT('',(2.017007768545,0.898033945068,-0.53002388984)
  );
#832 = CARTESIAN_POINT('',(2.017008614193,1.262245163725E-06,
    -0.580024288455));
#833 = ORIENTED_EDGE('',*,*,#721,.F.);
#834 = ORIENTED_EDGE('',*,*,#835,.F.);
#835 = EDGE_CURVE('',#764,#722,#836,.T.);
#836 = B_SPLINE_CURVE_WITH_KNOTS('',6,(#837,#838,#839,#840,#841,#842,
    #843,#844,#845,#846,#847,#848,#849,#850,#851,#852,#853,#854,#855,
    #856,#857,#858),.UNSPECIFIED.,.F.,.F.,(7,5,5,5,7),(0.,0.286093765218
    ,0.546311468795,0.782474130715,1.),.UNSPECIFIED.);
#837 = CARTESIAN_POINT('',(2.467846773947,0.433557670378,-0.28));
#838 = CARTESIAN_POINT('',(2.40471218299,0.695575244443,-0.28));
#839 = CARTESIAN_POINT('',(2.310963593656,0.949989360598,-0.28));
#840 = CARTESIAN_POINT('',(2.187465353877,1.19207215945,-0.28));
#841 = CARTESIAN_POINT('',(2.036047021054,1.417425599421,-0.28));
#842 = CARTESIAN_POINT('',(1.859292287908,1.621897323632,-0.28));
#843 = CARTESIAN_POINT('',(1.480384220226,1.965534067538,-0.28));
#844 = CARTESIAN_POINT('',(1.281895814529,2.109004694271,-0.28));
#845 = CARTESIAN_POINT('',(1.068140180856,2.229491211628,-0.28));
#846 = CARTESIAN_POINT('',(0.842341337824,2.324836549204,-0.28));
#847 = CARTESIAN_POINT('',(0.608111543906,2.393370084266,-0.28));
#848 = CARTESIAN_POINT('',(0.153017385883,2.471256816179,-0.28));
#849 = CARTESIAN_POINT('',(-6.715605140237E-02,2.485508260018,-0.28));
#850 = CARTESIAN_POINT('',(-0.287922115606,2.476259334111,-0.28));
#851 = CARTESIAN_POINT('',(-0.50615068856,2.443401349875,-0.28));
#852 = CARTESIAN_POINT('',(-0.718653282465,2.387310871854,-0.28));
#853 = CARTESIAN_POINT('',(-1.109761858581,2.236970819283,-0.28));
#854 = CARTESIAN_POINT('',(-1.289772960786,2.146061512911,-0.28));
#855 = CARTESIAN_POINT('',(-1.459766142544,2.037141454349,-0.28));
#856 = CARTESIAN_POINT('',(-1.617419348641,1.911462720251,-0.28));
#857 = CARTESIAN_POINT('',(-1.760567812361,1.770645066725,-0.28));
#858 = CARTESIAN_POINT('',(-1.887320480404,1.616785699104,-0.28));
#859 = ORIENTED_EDGE('',*,*,#772,.F.);
#860 = ORIENTED_EDGE('',*,*,#861,.F.);
#861 = EDGE_CURVE('',#821,#505,#862,.T.);
#862 = B_SPLINE_CURVE_WITH_KNOTS('',1,(#863,#864),.UNSPECIFIED.,.F.,.F.,
  (2,2),(0.,0.56),.PIECEWISE_BEZIER_KNOTS.);
#863 = CARTESIAN_POINT('',(2.017008614193,1.262245163765E-06,
    -0.580024288455));
#864 = CARTESIAN_POINT('',(2.501967133462,-1.5148153427E-07,
    -0.299997085156));
#865 = B_SPLINE_SURFACE_WITH_KNOTS('',1,8,(
    (#866,#867,#868,#869,#870,#871,#872,#873,#874)
    ,(#875,#876,#877,#878,#879,#880,#881,#882,#883
  )),.UNSPECIFIED.,.F.,.F.,.F.,(2,2),(9,9),(0.,0.56),(0.,3.166955067741)
  ,.PIECEWISE_BEZIER_KNOTS.);
#866 = CARTESIAN_POINT('',(-2.556830177908,-1.212216725666E-06,
    -0.180023219741));
#867 = CARTESIAN_POINT('',(-2.556831003904,0.898031470606,
    -0.230023618358));
#868 = CARTESIAN_POINT('',(-2.153721367446,1.796342304012,
    -0.280043232924));
#869 = CARTESIAN_POINT('',(-1.348046456597,2.48268752068,-0.329995045509
    ));
#870 = CARTESIAN_POINT('',(-0.269984675021,2.74895701875,-0.380023754191
    ));
#871 = CARTESIAN_POINT('',(0.808325183283,2.482688619543,-0.430052462551
    ));
#872 = CARTESIAN_POINT('',(1.613862896873,1.796344028074,-0.480004275316
    ));
#873 = CARTESIAN_POINT('',(2.017007768545,0.898033945068,-0.53002388984)
  );
#874 = CARTESIAN_POINT('',(2.017008614193,1.262245163765E-06,
    -0.580024288455));
#875 = CARTESIAN_POINT('',(-3.04178938834,1.454772009524E-07,
    0.100002786578));
#876 = CARTESIAN_POINT('',(-3.041789423257,1.088518809494,
    5.000283441948E-02));
#877 = CARTESIAN_POINT('',(-2.553157382874,2.177018338999,
    5.188521249505E-06));
#878 = CARTESIAN_POINT('',(-1.576753490012,3.009711426055,
    -5.000059482468E-02));
#879 = CARTESIAN_POINT('',(-0.269930002112,3.331196261954,
    -9.999714931176E-02));
#880 = CARTESIAN_POINT('',(1.03695865525,3.009711268163,-0.14999370372)
  );
#881 = CARTESIAN_POINT('',(2.013326160751,2.177018011751,-0.19999948711)
  );
#882 = CARTESIAN_POINT('',(2.501967100903,1.088518512535,-0.249997132998
    ));
#883 = CARTESIAN_POINT('',(2.501967133462,-1.5148153427E-07,
    -0.299997085156));
#884 = ADVANCED_FACE('',(#885),#889,.F.);
#885 = FACE_BOUND('',#886,.F.);
#886 = EDGE_LOOP('',(#887,#888));
#887 = ORIENTED_EDGE('',*,*,#763,.F.);
#888 = ORIENTED_EDGE('',*,*,#835,.F.);
#889 = PLANE('',#890);
#890 = AXIS2_PLACEMENT_3D('',#891,#892,#893);
#891 = CARTESIAN_POINT('',(-4.9,-4.9,-0.28));
#892 = DIRECTION('',(0.,0.,1.));
#893 = DIRECTION('',(1.,0.,-0.));
#894 = ADVANCED_FACE('',(#895),#923,.T.);
#895 = FACE_BOUND('',#896,.T.);
#896 = EDGE_LOOP('',(#897,#911,#912,#913));
#897 = ORIENTED_EDGE('',*,*,#898,.F.);
#898 = EDGE_CURVE('',#615,#899,#901,.T.);
#899 = VERTEX_POINT('',#900);
#900 = CARTESIAN_POINT('',(2.017019832826,1.262228549335E-06,
    -0.78002428814));
#901 = B_SPLINE_CURVE_WITH_KNOTS('',8,(#902,#903,#904,#905,#906,#907,
    #908,#909,#910),.UNSPECIFIED.,.F.,.F.,(9,9),(0.,3.166955067741),
  .PIECEWISE_BEZIER_KNOTS.);
#902 = CARTESIAN_POINT('',(-2.556840902899,-1.212201381495E-06,
    -0.380023219453));
#903 = CARTESIAN_POINT('',(-2.556841913011,0.898035780217,-0.43002361806
    ));
#904 = CARTESIAN_POINT('',(-2.153739358454,1.796350999149,-0.48004323214
    ));
#905 = CARTESIAN_POINT('',(-1.348024285071,2.482699462043,
    -0.529995045902));
#906 = CARTESIAN_POINT('',(-0.270022535141,2.748970191454,
    -0.580023753937));
#907 = CARTESIAN_POINT('',(0.808357701778,2.482700525153,-0.630052461488
    ));
#908 = CARTESIAN_POINT('',(1.613862980332,1.796352557881,-0.680004275519
    ));
#909 = CARTESIAN_POINT('',(2.017018803062,0.898038254647,-0.730023889535
    ));
#910 = CARTESIAN_POINT('',(2.017019832826,1.262228549944E-06,
    -0.78002428814));
#911 = ORIENTED_EDGE('',*,*,#651,.F.);
#912 = ORIENTED_EDGE('',*,*,#820,.T.);
#913 = ORIENTED_EDGE('',*,*,#914,.F.);
#914 = EDGE_CURVE('',#899,#821,#915,.T.);
#915 = ( BOUNDED_CURVE() B_SPLINE_CURVE(6,(#916,#917,#918,#919,#920,#921
,#922),.UNSPECIFIED.,.F.,.F.) B_SPLINE_CURVE_WITH_KNOTS((7,7),(0.,
2.094395102393),.PIECEWISE_BEZIER_KNOTS.) CURVE() 
GEOMETRIC_REPRESENTATION_ITEM() RATIONAL_B_SPLINE_CURVE((1.056590953773,
    1.017435169568,0.996326512422,0.989390034249,0.996326512422,
1.017435169568,1.056590953773)) REPRESENTATION_ITEM('') );
#916 = CARTESIAN_POINT('',(2.017019832826,1.262228550791E-06,
    -0.78002428814));
#917 = CARTESIAN_POINT('',(1.980769621164,1.367899978177E-06,
    -0.759097929776));
#918 = CARTESIAN_POINT('',(1.955222833777,1.442368652294E-06,
    -0.723677381709));
#919 = CARTESIAN_POINT('',(1.945987432265,1.469287290057E-06,
    -0.680028272415));
#920 = CARTESIAN_POINT('',(1.955217936886,1.44237590316E-06,
    -0.636378127309));
#921 = CARTESIAN_POINT('',(1.98076075041,1.367913114114E-06,
    -0.600954713465));
#922 = CARTESIAN_POINT('',(2.017008614193,1.262245163725E-06,
    -0.580024288455));
#923 = ( BOUNDED_SURFACE() B_SPLINE_SURFACE(6,8,(
    (#924,#925,#926,#927,#928,#929,#930,#931,#932)
    ,(#933,#934,#935,#936,#937,#938,#939,#940,#941)
    ,(#942,#943,#944,#945,#946,#947,#948,#949,#950)
    ,(#951,#952,#953,#954,#955,#956,#957,#958,#959)
    ,(#960,#961,#962,#963,#964,#965,#966,#967,#968)
    ,(#969,#970,#971,#972,#973,#974,#975,#976,#977)
    ,(#978,#979,#980,#981,#982,#983,#984,#985,#986
)),.UNSPECIFIED.,.F.,.F.,.F.) B_SPLINE_SURFACE_WITH_KNOTS((7,7),(9,9),(
    0.,2.094395102393),(0.,3.166955067741),.PIECEWISE_BEZIER_KNOTS.) 
GEOMETRIC_REPRESENTATION_ITEM() RATIONAL_B_SPLINE_SURFACE((
    (1.056590953773,1.056590953773,1.056590953773,1.056590953773
      ,1.056590953773,1.056590953773,1.056590953773,1.056590953773
      ,1.056590953773)
    ,(1.017435169568,1.017435169568,1.017435169568,1.017435169568
      ,1.017435169568,1.017435169568,1.017435169568,1.017435169568
      ,1.017435169568)
    ,(0.996326512422,0.996326512422,0.996326512422,0.996326512422
      ,0.996326512422,0.996326512422,0.996326512422,0.996326512422
      ,0.996326512422)
    ,(0.989390034249,0.989390034249,0.989390034249,0.989390034249
      ,0.989390034249,0.989390034249,0.989390034249,0.989390034249
      ,0.989390034249)
    ,(0.996326512422,0.996326512422,0.996326512422,0.996326512422
      ,0.996326512422,0.996326512422,0.996326512422,0.996326512422
      ,0.996326512422)
    ,(1.017435169568,1.017435169568,1.017435169568,1.017435169568
      ,1.017435169568,1.017435169568,1.017435169568,1.017435169568
      ,1.017435169568)
    ,(1.056590953773,1.056590953773,1.056590953773,1.056590953773
      ,1.056590953773,1.056590953773,1.056590953773,1.056590953773
,1.056590953773))) REPRESENTATION_ITEM('') SURFACE() );
#924 = CARTESIAN_POINT('',(-2.556840902899,-1.212201380829E-06,
    -0.380023219453));
#925 = CARTESIAN_POINT('',(-2.556841913011,0.898035780217,-0.43002361806
    ));
#926 = CARTESIAN_POINT('',(-2.153739358454,1.796350999149,-0.48004323214
    ));
#927 = CARTESIAN_POINT('',(-1.348024285071,2.482699462043,
    -0.529995045902));
#928 = CARTESIAN_POINT('',(-0.270022535141,2.748970191454,
    -0.580023753937));
#929 = CARTESIAN_POINT('',(0.808357701778,2.482700525153,-0.630052461488
    ));
#930 = CARTESIAN_POINT('',(1.613862980332,1.796352557881,-0.680004275519
    ));
#931 = CARTESIAN_POINT('',(2.017018803062,0.898038254647,-0.730023889535
    ));
#932 = CARTESIAN_POINT('',(2.017019832826,1.262228550791E-06,
    -0.78002428814));
#933 = CARTESIAN_POINT('',(-2.520590742887,-1.313684414805E-06,
    -0.359096771616));
#934 = CARTESIAN_POINT('',(-2.520591773596,0.883797043835,
    -0.409097203596));
#935 = CARTESIAN_POINT('',(-2.123880045376,1.76789583233,-0.459118459809
    ));
#936 = CARTESIAN_POINT('',(-1.330934388127,2.443304953131,-0.50906623932
    ));
#937 = CARTESIAN_POINT('',(-0.270018698112,2.705448395489,
    -0.559097350832));
#938 = CARTESIAN_POINT('',(0.791261857388,2.443306117658,-0.609128461876
    ));
#939 = CARTESIAN_POINT('',(1.58400537835,1.767897578986,-0.659076241647)
  );
#940 = CARTESIAN_POINT('',(1.980768569159,0.883799725419,-0.709097497799
    ));
#941 = CARTESIAN_POINT('',(1.980769621164,1.367899978177E-06,
    -0.759097929776));
#942 = CARTESIAN_POINT('',(-2.495044042926,-1.385201385373E-06,
    -0.323676160495));
#943 = CARTESIAN_POINT('',(-2.495045069117,0.873762520145,
    -0.373676615993));
#944 = CARTESIAN_POINT('',(-2.102836242432,1.747842496167,
    -0.423699029472));
#945 = CARTESIAN_POINT('',(-1.318893380757,2.415542295782,
    -0.473643965914));
#946 = CARTESIAN_POINT('',(-0.270012080607,2.674777099878,-0.52367677123
    ));
#947 = CARTESIAN_POINT('',(0.779211005615,2.415543535474,-0.573709576105
    ));
#948 = CARTESIAN_POINT('',(1.562964632296,1.747844392344,-0.623654512792
    ));
#949 = CARTESIAN_POINT('',(1.95522178513,0.873765347715,-0.673676926214)
  );
#950 = CARTESIAN_POINT('',(1.955222833777,1.442368652294E-06,
    -0.723677381709));
#951 = CARTESIAN_POINT('',(-2.485808749149,-1.411052959144E-06,
    -0.280027028405));
#952 = CARTESIAN_POINT('',(-2.48580974531,0.870134961352,-0.330027492406
    ));
#953 = CARTESIAN_POINT('',(-2.095227362211,1.740593045558,
    -0.380050324244));
#954 = CARTESIAN_POINT('',(-1.314544679601,2.405505875257,
    -0.429994232901));
#955 = CARTESIAN_POINT('',(-0.270003849476,2.663689186627,
    -0.480027650528));
#956 = CARTESIAN_POINT('',(0.774850311262,2.405507147632,-0.530061067749
    ));
#957 = CARTESIAN_POINT('',(1.555359618902,1.740595021277,-0.580004976631
    ));
#958 = CARTESIAN_POINT('',(1.945986413228,0.870137841692,-0.630027808417
    ));
#959 = CARTESIAN_POINT('',(1.945987432265,1.469287290057E-06,
    -0.680028272415));
#960 = CARTESIAN_POINT('',(-2.495039361507,-1.385208083571E-06,
    -0.236376906083));
#961 = CARTESIAN_POINT('',(-2.495040307333,0.873760639016,
    -0.286377361585));
#962 = CARTESIAN_POINT('',(-2.102828389424,1.747838700772,
    -0.336399775277));
#963 = CARTESIAN_POINT('',(-1.318903058545,2.415537083421,
    -0.386344711205));
#964 = CARTESIAN_POINT('',(-0.269995554806,2.674771350042,
    -0.436377516803));
#965 = CARTESIAN_POINT('',(0.779196811413,2.41553833872,-0.486410322031)
  );
#966 = CARTESIAN_POINT('',(1.562964595867,1.747840669115,-0.536355258165
    ));
#967 = CARTESIAN_POINT('',(1.955216968604,0.8737634666,-0.586377671809)
  );
#968 = CARTESIAN_POINT('',(1.955217936886,1.44237590316E-06,
    -0.636378127309));
#969 = CARTESIAN_POINT('',(-2.520582262464,-1.313696548877E-06,
    -0.200953555284));
#970 = CARTESIAN_POINT('',(-2.52058314759,0.883793636156,-0.250953987271
    ));
#971 = CARTESIAN_POINT('',(-2.123865819596,1.767888956946,
    -0.300975243869));
#972 = CARTESIAN_POINT('',(-1.33095191951,2.443295510903,-0.35092302245)
  );
#973 = CARTESIAN_POINT('',(-0.269988761507,2.70543797962,-0.400954134473
    ));
#974 = CARTESIAN_POINT('',(0.791236144491,2.443296703702,-0.450985246156
    ));
#975 = CARTESIAN_POINT('',(1.584005312358,1.767890834331,-0.500933024926
    ));
#976 = CARTESIAN_POINT('',(1.980759843988,0.883796317766,-0.55095428148)
  );
#977 = CARTESIAN_POINT('',(1.98076075041,1.367913114114E-06,
    -0.600954713465));
#978 = CARTESIAN_POINT('',(-2.556830177908,-1.212216726332E-06,
    -0.180023219741));
#979 = CARTESIAN_POINT('',(-2.556831003904,0.898031470606,
    -0.230023618358));
#980 = CARTESIAN_POINT('',(-2.153721367446,1.796342304012,
    -0.280043232924));
#981 = CARTESIAN_POINT('',(-1.348046456597,2.48268752068,-0.329995045509
    ));
#982 = CARTESIAN_POINT('',(-0.269984675021,2.74895701875,-0.380023754191
    ));
#983 = CARTESIAN_POINT('',(0.808325183283,2.482688619543,-0.430052462551
    ));
#984 = CARTESIAN_POINT('',(1.613862896873,1.796344028074,-0.480004275316
    ));
#985 = CARTESIAN_POINT('',(2.017007768545,0.898033945068,-0.53002388984)
  );
#986 = CARTESIAN_POINT('',(2.017008614193,1.262245163725E-06,
    -0.580024288455));
#987 = ADVANCED_FACE('',(#988),#997,.T.);
#988 = FACE_BOUND('',#989,.T.);
#989 = EDGE_LOOP('',(#990,#995,#996));
#990 = ORIENTED_EDGE('',*,*,#991,.F.);
#991 = EDGE_CURVE('',#607,#899,#992,.T.);
#992 = B_SPLINE_CURVE_WITH_KNOTS('',1,(#993,#994),.UNSPECIFIED.,.F.,.F.,
  (2,2),(0.,0.56),.PIECEWISE_BEZIER_KNOTS.);
#993 = CARTESIAN_POINT('',(2.502009764266,-1.515446637716E-07,
    -1.059997083961));
#994 = CARTESIAN_POINT('',(2.017019832826,1.262228549944E-06,
    -0.78002428814));
#995 = ORIENTED_EDGE('',*,*,#614,.F.);
#996 = ORIENTED_EDGE('',*,*,#898,.T.);
#997 = B_SPLINE_SURFACE_WITH_KNOTS('',1,8,(
    (#998,#999,#1000,#1001,#1002,#1003,#1004,#1005,#1006)
    ,(#1007,#1008,#1009,#1010,#1011,#1012,#1013,#1014,#1015
  )),.UNSPECIFIED.,.F.,.F.,.F.,(2,2),(9,9),(0.,0.56),(0.,3.166955067741)
  ,.PIECEWISE_BEZIER_KNOTS.);
#998 = CARTESIAN_POINT('',(-3.041830143307,1.455355125302E-07,
    -0.659997212329));
#999 = CARTESIAN_POINT('',(-3.041830877863,1.088535186014,-0.70999716445
    ));
#1000 = CARTESIAN_POINT('',(-2.553225748704,2.177051380519,
    -0.759994808501));
#1001 = CARTESIAN_POINT('',(-1.576669238211,3.009756803235,
    -0.810000596316));
#1002 = CARTESIAN_POINT('',(-0.270073870568,3.331246318229,
    -0.859997148345));
#1003 = CARTESIAN_POINT('',(1.03708222553,3.009756509478,-0.909993699684
    ));
#1004 = CARTESIAN_POINT('',(2.013326477893,2.177050425018,
    -0.959999487884));
#1005 = CARTESIAN_POINT('',(2.50200903207,1.088534888934,-1.009997131841
    ));
#1006 = CARTESIAN_POINT('',(2.502009764266,-1.515446637716E-07,
    -1.059997083961));
#1007 = CARTESIAN_POINT('',(-2.556840902899,-1.212201381495E-06,
    -0.380023219453));
#1008 = CARTESIAN_POINT('',(-2.556841913011,0.898035780217,
    -0.43002361806));
#1009 = CARTESIAN_POINT('',(-2.153739358454,1.796350999149,
    -0.48004323214));
#1010 = CARTESIAN_POINT('',(-1.348024285071,2.482699462043,
    -0.529995045902));
#1011 = CARTESIAN_POINT('',(-0.270022535141,2.748970191454,
    -0.580023753937));
#1012 = CARTESIAN_POINT('',(0.808357701778,2.482700525153,
    -0.630052461488));
#1013 = CARTESIAN_POINT('',(1.613862980332,1.796352557881,
    -0.680004275519));
#1014 = CARTESIAN_POINT('',(2.017018803062,0.898038254647,
    -0.730023889535));
#1015 = CARTESIAN_POINT('',(2.017019832826,1.262228549944E-06,
    -0.78002428814));
#1016 = ADVANCED_FACE('',(#1017),#1232,.T.);
#1017 = FACE_BOUND('',#1018,.F.);
#1018 = EDGE_LOOP('',(#1019,#1128,#1129,#1226));
#1019 = ORIENTED_EDGE('',*,*,#1020,.F.);
#1020 = EDGE_CURVE('',#607,#1021,#1023,.T.);
#1021 = VERTEX_POINT('',#1022);
#1022 = CARTESIAN_POINT('',(2.45,2.900512176489E-11,-1.829974914003));
#1023 = B_SPLINE_CURVE_WITH_KNOTS('',7,(#1024,#1025,#1026,#1027,#1028,
    #1029,#1030,#1031,#1032,#1033,#1034,#1035,#1036,#1037,#1038,#1039,
    #1040,#1041,#1042,#1043,#1044,#1045,#1046,#1047,#1048,#1049,#1050,
    #1051,#1052,#1053,#1054,#1055,#1056,#1057,#1058,#1059,#1060,#1061,
    #1062,#1063,#1064,#1065,#1066,#1067,#1068,#1069,#1070,#1071,#1072,
    #1073,#1074,#1075,#1076,#1077,#1078,#1079,#1080,#1081,#1082,#1083,
    #1084,#1085,#1086,#1087,#1088,#1089,#1090,#1091,#1092,#1093,#1094,
    #1095,#1096,#1097,#1098,#1099,#1100,#1101,#1102,#1103,#1104,#1105,
    #1106,#1107,#1108,#1109,#1110,#1111,#1112,#1113,#1114,#1115,#1116,
    #1117,#1118,#1119,#1120,#1121,#1122,#1123,#1124,#1125,#1126,#1127),
  .UNSPECIFIED.,.F.,.F.,(8,6,6,6,6,6,6,6,6,6,6,6,6,6,6,6,6,8),(0.,
    1.877069296724E-02,5.67708709713E-02,0.125772373542,0.229623775516,
    0.245624304764,0.266124098536,0.324126885592,0.376131525509,
    0.403015853627,0.497690211584,0.597484376416,0.710669799126,
    0.738435171288,0.815337771598,0.861342461128,0.968615327052,1.),
  .UNSPECIFIED.);
#1024 = CARTESIAN_POINT('',(2.45,6.675771047071E-11,-1.029973122291));
#1025 = CARTESIAN_POINT('',(2.450000000001,-4.127681702329E-02,
    -1.032118303162));
#1026 = CARTESIAN_POINT('',(2.449188677757,-8.255364571016E-02,
    -1.034263416177));
#1027 = CARTESIAN_POINT('',(2.447566034388,-0.123811313098,
    -1.036408495048));
#1028 = CARTESIAN_POINT('',(2.445132635258,-0.165030679738,
    -1.038553569809));
#1029 = CARTESIAN_POINT('',(2.441889609978,-0.206192639624,
    -1.040698666821));
#1030 = CARTESIAN_POINT('',(2.437838652401,-0.247278120198,
    -1.042843808767));
#1031 = CARTESIAN_POINT('',(2.423150051601,-0.37124988066,
    -1.049331859413));
#1032 = CARTESIAN_POINT('',(2.410016029162,-0.453840803261,
    -1.05367498015));
#1033 = CARTESIAN_POINT('',(2.393598832871,-0.535882245279,
    -1.058018516423));
#1034 = CARTESIAN_POINT('',(2.373926547885,-0.617217843981,
    -1.062362540857));
#1035 = CARTESIAN_POINT('',(2.351036464956,-0.697693478761,
    -1.066707059139));
#1036 = CARTESIAN_POINT('',(2.324975080433,-0.777157271147,
    -1.07105201002));
#1037 = CARTESIAN_POINT('',(2.242817929997,-0.997642531837,
    -1.083287469003));
#1038 = CARTESIAN_POINT('',(2.179561617631,-1.136005181278,
    -1.091179149933));
#1039 = CARTESIAN_POINT('',(2.10636414622,-1.269642634387,
    -1.099070958803));
#1040 = CARTESIAN_POINT('',(2.023656405827,-1.397704371717,
    -1.10696194289));
#1041 = CARTESIAN_POINT('',(1.931953934295,-1.519391843095,
    -1.114851564263));
#1042 = CARTESIAN_POINT('',(1.831854710273,-1.633962037145,
    -1.12273942432));
#1043 = CARTESIAN_POINT('',(1.561787407892,-1.901439802474,
    -1.142492499669));
#1044 = CARTESIAN_POINT('',(1.382007089485,-2.044542074473,
    -1.154358613458));
#1045 = CARTESIAN_POINT('',(1.187073803638,-2.16766535271,
    -1.166216981919));
#1046 = CARTESIAN_POINT('',(0.979672849158,-2.26895525896,-1.17807060818
    ));
#1047 = CARTESIAN_POINT('',(0.762719542783,-2.346988233997,
    -1.189925672859));
#1048 = CARTESIAN_POINT('',(0.539326735032,-2.400787235947,
    -1.201785787156));
#1049 = CARTESIAN_POINT('',(0.277929131877,-2.434439031381,
    -1.215473756527));
#1050 = CARTESIAN_POINT('',(0.242956640807,-2.438346929607,
    -1.21730122246));
#1051 = CARTESIAN_POINT('',(0.207920653102,-2.441668614442,
    -1.219128780672));
#1052 = CARTESIAN_POINT('',(0.17283295965,-2.44440286913,-1.220956434491
    ));
#1053 = CARTESIAN_POINT('',(0.137705374338,-2.446548773849,
    -1.222784186454));
#1054 = CARTESIAN_POINT('',(0.10254973404,-2.448105705718,
    -1.224612038311));
#1055 = CARTESIAN_POINT('',(2.231592840619E-02,-2.450313065186,
    -1.228781954409));
#1056 = CARTESIAN_POINT('',(-2.277266093217E-02,-2.450585481937,
    -1.231124083913));
#1057 = CARTESIAN_POINT('',(-6.786291239442E-02,-2.449889904438,
    -1.233466381477));
#1058 = CARTESIAN_POINT('',(-0.112929895868,-2.448226450575,
    -1.235808846894));
#1059 = CARTESIAN_POINT('',(-0.157948708118,-2.445596040729,
    -1.238151477807));
#1060 = CARTESIAN_POINT('',(-0.202894472789,-2.442000397769,
    -1.240494269716));
#1061 = CARTESIAN_POINT('',(-0.374636364031,-2.424544500455,
    -1.24946642474));
#1062 = CARTESIAN_POINT('',(-0.500750235037,-2.403939181116,
    -1.256097051869));
#1063 = CARTESIAN_POINT('',(-0.625516654166,-2.375684103486,
    -1.262728669471));
#1064 = CARTESIAN_POINT('',(-0.748380008396,-2.339887492563,
    -1.269361074324));
#1065 = CARTESIAN_POINT('',(-0.868798169737,-2.29670727064,
    -1.275994111559));
#1066 = CARTESIAN_POINT('',(-0.986244294025,-2.246350544057,
    -1.282627498338));
#1067 = CARTESIAN_POINT('',(-1.202387739416,-2.137718775292,
    -1.295207853768));
#1068 = CARTESIAN_POINT('',(-1.301772057159,-2.08079910519,
    -1.301155109416));
#1069 = CARTESIAN_POINT('',(-1.397995042299,-2.018498470162,
    -1.307102026705));
#1070 = CARTESIAN_POINT('',(-1.490708445996,-1.951029111439,
    -1.313048455014));
#1071 = CARTESIAN_POINT('',(-1.579583163494,-1.878630500544,
    -1.318994358214));
#1072 = CARTESIAN_POINT('',(-1.664310096383,-1.801568718885,
    -1.324939692014));
#1073 = CARTESIAN_POINT('',(-1.78610822271,-1.678038280075,
    -1.333957397255));
#1074 = CARTESIAN_POINT('',(-1.826430364802,-1.6347721495,
    -1.337030341804));
#1075 = CARTESIAN_POINT('',(-1.86552784939,-1.590377610465,
    -1.340103114346));
#1076 = CARTESIAN_POINT('',(-1.903362910457,-1.544896348342,
    -1.343175717959));
#1077 = CARTESIAN_POINT('',(-1.939899607726,-1.498371569027,
    -1.346248159403));
#1078 = CARTESIAN_POINT('',(-1.975103826661,-1.45084799894,
    -1.349320449118));
#1079 = CARTESIAN_POINT('',(-2.128110414024,-1.231661092438,
    -1.3632113216));
#1080 = CARTESIAN_POINT('',(-2.230376069072,-1.049103916876,
    -1.374030379867));
#1081 = CARTESIAN_POINT('',(-2.314282621868,-0.856765593498,
    -1.384846849831));
#1082 = CARTESIAN_POINT('',(-2.378754625079,-0.656869166972,
    -1.395662414625));
#1083 = CARTESIAN_POINT('',(-2.423038256962,-0.451752730889,
    -1.406480007921));
#1084 = CARTESIAN_POINT('',(-2.4467079398,-0.243848479276,
    -1.417300707508));
#1085 = CARTESIAN_POINT('',(-2.452936286101,0.183738496112,
    -1.439526189067));
#1086 = CARTESIAN_POINT('',(-2.433203865073,0.403546120152,
    -1.450935790242));
#1087 = CARTESIAN_POINT('',(-2.390481723074,0.620770380468,
    -1.462345056601));
#1088 = CARTESIAN_POINT('',(-2.325213139291,0.83255229854,
    -1.473753796969));
#1089 = CARTESIAN_POINT('',(-2.238245289705,1.036141990874,
    -1.485163089909));
#1090 = CARTESIAN_POINT('',(-2.130820858737,1.228926371232,
    -1.496572331968));
#1091 = CARTESIAN_POINT('',(-1.861573576838,1.612139243311,
    -1.520910982465));
#1092 = CARTESIAN_POINT('',(-1.694292160493,1.798912951081,
    -1.53384728076));
#1093 = CARTESIAN_POINT('',(-1.505297572044,1.965208420172,
    -1.546775625463));
#1094 = CARTESIAN_POINT('',(-1.297653329734,2.108094001513,
    -1.559699017401));
#1095 = CARTESIAN_POINT('',(-1.074808461963,2.225196585899,
    -1.572622836798));
#1096 = CARTESIAN_POINT('',(-0.84059540079,2.314702580707,-1.58555275624
    ));
#1097 = CARTESIAN_POINT('',(-0.540059176503,2.39051541133,
    -1.601653025635));
#1098 = CARTESIAN_POINT('',(-0.480423412431,2.403728262765,
    -1.604824787671));
#1099 = CARTESIAN_POINT('',(-0.420413638655,2.415204695784,
    -1.607996807098));
#1100 = CARTESIAN_POINT('',(-0.360090529946,2.424932194345,
    -1.611169105398));
#1101 = CARTESIAN_POINT('',(-0.299515193068,2.432900909051,
    -1.614341698073));
#1102 = CARTESIAN_POINT('',(-0.238749166776,2.439103657146,
    -1.617514594644));
#1103 = CARTESIAN_POINT('',(-9.192384598591E-03,2.455812103456,
    -1.629476718834));
#1104 = CARTESIAN_POINT('',(0.160472101343,2.454507297986,
    -1.638268733756));
#1105 = CARTESIAN_POINT('',(0.329801793333,2.439520322467,
    -1.647062666528));
#1106 = CARTESIAN_POINT('',(0.497477613601,2.410921983316,
    -1.655858373742));
#1107 = CARTESIAN_POINT('',(0.662202372469,2.368933462822,
    -1.664655715645));
#1108 = CARTESIAN_POINT('',(0.822707988553,2.313925115649,
    -1.673453774904));
#1109 = CARTESIAN_POINT('',(1.070525165034,2.206062129401,
    -1.687512597391));
#1110 = CARTESIAN_POINT('',(1.161340251312,2.161219513796,
    -1.692774644898));
#1111 = CARTESIAN_POINT('',(1.249951494376,2.112021052607,
    -1.698036159221));
#1112 = CARTESIAN_POINT('',(1.336108933457,2.058597735171,
    -1.703296963058));
#1113 = CARTESIAN_POINT('',(1.419573097376,2.001098026125,
    -1.708556957887));
#1114 = CARTESIAN_POINT('',(1.500115484461,1.939687574797,
    -1.713816072768));
#1115 = CARTESIAN_POINT('',(1.758007196696,1.72265985063,-1.731335045539
    ));
#1116 = CARTESIAN_POINT('',(1.921489602813,1.55044876687,-1.743594650126
    ));
#1117 = CARTESIAN_POINT('',(2.065111543972,1.360282439757,
    -1.755846229925));
#1118 = CARTESIAN_POINT('',(2.186588001041,1.154939653908,
    -1.768093587521));
#1119 = CARTESIAN_POINT('',(2.28409897946,0.937498015347,-1.780345138346
    ));
#1120 = CARTESIAN_POINT('',(2.356310900318,0.71129700059,-1.792605587011
    ));
#1121 = CARTESIAN_POINT('',(2.416044574124,0.412300354858,
    -1.808452064085));
#1122 = CARTESIAN_POINT('',(2.42734100565,0.344178871176,-1.812039133754
    ));
#1123 = CARTESIAN_POINT('',(2.436395765691,0.275700842151,
    -1.815626398252));
#1124 = CARTESIAN_POINT('',(2.443195658277,0.206954763542,
    -1.819213753232));
#1125 = CARTESIAN_POINT('',(2.447731875995,0.138029585259,
    -1.822801067442));
#1126 = CARTESIAN_POINT('',(2.449999999999,6.901471136087E-02,
    -1.826388182721));
#1127 = CARTESIAN_POINT('',(2.45,5.79927217359E-11,-1.829974914003));
#1128 = ORIENTED_EDGE('',*,*,#606,.T.);
#1129 = ORIENTED_EDGE('',*,*,#1130,.T.);
#1130 = EDGE_CURVE('',#515,#1131,#1133,.T.);
#1131 = VERTEX_POINT('',#1132);
#1132 = CARTESIAN_POINT('',(2.45,3.862630048789E-12,-1.930003649012));
#1133 = B_SPLINE_CURVE_WITH_KNOTS('',6,(#1134,#1135,#1136,#1137,#1138,
    #1139,#1140,#1141,#1142,#1143,#1144,#1145,#1146,#1147,#1148,#1149,
    #1150,#1151,#1152,#1153,#1154,#1155,#1156,#1157,#1158,#1159,#1160,
    #1161,#1162,#1163,#1164,#1165,#1166,#1167,#1168,#1169,#1170,#1171,
    #1172,#1173,#1174,#1175,#1176,#1177,#1178,#1179,#1180,#1181,#1182,
    #1183,#1184,#1185,#1186,#1187,#1188,#1189,#1190,#1191,#1192,#1193,
    #1194,#1195,#1196,#1197,#1198,#1199,#1200,#1201,#1202,#1203,#1204,
    #1205,#1206,#1207,#1208,#1209,#1210,#1211,#1212,#1213,#1214,#1215,
    #1216,#1217,#1218,#1219,#1220,#1221,#1222,#1223,#1224,#1225),
  .UNSPECIFIED.,.F.,.F.,(7,5,5,5,5,5,5,5,5,5,5,5,5,5,5,5,5,5,7),(0.,
    2.581068943753E-02,4.564586990805E-02,0.127644083177,0.179778466442,
    0.262778452617,0.298652942624,0.3546557074,0.402027485212,
    0.491779198282,0.598010558032,0.621322042129,0.672325795874,
    0.737327413725,0.765129390144,0.872681899377,0.942178363131,
    0.973177857375,1.),.UNSPECIFIED.);
#1134 = CARTESIAN_POINT('',(2.45,9.067857575928E-12,-1.130003929726));
#1135 = CARTESIAN_POINT('',(2.45,-6.621846581421E-02,-1.133445218293));
#1136 = CARTESIAN_POINT('',(2.447852293908,-0.132437037673,
    -1.136886770468));
#1137 = CARTESIAN_POINT('',(2.443556898716,-0.198568338827,
    -1.140328440302));
#1138 = CARTESIAN_POINT('',(2.437118525371,-0.26452540418,
    -1.143770103024));
#1139 = CARTESIAN_POINT('',(2.428546578769,-0.330221680285,
    -1.147211655039));
#1140 = CARTESIAN_POINT('',(2.409638939217,-0.445791150451,
    -1.153297653659));
#1141 = CARTESIAN_POINT('',(2.400171000972,-0.495806489847,
    -1.155942183354));
#1142 = CARTESIAN_POINT('',(2.389457740216,-0.545577979038,
    -1.158586569461));
#1143 = CARTESIAN_POINT('',(2.377507151775,-0.595066926118,
    -1.161230790662));
#1144 = CARTESIAN_POINT('',(2.364328828109,-0.644235011769,
    -1.163874837878));
#1145 = CARTESIAN_POINT('',(2.290425878537,-0.894820802005,
    -1.177448442893));
#1146 = CARTESIAN_POINT('',(2.21011943172,-1.090491871566,
    -1.188376661412));
#1147 = CARTESIAN_POINT('',(2.109811867392,-1.277319038227,
    -1.199300402211));
#1148 = CARTESIAN_POINT('',(1.990768810115,-1.452804764182,
    -1.210224999048));
#1149 = CARTESIAN_POINT('',(1.854616321263,-1.614668526529,
    -1.221154663653));
#1150 = CARTESIAN_POINT('',(1.607276729985,-1.853928703149,
    -1.239037561571));
#1151 = CARTESIAN_POINT('',(1.505046781888,-1.940627649013,
    -1.245989986115));
#1152 = CARTESIAN_POINT('',(1.397242652936,-2.020527471544,
    -1.252943997188));
#1153 = CARTESIAN_POINT('',(1.284432369276,-2.093187715913,
    -1.259899573723));
#1154 = CARTESIAN_POINT('',(1.16722854695,-2.158232494372,
    -1.266856465525));
#1155 = CARTESIAN_POINT('',(0.853738838735,-2.306290039144,
    -1.284890241533));
#1156 = CARTESIAN_POINT('',(0.651682226656,-2.377157399163,
    -1.29596970589));
#1157 = CARTESIAN_POINT('',(0.442787852071,-2.426680957739,
    -1.307046961601));
#1158 = CARTESIAN_POINT('',(0.229864999609,-2.454124811554,
    -1.318121085022));
#1159 = CARTESIAN_POINT('',(1.58016921778E-02,-2.459185563166,
    -1.329192829119));
#1160 = CARTESIAN_POINT('',(-0.288193431756,-2.434731079925,
    -1.345042464688));
#1161 = CARTESIAN_POINT('',(-0.379602423834,-2.423215362675,
    -1.349824935331));
#1162 = CARTESIAN_POINT('',(-0.47044507295,-2.407582818004,
    -1.354606726936));
#1163 = CARTESIAN_POINT('',(-0.56049046438,-2.387869596339,
    -1.359387898728));
#1164 = CARTESIAN_POINT('',(-0.64951104722,-2.364129095932,
    -1.364168542407));
#1165 = CARTESIAN_POINT('',(-0.874300653291,-2.293194664465,
    -1.37641109427));
#1166 = CARTESIAN_POINT('',(-1.008279811455,-2.24031344953,
    -1.383872635048));
#1167 = CARTESIAN_POINT('',(-1.138364001532,-2.178058902148,
    -1.391333421559));
#1168 = CARTESIAN_POINT('',(-1.26374059131,-2.106796736191,
    -1.398794235657));
#1169 = CARTESIAN_POINT('',(-1.383645305177,-2.02698527906,
    -1.406255805091));
#1170 = CARTESIAN_POINT('',(-1.593562425256,-1.864894017618,
    -1.420030114266));
#1171 = CARTESIAN_POINT('',(-1.685337369051,-1.784887667252,
    -1.426342914461));
#1172 = CARTESIAN_POINT('',(-1.772262988415,-1.699485358953,
    -1.432656380967));
#1173 = CARTESIAN_POINT('',(-1.853947359258,-1.609057208301,
    -1.438970705613));
#1174 = CARTESIAN_POINT('',(-1.93003716225,-1.514010338596,
    -1.445285982053));
#1175 = CARTESIAN_POINT('',(-2.133187964601,-1.226796727773,
    -1.463568223823));
#1176 = CARTESIAN_POINT('',(-2.244978834119,-1.023775467882,
    -1.475539378689));
#1177 = CARTESIAN_POINT('',(-2.333408363954,-0.808781731961,
    -1.487510006789));
#1178 = CARTESIAN_POINT('',(-2.397000011765,-0.585179932839,
    -1.499480811217));
#1179 = CARTESIAN_POINT('',(-2.434832371374,-0.356526330236,
    -1.511452771194));
#1180 = CARTESIAN_POINT('',(-2.460808355819,0.145601280737,
    -1.537586260752));
#1181 = CARTESIAN_POINT('',(-2.438560812421,0.419753447492,
    -1.551754209769));
#1182 = CARTESIAN_POINT('',(-2.379615763446,0.689598232123,
    -1.565913019393));
#1183 = CARTESIAN_POINT('',(-2.285145535892,0.949150034222,
    -1.580070176094));
#1184 = CARTESIAN_POINT('',(-2.157358080716,1.192721715264,
    -1.594235175332));
#1185 = CARTESIAN_POINT('',(-1.965383190482,1.464016994761,
    -1.611506319206));
#1186 = CARTESIAN_POINT('',(-1.929406771437,1.511825236459,
    -1.614614453624));
#1187 = CARTESIAN_POINT('',(-1.892037346145,1.558569099001,
    -1.617722760247));
#1188 = CARTESIAN_POINT('',(-1.853314486731,1.604198074397,
    -1.620831248155));
#1189 = CARTESIAN_POINT('',(-1.813280175664,1.648663659779,
    -1.623939922139));
#1190 = CARTESIAN_POINT('',(-1.681614550468,1.786559533051,
    -1.633850733096));
#1191 = CARTESIAN_POINT('',(-1.585182869007,1.87540980539,
    -1.640653704697));
#1192 = CARTESIAN_POINT('',(-1.483151669537,1.957980535959,
    -1.647457423878));
#1193 = CARTESIAN_POINT('',(-1.376034916975,2.033837368242,
    -1.654261891429));
#1194 = CARTESIAN_POINT('',(-1.264389944639,2.102603241538,
    -1.661066989893));
#1195 = CARTESIAN_POINT('',(-1.001520242442,2.242156901908,
    -1.676544836385));
#1196 = CARTESIAN_POINT('',(-0.847831270262,2.308326178358,
    -1.68521823671));
#1197 = CARTESIAN_POINT('',(-0.68899183371,2.361805047875,
    -1.693890632717));
#1198 = CARTESIAN_POINT('',(-0.526312521179,2.402120412966,
    -1.702561652255));
#1199 = CARTESIAN_POINT('',(-0.361152665829,2.428966630864,
    -1.711231108642));
#1200 = CARTESIAN_POINT('',(-0.123816768672,2.447908684731,
    -1.723604682688));
#1201 = CARTESIAN_POINT('',(-5.251756691902E-02,2.451099378266,
    -1.727311123392));
#1202 = CARTESIAN_POINT('',(1.887124421952E-02,2.451797457313,
    -1.731017125754));
#1203 = CARTESIAN_POINT('',(9.02408947453E-02,2.450000584825,
    -1.734722686554));
#1204 = CARTESIAN_POINT('',(0.16148266698,2.445712759621,-1.738427819665
    ));
#1205 = CARTESIAN_POINT('',(0.507173061388,2.41276045654,-1.756464403847
    ));
#1206 = CARTESIAN_POINT('',(0.778425223129,2.349442395049,
    -1.770795712752));
#1207 = CARTESIAN_POINT('',(1.039728057424,2.249562024559,
    -1.785116482138));
#1208 = CARTESIAN_POINT('',(1.285119595765,2.115252945902,
    -1.799439426904));
#1209 = CARTESIAN_POINT('',(1.509109556492,1.949673506532,
    -1.813777097263));
#1210 = CARTESIAN_POINT('',(1.834934072845,1.633189144861,
    -1.837382574658));
#1211 = CARTESIAN_POINT('',(1.951988255946,1.497783705474,
    -1.846652057766));
#1212 = CARTESIAN_POINT('',(2.056960860883,1.352401776606,
    -1.855923710364));
#1213 = CARTESIAN_POINT('',(2.148824230037,1.198401997238,
    -1.865197023032));
#1214 = CARTESIAN_POINT('',(2.226739212053,1.037266246838,-1.87447042498
    ));
#1215 = CARTESIAN_POINT('',(2.318357009766,0.796269888037,
    -1.887876910681));
#1216 = CARTESIAN_POINT('',(2.343722233955,0.720829826305,
    -1.892012006849));
#1217 = CARTESIAN_POINT('',(2.366138017469,0.64443018945,-1.896146648468
    ));
#1218 = CARTESIAN_POINT('',(2.385560027392,0.567215085337,
    -1.900280789456));
#1219 = CARTESIAN_POINT('',(2.401953370987,0.489331205435,
    -1.904414455624));
#1220 = CARTESIAN_POINT('',(2.426834286812,0.343089729104,-1.91212405037
    ));
#1221 = CARTESIAN_POINT('',(2.436089584336,0.274862360887,-1.91570008162
    ));
#1222 = CARTESIAN_POINT('',(2.443042037511,0.206342350108,
    -1.919275913896));
#1223 = CARTESIAN_POINT('',(2.447680674024,0.137626809258,
    -1.922851667833));
#1224 = CARTESIAN_POINT('',(2.45,6.881333336656E-02,-1.926427509223));
#1225 = CARTESIAN_POINT('',(2.45,7.727596340601E-12,-1.930003649012));
#1226 = ORIENTED_EDGE('',*,*,#1227,.F.);
#1227 = EDGE_CURVE('',#1021,#1131,#1228,.T.);
#1228 = LINE('',#1229,#1230);
#1229 = CARTESIAN_POINT('',(2.45,0.,-0.2));
#1230 = VECTOR('',#1231,1.);
#1231 = DIRECTION('',(0.,0.,-1.));
#1232 = CYLINDRICAL_SURFACE('',#1233,2.45);
#1233 = AXIS2_PLACEMENT_3D('',#1234,#1235,#1236);
#1234 = CARTESIAN_POINT('',(0.,0.,-0.2));
#1235 = DIRECTION('',(-0.,-0.,-1.));
#1236 = DIRECTION('',(1.,0.,0.));
#1237 = ADVANCED_FACE('',(#1238),#1264,.T.);
#1238 = FACE_BOUND('',#1239,.T.);
#1239 = EDGE_LOOP('',(#1240,#1257,#1258,#1259));
#1240 = ORIENTED_EDGE('',*,*,#1241,.F.);
#1241 = EDGE_CURVE('',#821,#1242,#1244,.T.);
#1242 = VERTEX_POINT('',#1243);
#1243 = CARTESIAN_POINT('',(2.017007193079,1.178097393996E-06,
    -1.380022669262));
#1244 = ( BOUNDED_CURVE() B_SPLINE_CURVE(11,(#1245,#1246,#1247,#1248,
    #1249,#1250,#1251,#1252,#1253,#1254,#1255,#1256),.UNSPECIFIED.,.F.,
.F.) B_SPLINE_CURVE_WITH_KNOTS((12,12),(0.,6.333910135482),
.PIECEWISE_BEZIER_KNOTS.) CURVE() GEOMETRIC_REPRESENTATION_ITEM() 
RATIONAL_B_SPLINE_CURVE((1.056590953773,1.056590953773,1.056590953773,
    1.056590953773,1.056590953773,1.056590953774,1.056590953772,
    1.056590953774,1.056590953773,1.056590953773,1.056590953773,
1.056590953773)) REPRESENTATION_ITEM('') );
#1245 = CARTESIAN_POINT('',(2.017008614193,1.262245164557E-06,
    -0.580024288455));
#1246 = CARTESIAN_POINT('',(2.017007554423,-1.152164259453,
    -0.652749532395));
#1247 = CARTESIAN_POINT('',(1.293207984567,-2.303826132264,
    -0.725443490827));
#1248 = CARTESIAN_POINT('',(-0.155437782565,-2.952405914845,
    -0.79838134514));
#1249 = CARTESIAN_POINT('',(-1.92638490229,-2.583422757453,
    -0.870499742932));
#1250 = CARTESIAN_POINT('',(-3.24510632047,-1.070032779647,
    -0.94431673364));
#1251 = CARTESIAN_POINT('',(-3.246154570728,1.070016333576,
    -1.01573022383));
#1252 = CARTESIAN_POINT('',(-1.925683980195,2.583442272609,
    -1.089547215282));
#1253 = CARTESIAN_POINT('',(-0.155737388016,2.952394220733,
    -1.161665612234));
#1254 = CARTESIAN_POINT('',(1.293265302843,2.303829934253,
    -1.234603466988));
#1255 = CARTESIAN_POINT('',(2.017008300896,1.152166699796,
    -1.307297425326));
#1256 = CARTESIAN_POINT('',(2.017007193079,1.178097398802E-06,
    -1.380022669262));
#1257 = ORIENTED_EDGE('',*,*,#861,.T.);
#1258 = ORIENTED_EDGE('',*,*,#514,.T.);
#1259 = ORIENTED_EDGE('',*,*,#1260,.F.);
#1260 = EDGE_CURVE('',#1242,#515,#1261,.T.);
#1261 = B_SPLINE_CURVE_WITH_KNOTS('',1,(#1262,#1263),.UNSPECIFIED.,.F.,
  .F.,(2,2),(0.,0.56),.PIECEWISE_BEZIER_KNOTS.);
#1262 = CARTESIAN_POINT('',(2.017007193079,1.178097400042E-06,
    -1.380022669262));
#1263 = CARTESIAN_POINT('',(2.501966759518,-1.413822629716E-07,
    -1.099997279489));
#1264 = B_SPLINE_SURFACE_WITH_KNOTS('',1,10,(
    (#1265,#1266,#1267,#1268,#1269,#1270,#1271,#1272,#1273,#1274,#1275)
    ,(#1276,#1277,#1278,#1279,#1280,#1281,#1282,#1283,#1284,#1285,#1286
    )),.UNSPECIFIED.,.F.,.F.,.F.,(2,2),(11,11),(0.,0.56),(0.,
    6.333910135482),.PIECEWISE_BEZIER_KNOTS.);
#1265 = CARTESIAN_POINT('',(2.017008614193,1.262245162428E-06,
    -0.580024288455));
#1266 = CARTESIAN_POINT('',(2.017007448446,-1.267380811623,
    -0.660022056789));
#1267 = CARTESIAN_POINT('',(1.13236365926,-2.534147314628,-0.73998158728
    ));
#1268 = CARTESIAN_POINT('',(-0.638475629342,-3.104888005462,
    -0.820141707615));
#1269 = CARTESIAN_POINT('',(-2.661828826818,-2.305040056183,
    -0.89990229942));
#1270 = CARTESIAN_POINT('',(-3.732221380686,-3.204825981129E-05,
    -0.980023478184));
#1271 = CARTESIAN_POINT('',(-2.661613820171,2.305080790646,
    -1.060144659372));
#1272 = CARTESIAN_POINT('',(-0.63868916526,3.104870386839,
    -1.139905249586));
#1273 = CARTESIAN_POINT('',(1.13243350088,2.534151419206,-1.220065370556
    ));
#1274 = CARTESIAN_POINT('',(2.017008411678,1.267383251966,
    -1.300024900932));
#1275 = CARTESIAN_POINT('',(2.017007193079,1.178097400042E-06,
    -1.380022669262));
#1276 = CARTESIAN_POINT('',(2.501967133462,-1.514815354388E-07,
    -0.299997085156));
#1277 = CARTESIAN_POINT('',(2.501966522912,-1.572025310366,
    -0.379997352998));
#1278 = CARTESIAN_POINT('',(1.404712627025,-3.144080411059,
    -0.460002210098));
#1279 = CARTESIAN_POINT('',(-0.792336453564,-3.84996385838,
    -0.539982992617));
#1280 = CARTESIAN_POINT('',(-3.301195008092,-2.860647707215,
    -0.620011726273));
#1281 = CARTESIAN_POINT('',(-4.630248949061,-7.567293858202E-06,
    -0.699997182143));
#1282 = CARTESIAN_POINT('',(-3.301137361302,2.860659658694,
    -0.779982638659));
#1283 = CARTESIAN_POINT('',(-0.79239120565,3.84995951881,-0.860011371892
    ));
#1284 = CARTESIAN_POINT('',(1.404732180693,3.144080966073,
    -0.939992154577));
#1285 = CARTESIAN_POINT('',(2.501967363724,1.572025017503,
    -1.019997011649));
#1286 = CARTESIAN_POINT('',(2.501966759518,-1.413822629716E-07,
    -1.099997279489));
#1287 = ADVANCED_FACE('',(#1288),#1318,.T.);
#1288 = FACE_BOUND('',#1289,.T.);
#1289 = EDGE_LOOP('',(#1290,#1306,#1307,#1308));
#1290 = ORIENTED_EDGE('',*,*,#1291,.F.);
#1291 = EDGE_CURVE('',#899,#1292,#1294,.T.);
#1292 = VERTEX_POINT('',#1293);
#1293 = CARTESIAN_POINT('',(2.017017663803,1.178082887828E-06,
    -1.580022668988));
#1294 = B_SPLINE_CURVE_WITH_KNOTS('',10,(#1295,#1296,#1297,#1298,#1299,
    #1300,#1301,#1302,#1303,#1304,#1305),.UNSPECIFIED.,.F.,.F.,(11,11),(
    0.,6.333910135482),.PIECEWISE_BEZIER_KNOTS.);
#1295 = CARTESIAN_POINT('',(2.017019832826,1.26222854933E-06,
    -0.78002428814));
#1296 = CARTESIAN_POINT('',(2.017017636256,-1.267387624084,
    -0.860022056532));
#1297 = CARTESIAN_POINT('',(1.132350563084,-2.534160234462,
    -0.939981588066));
#1298 = CARTESIAN_POINT('',(-0.63842386464,-3.104909099594,
    -1.020141704223));
#1299 = CARTESIAN_POINT('',(-2.661900439021,-2.305040914716,
    -1.099902302446));
#1300 = CARTESIAN_POINT('',(-3.732241462424,-4.772557651123E-05,
    -1.180023477532));
#1301 = CARTESIAN_POINT('',(-2.661570806564,2.305104780522,
    -1.260144656328));
#1302 = CARTESIAN_POINT('',(-0.638747807698,3.104882615852,
    -1.339905252116));
#1303 = CARTESIAN_POINT('',(1.132458776494,2.534165778002,
    -1.420065369243));
#1304 = CARTESIAN_POINT('',(2.017019913223,1.267390064396,
    -1.500024900604));
#1305 = CARTESIAN_POINT('',(2.017017663803,1.178082894591E-06,
    -1.580022668988));
#1306 = ORIENTED_EDGE('',*,*,#914,.T.);
#1307 = ORIENTED_EDGE('',*,*,#1241,.T.);
#1308 = ORIENTED_EDGE('',*,*,#1309,.F.);
#1309 = EDGE_CURVE('',#1292,#1242,#1310,.T.);
#1310 = ( BOUNDED_CURVE() B_SPLINE_CURVE(6,(#1311,#1312,#1313,#1314,
#1315,#1316,#1317),.UNSPECIFIED.,.F.,.F.) B_SPLINE_CURVE_WITH_KNOTS((7,7
),(0.,2.094395102393),.PIECEWISE_BEZIER_KNOTS.) CURVE() 
GEOMETRIC_REPRESENTATION_ITEM() RATIONAL_B_SPLINE_CURVE((1.056590953773,
    1.017435169568,0.996326512422,0.989390034249,0.996326512422,
1.017435169568,1.056590953773)) REPRESENTATION_ITEM('') );
#1311 = CARTESIAN_POINT('',(2.017017663803,1.178082893571E-06,
    -1.580022668988));
#1312 = CARTESIAN_POINT('',(1.980767530396,1.276709456155E-06,
    -1.559096175065));
#1313 = CARTESIAN_POINT('',(1.955220875466,1.346213376663E-06,
    -1.523675531465));
#1314 = CARTESIAN_POINT('',(1.945985637181,1.371337219058E-06,
    -1.480026387635));
#1315 = CARTESIAN_POINT('',(1.955216305034,1.346219708931E-06,
    -1.436376277047));
#1316 = CARTESIAN_POINT('',(1.980759251026,1.276720929033E-06,
    -1.400952958722));
#1317 = CARTESIAN_POINT('',(2.017007193079,1.178097398802E-06,
    -1.380022669262));
#1318 = ( BOUNDED_SURFACE() B_SPLINE_SURFACE(6,11,(
    (#1319,#1320,#1321,#1322,#1323,#1324,#1325,#1326,#1327,#1328,#1329
      ,#1330)
    ,(#1331,#1332,#1333,#1334,#1335,#1336,#1337,#1338,#1339,#1340,#1341
      ,#1342)
    ,(#1343,#1344,#1345,#1346,#1347,#1348,#1349,#1350,#1351,#1352,#1353
      ,#1354)
    ,(#1355,#1356,#1357,#1358,#1359,#1360,#1361,#1362,#1363,#1364,#1365
      ,#1366)
    ,(#1367,#1368,#1369,#1370,#1371,#1372,#1373,#1374,#1375,#1376,#1377
      ,#1378)
    ,(#1379,#1380,#1381,#1382,#1383,#1384,#1385,#1386,#1387,#1388,#1389
      ,#1390)
    ,(#1391,#1392,#1393,#1394,#1395,#1396,#1397,#1398,#1399,#1400,#1401
,#1402
    )),.UNSPECIFIED.,.F.,.F.,.F.) B_SPLINE_SURFACE_WITH_KNOTS((7,7),(12,
    12),(0.,2.094395102393),(0.,6.333910135482),
.PIECEWISE_BEZIER_KNOTS.) GEOMETRIC_REPRESENTATION_ITEM() 
RATIONAL_B_SPLINE_SURFACE((
    (1.056590953773,1.056590953773,1.056590953773,1.056590953773
      ,1.056590953773,1.056590953774,1.056590953772,1.056590953774
      ,1.056590953773,1.056590953773,1.056590953773,1.056590953773)
    ,(1.017435169568,1.017435169568,1.017435169568,1.017435169568
      ,1.017435169568,1.017435169569,1.017435169568,1.017435169569
      ,1.017435169568,1.017435169568,1.017435169568,1.017435169568)
    ,(0.996326512422,0.996326512422,0.996326512422,0.996326512422
      ,0.996326512422,0.996326512423,0.996326512421,0.996326512423
      ,0.996326512422,0.996326512422,0.996326512422,0.996326512422)
    ,(0.989390034249,0.989390034249,0.989390034248,0.989390034249
      ,0.989390034248,0.98939003425,0.989390034247,0.989390034249
      ,0.989390034248,0.989390034249,0.989390034249,0.989390034249)
    ,(0.996326512422,0.996326512422,0.996326512422,0.996326512422
      ,0.996326512422,0.996326512423,0.996326512421,0.996326512423
      ,0.996326512422,0.996326512422,0.996326512422,0.996326512422)
    ,(1.017435169568,1.017435169568,1.017435169568,1.017435169568
      ,1.017435169568,1.017435169569,1.017435169567,1.017435169569
      ,1.017435169568,1.017435169568,1.017435169568,1.017435169568)
    ,(1.056590953773,1.056590953773,1.056590953773,1.056590953773
      ,1.056590953773,1.056590953774,1.056590953772,1.056590953774
      ,1.056590953773,1.056590953773,1.056590953773,1.056590953773
))) REPRESENTATION_ITEM('') SURFACE() );
#1319 = CARTESIAN_POINT('',(2.017019832826,1.262228547738E-06,
    -0.78002428814));
#1320 = CARTESIAN_POINT('',(2.017017835944,-1.152170452601,
    -0.852749532133));
#1321 = CARTESIAN_POINT('',(1.293199121843,-2.303837941666,
    -0.925443491423));
#1322 = CARTESIAN_POINT('',(-0.155360721845,-2.952424779189,
    -0.998381340346));
#1323 = CARTESIAN_POINT('',(-1.926580521175,-2.583430976089,
    -1.07049975361));
#1324 = CARTESIAN_POINT('',(-3.244848269769,-1.070041718112,
    -1.144316716828));
#1325 = CARTESIAN_POINT('',(-3.246447528142,1.07001868376,
    -1.215730239922));
#1326 = CARTESIAN_POINT('',(-1.925509061412,2.58346198751,
    -1.289547204279));
#1327 = CARTESIAN_POINT('',(-0.155816129061,2.952407030162,
    -1.361665616258));
#1328 = CARTESIAN_POINT('',(1.293288074081,2.303842920982,
    -1.434603465854));
#1329 = CARTESIAN_POINT('',(2.017019708731,1.152172892913,
    -1.507297425003));
#1330 = CARTESIAN_POINT('',(2.017017663803,1.178082893571E-06,
    -1.580022668988));
#1331 = CARTESIAN_POINT('',(1.980769621164,1.36789997579E-06,
    -0.759097929776));
#1332 = CARTESIAN_POINT('',(1.980767782679,-1.13146875919,
    -0.831823003918));
#1333 = CARTESIAN_POINT('',(1.269955113066,-2.262395305312,
    -0.904514174124));
#1334 = CARTESIAN_POINT('',(-0.152560338212,-2.899486997189,
    -0.977469653003));
#1335 = CARTESIAN_POINT('',(-1.891964208583,-2.536745389576,
    -1.049537091095));
#1336 = CARTESIAN_POINT('',(-3.186536247924,-1.051174426687,
    -1.123445285741));
#1337 = CARTESIAN_POINT('',(-3.188077959475,1.05115175289,
    -1.194748818736));
#1338 = CARTESIAN_POINT('',(-1.890931782073,2.536775003142,
    -1.268657014479));
#1339 = CARTESIAN_POINT('',(-0.152999741899,2.899469865873,
    -1.340724451333));
#1340 = CARTESIAN_POINT('',(1.270040521818,2.262400292448,
    -1.413679930862));
#1341 = CARTESIAN_POINT('',(1.980769420949,1.131471403799,-1.48637110093
    ));
#1342 = CARTESIAN_POINT('',(1.980767530396,1.276709456155E-06,
    -1.559096175065));
#1343 = CARTESIAN_POINT('',(1.955222833777,1.442368650684E-06,
    -0.723677381709));
#1344 = CARTESIAN_POINT('',(1.955221203783,-1.116879576517,
    -0.796402336152));
#1345 = CARTESIAN_POINT('',(1.253575909794,-2.233189340342,
    -0.869091540792));
#1346 = CARTESIAN_POINT('',(-0.150594865511,-2.86217964098,
    -0.942059444111));
#1347 = CARTESIAN_POINT('',(-1.867549773377,-2.50384507382,
    -1.014090958253));
#1348 = CARTESIAN_POINT('',(-3.145470273811,-1.037877668557,
    -1.088063446789));
#1349 = CARTESIAN_POINT('',(-3.146914475115,1.037855929865,
    -1.159289466045));
#1350 = CARTESIAN_POINT('',(-1.866583155605,2.503872513962,
    -1.233261955608));
#1351 = CARTESIAN_POINT('',(-0.151006886481,2.862163570855,
    -1.305293468591));
#1352 = CARTESIAN_POINT('',(1.253655551487,2.23319421129,-1.378261372517
    ));
#1353 = CARTESIAN_POINT('',(1.955222560364,1.1168823651,-1.450950577029)
  );
#1354 = CARTESIAN_POINT('',(1.955220875466,1.346213376663E-06,
    -1.523675531465));
#1355 = CARTESIAN_POINT('',(1.945987432265,1.469287288391E-06,
    -0.680028272415));
#1356 = CARTESIAN_POINT('',(1.945986022161,-1.111605484075,
    -0.752753183585));
#1357 = CARTESIAN_POINT('',(1.247657151591,-2.222631268782,
    -0.825441677656));
#1358 = CARTESIAN_POINT('',(-0.149896347275,-2.848692301654,
    -0.898414072514));
#1359 = CARTESIAN_POINT('',(-1.858695210376,-2.491952264088,
    -0.970432599861));
#1360 = CARTESIAN_POINT('',(-3.130667123194,-1.033070288665,
    -1.044428331122));
#1361 = CARTESIAN_POINT('',(-3.131991096468,1.033049904091,
    -1.115626328616));
#1362 = CARTESIAN_POINT('',(-1.857809527848,2.491977145556,
    -1.189622060816));
#1363 = CARTESIAN_POINT('',(-0.15027444118,2.848677548957,
    -1.261640587102));
#1364 = CARTESIAN_POINT('',(1.247729829822,2.222635916152,
    -1.334612982518));
#1365 = CARTESIAN_POINT('',(1.945987103213,1.1116083247,-1.40730147647)
  );
#1366 = CARTESIAN_POINT('',(1.945985637181,1.371337219058E-06,
    -1.480026387635));
#1367 = CARTESIAN_POINT('',(1.955217936886,1.442375903826E-06,
    -0.636378127309));
#1368 = CARTESIAN_POINT('',(1.955216715937,-1.116876873232,
    -0.709103081729));
#1369 = CARTESIAN_POINT('',(1.25357977834,-2.233184185582,
    -0.781792285995));
#1370 = CARTESIAN_POINT('',(-0.150628502228,-2.862171406764,
    -0.854760191666));
#1371 = CARTESIAN_POINT('',(-1.867464386462,-2.503841486418,
    -0.926791699054));
#1372 = CARTESIAN_POINT('',(-3.145582911981,-1.037873766949,
    -1.00076419959));
#1373 = CARTESIAN_POINT('',(-3.146786600295,1.037854904017,
    -1.071990204484));
#1374 = CARTESIAN_POINT('',(-1.866659507002,2.503863908482,
    -1.145962705873));
#1375 = CARTESIAN_POINT('',(-0.150972516307,2.862157979587,
    -1.217994212297));
#1376 = CARTESIAN_POINT('',(1.253645611926,2.233188542631,
    -1.290962118475));
#1377 = CARTESIAN_POINT('',(1.955217580887,1.116879661827,
    -1.363651322633));
#1378 = CARTESIAN_POINT('',(1.955216305034,1.346219708931E-06,
    -1.436376277047));
#1379 = CARTESIAN_POINT('',(1.98076075041,1.367913111672E-06,
    -0.600954713465));
#1380 = CARTESIAN_POINT('',(1.980759652914,-1.131463862168,
    -0.673679787566));
#1381 = CARTESIAN_POINT('',(1.269962120965,-2.262385967427,
    -0.746370957093));
#1382 = CARTESIAN_POINT('',(-0.152621271364,-2.899472080848,
    -0.819326440235));
#1383 = CARTESIAN_POINT('',(-1.891809529583,-2.536738890968,
    -0.891393866092));
#1384 = CARTESIAN_POINT('',(-3.186740292764,-1.0511673589,
    -0.965302082475));
#1385 = CARTESIAN_POINT('',(-3.187846313335,1.051149894563,
    -1.036605589452));
#1386 = CARTESIAN_POINT('',(-1.891070093168,2.536759414252,
    -1.110513806619));
#1387 = CARTESIAN_POINT('',(-0.152937480088,2.899459737252,
    -1.182581231591));
#1388 = CARTESIAN_POINT('',(1.270022516234,2.262390023632,
    -1.255536715198));
#1389 = CARTESIAN_POINT('',(1.980760400591,1.131466506803,
    -1.328227884625));
#1390 = CARTESIAN_POINT('',(1.980759251026,1.276720929033E-06,
    -1.400952958722));
#1391 = CARTESIAN_POINT('',(2.017008614193,1.262245164557E-06,
    -0.580024288455));
#1392 = CARTESIAN_POINT('',(2.017007554423,-1.152164259453,
    -0.652749532395));
#1393 = CARTESIAN_POINT('',(1.293207984567,-2.303826132264,
    -0.725443490827));
#1394 = CARTESIAN_POINT('',(-0.155437782565,-2.952405914845,
    -0.79838134514));
#1395 = CARTESIAN_POINT('',(-1.92638490229,-2.583422757453,
    -0.870499742932));
#1396 = CARTESIAN_POINT('',(-3.24510632047,-1.070032779647,
    -0.94431673364));
#1397 = CARTESIAN_POINT('',(-3.246154570728,1.070016333576,
    -1.01573022383));
#1398 = CARTESIAN_POINT('',(-1.925683980195,2.583442272609,
    -1.089547215282));
#1399 = CARTESIAN_POINT('',(-0.155737388016,2.952394220733,
    -1.161665612234));
#1400 = CARTESIAN_POINT('',(1.293265302843,2.303829934253,
    -1.234603466988));
#1401 = CARTESIAN_POINT('',(2.017008300896,1.152166699796,
    -1.307297425326));
#1402 = CARTESIAN_POINT('',(2.017007193079,1.178097398802E-06,
    -1.380022669262));
#1403 = ADVANCED_FACE('',(#1404),#1414,.T.);
#1404 = FACE_BOUND('',#1405,.T.);
#1405 = EDGE_LOOP('',(#1406,#1407,#1408,#1409));
#1406 = ORIENTED_EDGE('',*,*,#1020,.F.);
#1407 = ORIENTED_EDGE('',*,*,#991,.T.);
#1408 = ORIENTED_EDGE('',*,*,#1291,.T.);
#1409 = ORIENTED_EDGE('',*,*,#1410,.F.);
#1410 = EDGE_CURVE('',#1021,#1292,#1411,.T.);
#1411 = B_SPLINE_CURVE_WITH_KNOTS('',1,(#1412,#1413),.UNSPECIFIED.,.F.,
  .F.,(2,2),(0.,0.56),.PIECEWISE_BEZIER_KNOTS.);
#1412 = CARTESIAN_POINT('',(2.502006548269,-1.414373878097E-07,
    -1.859997278447));
#1413 = CARTESIAN_POINT('',(2.017017663803,1.178082894591E-06,
    -1.580022668988));
#1414 = B_SPLINE_SURFACE_WITH_KNOTS('',1,10,(
    (#1415,#1416,#1417,#1418,#1419,#1420,#1421,#1422,#1423,#1424,#1425)
    ,(#1426,#1427,#1428,#1429,#1430,#1431,#1432,#1433,#1434,#1435,#1436
    )),.UNSPECIFIED.,.F.,.F.,.F.,(2,2),(11,11),(0.,0.56),(0.,
    6.333910135482),.PIECEWISE_BEZIER_KNOTS.);
#1415 = CARTESIAN_POINT('',(2.502009764266,-1.515446618764E-07,
    -1.059997083961));
#1416 = CARTESIAN_POINT('',(2.502005236591,-1.572051197716,
    -1.139997352022));
#1417 = CARTESIAN_POINT('',(1.404662861556,-3.144129506429,
    -1.220002213083));
#1418 = CARTESIAN_POINT('',(-0.792139747695,-3.850044016081,
    -1.299982979728));
#1419 = CARTESIAN_POINT('',(-3.301467134462,-2.860650969641,
    -1.380011737772));
#1420 = CARTESIAN_POINT('',(-4.630325259663,-6.714109675521E-05,
    -1.459997179664));
#1421 = CARTESIAN_POINT('',(-3.300973909598,2.860750820222,
    -1.539982627093));
#1422 = CARTESIAN_POINT('',(-0.792614046915,3.850005989057,
    -1.620011381507));
#1423 = CARTESIAN_POINT('',(1.404828228025,3.144135529496,
    -1.699992149588));
#1424 = CARTESIAN_POINT('',(2.502011069597,1.572050904735,
    -1.779997010403));
#1425 = CARTESIAN_POINT('',(2.502006548269,-1.414373878097E-07,
    -1.859997278447));
#1426 = CARTESIAN_POINT('',(2.017019832826,1.26222854933E-06,
    -0.78002428814));
#1427 = CARTESIAN_POINT('',(2.017017636256,-1.267387624084,
    -0.860022056532));
#1428 = CARTESIAN_POINT('',(1.132350563084,-2.534160234462,
    -0.939981588066));
#1429 = CARTESIAN_POINT('',(-0.63842386464,-3.104909099594,
    -1.020141704223));
#1430 = CARTESIAN_POINT('',(-2.661900439021,-2.305040914716,
    -1.099902302446));
#1431 = CARTESIAN_POINT('',(-3.732241462424,-4.772557651123E-05,
    -1.180023477532));
#1432 = CARTESIAN_POINT('',(-2.661570806564,2.305104780522,
    -1.260144656328));
#1433 = CARTESIAN_POINT('',(-0.638747807698,3.104882615852,
    -1.339905252116));
#1434 = CARTESIAN_POINT('',(1.132458776494,2.534165778002,
    -1.420065369243));
#1435 = CARTESIAN_POINT('',(2.017019913223,1.267390064396,
    -1.500024900604));
#1436 = CARTESIAN_POINT('',(2.017017663803,1.178082894591E-06,
    -1.580022668988));
#1437 = ADVANCED_FACE('',(#1438),#1646,.T.);
#1438 = FACE_BOUND('',#1439,.F.);
#1439 = EDGE_LOOP('',(#1440,#1542,#1543,#1640));
#1440 = ORIENTED_EDGE('',*,*,#1441,.F.);
#1441 = EDGE_CURVE('',#1021,#1442,#1444,.T.);
#1442 = VERTEX_POINT('',#1443);
#1443 = CARTESIAN_POINT('',(2.45,2.489570991906E-11,-2.629976705733));
#1444 = B_SPLINE_CURVE_WITH_KNOTS('',6,(#1445,#1446,#1447,#1448,#1449,
    #1450,#1451,#1452,#1453,#1454,#1455,#1456,#1457,#1458,#1459,#1460,
    #1461,#1462,#1463,#1464,#1465,#1466,#1467,#1468,#1469,#1470,#1471,
    #1472,#1473,#1474,#1475,#1476,#1477,#1478,#1479,#1480,#1481,#1482,
    #1483,#1484,#1485,#1486,#1487,#1488,#1489,#1490,#1491,#1492,#1493,
    #1494,#1495,#1496,#1497,#1498,#1499,#1500,#1501,#1502,#1503,#1504,
    #1505,#1506,#1507,#1508,#1509,#1510,#1511,#1512,#1513,#1514,#1515,
    #1516,#1517,#1518,#1519,#1520,#1521,#1522,#1523,#1524,#1525,#1526,
    #1527,#1528,#1529,#1530,#1531,#1532,#1533,#1534,#1535,#1536,#1537,
    #1538,#1539,#1540,#1541),.UNSPECIFIED.,.F.,.F.,(7,5,5,5,5,5,5,5,5,5,
    5,5,5,5,5,5,5,5,5,7),(0.,1.877055425246E-02,5.677041989947E-02,
    0.125771355288,0.229622174178,0.245622571901,0.26612644378,
    0.32412875419,0.376132966623,0.403019403714,0.497699122997,
    0.597500458605,0.7087633196,0.738593044452,0.76057168067,
    0.812574200078,0.861578703761,0.954353993995,0.970059585617,1.),
  .UNSPECIFIED.);
#1445 = CARTESIAN_POINT('',(2.45,5.80060444122E-11,-1.829974914003));
#1446 = CARTESIAN_POINT('',(2.450000000001,-4.815632651155E-02,
    -1.832477627097));
#1447 = CARTESIAN_POINT('',(2.448864146973,-9.63126693162E-02,
    -1.834980245192));
#1448 = CARTESIAN_POINT('',(2.446592442878,-0.144435475706,
    -1.837482827282));
#1449 = CARTESIAN_POINT('',(2.443186206249,-0.19249127107,
    -1.839985423788));
#1450 = CARTESIAN_POINT('',(2.438648072198,-0.240446658837,
    -1.842488076549));
#1451 = CARTESIAN_POINT('',(2.421511352407,-0.385080417386,
    -1.85005747105));
#1452 = CARTESIAN_POINT('',(2.405417837676,-0.481345287844,
    -1.855124509644));
#1453 = CARTESIAN_POINT('',(2.38473448748,-0.576785373334,-1.86019217884
    ));
#1454 = CARTESIAN_POINT('',(2.359515820801,-0.671128346985,
    -1.865260566684));
#1455 = CARTESIAN_POINT('',(2.329837836343,-0.764107113567,
    -1.870329605036));
#1456 = CARTESIAN_POINT('',(2.233987802325,-1.021339908325,
    -1.884604307254));
#1457 = CARTESIAN_POINT('',(2.157790988094,-1.18187158911,
    -1.893811613087));
#1458 = CARTESIAN_POINT('',(2.06779379735,-1.335471279122,
    -1.903018625783));
#1459 = CARTESIAN_POINT('',(1.964806231262,-1.480682290664,
    -1.912223909397));
#1460 = CARTESIAN_POINT('',(1.849822671385,-1.616166385997,
    -1.921427017089));
#1461 = CARTESIAN_POINT('',(1.534743628204,-1.928224236505,
    -1.944472307726));
#1462 = CARTESIAN_POINT('',(1.320910881847,-2.091070443446,
    -1.958315748559));
#1463 = CARTESIAN_POINT('',(1.086692956089,-2.225113422907,
    -1.972146226821));
#1464 = CARTESIAN_POINT('',(0.836973809635,-2.327413727991,
    -1.985974281545));
#1465 = CARTESIAN_POINT('',(0.577073176984,-2.395928318983,
    -1.999811006197));
#1466 = CARTESIAN_POINT('',(0.272108547566,-2.435188287115,
    -2.015780339842));
#1467 = CARTESIAN_POINT('',(0.231289738311,-2.439610998366,
    -2.017912404002));
#1468 = CARTESIAN_POINT('',(0.190386154006,-2.443212480926,
    -2.020044598796));
#1469 = CARTESIAN_POINT('',(0.149418442127,-2.445990778718,
    -2.022176929585));
#1470 = CARTESIAN_POINT('',(0.108407303798,-2.447944628521,
    -2.024309399889));
#1471 = CARTESIAN_POINT('',(1.479030194707E-02,-2.450520012476,
    -2.029174868028));
#1472 = CARTESIAN_POINT('',(-3.783016974088E-02,-2.450611770277,
    -2.031907957331));
#1473 = CARTESIAN_POINT('',(-9.044421927316E-02,-2.449347534653,
    -2.034641282695));
#1474 = CARTESIAN_POINT('',(-0.143008207512,-2.446727980911,
    -2.037374842502));
#1475 = CARTESIAN_POINT('',(-0.195478558182,-2.442755658388,
    -2.040108630122));
#1476 = CARTESIAN_POINT('',(-0.395854357362,-2.422383636479,
    -2.050576711528));
#1477 = CARTESIAN_POINT('',(-0.542804435896,-2.396541431709,
    -2.058312774788));
#1478 = CARTESIAN_POINT('',(-0.687669222646,-2.360009929683,
    -2.06605007483));
#1479 = CARTESIAN_POINT('',(-0.829483218,-2.313007841129,-2.073788387028
    ));
#1480 = CARTESIAN_POINT('',(-0.967314489299,-2.255869237389,
    -2.081527393901));
#1481 = CARTESIAN_POINT('',(-1.219478233315,-2.129124991476,
    -2.096204475297));
#1482 = CARTESIAN_POINT('',(-1.334772555401,-2.061416842874,
    -2.103142951644));
#1483 = CARTESIAN_POINT('',(-1.445512513369,-1.98624000975,
    -2.110080818451));
#1484 = CARTESIAN_POINT('',(-1.551099347177,-1.903982177562,
    -2.117017950498));
#1485 = CARTESIAN_POINT('',(-1.650979974076,-1.815093844011,
    -2.12395434663));
#1486 = CARTESIAN_POINT('',(-1.793077880234,-1.670966694764,
    -2.134475312914));
#1487 = CARTESIAN_POINT('',(-1.839846327781,-1.620211003,-2.138060685389
    ));
#1488 = CARTESIAN_POINT('',(-1.884886047466,-1.567889381053,
    -2.141645816802));
#1489 = CARTESIAN_POINT('',(-1.928131999322,-1.514075686673,
    -2.145230714695));
#1490 = CARTESIAN_POINT('',(-1.969523405087,-1.458847326525,
    -2.148815395204));
#1491 = CARTESIAN_POINT('',(-2.148032500511,-1.203103753517,
    -2.165022541194));
#1492 = CARTESIAN_POINT('',(-2.263395401769,-0.987336175153,
    -2.177645673274));
#1493 = CARTESIAN_POINT('',(-2.352541260338,-0.758597507328,
    -2.190264156914));
#1494 = CARTESIAN_POINT('',(-2.413810890169,-0.520871008428,
    -2.202883628031));
#1495 = CARTESIAN_POINT('',(-2.446225098329,-0.278358505928,
    -2.215508721078));
#1496 = CARTESIAN_POINT('',(-2.453451267298,0.220529807153,
    -2.241440336773));
#1497 = CARTESIAN_POINT('',(-2.425054302202,0.477080282652,
    -2.254753608737));
#1498 = CARTESIAN_POINT('',(-2.364445535222,0.728971122913,
    -2.268064790058));
#1499 = CARTESIAN_POINT('',(-2.272695714615,0.971262169125,
    -2.28137613475));
#1500 = CARTESIAN_POINT('',(-2.151700949405,1.199266988791,
    -2.294689165353));
#1501 = CARTESIAN_POINT('',(-1.840343100122,1.642290498819,
    -2.322829115521));
#1502 = CARTESIAN_POINT('',(-1.643485798546,1.852985851006,
    -2.337665162777));
#1503 = CARTESIAN_POINT('',(-1.418030891638,2.034860069971,
    -2.352488256596));
#1504 = CARTESIAN_POINT('',(-1.169346177562,2.18339892617,
    -2.367307301352));
#1505 = CARTESIAN_POINT('',(-0.903524903586,2.295130283387,
    -2.382135682533));
#1506 = CARTESIAN_POINT('',(-0.553626498273,2.387855600121,
    -2.400937834201));
#1507 = CARTESIAN_POINT('',(-0.478916195772,2.404686706765,
    -2.404913332868));
#1508 = CARTESIAN_POINT('',(-0.403601341699,2.418710457935,
    -2.408889250644));
#1509 = CARTESIAN_POINT('',(-0.327813722875,2.42990061544,
    -2.412865631517));
#1510 = CARTESIAN_POINT('',(-0.251686510147,2.438239224329,
    -2.416842501397));
#1511 = CARTESIAN_POINT('',(-0.119112412325,2.447752370199,
    -2.423750404575));
#1512 = CARTESIAN_POINT('',(-6.275908318933E-02,2.450234848051,
    -2.426681213019));
#1513 = CARTESIAN_POINT('',(-6.34799898352E-03,2.451160197561,
    -2.429612296083));
#1514 = CARTESIAN_POINT('',(5.006710749849E-02,2.45052704385,
    -2.43254364987));
#1515 = CARTESIAN_POINT('',(0.106432498671,2.448336486032,
    -2.435475263951));
#1516 = CARTESIAN_POINT('',(0.295812895883,2.435732691631,-2.44534403824
    ));
#1517 = CARTESIAN_POINT('',(0.428355116116,2.418174260911,
    -2.452282459463));
#1518 = CARTESIAN_POINT('',(0.55960486143,2.391964795191,-2.459221870567
    ));
#1519 = CARTESIAN_POINT('',(0.688859963987,2.357228670058,
    -2.466161991666));
#1520 = CARTESIAN_POINT('',(0.815435900052,2.314165834112,
    -2.473102430473));
#1521 = CARTESIAN_POINT('',(1.054798264378,2.214882998598,
    -2.486582145242));
#1522 = CARTESIAN_POINT('',(1.16796306533,2.159563000791,-2.493121714735
    ));
#1523 = CARTESIAN_POINT('',(1.277609375932,2.097321144698,
    -2.499660360754));
#1524 = CARTESIAN_POINT('',(1.383212277113,2.028441286705,
    -2.506197796123));
#1525 = CARTESIAN_POINT('',(1.484278672412,1.953259603569,
    -2.512733887481));
#1526 = CARTESIAN_POINT('',(1.762231102441,1.718631542813,
    -2.531639572572));
#1527 = CARTESIAN_POINT('',(1.926252015607,1.543863562377,
    -2.544008066203));
#1528 = CARTESIAN_POINT('',(2.069221662378,1.350525770947,
    -2.556368206829));
#1529 = CARTESIAN_POINT('',(2.188650917288,1.141825758806,
    -2.568726319603));
#1530 = CARTESIAN_POINT('',(2.282607546282,0.921332657374,
    -2.581091892483));
#1531 = CARTESIAN_POINT('',(2.361333245033,0.654391935507,
    -2.595552607822));
#1532 = CARTESIAN_POINT('',(2.371968250024,0.615519986249,-2.597646313)
  );
#1533 = CARTESIAN_POINT('',(2.381834999522,0.57644191776,-2.599740137348
    ));
#1534 = CARTESIAN_POINT('',(2.390928567974,0.537176708868,
    -2.601834075517));
#1535 = CARTESIAN_POINT('',(2.39924465436,0.497743499404,-2.603928116503
    ));
#1536 = CARTESIAN_POINT('',(2.421143820555,0.382704466905,
    -2.610014390898));
#1537 = CARTESIAN_POINT('',(2.432669237903,0.306706626338,
    -2.614006864371));
#1538 = CARTESIAN_POINT('',(2.441330334793,0.230302039788,
    -2.617999535945));
#1539 = CARTESIAN_POINT('',(2.447110097897,0.153625510738,
    -2.621992227344));
#1540 = CARTESIAN_POINT('',(2.449999999999,7.68126748667E-02,
    -2.625984710136));
#1541 = CARTESIAN_POINT('',(2.45,4.986766555248E-11,-2.629976705733));
#1542 = ORIENTED_EDGE('',*,*,#1227,.T.);
#1543 = ORIENTED_EDGE('',*,*,#1544,.T.);
#1544 = EDGE_CURVE('',#1131,#1545,#1547,.T.);
#1545 = VERTEX_POINT('',#1546);
#1546 = CARTESIAN_POINT('',(2.45,3.300149602827E-12,-2.7300033683));
#1547 = B_SPLINE_CURVE_WITH_KNOTS('',6,(#1548,#1549,#1550,#1551,#1552,
    #1553,#1554,#1555,#1556,#1557,#1558,#1559,#1560,#1561,#1562,#1563,
    #1564,#1565,#1566,#1567,#1568,#1569,#1570,#1571,#1572,#1573,#1574,
    #1575,#1576,#1577,#1578,#1579,#1580,#1581,#1582,#1583,#1584,#1585,
    #1586,#1587,#1588,#1589,#1590,#1591,#1592,#1593,#1594,#1595,#1596,
    #1597,#1598,#1599,#1600,#1601,#1602,#1603,#1604,#1605,#1606,#1607,
    #1608,#1609,#1610,#1611,#1612,#1613,#1614,#1615,#1616,#1617,#1618,
    #1619,#1620,#1621,#1622,#1623,#1624,#1625,#1626,#1627,#1628,#1629,
    #1630,#1631,#1632,#1633,#1634,#1635,#1636,#1637,#1638,#1639),
  .UNSPECIFIED.,.F.,.F.,(7,5,5,5,5,5,5,5,5,5,5,5,5,5,5,5,5,5,7),(0.,
    2.581048040709E-02,4.564549408543E-02,0.127642983161,0.179777236487,
    0.262776489596,0.298650850563,0.35465312076,0.402025414059,
    0.491782301237,0.598803465429,0.678669431131,0.724670796587,
    0.776629888162,0.836632245744,0.873506074539,0.942506070441,
    0.973505352677,1.),.UNSPECIFIED.);
#1548 = CARTESIAN_POINT('',(2.45,7.795097900498E-12,-1.930003649012));
#1549 = CARTESIAN_POINT('',(2.45,-6.621851437168E-02,-1.933444940102));
#1550 = CARTESIAN_POINT('',(2.447852290758,-0.132437134787,
    -1.936886494799));
#1551 = CARTESIAN_POINT('',(2.443556889267,-0.198568484305,
    -1.940328167154));
#1552 = CARTESIAN_POINT('',(2.437118506486,-0.26452559764,
    -1.943769832397));
#1553 = CARTESIAN_POINT('',(2.428546547341,-0.330221921153,
    -1.947211386935));
#1554 = CARTESIAN_POINT('',(2.409638882732,-0.44579145823,
    -1.953297389196));
#1555 = CARTESIAN_POINT('',(2.400170934005,-0.495806817568,
    -1.955941920011));
#1556 = CARTESIAN_POINT('',(2.389457661746,-0.545578326329,
    -1.958586307238));
#1557 = CARTESIAN_POINT('',(2.377507060796,-0.595067292561,
    -1.961230529562));
#1558 = CARTESIAN_POINT('',(2.364328723632,-0.644235396897,-1.9638745779
    ));
#1559 = CARTESIAN_POINT('',(2.290425724964,-0.8948211951,-1.977448184068
    ));
#1560 = CARTESIAN_POINT('',(2.210119244562,-1.090492250882,
    -1.98837640264));
#1561 = CARTESIAN_POINT('',(2.109811648168,-1.277319400331,
    -1.999300143518));
#1562 = CARTESIAN_POINT('',(1.990768560771,-1.452805105859,
    -2.010224740427));
#1563 = CARTESIAN_POINT('',(1.854616044132,-1.614668844844,
    -2.021154405075));
#1564 = CARTESIAN_POINT('',(1.607275802329,-1.853929568562,
    -2.039037347069));
#1565 = CARTESIAN_POINT('',(1.505045152587,-1.940629006624,
    -2.045989815692));
#1566 = CARTESIAN_POINT('',(1.397240255795,-2.020529230989,
    -2.052943870847));
#1567 = CARTESIAN_POINT('',(1.284429149298,-2.09318977893,
    -2.059899491466));
#1568 = CARTESIAN_POINT('',(1.167224461387,-2.158234756496,
    -2.066856427354));
#1569 = CARTESIAN_POINT('',(0.853733653638,-2.306291958542,
    -2.084890247372));
#1570 = CARTESIAN_POINT('',(0.651676882294,-2.377158864269,
    -2.095969711621));
#1571 = CARTESIAN_POINT('',(0.442782396429,-2.426681953195,
    -2.107046967188));
#1572 = CARTESIAN_POINT('',(0.229859482327,-2.454125328315,
    -2.118121090462));
#1573 = CARTESIAN_POINT('',(1.579616356999E-02,-2.45918559868,
    -2.129192834436));
#1574 = CARTESIAN_POINT('',(-0.288199385597,-2.434730393389,
    -2.145042494925));
#1575 = CARTESIAN_POINT('',(-0.379608828568,-2.423214388704,
    -2.149824990571));
#1576 = CARTESIAN_POINT('',(-0.470451912161,-2.407581514869,
    -2.154606807181));
#1577 = CARTESIAN_POINT('',(-0.560497718124,-2.387867923488,
    -2.159388003981));
#1578 = CARTESIAN_POINT('',(-0.649518692143,-2.364127014342,
    -2.164168672672));
#1579 = CARTESIAN_POINT('',(-0.874308514584,-2.293191667267,
    -2.176411249547));
#1580 = CARTESIAN_POINT('',(-1.00828749153,-2.240309993012,
    -2.183872790344));
#1581 = CARTESIAN_POINT('',(-1.13837146825,-2.178054999655,
    -2.191333576899));
#1582 = CARTESIAN_POINT('',(-1.263747813785,-2.106792403853,
    -2.19879439106));
#1583 = CARTESIAN_POINT('',(-1.383652254091,-2.026980535631,
    -2.206255960569));
#1584 = CARTESIAN_POINT('',(-1.593570714883,-1.864887090197,
    -2.220030394324));
#1585 = CARTESIAN_POINT('',(-1.685347106528,-1.784878735015,
    -2.226343319053));
#1586 = CARTESIAN_POINT('',(-1.772273955561,-1.699474232336,
    -2.232656910117));
#1587 = CARTESIAN_POINT('',(-1.853959316684,-1.609043721756,
    -2.238971359353));
#1588 = CARTESIAN_POINT('',(-1.930049852634,-1.513994353277,
    -2.245286760417));
#1589 = CARTESIAN_POINT('',(-2.133208208362,-1.226764400118,
    -2.263569922565));
#1590 = CARTESIAN_POINT('',(-2.245003219274,-1.023727597683,
    -2.275541874188));
#1591 = CARTESIAN_POINT('',(-2.333433522331,-0.808717149897,
    -2.287513298323));
#1592 = CARTESIAN_POINT('',(-2.397022362505,-0.585098178125,
    -2.299484898436));
#1593 = CARTESIAN_POINT('',(-2.434848261802,-0.356427682297,
    -2.31145765438));
#1594 = CARTESIAN_POINT('',(-2.4609062526,0.147742413198,-2.337697380964
    ));
#1595 = CARTESIAN_POINT('',(-2.438207846244,0.423951131286,
    -2.351970913293));
#1596 = CARTESIAN_POINT('',(-2.378259990053,0.69573756399,
    -2.366235030466));
#1597 = CARTESIAN_POINT('',(-2.28227487218,0.95698374077,-2.380497502385
    ));
#1598 = CARTESIAN_POINT('',(-2.152526822731,1.201880660738,
    -2.394768148833));
#1599 = CARTESIAN_POINT('',(-1.873608513804,1.591878090594,
    -2.419685074341));
#1600 = CARTESIAN_POINT('',(-1.737672544388,1.746600163723,
    -2.430336369668));
#1601 = CARTESIAN_POINT('',(-1.586520904572,1.887232314345,
    -2.440988668716));
#1602 = CARTESIAN_POINT('',(-1.422006232365,2.011968157007,
    -2.451643412332));
#1603 = CARTESIAN_POINT('',(-1.246226408923,2.11929330949,
    -2.462300868845));
#1604 = CARTESIAN_POINT('',(-0.955192970356,2.259211131615,
    -2.479094731603));
#1605 = CARTESIAN_POINT('',(-0.845870306909,2.30419959815,-2.48523251091
    ));
#1606 = CARTESIAN_POINT('',(-0.734037658706,2.34282525971,
    -2.491369900242));
#1607 = CARTESIAN_POINT('',(-0.620158298098,2.374918094068,
    -2.497506697807));
#1608 = CARTESIAN_POINT('',(-0.504709685478,2.40035342834,
    -2.503642735154));
#1609 = CARTESIAN_POINT('',(-0.256561760919,2.440173341705,
    -2.516707174231));
#1610 = CARTESIAN_POINT('',(-0.123560240441,2.452700736749,
    -2.523635514251));
#1611 = CARTESIAN_POINT('',(1.011591878683E-02,2.456521530871,
    -2.530562149043));
#1612 = CARTESIAN_POINT('',(0.143756272062,2.451599942116,
    -2.537487171944));
#1613 = CARTESIAN_POINT('',(0.27665063965,2.437977541514,-2.544410875048
    ));
#1614 = CARTESIAN_POINT('',(0.559882172083,2.390131682565,-2.55932732314
    ));
#1615 = CARTESIAN_POINT('',(0.709743830701,2.35304391865,-2.567320117441
    ));
#1616 = CARTESIAN_POINT('',(0.85658763552,2.304694723914,-2.575311567072
    ));
#1617 = CARTESIAN_POINT('',(0.999363919455,2.245400668011,
    -2.583302895562));
#1618 = CARTESIAN_POINT('',(1.137070897196,2.175607426432,
    -2.591295393988));
#1619 = CARTESIAN_POINT('',(1.349691548801,2.046895807812,
    -2.604201623546));
#1620 = CARTESIAN_POINT('',(1.428351451027,1.994154192112,
    -2.609114684801));
#1621 = CARTESIAN_POINT('',(1.504523363963,1.937794587822,
    -2.614028499459));
#1622 = CARTESIAN_POINT('',(1.578000897443,1.877964830855,
    -2.618943170297));
#1623 = CARTESIAN_POINT('',(1.648589702076,1.81482826468,-2.623858733086
    ));
#1624 = CARTESIAN_POINT('',(1.842449805014,1.624566529881,
    -2.637974993243));
#1625 = CARTESIAN_POINT('',(1.958048604037,1.489607063024,-2.64717845369
    ));
#1626 = CARTESIAN_POINT('',(2.061695778379,1.344866229695,
    -2.656384023785));
#1627 = CARTESIAN_POINT('',(2.152390880541,1.191677734257,
    -2.665591164774));
#1628 = CARTESIAN_POINT('',(2.229317307508,1.031494550169,
    -2.674798335267));
#1629 = CARTESIAN_POINT('',(2.319989602275,0.791500604714,
    -2.688138596985));
#1630 = CARTESIAN_POINT('',(2.345199639442,0.716008522667,
    -2.692273671406));
#1631 = CARTESIAN_POINT('',(2.367458268027,0.639562930501,
    -2.696408288552));
#1632 = CARTESIAN_POINT('',(2.386721451222,0.562308027161,
    -2.700542404358));
#1633 = CARTESIAN_POINT('',(2.402954597692,0.484390576146,
    -2.704676047162));
#1634 = CARTESIAN_POINT('',(2.427395580602,0.338926322546,-2.71234196547
    ));
#1635 = CARTESIAN_POINT('',(2.43642688698,0.271517518838,-2.715874348036
    ));
#1636 = CARTESIAN_POINT('',(2.443210820243,0.203826648363,
    -2.719406540387));
#1637 = CARTESIAN_POINT('',(2.447736934813,0.135947320023,
    -2.722938660331));
#1638 = CARTESIAN_POINT('',(2.45,6.797359765041E-02,-2.726470868489));
#1639 = CARTESIAN_POINT('',(2.45,6.60405063968E-12,-2.7300033683));
#1640 = ORIENTED_EDGE('',*,*,#1641,.F.);
#1641 = EDGE_CURVE('',#1442,#1545,#1642,.T.);
#1642 = LINE('',#1643,#1644);
#1643 = CARTESIAN_POINT('',(2.45,0.,-0.2));
#1644 = VECTOR('',#1645,1.);
#1645 = DIRECTION('',(0.,0.,-1.));
#1646 = CYLINDRICAL_SURFACE('',#1647,2.45);
#1647 = AXIS2_PLACEMENT_3D('',#1648,#1649,#1650);
#1648 = CARTESIAN_POINT('',(0.,0.,-0.2));
#1649 = DIRECTION('',(-0.,-0.,-1.));
#1650 = DIRECTION('',(1.,0.,0.));
#1651 = ADVANCED_FACE('',(#1652),#1678,.T.);
#1652 = FACE_BOUND('',#1653,.T.);
#1653 = EDGE_LOOP('',(#1654,#1671,#1672,#1673));
#1654 = ORIENTED_EDGE('',*,*,#1655,.F.);
#1655 = EDGE_CURVE('',#1242,#1656,#1658,.T.);
#1656 = VERTEX_POINT('',#1657);
#1657 = CARTESIAN_POINT('',(2.01700577197,1.093949363357E-06,
    -2.180021050064));
#1658 = ( BOUNDED_CURVE() B_SPLINE_CURVE(11,(#1659,#1660,#1661,#1662,
    #1663,#1664,#1665,#1666,#1667,#1668,#1669,#1670),.UNSPECIFIED.,.F.,
.F.) B_SPLINE_CURVE_WITH_KNOTS((12,12),(0.,6.333910135482),
.PIECEWISE_BEZIER_KNOTS.) CURVE() GEOMETRIC_REPRESENTATION_ITEM() 
RATIONAL_B_SPLINE_CURVE((1.056590953773,1.056590953773,1.056590953773,
    1.056590953773,1.056590953773,1.056590953774,1.056590953772,
    1.056590953774,1.056590953773,1.056590953773,1.056590953773,
1.056590953773)) REPRESENTATION_ITEM('') );
#1659 = CARTESIAN_POINT('',(2.017007193079,1.178097394972E-06,
    -1.380022669262));
#1660 = CARTESIAN_POINT('',(2.017006085261,-1.152163532039,
    -1.452747913196));
#1661 = CARTESIAN_POINT('',(1.293206977192,-2.303824561559,
    -1.525441871518));
#1662 = CARTESIAN_POINT('',(-0.155437795983,-2.952403832998,
    -1.598379726524));
#1663 = CARTESIAN_POINT('',(-1.926383652868,-2.583420846953,
    -1.670498122315));
#1664 = CARTESIAN_POINT('',(-3.24510407937,-1.070031904548,
    -1.744315116602));
#1665 = CARTESIAN_POINT('',(-3.246152237572,1.070015729385,
    -1.815728602478));
#1666 = CARTESIAN_POINT('',(-1.925682517028,2.583440522635,
    -1.889545597508));
#1667 = CARTESIAN_POINT('',(-0.155737154404,2.952392151974,
    -1.96166399246));
#1668 = CARTESIAN_POINT('',(1.293264487615,2.303828255617,
    -2.034601847907));
#1669 = CARTESIAN_POINT('',(2.017006927835,1.152165804086,
    -2.107295806134));
#1670 = CARTESIAN_POINT('',(2.01700577197,1.093949293818E-06,
    -2.180021050064));
#1671 = ORIENTED_EDGE('',*,*,#1260,.T.);
#1672 = ORIENTED_EDGE('',*,*,#1130,.T.);
#1673 = ORIENTED_EDGE('',*,*,#1674,.F.);
#1674 = EDGE_CURVE('',#1656,#1131,#1675,.T.);
#1675 = B_SPLINE_CURVE_WITH_KNOTS('',1,(#1676,#1677),.UNSPECIFIED.,.F.,
  .F.,(2,2),(0.,0.56),.PIECEWISE_BEZIER_KNOTS.);
#1676 = CARTESIAN_POINT('',(2.01700577197,1.093949294099E-06,
    -2.180021050064));
#1677 = CARTESIAN_POINT('',(2.501966385573,-1.312831457975E-07,
    -1.89999747382));
#1678 = B_SPLINE_SURFACE_WITH_KNOTS('',1,10,(
    (#1679,#1680,#1681,#1682,#1683,#1684,#1685,#1686,#1687,#1688,#1689)
    ,(#1690,#1691,#1692,#1693,#1694,#1695,#1696,#1697,#1698,#1699,#1700
    )),.UNSPECIFIED.,.F.,.F.,.F.,(2,2),(11,11),(0.,0.56),(0.,
    6.333910135482),.PIECEWISE_BEZIER_KNOTS.);
#1679 = CARTESIAN_POINT('',(2.017007193079,1.178097395769E-06,
    -1.380022669262));
#1680 = CARTESIAN_POINT('',(2.01700597448,-1.267380003053,-1.46002043759
    ));
#1681 = CARTESIAN_POINT('',(1.132362755572,-2.534145574559,
    -1.539979967946));
#1682 = CARTESIAN_POINT('',(-0.638475308435,-3.104885795372,
    -1.62014008881));
#1683 = CARTESIAN_POINT('',(-2.661827048946,-2.305038317229,
    -1.699900679825));
#1684 = CARTESIAN_POINT('',(-3.732218749129,-3.189230922818E-05,
    -1.78002185899));
#1685 = CARTESIAN_POINT('',(-2.661611850418,2.305079273409,
    -1.860143040575));
#1686 = CARTESIAN_POINT('',(-0.638688584893,3.104868230188,
    -1.939903630002));
#1687 = CARTESIAN_POINT('',(1.132432808547,2.534149584621,
    -2.020063751499));
#1688 = CARTESIAN_POINT('',(2.017007043421,1.267382275099,
    -2.100023281741));
#1689 = CARTESIAN_POINT('',(2.01700577197,1.093949294099E-06,
    -2.180021050064));
#1690 = CARTESIAN_POINT('',(2.501966759518,-1.413822681626E-07,
    -1.099997279489));
#1691 = CARTESIAN_POINT('',(2.501966155312,-1.572025065362,
    -1.179997547329));
#1692 = CARTESIAN_POINT('',(1.404712429724,-3.144079935079,
    -1.260002404394));
#1693 = CARTESIAN_POINT('',(-0.792336319416,-3.849963287066,
    -1.339983187051));
#1694 = CARTESIAN_POINT('',(-3.301194503511,-2.860647292112,
    -1.420011920499));
#1695 = CARTESIAN_POINT('',(-4.630248256606,-7.586009719063E-06,
    -1.499997376475));
#1696 = CARTESIAN_POINT('',(-3.301136879752,2.86065921698,
    -1.579982833096));
#1697 = CARTESIAN_POINT('',(-0.79239110264,3.849958941082,
    -1.660011566121));
#1698 = CARTESIAN_POINT('',(1.404731958024,3.144080501436,
    -1.739992348946));
#1699 = CARTESIAN_POINT('',(2.501966983436,1.572024792697,
    -1.819997205983));
#1700 = CARTESIAN_POINT('',(2.501966385573,-1.312831457975E-07,
    -1.89999747382));
#1701 = ADVANCED_FACE('',(#1702),#1732,.T.);
#1702 = FACE_BOUND('',#1703,.T.);
#1703 = EDGE_LOOP('',(#1704,#1720,#1721,#1722));
#1704 = ORIENTED_EDGE('',*,*,#1705,.F.);
#1705 = EDGE_CURVE('',#1292,#1706,#1708,.T.);
#1706 = VERTEX_POINT('',#1707);
#1707 = CARTESIAN_POINT('',(2.017015494786,1.093936818607E-06,
    -2.380021049828));
#1708 = B_SPLINE_CURVE_WITH_KNOTS('',10,(#1709,#1710,#1711,#1712,#1713,
    #1714,#1715,#1716,#1717,#1718,#1719),.UNSPECIFIED.,.F.,.F.,(11,11),(
    0.,6.333910135482),.PIECEWISE_BEZIER_KNOTS.);
#1709 = CARTESIAN_POINT('',(2.017017663803,1.178082888272E-06,
    -1.580022668988));
#1710 = CARTESIAN_POINT('',(2.017015414383,-1.267386345688,
    -1.66002043737));
#1711 = CARTESIAN_POINT('',(1.132349239417,-2.53415755375,
    -1.739979968698));
#1712 = CARTESIAN_POINT('',(-0.638423306565,-3.10490574043,
    -1.820140085661));
#1713 = CARTESIAN_POINT('',(-2.661897674989,-2.305038318924,
    -1.899900682682));
#1714 = CARTESIAN_POINT('',(-3.732237445919,-4.756962801888E-05,
    -1.980021858376));
#1715 = CARTESIAN_POINT('',(-2.661567850656,2.305102406439,
    -2.06014303778));
#1716 = CARTESIAN_POINT('',(-0.638746990171,3.104879310127,
    -2.139903632366));
#1717 = CARTESIAN_POINT('',(1.132457664179,2.534163002776,
    -2.220063750298));
#1718 = CARTESIAN_POINT('',(2.017017797057,1.267388617707,
    -2.300023281455));
#1719 = CARTESIAN_POINT('',(2.017015494786,1.093936750364E-06,
    -2.380021049828));
#1720 = ORIENTED_EDGE('',*,*,#1309,.T.);
#1721 = ORIENTED_EDGE('',*,*,#1655,.T.);
#1722 = ORIENTED_EDGE('',*,*,#1723,.F.);
#1723 = EDGE_CURVE('',#1706,#1656,#1724,.T.);
#1724 = ( BOUNDED_CURVE() B_SPLINE_CURVE(6,(#1725,#1726,#1727,#1728,
#1729,#1730,#1731),.UNSPECIFIED.,.F.,.F.) B_SPLINE_CURVE_WITH_KNOTS((7,7
),(0.,2.094395102393),.PIECEWISE_BEZIER_KNOTS.) CURVE() 
GEOMETRIC_REPRESENTATION_ITEM() RATIONAL_B_SPLINE_CURVE((1.056590953773,
    1.017435169568,0.996326512422,0.989390034249,0.996326512422,
1.017435169568,1.056590953773)) REPRESENTATION_ITEM('') );
#1725 = CARTESIAN_POINT('',(2.017015494786,1.093936749297E-06,
    -2.380021049828));
#1726 = CARTESIAN_POINT('',(1.980765439634,1.185518461511E-06,
    -2.359094420346));
#1727 = CARTESIAN_POINT('',(1.955218917162,1.250057655E-06,
    -2.323673681213));
#1728 = CARTESIAN_POINT('',(1.945983842105,1.273386735168E-06,
    -2.280024502848));
#1729 = CARTESIAN_POINT('',(1.955214673189,1.250063126845E-06,
    -2.236374426779));
#1730 = CARTESIAN_POINT('',(1.980757751648,1.18552837991E-06,
    -2.200951203973));
#1731 = CARTESIAN_POINT('',(2.01700577197,1.093949293818E-06,
    -2.180021050064));
#1732 = ( BOUNDED_SURFACE() B_SPLINE_SURFACE(6,11,(
    (#1733,#1734,#1735,#1736,#1737,#1738,#1739,#1740,#1741,#1742,#1743
      ,#1744)
    ,(#1745,#1746,#1747,#1748,#1749,#1750,#1751,#1752,#1753,#1754,#1755
      ,#1756)
    ,(#1757,#1758,#1759,#1760,#1761,#1762,#1763,#1764,#1765,#1766,#1767
      ,#1768)
    ,(#1769,#1770,#1771,#1772,#1773,#1774,#1775,#1776,#1777,#1778,#1779
      ,#1780)
    ,(#1781,#1782,#1783,#1784,#1785,#1786,#1787,#1788,#1789,#1790,#1791
      ,#1792)
    ,(#1793,#1794,#1795,#1796,#1797,#1798,#1799,#1800,#1801,#1802,#1803
      ,#1804)
    ,(#1805,#1806,#1807,#1808,#1809,#1810,#1811,#1812,#1813,#1814,#1815
,#1816
    )),.UNSPECIFIED.,.F.,.F.,.F.) B_SPLINE_SURFACE_WITH_KNOTS((7,7),(12,
    12),(0.,2.094395102393),(0.,6.333910135482),
.PIECEWISE_BEZIER_KNOTS.) GEOMETRIC_REPRESENTATION_ITEM() 
RATIONAL_B_SPLINE_SURFACE((
    (1.056590953773,1.056590953773,1.056590953773,1.056590953773
      ,1.056590953773,1.056590953774,1.056590953772,1.056590953774
      ,1.056590953773,1.056590953773,1.056590953773,1.056590953773)
    ,(1.017435169568,1.017435169568,1.017435169568,1.017435169568
      ,1.017435169568,1.017435169569,1.017435169568,1.017435169569
      ,1.017435169568,1.017435169568,1.017435169568,1.017435169568)
    ,(0.996326512422,0.996326512422,0.996326512422,0.996326512422
      ,0.996326512422,0.996326512423,0.996326512421,0.996326512423
      ,0.996326512422,0.996326512422,0.996326512422,0.996326512422)
    ,(0.989390034249,0.989390034249,0.989390034248,0.989390034249
      ,0.989390034248,0.98939003425,0.989390034247,0.989390034249
      ,0.989390034248,0.989390034249,0.989390034249,0.989390034249)
    ,(0.996326512422,0.996326512422,0.996326512422,0.996326512422
      ,0.996326512422,0.996326512423,0.996326512421,0.996326512423
      ,0.996326512422,0.996326512422,0.996326512422,0.996326512422)
    ,(1.017435169568,1.017435169568,1.017435169568,1.017435169568
      ,1.017435169568,1.017435169569,1.017435169567,1.017435169569
      ,1.017435169568,1.017435169568,1.017435169568,1.017435169568)
    ,(1.056590953773,1.056590953773,1.056590953773,1.056590953773
      ,1.056590953773,1.056590953774,1.056590953772,1.056590953774
      ,1.056590953773,1.056590953773,1.056590953773,1.056590953773
))) REPRESENTATION_ITEM('') SURFACE() );
#1733 = CARTESIAN_POINT('',(2.017017663803,1.178082887687E-06,
    -1.580022668988));
#1734 = CARTESIAN_POINT('',(2.017015618875,-1.152169298072,
    -1.652747912971));
#1735 = CARTESIAN_POINT('',(1.293197634866,-2.303835515921,
    -1.725441872093));
#1736 = CARTESIAN_POINT('',(-0.155360677317,-2.952421605143,
    -1.798379722073));
#1737 = CARTESIAN_POINT('',(-1.926578557956,-2.583428102367,
    -1.870498132285));
#1738 = CARTESIAN_POINT('',(-3.244844824986,-1.070040453752,
    -1.944315100964));
#1739 = CARTESIAN_POINT('',(-3.246443991309,1.070017690302,
    -2.015728617475));
#1740 = CARTESIAN_POINT('',(-1.925506884449,2.583459274308,
    -2.089545587292));
#1741 = CARTESIAN_POINT('',(-0.155815837511,2.952403869205,
    -2.161663996219));
#1742 = CARTESIAN_POINT('',(1.293286779247,2.303840387309,
    -2.234601846872));
#1743 = CARTESIAN_POINT('',(2.01701758776,1.152171570092,-2.307295805852
    ));
#1744 = CARTESIAN_POINT('',(2.017015494786,1.093936749297E-06,
    -2.380021049828));
#1745 = CARTESIAN_POINT('',(1.980767530396,1.276709449938E-06,
    -1.559096175065));
#1746 = CARTESIAN_POINT('',(1.980765639843,-1.131467656396,
    -1.631821249198));
#1747 = CARTESIAN_POINT('',(1.269953668228,-2.262392973549,
    -1.704512419241));
#1748 = CARTESIAN_POINT('',(-0.152560310089,-2.899483936876,
    -1.777467899139));
#1749 = CARTESIAN_POINT('',(-1.891962328996,-2.536742609918,
    -1.849535334289));
#1750 = CARTESIAN_POINT('',(-3.186532932941,-1.051173191717,
    -1.923443534199));
#1751 = CARTESIAN_POINT('',(-3.18807454473,1.051150811502,
    -1.994747060848));
#1752 = CARTESIAN_POINT('',(-1.890929670851,2.536772397444,
    -2.068655261855));
#1753 = CARTESIAN_POINT('',(-0.15299944607,2.899466819743,
    -2.140722695766));
#1754 = CARTESIAN_POINT('',(1.270039285209,2.262397843721,
    -2.213678176314));
#1755 = CARTESIAN_POINT('',(1.980767382256,1.131470118624,-2.28636934622
    ));
#1756 = CARTESIAN_POINT('',(1.980765439634,1.185518461511E-06,
    -2.359094420346));
#1757 = CARTESIAN_POINT('',(1.955220875466,1.346213368558E-06,
    -1.523675531465));
#1758 = CARTESIAN_POINT('',(1.955219190569,-1.116878554331,
    -1.596400485899));
#1759 = CARTESIAN_POINT('',(1.253574544227,-2.233187163193,
    -1.669089690387));
#1760 = CARTESIAN_POINT('',(-0.150594854936,-2.862176773712,
    -1.74205759466));
#1761 = CARTESIAN_POINT('',(-1.86754802651,-2.503842460018,
    -1.814089106046));
#1762 = CARTESIAN_POINT('',(-3.14546717472,-1.037876494534,
    -1.888061599513));
#1763 = CARTESIAN_POINT('',(-3.14691127083,1.037855065408,
    -1.959287612826));
#1764 = CARTESIAN_POINT('',(-1.866581164494,2.503870083591,
    -2.033260107318));
#1765 = CARTESIAN_POINT('',(-0.151006593625,2.862160718543,
    -2.105291617546));
#1766 = CARTESIAN_POINT('',(1.253654405486,2.233191910809,
    -2.178259522426));
#1767 = CARTESIAN_POINT('',(1.955220656963,1.116881150602,
    -2.250948726786));
#1768 = CARTESIAN_POINT('',(1.955218917162,1.250057655E-06,
    -2.323673681213));
#1769 = CARTESIAN_POINT('',(1.945985637181,1.371337215617E-06,
    -1.480026387635));
#1770 = CARTESIAN_POINT('',(1.94598417115,-1.111604556899,
    -1.552751298797));
#1771 = CARTESIAN_POINT('',(1.247655888647,-2.222629279393,
    -1.625439792728));
#1772 = CARTESIAN_POINT('',(-0.149896351981,-2.848689672614,
    -1.698412188462));
#1773 = CARTESIAN_POINT('',(-1.858693621573,-2.491949858792,
    -1.770430713282));
#1774 = CARTESIAN_POINT('',(-3.130664287783,-1.033069196708,
    -1.844426449063));
#1775 = CARTESIAN_POINT('',(-3.1319881539,1.033049127479,-1.915624441108
    ));
#1776 = CARTESIAN_POINT('',(-1.857807690241,2.491974927116,
    -1.989620177829));
#1777 = CARTESIAN_POINT('',(-0.150274158336,2.848674935152,
    -2.061638701588));
#1778 = CARTESIAN_POINT('',(1.247728790541,2.222633801129,
    -2.134611097878));
#1779 = CARTESIAN_POINT('',(1.945985364065,1.111607201623,
    -2.207299591691));
#1780 = CARTESIAN_POINT('',(1.945983842105,1.273386735168E-06,
    -2.280024502848));
#1781 = CARTESIAN_POINT('',(1.955216305034,1.346219705101E-06,
    -1.436376277047));
#1782 = CARTESIAN_POINT('',(1.955215029182,-1.116876037479,
    -1.509101231459));
#1783 = CARTESIAN_POINT('',(1.253578622117,-2.233182381655,
    -1.581790435598));
#1784 = CARTESIAN_POINT('',(-0.150628516946,-2.862169016238,
    -1.654758342065));
#1785 = CARTESIAN_POINT('',(-1.867462951168,-2.503839293056,
    -1.726789847157));
#1786 = CARTESIAN_POINT('',(-3.145580338289,-1.037872762839,
    -1.800762351801));
#1787 = CARTESIAN_POINT('',(-3.146783921415,1.037854209477,
    -1.871988351742));
#1788 = CARTESIAN_POINT('',(-1.866657827457,2.503861898554,
    -1.94596085724));
#1789 = CARTESIAN_POINT('',(-0.150972248744,2.862155604017,
    -2.017992361368));
#1790 = CARTESIAN_POINT('',(1.253644675272,2.233186615371,-2.09096026834
    ));
#1791 = CARTESIAN_POINT('',(1.955216003946,1.116878633762,
    -2.163649472372));
#1792 = CARTESIAN_POINT('',(1.955214673189,1.250063126845E-06,
    -2.236374426779));
#1793 = CARTESIAN_POINT('',(1.980759251026,1.276720923093E-06,
    -1.400952958722));
#1794 = CARTESIAN_POINT('',(1.980758101461,-1.131463097101,
    -1.473678032816));
#1795 = CARTESIAN_POINT('',(1.269961055356,-2.262384311759,
    -1.546369202226));
#1796 = CARTESIAN_POINT('',(-0.152621289058,-2.899469884154,
    -1.619324686099));
#1797 = CARTESIAN_POINT('',(-1.891808214409,-2.536736872947,
    -1.691392109846));
#1798 = CARTESIAN_POINT('',(-3.18673792955,-1.051166431723,
    -1.765300330005));
#1799 = CARTESIAN_POINT('',(-3.18784385036,1.051149260974,-1.83660383243
    ));
#1800 = CARTESIAN_POINT('',(-1.891068546354,2.536757570194,
    -1.910512053373));
#1801 = CARTESIAN_POINT('',(-0.152937230072,2.899457554741,
    -1.982579476234));
#1802 = CARTESIAN_POINT('',(1.270021658857,2.262388250997,
    -2.055534960572));
#1803 = CARTESIAN_POINT('',(1.980758953282,1.13146555935,-2.128226129883
    ));
#1804 = CARTESIAN_POINT('',(1.980757751648,1.18552837991E-06,
    -2.200951203973));
#1805 = CARTESIAN_POINT('',(2.017007193079,1.178097394972E-06,
    -1.380022669262));
#1806 = CARTESIAN_POINT('',(2.017006085261,-1.152163532039,
    -1.452747913196));
#1807 = CARTESIAN_POINT('',(1.293206977192,-2.303824561559,
    -1.525441871518));
#1808 = CARTESIAN_POINT('',(-0.155437795983,-2.952403832998,
    -1.598379726524));
#1809 = CARTESIAN_POINT('',(-1.926383652868,-2.583420846953,
    -1.670498122315));
#1810 = CARTESIAN_POINT('',(-3.24510407937,-1.070031904548,
    -1.744315116602));
#1811 = CARTESIAN_POINT('',(-3.246152237572,1.070015729385,
    -1.815728602478));
#1812 = CARTESIAN_POINT('',(-1.925682517028,2.583440522635,
    -1.889545597508));
#1813 = CARTESIAN_POINT('',(-0.155737154404,2.952392151974,
    -1.96166399246));
#1814 = CARTESIAN_POINT('',(1.293264487615,2.303828255617,
    -2.034601847907));
#1815 = CARTESIAN_POINT('',(2.017006927835,1.152165804086,
    -2.107295806134));
#1816 = CARTESIAN_POINT('',(2.01700577197,1.093949293818E-06,
    -2.180021050064));
#1817 = ADVANCED_FACE('',(#1818),#1828,.T.);
#1818 = FACE_BOUND('',#1819,.T.);
#1819 = EDGE_LOOP('',(#1820,#1821,#1822,#1823));
#1820 = ORIENTED_EDGE('',*,*,#1441,.F.);
#1821 = ORIENTED_EDGE('',*,*,#1410,.T.);
#1822 = ORIENTED_EDGE('',*,*,#1705,.T.);
#1823 = ORIENTED_EDGE('',*,*,#1824,.F.);
#1824 = EDGE_CURVE('',#1442,#1706,#1825,.T.);
#1825 = B_SPLINE_CURVE_WITH_KNOTS('',1,(#1826,#1827),.UNSPECIFIED.,.F.,
  .F.,(2,2),(0.,0.56),.PIECEWISE_BEZIER_KNOTS.);
#1826 = CARTESIAN_POINT('',(2.502003332272,-1.313308152973E-07,
    -2.659997472922));
#1827 = CARTESIAN_POINT('',(2.017015494786,1.093936750364E-06,
    -2.380021049828));
#1828 = B_SPLINE_SURFACE_WITH_KNOTS('',1,10,(
    (#1829,#1830,#1831,#1832,#1833,#1834,#1835,#1836,#1837,#1838,#1839)
    ,(#1840,#1841,#1842,#1843,#1844,#1845,#1846,#1847,#1848,#1849,#1850
    )),.UNSPECIFIED.,.F.,.F.,.F.,(2,2),(11,11),(0.,0.56),(0.,
    6.333910135482),.PIECEWISE_BEZIER_KNOTS.);
#1829 = CARTESIAN_POINT('',(2.502006548269,-1.414373912557E-07,
    -1.859997278447));
#1830 = CARTESIAN_POINT('',(2.502002026943,-1.572049167374,
    -1.939997546493));
#1831 = CARTESIAN_POINT('',(1.404661068337,-3.144125456005,
    -2.020002407252));
#1832 = CARTESIAN_POINT('',(-0.792138712313,-3.850039078287,
    -2.099983175087));
#1833 = CARTESIAN_POINT('',(-3.301462882474,-2.860647298555,
    -2.180011931352));
#1834 = CARTESIAN_POINT('',(-4.630319304409,-6.715982077399E-05,
    -2.259997374146));
#1835 = CARTESIAN_POINT('',(-3.300969680655,2.860747122495,
    -2.339982822473));
#1836 = CARTESIAN_POINT('',(-0.792613042699,3.850001044849,
    -2.42001157511));
#1837 = CARTESIAN_POINT('',(1.404826409423,3.144131490423,-2.49999234438
    ));
#1838 = CARTESIAN_POINT('',(2.502007847251,1.572048894607,
    -2.579997204894));
#1839 = CARTESIAN_POINT('',(2.502003332272,-1.313308152973E-07,
    -2.659997472922));
#1840 = CARTESIAN_POINT('',(2.017017663803,1.178082888272E-06,
    -1.580022668988));
#1841 = CARTESIAN_POINT('',(2.017015414383,-1.267386345688,
    -1.66002043737));
#1842 = CARTESIAN_POINT('',(1.132349239417,-2.53415755375,
    -1.739979968698));
#1843 = CARTESIAN_POINT('',(-0.638423306565,-3.10490574043,
    -1.820140085661));
#1844 = CARTESIAN_POINT('',(-2.661897674989,-2.305038318924,
    -1.899900682682));
#1845 = CARTESIAN_POINT('',(-3.732237445919,-4.756962801888E-05,
    -1.980021858376));
#1846 = CARTESIAN_POINT('',(-2.661567850656,2.305102406439,
    -2.06014303778));
#1847 = CARTESIAN_POINT('',(-0.638746990171,3.104879310127,
    -2.139903632366));
#1848 = CARTESIAN_POINT('',(1.132457664179,2.534163002776,
    -2.220063750298));
#1849 = CARTESIAN_POINT('',(2.017017797057,1.267388617707,
    -2.300023281455));
#1850 = CARTESIAN_POINT('',(2.017015494786,1.093936750364E-06,
    -2.380021049828));
#1851 = ADVANCED_FACE('',(#1852),#2060,.T.);
#1852 = FACE_BOUND('',#1853,.F.);
#1853 = EDGE_LOOP('',(#1854,#1951,#1952,#2054));
#1854 = ORIENTED_EDGE('',*,*,#1855,.F.);
#1855 = EDGE_CURVE('',#1442,#1856,#1858,.T.);
#1856 = VERTEX_POINT('',#1857);
#1857 = CARTESIAN_POINT('',(2.45,2.115862613891E-11,-3.429978497484));
#1858 = B_SPLINE_CURVE_WITH_KNOTS('',6,(#1859,#1860,#1861,#1862,#1863,
    #1864,#1865,#1866,#1867,#1868,#1869,#1870,#1871,#1872,#1873,#1874,
    #1875,#1876,#1877,#1878,#1879,#1880,#1881,#1882,#1883,#1884,#1885,
    #1886,#1887,#1888,#1889,#1890,#1891,#1892,#1893,#1894,#1895,#1896,
    #1897,#1898,#1899,#1900,#1901,#1902,#1903,#1904,#1905,#1906,#1907,
    #1908,#1909,#1910,#1911,#1912,#1913,#1914,#1915,#1916,#1917,#1918,
    #1919,#1920,#1921,#1922,#1923,#1924,#1925,#1926,#1927,#1928,#1929,
    #1930,#1931,#1932,#1933,#1934,#1935,#1936,#1937,#1938,#1939,#1940,
    #1941,#1942,#1943,#1944,#1945,#1946,#1947,#1948,#1949,#1950),
  .UNSPECIFIED.,.F.,.F.,(7,5,5,5,5,5,5,5,5,5,5,5,5,5,5,5,5,5,7),(0.,
    1.877065917799E-02,5.677070863163E-02,0.125771977783,0.229623550754,
    0.245624025868,0.266131940562,0.324134531651,0.376138995619,
    0.403027711155,0.497713495557,0.59752177139,0.707850709453,
    0.73872711122,0.760727771145,0.812730548282,0.861735289323,
    0.968626684167,1.),.UNSPECIFIED.);
#1859 = CARTESIAN_POINT('',(2.45,4.986366874959E-11,-2.629976705733));
#1860 = CARTESIAN_POINT('',(2.45,-4.815636277333E-02,-2.632479420713));
#1861 = CARTESIAN_POINT('',(2.448864145263,-9.631274183119E-02,
    -2.634982040691));
#1862 = CARTESIAN_POINT('',(2.446592437747,-0.144435584398,
    -2.637484624666));
#1863 = CARTESIAN_POINT('',(2.443186195991,-0.192491415788,
    -2.639987223055));
#1864 = CARTESIAN_POINT('',(2.438648055115,-0.240446839356,
    -2.642489877701));
#1865 = CARTESIAN_POINT('',(2.421511318217,-0.385080632386,
    -2.65005927409));
#1866 = CARTESIAN_POINT('',(2.405417794939,-0.481345501414,
    -2.655126312689));
#1867 = CARTESIAN_POINT('',(2.384734436269,-0.576785585067,
    -2.660193981896));
#1868 = CARTESIAN_POINT('',(2.359515761214,-0.671128556477,
    -2.665262369756));
#1869 = CARTESIAN_POINT('',(2.329837768501,-0.764107320422,
    -2.670331408131));
#1870 = CARTESIAN_POINT('',(2.233987711645,-1.02134010667,-2.68460611042
    ));
#1871 = CARTESIAN_POINT('',(2.157790883161,-1.181871780692,
    -2.69381341631));
#1872 = CARTESIAN_POINT('',(2.067793678778,-1.335471462715,
    -2.703020429066));
#1873 = CARTESIAN_POINT('',(1.964806099796,-1.480682465114,
    -2.712225712726));
#1874 = CARTESIAN_POINT('',(1.849822527888,-1.616166550241,
    -2.721428820441));
#1875 = CARTESIAN_POINT('',(1.534742998096,-1.928224827275,
    -2.744474144634));
#1876 = CARTESIAN_POINT('',(1.320909658976,-2.091071350721,
    -2.75831761899));
#1877 = CARTESIAN_POINT('',(1.086691054305,-2.225114494666,
    -2.772148130608));
#1878 = CARTESIAN_POINT('',(0.836971180653,-2.327414794513,
    -2.785976218684));
#1879 = CARTESIAN_POINT('',(0.577069813389,-2.395929200946,
    -2.799812976834));
#1880 = CARTESIAN_POINT('',(0.272104477767,-2.435188741871,
    -2.815782344011));
#1881 = CARTESIAN_POINT('',(0.231285661126,-2.439611384904,
    -2.817914408171));
#1882 = CARTESIAN_POINT('',(0.190382070807,-2.443212799103,
    -2.820046602966));
#1883 = CARTESIAN_POINT('',(0.14941435429,-2.445991028428,
    -2.822178933757));
#1884 = CARTESIAN_POINT('',(0.1084032127,-2.447944809692,-2.824311404066
    ));
#1885 = CARTESIAN_POINT('',(1.477609294619E-02,-2.450520315397,
    -2.829177397842));
#1886 = CARTESIAN_POINT('',(-3.785450691019E-02,-2.450611742261,
    -2.831911012871));
#1887 = CARTESIAN_POINT('',(-9.04786714303E-02,-2.44934665382,
    -2.834644864055));
#1888 = CARTESIAN_POINT('',(-0.143052736283,-2.446725726206,
    -2.83737894977));
#1889 = CARTESIAN_POINT('',(-0.19553310013,-2.442751511016,
    -2.840113263384));
#1890 = CARTESIAN_POINT('',(-0.395918426479,-2.42237316577,
    -2.850581871531));
#1891 = CARTESIAN_POINT('',(-0.542867821987,-2.396527074255,
    -2.858317935406));
#1892 = CARTESIAN_POINT('',(-0.687731643005,-2.359991740557,
    -2.866055235949));
#1893 = CARTESIAN_POINT('',(-0.829544395687,-2.312985900937,
    -2.873793548498));
#1894 = CARTESIAN_POINT('',(-0.967374156186,-2.255843651392,
    -2.88153255556));
#1895 = CARTESIAN_POINT('',(-1.219534548451,-2.129092735428,
    -2.896209637018));
#1896 = CARTESIAN_POINT('',(-1.334827079801,-2.061381537189,
    -2.903148113268));
#1897 = CARTESIAN_POINT('',(-1.445565049464,-1.986201774872,
    -2.910085979871));
#1898 = CARTESIAN_POINT('',(-1.551149707643,-1.903941149785,
    -2.917023111634));
#1899 = CARTESIAN_POINT('',(-1.651027983506,-1.815050174262,
    -2.923959507437));
#1900 = CARTESIAN_POINT('',(-1.793125947122,-1.670915341295,
    -2.934480759717));
#1901 = CARTESIAN_POINT('',(-1.839896656599,-1.620154225848,
    -2.93806641849));
#1902 = CARTESIAN_POINT('',(-1.884938314932,-1.567826981341,
    -2.941651836162));
#1903 = CARTESIAN_POINT('',(-1.928185868845,-1.514007485251,
    -2.945237020284));
#1904 = CARTESIAN_POINT('',(-1.969578528277,-1.458773164914,
    -2.948821987002));
#1905 = CARTESIAN_POINT('',(-2.148088794903,-1.20300614426,
    -2.965030165974));
#1906 = CARTESIAN_POINT('',(-2.263448511975,-0.98722018815,
    -2.977654045654));
#1907 = CARTESIAN_POINT('',(-2.352587405082,-0.758462870184,
    -2.990273276304));
#1908 = CARTESIAN_POINT('',(-2.413846209858,-0.52071824862,
    -3.002893495369));
#1909 = CARTESIAN_POINT('',(-2.446245813826,-0.278188958576,
    -3.015519338067));
#1910 = CARTESIAN_POINT('',(-2.453434917502,0.220730846254,
    -3.04145256525));
#1911 = CARTESIAN_POINT('',(-2.425014746402,0.477295834637,
    -3.054766701077));
#1912 = CARTESIAN_POINT('',(-2.364378942356,0.729197818344,
    -3.068078744528));
#1913 = CARTESIAN_POINT('',(-2.272598917681,0.971495775711,
    -3.08139094981));
#1914 = CARTESIAN_POINT('',(-2.151571613109,1.199502548733,
    -3.094704840497));
#1915 = CARTESIAN_POINT('',(-1.841531663224,1.640542298935,
    -3.122721059365));
#1916 = CARTESIAN_POINT('',(-1.646577785325,1.849633326059,
    -3.137432331861));
#1917 = CARTESIAN_POINT('',(-1.42347389308,2.030433698857,-3.15213105967
    ));
#1918 = CARTESIAN_POINT('',(-1.177442351877,2.178529462774,
    -3.166825777945));
#1919 = CARTESIAN_POINT('',(-0.914412900302,2.290516633453,
    -3.181529359562));
#1920 = CARTESIAN_POINT('',(-0.564776699193,2.385330606231,
    -3.200346190759));
#1921 = CARTESIAN_POINT('',(-0.487519603378,2.40309670621,
    -3.204461112853));
#1922 = CARTESIAN_POINT('',(-0.409602392412,2.417857462108,
    -3.208576479902));
#1923 = CARTESIAN_POINT('',(-0.331171110277,2.429583254926,
    -3.212692341524));
#1924 = CARTESIAN_POINT('',(-0.252373410832,2.43825397054,
    -3.216808726863));
#1925 = CARTESIAN_POINT('',(-0.117057343595,2.447852805116,
    -3.223859111634));
#1926 = CARTESIAN_POINT('',(-6.06456965937E-02,2.450290140702,
    -3.226792851175));
#1927 = CARTESIAN_POINT('',(-4.177507176482E-03,2.451167190172,
    -3.229726865839));
#1928 = CARTESIAN_POINT('',(5.229333060968E-02,2.450482621064,
    -3.232661151633));
#1929 = CARTESIAN_POINT('',(0.108712919035,2.448237584738,
    -3.235595697957));
#1930 = CARTESIAN_POINT('',(0.298137325248,2.435449271738,
    -3.245467425487));
#1931 = CARTESIAN_POINT('',(0.430662749522,2.417764353109,
    -3.252405865166));
#1932 = CARTESIAN_POINT('',(0.561887443863,2.391429633914,
    -3.259345290377));
#1933 = CARTESIAN_POINT('',(0.691109358857,2.356570159642,
    -3.266285419733));
#1934 = CARTESIAN_POINT('',(0.81764416116,2.31338653212,-3.273225860165)
  );
#1935 = CARTESIAN_POINT('',(1.056911690304,2.213875280373,
    -3.286705565201));
#1936 = CARTESIAN_POINT('',(1.170023649449,2.158447298306,-3.29324512404
    ));
#1937 = CARTESIAN_POINT('',(1.279610512743,2.096100818365,
    -3.299783754074));
#1938 = CARTESIAN_POINT('',(1.385147631857,2.027120198173,
    -3.306321169326));
#1939 = CARTESIAN_POINT('',(1.486142231163,1.951842085404,
    -3.312857238311));
#1940 = CARTESIAN_POINT('',(1.791521230259,1.693562881142,-3.33364510095
    ));
#1941 = CARTESIAN_POINT('',(1.977197447147,1.488281516064,
    -3.347896721029));
#1942 = CARTESIAN_POINT('',(2.134232975159,1.258919351391,
    -3.362134946798));
#1943 = CARTESIAN_POINT('',(2.259007533477,1.010530645918,
    -3.376372482744));
#1944 = CARTESIAN_POINT('',(2.348852887833,0.748726558804,
    -3.390625645171));
#1945 = CARTESIAN_POINT('',(2.418320589127,0.400878818501,
    -3.409060917523));
#1946 = CARTESIAN_POINT('',(2.430971796862,0.321327759231,
    -3.413244401941));
#1947 = CARTESIAN_POINT('',(2.440480732811,0.241308851501,
    -3.417428131629));
#1948 = CARTESIAN_POINT('',(2.446826893292,0.160977062622,
    -3.421611908447));
#1949 = CARTESIAN_POINT('',(2.449999999999,8.048841778151E-02,
    -3.425795471568));
#1950 = CARTESIAN_POINT('',(2.45,4.233058348291E-11,-3.429978497484));
#1951 = ORIENTED_EDGE('',*,*,#1641,.T.);
#1952 = ORIENTED_EDGE('',*,*,#1953,.T.);
#1953 = EDGE_CURVE('',#1545,#1954,#1956,.T.);
#1954 = VERTEX_POINT('',#1955);
#1955 = CARTESIAN_POINT('',(2.45,2.745101492465E-12,-3.530003087592));
#1956 = B_SPLINE_CURVE_WITH_KNOTS('',6,(#1957,#1958,#1959,#1960,#1961,
    #1962,#1963,#1964,#1965,#1966,#1967,#1968,#1969,#1970,#1971,#1972,
    #1973,#1974,#1975,#1976,#1977,#1978,#1979,#1980,#1981,#1982,#1983,
    #1984,#1985,#1986,#1987,#1988,#1989,#1990,#1991,#1992,#1993,#1994,
    #1995,#1996,#1997,#1998,#1999,#2000,#2001,#2002,#2003,#2004,#2005,
    #2006,#2007,#2008,#2009,#2010,#2011,#2012,#2013,#2014,#2015,#2016,
    #2017,#2018,#2019,#2020,#2021,#2022,#2023,#2024,#2025,#2026,#2027,
    #2028,#2029,#2030,#2031,#2032,#2033,#2034,#2035,#2036,#2037,#2038,
    #2039,#2040,#2041,#2042,#2043,#2044,#2045,#2046,#2047,#2048,#2049,
    #2050,#2051,#2052,#2053),.UNSPECIFIED.,.F.,.F.,(7,5,5,5,5,5,5,5,5,5,
    5,5,5,5,5,5,5,5,5,7),(0.,2.581044787882E-02,4.564543087399E-02,
    0.127642764294,0.179777200553,0.262776296083,0.298650749118,
    0.354652913029,0.402025912027,0.491787711527,0.598633569895,
    0.62128388581,0.672287153904,0.737288153873,0.783047065847,
    0.837049442829,0.872511547171,0.942667317398,0.973666539981,1.),
  .UNSPECIFIED.);
#1957 = CARTESIAN_POINT('',(2.45,6.618705583605E-12,-2.7300033683));
#1958 = CARTESIAN_POINT('',(2.45,-6.621855662476E-02,-2.733444661587));
#1959 = CARTESIAN_POINT('',(2.447852288017,-0.132437219293,
    -2.736886218478));
#1960 = CARTESIAN_POINT('',(2.443556881044,-0.198568610896,
    -2.740327893026));
#1961 = CARTESIAN_POINT('',(2.437118490054,-0.264525765982,
    -2.743769560463));
#1962 = CARTESIAN_POINT('',(2.428546519994,-0.330222130748,
    -2.747211117195));
#1963 = CARTESIAN_POINT('',(2.409638833716,-0.445791725214,
    -2.753297122582));
#1964 = CARTESIAN_POINT('',(2.400170876048,-0.495807101077,
    -2.755941654326));
#1965 = CARTESIAN_POINT('',(2.389457593999,-0.545578626048,
    -2.758586042486));
#1966 = CARTESIAN_POINT('',(2.377506982423,-0.595067608136,
    -2.761230265742));
#1967 = CARTESIAN_POINT('',(2.364328633815,-0.644235727936,
    -2.763874315015));
#1968 = CARTESIAN_POINT('',(2.290425593184,-0.894821532412,
    -2.777447922146));
#1969 = CARTESIAN_POINT('',(2.210119083964,-1.09049257637,
    -2.788376140772));
#1970 = CARTESIAN_POINT('',(2.109811460054,-1.277319711049,
    -2.799299881729));
#1971 = CARTESIAN_POINT('',(1.99076834681,-1.452805399048,-2.81022447871
    ));
#1972 = CARTESIAN_POINT('',(1.85461580633,-1.614669117985,
    -2.821154143399));
#1973 = CARTESIAN_POINT('',(1.607275009452,-1.853930308131,
    -2.839037122989));
#1974 = CARTESIAN_POINT('',(1.505043761166,-1.940630165923,
    -2.845989629206));
#1975 = CARTESIAN_POINT('',(1.397238209375,-2.020530732934,
    -2.852943721956));
#1976 = CARTESIAN_POINT('',(1.284426400976,-2.093191539705,
    -2.859899380171));
#1977 = CARTESIAN_POINT('',(1.167220974709,-2.158236686992,
    -2.866856353654));
#1978 = CARTESIAN_POINT('',(0.853729228983,-2.306293596433,
    -2.884890211189));
#1979 = CARTESIAN_POINT('',(0.651672321732,-2.377160114494,
    -2.895969675331));
#1980 = CARTESIAN_POINT('',(0.442777740909,-2.426682802648,
    -2.90704693076));
#1981 = CARTESIAN_POINT('',(0.229854774204,-2.454125769279,
    -2.918121053898));
#1982 = CARTESIAN_POINT('',(1.579144578535E-02,-2.459185628975,
    -2.929192797763));
#1983 = CARTESIAN_POINT('',(-0.288204466028,-2.434729807546,
    -2.945042479505));
#1984 = CARTESIAN_POINT('',(-0.379614293545,-2.423213557618,
    -2.949824996477));
#1985 = CARTESIAN_POINT('',(-0.470457747677,-2.407580402948,
    -2.954606834415));
#1986 = CARTESIAN_POINT('',(-0.560503907167,-2.387866496149,
    -2.959388052546));
#1987 = CARTESIAN_POINT('',(-0.649525214788,-2.364125238303,
    -2.964168742572));
#1988 = CARTESIAN_POINT('',(-0.874315221692,-2.293189110089,
    -2.976411340789));
#1989 = CARTESIAN_POINT('',(-1.008294044024,-2.240307043951,
    -2.98387288161));
#1990 = CARTESIAN_POINT('',(-1.138377838709,-2.178051670096,
    -2.99133366821));
#1991 = CARTESIAN_POINT('',(-1.263753975858,-2.106788707561,
    -2.998794482432));
#1992 = CARTESIAN_POINT('',(-1.383658182767,-2.026976488605,
    -3.006256052012));
#1993 = CARTESIAN_POINT('',(-1.593577785124,-1.864881181592,
    -3.020030591915));
#1994 = CARTESIAN_POINT('',(-1.685355409951,-1.784871117971,
    -3.026343622748));
#1995 = CARTESIAN_POINT('',(-1.772283306255,-1.699464745368,
    -3.032657319934));
#1996 = CARTESIAN_POINT('',(-1.853969510671,-1.609032223845,
    -3.038971875319));
#1997 = CARTESIAN_POINT('',(-1.930060670658,-1.513980726149,
    -3.045287382559));
#1998 = CARTESIAN_POINT('',(-2.133225459034,-1.226736850504,
    -3.063571328736));
#1999 = CARTESIAN_POINT('',(-2.245023996273,-1.02368680758,
    -3.075543959062));
#2000 = CARTESIAN_POINT('',(-2.333454956245,-0.80866212337,
    -3.087516061284));
#2001 = CARTESIAN_POINT('',(-2.397041402764,-0.585028522886,
    -3.099488339184));
#2002 = CARTESIAN_POINT('',(-2.434861796696,-0.356343636681,
    -3.111461773157));
#2003 = CARTESIAN_POINT('',(-2.460877190906,0.147391882907,
    -3.137678826674));
#2004 = CARTESIAN_POINT('',(-2.438265131313,0.423143892576,
    -3.151928969512));
#2005 = CARTESIAN_POINT('',(-2.378526491511,0.694497381199,
    -3.166169759657));
#2006 = CARTESIAN_POINT('',(-2.28286482031,0.955363984289,
    -3.180408906361));
#2007 = CARTESIAN_POINT('',(-2.153539802592,1.199961922933,
    -3.194656158936));
#2008 = CARTESIAN_POINT('',(-1.960560727695,1.47040080538,
    -3.211921369267));
#2009 = CARTESIAN_POINT('',(-1.925460134447,1.516742907508,
    -3.214941396275));
#2010 = CARTESIAN_POINT('',(-1.889047394518,1.562076335073,
    -3.217961586337));
#2011 = CARTESIAN_POINT('',(-1.851358924009,1.606354854929,
    -3.220981947951));
#2012 = CARTESIAN_POINT('',(-1.81243328728,1.649534020025,
    -3.224002485452));
#2013 = CARTESIAN_POINT('',(-1.681965537429,1.786229098591,
    -3.233825146687));
#2014 = CARTESIAN_POINT('',(-1.585551314054,1.875098316722,
    -3.240628115556));
#2015 = CARTESIAN_POINT('',(-1.483536338762,1.957689093368,
    -3.247431832238));
#2016 = CARTESIAN_POINT('',(-1.37643449114,2.033566970976,
    -3.254236297788));
#2017 = CARTESIAN_POINT('',(-1.264803030458,2.102354779285,
    -3.261041394973));
#2018 = CARTESIAN_POINT('',(-1.001960746619,2.241960087198,
    -3.276519240602));
#2019 = CARTESIAN_POINT('',(-0.848284773496,2.308159559935,
    -3.285192641868));
#2020 = CARTESIAN_POINT('',(-0.689455842594,2.36166963713,-3.29386504042
    ));
#2021 = CARTESIAN_POINT('',(-0.526784449586,2.402016963768,
    -3.302536064092));
#2022 = CARTESIAN_POINT('',(-0.361629867761,2.42889563009,
    -3.311205525743));
#2023 = CARTESIAN_POINT('',(-7.837423474122E-02,2.451558596432,
    -3.325973379494));
#2024 = CARTESIAN_POINT('',(3.918876176634E-02,2.454192608978,
    -3.332073448943));
#2025 = CARTESIAN_POINT('',(0.156804925038,2.450058941784,
    -3.338172205697));
#2026 = CARTESIAN_POINT('',(0.273988613517,2.43916533134,-3.344269779429
    ));
#2027 = CARTESIAN_POINT('',(0.390257141291,2.421565942669,
    -3.350366422418));
#2028 = CARTESIAN_POINT('',(0.640702990534,2.368796099573,
    -3.363656247153));
#2029 = CARTESIAN_POINT('',(0.774338307758,2.331030190422,
    -3.370849383881));
#2030 = CARTESIAN_POINT('',(0.905251432201,2.284229718772,
    -3.378041735663));
#2031 = CARTESIAN_POINT('',(1.032684181037,2.228646499847,
    -3.385234162586));
#2032 = CARTESIAN_POINT('',(1.155911594209,2.164616349461,
    -3.392427545362));
#2033 = CARTESIAN_POINT('',(1.351953720741,2.045238061166,
    -3.404346461286));
#2034 = CARTESIAN_POINT('',(1.427553034601,1.994455550357,
    -3.409071450041));
#2035 = CARTESIAN_POINT('',(1.500850203938,1.940328078151,
    -3.413797134044));
#2036 = CARTESIAN_POINT('',(1.571661600173,1.882987083918,
    -3.418523605412));
#2037 = CARTESIAN_POINT('',(1.639813866814,1.822577294061,
    -3.423250898916));
#2038 = CARTESIAN_POINT('',(1.834388369177,1.633987689466,
    -3.437332723702));
#2039 = CARTESIAN_POINT('',(1.952597827533,1.497316374897,
    -3.446690247079));
#2040 = CARTESIAN_POINT('',(2.058493901475,1.350476577855,
    -3.456049968714));
#2041 = CARTESIAN_POINT('',(2.151020019657,1.194866593726,-3.46541137535
    ));
#2042 = CARTESIAN_POINT('',(2.229315157426,1.032012266189,-3.47477284782
    ));
#2043 = CARTESIAN_POINT('',(2.32078973294,0.789151429528,-3.488267283576
    ));
#2044 = CARTESIAN_POINT('',(2.345923331528,0.713633854616,
    -3.492402347234));
#2045 = CARTESIAN_POINT('',(2.368104557287,0.637165756902,
    -3.496536952307));
#2046 = CARTESIAN_POINT('',(2.387289519248,0.559891379946,
    -3.500671055731));
#2047 = CARTESIAN_POINT('',(2.403443774515,0.48195752249,-3.504804687092
    ));
#2048 = CARTESIAN_POINT('',(2.427669389287,0.336876334516,
    -3.512449103691));
#2049 = CARTESIAN_POINT('',(2.43659142433,0.269870710279,-3.515959997643
    ));
#2050 = CARTESIAN_POINT('',(2.44329315179,0.202588124951,-3.519470705934
    ));
#2051 = CARTESIAN_POINT('',(2.447764378553,0.135120491438,
    -3.522981345097));
#2052 = CARTESIAN_POINT('',(2.45,6.756017635155E-02,-3.52649207275));
#2053 = CARTESIAN_POINT('',(2.45,5.473399511402E-12,-3.530003087592));
#2054 = ORIENTED_EDGE('',*,*,#2055,.F.);
#2055 = EDGE_CURVE('',#1856,#1954,#2056,.T.);
#2056 = LINE('',#2057,#2058);
#2057 = CARTESIAN_POINT('',(2.45,0.,-0.2));
#2058 = VECTOR('',#2059,1.);
#2059 = DIRECTION('',(0.,0.,-1.));
#2060 = CYLINDRICAL_SURFACE('',#2061,2.45);
#2061 = AXIS2_PLACEMENT_3D('',#2062,#2063,#2064);
#2062 = CARTESIAN_POINT('',(0.,0.,-0.2));
#2063 = DIRECTION('',(-0.,-0.,-1.));
#2064 = DIRECTION('',(1.,0.,0.));
#2065 = ADVANCED_FACE('',(#2066),#2092,.T.);
#2066 = FACE_BOUND('',#2067,.T.);
#2067 = EDGE_LOOP('',(#2068,#2085,#2086,#2087));
#2068 = ORIENTED_EDGE('',*,*,#2069,.F.);
#2069 = EDGE_CURVE('',#1656,#2070,#2072,.T.);
#2070 = VERTEX_POINT('',#2071);
#2071 = CARTESIAN_POINT('',(2.017004350868,1.009801066825E-06,
    -2.980019430861));
#2072 = ( BOUNDED_CURVE() B_SPLINE_CURVE(11,(#2073,#2074,#2075,#2076,
    #2077,#2078,#2079,#2080,#2081,#2082,#2083,#2084),.UNSPECIFIED.,.F.,
.F.) B_SPLINE_CURVE_WITH_KNOTS((12,12),(0.,6.333910135482),
.PIECEWISE_BEZIER_KNOTS.) CURVE() GEOMETRIC_REPRESENTATION_ITEM() 
RATIONAL_B_SPLINE_CURVE((1.056590953773,1.056590953773,1.056590953773,
    1.056590953773,1.056590953773,1.056590953774,1.056590953772,
    1.056590953774,1.056590953773,1.056590953773,1.056590953773,
1.056590953773)) REPRESENTATION_ITEM('') );
#2073 = CARTESIAN_POINT('',(2.01700577197,1.093949364039E-06,
    -2.180021050064));
#2074 = CARTESIAN_POINT('',(2.017004616105,-1.152162804629,
    -2.252746293991));
#2075 = CARTESIAN_POINT('',(1.293205969821,-2.30382299086,
    -2.325440252204));
#2076 = CARTESIAN_POINT('',(-0.155437809402,-2.952401751163,
    -2.3983781079));
#2077 = CARTESIAN_POINT('',(-1.926382403453,-2.583418936457,
    -2.470496501694));
#2078 = CARTESIAN_POINT('',(-3.24510183828,-1.070031029456,
    -2.544313499557));
#2079 = CARTESIAN_POINT('',(-3.246149904428,1.070015125201,
    -2.615726981121));
#2080 = CARTESIAN_POINT('',(-1.925681053865,2.583438772666,
    -2.689543979728));
#2081 = CARTESIAN_POINT('',(-0.155736920793,2.952390083227,
    -2.761662372681));
#2082 = CARTESIAN_POINT('',(1.29326367239,2.303826576987,-2.834600228819
    ));
#2083 = CARTESIAN_POINT('',(2.01700555478,1.152164908379,-2.907294186938
    ));
#2084 = CARTESIAN_POINT('',(2.017004350868,1.009801054386E-06,
    -2.980019430861));
#2085 = ORIENTED_EDGE('',*,*,#1674,.T.);
#2086 = ORIENTED_EDGE('',*,*,#1544,.T.);
#2087 = ORIENTED_EDGE('',*,*,#2088,.F.);
#2088 = EDGE_CURVE('',#2070,#1545,#2089,.T.);
#2089 = B_SPLINE_CURVE_WITH_KNOTS('',1,(#2090,#2091),.UNSPECIFIED.,.F.,
  .F.,(2,2),(0.,0.56),.PIECEWISE_BEZIER_KNOTS.);
#2090 = CARTESIAN_POINT('',(2.017004350868,1.009801054607E-06,
    -2.980019430861));
#2091 = CARTESIAN_POINT('',(2.501966011628,-1.211839716146E-07,
    -2.69999766815));
#2092 = B_SPLINE_SURFACE_WITH_KNOTS('',1,10,(
    (#2093,#2094,#2095,#2096,#2097,#2098,#2099,#2100,#2101,#2102,#2103)
    ,(#2104,#2105,#2106,#2107,#2108,#2109,#2110,#2111,#2112,#2113,#2114
    )),.UNSPECIFIED.,.F.,.F.,.F.,(2,2),(11,11),(0.,0.56),(0.,
    6.333910135482),.PIECEWISE_BEZIER_KNOTS.);
#2093 = CARTESIAN_POINT('',(2.01700577197,1.093949365887E-06,
    -2.180021050064));
#2094 = CARTESIAN_POINT('',(2.017004500519,-1.267379194487,
    -2.260018818384));
#2095 = CARTESIAN_POINT('',(1.132361851887,-2.534143834498,
    -2.339978348608));
#2096 = CARTESIAN_POINT('',(-0.63847498753,-3.104883585292,
    -2.420138469996));
#2097 = CARTESIAN_POINT('',(-2.661825271081,-2.305036578278,
    -2.499899060228));
#2098 = CARTESIAN_POINT('',(-3.732216117584,-3.173636035392E-05,
    -2.580020239788));
#2099 = CARTESIAN_POINT('',(-2.661609880672,2.305077756179,
    -2.660141421773));
#2100 = CARTESIAN_POINT('',(-0.638688004527,3.104866073548,
    -2.739902010413));
#2101 = CARTESIAN_POINT('',(1.132432116218,2.534147750043,
    -2.820062132435));
#2102 = CARTESIAN_POINT('',(2.017005675171,1.267381298237,
    -2.900021662545));
#2103 = CARTESIAN_POINT('',(2.017004350868,1.009801054607E-06,
    -2.980019430861));
#2104 = CARTESIAN_POINT('',(2.501966385573,-1.312830762162E-07,
    -1.89999747382));
#2105 = CARTESIAN_POINT('',(2.50196578771,-1.572024820357,
    -1.979997741658));
#2106 = CARTESIAN_POINT('',(1.404712232421,-3.144079459098,
    -2.060002598688));
#2107 = CARTESIAN_POINT('',(-0.792336185266,-3.849962715751,
    -2.139983381484));
#2108 = CARTESIAN_POINT('',(-3.301193998931,-2.860646877006,
    -2.220012114725));
#2109 = CARTESIAN_POINT('',(-4.63024756415,-7.604726479649E-06,
    -2.299997570807));
#2110 = CARTESIAN_POINT('',(-3.301136398199,2.860658775264,
    -2.37998302753));
#2111 = CARTESIAN_POINT('',(-0.792390999633,3.849958363354,
    -2.46001176035));
#2112 = CARTESIAN_POINT('',(1.404731735357,3.144080036799,
    -2.539992543312));
#2113 = CARTESIAN_POINT('',(2.501966603148,1.57202456789,-2.619997400314
    ));
#2114 = CARTESIAN_POINT('',(2.501966011628,-1.211839716146E-07,
    -2.69999766815));
#2115 = ADVANCED_FACE('',(#2116),#2146,.T.);
#2116 = FACE_BOUND('',#2117,.T.);
#2117 = EDGE_LOOP('',(#2118,#2134,#2135,#2136));
#2118 = ORIENTED_EDGE('',*,*,#2119,.F.);
#2119 = EDGE_CURVE('',#1706,#2120,#2122,.T.);
#2120 = VERTEX_POINT('',#2121);
#2121 = CARTESIAN_POINT('',(2.017013325775,1.009790341273E-06,
    -3.180019430659));
#2122 = B_SPLINE_CURVE_WITH_KNOTS('',10,(#2123,#2124,#2125,#2126,#2127,
    #2128,#2129,#2130,#2131,#2132,#2133),.UNSPECIFIED.,.F.,.F.,(11,11),(
    0.,6.333910135482),.PIECEWISE_BEZIER_KNOTS.);
#2123 = CARTESIAN_POINT('',(2.017015494786,1.093936820713E-06,
    -2.380021049828));
#2124 = CARTESIAN_POINT('',(2.017013192515,-1.267385067296,
    -2.460018818198));
#2125 = CARTESIAN_POINT('',(1.132347915755,-2.534154873045,
    -2.539978349324));
#2126 = CARTESIAN_POINT('',(-0.638422748495,-3.104902381278,
    -2.620138467088));
#2127 = CARTESIAN_POINT('',(-2.661894910964,-2.305035723135,
    -2.699899062911));
#2128 = CARTESIAN_POINT('',(-3.732233429427,-4.741368282613E-05,
    -2.780020239211));
#2129 = CARTESIAN_POINT('',(-2.661564894754,2.305100032365,
    -2.860141419223));
#2130 = CARTESIAN_POINT('',(-0.638746172645,3.104876004412,
    -2.939902012611));
#2131 = CARTESIAN_POINT('',(1.132456551866,2.534160227556,
    -3.020062131343));
#2132 = CARTESIAN_POINT('',(2.017015680897,1.267387171023,
    -3.100021662298));
#2133 = CARTESIAN_POINT('',(2.017013325775,1.009790328422E-06,
    -3.180019430659));
#2134 = ORIENTED_EDGE('',*,*,#1723,.T.);
#2135 = ORIENTED_EDGE('',*,*,#2069,.T.);
#2136 = ORIENTED_EDGE('',*,*,#2137,.F.);
#2137 = EDGE_CURVE('',#2120,#2070,#2138,.T.);
#2138 = ( BOUNDED_CURVE() B_SPLINE_CURVE(6,(#2139,#2140,#2141,#2142,
#2143,#2144,#2145),.UNSPECIFIED.,.F.,.F.) B_SPLINE_CURVE_WITH_KNOTS((7,7
),(0.,2.094395102393),.PIECEWISE_BEZIER_KNOTS.) CURVE() 
GEOMETRIC_REPRESENTATION_ITEM() RATIONAL_B_SPLINE_CURVE((1.056590953773,
    1.017435169568,0.996326512422,0.989390034249,0.996326512422,
1.017435169568,1.056590953773)) REPRESENTATION_ITEM('') );
#2139 = CARTESIAN_POINT('',(2.017013325775,1.009790329187E-06,
    -3.180019430659));
#2140 = CARTESIAN_POINT('',(1.98076334888,1.094327205908E-06,
    -3.159092665619));
#2141 = CARTESIAN_POINT('',(1.955216958865,1.153901694861E-06,
    -3.123671830954));
#2142 = CARTESIAN_POINT('',(1.945982047036,1.175436048995E-06,
    -3.080022618054));
#2143 = CARTESIAN_POINT('',(1.955213041351,1.153906377394E-06,
    -3.036372576505));
#2144 = CARTESIAN_POINT('',(1.980756252276,1.0943356899E-06,
    -3.000949449218));
#2145 = CARTESIAN_POINT('',(2.017004350868,1.009801054386E-06,
    -2.980019430861));
#2146 = ( BOUNDED_SURFACE() B_SPLINE_SURFACE(6,11,(
    (#2147,#2148,#2149,#2150,#2151,#2152,#2153,#2154,#2155,#2156,#2157
      ,#2158)
    ,(#2159,#2160,#2161,#2162,#2163,#2164,#2165,#2166,#2167,#2168,#2169
      ,#2170)
    ,(#2171,#2172,#2173,#2174,#2175,#2176,#2177,#2178,#2179,#2180,#2181
      ,#2182)
    ,(#2183,#2184,#2185,#2186,#2187,#2188,#2189,#2190,#2191,#2192,#2193
      ,#2194)
    ,(#2195,#2196,#2197,#2198,#2199,#2200,#2201,#2202,#2203,#2204,#2205
      ,#2206)
    ,(#2207,#2208,#2209,#2210,#2211,#2212,#2213,#2214,#2215,#2216,#2217
      ,#2218)
    ,(#2219,#2220,#2221,#2222,#2223,#2224,#2225,#2226,#2227,#2228,#2229
,#2230
    )),.UNSPECIFIED.,.F.,.F.,.F.) B_SPLINE_SURFACE_WITH_KNOTS((7,7),(12,
    12),(0.,2.094395102393),(0.,6.333910135482),
.PIECEWISE_BEZIER_KNOTS.) GEOMETRIC_REPRESENTATION_ITEM() 
RATIONAL_B_SPLINE_SURFACE((
    (1.056590953773,1.056590953773,1.056590953773,1.056590953773
      ,1.056590953773,1.056590953774,1.056590953772,1.056590953774
      ,1.056590953773,1.056590953773,1.056590953773,1.056590953773)
    ,(1.017435169568,1.017435169568,1.017435169568,1.017435169568
      ,1.017435169568,1.017435169569,1.017435169568,1.017435169569
      ,1.017435169568,1.017435169568,1.017435169568,1.017435169568)
    ,(0.996326512422,0.996326512422,0.996326512422,0.996326512422
      ,0.996326512422,0.996326512423,0.996326512421,0.996326512423
      ,0.996326512422,0.996326512422,0.996326512422,0.996326512422)
    ,(0.989390034249,0.989390034249,0.989390034248,0.989390034249
      ,0.989390034248,0.98939003425,0.989390034247,0.989390034249
      ,0.989390034248,0.989390034249,0.989390034249,0.989390034249)
    ,(0.996326512422,0.996326512422,0.996326512422,0.996326512422
      ,0.996326512422,0.996326512423,0.996326512421,0.996326512423
      ,0.996326512422,0.996326512422,0.996326512422,0.996326512422)
    ,(1.017435169568,1.017435169568,1.017435169568,1.017435169568
      ,1.017435169568,1.017435169569,1.017435169567,1.017435169569
      ,1.017435169568,1.017435169568,1.017435169568,1.017435169568)
    ,(1.056590953773,1.056590953773,1.056590953773,1.056590953773
      ,1.056590953773,1.056590953774,1.056590953772,1.056590953774
      ,1.056590953773,1.056590953773,1.056590953773,1.056590953773
))) REPRESENTATION_ITEM('') SURFACE() );
#2147 = CARTESIAN_POINT('',(2.017015494786,1.093936818963E-06,
    -2.380021049828));
#2148 = CARTESIAN_POINT('',(2.017013401812,-1.152168143547,
    -2.452746293801));
#2149 = CARTESIAN_POINT('',(1.293196147893,-2.303833090182,
    -2.525440252756));
#2150 = CARTESIAN_POINT('',(-0.155360632791,-2.95241843111,
    -2.59837810379));
#2151 = CARTESIAN_POINT('',(-1.926576594743,-2.583425228647,
    -2.670496510953));
#2152 = CARTESIAN_POINT('',(-3.244841380215,-1.0700391894,-2.74431348509
    ));
#2153 = CARTESIAN_POINT('',(-3.246440454487,1.070016696852,
    -2.81572699502));
#2154 = CARTESIAN_POINT('',(-1.925504707492,2.583456561112,
    -2.889543970296));
#2155 = CARTESIAN_POINT('',(-0.15581554596,2.952400708258,
    -2.961662376173));
#2156 = CARTESIAN_POINT('',(1.293285484416,2.303837853641,-3.03460022788
    ));
#2157 = CARTESIAN_POINT('',(2.017015466795,1.152170247275,
    -3.107294186694));
#2158 = CARTESIAN_POINT('',(2.017013325775,1.009790329187E-06,
    -3.180019430659));
#2159 = CARTESIAN_POINT('',(1.980765439634,1.185518533897E-06,
    -2.359094420346));
#2160 = CARTESIAN_POINT('',(1.980763497012,-1.131466553606,
    -2.431819494469));
#2161 = CARTESIAN_POINT('',(1.269952223395,-2.262390641794,
    -2.504510664351));
#2162 = CARTESIAN_POINT('',(-0.152560281966,-2.899480876574,
    -2.577466145266));
#2163 = CARTESIAN_POINT('',(-1.891960449417,-2.536739830264,
    -2.649533577477));
#2164 = CARTESIAN_POINT('',(-3.186529617967,-1.051171956754,
    -2.723441782647));
#2165 = CARTESIAN_POINT('',(-3.188071129999,1.051149870122,
    -2.794745302954));
#2166 = CARTESIAN_POINT('',(-1.890927559633,2.536769791753,
    -2.868653509222));
#2167 = CARTESIAN_POINT('',(-0.152999150241,2.899463773625,
    -2.940720940193));
#2168 = CARTESIAN_POINT('',(1.270038048604,2.262395395001,
    -3.013676421757));
#2169 = CARTESIAN_POINT('',(1.98076534357,1.131468833452,-3.086367591503
    ));
#2170 = CARTESIAN_POINT('',(1.98076334888,1.094327205908E-06,
    -3.159092665619));
#2171 = CARTESIAN_POINT('',(1.955218917162,1.250057724889E-06,
    -2.323673681213));
#2172 = CARTESIAN_POINT('',(1.955217177361,-1.116877532149,
    -2.396398635638));
#2173 = CARTESIAN_POINT('',(1.253573178664,-2.233184986053,
    -2.469087839976));
#2174 = CARTESIAN_POINT('',(-0.150594844362,-2.862173906457,
    -2.5420557452));
#2175 = CARTESIAN_POINT('',(-1.867546279653,-2.503839846219,
    -2.614087253834));
#2176 = CARTESIAN_POINT('',(-3.145464075637,-1.037875320519,
    -2.688059752228));
#2177 = CARTESIAN_POINT('',(-3.146908066561,1.037854200959,
    -2.759285759599));
#2178 = CARTESIAN_POINT('',(-1.866579173386,2.503867653227,
    -2.833258259021));
#2179 = CARTESIAN_POINT('',(-0.151006300771,2.862157866243,
    -2.905289766495));
#2180 = CARTESIAN_POINT('',(1.253653259489,2.233189610336,
    -2.978257672327));
#2181 = CARTESIAN_POINT('',(1.955218753569,1.116879936109,
    -3.050946876537));
#2182 = CARTESIAN_POINT('',(1.955216958865,1.153901694861E-06,
    -3.123671830954));
#2183 = CARTESIAN_POINT('',(1.945983842105,1.273386803224E-06,
    -2.280024502848));
#2184 = CARTESIAN_POINT('',(1.945982320146,-1.111603629727,
    -2.352749414001));
#2185 = CARTESIAN_POINT('',(1.247654625707,-2.222627290012,
    -2.425437907795));
#2186 = CARTESIAN_POINT('',(-0.149896356687,-2.848687043588,
    -2.498410304401));
#2187 = CARTESIAN_POINT('',(-1.858692032778,-2.491947453502,
    -2.570428826698));
#2188 = CARTESIAN_POINT('',(-3.13066145238,-1.03306810476,
    -2.644424566996));
#2189 = CARTESIAN_POINT('',(-3.131985211347,1.033048350874,
    -2.715622553594));
#2190 = CARTESIAN_POINT('',(-1.857805852636,2.491972708684,
    -2.789618294833));
#2191 = CARTESIAN_POINT('',(-0.150273875493,2.84867232136,
    -2.861636816068));
#2192 = CARTESIAN_POINT('',(1.247727751265,2.222631686113,
    -2.934609213231));
#2193 = CARTESIAN_POINT('',(1.945983624924,1.111606078551,
    -3.007297706907));
#2194 = CARTESIAN_POINT('',(1.945982047036,1.175436048995E-06,
    -3.080022618054));
#2195 = CARTESIAN_POINT('',(1.955214673189,1.25006319901E-06,
    -2.236374426779));
#2196 = CARTESIAN_POINT('',(1.955213342433,-1.116875201731,
    -2.309099381184));
#2197 = CARTESIAN_POINT('',(1.253577465899,-2.233180577736,
    -2.381788585198));
#2198 = CARTESIAN_POINT('',(-0.150628531665,-2.862166625722,
    -2.454756492457));
#2199 = CARTESIAN_POINT('',(-1.867461515881,-2.503837099703,
    -2.526787995255));
#2200 = CARTESIAN_POINT('',(-3.14557776461,-1.037871758733,
    -2.600760504006));
#2201 = CARTESIAN_POINT('',(-3.146781242545,1.037853514938,
    -2.671986498995));
#2202 = CARTESIAN_POINT('',(-1.866656147919,2.503859888636,-2.7459590086
    ));
#2203 = CARTESIAN_POINT('',(-0.150971981179,2.862153228456,
    -2.817990510433));
#2204 = CARTESIAN_POINT('',(1.253643738621,2.233184688118,
    -2.890958418199));
#2205 = CARTESIAN_POINT('',(1.955214427012,1.116877605701,
    -2.963647622105));
#2206 = CARTESIAN_POINT('',(1.955213041351,1.153906377394E-06,
    -3.036372576505));
#2207 = CARTESIAN_POINT('',(1.980757751648,1.185528450465E-06,
    -2.200951203973));
#2208 = CARTESIAN_POINT('',(1.980756550013,-1.131462332037,
    -2.27367627806));
#2209 = CARTESIAN_POINT('',(1.26995998975,-2.262382656097,
    -2.346367447355));
#2210 = CARTESIAN_POINT('',(-0.152621306753,-2.899467687471,
    -2.419322931957));
#2211 = CARTESIAN_POINT('',(-1.891806899243,-2.53673485493,
    -2.491390353596));
#2212 = CARTESIAN_POINT('',(-3.186735566345,-1.051165504554,
    -2.565298577527));
#2213 = CARTESIAN_POINT('',(-3.187841387398,1.051148627391,
    -2.636602075404));
#2214 = CARTESIAN_POINT('',(-1.891066999544,2.536755726143,
    -2.71051030012));
#2215 = CARTESIAN_POINT('',(-0.152936980057,2.899455372241,
    -2.782577720873));
#2216 = CARTESIAN_POINT('',(1.270020801485,2.262386478369,-2.85553320594
    ));
#2217 = CARTESIAN_POINT('',(1.980757505981,1.131464611901,
    -2.928224375136));
#2218 = CARTESIAN_POINT('',(1.980756252276,1.0943356899E-06,
    -3.000949449218));
#2219 = CARTESIAN_POINT('',(2.01700577197,1.093949364039E-06,
    -2.180021050064));
#2220 = CARTESIAN_POINT('',(2.017004616105,-1.152162804629,
    -2.252746293991));
#2221 = CARTESIAN_POINT('',(1.293205969821,-2.30382299086,
    -2.325440252204));
#2222 = CARTESIAN_POINT('',(-0.155437809402,-2.952401751163,
    -2.3983781079));
#2223 = CARTESIAN_POINT('',(-1.926382403453,-2.583418936457,
    -2.470496501694));
#2224 = CARTESIAN_POINT('',(-3.24510183828,-1.070031029456,
    -2.544313499557));
#2225 = CARTESIAN_POINT('',(-3.246149904428,1.070015125201,
    -2.615726981121));
#2226 = CARTESIAN_POINT('',(-1.925681053865,2.583438772666,
    -2.689543979728));
#2227 = CARTESIAN_POINT('',(-0.155736920793,2.952390083227,
    -2.761662372681));
#2228 = CARTESIAN_POINT('',(1.29326367239,2.303826576987,-2.834600228819
    ));
#2229 = CARTESIAN_POINT('',(2.01700555478,1.152164908379,-2.907294186938
    ));
#2230 = CARTESIAN_POINT('',(2.017004350868,1.009801054386E-06,
    -2.980019430861));
#2231 = ADVANCED_FACE('',(#2232),#2242,.T.);
#2232 = FACE_BOUND('',#2233,.T.);
#2233 = EDGE_LOOP('',(#2234,#2235,#2236,#2237));
#2234 = ORIENTED_EDGE('',*,*,#1855,.F.);
#2235 = ORIENTED_EDGE('',*,*,#1824,.T.);
#2236 = ORIENTED_EDGE('',*,*,#2119,.T.);
#2237 = ORIENTED_EDGE('',*,*,#2238,.F.);
#2238 = EDGE_CURVE('',#1856,#2120,#2239,.T.);
#2239 = B_SPLINE_CURVE_WITH_KNOTS('',1,(#2240,#2241),.UNSPECIFIED.,.F.,
  .F.,(2,2),(0.,0.56),.PIECEWISE_BEZIER_KNOTS.);
#2240 = CARTESIAN_POINT('',(2.502000116274,-1.21224726548E-07,
    -3.459997667385));
#2241 = CARTESIAN_POINT('',(2.017013325775,1.009790328422E-06,
    -3.180019430659));
#2242 = B_SPLINE_SURFACE_WITH_KNOTS('',1,10,(
    (#2243,#2244,#2245,#2246,#2247,#2248,#2249,#2250,#2251,#2252,#2253)
    ,(#2254,#2255,#2256,#2257,#2258,#2259,#2260,#2261,#2262,#2263,#2264
    )),.UNSPECIFIED.,.F.,.F.,.F.,(2,2),(11,11),(0.,0.56),(0.,
    6.333910135482),.PIECEWISE_BEZIER_KNOTS.);
#2243 = CARTESIAN_POINT('',(2.502003332272,-1.313307465068E-07,
    -2.659997472922));
#2244 = CARTESIAN_POINT('',(2.501998817293,-1.572047137032,
    -2.739997740951));
#2245 = CARTESIAN_POINT('',(1.404659275119,-3.144121405579,
    -2.82000260141));
#2246 = CARTESIAN_POINT('',(-0.792137676933,-3.850034140496,
    -2.899983370434));
#2247 = CARTESIAN_POINT('',(-3.301458630482,-2.860643627459,
    -2.980012124921));
#2248 = CARTESIAN_POINT('',(-4.630313349155,-6.717855361504E-05,
    -3.059997568615));
#2249 = CARTESIAN_POINT('',(-3.300965451708,2.860743424775,
    -3.139983017842));
#2250 = CARTESIAN_POINT('',(-0.792612038482,3.849996100637,
    -3.220011768701));
#2251 = CARTESIAN_POINT('',(1.40482459082,3.14412745135,-3.29999253916)
  );
#2252 = CARTESIAN_POINT('',(2.502004624905,1.572046884477,
    -3.379997399373));
#2253 = CARTESIAN_POINT('',(2.502000116274,-1.21224726548E-07,
    -3.459997667385));
#2254 = CARTESIAN_POINT('',(2.017015494786,1.093936820713E-06,
    -2.380021049828));
#2255 = CARTESIAN_POINT('',(2.017013192515,-1.267385067296,
    -2.460018818198));
#2256 = CARTESIAN_POINT('',(1.132347915755,-2.534154873045,
    -2.539978349324));
#2257 = CARTESIAN_POINT('',(-0.638422748495,-3.104902381278,
    -2.620138467088));
#2258 = CARTESIAN_POINT('',(-2.661894910964,-2.305035723135,
    -2.699899062911));
#2259 = CARTESIAN_POINT('',(-3.732233429427,-4.741368282613E-05,
    -2.780020239211));
#2260 = CARTESIAN_POINT('',(-2.661564894754,2.305100032365,
    -2.860141419223));
#2261 = CARTESIAN_POINT('',(-0.638746172645,3.104876004412,
    -2.939902012611));
#2262 = CARTESIAN_POINT('',(1.132456551866,2.534160227556,
    -3.020062131343));
#2263 = CARTESIAN_POINT('',(2.017015680897,1.267387171023,
    -3.100021662298));
#2264 = CARTESIAN_POINT('',(2.017013325775,1.009790328422E-06,
    -3.180019430659));
#2265 = ADVANCED_FACE('',(#2266),#2469,.T.);
#2266 = FACE_BOUND('',#2267,.F.);
#2267 = EDGE_LOOP('',(#2268,#2360,#2361,#2463));
#2268 = ORIENTED_EDGE('',*,*,#2269,.F.);
#2269 = EDGE_CURVE('',#1856,#2270,#2272,.T.);
#2270 = VERTEX_POINT('',#2271);
#2271 = CARTESIAN_POINT('',(2.45,1.76987650781E-11,-4.229980289253));
#2272 = B_SPLINE_CURVE_WITH_KNOTS('',6,(#2273,#2274,#2275,#2276,#2277,
    #2278,#2279,#2280,#2281,#2282,#2283,#2284,#2285,#2286,#2287,#2288,
    #2289,#2290,#2291,#2292,#2293,#2294,#2295,#2296,#2297,#2298,#2299,
    #2300,#2301,#2302,#2303,#2304,#2305,#2306,#2307,#2308,#2309,#2310,
    #2311,#2312,#2313,#2314,#2315,#2316,#2317,#2318,#2319,#2320,#2321,
    #2322,#2323,#2324,#2325,#2326,#2327,#2328,#2329,#2330,#2331,#2332,
    #2333,#2334,#2335,#2336,#2337,#2338,#2339,#2340,#2341,#2342,#2343,
    #2344,#2345,#2346,#2347,#2348,#2349,#2350,#2351,#2352,#2353,#2354,
    #2355,#2356,#2357,#2358,#2359),.UNSPECIFIED.,.F.,.F.,(7,5,5,5,5,5,5,
    5,5,5,5,5,5,5,5,5,5,7),(0.,1.877063445848E-02,5.677060508762E-02,
    0.12577173111,0.229623341881,0.245623783803,0.266135618591,
    0.324138089484,0.376142445567,0.403033249323,0.49772438175,
    0.597538847444,0.7079297784,0.738845256409,0.808847186862,
    0.870405175731,0.968567814338,1.),.UNSPECIFIED.);
#2273 = CARTESIAN_POINT('',(2.45,4.232614259081E-11,-3.429978497484));
#2274 = CARTESIAN_POINT('',(2.45,-4.815639925329E-02,-3.432481214359));
#2275 = CARTESIAN_POINT('',(2.448864143542,-9.631281478321E-02,
    -3.434983836233));
#2276 = CARTESIAN_POINT('',(2.446592432584,-0.144435693746,
    -3.437486422103));
#2277 = CARTESIAN_POINT('',(2.443186185671,-0.19249156138,
    -3.439989022387));
#2278 = CARTESIAN_POINT('',(2.438648037929,-0.240447020965,
    -3.442491678929));
#2279 = CARTESIAN_POINT('',(2.42151128382,-0.385080848683,
    -3.450061077217));
#2280 = CARTESIAN_POINT('',(2.405417751944,-0.481345716273,
    -3.455128115822));
#2281 = CARTESIAN_POINT('',(2.384734384749,-0.576785798077,
    -3.46019578504));
#2282 = CARTESIAN_POINT('',(2.359515701268,-0.671128767233,
    -3.465264172916));
#2283 = CARTESIAN_POINT('',(2.32983770025,-0.764107528526,
    -3.470333211312));
#2284 = CARTESIAN_POINT('',(2.233987620418,-1.021340306213,
    -3.484607913672));
#2285 = CARTESIAN_POINT('',(2.157790777594,-1.181871973429,
    -3.493815219621));
#2286 = CARTESIAN_POINT('',(2.067793559491,-1.335471647415,
    -3.503022232437));
#2287 = CARTESIAN_POINT('',(1.964805967538,-1.480682640617,
    -3.512227516143));
#2288 = CARTESIAN_POINT('',(1.849822383524,-1.616166715476,
    -3.52143062388));
#2289 = CARTESIAN_POINT('',(1.534742364273,-1.928225421523,
    -3.544475981826));
#2290 = CARTESIAN_POINT('',(1.320908428919,-2.091072263323,
    -3.558319489902));
#2291 = CARTESIAN_POINT('',(1.086689141362,-2.225115572708,
    -3.57215003507));
#2292 = CARTESIAN_POINT('',(0.836968536258,-2.327415867282,
    -3.585978156694));
#2293 = CARTESIAN_POINT('',(0.577066430084,-2.39593008807,
    -3.599814948539));
#2294 = CARTESIAN_POINT('',(0.27210038413,-2.435189199285,
    -3.615784349445));
#2295 = CARTESIAN_POINT('',(0.231281560059,-2.439611773699,
    -3.617916413604));
#2296 = CARTESIAN_POINT('',(0.190377963691,-2.443213119138,
    -3.620048608401));
#2297 = CARTESIAN_POINT('',(0.149410242508,-2.445991279594,
    -3.622180939195));
#2298 = CARTESIAN_POINT('',(0.108399097639,-2.447944991918,
    -3.624313409508));
#2299 = CARTESIAN_POINT('',(1.47618112136E-02,-2.450520619763,
    -3.629179931454));
#2300 = CARTESIAN_POINT('',(-3.787896562581E-02,-2.450611713868,
    -3.631914074744));
#2301 = CARTESIAN_POINT('',(-9.051329387361E-02,-2.449345768173,
    -3.634648454281));
#2302 = CARTESIAN_POINT('',(-0.143097483873,-2.446723459638,
    -3.637383068439));
#2303 = CARTESIAN_POINT('',(-0.195587909096,-2.442747342131,
    -3.640117910582));
#2304 = CARTESIAN_POINT('',(-0.395982808299,-2.422362642205,
    -3.650587048009));
#2305 = CARTESIAN_POINT('',(-0.542931517341,-2.396512644974,
    -3.658323112501));
#2306 = CARTESIAN_POINT('',(-0.687794367808,-2.359973460912,
    -3.666060413549));
#2307 = CARTESIAN_POINT('',(-0.829605871646,-2.312963851936,
    -3.673798726451));
#2308 = CARTESIAN_POINT('',(-0.967434113868,-2.255817938815,
    -3.681537733701));
#2309 = CARTESIAN_POINT('',(-1.219591137831,-2.129060320306,
    -3.696214815221));
#2310 = CARTESIAN_POINT('',(-1.334881869616,-2.06134605758,
    -3.703153291374));
#2311 = CARTESIAN_POINT('',(-1.445617841182,-1.986163351815,
    -3.710091157771));
#2312 = CARTESIAN_POINT('',(-1.551200313031,-1.903899920241,
    -3.717028289248));
#2313 = CARTESIAN_POINT('',(-1.651076226302,-1.815006289904,
    -3.72396468472));
#2314 = CARTESIAN_POINT('',(-1.793174220531,-1.670863762779,
    -3.734486222408));
#2315 = CARTESIAN_POINT('',(-1.839947177731,-1.620097225992,
    -3.738072166892));
#2316 = CARTESIAN_POINT('',(-1.884990760846,-1.567764361988,
    -3.741657870238));
#2317 = CARTESIAN_POINT('',(-1.928239903327,-1.513939067948,
    -3.745243340002));
#2318 = CARTESIAN_POINT('',(-1.969633803351,-1.458698791854,
    -3.748828592342));
#2319 = CARTESIAN_POINT('',(-2.148145115089,-1.202908446072,
    -3.765037795349));
#2320 = CARTESIAN_POINT('',(-2.263501563825,-0.987104254261,
    -3.777662414261));
#2321 = CARTESIAN_POINT('',(-2.352633442209,-0.758328445861,
    -3.790282383568));
#2322 = CARTESIAN_POINT('',(-2.413881410667,-0.520565871079,
    -3.802903342224));
#2323 = CARTESIAN_POINT('',(-2.446266438654,-0.278019964265,
    -3.815529926202));
#2324 = CARTESIAN_POINT('',(-2.45341861373,0.220931011254,
    -3.841464748426));
#2325 = CARTESIAN_POINT('',(-2.424975345798,0.477510362652,
    -3.854779740022));
#2326 = CARTESIAN_POINT('',(-2.364312651769,0.729423357521,
    -3.868092637519));
#2327 = CARTESIAN_POINT('',(-2.272502604023,0.971728119833,
    -3.881405695314));
#2328 = CARTESIAN_POINT('',(-2.151442969338,1.199736773662,
    -3.894720438009));
#2329 = CARTESIAN_POINT('',(-1.841250995476,1.640884842706,
    -3.922745798783));
#2330 = CARTESIAN_POINT('',(-1.64614481488,1.850058823044,
    -3.937465375037));
#2331 = CARTESIAN_POINT('',(-1.422862390788,2.030903541417,
    -3.952172379816));
#2332 = CARTESIAN_POINT('',(-1.176636221075,2.178999049527,
    -3.966875375381));
#2333 = CARTESIAN_POINT('',(-0.913407269713,2.290937570808,
    -3.981587268188));
#2334 = CARTESIAN_POINT('',(-0.563472095282,2.385642458012,
    -4.000417629321));
#2335 = CARTESIAN_POINT('',(-0.486107047228,2.40338814993,
    -4.004537773874));
#2336 = CARTESIAN_POINT('',(-0.408081919448,2.418120489062,
    -4.008658365183));
#2337 = CARTESIAN_POINT('',(-0.329543329707,2.429809829783,
    -4.012779452865));
#2338 = CARTESIAN_POINT('',(-0.250639506418,2.438436080786,-4.016901066)
  );
#2339 = CARTESIAN_POINT('',(7.629390950011E-03,2.456561514727,
    -4.030356992668));
#2340 = CARTESIAN_POINT('',(0.187897107903,2.453376682985,
    -4.039694160729));
#2341 = CARTESIAN_POINT('',(0.367523162432,2.434306861531,
    -4.049033429462));
#2342 = CARTESIAN_POINT('',(0.544773010717,2.399496844173,
    -4.058374971026));
#2343 = CARTESIAN_POINT('',(0.717946587473,2.349320248843,
    -4.067718145958));
#2344 = CARTESIAN_POINT('',(1.032654551116,2.227345015492,
    -4.085275481836));
#2345 = CARTESIAN_POINT('',(1.17550014088,2.158878427501,-4.093490703632
    ));
#2346 = CARTESIAN_POINT('',(1.31282333804,2.079450848379,-4.101704299508
    ));
#2347 = CARTESIAN_POINT('',(1.443584294872,1.989628454034,
    -4.109915809058));
#2348 = CARTESIAN_POINT('',(1.566824515934,1.890106472092,
    -4.118125176464));
#2349 = CARTESIAN_POINT('',(1.864818699258,1.608842512613,
    -4.139418883611));
#2350 = CARTESIAN_POINT('',(2.026688356903,1.413344156753,
    -4.152503520644));
#2351 = CARTESIAN_POINT('',(2.163669916984,1.198580925307,-4.16557925342
    ));
#2352 = CARTESIAN_POINT('',(2.27308505838,0.968549619584,-4.178655888486
    ));
#2353 = CARTESIAN_POINT('',(2.352968966799,0.727638848866,
    -4.191744085666));
#2354 = CARTESIAN_POINT('',(2.418201618057,0.401626196495,
    -4.209023404758));
#2355 = CARTESIAN_POINT('',(2.430900259464,0.3219291853,-4.213214748215)
  );
#2356 = CARTESIAN_POINT('',(2.440444925238,0.241761688695,
    -4.217406339001));
#2357 = CARTESIAN_POINT('',(2.446814957311,0.161279544456,
    -4.221597978107));
#2358 = CARTESIAN_POINT('',(2.449999999999,8.063965753003E-02,
    -4.225789403326));
#2359 = CARTESIAN_POINT('',(2.45,3.538458415164E-11,-4.229980289253));
#2360 = ORIENTED_EDGE('',*,*,#2055,.T.);
#2361 = ORIENTED_EDGE('',*,*,#2362,.T.);
#2362 = EDGE_CURVE('',#1954,#2363,#2365,.T.);
#2363 = VERTEX_POINT('',#2364);
#2364 = CARTESIAN_POINT('',(2.45,2.25700646322E-12,-4.330002806887));
#2365 = B_SPLINE_CURVE_WITH_KNOTS('',6,(#2366,#2367,#2368,#2369,#2370,
    #2371,#2372,#2373,#2374,#2375,#2376,#2377,#2378,#2379,#2380,#2381,
    #2382,#2383,#2384,#2385,#2386,#2387,#2388,#2389,#2390,#2391,#2392,
    #2393,#2394,#2395,#2396,#2397,#2398,#2399,#2400,#2401,#2402,#2403,
    #2404,#2405,#2406,#2407,#2408,#2409,#2410,#2411,#2412,#2413,#2414,
    #2415,#2416,#2417,#2418,#2419,#2420,#2421,#2422,#2423,#2424,#2425,
    #2426,#2427,#2428,#2429,#2430,#2431,#2432,#2433,#2434,#2435,#2436,
    #2437,#2438,#2439,#2440,#2441,#2442,#2443,#2444,#2445,#2446,#2447,
    #2448,#2449,#2450,#2451,#2452,#2453,#2454,#2455,#2456,#2457,#2458,
    #2459,#2460,#2461,#2462),.UNSPECIFIED.,.F.,.F.,(7,5,5,5,5,5,5,5,5,5,
    5,5,5,5,5,5,5,5,5,7),(0.,2.581046517942E-02,4.564545386777E-02,
    0.127642765319,0.179777615814,0.262776689075,0.298651375508,
    0.35465352445,0.402027716198,0.491797191833,0.598381669738,
    0.621265252164,0.672268519185,0.737269518415,0.783001753496,
    0.837004126292,0.872396304207,0.942261279278,0.973260491503,1.),
  .UNSPECIFIED.);
#2366 = CARTESIAN_POINT('',(2.45,5.536904268411E-12,-3.530003087592));
#2367 = CARTESIAN_POINT('',(2.45,-6.621861875705E-02,-3.533444384108));
#2368 = CARTESIAN_POINT('',(2.447852283987,-0.132437343557,
    -3.536885944226));
#2369 = CARTESIAN_POINT('',(2.443556868953,-0.198568797045,
    -3.540327622001));
#2370 = CARTESIAN_POINT('',(2.437118465889,-0.264526013527,
    -3.543769292665));
#2371 = CARTESIAN_POINT('',(2.428546479779,-0.330222438955,
    -3.547210852624));
#2372 = CARTESIAN_POINT('',(2.409638761326,-0.445792119733,
    -3.553296862707));
#2373 = CARTESIAN_POINT('',(2.400170790097,-0.495807521799,
    -3.55594139592));
#2374 = CARTESIAN_POINT('',(2.389457493147,-0.545579072492,
    -3.558585785549));
#2375 = CARTESIAN_POINT('',(2.377506865349,-0.595068079757,
    -3.561230010276));
#2376 = CARTESIAN_POINT('',(2.36432849922,-0.644236224128,
    -3.563874061021));
#2377 = CARTESIAN_POINT('',(2.290425395137,-0.894822039343,
    -3.577447669652));
#2378 = CARTESIAN_POINT('',(2.210118842607,-1.090493065535,
    -3.588375888329));
#2379 = CARTESIAN_POINT('',(2.109811177343,-1.277320178018,
    -3.599299629366));
#2380 = CARTESIAN_POINT('',(1.990768025255,-1.452805839675,
    -3.61022422642));
#2381 = CARTESIAN_POINT('',(1.854615448943,-1.614669528483,
    -3.621153891153));
#2382 = CARTESIAN_POINT('',(1.60727380948,-1.853931427714,
    -3.639036927848));
#2383 = CARTESIAN_POINT('',(1.505041652218,-1.94063192331,
    -3.645989491179));
#2384 = CARTESIAN_POINT('',(1.397235105681,-2.020533011051,
    -3.652943641051));
#2385 = CARTESIAN_POINT('',(1.284422231273,-2.093194211245,
    -3.659899356395));
#2386 = CARTESIAN_POINT('',(1.167215683604,-2.158239616612,
    -3.666856387012));
#2387 = CARTESIAN_POINT('',(0.85372251346,-2.306296082324,
    -3.684890301612));
#2388 = CARTESIAN_POINT('',(0.651665399938,-2.377162012005,
    -3.695969765644));
#2389 = CARTESIAN_POINT('',(0.442770674998,-2.426684091887,
    -3.707047020915));
#2390 = CARTESIAN_POINT('',(0.229847628459,-2.454126438533,
    -3.718121143882));
#2391 = CARTESIAN_POINT('',(1.578428537669E-02,-2.459185674939,
    -3.729192887598));
#2392 = CARTESIAN_POINT('',(-0.288212176627,-2.434728918381,
    -3.745042601586));
#2393 = CARTESIAN_POINT('',(-0.379622587573,-2.423212296268,
    -3.749825150912));
#2394 = CARTESIAN_POINT('',(-0.470466603881,-2.407578715416,
    -3.754607021202));
#2395 = CARTESIAN_POINT('',(-0.560513299728,-2.387864329961,
    -3.759388271687));
#2396 = CARTESIAN_POINT('',(-0.649535113473,-2.364122542965,
    -3.764168994073));
#2397 = CARTESIAN_POINT('',(-0.874325400173,-2.29318522936,
    -3.776411624638));
#2398 = CARTESIAN_POINT('',(-1.008303987866,-2.240302568513,
    -3.78387316547));
#2399 = CARTESIAN_POINT('',(-1.138387506301,-2.178046617227,
    -3.791333952112));
#2400 = CARTESIAN_POINT('',(-1.263763327209,-2.106783098148,
    -3.798794766402));
#2401 = CARTESIAN_POINT('',(-1.383667179919,-2.026970346929,
    -3.806256336066));
#2402 = CARTESIAN_POINT('',(-1.593588510656,-1.864872217922,
    -3.820031036759));
#2403 = CARTESIAN_POINT('',(-1.68536800326,-1.784859565177,
    -3.826344228334));
#2404 = CARTESIAN_POINT('',(-1.772297485622,-1.69945035882,
    -3.832658086295));
#2405 = CARTESIAN_POINT('',(-1.853984967005,-1.60901478992,
    -3.838972802498));
#2406 = CARTESIAN_POINT('',(-1.930077071724,-1.513960065698,
    -3.845288470603));
#2407 = CARTESIAN_POINT('',(-2.133251602811,-1.226695095739,
    -3.863573604579));
#2408 = CARTESIAN_POINT('',(-2.245055480059,-1.02362499255,
    -3.875547263137));
#2409 = CARTESIAN_POINT('',(-2.333487432473,-0.808578739467,
    -3.887520392663));
#2410 = CARTESIAN_POINT('',(-2.397070249439,-0.584922976159,
    -3.899493697414));
#2411 = CARTESIAN_POINT('',(-2.434882299252,-0.356216288715,
    -3.911468158597));
#2412 = CARTESIAN_POINT('',(-2.460833741308,0.146870909037,
    -3.937651386286));
#2413 = CARTESIAN_POINT('',(-2.438350012713,0.421941278338,
    -3.95186661945));
#2414 = CARTESIAN_POINT('',(-2.378922708795,0.692648401352,
    -3.966072592515));
#2415 = CARTESIAN_POINT('',(-2.28374257901,0.952947928221,
    -3.980276924794));
#2416 = CARTESIAN_POINT('',(-2.155047582987,1.197098566487,
    -3.994489261247));
#2417 = CARTESIAN_POINT('',(-1.962538624519,1.467783687629,
    -4.011750671941));
#2418 = CARTESIAN_POINT('',(-1.927136663871,1.514649143974,
    -4.01480179368));
#2419 = CARTESIAN_POINT('',(-1.890394121173,1.560486660627,
    -4.017853081684));
#2420 = CARTESIAN_POINT('',(-1.852348500234,1.605248515366,
    -4.020904544502));
#2421 = CARTESIAN_POINT('',(-1.813039541279,1.648888849776,
    -4.023956186664));
#2422 = CARTESIAN_POINT('',(-1.682174643446,1.786032175203,
    -4.033809954733));
#2423 = CARTESIAN_POINT('',(-1.585770824306,1.874912680622,
    -4.040612921979));
#2424 = CARTESIAN_POINT('',(-1.483765518126,1.957515400282,
    -4.047416637177));
#2425 = CARTESIAN_POINT('',(-1.376672553635,2.033405816432,
    -4.054221101542));
#2426 = CARTESIAN_POINT('',(-1.265049145973,2.102206693537,
    -4.061026197972));
#2427 = CARTESIAN_POINT('',(-1.002223204293,2.24184277327,
    -4.076504043104));
#2428 = CARTESIAN_POINT('',(-0.848554979527,2.308060237362,
    -4.085177444939));
#2429 = CARTESIAN_POINT('',(-0.689732311371,2.361588908789,
    -4.093849845016));
#2430 = CARTESIAN_POINT('',(-0.527065640225,2.401955279095,
    -4.102520871157));
#2431 = CARTESIAN_POINT('',(-0.361914203679,2.42885327944,
    -4.111190335947));
#2432 = CARTESIAN_POINT('',(-7.872944293392E-02,2.451543938629,
    -4.12595463871));
#2433 = CARTESIAN_POINT('',(3.876439334342E-02,2.454194090465,
    -4.13205115506));
#2434 = CARTESIAN_POINT('',(0.156312410189,2.450084479594,
    -4.138146360465));
#2435 = CARTESIAN_POINT('',(0.273429813895,2.439222745259,-4.144240384)
  );
#2436 = CARTESIAN_POINT('',(0.389634750757,2.421662847645,
    -4.150333477103));
#2437 = CARTESIAN_POINT('',(0.640028632869,2.36897839386,-4.163619756029
    ));
#2438 = CARTESIAN_POINT('',(0.773674688716,2.331250530589,
    -4.170812895325));
#2439 = CARTESIAN_POINT('',(0.904601124191,2.284487331167,
    -4.178005247679));
#2440 = CARTESIAN_POINT('',(1.032049685069,2.228940394831,
    -4.185197672919));
#2441 = CARTESIAN_POINT('',(1.15529531592,2.164945330804,-4.192391051835
    ));
#2442 = CARTESIAN_POINT('',(1.351218162343,2.045716122983,
    -4.204300643005));
#2443 = CARTESIAN_POINT('',(1.426686978012,1.995062045948,
    -4.209016309672));
#2444 = CARTESIAN_POINT('',(1.499864049872,1.94107530034,-4.213732667914
    ));
#2445 = CARTESIAN_POINT('',(1.570566776816,1.88388647104,-4.21844980961)
  );
#2446 = CARTESIAN_POINT('',(1.638622742873,1.82363933013,-4.22316776985)
  );
#2447 = CARTESIAN_POINT('',(1.83266874861,1.635834255551,-4.237201462213
    ));
#2448 = CARTESIAN_POINT('',(1.950532162811,1.499861900497,
    -4.246520151604));
#2449 = CARTESIAN_POINT('',(2.056196708998,1.353791253596,
    -4.255841037118));
#2450 = CARTESIAN_POINT('',(2.148616960585,1.199001796067,
    -4.265163616388));
#2451 = CARTESIAN_POINT('',(2.226939768869,1.036998871097,-4.27448629378
    ));
#2452 = CARTESIAN_POINT('',(2.318768885437,0.795069692479,
    -4.287942010423));
#2453 = CARTESIAN_POINT('',(2.344095056408,0.719616506328,
    -4.292077101089));
#2454 = CARTESIAN_POINT('',(2.366471290176,0.643205271343,
    -4.296211736522));
#2455 = CARTESIAN_POINT('',(2.385853328346,0.565980118371,
    -4.300345871149));
#2456 = CARTESIAN_POINT('',(2.402206354034,0.488087757068,
    -4.304479531412));
#2457 = CARTESIAN_POINT('',(2.426976220131,0.342041809403,
    -4.312178131925));
#2458 = CARTESIAN_POINT('',(2.436174878703,0.274020438356,
    -4.315743176046));
#2459 = CARTESIAN_POINT('',(2.443084718311,0.205709111505,-4.31930802341
    ));
#2460 = CARTESIAN_POINT('',(2.447694900972,0.137204052024,
    -4.322872793904));
#2461 = CARTESIAN_POINT('',(2.45,6.860195751445E-02,-4.326437652027));
#2462 = CARTESIAN_POINT('',(2.45,4.424904886946E-12,-4.330002806887));
#2463 = ORIENTED_EDGE('',*,*,#2464,.F.);
#2464 = EDGE_CURVE('',#2270,#2363,#2465,.T.);
#2465 = LINE('',#2466,#2467);
#2466 = CARTESIAN_POINT('',(2.45,0.,-0.2));
#2467 = VECTOR('',#2468,1.);
#2468 = DIRECTION('',(0.,0.,-1.));
#2469 = CYLINDRICAL_SURFACE('',#2470,2.45);
#2470 = AXIS2_PLACEMENT_3D('',#2471,#2472,#2473);
#2471 = CARTESIAN_POINT('',(0.,0.,-0.2));
#2472 = DIRECTION('',(-0.,-0.,-1.));
#2473 = DIRECTION('',(1.,0.,0.));
#2474 = ADVANCED_FACE('',(#2475),#2501,.T.);
#2475 = FACE_BOUND('',#2476,.T.);
#2476 = EDGE_LOOP('',(#2477,#2494,#2495,#2496));
#2477 = ORIENTED_EDGE('',*,*,#2478,.F.);
#2478 = EDGE_CURVE('',#2070,#2479,#2481,.T.);
#2479 = VERTEX_POINT('',#2480);
#2480 = CARTESIAN_POINT('',(2.017002929772,9.256525279943E-07,
    -3.780017811652));
#2481 = ( BOUNDED_CURVE() B_SPLINE_CURVE(11,(#2482,#2483,#2484,#2485,
    #2486,#2487,#2488,#2489,#2490,#2491,#2492,#2493),.UNSPECIFIED.,.F.,
.F.) B_SPLINE_CURVE_WITH_KNOTS((12,12),(0.,6.333910135482),
.PIECEWISE_BEZIER_KNOTS.) CURVE() GEOMETRIC_REPRESENTATION_ITEM() 
RATIONAL_B_SPLINE_CURVE((1.056590953773,1.056590953773,1.056590953773,
    1.056590953773,1.056590953773,1.056590953774,1.056590953772,
    1.056590953774,1.056590953773,1.056590953773,1.056590953773,
1.056590953773)) REPRESENTATION_ITEM('') );
#2482 = CARTESIAN_POINT('',(2.017004350868,1.009801069041E-06,
    -2.980019430861));
#2483 = CARTESIAN_POINT('',(2.017003146956,-1.152162077222,
    -3.052744674782));
#2484 = CARTESIAN_POINT('',(1.293204962453,-2.303821420169,
    -3.125438632884));
#2485 = CARTESIAN_POINT('',(-0.155437822822,-2.952399669334,
    -3.198376489273));
#2486 = CARTESIAN_POINT('',(-1.926381154044,-2.583417025975,
    -3.270494881067));
#2487 = CARTESIAN_POINT('',(-3.245099597201,-1.070030154357,
    -3.344311882508));
#2488 = CARTESIAN_POINT('',(-3.24614757129,1.070014521012,
    -3.415725359758));
#2489 = CARTESIAN_POINT('',(-1.92567959071,2.583437022711,
    -3.489542361944));
#2490 = CARTESIAN_POINT('',(-0.155736687181,2.952388014485,
    -3.561660752896));
#2491 = CARTESIAN_POINT('',(1.293262857171,2.303824898365,
    -3.634598609727));
#2492 = CARTESIAN_POINT('',(2.017004181731,1.152164012675,
    -3.707292567735));
#2493 = CARTESIAN_POINT('',(2.017002929772,9.25652487882E-07,
    -3.780017811652));
#2494 = ORIENTED_EDGE('',*,*,#2088,.T.);
#2495 = ORIENTED_EDGE('',*,*,#1953,.T.);
#2496 = ORIENTED_EDGE('',*,*,#2497,.F.);
#2497 = EDGE_CURVE('',#2479,#1954,#2498,.T.);
#2498 = B_SPLINE_CURVE_WITH_KNOTS('',1,(#2499,#2500),.UNSPECIFIED.,.F.,
  .F.,(2,2),(0.,0.56),.PIECEWISE_BEZIER_KNOTS.);
#2499 = CARTESIAN_POINT('',(2.017002929772,9.256524852065E-07,
    -3.780017811652));
#2500 = CARTESIAN_POINT('',(2.501965637682,-1.110849528304E-07,
    -3.499997862479));
#2501 = B_SPLINE_SURFACE_WITH_KNOTS('',1,10,(
    (#2502,#2503,#2504,#2505,#2506,#2507,#2508,#2509,#2510,#2511,#2512)
    ,(#2513,#2514,#2515,#2516,#2517,#2518,#2519,#2520,#2521,#2522,#2523
    )),.UNSPECIFIED.,.F.,.F.,.F.,(2,2),(11,11),(0.,0.56),(0.,
    6.333910135482),.PIECEWISE_BEZIER_KNOTS.);
#2502 = CARTESIAN_POINT('',(2.017004350868,1.009801069158E-06,
    -2.980019430861));
#2503 = CARTESIAN_POINT('',(2.017003026565,-1.267378385924,
    -3.060017199174));
#2504 = CARTESIAN_POINT('',(1.132360948205,-2.534142094445,
    -3.139976729264));
#2505 = CARTESIAN_POINT('',(-0.638474666627,-3.104881375219,
    -3.220136851179));
#2506 = CARTESIAN_POINT('',(-2.661823493226,-2.305034839338,
    -3.299897440625));
#2507 = CARTESIAN_POINT('',(-3.732213486048,-3.158040901763E-05,
    -3.380018620581));
#2508 = CARTESIAN_POINT('',(-2.661607910936,2.305076238957,
    -3.460139802967));
#2509 = CARTESIAN_POINT('',(-0.638687424163,3.104863916916,
    -3.539900390817));
#2510 = CARTESIAN_POINT('',(1.132431423893,2.534145915473,
    -3.620060513368));
#2511 = CARTESIAN_POINT('',(2.017004306927,1.267380321378,
    -3.700020043343));
#2512 = CARTESIAN_POINT('',(2.017002929772,9.256524852065E-07,
    -3.780017811652));
#2513 = CARTESIAN_POINT('',(2.501966011628,-1.211839526269E-07,
    -2.69999766815));
#2514 = CARTESIAN_POINT('',(2.501965420108,-1.572024575351,
    -2.779997935986));
#2515 = CARTESIAN_POINT('',(1.404712035119,-3.144078983116,
    -2.860002792981));
#2516 = CARTESIAN_POINT('',(-0.792336051118,-3.849962144434,
    -2.939983575916));
#2517 = CARTESIAN_POINT('',(-3.30119349435,-2.860646461901,
    -3.02001230895));
#2518 = CARTESIAN_POINT('',(-4.630246871691,-7.623443334381E-06,
    -3.099997765135));
#2519 = CARTESIAN_POINT('',(-3.301135916647,2.86065833355,
    -3.179983221965));
#2520 = CARTESIAN_POINT('',(-0.792390896622,3.849957785623,
    -3.260011954577));
#2521 = CARTESIAN_POINT('',(1.404731512689,3.144079572161,
    -3.339992737678));
#2522 = CARTESIAN_POINT('',(2.501966222859,1.572024343083,
    -3.419997594645));
#2523 = CARTESIAN_POINT('',(2.501965637682,-1.110849528304E-07,
    -3.499997862479));
#2524 = ADVANCED_FACE('',(#2525),#2555,.T.);
#2525 = FACE_BOUND('',#2526,.T.);
#2526 = EDGE_LOOP('',(#2527,#2543,#2544,#2545));
#2527 = ORIENTED_EDGE('',*,*,#2528,.F.);
#2528 = EDGE_CURVE('',#2120,#2529,#2531,.T.);
#2529 = VERTEX_POINT('',#2530);
#2530 = CARTESIAN_POINT('',(2.01701115677,9.256434847247E-07,
    -3.980017811483));
#2531 = B_SPLINE_CURVE_WITH_KNOTS('',10,(#2532,#2533,#2534,#2535,#2536,
    #2537,#2538,#2539,#2540,#2541,#2542),.UNSPECIFIED.,.F.,.F.,(11,11),(
    0.,6.333910135482),.PIECEWISE_BEZIER_KNOTS.);
#2532 = CARTESIAN_POINT('',(2.017013325775,1.009790342577E-06,
    -3.180019430659));
#2533 = CARTESIAN_POINT('',(2.017010970653,-1.267383788908,
    -3.260017199019));
#2534 = CARTESIAN_POINT('',(1.132346592094,-2.53415219235,
    -3.339976729942));
#2535 = CARTESIAN_POINT('',(-0.638422190426,-3.104899022131,
    -3.420136848508));
#2536 = CARTESIAN_POINT('',(-2.661892146949,-2.305033127355,
    -3.499897443132));
#2537 = CARTESIAN_POINT('',(-3.732229412944,-4.725773370939E-05,
    -3.580018620037));
#2538 = CARTESIAN_POINT('',(-2.661561938861,2.305097658298,
    -3.66013980066));
#2539 = CARTESIAN_POINT('',(-0.638745355121,3.104872698707,
    -3.739900392844));
#2540 = CARTESIAN_POINT('',(1.132455439559,2.534157452345,
    -3.820060512382));
#2541 = CARTESIAN_POINT('',(2.017013564742,1.267385724342,
    -3.900020043132));
#2542 = CARTESIAN_POINT('',(2.01701115677,9.256434435007E-07,
    -3.980017811483));
#2543 = ORIENTED_EDGE('',*,*,#2137,.T.);
#2544 = ORIENTED_EDGE('',*,*,#2478,.T.);
#2545 = ORIENTED_EDGE('',*,*,#2546,.F.);
#2546 = EDGE_CURVE('',#2529,#2479,#2547,.T.);
#2547 = ( BOUNDED_CURVE() B_SPLINE_CURVE(6,(#2548,#2549,#2550,#2551,
#2552,#2553,#2554),.UNSPECIFIED.,.F.,.F.) B_SPLINE_CURVE_WITH_KNOTS((7,7
),(0.,2.094395102393),.PIECEWISE_BEZIER_KNOTS.) CURVE() 
GEOMETRIC_REPRESENTATION_ITEM() RATIONAL_B_SPLINE_CURVE((1.056590953773,
    1.017435169568,0.996326512422,0.989390034249,0.996326512422,
1.017435169568,1.056590953773)) REPRESENTATION_ITEM('') );
#2548 = CARTESIAN_POINT('',(2.01701115677,9.256434438387E-07,
    -3.980017811483));
#2549 = CARTESIAN_POINT('',(1.980761258132,1.003135503164E-06,
    -3.959090910885));
#2550 = CARTESIAN_POINT('',(1.955215000575,1.057745317334E-06,
    -3.923669980688));
#2551 = CARTESIAN_POINT('',(1.945980251974,1.07748496625E-06,
    -3.880020733254));
#2552 = CARTESIAN_POINT('',(1.955211409521,1.05774926501E-06,
    -3.836370726225));
#2553 = CARTESIAN_POINT('',(1.980754752912,1.003142654665E-06,
    -3.800947694458));
#2554 = CARTESIAN_POINT('',(2.017002929772,9.25652487882E-07,
    -3.780017811652));
#2555 = ( BOUNDED_SURFACE() B_SPLINE_SURFACE(6,11,(
    (#2556,#2557,#2558,#2559,#2560,#2561,#2562,#2563,#2564,#2565,#2566
      ,#2567)
    ,(#2568,#2569,#2570,#2571,#2572,#2573,#2574,#2575,#2576,#2577,#2578
      ,#2579)
    ,(#2580,#2581,#2582,#2583,#2584,#2585,#2586,#2587,#2588,#2589,#2590
      ,#2591)
    ,(#2592,#2593,#2594,#2595,#2596,#2597,#2598,#2599,#2600,#2601,#2602
      ,#2603)
    ,(#2604,#2605,#2606,#2607,#2608,#2609,#2610,#2611,#2612,#2613,#2614
      ,#2615)
    ,(#2616,#2617,#2618,#2619,#2620,#2621,#2622,#2623,#2624,#2625,#2626
      ,#2627)
    ,(#2628,#2629,#2630,#2631,#2632,#2633,#2634,#2635,#2636,#2637,#2638
,#2639
    )),.UNSPECIFIED.,.F.,.F.,.F.) B_SPLINE_SURFACE_WITH_KNOTS((7,7),(12,
    12),(0.,2.094395102393),(0.,6.333910135482),
.PIECEWISE_BEZIER_KNOTS.) GEOMETRIC_REPRESENTATION_ITEM() 
RATIONAL_B_SPLINE_SURFACE((
    (1.056590953773,1.056590953773,1.056590953773,1.056590953773
      ,1.056590953773,1.056590953774,1.056590953772,1.056590953774
      ,1.056590953773,1.056590953773,1.056590953773,1.056590953773)
    ,(1.017435169568,1.017435169568,1.017435169568,1.017435169568
      ,1.017435169568,1.017435169569,1.017435169568,1.017435169569
      ,1.017435169568,1.017435169568,1.017435169568,1.017435169568)
    ,(0.996326512422,0.996326512422,0.996326512422,0.996326512422
      ,0.996326512422,0.996326512423,0.996326512421,0.996326512423
      ,0.996326512422,0.996326512422,0.996326512422,0.996326512422)
    ,(0.989390034249,0.989390034249,0.989390034248,0.989390034249
      ,0.989390034248,0.98939003425,0.989390034247,0.989390034249
      ,0.989390034248,0.989390034249,0.989390034249,0.989390034249)
    ,(0.996326512422,0.996326512422,0.996326512422,0.996326512422
      ,0.996326512422,0.996326512423,0.996326512421,0.996326512423
      ,0.996326512422,0.996326512422,0.996326512422,0.996326512422)
    ,(1.017435169568,1.017435169568,1.017435169568,1.017435169568
      ,1.017435169568,1.017435169569,1.017435169567,1.017435169569
      ,1.017435169568,1.017435169568,1.017435169568,1.017435169568)
    ,(1.056590953773,1.056590953773,1.056590953773,1.056590953773
      ,1.056590953773,1.056590953774,1.056590953772,1.056590953774
      ,1.056590953773,1.056590953773,1.056590953773,1.056590953773
))) REPRESENTATION_ITEM('') SURFACE() );
#2556 = CARTESIAN_POINT('',(2.017013325775,1.009790342954E-06,
    -3.180019430659));
#2557 = CARTESIAN_POINT('',(2.017011184755,-1.152166989026,
    -3.252744674622));
#2558 = CARTESIAN_POINT('',(1.293194660923,-2.303830664452,
    -3.32543863341));
#2559 = CARTESIAN_POINT('',(-0.155360588266,-2.952415257082,
    -3.3983764855));
#2560 = CARTESIAN_POINT('',(-1.926574631535,-2.583422354942,
    -3.470494889612));
#2561 = CARTESIAN_POINT('',(-3.244837935456,-1.070037925041,
    -3.544311869208));
#2562 = CARTESIAN_POINT('',(-3.24643691767,1.070015703398,
    -3.615725372556));
#2563 = CARTESIAN_POINT('',(-1.925502530543,2.583453847929,
    -3.689542353293));
#2564 = CARTESIAN_POINT('',(-0.155815254409,2.952397547319,
    -3.761660756117));
#2565 = CARTESIAN_POINT('',(1.293284189592,2.30383531998,-3.834598608882
    ));
#2566 = CARTESIAN_POINT('',(2.017013345836,1.15216892446,-3.907292567527
    ));
#2567 = CARTESIAN_POINT('',(2.01701115677,9.256434438387E-07,
    -3.980017811483));
#2568 = CARTESIAN_POINT('',(1.98076334888,1.094327224893E-06,
    -3.159092665619));
#2569 = CARTESIAN_POINT('',(1.980761354189,-1.13146545082,
    -3.231817739732));
#2570 = CARTESIAN_POINT('',(1.269950778565,-2.262388310047,
    -3.304508909453));
#2571 = CARTESIAN_POINT('',(-0.152560253844,-2.899477816279,
    -3.377464391386));
#2572 = CARTESIAN_POINT('',(-1.891958569843,-2.536737050625,
    -3.449531820655));
#2573 = CARTESIAN_POINT('',(-3.186526303007,-1.051170721785,
    -3.523440031089));
#2574 = CARTESIAN_POINT('',(-3.188067715275,1.051148928738,
    -3.59474354505));
#2575 = CARTESIAN_POINT('',(-1.890925448424,2.536767186076,
    -3.668651756583));
#2576 = CARTESIAN_POINT('',(-0.152998854412,2.899460727514,
    -3.740719184611));
#2577 = CARTESIAN_POINT('',(1.270036812005,2.262392946288,
    -3.813674667194));
#2578 = CARTESIAN_POINT('',(1.980763304891,1.131467548283,
    -3.886365836778));
#2579 = CARTESIAN_POINT('',(1.980761258132,1.003135503164E-06,
    -3.959090910885));
#2580 = CARTESIAN_POINT('',(1.955216958865,1.153901711959E-06,
    -3.123671830954));
#2581 = CARTESIAN_POINT('',(1.95521516416,-1.116876509971,-3.19639678537
    ));
#2582 = CARTESIAN_POINT('',(1.253571813106,-2.233182808921,
    -3.269085989557));
#2583 = CARTESIAN_POINT('',(-0.15059483379,-2.862171039209,
    -3.342053895734));
#2584 = CARTESIAN_POINT('',(-1.867544532802,-2.503837232436,
    -3.414085401613));
#2585 = CARTESIAN_POINT('',(-3.145460976569,-1.037874146499,
    -3.488057904937));
#2586 = CARTESIAN_POINT('',(-3.146904862297,1.037853336507,
    -3.559283906365));
#2587 = CARTESIAN_POINT('',(-1.866577182287,2.503865222876,
    -3.633256410717));
#2588 = CARTESIAN_POINT('',(-0.151006007917,2.862155013951,
    -3.705287915434));
#2589 = CARTESIAN_POINT('',(1.253652113498,2.23318730987,-3.778255822222
    ));
#2590 = CARTESIAN_POINT('',(1.955216850182,1.116878721619,
    -3.850945026279));
#2591 = CARTESIAN_POINT('',(1.955215000575,1.057745317334E-06,
    -3.923669980688));
#2592 = CARTESIAN_POINT('',(1.945982047036,1.175436063483E-06,
    -3.080022618054));
#2593 = CARTESIAN_POINT('',(1.945980469148,-1.11160270256,
    -3.152747529199));
#2594 = CARTESIAN_POINT('',(1.247653362771,-2.222625300639,
    -3.225436022855));
#2595 = CARTESIAN_POINT('',(-0.149896361395,-2.848684414569,
    -3.298408420334));
#2596 = CARTESIAN_POINT('',(-1.858690443989,-2.491945048226,
    -3.370426940106));
#2597 = CARTESIAN_POINT('',(-3.130658616992,-1.033067012807,
    -3.444422684923));
#2598 = CARTESIAN_POINT('',(-3.131982268799,1.033047574267,
    -3.515620666073));
#2599 = CARTESIAN_POINT('',(-1.857804015042,2.491970490265,
    -3.589616411831));
#2600 = CARTESIAN_POINT('',(-0.150273592649,2.848669707576,
    -3.66163493054));
#2601 = CARTESIAN_POINT('',(1.247726711995,2.222629571105,
    -3.734607328578));
#2602 = CARTESIAN_POINT('',(1.94598188579,1.111604955481,-3.807295822114
    ));
#2603 = CARTESIAN_POINT('',(1.945980251974,1.07748496625E-06,
    -3.880020733254));
#2604 = CARTESIAN_POINT('',(1.955213041351,1.153906392437E-06,
    -3.036372576505));
#2605 = CARTESIAN_POINT('',(1.955211655691,-1.116874365987,
    -3.109097530902));
#2606 = CARTESIAN_POINT('',(1.253576309685,-2.233178773826,
    -3.18178673479));
#2607 = CARTESIAN_POINT('',(-0.150628546386,-2.862164235215,
    -3.254754642844));
#2608 = CARTESIAN_POINT('',(-1.867460080598,-2.503834906363,
    -3.326786143346));
#2609 = CARTESIAN_POINT('',(-3.145575190945,-1.037870754624,
    -3.400758656205));
#2610 = CARTESIAN_POINT('',(-3.146778563681,1.0378528204,-3.471984646241
    ));
#2611 = CARTESIAN_POINT('',(-1.86665446839,2.503857878731,
    -3.545957159955));
#2612 = CARTESIAN_POINT('',(-0.150971713614,2.862150852905,
    -3.617988659491));
#2613 = CARTESIAN_POINT('',(1.253642801976,2.233182760874,
    -3.690956568053));
#2614 = CARTESIAN_POINT('',(1.955212850085,1.116876577643,
    -3.763645771832));
#2615 = CARTESIAN_POINT('',(1.955211409521,1.05774926501E-06,
    -3.836370726225));
#2616 = CARTESIAN_POINT('',(1.980756252276,1.094335704166E-06,
    -3.000949449218));
#2617 = CARTESIAN_POINT('',(1.980754998572,-1.131461566977,
    -3.073674523298));
#2618 = CARTESIAN_POINT('',(1.269958924149,-2.262381000444,
    -3.146365692478));
#2619 = CARTESIAN_POINT('',(-0.152621324449,-2.899465490796,
    -3.21932117781));
#2620 = CARTESIAN_POINT('',(-1.891805584082,-2.536732836926,
    -3.291388597339));
#2621 = CARTESIAN_POINT('',(-3.186733203155,-1.051164577381,
    -3.365296825045));
#2622 = CARTESIAN_POINT('',(-3.187838924441,1.051147993807,
    -3.436600318371));
#2623 = CARTESIAN_POINT('',(-1.891065452744,2.536753882104,
    -3.510508546863));
#2624 = CARTESIAN_POINT('',(-0.152936730042,2.89945318975,
    -3.582575965505));
#2625 = CARTESIAN_POINT('',(1.270019944117,2.262384705749,
    -3.655531451303));
#2626 = CARTESIAN_POINT('',(1.980756058685,1.131463664456,
    -3.728222620382));
#2627 = CARTESIAN_POINT('',(1.980754752912,1.003142654665E-06,
    -3.800947694458));
#2628 = CARTESIAN_POINT('',(2.017004350868,1.009801069041E-06,
    -2.980019430861));
#2629 = CARTESIAN_POINT('',(2.017003146956,-1.152162077222,
    -3.052744674782));
#2630 = CARTESIAN_POINT('',(1.293204962453,-2.303821420169,
    -3.125438632884));
#2631 = CARTESIAN_POINT('',(-0.155437822822,-2.952399669334,
    -3.198376489273));
#2632 = CARTESIAN_POINT('',(-1.926381154044,-2.583417025975,
    -3.270494881067));
#2633 = CARTESIAN_POINT('',(-3.245099597201,-1.070030154357,
    -3.344311882508));
#2634 = CARTESIAN_POINT('',(-3.24614757129,1.070014521012,
    -3.415725359758));
#2635 = CARTESIAN_POINT('',(-1.92567959071,2.583437022711,
    -3.489542361944));
#2636 = CARTESIAN_POINT('',(-0.155736687181,2.952388014485,
    -3.561660752896));
#2637 = CARTESIAN_POINT('',(1.293262857171,2.303824898365,
    -3.634598609727));
#2638 = CARTESIAN_POINT('',(2.017004181731,1.152164012675,
    -3.707292567735));
#2639 = CARTESIAN_POINT('',(2.017002929772,9.25652487882E-07,
    -3.780017811652));
#2640 = ADVANCED_FACE('',(#2641),#2651,.T.);
#2641 = FACE_BOUND('',#2642,.T.);
#2642 = EDGE_LOOP('',(#2643,#2644,#2645,#2646));
#2643 = ORIENTED_EDGE('',*,*,#2269,.F.);
#2644 = ORIENTED_EDGE('',*,*,#2238,.T.);
#2645 = ORIENTED_EDGE('',*,*,#2528,.T.);
#2646 = ORIENTED_EDGE('',*,*,#2647,.F.);
#2647 = EDGE_CURVE('',#2270,#2529,#2648,.T.);
#2648 = B_SPLINE_CURVE_WITH_KNOTS('',1,(#2649,#2650),.UNSPECIFIED.,.F.,
  .F.,(2,2),(0.,0.56),.PIECEWISE_BEZIER_KNOTS.);
#2649 = CARTESIAN_POINT('',(2.501996900276,-1.11119312373E-07,
    -4.259997861836));
#2650 = CARTESIAN_POINT('',(2.01701115677,9.256434435007E-07,
    -3.980017811483));
#2651 = B_SPLINE_SURFACE_WITH_KNOTS('',1,10,(
    (#2652,#2653,#2654,#2655,#2656,#2657,#2658,#2659,#2660,#2661,#2662)
    ,(#2663,#2664,#2665,#2666,#2667,#2668,#2669,#2670,#2671,#2672,#2673
    )),.UNSPECIFIED.,.F.,.F.,.F.,(2,2),(11,11),(0.,0.56),(0.,
    6.333910135482),.PIECEWISE_BEZIER_KNOTS.);
#2652 = CARTESIAN_POINT('',(2.502000116274,-1.212247159359E-07,
    -3.459997667385));
#2653 = CARTESIAN_POINT('',(2.501995607643,-1.57204510669,
    -3.539997935397));
#2654 = CARTESIAN_POINT('',(1.404657481898,-3.144117355154,
    -3.620002795556));
#2655 = CARTESIAN_POINT('',(-0.792136641553,-3.850029202699,
    -3.699983565768));
#2656 = CARTESIAN_POINT('',(-3.301454378494,-2.860639956369,
    -3.780012318478));
#2657 = CARTESIAN_POINT('',(-4.630307393897,-6.719727641613E-05,
    -3.85999776307));
#2658 = CARTESIAN_POINT('',(-3.300961222762,2.860739727048,-3.9399832132
    ));
#2659 = CARTESIAN_POINT('',(-0.792611034264,3.849991156428,
    -4.020011962278));
#2660 = CARTESIAN_POINT('',(1.40482277222,3.144123412274,-4.099992733928
    ));
#2661 = CARTESIAN_POINT('',(2.502001402558,1.572044874347,
    -4.179997593841));
#2662 = CARTESIAN_POINT('',(2.501996900276,-1.11119312373E-07,
    -4.259997861836));
#2663 = CARTESIAN_POINT('',(2.017013325775,1.009790342577E-06,
    -3.180019430659));
#2664 = CARTESIAN_POINT('',(2.017010970653,-1.267383788908,
    -3.260017199019));
#2665 = CARTESIAN_POINT('',(1.132346592094,-2.53415219235,
    -3.339976729942));
#2666 = CARTESIAN_POINT('',(-0.638422190426,-3.104899022131,
    -3.420136848508));
#2667 = CARTESIAN_POINT('',(-2.661892146949,-2.305033127355,
    -3.499897443132));
#2668 = CARTESIAN_POINT('',(-3.732229412944,-4.725773370939E-05,
    -3.580018620037));
#2669 = CARTESIAN_POINT('',(-2.661561938861,2.305097658298,
    -3.66013980066));
#2670 = CARTESIAN_POINT('',(-0.638745355121,3.104872698707,
    -3.739900392844));
#2671 = CARTESIAN_POINT('',(1.132455439559,2.534157452345,
    -3.820060512382));
#2672 = CARTESIAN_POINT('',(2.017013564742,1.267385724342,
    -3.900020043132));
#2673 = CARTESIAN_POINT('',(2.01701115677,9.256434435007E-07,
    -3.980017811483));
#2674 = ADVANCED_FACE('',(#2675),#2897,.T.);
#2675 = FACE_BOUND('',#2676,.F.);
#2676 = EDGE_LOOP('',(#2677,#2798,#2799,#2891));
#2677 = ORIENTED_EDGE('',*,*,#2678,.F.);
#2678 = EDGE_CURVE('',#2270,#2679,#2681,.T.);
#2679 = VERTEX_POINT('',#2680);
#2680 = CARTESIAN_POINT('',(2.45,1.453793272226E-11,-5.029982081041));
#2681 = B_SPLINE_CURVE_WITH_KNOTS('',7,(#2682,#2683,#2684,#2685,#2686,
    #2687,#2688,#2689,#2690,#2691,#2692,#2693,#2694,#2695,#2696,#2697,
    #2698,#2699,#2700,#2701,#2702,#2703,#2704,#2705,#2706,#2707,#2708,
    #2709,#2710,#2711,#2712,#2713,#2714,#2715,#2716,#2717,#2718,#2719,
    #2720,#2721,#2722,#2723,#2724,#2725,#2726,#2727,#2728,#2729,#2730,
    #2731,#2732,#2733,#2734,#2735,#2736,#2737,#2738,#2739,#2740,#2741,
    #2742,#2743,#2744,#2745,#2746,#2747,#2748,#2749,#2750,#2751,#2752,
    #2753,#2754,#2755,#2756,#2757,#2758,#2759,#2760,#2761,#2762,#2763,
    #2764,#2765,#2766,#2767,#2768,#2769,#2770,#2771,#2772,#2773,#2774,
    #2775,#2776,#2777,#2778,#2779,#2780,#2781,#2782,#2783,#2784,#2785,
    #2786,#2787,#2788,#2789,#2790,#2791,#2792,#2793,#2794,#2795,#2796,
    #2797),.UNSPECIFIED.,.F.,.F.,(8,6,6,6,6,6,6,6,6,6,6,6,6,6,6,6,6,6,6,
    8),(0.,1.877058103658E-02,5.677041380385E-02,0.125771289496,
    0.229622781837,0.245623165708,0.266138965377,0.324141225963,
    0.376145393364,0.403038269931,0.497734620354,0.59755515271,
    0.710005093131,0.737577865726,0.760796469372,0.808798707298,
    0.870648209979,0.954419736879,0.970178024609,1.),.UNSPECIFIED.);
#2682 = CARTESIAN_POINT('',(2.45,3.544098348129E-11,-4.229980289253));
#2683 = CARTESIAN_POINT('',(2.45,-4.127694592023E-02,-4.232125476824));
#2684 = CARTESIAN_POINT('',(2.44918867269,-8.255390347166E-02,
    -4.234270596536));
#2685 = CARTESIAN_POINT('',(2.447566019188,-0.123811699545,
    -4.236415682103));
#2686 = CARTESIAN_POINT('',(2.445132604868,-0.165031194511,
    -4.23856076356));
#2687 = CARTESIAN_POINT('',(2.441889559352,-0.206193282187,
    -4.240705867269));
#2688 = CARTESIAN_POINT('',(2.437838576516,-0.247278889838,
    -4.242851015914));
#2689 = CARTESIAN_POINT('',(2.423149914907,-0.371250772864,
    -4.24933907327));
#2690 = CARTESIAN_POINT('',(2.410015862058,-0.453841690625,
    -4.253682194025));
#2691 = CARTESIAN_POINT('',(2.39359863556,-0.535883126595,-4.25802573033
    ));
#2692 = CARTESIAN_POINT('',(2.373926320628,-0.617218718049,
    -4.26236975481));
#2693 = CARTESIAN_POINT('',(2.35103620807,-0.697694344396,
    -4.266714273154));
#2694 = CARTESIAN_POINT('',(2.32497479429,-0.77715812718,-4.271059224112
    ));
#2695 = CARTESIAN_POINT('',(2.242817562675,-0.997643357621,
    -4.283294683339));
#2696 = CARTESIAN_POINT('',(2.179561199363,-1.136005983776,
    -4.29118636446));
#2697 = CARTESIAN_POINT('',(2.106363678745,-1.269643409939,
    -4.299078173534));
#2698 = CARTESIAN_POINT('',(2.023655891197,-1.397705116822,
    -4.306969157803));
#2699 = CARTESIAN_POINT('',(1.931953374854,-1.519392554444,
    -4.314858779307));
#2700 = CARTESIAN_POINT('',(1.831854108636,-1.633962711648,
    -4.322746639426));
#2701 = CARTESIAN_POINT('',(1.561785092402,-1.901441977409,
    -4.342499832894));
#2702 = CARTESIAN_POINT('',(1.382002755685,-2.044545433982,
    -4.354366064714));
#2703 = CARTESIAN_POINT('',(1.187067180661,-2.16766946889,
    -4.366224550793));
#2704 = CARTESIAN_POINT('',(0.97966375102,-2.268959654676,
    -4.378078294472));
#2705 = CARTESIAN_POINT('',(0.762707875884,-2.34699240009,
    -4.389933476737));
#2706 = CARTESIAN_POINT('',(0.539312503857,-2.400790649143,
    -4.401793708982));
#2707 = CARTESIAN_POINT('',(0.277912414701,-2.434440939848,
    -4.415481796397));
#2708 = CARTESIAN_POINT('',(0.242939896815,-2.438348597918,
    -4.417309262329));
#2709 = CARTESIAN_POINT('',(0.207903886317,-2.441670042162,
    -4.419136820545));
#2710 = CARTESIAN_POINT('',(0.172816174108,-2.444404055903,
    -4.420964474371));
#2711 = CARTESIAN_POINT('',(0.137688574078,-2.446549719403,
    -4.422792226345));
#2712 = CARTESIAN_POINT('',(0.102532923107,-2.44810640986,
    -4.424620078218));
#2713 = CARTESIAN_POINT('',(2.226350896729E-02,-2.450314197355,
    -4.428791844222));
#2714 = CARTESIAN_POINT('',(-2.286071787078E-02,-2.450585754752,
    -4.43113582389));
#2715 = CARTESIAN_POINT('',(-6.798658301844E-02,-2.449887787555,
    -4.43347997189));
#2716 = CARTESIAN_POINT('',(-0.113089097162,-2.448220414739,
    -4.435824288007));
#2717 = CARTESIAN_POINT('',(-0.158143298103,-2.445584560302,
    -4.43816876988));
#2718 = CARTESIAN_POINT('',(-0.203124250755,-2.441981953263,
    -4.440513412996));
#2719 = CARTESIAN_POINT('',(-0.374899671074,-2.424503800165,
    -4.449487421808));
#2720 = CARTESIAN_POINT('',(-0.501011305386,-2.403884784482,
    -4.456118051128));
#2721 = CARTESIAN_POINT('',(-0.6257746571,-2.375616156649,
    -4.462749670626));
#2722 = CARTESIAN_POINT('',(-0.748634124905,-2.339806201994,
    -4.469382076979));
#2723 = CARTESIAN_POINT('',(-0.869047597916,-2.296612901686,
    -4.476015115254));
#2724 = CARTESIAN_POINT('',(-0.986488254412,-2.246243419293,
    -4.482648502603));
#2725 = CARTESIAN_POINT('',(-1.202619902968,-2.137588175327,
    -4.495228858244));
#2726 = CARTESIAN_POINT('',(-1.301998038944,-2.080657711361,
    -4.501176113616));
#2727 = CARTESIAN_POINT('',(-1.398214257862,-2.018346625779,
    -4.50712303031));
#2728 = CARTESIAN_POINT('',(-1.490920333919,-1.950867197651,
    -4.513069457755));
#2729 = CARTESIAN_POINT('',(-1.579787188355,-1.878458934264,
    -4.519015359899));
#2730 = CARTESIAN_POINT('',(-1.664505751657,-1.801387950613,
    -4.524960692532));
#2731 = CARTESIAN_POINT('',(-1.786304035271,-1.677830513729,
    -4.533979401049));
#2732 = CARTESIAN_POINT('',(-1.826634276855,-1.634545469371,
    -4.537053349961));
#2733 = CARTESIAN_POINT('',(-1.865738924091,-1.590131424613,
    -4.540127126754));
#2734 = CARTESIAN_POINT('',(-1.903580178958,-1.544630110428,
    -4.54320073452));
#2735 = CARTESIAN_POINT('',(-1.94012207183,-1.498084779968,
    -4.546274180038));
#2736 = CARTESIAN_POINT('',(-1.975330461481,-1.450540208569,
    -4.549347473779));
#2737 = CARTESIAN_POINT('',(-2.128340956785,-1.231271164467,
    -4.563241959057));
#2738 = CARTESIAN_POINT('',(-2.230597311523,-1.048650279706,
    -4.574063628503));
#2739 = CARTESIAN_POINT('',(-2.314483732389,-0.85624703402,
    -4.584882708764));
#2740 = CARTESIAN_POINT('',(-2.378924450766,-0.656286309887,
    -4.595700884814));
#2741 = CARTESIAN_POINT('',(-2.423165649891,-0.451108073683,
    -4.606521092995));
#2742 = CARTESIAN_POINT('',(-2.446782086679,-0.243146398991,
    -4.61734441107));
#2743 = CARTESIAN_POINT('',(-2.452880528973,0.184552693785,
    -4.639575631498));
#2744 = CARTESIAN_POINT('',(-2.433068841969,0.404414461475,
    -4.650988359114));
#2745 = CARTESIAN_POINT('',(-2.390255630322,0.621683558063,
    -4.662400748616));
#2746 = CARTESIAN_POINT('',(-2.324885566259,0.833498811935,
    -4.673812607343));
#2747 = CARTESIAN_POINT('',(-2.237807603236,1.037108414265,
    -4.68522501536));
#2748 = CARTESIAN_POINT('',(-2.130266564831,1.229897658407,
    -4.696637369978));
#2749 = CARTESIAN_POINT('',(-1.861730408625,1.611709540401,
    -4.720895181683));
#2750 = CARTESIAN_POINT('',(-1.695602579796,1.79729910747,
    -4.733747416849));
#2751 = CARTESIAN_POINT('',(-1.508036572804,1.962688880178,
    -4.746591887058));
#2752 = CARTESIAN_POINT('',(-1.302033329598,2.105001368073,
    -4.759431486788));
#2753 = CARTESIAN_POINT('',(-1.080971091346,2.221903020788,
    -4.772271451234));
#2754 = CARTESIAN_POINT('',(-0.848602882811,2.311605605617,
    -4.785117286993));
#2755 = CARTESIAN_POINT('',(-0.550356978425,2.388154846774,
    -4.80111152836));
#2756 = CARTESIAN_POINT('',(-0.491192185665,2.401532965383,
    -4.804261280793));
#2757 = CARTESIAN_POINT('',(-0.431651052013,2.413200286709,
    -4.807411284136));
#2758 = CARTESIAN_POINT('',(-0.37179294424,2.423144289471,-4.81056155997
    ));
#2759 = CARTESIAN_POINT('',(-0.311677662409,2.431355043793,
    -4.813712124085));
#2760 = CARTESIAN_POINT('',(-0.251365439877,2.437825211213,
    -4.816862986485));
#2761 = CARTESIAN_POINT('',(-0.140014202976,2.446528753573,
    -4.822667698416));
#2762 = CARTESIAN_POINT('',(-8.901467528928E-02,2.449269848329,
    -4.825321463236));
#2763 = CARTESIAN_POINT('',(-3.795456811274E-02,2.450770503872,
    -4.827975447171));
#2764 = CARTESIAN_POINT('',(1.312991316379E-02,2.451029216223,
    -4.830629648496));
#2765 = CARTESIAN_POINT('',(6.420256564055E-02,2.450045802499,
    -4.833284062439));
#2766 = CARTESIAN_POINT('',(0.115227188908,2.447821400916,
    -4.835938681177));
#2767 = CARTESIAN_POINT('',(0.271481972283,2.437199194592,
    -4.844082064595));
#2768 = CARTESIAN_POINT('',(0.376437786264,2.424746063632,
    -4.849571531076));
#2769 = CARTESIAN_POINT('',(0.480713521882,2.407021049471,
    -4.855061679489));
#2770 = CARTESIAN_POINT('',(0.583991889583,2.384069912368,
    -4.860552360129));
#2771 = CARTESIAN_POINT('',(0.685960489898,2.355962055921,
    -4.866043419465));
#2772 = CARTESIAN_POINT('',(0.786312487965,2.322790381723,
    -4.871534632229));
#2773 = CARTESIAN_POINT('',(1.011577696291,2.235555602799,
    -4.884100630677));
#2774 = CARTESIAN_POINT('',(1.135231367707,2.178223687459,
    -4.891175631151));
#2775 = CARTESIAN_POINT('',(1.255062796826,2.112925838984,-4.89824969009
    ));
#2776 = CARTESIAN_POINT('',(1.370458659808,2.039970935495,-4.90532237266
    ));
#2777 = CARTESIAN_POINT('',(1.480840072236,1.959724894864,
    -4.912393532145));
#2778 = CARTESIAN_POINT('',(1.585664846895,1.872609277339,
    -4.919463088069));
#2779 = CARTESIAN_POINT('',(1.818201027128,1.652446900341,
    -4.936103611797));
#2780 = CARTESIAN_POINT('',(1.940877570624,1.51404442454,-4.945674579983
    ));
#2781 = CARTESIAN_POINT('',(2.051191254764,1.36508426877,-4.955242119579
    ));
#2782 = CARTESIAN_POINT('',(2.148075317128,1.206901958856,
    -4.964807862674));
#2783 = CARTESIAN_POINT('',(2.230641309094,1.040948630076,
    -4.974374881695));
#2784 = CARTESIAN_POINT('',(2.298184998914,0.868781009237,
    -4.983945245303));
#2785 = CARTESIAN_POINT('',(2.360009780174,0.658828228378,
    -4.995317440244));
#2786 = CARTESIAN_POINT('',(2.369249811373,0.625425445194,-4.99711805477
    ));
#2787 = CARTESIAN_POINT('',(2.377938123286,0.591872001474,
    -4.998918754901));
#2788 = CARTESIAN_POINT('',(2.386071788087,0.558178830368,
    -5.000719538307));
#2789 = CARTESIAN_POINT('',(2.393648149348,0.524356934367,
    -5.002520400224));
#2790 = CARTESIAN_POINT('',(2.400664822048,0.490417385299,
    -5.004321333451));
#2791 = CARTESIAN_POINT('',(2.419335295739,0.391940416007,
    -5.009530644445));
#2792 = CARTESIAN_POINT('',(2.429538887872,0.327127830125,
    -5.012939190268));
#2793 = CARTESIAN_POINT('',(2.437716126871,0.262009223263,
    -5.016347893153));
#2794 = CARTESIAN_POINT('',(2.44385625037,0.196660602925,-5.019756659264
    ));
#2795 = CARTESIAN_POINT('',(2.447952075722,0.131158327543,
    -5.023165373594));
#2796 = CARTESIAN_POINT('',(2.45,6.557910647976E-02,-5.026573899967));
#2797 = CARTESIAN_POINT('',(2.45,2.905498064365E-11,-5.029982081041));
#2798 = ORIENTED_EDGE('',*,*,#2464,.T.);
#2799 = ORIENTED_EDGE('',*,*,#2800,.T.);
#2800 = EDGE_CURVE('',#2363,#2801,#2803,.T.);
#2801 = VERTEX_POINT('',#2802);
#2802 = CARTESIAN_POINT('',(2.45,1.828327724525E-12,-5.130002526185));
#2803 = B_SPLINE_CURVE_WITH_KNOTS('',6,(#2804,#2805,#2806,#2807,#2808,
    #2809,#2810,#2811,#2812,#2813,#2814,#2815,#2816,#2817,#2818,#2819,
    #2820,#2821,#2822,#2823,#2824,#2825,#2826,#2827,#2828,#2829,#2830,
    #2831,#2832,#2833,#2834,#2835,#2836,#2837,#2838,#2839,#2840,#2841,
    #2842,#2843,#2844,#2845,#2846,#2847,#2848,#2849,#2850,#2851,#2852,
    #2853,#2854,#2855,#2856,#2857,#2858,#2859,#2860,#2861,#2862,#2863,
    #2864,#2865,#2866,#2867,#2868,#2869,#2870,#2871,#2872,#2873,#2874,
    #2875,#2876,#2877,#2878,#2879,#2880,#2881,#2882,#2883,#2884,#2885,
    #2886,#2887,#2888,#2889,#2890),.UNSPECIFIED.,.F.,.F.,(7,5,5,5,5,5,5,
    5,5,5,5,5,5,5,5,5,5,7),(0.,2.581083379991E-02,4.564609871888E-02,
    0.127644512514,0.179780442357,0.2627806314,0.298656014773,
    0.354658916619,0.402034808341,0.491812281067,0.598118678628,
    0.689077692335,0.73707931657,0.765405730613,0.873203438794,
    0.942150459583,0.973150139473,1.),.UNSPECIFIED.);
#2804 = CARTESIAN_POINT('',(2.45,4.544364884396E-12,-4.330002806887));
#2805 = CARTESIAN_POINT('',(2.45,-6.621867426292E-02,-4.333444106287));
#2806 = CARTESIAN_POINT('',(2.447852280386,-0.132437454568,
    -4.336885669288));
#2807 = CARTESIAN_POINT('',(2.443556858152,-0.198568963342,
    -4.340327349946));
#2808 = CARTESIAN_POINT('',(2.437118444302,-0.264526234671,
    -4.343769023492));
#2809 = CARTESIAN_POINT('',(2.428546443853,-0.330222714293,
    -4.347210586334));
#2810 = CARTESIAN_POINT('',(2.409638696762,-0.445792471523,
    -4.353296600579));
#2811 = CARTESIAN_POINT('',(2.400170713559,-0.495807896351,
    -4.35594113507));
#2812 = CARTESIAN_POINT('',(2.389457403469,-0.545579469382,
    -4.358585525977));
#2813 = CARTESIAN_POINT('',(2.377506761382,-0.595068498507,
    -4.361229751984));
#2814 = CARTESIAN_POINT('',(2.364328379836,-0.644236664205,
    -4.363873804011));
#2815 = CARTESIAN_POINT('',(2.290425219661,-0.8948224885,-4.37744741395)
  );
#2816 = CARTESIAN_POINT('',(2.210118628757,-1.090493498949,
    -4.38837563268));
#2817 = CARTESIAN_POINT('',(2.109810926853,-1.277320591766,
    -4.399299373796));
#2818 = CARTESIAN_POINT('',(1.990767740348,-1.452806230083,
    -4.410223970923));
#2819 = CARTESIAN_POINT('',(1.854615132287,-1.614669892196,-4.4211536357
    ));
#2820 = CARTESIAN_POINT('',(1.607272748004,-1.853932418018,
    -4.439036722867));
#2821 = CARTESIAN_POINT('',(1.505039787317,-1.940633477277,
    -4.445989336675));
#2822 = CARTESIAN_POINT('',(1.39723236155,-2.0205350252,-4.452943537029)
  );
#2823 = CARTESIAN_POINT('',(1.284418544932,-2.093196573058,
    -4.459899302861));
#2824 = CARTESIAN_POINT('',(1.167211006099,-2.158242206462,
    -4.466856383969));
#2825 = CARTESIAN_POINT('',(0.853716576934,-2.306298279835,
    -4.484890348987));
#2826 = CARTESIAN_POINT('',(0.65165928107,-2.377163689387,-4.49596981291
    ));
#2827 = CARTESIAN_POINT('',(0.44276442873,-2.426685231556,-4.50704706803
    ));
#2828 = CARTESIAN_POINT('',(0.22984131162,-2.454127030137,
    -4.518121190838));
#2829 = CARTESIAN_POINT('',(1.577795557634E-02,-2.459185715554,
    -4.529192934419));
#2830 = CARTESIAN_POINT('',(-0.288218992351,-2.434728132375,
    -4.54504267689));
#2831 = CARTESIAN_POINT('',(-0.379629918609,-2.423211181323,
    -4.549825254792));
#2832 = CARTESIAN_POINT('',(-0.470474431446,-2.407577223837,
    -4.554607153661));
#2833 = CARTESIAN_POINT('',(-0.560521601009,-2.3878624154,
    -4.559388432727));
#2834 = CARTESIAN_POINT('',(-0.649543861757,-2.364120160825,
    -4.564169183698));
#2835 = CARTESIAN_POINT('',(-0.874334395444,-2.293181799707,
    -4.576411842842));
#2836 = CARTESIAN_POINT('',(-1.008312775773,-2.240298613284,
    -4.58387338369));
#2837 = CARTESIAN_POINT('',(-1.138396050068,-2.178042151692,
    -4.591334170376));
#2838 = CARTESIAN_POINT('',(-1.263771591494,-2.106778140765,
    -4.59879498473));
#2839 = CARTESIAN_POINT('',(-1.383675131176,-2.026964919158,
    -4.606256554474));
#2840 = CARTESIAN_POINT('',(-1.593597984815,-1.864864299694,
    -4.620031396975));
#2841 = CARTESIAN_POINT('',(-1.685379123925,-1.784849362828,
    -4.626344730313));
#2842 = CARTESIAN_POINT('',(-1.772310004293,-1.699437656648,
    -4.632658730063));
#2843 = CARTESIAN_POINT('',(-1.853998611046,-1.608999399574,
    -4.638973588093));
#2844 = CARTESIAN_POINT('',(-1.930091548089,-1.513941829232,
    -4.645289398064));
#2845 = CARTESIAN_POINT('',(-2.133274667592,-1.226658255607,
    -4.663575579477));
#2846 = CARTESIAN_POINT('',(-2.245083251253,-1.023570461545,
    -4.675550144748));
#2847 = CARTESIAN_POINT('',(-2.333516075827,-0.808505187501,
    -4.687524180166));
#2848 = CARTESIAN_POINT('',(-2.397095688727,-0.584829879859,
    -4.699498390409));
#2849 = CARTESIAN_POINT('',(-2.434900376681,-0.356103967473,
    -4.711473757403));
#2850 = CARTESIAN_POINT('',(-2.460789009604,0.146285863798,
    -4.737620616902));
#2851 = CARTESIAN_POINT('',(-2.438445239933,0.420627549314,
    -4.751798516154));
#2852 = CARTESIAN_POINT('',(-2.379353050185,0.69064391693,
    -4.765967253344));
#2853 = CARTESIAN_POINT('',(-2.284689546782,0.950337447895,
    -4.78013435267));
#2854 = CARTESIAN_POINT('',(-2.156669566642,1.1940099215,-4.794309347838
    ));
#2855 = CARTESIAN_POINT('',(-1.864058497113,1.60693566381,
    -4.820609438599));
#2856 = CARTESIAN_POINT('',(-1.707346736904,1.781951365656,
    -4.832741093452));
#2857 = CARTESIAN_POINT('',(-1.531093981805,1.938378824276,
    -4.844873290911));
#2858 = CARTESIAN_POINT('',(-1.33810114908,2.073612415811,
    -4.857008674698));
#2859 = CARTESIAN_POINT('',(-1.131551130563,2.185531438288,
    -4.86914781814));
#2860 = CARTESIAN_POINT('',(-0.800845365227,2.318687651528,-4.8876878642
    ));
#2861 = CARTESIAN_POINT('',(-0.683832569897,2.357794214123,
    -4.894092002897));
#2862 = CARTESIAN_POINT('',(-0.564566995103,2.389800324347,
    -4.900495413116));
#2863 = CARTESIAN_POINT('',(-0.443587184683,2.414549831027,
    -4.906897897024));
#2864 = CARTESIAN_POINT('',(-0.32144461842,2.431941409734,-4.91329933068
    ));
#2865 = CARTESIAN_POINT('',(-0.126268877321,2.447822986266,
    -4.923476195131));
#2866 = CARTESIAN_POINT('',(-5.362639537524E-02,2.451138682281,
    -4.927252541097));
#2867 = CARTESIAN_POINT('',(1.91109833096E-02,2.45186684415,
    -4.93102843208));
#2868 = CARTESIAN_POINT('',(9.182821421726E-02,2.450004947408,
    -4.934803864177));
#2869 = CARTESIAN_POINT('',(0.164410316831,2.44555729572,-4.938578852259
    ));
#2870 = CARTESIAN_POINT('',(0.512005951855,2.41181137231,-4.956717790637
    ));
#2871 = CARTESIAN_POINT('',(0.783756543438,2.347790445074,-4.97108166604
    ));
#2872 = CARTESIAN_POINT('',(1.045433096015,2.247059286754,
    -4.985434960092));
#2873 = CARTESIAN_POINT('',(1.291037933085,2.111780606923,
    -4.999790550216));
#2874 = CARTESIAN_POINT('',(1.515051450589,1.945148881856,
    -5.014161050558));
#2875 = CARTESIAN_POINT('',(1.839275472767,1.628144500657,
    -5.037726119675));
#2876 = CARTESIAN_POINT('',(1.955047186921,1.493517662016,
    -5.046922327766));
#2877 = CARTESIAN_POINT('',(2.058905379703,1.349101249902,
    -5.056120660437));
#2878 = CARTESIAN_POINT('',(2.149849260107,1.196223830313,
    -5.065320594143));
#2879 = CARTESIAN_POINT('',(2.227061094151,1.036333262789,
    -5.074520594141));
#2880 = CARTESIAN_POINT('',(2.318219107374,0.79667128059,-5.087853731783
    ));
#2881 = CARTESIAN_POINT('',(2.34359739253,0.721235613198,-5.091988829716
    ));
#2882 = CARTESIAN_POINT('',(2.366026403263,0.644839860229,
    -5.096123473348));
#2883 = CARTESIAN_POINT('',(2.385461781736,0.567628121857,
    -5.100257616431));
#2884 = CARTESIAN_POINT('',(2.401868609841,0.489747083454,-5.10439128456
    ));
#2885 = CARTESIAN_POINT('',(2.426786715733,0.343440226102,
    -5.112104556539));
#2886 = CARTESIAN_POINT('',(2.436060996303,0.275143962161,
    -5.115684262843));
#2887 = CARTESIAN_POINT('',(2.443027732134,0.206554155271,
    -5.119263769334));
#2888 = CARTESIAN_POINT('',(2.447675905556,0.137768217471,
    -5.122843196844));
#2889 = CARTESIAN_POINT('',(2.45,6.888404134108E-02,-5.126422711794));
#2890 = CARTESIAN_POINT('',(2.45,3.628652933685E-12,-5.130002526185));
#2891 = ORIENTED_EDGE('',*,*,#2892,.F.);
#2892 = EDGE_CURVE('',#2679,#2801,#2893,.T.);
#2893 = LINE('',#2894,#2895);
#2894 = CARTESIAN_POINT('',(2.45,0.,-0.2));
#2895 = VECTOR('',#2896,1.);
#2896 = DIRECTION('',(0.,0.,-1.));
#2897 = CYLINDRICAL_SURFACE('',#2898,2.45);
#2898 = AXIS2_PLACEMENT_3D('',#2899,#2900,#2901);
#2899 = CARTESIAN_POINT('',(0.,0.,-0.2));
#2900 = DIRECTION('',(-0.,-0.,-1.));
#2901 = DIRECTION('',(1.,0.,0.));
#2902 = ADVANCED_FACE('',(#2903),#2929,.T.);
#2903 = FACE_BOUND('',#2904,.T.);
#2904 = EDGE_LOOP('',(#2905,#2922,#2923,#2924));
#2905 = ORIENTED_EDGE('',*,*,#2906,.F.);
#2906 = EDGE_CURVE('',#2479,#2907,#2909,.T.);
#2907 = VERTEX_POINT('',#2908);
#2908 = CARTESIAN_POINT('',(2.017001508682,8.415036880557E-07,
    -4.580016192439));
#2909 = ( BOUNDED_CURVE() B_SPLINE_CURVE(11,(#2910,#2911,#2912,#2913,
    #2914,#2915,#2916,#2917,#2918,#2919,#2920,#2921),.UNSPECIFIED.,.F.,
.F.) B_SPLINE_CURVE_WITH_KNOTS((12,12),(0.,6.333910135482),
.PIECEWISE_BEZIER_KNOTS.) CURVE() GEOMETRIC_REPRESENTATION_ITEM() 
RATIONAL_B_SPLINE_CURVE((1.056590953773,1.056590953773,1.056590953773,
    1.056590953773,1.056590953773,1.056590953774,1.056590953772,
    1.056590953774,1.056590953773,1.056590953773,1.056590953773,
1.056590953773)) REPRESENTATION_ITEM('') );
#2910 = CARTESIAN_POINT('',(2.017002929772,9.256525306256E-07,
    -3.780017811652));
#2911 = CARTESIAN_POINT('',(2.017001677813,-1.152161349819,
    -3.852743055568));
#2912 = CARTESIAN_POINT('',(1.293203955088,-2.303819849486,
    -3.925437013558));
#2913 = CARTESIAN_POINT('',(-0.155437836242,-2.952397587514,
    -3.998374870642));
#2914 = CARTESIAN_POINT('',(-1.926379904644,-2.5834151155,
    -4.070493260434));
#2915 = CARTESIAN_POINT('',(-3.245097356128,-1.070029279268,
    -4.144310265454));
#2916 = CARTESIAN_POINT('',(-3.246145238168,1.070013916835,
    -4.21572373839));
#2917 = CARTESIAN_POINT('',(-1.925678127556,2.583435272758,
    -4.289540744155));
#2918 = CARTESIAN_POINT('',(-0.155736453571,2.952385945757,
    -4.361659133106));
#2919 = CARTESIAN_POINT('',(1.293262041956,2.303823219749,
    -4.434596990631));
#2920 = CARTESIAN_POINT('',(2.017002808689,1.152163116975,
    -4.507290948528));
#2921 = CARTESIAN_POINT('',(2.017001508682,8.415036569231E-07,
    -4.580016192439));
#2922 = ORIENTED_EDGE('',*,*,#2497,.T.);
#2923 = ORIENTED_EDGE('',*,*,#2362,.T.);
#2924 = ORIENTED_EDGE('',*,*,#2925,.F.);
#2925 = EDGE_CURVE('',#2907,#2363,#2926,.T.);
#2926 = B_SPLINE_CURVE_WITH_KNOTS('',1,(#2927,#2928),.UNSPECIFIED.,.F.,
  .F.,(2,2),(0.,0.56),.PIECEWISE_BEZIER_KNOTS.);
#2927 = CARTESIAN_POINT('',(2.017001508682,8.415036583766E-07,
    -4.580016192439));
#2928 = CARTESIAN_POINT('',(2.501965263736,-1.009859648156E-07,
    -4.299998056806));
#2929 = B_SPLINE_SURFACE_WITH_KNOTS('',1,10,(
    (#2930,#2931,#2932,#2933,#2934,#2935,#2936,#2937,#2938,#2939,#2940)
    ,(#2941,#2942,#2943,#2944,#2945,#2946,#2947,#2948,#2949,#2950,#2951
    )),.UNSPECIFIED.,.F.,.F.,.F.,(2,2),(11,11),(0.,0.56),(0.,
    6.333910135482),.PIECEWISE_BEZIER_KNOTS.);
#2930 = CARTESIAN_POINT('',(2.017002929772,9.256525300976E-07,
    -3.780017811652));
#2931 = CARTESIAN_POINT('',(2.017001552617,-1.267377577366,
    -3.86001557996));
#2932 = CARTESIAN_POINT('',(1.132360044525,-2.534140354402,
    -3.939975109913));
#2933 = CARTESIAN_POINT('',(-0.638474345726,-3.104879165154,
    -4.02013523236));
#2934 = CARTESIAN_POINT('',(-2.661821715379,-2.305033100408,
    -4.099895821013));
#2935 = CARTESIAN_POINT('',(-3.732210854528,-3.142445153603E-05,
    -4.180017001371));
#2936 = CARTESIAN_POINT('',(-2.661605941204,2.305074721738,
    -4.260138184154));
#2937 = CARTESIAN_POINT('',(-0.638686843803,3.104861760296,
    -4.339898771217));
#2938 = CARTESIAN_POINT('',(1.132430731572,2.53414408091,-4.420058894296
    ));
#2939 = CARTESIAN_POINT('',(2.017002938689,1.267379344522,
    -4.500018424137));
#2940 = CARTESIAN_POINT('',(2.017001508682,8.415036583766E-07,
    -4.580016192439));
#2941 = CARTESIAN_POINT('',(2.501965637682,-1.110849068804E-07,
    -3.499997862479));
#2942 = CARTESIAN_POINT('',(2.501965052506,-1.572024330346,
    -3.579998130313));
#2943 = CARTESIAN_POINT('',(1.404711837816,-3.144078507134,
    -3.660002987272));
#2944 = CARTESIAN_POINT('',(-0.792335916969,-3.849961573115,
    -3.739983770347));
#2945 = CARTESIAN_POINT('',(-3.301192989766,-2.860646046796,
    -3.82001250317));
#2946 = CARTESIAN_POINT('',(-4.630246179235,-7.642156438337E-06,
    -3.899997959465));
#2947 = CARTESIAN_POINT('',(-3.30113543509,2.860657891831,
    -3.979983416397));
#2948 = CARTESIAN_POINT('',(-0.792390793615,3.849957207892,
    -4.060012148802));
#2949 = CARTESIAN_POINT('',(1.404731290021,3.144079107522,
    -4.139992932042));
#2950 = CARTESIAN_POINT('',(2.501965842569,1.572024118275,
    -4.219997788974));
#2951 = CARTESIAN_POINT('',(2.501965263736,-1.009859648156E-07,
    -4.299998056806));
#2952 = ADVANCED_FACE('',(#2953),#2983,.T.);
#2953 = FACE_BOUND('',#2954,.T.);
#2954 = EDGE_LOOP('',(#2955,#2971,#2972,#2973));
#2955 = ORIENTED_EDGE('',*,*,#2956,.F.);
#2956 = EDGE_CURVE('',#2529,#2957,#2959,.T.);
#2957 = VERTEX_POINT('',#2958);
#2958 = CARTESIAN_POINT('',(2.017008987772,8.414961714121E-07,
    -4.780016192299));
#2959 = B_SPLINE_CURVE_WITH_KNOTS('',10,(#2960,#2961,#2962,#2963,#2964,
    #2965,#2966,#2967,#2968,#2969,#2970),.UNSPECIFIED.,.F.,.F.,(11,11),(
    0.,6.333910135482),.PIECEWISE_BEZIER_KNOTS.);
#2960 = CARTESIAN_POINT('',(2.01701115677,9.256434867972E-07,
    -3.980017811483));
#2961 = CARTESIAN_POINT('',(2.017008748799,-1.267382510525,
    -4.060015579833));
#2962 = CARTESIAN_POINT('',(1.132345268435,-2.534149511664,
    -4.139975110549));
#2963 = CARTESIAN_POINT('',(-0.638421632358,-3.104895662992,
    -4.220135229925));
#2964 = CARTESIAN_POINT('',(-2.661889382943,-2.30503053159,
    -4.299895823341));
#2965 = CARTESIAN_POINT('',(-3.732225396477,-4.710177596046E-05,
    -4.380017000859));
#2966 = CARTESIAN_POINT('',(-2.661558982973,2.305095284234,
    -4.460138182088));
#2967 = CARTESIAN_POINT('',(-0.638744537601,3.104869393014,
    -4.53989877307));
#2968 = CARTESIAN_POINT('',(1.132454327256,2.534154677141,
    -4.620058893412));
#2969 = CARTESIAN_POINT('',(2.017011448595,1.267384277665,
    -4.700018423959));
#2970 = CARTESIAN_POINT('',(2.017008987772,8.414961418549E-07,
    -4.780016192299));
#2971 = ORIENTED_EDGE('',*,*,#2546,.T.);
#2972 = ORIENTED_EDGE('',*,*,#2906,.T.);
#2973 = ORIENTED_EDGE('',*,*,#2974,.F.);
#2974 = EDGE_CURVE('',#2957,#2907,#2975,.T.);
#2975 = ( BOUNDED_CURVE() B_SPLINE_CURVE(6,(#2976,#2977,#2978,#2979,
#2980,#2981,#2982),.UNSPECIFIED.,.F.,.F.) B_SPLINE_CURVE_WITH_KNOTS((7,7
),(0.,2.094395102393),.PIECEWISE_BEZIER_KNOTS.) CURVE() 
GEOMETRIC_REPRESENTATION_ITEM() RATIONAL_B_SPLINE_CURVE((1.056590953773,
    1.017435169568,0.996326512422,0.989390034249,0.996326512422,
1.017435169568,1.056590953773)) REPRESENTATION_ITEM('') );
#2976 = CARTESIAN_POINT('',(2.017008987772,8.414961433223E-07,
    -4.780016192299));
#2977 = CARTESIAN_POINT('',(1.980759167391,9.11943399351E-07,
    -4.759089156143));
#2978 = CARTESIAN_POINT('',(1.955213042293,9.615885609437E-07,
    -4.723668130416));
#2979 = CARTESIAN_POINT('',(1.94597845692,9.795335470519E-07,
    -4.680018848448));
#2980 = CARTESIAN_POINT('',(1.955209777698,9.61591842541E-07,
    -4.636368875939));
#2981 = CARTESIAN_POINT('',(1.980753253555,9.119493440402E-07,
    -4.600945939694));
#2982 = CARTESIAN_POINT('',(2.017001508682,8.415036569231E-07,
    -4.580016192439));
#2983 = ( BOUNDED_SURFACE() B_SPLINE_SURFACE(6,11,(
    (#2984,#2985,#2986,#2987,#2988,#2989,#2990,#2991,#2992,#2993,#2994
      ,#2995)
    ,(#2996,#2997,#2998,#2999,#3000,#3001,#3002,#3003,#3004,#3005,#3006
      ,#3007)
    ,(#3008,#3009,#3010,#3011,#3012,#3013,#3014,#3015,#3016,#3017,#3018
      ,#3019)
    ,(#3020,#3021,#3022,#3023,#3024,#3025,#3026,#3027,#3028,#3029,#3030
      ,#3031)
    ,(#3032,#3033,#3034,#3035,#3036,#3037,#3038,#3039,#3040,#3041,#3042
      ,#3043)
    ,(#3044,#3045,#3046,#3047,#3048,#3049,#3050,#3051,#3052,#3053,#3054
      ,#3055)
    ,(#3056,#3057,#3058,#3059,#3060,#3061,#3062,#3063,#3064,#3065,#3066
,#3067
    )),.UNSPECIFIED.,.F.,.F.,.F.) B_SPLINE_SURFACE_WITH_KNOTS((7,7),(12,
    12),(0.,2.094395102393),(0.,6.333910135482),
.PIECEWISE_BEZIER_KNOTS.) GEOMETRIC_REPRESENTATION_ITEM() 
RATIONAL_B_SPLINE_SURFACE((
    (1.056590953773,1.056590953773,1.056590953773,1.056590953773
      ,1.056590953773,1.056590953774,1.056590953772,1.056590953774
      ,1.056590953773,1.056590953773,1.056590953773,1.056590953773)
    ,(1.017435169568,1.017435169568,1.017435169568,1.017435169568
      ,1.017435169568,1.017435169569,1.017435169568,1.017435169569
      ,1.017435169568,1.017435169568,1.017435169568,1.017435169568)
    ,(0.996326512422,0.996326512422,0.996326512422,0.996326512422
      ,0.996326512422,0.996326512423,0.996326512421,0.996326512423
      ,0.996326512422,0.996326512422,0.996326512422,0.996326512422)
    ,(0.989390034249,0.989390034249,0.989390034248,0.989390034249
      ,0.989390034248,0.98939003425,0.989390034247,0.989390034249
      ,0.989390034248,0.989390034249,0.989390034249,0.989390034249)
    ,(0.996326512422,0.996326512422,0.996326512422,0.996326512422
      ,0.996326512422,0.996326512423,0.996326512421,0.996326512423
      ,0.996326512422,0.996326512422,0.996326512422,0.996326512422)
    ,(1.017435169568,1.017435169568,1.017435169568,1.017435169568
      ,1.017435169568,1.017435169569,1.017435169567,1.017435169569
      ,1.017435169568,1.017435169568,1.017435169568,1.017435169568)
    ,(1.056590953773,1.056590953773,1.056590953773,1.056590953773
      ,1.056590953773,1.056590953774,1.056590953772,1.056590953774
      ,1.056590953773,1.056590953773,1.056590953773,1.056590953773
))) REPRESENTATION_ITEM('') SURFACE() );
#2984 = CARTESIAN_POINT('',(2.01701115677,9.256434863048E-07,
    -3.980017811483));
#2985 = CARTESIAN_POINT('',(2.017008967705,-1.15216583451,
    -4.052743055437));
#2986 = CARTESIAN_POINT('',(1.293193173956,-2.30382823873,
    -4.125437014056));
#2987 = CARTESIAN_POINT('',(-0.155360543741,-2.952412083062,
    -4.198374867204));
#2988 = CARTESIAN_POINT('',(-1.926572668335,-2.583419481244,
    -4.270493268262));
#2989 = CARTESIAN_POINT('',(-3.244834490705,-1.070036660689,
    -4.344310253321));
#2990 = CARTESIAN_POINT('',(-3.246433380869,1.070014709955,
    -4.415723750084));
#2991 = CARTESIAN_POINT('',(-1.925500353596,2.58345113475,
    -4.489540736283));
#2992 = CARTESIAN_POINT('',(-0.155814962859,2.952394386392,
    -4.561659136054));
#2993 = CARTESIAN_POINT('',(1.293282894771,2.303832786327,
    -4.634596989876));
#2994 = CARTESIAN_POINT('',(2.017011224884,1.15216760165,-4.707290948353
    ));
#2995 = CARTESIAN_POINT('',(2.017008987772,8.414961433223E-07,
    -4.780016192299));
#2996 = CARTESIAN_POINT('',(1.980761258132,1.003135547961E-06,
    -3.959090910885));
#2997 = CARTESIAN_POINT('',(1.980759211374,-1.131464348039,
    -4.03181598499));
#2998 = CARTESIAN_POINT('',(1.269949333737,-2.26238597831,
    -4.104507154547));
#2999 = CARTESIAN_POINT('',(-0.152560225723,-2.899474755993,
    -4.1774626375));
#3000 = CARTESIAN_POINT('',(-1.891956690279,-2.536734270995,
    -4.249530063826));
#3001 = CARTESIAN_POINT('',(-3.186522988056,-1.051169486823,
    -4.323438279524));
#3002 = CARTESIAN_POINT('',(-3.188064300567,1.051147987364,
    -4.394741787139));
#3003 = CARTESIAN_POINT('',(-1.890923337217,2.536764580403,
    -4.468650003936));
#3004 = CARTESIAN_POINT('',(-0.152998558584,2.899457681416,
    -4.540717429022));
#3005 = CARTESIAN_POINT('',(1.270035575411,2.262390497583,
    -4.613672912624));
#3006 = CARTESIAN_POINT('',(1.980761266219,1.131466263118,
    -4.686364082045));
#3007 = CARTESIAN_POINT('',(1.980759167391,9.11943399351E-07,
    -4.759089156143));
#3008 = CARTESIAN_POINT('',(1.955215000575,1.057745359356E-06,
    -3.923669980688));
#3009 = CARTESIAN_POINT('',(1.955213150968,-1.116875487798,
    -3.996394935096));
#3010 = CARTESIAN_POINT('',(1.25357044755,-2.233180631799,
    -4.069084139129));
#3011 = CARTESIAN_POINT('',(-0.150594823217,-2.862168171971,
    -4.142052046263));
#3012 = CARTESIAN_POINT('',(-1.86754278596,-2.503834618662,
    -4.214083549385));
#3013 = CARTESIAN_POINT('',(-3.14545787751,-1.037872972485,
    -4.28805605764));
#3014 = CARTESIAN_POINT('',(-3.146901658051,1.037852472065,
    -4.359282053123));
#3015 = CARTESIAN_POINT('',(-1.866575191191,2.503862792531,
    -4.433254562407));
#3016 = CARTESIAN_POINT('',(-0.151005715064,2.862152161672,
    -4.505286064367));
#3017 = CARTESIAN_POINT('',(1.253650967513,2.233185009413,
    -4.578253972109));
#3018 = CARTESIAN_POINT('',(1.955214946803,1.116877507132,
    -4.650943176015));
#3019 = CARTESIAN_POINT('',(1.955213042293,9.615885609437E-07,
    -4.723668130416));
#3020 = CARTESIAN_POINT('',(1.945980251974,1.07748501138E-06,
    -3.880020733254));
#3021 = CARTESIAN_POINT('',(1.945978618159,-1.111601775397,
    -3.952745644393));
#3022 = CARTESIAN_POINT('',(1.247652099838,-2.222623311277,
    -4.025434137907));
#3023 = CARTESIAN_POINT('',(-0.149896366102,-2.848681785558,
    -4.098406536263));
#3024 = CARTESIAN_POINT('',(-1.85868885521,-2.491942642961,
    -4.170425053507));
#3025 = CARTESIAN_POINT('',(-3.130655781613,-1.033065920859,
    -4.244420802844));
#3026 = CARTESIAN_POINT('',(-3.131979326271,1.033046797668,
    -4.315618778545));
#3027 = CARTESIAN_POINT('',(-1.857802177449,2.491968271852,
    -4.389614528825));
#3028 = CARTESIAN_POINT('',(-0.150273309808,2.848667093804,
    -4.461633045005));
#3029 = CARTESIAN_POINT('',(1.24772567273,2.222627456106,-4.534605443919
    ));
#3030 = CARTESIAN_POINT('',(1.945980146664,1.111603832416,
    -4.607293937316));
#3031 = CARTESIAN_POINT('',(1.94597845692,9.795335470519E-07,
    -4.680018848448));
#3032 = CARTESIAN_POINT('',(1.955211409521,1.057749308697E-06,
    -3.836370726225));
#3033 = CARTESIAN_POINT('',(1.955209968957,-1.116873530248,
    -3.909095680616));
#3034 = CARTESIAN_POINT('',(1.253575153474,-2.233176969925,
    -3.981784884375));
#3035 = CARTESIAN_POINT('',(-0.150628561106,-2.862161844718,
    -4.054752793227));
#3036 = CARTESIAN_POINT('',(-1.867458645326,-2.503832713031,
    -4.126784291431));
#3037 = CARTESIAN_POINT('',(-3.145572617288,-1.037869750522,
    -4.200756808399));
#3038 = CARTESIAN_POINT('',(-3.146775884836,1.037852125872,
    -4.271982793482));
#3039 = CARTESIAN_POINT('',(-1.866652788863,2.50385586883,
    -4.345955311306));
#3040 = CARTESIAN_POINT('',(-0.150971446052,2.862148477367,
    -4.417986808543));
#3041 = CARTESIAN_POINT('',(1.253641865336,2.233180833637,
    -4.490954717902));
#3042 = CARTESIAN_POINT('',(1.955211273166,1.116875549589,
    -4.563643921554));
#3043 = CARTESIAN_POINT('',(1.955209777698,9.61591842541E-07,
    -4.636368875939));
#3044 = CARTESIAN_POINT('',(1.980754752912,1.003142699962E-06,
    -3.800947694458));
#3045 = CARTESIAN_POINT('',(1.980753447139,-1.131460801922,
    -3.873672768533));
#3046 = CARTESIAN_POINT('',(1.269957858552,-2.2623793448,-3.946363937594
    ));
#3047 = CARTESIAN_POINT('',(-0.152621342146,-2.899463294129,
    -4.019319423659));
#3048 = CARTESIAN_POINT('',(-1.891804268928,-2.536730818931,
    -4.091386841076));
#3049 = CARTESIAN_POINT('',(-3.186730839972,-1.051163650214,
    -4.165295072559));
#3050 = CARTESIAN_POINT('',(-3.187836461501,1.051147360233,
    -4.236598561332));
#3051 = CARTESIAN_POINT('',(-1.891063905946,2.536752038071,
    -4.310506793601));
#3052 = CARTESIAN_POINT('',(-0.152936480028,2.899451007271,
    -4.382574210131));
#3053 = CARTESIAN_POINT('',(1.270019086755,2.262382933136,
    -4.455529696662));
#3054 = CARTESIAN_POINT('',(1.980754611398,1.131462717014,
    -4.528220865624));
#3055 = CARTESIAN_POINT('',(1.980753253555,9.119493440402E-07,
    -4.600945939694));
#3056 = CARTESIAN_POINT('',(2.017002929772,9.256525306256E-07,
    -3.780017811652));
#3057 = CARTESIAN_POINT('',(2.017001677813,-1.152161349819,
    -3.852743055568));
#3058 = CARTESIAN_POINT('',(1.293203955088,-2.303819849486,
    -3.925437013558));
#3059 = CARTESIAN_POINT('',(-0.155437836242,-2.952397587514,
    -3.998374870642));
#3060 = CARTESIAN_POINT('',(-1.926379904644,-2.5834151155,
    -4.070493260434));
#3061 = CARTESIAN_POINT('',(-3.245097356128,-1.070029279268,
    -4.144310265454));
#3062 = CARTESIAN_POINT('',(-3.246145238168,1.070013916835,
    -4.21572373839));
#3063 = CARTESIAN_POINT('',(-1.925678127556,2.583435272758,
    -4.289540744155));
#3064 = CARTESIAN_POINT('',(-0.155736453571,2.952385945757,
    -4.361659133106));
#3065 = CARTESIAN_POINT('',(1.293262041956,2.303823219749,
    -4.434596990631));
#3066 = CARTESIAN_POINT('',(2.017002808689,1.152163116975,
    -4.507290948528));
#3067 = CARTESIAN_POINT('',(2.017001508682,8.415036569231E-07,
    -4.580016192439));
#3068 = ADVANCED_FACE('',(#3069),#3079,.T.);
#3069 = FACE_BOUND('',#3070,.T.);
#3070 = EDGE_LOOP('',(#3071,#3072,#3073,#3074));
#3071 = ORIENTED_EDGE('',*,*,#2678,.F.);
#3072 = ORIENTED_EDGE('',*,*,#2647,.T.);
#3073 = ORIENTED_EDGE('',*,*,#2956,.T.);
#3074 = ORIENTED_EDGE('',*,*,#3075,.F.);
#3075 = EDGE_CURVE('',#2679,#2957,#3076,.T.);
#3076 = B_SPLINE_CURVE_WITH_KNOTS('',1,(#3077,#3078),.UNSPECIFIED.,.F.,
  .F.,(2,2),(0.,0.56),.PIECEWISE_BEZIER_KNOTS.);
#3077 = CARTESIAN_POINT('',(2.501993684278,-1.01014529483E-07,
    -5.059998056274));
#3078 = CARTESIAN_POINT('',(2.017008987772,8.414961418549E-07,
    -4.780016192299));
#3079 = B_SPLINE_SURFACE_WITH_KNOTS('',1,10,(
    (#3080,#3081,#3082,#3083,#3084,#3085,#3086,#3087,#3088,#3089,#3090)
    ,(#3091,#3092,#3093,#3094,#3095,#3096,#3097,#3098,#3099,#3100,#3101
    )),.UNSPECIFIED.,.F.,.F.,.F.,(2,2),(11,11),(0.,0.56),(0.,
    6.333910135482),.PIECEWISE_BEZIER_KNOTS.);
#3080 = CARTESIAN_POINT('',(2.501996900276,-1.111192695766E-07,
    -4.259997861836));
#3081 = CARTESIAN_POINT('',(2.501992397994,-1.572043076349,
    -4.339998129831));
#3082 = CARTESIAN_POINT('',(1.404655688674,-3.144113304731,
    -4.420002989688));
#3083 = CARTESIAN_POINT('',(-0.792135606171,-3.850024264899,
    -4.499983761093));
#3084 = CARTESIAN_POINT('',(-3.301450126506,-2.860636285286,
    -4.58001251202));
#3085 = CARTESIAN_POINT('',(-4.630301438645,-6.72159908639E-05,
    -4.659997957516));
#3086 = CARTESIAN_POINT('',(-3.30095699381,2.860736029318,
    -4.739983408544));
#3087 = CARTESIAN_POINT('',(-0.792610030048,3.849986212221,
    -4.820012155845));
#3088 = CARTESIAN_POINT('',(1.404820953621,3.144119373199,
    -4.899992928684));
#3089 = CARTESIAN_POINT('',(2.501998180212,1.572042864216,
    -4.979997788296));
#3090 = CARTESIAN_POINT('',(2.501993684278,-1.01014529483E-07,
    -5.059998056274));
#3091 = CARTESIAN_POINT('',(2.01701115677,9.256434867972E-07,
    -3.980017811483));
#3092 = CARTESIAN_POINT('',(2.017008748799,-1.267382510525,
    -4.060015579833));
#3093 = CARTESIAN_POINT('',(1.132345268435,-2.534149511664,
    -4.139975110549));
#3094 = CARTESIAN_POINT('',(-0.638421632358,-3.104895662992,
    -4.220135229925));
#3095 = CARTESIAN_POINT('',(-2.661889382943,-2.30503053159,
    -4.299895823341));
#3096 = CARTESIAN_POINT('',(-3.732225396477,-4.710177596046E-05,
    -4.380017000859));
#3097 = CARTESIAN_POINT('',(-2.661558982973,2.305095284234,
    -4.460138182088));
#3098 = CARTESIAN_POINT('',(-0.638744537601,3.104869393014,
    -4.53989877307));
#3099 = CARTESIAN_POINT('',(1.132454327256,2.534154677141,
    -4.620058893412));
#3100 = CARTESIAN_POINT('',(2.017011448595,1.267384277665,
    -4.700018423959));
#3101 = CARTESIAN_POINT('',(2.017008987772,8.414961418549E-07,
    -4.780016192299));
#3102 = ADVANCED_FACE('',(#3103),#3318,.T.);
#3103 = FACE_BOUND('',#3104,.F.);
#3104 = EDGE_LOOP('',(#3105,#3214,#3215,#3312));
#3105 = ORIENTED_EDGE('',*,*,#3106,.F.);
#3106 = EDGE_CURVE('',#2679,#3107,#3109,.T.);
#3107 = VERTEX_POINT('',#3108);
#3108 = CARTESIAN_POINT('',(2.45,1.17193330317E-11,-5.829983872847));
#3109 = B_SPLINE_CURVE_WITH_KNOTS('',7,(#3110,#3111,#3112,#3113,#3114,
    #3115,#3116,#3117,#3118,#3119,#3120,#3121,#3122,#3123,#3124,#3125,
    #3126,#3127,#3128,#3129,#3130,#3131,#3132,#3133,#3134,#3135,#3136,
    #3137,#3138,#3139,#3140,#3141,#3142,#3143,#3144,#3145,#3146,#3147,
    #3148,#3149,#3150,#3151,#3152,#3153,#3154,#3155,#3156,#3157,#3158,
    #3159,#3160,#3161,#3162,#3163,#3164,#3165,#3166,#3167,#3168,#3169,
    #3170,#3171,#3172,#3173,#3174,#3175,#3176,#3177,#3178,#3179,#3180,
    #3181,#3182,#3183,#3184,#3185,#3186,#3187,#3188,#3189,#3190,#3191,
    #3192,#3193,#3194,#3195,#3196,#3197,#3198,#3199,#3200,#3201,#3202,
    #3203,#3204,#3205,#3206,#3207,#3208,#3209,#3210,#3211,#3212,#3213),
  .UNSPECIFIED.,.F.,.F.,(8,6,6,6,6,6,6,6,6,6,6,6,6,6,6,6,6,8),(0.,
    1.877070076769E-02,5.677074606809E-02,0.125772007684,0.22962434057,
    0.245624813928,0.266144785629,0.324147370744,0.376151828993,
    0.403047020749,0.497749397493,0.597576854025,0.711072553688,
    0.737333820197,0.806103925585,0.870404830353,0.968680079924,1.),
  .UNSPECIFIED.);
#3110 = CARTESIAN_POINT('',(2.45,2.910649499199E-11,-5.029982081041));
#3111 = CARTESIAN_POINT('',(2.45,-4.12769783546E-02,-5.032127270298));
#3112 = CARTESIAN_POINT('',(2.449188671415,-8.255396833394E-02,
    -5.034272391696));
#3113 = CARTESIAN_POINT('',(2.447566015364,-0.123811796789,
    -5.036417478947));
#3114 = CARTESIAN_POINT('',(2.44513259722,-0.165031324048,
    -5.038562562089));
#3115 = CARTESIAN_POINT('',(2.441889546612,-0.206193443882,
    -5.040707667484));
#3116 = CARTESIAN_POINT('',(2.43783855742,-0.24727908351,-5.042852817814
    ));
#3117 = CARTESIAN_POINT('',(2.423149880509,-0.371250997378,
    -5.049340876859));
#3118 = CARTESIAN_POINT('',(2.410015820008,-0.453841913922,
    -5.053683997618));
#3119 = CARTESIAN_POINT('',(2.393598585909,-0.53588334837,
    -5.058027533931));
#3120 = CARTESIAN_POINT('',(2.373926263441,-0.617218938,-5.062371558423)
  );
#3121 = CARTESIAN_POINT('',(2.351036143427,-0.697694562225,
    -5.066716076783));
#3122 = CARTESIAN_POINT('',(2.324974722285,-0.777158342593,
    -5.071061027759));
#3123 = CARTESIAN_POINT('',(2.242817470241,-0.997643565422,
    -5.083296487047));
#3124 = CARTESIAN_POINT('',(2.179561094109,-1.136006185717,
    -5.091188168216));
#3125 = CARTESIAN_POINT('',(2.106363561109,-1.269643605099,
    -5.099079977341));
#3126 = CARTESIAN_POINT('',(2.023655761695,-1.397705304321,
    -5.106970961656));
#3127 = CARTESIAN_POINT('',(1.931953234076,-1.519392733448,
    -5.114860583193));
#3128 = CARTESIAN_POINT('',(1.83185395724,-1.633962881381,
    -5.122748443327));
#3129 = CARTESIAN_POINT('',(1.561784510454,-1.901442523994,
    -5.142501666466));
#3130 = CARTESIAN_POINT('',(1.382001666727,-2.044546278093,
    -5.154367927934));
#3131 = CARTESIAN_POINT('',(1.187065516659,-2.167670503037,
    -5.166226443558));
#3132 = CARTESIAN_POINT('',(0.979661465258,-2.268960759003,
    -5.178080216732));
#3133 = CARTESIAN_POINT('',(0.762704944854,-2.346993446699,
    -5.189935428535));
#3134 = CARTESIAN_POINT('',(0.539308928691,-2.400791506589,
    -5.201795690407));
#3135 = CARTESIAN_POINT('',(0.277908215066,-2.434441419269,
    -5.215483807475));
#3136 = CARTESIAN_POINT('',(0.242935690443,-2.438349017008,
    -5.217311273406));
#3137 = CARTESIAN_POINT('',(0.20789967422,-2.441670400811,
    -5.219138831623));
#3138 = CARTESIAN_POINT('',(0.172811957299,-2.444404354022,
    -5.220966485452));
#3139 = CARTESIAN_POINT('',(0.137684353572,-2.446549956924,
    -5.222794237429));
#3140 = CARTESIAN_POINT('',(0.10252869992,-2.448106586734,
    -5.224622089305));
#3141 = CARTESIAN_POINT('',(2.225036334577E-02,-2.450314481047,
    -5.22879431884));
#3142 = CARTESIAN_POINT('',(-2.288279318542E-02,-2.450585822649,
    -5.231138762104));
#3143 = CARTESIAN_POINT('',(-6.801758204189E-02,-2.449887256009,
    -5.233483373768));
#3144 = CARTESIAN_POINT('',(-0.113128999062,-2.448218900377,
    -5.235828153616));
#3145 = CARTESIAN_POINT('',(-0.158192067256,-2.445581680658,
    -5.238173099283));
#3146 = CARTESIAN_POINT('',(-0.203181836809,-2.441977327414,
    -5.240518206256));
#3147 = CARTESIAN_POINT('',(-0.374965657992,-2.424493595748,
    -5.249492679572));
#3148 = CARTESIAN_POINT('',(-0.501076731532,-2.40387114765,
    -5.256123309441));
#3149 = CARTESIAN_POINT('',(-0.625839314287,-2.375599124041,
    -5.262754929415));
#3150 = CARTESIAN_POINT('',(-0.748697807885,-2.339785825367,
    -5.269387336143));
#3151 = CARTESIAN_POINT('',(-0.869110105727,-2.296589247554,
    -5.276020374678));
#3152 = CARTESIAN_POINT('',(-0.986549391718,-2.246216568509,
    -5.28265376217));
#3153 = CARTESIAN_POINT('',(-1.202678083459,-2.137555441603,
    -5.295234117864));
#3154 = CARTESIAN_POINT('',(-1.302054670032,-2.080622272682,
    -5.301181373167));
#3155 = CARTESIAN_POINT('',(-1.398269193084,-2.018308568193,
    -5.30712828971));
#3156 = CARTESIAN_POINT('',(-1.490973432583,-1.950826616687,
    -5.313074716939));
#3157 = CARTESIAN_POINT('',(-1.579838316285,-1.878415934414,
    -5.319020618818));
#3158 = CARTESIAN_POINT('',(-1.664554781921,-1.801342644787,
    -5.324965951159));
#3159 = CARTESIAN_POINT('',(-1.786353044394,-1.67777850239,
    -5.333984906676));
#3160 = CARTESIAN_POINT('',(-1.826685258746,-1.634488781743,
    -5.337059102859));
#3161 = CARTESIAN_POINT('',(-1.865791647493,-1.590069915542,
    -5.340133126896));
#3162 = CARTESIAN_POINT('',(-1.903634404751,-1.54456364601,
    -5.343206981882));
#3163 = CARTESIAN_POINT('',(-1.940177553689,-1.498013237958,
    -5.346280674601));
#3164 = CARTESIAN_POINT('',(-1.97538694653,-1.450463478785,
    -5.349354215531));
#3165 = CARTESIAN_POINT('',(-2.128398132273,-1.231174371803,
    -5.363249575454));
#3166 = CARTESIAN_POINT('',(-2.230651989772,-1.048538018738,
    -5.374071872943));
#3167 = CARTESIAN_POINT('',(-2.314533293813,-0.856119039236,
    -5.384891581045));
#3168 = CARTESIAN_POINT('',(-2.378966201691,-0.656142759489,
    -5.39571038518));
#3169 = CARTESIAN_POINT('',(-2.423196901224,-0.450949597529,
    -5.40653122233));
#3170 = CARTESIAN_POINT('',(-2.446800233366,-0.242974079743,
    -5.417355170244));
#3171 = CARTESIAN_POINT('',(-2.452866811473,0.184751555714,
    -5.439587748864));
#3172 = CARTESIAN_POINT('',(-2.433035826643,0.404625885304,
    -5.451001206256));
#3173 = CARTESIAN_POINT('',(-2.390200571508,0.621905287369,
    -5.462414324744));
#3174 = CARTESIAN_POINT('',(-2.324806053997,0.833728079926,
    -5.473826911306));
#3175 = CARTESIAN_POINT('',(-2.237701652625,1.037342007786,
    -5.48524004635));
#3176 = CARTESIAN_POINT('',(-2.130132699979,1.230131990595,
    -5.496653127377));
#3177 = CARTESIAN_POINT('',(-1.86022206757,1.613804055512,
    -5.521031095382));
#3178 = CARTESIAN_POINT('',(-1.692303187847,1.800944862277,
    -5.534002929294));
#3179 = CARTESIAN_POINT('',(-1.502570721536,1.967471600573,
    -5.546966728943));
#3180 = CARTESIAN_POINT('',(-1.29411729868,2.110432009314,
    -5.559925549265));
#3181 = CARTESIAN_POINT('',(-1.070424083898,2.227438897412,
    -5.572884840231));
#3182 = CARTESIAN_POINT('',(-0.835358946659,2.316671025544,
    -5.585850343167));
#3183 = CARTESIAN_POINT('',(-0.537176636748,2.391082637712,
    -5.601814404505));
#3184 = CARTESIAN_POINT('',(-0.48076164789,2.403524276817,
    -5.604814365467));
#3185 = CARTESIAN_POINT('',(-0.424013104916,2.414412402972,
    -5.607814556701));
#3186 = CARTESIAN_POINT('',(-0.366982347106,2.423736435879,
    -5.610814996409));
#3187 = CARTESIAN_POINT('',(-0.309721064012,2.431487928538,
    -5.613815698037));
#3188 = CARTESIAN_POINT('',(-0.252281295458,2.437660567249,
    -5.616816670272));
#3189 = CARTESIAN_POINT('',(-4.396830261336E-02,2.454268920794,
    -5.627677250744));
#3190 = CARTESIAN_POINT('',(0.107652241124,2.455432667784,
    -5.635538893149));
#3191 = CARTESIAN_POINT('',(0.259194010738,2.44566350841,-5.643402193504
    ));
#3192 = CARTESIAN_POINT('',(0.409713506443,2.424992051045,
    -5.651267073864));
#3193 = CARTESIAN_POINT('',(0.558278533049,2.393546290503,
    -5.659133427449));
#3194 = CARTESIAN_POINT('',(0.703972252368,2.351551057394,
    -5.667000650123));
#3195 = CARTESIAN_POINT('',(0.978601642567,2.250518224342,
    -5.682222725229));
#3196 = CARTESIAN_POINT('',(1.108023136227,2.192761087781,
    -5.689578310184));
#3197 = CARTESIAN_POINT('',(1.233431089422,2.126334436835,
    -5.696932961449));
#3198 = CARTESIAN_POINT('',(1.354133059953,2.051578465575,
    -5.704286153839));
#3199 = CARTESIAN_POINT('',(1.469474960677,1.968898206175,
    -5.711637728416));
#3200 = CARTESIAN_POINT('',(1.578843571505,1.878762009994,
    -5.718987610435));
#3201 = CARTESIAN_POINT('',(1.838833466025,1.633369152519,
    -5.737565636114));
#3202 = CARTESIAN_POINT('',(1.980763350804,1.468826164671,
    -5.748794214409));
#3203 = CARTESIAN_POINT('',(2.105390267759,1.290010432903,
    -5.760017363794));
#3204 = CARTESIAN_POINT('',(2.211044854893,1.099124463105,
    -5.771238353814));
#3205 = CARTESIAN_POINT('',(2.296396779612,0.898572803815,
    -5.782463059148));
#3206 = CARTESIAN_POINT('',(2.360467354387,0.690938404857,
    -5.793694425051));
#3207 = CARTESIAN_POINT('',(2.416183890692,0.411459345901,
    -5.808505306609));
#3208 = CARTESIAN_POINT('',(2.42743406401,0.343474369331,-5.812084997674
    ));
#3209 = CARTESIAN_POINT('',(2.436451673124,0.275135038463,
    -5.815664881913));
#3210 = CARTESIAN_POINT('',(2.443223630215,0.206529307511,
    -5.819244855432));
#3211 = CARTESIAN_POINT('',(2.447741200054,0.13774558027,-5.822824787677
    ));
#3212 = CARTESIAN_POINT('',(2.45,6.88727101202E-02,-5.826404521438));
#3213 = CARTESIAN_POINT('',(2.45,2.346967065137E-11,-5.829983872847));
#3214 = ORIENTED_EDGE('',*,*,#2892,.T.);
#3215 = ORIENTED_EDGE('',*,*,#3216,.T.);
#3216 = EDGE_CURVE('',#2801,#3217,#3219,.T.);
#3217 = VERTEX_POINT('',#3218);
#3218 = CARTESIAN_POINT('',(2.45,1.408656297134E-12,-5.930002245486));
#3219 = B_SPLINE_CURVE_WITH_KNOTS('',6,(#3220,#3221,#3222,#3223,#3224,
    #3225,#3226,#3227,#3228,#3229,#3230,#3231,#3232,#3233,#3234,#3235,
    #3236,#3237,#3238,#3239,#3240,#3241,#3242,#3243,#3244,#3245,#3246,
    #3247,#3248,#3249,#3250,#3251,#3252,#3253,#3254,#3255,#3256,#3257,
    #3258,#3259,#3260,#3261,#3262,#3263,#3264,#3265,#3266,#3267,#3268,
    #3269,#3270,#3271,#3272,#3273,#3274,#3275,#3276,#3277,#3278,#3279,
    #3280,#3281,#3282,#3283,#3284,#3285,#3286,#3287,#3288,#3289,#3290,
    #3291,#3292,#3293,#3294,#3295,#3296,#3297,#3298,#3299,#3300,#3301,
    #3302,#3303,#3304,#3305,#3306,#3307,#3308,#3309,#3310,#3311),
  .UNSPECIFIED.,.F.,.F.,(7,5,5,5,5,5,5,5,5,5,5,5,5,5,5,5,5,5,7),(0.,
    2.581074224265E-02,4.564593335258E-02,0.127644029033,0.179779892936,
    0.262779759967,0.298655081631,0.354657766224,0.402033857157,
    0.491813427707,0.598008598234,0.621355646095,0.672359431621,
    0.737361088821,0.766207782317,0.872846206366,0.94255715895,
    0.973556683124,1.),.UNSPECIFIED.);
#3220 = CARTESIAN_POINT('',(2.45,3.655742375486E-12,-5.130002526185));
#3221 = CARTESIAN_POINT('',(2.45,-6.621869626872E-02,-5.133443826729));
#3222 = CARTESIAN_POINT('',(2.447852278959,-0.132437498579,
    -5.136885390872));
#3223 = CARTESIAN_POINT('',(2.44355685387,-0.198569029271,-5.14032707267
    ));
#3224 = CARTESIAN_POINT('',(2.437118435744,-0.264526322345,
    -5.143768747357));
#3225 = CARTESIAN_POINT('',(2.42854642961,-0.330222823451,
    -5.147210311342));
#3226 = CARTESIAN_POINT('',(2.409638671436,-0.445792609335,
    -5.15329632715));
#3227 = CARTESIAN_POINT('',(2.40017068384,-0.495808041545,
    -5.155940862061));
#3228 = CARTESIAN_POINT('',(2.389457368975,-0.545579621807,
    -5.15858525339));
#3229 = CARTESIAN_POINT('',(2.37750672174,-0.595068657995,-5.16122947982
    ));
#3230 = CARTESIAN_POINT('',(2.364328334678,-0.644236830569,
    -5.163873532272));
#3231 = CARTESIAN_POINT('',(2.29042515377,-0.894822657158,
    -5.177447142667));
#3232 = CARTESIAN_POINT('',(2.210118548458,-1.090493661693,
    -5.188375361452));
#3233 = CARTESIAN_POINT('',(2.109810832797,-1.277320747123,
    -5.199299102648));
#3234 = CARTESIAN_POINT('',(1.99076763337,-1.452806376674,
    -5.210223699846));
#3235 = CARTESIAN_POINT('',(1.854615013389,-1.614670028764,
    -5.221153364661));
#3236 = CARTESIAN_POINT('',(1.607272360103,-1.853932779545,
    -5.239036470009));
#3237 = CARTESIAN_POINT('',(1.50503910976,-1.940634041529,-5.24598910199
    ));
#3238 = CARTESIAN_POINT('',(1.397231367052,-2.020535754889,
    -5.252943320509));
#3239 = CARTESIAN_POINT('',(1.284417210827,-2.093197427637,-5.2598991045
    ));
#3240 = CARTESIAN_POINT('',(1.167209314777,-2.15824314283,
    -5.266856203761));
#3241 = CARTESIAN_POINT('',(0.853714431661,-2.306299073942,
    -5.284890186844));
#3242 = CARTESIAN_POINT('',(0.651657069902,-2.377164295537,
    -5.295969650663));
#3243 = CARTESIAN_POINT('',(0.44276217152,-2.426685643394,
    -5.307046905666));
#3244 = CARTESIAN_POINT('',(0.229839028907,-2.45412724392,
    -5.318121028372));
#3245 = CARTESIAN_POINT('',(1.577566817923E-02,-2.459185730227,
    -5.329192771884));
#3246 = CARTESIAN_POINT('',(-0.288221455093,-2.434727848352,
    -5.345042524634));
#3247 = CARTESIAN_POINT('',(-0.37963256732,-2.423210778473,
    -5.349825112855));
#3248 = CARTESIAN_POINT('',(-0.470477259342,-2.407576684948,
    -5.354607022045));
#3249 = CARTESIAN_POINT('',(-0.560524599852,-2.387861723745,
    -5.359388311438));
#3250 = CARTESIAN_POINT('',(-0.6495470219,-2.364119300309,-5.36416907274
    ));
#3251 = CARTESIAN_POINT('',(-0.874337644642,-2.293180560866,
    -5.376411742239));
#3252 = CARTESIAN_POINT('',(-1.008315950066,-2.2402971846,
    -5.383873283122));
#3253 = CARTESIAN_POINT('',(-1.138399136173,-2.17804053868,
    -5.391334069855));
#3254 = CARTESIAN_POINT('',(-1.263774576645,-2.106776350093,
    -5.398794884265));
#3255 = CARTESIAN_POINT('',(-1.383678003257,-2.026962958577,
    -5.406256454065));
#3256 = CARTESIAN_POINT('',(-1.593601404962,-1.864861441086,
    -5.4200313477));
#3257 = CARTESIAN_POINT('',(-1.685383136972,-1.784845680964,
    -5.426344732129));
#3258 = CARTESIAN_POINT('',(-1.772314520689,-1.699433073831,
    -5.432658782975));
#3259 = CARTESIAN_POINT('',(-1.854003532547,-1.608993847964,
    -5.43897369211));
#3260 = CARTESIAN_POINT('',(-1.930096769098,-1.513935251946,
    -5.445289553196));
#3261 = CARTESIAN_POINT('',(-2.133282981301,-1.226644975565,
    -5.463576111941));
#3262 = CARTESIAN_POINT('',(-2.245093259435,-1.023550808003,
    -5.475551003833));
#3263 = CARTESIAN_POINT('',(-2.333526397092,-0.808478681404,
    -5.487525365567));
#3264 = CARTESIAN_POINT('',(-2.39710485453,-0.584796332803,
    -5.499499901981));
#3265 = CARTESIAN_POINT('',(-2.434906889111,-0.356063494691,
    -5.511475595271));
#3266 = CARTESIAN_POINT('',(-2.460771575789,0.146049179259,
    -5.537608003604));
#3267 = CARTESIAN_POINT('',(-2.438483703888,0.420102032278,
    -5.551771101856));
#3268 = CARTESIAN_POINT('',(-2.379524627075,0.689844612815,
    -5.565925076665));
#3269 = CARTESIAN_POINT('',(-2.285066064645,0.949297900988,
    -5.580077414781));
#3270 = CARTESIAN_POINT('',(-2.157313724951,1.192780691343,
    -5.594237605972));
#3271 = CARTESIAN_POINT('',(-1.965342014103,1.464075999188,
    -5.611508655386));
#3272 = CARTESIAN_POINT('',(-1.929308924321,1.51195588442,
    -5.614621529772));
#3273 = CARTESIAN_POINT('',(-1.89187862514,1.558768072188,
    -5.617734576896));
#3274 = CARTESIAN_POINT('',(-1.853090873327,1.604461825813,
    -5.620847805875));
#3275 = CARTESIAN_POINT('',(-1.812987850493,1.648988426256,
    -5.62396122151));
#3276 = CARTESIAN_POINT('',(-1.681229516128,1.786921871622,
    -5.633876777546));
#3277 = CARTESIAN_POINT('',(-1.58477869106,1.875751360425,-5.64067975196
    ));
#3278 = CARTESIAN_POINT('',(-1.482729701565,1.958300100955,
    -5.647483473643));
#3279 = CARTESIAN_POINT('',(-1.375596606132,2.034133847534,
    -5.654287943103));
#3280 = CARTESIAN_POINT('',(-1.263936819267,2.102875659636,
    -5.661093042658));
#3281 = CARTESIAN_POINT('',(-1.001037056467,2.242372667214,
    -5.676570889373));
#3282 = CARTESIAN_POINT('',(-0.847333833824,2.30850882169,
    -5.685244288254));
#3283 = CARTESIAN_POINT('',(-0.688482881785,2.361953460504,
    -5.693916681095));
#3284 = CARTESIAN_POINT('',(-0.525794890389,2.402233768631,
    -5.702587695818));
#3285 = CARTESIAN_POINT('',(-0.360629258405,2.429044396156,
    -5.711257146285));
#3286 = CARTESIAN_POINT('',(-0.120617530505,2.448147964799,
    -5.723770001833));
#3287 = CARTESIAN_POINT('',(-4.663071615799E-02,2.451345765734,
    -5.727615698378));
#3288 = CARTESIAN_POINT('',(2.744757704869E-02,2.451859734909,
    -5.731460922356));
#3289 = CARTESIAN_POINT('',(0.101495847848,2.44968755363,-5.735305670919
    ));
#3290 = CARTESIAN_POINT('',(0.175392679322,2.444834246256,
    -5.739149960957));
#3291 = CARTESIAN_POINT('',(0.521184974978,2.409505136387,
    -5.757203569997));
#3292 = CARTESIAN_POINT('',(0.78972834937,2.345216455572,-5.771412725995
    ));
#3293 = CARTESIAN_POINT('',(1.04830343699,2.245047296943,-5.785611848883
    ));
#3294 = CARTESIAN_POINT('',(1.291108416427,2.111102092537,-5.79981327379
    ));
#3295 = CARTESIAN_POINT('',(1.512803124837,1.946477931132,
    -5.814029026564));
#3296 = CARTESIAN_POINT('',(1.837014171718,1.630909332761,-5.83754130518
    ));
#3297 = CARTESIAN_POINT('',(1.954255671959,1.49493025715,-5.846839441675
    ));
#3298 = CARTESIAN_POINT('',(2.059326647195,1.34892934077,-5.856139744762
    ));
#3299 = CARTESIAN_POINT('',(2.151192004312,1.194279447674,
    -5.865441693209));
#3300 = CARTESIAN_POINT('',(2.229007588219,1.032477813067,
    -5.874743698487));
#3301 = CARTESIAN_POINT('',(2.32024577079,0.790749344279,-5.888178722551
    ));
#3302 = CARTESIAN_POINT('',(2.345431363024,0.715249100317,
    -5.892313793479));
#3303 = CARTESIAN_POINT('',(2.367665237949,0.63879630158,-5.896448406726
    ));
#3304 = CARTESIAN_POINT('',(2.386903405395,0.561535161297,
    -5.900582518546));
#3305 = CARTESIAN_POINT('',(2.403111321501,0.483612454256,
    -5.904716157676));
#3306 = CARTESIAN_POINT('',(2.427483335189,0.338270686442,
    -5.912375199002));
#3307 = CARTESIAN_POINT('',(2.436479620916,0.270990821036,
    -5.915900708703));
#3308 = CARTESIAN_POINT('',(2.443237207445,0.203430527481,
    -5.919426029714));
#3309 = CARTESIAN_POINT('',(2.447745730506,0.135682869546,
    -5.922951279456));
#3310 = CARTESIAN_POINT('',(2.45,6.784136787983E-02,-5.926476617483));
#3311 = CARTESIAN_POINT('',(2.45,2.798206111265E-12,-5.930002245486));
#3312 = ORIENTED_EDGE('',*,*,#3313,.F.);
#3313 = EDGE_CURVE('',#3107,#3217,#3314,.T.);
#3314 = LINE('',#3315,#3316);
#3315 = CARTESIAN_POINT('',(2.45,0.,-0.2));
#3316 = VECTOR('',#3317,1.);
#3317 = DIRECTION('',(0.,0.,-1.));
#3318 = CYLINDRICAL_SURFACE('',#3319,2.45);
#3319 = AXIS2_PLACEMENT_3D('',#3320,#3321,#3322);
#3320 = CARTESIAN_POINT('',(0.,0.,-0.2));
#3321 = DIRECTION('',(-0.,-0.,-1.));
#3322 = DIRECTION('',(1.,0.,0.));
#3323 = ADVANCED_FACE('',(#3324),#3350,.T.);
#3324 = FACE_BOUND('',#3325,.T.);
#3325 = EDGE_LOOP('',(#3326,#3343,#3344,#3345));
#3326 = ORIENTED_EDGE('',*,*,#3327,.F.);
#3327 = EDGE_CURVE('',#2907,#3328,#3330,.T.);
#3328 = VERTEX_POINT('',#3329);
#3329 = CARTESIAN_POINT('',(2.0170000876,7.573546586172E-07,
    -5.380014573221));
#3330 = ( BOUNDED_CURVE() B_SPLINE_CURVE(11,(#3331,#3332,#3333,#3334,
    #3335,#3336,#3337,#3338,#3339,#3340,#3341,#3342),.UNSPECIFIED.,.F.,
.F.) B_SPLINE_CURVE_WITH_KNOTS((12,12),(0.,6.333910135482),
.PIECEWISE_BEZIER_KNOTS.) CURVE() GEOMETRIC_REPRESENTATION_ITEM() 
RATIONAL_B_SPLINE_CURVE((1.056590953773,1.056590953773,1.056590953773,
    1.056590953773,1.056590953773,1.056590953774,1.056590953772,
    1.056590953774,1.056590953773,1.056590953773,1.056590953773,
1.056590953773)) REPRESENTATION_ITEM('') );
#3331 = CARTESIAN_POINT('',(2.017001508682,8.415036897302E-07,
    -4.580016192439));
#3332 = CARTESIAN_POINT('',(2.017000208677,-1.15216062242,-4.65274143635
    ));
#3333 = CARTESIAN_POINT('',(1.293202947727,-2.303818278811,
    -4.725435394228));
#3334 = CARTESIAN_POINT('',(-0.155437849663,-2.952395505703,
    -4.798373252007));
#3335 = CARTESIAN_POINT('',(-1.926378655248,-2.583413205034,
    -4.870491639795));
#3336 = CARTESIAN_POINT('',(-3.24509511507,-1.070028404177,
    -4.944308648397));
#3337 = CARTESIAN_POINT('',(-3.246142905052,1.070013312658,
    -5.015722117016));
#3338 = CARTESIAN_POINT('',(-1.925676664412,2.583433522816,
    -5.089539126363));
#3339 = CARTESIAN_POINT('',(-0.15573621996,2.952383877037,-5.16165751331
    ));
#3340 = CARTESIAN_POINT('',(1.293261226746,2.30382154114,-5.234595371531
    ));
#3341 = CARTESIAN_POINT('',(2.017001435652,1.152162221278,
    -5.307289329315));
#3342 = CARTESIAN_POINT('',(2.0170000876,7.573546604855E-07,
    -5.380014573221));
#3343 = ORIENTED_EDGE('',*,*,#2925,.T.);
#3344 = ORIENTED_EDGE('',*,*,#2800,.T.);
#3345 = ORIENTED_EDGE('',*,*,#3346,.F.);
#3346 = EDGE_CURVE('',#3328,#2801,#3347,.T.);
#3347 = B_SPLINE_CURVE_WITH_KNOTS('',1,(#3348,#3349),.UNSPECIFIED.,.F.,
  .F.,(2,2),(0.,0.56),.PIECEWISE_BEZIER_KNOTS.);
#3348 = CARTESIAN_POINT('',(2.0170000876,7.573546591334E-07,
    -5.380014573221));
#3349 = CARTESIAN_POINT('',(2.501964889789,-9.088703465422E-08,
    -5.099998251131));
#3350 = B_SPLINE_SURFACE_WITH_KNOTS('',1,10,(
    (#3351,#3352,#3353,#3354,#3355,#3356,#3357,#3358,#3359,#3360,#3361)
    ,(#3362,#3363,#3364,#3365,#3366,#3367,#3368,#3369,#3370,#3371,#3372
    )),.UNSPECIFIED.,.F.,.F.,.F.,(2,2),(11,11),(0.,0.56),(0.,
    6.333910135482),.PIECEWISE_BEZIER_KNOTS.);
#3351 = CARTESIAN_POINT('',(2.017001508682,8.41503688062E-07,
    -4.580016192439));
#3352 = CARTESIAN_POINT('',(2.017000078676,-1.267376768813,
    -4.660013960741));
#3353 = CARTESIAN_POINT('',(1.132359140849,-2.534138614366,
    -4.739973490558));
#3354 = CARTESIAN_POINT('',(-0.638474024827,-3.104876955101,
    -4.820133613535));
#3355 = CARTESIAN_POINT('',(-2.661819937543,-2.305031361485,
    -4.899894201398));
#3356 = CARTESIAN_POINT('',(-3.732208223018,-3.126849396651E-05,
    -4.980015382154));
#3357 = CARTESIAN_POINT('',(-2.661603971482,2.305073204526,
    -5.060136565341));
#3358 = CARTESIAN_POINT('',(-0.638686263444,3.104859603687,
    -5.139897151608));
#3359 = CARTESIAN_POINT('',(1.132430039256,2.534142246356,
    -5.220057275222));
#3360 = CARTESIAN_POINT('',(2.017001570457,1.267378367671,
    -5.300016804924));
#3361 = CARTESIAN_POINT('',(2.0170000876,7.573546591334E-07,
    -5.380014573221));
#3362 = CARTESIAN_POINT('',(2.501965263736,-1.009859358629E-07,
    -4.299998056806));
#3363 = CARTESIAN_POINT('',(2.501964684902,-1.57202408534,
    -4.379998324638));
#3364 = CARTESIAN_POINT('',(1.404711640513,-3.144078031151,
    -4.460003181562));
#3365 = CARTESIAN_POINT('',(-0.792335782821,-3.849961001795,
    -4.539983964775));
#3366 = CARTESIAN_POINT('',(-3.301192485183,-2.860645631691,
    -4.620012697393));
#3367 = CARTESIAN_POINT('',(-4.630245486775,-7.660869798087E-06,
    -4.699998153788));
#3368 = CARTESIAN_POINT('',(-3.301134953537,2.860657450112,
    -4.779983610831));
#3369 = CARTESIAN_POINT('',(-0.792390690604,3.849956630162,
    -4.860012343024));
#3370 = CARTESIAN_POINT('',(1.404731067352,3.144078642881,
    -4.939993126405));
#3371 = CARTESIAN_POINT('',(2.501965462279,1.572023893467,
    -5.019997983301));
#3372 = CARTESIAN_POINT('',(2.501964889789,-9.088703465422E-08,
    -5.099998251131));
#3373 = ADVANCED_FACE('',(#3374),#3404,.T.);
#3374 = FACE_BOUND('',#3375,.T.);
#3375 = EDGE_LOOP('',(#3376,#3392,#3393,#3394));
#3376 = ORIENTED_EDGE('',*,*,#3377,.F.);
#3377 = EDGE_CURVE('',#2957,#3378,#3380,.T.);
#3378 = VERTEX_POINT('',#3379);
#3379 = CARTESIAN_POINT('',(2.017006818782,7.573485373262E-07,
    -5.580014573108));
#3380 = B_SPLINE_CURVE_WITH_KNOTS('',10,(#3381,#3382,#3383,#3384,#3385,
    #3386,#3387,#3388,#3389,#3390,#3391),.UNSPECIFIED.,.F.,.F.,(11,11),(
    0.,6.333910135482),.PIECEWISE_BEZIER_KNOTS.);
#3381 = CARTESIAN_POINT('',(2.017008987772,8.414961717093E-07,
    -4.780016192299));
#3382 = CARTESIAN_POINT('',(2.017006526951,-1.267381232147,
    -4.860013960639));
#3383 = CARTESIAN_POINT('',(1.132343944779,-2.534146830986,
    -4.939973491149));
#3384 = CARTESIAN_POINT('',(-0.638421074293,-3.104892303864,
    -5.020133611333));
#3385 = CARTESIAN_POINT('',(-2.661886618948,-2.305027935831,
    -5.099894203544));
#3386 = CARTESIAN_POINT('',(-3.732221380021,-4.694581693254E-05,
    -5.180015381671));
#3387 = CARTESIAN_POINT('',(-2.661556027094,2.305092910176,
    -5.26013656351));
#3388 = CARTESIAN_POINT('',(-0.638743720082,3.104866087334,
    -5.339897153286));
#3389 = CARTESIAN_POINT('',(1.132453214959,2.534151901945,
    -5.420057274438));
#3390 = CARTESIAN_POINT('',(2.017009332454,1.267382830991,
    -5.500016804777));
#3391 = CARTESIAN_POINT('',(2.017006818782,7.573485372209E-07,
    -5.580014573108));
#3392 = ORIENTED_EDGE('',*,*,#2974,.T.);
#3393 = ORIENTED_EDGE('',*,*,#3327,.T.);
#3394 = ORIENTED_EDGE('',*,*,#3395,.F.);
#3395 = EDGE_CURVE('',#3378,#3328,#3396,.T.);
#3396 = ( BOUNDED_CURVE() B_SPLINE_CURVE(6,(#3397,#3398,#3399,#3400,
#3401,#3402,#3403),.UNSPECIFIED.,.F.,.F.) B_SPLINE_CURVE_WITH_KNOTS((7,7
),(0.,2.094395102393),.PIECEWISE_BEZIER_KNOTS.) CURVE() 
GEOMETRIC_REPRESENTATION_ITEM() RATIONAL_B_SPLINE_CURVE((1.056590953773,
    1.017435169568,0.996326512422,0.989390034249,0.996326512422,
1.017435169568,1.056590953773)) REPRESENTATION_ITEM('') );
#3397 = CARTESIAN_POINT('',(2.017006818782,7.573485386603E-07,
    -5.580014573108));
#3398 = CARTESIAN_POINT('',(1.980757076658,8.207510125979E-07,
    -5.559087401394));
#3399 = CARTESIAN_POINT('',(1.955211084018,8.654315507561E-07,
    -5.523666280137));
#3400 = CARTESIAN_POINT('',(1.945976661874,8.815818977603E-07,
    -5.480016963636));
#3401 = CARTESIAN_POINT('',(1.955208145882,8.654342234515E-07,
    -5.436367025649));
#3402 = CARTESIAN_POINT('',(1.980751754204,8.207558532258E-07,
    -5.400944184924));
#3403 = CARTESIAN_POINT('',(2.0170000876,7.573546604855E-07,
    -5.380014573221));
#3404 = ( BOUNDED_SURFACE() B_SPLINE_SURFACE(6,11,(
    (#3405,#3406,#3407,#3408,#3409,#3410,#3411,#3412,#3413,#3414,#3415
      ,#3416)
    ,(#3417,#3418,#3419,#3420,#3421,#3422,#3423,#3424,#3425,#3426,#3427
      ,#3428)
    ,(#3429,#3430,#3431,#3432,#3433,#3434,#3435,#3436,#3437,#3438,#3439
      ,#3440)
    ,(#3441,#3442,#3443,#3444,#3445,#3446,#3447,#3448,#3449,#3450,#3451
      ,#3452)
    ,(#3453,#3454,#3455,#3456,#3457,#3458,#3459,#3460,#3461,#3462,#3463
      ,#3464)
    ,(#3465,#3466,#3467,#3468,#3469,#3470,#3471,#3472,#3473,#3474,#3475
      ,#3476)
    ,(#3477,#3478,#3479,#3480,#3481,#3482,#3483,#3484,#3485,#3486,#3487
,#3488
    )),.UNSPECIFIED.,.F.,.F.,.F.) B_SPLINE_SURFACE_WITH_KNOTS((7,7),(12,
    12),(0.,2.094395102393),(0.,6.333910135482),
.PIECEWISE_BEZIER_KNOTS.) GEOMETRIC_REPRESENTATION_ITEM() 
RATIONAL_B_SPLINE_SURFACE((
    (1.056590953773,1.056590953773,1.056590953773,1.056590953773
      ,1.056590953773,1.056590953774,1.056590953772,1.056590953774
      ,1.056590953773,1.056590953773,1.056590953773,1.056590953773)
    ,(1.017435169568,1.017435169568,1.017435169568,1.017435169568
      ,1.017435169568,1.017435169569,1.017435169568,1.017435169569
      ,1.017435169568,1.017435169568,1.017435169568,1.017435169568)
    ,(0.996326512422,0.996326512422,0.996326512422,0.996326512422
      ,0.996326512422,0.996326512423,0.996326512421,0.996326512423
      ,0.996326512422,0.996326512422,0.996326512422,0.996326512422)
    ,(0.989390034249,0.989390034249,0.989390034248,0.989390034249
      ,0.989390034248,0.98939003425,0.989390034247,0.989390034249
      ,0.989390034248,0.989390034249,0.989390034249,0.989390034249)
    ,(0.996326512422,0.996326512422,0.996326512422,0.996326512422
      ,0.996326512422,0.996326512423,0.996326512421,0.996326512423
      ,0.996326512422,0.996326512422,0.996326512422,0.996326512422)
    ,(1.017435169568,1.017435169568,1.017435169568,1.017435169568
      ,1.017435169568,1.017435169569,1.017435169567,1.017435169569
      ,1.017435169568,1.017435169568,1.017435169568,1.017435169568)
    ,(1.056590953773,1.056590953773,1.056590953773,1.056590953773
      ,1.056590953773,1.056590953774,1.056590953772,1.056590953774
      ,1.056590953773,1.056590953773,1.056590953773,1.056590953773
))) REPRESENTATION_ITEM('') SURFACE() );
#3405 = CARTESIAN_POINT('',(2.017008987772,8.414961732983E-07,
    -4.780016192299));
#3406 = CARTESIAN_POINT('',(2.017006750662,-1.152164679997,
    -4.852741436245));
#3407 = CARTESIAN_POINT('',(1.293191686993,-2.303825813015,
    -4.925435394693));
#3408 = CARTESIAN_POINT('',(-0.155360499217,-2.952408909053,
    -4.9983732489));
#3409 = CARTESIAN_POINT('',(-1.926570705143,-2.583416607555,
    -5.070491646904));
#3410 = CARTESIAN_POINT('',(-3.244831045967,-1.070035396339,
    -5.144308637426));
#3411 = CARTESIAN_POINT('',(-3.246429844075,1.070013716515,
    -5.215722127603));
#3412 = CARTESIAN_POINT('',(-1.925498176657,2.583448421579,
    -5.289539119266));
#3413 = CARTESIAN_POINT('',(-0.155814671309,2.952391225476,
    -5.361657515981));
#3414 = CARTESIAN_POINT('',(1.293281599957,2.30383025268,-5.434595370863
    ));
#3415 = CARTESIAN_POINT('',(2.017009103938,1.152166278842,-5.50728932917
    ));
#3416 = CARTESIAN_POINT('',(2.017006818782,7.573485386603E-07,
    -5.580014573108));
#3417 = CARTESIAN_POINT('',(1.980759167391,9.119434309368E-07,
    -4.759089156143));
#3418 = CARTESIAN_POINT('',(1.980757068565,-1.131463245262,
    -4.83181423024));
#3419 = CARTESIAN_POINT('',(1.269947888914,-2.26238364658,
    -4.904505399633));
#3420 = CARTESIAN_POINT('',(-0.152560197601,-2.899471695719,
    -4.977460883607));
#3421 = CARTESIAN_POINT('',(-1.891954810723,-2.536731491373,
    -5.049528306988));
#3422 = CARTESIAN_POINT('',(-3.186519673117,-1.051168251864,
    -5.123436527954));
#3423 = CARTESIAN_POINT('',(-3.188060885868,1.051147045996,
    -5.194740029219));
#3424 = CARTESIAN_POINT('',(-1.890921226018,2.536761974739,
    -5.268648251284));
#3425 = CARTESIAN_POINT('',(-0.152998262757,2.89945463533,
    -5.340715673423));
#3426 = CARTESIAN_POINT('',(1.270034338824,2.262388048886,
    -5.413671158048));
#3427 = CARTESIAN_POINT('',(1.980759227553,1.131464977956,
    -5.486362327305));
#3428 = CARTESIAN_POINT('',(1.980757076658,8.207510125979E-07,
    -5.559087401394));
#3429 = CARTESIAN_POINT('',(1.955213042293,9.615885907532E-07,
    -4.723668130416));
#3430 = CARTESIAN_POINT('',(1.955211137783,-1.11687446563,
    -4.796393084816));
#3431 = CARTESIAN_POINT('',(1.253569081999,-2.233178454685,
    -4.869082288695));
#3432 = CARTESIAN_POINT('',(-0.150594812646,-2.862165304744,
    -4.942050196786));
#3433 = CARTESIAN_POINT('',(-1.867541039125,-2.503832004897,
    -5.014081697149));
#3434 = CARTESIAN_POINT('',(-3.145454778465,-1.037871798474,
    -5.088054210338));
#3435 = CARTESIAN_POINT('',(-3.146898453814,1.037851607627,
    -5.159280199874));
#3436 = CARTESIAN_POINT('',(-1.866573200104,2.503860362195,
    -5.233252714091));
#3437 = CARTESIAN_POINT('',(-0.15100542221,2.862149309406,
    -5.305284213292));
#3438 = CARTESIAN_POINT('',(1.253649821533,2.233182708964,
    -5.378252121992));
#3439 = CARTESIAN_POINT('',(1.955213043431,1.11687629265,-5.450941325743
    ));
#3440 = CARTESIAN_POINT('',(1.955211084018,8.654315507561E-07,
    -5.523666280137));
#3441 = CARTESIAN_POINT('',(1.94597845692,9.795335802476E-07,
    -4.680018848448));
#3442 = CARTESIAN_POINT('',(1.945976767177,-1.11160084824,-4.75274375958
    ));
#3443 = CARTESIAN_POINT('',(1.24765083691,-2.222621321923,
    -4.825432252952));
#3444 = CARTESIAN_POINT('',(-0.149896370811,-2.848679156561,
    -4.898404652187));
#3445 = CARTESIAN_POINT('',(-1.858687266438,-2.491940237704,
    -4.970423166901));
#3446 = CARTESIAN_POINT('',(-3.130652946248,-1.033064828914,
    -5.044418920761));
#3447 = CARTESIAN_POINT('',(-3.13197638375,1.033046021075,-5.11561689101
    ));
#3448 = CARTESIAN_POINT('',(-1.857800339867,2.491966053449,
    -5.189612645813));
#3449 = CARTESIAN_POINT('',(-0.150273026966,2.848664480046,
    -5.261631159463));
#3450 = CARTESIAN_POINT('',(1.247724633471,2.222625341114,
    -5.334603559256));
#3451 = CARTESIAN_POINT('',(1.945978407545,1.111602709355,-5.40729205251
    ));
#3452 = CARTESIAN_POINT('',(1.945976661874,8.815818977603E-07,
    -5.480016963636));
#3453 = CARTESIAN_POINT('',(1.955209777698,9.61591875015E-07,
    -4.636368875939));
#3454 = CARTESIAN_POINT('',(1.955208282231,-1.116872694513,
    -4.709093830324));
#3455 = CARTESIAN_POINT('',(1.253573997268,-2.233175166033,
    -4.781783033954));
#3456 = CARTESIAN_POINT('',(-0.150628575827,-2.862159454231,
    -4.854750943605));
#3457 = CARTESIAN_POINT('',(-1.867457210063,-2.503830519709,
    -4.926782439508));
#3458 = CARTESIAN_POINT('',(-3.145570043643,-1.037868746422,
    -5.000754960589));
#3459 = CARTESIAN_POINT('',(-3.146773206001,1.037851431346,
    -5.071980940715));
#3460 = CARTESIAN_POINT('',(-1.866651109343,2.50385385894,
    -5.145953462652));
#3461 = CARTESIAN_POINT('',(-0.15097117849,2.86214610184,-5.217984957588
    ));
#3462 = CARTESIAN_POINT('',(1.253640928703,2.233178906408,
    -5.290952867746));
#3463 = CARTESIAN_POINT('',(1.955209696253,1.116874521539,
    -5.363642071268));
#3464 = CARTESIAN_POINT('',(1.955208145882,8.654342234515E-07,
    -5.436367025649));
#3465 = CARTESIAN_POINT('',(1.980753253554,9.119493750154E-07,
    -4.600945939694));
#3466 = CARTESIAN_POINT('',(1.980751895712,-1.131460036871,
    -4.673671013763));
#3467 = CARTESIAN_POINT('',(1.269956792958,-2.262377689164,
    -4.746362182705));
#3468 = CARTESIAN_POINT('',(-0.152621359843,-2.899461097474,
    -4.819317669504));
#3469 = CARTESIAN_POINT('',(-1.891802953783,-2.536728800945,
    -4.891385084808));
#3470 = CARTESIAN_POINT('',(-3.186728476802,-1.051162723049,
    -4.965293320069));
#3471 = CARTESIAN_POINT('',(-3.187833998569,1.05114672666,
    -5.036596804287));
#3472 = CARTESIAN_POINT('',(-1.891062359155,2.536750194047,
    -5.110505040336));
#3473 = CARTESIAN_POINT('',(-0.152936230014,2.899448824802,
    -5.182572454751));
#3474 = CARTESIAN_POINT('',(1.270018229398,2.262381160531,
    -5.255527942016));
#3475 = CARTESIAN_POINT('',(1.980753164116,1.131461769576,
    -5.328219110859));
#3476 = CARTESIAN_POINT('',(1.980751754204,8.207558532258E-07,
    -5.400944184924));
#3477 = CARTESIAN_POINT('',(2.017001508682,8.415036897302E-07,
    -4.580016192439));
#3478 = CARTESIAN_POINT('',(2.017000208677,-1.15216062242,-4.65274143635
    ));
#3479 = CARTESIAN_POINT('',(1.293202947727,-2.303818278811,
    -4.725435394228));
#3480 = CARTESIAN_POINT('',(-0.155437849663,-2.952395505703,
    -4.798373252007));
#3481 = CARTESIAN_POINT('',(-1.926378655248,-2.583413205034,
    -4.870491639795));
#3482 = CARTESIAN_POINT('',(-3.24509511507,-1.070028404177,
    -4.944308648397));
#3483 = CARTESIAN_POINT('',(-3.246142905052,1.070013312658,
    -5.015722117016));
#3484 = CARTESIAN_POINT('',(-1.925676664412,2.583433522816,
    -5.089539126363));
#3485 = CARTESIAN_POINT('',(-0.15573621996,2.952383877037,-5.16165751331
    ));
#3486 = CARTESIAN_POINT('',(1.293261226746,2.30382154114,-5.234595371531
    ));
#3487 = CARTESIAN_POINT('',(2.017001435652,1.152162221278,
    -5.307289329315));
#3488 = CARTESIAN_POINT('',(2.0170000876,7.573546604855E-07,
    -5.380014573221));
#3489 = ADVANCED_FACE('',(#3490),#3500,.T.);
#3490 = FACE_BOUND('',#3491,.T.);
#3491 = EDGE_LOOP('',(#3492,#3493,#3494,#3495));
#3492 = ORIENTED_EDGE('',*,*,#3106,.F.);
#3493 = ORIENTED_EDGE('',*,*,#3075,.T.);
#3494 = ORIENTED_EDGE('',*,*,#3377,.T.);
#3495 = ORIENTED_EDGE('',*,*,#3496,.F.);
#3496 = EDGE_CURVE('',#3107,#3378,#3497,.T.);
#3497 = B_SPLINE_CURVE_WITH_KNOTS('',1,(#3498,#3499),.UNSPECIFIED.,.F.,
  .F.,(2,2),(0.,0.56),.PIECEWISE_BEZIER_KNOTS.);
#3498 = CARTESIAN_POINT('',(2.50199046828,-9.091029475599E-08,
    -5.859998250701));
#3499 = CARTESIAN_POINT('',(2.017006818782,7.573485372209E-07,
    -5.580014573108));
#3500 = B_SPLINE_SURFACE_WITH_KNOTS('',1,10,(
    (#3501,#3502,#3503,#3504,#3505,#3506,#3507,#3508,#3509,#3510,#3511)
    ,(#3512,#3513,#3514,#3515,#3516,#3517,#3518,#3519,#3520,#3521,#3522
    )),.UNSPECIFIED.,.F.,.F.,.F.,(2,2),(11,11),(0.,0.56),(0.,
    6.333910135482),.PIECEWISE_BEZIER_KNOTS.);
#3501 = CARTESIAN_POINT('',(2.501993684277,-1.010144983899E-07,
    -5.059998056274));
#3502 = CARTESIAN_POINT('',(2.501989188345,-1.572041046008,
    -5.139998324253));
#3503 = CARTESIAN_POINT('',(1.404653895449,-3.144109254308,
    -5.220003183809));
#3504 = CARTESIAN_POINT('',(-0.792134570789,-3.850019327099,
    -5.299983956404));
#3505 = CARTESIAN_POINT('',(-3.301445874523,-2.860632614204,
    -5.380012705552));
#3506 = CARTESIAN_POINT('',(-4.630295483386,-6.723469898517E-05,
    -5.459998151948));
#3507 = CARTESIAN_POINT('',(-3.300952764862,2.860732331582,
    -5.539983603878));
#3508 = CARTESIAN_POINT('',(-0.79260902583,3.84998126802,-5.620012349397
    ));
#3509 = CARTESIAN_POINT('',(1.404819135024,3.144115334121,
    -5.699993123428));
#3510 = CARTESIAN_POINT('',(2.501994957865,1.572040854085,
    -5.779997982739));
#3511 = CARTESIAN_POINT('',(2.50199046828,-9.091029475599E-08,
    -5.859998250701));
#3512 = CARTESIAN_POINT('',(2.017008987772,8.414961717093E-07,
    -4.780016192299));
#3513 = CARTESIAN_POINT('',(2.017006526951,-1.267381232147,
    -4.860013960639));
#3514 = CARTESIAN_POINT('',(1.132343944779,-2.534146830986,
    -4.939973491149));
#3515 = CARTESIAN_POINT('',(-0.638421074293,-3.104892303864,
    -5.020133611333));
#3516 = CARTESIAN_POINT('',(-2.661886618948,-2.305027935831,
    -5.099894203544));
#3517 = CARTESIAN_POINT('',(-3.732221380021,-4.694581693254E-05,
    -5.180015381671));
#3518 = CARTESIAN_POINT('',(-2.661556027094,2.305092910176,
    -5.26013656351));
#3519 = CARTESIAN_POINT('',(-0.638743720082,3.104866087334,
    -5.339897153286));
#3520 = CARTESIAN_POINT('',(1.132453214959,2.534151901945,
    -5.420057274438));
#3521 = CARTESIAN_POINT('',(2.017009332454,1.267382830991,
    -5.500016804777));
#3522 = CARTESIAN_POINT('',(2.017006818782,7.573485372209E-07,
    -5.580014573108));
#3523 = ADVANCED_FACE('',(#3524),#3745,.T.);
#3524 = FACE_BOUND('',#3525,.F.);
#3525 = EDGE_LOOP('',(#3526,#3641,#3642,#3739));
#3526 = ORIENTED_EDGE('',*,*,#3527,.F.);
#3527 = EDGE_CURVE('',#3107,#3528,#3530,.T.);
#3528 = VERTEX_POINT('',#3529);
#3529 = CARTESIAN_POINT('',(2.45,9.162859083873E-12,-6.629985664674));
#3530 = B_SPLINE_CURVE_WITH_KNOTS('',7,(#3531,#3532,#3533,#3534,#3535,
    #3536,#3537,#3538,#3539,#3540,#3541,#3542,#3543,#3544,#3545,#3546,
    #3547,#3548,#3549,#3550,#3551,#3552,#3553,#3554,#3555,#3556,#3557,
    #3558,#3559,#3560,#3561,#3562,#3563,#3564,#3565,#3566,#3567,#3568,
    #3569,#3570,#3571,#3572,#3573,#3574,#3575,#3576,#3577,#3578,#3579,
    #3580,#3581,#3582,#3583,#3584,#3585,#3586,#3587,#3588,#3589,#3590,
    #3591,#3592,#3593,#3594,#3595,#3596,#3597,#3598,#3599,#3600,#3601,
    #3602,#3603,#3604,#3605,#3606,#3607,#3608,#3609,#3610,#3611,#3612,
    #3613,#3614,#3615,#3616,#3617,#3618,#3619,#3620,#3621,#3622,#3623,
    #3624,#3625,#3626,#3627,#3628,#3629,#3630,#3631,#3632,#3633,#3634,
    #3635,#3636,#3637,#3638,#3639,#3640),.UNSPECIFIED.,.F.,.F.,(8,6,6,6,
    6,6,6,6,6,6,6,6,6,6,6,6,6,6,8),(0.,1.877067499789E-02,
    5.677064069373E-02,0.125771757764,0.229624117976,0.245624557812,
    0.266148304569,0.324150768293,0.376155117588,0.403052276473,
    0.49775954802,0.597592705086,0.71012015601,0.73720139667,
    0.815387593258,0.861392010094,0.953856448817,0.969057164729,1.),
  .UNSPECIFIED.);
#3531 = CARTESIAN_POINT('',(2.45,2.343725213905E-11,-5.829983872847));
#3532 = CARTESIAN_POINT('',(2.45,-4.127700816024E-02,-5.832129063654));
#3533 = CARTESIAN_POINT('',(2.449188670243,-8.255402793935E-02,
    -5.8342741866));
#3534 = CARTESIAN_POINT('',(2.447566011849,-0.123811886153,-5.8364192754
    ));
#3535 = CARTESIAN_POINT('',(2.445132590193,-0.165031443087,
    -5.838564360091));
#3536 = CARTESIAN_POINT('',(2.441889534905,-0.206193592472,
    -5.840709467034));
#3537 = CARTESIAN_POINT('',(2.437838539872,-0.247279261487,
    -5.842854618914));
#3538 = CARTESIAN_POINT('',(2.423149848899,-0.371251203698,
    -5.849342679511));
#3539 = CARTESIAN_POINT('',(2.410015781366,-0.453842119122,
    -5.853685800274));
#3540 = CARTESIAN_POINT('',(2.393598540281,-0.535883552172,
    -5.858029336595));
#3541 = CARTESIAN_POINT('',(2.373926210888,-0.617219140126,
    -5.862373361098));
#3542 = CARTESIAN_POINT('',(2.351036084023,-0.6976947624,-5.866717879474
    ));
#3543 = CARTESIAN_POINT('',(2.324974656116,-0.777158540548,
    -5.871062830469));
#3544 = CARTESIAN_POINT('',(2.242817385299,-0.997643756382,
    -5.883298289818));
#3545 = CARTESIAN_POINT('',(2.179560997386,-1.136006371292,
    -5.891189971035));
#3546 = CARTESIAN_POINT('',(2.106363453007,-1.269643784442,
    -5.899081780211));
#3547 = CARTESIAN_POINT('',(2.023655642688,-1.397705476624,
    -5.906972764572));
#3548 = CARTESIAN_POINT('',(1.931953104707,-1.519392897945,
    -5.914862386141));
#3549 = CARTESIAN_POINT('',(1.831853818114,-1.633963037357,
    -5.922750246291));
#3550 = CARTESIAN_POINT('',(1.561783965941,-1.901443035916,
    -5.942503497407));
#3551 = CARTESIAN_POINT('',(1.382000644458,-2.044547070961,
    -5.95436978683));
#3552 = CARTESIAN_POINT('',(1.187063952433,-2.167671475529,
    -5.966228330309));
#3553 = CARTESIAN_POINT('',(0.979659314979,-2.268961798131,
    -5.978082131288));
#3554 = CARTESIAN_POINT('',(0.762702186305,-2.346994431883,
    -5.989937370935));
#3555 = CARTESIAN_POINT('',(0.539305562885,-2.400792313899,
    -6.001797660739));
#3556 = CARTESIAN_POINT('',(0.277904260504,-2.434441870706,
    -6.015485805763));
#3557 = CARTESIAN_POINT('',(0.242931729537,-2.438349411634,
    -6.017313271693));
#3558 = CARTESIAN_POINT('',(0.207895707923,-2.441670738524,
    -6.01914082991));
#3559 = CARTESIAN_POINT('',(0.172807986565,-2.444404634738,
    -6.02096848374));
#3560 = CARTESIAN_POINT('',(0.137680379356,-2.446550180577,
    -6.02279623572));
#3561 = CARTESIAN_POINT('',(0.10252472318,-2.44810675328,-6.024624087599
    ));
#3562 = CARTESIAN_POINT('',(2.223799027744E-02,-2.450314747999,
    -6.028796753333));
#3563 = CARTESIAN_POINT('',(-2.290356941168E-02,-2.450585886386,
    -6.031141632856));
#3564 = CARTESIAN_POINT('',(-6.804675578894E-02,-2.449886755436,
    -6.033486680843));
#3565 = CARTESIAN_POINT('',(-0.113166550714,-2.448217474656,
    -6.035831897078));
#3566 = CARTESIAN_POINT('',(-0.158237963276,-2.445578969806,
    -6.038177279193));
#3567 = CARTESIAN_POINT('',(-0.203236029791,-2.441972972903,
    -6.040522822672));
#3568 = CARTESIAN_POINT('',(-0.375027756304,-2.424483990998,
    -6.049497733103));
#3569 = CARTESIAN_POINT('',(-0.50113830203,-2.403858312757,
    -6.056128363489));
#3570 = CARTESIAN_POINT('',(-0.625900161054,-2.375583093491,
    -6.062759983912));
#3571 = CARTESIAN_POINT('',(-0.748757737768,-2.339766647874,
    -6.069392390995));
#3572 = CARTESIAN_POINT('',(-0.869168929607,-2.296566985714,
    -6.076025429778));
#3573 = CARTESIAN_POINT('',(-0.986606925772,-2.246191298417,
    -6.082658817407));
#3574 = CARTESIAN_POINT('',(-1.202732834785,-2.137524635304,
    -6.095239173155));
#3575 = CARTESIAN_POINT('',(-1.302107963189,-2.08058892086,
    -6.101186428394));
#3576 = CARTESIAN_POINT('',(-1.39832089024,-2.018272751827,
    -6.107133344799));
#3577 = CARTESIAN_POINT('',(-1.491023401339,-1.950788425683,
    -6.113079771826));
#3578 = CARTESIAN_POINT('',(-1.579886430376,-1.878375467108,
    -6.119025673457));
#3579 = CARTESIAN_POINT('',(-1.664600921895,-1.801300007438,
    -6.124971005524));
#3580 = CARTESIAN_POINT('',(-1.78639914301,-1.677729576098,
    -6.133990191915));
#3581 = CARTESIAN_POINT('',(-1.826733193663,-1.634435477292,
    -6.137064619229));
#3582 = CARTESIAN_POINT('',(-1.86584120233,-1.590012097463,
    -6.140138874372));
#3583 = CARTESIAN_POINT('',(-1.903685355785,-1.544501189359,
    -6.143212960439));
#3584 = CARTESIAN_POINT('',(-1.940229670468,-1.497946028695,
    -6.146286884223));
#3585 = CARTESIAN_POINT('',(-1.975439992488,-1.450391414156,
    -6.149360656206));
#3586 = CARTESIAN_POINT('',(-2.128451728228,-1.231083607652,
    -6.163256828572));
#3587 = CARTESIAN_POINT('',(-2.230703178546,-1.048432869953,
    -6.174079707995));
#3588 = CARTESIAN_POINT('',(-2.314579642995,-0.855999269213,
    -6.184899997849));
#3589 = CARTESIAN_POINT('',(-2.379005211361,-0.65600854336,
    -6.195719383966));
#3590 = CARTESIAN_POINT('',(-2.423226076921,-0.450801529358,
    -6.206540803921));
#3591 = CARTESIAN_POINT('',(-2.446817159771,-0.242813173417,
    -6.217365335451));
#3592 = CARTESIAN_POINT('',(-2.452853993589,0.184937081674,
    -6.239599173847));
#3593 = CARTESIAN_POINT('',(-2.433005009797,0.404823064034,
    -6.251013308723));
#3594 = CARTESIAN_POINT('',(-2.390149207793,0.622112015108,
    -6.262427103962));
#3595 = CARTESIAN_POINT('',(-2.32473190831,0.833941779259,
    -6.273840366201));
#3596 = CARTESIAN_POINT('',(-2.23760288559,1.03755968723,-6.285254176168
    ));
#3597 = CARTESIAN_POINT('',(-2.130007945837,1.230350312213,
    -6.296667931539));
#3598 = CARTESIAN_POINT('',(-1.861273577503,1.61226310685,
    -6.320935947764));
#3599 = CARTESIAN_POINT('',(-1.694973941683,1.797931606548,
    -6.333797000964));
#3600 = CARTESIAN_POINT('',(-1.507212859107,1.963365306857,
    -6.346650269759));
#3601 = CARTESIAN_POINT('',(-1.300998589236,2.105681886791,
    -6.359498662328));
#3602 = CARTESIAN_POINT('',(-1.079717393346,2.222544578917,
    -6.372347431448));
#3603 = CARTESIAN_POINT('',(-0.847131079821,2.312163523489,-6.3852021004
    ));
#3604 = CARTESIAN_POINT('',(-0.549714136172,2.38827569859,
    -6.401149021829));
#3605 = CARTESIAN_POINT('',(-0.491602578822,2.40140385713,
    -6.404242615898));
#3606 = CARTESIAN_POINT('',(-0.433128135102,2.412881684961,
    -6.40733645189));
#3607 = CARTESIAN_POINT('',(-0.37434705305,2.422697314923,
    -6.410430550169));
#3608 = CARTESIAN_POINT('',(-0.31531598287,2.430841291292,
    -6.413524925882));
#3609 = CARTESIAN_POINT('',(-0.256091976934,2.437306569779,
    -6.416619588963));
#3610 = CARTESIAN_POINT('',(-2.53558312831E-02,2.455894469477,
    -6.428649983101));
#3611 = CARTESIAN_POINT('',(0.14716622368,2.455670602155,-6.437588651804
    ));
#3612 = CARTESIAN_POINT('',(0.319428295927,2.441299443403,-6.44652929753
    ));
#3613 = CARTESIAN_POINT('',(0.490043555731,2.412847880098,
    -6.455471799783));
#3614 = CARTESIAN_POINT('',(0.657647869717,2.370543326081,
    -6.464416044657));
#3615 = CARTESIAN_POINT('',(0.820907669819,2.314772441797,
    -6.473361072135));
#3616 = CARTESIAN_POINT('',(1.071276744122,2.20569725613,-6.487566768044
    ));
#3617 = CARTESIAN_POINT('',(1.162076548515,2.160823699952,
    -6.492828812638));
#3618 = CARTESIAN_POINT('',(1.25067102555,2.111595049164,-6.498090322857
    ));
#3619 = CARTESIAN_POINT('',(1.336810259033,2.058142378318,
    -6.503351121564));
#3620 = CARTESIAN_POINT('',(1.420254828334,2.000614233704,
    -6.508611110497));
#3621 = CARTESIAN_POINT('',(1.500776288206,1.939176342565,
    -6.513870219045));
#3622 = CARTESIAN_POINT('',(1.733686716244,1.743035919573,-6.52969669496
    ));
#3623 = CARTESIAN_POINT('',(1.876560953357,1.596978730863,
    -6.540263122425));
#3624 = CARTESIAN_POINT('',(2.004974104535,1.437345857786,
    -6.550824434684));
#3625 = CARTESIAN_POINT('',(2.117415885854,1.26587257297,-6.561382489398
    ));
#3626 = CARTESIAN_POINT('',(2.212631595871,1.084472939692,
    -6.571941735039));
#3627 = CARTESIAN_POINT('',(2.289632655121,0.895223340523,
    -6.582505369257));
#3628 = CARTESIAN_POINT('',(2.357313617806,0.668348578397,
    -6.594806918724));
#3629 = CARTESIAN_POINT('',(2.366359310714,0.636165141834,
    -6.596543793909));
#3630 = CARTESIAN_POINT('',(2.374892246766,0.60383934687,-6.598280749023
    ));
#3631 = CARTESIAN_POINT('',(2.382909754708,0.571380995443,
    -6.600017782288));
#3632 = CARTESIAN_POINT('',(2.390409398125,0.538799949851,
    -6.601754889879));
#3633 = CARTESIAN_POINT('',(2.39738897545,0.506106132754,-6.603492065923
    ));
#3634 = CARTESIAN_POINT('',(2.416991607129,0.406548200281,
    -6.608765650762));
#3635 = CARTESIAN_POINT('',(2.427973573336,0.339360671929,
    -6.612302261253));
#3636 = CARTESIAN_POINT('',(2.436775794865,0.271831389241,
    -6.615839056108));
#3637 = CARTESIAN_POINT('',(2.443385797721,0.204045209124,
    -6.619375932969));
#3638 = CARTESIAN_POINT('',(2.447795257622,0.13608739827,-6.622912764991
    ));
#3639 = CARTESIAN_POINT('',(2.45,6.804363315008E-02,-6.626449400835));
#3640 = CARTESIAN_POINT('',(2.45,1.831690354948E-11,-6.629985664674));
#3641 = ORIENTED_EDGE('',*,*,#3313,.T.);
#3642 = ORIENTED_EDGE('',*,*,#3643,.T.);
#3643 = EDGE_CURVE('',#3217,#3644,#3646,.T.);
#3644 = VERTEX_POINT('',#3645);
#3645 = CARTESIAN_POINT('',(2.45,1.117386574484E-12,-6.73000196479));
#3646 = B_SPLINE_CURVE_WITH_KNOTS('',7,(#3647,#3648,#3649,#3650,#3651,
    #3652,#3653,#3654,#3655,#3656,#3657,#3658,#3659,#3660,#3661,#3662,
    #3663,#3664,#3665,#3666,#3667,#3668,#3669,#3670,#3671,#3672,#3673,
    #3674,#3675,#3676,#3677,#3678,#3679,#3680,#3681,#3682,#3683,#3684,
    #3685,#3686,#3687,#3688,#3689,#3690,#3691,#3692,#3693,#3694,#3695,
    #3696,#3697,#3698,#3699,#3700,#3701,#3702,#3703,#3704,#3705,#3706,
    #3707,#3708,#3709,#3710,#3711,#3712,#3713,#3714,#3715,#3716,#3717,
    #3718,#3719,#3720,#3721,#3722,#3723,#3724,#3725,#3726,#3727,#3728,
    #3729,#3730,#3731,#3732,#3733,#3734,#3735,#3736,#3737,#3738),
  .UNSPECIFIED.,.F.,.F.,(8,6,6,6,6,6,6,6,6,6,6,6,6,6,6,8),(0.,
    2.581140062425E-02,4.564709017173E-02,0.127647203134,0.179784760989,
    0.262786669916,0.298663107159,0.354667169539,0.402045577896,
    0.49183471334,0.598699524638,0.679423468021,0.737426592903,
    0.767301303425,0.873012238828,1.),.UNSPECIFIED.);
#3647 = CARTESIAN_POINT('',(2.45,2.860822689854E-12,-5.930002245486));
#3648 = CARTESIAN_POINT('',(2.45,-5.675893396887E-02,-5.932951934341));
#3649 = CARTESIAN_POINT('',(2.448465910761,-0.113517943682,
    -5.935901811479));
#3650 = CARTESIAN_POINT('',(2.445397741992,-0.170227098912,
    -5.938851793505));
#3651 = CARTESIAN_POINT('',(2.440797515135,-0.226836645858,-5.9418018061
    ));
#3652 = CARTESIAN_POINT('',(2.434669263358,-0.283297007143,
    -5.944751784017));
#3653 = CARTESIAN_POINT('',(2.427019031558,-0.339558781812,
    -5.947701671089));
#3654 = CARTESIAN_POINT('',(2.41081235511,-0.438618669383,
    -5.952918259937));
#3655 = CARTESIAN_POINT('',(2.402875743995,-0.481518316549,
    -5.955185021061));
#3656 = CARTESIAN_POINT('',(2.394048698597,-0.524249364105,
    -5.95745168442));
#3657 = CARTESIAN_POINT('',(2.384335559204,-0.566789649005,
    -5.959718236086));
#3658 = CARTESIAN_POINT('',(2.373741350811,-0.609117167879,
    -5.961984667374));
#3659 = CARTESIAN_POINT('',(2.362271783122,-0.651210077044,
    -5.964250974843));
#3660 = CARTESIAN_POINT('',(2.298926147285,-0.865997937001,
    -5.975885499261));
#3661 = CARTESIAN_POINT('',(2.233063072735,-1.03458813546,
    -5.985252759687));
#3662 = CARTESIAN_POINT('',(2.152799599089,-1.197252454216,
    -5.994617245797));
#3663 = CARTESIAN_POINT('',(2.058792031014,-1.35252931207,-6.00398081946
    ));
#3664 = CARTESIAN_POINT('',(1.951866565886,-1.499053549668,
    -6.01334620786));
#3665 = CARTESIAN_POINT('',(1.833014056372,-1.635565404182,
    -6.022714855586));
#3666 = CARTESIAN_POINT('',(1.621005374083,-1.840648345777,
    -6.038043278615));
#3667 = CARTESIAN_POINT('',(1.534246833284,-1.915863765633,
    -6.044002476419));
#3668 = CARTESIAN_POINT('',(1.443432113299,-1.98629413754,-6.04996282888
    ));
#3669 = CARTESIAN_POINT('',(1.348879022542,-2.05167882218,
    -6.055924305559));
#3670 = CARTESIAN_POINT('',(1.250924927218,-2.111784554844,
    -6.06188682895));
#3671 = CARTESIAN_POINT('',(1.149925861013,-2.166406048057,
    -6.067850172209));
#3672 = CARTESIAN_POINT('',(0.881214788408,-2.293310766481,
    -6.083307918973));
#3673 = CARTESIAN_POINT('',(0.70938115218,-2.35691907357,-6.092804165305
    ));
#3674 = CARTESIAN_POINT('',(0.532281828311,-2.405463697423,
    -6.102299586278));
#3675 = CARTESIAN_POINT('',(0.351502575689,-2.4384473125,-6.111793033729
    ));
#3676 = CARTESIAN_POINT('',(0.168671200432,-2.4555729975,-6.121284459));
#3677 = CARTESIAN_POINT('',(-1.455318710183E-02,-2.456746154937,
    -6.130773769781));
#3678 = CARTESIAN_POINT('',(-0.275122601917,-2.435781486299,
    -6.144359298637));
#3679 = CARTESIAN_POINT('',(-0.353522911846,-2.426500260536,
    -6.148458787384));
#3680 = CARTESIAN_POINT('',(-0.431552092798,-2.414275565548,
    -6.152557787285));
#3681 = CARTESIAN_POINT('',(-0.509077700881,-2.399125598449,
    -6.156656327551));
#3682 = CARTESIAN_POINT('',(-0.585968734135,-2.381075949176,
    -6.160754451309));
#3683 = CARTESIAN_POINT('',(-0.662095632528,-2.360159600485,
    -6.164852215603));
#3684 = CARTESIAN_POINT('',(-0.854773538749,-2.299353991498,
    -6.175345958901));
#3685 = CARTESIAN_POINT('',(-0.970046044244,-2.255402587451,
    -6.181741675554));
#3686 = CARTESIAN_POINT('',(-1.082658593387,-2.204717345275,
    -6.18813685111));
#3687 = CARTESIAN_POINT('',(-1.192140618158,-2.147493663958,
    -6.194531823075));
#3688 = CARTESIAN_POINT('',(-1.298041578262,-2.083966993057,
    -6.200927022743));
#3689 = CARTESIAN_POINT('',(-1.399932355815,-2.014412113743,
    -6.207322741233));
#3690 = CARTESIAN_POINT('',(-1.57986811299,-1.875465641006,
    -6.219129924616));
#3691 = CARTESIAN_POINT('',(-1.659171343819,-1.807696961672,
    -6.224541432816));
#3692 = CARTESIAN_POINT('',(-1.735071146728,-1.736025856136,
    -6.229953417667));
#3693 = CARTESIAN_POINT('',(-1.807338201463,-1.660658374937,
    -6.235365960788));
#3694 = CARTESIAN_POINT('',(-1.875759515087,-1.581816672204,
    -6.240779143762));
#3695 = CARTESIAN_POINT('',(-1.940138873771,-1.499738533001,
    -6.246192964022));
#3696 = CARTESIAN_POINT('',(-2.114306455732,-1.253472447203,
    -6.261868129864));
#3697 = CARTESIAN_POINT('',(-2.213176106296,-1.081524085217,
    -6.272132472212));
#3698 = CARTESIAN_POINT('',(-2.295657114807,-0.900581570314,
    -6.282397203745));
#3699 = CARTESIAN_POINT('',(-2.360803854753,-0.7125260319,
    -6.292661858229));
#3700 = CARTESIAN_POINT('',(-2.407930716776,-0.519337257655,
    -6.302926918024));
#3701 = CARTESIAN_POINT('',(-2.436617436939,-0.323078008176,
    -6.313192072504));
#3702 = CARTESIAN_POINT('',(-2.458838526563,0.108786553643,
    -6.335668355719));
#3703 = CARTESIAN_POINT('',(-2.44465595533,0.344890892412,
    -6.347884125528));
#3704 = CARTESIAN_POINT('',(-2.4040011314,0.578760997648,-6.360094911426
    ));
#3705 = CARTESIAN_POINT('',(-2.337337035142,0.806872532821,
    -6.372302326734));
#3706 = CARTESIAN_POINT('',(-2.245654221073,1.025832873256,
    -6.38451136889));
#3707 = CARTESIAN_POINT('',(-2.130460144721,1.232421106893,
    -6.396724781806));
#3708 = CARTESIAN_POINT('',(-1.890758057365,1.568133928892,
    -6.418161563528));
#3709 = CARTESIAN_POINT('',(-1.775386390205,1.703894891229,-6.4273885987
    ));
#3710 = CARTESIAN_POINT('',(-1.648691592555,1.829683419016,
    -6.436616650887));
#3711 = CARTESIAN_POINT('',(-1.511719289824,1.944384224886,
    -6.445846055962));
#3712 = CARTESIAN_POINT('',(-1.365636739952,2.047019927167,
    -6.455077329238));
#3713 = CARTESIAN_POINT('',(-1.211725482846,2.136757158936,
    -6.464309988025));
#3714 = CARTESIAN_POINT('',(-0.936185900438,2.267669358124,
    -6.480174869673));
#3715 = CARTESIAN_POINT('',(-0.817652725589,2.315408863286,
    -6.486808243037));
#3716 = CARTESIAN_POINT('',(-0.696307421192,2.355907821141,
    -6.493441125007));
#3717 = CARTESIAN_POINT('',(-0.572681274057,2.388970863928,
    -6.50007323068));
#3718 = CARTESIAN_POINT('',(-0.447319760942,2.414452129862,
    -6.506704418149));
#3719 = CARTESIAN_POINT('',(-0.320780740761,2.432255737183,
    -6.513334511642));
#3720 = CARTESIAN_POINT('',(-0.128144580274,2.447528265484,
    -6.523377214772));
#3721 = CARTESIAN_POINT('',(-6.249391504093E-02,2.450671638428,
    -6.526790960217));
#3722 = CARTESIAN_POINT('',(3.242161419462E-03,2.451760268812,
    -6.530204346712));
#3723 = CARTESIAN_POINT('',(6.898651540261E-02,2.450791668137,
    -6.533617369685));
#3724 = CARTESIAN_POINT('',(0.134662066982,2.447766967621,-6.53703003427
    ));
#3725 = CARTESIAN_POINT('',(0.200191790012,2.442690918197,
    -6.540442355314));
#3726 = CARTESIAN_POINT('',(0.496585665061,2.410381384484,
    -6.555927643519));
#3727 = CARTESIAN_POINT('',(0.724953449993,2.359603213316,
    -6.568000483184));
#3728 = CARTESIAN_POINT('',(0.947076002047,2.283596224454,
    -6.580067784826));
#3729 = CARTESIAN_POINT('',(1.15965374714,2.183338837238,-6.592133398178
    ));
#3730 = CARTESIAN_POINT('',(1.359591564195,2.060290491819,
    -6.604204027677));
#3731 = CARTESIAN_POINT('',(1.544034785609,1.916374940209,
    -6.616282932131));
#3732 = CARTESIAN_POINT('',(1.910389347958,1.559131206478,
    -6.642875371153));
#3733 = CARTESIAN_POINT('',(2.084511112512,1.3374747922,-6.657403545893)
  );
#3734 = CARTESIAN_POINT('',(2.228311341559,1.093415629132,
    -6.671930506905));
#3735 = CARTESIAN_POINT('',(2.338526669093,0.831996497486,
    -6.686457764703));
#3736 = CARTESIAN_POINT('',(2.412867574762,0.558655245071,
    -6.700974226517));
#3737 = CARTESIAN_POINT('',(2.45,0.279243140414,-6.715490060531));
#3738 = CARTESIAN_POINT('',(2.45,2.172928503796E-12,-6.73000196479));
#3739 = ORIENTED_EDGE('',*,*,#3740,.F.);
#3740 = EDGE_CURVE('',#3528,#3644,#3741,.T.);
#3741 = LINE('',#3742,#3743);
#3742 = CARTESIAN_POINT('',(2.45,0.,-0.2));
#3743 = VECTOR('',#3744,1.);
#3744 = DIRECTION('',(0.,0.,-1.));
#3745 = CYLINDRICAL_SURFACE('',#3746,2.45);
#3746 = AXIS2_PLACEMENT_3D('',#3747,#3748,#3749);
#3747 = CARTESIAN_POINT('',(0.,0.,-0.2));
#3748 = DIRECTION('',(-0.,-0.,-1.));
#3749 = DIRECTION('',(1.,0.,0.));
#3750 = ADVANCED_FACE('',(#3751),#3777,.T.);
#3751 = FACE_BOUND('',#3752,.T.);
#3752 = EDGE_LOOP('',(#3753,#3770,#3771,#3772));
#3753 = ORIENTED_EDGE('',*,*,#3754,.F.);
#3754 = EDGE_CURVE('',#3328,#3755,#3757,.T.);
#3755 = VERTEX_POINT('',#3756);
#3756 = CARTESIAN_POINT('',(2.016998666522,6.732052897155E-07,
    -6.180012953997));
#3757 = ( BOUNDED_CURVE() B_SPLINE_CURVE(11,(#3758,#3759,#3760,#3761,
    #3762,#3763,#3764,#3765,#3766,#3767,#3768,#3769),.UNSPECIFIED.,.F.,
.F.) B_SPLINE_CURVE_WITH_KNOTS((12,12),(0.,6.333910135482),
.PIECEWISE_BEZIER_KNOTS.) CURVE() GEOMETRIC_REPRESENTATION_ITEM() 
RATIONAL_B_SPLINE_CURVE((1.056590953773,1.056590953773,1.056590953773,
    1.056590953773,1.056590953773,1.056590953774,1.056590953772,
    1.056590953774,1.056590953773,1.056590953773,1.056590953773,
1.056590953773)) REPRESENTATION_ITEM('') );
#3758 = CARTESIAN_POINT('',(2.0170000876,7.573546563777E-07,
    -5.380014573221));
#3759 = CARTESIAN_POINT('',(2.016998739544,-1.152159895025,
    -5.452739817123));
#3760 = CARTESIAN_POINT('',(1.293201940372,-2.303816708141,
    -5.525433774896));
#3761 = CARTESIAN_POINT('',(-0.155437863086,-2.952393423907,
    -5.598371633359));
#3762 = CARTESIAN_POINT('',(-1.926377405859,-2.583411294567,
    -5.670490019158));
#3763 = CARTESIAN_POINT('',(-3.245092874018,-1.070027529096,
    -5.744307031329));
#3764 = CARTESIAN_POINT('',(-3.246140571948,1.070012708484,
    -5.815720495642));
#3765 = CARTESIAN_POINT('',(-1.925675201272,2.583431772887,
    -5.88953750856));
#3766 = CARTESIAN_POINT('',(-0.155735986348,2.952381808322,
    -5.961655893515));
#3767 = CARTESIAN_POINT('',(1.293260411537,2.30381986254,-6.034593752421
    ));
#3768 = CARTESIAN_POINT('',(2.017000062624,1.152161325585,-6.1072877101)
  );
#3769 = CARTESIAN_POINT('',(2.016998666522,6.732052404979E-07,
    -6.180012953997));
#3770 = ORIENTED_EDGE('',*,*,#3346,.T.);
#3771 = ORIENTED_EDGE('',*,*,#3216,.T.);
#3772 = ORIENTED_EDGE('',*,*,#3773,.F.);
#3773 = EDGE_CURVE('',#3755,#3217,#3774,.T.);
#3774 = B_SPLINE_CURVE_WITH_KNOTS('',1,(#3775,#3776),.UNSPECIFIED.,.F.,
  .F.,(2,2),(0.,0.56),.PIECEWISE_BEZIER_KNOTS.);
#3775 = CARTESIAN_POINT('',(2.016998666522,6.732052421888E-07,
    -6.180012953997));
#3776 = CARTESIAN_POINT('',(2.501964515841,-8.078824582416E-08,
    -5.899998445455));
#3777 = B_SPLINE_SURFACE_WITH_KNOTS('',1,10,(
    (#3778,#3779,#3780,#3781,#3782,#3783,#3784,#3785,#3786,#3787,#3788)
    ,(#3789,#3790,#3791,#3792,#3793,#3794,#3795,#3796,#3797,#3798,#3799
    )),.UNSPECIFIED.,.F.,.F.,.F.,(2,2),(11,11),(0.,0.56),(0.,
    6.333910135482),.PIECEWISE_BEZIER_KNOTS.);
#3778 = CARTESIAN_POINT('',(2.0170000876,7.57354657475E-07,
    -5.380014573221));
#3779 = CARTESIAN_POINT('',(2.016998604739,-1.267375960263,
    -5.460012341513));
#3780 = CARTESIAN_POINT('',(1.132358237179,-2.534136874335,
    -5.539971871203));
#3781 = CARTESIAN_POINT('',(-0.638473703935,-3.104874745064,
    -5.620131994697));
#3782 = CARTESIAN_POINT('',(-2.661818159711,-2.305029622553,
    -5.699892581783));
#3783 = CARTESIAN_POINT('',(-3.732205591518,-3.111255493149E-05,
    -5.780013762934));
#3784 = CARTESIAN_POINT('',(-2.661602001772,2.305071687336,
    -5.860134946513));
#3785 = CARTESIAN_POINT('',(-0.638685683081,3.10485744708,
    -5.939895532005));
#3786 = CARTESIAN_POINT('',(1.132429346939,2.53414041181,-6.020055656134
    ));
#3787 = CARTESIAN_POINT('',(2.017000202234,1.267377390823,-6.10001518571
    ));
#3788 = CARTESIAN_POINT('',(2.016998666522,6.732052421888E-07,
    -6.180012953997));
#3789 = CARTESIAN_POINT('',(2.501964889789,-9.088703689871E-08,
    -5.099998251131));
#3790 = CARTESIAN_POINT('',(2.501964317298,-1.572023840333,
    -5.179998518961));
#3791 = CARTESIAN_POINT('',(1.404711443209,-3.144077555166,
    -5.260003375851));
#3792 = CARTESIAN_POINT('',(-0.792335648672,-3.849960430478,
    -5.3399841592));
#3793 = CARTESIAN_POINT('',(-3.301191980598,-2.86064521658,
    -5.420012891615));
#3794 = CARTESIAN_POINT('',(-4.630244794314,-7.679589257847E-06,
    -5.499998348113));
#3795 = CARTESIAN_POINT('',(-3.301134471981,2.860657008397,
    -5.579983805259));
#3796 = CARTESIAN_POINT('',(-0.792390587594,3.849956052427,
    -5.660012537248));
#3797 = CARTESIAN_POINT('',(1.404730844682,3.144078178241,
    -5.739993320766));
#3798 = CARTESIAN_POINT('',(2.501965081988,1.572023668658,
    -5.819998177627));
#3799 = CARTESIAN_POINT('',(2.501964515841,-8.078824582416E-08,
    -5.899998445455));
#3800 = ADVANCED_FACE('',(#3801),#3831,.T.);
#3801 = FACE_BOUND('',#3802,.T.);
#3802 = EDGE_LOOP('',(#3803,#3819,#3820,#3821));
#3803 = ORIENTED_EDGE('',*,*,#3804,.F.);
#3804 = EDGE_CURVE('',#3378,#3805,#3807,.T.);
#3805 = VERTEX_POINT('',#3806);
#3806 = CARTESIAN_POINT('',(2.017004649795,6.732004191393E-07,
    -6.380012953908));
#3807 = B_SPLINE_CURVE_WITH_KNOTS('',10,(#3808,#3809,#3810,#3811,#3812,
    #3813,#3814,#3815,#3816,#3817,#3818),.UNSPECIFIED.,.F.,.F.,(11,11),(
    0.,6.333910135482),.PIECEWISE_BEZIER_KNOTS.);
#3808 = CARTESIAN_POINT('',(2.017006818782,7.57348535164E-07,
    -5.580014573108));
#3809 = CARTESIAN_POINT('',(2.017004305105,-1.267379953772,
    -5.660012341435));
#3810 = CARTESIAN_POINT('',(1.132342621133,-2.534144150312,
    -5.739971871748));
#3811 = CARTESIAN_POINT('',(-0.638420516237,-3.104888944758,
    -5.820131992723));
#3812 = CARTESIAN_POINT('',(-2.661883854956,-2.305025340054,
    -5.899892583747));
#3813 = CARTESIAN_POINT('',(-3.732217363575,-4.678988642048E-05,
    -5.980013762473));
#3814 = CARTESIAN_POINT('',(-2.661553071228,2.305090536148,
    -6.06013494492));
#3815 = CARTESIAN_POINT('',(-0.638742902557,3.104862781651,
    -6.139895533502));
#3816 = CARTESIAN_POINT('',(1.132452102659,2.534149126759,
    -6.220055655449));
#3817 = CARTESIAN_POINT('',(2.017007216323,1.267381384321,-6.30001518559
    ));
#3818 = CARTESIAN_POINT('',(2.017004649795,6.732003695449E-07,
    -6.380012953908));
#3819 = ORIENTED_EDGE('',*,*,#3395,.T.);
#3820 = ORIENTED_EDGE('',*,*,#3754,.T.);
#3821 = ORIENTED_EDGE('',*,*,#3822,.F.);
#3822 = EDGE_CURVE('',#3805,#3755,#3823,.T.);
#3823 = ( BOUNDED_CURVE() B_SPLINE_CURVE(6,(#3824,#3825,#3826,#3827,
#3828,#3829,#3830),.UNSPECIFIED.,.F.,.F.) B_SPLINE_CURVE_WITH_KNOTS((7,7
),(0.,2.094395102393),.PIECEWISE_BEZIER_KNOTS.) CURVE() 
GEOMETRIC_REPRESENTATION_ITEM() RATIONAL_B_SPLINE_CURVE((1.056590953773,
    1.017435169568,0.996326512422,0.989390034249,0.996326512422,
1.017435169568,1.056590953773)) REPRESENTATION_ITEM('') );
#3824 = CARTESIAN_POINT('',(2.017004649795,6.732003696164E-07,
    -6.380012953908));
#3825 = CARTESIAN_POINT('',(1.98075498593,7.295580748412E-07,
    -6.359085646637));
#3826 = CARTESIAN_POINT('',(1.955209125749,7.692740108811E-07,
    -6.323664429849));
#3827 = CARTESIAN_POINT('',(1.945974866834,7.836297530872E-07,
    -6.280015078816));
#3828 = CARTESIAN_POINT('',(1.955206514073,7.692761371247E-07,
    -6.23636517535));
#3829 = CARTESIAN_POINT('',(1.98075025486,7.29561926649E-07,
    -6.200942430147));
#3830 = CARTESIAN_POINT('',(2.016998666522,6.732052404979E-07,
    -6.180012953997));
#3831 = ( BOUNDED_SURFACE() B_SPLINE_SURFACE(6,11,(
    (#3832,#3833,#3834,#3835,#3836,#3837,#3838,#3839,#3840,#3841,#3842
      ,#3843)
    ,(#3844,#3845,#3846,#3847,#3848,#3849,#3850,#3851,#3852,#3853,#3854
      ,#3855)
    ,(#3856,#3857,#3858,#3859,#3860,#3861,#3862,#3863,#3864,#3865,#3866
      ,#3867)
    ,(#3868,#3869,#3870,#3871,#3872,#3873,#3874,#3875,#3876,#3877,#3878
      ,#3879)
    ,(#3880,#3881,#3882,#3883,#3884,#3885,#3886,#3887,#3888,#3889,#3890
      ,#3891)
    ,(#3892,#3893,#3894,#3895,#3896,#3897,#3898,#3899,#3900,#3901,#3902
      ,#3903)
    ,(#3904,#3905,#3906,#3907,#3908,#3909,#3910,#3911,#3912,#3913,#3914
,#3915
    )),.UNSPECIFIED.,.F.,.F.,.F.) B_SPLINE_SURFACE_WITH_KNOTS((7,7),(12,
    12),(0.,2.094395102393),(0.,6.333910135482),
.PIECEWISE_BEZIER_KNOTS.) GEOMETRIC_REPRESENTATION_ITEM() 
RATIONAL_B_SPLINE_SURFACE((
    (1.056590953773,1.056590953773,1.056590953773,1.056590953773
      ,1.056590953773,1.056590953774,1.056590953772,1.056590953774
      ,1.056590953773,1.056590953773,1.056590953773,1.056590953773)
    ,(1.017435169568,1.017435169568,1.017435169568,1.017435169568
      ,1.017435169568,1.017435169569,1.017435169568,1.017435169569
      ,1.017435169568,1.017435169568,1.017435169568,1.017435169568)
    ,(0.996326512422,0.996326512422,0.996326512422,0.996326512422
      ,0.996326512422,0.996326512423,0.996326512421,0.996326512423
      ,0.996326512422,0.996326512422,0.996326512422,0.996326512422)
    ,(0.989390034249,0.989390034249,0.989390034248,0.989390034249
      ,0.989390034248,0.98939003425,0.989390034247,0.989390034249
      ,0.989390034248,0.989390034249,0.989390034249,0.989390034249)
    ,(0.996326512422,0.996326512422,0.996326512422,0.996326512422
      ,0.996326512422,0.996326512423,0.996326512421,0.996326512423
      ,0.996326512422,0.996326512422,0.996326512422,0.996326512422)
    ,(1.017435169568,1.017435169568,1.017435169568,1.017435169568
      ,1.017435169568,1.017435169569,1.017435169567,1.017435169569
      ,1.017435169568,1.017435169568,1.017435169568,1.017435169568)
    ,(1.056590953773,1.056590953773,1.056590953773,1.056590953773
      ,1.056590953773,1.056590953774,1.056590953772,1.056590953774
      ,1.056590953773,1.056590953773,1.056590953773,1.056590953773
))) REPRESENTATION_ITEM('') SURFACE() );
#3832 = CARTESIAN_POINT('',(2.017006818782,7.57348537217E-07,
    -5.580014573108));
#3833 = CARTESIAN_POINT('',(2.017004533621,-1.152163525489,
    -5.652739817041));
#3834 = CARTESIAN_POINT('',(1.293190200037,-2.303823387306,
    -5.725433775327));
#3835 = CARTESIAN_POINT('',(-0.155360454697,-2.95240573506,
    -5.798371630582));
#3836 = CARTESIAN_POINT('',(-1.926568741956,-2.583413733864,
    -5.870490025544));
#3837 = CARTESIAN_POINT('',(-3.244827601235,-1.070034131996,
    -5.944307021517));
#3838 = CARTESIAN_POINT('',(-3.246426307295,1.070012723073,
    -6.01572050512));
#3839 = CARTESIAN_POINT('',(-1.925495999723,2.583445708427,
    -6.089537502235));
#3840 = CARTESIAN_POINT('',(-0.155814379756,2.95238806456,
    -6.161655895907));
#3841 = CARTESIAN_POINT('',(1.293280305143,2.303827719043,
    -6.234593751838));
#3842 = CARTESIAN_POINT('',(2.017006983002,1.152164956038,
    -6.307287709982));
#3843 = CARTESIAN_POINT('',(2.017004649795,6.732003696164E-07,
    -6.380012953908));
#3844 = CARTESIAN_POINT('',(1.980757076658,8.207510117653E-07,
    -5.559087401394));
#3845 = CARTESIAN_POINT('',(1.98075492576,-1.13146214249,-5.631812475479
    ));
#3846 = CARTESIAN_POINT('',(1.269946444099,-2.262381314856,
    -5.704503644716));
#3847 = CARTESIAN_POINT('',(-0.152560169485,-2.899468635461,
    -5.7774591297));
#3848 = CARTESIAN_POINT('',(-1.891952931171,-2.53672871175,
    -5.849526550149));
#3849 = CARTESIAN_POINT('',(-3.186516358187,-1.051167016912,
    -5.923434776369));
#3850 = CARTESIAN_POINT('',(-3.188057471182,1.051146104626,
    -5.994738271297));
#3851 = CARTESIAN_POINT('',(-1.890919114825,2.536759369093,
    -6.068646498617));
#3852 = CARTESIAN_POINT('',(-0.152997966925,2.899451589246,
    -6.140713917823));
#3853 = CARTESIAN_POINT('',(1.270033102236,2.262385600198,
    -6.213669403459));
#3854 = CARTESIAN_POINT('',(1.980757188897,1.131463692799,
    -6.286360572559));
#3855 = CARTESIAN_POINT('',(1.98075498593,7.295580748412E-07,
    -6.359085646637));
#3856 = CARTESIAN_POINT('',(1.955211084018,8.654315501455E-07,
    -5.523666280137));
#3857 = CARTESIAN_POINT('',(1.955209124602,-1.116873443466,
    -5.596391234525));
#3858 = CARTESIAN_POINT('',(1.253567716457,-2.233176277576,
    -5.669080438259));
#3859 = CARTESIAN_POINT('',(-0.150594802079,-2.862162437535,
    -5.742048347295));
#3860 = CARTESIAN_POINT('',(-1.867539292296,-2.503829391131,
    -5.814079844912));
#3861 = CARTESIAN_POINT('',(-3.14545167943,-1.037870624471,
    -5.888052363022));
#3862 = CARTESIAN_POINT('',(-3.146895249588,1.03785074319,
    -5.959278346622));
#3863 = CARTESIAN_POINT('',(-1.866571209025,2.503857931877,
    -6.033250865762));
#3864 = CARTESIAN_POINT('',(-0.151005129354,2.862146457143,
    -6.105282362216));
#3865 = CARTESIAN_POINT('',(1.253648675554,2.233180408524,
    -6.178250271862));
#3866 = CARTESIAN_POINT('',(1.955211140069,1.116875078172,
    -6.250939475467));
#3867 = CARTESIAN_POINT('',(1.955209125749,7.692740108811E-07,
    -6.323664429849));
#3868 = CARTESIAN_POINT('',(1.945976661874,8.815818979269E-07,
    -5.480016963636));
#3869 = CARTESIAN_POINT('',(1.9459749162,-1.111599921086,-5.552741874757
    ));
#3870 = CARTESIAN_POINT('',(1.24764957399,-2.222619332575,
    -5.625430367996));
#3871 = CARTESIAN_POINT('',(-0.149896375523,-2.84867652758,
    -5.698402768096));
#3872 = CARTESIAN_POINT('',(-1.858685677672,-2.491937832447,
    -5.770421280295));
#3873 = CARTESIAN_POINT('',(-3.130650110892,-1.033063736978,
    -5.844417038665));
#3874 = CARTESIAN_POINT('',(-3.131973441243,1.033045244482,
    -5.915615003474));
#3875 = CARTESIAN_POINT('',(-1.85779850229,2.491963835062,
    -5.989610762788));
#3876 = CARTESIAN_POINT('',(-0.150272744121,2.848661866291,
    -6.061629273921));
#3877 = CARTESIAN_POINT('',(1.247723594213,2.222623226133,-6.13460167458
    ));
#3878 = CARTESIAN_POINT('',(1.945976668436,1.111601586298,
    -6.207290167701));
#3879 = CARTESIAN_POINT('',(1.945974866834,7.836297530872E-07,
    -6.280015078816));
#3880 = CARTESIAN_POINT('',(1.955208145882,8.654342219527E-07,
    -5.436367025649));
#3881 = CARTESIAN_POINT('',(1.955206595509,-1.116871858782,
    -5.509091980023));
#3882 = CARTESIAN_POINT('',(1.253572841069,-2.233173362146,
    -5.581781183533));
#3883 = CARTESIAN_POINT('',(-0.150628590552,-2.862157063762,
    -5.65474909397));
#3884 = CARTESIAN_POINT('',(-1.867455774804,-2.503828326387,
    -5.726780587587));
#3885 = CARTESIAN_POINT('',(-3.14556747001,-1.037867742331,
    -5.800753112767));
#3886 = CARTESIAN_POINT('',(-3.146770527176,1.037850736823,
    -5.871979087948));
#3887 = CARTESIAN_POINT('',(-1.866649429832,2.503851849065,
    -5.945951613985));
#3888 = CARTESIAN_POINT('',(-0.150970910924,2.862143726319,
    -6.017983106634));
#3889 = CARTESIAN_POINT('',(1.25363999207,2.233176979189,-6.090951017579
    ));
#3890 = CARTESIAN_POINT('',(1.95520811935,1.116873493493,-6.16364022098)
  );
#3891 = CARTESIAN_POINT('',(1.955206514073,7.692761371247E-07,
    -6.23636517535));
#3892 = CARTESIAN_POINT('',(1.980751754204,8.207558508389E-07,
    -5.400944184924));
#3893 = CARTESIAN_POINT('',(1.98075034429,-1.131459271824,
    -5.473669258984));
#3894 = CARTESIAN_POINT('',(1.269955727371,-2.262376033533,
    -5.546360427815));
#3895 = CARTESIAN_POINT('',(-0.152621377544,-2.899458900834,
    -5.619315915336));
#3896 = CARTESIAN_POINT('',(-1.891801638642,-2.536726782959,
    -5.69138332854));
#3897 = CARTESIAN_POINT('',(-3.186726113643,-1.051161795893,
    -5.765291567567));
#3898 = CARTESIAN_POINT('',(-3.187831535648,1.05114609309,
    -5.836595047243));
#3899 = CARTESIAN_POINT('',(-1.891060812373,2.536748350037,
    -5.910503287058));
#3900 = CARTESIAN_POINT('',(-0.152935979997,2.899446642338,
    -5.982570699372));
#3901 = CARTESIAN_POINT('',(1.270017372042,2.262379387934,-6.05552618736
    ));
#3902 = CARTESIAN_POINT('',(1.980751716843,1.131460822142,
    -6.128217356092));
#3903 = CARTESIAN_POINT('',(1.98075025486,7.29561926649E-07,
    -6.200942430147));
#3904 = CARTESIAN_POINT('',(2.0170000876,7.573546563777E-07,
    -5.380014573221));
#3905 = CARTESIAN_POINT('',(2.016998739544,-1.152159895025,
    -5.452739817123));
#3906 = CARTESIAN_POINT('',(1.293201940372,-2.303816708141,
    -5.525433774896));
#3907 = CARTESIAN_POINT('',(-0.155437863086,-2.952393423907,
    -5.598371633359));
#3908 = CARTESIAN_POINT('',(-1.926377405859,-2.583411294567,
    -5.670490019158));
#3909 = CARTESIAN_POINT('',(-3.245092874018,-1.070027529096,
    -5.744307031329));
#3910 = CARTESIAN_POINT('',(-3.246140571948,1.070012708484,
    -5.815720495642));
#3911 = CARTESIAN_POINT('',(-1.925675201272,2.583431772887,
    -5.88953750856));
#3912 = CARTESIAN_POINT('',(-0.155735986348,2.952381808322,
    -5.961655893515));
#3913 = CARTESIAN_POINT('',(1.293260411537,2.30381986254,-6.034593752421
    ));
#3914 = CARTESIAN_POINT('',(2.017000062624,1.152161325585,-6.1072877101)
  );
#3915 = CARTESIAN_POINT('',(2.016998666522,6.732052404979E-07,
    -6.180012953997));
#3916 = ADVANCED_FACE('',(#3917),#3927,.T.);
#3917 = FACE_BOUND('',#3918,.T.);
#3918 = EDGE_LOOP('',(#3919,#3920,#3921,#3922));
#3919 = ORIENTED_EDGE('',*,*,#3527,.F.);
#3920 = ORIENTED_EDGE('',*,*,#3496,.T.);
#3921 = ORIENTED_EDGE('',*,*,#3804,.T.);
#3922 = ORIENTED_EDGE('',*,*,#3923,.F.);
#3923 = EDGE_CURVE('',#3528,#3805,#3924,.T.);
#3924 = B_SPLINE_CURVE_WITH_KNOTS('',1,(#3925,#3926),.UNSPECIFIED.,.F.,
  .F.,(2,2),(0.,0.56),.PIECEWISE_BEZIER_KNOTS.);
#3925 = CARTESIAN_POINT('',(2.50198725228,-8.080675641349E-08,
    -6.659998445115));
#3926 = CARTESIAN_POINT('',(2.017004649795,6.732003695449E-07,
    -6.380012953908));
#3927 = B_SPLINE_SURFACE_WITH_KNOTS('',1,10,(
    (#3928,#3929,#3930,#3931,#3932,#3933,#3934,#3935,#3936,#3937,#3938)
    ,(#3939,#3940,#3941,#3942,#3943,#3944,#3945,#3946,#3947,#3948,#3949
    )),.UNSPECIFIED.,.F.,.F.,.F.,(2,2),(11,11),(0.,0.56),(0.,
    6.333910135482),.PIECEWISE_BEZIER_KNOTS.);
#3928 = CARTESIAN_POINT('',(2.50199046828,-9.091029657809E-08,
    -5.859998250701));
#3929 = CARTESIAN_POINT('',(2.501985978689,-1.572039015668,
    -5.939998518663));
#3930 = CARTESIAN_POINT('',(1.404652102233,-3.14410520388,-6.02000337792
    ));
#3931 = CARTESIAN_POINT('',(-0.79213353542,-3.850014389315,
    -6.099984151701));
#3932 = CARTESIAN_POINT('',(-3.301441622528,-2.860628943086,
    -6.180012899075));
#3933 = CARTESIAN_POINT('',(-4.630289528132,-6.725344955694E-05,
    -6.259998346368));
#3934 = CARTESIAN_POINT('',(-3.300948535916,2.860728633882,
    -6.339983799197));
#3935 = CARTESIAN_POINT('',(-0.792608021603,3.849976323798,
    -6.420012542942));
#3936 = CARTESIAN_POINT('',(1.404817316419,3.144111295048,
    -6.499993318159));
#3937 = CARTESIAN_POINT('',(2.501991735523,1.572038843952,-6.57999817717
    ));
#3938 = CARTESIAN_POINT('',(2.50198725228,-8.080675641349E-08,
    -6.659998445115));
#3939 = CARTESIAN_POINT('',(2.017006818782,7.57348535164E-07,
    -5.580014573108));
#3940 = CARTESIAN_POINT('',(2.017004305105,-1.267379953772,
    -5.660012341435));
#3941 = CARTESIAN_POINT('',(1.132342621133,-2.534144150312,
    -5.739971871748));
#3942 = CARTESIAN_POINT('',(-0.638420516237,-3.104888944758,
    -5.820131992723));
#3943 = CARTESIAN_POINT('',(-2.661883854956,-2.305025340054,
    -5.899892583747));
#3944 = CARTESIAN_POINT('',(-3.732217363575,-4.678988642048E-05,
    -5.980013762473));
#3945 = CARTESIAN_POINT('',(-2.661553071228,2.305090536148,
    -6.06013494492));
#3946 = CARTESIAN_POINT('',(-0.638742902557,3.104862781651,
    -6.139895533502));
#3947 = CARTESIAN_POINT('',(1.132452102659,2.534149126759,
    -6.220055655449));
#3948 = CARTESIAN_POINT('',(2.017007216323,1.267381384321,-6.30001518559
    ));
#3949 = CARTESIAN_POINT('',(2.017004649795,6.732003695449E-07,
    -6.380012953908));
#3950 = ADVANCED_FACE('',(#3951),#4166,.T.);
#3951 = FACE_BOUND('',#3952,.F.);
#3952 = EDGE_LOOP('',(#3953,#4062,#4063,#4160));
#3953 = ORIENTED_EDGE('',*,*,#3954,.F.);
#3954 = EDGE_CURVE('',#3528,#3955,#3957,.T.);
#3955 = VERTEX_POINT('',#3956);
#3956 = CARTESIAN_POINT('',(2.45,6.988609874202E-12,-7.42998745652));
#3957 = B_SPLINE_CURVE_WITH_KNOTS('',7,(#3958,#3959,#3960,#3961,#3962,
    #3963,#3964,#3965,#3966,#3967,#3968,#3969,#3970,#3971,#3972,#3973,
    #3974,#3975,#3976,#3977,#3978,#3979,#3980,#3981,#3982,#3983,#3984,
    #3985,#3986,#3987,#3988,#3989,#3990,#3991,#3992,#3993,#3994,#3995,
    #3996,#3997,#3998,#3999,#4000,#4001,#4002,#4003,#4004,#4005,#4006,
    #4007,#4008,#4009,#4010,#4011,#4012,#4013,#4014,#4015,#4016,#4017,
    #4018,#4019,#4020,#4021,#4022,#4023,#4024,#4025,#4026,#4027,#4028,
    #4029,#4030,#4031,#4032,#4033,#4034,#4035,#4036,#4037,#4038,#4039,
    #4040,#4041,#4042,#4043,#4044,#4045,#4046,#4047,#4048,#4049,#4050,
    #4051,#4052,#4053,#4054,#4055,#4056,#4057,#4058,#4059,#4060,#4061),
  .UNSPECIFIED.,.F.,.F.,(8,6,6,6,6,6,6,6,6,6,6,6,6,6,6,6,6,8),(0.,
    1.8770791824E-02,5.677096280543E-02,0.12577245264,0.229625641902,
    0.245626168174,0.266154205682,0.324156982875,0.376161613097,
    0.40306111738,0.497774389347,0.597614466584,0.710175403535,
    0.73749912809,0.815319401815,0.86132407088,0.968528822477,1.),
  .UNSPECIFIED.);
#3958 = CARTESIAN_POINT('',(2.45,1.837596741439E-11,-6.629985664674));
#3959 = CARTESIAN_POINT('',(2.45,-4.127704207725E-02,-6.632130857244));
#3960 = CARTESIAN_POINT('',(2.44918866891,-8.255409576829E-02,
    -6.634275981953));
#3961 = CARTESIAN_POINT('',(2.447566007849,-0.123811987847,
    -6.636421072515));
#3962 = CARTESIAN_POINT('',(2.445132582195,-0.16503157855,
    -6.638566158968));
#3963 = CARTESIAN_POINT('',(2.441889521583,-0.206193761565,
    -6.640711267673));
#3964 = CARTESIAN_POINT('',(2.437838519902,-0.24727946402,
    -6.642856421316));
#3965 = CARTESIAN_POINT('',(2.423149812927,-0.371251438485,
    -6.649344483679));
#3966 = CARTESIAN_POINT('',(2.410015737391,-0.453842352636,
    -6.653687604447));
#3967 = CARTESIAN_POINT('',(2.393598488358,-0.535883784094,
    -6.658031140775));
#3968 = CARTESIAN_POINT('',(2.373926151084,-0.617219370141,
    -6.66237516529));
#3969 = CARTESIAN_POINT('',(2.351036016422,-0.697694990195,
    -6.666719683681));
#3970 = CARTESIAN_POINT('',(2.324974580816,-0.777158765816,
    -6.671064634696));
#3971 = CARTESIAN_POINT('',(2.242817288637,-0.99764397369,
    -6.683300094106));
#3972 = CARTESIAN_POINT('',(2.179560887317,-1.136006582474,
    -6.69119177537));
#3973 = CARTESIAN_POINT('',(2.106363329989,-1.269643988532,
    -6.699083584597));
#3974 = CARTESIAN_POINT('',(2.023655507261,-1.397705672702,
    -6.706974569004));
#3975 = CARTESIAN_POINT('',(1.931952957487,-1.51939308514,
    -6.714864190606));
#3976 = CARTESIAN_POINT('',(1.83185365979,-1.633963214856,-6.72275205077
    ));
#3977 = CARTESIAN_POINT('',(1.561783362948,-1.901443601981,
    -6.742505332507));
#3978 = CARTESIAN_POINT('',(1.381999518049,-2.044547943843,
    -6.754371652529));
#3979 = CARTESIAN_POINT('',(1.187062232422,-2.167672544278,-6.7662302265
    ));
#3980 = CARTESIAN_POINT('',(0.979656953183,-2.268962939039,
    -6.778084057922));
#3981 = CARTESIAN_POINT('',(0.762699158495,-2.346995512946,
    -6.789939328056));
#3982 = CARTESIAN_POINT('',(0.53930187026,-2.400793199458,
    -6.801799648439));
#3983 = CARTESIAN_POINT('',(0.277899923386,-2.434442365807,
    -6.815487824066));
#3984 = CARTESIAN_POINT('',(0.242927385462,-2.438349844428,
    -6.817315289997));
#3985 = CARTESIAN_POINT('',(0.207891357935,-2.441671108899,
    -6.819142848215));
#3986 = CARTESIAN_POINT('',(0.172803631711,-2.444404942602,
    -6.820970502047));
#3987 = CARTESIAN_POINT('',(0.137676020685,-2.446550425859,
    -6.82279825403));
#3988 = CARTESIAN_POINT('',(0.10252036174,-2.44810693593,-6.824626105914
    ));
#3989 = CARTESIAN_POINT('',(2.222443683557E-02,-2.450315040282,
    -6.828799249182));
#3990 = CARTESIAN_POINT('',(-2.292632232705E-02,-2.450585955943,
    -6.831144606307));
#3991 = CARTESIAN_POINT('',(-6.807870199812E-02,-2.449886206877,
    -6.833490131967));
#3992 = CARTESIAN_POINT('',(-0.113207668729,-2.448215912871,
    -6.835835825941));
#3993 = CARTESIAN_POINT('',(-0.158288216359,-2.445576000624,
    -6.838181685863));
#3994 = CARTESIAN_POINT('',(-0.203295366019,-2.441968203745,
    -6.840527707213));
#3995 = CARTESIAN_POINT('',(-0.375095746764,-2.42447347304,
    -6.849503096181));
#3996 = CARTESIAN_POINT('',(-0.501205714498,-2.403844258169,
    -6.856133727133));
#3997 = CARTESIAN_POINT('',(-0.625966781023,-2.375565540035,
    -6.862765348045));
#3998 = CARTESIAN_POINT('',(-0.748823353758,-2.339745648891,
    -6.869397755513));
#3999 = CARTESIAN_POINT('',(-0.869233334558,-2.296542609748,
    -6.876030794563));
#4000 = CARTESIAN_POINT('',(-0.986669918418,-2.246163628788,
    -6.882664182338));
#4001 = CARTESIAN_POINT('',(-1.202792780491,-2.137490904225,
    -6.895244538137));
#4002 = CARTESIAN_POINT('',(-1.302166312288,-2.080552402759,
    -6.901191793304));
#4003 = CARTESIAN_POINT('',(-1.398377491823,-2.018233535372,
    -6.907138709554));
#4004 = CARTESIAN_POINT('',(-1.491078110447,-1.950746609313,
    -6.913085136356));
#4005 = CARTESIAN_POINT('',(-1.579939108764,-1.878331158497,
    -6.919031037714));
#4006 = CARTESIAN_POINT('',(-1.664651438782,-1.80125332293,
    -6.924976369479));
#4007 = CARTESIAN_POINT('',(-1.786449590575,-1.677676029913,
    -6.933995806891));
#4008 = CARTESIAN_POINT('',(-1.826785629127,-1.634377162801,
    -6.937070485507));
#4009 = CARTESIAN_POINT('',(-1.865895390182,-1.589948867611,
    -6.940144991924));
#4010 = CARTESIAN_POINT('',(-1.903741052535,-1.544432908543,
    -6.943219329241));
#4011 = CARTESIAN_POINT('',(-1.940286625321,-1.497872573178,
    -6.946293504256));
#4012 = CARTESIAN_POINT('',(-1.975497948006,-1.450312672481,
    -6.949367527458));
#4013 = CARTESIAN_POINT('',(-2.128510176022,-1.230984592425,
    -6.963264577578));
#4014 = CARTESIAN_POINT('',(-2.230758928115,-1.048318295111,
    -6.974088084128));
#4015 = CARTESIAN_POINT('',(-2.31463006731,-0.855868890285,
    -6.984909000916));
#4016 = CARTESIAN_POINT('',(-2.379047611916,-0.655862560256,
    -6.995729014222));
#4017 = CARTESIAN_POINT('',(-2.423257762445,-0.450640593932,
    -7.006551062256));
#4018 = CARTESIAN_POINT('',(-2.446835525701,-0.242638390235,
    -7.017376222738));
#4019 = CARTESIAN_POINT('',(-2.452840060623,0.185138424463,
    -7.039611420164));
#4020 = CARTESIAN_POINT('',(-2.432971548718,0.405036978704,
    -7.051026286543));
#4021 = CARTESIAN_POINT('',(-2.390093468665,0.622336220056,
    -7.062440812489));
#4022 = CARTESIAN_POINT('',(-2.324651480241,0.834173481624,
    -7.07385480427));
#4023 = CARTESIAN_POINT('',(-2.237495786224,1.037795647413,
    -7.085269342961));
#4024 = CARTESIAN_POINT('',(-2.129872705408,1.23058691707,-7.09668382643
    ));
#4025 = CARTESIAN_POINT('',(-1.861044166001,1.612539008877,
    -7.120956323269));
#4026 = CARTESIAN_POINT('',(-1.694667277633,1.798237565386,
    -7.133821135242));
#4027 = CARTESIAN_POINT('',(-1.506819456486,1.963685926463,
    -7.146678154536));
#4028 = CARTESIAN_POINT('',(-1.300512147517,2.105999775243,
    -7.159530295386));
#4029 = CARTESIAN_POINT('',(-1.079135085471,2.222841045849,
    -7.172382818267));
#4030 = CARTESIAN_POINT('',(-0.846453865749,2.312419266635,
    -7.185241253587));
#4031 = CARTESIAN_POINT('',(-0.548425986814,2.38858517445,
    -7.201219624341));
#4032 = CARTESIAN_POINT('',(-0.489786366379,2.401797089198,
    -7.20434090594));
#4033 = CARTESIAN_POINT('',(-0.430778387525,2.413328755868,
    -7.207462434328));
#4034 = CARTESIAN_POINT('',(-0.371459829062,2.423168026708,
    -7.210584230425));
#4035 = CARTESIAN_POINT('',(-0.311888886431,2.431305253065,
    -7.213706309593));
#4036 = CARTESIAN_POINT('',(-0.252124171707,2.437733285388,
    -7.216828681641));
#4037 = CARTESIAN_POINT('',(-2.16260012306E-02,2.455873878089,
    -7.228844976205));
#4038 = CARTESIAN_POINT('',(0.150081543661,2.455399548638,
    -7.237741792797));
#4039 = CARTESIAN_POINT('',(0.32151223681,2.440911288917,-7.246640570727
    ));
#4040 = CARTESIAN_POINT('',(0.491298778577,2.412476675943,
    -7.255541183923));
#4041 = CARTESIAN_POINT('',(0.65809628373,2.370320877466,-7.264443511859
    ));
#4042 = CARTESIAN_POINT('',(0.820589960928,2.31482539342,-7.273346607388
    ));
#4043 = CARTESIAN_POINT('',(1.070270068061,2.206185900826,
    -7.287510405029));
#4044 = CARTESIAN_POINT('',(1.161090338252,2.161353786932,
    -7.292772453898));
#4045 = CARTESIAN_POINT('',(1.249707268976,2.112165572705,-7.29803396995
    ));
#4046 = CARTESIAN_POINT('',(1.335870884341,2.058752218558,
    -7.303294775813));
#4047 = CARTESIAN_POINT('',(1.419341696023,2.001262161412,
    -7.308554772864));
#4048 = CARTESIAN_POINT('',(1.499891183205,1.939861024146,
    -7.313813890041));
#4049 = CARTESIAN_POINT('',(1.757693453908,1.722959486303,
    -7.331325090558));
#4050 = CARTESIAN_POINT('',(1.921102677204,1.550889567876,
    -7.343576912928));
#4051 = CARTESIAN_POINT('',(2.064680582115,1.360883415933,
    -7.355820724999));
#4052 = CARTESIAN_POINT('',(2.186145834276,1.155713926466,
    -7.368060315624));
#4053 = CARTESIAN_POINT('',(2.283680888632,0.938452230105,
    -7.380304078049));
#4054 = CARTESIAN_POINT('',(2.355953332129,0.712430886681,
    -7.392556713464));
#4055 = CARTESIAN_POINT('',(2.415857479855,0.413427017403,
    -7.408405277635));
#4056 = CARTESIAN_POINT('',(2.427216032323,0.345122684863,
    -7.412002232748));
#4057 = CARTESIAN_POINT('',(2.436320683989,0.276458857505,
    -7.415599384941));
#4058 = CARTESIAN_POINT('',(2.443158092863,0.207524760582,
    -7.419196629226));
#4059 = CARTESIAN_POINT('',(2.447719354101,0.138410079018,
    -7.422793833397));
#4060 = CARTESIAN_POINT('',(2.45,6.920495740694E-02,-7.426390838039));
#4061 = CARTESIAN_POINT('',(2.45,1.397815196924E-11,-7.42998745652));
#4062 = ORIENTED_EDGE('',*,*,#3740,.T.);
#4063 = ORIENTED_EDGE('',*,*,#4064,.T.);
#4064 = EDGE_CURVE('',#3644,#4065,#4067,.T.);
#4065 = VERTEX_POINT('',#4066);
#4066 = CARTESIAN_POINT('',(2.45,7.51217709829E-13,-7.530001684097));
#4067 = B_SPLINE_CURVE_WITH_KNOTS('',6,(#4068,#4069,#4070,#4071,#4072,
    #4073,#4074,#4075,#4076,#4077,#4078,#4079,#4080,#4081,#4082,#4083,
    #4084,#4085,#4086,#4087,#4088,#4089,#4090,#4091,#4092,#4093,#4094,
    #4095,#4096,#4097,#4098,#4099,#4100,#4101,#4102,#4103,#4104,#4105,
    #4106,#4107,#4108,#4109,#4110,#4111,#4112,#4113,#4114,#4115,#4116,
    #4117,#4118,#4119,#4120,#4121,#4122,#4123,#4124,#4125,#4126,#4127,
    #4128,#4129,#4130,#4131,#4132,#4133,#4134,#4135,#4136,#4137,#4138,
    #4139,#4140,#4141,#4142,#4143,#4144,#4145,#4146,#4147,#4148,#4149,
    #4150,#4151,#4152,#4153,#4154,#4155,#4156,#4157,#4158,#4159),
  .UNSPECIFIED.,.F.,.F.,(7,5,5,5,5,5,5,5,5,5,5,5,5,5,5,5,5,5,7),(0.,
    2.581077413921E-02,4.564597585623E-02,0.127644035474,0.179780635248,
    0.262780465718,0.298656201361,0.354658861385,0.402037054729,
    0.491830144064,0.598403249693,0.621371713136,0.672375546222,
    0.737377263482,0.766233492366,0.872896767108,0.94267096898,
    0.973670525139,1.),.UNSPECIFIED.);
#4068 = CARTESIAN_POINT('',(2.45,2.167599433278E-12,-6.73000196479));
#4069 = CARTESIAN_POINT('',(2.45,-6.621880723267E-02,-6.733443271101));
#4070 = CARTESIAN_POINT('',(2.447852271761,-0.132437720506,
    -6.736884841007));
#4071 = CARTESIAN_POINT('',(2.443556832276,-0.198569361723,
    -6.740326528568));
#4072 = CARTESIAN_POINT('',(2.437118392589,-0.264526764445,
    -6.743768209017));
#4073 = CARTESIAN_POINT('',(2.42854635779,-0.33022337389,-6.747209778766
    ));
#4074 = CARTESIAN_POINT('',(2.409638542286,-0.44579331309,
    -6.753295802917));
#4075 = CARTESIAN_POINT('',(2.400170530651,-0.495808791274,
    -6.755940340408));
#4076 = CARTESIAN_POINT('',(2.389457189391,-0.545580416659,
    -6.758584734318));
#4077 = CARTESIAN_POINT('',(2.377506513442,-0.595069497007,
    -6.761228963332));
#4078 = CARTESIAN_POINT('',(2.364328095388,-0.644237712671,
    -6.76387301837));
#4079 = CARTESIAN_POINT('',(2.290424801915,-0.894823557785,
    -6.777446631408));
#4080 = CARTESIAN_POINT('',(2.210118119656,-1.090494530754,
    -6.788374850298));
#4081 = CARTESIAN_POINT('',(2.109810330526,-1.277321576749,
    -6.799298591652));
#4082 = CARTESIAN_POINT('',(1.990767062088,-1.452807159499,
    -6.810223188996));
#4083 = CARTESIAN_POINT('',(1.854614378447,-1.614670758062,
    -6.821152853898));
#4084 = CARTESIAN_POINT('',(1.607270231822,-1.853934765118,
    -6.839036060439));
#4085 = CARTESIAN_POINT('',(1.505035370644,-1.940637157209,
    -6.845988793625));
#4086 = CARTESIAN_POINT('',(1.397225865115,-2.020539793203,
    -6.852943113358));
#4087 = CARTESIAN_POINT('',(1.284409819796,-2.093202162983,
    -6.859898998576));
#4088 = CARTESIAN_POINT('',(1.167199936501,-2.158248335362,
    -6.866856199068));
#4089 = CARTESIAN_POINT('',(0.853702529104,-2.30630347982,
    -6.884890283239));
#4090 = CARTESIAN_POINT('',(0.651644801762,-2.377167658573,
    -6.895969746839));
#4091 = CARTESIAN_POINT('',(0.44274964795,-2.426687928334,-6.90704700154
    ));
#4092 = CARTESIAN_POINT('',(0.229826363853,-2.454128430004,
    -6.918121123928));
#4093 = CARTESIAN_POINT('',(1.576297714131E-02,-2.459185811597,
    -6.929192867169));
#4094 = CARTESIAN_POINT('',(-0.28823511882,-2.434726272491,
    -6.945042676944));
#4095 = CARTESIAN_POINT('',(-0.379647262675,-2.423208543355,
    -6.94982532238));
#4096 = CARTESIAN_POINT('',(-0.470492948688,-2.407573695086,
    -6.954607288787));
#4097 = CARTESIAN_POINT('',(-0.560541237482,-2.387857886351,
    -6.959388635402));
#4098 = CARTESIAN_POINT('',(-0.6495645543,-2.364114526099,
    -6.964169453935));
#4099 = CARTESIAN_POINT('',(-0.874355671005,-2.293173687752,
    -6.976412180653));
#4100 = CARTESIAN_POINT('',(-1.008333560863,-2.240289258242,
    -6.983873721568));
#4101 = CARTESIAN_POINT('',(-1.138416257709,-2.178031589678,
    -6.991334508387));
#4102 = CARTESIAN_POINT('',(-1.263791138095,-2.106766415439,
    -6.998795322927));
#4103 = CARTESIAN_POINT('',(-1.383693937398,-2.026952081275,
    -7.006256892887));
#4104 = CARTESIAN_POINT('',(-1.593620376368,-1.864845584121,
    -7.020032069749));
#4105 = CARTESIAN_POINT('',(-1.685405394665,-1.784825259543,
    -7.026345737311));
#4106 = CARTESIAN_POINT('',(-1.772339568184,-1.699407657262,
    -7.032660071346));
#4107 = CARTESIAN_POINT('',(-1.854030825155,-1.608963060196,
    -7.038975263746));
#4108 = CARTESIAN_POINT('',(-1.930125721381,-1.513898777669,
    -7.045291408174));
#4109 = CARTESIAN_POINT('',(-2.133329072605,-1.226571346336,
    -7.063580058444));
#4110 = CARTESIAN_POINT('',(-2.245148739463,-1.023441850178,
    -7.075556760799));
#4111 = CARTESIAN_POINT('',(-2.333583608181,-0.808331739956,
    -7.087532931356));
#4112 = CARTESIAN_POINT('',(-2.397155655947,-0.584610364042,
    -7.099509275794));
#4113 = CARTESIAN_POINT('',(-2.434942977469,-0.355839138227,
    -7.111486777744));
#4114 = CARTESIAN_POINT('',(-2.460805804005,0.147279467103,
    -7.137671392591));
#4115 = CARTESIAN_POINT('',(-2.438279690421,0.422313054711,
    -7.151884940665));
#4116 = CARTESIAN_POINT('',(-2.378819678879,0.692978605209,
    -7.166089236322));
#4117 = CARTESIAN_POINT('',(-2.28361684668,0.95323436158,-7.180291906168
    ));
#4118 = CARTESIAN_POINT('',(-2.154908660639,1.197341267594,
    -7.194502598881));
#4119 = CARTESIAN_POINT('',(-1.96226533685,1.468157721317,
    -7.211773621359));
#4120 = CARTESIAN_POINT('',(-1.92672262515,1.515189289639,-7.21483602756
    ));
#4121 = CARTESIAN_POINT('',(-1.889829633692,1.561184980528,
    -7.217898601323));
#4122 = CARTESIAN_POINT('',(-1.851624297021,1.60609655131,
    -7.220961351288));
#4123 = CARTESIAN_POINT('',(-1.812146818885,1.649877651334,
    -7.224024281988));
#4124 = CARTESIAN_POINT('',(-1.681045270444,1.787095201649,
    -7.233889348489));
#4125 = CARTESIAN_POINT('',(-1.584585287782,1.875914745196,
    -7.240692324259));
#4126 = CARTESIAN_POINT('',(-1.482527788402,1.958452963328,
    -7.24749604715));
#4127 = CARTESIAN_POINT('',(-1.375386875552,2.0342756634,-7.254300517539
    ));
#4128 = CARTESIAN_POINT('',(-1.263720002574,2.103005962395,
    -7.261105617631));
#4129 = CARTESIAN_POINT('',(-1.000805861726,2.242475862391,
    -7.27658346449));
#4130 = CARTESIAN_POINT('',(-0.847095823533,2.308596168712,
    -7.285256862701));
#4131 = CARTESIAN_POINT('',(-0.688239364568,2.362024429112,
    -7.293929254045));
#4132 = CARTESIAN_POINT('',(-0.525547223476,2.402287963722,
    -7.302600266479));
#4133 = CARTESIAN_POINT('',(-0.360378830398,2.429081562744,
    -7.311269714121));
#4134 = CARTESIAN_POINT('',(-0.120340818885,2.448162319942,
    -7.323783833119));
#4135 = CARTESIAN_POINT('',(-4.632921784244E-02,2.45135266291,
    -7.327630795775));
#4136 = CARTESIAN_POINT('',(2.77736052903E-02,2.451857391956,
    -7.331477285537));
#4137 = CARTESIAN_POINT('',(0.10184602897,2.449674201065,-7.335323299605
    ));
#4138 = CARTESIAN_POINT('',(0.17576651686,2.444808136938,-7.339168854926
    ));
#4139 = CARTESIAN_POINT('',(0.521640491147,2.409413772487,
    -7.357227020285));
#4140 = CARTESIAN_POINT('',(0.790234946658,2.34505795549,-7.371439472702
    ));
#4141 = CARTESIAN_POINT('',(1.048849123964,2.244806740897,
    -7.385641887818));
#4142 = CARTESIAN_POINT('',(1.291677631882,2.110767367019,
    -7.399846616309));
#4143 = CARTESIAN_POINT('',(1.513377355519,1.946040430561,
    -7.414065690407));
#4144 = CARTESIAN_POINT('',(1.83764951199,1.630211212678,-7.437589721614
    ));
#4145 = CARTESIAN_POINT('',(1.954944042757,1.494061324446,
    -7.446896301092));
#4146 = CARTESIAN_POINT('',(2.06004162605,1.347876410935,-7.456205046108
    ));
#4147 = CARTESIAN_POINT('',(2.151904994302,1.193033561639,
    -7.465515431834));
#4148 = CARTESIAN_POINT('',(2.229688540198,1.031034568974,
    -7.474825864504));
#4149 = CARTESIAN_POINT('',(2.320810895803,0.789089189636,
    -7.488269296485));
#4150 = CARTESIAN_POINT('',(2.34594246921,0.713570940473,-7.492404359786
    ));
#4151 = CARTESIAN_POINT('',(2.368121644284,0.637102247654,
    -7.496538964486));
#4152 = CARTESIAN_POINT('',(2.387304533923,0.559827355922,-7.50067306755
    ));
#4153 = CARTESIAN_POINT('',(2.403456699162,0.481893064949,
    -7.504806698595));
#4154 = CARTESIAN_POINT('',(2.427676619772,0.336822028241,
    -7.512450545621));
#4155 = CARTESIAN_POINT('',(2.436595769235,0.269827085694,
    -7.515960870364));
#4156 = CARTESIAN_POINT('',(2.443295325893,0.202555316572,
    -7.519471009566));
#4157 = CARTESIAN_POINT('',(2.447765103252,0.13509858918,-7.52298107972)
  );
#4158 = CARTESIAN_POINT('',(2.45,6.75492252643E-02,-7.526491238367));
#4159 = CARTESIAN_POINT('',(2.45,1.513456027169E-12,-7.530001684097));
#4160 = ORIENTED_EDGE('',*,*,#4161,.F.);
#4161 = EDGE_CURVE('',#3955,#4065,#4162,.T.);
#4162 = LINE('',#4163,#4164);
#4163 = CARTESIAN_POINT('',(2.45,0.,-0.2));
#4164 = VECTOR('',#4165,1.);
#4165 = DIRECTION('',(0.,0.,-1.));
#4166 = CYLINDRICAL_SURFACE('',#4167,2.45);
#4167 = AXIS2_PLACEMENT_3D('',#4168,#4169,#4170);
#4168 = CARTESIAN_POINT('',(0.,0.,-0.2));
#4169 = DIRECTION('',(-0.,-0.,-1.));
#4170 = DIRECTION('',(1.,0.,0.));
#4171 = ADVANCED_FACE('',(#4172),#4198,.T.);
#4172 = FACE_BOUND('',#4173,.T.);
#4173 = EDGE_LOOP('',(#4174,#4191,#4192,#4193));
#4174 = ORIENTED_EDGE('',*,*,#4175,.F.);
#4175 = EDGE_CURVE('',#3755,#4176,#4178,.T.);
#4176 = VERTEX_POINT('',#4177);
#4177 = CARTESIAN_POINT('',(2.016997245451,5.890556569001E-07,
    -6.980011334768));
#4178 = ( BOUNDED_CURVE() B_SPLINE_CURVE(11,(#4179,#4180,#4181,#4182,
    #4183,#4184,#4185,#4186,#4187,#4188,#4189,#4190),.UNSPECIFIED.,.F.,
.F.) B_SPLINE_CURVE_WITH_KNOTS((12,12),(0.,6.333910135482),
.PIECEWISE_BEZIER_KNOTS.) CURVE() GEOMETRIC_REPRESENTATION_ITEM() 
RATIONAL_B_SPLINE_CURVE((1.056590953773,1.056590953773,1.056590953773,
    1.056590953773,1.056590953773,1.056590953774,1.056590953772,
    1.056590953774,1.056590953773,1.056590953773,1.056590953773,
1.056590953773)) REPRESENTATION_ITEM('') );
#4179 = CARTESIAN_POINT('',(2.016998666522,6.73205288404E-07,
    -6.180012953997));
#4180 = CARTESIAN_POINT('',(2.01699727042,-1.152159167634,
    -6.252738197893));
#4181 = CARTESIAN_POINT('',(1.293200933018,-2.303815137479,
    -6.325432155555));
#4182 = CARTESIAN_POINT('',(-0.155437876509,-2.952391342113,
    -6.398370014712));
#4183 = CARTESIAN_POINT('',(-1.926376156475,-2.583409384115,
    -6.470488398509));
#4184 = CARTESIAN_POINT('',(-3.245090632979,-1.070026654011,
    -6.54430541426));
#4185 = CARTESIAN_POINT('',(-3.246138238852,1.070012104314,
    -6.615718874258));
#4186 = CARTESIAN_POINT('',(-1.925673738137,2.583430022961,
    -6.689535890756));
#4187 = CARTESIAN_POINT('',(-0.155735752738,2.952379739619,
    -6.761654273708));
#4188 = CARTESIAN_POINT('',(1.293259596335,2.303818183944,
    -6.834592133309));
#4189 = CARTESIAN_POINT('',(2.016998689601,1.152160429895,
    -6.907286090877));
#4190 = CARTESIAN_POINT('',(2.016997245451,5.890557270849E-07,
    -6.980011334768));
#4191 = ORIENTED_EDGE('',*,*,#3773,.T.);
#4192 = ORIENTED_EDGE('',*,*,#3643,.T.);
#4193 = ORIENTED_EDGE('',*,*,#4194,.F.);
#4194 = EDGE_CURVE('',#4176,#3644,#4195,.T.);
#4195 = B_SPLINE_CURVE_WITH_KNOTS('',1,(#4196,#4197),.UNSPECIFIED.,.F.,
  .F.,(2,2),(0.,0.56),.PIECEWISE_BEZIER_KNOTS.);
#4196 = CARTESIAN_POINT('',(2.016997245451,5.890557278182E-07,
    -6.980011334768));
#4197 = CARTESIAN_POINT('',(2.501964141892,-7.068936931696E-08,
    -6.699998639778));
#4198 = B_SPLINE_SURFACE_WITH_KNOTS('',1,10,(
    (#4199,#4200,#4201,#4202,#4203,#4204,#4205,#4206,#4207,#4208,#4209)
    ,(#4210,#4211,#4212,#4213,#4214,#4215,#4216,#4217,#4218,#4219,#4220
    )),.UNSPECIFIED.,.F.,.F.,.F.,(2,2),(11,11),(0.,0.56),(0.,
    6.333910135482),.PIECEWISE_BEZIER_KNOTS.);
#4199 = CARTESIAN_POINT('',(2.016998666522,6.732052887656E-07,
    -6.180012953997));
#4200 = CARTESIAN_POINT('',(2.016997130809,-1.267375151717,
    -6.260010722283));
#4201 = CARTESIAN_POINT('',(1.132357333509,-2.534135134315,
    -6.339970251837));
#4202 = CARTESIAN_POINT('',(-0.638473383041,-3.104872535028,
    -6.420130375861));
#4203 = CARTESIAN_POINT('',(-2.66181638189,-2.305027883642,
    -6.499890962157));
#4204 = CARTESIAN_POINT('',(-3.732202960031,-3.095659795349E-05,
    -6.580012143706));
#4205 = CARTESIAN_POINT('',(-2.661600032064,2.305070170141,
    -6.660133327687));
#4206 = CARTESIAN_POINT('',(-0.638685102725,3.104855290488,
    -6.739893912387));
#4207 = CARTESIAN_POINT('',(1.13242865463,2.53413857727,-6.820054037047)
  );
#4208 = CARTESIAN_POINT('',(2.016998834015,1.267376413978,
    -6.900013566488));
#4209 = CARTESIAN_POINT('',(2.016997245451,5.890557278182E-07,
    -6.980011334768));
#4210 = CARTESIAN_POINT('',(2.501964515841,-8.078820035953E-08,
    -5.899998445455));
#4211 = CARTESIAN_POINT('',(2.501963949693,-1.572023595326,
    -5.979998713284));
#4212 = CARTESIAN_POINT('',(1.404711245904,-3.144077079182,
    -6.060003570138));
#4213 = CARTESIAN_POINT('',(-0.792335514522,-3.849959859156,
    -6.139984353628));
#4214 = CARTESIAN_POINT('',(-3.301191476014,-2.860644801471,
    -6.220013085831));
#4215 = CARTESIAN_POINT('',(-4.630244101851,-7.698304334447E-06,
    -6.299998542438));
#4216 = CARTESIAN_POINT('',(-3.301133990423,2.860656566679,
    -6.379983999686));
#4217 = CARTESIAN_POINT('',(-0.792390484584,3.849955474693,
    -6.46001273147));
#4218 = CARTESIAN_POINT('',(1.404730622013,3.144077713599,
    -6.539993515125));
#4219 = CARTESIAN_POINT('',(2.501964701696,1.572023443849,
    -6.619998371952));
#4220 = CARTESIAN_POINT('',(2.501964141892,-7.068936931696E-08,
    -6.699998639778));
#4221 = ADVANCED_FACE('',(#4222),#4252,.T.);
#4222 = FACE_BOUND('',#4223,.T.);
#4223 = EDGE_LOOP('',(#4224,#4240,#4241,#4242));
#4224 = ORIENTED_EDGE('',*,*,#4225,.F.);
#4225 = EDGE_CURVE('',#3805,#4226,#4228,.T.);
#4226 = VERTEX_POINT('',#4227);
#4227 = CARTESIAN_POINT('',(2.017002480816,5.890518896115E-07,
    -7.1800113347));
#4228 = B_SPLINE_CURVE_WITH_KNOTS('',10,(#4229,#4230,#4231,#4232,#4233,
    #4234,#4235,#4236,#4237,#4238,#4239),.UNSPECIFIED.,.F.,.F.,(11,11),(
    0.,6.333910135482),.PIECEWISE_BEZIER_KNOTS.);
#4229 = CARTESIAN_POINT('',(2.017004649795,6.732004215798E-07,
    -6.380012953908));
#4230 = CARTESIAN_POINT('',(2.017002083268,-1.267378675402,
    -6.460010722224));
#4231 = CARTESIAN_POINT('',(1.132341297483,-2.53414146965,
    -6.539970252331));
#4232 = CARTESIAN_POINT('',(-0.638419958177,-3.104885585648,
    -6.620130374115));
#4233 = CARTESIAN_POINT('',(-2.661881090976,-2.305022744306,
    -6.699890963933));
#4234 = CARTESIAN_POINT('',(-3.732213347142,-4.663392878435E-05,
    -6.78001214327));
#4235 = CARTESIAN_POINT('',(-2.661550115363,2.305088162107,
    -6.860133326323));
#4236 = CARTESIAN_POINT('',(-0.638742085041,3.104859475987,
    -6.939893913704));
#4237 = CARTESIAN_POINT('',(1.132450990369,2.534146351578,
    -7.020054036455));
#4238 = CARTESIAN_POINT('',(2.017005100194,1.267379937655,
    -7.100013566392));
#4239 = CARTESIAN_POINT('',(2.017002480816,5.890519584209E-07,
    -7.1800113347));
#4240 = ORIENTED_EDGE('',*,*,#3822,.T.);
#4241 = ORIENTED_EDGE('',*,*,#4175,.T.);
#4242 = ORIENTED_EDGE('',*,*,#4243,.F.);
#4243 = EDGE_CURVE('',#4226,#4176,#4244,.T.);
#4244 = ( BOUNDED_CURVE() B_SPLINE_CURVE(6,(#4245,#4246,#4247,#4248,
#4249,#4250,#4251),.UNSPECIFIED.,.F.,.F.) B_SPLINE_CURVE_WITH_KNOTS((7,7
),(0.,2.094395102393),.PIECEWISE_BEZIER_KNOTS.) CURVE() 
GEOMETRIC_REPRESENTATION_ITEM() RATIONAL_B_SPLINE_CURVE((1.056590953773,
    1.017435169568,0.996326512422,0.989390034249,0.996326512422,
1.017435169568,1.056590953773)) REPRESENTATION_ITEM('') );
#4245 = CARTESIAN_POINT('',(2.017002480816,5.890519601537E-07,
    -7.1800113347));
#4246 = CARTESIAN_POINT('',(1.98075289521,6.383649053254E-07,
    -7.159083891872));
#4247 = CARTESIAN_POINT('',(1.955207167488,6.731162671136E-07,
    -7.123662579554));
#4248 = CARTESIAN_POINT('',(1.945973071801,6.856774367181E-07,
    -7.08001319399));
#4249 = CARTESIAN_POINT('',(1.95520488227,6.731179119646E-07,
    -7.036363325047));
#4250 = CARTESIAN_POINT('',(1.980748755522,6.383678846089E-07,
    -7.000940675366));
#4251 = CARTESIAN_POINT('',(2.016997245451,5.890557270849E-07,
    -6.980011334768));
#4252 = ( BOUNDED_SURFACE() B_SPLINE_SURFACE(6,11,(
    (#4253,#4254,#4255,#4256,#4257,#4258,#4259,#4260,#4261,#4262,#4263
      ,#4264)
    ,(#4265,#4266,#4267,#4268,#4269,#4270,#4271,#4272,#4273,#4274,#4275
      ,#4276)
    ,(#4277,#4278,#4279,#4280,#4281,#4282,#4283,#4284,#4285,#4286,#4287
      ,#4288)
    ,(#4289,#4290,#4291,#4292,#4293,#4294,#4295,#4296,#4297,#4298,#4299
      ,#4300)
    ,(#4301,#4302,#4303,#4304,#4305,#4306,#4307,#4308,#4309,#4310,#4311
      ,#4312)
    ,(#4313,#4314,#4315,#4316,#4317,#4318,#4319,#4320,#4321,#4322,#4323
      ,#4324)
    ,(#4325,#4326,#4327,#4328,#4329,#4330,#4331,#4332,#4333,#4334,#4335
,#4336
    )),.UNSPECIFIED.,.F.,.F.,.F.) B_SPLINE_SURFACE_WITH_KNOTS((7,7),(12,
    12),(0.,2.094395102393),(0.,6.333910135482),
.PIECEWISE_BEZIER_KNOTS.) GEOMETRIC_REPRESENTATION_ITEM() 
RATIONAL_B_SPLINE_SURFACE((
    (1.056590953773,1.056590953773,1.056590953773,1.056590953773
      ,1.056590953773,1.056590953774,1.056590953772,1.056590953774
      ,1.056590953773,1.056590953773,1.056590953773,1.056590953773)
    ,(1.017435169568,1.017435169568,1.017435169568,1.017435169568
      ,1.017435169568,1.017435169569,1.017435169568,1.017435169569
      ,1.017435169568,1.017435169568,1.017435169568,1.017435169568)
    ,(0.996326512422,0.996326512422,0.996326512422,0.996326512422
      ,0.996326512422,0.996326512423,0.996326512421,0.996326512423
      ,0.996326512422,0.996326512422,0.996326512422,0.996326512422)
    ,(0.989390034249,0.989390034249,0.989390034248,0.989390034249
      ,0.989390034248,0.98939003425,0.989390034247,0.989390034249
      ,0.989390034248,0.989390034249,0.989390034249,0.989390034249)
    ,(0.996326512422,0.996326512422,0.996326512422,0.996326512422
      ,0.996326512422,0.996326512423,0.996326512421,0.996326512423
      ,0.996326512422,0.996326512422,0.996326512422,0.996326512422)
    ,(1.017435169568,1.017435169568,1.017435169568,1.017435169568
      ,1.017435169568,1.017435169569,1.017435169567,1.017435169569
      ,1.017435169568,1.017435169568,1.017435169568,1.017435169568)
    ,(1.056590953773,1.056590953773,1.056590953773,1.056590953773
      ,1.056590953773,1.056590953774,1.056590953772,1.056590953774
      ,1.056590953773,1.056590953773,1.056590953773,1.056590953773
))) REPRESENTATION_ITEM('') SURFACE() );
#4253 = CARTESIAN_POINT('',(2.017004649795,6.732004202425E-07,
    -6.380012953908));
#4254 = CARTESIAN_POINT('',(2.017002316589,-1.152162370983,
    -6.452738197832));
#4255 = CARTESIAN_POINT('',(1.293188713081,-2.303820961606,
    -6.525432155949));
#4256 = CARTESIAN_POINT('',(-0.155360410175,-2.952402561067,
    -6.598370012262));
#4257 = CARTESIAN_POINT('',(-1.926566778775,-2.583410860191,
    -6.67048840417));
#4258 = CARTESIAN_POINT('',(-3.244824156516,-1.070032867647,
    -6.744305405605));
#4259 = CARTESIAN_POINT('',(-3.24642277052,1.070011729636,
    -6.815718882623));
#4260 = CARTESIAN_POINT('',(-1.925493822793,2.583442995276,
    -6.889535885202));
#4261 = CARTESIAN_POINT('',(-0.155814088205,2.952384903659,
    -6.961654275819));
#4262 = CARTESIAN_POINT('',(1.293279010336,2.30382518541,-7.034592132808
    ));
#4263 = CARTESIAN_POINT('',(2.017004862069,1.152163633236,
    -7.107286090784));
#4264 = CARTESIAN_POINT('',(2.017002480816,5.890519601537E-07,
    -7.1800113347));
#4265 = CARTESIAN_POINT('',(1.98075498593,7.295581215816E-07,
    -6.359085646637));
#4266 = CARTESIAN_POINT('',(1.980752782963,-1.131461039721,
    -6.431810720713));
#4267 = CARTESIAN_POINT('',(1.269944999283,-2.262378983142,
    -6.504501889786));
#4268 = CARTESIAN_POINT('',(-0.152560141367,-2.899465575205,
    -6.577457375791));
#4269 = CARTESIAN_POINT('',(-1.891951051626,-2.536725932145,
    -6.649524793296));
#4270 = CARTESIAN_POINT('',(-3.18651304327,-1.051165781956,
    -6.723433024781));
#4271 = CARTESIAN_POINT('',(-3.188054056502,1.05114516326,
    -6.794736513362));
#4272 = CARTESIAN_POINT('',(-1.890917003638,2.53675676345,
    -6.868644745948));
#4273 = CARTESIAN_POINT('',(-0.152997671097,2.899448543177,
    -6.94071216221));
#4274 = CARTESIAN_POINT('',(1.270031865657,2.262383151515,
    -7.013667648866));
#4275 = CARTESIAN_POINT('',(1.980755150246,1.131462407644,
    -7.086358817803));
#4276 = CARTESIAN_POINT('',(1.98075289521,6.383649053254E-07,
    -7.159083891872));
#4277 = CARTESIAN_POINT('',(1.955209125749,7.692740586207E-07,
    -6.323664429849));
#4278 = CARTESIAN_POINT('',(1.955207111429,-1.116872421306,
    -6.39638938423));
#4279 = CARTESIAN_POINT('',(1.253566350913,-2.233174100479,
    -6.46907858781));
#4280 = CARTESIAN_POINT('',(-0.150594791509,-2.862159570327,
    -6.542046497802));
#4281 = CARTESIAN_POINT('',(-1.867537545475,-2.503826777384,
    -6.614077992662));
#4282 = CARTESIAN_POINT('',(-3.145448580406,-1.037869450465,
    -6.688050515703));
#4283 = CARTESIAN_POINT('',(-3.146892045374,1.037849878757,
    -6.759276493359));
#4284 = CARTESIAN_POINT('',(-1.866569217948,2.503855501562,
    -6.833249017431));
#4285 = CARTESIAN_POINT('',(-0.151004836501,2.862143604894,
    -6.905280511127));
#4286 = CARTESIAN_POINT('',(1.253647529584,2.233178108089,
    -6.978248421728));
#4287 = CARTESIAN_POINT('',(1.955209236711,1.116873863697,-7.05093762518
    ));
#4288 = CARTESIAN_POINT('',(1.955207167488,6.731162671136E-07,
    -7.123662579554));
#4289 = CARTESIAN_POINT('',(1.945974866834,7.836297997166E-07,
    -6.280015078816));
#4290 = CARTESIAN_POINT('',(1.945973065231,-1.111598993936,
    -6.35273998993));
#4291 = CARTESIAN_POINT('',(1.24764831107,-2.222617343238,
    -6.425428483029));
#4292 = CARTESIAN_POINT('',(-0.149896380234,-2.848673898602,
    -6.498400884005));
#4293 = CARTESIAN_POINT('',(-1.858684088914,-2.491935427208,
    -6.570419393676));
#4294 = CARTESIAN_POINT('',(-3.13064727555,-1.033062645039,
    -6.644415156567));
#4295 = CARTESIAN_POINT('',(-3.131970498745,1.033044467895,
    -6.715613115926));
#4296 = CARTESIAN_POINT('',(-1.857796664719,2.491961616679,
    -6.789608879761));
#4297 = CARTESIAN_POINT('',(-0.150272461279,2.848659252551,
    -6.861627388366));
#4298 = CARTESIAN_POINT('',(1.247722554963,2.222621111157,
    -6.934599789901));
#4299 = CARTESIAN_POINT('',(1.945974929332,1.111600463244,
    -7.007288282882));
#4300 = CARTESIAN_POINT('',(1.945973071801,6.856774367181E-07,
    -7.08001319399));
#4301 = CARTESIAN_POINT('',(1.955206514073,7.692761857525E-07,
    -6.23636517535));
#4302 = CARTESIAN_POINT('',(1.955204908795,-1.116871023056,
    -6.309090129719));
#4303 = CARTESIAN_POINT('',(1.25357168487,-2.233171558269,-6.3817793331)
  );
#4304 = CARTESIAN_POINT('',(-0.150628605274,-2.862154673295,
    -6.454747244334));
#4305 = CARTESIAN_POINT('',(-1.867454339553,-2.503826133083,
    -6.526778735653));
#4306 = CARTESIAN_POINT('',(-3.145564896387,-1.037866738235,
    -6.600751264943));
#4307 = CARTESIAN_POINT('',(-3.146767848364,1.037850042303,
    -6.67197723517));
#4308 = CARTESIAN_POINT('',(-1.866647750324,2.503849839194,
    -6.745949765317));
#4309 = CARTESIAN_POINT('',(-0.150970643362,2.862141350811,
    -6.817981255668));
#4310 = CARTESIAN_POINT('',(1.253639055445,2.233175051975,
    -6.890949167409));
#4311 = CARTESIAN_POINT('',(1.955206542452,1.11687246545,-6.963638370684
    ));
#4312 = CARTESIAN_POINT('',(1.95520488227,6.731179119646E-07,
    -7.036363325047));
#4313 = CARTESIAN_POINT('',(1.98075025486,7.295619729453E-07,
    -6.200942430147));
#4314 = CARTESIAN_POINT('',(1.980748792876,-1.13145850678,
    -6.273667504201));
#4315 = CARTESIAN_POINT('',(1.269954661785,-2.262374377912,
    -6.346358672915));
#4316 = CARTESIAN_POINT('',(-0.152621395243,-2.899456704196,
    -6.419314161169));
#4317 = CARTESIAN_POINT('',(-1.89180032351,-2.536724764991,
    -6.49138157226));
#4318 = CARTESIAN_POINT('',(-3.186723750494,-1.051160868731,
    -6.565289815064));
#4319 = CARTESIAN_POINT('',(-3.187829072738,1.051145459522,
    -6.636593290188));
#4320 = CARTESIAN_POINT('',(-1.891059265593,2.536746506034,
    -6.71050153378));
#4321 = CARTESIAN_POINT('',(-0.152935729983,2.899444459887,
    -6.782568943981));
#4322 = CARTESIAN_POINT('',(1.270016514694,2.262377615344,
    -6.855524432702));
#4323 = CARTESIAN_POINT('',(1.980750269576,1.13145987471,-6.928215601317
    ));
#4324 = CARTESIAN_POINT('',(1.980748755522,6.383678846089E-07,
    -7.000940675366));
#4325 = CARTESIAN_POINT('',(2.016998666522,6.73205288404E-07,
    -6.180012953997));
#4326 = CARTESIAN_POINT('',(2.01699727042,-1.152159167634,
    -6.252738197893));
#4327 = CARTESIAN_POINT('',(1.293200933018,-2.303815137479,
    -6.325432155555));
#4328 = CARTESIAN_POINT('',(-0.155437876509,-2.952391342113,
    -6.398370014712));
#4329 = CARTESIAN_POINT('',(-1.926376156475,-2.583409384115,
    -6.470488398509));
#4330 = CARTESIAN_POINT('',(-3.245090632979,-1.070026654011,
    -6.54430541426));
#4331 = CARTESIAN_POINT('',(-3.246138238852,1.070012104314,
    -6.615718874258));
#4332 = CARTESIAN_POINT('',(-1.925673738137,2.583430022961,
    -6.689535890756));
#4333 = CARTESIAN_POINT('',(-0.155735752738,2.952379739619,
    -6.761654273708));
#4334 = CARTESIAN_POINT('',(1.293259596335,2.303818183944,
    -6.834592133309));
#4335 = CARTESIAN_POINT('',(2.016998689601,1.152160429895,
    -6.907286090877));
#4336 = CARTESIAN_POINT('',(2.016997245451,5.890557270849E-07,
    -6.980011334768));
#4337 = ADVANCED_FACE('',(#4338),#4348,.T.);
#4338 = FACE_BOUND('',#4339,.T.);
#4339 = EDGE_LOOP('',(#4340,#4341,#4342,#4343));
#4340 = ORIENTED_EDGE('',*,*,#3954,.F.);
#4341 = ORIENTED_EDGE('',*,*,#3923,.T.);
#4342 = ORIENTED_EDGE('',*,*,#4225,.T.);
#4343 = ORIENTED_EDGE('',*,*,#4344,.F.);
#4344 = EDGE_CURVE('',#3955,#4226,#4345,.T.);
#4345 = B_SPLINE_CURVE_WITH_KNOTS('',1,(#4346,#4347),.UNSPECIFIED.,.F.,
  .F.,(2,2),(0.,0.56),.PIECEWISE_BEZIER_KNOTS.);
#4346 = CARTESIAN_POINT('',(2.50198403628,-7.070368380266E-08,
    -7.459998639518));
#4347 = CARTESIAN_POINT('',(2.017002480816,5.890519584209E-07,
    -7.1800113347));
#4348 = B_SPLINE_SURFACE_WITH_KNOTS('',1,10,(
    (#4349,#4350,#4351,#4352,#4353,#4354,#4355,#4356,#4357,#4358,#4359)
    ,(#4360,#4361,#4362,#4363,#4364,#4365,#4366,#4367,#4368,#4369,#4370
    )),.UNSPECIFIED.,.F.,.F.,.F.,(2,2),(11,11),(0.,0.56),(0.,
    6.333910135482),.PIECEWISE_BEZIER_KNOTS.);
#4349 = CARTESIAN_POINT('',(2.50198725228,-8.080670704741E-08,
    -6.659998445115));
#4350 = CARTESIAN_POINT('',(2.501982769037,-1.572036985327,
    -6.739998713061));
#4351 = CARTESIAN_POINT('',(1.404650309006,-3.144101153455,
    -6.820003572016));
#4352 = CARTESIAN_POINT('',(-0.79213250004,-3.850009451512,
    -6.899984346989));
#4353 = CARTESIAN_POINT('',(-3.30143737054,-2.860625271995,
    -6.980013092581));
#4354 = CARTESIAN_POINT('',(-4.630283572873,-6.727216293889E-05,
    -7.059998540778));
#4355 = CARTESIAN_POINT('',(-3.30094430696,2.860724936154,
    -7.139983994505));
#4356 = CARTESIAN_POINT('',(-0.792607017384,3.849971379588,
    -7.220012736472));
#4357 = CARTESIAN_POINT('',(1.404815497821,3.144107255969,
    -7.299993512879));
#4358 = CARTESIAN_POINT('',(2.501988513176,1.572036833818,
    -7.379998371589));
#4359 = CARTESIAN_POINT('',(2.50198403628,-7.070368380266E-08,
    -7.459998639518));
#4360 = CARTESIAN_POINT('',(2.017004649795,6.732004215798E-07,
    -6.380012953908));
#4361 = CARTESIAN_POINT('',(2.017002083268,-1.267378675402,
    -6.460010722224));
#4362 = CARTESIAN_POINT('',(1.132341297483,-2.53414146965,
    -6.539970252331));
#4363 = CARTESIAN_POINT('',(-0.638419958177,-3.104885585648,
    -6.620130374115));
#4364 = CARTESIAN_POINT('',(-2.661881090976,-2.305022744306,
    -6.699890963933));
#4365 = CARTESIAN_POINT('',(-3.732213347142,-4.663392878435E-05,
    -6.78001214327));
#4366 = CARTESIAN_POINT('',(-2.661550115363,2.305088162107,
    -6.860133326323));
#4367 = CARTESIAN_POINT('',(-0.638742085041,3.104859475987,
    -6.939893913704));
#4368 = CARTESIAN_POINT('',(1.132450990369,2.534146351578,
    -7.020054036455));
#4369 = CARTESIAN_POINT('',(2.017005100194,1.267379937655,
    -7.100013566392));
#4370 = CARTESIAN_POINT('',(2.017002480816,5.890519584209E-07,
    -7.1800113347));
#4371 = ADVANCED_FACE('',(#4372),#4570,.T.);
#4372 = FACE_BOUND('',#4373,.F.);
#4373 = EDGE_LOOP('',(#4374,#4471,#4472,#4564));
#4374 = ORIENTED_EDGE('',*,*,#4375,.F.);
#4375 = EDGE_CURVE('',#3955,#4376,#4378,.T.);
#4376 = VERTEX_POINT('',#4377);
#4377 = CARTESIAN_POINT('',(2.45,5.009317987241E-12,-8.229989248384));
#4378 = B_SPLINE_CURVE_WITH_KNOTS('',6,(#4379,#4380,#4381,#4382,#4383,
    #4384,#4385,#4386,#4387,#4388,#4389,#4390,#4391,#4392,#4393,#4394,
    #4395,#4396,#4397,#4398,#4399,#4400,#4401,#4402,#4403,#4404,#4405,
    #4406,#4407,#4408,#4409,#4410,#4411,#4412,#4413,#4414,#4415,#4416,
    #4417,#4418,#4419,#4420,#4421,#4422,#4423,#4424,#4425,#4426,#4427,
    #4428,#4429,#4430,#4431,#4432,#4433,#4434,#4435,#4436,#4437,#4438,
    #4439,#4440,#4441,#4442,#4443,#4444,#4445,#4446,#4447,#4448,#4449,
    #4450,#4451,#4452,#4453,#4454,#4455,#4456,#4457,#4458,#4459,#4460,
    #4461,#4462,#4463,#4464,#4465,#4466,#4467,#4468,#4469,#4470),
  .UNSPECIFIED.,.F.,.F.,(7,5,5,5,5,5,5,5,5,5,5,5,5,5,5,5,5,5,7),(0.,
    1.877076584142E-02,5.677085482087E-02,0.125772195757,0.229625417804,
    0.245625909545,0.266157902979,0.324160555126,0.376165073112,
    0.403066610215,0.497784848079,0.597630732222,0.709222035494,
    0.737415334712,0.760760961544,0.812763736584,0.861768474439,
    0.96867549708,1.),.UNSPECIFIED.);
#4379 = CARTESIAN_POINT('',(2.45,1.390620951724E-11,-7.42998745652));
#4380 = CARTESIAN_POINT('',(2.45,-4.815658635663E-02,-7.432490183122));
#4381 = CARTESIAN_POINT('',(2.448864134716,-9.63131889607E-02,
    -7.434992814718));
#4382 = CARTESIAN_POINT('',(2.446592406108,-0.144436254606,
    -7.437495410308));
#4383 = CARTESIAN_POINT('',(2.443186132739,-0.192492308143,
    -7.439998020313));
#4384 = CARTESIAN_POINT('',(2.438647949779,-0.240447952463,
    -7.442500686579));
#4385 = CARTESIAN_POINT('',(2.421511107393,-0.385081958108,
    -7.450070094609));
#4386 = CARTESIAN_POINT('',(2.405417531413,-0.48134681832,
    -7.455137133243));
#4387 = CARTESIAN_POINT('',(2.384734120494,-0.576786890642,
    -7.460204802514));
#4388 = CARTESIAN_POINT('',(2.359515393792,-0.671129848237,
    -7.465273190473));
#4389 = CARTESIAN_POINT('',(2.329837350179,-0.764108595924,
    -7.470342228978));
#4390 = CARTESIAN_POINT('',(2.233987152499,-1.021341329698,
    -7.484616931693));
#4391 = CARTESIAN_POINT('',(2.157790236125,-1.181872962011,
    -7.49382423793));
#4392 = CARTESIAN_POINT('',(2.067792947647,-1.335472594772,
    -7.503031251049));
#4393 = CARTESIAN_POINT('',(1.96480528916,-1.4806835408,-7.512236534985)
  );
#4394 = CARTESIAN_POINT('',(1.849821643059,-1.616167562996,
    -7.521439642832));
#4395 = CARTESIAN_POINT('',(1.534739133325,-1.928228449674,
    -7.544485172433));
#4396 = CARTESIAN_POINT('',(1.320902165043,-2.0910769097,-7.558328852008
    ));
#4397 = CARTESIAN_POINT('',(1.086679403976,-2.225121059551,
    -7.572159567814));
#4398 = CARTESIAN_POINT('',(0.836955078497,-2.327421326314,
    -7.585987860066));
#4399 = CARTESIAN_POINT('',(0.577049214147,-2.395934601925,
    -7.599824823285));
#4400 = CARTESIAN_POINT('',(0.272079555478,-2.435191526522,
    -7.615794395736));
#4401 = CARTESIAN_POINT('',(0.231260693607,-2.439613751803,
    -7.617926459895));
#4402 = CARTESIAN_POINT('',(0.190357066463,-2.443214747383,
    -7.620058654699));
#4403 = CARTESIAN_POINT('',(0.149389321545,-2.445992557434,
    -7.622190985507));
#4404 = CARTESIAN_POINT('',(0.108378159992,-2.447945918981,
    -7.624323455841));
#4405 = CARTESIAN_POINT('',(1.468931783098E-02,-2.450522163001,
    -7.629192656167));
#4406 = CARTESIAN_POINT('',(-3.800306698194E-02,-2.45061156608,
    -7.631929478291));
#4407 = CARTESIAN_POINT('',(-9.068893580948E-02,-2.44934126806,
    -7.634666537132));
#4408 = CARTESIAN_POINT('',(-0.143324470419,-2.446711950109,
    -7.63740383105));
#4409 = CARTESIAN_POINT('',(-0.195865916391,-2.442726177644,
    -7.640141353389));
#4410 = CARTESIAN_POINT('',(-0.396309356371,-2.422309239057,
    -7.650613174818));
#4411 = CARTESIAN_POINT('',(-0.543254581976,-2.396439431847,
    -7.65834924244));
#4412 = CARTESIAN_POINT('',(-0.688112508113,-2.359880718668,
    -7.666086546045));
#4413 = CARTESIAN_POINT('',(-0.829917676126,-2.312851991574,
    -7.673824860732));
#4414 = CARTESIAN_POINT('',(-0.96773821596,-2.255687496977,
    -7.681563868933));
#4415 = CARTESIAN_POINT('',(-1.219878152745,-2.128895883723,
    -7.696240950761));
#4416 = CARTESIAN_POINT('',(-1.335159755661,-2.061166078286,
    -7.703179426415));
#4417 = CARTESIAN_POINT('',(-1.445885591434,-1.985968443815,
    -7.710117291766));
#4418 = CARTESIAN_POINT('',(-1.551456972804,-1.903690778299,
    -7.71705442179));
#4419 = CARTESIAN_POINT('',(-1.651320901635,-1.814783683386,
    -7.723990815582));
#4420 = CARTESIAN_POINT('',(-1.79341864112,-1.670602540179,
    -7.734513770878));
#4421 = CARTESIAN_POINT('',(-1.840202617322,-1.619808941592,
    -7.738101134514));
#4422 = CARTESIAN_POINT('',(-1.885255610435,-1.567448036321,
    -7.741688256825));
#4423 = CARTESIAN_POINT('',(-1.928512488169,-1.513593819648,
    -7.745275145399));
#4424 = CARTESIAN_POINT('',(-1.969912390494,-1.458323842325,
    -7.748861816452));
#4425 = CARTESIAN_POINT('',(-2.148427085147,-1.202418666772,
    -7.765076008661));
#4426 = CARTESIAN_POINT('',(-2.263765969248,-0.986525362461,
    -7.777704202087));
#4427 = CARTESIAN_POINT('',(-2.352862058544,-0.757659424732,
    -7.790327743223));
#4428 = CARTESIAN_POINT('',(-2.414055682634,-0.519809548142,
    -7.802952278329));
#4429 = CARTESIAN_POINT('',(-2.446368242107,-0.277183040932,
    -7.815582446976));
#4430 = CARTESIAN_POINT('',(-2.45333776449,0.221919129146,
    -7.841525005763));
#4431 = CARTESIAN_POINT('',(-2.424780598919,0.478568126271,
    -7.854844158998));
#4432 = CARTESIAN_POINT('',(-2.363985590414,0.730534262969,
    -7.868161209691));
#4433 = CARTESIAN_POINT('',(-2.272028053635,0.972871514445,
    -7.881478413125));
#4434 = CARTESIAN_POINT('',(-2.150809803462,1.200888524923,
    -7.894797298912));
#4435 = CARTESIAN_POINT('',(-1.838550089167,1.644443731454,
    -7.922986766217));
#4436 = CARTESIAN_POINT('',(-1.640847245331,1.855535790735,
    -7.937866553648));
#4437 = CARTESIAN_POINT('',(-1.414413393136,2.037595167104,
    -7.952733242659));
#4438 = CARTESIAN_POINT('',(-1.16467180325,2.186076735,-7.967595889815)
  );
#4439 = CARTESIAN_POINT('',(-0.897776799469,2.297489474878,
    -7.982468064663));
#4440 = CARTESIAN_POINT('',(-0.550863049364,2.388363781179,
    -8.001095932254));
#4441 = CARTESIAN_POINT('',(-0.480244248462,2.404213521006,
    -8.00485332786));
#4442 = CARTESIAN_POINT('',(-0.409086169771,2.417555646509,
    -8.008611097184));
#4443 = CARTESIAN_POINT('',(-0.337500066856,2.428367942037,
    -8.012369277652));
#4444 = CARTESIAN_POINT('',(-0.265598312238,2.436634798809,
    -8.016127892369));
#4445 = CARTESIAN_POINT('',(-0.133788327677,2.447077414576,
    -8.022999659939));
#4446 = CARTESIAN_POINT('',(-7.394339288023E-02,2.450056114363,
    -8.026112679387));
#4447 = CARTESIAN_POINT('',(-1.40240236445E-02,2.451278218934,
    -8.029226009628));
#4448 = CARTESIAN_POINT('',(4.590536773997E-02,2.450741784377,
    -8.032339645313));
#4449 = CARTESIAN_POINT('',(0.105780387324,2.448448018198,
    -8.035453574581));
#4450 = CARTESIAN_POINT('',(0.298644757284,2.43538710066,-8.045504721703
    ));
#4451 = CARTESIAN_POINT('',(0.431166498622,2.417674569395,-8.05244316565
    ));
#4452 = CARTESIAN_POINT('',(0.56238570795,2.391312508114,-8.059382594236
    ));
#4453 = CARTESIAN_POINT('',(0.691600361792,2.356426108543,
    -8.066322725727));
#4454 = CARTESIAN_POINT('',(0.818126168457,2.313216115099,
    -8.073263166857));
#4455 = CARTESIAN_POINT('',(1.05737296422,2.213655007707,-8.0867428704)
  );
#4456 = CARTESIAN_POINT('',(1.170473373248,2.158203457301,
    -8.093282427205));
#4457 = CARTESIAN_POINT('',(1.280047244744,2.095834143503,
    -8.099821054005));
#4458 = CARTESIAN_POINT('',(1.385569989556,2.026831533332,
    -8.106358465063));
#4459 = CARTESIAN_POINT('',(1.486548902159,1.951532377228,-8.11289452929
    ));
#4460 = CARTESIAN_POINT('',(1.791904700776,1.693163635571,
    -8.133684461362));
#4461 = CARTESIAN_POINT('',(1.977561864236,1.487809393747,
    -8.147938157789));
#4462 = CARTESIAN_POINT('',(2.134564181489,1.258373879115,
    -8.162178456782));
#4463 = CARTESIAN_POINT('',(2.259291046041,1.009914490771,
    -8.176418081076));
#4464 = CARTESIAN_POINT('',(2.349074539666,0.748045562669,
    -8.190673348835));
#4465 = CARTESIAN_POINT('',(2.418418925525,0.400259987911,
    -8.209104211173));
#4466 = CARTESIAN_POINT('',(2.431030926171,0.320829787091,
    -8.213281188581));
#4467 = CARTESIAN_POINT('',(2.440510329489,0.240933913869,
    -8.217458409568));
#4468 = CARTESIAN_POINT('',(2.446836758956,0.160726617367,
    -8.221635676694));
#4469 = CARTESIAN_POINT('',(2.45,8.03631965076E-02,-8.225812730275));
#4470 = CARTESIAN_POINT('',(2.45,1.000177718424E-11,-8.229989248384));
#4471 = ORIENTED_EDGE('',*,*,#4161,.T.);
#4472 = ORIENTED_EDGE('',*,*,#4473,.T.);
#4473 = EDGE_CURVE('',#4065,#4474,#4476,.T.);
#4474 = VERTEX_POINT('',#4475);
#4475 = CARTESIAN_POINT('',(2.45,5.194900849187E-13,-8.330001403407));
#4476 = B_SPLINE_CURVE_WITH_KNOTS('',6,(#4477,#4478,#4479,#4480,#4481,
    #4482,#4483,#4484,#4485,#4486,#4487,#4488,#4489,#4490,#4491,#4492,
    #4493,#4494,#4495,#4496,#4497,#4498,#4499,#4500,#4501,#4502,#4503,
    #4504,#4505,#4506,#4507,#4508,#4509,#4510,#4511,#4512,#4513,#4514,
    #4515,#4516,#4517,#4518,#4519,#4520,#4521,#4522,#4523,#4524,#4525,
    #4526,#4527,#4528,#4529,#4530,#4531,#4532,#4533,#4534,#4535,#4536,
    #4537,#4538,#4539,#4540,#4541,#4542,#4543,#4544,#4545,#4546,#4547,
    #4548,#4549,#4550,#4551,#4552,#4553,#4554,#4555,#4556,#4557,#4558,
    #4559,#4560,#4561,#4562,#4563),.UNSPECIFIED.,.F.,.F.,(7,5,5,5,5,5,5,
    5,5,5,5,5,5,5,5,5,5,7),(0.,2.581078797679E-02,4.564599476931E-02,
    0.127644046749,0.179780920137,0.262780742854,0.298656632843,
    0.354659287673,0.402038253813,0.491836297477,0.598104797212,
    0.688957571461,0.736959075618,0.77878224433,0.836785291476,
    0.871949553902,0.973712130054,1.),.UNSPECIFIED.);
#4477 = CARTESIAN_POINT('',(2.45,1.568078999981E-12,-7.530001684097));
#4478 = CARTESIAN_POINT('',(2.45,-6.621884890528E-02,-7.533442992574));
#4479 = CARTESIAN_POINT('',(2.447852269057,-0.132437803851,
    -7.536884564644));
#4480 = CARTESIAN_POINT('',(2.443556824166,-0.198569486576,
    -7.540326254368));
#4481 = CARTESIAN_POINT('',(2.437118376381,-0.264526930476,
    -7.54376793698));
#4482 = CARTESIAN_POINT('',(2.428546330817,-0.330223580608,
    -7.547209508894));
#4483 = CARTESIAN_POINT('',(2.409638493923,-0.445793576534,
    -7.553295536134));
#4484 = CARTESIAN_POINT('',(2.400170473441,-0.495809071139,
    -7.555940074549));
#4485 = CARTESIAN_POINT('',(2.389457122494,-0.545580712634,
    -7.558584469385));
#4486 = CARTESIAN_POINT('',(2.377506436026,-0.595069808741,
    -7.561228699325));
#4487 = CARTESIAN_POINT('',(2.364328006641,-0.644238039774,
    -7.563872755291));
#4488 = CARTESIAN_POINT('',(2.290424671667,-0.894823891173,
    -7.577446369286));
#4489 = CARTESIAN_POINT('',(2.210117960926,-1.090494852456,
    -7.58837458823));
#4490 = CARTESIAN_POINT('',(2.1098101446,-1.277321883853,-7.599298329664
    ));
#4491 = CARTESIAN_POINT('',(1.990766850616,-1.452807449279,
    -7.61022292708));
#4492 = CARTESIAN_POINT('',(1.854614143411,-1.614671028026,
    -7.621152592023));
#4493 = CARTESIAN_POINT('',(1.607269448448,-1.853935495811,
    -7.639035835701));
#4494 = CARTESIAN_POINT('',(1.505033996002,-1.94063830251,
    -7.645988606024));
#4495 = CARTESIAN_POINT('',(1.397223843438,-2.020541276963,
    -7.652942962894));
#4496 = CARTESIAN_POINT('',(1.284407104749,-2.093203902402,
    -7.659898885249));
#4497 = CARTESIAN_POINT('',(1.167196492076,-2.158250242412,
    -7.666856122878));
#4498 = CARTESIAN_POINT('',(0.853698158109,-2.30630509778,
    -7.684890244107));
#4499 = CARTESIAN_POINT('',(0.651640296512,-2.37716889357,
    -7.695969707601));
#4500 = CARTESIAN_POINT('',(0.442745048901,-2.426688767419,
    -7.707046962164));
#4501 = CARTESIAN_POINT('',(0.229821712844,-2.454128865556,
    -7.718121084417));
#4502 = CARTESIAN_POINT('',(1.575831659369E-02,-2.459185841463,
    -7.72919282755));
#4503 = CARTESIAN_POINT('',(-0.28824013623,-2.434725693793,
    -7.745042658249));
#4504 = CARTESIAN_POINT('',(-0.379652658595,-2.423207722612,
    -7.749825324681));
#4505 = CARTESIAN_POINT('',(-0.470498709302,-2.407572597262,
    -7.754607312085));
#4506 = CARTESIAN_POINT('',(-0.560547346012,-2.3878564774,-7.7593886797)
  );
#4507 = CARTESIAN_POINT('',(-0.649570991104,-2.364112773263,
    -7.764169519239));
#4508 = CARTESIAN_POINT('',(-0.874362288938,-2.293171164418,
    -7.776412266969));
#4509 = CARTESIAN_POINT('',(-1.00834002623,-2.240286348235,
    -7.783873807907));
#4510 = CARTESIAN_POINT('',(-1.138422543452,-2.178028304232,
    -7.791334594771));
#4511 = CARTESIAN_POINT('',(-1.263797218214,-2.106762768136,
    -7.798795409373));
#4512 = CARTESIAN_POINT('',(-1.383699787213,-2.026948087904,
    -7.806256979403));
#4513 = CARTESIAN_POINT('',(-1.593627336573,-1.864839766163,
    -7.820032259957));
#4514 = CARTESIAN_POINT('',(-1.685413557107,-1.784817769982,
    -7.826346031167));
#4515 = CARTESIAN_POINT('',(-1.772348751071,-1.699398338481,
    -7.832660468868));
#4516 = CARTESIAN_POINT('',(-1.854040829056,-1.608951774586,
    -7.838975764959));
#4517 = CARTESIAN_POINT('',(-1.930136331949,-1.51388540986,
    -7.845292013106));
#4518 = CARTESIAN_POINT('',(-2.133345953654,-1.226544376692,
    -7.863581428936));
#4519 = CARTESIAN_POINT('',(-2.245169054632,-1.023401948014,
    -7.875558793965));
#4520 = CARTESIAN_POINT('',(-2.333604554097,-0.808277933684,
    -7.88753562659));
#4521 = CARTESIAN_POINT('',(-2.397174252448,-0.58454227201,
    -7.899512632804));
#4522 = CARTESIAN_POINT('',(-2.434956184913,-0.355756995063,
    -7.911490796766));
#4523 = CARTESIAN_POINT('',(-2.460759977513,0.146594911903,
    -7.937635455391));
#4524 = CARTESIAN_POINT('',(-2.438391720015,0.420834895041,
    -7.951808320345));
#4525 = CARTESIAN_POINT('',(-2.379302086458,0.690748890254,
    -7.965972039479));
#4526 = CARTESIAN_POINT('',(-2.284667173654,0.950346119551,
    -7.980134135569));
#4527 = CARTESIAN_POINT('',(-2.156699170379,1.193934393573,
    -7.994304135429));
#4528 = CARTESIAN_POINT('',(-1.864330721507,1.606580342801,
    -8.020585069877));
#4529 = CARTESIAN_POINT('',(-1.707839561956,1.781421067874,
    -8.032702571375));
#4530 = CARTESIAN_POINT('',(-1.531848991272,1.937722064904,
    -8.044820621323));
#4531 = CARTESIAN_POINT('',(-1.339149224655,2.072885883955,
    -8.056941851129));
#4532 = CARTESIAN_POINT('',(-1.132911072719,2.184797766272,
    -8.069066828823));
#4533 = CARTESIAN_POINT('',(-0.802555823123,2.318096175344,
    -8.087592742681));
#4534 = CARTESIAN_POINT('',(-0.685571900056,2.357289060426,
    -8.093996888539));
#4535 = CARTESIAN_POINT('',(-0.566329959547,2.389383155588,
    -8.100400309002));
#4536 = CARTESIAN_POINT('',(-0.445368430415,2.414221912402,
    -8.106802805851));
#4537 = CARTESIAN_POINT('',(-0.323238717798,2.431703599706,
    -8.113204254412));
#4538 = CARTESIAN_POINT('',(-9.356446542259E-02,2.450562917999,
    -8.125180693139));
#4539 = CARTESIAN_POINT('',(1.383640543124E-02,2.45372394237,
    -8.130756130063));
#4540 = CARTESIAN_POINT('',(0.121328579527,2.4512345191,-8.136330494784)
  );
#4541 = CARTESIAN_POINT('',(0.22854129957,2.443096725466,-8.141903863482
    ));
#4542 = CARTESIAN_POINT('',(0.335105414306,2.429345060141,
    -8.147476399107));
#4543 = CARTESIAN_POINT('',(0.587036857017,2.383281740187,
    -8.160775505023));
#4544 = CARTESIAN_POINT('',(0.731473175953,2.345846601505,
    -8.168501721725));
#4545 = CARTESIAN_POINT('',(0.872981766228,2.297920984363,
    -8.176226800268));
#4546 = CARTESIAN_POINT('',(1.010617312561,2.239799610806,
    -8.183951833152));
#4547 = CARTESIAN_POINT('',(1.143477119638,2.171889626611,
    -8.191677961464));
#4548 = CARTESIAN_POINT('',(1.347840414605,2.047917267962,
    -8.204089974223));
#4549 = CARTESIAN_POINT('',(1.422906353691,1.997717621955,-8.2087751893)
  );
#4550 = CARTESIAN_POINT('',(1.495715887815,1.94422425151,-8.213461083037
    ));
#4551 = CARTESIAN_POINT('',(1.566089685411,1.887564893266,
    -8.218147746802));
#4552 = CARTESIAN_POINT('',(1.633858315286,1.827880152292,
    -8.222835217156));
#4553 = CARTESIAN_POINT('',(1.886978449141,1.584289536319,
    -8.241090923286));
#4554 = CARTESIAN_POINT('',(2.052001211755,1.379145888617,
    -8.254668992066));
#4555 = CARTESIAN_POINT('',(2.189929859568,1.153694472047,
    -8.268248694491));
#4556 = CARTESIAN_POINT('',(2.297866928319,0.912445571409,
    -8.281828642847));
#4557 = CARTESIAN_POINT('',(2.373734368491,0.660336687109,
    -8.295404756911));
#4558 = CARTESIAN_POINT('',(2.42774714555,0.336291859493,-8.312478043779
    ));
#4559 = CARTESIAN_POINT('',(2.436638149087,0.269401200644,
    -8.315982811566));
#4560 = CARTESIAN_POINT('',(2.443316531918,0.202235026114,
    -8.319487394925));
#4561 = CARTESIAN_POINT('',(2.447772171929,0.134884769936,
    -8.322991909976));
#4562 = CARTESIAN_POINT('',(2.45,6.74423163894E-02,-8.326496513593));
#4563 = CARTESIAN_POINT('',(2.45,1.03650421579E-12,-8.330001403407));
#4564 = ORIENTED_EDGE('',*,*,#4565,.F.);
#4565 = EDGE_CURVE('',#4376,#4474,#4566,.T.);
#4566 = LINE('',#4567,#4568);
#4567 = CARTESIAN_POINT('',(2.45,0.,-0.2));
#4568 = VECTOR('',#4569,1.);
#4569 = DIRECTION('',(0.,0.,-1.));
#4570 = CYLINDRICAL_SURFACE('',#4571,2.45);
#4571 = AXIS2_PLACEMENT_3D('',#4572,#4573,#4574);
#4572 = CARTESIAN_POINT('',(0.,0.,-0.2));
#4573 = DIRECTION('',(-0.,-0.,-1.));
#4574 = DIRECTION('',(1.,0.,0.));
#4575 = ADVANCED_FACE('',(#4576),#4602,.T.);
#4576 = FACE_BOUND('',#4577,.T.);
#4577 = EDGE_LOOP('',(#4578,#4595,#4596,#4597));
#4578 = ORIENTED_EDGE('',*,*,#4579,.F.);
#4579 = EDGE_CURVE('',#4176,#4580,#4582,.T.);
#4580 = VERTEX_POINT('',#4581);
#4581 = CARTESIAN_POINT('',(2.016995824386,5.049057948506E-07,
    -7.780009715534));
#4582 = ( BOUNDED_CURVE() B_SPLINE_CURVE(11,(#4583,#4584,#4585,#4586,
    #4587,#4588,#4589,#4590,#4591,#4592,#4593,#4594),.UNSPECIFIED.,.F.,
.F.) B_SPLINE_CURVE_WITH_KNOTS((12,12),(0.,6.333910135482),
.PIECEWISE_BEZIER_KNOTS.) CURVE() GEOMETRIC_REPRESENTATION_ITEM() 
RATIONAL_B_SPLINE_CURVE((1.056590953773,1.056590953773,1.056590953773,
    1.056590953773,1.056590953773,1.056590953774,1.056590953772,
    1.056590953774,1.056590953773,1.056590953773,1.056590953773,
1.056590953773)) REPRESENTATION_ITEM('') );
#4583 = CARTESIAN_POINT('',(2.016997245451,5.890556565857E-07,
    -6.980011334768));
#4584 = CARTESIAN_POINT('',(2.0169958013,-1.152158440246,-7.052736578658
    ));
#4585 = CARTESIAN_POINT('',(1.293199925669,-2.303813566824,
    -7.125430536209));
#4586 = CARTESIAN_POINT('',(-0.155437889933,-2.952389260331,
    -7.198368396059));
#4587 = CARTESIAN_POINT('',(-1.926374907099,-2.583407473669,
    -7.270486777856));
#4588 = CARTESIAN_POINT('',(-3.245088391949,-1.070025778932,
    -7.344303797185));
#4589 = CARTESIAN_POINT('',(-3.246135905766,1.070011500149,
    -7.415717252869));
#4590 = CARTESIAN_POINT('',(-1.925672275009,2.583428273045,
    -7.489534272946));
#4591 = CARTESIAN_POINT('',(-0.155735519127,2.952377670925,
    -7.561652653898));
#4592 = CARTESIAN_POINT('',(1.293258781137,2.303816505356,
    -7.634590514191));
#4593 = CARTESIAN_POINT('',(2.016997316583,1.152159534207,
    -7.707284471649));
#4594 = CARTESIAN_POINT('',(2.016995824386,5.0490573128E-07,
    -7.780009715534));
#4595 = ORIENTED_EDGE('',*,*,#4194,.T.);
#4596 = ORIENTED_EDGE('',*,*,#4064,.T.);
#4597 = ORIENTED_EDGE('',*,*,#4598,.F.);
#4598 = EDGE_CURVE('',#4580,#4065,#4599,.T.);
#4599 = B_SPLINE_CURVE_WITH_KNOTS('',1,(#4600,#4601),.UNSPECIFIED.,.F.,
  .F.,(2,2),(0.,0.56),.PIECEWISE_BEZIER_KNOTS.);
#4600 = CARTESIAN_POINT('',(2.016995824386,5.049057312442E-07,
    -7.780009715534));
#4601 = CARTESIAN_POINT('',(2.501963767943,-6.059081435184E-08,
    -7.499998834099));
#4602 = B_SPLINE_SURFACE_WITH_KNOTS('',1,10,(
    (#4603,#4604,#4605,#4606,#4607,#4608,#4609,#4610,#4611,#4612,#4613)
    ,(#4614,#4615,#4616,#4617,#4618,#4619,#4620,#4621,#4622,#4623,#4624
    )),.UNSPECIFIED.,.F.,.F.,.F.,(2,2),(11,11),(0.,0.56),(0.,
    6.333910135482),.PIECEWISE_BEZIER_KNOTS.);
#4603 = CARTESIAN_POINT('',(2.016997245451,5.890556563448E-07,
    -6.980011334768));
#4604 = CARTESIAN_POINT('',(2.016995656885,-1.267374343176,
    -7.060009103047));
#4605 = CARTESIAN_POINT('',(1.132356429843,-2.534133394302,
    -7.139968632467));
#4606 = CARTESIAN_POINT('',(-0.63847306215,-3.104870325004,
    -7.220128757018));
#4607 = CARTESIAN_POINT('',(-2.661814604077,-2.305026144734,
    -7.299889342528));
#4608 = CARTESIAN_POINT('',(-3.732200328553,-3.08006445513E-05,
    -7.380010524474));
#4609 = CARTESIAN_POINT('',(-2.661598062367,2.305068652955,
    -7.460131708855));
#4610 = CARTESIAN_POINT('',(-0.638684522369,3.104853133905,
    -7.539892292766));
#4611 = CARTESIAN_POINT('',(1.132427962323,2.534136742738,
    -7.620052417954));
#4612 = CARTESIAN_POINT('',(2.016997465803,1.267375437137,-7.70001194726
    ));
#4613 = CARTESIAN_POINT('',(2.016995824386,5.049057312442E-07,
    -7.780009715534));
#4614 = CARTESIAN_POINT('',(2.501964141892,-7.068943933703E-08,
    -6.699998639778));
#4615 = CARTESIAN_POINT('',(2.501963582087,-1.572023350319,
    -6.779998907604));
#4616 = CARTESIAN_POINT('',(1.4047110486,-3.144076603196,-6.860003764424
    ));
#4617 = CARTESIAN_POINT('',(-0.792335380374,-3.849959287834,
    -6.939984548052));
#4618 = CARTESIAN_POINT('',(-3.301190971428,-2.860644386362,
    -7.020013280049));
#4619 = CARTESIAN_POINT('',(-4.630243409387,-7.717019312459E-06,
    -7.09999873676));
#4620 = CARTESIAN_POINT('',(-3.301133508866,2.860656124959,
    -7.179984194114));
#4621 = CARTESIAN_POINT('',(-0.792390381572,3.849954896959,
    -7.260012925689));
#4622 = CARTESIAN_POINT('',(1.404730399343,3.144077248955,
    -7.339993709484));
#4623 = CARTESIAN_POINT('',(2.501964321404,1.572023219039,
    -7.419998566275));
#4624 = CARTESIAN_POINT('',(2.501963767943,-6.059081435184E-08,
    -7.499998834099));
#4625 = ADVANCED_FACE('',(#4626),#4656,.T.);
#4626 = FACE_BOUND('',#4627,.T.);
#4627 = EDGE_LOOP('',(#4628,#4644,#4645,#4646));
#4628 = ORIENTED_EDGE('',*,*,#4629,.F.);
#4629 = EDGE_CURVE('',#4226,#4630,#4632,.T.);
#4630 = VERTEX_POINT('',#4631);
#4631 = CARTESIAN_POINT('',(2.017000311843,5.049029954163E-07,
    -7.980009715484));
#4632 = B_SPLINE_CURVE_WITH_KNOTS('',10,(#4633,#4634,#4635,#4636,#4637,
    #4638,#4639,#4640,#4641,#4642,#4643),.UNSPECIFIED.,.F.,.F.,(11,11),(
    0.,6.333910135482),.PIECEWISE_BEZIER_KNOTS.);
#4633 = CARTESIAN_POINT('',(2.017002480816,5.890518908357E-07,
    -7.1800113347));
#4634 = CARTESIAN_POINT('',(2.016999861437,-1.267377397036,
    -7.260009103006));
#4635 = CARTESIAN_POINT('',(1.132339973837,-2.534138788995,
    -7.339968632909));
#4636 = CARTESIAN_POINT('',(-0.638419400121,-3.104882226551,
    -7.420128755496));
#4637 = CARTESIAN_POINT('',(-2.661878327005,-2.305020148559,
    -7.499889344114));
#4638 = CARTESIAN_POINT('',(-3.732209330718,-4.647797667889E-05,
    -7.580010524057));
#4639 = CARTESIAN_POINT('',(-2.661547159509,2.305085788079,
    -7.66013170772));
#4640 = CARTESIAN_POINT('',(-0.638741267523,3.104856170331,
    -7.739892293898));
#4641 = CARTESIAN_POINT('',(1.132449878081,2.534143576405,
    -7.820052417454));
#4642 = CARTESIAN_POINT('',(2.017002984073,1.267378490991,
    -7.900011947187));
#4643 = CARTESIAN_POINT('',(2.017000311843,5.049029311851E-07,
    -7.980009715484));
#4644 = ORIENTED_EDGE('',*,*,#4243,.T.);
#4645 = ORIENTED_EDGE('',*,*,#4579,.T.);
#4646 = ORIENTED_EDGE('',*,*,#4647,.F.);
#4647 = EDGE_CURVE('',#4630,#4580,#4648,.T.);
#4648 = ( BOUNDED_CURVE() B_SPLINE_CURVE(6,(#4649,#4650,#4651,#4652,
#4653,#4654,#4655),.UNSPECIFIED.,.F.,.F.) B_SPLINE_CURVE_WITH_KNOTS((7,7
),(0.,2.094395102393),.PIECEWISE_BEZIER_KNOTS.) CURVE() 
GEOMETRIC_REPRESENTATION_ITEM() RATIONAL_B_SPLINE_CURVE((1.056590953773,
    1.017435169568,0.996326512422,0.989390034249,0.996326512422,
1.017435169568,1.056590953773)) REPRESENTATION_ITEM('') );
#4649 = CARTESIAN_POINT('',(2.017000311843,5.049029327964E-07,
    -7.980009715484));
#4650 = CARTESIAN_POINT('',(1.980750804496,5.471711373439E-07,
    -7.959082137099));
#4651 = CARTESIAN_POINT('',(1.955205209234,5.76957952636E-07,
    -7.923660729253));
#4652 = CARTESIAN_POINT('',(1.945971276775,5.877245776165E-07,
    -7.880011309158));
#4653 = CARTESIAN_POINT('',(1.955203250475,5.769591723825E-07,
    -7.836361474737));
#4654 = CARTESIAN_POINT('',(1.980747256191,5.471733511841E-07,
    -7.800938920579));
#4655 = CARTESIAN_POINT('',(2.016995824386,5.0490573128E-07,
    -7.780009715534));
#4656 = ( BOUNDED_SURFACE() B_SPLINE_SURFACE(6,11,(
    (#4657,#4658,#4659,#4660,#4661,#4662,#4663,#4664,#4665,#4666,#4667
      ,#4668)
    ,(#4669,#4670,#4671,#4672,#4673,#4674,#4675,#4676,#4677,#4678,#4679
      ,#4680)
    ,(#4681,#4682,#4683,#4684,#4685,#4686,#4687,#4688,#4689,#4690,#4691
      ,#4692)
    ,(#4693,#4694,#4695,#4696,#4697,#4698,#4699,#4700,#4701,#4702,#4703
      ,#4704)
    ,(#4705,#4706,#4707,#4708,#4709,#4710,#4711,#4712,#4713,#4714,#4715
      ,#4716)
    ,(#4717,#4718,#4719,#4720,#4721,#4722,#4723,#4724,#4725,#4726,#4727
      ,#4728)
    ,(#4729,#4730,#4731,#4732,#4733,#4734,#4735,#4736,#4737,#4738,#4739
,#4740
    )),.UNSPECIFIED.,.F.,.F.,.F.) B_SPLINE_SURFACE_WITH_KNOTS((7,7),(12,
    12),(0.,2.094395102393),(0.,6.333910135482),
.PIECEWISE_BEZIER_KNOTS.) GEOMETRIC_REPRESENTATION_ITEM() 
RATIONAL_B_SPLINE_SURFACE((
    (1.056590953773,1.056590953773,1.056590953773,1.056590953773
      ,1.056590953773,1.056590953774,1.056590953772,1.056590953774
      ,1.056590953773,1.056590953773,1.056590953773,1.056590953773)
    ,(1.017435169568,1.017435169568,1.017435169568,1.017435169568
      ,1.017435169568,1.017435169569,1.017435169568,1.017435169569
      ,1.017435169568,1.017435169568,1.017435169568,1.017435169568)
    ,(0.996326512422,0.996326512422,0.996326512422,0.996326512422
      ,0.996326512422,0.996326512423,0.996326512421,0.996326512423
      ,0.996326512422,0.996326512422,0.996326512422,0.996326512422)
    ,(0.989390034249,0.989390034249,0.989390034248,0.989390034249
      ,0.989390034248,0.98939003425,0.989390034247,0.989390034249
      ,0.989390034248,0.989390034249,0.989390034249,0.989390034249)
    ,(0.996326512422,0.996326512422,0.996326512422,0.996326512422
      ,0.996326512422,0.996326512423,0.996326512421,0.996326512423
      ,0.996326512422,0.996326512422,0.996326512422,0.996326512422)
    ,(1.017435169568,1.017435169568,1.017435169568,1.017435169568
      ,1.017435169568,1.017435169569,1.017435169567,1.017435169569
      ,1.017435169568,1.017435169568,1.017435169568,1.017435169568)
    ,(1.056590953773,1.056590953773,1.056590953773,1.056590953773
      ,1.056590953773,1.056590953774,1.056590953772,1.056590953774
      ,1.056590953773,1.056590953773,1.056590953773,1.056590953773
))) REPRESENTATION_ITEM('') SURFACE() );
#4657 = CARTESIAN_POINT('',(2.017002480816,5.890518879892E-07,
    -7.1800113347));
#4658 = CARTESIAN_POINT('',(2.017000099562,-1.152161216483,
    -7.252736578614));
#4659 = CARTESIAN_POINT('',(1.293187226129,-2.303818535912,
    -7.325430536563));
#4660 = CARTESIAN_POINT('',(-0.155360365656,-2.952399387087,
    -7.398368393932));
#4661 = CARTESIAN_POINT('',(-1.9265648156,-2.583407986521,
    -7.470486782789));
#4662 = CARTESIAN_POINT('',(-3.244820711808,-1.070031603307,
    -7.544303789685));
#4663 = CARTESIAN_POINT('',(-3.246419233754,1.070010736207,
    -7.61571726012));
#4664 = CARTESIAN_POINT('',(-1.925491645871,2.583440282132,
    -7.689534268159));
#4665 = CARTESIAN_POINT('',(-0.155813796653,2.952381742768,
    -7.761652655724));
#4666 = CARTESIAN_POINT('',(1.293277715533,2.303822651784,-7.83459051377
    ));
#4667 = CARTESIAN_POINT('',(2.017002741143,1.152162310438,
    -7.907284471577));
#4668 = CARTESIAN_POINT('',(2.017000311843,5.049029327964E-07,
    -7.980009715484));
#4669 = CARTESIAN_POINT('',(1.98075289521,6.383648336605E-07,
    -7.159083891872));
#4670 = CARTESIAN_POINT('',(1.980750640173,-1.131459936957,
    -7.231808965938));
#4671 = CARTESIAN_POINT('',(1.269943554473,-2.262376651435,
    -7.30450013485));
#4672 = CARTESIAN_POINT('',(-0.152560113251,-2.899462514961,
    -7.377455621873));
#4673 = CARTESIAN_POINT('',(-1.891949172089,-2.536723152545,
    -7.449523036436));
#4674 = CARTESIAN_POINT('',(-3.186509728365,-1.051164547005,
    -7.523431273185));
#4675 = CARTESIAN_POINT('',(-3.188050641833,1.051144221901,
    -7.59473475542));
#4676 = CARTESIAN_POINT('',(-1.890914892457,2.536754157816,
    -7.66864299327));
#4677 = CARTESIAN_POINT('',(-0.152997375268,2.899445497117,
    -7.74071040659));
#4678 = CARTESIAN_POINT('',(1.270030629082,2.26238070284,-7.813665894264
    ));
#4679 = CARTESIAN_POINT('',(1.980753111601,1.131461122493,-7.88635706304
    ));
#4680 = CARTESIAN_POINT('',(1.980750804496,5.471711373439E-07,
    -7.959082137099));
#4681 = CARTESIAN_POINT('',(1.955207167488,6.731161961149E-07,
    -7.123662579554));
#4682 = CARTESIAN_POINT('',(1.955205098264,-1.116871399151,
    -7.196387533926));
#4683 = CARTESIAN_POINT('',(1.253564985375,-2.233171923388,
    -7.269076737355));
#4684 = CARTESIAN_POINT('',(-0.150594780942,-2.862156703133,
    -7.342044648301));
#4685 = CARTESIAN_POINT('',(-1.867535798661,-2.503824163641,
    -7.414076140405));
#4686 = CARTESIAN_POINT('',(-3.145445481395,-1.037868276465,
    -7.488048668376));
#4687 = CARTESIAN_POINT('',(-3.146888841169,1.037849014332,
    -7.559274640089));
#4688 = CARTESIAN_POINT('',(-1.86656722688,2.503853071256,
    -7.633247169091));
#4689 = CARTESIAN_POINT('',(-0.151004543646,2.862140752657,
    -7.705278660031));
#4690 = CARTESIAN_POINT('',(1.253646383618,2.233175807663,
    -7.778246571587));
#4691 = CARTESIAN_POINT('',(1.955207333361,1.116872649225,
    -7.850935774887));
#4692 = CARTESIAN_POINT('',(1.955205209234,5.76957952636E-07,
    -7.923660729253));
#4693 = CARTESIAN_POINT('',(1.945973071801,6.85677364276E-07,
    -7.08001319399));
#4694 = CARTESIAN_POINT('',(1.945971214269,-1.111598066792,
    -7.152738105095));
#4695 = CARTESIAN_POINT('',(1.247647048155,-2.222615353908,
    -7.225426598055));
#4696 = CARTESIAN_POINT('',(-0.149896384946,-2.848671269637,
    -7.298398999906));
#4697 = CARTESIAN_POINT('',(-1.858682500162,-2.491933021975,
    -7.370417507051));
#4698 = CARTESIAN_POINT('',(-3.13064444022,-1.033061553105,
    -7.444413274461));
#4699 = CARTESIAN_POINT('',(-3.131967556258,1.033043691311,
    -7.515611228373));
#4700 = CARTESIAN_POINT('',(-1.857794827156,2.491959398307,
    -7.589606996727));
#4701 = CARTESIAN_POINT('',(-0.150272178437,2.84865663882,
    -7.661625502805));
#4702 = CARTESIAN_POINT('',(1.247721515718,2.22261899619,-7.734597905216
    ));
#4703 = CARTESIAN_POINT('',(1.945973190235,1.111599340193,
    -7.807286398057));
#4704 = CARTESIAN_POINT('',(1.945971276775,5.877245776165E-07,
    -7.880011309158));
#4705 = CARTESIAN_POINT('',(1.95520488227,6.73117841965E-07,
    -7.036363325047));
#4706 = CARTESIAN_POINT('',(1.955203222088,-1.116870187334,
    -7.109088279408));
#4707 = CARTESIAN_POINT('',(1.253570528678,-2.2331697544,-7.181777482663
    ));
#4708 = CARTESIAN_POINT('',(-0.15062862,-2.862152282842,-7.254745394691)
  );
#4709 = CARTESIAN_POINT('',(-1.867452904308,-2.503823939783,
    -7.326776883714));
#4710 = CARTESIAN_POINT('',(-3.145562322779,-1.037865734148,
    -7.400749417113));
#4711 = CARTESIAN_POINT('',(-3.146765169558,1.037849347791,
    -7.471975382387));
#4712 = CARTESIAN_POINT('',(-1.866646070826,2.503847829332,
    -7.545947916643));
#4713 = CARTESIAN_POINT('',(-0.150970375797,2.862138975313,
    -7.617979404696));
#4714 = CARTESIAN_POINT('',(1.253638118824,2.23317312477,-7.690947317234
    ));
#4715 = CARTESIAN_POINT('',(1.955204965561,1.116871437411,
    -7.763636520381));
#4716 = CARTESIAN_POINT('',(1.955203250475,5.769591723825E-07,
    -7.836361474737));
#4717 = CARTESIAN_POINT('',(1.980748755522,6.383678131106E-07,
    -7.000940675366));
#4718 = CARTESIAN_POINT('',(1.980747241468,-1.131457741742,
    -7.073665749413));
#4719 = CARTESIAN_POINT('',(1.269953596204,-2.262372722298,
    -7.146356918011));
#4720 = CARTESIAN_POINT('',(-0.152621412944,-2.899454507571,
    -7.219312406995));
#4721 = CARTESIAN_POINT('',(-1.891799008382,-2.536722747026,
    -7.291379815976));
#4722 = CARTESIAN_POINT('',(-3.186721387358,-1.051159941577,
    -7.365288062556));
#4723 = CARTESIAN_POINT('',(-3.187826609836,1.051144825962,
    -7.436591533128));
#4724 = CARTESIAN_POINT('',(-1.891057718823,2.536744662037,
    -7.510499780495));
#4725 = CARTESIAN_POINT('',(-0.152935479968,2.899442277446,
    -7.582567188586));
#4726 = CARTESIAN_POINT('',(1.27001565735,2.262375842761,-7.655522678038
    ));
#4727 = CARTESIAN_POINT('',(1.980748822315,1.131458927283,
    -7.728213846536));
#4728 = CARTESIAN_POINT('',(1.980747256191,5.471733511841E-07,
    -7.800938920579));
#4729 = CARTESIAN_POINT('',(2.016997245451,5.890556565857E-07,
    -6.980011334768));
#4730 = CARTESIAN_POINT('',(2.0169958013,-1.152158440246,-7.052736578658
    ));
#4731 = CARTESIAN_POINT('',(1.293199925669,-2.303813566824,
    -7.125430536209));
#4732 = CARTESIAN_POINT('',(-0.155437889933,-2.952389260331,
    -7.198368396059));
#4733 = CARTESIAN_POINT('',(-1.926374907099,-2.583407473669,
    -7.270486777856));
#4734 = CARTESIAN_POINT('',(-3.245088391949,-1.070025778932,
    -7.344303797185));
#4735 = CARTESIAN_POINT('',(-3.246135905766,1.070011500149,
    -7.415717252869));
#4736 = CARTESIAN_POINT('',(-1.925672275009,2.583428273045,
    -7.489534272946));
#4737 = CARTESIAN_POINT('',(-0.155735519127,2.952377670925,
    -7.561652653898));
#4738 = CARTESIAN_POINT('',(1.293258781137,2.303816505356,
    -7.634590514191));
#4739 = CARTESIAN_POINT('',(2.016997316583,1.152159534207,
    -7.707284471649));
#4740 = CARTESIAN_POINT('',(2.016995824386,5.0490573128E-07,
    -7.780009715534));
#4741 = ADVANCED_FACE('',(#4742),#4752,.T.);
#4742 = FACE_BOUND('',#4743,.T.);
#4743 = EDGE_LOOP('',(#4744,#4745,#4746,#4747));
#4744 = ORIENTED_EDGE('',*,*,#4375,.F.);
#4745 = ORIENTED_EDGE('',*,*,#4344,.T.);
#4746 = ORIENTED_EDGE('',*,*,#4629,.T.);
#4747 = ORIENTED_EDGE('',*,*,#4748,.F.);
#4748 = EDGE_CURVE('',#4376,#4630,#4749,.T.);
#4749 = B_SPLINE_CURVE_WITH_KNOTS('',1,(#4750,#4751),.UNSPECIFIED.,.F.,
  .F.,(2,2),(0.,0.56),.PIECEWISE_BEZIER_KNOTS.);
#4750 = CARTESIAN_POINT('',(2.50198082028,-6.060145168544E-08,
    -8.259998833908));
#4751 = CARTESIAN_POINT('',(2.017000311843,5.049029311851E-07,
    -7.980009715484));
#4752 = B_SPLINE_SURFACE_WITH_KNOTS('',1,10,(
    (#4753,#4754,#4755,#4756,#4757,#4758,#4759,#4760,#4761,#4762,#4763)
    ,(#4764,#4765,#4766,#4767,#4768,#4769,#4770,#4771,#4772,#4773,#4774
    )),.UNSPECIFIED.,.F.,.F.,.F.,(2,2),(11,11),(0.,0.56),(0.,
    6.333910135482),.PIECEWISE_BEZIER_KNOTS.);
#4753 = CARTESIAN_POINT('',(2.50198403628,-7.070375372931E-08,
    -7.459998639518));
#4754 = CARTESIAN_POINT('',(2.501979559383,-1.572034954987,
    -7.539998907447));
#4755 = CARTESIAN_POINT('',(1.40464851578,-3.144097103029,
    -7.620003766102));
#4756 = CARTESIAN_POINT('',(-0.792131464664,-3.850004513713,
    -7.699984542263));
#4757 = CARTESIAN_POINT('',(-3.301433118552,-2.860621600898,
    -7.780013286079));
#4758 = CARTESIAN_POINT('',(-4.630277617612,-6.729088036916E-05,
    -7.859998735173));
#4759 = CARTESIAN_POINT('',(-3.300940078008,2.860721238429,
    -7.939984189804));
#4760 = CARTESIAN_POINT('',(-0.792606013159,3.849966435378,
    -8.020012929989));
#4761 = CARTESIAN_POINT('',(1.404813679223,3.144103216889,
    -8.099993707587));
#4762 = CARTESIAN_POINT('',(2.501985290829,1.572034823683,
    -8.179998565996));
#4763 = CARTESIAN_POINT('',(2.50198082028,-6.060145168544E-08,
    -8.259998833908));
#4764 = CARTESIAN_POINT('',(2.017002480816,5.890518908357E-07,
    -7.1800113347));
#4765 = CARTESIAN_POINT('',(2.016999861437,-1.267377397036,
    -7.260009103006));
#4766 = CARTESIAN_POINT('',(1.132339973837,-2.534138788995,
    -7.339968632909));
#4767 = CARTESIAN_POINT('',(-0.638419400121,-3.104882226551,
    -7.420128755496));
#4768 = CARTESIAN_POINT('',(-2.661878327005,-2.305020148559,
    -7.499889344114));
#4769 = CARTESIAN_POINT('',(-3.732209330718,-4.647797667889E-05,
    -7.580010524057));
#4770 = CARTESIAN_POINT('',(-2.661547159509,2.305085788079,
    -7.66013170772));
#4771 = CARTESIAN_POINT('',(-0.638741267523,3.104856170331,
    -7.739892293898));
#4772 = CARTESIAN_POINT('',(1.132449878081,2.534143576405,
    -7.820052417454));
#4773 = CARTESIAN_POINT('',(2.017002984073,1.267378490991,
    -7.900011947187));
#4774 = CARTESIAN_POINT('',(2.017000311843,5.049029311851E-07,
    -7.980009715484));
#4775 = ADVANCED_FACE('',(#4776),#4979,.T.);
#4776 = FACE_BOUND('',#4777,.F.);
#4777 = EDGE_LOOP('',(#4778,#4880,#4881,#4973));
#4778 = ORIENTED_EDGE('',*,*,#4779,.F.);
#4779 = EDGE_CURVE('',#4376,#4780,#4782,.T.);
#4780 = VERTEX_POINT('',#4781);
#4781 = CARTESIAN_POINT('',(2.45,3.42667577618E-12,-9.029991040269));
#4782 = B_SPLINE_CURVE_WITH_KNOTS('',6,(#4783,#4784,#4785,#4786,#4787,
    #4788,#4789,#4790,#4791,#4792,#4793,#4794,#4795,#4796,#4797,#4798,
    #4799,#4800,#4801,#4802,#4803,#4804,#4805,#4806,#4807,#4808,#4809,
    #4810,#4811,#4812,#4813,#4814,#4815,#4816,#4817,#4818,#4819,#4820,
    #4821,#4822,#4823,#4824,#4825,#4826,#4827,#4828,#4829,#4830,#4831,
    #4832,#4833,#4834,#4835,#4836,#4837,#4838,#4839,#4840,#4841,#4842,
    #4843,#4844,#4845,#4846,#4847,#4848,#4849,#4850,#4851,#4852,#4853,
    #4854,#4855,#4856,#4857,#4858,#4859,#4860,#4861,#4862,#4863,#4864,
    #4865,#4866,#4867,#4868,#4869,#4870,#4871,#4872,#4873,#4874,#4875,
    #4876,#4877,#4878,#4879),.UNSPECIFIED.,.F.,.F.,(7,5,5,5,5,5,5,5,5,5,
    5,5,5,5,5,5,5,5,5,7),(0.,1.877048969049E-02,5.676999051195E-02,
    0.125770263461,0.229622133193,0.24562237728,0.266158020123,
    0.324159774635,0.376163487692,0.403066668034,0.49778848959,
    0.59763872162,0.643266512349,0.707269010394,0.737558607979,
    0.760792812827,0.809794642018,0.870715768579,0.968571850186,1.),
  .UNSPECIFIED.);
#4783 = CARTESIAN_POINT('',(2.45,1.00808250636E-11,-8.229989248384));
#4784 = CARTESIAN_POINT('',(2.45,-4.815662324993E-02,-8.232491976905));
#4785 = CARTESIAN_POINT('',(2.448864132976,-9.63132627435E-02,
    -8.234994610418));
#4786 = CARTESIAN_POINT('',(2.446592400887,-0.144436365201,
    -8.237497207924));
#4787 = CARTESIAN_POINT('',(2.443186122302,-0.192492455396,
    -8.239999819847));
#4788 = CARTESIAN_POINT('',(2.438647932397,-0.240448136144,
    -8.24250248803));
#4789 = CARTESIAN_POINT('',(2.421511072604,-0.385082176875,
    -8.250071897982));
#4790 = CARTESIAN_POINT('',(2.405417487927,-0.481347035632,
    -8.255138936621));
#4791 = CARTESIAN_POINT('',(2.384734068386,-0.576787106085,
    -8.260206605902));
#4792 = CARTESIAN_POINT('',(2.35951533316,-0.6711300614,-8.265274993878)
  );
#4793 = CARTESIAN_POINT('',(2.329837281149,-0.764108806404,
    -8.270344032404));
#4794 = CARTESIAN_POINT('',(2.23398706023,-1.021341531519,
    -8.284618735191));
#4795 = CARTESIAN_POINT('',(2.157790129353,-1.18187315695,
    -8.293826041486));
#4796 = CARTESIAN_POINT('',(2.067792826998,-1.33547278158,
    -8.303033054665));
#4797 = CARTESIAN_POINT('',(1.96480515539,-1.480683718307,
    -8.312238338648));
#4798 = CARTESIAN_POINT('',(1.849821497047,-1.616167730118,
    -8.321441446517));
#4799 = CARTESIAN_POINT('',(1.534738494096,-1.928229048893,
    -8.344487010121));
#4800 = CARTESIAN_POINT('',(1.32090092508,-2.091077829564,
    -8.358330723667));
#4801 = CARTESIAN_POINT('',(1.08667747599,-2.225122146,-8.372161473275)
  );
#4802 = CARTESIAN_POINT('',(0.836952413574,-2.327422407353,
    -8.385989799326));
#4803 = CARTESIAN_POINT('',(0.577045804786,-2.395935495833,
    -8.399826796491));
#4804 = CARTESIAN_POINT('',(0.272075430483,-2.435191987397,
    -8.415796402923));
#4805 = CARTESIAN_POINT('',(0.231256561125,-2.439614143534,
    -8.417928467082));
#4806 = CARTESIAN_POINT('',(0.190352927887,-2.443215069826,
    -8.420060661887));
#4807 = CARTESIAN_POINT('',(0.149385178268,-2.445992810482,
    -8.422192992698));
#4808 = CARTESIAN_POINT('',(0.108374013412,-2.44794610256,
    -8.424325463037));
#4809 = CARTESIAN_POINT('',(1.467499270679E-02,-2.450522467631,
    -8.429195192149));
#4810 = CARTESIAN_POINT('',(-3.802758095414E-02,-2.450611536165,
    -8.431932543148));
#4811 = CARTESIAN_POINT('',(-9.072362529013E-02,-2.449340377877,
    -8.434670130958));
#4812 = CARTESIAN_POINT('',(-0.143369296655,-2.446709674769,
    -8.437407953935));
#4813 = CARTESIAN_POINT('',(-0.195920815349,-2.442721994543,
    -8.44014600542));
#4814 = CARTESIAN_POINT('',(-0.396373837918,-2.422298688505,
    -8.450618356745));
#4815 = CARTESIAN_POINT('',(-0.543318375344,-2.396424969537,
    -8.458354424986));
#4816 = CARTESIAN_POINT('',(-0.688175328778,-2.359862400084,
    -8.466091729095));
#4817 = CARTESIAN_POINT('',(-0.829979245372,-2.312829897898,
    -8.473830044136));
#4818 = CARTESIAN_POINT('',(-0.967798263944,-2.255661734199,
    -8.481569052525));
#4819 = CARTESIAN_POINT('',(-1.219934826036,-2.128863408385,
    -8.496246134414));
#4820 = CARTESIAN_POINT('',(-1.335214626057,-2.061130533924,
    -8.50318460997));
#4821 = CARTESIAN_POINT('',(-1.445938460109,-1.985929951691,
    -8.510122475115));
#4822 = CARTESIAN_POINT('',(-1.55150765125,-1.903649475621,
    -8.517059604853));
#4823 = CARTESIAN_POINT('',(-1.651369213338,-1.814739722093,
    -8.523995998313));
#4824 = CARTESIAN_POINT('',(-1.793466823631,-1.670551032301,
    -8.534519227766));
#4825 = CARTESIAN_POINT('',(-1.840252902282,-1.619752173768,
    -8.538106865864));
#4826 = CARTESIAN_POINT('',(-1.885307685699,-1.567385820065,
    -8.541694262602));
#4827 = CARTESIAN_POINT('',(-1.928566028913,-1.513525985493,
    -8.545281425572));
#4828 = CARTESIAN_POINT('',(-1.969967060679,-1.458250240725,
    -8.548868371003));
#4829 = CARTESIAN_POINT('',(-2.148482066111,-1.202323042602,
    -8.565083510069));
#4830 = CARTESIAN_POINT('',(-2.263817299694,-0.986412772586,
    -8.577712376741));
#4831 = CARTESIAN_POINT('',(-2.352906284797,-0.75752971942,
    -8.590336590636));
#4832 = CARTESIAN_POINT('',(-2.414089295096,-0.519663304622,
    -8.602961799394));
#4833 = CARTESIAN_POINT('',(-2.446387819174,-0.277021567853,
    -8.615592643251));
#4834 = CARTESIAN_POINT('',(-2.453322145372,0.222109171196,
    -8.641536663857));
#4835 = CARTESIAN_POINT('',(-2.42474309713,0.478771324172,
    -8.654856605543));
#4836 = CARTESIAN_POINT('',(-2.363922722451,0.730747450695,
    -8.668174443077));
#4837 = CARTESIAN_POINT('',(-2.271936956502,0.973090741124,
    -8.681492431897));
#4838 = CARTESIAN_POINT('',(-2.150688387072,1.201109182621,
    -8.694812102574));
#4839 = CARTESIAN_POINT('',(-1.935803669812,1.506275989535,
    -8.714207983607));
#4840 = CARTESIAN_POINT('',(-1.862918349642,1.598125683697,
    -8.720290671637));
#4841 = CARTESIAN_POINT('',(-1.784823076589,1.685716619251,
    -8.726372466009));
#4842 = CARTESIAN_POINT('',(-1.701831434928,1.768683225152,
    -8.732453448585));
#4843 = CARTESIAN_POINT('',(-1.614290473103,1.846691528967,
    -8.738533786975));
#4844 = CARTESIAN_POINT('',(-1.393935515777,2.021486172259,
    -8.753141540624));
#4845 = CARTESIAN_POINT('',(-1.257078288037,2.113190444477,
    -8.761668892412));
#4846 = CARTESIAN_POINT('',(-1.113060312958,2.193715434474,
    -8.770195109611));
#4847 = CARTESIAN_POINT('',(-0.963028487386,2.262387103294,
    -8.778721428879));
#4848 = CARTESIAN_POINT('',(-0.808204046885,2.318678154447,
    -8.787249197693));
#4849 = CARTESIAN_POINT('',(-0.574958909442,2.382847249532,
    -8.799814512776));
#4850 = CARTESIAN_POINT('',(-0.499248492621,2.400608609271,
    -8.803851244217));
#4851 = CARTESIAN_POINT('',(-0.422889561588,2.41548075804,
    -8.807888398269));
#4852 = CARTESIAN_POINT('',(-0.346019859506,2.42743505863,
    -8.811926023172));
#4853 = CARTESIAN_POINT('',(-0.268778670963,2.436451668406,-8.8159641484
    ));
#4854 = CARTESIAN_POINT('',(-0.131880584813,2.447174013662,
    -8.823100696457));
#4855 = CARTESIAN_POINT('',(-7.231836406812E-02,2.450093489618,
    -8.826198914596));
#4856 = CARTESIAN_POINT('',(-1.268367061831E-02,2.451273001708,
    -8.829297440476));
#4857 = CARTESIAN_POINT('',(4.69600002626E-02,2.450710676055,
    -8.832396268897));
#4858 = CARTESIAN_POINT('',(0.10654916891,2.448407730364,-8.835495388053
    ));
#4859 = CARTESIAN_POINT('',(0.2914474181,2.43584952717,-8.845131515041)
  );
#4860 = CARTESIAN_POINT('',(0.416351909057,2.419607105295,-8.8516695636)
  );
#4861 = CARTESIAN_POINT('',(0.540135137399,2.395682100445,-8.85820851883
    ));
#4862 = CARTESIAN_POINT('',(0.662209198673,2.364175667219,
    -8.864748142503));
#4863 = CARTESIAN_POINT('',(0.781999618296,2.325248648221,
    -8.871288102569));
#4864 = CARTESIAN_POINT('',(1.04434307986,2.221773174715,-8.885958026552
    ));
#4865 = CARTESIAN_POINT('',(1.18535358129,2.153292133955,-8.894088276002
    ));
#4866 = CARTESIAN_POINT('',(1.320902872664,2.074103267531,
    -8.902216900233));
#4867 = CARTESIAN_POINT('',(1.449985597341,1.984759992174,
    -8.910343459615));
#4868 = CARTESIAN_POINT('',(1.571674931392,1.88593921056,-8.918467909379
    ));
#4869 = CARTESIAN_POINT('',(1.86736967941,1.6057582909,-8.939635984626)
  );
#4870 = CARTESIAN_POINT('',(2.028423035105,1.410625438347,-8.95267983521
    ));
#4871 = CARTESIAN_POINT('',(2.16471728563,1.196384897655,-8.965714920192
    ));
#4872 = CARTESIAN_POINT('',(2.273603612575,0.966999191402,
    -8.978750951493));
#4873 = CARTESIAN_POINT('',(2.353139093074,0.726817628882,
    -8.991798421337));
#4874 = CARTESIAN_POINT('',(2.418208909903,0.401580430032,
    -9.009036562512));
#4875 = CARTESIAN_POINT('',(2.430904644075,0.321892355973,-9.01322742473
    ));
#4876 = CARTESIAN_POINT('',(2.44044711993,0.241733958258,-9.017418534167
    ));
#4877 = CARTESIAN_POINT('',(2.446815688883,0.161261021259,
    -9.021609691856));
#4878 = CARTESIAN_POINT('',(2.45,8.063039596997E-02,-9.02580063566));
#4879 = CARTESIAN_POINT('',(2.45,6.873168700849E-12,-9.029991040269));
#4880 = ORIENTED_EDGE('',*,*,#4565,.T.);
#4881 = ORIENTED_EDGE('',*,*,#4882,.T.);
#4882 = EDGE_CURVE('',#4474,#4883,#4885,.T.);
#4883 = VERTEX_POINT('',#4884);
#4884 = CARTESIAN_POINT('',(2.45,3.305129222762E-13,-9.13000112272));
#4885 = B_SPLINE_CURVE_WITH_KNOTS('',6,(#4886,#4887,#4888,#4889,#4890,
    #4891,#4892,#4893,#4894,#4895,#4896,#4897,#4898,#4899,#4900,#4901,
    #4902,#4903,#4904,#4905,#4906,#4907,#4908,#4909,#4910,#4911,#4912,
    #4913,#4914,#4915,#4916,#4917,#4918,#4919,#4920,#4921,#4922,#4923,
    #4924,#4925,#4926,#4927,#4928,#4929,#4930,#4931,#4932,#4933,#4934,
    #4935,#4936,#4937,#4938,#4939,#4940,#4941,#4942,#4943,#4944,#4945,
    #4946,#4947,#4948,#4949,#4950,#4951,#4952,#4953,#4954,#4955,#4956,
    #4957,#4958,#4959,#4960,#4961,#4962,#4963,#4964,#4965,#4966,#4967,
    #4968,#4969,#4970,#4971,#4972),.UNSPECIFIED.,.F.,.F.,(7,5,5,5,5,5,5,
    5,5,5,5,5,5,5,5,5,5,7),(0.,2.581083194687E-02,4.564607101797E-02,
    0.127644257963,0.179781221627,0.262781180956,0.298657132758,
    0.354659879767,0.402038937375,0.491837215085,0.598100616049,
    0.689476721028,0.737478288938,0.769387067841,0.873175210217,
    0.94210859818,0.973108261063,1.),.UNSPECIFIED.);
#4886 = CARTESIAN_POINT('',(2.45,1.061373211542E-12,-8.330001403407));
#4887 = CARTESIAN_POINT('',(2.45,-6.621885272064E-02,-8.333442712082));
#4888 = CARTESIAN_POINT('',(2.44785226881,-0.132437811482,
    -8.336884284349));
#4889 = CARTESIAN_POINT('',(2.443556823424,-0.198569498006,
    -8.340325974268));
#4890 = CARTESIAN_POINT('',(2.437118374898,-0.264526945676,
    -8.343767657076));
#4891 = CARTESIAN_POINT('',(2.428546328348,-0.330223599533,
    -8.347209229186));
#4892 = CARTESIAN_POINT('',(2.409638489911,-0.445793598112,
    -8.353295256577));
#4893 = CARTESIAN_POINT('',(2.400170469161,-0.495809091702,
    -8.355939794944));
#4894 = CARTESIAN_POINT('',(2.389457117995,-0.545580732179,
    -8.358584189734));
#4895 = CARTESIAN_POINT('',(2.377506431356,-0.595069827269,
    -8.36122841963));
#4896 = CARTESIAN_POINT('',(2.364328001848,-0.644238057288,
    -8.363872475553));
#4897 = CARTESIAN_POINT('',(2.290424665382,-0.894823907259,
    -8.377446089537));
#4898 = CARTESIAN_POINT('',(2.210117953268,-1.090494867976,
    -8.388374308539));
#4899 = CARTESIAN_POINT('',(2.109810135632,-1.277321898664,
    -8.399298050052));
#4900 = CARTESIAN_POINT('',(1.990766840419,-1.452807463251,
    -8.410222647537));
#4901 = CARTESIAN_POINT('',(1.854614132079,-1.614671041043,
    -8.421152312517));
#4902 = CARTESIAN_POINT('',(1.607269427206,-1.853935515053,
    -8.439035556792));
#4903 = CARTESIAN_POINT('',(1.505033964877,-1.940638327918,
    -8.445988327696));
#4904 = CARTESIAN_POINT('',(1.397223801568,-2.020541307291,
    -8.452942685132));
#4905 = CARTESIAN_POINT('',(1.284407051425,-2.0932039363,-8.45989860804)
  );
#4906 = CARTESIAN_POINT('',(1.167196426753,-2.158250278449,
    -8.466855846213));
#4907 = CARTESIAN_POINT('',(0.853698077235,-2.306305127717,
    -8.48488996789));
#4908 = CARTESIAN_POINT('',(0.651640213149,-2.377168916422,
    -8.495969431279));
#4909 = CARTESIAN_POINT('',(0.442744963796,-2.426688782947,
    -8.507046685745));
#4910 = CARTESIAN_POINT('',(0.229821626775,-2.454128873616,
    -8.518120807928));
#4911 = CARTESIAN_POINT('',(1.575823034821E-02,-2.459185842015,
    -8.529192551027));
#4912 = CARTESIAN_POINT('',(-0.28824022868,-2.434725683116,
    -8.545042382093));
#4913 = CARTESIAN_POINT('',(-0.379652757656,-2.423207707524,
    -8.549825048899));
#4914 = CARTESIAN_POINT('',(-0.470498814723,-2.40757257715,
    -8.554607036683));
#4915 = CARTESIAN_POINT('',(-0.560547457491,-2.387856451669,
    -8.559388404684));
#4916 = CARTESIAN_POINT('',(-0.649571108288,-2.36411274134,
    -8.564169244611));
#4917 = CARTESIAN_POINT('',(-0.874362409161,-2.293171118578,
    -8.576411992771));
#4918 = CARTESIAN_POINT('',(-1.008340143679,-2.240286295371,
    -8.583873533756));
#4919 = CARTESIAN_POINT('',(-1.138422657637,-2.17802824455,
    -8.59133432067));
#4920 = CARTESIAN_POINT('',(-1.263797328661,-2.106762701882,
    -8.598795135321));
#4921 = CARTESIAN_POINT('',(-1.383699893475,-2.026948015364,
    -8.606256705396));
#4922 = CARTESIAN_POINT('',(-1.593627461717,-1.864839661475,
    -8.620031987817));
#4923 = CARTESIAN_POINT('',(-1.685413702921,-1.784817636076,
    -8.62634576085));
#4924 = CARTESIAN_POINT('',(-1.772348914389,-1.699398172634,
    -8.632660200369));
#4925 = CARTESIAN_POINT('',(-1.854041006406,-1.608951574422,
    -8.638975498271));
#4926 = CARTESIAN_POINT('',(-1.930136519601,-1.51388517339,
    -8.645291748223));
#4927 = CARTESIAN_POINT('',(-2.133346249631,-1.226543903456,
    -8.663581177352));
#4928 = CARTESIAN_POINT('',(-2.245169409853,-1.023401249791,
    -8.675558553875));
#4929 = CARTESIAN_POINT('',(-2.333604919817,-0.808276993637,
    -8.687535397969));
#4930 = CARTESIAN_POINT('',(-2.397174576857,-0.584541083561,
    -8.699512415647));
#4931 = CARTESIAN_POINT('',(-2.434956415172,-0.355755562347,
    -8.711490591093));
#4932 = CARTESIAN_POINT('',(-2.460759183909,0.146583071164,
    -8.737634557957));
#4933 = CARTESIAN_POINT('',(-2.438393653493,0.420809314563,
    -8.75180671856));
#4934 = CARTESIAN_POINT('',(-2.379310421017,0.690710295466,
    -8.765969735205));
#4935 = CARTESIAN_POINT('',(-2.284685325261,0.95029611604,
    -8.780131128865));
#4936 = CARTESIAN_POINT('',(-2.156730119209,1.193875396299,
    -8.794300424224));
#4937 = CARTESIAN_POINT('',(-1.863606954772,1.607615026489,
    -8.820650406189));
#4938 = CARTESIAN_POINT('',(-1.706093981447,1.7833794429,-8.832837752158
    ));
#4939 = CARTESIAN_POINT('',(-1.528868818818,1.94037149321,
    -8.845025611649));
#4940 = CARTESIAN_POINT('',(-1.3347737337,2.075952198329,-8.85721668651)
  );
#4941 = CARTESIAN_POINT('',(-1.127038859879,2.187976161898,
    -8.869411562994));
#4942 = CARTESIAN_POINT('',(-0.795005135076,2.320696565539,
    -8.888007227841));
#4943 = CARTESIAN_POINT('',(-0.677894292299,2.359508392052,
    -8.894411341165));
#4944 = CARTESIAN_POINT('',(-0.55854855389,2.391214122143,
    -8.900814715616));
#4945 = CARTESIAN_POINT('',(-0.437506854002,2.415658960902,
    -8.907217154757));
#4946 = CARTESIAN_POINT('',(-0.315320924891,2.432742972287,
    -8.913618537195));
#4947 = CARTESIAN_POINT('',(-0.110943591792,2.448855446717,
    -8.924272955269));
#4948 = CARTESIAN_POINT('',(-2.90759381809E-02,2.452017079237,
    -8.928526791298));
#4949 = CARTESIAN_POINT('',(5.288533316128E-02,2.451893563577,
    -8.932780046823));
#4950 = CARTESIAN_POINT('',(0.134775768388,2.448482938674,
    -8.937032720851));
#4951 = CARTESIAN_POINT('',(0.216431149777,2.44179423563,-8.941284841805
    ));
#4952 = CARTESIAN_POINT('',(0.56198608356,2.399494139173,-8.959365524937
    ));
#4953 = CARTESIAN_POINT('',(0.822153628435,2.332660089431,
    -8.973193889737));
#4954 = CARTESIAN_POINT('',(1.072366131668,2.232017994745,
    -8.987013684054));
#4955 = CARTESIAN_POINT('',(1.307300222955,2.099573149171,
    -9.000836081712));
#4956 = CARTESIAN_POINT('',(1.52206204225,1.93822814283,-9.014671604851)
  );
#4957 = CARTESIAN_POINT('',(1.838961061811,1.628495825455,
    -9.037700264133));
#4958 = CARTESIAN_POINT('',(1.954735978064,1.493918280744,
    -9.046894651629));
#4959 = CARTESIAN_POINT('',(2.058604052881,1.349552673261,
    -9.056091164736));
#4960 = CARTESIAN_POINT('',(2.149564808728,1.196726572758,
    -9.065289281546));
#4961 = CARTESIAN_POINT('',(2.226800661889,1.036886793149,
    -9.074487468673));
#4962 = CARTESIAN_POINT('',(2.318009340979,0.79728141451,-9.087818799587
    ));
#4963 = CARTESIAN_POINT('',(2.343407479399,0.721852431527,
    -9.091953900216));
#4964 = CARTESIAN_POINT('',(2.365856596292,0.645462587055,
    -9.096088546919));
#4965 = CARTESIAN_POINT('',(2.385312295942,0.568255969559,
    -9.100222693194));
#4966 = CARTESIAN_POINT('',(2.401739621677,0.490379255145,
    -9.104356364311));
#4967 = CARTESIAN_POINT('',(2.426714307871,0.343973020141,
    -9.112075226509));
#4968 = CARTESIAN_POINT('',(2.436017482373,0.275572034897,
    -9.115660519272));
#4969 = CARTESIAN_POINT('',(2.443005957649,0.206876131603,
    -9.119245611088));
#4970 = CARTESIAN_POINT('',(2.44766864725,0.137983175956,-9.122830623242
    ));
#4971 = CARTESIAN_POINT('',(2.45,6.899151957502E-02,-9.126415722823));
#4972 = CARTESIAN_POINT('',(2.45,6.483702463811E-13,-9.13000112272));
#4973 = ORIENTED_EDGE('',*,*,#4974,.F.);
#4974 = EDGE_CURVE('',#4780,#4883,#4975,.T.);
#4975 = LINE('',#4976,#4977);
#4976 = CARTESIAN_POINT('',(2.45,0.,-0.2));
#4977 = VECTOR('',#4978,1.);
#4978 = DIRECTION('',(0.,0.,-1.));
#4979 = CYLINDRICAL_SURFACE('',#4980,2.45);
#4980 = AXIS2_PLACEMENT_3D('',#4981,#4982,#4983);
#4981 = CARTESIAN_POINT('',(0.,0.,-0.2));
#4982 = DIRECTION('',(-0.,-0.,-1.));
#4983 = DIRECTION('',(1.,0.,0.));
#4984 = ADVANCED_FACE('',(#4985),#5011,.T.);
#4985 = FACE_BOUND('',#4986,.T.);
#4986 = EDGE_LOOP('',(#4987,#5004,#5005,#5006));
#4987 = ORIENTED_EDGE('',*,*,#4988,.F.);
#4988 = EDGE_CURVE('',#4580,#4989,#4991,.T.);
#4989 = VERTEX_POINT('',#4990);
#4990 = CARTESIAN_POINT('',(2.016994403327,4.207556622535E-07,
    -8.580008096295));
#4991 = ( BOUNDED_CURVE() B_SPLINE_CURVE(11,(#4992,#4993,#4994,#4995,
    #4996,#4997,#4998,#4999,#5000,#5001,#5002,#5003),.UNSPECIFIED.,.F.,
.F.) B_SPLINE_CURVE_WITH_KNOTS((12,12),(0.,6.333910135482),
.PIECEWISE_BEZIER_KNOTS.) CURVE() GEOMETRIC_REPRESENTATION_ITEM() 
RATIONAL_B_SPLINE_CURVE((1.056590953773,1.056590953773,1.056590953773,
    1.056590953773,1.056590953773,1.056590953774,1.056590953772,
    1.056590953774,1.056590953773,1.056590953773,1.056590953773,
1.056590953773)) REPRESENTATION_ITEM('') );
#4992 = CARTESIAN_POINT('',(2.016995824386,5.049057928419E-07,
    -7.780009715534));
#4993 = CARTESIAN_POINT('',(2.016994332187,-1.152157712862,
    -7.852734959417));
#4994 = CARTESIAN_POINT('',(1.293198918323,-2.303811996177,
    -7.925428916859));
#4995 = CARTESIAN_POINT('',(-0.155437903358,-2.952387178558,
    -7.9983667774));
#4996 = CARTESIAN_POINT('',(-1.926373657729,-2.58340556323,
    -8.070485157199));
#4997 = CARTESIAN_POINT('',(-3.245086150927,-1.070024903855,
    -8.144302180104));
#4998 = CARTESIAN_POINT('',(-3.246133572692,1.070010895986,
    -8.215715631477));
#4999 = CARTESIAN_POINT('',(-1.925670811884,2.583426523136,
    -8.28953265513));
#5000 = CARTESIAN_POINT('',(-0.155735285516,2.95237560224,
    -8.361651034083));
#5001 = CARTESIAN_POINT('',(1.293257965943,2.303814826774,
    -8.434588895068));
#5002 = CARTESIAN_POINT('',(2.016995943573,1.152158638524,
    -8.507282852416));
#5003 = CARTESIAN_POINT('',(2.016994403327,4.207556363323E-07,
    -8.580008096295));
#5004 = ORIENTED_EDGE('',*,*,#4598,.T.);
#5005 = ORIENTED_EDGE('',*,*,#4473,.T.);
#5006 = ORIENTED_EDGE('',*,*,#5007,.F.);
#5007 = EDGE_CURVE('',#4989,#4474,#5008,.T.);
#5008 = B_SPLINE_CURVE_WITH_KNOTS('',1,(#5009,#5010),.UNSPECIFIED.,.F.,
  .F.,(2,2),(0.,0.56),.PIECEWISE_BEZIER_KNOTS.);
#5009 = CARTESIAN_POINT('',(2.016994403327,4.207556361368E-07,
    -8.580008096295));
#5010 = CARTESIAN_POINT('',(2.501963393993,-5.049215804601E-08,
    -8.299999028419));
#5011 = B_SPLINE_SURFACE_WITH_KNOTS('',1,10,(
    (#5012,#5013,#5014,#5015,#5016,#5017,#5018,#5019,#5020,#5021,#5022)
    ,(#5023,#5024,#5025,#5026,#5027,#5028,#5029,#5030,#5031,#5032,#5033
    )),.UNSPECIFIED.,.F.,.F.,.F.,(2,2),(11,11),(0.,0.56),(0.,
    6.333910135482),.PIECEWISE_BEZIER_KNOTS.);
#5012 = CARTESIAN_POINT('',(2.016995824386,5.049057974928E-07,
    -7.780009715534));
#5013 = CARTESIAN_POINT('',(2.016994182967,-1.267373534639,
    -7.860007483806));
#5014 = CARTESIAN_POINT('',(1.13235552618,-2.534131654296,
    -7.939967013093));
#5015 = CARTESIAN_POINT('',(-0.638472741262,-3.104868114989,
    -8.020127138171));
#5016 = CARTESIAN_POINT('',(-2.661812826272,-2.305024405832,
    -8.099887722892));
#5017 = CARTESIAN_POINT('',(-3.73219769709,-3.064469172021E-05,
    -8.180008905239));
#5018 = CARTESIAN_POINT('',(-2.661596092675,2.305067135778,
    -8.260130090015));
#5019 = CARTESIAN_POINT('',(-0.638683942015,3.104850977331,
    -8.339890673142));
#5020 = CARTESIAN_POINT('',(1.132427270021,2.534134908213,
    -8.420050798854));
#5021 = CARTESIAN_POINT('',(2.016996097597,1.2673744603,-8.500010328028)
  );
#5022 = CARTESIAN_POINT('',(2.016994403327,4.207556361368E-07,
    -8.580008096295));
#5023 = CARTESIAN_POINT('',(2.501963767943,-6.059075105677E-08,
    -7.499998834099));
#5024 = CARTESIAN_POINT('',(2.501963214481,-1.572023105311,
    -7.579999101924));
#5025 = CARTESIAN_POINT('',(1.404710851294,-3.144076127209,
    -7.660003958708));
#5026 = CARTESIAN_POINT('',(-0.792335246225,-3.849958716511,
    -7.739984742475));
#5027 = CARTESIAN_POINT('',(-3.30119046684,-2.86064397125,
    -7.820013474265));
#5028 = CARTESIAN_POINT('',(-4.630242716924,-7.735735485959E-06,
    -7.89999893108));
#5029 = CARTESIAN_POINT('',(-3.301133027304,2.860655683239,
    -7.979984388539));
#5030 = CARTESIAN_POINT('',(-0.792390278563,3.849954319222,
    -8.060013119907));
#5031 = CARTESIAN_POINT('',(1.404730176674,3.144076784312,-8.13999390384
    ));
#5032 = CARTESIAN_POINT('',(2.501963941111,1.572022994229,
    -8.219998760597));
#5033 = CARTESIAN_POINT('',(2.501963393993,-5.049215804601E-08,
    -8.299999028419));
#5034 = ADVANCED_FACE('',(#5035),#5065,.T.);
#5035 = FACE_BOUND('',#5036,.T.);
#5036 = EDGE_LOOP('',(#5037,#5053,#5054,#5055));
#5037 = ORIENTED_EDGE('',*,*,#5038,.F.);
#5038 = EDGE_CURVE('',#4630,#5039,#5041,.T.);
#5039 = VERTEX_POINT('',#5040);
#5040 = CARTESIAN_POINT('',(2.016998142876,4.207536892866E-07,
    -8.78000809626));
#5041 = B_SPLINE_CURVE_WITH_KNOTS('',10,(#5042,#5043,#5044,#5045,#5046,
    #5047,#5048,#5049,#5050,#5051,#5052),.UNSPECIFIED.,.F.,.F.,(11,11),(
    0.,6.333910135482),.PIECEWISE_BEZIER_KNOTS.);
#5042 = CARTESIAN_POINT('',(2.017000311843,5.049029964883E-07,
    -7.980009715484));
#5043 = CARTESIAN_POINT('',(2.016997639611,-1.267376118675,
    -8.060007483779));
#5044 = CARTESIAN_POINT('',(1.132338650196,-2.534136108348,
    -8.139967013479));
#5045 = CARTESIAN_POINT('',(-0.638418842069,-3.104878867464,
    -8.220127136867));
#5046 = CARTESIAN_POINT('',(-2.661875563041,-2.305017552818,
    -8.299887724288));
#5047 = CARTESIAN_POINT('',(-3.732205314308,-4.632202480348E-05,
    -8.380008904836));
#5048 = CARTESIAN_POINT('',(-2.661544203661,2.305083414059,
    -8.460130089109));
#5049 = CARTESIAN_POINT('',(-0.638740450008,3.104852864685,
    -8.539890674084));
#5050 = CARTESIAN_POINT('',(1.132448765797,2.534140801239,
    -8.620050798445));
#5051 = CARTESIAN_POINT('',(2.017000867958,1.267377044332,
    -8.700010327974));
#5052 = CARTESIAN_POINT('',(2.016998142876,4.207536620264E-07,
    -8.78000809626));
#5053 = ORIENTED_EDGE('',*,*,#4647,.T.);
#5054 = ORIENTED_EDGE('',*,*,#4988,.T.);
#5055 = ORIENTED_EDGE('',*,*,#5056,.F.);
#5056 = EDGE_CURVE('',#5039,#4989,#5057,.T.);
#5057 = ( BOUNDED_CURVE() B_SPLINE_CURVE(6,(#5058,#5059,#5060,#5061,
#5062,#5063,#5064),.UNSPECIFIED.,.F.,.F.) B_SPLINE_CURVE_WITH_KNOTS((7,7
),(0.,2.094395102393),.PIECEWISE_BEZIER_KNOTS.) CURVE() 
GEOMETRIC_REPRESENTATION_ITEM() RATIONAL_B_SPLINE_CURVE((1.056590953773,
    1.017435169568,0.996326512422,0.989390034249,0.996326512422,
1.017435169568,1.056590953773)) REPRESENTATION_ITEM('') );
#5058 = CARTESIAN_POINT('',(2.016998142876,4.207536642986E-07,
    -8.78000809626));
#5059 = CARTESIAN_POINT('',(1.980748713789,4.559771427659E-07,
    -8.759080382319));
#5060 = CARTESIAN_POINT('',(1.955203250987,4.807994354317E-07,
    -8.723658878944));
#5061 = CARTESIAN_POINT('',(1.945969481757,4.89771542822E-07,
    -8.680009424318));
#5062 = CARTESIAN_POINT('',(1.955201618687,4.808002962431E-07,
    -8.636359624422));
#5063 = CARTESIAN_POINT('',(1.980745756867,4.559787019631E-07,
    -8.600937165787));
#5064 = CARTESIAN_POINT('',(2.016994403327,4.207556363323E-07,
    -8.580008096295));
#5065 = ( BOUNDED_SURFACE() B_SPLINE_SURFACE(6,11,(
    (#5066,#5067,#5068,#5069,#5070,#5071,#5072,#5073,#5074,#5075,#5076
      ,#5077)
    ,(#5078,#5079,#5080,#5081,#5082,#5083,#5084,#5085,#5086,#5087,#5088
      ,#5089)
    ,(#5090,#5091,#5092,#5093,#5094,#5095,#5096,#5097,#5098,#5099,#5100
      ,#5101)
    ,(#5102,#5103,#5104,#5105,#5106,#5107,#5108,#5109,#5110,#5111,#5112
      ,#5113)
    ,(#5114,#5115,#5116,#5117,#5118,#5119,#5120,#5121,#5122,#5123,#5124
      ,#5125)
    ,(#5126,#5127,#5128,#5129,#5130,#5131,#5132,#5133,#5134,#5135,#5136
      ,#5137)
    ,(#5138,#5139,#5140,#5141,#5142,#5143,#5144,#5145,#5146,#5147,#5148
,#5149
    )),.UNSPECIFIED.,.F.,.F.,.F.) B_SPLINE_SURFACE_WITH_KNOTS((7,7),(12,
    12),(0.,2.094395102393),(0.,6.333910135482),
.PIECEWISE_BEZIER_KNOTS.) GEOMETRIC_REPRESENTATION_ITEM() 
RATIONAL_B_SPLINE_SURFACE((
    (1.056590953773,1.056590953773,1.056590953773,1.056590953773
      ,1.056590953773,1.056590953774,1.056590953772,1.056590953774
      ,1.056590953773,1.056590953773,1.056590953773,1.056590953773)
    ,(1.017435169568,1.017435169568,1.017435169568,1.017435169568
      ,1.017435169568,1.017435169569,1.017435169568,1.017435169569
      ,1.017435169568,1.017435169568,1.017435169568,1.017435169568)
    ,(0.996326512422,0.996326512422,0.996326512422,0.996326512422
      ,0.996326512422,0.996326512423,0.996326512421,0.996326512423
      ,0.996326512422,0.996326512422,0.996326512422,0.996326512422)
    ,(0.989390034249,0.989390034249,0.989390034248,0.989390034249
      ,0.989390034248,0.98939003425,0.989390034247,0.989390034249
      ,0.989390034248,0.989390034249,0.989390034249,0.989390034249)
    ,(0.996326512422,0.996326512422,0.996326512422,0.996326512422
      ,0.996326512422,0.996326512423,0.996326512421,0.996326512423
      ,0.996326512422,0.996326512422,0.996326512422,0.996326512422)
    ,(1.017435169568,1.017435169568,1.017435169568,1.017435169568
      ,1.017435169568,1.017435169569,1.017435169567,1.017435169569
      ,1.017435169568,1.017435169568,1.017435169568,1.017435169568)
    ,(1.056590953773,1.056590953773,1.056590953773,1.056590953773
      ,1.056590953773,1.056590953774,1.056590953772,1.056590953774
      ,1.056590953773,1.056590953773,1.056590953773,1.056590953773
))) REPRESENTATION_ITEM('') SURFACE() );
#5066 = CARTESIAN_POINT('',(2.017000311843,5.049029944693E-07,
    -7.980009715484));
#5067 = CARTESIAN_POINT('',(2.016997882541,-1.152160061986,
    -8.052734959388));
#5068 = CARTESIAN_POINT('',(1.293185739181,-2.303816110226,
    -8.12542891717));
#5069 = CARTESIAN_POINT('',(-0.155360321137,-2.952396213116,
    -8.198366775594));
#5070 = CARTESIAN_POINT('',(-1.926562852433,-2.583405112858,
    -8.270485161401));
#5071 = CARTESIAN_POINT('',(-3.244817267107,-1.070030338969,
    -8.344302173755));
#5072 = CARTESIAN_POINT('',(-3.246415697003,1.070009742781,
    -8.415715637609));
#5073 = CARTESIAN_POINT('',(-1.925489468951,2.583437568998,
    -8.489532651107));
#5074 = CARTESIAN_POINT('',(-0.155813505103,2.952378581885,
    -8.561651035622));
#5075 = CARTESIAN_POINT('',(1.293276420735,2.303820118165,
    -8.634588894723));
#5076 = CARTESIAN_POINT('',(2.017000620224,1.152160987643,
    -8.707282852363));
#5077 = CARTESIAN_POINT('',(2.016998142876,4.207536642986E-07,
    -8.78000809626));
#5078 = CARTESIAN_POINT('',(1.980750804496,5.471711996274E-07,
    -7.959082137099));
#5079 = CARTESIAN_POINT('',(1.980748497389,-1.131458834197,
    -8.031807211156));
#5080 = CARTESIAN_POINT('',(1.269942109666,-2.262374319736,
    -8.104498379907));
#5081 = CARTESIAN_POINT('',(-0.152560085135,-2.899459454727,
    -8.177453867946));
#5082 = CARTESIAN_POINT('',(-1.89194729256,-2.536720372953,
    -8.24952127957));
#5083 = CARTESIAN_POINT('',(-3.186506413467,-1.051163312059,
    -8.32342952158));
#5084 = CARTESIAN_POINT('',(-3.18804722718,1.051143280546,
    -8.394732997472));
#5085 = CARTESIAN_POINT('',(-1.89091278128,2.536751552192,
    -8.468641240584));
#5086 = CARTESIAN_POINT('',(-0.15299707944,2.899442451067,
    -8.540708650963));
#5087 = CARTESIAN_POINT('',(1.270029392511,2.262378254173,
    -8.613664139655));
#5088 = CARTESIAN_POINT('',(1.980751072964,1.131459837345,
    -8.686355308269));
#5089 = CARTESIAN_POINT('',(1.980748713789,4.559771427659E-07,
    -8.759080382319));
#5090 = CARTESIAN_POINT('',(1.955205209234,5.769580105897E-07,
    -7.923660729253));
#5091 = CARTESIAN_POINT('',(1.955203085104,-1.116870377,-7.996385683616)
  );
#5092 = CARTESIAN_POINT('',(1.253563619842,-2.233169746307,
    -8.069074886894));
#5093 = CARTESIAN_POINT('',(-0.150594770376,-2.862153835949,
    -8.142042798791));
#5094 = CARTESIAN_POINT('',(-1.867534051854,-2.503821549907,
    -8.214074288143));
#5095 = CARTESIAN_POINT('',(-3.145442382394,-1.037867102469,
    -8.288046821042));
#5096 = CARTESIAN_POINT('',(-3.146885636979,1.03784814991,
    -8.359272786813));
#5097 = CARTESIAN_POINT('',(-1.866565235817,2.50385064096,
    -8.433245320744));
#5098 = CARTESIAN_POINT('',(-0.151004250792,2.862137900429,
    -8.505276808929));
#5099 = CARTESIAN_POINT('',(1.253645237656,2.233173507245,
    -8.578244721438));
#5100 = CARTESIAN_POINT('',(1.955205430019,1.116871434757,
    -8.650933924588));
#5101 = CARTESIAN_POINT('',(1.955203250987,4.807994354317E-07,
    -8.723658878944));
#5102 = CARTESIAN_POINT('',(1.945971276775,5.877246410102E-07,
    -7.880011309158));
#5103 = CARTESIAN_POINT('',(1.945969363314,-1.111597139651,
    -7.952736220255));
#5104 = CARTESIAN_POINT('',(1.247645785245,-2.222613364587,
    -8.025424713076));
#5105 = CARTESIAN_POINT('',(-0.14989638966,-2.848668640683,-8.0983971158
    ));
#5106 = CARTESIAN_POINT('',(-1.858680911419,-2.49193061675,
    -8.170415620421));
#5107 = CARTESIAN_POINT('',(-3.130641604899,-1.033060461176,
    -8.244411392348));
#5108 = CARTESIAN_POINT('',(-3.131964613786,1.033042914734,
    -8.315609340814));
#5109 = CARTESIAN_POINT('',(-1.857792989597,2.491957179944,
    -8.389605113686));
#5110 = CARTESIAN_POINT('',(-0.150271895594,2.848654025102,
    -8.46162361724));
#5111 = CARTESIAN_POINT('',(1.247720476477,2.22261688123,-8.534596020523
    ));
#5112 = CARTESIAN_POINT('',(1.945971451146,1.111598217147,
    -8.607284513227));
#5113 = CARTESIAN_POINT('',(1.945969481757,4.89771542822E-07,
    -8.680009424318));
#5114 = CARTESIAN_POINT('',(1.955203250475,5.769592350546E-07,
    -7.836361474737));
#5115 = CARTESIAN_POINT('',(1.955201535388,-1.116869351616,
    -7.909086429091));
#5116 = CARTESIAN_POINT('',(1.253569372489,-2.23316795054,-7.98177563222
    ));
#5117 = CARTESIAN_POINT('',(-0.150628634726,-2.862149892398,
    -8.054743545042));
#5118 = CARTESIAN_POINT('',(-1.867451469072,-2.503821746493,
    -8.126775031771));
#5119 = CARTESIAN_POINT('',(-3.145559749178,-1.037864730062,
    -8.200747569276));
#5120 = CARTESIAN_POINT('',(-3.14676249077,1.037848653281,
    -8.271973529598));
#5121 = CARTESIAN_POINT('',(-1.86664439133,2.503845819482,
    -8.345946067962));
#5122 = CARTESIAN_POINT('',(-0.150970108235,2.862136599825,
    -8.41797755372));
#5123 = CARTESIAN_POINT('',(1.253637182208,2.233171197573,
    -8.490945467052));
#5124 = CARTESIAN_POINT('',(1.955203388679,1.116870409376,
    -8.563634670073));
#5125 = CARTESIAN_POINT('',(1.955201618687,4.808002962431E-07,
    -8.636359624422));
#5126 = CARTESIAN_POINT('',(1.980747256191,5.471734135787E-07,
    -7.800938920579));
#5127 = CARTESIAN_POINT('',(1.980745690067,-1.131456976707,
    -7.873663994619));
#5128 = CARTESIAN_POINT('',(1.269952530627,-2.262371066692,
    -7.946355163102));
#5129 = CARTESIAN_POINT('',(-0.152621430645,-2.899452310956,
    -8.019310652814));
#5130 = CARTESIAN_POINT('',(-1.891797693264,-2.53672072907,
    -8.091378059688));
#5131 = CARTESIAN_POINT('',(-3.186719024228,-1.051159014427,
    -8.16528631004));
#5132 = CARTESIAN_POINT('',(-3.18782414695,1.051144192406,
    -8.236589776063));
#5133 = CARTESIAN_POINT('',(-1.891056172053,2.53674281805,
    -8.310498027205));
#5134 = CARTESIAN_POINT('',(-0.152935229955,2.899440095015,
    -8.382565433187));
#5135 = CARTESIAN_POINT('',(1.27001480001,2.262374070185,-8.455520923368
    ));
#5136 = CARTESIAN_POINT('',(1.980747375061,1.131457979859,
    -8.528212091751));
#5137 = CARTESIAN_POINT('',(1.980745756867,4.559787019631E-07,
    -8.600937165787));
#5138 = CARTESIAN_POINT('',(2.016995824386,5.049057928419E-07,
    -7.780009715534));
#5139 = CARTESIAN_POINT('',(2.016994332187,-1.152157712862,
    -7.852734959417));
#5140 = CARTESIAN_POINT('',(1.293198918323,-2.303811996177,
    -7.925428916859));
#5141 = CARTESIAN_POINT('',(-0.155437903358,-2.952387178558,
    -7.9983667774));
#5142 = CARTESIAN_POINT('',(-1.926373657729,-2.58340556323,
    -8.070485157199));
#5143 = CARTESIAN_POINT('',(-3.245086150927,-1.070024903855,
    -8.144302180104));
#5144 = CARTESIAN_POINT('',(-3.246133572692,1.070010895986,
    -8.215715631477));
#5145 = CARTESIAN_POINT('',(-1.925670811884,2.583426523136,
    -8.28953265513));
#5146 = CARTESIAN_POINT('',(-0.155735285516,2.95237560224,
    -8.361651034083));
#5147 = CARTESIAN_POINT('',(1.293257965943,2.303814826774,
    -8.434588895068));
#5148 = CARTESIAN_POINT('',(2.016995943573,1.152158638524,
    -8.507282852416));
#5149 = CARTESIAN_POINT('',(2.016994403327,4.207556363323E-07,
    -8.580008096295));
#5150 = ADVANCED_FACE('',(#5151),#5161,.T.);
#5151 = FACE_BOUND('',#5152,.T.);
#5152 = EDGE_LOOP('',(#5153,#5154,#5155,#5156));
#5153 = ORIENTED_EDGE('',*,*,#4779,.F.);
#5154 = ORIENTED_EDGE('',*,*,#4748,.T.);
#5155 = ORIENTED_EDGE('',*,*,#5038,.T.);
#5156 = ORIENTED_EDGE('',*,*,#5157,.F.);
#5157 = EDGE_CURVE('',#4780,#5039,#5158,.T.);
#5158 = B_SPLINE_CURVE_WITH_KNOTS('',1,(#5159,#5160),.UNSPECIFIED.,.F.,
  .F.,(2,2),(0.,0.56),.PIECEWISE_BEZIER_KNOTS.);
#5159 = CARTESIAN_POINT('',(2.501977604279,-5.049965317543E-08,
    -9.059999028286));
#5160 = CARTESIAN_POINT('',(2.016998142876,4.207536620264E-07,
    -8.78000809626));
#5161 = B_SPLINE_SURFACE_WITH_KNOTS('',1,10,(
    (#5162,#5163,#5164,#5165,#5166,#5167,#5168,#5169,#5170,#5171,#5172)
    ,(#5173,#5174,#5175,#5176,#5177,#5178,#5179,#5180,#5181,#5182,#5183
    )),.UNSPECIFIED.,.F.,.F.,.F.,(2,2),(11,11),(0.,0.56),(0.,
    6.333910135482),.PIECEWISE_BEZIER_KNOTS.);
#5162 = CARTESIAN_POINT('',(2.50198082028,-6.060139033782E-08,
    -8.259998833908));
#5163 = CARTESIAN_POINT('',(2.501976349728,-1.572032924648,
    -8.33999910182));
#5164 = CARTESIAN_POINT('',(1.404646722555,-3.144093052603,
    -8.420003960175));
#5165 = CARTESIAN_POINT('',(-0.79213042929,-3.849999575915,
    -8.499984737526));
#5166 = CARTESIAN_POINT('',(-3.301428866562,-2.860617929796,
    -8.580013479563));
#5167 = CARTESIAN_POINT('',(-4.630271662354,-6.730960245527E-05,
    -8.659998929557));
#5168 = CARTESIAN_POINT('',(-3.300935849052,2.860717540709,
    -8.739984385088));
#5169 = CARTESIAN_POINT('',(-0.792605008935,3.849961491164,
    -8.820013123495));
#5170 = CARTESIAN_POINT('',(1.404811860625,3.14409917781,-8.899993902283
    ));
#5171 = CARTESIAN_POINT('',(2.501982068483,1.572032813548,
    -8.979998760391));
#5172 = CARTESIAN_POINT('',(2.501977604279,-5.049965317543E-08,
    -9.059999028286));
#5173 = CARTESIAN_POINT('',(2.017000311843,5.049029964883E-07,
    -7.980009715484));
#5174 = CARTESIAN_POINT('',(2.016997639611,-1.267376118675,
    -8.060007483779));
#5175 = CARTESIAN_POINT('',(1.132338650196,-2.534136108348,
    -8.139967013479));
#5176 = CARTESIAN_POINT('',(-0.638418842069,-3.104878867464,
    -8.220127136867));
#5177 = CARTESIAN_POINT('',(-2.661875563041,-2.305017552818,
    -8.299887724288));
#5178 = CARTESIAN_POINT('',(-3.732205314308,-4.632202480348E-05,
    -8.380008904836));
#5179 = CARTESIAN_POINT('',(-2.661544203661,2.305083414059,
    -8.460130089109));
#5180 = CARTESIAN_POINT('',(-0.638740450008,3.104852864685,
    -8.539890674084));
#5181 = CARTESIAN_POINT('',(1.132448765797,2.534140801239,
    -8.620050798445));
#5182 = CARTESIAN_POINT('',(2.017000867958,1.267377044332,
    -8.700010327974));
#5183 = CARTESIAN_POINT('',(2.016998142876,4.207536620264E-07,
    -8.78000809626));
#5184 = ADVANCED_FACE('',(#5185),#5388,.T.);
#5185 = FACE_BOUND('',#5186,.F.);
#5186 = EDGE_LOOP('',(#5187,#5284,#5285,#5382));
#5187 = ORIENTED_EDGE('',*,*,#5188,.F.);
#5188 = EDGE_CURVE('',#4780,#5189,#5191,.T.);
#5189 = VERTEX_POINT('',#5190);
#5190 = CARTESIAN_POINT('',(2.45,2.13960763594E-12,-9.829992832175));
#5191 = B_SPLINE_CURVE_WITH_KNOTS('',6,(#5192,#5193,#5194,#5195,#5196,
    #5197,#5198,#5199,#5200,#5201,#5202,#5203,#5204,#5205,#5206,#5207,
    #5208,#5209,#5210,#5211,#5212,#5213,#5214,#5215,#5216,#5217,#5218,
    #5219,#5220,#5221,#5222,#5223,#5224,#5225,#5226,#5227,#5228,#5229,
    #5230,#5231,#5232,#5233,#5234,#5235,#5236,#5237,#5238,#5239,#5240,
    #5241,#5242,#5243,#5244,#5245,#5246,#5247,#5248,#5249,#5250,#5251,
    #5252,#5253,#5254,#5255,#5256,#5257,#5258,#5259,#5260,#5261,#5262,
    #5263,#5264,#5265,#5266,#5267,#5268,#5269,#5270,#5271,#5272,#5273,
    #5274,#5275,#5276,#5277,#5278,#5279,#5280,#5281,#5282,#5283),
  .UNSPECIFIED.,.F.,.F.,(7,5,5,5,5,5,5,5,5,5,5,5,5,5,5,5,5,5,7),(0.,
    1.87705939715E-02,5.67702842861E-02,0.125770901322,0.229623496165,
    0.245623820038,0.266162775436,0.324164819282,0.376168791656,
    0.403073762787,0.497800088394,0.597655531731,0.643305856517,
    0.706308704589,0.737665158087,0.815326074132,0.861330144947,
    0.968549579842,1.),.UNSPECIFIED.);
#5192 = CARTESIAN_POINT('',(2.45,6.878941860577E-12,-9.029991040269));
#5193 = CARTESIAN_POINT('',(2.45,-4.815665064578E-02,-9.032493770214));
#5194 = CARTESIAN_POINT('',(2.448864131683,-9.631331753188E-02,
    -9.03499640515));
#5195 = CARTESIAN_POINT('',(2.44659239701,-0.144436447325,-9.03749900408
    ));
#5196 = CARTESIAN_POINT('',(2.443186114551,-0.19249256474,
    -9.040001617426));
#5197 = CARTESIAN_POINT('',(2.438647919489,-0.240448272539,
    -9.042504287034));
#5198 = CARTESIAN_POINT('',(2.42151104677,-0.385082339323,
    -9.050073698413));
#5199 = CARTESIAN_POINT('',(2.405417455636,-0.481347197,-9.055140737057)
  );
#5200 = CARTESIAN_POINT('',(2.384734029692,-0.576787266064,
    -9.06020840635));
#5201 = CARTESIAN_POINT('',(2.359515288138,-0.671130219687,
    -9.065276794342));
#5202 = CARTESIAN_POINT('',(2.329837229889,-0.764108962699,
    -9.070345832889));
#5203 = CARTESIAN_POINT('',(2.233986991715,-1.021341681383,
    -9.084620535747));
#5204 = CARTESIAN_POINT('',(2.157790050068,-1.181873301703,
    -9.093827842098));
#5205 = CARTESIAN_POINT('',(2.06779273741,-1.335472920296,
    -9.103034855339));
#5206 = CARTESIAN_POINT('',(1.96480505606,-1.480683850116,
    -9.112240139368));
#5207 = CARTESIAN_POINT('',(1.849821388626,-1.616167854215,
    -9.12144324726));
#5208 = CARTESIAN_POINT('',(1.534737986989,-1.928229525979,
    -9.144488838486));
#5209 = CARTESIAN_POINT('',(1.320899931007,-2.091078568467,
    -9.158332579618));
#5210 = CARTESIAN_POINT('',(1.086675923862,-2.2251230217,-9.17216335666)
  );
#5211 = CARTESIAN_POINT('',(0.836950263455,-2.327423280232,
    -9.18599171014));
#5212 = CARTESIAN_POINT('',(0.577043050371,-2.395936218338,
    -9.199828734858));
#5213 = CARTESIAN_POINT('',(0.272072094987,-2.435192360058,
    -9.215798368876));
#5214 = CARTESIAN_POINT('',(0.231253219576,-2.439614460284,
    -9.217930433033));
#5215 = CARTESIAN_POINT('',(0.190349581409,-2.443215330551,
    -9.220062627838));
#5216 = CARTESIAN_POINT('',(0.14938182799,-2.445993015092,
    -9.222194958649));
#5217 = CARTESIAN_POINT('',(0.108370660462,-2.447946250997,
    -9.22432742899));
#5218 = CARTESIAN_POINT('',(1.466340360479E-02,-2.450522714083,
    -9.229197585976));
#5219 = CARTESIAN_POINT('',(-3.804741454963E-02,-2.450611511865,
    -9.231935364923));
#5220 = CARTESIAN_POINT('',(-9.07516925799E-02,-2.449339657352,
    -9.234673380757));
#5221 = CARTESIAN_POINT('',(-0.143405566268,-2.446707833221,
    -9.237411631832));
#5222 = CARTESIAN_POINT('',(-0.195965235454,-2.442718609025,
    -9.240150111484));
#5223 = CARTESIAN_POINT('',(-0.396426011825,-2.422290150454,
    -9.250622891587));
#5224 = CARTESIAN_POINT('',(-0.543369992347,-2.39641326637,
    -9.258358960332));
#5225 = CARTESIAN_POINT('',(-0.688226158661,-2.3598475767,
    -9.266096264857));
#5226 = CARTESIAN_POINT('',(-0.830029062617,-2.312812019988,
    -9.273834580191));
#5227 = CARTESIAN_POINT('',(-0.967846850215,-2.255640887529,
    -9.281573588742));
#5228 = CARTESIAN_POINT('',(-1.219980681602,-2.128837130431,
    -9.296250670698));
#5229 = CARTESIAN_POINT('',(-1.335259022781,-2.061101772759,
    -9.303189146183));
#5230 = CARTESIAN_POINT('',(-1.445981237118,-1.985898805435,
    -9.310127011169));
#5231 = CARTESIAN_POINT('',(-1.55154865602,-1.903616055298,
    -9.317064140681));
#5232 = CARTESIAN_POINT('',(-1.651408303046,-1.814704150643,
    -9.324000533877));
#5233 = CARTESIAN_POINT('',(-1.793505790796,-1.670509372648,
    -9.334523983848));
#5234 = CARTESIAN_POINT('',(-1.840293553842,-1.619706277256,
    -9.338111842706));
#5235 = CARTESIAN_POINT('',(-1.88534977036,-1.567335535309,
    -9.341699460175));
#5236 = CARTESIAN_POINT('',(-1.928609285192,-1.513471176416,
    -9.345286843852));
#5237 = CARTESIAN_POINT('',(-1.970011218081,-1.458190787282,
    -9.348874009974));
#5238 = CARTESIAN_POINT('',(-2.148526395719,-1.202245915625,
    -9.365089906626));
#5239 = CARTESIAN_POINT('',(-2.263858635502,-0.986322058318,
    -9.377719310807));
#5240 = CARTESIAN_POINT('',(-2.352941864532,-0.757425307994,
    -9.390344061823));
#5241 = CARTESIAN_POINT('',(-2.414116313311,-0.519545667239,
    -9.402969808421));
#5242 = CARTESIAN_POINT('',(-2.446403542253,-0.276891760084,
    -9.415601191366));
#5243 = CARTESIAN_POINT('',(-2.453309584304,0.222261810061,
    -9.44154638019));
#5244 = CARTESIAN_POINT('',(-2.424712965334,0.478934476053,
    -9.454866952477));
#5245 = CARTESIAN_POINT('',(-2.363872235154,0.730918574497,
    -9.468185419325));
#5246 = CARTESIAN_POINT('',(-2.271863826624,0.973266668307,
    -9.481504036293));
#5247 = CARTESIAN_POINT('',(-2.150590947058,1.201286219634,
    -9.494824334711));
#5248 = CARTESIAN_POINT('',(-1.935639790119,1.50649102533,
    -9.514223814715));
#5249 = CARTESIAN_POINT('',(-1.86270816542,1.598377396045,-9.520309475)
  );
#5250 = CARTESIAN_POINT('',(-1.784562000194,1.686000195461,
    -9.526394240535));
#5251 = CARTESIAN_POINT('',(-1.701515387996,1.768993357782,
    -9.532478193528));
#5252 = CARTESIAN_POINT('',(-1.613915947275,1.847022482678,
    -9.538561502083));
#5253 = CARTESIAN_POINT('',(-1.395486734766,2.020208752633,
    -9.553038981699));
#5254 = CARTESIAN_POINT('',(-1.260873806822,2.110608517217,
    -9.561433094114));
#5255 = CARTESIAN_POINT('',(-1.119308588518,2.190186889428,
    -9.569826123082));
#5256 = CARTESIAN_POINT('',(-0.971883639143,2.258298669657,
    -9.578219229451));
#5257 = CARTESIAN_POINT('',(-0.819761896211,2.314436580362,
    -9.586613681946));
#5258 = CARTESIAN_POINT('',(-0.586744807028,2.380063468816,
    -9.599187716789));
#5259 = CARTESIAN_POINT('',(-0.508451631895,2.398820857011,
    -9.603366555232));
#5260 = CARTESIAN_POINT('',(-0.429449870301,2.414484771646,
    -9.607545841904));
#5261 = CARTESIAN_POINT('',(-0.349892212204,2.427022858396,
    -9.61172563127));
#5262 = CARTESIAN_POINT('',(-0.269933145369,2.436412858884,
    -9.615905956412));
#5263 = CARTESIAN_POINT('',(8.913753617037E-03,2.458071913966,
    -9.630441647931));
#5264 = CARTESIAN_POINT('',(0.209082590923,2.454117728475,
    -9.640800911615));
#5265 = CARTESIAN_POINT('',(0.408367359559,2.430585688892,-9.65116248329
    ));
#5266 = CARTESIAN_POINT('',(0.604400702189,2.387699641087,
    -9.661526773967));
#5267 = CARTESIAN_POINT('',(0.794871972271,2.326021483376,
    -9.671892938239));
#5268 = CARTESIAN_POINT('',(1.085789536168,2.199429705925,
    -9.688396237261));
#5269 = CARTESIAN_POINT('',(1.19129164075,2.146079914192,-9.694535241489
    ));
#5270 = CARTESIAN_POINT('',(1.293617913677,2.086671284639,
    -9.700673392069));
#5271 = CARTESIAN_POINT('',(1.39233674132,2.021443373669,-9.706810454417
    ));
#5272 = CARTESIAN_POINT('',(1.487041542058,1.950676176558,
    -9.712946317995));
#5273 = CARTESIAN_POINT('',(1.787835647226,1.697589776846,
    -9.733378193932));
#5274 = CARTESIAN_POINT('',(1.974536258085,1.492065206678,-9.74767384323
    ));
#5275 = CARTESIAN_POINT('',(2.132465682723,1.262250660693,
    -9.761955899988));
#5276 = CARTESIAN_POINT('',(2.257961639082,1.013241049956,
    -9.776237167656));
#5277 = CARTESIAN_POINT('',(2.348322970637,0.750695767474,
    -9.790534238179));
#5278 = CARTESIAN_POINT('',(2.41816439841,0.401859718249,-9.809023666258
    ));
#5279 = CARTESIAN_POINT('',(2.43087787914,0.322117106378,-9.813217465409
    ));
#5280 = CARTESIAN_POINT('',(2.440433722885,0.241903183191,
    -9.817411512549));
#5281 = CARTESIAN_POINT('',(2.446811223156,0.161374059138,
    -9.821605608382));
#5282 = CARTESIAN_POINT('',(2.45,8.068691462352E-02,-9.82579949026));
#5283 = CARTESIAN_POINT('',(2.45,4.308997603175E-12,-9.829992832175));
#5284 = ORIENTED_EDGE('',*,*,#4974,.T.);
#5285 = ORIENTED_EDGE('',*,*,#5286,.T.);
#5286 = EDGE_CURVE('',#4883,#5287,#5289,.T.);
#5287 = VERTEX_POINT('',#5288);
#5288 = CARTESIAN_POINT('',(2.45,1.727354696755E-13,-9.930000842036));
#5289 = B_SPLINE_CURVE_WITH_KNOTS('',6,(#5290,#5291,#5292,#5293,#5294,
    #5295,#5296,#5297,#5298,#5299,#5300,#5301,#5302,#5303,#5304,#5305,
    #5306,#5307,#5308,#5309,#5310,#5311,#5312,#5313,#5314,#5315,#5316,
    #5317,#5318,#5319,#5320,#5321,#5322,#5323,#5324,#5325,#5326,#5327,
    #5328,#5329,#5330,#5331,#5332,#5333,#5334,#5335,#5336,#5337,#5338,
    #5339,#5340,#5341,#5342,#5343,#5344,#5345,#5346,#5347,#5348,#5349,
    #5350,#5351,#5352,#5353,#5354,#5355,#5356,#5357,#5358,#5359,#5360,
    #5361,#5362,#5363,#5364,#5365,#5366,#5367,#5368,#5369,#5370,#5371,
    #5372,#5373,#5374,#5375,#5376,#5377,#5378,#5379,#5380,#5381),
  .UNSPECIFIED.,.F.,.F.,(7,5,5,5,5,5,5,5,5,5,5,5,5,5,5,5,5,5,7),(0.,
    2.581076103761E-02,4.564594009721E-02,0.127643850896,0.179780912901,
    0.26278059269,0.298656578694,0.354659137124,0.402038798531,
    0.491841647261,0.598801981048,0.678666069135,0.724667857935,
    0.756148580601,0.772148925837,0.872731013006,0.942293546523,
    0.973293103531,1.),.UNSPECIFIED.);
#5290 = CARTESIAN_POINT('',(2.45,6.750155989721E-13,-9.13000112272));
#5291 = CARTESIAN_POINT('',(2.45,-6.621889380846E-02,-9.13344243353));
#5292 = CARTESIAN_POINT('',(2.447852266145,-0.132437893657,
    -9.13688400793));
#5293 = CARTESIAN_POINT('',(2.443556815428,-0.198569621107,
    -9.140325699982));
#5294 = CARTESIAN_POINT('',(2.437118358918,-0.264527109378,
    -9.143767384924));
#5295 = CARTESIAN_POINT('',(2.428546301754,-0.330223803351,
    -9.147208959168));
#5296 = CARTESIAN_POINT('',(2.409638442242,-0.445793857763,
    -9.153294989599));
#5297 = CARTESIAN_POINT('',(2.400170412791,-0.495809367447,
    -9.155939528872));
#5298 = CARTESIAN_POINT('',(2.389457052097,-0.545581023713,
    -9.158583924569));
#5299 = CARTESIAN_POINT('',(2.377506355119,-0.595070134248,
    -9.161228155374));
#5300 = CARTESIAN_POINT('',(2.364327914473,-0.644238379328,
    -9.163872212207));
#5301 = CARTESIAN_POINT('',(2.290424537177,-0.894824235419,
    -9.177445827131));
#5302 = CARTESIAN_POINT('',(2.210117797026,-1.090495184633,
    -9.188374046186));
#5303 = CARTESIAN_POINT('',(2.109809952621,-1.277322200952,
    -9.199297787779));
#5304 = CARTESIAN_POINT('',(1.990766632263,-1.452807748486,
    -9.210222385336));
#5305 = CARTESIAN_POINT('',(1.854613900728,-1.614671306774,
    -9.221152050357));
#5306 = CARTESIAN_POINT('',(1.60726865645,-1.853936233964,
    -9.239035331162));
#5307 = CARTESIAN_POINT('',(1.505032612503,-1.940639454654,
    -9.245988138597));
#5308 = CARTESIAN_POINT('',(1.397221812718,-2.020542766947,
    -9.252942532563));
#5309 = CARTESIAN_POINT('',(1.284404380523,-2.093205647427,
    -9.259898492001));
#5310 = CARTESIAN_POINT('',(1.167193038378,-2.158252154456,
    -9.266855766703));
#5311 = CARTESIAN_POINT('',(0.85369377741,-2.306306719324,
    -9.284889924831));
#5312 = CARTESIAN_POINT('',(0.651635781258,-2.3771701313,-9.295969388113
    ));
#5313 = CARTESIAN_POINT('',(0.44274043963,-2.426689608361,
    -9.307046642442));
#5314 = CARTESIAN_POINT('',(0.2298170515,-2.454129302066,-9.318120764491
    ));
#5315 = CARTESIAN_POINT('',(1.575364568789E-02,-2.459185871385,
    -9.329192507484));
#5316 = CARTESIAN_POINT('',(-0.288245164137,-2.434725113852,
    -9.34504235912));
#5317 = CARTESIAN_POINT('',(-0.379658065209,-2.423206900196,
    -9.349825046566));
#5318 = CARTESIAN_POINT('',(-0.470504480783,-2.407571497317,
    -9.354607054993));
#5319 = CARTESIAN_POINT('',(-0.56055346556,-2.387855065862,
    -9.359388443639));
#5320 = CARTESIAN_POINT('',(-0.64957743905,-2.364111017356,
    -9.364169304217));
#5321 = CARTESIAN_POINT('',(-0.874368917903,-2.293168636855,
    -9.376412073035));
#5322 = CARTESIAN_POINT('',(-1.008346502369,-2.240283433356,
    -9.383873614044));
#5323 = CARTESIAN_POINT('',(-1.138428839666,-2.178025013291,
    -9.391334401003));
#5324 = CARTESIAN_POINT('',(-1.263803308457,-2.106759114737,
    -9.398795215714));
#5325 = CARTESIAN_POINT('',(-1.383705646766,-2.02694408786,
    -9.406256785859));
#5326 = CARTESIAN_POINT('',(-1.593634304983,-1.864833941092,
    -9.420032170126));
#5327 = CARTESIAN_POINT('',(-1.685421726682,-1.784810273517,
    -9.426346044961));
#5328 = CARTESIAN_POINT('',(-1.772357940069,-1.69938901311,
    -9.432660586299));
#5329 = CARTESIAN_POINT('',(-1.854050838103,-1.608940482795,
    -9.438975986045));
#5330 = CARTESIAN_POINT('',(-1.930146946768,-1.513872036367,
    -9.445292337867));
#5331 = CARTESIAN_POINT('',(-2.133362833035,-1.226517407808,
    -9.463582518805));
#5332 = CARTESIAN_POINT('',(-2.245189364262,-1.023362053482,
    -9.475560546083));
#5333 = CARTESIAN_POINT('',(-2.333625492029,-0.808224142682,
    -9.487538040337));
#5334 = CARTESIAN_POINT('',(-2.397192840073,-0.584474203376,
    -9.499515707889));
#5335 = CARTESIAN_POINT('',(-2.434969384217,-0.355674883621,
    -9.51149453344));
#5336 = CARTESIAN_POINT('',(-2.460845272773,0.148463793208,
    -9.537732129783));
#5337 = CARTESIAN_POINT('',(-2.438082400592,0.42450336043,
    -9.551997390454));
#5338 = CARTESIAN_POINT('',(-2.37811524805,0.696116318044,
    -9.566253264646));
#5339 = CARTESIAN_POINT('',(-2.282154796313,0.957196122324,
    -9.580507523866));
#5340 = CARTESIAN_POINT('',(-2.152471247403,1.201943972116,
    -9.594769980843));
#5341 = CARTESIAN_POINT('',(-1.873660987929,1.591815464908,
    -9.619678315334));
#5342 = CARTESIAN_POINT('',(-1.737734734624,1.746537014332,
    -9.630329261218));
#5343 = CARTESIAN_POINT('',(-1.586593326231,1.887170098964,
    -9.640981210646));
#5344 = CARTESIAN_POINT('',(-1.42208915199,2.0119084424,-9.651635604432)
  );
#5345 = CARTESIAN_POINT('',(-1.246319825456,2.119237726282,
    -9.662292711121));
#5346 = CARTESIAN_POINT('',(-0.955298992049,2.259166302827,
    -9.67908622451));
#5347 = CARTESIAN_POINT('',(-0.845978439171,2.304159900054,
    -9.685224003709));
#5348 = CARTESIAN_POINT('',(-0.734147602919,2.342790810001,
    -9.691361393147));
#5349 = CARTESIAN_POINT('',(-0.620269747685,2.374888988699,
    -9.697498191046));
#5350 = CARTESIAN_POINT('',(-0.504822328035,2.400329740859,
    -9.703634228949));
#5351 = CARTESIAN_POINT('',(-0.308551267597,2.43183450187,
    -9.713967544947));
#5352 = CARTESIAN_POINT('',(-0.228300814487,2.441480214855,
    -9.718165442604));
#5353 = CARTESIAN_POINT('',(-0.147700350274,2.447946328827,
    -9.722362811322));
#5354 = CARTESIAN_POINT('',(-6.690710113888E-02,2.451218136974,
    -9.726559619375));
#5355 = CARTESIAN_POINT('',(1.392105902511E-02,2.451291324754,
    -9.730755859863));
#5356 = CARTESIAN_POINT('',(0.135644382838,2.446586531243,
    -9.737084046299));
#5357 = CARTESIAN_POINT('',(0.176631307509,2.44417637479,-9.739216401159
    ));
#5358 = CARTESIAN_POINT('',(0.217565635299,2.440942301658,
    -9.741348618196));
#5359 = CARTESIAN_POINT('',(0.25842668019,2.436885805205,-9.743480702151
    ));
#5360 = CARTESIAN_POINT('',(0.299193817476,2.432009071029,
    -9.745612659608));
#5361 = CARTESIAN_POINT('',(0.595399096143,2.390520507763,
    -9.761145763259));
#5362 = CARTESIAN_POINT('',(0.846503213246,2.322415706458,
    -9.774546222072));
#5363 = CARTESIAN_POINT('',(1.087881250864,2.222706106014,
    -9.787939472305));
#5364 = CARTESIAN_POINT('',(1.314705527854,2.093258976143,
    -9.801335407695));
#5365 = CARTESIAN_POINT('',(1.522538319755,1.936741092005,
    -9.814743135866));
#5366 = CARTESIAN_POINT('',(1.835561760823,1.632502130402,
    -9.837428056728));
#5367 = CARTESIAN_POINT('',(1.952674685106,1.49692126651,-9.846706349457
    ));
#5368 = CARTESIAN_POINT('',(2.057678798084,1.351349875244,
    -9.855986810689));
#5369 = CARTESIAN_POINT('',(2.149544147463,1.197150950835,
    -9.865268927533));
#5370 = CARTESIAN_POINT('',(2.227430031784,1.035811076341,
    -9.874551123921));
#5371 = CARTESIAN_POINT('',(2.318933223576,0.794590249644,
    -9.887966384243));
#5372 = CARTESIAN_POINT('',(2.344243793978,0.71913182696,-9.892101472624
    ));
#5373 = CARTESIAN_POINT('',(2.366604229074,0.642715965145,
    -9.896236105522));
#5374 = CARTESIAN_POINT('',(2.385970300236,0.565486804218,-9.90037023757
    ));
#5375 = CARTESIAN_POINT('',(2.40230722088,0.487591061087,-9.904503895462
    ));
#5376 = CARTESIAN_POINT('',(2.42703278951,0.341623234684,-9.912198104566
    ));
#5377 = CARTESIAN_POINT('',(2.436208873546,0.273684150524,
    -9.915758760318));
#5378 = CARTESIAN_POINT('',(2.443101729053,0.205456181534,
    -9.919319220077));
#5379 = CARTESIAN_POINT('',(2.447700571231,0.13703519816,-9.922879603375
    ));
#5380 = CARTESIAN_POINT('',(2.45,6.851753683913E-02,-9.926440074407));
#5381 = CARTESIAN_POINT('',(2.45,3.166356066231E-13,-9.930000842036));
#5382 = ORIENTED_EDGE('',*,*,#5383,.F.);
#5383 = EDGE_CURVE('',#5189,#5287,#5384,.T.);
#5384 = LINE('',#5385,#5386);
#5385 = CARTESIAN_POINT('',(2.45,0.,-0.2));
#5386 = VECTOR('',#5387,1.);
#5387 = DIRECTION('',(0.,0.,-1.));
#5388 = CYLINDRICAL_SURFACE('',#5389,2.45);
#5389 = AXIS2_PLACEMENT_3D('',#5390,#5391,#5392);
#5390 = CARTESIAN_POINT('',(0.,0.,-0.2));
#5391 = DIRECTION('',(-0.,-0.,-1.));
#5392 = DIRECTION('',(1.,0.,0.));
#5393 = ADVANCED_FACE('',(#5394),#5420,.T.);
#5394 = FACE_BOUND('',#5395,.T.);
#5395 = EDGE_LOOP('',(#5396,#5413,#5414,#5415));
#5396 = ORIENTED_EDGE('',*,*,#5397,.F.);
#5397 = EDGE_CURVE('',#4989,#5398,#5400,.T.);
#5398 = VERTEX_POINT('',#5399);
#5399 = CARTESIAN_POINT('',(2.016992982272,3.366051339113E-07,
    -9.380006477048));
#5400 = ( BOUNDED_CURVE() B_SPLINE_CURVE(11,(#5401,#5402,#5403,#5404,
    #5405,#5406,#5407,#5408,#5409,#5410,#5411,#5412),.UNSPECIFIED.,.F.,
.F.) B_SPLINE_CURVE_WITH_KNOTS((12,12),(0.,6.333910135482),
.PIECEWISE_BEZIER_KNOTS.) CURVE() GEOMETRIC_REPRESENTATION_ITEM() 
RATIONAL_B_SPLINE_CURVE((1.056590953773,1.056590953773,1.056590953773,
    1.056590953773,1.056590953774,1.056590953772,1.056590953774,
    1.056590953773,1.056590953773,1.056590953773,1.056590953773,
1.056590953773)) REPRESENTATION_ITEM('') );
#5401 = CARTESIAN_POINT('',(2.016994403327,4.20755665087E-07,
    -8.580008096295));
#5402 = CARTESIAN_POINT('',(2.016992863076,-1.152156985481,
    -8.652733340166));
#5403 = CARTESIAN_POINT('',(1.293197910984,-2.303810425533,
    -8.72542729751));
#5404 = CARTESIAN_POINT('',(-0.155437916785,-2.952385096799,
    -8.798365158725));
#5405 = CARTESIAN_POINT('',(-1.926372408364,-2.583403652788,
    -8.870483536546));
#5406 = CARTESIAN_POINT('',(-3.245083909913,-1.070024028784,
    -8.944300563008));
#5407 = CARTESIAN_POINT('',(-3.246131239627,1.070010291819,
    -9.015714010086));
#5408 = CARTESIAN_POINT('',(-1.925669348764,2.583424773248,
    -9.089531037298));
#5409 = CARTESIAN_POINT('',(-0.155735051904,2.952373533553,
    -9.16164941427));
#5410 = CARTESIAN_POINT('',(1.293257150749,2.303813148202,
    -9.234587275932));
#5411 = CARTESIAN_POINT('',(2.01699457057,1.152157742843,-9.30728123318)
  );
#5412 = CARTESIAN_POINT('',(2.016992982272,3.366051219422E-07,
    -9.380006477048));
#5413 = ORIENTED_EDGE('',*,*,#5007,.T.);
#5414 = ORIENTED_EDGE('',*,*,#4882,.T.);
#5415 = ORIENTED_EDGE('',*,*,#5416,.F.);
#5416 = EDGE_CURVE('',#5398,#4883,#5417,.T.);
#5417 = B_SPLINE_CURVE_WITH_KNOTS('',1,(#5418,#5419),.UNSPECIFIED.,.F.,
  .F.,(2,2),(0.,0.56),.PIECEWISE_BEZIER_KNOTS.);
#5418 = CARTESIAN_POINT('',(2.016992982272,3.366051216453E-07,
    -9.380006477048));
#5419 = CARTESIAN_POINT('',(2.501963020041,-4.039356728236E-08,
    -9.099999222738));
#5420 = B_SPLINE_SURFACE_WITH_KNOTS('',1,10,(
    (#5421,#5422,#5423,#5424,#5425,#5426,#5427,#5428,#5429,#5430,#5431)
    ,(#5432,#5433,#5434,#5435,#5436,#5437,#5438,#5439,#5440,#5441,#5442
    )),.UNSPECIFIED.,.F.,.F.,.F.,(2,2),(11,11),(0.,0.56),(0.,
    6.333910135482),.PIECEWISE_BEZIER_KNOTS.);
#5421 = CARTESIAN_POINT('',(2.016994403327,4.20755661515E-07,
    -8.580008096295));
#5422 = CARTESIAN_POINT('',(2.016992709051,-1.267372726105,
    -8.660005864554));
#5423 = CARTESIAN_POINT('',(1.132354622525,-2.534129914295,
    -8.739965393722));
#5424 = CARTESIAN_POINT('',(-0.638472420383,-3.104865904992,
    -8.8201255193));
#5425 = CARTESIAN_POINT('',(-2.661811048468,-2.305022666916,
    -8.899886103264));
#5426 = CARTESIAN_POINT('',(-3.732195065635,-3.048876261591E-05,
    -8.980007285992));
#5427 = CARTESIAN_POINT('',(-2.661594122996,2.305065618626,
    -9.060128471162));
#5428 = CARTESIAN_POINT('',(-0.638683361654,3.104848820755,
    -9.139889053522));
#5429 = CARTESIAN_POINT('',(1.132426577715,2.534133073698,-9.22004917974
    ));
#5430 = CARTESIAN_POINT('',(2.0169947294,1.267373483466,-9.300008708794)
  );
#5431 = CARTESIAN_POINT('',(2.016992982272,3.366051216453E-07,
    -9.380006477048));
#5432 = CARTESIAN_POINT('',(2.501963393993,-5.049213193353E-08,
    -8.299999028419));
#5433 = CARTESIAN_POINT('',(2.501962846872,-1.572022860303,
    -8.379999296242));
#5434 = CARTESIAN_POINT('',(1.404710653989,-3.14407565122,
    -8.460004152993));
#5435 = CARTESIAN_POINT('',(-0.792335112075,-3.849958145189,
    -8.539984936892));
#5436 = CARTESIAN_POINT('',(-3.301189962252,-2.860643556133,
    -8.620013668484));
#5437 = CARTESIAN_POINT('',(-4.630242024458,-7.754457668874E-06,
    -8.699999125399));
#5438 = CARTESIAN_POINT('',(-3.301132545742,2.860655241524,
    -8.77998458296));
#5439 = CARTESIAN_POINT('',(-0.792390175552,3.849953741481,
    -8.860013314129));
#5440 = CARTESIAN_POINT('',(1.404729954003,3.144076319668,
    -8.939994098194));
#5441 = CARTESIAN_POINT('',(2.501963560818,1.572022769418,
    -9.019998954918));
#5442 = CARTESIAN_POINT('',(2.501963020041,-4.039356728236E-08,
    -9.099999222738));
#5443 = ADVANCED_FACE('',(#5444),#5474,.T.);
#5444 = FACE_BOUND('',#5445,.T.);
#5445 = EDGE_LOOP('',(#5446,#5462,#5463,#5464));
#5446 = ORIENTED_EDGE('',*,*,#5447,.F.);
#5447 = EDGE_CURVE('',#5039,#5448,#5450,.T.);
#5448 = VERTEX_POINT('',#5449);
#5449 = CARTESIAN_POINT('',(2.016995973912,3.366038415596E-07,
    -9.580006477025));
#5450 = B_SPLINE_CURVE_WITH_KNOTS('',10,(#5451,#5452,#5453,#5454,#5455,
    #5456,#5457,#5458,#5459,#5460,#5461),.UNSPECIFIED.,.F.,.F.,(11,11),(
    0.,6.333910135482),.PIECEWISE_BEZIER_KNOTS.);
#5451 = CARTESIAN_POINT('',(2.016998142876,4.207536907003E-07,
    -8.78000809626));
#5452 = CARTESIAN_POINT('',(2.016995417785,-1.267374840316,
    -8.860005864538));
#5453 = CARTESIAN_POINT('',(1.132337326565,-2.534133427702,
    -8.939965394049));
#5454 = CARTESIAN_POINT('',(-0.63841828403,-3.104875508399,
    -9.020125518217));
#5455 = CARTESIAN_POINT('',(-2.661872799074,-2.30501495705,
    -9.099886104462));
#5456 = CARTESIAN_POINT('',(-3.732201297907,-4.616611122632E-05,
    -9.180007285607));
#5457 = CARTESIAN_POINT('',(-2.661541247827,2.305081040076,
    -9.260128470476));
#5458 = CARTESIAN_POINT('',(-0.638739632482,3.104849559028,
    -9.339889054276));
#5459 = CARTESIAN_POINT('',(1.132447653507,2.534138026084,
    -9.420049179416));
#5460 = CARTESIAN_POINT('',(2.016998751854,1.267375597675,
    -9.500008708756));
#5461 = CARTESIAN_POINT('',(2.016995973912,3.36603829399E-07,
    -9.580006477025));
#5462 = ORIENTED_EDGE('',*,*,#5056,.T.);
#5463 = ORIENTED_EDGE('',*,*,#5397,.T.);
#5464 = ORIENTED_EDGE('',*,*,#5465,.F.);
#5465 = EDGE_CURVE('',#5448,#5398,#5466,.T.);
#5466 = ( BOUNDED_CURVE() B_SPLINE_CURVE(6,(#5467,#5468,#5469,#5470,
#5471,#5472,#5473),.UNSPECIFIED.,.F.,.F.) B_SPLINE_CURVE_WITH_KNOTS((7,7
),(0.,2.094395102393),.PIECEWISE_BEZIER_KNOTS.) CURVE() 
GEOMETRIC_REPRESENTATION_ITEM() RATIONAL_B_SPLINE_CURVE((1.056590953773,
    1.017435169568,0.996326512422,0.989390034249,0.996326512422,
1.017435169568,1.056590953773)) REPRESENTATION_ITEM('') );
#5467 = CARTESIAN_POINT('',(2.016995973912,3.366038301422E-07,
    -9.580006477025));
#5468 = CARTESIAN_POINT('',(1.980746623085,3.647825862485E-07,
    -9.559078627528));
#5469 = CARTESIAN_POINT('',(1.955201292743,3.846403718866E-07,
    -9.523657028625));
#5470 = CARTESIAN_POINT('',(1.945967686743,3.918179982687E-07,
    -9.480007539469));
#5471 = CARTESIAN_POINT('',(1.955199986904,3.846409337149E-07,
    -9.436357774097));
#5472 = CARTESIAN_POINT('',(1.980744257547,3.64783609319E-07,
    -9.400935410986));
#5473 = CARTESIAN_POINT('',(2.016992982272,3.366051219422E-07,
    -9.380006477048));
#5474 = ( BOUNDED_SURFACE() B_SPLINE_SURFACE(6,11,(
    (#5475,#5476,#5477,#5478,#5479,#5480,#5481,#5482,#5483,#5484,#5485
      ,#5486)
    ,(#5487,#5488,#5489,#5490,#5491,#5492,#5493,#5494,#5495,#5496,#5497
      ,#5498)
    ,(#5499,#5500,#5501,#5502,#5503,#5504,#5505,#5506,#5507,#5508,#5509
      ,#5510)
    ,(#5511,#5512,#5513,#5514,#5515,#5516,#5517,#5518,#5519,#5520,#5521
      ,#5522)
    ,(#5523,#5524,#5525,#5526,#5527,#5528,#5529,#5530,#5531,#5532,#5533
      ,#5534)
    ,(#5535,#5536,#5537,#5538,#5539,#5540,#5541,#5542,#5543,#5544,#5545
      ,#5546)
    ,(#5547,#5548,#5549,#5550,#5551,#5552,#5553,#5554,#5555,#5556,#5557
,#5558
    )),.UNSPECIFIED.,.F.,.F.,.F.) B_SPLINE_SURFACE_WITH_KNOTS((7,7),(12,
    12),(0.,2.094395102393),(0.,6.333910135482),
.PIECEWISE_BEZIER_KNOTS.) GEOMETRIC_REPRESENTATION_ITEM() 
RATIONAL_B_SPLINE_SURFACE((
    (1.056590953773,1.056590953773,1.056590953773,1.056590953773
      ,1.056590953774,1.056590953773,1.056590953774,1.056590953773
      ,1.056590953773,1.056590953773,1.056590953773,1.056590953773)
    ,(1.017435169568,1.017435169568,1.017435169568,1.017435169568
      ,1.017435169569,1.017435169567,1.017435169569,1.017435169567
      ,1.017435169569,1.017435169568,1.017435169568,1.017435169568)
    ,(0.996326512422,0.996326512422,0.996326512422,0.996326512422
      ,0.996326512423,0.996326512422,0.996326512423,0.996326512422
      ,0.996326512422,0.996326512422,0.996326512422,0.996326512422)
    ,(0.989390034249,0.989390034249,0.989390034249,0.989390034248
      ,0.989390034249,0.989390034248,0.989390034249,0.989390034248
      ,0.989390034249,0.989390034249,0.989390034249,0.989390034249)
    ,(0.996326512422,0.996326512422,0.996326512422,0.996326512422
      ,0.996326512423,0.996326512421,0.996326512423,0.996326512422
      ,0.996326512422,0.996326512422,0.996326512422,0.996326512422)
    ,(1.017435169568,1.017435169568,1.017435169568,1.017435169568
      ,1.017435169569,1.017435169567,1.017435169569,1.017435169567
      ,1.017435169569,1.017435169568,1.017435169568,1.017435169568)
    ,(1.056590953773,1.056590953773,1.056590953773,1.056590953773
      ,1.056590953774,1.056590953772,1.056590953774,1.056590953773
      ,1.056590953773,1.056590953773,1.056590953773,1.056590953773
))) REPRESENTATION_ITEM('') SURFACE() );
#5475 = CARTESIAN_POINT('',(2.016998142876,4.207536882239E-07,
    -8.78000809626));
#5476 = CARTESIAN_POINT('',(2.016995665521,-1.152158907492,
    -8.852733340149));
#5477 = CARTESIAN_POINT('',(1.293184252241,-2.303813684541,
    -8.925427297775));
#5478 = CARTESIAN_POINT('',(-0.155360276623,-2.952393039162,
    -8.998365157237));
#5479 = CARTESIAN_POINT('',(-1.926560889269,-2.583402239186,
    -9.070483540014));
#5480 = CARTESIAN_POINT('',(-3.244813822412,-1.070029074638,
    -9.144300557807));
#5481 = CARTESIAN_POINT('',(-3.24641216026,1.070008749345,
    -9.215714015098));
#5482 = CARTESIAN_POINT('',(-1.925487292036,2.583434855888,
    -9.289531034037));
#5483 = CARTESIAN_POINT('',(-0.155813213547,2.952375420995,
    -9.361649415519));
#5484 = CARTESIAN_POINT('',(1.293275125934,2.303817584555,-9.43458727566
    ));
#5485 = CARTESIAN_POINT('',(2.016998499313,1.15215966485,-9.507281233144
    ));
#5486 = CARTESIAN_POINT('',(2.016995973912,3.366038301422E-07,
    -9.580006477025));
#5487 = CARTESIAN_POINT('',(1.980748713789,4.559771684121E-07,
    -8.759080382319));
#5488 = CARTESIAN_POINT('',(1.980746354606,-1.13145773144,-8.83180545636
    ));
#5489 = CARTESIAN_POINT('',(1.269940664868,-2.262371988039,
    -8.904496624962));
#5490 = CARTESIAN_POINT('',(-0.152560057026,-2.899456394512,-8.977452114
    ));
#5491 = CARTESIAN_POINT('',(-1.891945413032,-2.536717593352,
    -9.049519522705));
#5492 = CARTESIAN_POINT('',(-3.18650309858,-1.051162077121,
    -9.123427769958));
#5493 = CARTESIAN_POINT('',(-3.188043812532,1.051142339184,
    -9.194731239523));
#5494 = CARTESIAN_POINT('',(-1.89091067011,2.536748946591,-9.26863948788
    ));
#5495 = CARTESIAN_POINT('',(-0.152996783606,2.899439405012,
    -9.340706895336));
#5496 = CARTESIAN_POINT('',(1.270028155938,2.262375805515,
    -9.413662385029));
#5497 = CARTESIAN_POINT('',(1.980749034337,1.1314585522,-9.486353553493)
  );
#5498 = CARTESIAN_POINT('',(1.980746623085,3.647825862485E-07,
    -9.559078627528));
#5499 = CARTESIAN_POINT('',(1.955203250987,4.807994575251E-07,
    -8.723658878944));
#5500 = CARTESIAN_POINT('',(1.955201071947,-1.116869354852,
    -8.796383833292));
#5501 = CARTESIAN_POINT('',(1.253562254317,-2.233167569228,
    -8.869073036431));
#5502 = CARTESIAN_POINT('',(-0.150594759814,-2.862150968783,
    -8.942040949263));
#5503 = CARTESIAN_POINT('',(-1.867532305053,-2.503818936167,
    -9.014072435882));
#5504 = CARTESIAN_POINT('',(-3.145439283401,-1.03786592848,
    -9.08804497369));
#5505 = CARTESIAN_POINT('',(-3.146882432798,1.037847285481,
    -9.159270933536));
#5506 = CARTESIAN_POINT('',(-1.866563244759,2.503848210688,
    -9.233243472379));
#5507 = CARTESIAN_POINT('',(-0.151003957935,2.862135048197,
    -9.305274957828));
#5508 = CARTESIAN_POINT('',(1.253644091693,2.233171206837,
    -9.378242871273));
#5509 = CARTESIAN_POINT('',(1.955203526686,1.116870220293,
    -9.450932074283));
#5510 = CARTESIAN_POINT('',(1.955201292743,3.846403718866E-07,
    -9.523657028625));
#5511 = CARTESIAN_POINT('',(1.945969481757,4.897715718544E-07,
    -8.680009424318));
#5512 = CARTESIAN_POINT('',(1.945967512362,-1.111596212514,
    -8.752734335401));
#5513 = CARTESIAN_POINT('',(1.247644522343,-2.222611375269,
    -8.825422828097));
#5514 = CARTESIAN_POINT('',(-0.149896394378,-2.848666011746,
    -8.898395231675));
#5515 = CARTESIAN_POINT('',(-1.85867932268,-2.49192821152,
    -8.970413733793));
#5516 = CARTESIAN_POINT('',(-3.130638769589,-1.033059369253,
    -9.044409510219));
#5517 = CARTESIAN_POINT('',(-3.131961671321,1.033042138149,
    -9.115607453254));
#5518 = CARTESIAN_POINT('',(-1.857791152045,2.491954961605,
    -9.189603230628));
#5519 = CARTESIAN_POINT('',(-0.150271612749,2.848651411379,
    -9.261621731674));
#5520 = CARTESIAN_POINT('',(1.247719437236,2.222614766281,
    -9.334594135815));
#5521 = CARTESIAN_POINT('',(1.945969712067,1.111597094104,
    -9.407282628392));
#5522 = CARTESIAN_POINT('',(1.945967686743,3.918179982687E-07,
    -9.480007539469));
#5523 = CARTESIAN_POINT('',(1.955201618687,4.808003215562E-07,
    -8.636359624422));
#5524 = CARTESIAN_POINT('',(1.95519984869,-1.116868515902,
    -8.709084578762));
#5525 = CARTESIAN_POINT('',(1.253568216307,-2.233166146683,
    -8.781773781778));
#5526 = CARTESIAN_POINT('',(-0.150628649456,-2.862147501971,
    -8.854741695375));
#5527 = CARTESIAN_POINT('',(-1.867450033839,-2.503819553199,
    -8.92677317983));
#5528 = CARTESIAN_POINT('',(-3.14555717559,-1.037863725981,
    -9.000745721422));
#5529 = CARTESIAN_POINT('',(-3.146759811987,1.037847958762,
    -9.071971676811));
#5530 = CARTESIAN_POINT('',(-1.866642711843,2.503843809655,
    -9.145944219265));
#5531 = CARTESIAN_POINT('',(-0.150969840668,2.862134224334,
    -9.217975702745));
#5532 = CARTESIAN_POINT('',(1.253636245592,2.233169270386,
    -9.290943616854));
#5533 = CARTESIAN_POINT('',(1.955201811804,1.116869381344,
    -9.363632819762));
#5534 = CARTESIAN_POINT('',(1.955199986904,3.846409337149E-07,
    -9.436357774097));
#5535 = CARTESIAN_POINT('',(1.980745756867,4.559787283864E-07,
    -8.600937165787));
#5536 = CARTESIAN_POINT('',(1.980744138668,-1.131456211675,
    -8.673662239814));
#5537 = CARTESIAN_POINT('',(1.269951465056,-2.26236941109,
    -8.746353408193));
#5538 = CARTESIAN_POINT('',(-0.15262144835,-2.899450114357,
    -8.819308898617));
#5539 = CARTESIAN_POINT('',(-1.89179637815,-2.536718711111,
    -8.891376303403));
#5540 = CARTESIAN_POINT('',(-3.186716661109,-1.051158087282,
    -8.965284557509));
#5541 = CARTESIAN_POINT('',(-3.187821684071,1.051143558842,-9.036588019)
  );
#5542 = CARTESIAN_POINT('',(-1.891054625292,2.536740974086,
    -9.110496273898));
#5543 = CARTESIAN_POINT('',(-0.152934979938,2.89943791258,
    -9.182563677789));
#5544 = CARTESIAN_POINT('',(1.27001394267,2.262372297619,-9.255519168684
    ));
#5545 = CARTESIAN_POINT('',(1.980745927816,1.131457032438,
    -9.328210336962));
#5546 = CARTESIAN_POINT('',(1.980744257547,3.64783609319E-07,
    -9.400935410986));
#5547 = CARTESIAN_POINT('',(2.016994403327,4.20755665087E-07,
    -8.580008096295));
#5548 = CARTESIAN_POINT('',(2.016992863076,-1.152156985481,
    -8.652733340166));
#5549 = CARTESIAN_POINT('',(1.293197910984,-2.303810425533,
    -8.72542729751));
#5550 = CARTESIAN_POINT('',(-0.155437916785,-2.952385096799,
    -8.798365158725));
#5551 = CARTESIAN_POINT('',(-1.926372408364,-2.583403652788,
    -8.870483536546));
#5552 = CARTESIAN_POINT('',(-3.245083909913,-1.070024028784,
    -8.944300563008));
#5553 = CARTESIAN_POINT('',(-3.246131239627,1.070010291819,
    -9.015714010086));
#5554 = CARTESIAN_POINT('',(-1.925669348764,2.583424773248,
    -9.089531037298));
#5555 = CARTESIAN_POINT('',(-0.155735051904,2.952373533553,
    -9.16164941427));
#5556 = CARTESIAN_POINT('',(1.293257150749,2.303813148202,
    -9.234587275932));
#5557 = CARTESIAN_POINT('',(2.01699457057,1.152157742843,-9.30728123318)
  );
#5558 = CARTESIAN_POINT('',(2.016992982272,3.366051219422E-07,
    -9.380006477048));
#5559 = ADVANCED_FACE('',(#5560),#5570,.T.);
#5560 = FACE_BOUND('',#5561,.T.);
#5561 = EDGE_LOOP('',(#5562,#5563,#5564,#5565));
#5562 = ORIENTED_EDGE('',*,*,#5188,.F.);
#5563 = ORIENTED_EDGE('',*,*,#5157,.T.);
#5564 = ORIENTED_EDGE('',*,*,#5447,.T.);
#5565 = ORIENTED_EDGE('',*,*,#5566,.F.);
#5566 = EDGE_CURVE('',#5189,#5448,#5567,.T.);
#5567 = B_SPLINE_CURVE_WITH_KNOTS('',1,(#5568,#5569),.UNSPECIFIED.,.F.,
  .F.,(2,2),(0.,0.56),.PIECEWISE_BEZIER_KNOTS.);
#5568 = CARTESIAN_POINT('',(2.501974388273,-4.039847609323E-08,
    -9.859999222653));
#5569 = CARTESIAN_POINT('',(2.016995973912,3.36603829399E-07,
    -9.580006477025));
#5570 = B_SPLINE_SURFACE_WITH_KNOTS('',1,10,(
    (#5571,#5572,#5573,#5574,#5575,#5576,#5577,#5578,#5579,#5580,#5581)
    ,(#5582,#5583,#5584,#5585,#5586,#5587,#5588,#5589,#5590,#5591,#5592
    )),.UNSPECIFIED.,.F.,.F.,.F.,(2,2),(11,11),(0.,0.56),(0.,
    6.333910135482),.PIECEWISE_BEZIER_KNOTS.);
#5571 = CARTESIAN_POINT('',(2.501977604279,-5.049962889631E-08,
    -9.059999028286));
#5572 = CARTESIAN_POINT('',(2.501973140062,-1.572030894307,
    -9.139999296183));
#5573 = CARTESIAN_POINT('',(1.40464492934,-3.144089002166,
    -9.220004154237));
#5574 = CARTESIAN_POINT('',(-0.792129393933,-3.849994638136,
    -9.299984932775));
#5575 = CARTESIAN_POINT('',(-3.301424614556,-2.860614258643,
    -9.380013673036));
#5576 = CARTESIAN_POINT('',(-4.630265707091,-6.732838138035E-05,
    -9.459999123933));
#5577 = CARTESIAN_POINT('',(-3.300931620102,2.860713843033,
    -9.539984580354));
#5578 = CARTESIAN_POINT('',(-0.792604004694,3.849956546921,
    -9.620013316995));
#5579 = CARTESIAN_POINT('',(1.404810042011,3.144095138733,
    -9.699994096964));
#5580 = CARTESIAN_POINT('',(2.501978846141,1.57203080341,-9.779998954774
    ));
#5581 = CARTESIAN_POINT('',(2.501974388273,-4.039847609323E-08,
    -9.859999222653));
#5582 = CARTESIAN_POINT('',(2.016998142876,4.207536907003E-07,
    -8.78000809626));
#5583 = CARTESIAN_POINT('',(2.016995417785,-1.267374840316,
    -8.860005864538));
#5584 = CARTESIAN_POINT('',(1.132337326565,-2.534133427702,
    -8.939965394049));
#5585 = CARTESIAN_POINT('',(-0.63841828403,-3.104875508399,
    -9.020125518217));
#5586 = CARTESIAN_POINT('',(-2.661872799074,-2.30501495705,
    -9.099886104462));
#5587 = CARTESIAN_POINT('',(-3.732201297907,-4.616611122632E-05,
    -9.180007285607));
#5588 = CARTESIAN_POINT('',(-2.661541247827,2.305081040076,
    -9.260128470476));
#5589 = CARTESIAN_POINT('',(-0.638739632482,3.104849559028,
    -9.339889054276));
#5590 = CARTESIAN_POINT('',(1.132447653507,2.534138026084,
    -9.420049179416));
#5591 = CARTESIAN_POINT('',(2.016998751854,1.267375597675,
    -9.500008708756));
#5592 = CARTESIAN_POINT('',(2.016995973912,3.36603829399E-07,
    -9.580006477025));
#5593 = ADVANCED_FACE('',(#5594),#5802,.T.);
#5594 = FACE_BOUND('',#5595,.F.);
#5595 = EDGE_LOOP('',(#5596,#5698,#5699,#5796));
#5596 = ORIENTED_EDGE('',*,*,#5597,.F.);
#5597 = EDGE_CURVE('',#5189,#5598,#5600,.T.);
#5598 = VERTEX_POINT('',#5599);
#5599 = CARTESIAN_POINT('',(2.45,1.14060148554E-12,-10.6299946241));
#5600 = B_SPLINE_CURVE_WITH_KNOTS('',6,(#5601,#5602,#5603,#5604,#5605,
    #5606,#5607,#5608,#5609,#5610,#5611,#5612,#5613,#5614,#5615,#5616,
    #5617,#5618,#5619,#5620,#5621,#5622,#5623,#5624,#5625,#5626,#5627,
    #5628,#5629,#5630,#5631,#5632,#5633,#5634,#5635,#5636,#5637,#5638,
    #5639,#5640,#5641,#5642,#5643,#5644,#5645,#5646,#5647,#5648,#5649,
    #5650,#5651,#5652,#5653,#5654,#5655,#5656,#5657,#5658,#5659,#5660,
    #5661,#5662,#5663,#5664,#5665,#5666,#5667,#5668,#5669,#5670,#5671,
    #5672,#5673,#5674,#5675,#5676,#5677,#5678,#5679,#5680,#5681,#5682,
    #5683,#5684,#5685,#5686,#5687,#5688,#5689,#5690,#5691,#5692,#5693,
    #5694,#5695,#5696,#5697),.UNSPECIFIED.,.F.,.F.,(7,5,5,5,5,5,5,5,5,5,
    5,5,5,5,5,5,5,5,5,7),(0.,1.877051201667E-02,5.677000728365E-02,
    0.12577027015,0.229622587043,0.245622828786,0.266165638655,
    0.324167384902,0.376171090333,0.403077954341,0.497808698672,
    0.597669373682,0.643345990053,0.706348513024,0.737775825203,
    0.760791637411,0.810793519013,0.870723321831,0.968585888205,1.),
  .UNSPECIFIED.);
#5601 = CARTESIAN_POINT('',(2.45,4.29345448083E-12,-9.829992832175));
#5602 = CARTESIAN_POINT('',(2.45,-4.815668757097E-02,-9.83249556404));
#5603 = CARTESIAN_POINT('',(2.448864129941,-9.631339137985E-02,
    -9.834998200895));
#5604 = CARTESIAN_POINT('',(2.446592391784,-0.144436558018,
    -9.837500801744));
#5605 = CARTESIAN_POINT('',(2.443186104105,-0.192492712125,
    -9.840003417009));
#5606 = CARTESIAN_POINT('',(2.438647902091,-0.240448456384,
    -9.842506088535));
#5607 = CARTESIAN_POINT('',(2.42151101195,-0.385082558286,
    -9.850075501837));
#5608 = CARTESIAN_POINT('',(2.405417412111,-0.481347414506,
    -9.855142540487));
#5609 = CARTESIAN_POINT('',(2.384733977537,-0.576787481699,
    -9.86021020979));
#5610 = CARTESIAN_POINT('',(2.359515227453,-0.67113043304,
    -9.865278597799));
#5611 = CARTESIAN_POINT('',(2.329837160797,-0.764109173366,
    -9.870347636368));
#5612 = CARTESIAN_POINT('',(2.233986899363,-1.021341883384,
    -9.884622339297));
#5613 = CARTESIAN_POINT('',(2.157789943201,-1.181873496815,
    -9.893829645706));
#5614 = CARTESIAN_POINT('',(2.067792616653,-1.335473107272,
    -9.903036659007));
#5615 = CARTESIAN_POINT('',(1.964804922171,-1.480684027781,
    -9.912241943082));
#5616 = CARTESIAN_POINT('',(1.849821242484,-1.616168021486,
    -9.921445050996));
#5617 = CARTESIAN_POINT('',(1.534737347593,-1.928230125332,
    -9.944490676227));
#5618 = CARTESIAN_POINT('',(1.320898690849,-2.091079488456,
    -9.958334451332));
#5619 = CARTESIAN_POINT('',(1.086673995654,-2.225124108258,
    -9.972165262176));
#5620 = CARTESIAN_POINT('',(0.836947598284,-2.327424361358,
    -9.985993649455));
#5621 = CARTESIAN_POINT('',(0.577039640737,-2.395937112304,
    -9.99983070812));
#5622 = CARTESIAN_POINT('',(0.272067969701,-2.435192820952,
    -10.01580037612));
#5623 = CARTESIAN_POINT('',(0.231249086804,-2.43961485203,
    -10.01793244027));
#5624 = CARTESIAN_POINT('',(0.190345442542,-2.443215653004,
    -10.02006463508));
#5625 = CARTESIAN_POINT('',(0.149377684423,-2.445993268145,
    -10.02219696589));
#5626 = CARTESIAN_POINT('',(0.108366513591,-2.447946434576,
    -10.02432943624));
#5627 = CARTESIAN_POINT('',(1.464909691889E-02,-2.450523018125,
    -10.02920012104));
#5628 = CARTESIAN_POINT('',(-3.807189132923E-02,-2.450611481561,
    -10.03193842789));
#5629 = CARTESIAN_POINT('',(-9.07863261177E-02,-2.449338767765,
    -10.03467697172));
#5630 = CARTESIAN_POINT('',(-0.143450317844,-2.446705560246,
    -10.03741575088));
#5631 = CARTESIAN_POINT('',(-0.196020041097,-2.44271443084,
    -10.0401547587));
#5632 = CARTESIAN_POINT('',(-0.396490381995,-2.422279614944,
    -10.05062806772));
#5633 = CARTESIAN_POINT('',(-0.543433675333,-2.396398825861,
    -10.05836413708));
#5634 = CARTESIAN_POINT('',(-0.688288870431,-2.359829286595,
    -10.06610144211));
#5635 = CARTESIAN_POINT('',(-0.830090524938,-2.312789961341,
    -10.0738397578));
#5636 = CARTESIAN_POINT('',(-0.967906793713,-2.255615166163,
    -10.08157876654));
#5637 = CARTESIAN_POINT('',(-1.220037255888,-2.128804708208,
    -10.09625584856));
#5638 = CARTESIAN_POINT('',(-1.335313797123,-2.061066286876,
    -10.10319432394));
#5639 = CARTESIAN_POINT('',(-1.44603401304,-1.985860376955,
    -10.11013218872));
#5640 = CARTESIAN_POINT('',(-1.551599245344,-1.903574821201,
    -10.11706931795));
#5641 = CARTESIAN_POINT('',(-1.651456529568,-1.814660262617,
    -10.12400571081));
#5642 = CARTESIAN_POINT('',(-1.793553842612,-1.670457996703,
    -10.13452943112));
#5643 = CARTESIAN_POINT('',(-1.840343661919,-1.619649699028,
    -10.13811756063));
#5644 = CARTESIAN_POINT('',(-1.885401626325,-1.567273569492,
    -10.1417054487));
#5645 = CARTESIAN_POINT('',(-1.928662568194,-1.513403656487,
    -10.14529310296));
#5646 = CARTESIAN_POINT('',(-1.970065596231,-1.458117566388,
    -10.14888053964));
#5647 = CARTESIAN_POINT('',(-2.148580885273,-1.202151076617,
    -10.16509736004));
#5648 = CARTESIAN_POINT('',(-2.26390938076,-0.986210634973,
    -10.17772741815));
#5649 = CARTESIAN_POINT('',(-2.35298549864,-0.757297179108,
    -10.19035282264));
#5650 = CARTESIAN_POINT('',(-2.414149418802,-0.519401419391,
    -10.20297922359));
#5651 = CARTESIAN_POINT('',(-2.446422791069,-0.276732691314,
    -10.2156112624));
#5652 = CARTESIAN_POINT('',(-2.453294186163,0.222448681751,
    -10.24155787382));
#5653 = CARTESIAN_POINT('',(-2.424676062671,0.479134148586,
    -10.25487921463));
#5654 = CARTESIAN_POINT('',(-2.363810435811,0.731127939295,
    -10.26819844842));
#5655 = CARTESIAN_POINT('',(-2.271774346848,0.973481852462,
    -10.28151783091));
#5656 = CARTESIAN_POINT('',(-2.1504717599,1.201502711062,-10.29483889435
    ));
#5657 = CARTESIAN_POINT('',(-1.935440489209,1.506752356768,
    -10.31424267256));
#5658 = CARTESIAN_POINT('',(-1.86245352061,1.598682117039,
    -10.32033186729));
#5659 = CARTESIAN_POINT('',(-1.784246566642,1.686342563508,
    -10.32642016597));
#5660 = CARTESIAN_POINT('',(-1.701134328294,1.769367042453,
    -10.33250765122));
#5661 = CARTESIAN_POINT('',(-1.613465103685,1.847420645342,
    -10.33859449175));
#5662 = CARTESIAN_POINT('',(-1.394935297205,2.020589554076,
    -10.35307549907));
#5663 = CARTESIAN_POINT('',(-1.26029770579,2.110952571579,
    -10.36146960866));
#5664 = CARTESIAN_POINT('',(-1.118710778645,2.190492300149,
    -10.36986263656));
#5665 = CARTESIAN_POINT('',(-0.971267250971,2.258563838636,
    -10.37825574402));
#5666 = CARTESIAN_POINT('',(-0.81913019842,2.314660227105,
    -10.38665019972));
#5667 = CARTESIAN_POINT('',(-0.585919819167,2.38027286209,
    -10.39923370584));
#5668 = CARTESIAN_POINT('',(-0.507442238664,2.39904439085,-10.4034220128
    ));
#5669 = CARTESIAN_POINT('',(-0.42825405038,2.41470812649,-10.4076107706)
  );
#5670 = CARTESIAN_POINT('',(-0.348508997453,2.427231559224,
    -10.41180003393));
#5671 = CARTESIAN_POINT('',(-0.268362633012,2.436592367803,
    -10.41598983588));
#5672 = CARTESIAN_POINT('',(-0.12909842307,2.447308778449,
    -10.42324899477));
#5673 = CARTESIAN_POINT('',(-7.009342619919E-02,2.450136420951,
    -10.42631810174));
#5674 = CARTESIAN_POINT('',(-1.101905809086E-02,2.451256605473,
    -10.42938751053));
#5675 = CARTESIAN_POINT('',(4.806296332378E-02,2.450667567002,
    -10.43245721623));
#5676 = CARTESIAN_POINT('',(0.10709093071,2.448370517061,-10.43552720722
    ));
#5677 = CARTESIAN_POINT('',(0.293990013653,2.435677741203,
    -10.44526760455));
#5678 = CARTESIAN_POINT('',(0.42143296004,2.418943875375,-10.45193911768
    ));
#5679 = CARTESIAN_POINT('',(0.547695689221,2.39421151552,-10.45861156369
    ));
#5680 = CARTESIAN_POINT('',(0.672153748575,2.361589446776,
    -10.46528469018));
#5681 = CARTESIAN_POINT('',(0.794197448597,2.321251122722,
    -10.47195814522));
#5682 = CARTESIAN_POINT('',(1.055907089902,2.216122781559,
    -10.48662917234));
#5683 = CARTESIAN_POINT('',(1.194268566145,2.14806467335,-10.49462702265
    ));
#5684 = CARTESIAN_POINT('',(1.327297189636,2.069670912466,-10.5026232774
    ));
#5685 = CARTESIAN_POINT('',(1.454038187616,1.981472308022,
    -10.51061752083));
#5686 = CARTESIAN_POINT('',(1.573610695491,1.884115074658,
    -10.51860971193));
#5687 = CARTESIAN_POINT('',(1.867458077704,1.605658081496,
    -10.53964648294));
#5688 = CARTESIAN_POINT('',(2.028511414909,1.410503170653,
    -10.55269119486));
#5689 = CARTESIAN_POINT('',(2.164801217461,1.196239444272,
    -10.56572714021));
#5690 = CARTESIAN_POINT('',(2.273678396194,0.966830384226,-10.5787640353
    ));
#5691 = CARTESIAN_POINT('',(2.353199951528,0.726626302409,
    -10.59181237336));
#5692 = CARTESIAN_POINT('',(2.4182372659,0.401402405905,-10.60904950868)
  );
#5693 = CARTESIAN_POINT('',(2.430921694604,0.321749096337,
    -10.61323849887));
#5694 = CARTESIAN_POINT('',(2.440455654472,0.241626091968,-10.6174277358
    ));
#5695 = CARTESIAN_POINT('',(2.44681853376,0.161188969566,-10.6216170207)
  );
#5696 = CARTESIAN_POINT('',(2.45,8.059437035235E-02,-10.62580609175));
#5697 = CARTESIAN_POINT('',(2.45,2.295053036505E-12,-10.6299946241));
#5698 = ORIENTED_EDGE('',*,*,#5383,.T.);
#5699 = ORIENTED_EDGE('',*,*,#5700,.T.);
#5700 = EDGE_CURVE('',#5287,#5701,#5703,.T.);
#5701 = VERTEX_POINT('',#5702);
#5702 = CARTESIAN_POINT('',(2.45,8.684391642447E-14,-10.73000056135));
#5703 = B_SPLINE_CURVE_WITH_KNOTS('',6,(#5704,#5705,#5706,#5707,#5708,
    #5709,#5710,#5711,#5712,#5713,#5714,#5715,#5716,#5717,#5718,#5719,
    #5720,#5721,#5722,#5723,#5724,#5725,#5726,#5727,#5728,#5729,#5730,
    #5731,#5732,#5733,#5734,#5735,#5736,#5737,#5738,#5739,#5740,#5741,
    #5742,#5743,#5744,#5745,#5746,#5747,#5748,#5749,#5750,#5751,#5752,
    #5753,#5754,#5755,#5756,#5757,#5758,#5759,#5760,#5761,#5762,#5763,
    #5764,#5765,#5766,#5767,#5768,#5769,#5770,#5771,#5772,#5773,#5774,
    #5775,#5776,#5777,#5778,#5779,#5780,#5781,#5782,#5783,#5784,#5785,
    #5786,#5787,#5788,#5789,#5790,#5791,#5792,#5793,#5794,#5795),
  .UNSPECIFIED.,.F.,.F.,(7,5,5,5,5,5,5,5,5,5,5,5,5,5,5,5,5,5,7),(0.,
    2.581058135794E-02,4.564562214359E-02,0.127642972021,0.179779597931,
    0.262778709948,0.298654405928,0.354656581256,0.402035698474,
    0.491836527902,0.598883739455,0.678790475967,0.724791938344,
    0.776683201478,0.836685696425,0.872286976353,0.942587681963,
    0.973587033132,1.),.UNSPECIFIED.);
#5704 = CARTESIAN_POINT('',(2.45,3.46389583683E-13,-9.930000842036));
#5705 = CARTESIAN_POINT('',(2.45,-6.621888581372E-02,-9.933442152431));
#5706 = CARTESIAN_POINT('',(2.447852266663,-0.132437877668,
    -9.936883726413));
#5707 = CARTESIAN_POINT('',(2.443556816984,-0.198569597154,
    -9.940325418047));
#5708 = CARTESIAN_POINT('',(2.437118362027,-0.264527077525,
    -9.94376710257));
#5709 = CARTESIAN_POINT('',(2.428546306929,-0.330223763692,
    -9.947208676398));
#5710 = CARTESIAN_POINT('',(2.409638452043,-0.445793804032,
    -9.95329470607));
#5711 = CARTESIAN_POINT('',(2.400170424969,-0.495809307404,-9.955939245)
  );
#5712 = CARTESIAN_POINT('',(2.389457066972,-0.54558095745,
    -9.958583640355));
#5713 = CARTESIAN_POINT('',(2.377506373007,-0.595070061872,
    -9.961227870819));
#5714 = CARTESIAN_POINT('',(2.364327935683,-0.644238300963,
    -9.963871927314));
#5715 = CARTESIAN_POINT('',(2.290424569246,-0.894824153333,
    -9.977445541933));
#5716 = CARTESIAN_POINT('',(2.21011783611,-1.09049510542,-9.988373761046
    ));
#5717 = CARTESIAN_POINT('',(2.109809998403,-1.277322125329,
    -9.99929750272));
#5718 = CARTESIAN_POINT('',(1.99076668434,-1.452807677124,
    -10.01022210034));
#5719 = CARTESIAN_POINT('',(1.854613958609,-1.614671240292,
    -10.0211517654));
#5720 = CARTESIAN_POINT('',(1.607268869399,-1.853936034643,
    -10.03903503561));
#5721 = CARTESIAN_POINT('',(1.505032993634,-1.940639136475,
    -10.04598783243));
#5722 = CARTESIAN_POINT('',(1.397222377977,-2.020542351604,
    -10.05294221577));
#5723 = CARTESIAN_POINT('',(1.284405143168,-2.093205158512,
    -10.05989816455));
#5724 = CARTESIAN_POINT('',(1.167194008725,-2.158251617057,
    -10.06685542859));
#5725 = CARTESIAN_POINT('',(0.853695011233,-2.306306262618,
    -10.08488957596));
#5726 = CARTESIAN_POINT('',(0.651637052969,-2.377169782699,
    -10.09596903914));
#5727 = CARTESIAN_POINT('',(0.442741737813,-2.426689371515,
    -10.10704629338));
#5728 = CARTESIAN_POINT('',(0.229818364343,-2.454129179126,
    -10.11812041538));
#5729 = CARTESIAN_POINT('',(1.575496122496E-02,-2.459185862958,
    -10.12919215836));
#5730 = CARTESIAN_POINT('',(-0.288243747617,-2.434725277226,
    -10.14504200408));
#5731 = CARTESIAN_POINT('',(-0.379656541599,-2.423207131936,
    -10.1498246856));
#5732 = CARTESIAN_POINT('',(-0.470502853988,-2.407571807334,
    -10.1546066881));
#5733 = CARTESIAN_POINT('',(-0.560551740319,-2.387855463789,
    -10.15938807083));
#5734 = CARTESIAN_POINT('',(-0.649575620916,-2.364111512461,
    -10.16416892549));
#5735 = CARTESIAN_POINT('',(-0.874367048444,-2.293169349665,
    -10.17641168844));
#5736 = CARTESIAN_POINT('',(-1.008344676006,-2.240284255395,
    -10.18387322951));
#5737 = CARTESIAN_POINT('',(-1.138427064042,-2.178025941387,
    -10.19133401652));
#5738 = CARTESIAN_POINT('',(-1.263801590917,-2.106760145053,
    -10.19879483127));
#5739 = CARTESIAN_POINT('',(-1.383703994281,-2.026945215937,
    -10.20625640146));
#5740 = CARTESIAN_POINT('',(-1.593632337752,-1.864835585425,
    -10.22003175645));
#5741 = CARTESIAN_POINT('',(-1.685419418861,-1.78481239102,
    -10.22634560197));
#5742 = CARTESIAN_POINT('',(-1.772355343128,-1.699391648424,
    -10.23266011397));
#5743 = CARTESIAN_POINT('',(-1.854048008507,-1.608943674897,
    -10.23897548437));
#5744 = CARTESIAN_POINT('',(-1.930143945206,-1.513875817937,
    -10.24529180683));
#5745 = CARTESIAN_POINT('',(-2.133358055795,-1.226525040047,
    -10.26358177102));
#5746 = CARTESIAN_POINT('',(-2.245183614594,-1.023373346965,
    -10.27555961066));
#5747 = CARTESIAN_POINT('',(-2.333619563657,-0.808239372507,
    -10.28753691743));
#5748 = CARTESIAN_POINT('',(-2.397187576776,-0.584493477602,
    -10.29951439758));
#5749 = CARTESIAN_POINT('',(-2.434965646614,-0.355698135804,
    -10.31149303567));
#5750 = CARTESIAN_POINT('',(-2.460858433711,0.148661126652,
    -10.33774212749));
#5751 = CARTESIAN_POINT('',(-2.438049784794,0.424928978749,
    -10.35201909016));
#5752 = CARTESIAN_POINT('',(-2.377975385195,0.696757960386,
    -10.36628663512));
#5753 = CARTESIAN_POINT('',(-2.281850607685,0.958026713216,
    -10.38055256451));
#5754 = CARTESIAN_POINT('',(-2.151953042302,1.202922823293,
    -10.39482672659));
#5755 = CARTESIAN_POINT('',(-1.872736985954,1.5929166932,-10.41975252777
    ));
#5756 = CARTESIAN_POINT('',(-1.736644577318,1.747642080029,
    -10.43040925194));
#5757 = CARTESIAN_POINT('',(-1.58532899011,1.888254346462,
    -10.44106697934));
#5758 = CARTESIAN_POINT('',(-1.4206467945,2.012945477818,-10.45172715126
    ));
#5759 = CARTESIAN_POINT('',(-1.244700086338,2.12020017407,
    -10.46239003413));
#5760 = CARTESIAN_POINT('',(-0.953465906704,2.259940554366,
    -10.47918931014));
#5761 = CARTESIAN_POINT('',(-0.844108902173,2.304845443886,
    -10.48532708514));
#5762 = CARTESIAN_POINT('',(-0.732246777267,2.343385613448,
    -10.49146446718));
#5763 = CARTESIAN_POINT('',(-0.618342933816,2.375391395014,
    -10.49760125459));
#5764 = CARTESIAN_POINT('',(-0.502874927054,2.400738480635,
    -10.50373727939));
#5765 = CARTESIAN_POINT('',(-0.254868783462,2.440341233427,
    -10.51679262776));
#5766 = CARTESIAN_POINT('',(-0.122033462782,2.452761941627,
    -10.52371189162));
#5767 = CARTESIAN_POINT('',(1.146901704589E-02,2.456498447221,
    -10.5306294542));
#5768 = CARTESIAN_POINT('',(0.144930980676,2.451515542769,
    -10.53754540959));
#5769 = CARTESIAN_POINT('',(0.27764505945,2.437854968358,-10.54446004975
    ));
#5770 = CARTESIAN_POINT('',(0.560688571724,2.389942642615,
    -10.55936743444));
#5771 = CARTESIAN_POINT('',(0.71053771751,2.352804315063,-10.56736022487
    ));
#5772 = CARTESIAN_POINT('',(0.857365209581,2.304405574173,
    -10.57535167348));
#5773 = CARTESIAN_POINT('',(1.000121487291,2.245063343942,
    -10.58334300425));
#5774 = CARTESIAN_POINT('',(1.137804915429,2.175223638153,
    -10.59133550815));
#5775 = CARTESIAN_POINT('',(1.347589579333,2.048132062718,
    -10.60407220524));
#5776 = CARTESIAN_POINT('',(1.423593119444,1.997310078385,
    -10.60881568682));
#5777 = CARTESIAN_POINT('',(1.497283357006,1.943112035363,
    -10.61355986509));
#5778 = CARTESIAN_POINT('',(1.568474231145,1.885670554417,
    -10.61830483459));
#5779 = CARTESIAN_POINT('',(1.636990089877,1.82513177256,-10.62305063189
    ));
#5780 = CARTESIAN_POINT('',(1.832353191414,1.636310473656,
    -10.63717020161));
#5781 = CARTESIAN_POINT('',(1.95097633509,1.49950061504,-10.64654698108)
  );
#5782 = CARTESIAN_POINT('',(2.057246957773,1.3524654657,-10.65592597514)
  );
#5783 = CARTESIAN_POINT('',(2.150100432939,1.19661086926,-10.66530667948
    ));
#5784 = CARTESIAN_POINT('',(2.228669097126,1.033471412794,-10.6746874661
    ));
#5785 = CARTESIAN_POINT('',(2.320395780567,0.790309043426,
    -10.68820121133));
#5786 = CARTESIAN_POINT('',(2.345567046075,0.714804019992,
    -10.69233628016));
#5787 = CARTESIAN_POINT('',(2.367786413491,0.638347001691,
    -10.69647089108));
#5788 = CARTESIAN_POINT('',(2.387009919982,0.56108221012,-10.70060500054
    ));
#5789 = CARTESIAN_POINT('',(2.403203049507,0.483156426672,
    -10.70473863751));
#5790 = CARTESIAN_POINT('',(2.427534683043,0.33788645345,-10.7123936487)
  );
#5791 = CARTESIAN_POINT('',(2.436510476964,0.270682155428,
    -10.71591513072));
#5792 = CARTESIAN_POINT('',(2.44325264727,0.203198387143,-10.71943642492
    ));
#5793 = CARTESIAN_POINT('',(2.447750877093,0.135527894102,
    -10.72295764847));
#5794 = CARTESIAN_POINT('',(2.45,6.776387865683E-02,-10.72647896036));
#5795 = CARTESIAN_POINT('',(2.45,1.088018564133E-13,-10.73000056135));
#5796 = ORIENTED_EDGE('',*,*,#5797,.F.);
#5797 = EDGE_CURVE('',#5598,#5701,#5798,.T.);
#5798 = LINE('',#5799,#5800);
#5799 = CARTESIAN_POINT('',(2.45,0.,-0.2));
#5800 = VECTOR('',#5801,1.);
#5801 = DIRECTION('',(0.,0.,-1.));
#5802 = CYLINDRICAL_SURFACE('',#5803,2.45);
#5803 = AXIS2_PLACEMENT_3D('',#5804,#5805,#5806);
#5804 = CARTESIAN_POINT('',(0.,0.,-0.2));
#5805 = DIRECTION('',(-0.,-0.,-1.));
#5806 = DIRECTION('',(1.,0.,0.));
#5807 = ADVANCED_FACE('',(#5808),#5834,.T.);
#5808 = FACE_BOUND('',#5809,.T.);
#5809 = EDGE_LOOP('',(#5810,#5827,#5828,#5829));
#5810 = ORIENTED_EDGE('',*,*,#5811,.F.);
#5811 = EDGE_CURVE('',#5398,#5812,#5814,.T.);
#5812 = VERTEX_POINT('',#5813);
#5813 = CARTESIAN_POINT('',(2.016991561223,2.524543007962E-07,
    -10.18000485779));
#5814 = ( BOUNDED_CURVE() B_SPLINE_CURVE(11,(#5815,#5816,#5817,#5818,
    #5819,#5820,#5821,#5822,#5823,#5824,#5825,#5826),.UNSPECIFIED.,.F.,
.F.) B_SPLINE_CURVE_WITH_KNOTS((12,12),(0.,6.333910135482),
.PIECEWISE_BEZIER_KNOTS.) CURVE() GEOMETRIC_REPRESENTATION_ITEM() 
RATIONAL_B_SPLINE_CURVE((1.056590953773,1.056590953773,1.056590953773,
    1.056590953772,1.056590953774,1.056590953772,1.056590953775,
    1.056590953772,1.056590953774,1.056590953773,1.056590953773,
1.056590953773)) REPRESENTATION_ITEM('') );
#5815 = CARTESIAN_POINT('',(2.016992982272,3.366051347098E-07,
    -9.380006477048));
#5816 = CARTESIAN_POINT('',(2.016991393972,-1.152156258104,
    -9.452731720912));
#5817 = CARTESIAN_POINT('',(1.293196903644,-2.303808854897,
    -9.525425678147));
#5818 = CARTESIAN_POINT('',(-0.155437930212,-2.952383015041,
    -9.598363540053));
#5819 = CARTESIAN_POINT('',(-1.926371159001,-2.583401742358,
    -9.670481915875));
#5820 = CARTESIAN_POINT('',(-3.245081668912,-1.070023153717,
    -9.744298945913));
#5821 = CARTESIAN_POINT('',(-3.246128906564,1.070009687668,
    -9.81571238868));
#5822 = CARTESIAN_POINT('',(-1.925667885651,2.58342302335,
    -9.889529419469));
#5823 = CARTESIAN_POINT('',(-0.155734818292,2.952371464882,
    -9.961647794443));
#5824 = CARTESIAN_POINT('',(1.293256335561,2.303811469632,
    -10.03458565679));
#5825 = CARTESIAN_POINT('',(2.01699319757,1.152156847164,-10.10727961393
    ));
#5826 = CARTESIAN_POINT('',(2.016991561223,2.524543024074E-07,
    -10.18000485779));
#5827 = ORIENTED_EDGE('',*,*,#5416,.T.);
#5828 = ORIENTED_EDGE('',*,*,#5286,.T.);
#5829 = ORIENTED_EDGE('',*,*,#5830,.F.);
#5830 = EDGE_CURVE('',#5812,#5287,#5831,.T.);
#5831 = B_SPLINE_CURVE_WITH_KNOTS('',1,(#5832,#5833),.UNSPECIFIED.,.F.,
  .F.,(2,2),(0.,0.56),.PIECEWISE_BEZIER_KNOTS.);
#5832 = CARTESIAN_POINT('',(2.016991561223,2.524543015639E-07,
    -10.18000485779));
#5833 = CARTESIAN_POINT('',(2.501962646089,-3.02950815911E-08,
    -9.899999417055));
#5834 = B_SPLINE_SURFACE_WITH_KNOTS('',1,10,(
    (#5835,#5836,#5837,#5838,#5839,#5840,#5841,#5842,#5843,#5844,#5845)
    ,(#5846,#5847,#5848,#5849,#5850,#5851,#5852,#5853,#5854,#5855,#5856
    )),.UNSPECIFIED.,.F.,.F.,.F.,(2,2),(11,11),(0.,0.56),(0.,
    6.333910135482),.PIECEWISE_BEZIER_KNOTS.);
#5835 = CARTESIAN_POINT('',(2.016992982272,3.366051363088E-07,
    -9.380006477048));
#5836 = CARTESIAN_POINT('',(2.016991235142,-1.267371917574,
    -9.460004245299));
#5837 = CARTESIAN_POINT('',(1.132353718868,-2.534128174303,
    -9.539963774334));
#5838 = CARTESIAN_POINT('',(-0.6384720995,-3.104863694992,
    -9.620123900438));
#5839 = CARTESIAN_POINT('',(-2.661809270677,-2.305020928027,
    -9.699884483616));
#5840 = CARTESIAN_POINT('',(-3.732192434187,-3.03328059168E-05,
    -9.780005666742));
#5841 = CARTESIAN_POINT('',(-2.661592153319,2.30506410146,
    -9.860126852309));
#5842 = CARTESIAN_POINT('',(-0.638682781301,3.104846664197,
    -9.939887433885));
#5843 = CARTESIAN_POINT('',(1.132425885418,2.534131239186,
    -10.02004756062));
#5844 = CARTESIAN_POINT('',(2.016993361205,1.267372506635,
    -10.10000708954));
#5845 = CARTESIAN_POINT('',(2.016991561223,2.524543015639E-07,
    -10.18000485779));
#5846 = CARTESIAN_POINT('',(2.501963020041,-4.039355120718E-08,
    -9.099999222738));
#5847 = CARTESIAN_POINT('',(2.501962479264,-1.572022615294,
    -9.179999490559));
#5848 = CARTESIAN_POINT('',(1.404710456683,-3.144075175231,
    -9.260004347275));
#5849 = CARTESIAN_POINT('',(-0.792334977926,-3.849957573862,
    -9.339985131313));
#5850 = CARTESIAN_POINT('',(-3.301189457662,-2.86064314102,
    -9.420013862697));
#5851 = CARTESIAN_POINT('',(-4.63024133199,-7.77317127465E-06,
    -9.499999319718));
#5852 = CARTESIAN_POINT('',(-3.30113206418,2.860654799801,
    -9.579984777382));
#5853 = CARTESIAN_POINT('',(-0.79239007254,3.849953163742,
    -9.660013508345));
#5854 = CARTESIAN_POINT('',(1.404729731332,3.144075855021,
    -9.739994292548));
#5855 = CARTESIAN_POINT('',(2.501963180523,1.572022544606,
    -9.819999149237));
#5856 = CARTESIAN_POINT('',(2.501962646089,-3.02950815911E-08,
    -9.899999417055));
#5857 = ADVANCED_FACE('',(#5858),#5888,.T.);
#5858 = FACE_BOUND('',#5859,.T.);
#5859 = EDGE_LOOP('',(#5860,#5876,#5877,#5878));
#5860 = ORIENTED_EDGE('',*,*,#5861,.F.);
#5861 = EDGE_CURVE('',#5448,#5862,#5864,.T.);
#5862 = VERTEX_POINT('',#5863);
#5863 = CARTESIAN_POINT('',(2.016993804953,2.524535451507E-07,
    -10.38000485778));
#5864 = B_SPLINE_CURVE_WITH_KNOTS('',10,(#5865,#5866,#5867,#5868,#5869,
    #5870,#5871,#5872,#5873,#5874,#5875),.UNSPECIFIED.,.F.,.F.,(11,11),(
    0.,6.333910135482),.PIECEWISE_BEZIER_KNOTS.);
#5865 = CARTESIAN_POINT('',(2.016995973912,3.366038445076E-07,
    -9.580006477025));
#5866 = CARTESIAN_POINT('',(2.016993195967,-1.267373561961,
    -9.660004245292));
#5867 = CARTESIAN_POINT('',(1.132336002927,-2.534130747066,
    -9.739963774601));
#5868 = CARTESIAN_POINT('',(-0.638417725982,-3.104872149324,
    -9.82012389957));
#5869 = CARTESIAN_POINT('',(-2.661870035123,-2.305012361319,
    -9.899884484617));
#5870 = CARTESIAN_POINT('',(-3.732197281511,-4.601015556815E-05,
    -9.980005666366));
#5871 = CARTESIAN_POINT('',(-2.661538291992,2.305078666066,
    -10.06012685184));
#5872 = CARTESIAN_POINT('',(-0.638738814966,3.104846253395,
    -10.13988743444));
#5873 = CARTESIAN_POINT('',(1.132446541228,2.534135250929,
    -10.22004756038));
#5874 = CARTESIAN_POINT('',(2.016996635749,1.267374151019,
    -10.30000708952));
#5875 = CARTESIAN_POINT('',(2.016993804953,2.524535444461E-07,
    -10.38000485778));
#5876 = ORIENTED_EDGE('',*,*,#5465,.T.);
#5877 = ORIENTED_EDGE('',*,*,#5811,.T.);
#5878 = ORIENTED_EDGE('',*,*,#5879,.F.);
#5879 = EDGE_CURVE('',#5862,#5812,#5880,.T.);
#5880 = ( BOUNDED_CURVE() B_SPLINE_CURVE(6,(#5881,#5882,#5883,#5884,
#5885,#5886,#5887),.UNSPECIFIED.,.F.,.F.) B_SPLINE_CURVE_WITH_KNOTS((7,7
),(0.,2.094395102393),.PIECEWISE_BEZIER_KNOTS.) CURVE() 
GEOMETRIC_REPRESENTATION_ITEM() RATIONAL_B_SPLINE_CURVE((1.056590953773,
    1.017435169568,0.996326512422,0.989390034249,0.996326512422,
1.017435169568,1.056590953773)) REPRESENTATION_ITEM('') );
#5881 = CARTESIAN_POINT('',(2.016993804953,2.524535459569E-07,
    -10.38000485778));
#5882 = CARTESIAN_POINT('',(1.980744532387,2.735875975768E-07,
    -10.35907687272));
#5883 = CARTESIAN_POINT('',(1.955199334506,2.88480900501E-07,
    -10.32365517829));
#5884 = CARTESIAN_POINT('',(1.945965891736,2.938640793482E-07,
    -10.28000565461));
#5885 = CARTESIAN_POINT('',(1.955198355126,2.884812300707E-07,
    -10.23635592376));
#5886 = CARTESIAN_POINT('',(1.980742758234,2.735881947658E-07,
    -10.20093365617));
#5887 = CARTESIAN_POINT('',(2.016991561223,2.524543024074E-07,
    -10.18000485779));
#5888 = ( BOUNDED_SURFACE() B_SPLINE_SURFACE(6,11,(
    (#5889,#5890,#5891,#5892,#5893,#5894,#5895,#5896,#5897,#5898,#5899
      ,#5900)
    ,(#5901,#5902,#5903,#5904,#5905,#5906,#5907,#5908,#5909,#5910,#5911
      ,#5912)
    ,(#5913,#5914,#5915,#5916,#5917,#5918,#5919,#5920,#5921,#5922,#5923
      ,#5924)
    ,(#5925,#5926,#5927,#5928,#5929,#5930,#5931,#5932,#5933,#5934,#5935
      ,#5936)
    ,(#5937,#5938,#5939,#5940,#5941,#5942,#5943,#5944,#5945,#5946,#5947
      ,#5948)
    ,(#5949,#5950,#5951,#5952,#5953,#5954,#5955,#5956,#5957,#5958,#5959
      ,#5960)
    ,(#5961,#5962,#5963,#5964,#5965,#5966,#5967,#5968,#5969,#5970,#5971
,#5972
    )),.UNSPECIFIED.,.F.,.F.,.F.) B_SPLINE_SURFACE_WITH_KNOTS((7,7),(12,
    12),(0.,2.094395102393),(0.,6.333910135482),
.PIECEWISE_BEZIER_KNOTS.) GEOMETRIC_REPRESENTATION_ITEM() 
RATIONAL_B_SPLINE_SURFACE((
    (1.056590953773,1.056590953773,1.056590953773,1.056590953772
      ,1.056590953774,1.056590953772,1.056590953774,1.056590953772
      ,1.056590953774,1.056590953773,1.056590953773,1.056590953773)
    ,(1.017435169568,1.017435169568,1.017435169568,1.017435169568
      ,1.017435169569,1.017435169567,1.01743516957,1.017435169567
      ,1.017435169569,1.017435169568,1.017435169568,1.017435169568)
    ,(0.996326512422,0.996326512422,0.996326512422,0.996326512422
      ,0.996326512423,0.996326512421,0.996326512423,0.996326512422
      ,0.996326512422,0.996326512422,0.996326512422,0.996326512422)
    ,(0.989390034249,0.989390034249,0.989390034249,0.989390034248
      ,0.989390034249,0.989390034248,0.989390034249,0.989390034248
      ,0.989390034249,0.989390034249,0.989390034249,0.989390034249)
    ,(0.996326512422,0.996326512422,0.996326512422,0.996326512422
      ,0.996326512423,0.996326512421,0.996326512423,0.996326512422
      ,0.996326512422,0.996326512422,0.996326512422,0.996326512422)
    ,(1.017435169568,1.017435169568,1.017435169568,1.017435169568
      ,1.017435169569,1.017435169567,1.017435169569,1.017435169568
      ,1.017435169569,1.017435169568,1.017435169568,1.017435169568)
    ,(1.056590953773,1.056590953773,1.056590953773,1.056590953772
      ,1.056590953774,1.056590953772,1.056590953775,1.056590953772
      ,1.056590953774,1.056590953773,1.056590953773,1.056590953773
))) REPRESENTATION_ITEM('') SURFACE() );
#5889 = CARTESIAN_POINT('',(2.016995973912,3.366038436314E-07,
    -9.580006477025));
#5890 = CARTESIAN_POINT('',(2.016993448508,-1.152157753001,
    -9.652731720904));
#5891 = CARTESIAN_POINT('',(1.293182765297,-2.303811258865,
    -9.725425678363));
#5892 = CARTESIAN_POINT('',(-0.155360232107,-2.952389865205,
    -9.79836353888));
#5893 = CARTESIAN_POINT('',(-1.92655892611,-2.583399365531,
    -9.870481918607));
#5894 = CARTESIAN_POINT('',(-3.244810377728,-1.070027810308,
    -9.944298941859));
#5895 = CARTESIAN_POINT('',(-3.246408623518,1.07000775593,
    -10.01571239256));
#5896 = CARTESIAN_POINT('',(-1.925485115126,2.583432142764,
    -10.08952941696));
#5897 = CARTESIAN_POINT('',(-0.155812921994,2.952372260125,
    -10.16164779539));
#5898 = CARTESIAN_POINT('',(1.293273831141,2.303815050946,
    -10.23458565659));
#5899 = CARTESIAN_POINT('',(2.016996378404,1.152158342059,
    -10.30727961391));
#5900 = CARTESIAN_POINT('',(2.016993804953,2.524535459569E-07,
    -10.38000485778));
#5901 = CARTESIAN_POINT('',(1.980746623085,3.647826005149E-07,
    -9.559078627528));
#5902 = CARTESIAN_POINT('',(1.980744211831,-1.131456628686,
    -9.631803701559));
#5903 = CARTESIAN_POINT('',(1.269939220067,-2.262369656352,
    -9.704494870001));
#5904 = CARTESIAN_POINT('',(-0.152560028913,-2.899453334293,
    -9.777450360055));
#5905 = CARTESIAN_POINT('',(-1.891943533512,-2.536714813769,
    -9.84951776582));
#5906 = CARTESIAN_POINT('',(-3.186499783701,-1.051160842182,
    -9.923426018334));
#5907 = CARTESIAN_POINT('',(-3.188040397889,1.05114139784,
    -9.994729481556));
#5908 = CARTESIAN_POINT('',(-1.890908558944,2.536746340977,
    -10.06863773517));
#5909 = CARTESIAN_POINT('',(-0.152996487776,2.899436358977,
    -10.14070513969));
#5910 = CARTESIAN_POINT('',(1.270026919374,2.262373356858,-10.2136606304
    ));
#5911 = CARTESIAN_POINT('',(1.98074699571,1.131457267057,-10.2863517987)
  );
#5912 = CARTESIAN_POINT('',(1.980744532387,2.735875975768E-07,
    -10.35907687272));
#5913 = CARTESIAN_POINT('',(1.955201292743,3.846403836549E-07,
    -9.523657028625));
#5914 = CARTESIAN_POINT('',(1.955199058798,-1.116868332708,
    -9.596381982963));
#5915 = CARTESIAN_POINT('',(1.25356088879,-2.233165392159,
    -9.669071185952));
#5916 = CARTESIAN_POINT('',(-0.150594749251,-2.862148101615,
    -9.742039099736));
#5917 = CARTESIAN_POINT('',(-1.867530558256,-2.503816322444,
    -9.814070583601));
#5918 = CARTESIAN_POINT('',(-3.14543618442,-1.03786475449,
    -9.888043126338));
#5919 = CARTESIAN_POINT('',(-3.146879228621,1.03784642107,
    -9.959269080242));
#5920 = CARTESIAN_POINT('',(-1.866561253707,2.503845780405,
    -10.03324162401));
#5921 = CARTESIAN_POINT('',(-0.151003665079,2.862132195985,
    -10.1052731067));
#5922 = CARTESIAN_POINT('',(1.253642945739,2.233168906431,-10.1782410211
    ));
#5923 = CARTESIAN_POINT('',(1.955201623356,1.11686900583,-10.25093022396
    ));
#5924 = CARTESIAN_POINT('',(1.955199334506,2.88480900501E-07,
    -10.32365517829));
#5925 = CARTESIAN_POINT('',(1.945967686743,3.918180120355E-07,
    -9.480007539469));
#5926 = CARTESIAN_POINT('',(1.945965661417,-1.111595285381,
    -9.552732450543));
#5927 = CARTESIAN_POINT('',(1.247643259439,-2.222609385961,
    -9.625420943101));
#5928 = CARTESIAN_POINT('',(-0.149896399094,-2.848663382808,
    -9.698393347552));
#5929 = CARTESIAN_POINT('',(-1.858677733948,-2.491925806308,
    -9.770411847147));
#5930 = CARTESIAN_POINT('',(-3.130635934288,-1.033058277332,
    -9.84440762809));
#5931 = CARTESIAN_POINT('',(-3.131958728864,1.033041361584,
    -9.915605565678));
#5932 = CARTESIAN_POINT('',(-1.857789314497,2.491952743254,
    -9.98960134757));
#5933 = CARTESIAN_POINT('',(-0.150271329905,2.848648797677,
    -10.06161984609));
#5934 = CARTESIAN_POINT('',(1.247718398002,2.222612651334,-10.1345922511
    ));
#5935 = CARTESIAN_POINT('',(1.94596797299,1.111595971064,-10.20728074354
    ));
#5936 = CARTESIAN_POINT('',(1.945965891736,2.938640793482E-07,
    -10.28000565461));
#5937 = CARTESIAN_POINT('',(1.955199986903,3.846409468156E-07,
    -9.436357774097));
#5938 = CARTESIAN_POINT('',(1.955198162001,-1.116867680191,
    -9.509082728429));
#5939 = CARTESIAN_POINT('',(1.253567060125,-2.233164342836,
    -9.58177193132));
#5940 = CARTESIAN_POINT('',(-0.150628664184,-2.862145111544,
    -9.654739845711));
#5941 = CARTESIAN_POINT('',(-1.867448598615,-2.50381735992,
    -9.726771327871));
#5942 = CARTESIAN_POINT('',(-3.145554602007,-1.037862721907,
    -9.80074387357));
#5943 = CARTESIAN_POINT('',(-3.146757133216,1.037847264268,
    -9.871969824007));
#5944 = CARTESIAN_POINT('',(-1.866641032358,2.503841799813,
    -9.945942370568));
#5945 = CARTESIAN_POINT('',(-0.150969573105,2.862131848866,
    -10.01797385175));
#5946 = CARTESIAN_POINT('',(1.253635308984,2.2331673432,-10.09094176665)
  );
#5947 = CARTESIAN_POINT('',(1.955200234933,1.116868353314,
    -10.16363096943));
#5948 = CARTESIAN_POINT('',(1.955198355126,2.884812300707E-07,
    -10.23635592376));
#5949 = CARTESIAN_POINT('',(1.980744257547,3.647836219756E-07,
    -9.400935410986));
#5950 = CARTESIAN_POINT('',(1.980742587276,-1.131455446647,
    -9.473660485006));
#5951 = CARTESIAN_POINT('',(1.269950399485,-2.262367755497,
    -9.546351653269));
#5952 = CARTESIAN_POINT('',(-0.152621466054,-2.899447917757,
    -9.619307144423));
#5953 = CARTESIAN_POINT('',(-1.891795063041,-2.536716693166,
    -9.691374547101));
#5954 = CARTESIAN_POINT('',(-3.186714297998,-1.051157160139,
    -9.76528280498));
#5955 = CARTESIAN_POINT('',(-3.187819221199,1.051142925297,
    -9.836586261922));
#5956 = CARTESIAN_POINT('',(-1.891053078535,2.536739130109,
    -9.910494520593));
#5957 = CARTESIAN_POINT('',(-0.152934729923,2.899435730166,
    -9.982561922376));
#5958 = CARTESIAN_POINT('',(1.270013085337,2.262370525055,
    -10.05551741399));
#5959 = CARTESIAN_POINT('',(1.980744480574,1.131456085019,
    -10.12820858216));
#5960 = CARTESIAN_POINT('',(1.980742758234,2.735881947658E-07,
    -10.20093365617));
#5961 = CARTESIAN_POINT('',(2.016992982272,3.366051347098E-07,
    -9.380006477048));
#5962 = CARTESIAN_POINT('',(2.016991393972,-1.152156258104,
    -9.452731720912));
#5963 = CARTESIAN_POINT('',(1.293196903644,-2.303808854897,
    -9.525425678147));
#5964 = CARTESIAN_POINT('',(-0.155437930212,-2.952383015041,
    -9.598363540053));
#5965 = CARTESIAN_POINT('',(-1.926371159001,-2.583401742358,
    -9.670481915875));
#5966 = CARTESIAN_POINT('',(-3.245081668912,-1.070023153717,
    -9.744298945913));
#5967 = CARTESIAN_POINT('',(-3.246128906564,1.070009687668,
    -9.81571238868));
#5968 = CARTESIAN_POINT('',(-1.925667885651,2.58342302335,
    -9.889529419469));
#5969 = CARTESIAN_POINT('',(-0.155734818292,2.952371464882,
    -9.961647794443));
#5970 = CARTESIAN_POINT('',(1.293256335561,2.303811469632,
    -10.03458565679));
#5971 = CARTESIAN_POINT('',(2.01699319757,1.152156847164,-10.10727961393
    ));
#5972 = CARTESIAN_POINT('',(2.016991561223,2.524543024074E-07,
    -10.18000485779));
#5973 = ADVANCED_FACE('',(#5974),#5984,.T.);
#5974 = FACE_BOUND('',#5975,.T.);
#5975 = EDGE_LOOP('',(#5976,#5977,#5978,#5979));
#5976 = ORIENTED_EDGE('',*,*,#5597,.F.);
#5977 = ORIENTED_EDGE('',*,*,#5566,.T.);
#5978 = ORIENTED_EDGE('',*,*,#5861,.T.);
#5979 = ORIENTED_EDGE('',*,*,#5980,.F.);
#5980 = EDGE_CURVE('',#5598,#5862,#5981,.T.);
#5981 = B_SPLINE_CURVE_WITH_KNOTS('',1,(#5982,#5983),.UNSPECIFIED.,.F.,
  .F.,(2,2),(0.,0.56),.PIECEWISE_BEZIER_KNOTS.);
#5982 = CARTESIAN_POINT('',(2.501971172264,-3.029795061932E-08,
    -10.659999417));
#5983 = CARTESIAN_POINT('',(2.016993804953,2.524535444461E-07,
    -10.38000485778));
#5984 = B_SPLINE_SURFACE_WITH_KNOTS('',1,10,(
    (#5985,#5986,#5987,#5988,#5989,#5990,#5991,#5992,#5993,#5994,#5995)
    ,(#5996,#5997,#5998,#5999,#6000,#6001,#6002,#6003,#6004,#6005,#6006
    )),.UNSPECIFIED.,.F.,.F.,.F.,(2,2),(11,11),(0.,0.56),(0.,
    6.333910135482),.PIECEWISE_BEZIER_KNOTS.);
#5985 = CARTESIAN_POINT('',(2.501974388272,-4.039846215759E-08,
    -9.859999222653));
#5986 = CARTESIAN_POINT('',(2.501969930399,-1.572028863964,
    -9.939999490532));
#5987 = CARTESIAN_POINT('',(1.40464313611,-3.144084951731,
    -10.02000434828));
#5988 = CARTESIAN_POINT('',(-0.792128358558,-3.849989700327,
    -10.09998512801));
#5989 = CARTESIAN_POINT('',(-3.301420362558,-2.860610587531,
    -10.18001386649));
#5990 = CARTESIAN_POINT('',(-4.630259751819,-6.734710172118E-05,
    -10.25999931829));
#5991 = CARTESIAN_POINT('',(-3.300927391138,2.860710145308,
    -10.33998477561));
#5992 = CARTESIAN_POINT('',(-0.792603000464,3.849951602696,
    -10.42001351047));
#5993 = CARTESIAN_POINT('',(1.404808223409,3.144091099645,
    -10.49999429163));
#5994 = CARTESIAN_POINT('',(2.50197562379,1.572028793269,-10.57999914914
    ));
#5995 = CARTESIAN_POINT('',(2.501971172264,-3.029795061932E-08,
    -10.659999417));
#5996 = CARTESIAN_POINT('',(2.016995973912,3.366038445076E-07,
    -9.580006477025));
#5997 = CARTESIAN_POINT('',(2.016993195967,-1.267373561961,
    -9.660004245292));
#5998 = CARTESIAN_POINT('',(1.132336002927,-2.534130747066,
    -9.739963774601));
#5999 = CARTESIAN_POINT('',(-0.638417725982,-3.104872149324,
    -9.82012389957));
#6000 = CARTESIAN_POINT('',(-2.661870035123,-2.305012361319,
    -9.899884484617));
#6001 = CARTESIAN_POINT('',(-3.732197281511,-4.601015556815E-05,
    -9.980005666366));
#6002 = CARTESIAN_POINT('',(-2.661538291992,2.305078666066,
    -10.06012685184));
#6003 = CARTESIAN_POINT('',(-0.638738814966,3.104846253395,
    -10.13988743444));
#6004 = CARTESIAN_POINT('',(1.132446541228,2.534135250929,
    -10.22004756038));
#6005 = CARTESIAN_POINT('',(2.016996635749,1.267374151019,
    -10.30000708952));
#6006 = CARTESIAN_POINT('',(2.016993804953,2.524535444461E-07,
    -10.38000485778));
#6007 = ADVANCED_FACE('',(#6008),#6225,.T.);
#6008 = FACE_BOUND('',#6009,.F.);
#6009 = EDGE_LOOP('',(#6010,#6112,#6113,#6210,#6219));
#6010 = ORIENTED_EDGE('',*,*,#6011,.F.);
#6011 = EDGE_CURVE('',#5598,#6012,#6014,.T.);
#6012 = VERTEX_POINT('',#6013);
#6013 = CARTESIAN_POINT('',(2.45,4.898960484331E-13,-11.42999641604));
#6014 = B_SPLINE_CURVE_WITH_KNOTS('',6,(#6015,#6016,#6017,#6018,#6019,
    #6020,#6021,#6022,#6023,#6024,#6025,#6026,#6027,#6028,#6029,#6030,
    #6031,#6032,#6033,#6034,#6035,#6036,#6037,#6038,#6039,#6040,#6041,
    #6042,#6043,#6044,#6045,#6046,#6047,#6048,#6049,#6050,#6051,#6052,
    #6053,#6054,#6055,#6056,#6057,#6058,#6059,#6060,#6061,#6062,#6063,
    #6064,#6065,#6066,#6067,#6068,#6069,#6070,#6071,#6072,#6073,#6074,
    #6075,#6076,#6077,#6078,#6079,#6080,#6081,#6082,#6083,#6084,#6085,
    #6086,#6087,#6088,#6089,#6090,#6091,#6092,#6093,#6094,#6095,#6096,
    #6097,#6098,#6099,#6100,#6101,#6102,#6103,#6104,#6105,#6106,#6107,
    #6108,#6109,#6110,#6111),.UNSPECIFIED.,.F.,.F.,(7,5,5,5,5,5,5,5,5,5,
    5,5,5,5,5,5,5,5,5,7),(0.,1.877047291948E-02,5.676986716049E-02,
    0.125769946584,0.229622196532,0.245622395734,0.266168384516,
    0.324169976654,0.376173543815,0.403081984828,0.497816429775,
    0.597681476185,0.643378872956,0.70538129501,0.7378590891,
    0.806084777532,0.870347227558,0.954335952756,0.970025109011,1.),
  .UNSPECIFIED.);
#6015 = CARTESIAN_POINT('',(2.45,2.27995400337E-12,-10.6299946241));
#6016 = CARTESIAN_POINT('',(2.45,-4.815671529585E-02,-10.6324973574));
#6017 = CARTESIAN_POINT('',(2.448864128633,-9.631344682763E-02,
    -10.6349999957));
#6018 = CARTESIAN_POINT('',(2.446592387861,-0.144436641131,
    -10.63750259799));
#6019 = CARTESIAN_POINT('',(2.443186096261,-0.192492822787,
    -10.64000521469));
#6020 = CARTESIAN_POINT('',(2.438647889029,-0.240448594422,
    -10.64250788766));
#6021 = CARTESIAN_POINT('',(2.421510985805,-0.385082722691,
    -10.65007730241));
#6022 = CARTESIAN_POINT('',(2.40541737943,-0.481347577819,
    -10.65514434106));
#6023 = CARTESIAN_POINT('',(2.384733938377,-0.576787643607,
    -10.66021201038));
#6024 = CARTESIAN_POINT('',(2.359515181888,-0.671130593234,
    -10.6652803984));
#6025 = CARTESIAN_POINT('',(2.32983710892,-0.764109331544,
    -10.67034943699));
#6026 = CARTESIAN_POINT('',(2.233986830023,-1.021342035054,
    -10.68462413999));
#6027 = CARTESIAN_POINT('',(2.157789862961,-1.181873643311,
    -10.69383144646));
#6028 = CARTESIAN_POINT('',(2.067792525984,-1.335473247659,
    -10.70303845982));
#6029 = CARTESIAN_POINT('',(1.964804821644,-1.480684161177,
    -10.71224374394));
#6030 = CARTESIAN_POINT('',(1.849821132756,-1.616168147078,
    -10.72144685188));
#6031 = CARTESIAN_POINT('',(1.534736835407,-1.928230607146,
    -10.74449250499));
#6032 = CARTESIAN_POINT('',(1.320897687128,-2.091080234487,
    -10.75833630794));
#6033 = CARTESIAN_POINT('',(1.086672428653,-2.225124992317,
    -10.77216714647));
#6034 = CARTESIAN_POINT('',(0.836945427699,-2.327425242521,
    -10.78599556144));
#6035 = CARTESIAN_POINT('',(0.577036860212,-2.395937841641,
    -10.79983264791));
#6036 = CARTESIAN_POINT('',(0.272064602673,-2.435193197126,
    -10.81580234376));
#6037 = CARTESIAN_POINT('',(0.231245713666,-2.439615171764,
    -10.81793440791));
#6038 = CARTESIAN_POINT('',(0.19034206443,-2.443215916183,
    -10.82006660272));
#6039 = CARTESIAN_POINT('',(0.149374302474,-2.445993474679,
    -10.82219893353));
#6040 = CARTESIAN_POINT('',(0.108363128946,-2.447946584406,
    -10.82433140388));
#6041 = CARTESIAN_POINT('',(1.463741606602E-02,-2.450523266357,
    -10.82920251967));
#6042 = CARTESIAN_POINT('',(-3.809187678574E-02,-2.450611456709,
    -10.83194125759));
#6043 = CARTESIAN_POINT('',(-9.081460528272E-02,-2.449338041105,
    -10.83468023257));
#6044 = CARTESIAN_POINT('',(-0.143486859086,-2.446703703735,
    -10.83741944294));
#6045 = CARTESIAN_POINT('',(-0.196064792161,-2.4427110183,
    -10.84015888206));
#6046 = CARTESIAN_POINT('',(-0.39654294304,-2.422271010939,
    -10.85063262298));
#6047 = CARTESIAN_POINT('',(-0.543485675184,-2.396387033256,
    -10.85836869285));
#6048 = CARTESIAN_POINT('',(-0.688340077164,-2.359814350633,
    -10.8661059983));
#6049 = CARTESIAN_POINT('',(-0.830140711362,-2.312771948214,
    -10.87384431428));
#6050 = CARTESIAN_POINT('',(-0.967955739876,-2.255594162283,
    -10.88158332318));
#6051 = CARTESIAN_POINT('',(-1.220083450798,-2.128778232833,
    -10.89626040527));
#6052 = CARTESIAN_POINT('',(-1.335358522234,-2.061037309914,
    -10.90319888058));
#6053 = CARTESIAN_POINT('',(-1.446077106289,-1.985828997264,
    -10.9101367452));
#6054 = CARTESIAN_POINT('',(-1.551640553078,-1.903541150637,
    -10.9170738742));
#6055 = CARTESIAN_POINT('',(-1.651495907912,-1.814624425041,
    -10.9240102668));
#6056 = CARTESIAN_POINT('',(-1.793593060353,-1.670416062813,
    -10.93453420655));
#6057 = CARTESIAN_POINT('',(-1.84038454199,-1.619603536296,
    -10.93812255573));
#6058 = CARTESIAN_POINT('',(-1.885443918194,-1.567223027729,
    -10.94171066346));
#6059 = CARTESIAN_POINT('',(-1.928706011208,-1.513348600761,
    -10.94529853734));
#6060 = CARTESIAN_POINT('',(-1.970109920788,-1.458057877738,
    -10.94888619364));
#6061 = CARTESIAN_POINT('',(-2.148625223884,-1.202073877986,
    -10.96510375998));
#6062 = CARTESIAN_POINT('',(-2.263950623447,-0.986120030771,
    -10.97773434504));
#6063 = CARTESIAN_POINT('',(-2.353020927504,-0.757193081284,
    -10.9903602761));
#6064 = CARTESIAN_POINT('',(-2.414176276626,-0.519284310892,
    -11.00298720433));
#6065 = CARTESIAN_POINT('',(-2.446438394247,-0.276603628799,
    -11.01561977166));
#6066 = CARTESIAN_POINT('',(-2.453281687892,0.222600169869,
    -11.04156753053));
#6067 = CARTESIAN_POINT('',(-2.424646136721,0.47929596118,
    -11.05488949172));
#6068 = CARTESIAN_POINT('',(-2.363760345203,0.731297558168,
    -11.06820934463));
#6069 = CARTESIAN_POINT('',(-2.27170184713,0.973656142688,
    -11.08152934507));
#6070 = CARTESIAN_POINT('',(-2.150375218882,1.201678022252,
    -11.09485102605));
#6071 = CARTESIAN_POINT('',(-1.935279944061,1.506962727212,
    -11.11425820581));
#6072 = CARTESIAN_POINT('',(-1.862249143734,1.598926499725,
    -11.12035018558));
#6073 = CARTESIAN_POINT('',(-1.783994076085,1.686616418145,
    -11.12644126827));
#6074 = CARTESIAN_POINT('',(-1.70082992217,1.769665365825,
    -11.13253153684));
#6075 = CARTESIAN_POINT('',(-1.613105517114,1.847738034293,
    -11.13862116045));
#6076 = CARTESIAN_POINT('',(-1.396507035136,2.019299873906,
    -11.1529717107));
#6077 = CARTESIAN_POINT('',(-1.264111411749,2.108355619894,
    -11.16123257378));
#6078 = CARTESIAN_POINT('',(-1.124972861914,2.186942103314,
    -11.16949241154));
#6079 = CARTESIAN_POINT('',(-0.980129213694,2.254437279839,
    -11.17775231861));
#6080 = CARTESIAN_POINT('',(-0.830690052965,2.310358750483,
    -11.18601345026));
#6081 = CARTESIAN_POINT('',(-0.597757086136,2.37742072388,
    -11.19860353362));
#6082 = CARTESIAN_POINT('',(-0.51674479562,2.397205643162,
    -11.20293179453));
#6083 = CARTESIAN_POINT('',(-0.434958908773,2.413674620949,
    -11.20726053175));
#6084 = CARTESIAN_POINT('',(-0.35256896637,2.426791121324,-11.2115898067
    ));
#6085 = CARTESIAN_POINT('',(-0.269746605002,2.436530223862,
    -11.21591965636));
#6086 = CARTESIAN_POINT('',(-1.213825773785E-02,2.456214626183,
    -11.22934698692));
#6087 = CARTESIAN_POINT('',(0.163543011205,2.454588861351,
    -11.23844705168));
#6088 = CARTESIAN_POINT('',(0.33875105804,2.437873678077,-11.24754918132
    ));
#6089 = CARTESIAN_POINT('',(0.511878825675,2.406186414253,
    -11.25665354787));
#6090 = CARTESIAN_POINT('',(0.68134811226,2.359852239171,-11.26575958281
    ));
#6091 = CARTESIAN_POINT('',(1.000365010294,2.242532399216,
    -11.28344119165));
#6092 = CARTESIAN_POINT('',(1.150514662778,2.173128973673,
    -11.29201776386));
#6093 = CARTESIAN_POINT('',(1.294798123963,2.091694981332,
    -11.30059264896));
#6094 = CARTESIAN_POINT('',(1.432028674642,1.998866635353,
    -11.30916526245));
#6095 = CARTESIAN_POINT('',(1.561107383767,1.895422329372,
    -11.31773563071));
#6096 = CARTESIAN_POINT('',(1.837799293696,1.634449436616,
    -11.33750058128));
#6097 = CARTESIAN_POINT('',(1.978971551478,1.470035585568,
    -11.34869543184));
#6098 = CARTESIAN_POINT('',(2.102320886528,1.291154761921,
    -11.35988485455));
#6099 = CARTESIAN_POINT('',(2.206080867877,1.100244613144,
    -11.37107361301));
#6100 = CARTESIAN_POINT('',(2.288877757162,0.899982473341,
    -11.38226780165));
#6101 = CARTESIAN_POINT('',(2.361244749362,0.654708622563,
    -11.39555523366));
#6102 = CARTESIAN_POINT('',(2.371874106461,0.615878307048,
    -11.39764677511));
#6103 = CARTESIAN_POINT('',(2.381736824363,0.576842188585,
    -11.39973843552));
#6104 = CARTESIAN_POINT('',(2.390827989923,0.537619186438,
    -11.40183020958));
#6105 = CARTESIAN_POINT('',(2.399143311873,0.498228380571,
    -11.40392208635));
#6106 = CARTESIAN_POINT('',(2.421076647883,0.383147137103,
    -11.41001084537));
#6107 = CARTESIAN_POINT('',(2.432628854804,0.30706266074,-11.41400796905
    ));
#6108 = CARTESIAN_POINT('',(2.441310123276,0.230570017343,
    -11.41800529197));
#6109 = CARTESIAN_POINT('',(2.447103360662,0.153804479512,
    -11.42200263536));
#6110 = CARTESIAN_POINT('',(2.45,7.690215765836E-02,-11.42599976996));
#6111 = CARTESIAN_POINT('',(2.45,1.052047338135E-12,-11.42999641604));
#6112 = ORIENTED_EDGE('',*,*,#5797,.T.);
#6113 = ORIENTED_EDGE('',*,*,#6114,.T.);
#6114 = EDGE_CURVE('',#5701,#6115,#6117,.T.);
#6115 = VERTEX_POINT('',#6116);
#6116 = CARTESIAN_POINT('',(2.419832412757,0.383289830505,-11.51));
#6117 = B_SPLINE_CURVE_WITH_KNOTS('',6,(#6118,#6119,#6120,#6121,#6122,
    #6123,#6124,#6125,#6126,#6127,#6128,#6129,#6130,#6131,#6132,#6133,
    #6134,#6135,#6136,#6137,#6138,#6139,#6140,#6141,#6142,#6143,#6144,
    #6145,#6146,#6147,#6148,#6149,#6150,#6151,#6152,#6153,#6154,#6155,
    #6156,#6157,#6158,#6159,#6160,#6161,#6162,#6163,#6164,#6165,#6166,
    #6167,#6168,#6169,#6170,#6171,#6172,#6173,#6174,#6175,#6176,#6177,
    #6178,#6179,#6180,#6181,#6182,#6183,#6184,#6185,#6186,#6187,#6188,
    #6189,#6190,#6191,#6192,#6193,#6194,#6195,#6196,#6197,#6198,#6199,
    #6200,#6201,#6202,#6203,#6204,#6205,#6206,#6207,#6208,#6209),
  .UNSPECIFIED.,.F.,.F.,(7,5,5,5,5,5,5,5,5,5,5,5,5,5,5,5,5,5,7),(0.,
    2.64724022679E-02,4.681603338245E-02,0.130915823149,0.184389761362,
    0.269516998753,0.306312848858,0.363750939016,0.412346295156,
    0.504458727907,0.61361331458,0.637164522997,0.689475763631,
    0.756143707944,0.803002576403,0.85838982946,0.894546776134,
    0.96625671421,1.),.UNSPECIFIED.);
#6118 = CARTESIAN_POINT('',(2.45,1.203481758694E-13,-10.73000056135));
#6119 = CARTESIAN_POINT('',(2.45,-6.621895796212E-02,-10.73344187549));
#6120 = CARTESIAN_POINT('',(2.447852261983,-0.132438021965,
    -10.73688345322));
#6121 = CARTESIAN_POINT('',(2.443556802944,-0.198569813314,
    -10.74032514861));
#6122 = CARTESIAN_POINT('',(2.437118333967,-0.264527364979,
    -10.74376683688));
#6123 = CARTESIAN_POINT('',(2.428546260231,-0.330224121588,
    -10.74720841445));
#6124 = CARTESIAN_POINT('',(2.409638367965,-0.445794262252,
    -10.75329444958));
#6125 = CARTESIAN_POINT('',(2.400170325125,-0.495809796147,
    -10.75593899022));
#6126 = CARTESIAN_POINT('',(2.389456949799,-0.545581476157,
    -10.75858338729));
#6127 = CARTESIAN_POINT('',(2.377506236965,-0.595070609909,
    -10.76122761947));
#6128 = CARTESIAN_POINT('',(2.364327779261,-0.644238877624,
    -10.76387167767));
#6129 = CARTESIAN_POINT('',(2.290424339055,-0.894824742541,
    -10.77744529403));
#6130 = CARTESIAN_POINT('',(2.210117555579,-1.090495673978,
    -10.7883735132));
#6131 = CARTESIAN_POINT('',(2.109809669807,-1.277322668089,
    -10.79929725495));
#6132 = CARTESIAN_POINT('',(1.990766310593,-1.452808189268,
    -10.81022185265));
#6133 = CARTESIAN_POINT('',(1.854613543214,-1.614671717417,
    -10.82115151775));
#6134 = CARTESIAN_POINT('',(1.607267472776,-1.853937337762,
    -10.83903485447));
#6135 = CARTESIAN_POINT('',(1.505030538371,-1.940641182488,
    -10.84598771782));
#6136 = CARTESIAN_POINT('',(1.397218764172,-2.02054500415,
    -10.85294216768));
#6137 = CARTESIAN_POINT('',(1.284400287816,-2.093208269314,
    -10.85989818302));
#6138 = CARTESIAN_POINT('',(1.167187847307,-2.158255028473,
    -10.86685551361));
#6139 = CARTESIAN_POINT('',(0.853687190883,-2.30630915735,
    -10.88488972746));
#6140 = CARTESIAN_POINT('',(0.651628992427,-2.37717199225,
    -10.89596919053));
#6141 = CARTESIAN_POINT('',(0.442733509454,-2.426690872724,
    -10.90704644461));
#6142 = CARTESIAN_POINT('',(0.229810043031,-2.454129958355,
    -10.91812056642));
#6143 = CARTESIAN_POINT('',(1.57466228457E-02,-2.459185916358,
    -10.92919230923));
#6144 = CARTESIAN_POINT('',(-0.288252723827,-2.434724241867,
    -10.94504219235));
#6145 = CARTESIAN_POINT('',(-0.379666194377,-2.423205663626,
    -10.94982491139));
#6146 = CARTESIAN_POINT('',(-0.470513158622,-2.407569843448,
    -10.95460695142));
#6147 = CARTESIAN_POINT('',(-0.560562666807,-2.387852943471,
    -10.95938837167));
#6148 = CARTESIAN_POINT('',(-0.649587134132,-2.364108377154,
    -10.96416926387));
#6149 = CARTESIAN_POINT('',(-0.874378885215,-2.29316483637,
    -10.97641206433));
#6150 = CARTESIAN_POINT('',(-1.008356239893,-2.240279050502,
    -10.9838736054));
#6151 = CARTESIAN_POINT('',(-1.138438306654,-2.178020064988,
    -10.99133439245));
#6152 = CARTESIAN_POINT('',(-1.263812465748,-2.10675362144,
    -10.99879520728));
#6153 = CARTESIAN_POINT('',(-1.383714457189,-2.026938073348,
    -11.00625677755));
#6154 = CARTESIAN_POINT('',(-1.593644779792,-1.864825184669,
    -11.0200323175));
#6155 = CARTESIAN_POINT('',(-1.685434004931,-1.784799006529,
    -11.02634634793));
#6156 = CARTESIAN_POINT('',(-1.772371748785,-1.699374999028,
    -11.03266104489));
#6157 = CARTESIAN_POINT('',(-1.854065877837,-1.608923515132,
    -11.03897660029));
#6158 = CARTESIAN_POINT('',(-1.930162895686,-1.513851942025,
    -11.04529310781));
#6159 = CARTESIAN_POINT('',(-2.133388187028,-1.226476896357,
    -11.06358443768));
#6160 = CARTESIAN_POINT('',(-2.245219867356,-1.023302131359,
    -11.07556345944));
#6161 = CARTESIAN_POINT('',(-2.333656936281,-0.808143352223,
    -11.08754194726));
#6162 = CARTESIAN_POINT('',(-2.397220752271,-0.584371972523,
    -11.09952060794));
#6163 = CARTESIAN_POINT('',(-2.434989201997,-0.355551565441,
    -11.11150042698));
#6164 = CARTESIAN_POINT('',(-2.460766465723,0.147239988671,
    -11.13766783257));
#6165 = CARTESIAN_POINT('',(-2.438283948067,0.421888916573,
    -11.15186179461));
#6166 = CARTESIAN_POINT('',(-2.378970527214,0.692185767483,
    -11.16604655866));
#6167 = CARTESIAN_POINT('',(-2.284010635062,0.952113750813,
    -11.18022971163));
#6168 = CARTESIAN_POINT('',(-2.155629794398,1.195956556183,
    -11.19442085096));
#6169 = CARTESIAN_POINT('',(-1.963425563435,1.466605137441,
    -11.21167152015));
#6170 = CARTESIAN_POINT('',(-1.927929193935,1.513652813514,
    -11.21473313962));
#6171 = CARTESIAN_POINT('',(-1.891082411284,1.559666215977,
    -11.21779492647));
#6172 = CARTESIAN_POINT('',(-1.85292308387,1.604597106691,
    -11.22085688928));
#6173 = CARTESIAN_POINT('',(-1.813491348036,1.648399136936,
    -11.22391903258));
#6174 = CARTESIAN_POINT('',(-1.682512965908,1.78571346574,
    -11.23378330021));
#6175 = CARTESIAN_POINT('',(-1.586125985499,1.874612233453,
    -11.24058626464));
#6176 = CARTESIAN_POINT('',(-1.484136328643,1.957234276672,
    -11.24738997719));
#6177 = CARTESIAN_POINT('',(-1.377057741763,2.033144980249,
    -11.25419443935));
#6178 = CARTESIAN_POINT('',(-1.265447368571,2.101967003036,
    -11.26099953424));
#6179 = CARTESIAN_POINT('',(-1.002647879049,2.241652873092,
    -11.27647737783));
#6180 = CARTESIAN_POINT('',(-0.84899219696,2.307899448532,
    -11.28515078016));
#6181 = CARTESIAN_POINT('',(-0.690179667647,2.361458207227,
    -11.29382318232));
#6182 = CARTESIAN_POINT('',(-0.527520642032,2.401855392452,
    -11.30249421217));
#6183 = CARTESIAN_POINT('',(-0.362374299907,2.428784677948,
    -11.31116368189));
#6184 = CARTESIAN_POINT('',(-7.930894550506E-02,2.451519735826,
    -11.32592199259));
#6185 = CARTESIAN_POINT('',(3.806821268821E-02,2.454196122776,
    -11.33201251361));
#6186 = CARTESIAN_POINT('',(0.155501201817,2.450126094959,
    -11.33810172671));
#6187 = CARTESIAN_POINT('',(0.272506656679,2.439317132124,
    -11.34418975997));
#6188 = CARTESIAN_POINT('',(0.388604126108,2.421822853822,
    -11.35027686341));
#6189 = CARTESIAN_POINT('',(0.638909833558,2.369280376567,
    -11.36355715992));
#6190 = CARTESIAN_POINT('',(0.772573679682,2.331615633953,
    -11.37075030395));
#6191 = CARTESIAN_POINT('',(0.903522173257,2.284914273403,
    -11.37794265775));
#6192 = CARTESIAN_POINT('',(1.03099694176,2.229427535813,-11.38513508069
    ));
#6193 = CARTESIAN_POINT('',(1.154272771677,2.165490687633,
    -11.39232845364));
#6194 = CARTESIAN_POINT('',(1.349946536892,2.046539654263,-11.404219474)
  );
#6195 = CARTESIAN_POINT('',(1.425150380293,1.996133965212,
    -11.40891657324));
#6196 = CARTESIAN_POINT('',(1.498082799856,1.94242025466,-11.41361435691
    ));
#6197 = CARTESIAN_POINT('',(1.56856324256,1.885527434434,-11.41831291631
    ));
#6198 = CARTESIAN_POINT('',(1.636421170899,1.825597404786,
    -11.42301228712));
#6199 = CARTESIAN_POINT('',(1.830558854498,1.638209553115,
    -11.43703426367));
#6200 = CARTESIAN_POINT('',(1.948685062984,1.502286669068,
    -11.44635984156));
#6201 = CARTESIAN_POINT('',(2.054606933244,1.356234917396,
    -11.45568762878));
#6202 = CARTESIAN_POINT('',(2.147275003204,1.201435590701,
    -11.46501713243));
#6203 = CARTESIAN_POINT('',(2.225832493586,1.039396414574,
    -11.47434675573));
#6204 = CARTESIAN_POINT('',(2.319690775769,0.792880144537,
    -11.48806295087));
#6205 = CARTESIAN_POINT('',(2.346462927548,0.712757100208,-11.4924515292
    ));
#6206 = CARTESIAN_POINT('',(2.369909747848,0.631561345371,
    -11.49683958819));
#6207 = CARTESIAN_POINT('',(2.389978840989,0.549465323557,
    -11.50122707711));
#6208 = CARTESIAN_POINT('',(2.406629802457,0.466644713185,
    -11.50561403687));
#6209 = CARTESIAN_POINT('',(2.419834218902,0.383278427557,-11.5100006));
#6210 = ORIENTED_EDGE('',*,*,#6211,.F.);
#6211 = EDGE_CURVE('',#6212,#6115,#6214,.T.);
#6212 = VERTEX_POINT('',#6213);
#6213 = CARTESIAN_POINT('',(2.45,0.,-11.51));
#6214 = CIRCLE('',#6215,2.45);
#6215 = AXIS2_PLACEMENT_3D('',#6216,#6217,#6218);
#6216 = CARTESIAN_POINT('',(0.,0.,-11.51));
#6217 = DIRECTION('',(0.,0.,1.));
#6218 = DIRECTION('',(1.,0.,-0.));
#6219 = ORIENTED_EDGE('',*,*,#6220,.F.);
#6220 = EDGE_CURVE('',#6012,#6212,#6221,.T.);
#6221 = LINE('',#6222,#6223);
#6222 = CARTESIAN_POINT('',(2.45,0.,-0.2));
#6223 = VECTOR('',#6224,1.);
#6224 = DIRECTION('',(0.,0.,-1.));
#6225 = CYLINDRICAL_SURFACE('',#6226,2.45);
#6226 = AXIS2_PLACEMENT_3D('',#6227,#6228,#6229);
#6227 = CARTESIAN_POINT('',(0.,0.,-0.2));
#6228 = DIRECTION('',(-0.,-0.,-1.));
#6229 = DIRECTION('',(1.,0.,0.));
#6230 = ADVANCED_FACE('',(#6231),#6257,.T.);
#6231 = FACE_BOUND('',#6232,.T.);
#6232 = EDGE_LOOP('',(#6233,#6250,#6251,#6252));
#6233 = ORIENTED_EDGE('',*,*,#6234,.F.);
#6234 = EDGE_CURVE('',#5812,#6235,#6237,.T.);
#6235 = VERTEX_POINT('',#6236);
#6236 = CARTESIAN_POINT('',(2.016990140177,1.683030851451E-07,
    -10.98000323853));
#6237 = ( BOUNDED_CURVE() B_SPLINE_CURVE(11,(#6238,#6239,#6240,#6241,
    #6242,#6243,#6244,#6245,#6246,#6247,#6248,#6249),.UNSPECIFIED.,.F.,
.F.) B_SPLINE_CURVE_WITH_KNOTS((12,12),(0.,6.333910135482),
.PIECEWISE_BEZIER_KNOTS.) CURVE() GEOMETRIC_REPRESENTATION_ITEM() 
RATIONAL_B_SPLINE_CURVE((1.056590953773,1.056590953773,1.056590953773,
    1.056590953772,1.056590953774,1.056590953772,1.056590953775,
    1.056590953772,1.056590953774,1.056590953773,1.056590953773,
1.056590953773)) REPRESENTATION_ITEM('') );
#6238 = CARTESIAN_POINT('',(2.016991561223,2.52454302796E-07,
    -10.18000485779));
#6239 = CARTESIAN_POINT('',(2.016989924869,-1.152155530729,
    -10.25273010164));
#6240 = CARTESIAN_POINT('',(1.293195896311,-2.303807284263,
    -10.32542405878));
#6241 = CARTESIAN_POINT('',(-0.155437943643,-2.952380933298,
    -10.39836192136));
#6242 = CARTESIAN_POINT('',(-1.926369909645,-2.583399831924,
    -10.4704802952));
#6243 = CARTESIAN_POINT('',(-3.245079427914,-1.070022278655,
    -10.5442973288));
#6244 = CARTESIAN_POINT('',(-3.24612657351,1.070009083514,
    -10.61571076727));
#6245 = CARTESIAN_POINT('',(-1.925666422544,2.583421273468,
    -10.68952780162));
#6246 = CARTESIAN_POINT('',(-0.155734584676,2.952369396212,
    -10.76164617461));
#6247 = CARTESIAN_POINT('',(1.293255520373,2.303809791068,
    -10.83458403764));
#6248 = CARTESIAN_POINT('',(2.016991824578,1.152155951487,
    -10.90727799468));
#6249 = CARTESIAN_POINT('',(2.016990140177,1.683031367605E-07,
    -10.98000323853));
#6250 = ORIENTED_EDGE('',*,*,#5830,.T.);
#6251 = ORIENTED_EDGE('',*,*,#5700,.T.);
#6252 = ORIENTED_EDGE('',*,*,#6253,.F.);
#6253 = EDGE_CURVE('',#6235,#5701,#6254,.T.);
#6254 = B_SPLINE_CURVE_WITH_KNOTS('',1,(#6255,#6256),.UNSPECIFIED.,.F.,
  .F.,(2,2),(0.,0.56),.PIECEWISE_BEZIER_KNOTS.);
#6255 = CARTESIAN_POINT('',(2.016990140177,1.683031362363E-07,
    -10.98000323853));
#6256 = CARTESIAN_POINT('',(2.501962272135,-2.01966050754E-08,
    -10.69999961137));
#6257 = B_SPLINE_SURFACE_WITH_KNOTS('',1,10,(
    (#6258,#6259,#6260,#6261,#6262,#6263,#6264,#6265,#6266,#6267,#6268)
    ,(#6269,#6270,#6271,#6272,#6273,#6274,#6275,#6276,#6277,#6278,#6279
    )),.UNSPECIFIED.,.F.,.F.,.F.,(2,2),(11,11),(0.,0.56),(0.,
    6.333910135482),.PIECEWISE_BEZIER_KNOTS.);
#6258 = CARTESIAN_POINT('',(2.016991561223,2.524543013836E-07,
    -10.18000485779));
#6259 = CARTESIAN_POINT('',(2.016989761234,-1.267371109048,
    -10.26000262603));
#6260 = CARTESIAN_POINT('',(1.132352815218,-2.534126434312,
    -10.33996215494));
#6261 = CARTESIAN_POINT('',(-0.638471778625,-3.104861485013,
    -10.42012228155));
#6262 = CARTESIAN_POINT('',(-2.661807492889,-2.305019189116,
    -10.49988286397));
#6263 = CARTESIAN_POINT('',(-3.732189802746,-3.017687851337E-05,
    -10.58000404748));
#6264 = CARTESIAN_POINT('',(-2.661590183655,2.30506258432,
    -10.66012523343));
#6265 = CARTESIAN_POINT('',(-0.638682200941,3.104844507636,
    -10.73988581425));
#6266 = CARTESIAN_POINT('',(1.132425193118,2.534129404681,
    -10.82004594149));
#6267 = CARTESIAN_POINT('',(2.016991993018,1.267371529806,-10.9000054703
    ));
#6268 = CARTESIAN_POINT('',(2.016990140177,1.683031362363E-07,
    -10.98000323853));
#6269 = CARTESIAN_POINT('',(2.501962646089,-3.029508268509E-08,
    -9.899999417055));
#6270 = CARTESIAN_POINT('',(2.501962111653,-1.572022370285,
    -9.979999684875));
#6271 = CARTESIAN_POINT('',(1.404710259377,-3.144074699239,
    -10.06000454155));
#6272 = CARTESIAN_POINT('',(-0.792334843778,-3.849957002538,
    -10.13998532572));
#6273 = CARTESIAN_POINT('',(-3.301188953071,-2.860642725899,
    -10.22001405691));
#6274 = CARTESIAN_POINT('',(-4.630240639518,-7.791893605891E-06,
    -10.29999951403));
#6275 = CARTESIAN_POINT('',(-3.301131582619,2.860654358083,
    -10.3799849718));
#6276 = CARTESIAN_POINT('',(-0.792389969525,3.849952585999,
    -10.46001370256));
#6277 = CARTESIAN_POINT('',(1.404729508658,3.144075390374,-10.5399944869
    ));
#6278 = CARTESIAN_POINT('',(2.501962800228,1.572022319794,
    -10.61999934355));
#6279 = CARTESIAN_POINT('',(2.501962272135,-2.01966050754E-08,
    -10.69999961137));
#6280 = ADVANCED_FACE('',(#6281),#6311,.T.);
#6281 = FACE_BOUND('',#6282,.T.);
#6282 = EDGE_LOOP('',(#6283,#6299,#6300,#6301));
#6283 = ORIENTED_EDGE('',*,*,#6284,.F.);
#6284 = EDGE_CURVE('',#5862,#6285,#6287,.T.);
#6285 = VERTEX_POINT('',#6286);
#6286 = CARTESIAN_POINT('',(2.016991635997,1.683027346893E-07,
    -11.18000323852));
#6287 = B_SPLINE_CURVE_WITH_KNOTS('',10,(#6288,#6289,#6290,#6291,#6292,
    #6293,#6294,#6295,#6296,#6297,#6298),.UNSPECIFIED.,.F.,.F.,(11,11),(
    0.,6.333910135482),.PIECEWISE_BEZIER_KNOTS.);
#6288 = CARTESIAN_POINT('',(2.016993804953,2.524535449392E-07,
    -10.38000485778));
#6289 = CARTESIAN_POINT('',(2.016990974147,-1.267372283609,
    -10.46000262603));
#6290 = CARTESIAN_POINT('',(1.132334679301,-2.534128066429,
    -10.53996215515));
#6291 = CARTESIAN_POINT('',(-0.638417167947,-3.104868790276,
    -10.6201222809));
#6292 = CARTESIAN_POINT('',(-2.661867271171,-2.305009765554,
    -10.69988286477));
#6293 = CARTESIAN_POINT('',(-3.73219326512,-4.585424322023E-05,
    -10.78000404711));
#6294 = CARTESIAN_POINT('',(-2.661535336171,2.305076292094,
    -10.86012523319));
#6295 = CARTESIAN_POINT('',(-0.638737997438,3.104842947752,
    -10.93988581461));
#6296 = CARTESIAN_POINT('',(1.132445428943,2.534132475782,
    -11.02004594133));
#6297 = CARTESIAN_POINT('',(2.016994519653,1.267372704366,
    -11.10000547028));
#6298 = CARTESIAN_POINT('',(2.016991635997,1.683027856895E-07,
    -11.18000323852));
#6299 = ORIENTED_EDGE('',*,*,#5879,.T.);
#6300 = ORIENTED_EDGE('',*,*,#6234,.T.);
#6301 = ORIENTED_EDGE('',*,*,#6302,.F.);
#6302 = EDGE_CURVE('',#6285,#6235,#6303,.T.);
#6303 = ( BOUNDED_CURVE() B_SPLINE_CURVE(6,(#6304,#6305,#6306,#6307,
#6308,#6309,#6310),.UNSPECIFIED.,.F.,.F.) B_SPLINE_CURVE_WITH_KNOTS((7,7
),(0.,2.094395102393),.PIECEWISE_BEZIER_KNOTS.) CURVE() 
GEOMETRIC_REPRESENTATION_ITEM() RATIONAL_B_SPLINE_CURVE((1.056590953773,
    1.017435169568,0.996326512422,0.989390034249,0.996326512422,
1.017435169568,1.056590953773)) REPRESENTATION_ITEM('') );
#6304 = CARTESIAN_POINT('',(2.016991635997,1.683027872623E-07,
    -11.18000323852));
#6305 = CARTESIAN_POINT('',(1.980742441693,1.823921318977E-07,
    -11.15907511791));
#6306 = CARTESIAN_POINT('',(1.955197376273,1.923209714816E-07,
    -11.12365332796));
#6307 = CARTESIAN_POINT('',(1.945964096732,1.959097223336E-07,
    -11.08000376974));
#6308 = CARTESIAN_POINT('',(1.955196723353,1.923211235821E-07,
    -11.03635407342));
#6309 = CARTESIAN_POINT('',(1.980741258924,1.823924098421E-07,
    -11.00093190136));
#6310 = CARTESIAN_POINT('',(2.016990140177,1.683031367605E-07,
    -10.98000323853));
#6311 = ( BOUNDED_SURFACE() B_SPLINE_SURFACE(6,11,(
    (#6312,#6313,#6314,#6315,#6316,#6317,#6318,#6319,#6320,#6321,#6322
      ,#6323)
    ,(#6324,#6325,#6326,#6327,#6328,#6329,#6330,#6331,#6332,#6333,#6334
      ,#6335)
    ,(#6336,#6337,#6338,#6339,#6340,#6341,#6342,#6343,#6344,#6345,#6346
      ,#6347)
    ,(#6348,#6349,#6350,#6351,#6352,#6353,#6354,#6355,#6356,#6357,#6358
      ,#6359)
    ,(#6360,#6361,#6362,#6363,#6364,#6365,#6366,#6367,#6368,#6369,#6370
      ,#6371)
    ,(#6372,#6373,#6374,#6375,#6376,#6377,#6378,#6379,#6380,#6381,#6382
      ,#6383)
    ,(#6384,#6385,#6386,#6387,#6388,#6389,#6390,#6391,#6392,#6393,#6394
,#6395
    )),.UNSPECIFIED.,.F.,.F.,.F.) B_SPLINE_SURFACE_WITH_KNOTS((7,7),(12,
    12),(0.,2.094395102393),(0.,6.333910135482),
.PIECEWISE_BEZIER_KNOTS.) GEOMETRIC_REPRESENTATION_ITEM() 
RATIONAL_B_SPLINE_SURFACE((
    (1.056590953773,1.056590953773,1.056590953773,1.056590953772
      ,1.056590953774,1.056590953772,1.056590953774,1.056590953772
      ,1.056590953774,1.056590953773,1.056590953773,1.056590953773)
    ,(1.017435169568,1.017435169568,1.017435169568,1.017435169568
      ,1.017435169569,1.017435169567,1.01743516957,1.017435169567
      ,1.017435169569,1.017435169568,1.017435169568,1.017435169568)
    ,(0.996326512422,0.996326512422,0.996326512422,0.996326512422
      ,0.996326512423,0.996326512421,0.996326512423,0.996326512422
      ,0.996326512422,0.996326512422,0.996326512422,0.996326512422)
    ,(0.989390034249,0.989390034249,0.989390034249,0.989390034248
      ,0.989390034249,0.989390034248,0.989390034249,0.989390034248
      ,0.989390034249,0.989390034249,0.989390034249,0.989390034249)
    ,(0.996326512422,0.996326512422,0.996326512422,0.996326512422
      ,0.996326512423,0.996326512421,0.996326512423,0.996326512422
      ,0.996326512422,0.996326512422,0.996326512422,0.996326512422)
    ,(1.017435169568,1.017435169568,1.017435169568,1.017435169568
      ,1.017435169569,1.017435169567,1.017435169569,1.017435169568
      ,1.017435169569,1.017435169568,1.017435169568,1.017435169568)
    ,(1.056590953773,1.056590953773,1.056590953773,1.056590953772
      ,1.056590953774,1.056590953772,1.056590953775,1.056590953772
      ,1.056590953774,1.056590953773,1.056590953773,1.056590953773
))) REPRESENTATION_ITEM('') SURFACE() );
#6312 = CARTESIAN_POINT('',(2.016993804953,2.524535464565E-07,
    -10.38000485778));
#6313 = CARTESIAN_POINT('',(2.016991231493,-1.152156598513,
    -10.45273010164));
#6314 = CARTESIAN_POINT('',(1.293181278363,-2.303808833188,
    -10.52542405894));
#6315 = CARTESIAN_POINT('',(-0.155360187597,-2.952386691265,
    -10.5983619205));
#6316 = CARTESIAN_POINT('',(-1.926556962954,-2.583396491864,
    -10.67048029719));
#6317 = CARTESIAN_POINT('',(-3.244806933049,-1.070026545986,
    -10.74429732589));
#6318 = CARTESIAN_POINT('',(-3.246405086783,1.070006762509,
    -10.81571077003));
#6319 = CARTESIAN_POINT('',(-1.925482938223,2.583429429658,
    -10.88952779987));
#6320 = CARTESIAN_POINT('',(-0.155812630434,2.952369099251,
    -10.96164617527));
#6321 = CARTESIAN_POINT('',(1.293272536345,2.303812517343,
    -11.03458403751));
#6322 = CARTESIAN_POINT('',(2.016994257502,1.15215701927,-11.10727799467
    ));
#6323 = CARTESIAN_POINT('',(2.016991635997,1.683027872623E-07,
    -11.18000323852));
#6324 = CARTESIAN_POINT('',(1.980744532387,2.735875975213E-07,
    -10.35907687272));
#6325 = CARTESIAN_POINT('',(1.980742069055,-1.131455525936,
    -10.43180194674));
#6326 = CARTESIAN_POINT('',(1.269937775276,-2.262367324665,
    -10.50449311503));
#6327 = CARTESIAN_POINT('',(-0.152560000807,-2.899450274093,
    -10.57744860609));
#6328 = CARTESIAN_POINT('',(-1.891941653995,-2.536712034176,
    -10.64951600893));
#6329 = CARTESIAN_POINT('',(-3.186496468827,-1.051159607251,
    -10.72342426669));
#6330 = CARTESIAN_POINT('',(-3.188036983254,1.051140456492,
    -10.79472772358));
#6331 = CARTESIAN_POINT('',(-1.890906447785,2.536743735383,
    -10.86863598245));
#6332 = CARTESIAN_POINT('',(-0.152996191938,2.899433312938,
    -10.94070338404));
#6333 = CARTESIAN_POINT('',(1.270025682806,2.262370908209,
    -11.01365887575));
#6334 = CARTESIAN_POINT('',(1.980744957093,1.131455981916,
    -11.08635004391));
#6335 = CARTESIAN_POINT('',(1.980742441693,1.823921318977E-07,
    -11.15907511791));
#6336 = CARTESIAN_POINT('',(1.955199334506,2.884808995574E-07,
    -10.32365517829));
#6337 = CARTESIAN_POINT('',(1.955197045649,-1.116867310568,
    -10.39638013262));
#6338 = CARTESIAN_POINT('',(1.253559523272,-2.233163215091,
    -10.46906933547));
#6339 = CARTESIAN_POINT('',(-0.150594738693,-2.862145234466,
    -10.54203725019));
#6340 = CARTESIAN_POINT('',(-1.867528811464,-2.503813708712,
    -10.61406873132));
#6341 = CARTESIAN_POINT('',(-3.145433085444,-1.03786358051,
    -10.68804127896));
#6342 = CARTESIAN_POINT('',(-3.146876024453,1.037845556655,
    -10.75926722694));
#6343 = CARTESIAN_POINT('',(-1.866559262662,2.503843350141,
    -10.83323977563));
#6344 = CARTESIAN_POINT('',(-0.151003372217,2.862129343771,
    -10.90527125558));
#6345 = CARTESIAN_POINT('',(1.253641799782,2.233166606033,
    -10.97823917092));
#6346 = CARTESIAN_POINT('',(1.955199720034,1.11686779137,-11.05092837364
    ));
#6347 = CARTESIAN_POINT('',(1.955197376273,1.923209714816E-07,
    -11.12365332796));
#6348 = CARTESIAN_POINT('',(1.945965891736,2.938640751293E-07,
    -10.28000565461));
#6349 = CARTESIAN_POINT('',(1.945963810474,-1.111594358251,
    -10.35273056567));
#6350 = CARTESIAN_POINT('',(1.247641996544,-2.222607396655,
    -10.4254190581));
#6351 = CARTESIAN_POINT('',(-0.149896403816,-2.848660753889,
    -10.49839146341));
#6352 = CARTESIAN_POINT('',(-1.858676145219,-2.491923401088,
    -10.5704099605));
#6353 = CARTESIAN_POINT('',(-3.130633098996,-1.033057185418,
    -10.64440574594));
#6354 = CARTESIAN_POINT('',(-3.131955786414,1.033040585013,
    -10.7156036781));
#6355 = CARTESIAN_POINT('',(-1.857787476958,2.491950524923,
    -10.78959946449));
#6356 = CARTESIAN_POINT('',(-0.150271047055,2.848646183974,
    -10.86161796051));
#6357 = CARTESIAN_POINT('',(1.247717358767,2.222610536396,
    -10.93459036638));
#6358 = CARTESIAN_POINT('',(1.945966233922,1.111594848026,
    -11.00727885869));
#6359 = CARTESIAN_POINT('',(1.945964096732,1.959097223336E-07,
    -11.08000376974));
#6360 = CARTESIAN_POINT('',(1.955198355126,2.884812307924E-07,
    -10.23635592376));
#6361 = CARTESIAN_POINT('',(1.955196475312,-1.116866844484,
    -10.30908087808));
#6362 = CARTESIAN_POINT('',(1.253565903952,-2.233162538991,
    -10.38177008086));
#6363 = CARTESIAN_POINT('',(-0.150628678918,-2.862142721135,
    -10.45473799602));
#6364 = CARTESIAN_POINT('',(-1.867447163392,-2.503815166637,
    -10.52676947591));
#6365 = CARTESIAN_POINT('',(-3.145552028436,-1.037861717836,
    -10.6007420257));
#6366 = CARTESIAN_POINT('',(-3.146754454448,1.037846569765,
    -10.6719679712));
#6367 = CARTESIAN_POINT('',(-1.866639352884,2.503839789994,
    -10.74594052185));
#6368 = CARTESIAN_POINT('',(-0.150969305535,2.862129473394,
    -10.81797200076));
#6369 = CARTESIAN_POINT('',(1.253634372373,2.233165416024,
    -10.89093991644));
#6370 = CARTESIAN_POINT('',(1.955198658071,1.116867325287,
    -10.96362911911));
#6371 = CARTESIAN_POINT('',(1.955196723353,1.923211235821E-07,
    -11.03635407342));
#6372 = CARTESIAN_POINT('',(1.980742758234,2.735881906024E-07,
    -10.20093365617));
#6373 = CARTESIAN_POINT('',(1.980741035887,-1.131454681622,
    -10.27365873018));
#6374 = CARTESIAN_POINT('',(1.269949333922,-2.262366099905,
    -10.34634989834));
#6375 = CARTESIAN_POINT('',(-0.152621483762,-2.899445721175,
    -10.41930539021));
#6376 = CARTESIAN_POINT('',(-1.891793747937,-2.536714675217,
    -10.4913727908));
#6377 = CARTESIAN_POINT('',(-3.186711934897,-1.051156233003,
    -10.56528105243));
#6378 = CARTESIAN_POINT('',(-3.187816758334,1.051142291748,
    -10.63658450484));
#6379 = CARTESIAN_POINT('',(-1.891051531787,2.536737286151,
    -10.71049276727));
#6380 = CARTESIAN_POINT('',(-0.152934479903,2.899433547751,
    -10.78256016696));
#6381 = CARTESIAN_POINT('',(1.270012228004,2.262368752499,-10.8555156593
    ));
#6382 = CARTESIAN_POINT('',(1.98074303334,1.131455137603,-10.92820682736
    ));
#6383 = CARTESIAN_POINT('',(1.980741258924,1.823924098421E-07,
    -11.00093190136));
#6384 = CARTESIAN_POINT('',(2.016991561223,2.52454302796E-07,
    -10.18000485779));
#6385 = CARTESIAN_POINT('',(2.016989924869,-1.152155530729,
    -10.25273010164));
#6386 = CARTESIAN_POINT('',(1.293195896311,-2.303807284263,
    -10.32542405878));
#6387 = CARTESIAN_POINT('',(-0.155437943643,-2.952380933298,
    -10.39836192136));
#6388 = CARTESIAN_POINT('',(-1.926369909645,-2.583399831924,
    -10.4704802952));
#6389 = CARTESIAN_POINT('',(-3.245079427914,-1.070022278655,
    -10.5442973288));
#6390 = CARTESIAN_POINT('',(-3.24612657351,1.070009083514,
    -10.61571076727));
#6391 = CARTESIAN_POINT('',(-1.925666422544,2.583421273468,
    -10.68952780162));
#6392 = CARTESIAN_POINT('',(-0.155734584676,2.952369396212,
    -10.76164617461));
#6393 = CARTESIAN_POINT('',(1.293255520373,2.303809791068,
    -10.83458403764));
#6394 = CARTESIAN_POINT('',(2.016991824578,1.152155951487,
    -10.90727799468));
#6395 = CARTESIAN_POINT('',(2.016990140177,1.683031367605E-07,
    -10.98000323853));
#6396 = ADVANCED_FACE('',(#6397),#6407,.T.);
#6397 = FACE_BOUND('',#6398,.T.);
#6398 = EDGE_LOOP('',(#6399,#6400,#6401,#6402));
#6399 = ORIENTED_EDGE('',*,*,#6011,.F.);
#6400 = ORIENTED_EDGE('',*,*,#5980,.T.);
#6401 = ORIENTED_EDGE('',*,*,#6284,.T.);
#6402 = ORIENTED_EDGE('',*,*,#6403,.F.);
#6403 = EDGE_CURVE('',#6012,#6285,#6404,.T.);
#6404 = B_SPLINE_CURVE_WITH_KNOTS('',1,(#6405,#6406),.UNSPECIFIED.,.F.,
  .F.,(2,2),(0.,0.56),.PIECEWISE_BEZIER_KNOTS.);
#6405 = CARTESIAN_POINT('',(2.50196795625,-2.01979392422E-08,
    -11.45999961135));
#6406 = CARTESIAN_POINT('',(2.016991635997,1.683027856895E-07,
    -11.18000323852));
#6407 = B_SPLINE_SURFACE_WITH_KNOTS('',1,10,(
    (#6408,#6409,#6410,#6411,#6412,#6413,#6414,#6415,#6416,#6417,#6418)
    ,(#6419,#6420,#6421,#6422,#6423,#6424,#6425,#6426,#6427,#6428,#6429
    )),.UNSPECIFIED.,.F.,.F.,.F.,(2,2),(11,11),(0.,0.56),(0.,
    6.333910135482),.PIECEWISE_BEZIER_KNOTS.);
#6408 = CARTESIAN_POINT('',(2.501971172264,-3.029795073602E-08,
    -10.659999417));
#6409 = CARTESIAN_POINT('',(2.501966720723,-1.572026833619,
    -10.73999968487));
#6410 = CARTESIAN_POINT('',(1.404641342891,-3.144080901284,
    -10.82000454232));
#6411 = CARTESIAN_POINT('',(-0.792127323201,-3.849984762539,
    -10.89998532323));
#6412 = CARTESIAN_POINT('',(-3.301416110544,-2.860606916364,
    -10.98001405995));
#6413 = CARTESIAN_POINT('',(-4.630253796537,-6.736587988065E-05,
    -11.05999951263));
#6414 = CARTESIAN_POINT('',(-3.300923162182,2.860706447624,
    -11.13998497086));
#6415 = CARTESIAN_POINT('',(-0.792601996215,3.849946658442,
    -11.22001370395));
#6416 = CARTESIAN_POINT('',(1.404806404792,3.144087060557,
    -11.29999448629));
#6417 = CARTESIAN_POINT('',(2.501972401442,1.572026783124,-11.3799993435
    ));
#6418 = CARTESIAN_POINT('',(2.50196795625,-2.01979392422E-08,
    -11.45999961135));
#6419 = CARTESIAN_POINT('',(2.016993804953,2.524535449392E-07,
    -10.38000485778));
#6420 = CARTESIAN_POINT('',(2.016990974147,-1.267372283609,
    -10.46000262603));
#6421 = CARTESIAN_POINT('',(1.132334679301,-2.534128066429,
    -10.53996215515));
#6422 = CARTESIAN_POINT('',(-0.638417167947,-3.104868790276,
    -10.6201222809));
#6423 = CARTESIAN_POINT('',(-2.661867271171,-2.305009765554,
    -10.69988286477));
#6424 = CARTESIAN_POINT('',(-3.73219326512,-4.585424322023E-05,
    -10.78000404711));
#6425 = CARTESIAN_POINT('',(-2.661535336171,2.305076292094,
    -10.86012523319));
#6426 = CARTESIAN_POINT('',(-0.638737997438,3.104842947752,
    -10.93988581461));
#6427 = CARTESIAN_POINT('',(1.132445428943,2.534132475782,
    -11.02004594133));
#6428 = CARTESIAN_POINT('',(2.016994519653,1.267372704366,
    -11.10000547028));
#6429 = CARTESIAN_POINT('',(2.016991635997,1.683027856895E-07,
    -11.18000323852));
#6430 = ADVANCED_FACE('',(#6431),#6460,.T.);
#6431 = FACE_BOUND('',#6432,.F.);
#6432 = EDGE_LOOP('',(#6433,#6452,#6453));
#6433 = ORIENTED_EDGE('',*,*,#6434,.F.);
#6434 = EDGE_CURVE('',#6012,#6435,#6437,.T.);
#6435 = VERTEX_POINT('',#6436);
#6436 = CARTESIAN_POINT('',(1.982423267946,-1.439617305643,-11.51));
#6437 = B_SPLINE_CURVE_WITH_KNOTS('',5,(#6438,#6439,#6440,#6441,#6442,
    #6443,#6444,#6445,#6446,#6447,#6448,#6449,#6450,#6451),
  .UNSPECIFIED.,.F.,.F.,(6,4,4,6),(0.,0.187765794774,0.567883047955,1.),
  .UNSPECIFIED.);
#6438 = CARTESIAN_POINT('',(2.45,9.308109838457E-13,-11.42999641604));
#6439 = CARTESIAN_POINT('',(2.45,-5.778810576453E-02,-11.43299969848));
#6440 = CARTESIAN_POINT('',(2.448296190154,-0.115576235881,
    -11.43600283839));
#6441 = CARTESIAN_POINT('',(2.444888574385,-0.173297283257,
    -11.4390059538));
#6442 = CARTESIAN_POINT('',(2.439781106479,-0.230884374938,
    -11.44200913697));
#6443 = CARTESIAN_POINT('',(2.41921680024,-0.40444537395,-11.45109243713
    ));
#6444 = CARTESIAN_POINT('',(2.398517599169,-0.519799028842,
    -11.45717299945));
#6445 = CARTESIAN_POINT('',(2.370950165977,-0.633776719818,
    -11.46325462988));
#6446 = CARTESIAN_POINT('',(2.336645018915,-0.745839024912,
    -11.46933734835));
#6447 = CARTESIAN_POINT('',(2.249361255339,-0.980081763654,
    -11.48233626185));
#6448 = CARTESIAN_POINT('',(2.19446905014,-1.101552021171,
    -11.48925277192));
#6449 = CARTESIAN_POINT('',(2.131407289037,-1.219103951307,
    -11.49616944619));
#6450 = CARTESIAN_POINT('',(2.060562375692,-1.332017008684,
    -11.5030856537));
#6451 = CARTESIAN_POINT('',(1.98241648736,-1.439626642794,-11.5100006));
#6452 = ORIENTED_EDGE('',*,*,#6220,.T.);
#6453 = ORIENTED_EDGE('',*,*,#6454,.F.);
#6454 = EDGE_CURVE('',#6435,#6212,#6455,.T.);
#6455 = CIRCLE('',#6456,2.45);
#6456 = AXIS2_PLACEMENT_3D('',#6457,#6458,#6459);
#6457 = CARTESIAN_POINT('',(0.,0.,-11.51));
#6458 = DIRECTION('',(0.,0.,1.));
#6459 = DIRECTION('',(1.,0.,-0.));
#6460 = CYLINDRICAL_SURFACE('',#6461,2.45);
#6461 = AXIS2_PLACEMENT_3D('',#6462,#6463,#6464);
#6462 = CARTESIAN_POINT('',(0.,0.,-0.2));
#6463 = DIRECTION('',(-0.,-0.,-1.));
#6464 = DIRECTION('',(1.,0.,0.));
#6465 = ADVANCED_FACE('',(#6466),#6485,.T.);
#6466 = FACE_BOUND('',#6467,.F.);
#6467 = EDGE_LOOP('',(#6468,#6476,#6477));
#6468 = ORIENTED_EDGE('',*,*,#6469,.F.);
#6469 = EDGE_CURVE('',#6212,#6470,#6472,.T.);
#6470 = VERTEX_POINT('',#6471);
#6471 = CARTESIAN_POINT('',(2.402678269577,4.598252806287E-09,
    -11.55732173042));
#6472 = LINE('',#6473,#6474);
#6473 = CARTESIAN_POINT('',(2.45,0.,-11.51));
#6474 = VECTOR('',#6475,1.);
#6475 = DIRECTION('',(-0.707106781187,0.,-0.707106781187));
#6476 = ORIENTED_EDGE('',*,*,#6211,.T.);
#6477 = ORIENTED_EDGE('',*,*,#6478,.T.);
#6478 = EDGE_CURVE('',#6115,#6470,#6479,.T.);
#6479 = B_SPLINE_CURVE_WITH_KNOTS('',4,(#6480,#6481,#6482,#6483,#6484),
  .UNSPECIFIED.,.F.,.F.,(5,5),(0.,1.),.PIECEWISE_BEZIER_KNOTS.);
#6480 = CARTESIAN_POINT('',(2.419832412757,0.383289830505,-11.51));
#6481 = CARTESIAN_POINT('',(2.423176511498,0.287066007487,
    -11.52175079765));
#6482 = CARTESIAN_POINT('',(2.421437287999,0.190836529569,
    -11.53355340095));
#6483 = CARTESIAN_POINT('',(2.414590617047,9.500886261808E-02,
    -11.54540938277));
#6484 = CARTESIAN_POINT('',(2.402678268424,9.777952804224E-15,
    -11.55732173157));
#6485 = CONICAL_SURFACE('',#6486,2.45,0.785398163397);
#6486 = AXIS2_PLACEMENT_3D('',#6487,#6488,#6489);
#6487 = CARTESIAN_POINT('',(0.,0.,-11.51));
#6488 = DIRECTION('',(0.,0.,1.));
#6489 = DIRECTION('',(1.,0.,0.));
#6490 = ADVANCED_FACE('',(#6491),#6518,.T.);
#6491 = FACE_BOUND('',#6492,.T.);
#6492 = EDGE_LOOP('',(#6493,#6510,#6511,#6512,#6513));
#6493 = ORIENTED_EDGE('',*,*,#6494,.F.);
#6494 = EDGE_CURVE('',#6235,#6495,#6497,.T.);
#6495 = VERTEX_POINT('',#6496);
#6496 = CARTESIAN_POINT('',(2.016988719139,8.415163268581E-08,
    -11.78000161926));
#6497 = ( BOUNDED_CURVE() B_SPLINE_CURVE(11,(#6498,#6499,#6500,#6501,
    #6502,#6503,#6504,#6505,#6506,#6507,#6508,#6509),.UNSPECIFIED.,.F.,
.F.) B_SPLINE_CURVE_WITH_KNOTS((12,12),(0.,6.333910135482),
.PIECEWISE_BEZIER_KNOTS.) CURVE() GEOMETRIC_REPRESENTATION_ITEM() 
RATIONAL_B_SPLINE_CURVE((1.056590953773,1.056590953773,1.056590953773,
    1.056590953773,1.056590953774,1.056590953772,1.056590953774,
    1.056590953773,1.056590953773,1.056590953773,1.056590953773,
1.056590953773)) REPRESENTATION_ITEM('') );
#6498 = CARTESIAN_POINT('',(2.016990140177,1.683030839694E-07,
    -10.98000323853));
#6499 = CARTESIAN_POINT('',(2.016988455777,-1.152154803358,
    -11.05272848238));
#6500 = CARTESIAN_POINT('',(1.293194888975,-2.303805713642,
    -11.1254224394));
#6501 = CARTESIAN_POINT('',(-0.15543795707,-2.952378851548,
    -11.19836030268));
#6502 = CARTESIAN_POINT('',(-1.926368660296,-2.583397921521,
    -11.27047867452));
#6503 = CARTESIAN_POINT('',(-3.245077186926,-1.070021403574,
    -11.34429571169));
#6504 = CARTESIAN_POINT('',(-3.246124240468,1.070008479356,
    -11.41570914585));
#6505 = CARTESIAN_POINT('',(-1.925664959436,2.583419523589,
    -11.48952618378));
#6506 = CARTESIAN_POINT('',(-0.155734351066,2.952367327556,
    -11.56164455477));
#6507 = CARTESIAN_POINT('',(1.293254705194,2.303808112509,
    -11.63458241849));
#6508 = CARTESIAN_POINT('',(2.016990451587,1.152155055813,
    -11.70727637542));
#6509 = CARTESIAN_POINT('',(2.016988719139,8.415160018815E-08,
    -11.78000161926));
#6510 = ORIENTED_EDGE('',*,*,#6253,.T.);
#6511 = ORIENTED_EDGE('',*,*,#6114,.T.);
#6512 = ORIENTED_EDGE('',*,*,#6478,.T.);
#6513 = ORIENTED_EDGE('',*,*,#6514,.F.);
#6514 = EDGE_CURVE('',#6495,#6470,#6515,.T.);
#6515 = B_SPLINE_CURVE_WITH_KNOTS('',1,(#6516,#6517),.UNSPECIFIED.,.F.,
  .F.,(2,2),(0.,0.56),.PIECEWISE_BEZIER_KNOTS.);
#6516 = CARTESIAN_POINT('',(2.016988719139,8.415159762786E-08,
    -11.78000161926));
#6517 = CARTESIAN_POINT('',(2.501961898181,-1.009832233709E-08,
    -11.49999980568));
#6518 = B_SPLINE_SURFACE_WITH_KNOTS('',1,10,(
    (#6519,#6520,#6521,#6522,#6523,#6524,#6525,#6526,#6527,#6528,#6529)
    ,(#6530,#6531,#6532,#6533,#6534,#6535,#6536,#6537,#6538,#6539,#6540
    )),.UNSPECIFIED.,.F.,.F.,.F.,(2,2),(11,11),(0.,0.56),(0.,
    6.333910135482),.PIECEWISE_BEZIER_KNOTS.);
#6519 = CARTESIAN_POINT('',(2.016990140177,1.683030860721E-07,
    -10.98000323853));
#6520 = CARTESIAN_POINT('',(2.016988287337,-1.267370300524,
    -11.06000100676));
#6521 = CARTESIAN_POINT('',(1.132351911562,-2.534124694335,
    -11.13996053554));
#6522 = CARTESIAN_POINT('',(-0.638471457742,-3.104859275022,
    -11.22012066268));
#6523 = CARTESIAN_POINT('',(-2.661805715113,-2.305017450245,
    -11.2998812443));
#6524 = CARTESIAN_POINT('',(-3.732187171319,-3.002091471416E-05,
    -11.38000242822));
#6525 = CARTESIAN_POINT('',(-2.661588213988,2.305061067164,
    -11.46012361457));
#6526 = CARTESIAN_POINT('',(-0.638681620593,3.104842351093,
    -11.53988419459));
#6527 = CARTESIAN_POINT('',(1.13242450083,2.534127570182,-11.62004432237
    ));
#6528 = CARTESIAN_POINT('',(2.016990624832,1.26737055298,-11.70000385104
    ));
#6529 = CARTESIAN_POINT('',(2.016988719139,8.415159762786E-08,
    -11.78000161926));
#6530 = CARTESIAN_POINT('',(2.501962272135,-2.019666050277E-08,
    -10.69999961137));
#6531 = CARTESIAN_POINT('',(2.501961744043,-1.572022125275,
    -10.77999987918));
#6532 = CARTESIAN_POINT('',(1.404710062068,-3.144074223248,
    -10.86000473583));
#6533 = CARTESIAN_POINT('',(-0.792334709626,-3.849956431206,
    -10.93998552014));
#6534 = CARTESIAN_POINT('',(-3.30118844848,-2.860642310786,
    -11.02001425112));
#6535 = CARTESIAN_POINT('',(-4.630239947045,-7.810606284409E-06,
    -11.09999970835));
#6536 = CARTESIAN_POINT('',(-3.301131101054,2.860653916358,
    -11.17998516622));
#6537 = CARTESIAN_POINT('',(-0.792389866513,3.849952008256,
    -11.26001389677));
#6538 = CARTESIAN_POINT('',(1.404729285987,3.144074925725,
    -11.33999468125));
#6539 = CARTESIAN_POINT('',(2.501962419931,1.572022094981,
    -11.41999953787));
#6540 = CARTESIAN_POINT('',(2.501961898181,-1.009832233709E-08,
    -11.49999980568));
#6541 = ADVANCED_FACE('',(#6542),#6583,.T.);
#6542 = FACE_BOUND('',#6543,.T.);
#6543 = EDGE_LOOP('',(#6544,#6560,#6561,#6562,#6574));
#6544 = ORIENTED_EDGE('',*,*,#6545,.F.);
#6545 = EDGE_CURVE('',#6285,#6546,#6548,.T.);
#6546 = VERTEX_POINT('',#6547);
#6547 = CARTESIAN_POINT('',(1.932464018128,0.577774511294,
    -11.94301200616));
#6548 = B_SPLINE_CURVE_WITH_KNOTS('',10,(#6549,#6550,#6551,#6552,#6553,
    #6554,#6555,#6556,#6557,#6558,#6559),.UNSPECIFIED.,.F.,.F.,(11,11),(
    0.,6.333910135482),.PIECEWISE_BEZIER_KNOTS.);
#6549 = CARTESIAN_POINT('',(2.016991635997,1.683027361216E-07,
    -11.18000323852));
#6550 = CARTESIAN_POINT('',(2.016988752341,-1.267371005261,
    -11.26000100677));
#6551 = CARTESIAN_POINT('',(1.132333355663,-2.534125385809,
    -11.33996053568));
#6552 = CARTESIAN_POINT('',(-0.638416609899,-3.104865431206,
    -11.42012066224));
#6553 = CARTESIAN_POINT('',(-2.661864507236,-2.305007169846,
    -11.4998812449));
#6554 = CARTESIAN_POINT('',(-3.732189248743,-4.569827446232E-05,
    -11.58000242786));
#6555 = CARTESIAN_POINT('',(-2.661532380343,2.30507391809,
    -11.66012361454));
#6556 = CARTESIAN_POINT('',(-0.638737179928,3.104839642136,
    -11.73988419476));
#6557 = CARTESIAN_POINT('',(1.132444316674,2.534129700638,
    -11.82004432229));
#6558 = CARTESIAN_POINT('',(2.016992403556,1.267371257716,
    -11.90000385103));
#6559 = CARTESIAN_POINT('',(2.016989467048,8.415148748553E-08,
    -11.98000161926));
#6560 = ORIENTED_EDGE('',*,*,#6302,.T.);
#6561 = ORIENTED_EDGE('',*,*,#6494,.T.);
#6562 = ORIENTED_EDGE('',*,*,#6563,.F.);
#6563 = EDGE_CURVE('',#6564,#6495,#6566,.T.);
#6564 = VERTEX_POINT('',#6565);
#6565 = CARTESIAN_POINT('',(1.995754302006,4.413916802711E-08,
    -11.96424569799));
#6566 = ( BOUNDED_CURVE() B_SPLINE_CURVE(6,(#6567,#6568,#6569,#6570,
#6571,#6572,#6573),.UNSPECIFIED.,.F.,.F.) B_SPLINE_CURVE_WITH_KNOTS((7,7
),(0.,2.094395102393),.PIECEWISE_BEZIER_KNOTS.) CURVE() 
GEOMETRIC_REPRESENTATION_ITEM() RATIONAL_B_SPLINE_CURVE((1.056590953773,
    1.017435169568,0.996326512422,0.989390034249,0.996326512422,
1.017435169568,1.056590953773)) REPRESENTATION_ITEM('') );
#6567 = CARTESIAN_POINT('',(2.016989467048,8.415148883278E-08,
    -11.98000161926));
#6568 = CARTESIAN_POINT('',(1.980740351006,9.119615163034E-08,
    -11.9590733631));
#6569 = CARTESIAN_POINT('',(1.955195418048,9.616055907102E-08,
    -11.92365147761));
#6570 = CARTESIAN_POINT('',(1.945962301737,9.79549178437E-08,
    -11.88000188487));
#6571 = CARTESIAN_POINT('',(1.955195091589,9.616060497875E-08,
    -11.83635222308));
#6572 = CARTESIAN_POINT('',(1.980739759622,9.119623795018E-08,
    -11.80093014654));
#6573 = CARTESIAN_POINT('',(2.016988719139,8.415160018815E-08,
    -11.78000161926));
#6574 = ORIENTED_EDGE('',*,*,#6575,.T.);
#6575 = EDGE_CURVE('',#6564,#6546,#6576,.T.);
#6576 = B_SPLINE_CURVE_WITH_KNOTS('',5,(#6577,#6578,#6579,#6580,#6581,
    #6582),.UNSPECIFIED.,.F.,.F.,(6,6),(0.,1.),
  .PIECEWISE_BEZIER_KNOTS.);
#6577 = CARTESIAN_POINT('',(1.995754299099,-8.539475012887E-17,
    -11.9642457009));
#6578 = CARTESIAN_POINT('',(1.999590859056,0.116513440739,
    -11.96040913836));
#6579 = CARTESIAN_POINT('',(1.995130996634,0.233387153741,
    -11.95636608972));
#6580 = CARTESIAN_POINT('',(1.982348473514,0.349780665003,
    -11.95212096405));
#6581 = CARTESIAN_POINT('',(1.961363503558,0.464874248223,
    -11.94767030987));
#6582 = CARTESIAN_POINT('',(1.932439956593,0.577875401894,
    -11.94300615619));
#6583 = ( BOUNDED_SURFACE() B_SPLINE_SURFACE(6,11,(
    (#6584,#6585,#6586,#6587,#6588,#6589,#6590,#6591,#6592,#6593,#6594
      ,#6595)
    ,(#6596,#6597,#6598,#6599,#6600,#6601,#6602,#6603,#6604,#6605,#6606
      ,#6607)
    ,(#6608,#6609,#6610,#6611,#6612,#6613,#6614,#6615,#6616,#6617,#6618
      ,#6619)
    ,(#6620,#6621,#6622,#6623,#6624,#6625,#6626,#6627,#6628,#6629,#6630
      ,#6631)
    ,(#6632,#6633,#6634,#6635,#6636,#6637,#6638,#6639,#6640,#6641,#6642
      ,#6643)
    ,(#6644,#6645,#6646,#6647,#6648,#6649,#6650,#6651,#6652,#6653,#6654
      ,#6655)
    ,(#6656,#6657,#6658,#6659,#6660,#6661,#6662,#6663,#6664,#6665,#6666
,#6667
    )),.UNSPECIFIED.,.F.,.F.,.F.) B_SPLINE_SURFACE_WITH_KNOTS((7,7),(12,
    12),(0.,2.094395102393),(0.,6.333910135482),
.PIECEWISE_BEZIER_KNOTS.) GEOMETRIC_REPRESENTATION_ITEM() 
RATIONAL_B_SPLINE_SURFACE((
    (1.056590953773,1.056590953773,1.056590953773,1.056590953773
      ,1.056590953774,1.056590953773,1.056590953774,1.056590953773
      ,1.056590953773,1.056590953773,1.056590953773,1.056590953773)
    ,(1.017435169568,1.017435169568,1.017435169568,1.017435169568
      ,1.017435169569,1.017435169567,1.017435169569,1.017435169567
      ,1.017435169569,1.017435169568,1.017435169568,1.017435169568)
    ,(0.996326512422,0.996326512422,0.996326512422,0.996326512422
      ,0.996326512423,0.996326512422,0.996326512423,0.996326512422
      ,0.996326512422,0.996326512422,0.996326512422,0.996326512422)
    ,(0.989390034249,0.989390034249,0.989390034249,0.989390034248
      ,0.989390034249,0.989390034248,0.989390034249,0.989390034248
      ,0.989390034249,0.989390034249,0.989390034249,0.989390034249)
    ,(0.996326512422,0.996326512422,0.996326512422,0.996326512422
      ,0.996326512423,0.996326512421,0.996326512423,0.996326512422
      ,0.996326512422,0.996326512422,0.996326512422,0.996326512422)
    ,(1.017435169568,1.017435169568,1.017435169568,1.017435169568
      ,1.017435169569,1.017435169567,1.017435169569,1.017435169567
      ,1.017435169569,1.017435169568,1.017435169568,1.017435169568)
    ,(1.056590953773,1.056590953773,1.056590953773,1.056590953773
      ,1.056590953774,1.056590953772,1.056590953774,1.056590953773
      ,1.056590953773,1.056590953773,1.056590953773,1.056590953773
))) REPRESENTATION_ITEM('') SURFACE() );
#6584 = CARTESIAN_POINT('',(2.016991635997,1.683027346933E-07,
    -11.18000323852));
#6585 = CARTESIAN_POINT('',(2.016989014492,-1.152155444028,
    -11.25272848238));
#6586 = CARTESIAN_POINT('',(1.293179791421,-2.303806407527,
    -11.32542243951));
#6587 = CARTESIAN_POINT('',(-0.155360143081,-2.95238351731,
    -11.39836030213));
#6588 = CARTESIAN_POINT('',(-1.926554999806,-2.583393618239,
    -11.47047867577));
#6589 = CARTESIAN_POINT('',(-3.24480348838,-1.070025281637,
    -11.54429570992));
#6590 = CARTESIAN_POINT('',(-3.246401550057,1.070005769084,
    -11.61570914748));
#6591 = CARTESIAN_POINT('',(-1.925480761317,2.583426716553,
    -11.68952618279));
#6592 = CARTESIAN_POINT('',(-0.155812338883,2.952365938393,
    -11.76164455513));
#6593 = CARTESIAN_POINT('',(1.293271241562,2.303809983744,
    -11.83458241842));
#6594 = CARTESIAN_POINT('',(2.016992136601,1.152155696483,
    -11.90727637542));
#6595 = CARTESIAN_POINT('',(2.016989467048,8.415148883278E-08,
    -11.98000161926));
#6596 = CARTESIAN_POINT('',(1.980742441693,1.823920816602E-07,
    -11.15907511791));
#6597 = CARTESIAN_POINT('',(1.980739926293,-1.131454423189,
    -11.23180019192));
#6598 = CARTESIAN_POINT('',(1.269936330477,-2.262364992993,
    -11.30449136005));
#6599 = CARTESIAN_POINT('',(-0.152559972693,-2.89944721388,
    -11.37744685213));
#6600 = CARTESIAN_POINT('',(-1.891939774487,-2.536709254621,
    -11.44951425202));
#6601 = CARTESIAN_POINT('',(-3.186493153966,-1.051158372298,
    -11.52342251505));
#6602 = CARTESIAN_POINT('',(-3.188033568629,1.051139515141,
    -11.5947259656));
#6603 = CARTESIAN_POINT('',(-1.890904336625,2.536741129789,
    -11.66863422973));
#6604 = CARTESIAN_POINT('',(-0.15299589611,2.899430266918,
    -11.74070162837));
#6605 = CARTESIAN_POINT('',(1.270024446253,2.262368459564,
    -11.81365712111));
#6606 = CARTESIAN_POINT('',(1.980742918476,1.131454696778,-11.8863482891
    ));
#6607 = CARTESIAN_POINT('',(1.980740351006,9.119615163034E-08,
    -11.9590733631));
#6608 = CARTESIAN_POINT('',(1.955197376273,1.92320921244E-07,
    -11.12365332796));
#6609 = CARTESIAN_POINT('',(1.955195032513,-1.116866288431,
    -11.19637828227));
#6610 = CARTESIAN_POINT('',(1.253558157747,-2.233161038038,
    -11.26906748497));
#6611 = CARTESIAN_POINT('',(-0.150594728129,-2.862142367307,
    -11.34203540065));
#6612 = CARTESIAN_POINT('',(-1.867527064681,-2.503811095018,
    -11.41406687902));
#6613 = CARTESIAN_POINT('',(-3.14542998648,-1.037862406508,
    -11.4880394316));
#6614 = CARTESIAN_POINT('',(-3.146872820295,1.037844692238,
    -11.55926537363));
#6615 = CARTESIAN_POINT('',(-1.866557271617,2.503840919879,
    -11.63323792725));
#6616 = CARTESIAN_POINT('',(-0.151003079364,2.862126491575,
    -11.70526940445));
#6617 = CARTESIAN_POINT('',(1.253640653839,2.233164305639,
    -11.77823732074));
#6618 = CARTESIAN_POINT('',(1.955197816713,1.116866576913,-11.8509265233
    ));
#6619 = CARTESIAN_POINT('',(1.955195418048,9.616055907102E-08,
    -11.92365147761));
#6620 = CARTESIAN_POINT('',(1.945964096732,1.959096700976E-07,
    -11.08000376974));
#6621 = CARTESIAN_POINT('',(1.945961959543,-1.111593431126,
    -11.1527286808));
#6622 = CARTESIAN_POINT('',(1.247640733644,-2.222605407363,
    -11.22541717309));
#6623 = CARTESIAN_POINT('',(-0.149896408531,-2.848658124962,
    -11.29838957927));
#6624 = CARTESIAN_POINT('',(-1.8586745565,-2.491920995902,
    -11.37040807383));
#6625 = CARTESIAN_POINT('',(-3.130630263715,-1.033056093485,
    -11.4444038638));
#6626 = CARTESIAN_POINT('',(-3.131952843975,1.033039808441,
    -11.5156017905));
#6627 = CARTESIAN_POINT('',(-1.857785639419,2.491948306595,
    -11.58959758142));
#6628 = CARTESIAN_POINT('',(-0.150270764214,2.848643570287,
    -11.6616160749));
#6629 = CARTESIAN_POINT('',(1.247716319545,2.222608421461,
    -11.73458848165));
#6630 = CARTESIAN_POINT('',(1.945964494856,1.111593724991,
    -11.80727697382));
#6631 = CARTESIAN_POINT('',(1.945962301737,9.79549178437E-08,
    -11.88000188487));
#6632 = CARTESIAN_POINT('',(1.955196723353,1.923210758981E-07,
    -11.03635407342));
#6633 = CARTESIAN_POINT('',(1.955194788636,-1.116866008781,
    -11.10907902774));
#6634 = CARTESIAN_POINT('',(1.253564747773,-2.23316073516,
    -11.18176823038));
#6635 = CARTESIAN_POINT('',(-0.150628693646,-2.862140330719,
    -11.25473614635));
#6636 = CARTESIAN_POINT('',(-1.867445728178,-2.503812973385,
    -11.32676762393));
#6637 = CARTESIAN_POINT('',(-3.145549454879,-1.037860713747,
    -11.40074017783));
#6638 = CARTESIAN_POINT('',(-3.146751775691,1.03784587526,
    -11.47196611838));
#6639 = CARTESIAN_POINT('',(-1.866637673411,2.503837780179,
    -11.54593867314));
#6640 = CARTESIAN_POINT('',(-0.150969037972,2.862127097938,
    -11.61797014975));
#6641 = CARTESIAN_POINT('',(1.253633435775,2.233163488852,
    -11.69093806623));
#6642 = CARTESIAN_POINT('',(1.955197081211,1.116866297263,
    -11.76362726877));
#6643 = CARTESIAN_POINT('',(1.955195091589,9.616060497875E-08,
    -11.83635222308));
#6644 = CARTESIAN_POINT('',(1.980741258924,1.823923582722E-07,
    -11.00093190136));
#6645 = CARTESIAN_POINT('',(1.980739484508,-1.131453916601,
    -11.07365697536));
#6646 = CARTESIAN_POINT('',(1.269948268356,-2.262364444328,
    -11.1463481434));
#6647 = CARTESIAN_POINT('',(-0.152621501467,-2.899443524585,
    -11.219303636));
#6648 = CARTESIAN_POINT('',(-1.891792432839,-2.536712657299,
    -11.29137103448));
#6649 = CARTESIAN_POINT('',(-3.186709571808,-1.051155305848,
    -11.36527929989));
#6650 = CARTESIAN_POINT('',(-3.187814295477,1.051141658194,
    -11.43658274774));
#6651 = CARTESIAN_POINT('',(-1.89104998504,2.5367354422,-11.51049101395)
  );
#6652 = CARTESIAN_POINT('',(-0.152934229889,2.89943136535,
    -11.58255841153));
#6653 = CARTESIAN_POINT('',(1.270011370681,2.262366979949,-11.6555139046
    ));
#6654 = CARTESIAN_POINT('',(1.980741586108,1.13145419019,-11.72820507254
    ));
#6655 = CARTESIAN_POINT('',(1.980739759622,9.119623795018E-08,
    -11.80093014654));
#6656 = CARTESIAN_POINT('',(2.016990140177,1.683030839694E-07,
    -10.98000323853));
#6657 = CARTESIAN_POINT('',(2.016988455777,-1.152154803358,
    -11.05272848238));
#6658 = CARTESIAN_POINT('',(1.293194888975,-2.303805713642,
    -11.1254224394));
#6659 = CARTESIAN_POINT('',(-0.15543795707,-2.952378851548,
    -11.19836030268));
#6660 = CARTESIAN_POINT('',(-1.926368660296,-2.583397921521,
    -11.27047867452));
#6661 = CARTESIAN_POINT('',(-3.245077186926,-1.070021403574,
    -11.34429571169));
#6662 = CARTESIAN_POINT('',(-3.246124240468,1.070008479356,
    -11.41570914585));
#6663 = CARTESIAN_POINT('',(-1.925664959436,2.583419523589,
    -11.48952618378));
#6664 = CARTESIAN_POINT('',(-0.155734351066,2.952367327556,
    -11.56164455477));
#6665 = CARTESIAN_POINT('',(1.293254705194,2.303808112509,
    -11.63458241849));
#6666 = CARTESIAN_POINT('',(2.016990451587,1.152155055813,
    -11.70727637542));
#6667 = CARTESIAN_POINT('',(2.016988719139,8.415160018815E-08,
    -11.78000161926));
#6668 = ADVANCED_FACE('',(#6669),#6727,.T.);
#6669 = FACE_BOUND('',#6670,.T.);
#6670 = EDGE_LOOP('',(#6671,#6672,#6673,#6674));
#6671 = ORIENTED_EDGE('',*,*,#6434,.F.);
#6672 = ORIENTED_EDGE('',*,*,#6403,.T.);
#6673 = ORIENTED_EDGE('',*,*,#6545,.T.);
#6674 = ORIENTED_EDGE('',*,*,#6675,.F.);
#6675 = EDGE_CURVE('',#6435,#6546,#6676,.T.);
#6676 = B_SPLINE_CURVE_WITH_KNOTS('',7,(#6677,#6678,#6679,#6680,#6681,
    #6682,#6683,#6684,#6685,#6686,#6687,#6688,#6689,#6690,#6691,#6692,
    #6693,#6694,#6695,#6696,#6697,#6698,#6699,#6700,#6701,#6702,#6703,
    #6704,#6705,#6706,#6707,#6708,#6709,#6710,#6711,#6712,#6713,#6714,
    #6715,#6716,#6717,#6718,#6719,#6720,#6721,#6722,#6723,#6724,#6725,
    #6726),.UNSPECIFIED.,.F.,.F.,(8,6,6,6,6,6,6,6,8),(0.,0.127657875547,
    0.253893660957,0.380506972635,0.503759763912,0.628332737859,
    0.749532179726,0.876335817576,1.),.UNSPECIFIED.);
#6677 = CARTESIAN_POINT('',(1.982423267946,-1.439617305644,-11.51));
#6678 = CARTESIAN_POINT('',(1.844747974813,-1.616629455114,
    -11.51738814205));
#6679 = CARTESIAN_POINT('',(1.688245343112,-1.778825310156,
    -11.52479569744));
#6680 = CARTESIAN_POINT('',(1.514834409019,-1.923662880979,
    -11.53221798934));
#6681 = CARTESIAN_POINT('',(1.326804933058,-2.049028183875,
    -11.53965524159));
#6682 = CARTESIAN_POINT('',(1.126734974983,-2.15316705661,
    -11.54711061708));
#6683 = CARTESIAN_POINT('',(0.917468556447,-2.234713170306,
    -11.55458702559));
#6684 = CARTESIAN_POINT('',(0.489236845806,-2.350264090138,
    -11.56949487644));
#6685 = CARTESIAN_POINT('',(0.270293270196,-2.38481878881,
    -11.57692972151));
#6686 = CARTESIAN_POINT('',(4.836560103918E-02,-2.395607712833,
    -11.5843853539));
#6687 = CARTESIAN_POINT('',(-0.173465431392,-2.382328321994,
    -11.59186326803));
#6688 = CARTESIAN_POINT('',(-0.392106504127,-2.345140041557,
    -11.59936529819));
#6689 = CARTESIAN_POINT('',(-0.604487178208,-2.284672279369,
    -11.60689116641));
#6690 = CARTESIAN_POINT('',(-1.011331538686,-2.119370060404,
    -11.62200463066));
#6691 = CARTESIAN_POINT('',(-1.205852695478,-2.014357665369,
    -11.62959642949));
#6692 = CARTESIAN_POINT('',(-1.388112326246,-1.888301786105,
    -11.63720735689));
#6693 = CARTESIAN_POINT('',(-1.555385527397,-1.742897240574,
    -11.64483676392));
#6694 = CARTESIAN_POINT('',(-1.705232833031,-1.580232652854,
    -11.65248628036));
#6695 = CARTESIAN_POINT('',(-1.835536655748,-1.402773138844,
    -11.66015714572));
#6696 = CARTESIAN_POINT('',(-2.050809285464,-1.02911685825,
    -11.67533196202));
#6697 = CARTESIAN_POINT('',(-2.136947769739,-0.833441645232,
    -11.68283893659));
#6698 = CARTESIAN_POINT('',(-2.201450435692,-0.62907923671,
    -11.69036476493));
#6699 = CARTESIAN_POINT('',(-2.243262940294,-0.418882571492,
    -11.69791100306));
#6700 = CARTESIAN_POINT('',(-2.261770828145,-0.205833015792,
    -11.70548041574));
#6701 = CARTESIAN_POINT('',(-2.256816865688,6.993704042124E-03,
    -11.71307398429));
#6702 = CARTESIAN_POINT('',(-2.2005375273,0.428137165898,-11.72838362534
    ));
#6703 = CARTESIAN_POINT('',(-2.148699885761,0.636502499412,
    -11.73610443485));
#6704 = CARTESIAN_POINT('',(-2.073711610667,0.838262637851,
    -11.74384628591));
#6705 = CARTESIAN_POINT('',(-1.976551669105,1.030341978858,
    -11.75160878249));
#6706 = CARTESIAN_POINT('',(-1.858661967738,1.209849134855,
    -11.75939315143));
#6707 = CARTESIAN_POINT('',(-1.721937864835,1.374119884932,
    -11.76719973821));
#6708 = CARTESIAN_POINT('',(-1.419864043584,1.663548015968,
    -11.78263864259));
#6709 = CARTESIAN_POINT('',(-1.255304656882,1.789725904885,
    -11.79027419748));
#6710 = CARTESIAN_POINT('',(-1.07737944367,1.897169469162,
    -11.79792843651));
#6711 = CARTESIAN_POINT('',(-0.888627016659,1.9841773873,-11.80560287551
    ));
#6712 = CARTESIAN_POINT('',(-0.691819165591,2.049454412615,
    -11.81330118689));
#6713 = CARTESIAN_POINT('',(-0.489928529555,2.092138224321,
    -11.82102578901));
#6714 = CARTESIAN_POINT('',(-7.292749629786E-02,2.132637472634,
    -11.83687999668));
#6715 = CARTESIAN_POINT('',(0.142501976309,2.128300711001,
    -11.84501706967));
#6716 = CARTESIAN_POINT('',(0.356483730316,2.098520761557,
    -11.85318049456));
#6717 = CARTESIAN_POINT('',(0.565420001087,2.043627786193,
    -11.86137150978));
#6718 = CARTESIAN_POINT('',(0.76583389138,1.964524053714,-11.86958999794
    ));
#6719 = CARTESIAN_POINT('',(0.954377329644,1.862690162034,
    -11.87783525924));
#6720 = CARTESIAN_POINT('',(1.297272892427,1.620989645595,
    -11.89416207494));
#6721 = CARTESIAN_POINT('',(1.452472651842,1.482044621913,
    -11.90224810085));
#6722 = CARTESIAN_POINT('',(1.590678260933,1.325490379621,
    -11.91035330346));
#6723 = CARTESIAN_POINT('',(1.709498202343,1.153797573435,
    -11.91847806469));
#6724 = CARTESIAN_POINT('',(1.806964943309,0.969792204334,
    -11.92662759613));
#6725 = CARTESIAN_POINT('',(1.881577190891,0.776617765057,
    -11.93480689975));
#6726 = CARTESIAN_POINT('',(1.932464018128,0.577774511295,
    -11.94301200616));
#6727 = B_SPLINE_SURFACE_WITH_KNOTS('',1,10,(
    (#6728,#6729,#6730,#6731,#6732,#6733,#6734,#6735,#6736,#6737,#6738)
    ,(#6739,#6740,#6741,#6742,#6743,#6744,#6745,#6746,#6747,#6748,#6749
    )),.UNSPECIFIED.,.F.,.F.,.F.,(2,2),(11,11),(0.,0.56),(0.,
    6.333910135482),.PIECEWISE_BEZIER_KNOTS.);
#6728 = CARTESIAN_POINT('',(2.50196795625,-2.019798954841E-08,
    -11.45999961135));
#6729 = CARTESIAN_POINT('',(2.501963511058,-1.572024803274,
    -11.53999987919));
#6730 = CARTESIAN_POINT('',(1.404639549649,-3.144076850848,
    -11.62000473635));
#6731 = CARTESIAN_POINT('',(-0.79212628782,-3.849979824706,
    -11.69998551845));
#6732 = CARTESIAN_POINT('',(-3.301411858546,-2.860603245267,
    -11.78001425338));
#6733 = CARTESIAN_POINT('',(-4.630247841255,-6.73845736916E-05,
    -11.85999970697));
#6734 = CARTESIAN_POINT('',(-3.300918933204,2.860702749878,
    -11.9399851661));
#6735 = CARTESIAN_POINT('',(-0.792600991987,3.849941714217,
    -12.0200138974));
#6736 = CARTESIAN_POINT('',(1.404804586194,3.144083021459,
    -12.09999468094));
#6737 = CARTESIAN_POINT('',(2.501969179083,1.572024772979,
    -12.17999953785));
#6738 = CARTESIAN_POINT('',(2.501964740238,-1.009874277622E-08,
    -12.25999980568));
#6739 = CARTESIAN_POINT('',(2.016991635997,1.683027361216E-07,
    -11.18000323852));
#6740 = CARTESIAN_POINT('',(2.016988752341,-1.267371005261,
    -11.26000100677));
#6741 = CARTESIAN_POINT('',(1.132333355663,-2.534125385809,
    -11.33996053568));
#6742 = CARTESIAN_POINT('',(-0.638416609899,-3.104865431206,
    -11.42012066224));
#6743 = CARTESIAN_POINT('',(-2.661864507236,-2.305007169846,
    -11.4998812449));
#6744 = CARTESIAN_POINT('',(-3.732189248743,-4.569827446232E-05,
    -11.58000242786));
#6745 = CARTESIAN_POINT('',(-2.661532380343,2.30507391809,
    -11.66012361454));
#6746 = CARTESIAN_POINT('',(-0.638737179928,3.104839642136,
    -11.73988419476));
#6747 = CARTESIAN_POINT('',(1.132444316674,2.534129700638,
    -11.82004432229));
#6748 = CARTESIAN_POINT('',(2.016992403556,1.267371257716,
    -11.90000385103));
#6749 = CARTESIAN_POINT('',(2.016989467048,8.415148748553E-08,
    -11.98000161926));
#6750 = ADVANCED_FACE('',(#6751),#6852,.T.);
#6751 = FACE_BOUND('',#6752,.F.);
#6752 = EDGE_LOOP('',(#6753,#6754,#6755,#6772,#6835,#6844,#6850,#6851));
#6753 = ORIENTED_EDGE('',*,*,#6454,.T.);
#6754 = ORIENTED_EDGE('',*,*,#6469,.T.);
#6755 = ORIENTED_EDGE('',*,*,#6756,.T.);
#6756 = EDGE_CURVE('',#6470,#6757,#6759,.T.);
#6757 = VERTEX_POINT('',#6758);
#6758 = CARTESIAN_POINT('',(0.577787190792,-1.932462454746,
    -11.9430098719));
#6759 = B_SPLINE_CURVE_WITH_KNOTS('',6,(#6760,#6761,#6762,#6763,#6764,
    #6765,#6766,#6767,#6768,#6769,#6770,#6771),.UNSPECIFIED.,.F.,.F.,(7,
    5,7),(0.,0.496336764288,1.),.UNSPECIFIED.);
#6760 = CARTESIAN_POINT('',(2.402678268424,-2.22044604925E-16,
    -11.55732173157));
#6761 = CARTESIAN_POINT('',(2.3725353095,-0.240409985174,-11.58746469048
    ));
#6762 = CARTESIAN_POINT('',(2.313192322529,-0.476177093896,
    -11.61794104106));
#6763 = CARTESIAN_POINT('',(2.225136655773,-0.702616990934,
    -11.64872739651));
#6764 = CARTESIAN_POINT('',(2.109877675622,-0.915264937418,
    -11.67982831566));
#6765 = CARTESIAN_POINT('',(1.969741367482,-1.109833615313,
    -11.71128899175));
#6766 = CARTESIAN_POINT('',(1.644301912025,-1.457823284464,
    -11.77540988868));
#6767 = CARTESIAN_POINT('',(1.458259969248,-1.610704363204,
    -11.80810086887));
#6768 = CARTESIAN_POINT('',(1.253740198051,-1.737144575759,
    -11.84118488488));
#6769 = CARTESIAN_POINT('',(1.035280457901,-1.834122659441,
    -11.8746890439));
#6770 = CARTESIAN_POINT('',(0.808072673038,-1.899463680946,
    -11.9086316611));
#6771 = CARTESIAN_POINT('',(0.578013800656,-1.93240974531,
    -11.94299544434));
#6772 = ORIENTED_EDGE('',*,*,#6773,.F.);
#6773 = EDGE_CURVE('',#6774,#6757,#6776,.T.);
#6774 = VERTEX_POINT('',#6775);
#6775 = CARTESIAN_POINT('',(0.983158629831,-1.695582232918,-12.));
#6776 = B_SPLINE_CURVE_WITH_KNOTS('',8,(#6777,#6778,#6779,#6780,#6781,
    #6782,#6783,#6784,#6785,#6786,#6787,#6788,#6789,#6790,#6791,#6792,
    #6793,#6794,#6795,#6796,#6797,#6798,#6799,#6800,#6801,#6802,#6803,
    #6804,#6805,#6806,#6807,#6808,#6809,#6810,#6811,#6812,#6813,#6814,
    #6815,#6816,#6817,#6818,#6819,#6820,#6821,#6822,#6823,#6824,#6825,
    #6826,#6827,#6828,#6829,#6830,#6831,#6832,#6833,#6834),
  .UNSPECIFIED.,.F.,.F.,(9,7,7,7,7,7,7,7,9),(0.,0.474851302879,
    0.628601757806,0.682499059353,0.711589208999,0.772941964313,
    0.853457244414,0.89776410574,1.),.UNSPECIFIED.);
#6777 = CARTESIAN_POINT('',(0.983158629831,-1.695582232918,-12.));
#6778 = CARTESIAN_POINT('',(0.935688178333,-1.723641400251,
    -11.99953793798));
#6779 = CARTESIAN_POINT('',(0.888051641915,-1.749955674466,
    -11.99889592728));
#6780 = CARTESIAN_POINT('',(0.840302952128,-1.77461688132,
    -11.99805021366));
#6781 = CARTESIAN_POINT('',(0.792647340352,-1.797639947715,
    -11.99696518919));
#6782 = CARTESIAN_POINT('',(0.745399917745,-1.819006538451,
    -11.99560177531));
#6783 = CARTESIAN_POINT('',(0.699181545811,-1.838680073423,
    -11.99389142205));
#6784 = CARTESIAN_POINT('',(0.654746703661,-1.85666595148,-11.9917639487
    ));
#6785 = CARTESIAN_POINT('',(0.600336272959,-1.87827861829,
    -11.98816584691));
#6786 = CARTESIAN_POINT('',(0.587396206025,-1.883383428312,
    -11.98722510127));
#6787 = CARTESIAN_POINT('',(0.57487644591,-1.888308305728,-11.9862180946
    ));
#6788 = CARTESIAN_POINT('',(0.56284968005,-1.89304993545,-11.98513898992
    ));
#6789 = CARTESIAN_POINT('',(0.551410072275,-1.89760158838,
    -11.98398172836));
#6790 = CARTESIAN_POINT('',(0.540672931355,-1.901953871786,
    -11.98274017183));
#6791 = CARTESIAN_POINT('',(0.530773197645,-1.906094803603,
    -11.98140835269));
#6792 = CARTESIAN_POINT('',(0.518739185005,-1.911381408093,
    -11.97948041158));
#6793 = CARTESIAN_POINT('',(0.515737734256,-1.912725483607,
    -11.97896834908));
#6794 = CARTESIAN_POINT('',(0.512865413147,-1.914040633812,
    -11.97844445419));
#6795 = CARTESIAN_POINT('',(0.510129332771,-1.915325976258,
    -11.9779085961));
#6796 = CARTESIAN_POINT('',(0.507536697727,-1.916580549452,
    -11.97736070181));
#6797 = CARTESIAN_POINT('',(0.505094806121,-1.917803312853,
    -11.97680075608));
#6798 = CARTESIAN_POINT('',(0.502811049564,-1.918993146873,
    -11.97622880148));
#6799 = CARTESIAN_POINT('',(0.49954968517,-1.920772625492,
    -11.97532980824));
#6800 = CARTESIAN_POINT('',(0.498454664334,-1.92138645574,-11.9750112145
    ));
#6801 = CARTESIAN_POINT('',(0.497409008333,-1.921990153253,
    -11.97468917705));
#6802 = CARTESIAN_POINT('',(0.496413839104,-1.922583524574,
    -11.97436372362));
#6803 = CARTESIAN_POINT('',(0.495470242858,-1.923166373153,
    -11.97403488976));
#6804 = CARTESIAN_POINT('',(0.494579270077,-1.92373849935,
    -11.97370271884));
#6805 = CARTESIAN_POINT('',(0.493741935516,-1.924299700435,
    -11.97336726205));
#6806 = CARTESIAN_POINT('',(0.491308423534,-1.926009899358,
    -11.97231427567));
#6807 = CARTESIAN_POINT('',(0.489900409069,-1.927120602292,
    -11.97158556952));
#6808 = CARTESIAN_POINT('',(0.488744394565,-1.928179858268,
    -11.97084308315));
#6809 = CARTESIAN_POINT('',(0.487848250476,-1.929185728003,
    -11.97008756192));
#6810 = CARTESIAN_POINT('',(0.487218233333,-1.930136383032,
    -11.96931988164));
#6811 = CARTESIAN_POINT('',(0.486858721124,-1.931030134688,
    -11.96854105702));
#6812 = CARTESIAN_POINT('',(0.486771948673,-1.931865463072,
    -11.96775225001));
#6813 = CARTESIAN_POINT('',(0.487201567171,-1.9336588696,-11.96590822907
    ));
#6814 = CARTESIAN_POINT('',(0.487914873314,-1.934574011903,
    -11.96484652663));
#6815 = CARTESIAN_POINT('',(0.48909760903,-1.935383398252,
    -11.96377272668));
#6816 = CARTESIAN_POINT('',(0.490742535259,-1.936085076538,
    -11.96268980779));
#6817 = CARTESIAN_POINT('',(0.492836392276,-1.936678084439,
    -11.96160064383));
#6818 = CARTESIAN_POINT('',(0.495361065671,-1.937162316617,
    -11.96050797662));
#6819 = CARTESIAN_POINT('',(0.498294752322,-1.937538391919,
    -11.95941438847));
#6820 = CARTESIAN_POINT('',(0.503439198885,-1.937955619745,
    -11.95772129418));
#6821 = CARTESIAN_POINT('',(0.505382007499,-1.938071343228,
    -11.95712069872));
#6822 = CARTESIAN_POINT('',(0.507437547703,-1.938154917504,
    -11.95652084297));
#6823 = CARTESIAN_POINT('',(0.50960179725,-1.938206600404,
    -11.95592205018));
#6824 = CARTESIAN_POINT('',(0.511870716169,-1.938226681117,
    -11.95532461235));
#6825 = CARTESIAN_POINT('',(0.514240246762,-1.938215480184,
    -11.95472879028));
#6826 = CARTESIAN_POINT('',(0.516706313603,-1.9381733495,-11.95413481351
    ));
#6827 = CARTESIAN_POINT('',(0.525168458871,-1.937932973309,
    -11.95217702379));
#6828 = CARTESIAN_POINT('',(0.531563773499,-1.937602617932,
    -11.95082226561));
#6829 = CARTESIAN_POINT('',(0.53840253684,-1.937114133958,
    -11.94948073404));
#6830 = CARTESIAN_POINT('',(0.545639082564,-1.936472287923,
    -11.94815401066));
#6831 = CARTESIAN_POINT('',(0.553231160015,-1.93568186163,
    -11.94684316925));
#6832 = CARTESIAN_POINT('',(0.561140785615,-1.93474742865,
    -11.94554881452));
#6833 = CARTESIAN_POINT('',(0.569335094274,-1.93367313082,
    -11.94427112103));
#6834 = CARTESIAN_POINT('',(0.577787190792,-1.932462454746,
    -11.9430098719));
#6835 = ORIENTED_EDGE('',*,*,#6836,.F.);
#6836 = EDGE_CURVE('',#6837,#6774,#6839,.T.);
#6837 = VERTEX_POINT('',#6838);
#6838 = CARTESIAN_POINT('',(1.96,0.,-12.));
#6839 = CIRCLE('',#6840,1.96);
#6840 = AXIS2_PLACEMENT_3D('',#6841,#6842,#6843);
#6841 = CARTESIAN_POINT('',(0.,0.,-12.));
#6842 = DIRECTION('',(0.,0.,1.));
#6843 = DIRECTION('',(1.,0.,-0.));
#6844 = ORIENTED_EDGE('',*,*,#6845,.F.);
#6845 = EDGE_CURVE('',#6564,#6837,#6846,.T.);
#6846 = LINE('',#6847,#6848);
#6847 = CARTESIAN_POINT('',(2.45,0.,-11.51));
#6848 = VECTOR('',#6849,1.);
#6849 = DIRECTION('',(-0.707106781187,0.,-0.707106781187));
#6850 = ORIENTED_EDGE('',*,*,#6575,.T.);
#6851 = ORIENTED_EDGE('',*,*,#6675,.F.);
#6852 = CONICAL_SURFACE('',#6853,2.45,0.785398163397);
#6853 = AXIS2_PLACEMENT_3D('',#6854,#6855,#6856);
#6854 = CARTESIAN_POINT('',(0.,0.,-11.51));
#6855 = DIRECTION('',(0.,0.,1.));
#6856 = DIRECTION('',(1.,0.,0.));
#6857 = ADVANCED_FACE('',(#6858),#6877,.T.);
#6858 = FACE_BOUND('',#6859,.T.);
#6859 = EDGE_LOOP('',(#6860,#6875,#6876));
#6860 = ORIENTED_EDGE('',*,*,#6861,.F.);
#6861 = EDGE_CURVE('',#6495,#6757,#6862,.T.);
#6862 = ( BOUNDED_CURVE() B_SPLINE_CURVE(11,(#6863,#6864,#6865,#6866,
    #6867,#6868,#6869,#6870,#6871,#6872,#6873,#6874),.UNSPECIFIED.,.F.,
.F.) B_SPLINE_CURVE_WITH_KNOTS((12,12),(0.,6.333910135482),
.PIECEWISE_BEZIER_KNOTS.) CURVE() GEOMETRIC_REPRESENTATION_ITEM() 
RATIONAL_B_SPLINE_CURVE((1.056590953773,1.056590953773,1.056590953773,
    1.056590953773,1.056590953774,1.056590953772,1.056590953774,
    1.056590953773,1.056590953773,1.056590953773,1.056590953773,
1.056590953773)) REPRESENTATION_ITEM('') );
#6863 = CARTESIAN_POINT('',(2.016988719139,8.415163271769E-08,
    -11.78000161926));
#6864 = CARTESIAN_POINT('',(2.016986986691,-1.152154075991,
    -11.85272686311));
#6865 = CARTESIAN_POINT('',(1.293193881643,-2.303804143027,
    -11.92542082002));
#6866 = CARTESIAN_POINT('',(-0.155437970498,-2.952376769811,
    -11.99835868399));
#6867 = CARTESIAN_POINT('',(-1.926367410953,-2.583396011119,
    -12.07047705382));
#6868 = CARTESIAN_POINT('',(-3.245074945952,-1.07002052851,
    -12.14429409459));
#6869 = CARTESIAN_POINT('',(-3.246121907433,1.070007875216,
    -12.21570752442));
#6870 = CARTESIAN_POINT('',(-1.925663496336,2.58341777371,
    -12.28952456594));
#6871 = CARTESIAN_POINT('',(-0.155734117457,2.952365258915,
    -12.36164293492));
#6872 = CARTESIAN_POINT('',(1.293253890022,2.303806433956,
    -12.43458079934));
#6873 = CARTESIAN_POINT('',(2.016989078603,1.152154160143,
    -12.50727475616));
#6874 = CARTESIAN_POINT('',(2.016987298108,-2.5923707625E-14,-12.58));
#6875 = ORIENTED_EDGE('',*,*,#6514,.T.);
#6876 = ORIENTED_EDGE('',*,*,#6756,.T.);
#6877 = B_SPLINE_SURFACE_WITH_KNOTS('',1,10,(
    (#6878,#6879,#6880,#6881,#6882,#6883,#6884,#6885,#6886,#6887,#6888)
    ,(#6889,#6890,#6891,#6892,#6893,#6894,#6895,#6896,#6897,#6898,#6899
    )),.UNSPECIFIED.,.F.,.F.,.F.,(2,2),(11,11),(0.,0.56),(0.,
    6.333910135482),.PIECEWISE_BEZIER_KNOTS.);
#6878 = CARTESIAN_POINT('',(2.016988719139,8.415163216501E-08,
    -11.78000161926));
#6879 = CARTESIAN_POINT('',(2.016986813446,-1.267369492005,
    -11.85999938749));
#6880 = CARTESIAN_POINT('',(1.13235100791,-2.534122954365,
    -11.93995891613));
#6881 = CARTESIAN_POINT('',(-0.638471136862,-3.104857065045,
    -12.02011904381));
#6882 = CARTESIAN_POINT('',(-2.661803937348,-2.305015711381,
    -12.09987962464));
#6883 = CARTESIAN_POINT('',(-3.732184539905,-2.986494541535E-05,
    -12.18000080895));
#6884 = CARTESIAN_POINT('',(-2.661586244328,2.305059550008,
    -12.26012199571));
#6885 = CARTESIAN_POINT('',(-0.638681040249,3.104840194569,
    -12.33988257493));
#6886 = CARTESIAN_POINT('',(1.132423808548,2.534125735689,
    -12.42004270325));
#6887 = CARTESIAN_POINT('',(2.016989256652,1.267369576158,
    -12.50000223177));
#6888 = CARTESIAN_POINT('',(2.016987298108,-2.592127555518E-14,-12.58));
#6889 = CARTESIAN_POINT('',(2.501961898181,-1.00982905857E-08,
    -11.49999980568));
#6890 = CARTESIAN_POINT('',(2.501961376432,-1.572021880265,
    -11.5800000735));
#6891 = CARTESIAN_POINT('',(1.404709864759,-3.144073747256,
    -11.66000493011));
#6892 = CARTESIAN_POINT('',(-0.792334575475,-3.849955859876,
    -11.73998571456));
#6893 = CARTESIAN_POINT('',(-3.301187943888,-2.860641895671,
    -11.82001444533));
#6894 = CARTESIAN_POINT('',(-4.630239254572,-7.829318222186E-06,
    -11.89999990266));
#6895 = CARTESIAN_POINT('',(-3.301130619488,2.86065347463,
    -11.97998536064));
#6896 = CARTESIAN_POINT('',(-0.792389763501,3.849951430515,
    -12.06001409098));
#6897 = CARTESIAN_POINT('',(1.404729063316,3.144074461075,-12.1399948756
    ));
#6898 = CARTESIAN_POINT('',(2.501962039633,1.572021870167,
    -12.21999973218));
#6899 = CARTESIAN_POINT('',(2.501961524227,-2.347430206516E-14,-12.3));
#6900 = ADVANCED_FACE('',(#6901),#6981,.T.);
#6901 = FACE_BOUND('',#6902,.T.);
#6902 = EDGE_LOOP('',(#6903,#6928,#6929,#6930,#6931));
#6903 = ORIENTED_EDGE('',*,*,#6904,.F.);
#6904 = EDGE_CURVE('',#6564,#6905,#6907,.T.);
#6905 = VERTEX_POINT('',#6906);
#6906 = CARTESIAN_POINT('',(1.309177667386,-1.458647947661,-12.));
#6907 = B_SPLINE_CURVE_WITH_KNOTS('',7,(#6908,#6909,#6910,#6911,#6912,
    #6913,#6914,#6915,#6916,#6917,#6918,#6919,#6920,#6921,#6922,#6923,
    #6924,#6925,#6926,#6927),.UNSPECIFIED.,.F.,.F.,(8,6,6,8),(0.,
    0.150106927515,0.862928288291,1.),.UNSPECIFIED.);
#6908 = CARTESIAN_POINT('',(1.995754299099,-6.661338147751E-16,
    -11.9642457009));
#6909 = CARTESIAN_POINT('',(1.994571214105,-3.592932867674E-02,
    -11.96542878589));
#6910 = CARTESIAN_POINT('',(1.992651775437,-7.182686138584E-02,
    -11.96659358999));
#6911 = CARTESIAN_POINT('',(1.989996509705,-0.107673626258,
    -11.96774010801));
#6912 = CARTESIAN_POINT('',(1.986606655155,-0.143450682974,
    -11.96886830392));
#6913 = CARTESIAN_POINT('',(1.982484161667,-0.179139122769,
    -11.96997811087));
#6914 = CARTESIAN_POINT('',(1.977631690757,-0.214720068426,
    -11.97106943117));
#6915 = CARTESIAN_POINT('',(1.945558941836,-0.418539990998,
    -11.97723615258));
#6916 = CARTESIAN_POINT('',(1.90267194069,-0.584105260668,
    -11.98191190815));
#6917 = CARTESIAN_POINT('',(1.843750229748,-0.744777447335,
    -11.98615259385));
#6918 = CARTESIAN_POINT('',(1.769539805005,-0.898597346127,
    -11.98993120546));
#6919 = CARTESIAN_POINT('',(1.68113081878,-1.0437748829,-11.99320151474)
  );
#6920 = CARTESIAN_POINT('',(1.579918766715,-1.178682361415,
    -11.99590109487));
#6921 = CARTESIAN_POINT('',(1.44634135893,-1.32569426848,-11.99828073656
    ));
#6922 = CARTESIAN_POINT('',(1.424397175163,-1.348976027305,
    -11.99863850071));
#6923 = CARTESIAN_POINT('',(1.402066020979,-1.371819972878,
    -11.99896931957));
#6924 = CARTESIAN_POINT('',(1.379362509135,-1.394217260411,
    -11.99927213843));
#6925 = CARTESIAN_POINT('',(1.356302166533,-1.4161595265,-11.99954576606
    ));
#6926 = CARTESIAN_POINT('',(1.33290143422,-1.437638889129,
    -11.99978887468));
#6927 = CARTESIAN_POINT('',(1.309177667386,-1.458647947661,-12.));
#6928 = ORIENTED_EDGE('',*,*,#6563,.T.);
#6929 = ORIENTED_EDGE('',*,*,#6861,.T.);
#6930 = ORIENTED_EDGE('',*,*,#6773,.F.);
#6931 = ORIENTED_EDGE('',*,*,#6932,.T.);
#6932 = EDGE_CURVE('',#6774,#6905,#6933,.T.);
#6933 = B_SPLINE_CURVE_WITH_KNOTS('',6,(#6934,#6935,#6936,#6937,#6938,
    #6939,#6940,#6941,#6942,#6943,#6944,#6945,#6946,#6947,#6948,#6949,
    #6950,#6951,#6952,#6953,#6954,#6955,#6956,#6957,#6958,#6959,#6960,
    #6961,#6962,#6963,#6964,#6965,#6966,#6967,#6968,#6969,#6970,#6971,
    #6972,#6973,#6974,#6975,#6976,#6977,#6978,#6979,#6980),
  .UNSPECIFIED.,.F.,.F.,(7,5,5,5,5,5,5,5,5,7),(0.,7.312088656178E-02,
    0.397587567568,0.722136120455,0.870150618288,0.937517947418,
    0.969309911073,0.984711993429,0.992329553561,1.),.UNSPECIFIED.);
#6934 = CARTESIAN_POINT('',(0.265282848238,-1.96,-12.));
#6935 = CARTESIAN_POINT('',(0.293823751161,-1.954915797384,-12.));
#6936 = CARTESIAN_POINT('',(0.322387163245,-1.949371284708,-12.));
#6937 = CARTESIAN_POINT('',(0.350952734387,-1.943360398944,-12.));
#6938 = CARTESIAN_POINT('',(0.37950110383,-1.936878388011,-12.));
#6939 = CARTESIAN_POINT('',(0.408013900159,-1.929921810774,-12.));
#6940 = CARTESIAN_POINT('',(0.562761463364,-1.889504122206,-12.));
#6941 = CARTESIAN_POINT('',(0.688011071692,-1.847130489035,-12.));
#6942 = CARTESIAN_POINT('',(0.810679692722,-1.795176629328,-12.));
#6943 = CARTESIAN_POINT('',(0.929524313331,-1.733874142024,-12.));
#6944 = CARTESIAN_POINT('',(1.043403780642,-1.663665932864,-12.));
#6945 = CARTESIAN_POINT('',(1.259272661953,-1.506881696346,-12.));
#6946 = CARTESIAN_POINT('',(1.361288184904,-1.420280396446,-12.));
#6947 = CARTESIAN_POINT('',(1.456367523837,-1.326198977041,-12.));
#6948 = CARTESIAN_POINT('',(1.54373638562,-1.225586415585,-12.));
#6949 = CARTESIAN_POINT('',(1.622789814337,-1.119553536053,-12.));
#6950 = CARTESIAN_POINT('',(1.72535760598,-0.959492889999,-12.));
#6951 = CARTESIAN_POINT('',(1.755692545729,-0.908548845509,-12.));
#6952 = CARTESIAN_POINT('',(1.784210800107,-0.85693795247,-12.));
#6953 = CARTESIAN_POINT('',(1.810897714141,-0.804820359996,-12.));
#6954 = CARTESIAN_POINT('',(1.835756916077,-0.752386211684,-12.));
#6955 = CARTESIAN_POINT('',(1.869313361258,-0.675966410736,-12.));
#6956 = CARTESIAN_POINT('',(1.87943653474,-0.652047156266,-12.));
#6957 = CARTESIAN_POINT('',(1.889189622484,-0.628133117318,-12.));
#6958 = CARTESIAN_POINT('',(1.89857649413,-0.604249420591,-12.));
#6959 = CARTESIAN_POINT('',(1.9076023319,-0.58042450625,-12.));
#6960 = CARTESIAN_POINT('',(1.920365786485,-0.545489409381,-12.));
#6961 = CARTESIAN_POINT('',(1.924378994457,-0.534308927284,-12.));
#6962 = CARTESIAN_POINT('',(1.928313949802,-0.523152069762,-12.));
#6963 = CARTESIAN_POINT('',(1.932171436543,-0.512022504948,-12.));
#6964 = CARTESIAN_POINT('',(1.93595232743,-0.500924180975,-12.));
#6965 = CARTESIAN_POINT('',(1.941452649723,-0.484501763878,-12.));
#6966 = CARTESIAN_POINT('',(1.943229964014,-0.47915052988,-12.));
#6967 = CARTESIAN_POINT('',(1.944989636629,-0.473808107352,-12.));
#6968 = CARTESIAN_POINT('',(1.946731783116,-0.46847499997,-12.));
#6969 = CARTESIAN_POINT('',(1.94845652476,-0.463151731725,-12.));
#6970 = CARTESIAN_POINT('',(1.951008465852,-0.455211200961,-12.));
#6971 = CARTESIAN_POINT('',(1.951846858455,-0.45259187739,-12.));
#6972 = CARTESIAN_POINT('',(1.952679214037,-0.449980929425,-12.));
#6973 = CARTESIAN_POINT('',(1.953505580318,-0.447378409861,-12.));
#6974 = CARTESIAN_POINT('',(1.954326005091,-0.444784371069,-12.));
#6975 = CARTESIAN_POINT('',(1.95596072239,-0.439595408586,-12.));
#6976 = CARTESIAN_POINT('',(1.956776813888,-0.436994630923,-12.));
#6977 = CARTESIAN_POINT('',(1.957588764169,-0.434396804192,-12.));
#6978 = CARTESIAN_POINT('',(1.958396573203,-0.431802053125,-12.));
#6979 = CARTESIAN_POINT('',(1.959200287478,-0.429210355007,-12.));
#6980 = CARTESIAN_POINT('',(1.96,-0.426621539682,-12.));
#6981 = ( BOUNDED_SURFACE() B_SPLINE_SURFACE(6,11,(
    (#6982,#6983,#6984,#6985,#6986,#6987,#6988,#6989,#6990,#6991,#6992
      ,#6993)
    ,(#6994,#6995,#6996,#6997,#6998,#6999,#7000,#7001,#7002,#7003,#7004
      ,#7005)
    ,(#7006,#7007,#7008,#7009,#7010,#7011,#7012,#7013,#7014,#7015,#7016
      ,#7017)
    ,(#7018,#7019,#7020,#7021,#7022,#7023,#7024,#7025,#7026,#7027,#7028
      ,#7029)
    ,(#7030,#7031,#7032,#7033,#7034,#7035,#7036,#7037,#7038,#7039,#7040
      ,#7041)
    ,(#7042,#7043,#7044,#7045,#7046,#7047,#7048,#7049,#7050,#7051,#7052
      ,#7053)
    ,(#7054,#7055,#7056,#7057,#7058,#7059,#7060,#7061,#7062,#7063,#7064
,#7065
    )),.UNSPECIFIED.,.F.,.F.,.F.) B_SPLINE_SURFACE_WITH_KNOTS((7,7),(12,
    12),(0.,2.094395102393),(0.,6.333910135482),
.PIECEWISE_BEZIER_KNOTS.) GEOMETRIC_REPRESENTATION_ITEM() 
RATIONAL_B_SPLINE_SURFACE((
    (1.056590953773,1.056590953773,1.056590953773,1.056590953773
      ,1.056590953774,1.056590953773,1.056590953774,1.056590953773
      ,1.056590953773,1.056590953773,1.056590953773,1.056590953773)
    ,(1.017435169568,1.017435169568,1.017435169568,1.017435169568
      ,1.017435169569,1.017435169567,1.017435169569,1.017435169567
      ,1.017435169569,1.017435169568,1.017435169568,1.017435169568)
    ,(0.996326512422,0.996326512422,0.996326512422,0.996326512422
      ,0.996326512423,0.996326512422,0.996326512423,0.996326512422
      ,0.996326512422,0.996326512422,0.996326512422,0.996326512422)
    ,(0.989390034249,0.989390034249,0.989390034249,0.989390034248
      ,0.989390034249,0.989390034248,0.989390034249,0.989390034248
      ,0.989390034249,0.989390034249,0.989390034249,0.989390034249)
    ,(0.996326512422,0.996326512422,0.996326512422,0.996326512422
      ,0.996326512423,0.996326512421,0.996326512423,0.996326512422
      ,0.996326512422,0.996326512422,0.996326512422,0.996326512422)
    ,(1.017435169568,1.017435169568,1.017435169568,1.017435169568
      ,1.017435169569,1.017435169567,1.017435169569,1.017435169567
      ,1.017435169569,1.017435169568,1.017435169568,1.017435169568)
    ,(1.056590953773,1.056590953773,1.056590953773,1.056590953773
      ,1.056590953774,1.056590953772,1.056590953774,1.056590953773
      ,1.056590953773,1.056590953773,1.056590953773,1.056590953773
))) REPRESENTATION_ITEM('') SURFACE() );
#6982 = CARTESIAN_POINT('',(2.016989467048,8.415152269459E-08,
    -11.98000161926));
#6983 = CARTESIAN_POINT('',(2.016986797497,-1.152154289547,
    -12.05272686311));
#6984 = CARTESIAN_POINT('',(1.293178304484,-2.303803981873,
    -12.12542082007));
#6985 = CARTESIAN_POINT('',(-0.155360098565,-2.952380343373,
    -12.19835868375));
#6986 = CARTESIAN_POINT('',(-1.926553036666,-2.583390744609,
    -12.27047705433));
#6987 = CARTESIAN_POINT('',(-3.244800043724,-1.070024017311,
    -12.34429409395));
#6988 = CARTESIAN_POINT('',(-3.246398013341,1.070004775685,
    -12.41570752492));
#6989 = CARTESIAN_POINT('',(-1.92547858442,2.583424003441,-12.4895245657
    ));
#6990 = CARTESIAN_POINT('',(-0.155812047333,2.952362777555,
    -12.56164293498));
#6991 = CARTESIAN_POINT('',(1.293269946786,2.303807450149,
    -12.63458079934));
#6992 = CARTESIAN_POINT('',(2.016990015706,1.1521543737,-12.70727475616)
  );
#6993 = CARTESIAN_POINT('',(2.016987298108,-2.492450690283E-14,-12.78));
#6994 = CARTESIAN_POINT('',(1.980740351006,9.119618504805E-08,
    -11.9590733631));
#6995 = CARTESIAN_POINT('',(1.980737783537,-1.131453320447,
    -12.0317984371));
#6996 = CARTESIAN_POINT('',(1.269934885683,-2.262362661329,
    -12.10448960506));
#6997 = CARTESIAN_POINT('',(-0.152559944581,-2.899444153684,
    -12.17744509816));
#6998 = CARTESIAN_POINT('',(-1.891937894987,-2.536706475066,
    -12.24951249511));
#6999 = CARTESIAN_POINT('',(-3.186489839118,-1.051157137365,
    -12.32342076341));
#7000 = CARTESIAN_POINT('',(-3.188030154015,1.051138573814,
    -12.3947242076));
#7001 = CARTESIAN_POINT('',(-1.890902225472,2.536738524191,-12.468632477
    ));
#7002 = CARTESIAN_POINT('',(-0.152995600284,2.899427220916,
    -12.5406998727));
#7003 = CARTESIAN_POINT('',(1.270023209707,2.262366010924,
    -12.61365536646));
#7004 = CARTESIAN_POINT('',(1.980740879865,1.131453411644,
    -12.68634653428));
#7005 = CARTESIAN_POINT('',(1.980738260328,-2.431388423929E-14,
    -12.75907160828));
#7006 = CARTESIAN_POINT('',(1.955195418048,9.616059393203E-08,
    -11.92365147761));
#7007 = CARTESIAN_POINT('',(1.955193019384,-1.116865266299,
    -11.99637643192));
#7008 = CARTESIAN_POINT('',(1.253556792228,-2.233158860993,
    -12.06906563446));
#7009 = CARTESIAN_POINT('',(-0.150594717566,-2.862139500164,
    -12.1420335511));
#7010 = CARTESIAN_POINT('',(-1.867525317907,-2.503808481323,
    -12.21406502671));
#7011 = CARTESIAN_POINT('',(-3.145426887531,-1.037861232526,
    -12.28803758423));
#7012 = CARTESIAN_POINT('',(-3.14686961615,1.037843827844,
    -12.35926352031));
#7013 = CARTESIAN_POINT('',(-1.866555280579,2.503838489613,
    -12.43323607886));
#7014 = CARTESIAN_POINT('',(-0.151002786513,2.862123639398,
    -12.5052675533));
#7015 = CARTESIAN_POINT('',(1.253639507903,2.233162005251,
    -12.57823547055));
#7016 = CARTESIAN_POINT('',(1.9551959134,1.116865362461,-12.65092467296)
  );
#7017 = CARTESIAN_POINT('',(1.955193459832,-2.764455331317E-14,
    -12.72364962726));
#7018 = CARTESIAN_POINT('',(1.945962301737,9.795495031772E-08,
    -11.88000188487));
#7019 = CARTESIAN_POINT('',(1.945960108619,-1.111592504005,
    -11.95272679592));
#7020 = CARTESIAN_POINT('',(1.247639470749,-2.22260341808,
    -12.02541528807));
#7021 = CARTESIAN_POINT('',(-0.149896413249,-2.848655496049,
    -12.09838769513));
#7022 = CARTESIAN_POINT('',(-1.858672967788,-2.491918590719,
    -12.17040618716));
#7023 = CARTESIAN_POINT('',(-3.13062742845,-1.033055001569,
    -12.24440198165));
#7024 = CARTESIAN_POINT('',(-3.131949901548,1.033039031889,
    -12.3155999029));
#7025 = CARTESIAN_POINT('',(-1.857783801888,2.491946088266,
    -12.38959569834));
#7026 = CARTESIAN_POINT('',(-0.150270481374,2.848640956619,
    -12.46161418929));
#7027 = CARTESIAN_POINT('',(1.24771528033,2.222606306535,-12.53458659693
    ));
#7028 = CARTESIAN_POINT('',(1.945962755797,1.11159260196,-12.60727508895
    ));
#7029 = CARTESIAN_POINT('',(1.945960506751,-2.547961841515E-14,-12.68));
#7030 = CARTESIAN_POINT('',(1.955195091589,9.616064050588E-08,
    -11.83635222308));
#7031 = CARTESIAN_POINT('',(1.955193101967,-1.116865173083,
    -11.90907717738));
#7032 = CARTESIAN_POINT('',(1.2535635916,-2.233158931337,-11.9817663799)
  );
#7033 = CARTESIAN_POINT('',(-0.150628708375,-2.862137940318,
    -12.05473429667));
#7034 = CARTESIAN_POINT('',(-1.867444292974,-2.503810780135,
    -12.12676577195));
#7035 = CARTESIAN_POINT('',(-3.145546881331,-1.037859709677,
    -12.20073832997));
#7036 = CARTESIAN_POINT('',(-3.146749096947,1.037845180777,
    -12.27196426555));
#7037 = CARTESIAN_POINT('',(-1.866635993943,2.50383577036,
    -12.34593682443));
#7038 = CARTESIAN_POINT('',(-0.150968770412,2.862124722502,
    -12.41796829873));
#7039 = CARTESIAN_POINT('',(1.253632499185,2.233161561687,
    -12.49093621602));
#7040 = CARTESIAN_POINT('',(1.955195504358,1.116865269244,
    -12.56362541842));
#7041 = CARTESIAN_POINT('',(1.955193459832,-2.653433028854E-14,
    -12.63635037273));
#7042 = CARTESIAN_POINT('',(1.980739759622,9.119627253362E-08,
    -11.80093014654));
#7043 = CARTESIAN_POINT('',(1.980737933136,-1.131453151585,
    -11.87365522054));
#7044 = CARTESIAN_POINT('',(1.269947202793,-2.262362788757,
    -11.94634638846));
#7045 = CARTESIAN_POINT('',(-0.152621519171,-2.89944132801,
    -12.01930188179));
#7046 = CARTESIAN_POINT('',(-1.89179111775,-2.536710639381,
    -12.09136927815));
#7047 = CARTESIAN_POINT('',(-3.18670720873,-1.051154378712,
    -12.16527754735));
#7048 = CARTESIAN_POINT('',(-3.187811832633,1.051141024662,
    -12.23658099064));
#7049 = CARTESIAN_POINT('',(-1.891048438298,2.536733598243,
    -12.31048926063));
#7050 = CARTESIAN_POINT('',(-0.152933979877,2.899429182967,
    -12.38255665609));
#7051 = CARTESIAN_POINT('',(1.270010513365,2.262365207404,-12.4555121499
    ));
#7052 = CARTESIAN_POINT('',(1.980740138883,1.131453242781,
    -12.52820331772));
#7053 = CARTESIAN_POINT('',(1.980738260328,-2.586819647377E-14,
    -12.60092839172));
#7054 = CARTESIAN_POINT('',(2.016988719139,8.415163271769E-08,
    -11.78000161926));
#7055 = CARTESIAN_POINT('',(2.016986986691,-1.152154075991,
    -11.85272686311));
#7056 = CARTESIAN_POINT('',(1.293193881643,-2.303804143027,
    -11.92542082002));
#7057 = CARTESIAN_POINT('',(-0.155437970498,-2.952376769811,
    -11.99835868399));
#7058 = CARTESIAN_POINT('',(-1.926367410953,-2.583396011119,
    -12.07047705382));
#7059 = CARTESIAN_POINT('',(-3.245074945952,-1.07002052851,
    -12.14429409459));
#7060 = CARTESIAN_POINT('',(-3.246121907433,1.070007875216,
    -12.21570752442));
#7061 = CARTESIAN_POINT('',(-1.925663496336,2.58341777371,
    -12.28952456594));
#7062 = CARTESIAN_POINT('',(-0.155734117457,2.952365258915,
    -12.36164293492));
#7063 = CARTESIAN_POINT('',(1.293253890022,2.303806433956,
    -12.43458079934));
#7064 = CARTESIAN_POINT('',(2.016989078603,1.152154160143,
    -12.50727475616));
#7065 = CARTESIAN_POINT('',(2.016987298108,-2.5923707625E-14,-12.58));
#7066 = ADVANCED_FACE('',(#7067),#7078,.T.);
#7067 = FACE_BOUND('',#7068,.F.);
#7068 = EDGE_LOOP('',(#7069,#7070,#7071));
#7069 = ORIENTED_EDGE('',*,*,#6904,.F.);
#7070 = ORIENTED_EDGE('',*,*,#6845,.T.);
#7071 = ORIENTED_EDGE('',*,*,#7072,.F.);
#7072 = EDGE_CURVE('',#6905,#6837,#7073,.T.);
#7073 = CIRCLE('',#7074,1.96);
#7074 = AXIS2_PLACEMENT_3D('',#7075,#7076,#7077);
#7075 = CARTESIAN_POINT('',(0.,0.,-12.));
#7076 = DIRECTION('',(0.,0.,1.));
#7077 = DIRECTION('',(1.,0.,-0.));
#7078 = CONICAL_SURFACE('',#7079,2.45,0.785398163397);
#7079 = AXIS2_PLACEMENT_3D('',#7080,#7081,#7082);
#7080 = CARTESIAN_POINT('',(0.,0.,-11.51));
#7081 = DIRECTION('',(0.,0.,1.));
#7082 = DIRECTION('',(1.,0.,0.));
#7083 = ADVANCED_FACE('',(#7084),#7089,.F.);
#7084 = FACE_BOUND('',#7085,.F.);
#7085 = EDGE_LOOP('',(#7086,#7087,#7088));
#7086 = ORIENTED_EDGE('',*,*,#7072,.T.);
#7087 = ORIENTED_EDGE('',*,*,#6836,.T.);
#7088 = ORIENTED_EDGE('',*,*,#6932,.T.);
#7089 = PLANE('',#7090);
#7090 = AXIS2_PLACEMENT_3D('',#7091,#7092,#7093);
#7091 = CARTESIAN_POINT('',(0.,0.,-12.));
#7092 = DIRECTION('',(0.,0.,1.));
#7093 = DIRECTION('',(1.,0.,-0.));
#7094 = ( GEOMETRIC_REPRESENTATION_CONTEXT(3) 
GLOBAL_UNCERTAINTY_ASSIGNED_CONTEXT((#7098)) 
GLOBAL_UNIT_ASSIGNED_CONTEXT((#7095,#7096,#7097)) REPRESENTATION_CONTEXT
('Context #1','3D Context with UNIT and UNCERTAINTY') );
#7095 = ( LENGTH_UNIT() NAMED_UNIT(*) SI_UNIT(.MILLI.,.METRE.) );
#7096 = ( NAMED_UNIT(*) PLANE_ANGLE_UNIT() SI_UNIT($,.RADIAN.) );
#7097 = ( NAMED_UNIT(*) SI_UNIT($,.STERADIAN.) SOLID_ANGLE_UNIT() );
#7098 = UNCERTAINTY_MEASURE_WITH_UNIT(LENGTH_MEASURE(2.E-05),#7095,
  'distance_accuracy_value','confusion accuracy');
#7099 = PRODUCT_RELATED_PRODUCT_CATEGORY('part',$,(#7));
#7100 = MECHANICAL_DESIGN_GEOMETRIC_PRESENTATION_REPRESENTATION('',(
    #7101),#7094);
#7101 = STYLED_ITEM('color',(#7102),#15);
#7102 = PRESENTATION_STYLE_ASSIGNMENT((#7103,#7109));
#7103 = SURFACE_STYLE_USAGE(.BOTH.,#7104);
#7104 = SURFACE_SIDE_STYLE('',(#7105));
#7105 = SURFACE_STYLE_FILL_AREA(#7106);
#7106 = FILL_AREA_STYLE('',(#7107));
#7107 = FILL_AREA_STYLE_COLOUR('',#7108);
#7108 = COLOUR_RGB('',0.447059003357,0.474510015008,0.501960993452);
#7109 = CURVE_STYLE('',#7110,POSITIVE_LENGTH_MEASURE(0.1),#7111);
#7110 = DRAUGHTING_PRE_DEFINED_CURVE_FONT('continuous');
#7111 = COLOUR_RGB('',9.803921802644E-02,9.803921802644E-02,
  9.803921802644E-02);
ENDSEC;
END-ISO-10303-21;
