ISO-10303-21;
HEADER;
FILE_DESCRIPTION(('FreeCAD Model'),'2;1');
FILE_NAME('Open CASCADE Shape Model','2026-01-29T15:01:20',(''),(''),
  'Open CASCADE STEP processor 7.8','FreeCAD','Unknown');
FILE_SCHEMA(('AUTOMOTIVE_DESIGN { 1 0 10303 214 1 1 1 1 }'));
ENDSEC;
DATA;
#1 = APPLICATION_PROTOCOL_DEFINITION('international standard',
  'automotive_design',2000,#2);
#2 = APPLICATION_CONTEXT(
  'core data for automotive mechanical design processes');
#3 = SHAPE_DEFINITION_REPRESENTATION(#4,#10);
#4 = PRODUCT_DEFINITION_SHAPE('','',#5);
#5 = PRODUCT_DEFINITION('design','',#6,#9);
#6 = PRODUCT_DEFINITION_FORMATION('','',#7);
#7 = PRODUCT('M5x8-Screw','M5x8-Screw','',(#8));
#8 = PRODUCT_CONTEXT('',#2,'mechanical');
#9 = PRODUCT_DEFINITION_CONTEXT('part definition',#2,'design');
#10 = ADVANCED_BREP_SHAPE_REPRESENTATION('',(#11,#15),#4928);
#11 = AXIS2_PLACEMENT_3D('',#12,#13,#14);
#12 = CARTESIAN_POINT('',(0.,0.,0.));
#13 = DIRECTION('',(0.,0.,1.));
#14 = DIRECTION('',(1.,0.,-0.));
#15 = MANIFOLD_SOLID_BREP('',#16);
#16 = CLOSED_SHELL('',(#17,#88,#112,#137,#162,#187,#212,#237,#254,#286,
    #311,#336,#361,#386,#404,#429,#454,#474,#500,#829,#897,#907,#1000,
    #1029,#1244,#1294,#1410,#1444,#1659,#1709,#1825,#1859,#2079,#2129,
    #2245,#2279,#2506,#2556,#2672,#2706,#2906,#2956,#3072,#3106,#3310,
    #3360,#3476,#3510,#3731,#3781,#3897,#3931,#4140,#4190,#4306,#4340,
    #4378,#4428,#4554,#4636,#4718,#4761,#4900,#4917));
#17 = ADVANCED_FACE('',(#18),#83,.T.);
#18 = FACE_BOUND('',#19,.F.);
#19 = EDGE_LOOP('',(#20,#31,#40,#49,#58,#67,#76));
#20 = ORIENTED_EDGE('',*,*,#21,.F.);
#21 = EDGE_CURVE('',#22,#24,#26,.T.);
#22 = VERTEX_POINT('',#23);
#23 = CARTESIAN_POINT('',(4.,0.,3.5));
#24 = VERTEX_POINT('',#25);
#25 = CARTESIAN_POINT('',(3.464101615138,2.,3.5));
#26 = CIRCLE('',#27,4.);
#27 = AXIS2_PLACEMENT_3D('',#28,#29,#30);
#28 = CARTESIAN_POINT('',(0.,0.,3.5));
#29 = DIRECTION('',(0.,0.,1.));
#30 = DIRECTION('',(1.,0.,-0.));
#31 = ORIENTED_EDGE('',*,*,#32,.F.);
#32 = EDGE_CURVE('',#33,#22,#35,.T.);
#33 = VERTEX_POINT('',#34);
#34 = CARTESIAN_POINT('',(3.464101615138,-2.,3.5));
#35 = CIRCLE('',#36,4.);
#36 = AXIS2_PLACEMENT_3D('',#37,#38,#39);
#37 = CARTESIAN_POINT('',(0.,0.,3.5));
#38 = DIRECTION('',(0.,0.,1.));
#39 = DIRECTION('',(1.,0.,-0.));
#40 = ORIENTED_EDGE('',*,*,#41,.F.);
#41 = EDGE_CURVE('',#42,#33,#44,.T.);
#42 = VERTEX_POINT('',#43);
#43 = CARTESIAN_POINT('',(-4.287501758289E-15,-4.,3.5));
#44 = CIRCLE('',#45,4.);
#45 = AXIS2_PLACEMENT_3D('',#46,#47,#48);
#46 = CARTESIAN_POINT('',(0.,0.,3.5));
#47 = DIRECTION('',(0.,0.,1.));
#48 = DIRECTION('',(1.,0.,-0.));
#49 = ORIENTED_EDGE('',*,*,#50,.F.);
#50 = EDGE_CURVE('',#51,#42,#53,.T.);
#51 = VERTEX_POINT('',#52);
#52 = CARTESIAN_POINT('',(-3.464101615138,-2.,3.5));
#53 = CIRCLE('',#54,4.);
#54 = AXIS2_PLACEMENT_3D('',#55,#56,#57);
#55 = CARTESIAN_POINT('',(0.,0.,3.5));
#56 = DIRECTION('',(0.,0.,1.));
#57 = DIRECTION('',(1.,0.,-0.));
#58 = ORIENTED_EDGE('',*,*,#59,.F.);
#59 = EDGE_CURVE('',#60,#51,#62,.T.);
#60 = VERTEX_POINT('',#61);
#61 = CARTESIAN_POINT('',(-3.464101615138,2.,3.5));
#62 = CIRCLE('',#63,4.);
#63 = AXIS2_PLACEMENT_3D('',#64,#65,#66);
#64 = CARTESIAN_POINT('',(0.,0.,3.5));
#65 = DIRECTION('',(0.,0.,1.));
#66 = DIRECTION('',(1.,0.,-0.));
#67 = ORIENTED_EDGE('',*,*,#68,.F.);
#68 = EDGE_CURVE('',#69,#60,#71,.T.);
#69 = VERTEX_POINT('',#70);
#70 = CARTESIAN_POINT('',(1.13310777953E-15,4.,3.5));
#71 = CIRCLE('',#72,4.);
#72 = AXIS2_PLACEMENT_3D('',#73,#74,#75);
#73 = CARTESIAN_POINT('',(0.,0.,3.5));
#74 = DIRECTION('',(0.,0.,1.));
#75 = DIRECTION('',(1.,0.,-0.));
#76 = ORIENTED_EDGE('',*,*,#77,.F.);
#77 = EDGE_CURVE('',#24,#69,#78,.T.);
#78 = CIRCLE('',#79,4.);
#79 = AXIS2_PLACEMENT_3D('',#80,#81,#82);
#80 = CARTESIAN_POINT('',(0.,0.,3.5));
#81 = DIRECTION('',(0.,0.,1.));
#82 = DIRECTION('',(1.,0.,-0.));
#83 = PLANE('',#84);
#84 = AXIS2_PLACEMENT_3D('',#85,#86,#87);
#85 = CARTESIAN_POINT('',(0.,0.,3.5));
#86 = DIRECTION('',(0.,0.,1.));
#87 = DIRECTION('',(1.,0.,-0.));
#88 = ADVANCED_FACE('',(#89),#107,.T.);
#89 = FACE_BOUND('',#90,.F.);
#90 = EDGE_LOOP('',(#91,#99,#100));
#91 = ORIENTED_EDGE('',*,*,#92,.F.);
#92 = EDGE_CURVE('',#22,#93,#95,.T.);
#93 = VERTEX_POINT('',#94);
#94 = CARTESIAN_POINT('',(4.618802153517,0.,3.295532954369));
#95 = LINE('',#96,#97);
#96 = CARTESIAN_POINT('',(4.,0.,3.5));
#97 = VECTOR('',#98,1.);
#98 = DIRECTION('',(0.949508788522,0.,-0.313740434946));
#99 = ORIENTED_EDGE('',*,*,#21,.T.);
#100 = ORIENTED_EDGE('',*,*,#101,.T.);
#101 = EDGE_CURVE('',#24,#93,#102,.T.);
#102 = HYPERBOLA('',#103,1.321695759906,4.);
#103 = AXIS2_PLACEMENT_3D('',#104,#105,#106);
#104 = CARTESIAN_POINT('',(3.464101615138,2.,4.821695759906));
#105 = DIRECTION('',(-0.866025403784,-0.5,0.));
#106 = DIRECTION('',(0.,-0.,-1.));
#107 = CONICAL_SURFACE('',#108,4.,1.25166650785);
#108 = AXIS2_PLACEMENT_3D('',#109,#110,#111);
#109 = CARTESIAN_POINT('',(0.,0.,3.5));
#110 = DIRECTION('',(-0.,-0.,-1.));
#111 = DIRECTION('',(1.,0.,0.));
#112 = ADVANCED_FACE('',(#113),#132,.T.);
#113 = FACE_BOUND('',#114,.F.);
#114 = EDGE_LOOP('',(#115,#124,#125));
#115 = ORIENTED_EDGE('',*,*,#116,.T.);
#116 = EDGE_CURVE('',#117,#24,#119,.T.);
#117 = VERTEX_POINT('',#118);
#118 = CARTESIAN_POINT('',(2.309401076759,4.,3.295532954369));
#119 = HYPERBOLA('',#120,1.321695759906,4.);
#120 = AXIS2_PLACEMENT_3D('',#121,#122,#123);
#121 = CARTESIAN_POINT('',(3.464101615138,2.,4.821695759906));
#122 = DIRECTION('',(-0.866025403784,-0.5,0.));
#123 = DIRECTION('',(0.,-0.,-1.));
#124 = ORIENTED_EDGE('',*,*,#77,.T.);
#125 = ORIENTED_EDGE('',*,*,#126,.T.);
#126 = EDGE_CURVE('',#69,#117,#127,.T.);
#127 = HYPERBOLA('',#128,1.321695759906,4.);
#128 = AXIS2_PLACEMENT_3D('',#129,#130,#131);
#129 = CARTESIAN_POINT('',(7.691850745534E-16,4.,4.821695759906));
#130 = DIRECTION('',(-1.922962686384E-16,-1.,0.));
#131 = DIRECTION('',(0.,-0.,-1.));
#132 = CONICAL_SURFACE('',#133,4.,1.25166650785);
#133 = AXIS2_PLACEMENT_3D('',#134,#135,#136);
#134 = CARTESIAN_POINT('',(0.,0.,3.5));
#135 = DIRECTION('',(-0.,-0.,-1.));
#136 = DIRECTION('',(1.,0.,0.));
#137 = ADVANCED_FACE('',(#138),#157,.T.);
#138 = FACE_BOUND('',#139,.F.);
#139 = EDGE_LOOP('',(#140,#149,#150));
#140 = ORIENTED_EDGE('',*,*,#141,.T.);
#141 = EDGE_CURVE('',#142,#69,#144,.T.);
#142 = VERTEX_POINT('',#143);
#143 = CARTESIAN_POINT('',(-2.309401076758,4.,3.295532954369));
#144 = HYPERBOLA('',#145,1.321695759906,4.);
#145 = AXIS2_PLACEMENT_3D('',#146,#147,#148);
#146 = CARTESIAN_POINT('',(7.691850745534E-16,4.,4.821695759906));
#147 = DIRECTION('',(-1.922962686384E-16,-1.,0.));
#148 = DIRECTION('',(0.,-0.,-1.));
#149 = ORIENTED_EDGE('',*,*,#68,.T.);
#150 = ORIENTED_EDGE('',*,*,#151,.T.);
#151 = EDGE_CURVE('',#60,#142,#152,.T.);
#152 = HYPERBOLA('',#153,1.321695759906,4.);
#153 = AXIS2_PLACEMENT_3D('',#154,#155,#156);
#154 = CARTESIAN_POINT('',(-3.464101615138,2.,4.821695759906));
#155 = DIRECTION('',(0.866025403784,-0.5,0.));
#156 = DIRECTION('',(0.,-0.,-1.));
#157 = CONICAL_SURFACE('',#158,4.,1.25166650785);
#158 = AXIS2_PLACEMENT_3D('',#159,#160,#161);
#159 = CARTESIAN_POINT('',(0.,0.,3.5));
#160 = DIRECTION('',(-0.,-0.,-1.));
#161 = DIRECTION('',(1.,0.,0.));
#162 = ADVANCED_FACE('',(#163),#182,.T.);
#163 = FACE_BOUND('',#164,.F.);
#164 = EDGE_LOOP('',(#165,#174,#175));
#165 = ORIENTED_EDGE('',*,*,#166,.T.);
#166 = EDGE_CURVE('',#167,#60,#169,.T.);
#167 = VERTEX_POINT('',#168);
#168 = CARTESIAN_POINT('',(-4.618802153517,-7.871322696773E-14,
    3.295532954369));
#169 = HYPERBOLA('',#170,1.321695759906,4.);
#170 = AXIS2_PLACEMENT_3D('',#171,#172,#173);
#171 = CARTESIAN_POINT('',(-3.464101615138,2.,4.821695759906));
#172 = DIRECTION('',(0.866025403784,-0.5,0.));
#173 = DIRECTION('',(0.,-0.,-1.));
#174 = ORIENTED_EDGE('',*,*,#59,.T.);
#175 = ORIENTED_EDGE('',*,*,#176,.T.);
#176 = EDGE_CURVE('',#51,#167,#177,.T.);
#177 = HYPERBOLA('',#178,1.321695759906,4.);
#178 = AXIS2_PLACEMENT_3D('',#179,#180,#181);
#179 = CARTESIAN_POINT('',(-3.464101615138,-2.,4.821695759906));
#180 = DIRECTION('',(0.866025403784,0.5,0.));
#181 = DIRECTION('',(-0.,0.,-1.));
#182 = CONICAL_SURFACE('',#183,4.,1.25166650785);
#183 = AXIS2_PLACEMENT_3D('',#184,#185,#186);
#184 = CARTESIAN_POINT('',(0.,0.,3.5));
#185 = DIRECTION('',(-0.,-0.,-1.));
#186 = DIRECTION('',(1.,0.,0.));
#187 = ADVANCED_FACE('',(#188),#207,.T.);
#188 = FACE_BOUND('',#189,.F.);
#189 = EDGE_LOOP('',(#190,#191,#200));
#190 = ORIENTED_EDGE('',*,*,#50,.T.);
#191 = ORIENTED_EDGE('',*,*,#192,.T.);
#192 = EDGE_CURVE('',#42,#193,#195,.T.);
#193 = VERTEX_POINT('',#194);
#194 = CARTESIAN_POINT('',(-2.309401076758,-4.,3.295532954369));
#195 = HYPERBOLA('',#196,1.321695759906,4.);
#196 = AXIS2_PLACEMENT_3D('',#197,#198,#199);
#197 = CARTESIAN_POINT('',(-2.30755522366E-15,-4.,4.821695759906));
#198 = DIRECTION('',(5.768888059151E-16,1.,0.));
#199 = DIRECTION('',(-0.,0.,-1.));
#200 = ORIENTED_EDGE('',*,*,#201,.T.);
#201 = EDGE_CURVE('',#193,#51,#202,.T.);
#202 = HYPERBOLA('',#203,1.321695759906,4.);
#203 = AXIS2_PLACEMENT_3D('',#204,#205,#206);
#204 = CARTESIAN_POINT('',(-3.464101615138,-2.,4.821695759906));
#205 = DIRECTION('',(0.866025403784,0.5,0.));
#206 = DIRECTION('',(-0.,0.,-1.));
#207 = CONICAL_SURFACE('',#208,4.,1.25166650785);
#208 = AXIS2_PLACEMENT_3D('',#209,#210,#211);
#209 = CARTESIAN_POINT('',(0.,0.,3.5));
#210 = DIRECTION('',(-0.,-0.,-1.));
#211 = DIRECTION('',(1.,0.,0.));
#212 = ADVANCED_FACE('',(#213),#232,.T.);
#213 = FACE_BOUND('',#214,.F.);
#214 = EDGE_LOOP('',(#215,#216,#225));
#215 = ORIENTED_EDGE('',*,*,#41,.T.);
#216 = ORIENTED_EDGE('',*,*,#217,.T.);
#217 = EDGE_CURVE('',#33,#218,#220,.T.);
#218 = VERTEX_POINT('',#219);
#219 = CARTESIAN_POINT('',(2.309401076759,-4.,3.295532954369));
#220 = HYPERBOLA('',#221,1.321695759906,4.);
#221 = AXIS2_PLACEMENT_3D('',#222,#223,#224);
#222 = CARTESIAN_POINT('',(3.464101615138,-2.,4.821695759906));
#223 = DIRECTION('',(-0.866025403784,0.5,0.));
#224 = DIRECTION('',(0.,0.,-1.));
#225 = ORIENTED_EDGE('',*,*,#226,.T.);
#226 = EDGE_CURVE('',#218,#42,#227,.T.);
#227 = HYPERBOLA('',#228,1.321695759906,4.);
#228 = AXIS2_PLACEMENT_3D('',#229,#230,#231);
#229 = CARTESIAN_POINT('',(-2.30755522366E-15,-4.,4.821695759906));
#230 = DIRECTION('',(5.768888059151E-16,1.,0.));
#231 = DIRECTION('',(-0.,0.,-1.));
#232 = CONICAL_SURFACE('',#233,4.,1.25166650785);
#233 = AXIS2_PLACEMENT_3D('',#234,#235,#236);
#234 = CARTESIAN_POINT('',(0.,0.,3.5));
#235 = DIRECTION('',(-0.,-0.,-1.));
#236 = DIRECTION('',(1.,0.,0.));
#237 = ADVANCED_FACE('',(#238),#249,.T.);
#238 = FACE_BOUND('',#239,.F.);
#239 = EDGE_LOOP('',(#240,#241,#242));
#240 = ORIENTED_EDGE('',*,*,#32,.T.);
#241 = ORIENTED_EDGE('',*,*,#92,.T.);
#242 = ORIENTED_EDGE('',*,*,#243,.T.);
#243 = EDGE_CURVE('',#93,#33,#244,.T.);
#244 = HYPERBOLA('',#245,1.321695759906,4.);
#245 = AXIS2_PLACEMENT_3D('',#246,#247,#248);
#246 = CARTESIAN_POINT('',(3.464101615138,-2.,4.821695759906));
#247 = DIRECTION('',(-0.866025403784,0.5,0.));
#248 = DIRECTION('',(0.,0.,-1.));
#249 = CONICAL_SURFACE('',#250,4.,1.25166650785);
#250 = AXIS2_PLACEMENT_3D('',#251,#252,#253);
#251 = CARTESIAN_POINT('',(0.,0.,3.5));
#252 = DIRECTION('',(-0.,-0.,-1.));
#253 = DIRECTION('',(1.,0.,0.));
#254 = ADVANCED_FACE('',(#255),#281,.F.);
#255 = FACE_BOUND('',#256,.F.);
#256 = EDGE_LOOP('',(#257,#267,#273,#274,#275));
#257 = ORIENTED_EDGE('',*,*,#258,.T.);
#258 = EDGE_CURVE('',#259,#261,#263,.T.);
#259 = VERTEX_POINT('',#260);
#260 = CARTESIAN_POINT('',(2.309401076759,4.,0.2));
#261 = VERTEX_POINT('',#262);
#262 = CARTESIAN_POINT('',(4.618802153517,0.,0.2));
#263 = LINE('',#264,#265);
#264 = CARTESIAN_POINT('',(4.041451884327,1.,0.2));
#265 = VECTOR('',#266,1.);
#266 = DIRECTION('',(0.5,-0.866025403784,0.));
#267 = ORIENTED_EDGE('',*,*,#268,.F.);
#268 = EDGE_CURVE('',#93,#261,#269,.T.);
#269 = LINE('',#270,#271);
#270 = CARTESIAN_POINT('',(4.618802153517,0.,3.295532954369));
#271 = VECTOR('',#272,1.);
#272 = DIRECTION('',(0.,0.,-1.));
#273 = ORIENTED_EDGE('',*,*,#101,.F.);
#274 = ORIENTED_EDGE('',*,*,#116,.F.);
#275 = ORIENTED_EDGE('',*,*,#276,.F.);
#276 = EDGE_CURVE('',#259,#117,#277,.T.);
#277 = LINE('',#278,#279);
#278 = CARTESIAN_POINT('',(2.309401076759,4.,-9.));
#279 = VECTOR('',#280,1.);
#280 = DIRECTION('',(0.,0.,1.));
#281 = PLANE('',#282);
#282 = AXIS2_PLACEMENT_3D('',#283,#284,#285);
#283 = CARTESIAN_POINT('',(4.618802153517,0.,-9.));
#284 = DIRECTION('',(-0.866025403784,-0.5,0.));
#285 = DIRECTION('',(-0.5,0.866025403784,0.));
#286 = ADVANCED_FACE('',(#287),#306,.F.);
#287 = FACE_BOUND('',#288,.F.);
#288 = EDGE_LOOP('',(#289,#297,#298,#299,#300));
#289 = ORIENTED_EDGE('',*,*,#290,.T.);
#290 = EDGE_CURVE('',#291,#259,#293,.T.);
#291 = VERTEX_POINT('',#292);
#292 = CARTESIAN_POINT('',(-2.309401076758,4.,0.2));
#293 = LINE('',#294,#295);
#294 = CARTESIAN_POINT('',(1.154700538379,4.,0.2));
#295 = VECTOR('',#296,1.);
#296 = DIRECTION('',(1.,-1.922962686384E-16,0.));
#297 = ORIENTED_EDGE('',*,*,#276,.T.);
#298 = ORIENTED_EDGE('',*,*,#126,.F.);
#299 = ORIENTED_EDGE('',*,*,#141,.F.);
#300 = ORIENTED_EDGE('',*,*,#301,.F.);
#301 = EDGE_CURVE('',#291,#142,#302,.T.);
#302 = LINE('',#303,#304);
#303 = CARTESIAN_POINT('',(-2.309401076759,4.,-9.));
#304 = VECTOR('',#305,1.);
#305 = DIRECTION('',(0.,0.,1.));
#306 = PLANE('',#307);
#307 = AXIS2_PLACEMENT_3D('',#308,#309,#310);
#308 = CARTESIAN_POINT('',(2.309401076759,4.,-9.));
#309 = DIRECTION('',(-1.922962686384E-16,-1.,0.));
#310 = DIRECTION('',(-1.,1.922962686384E-16,0.));
#311 = ADVANCED_FACE('',(#312),#331,.F.);
#312 = FACE_BOUND('',#313,.F.);
#313 = EDGE_LOOP('',(#314,#322,#323,#324,#325));
#314 = ORIENTED_EDGE('',*,*,#315,.T.);
#315 = EDGE_CURVE('',#316,#291,#318,.T.);
#316 = VERTEX_POINT('',#317);
#317 = CARTESIAN_POINT('',(-4.618802153517,-7.871322696773E-14,0.2));
#318 = LINE('',#319,#320);
#319 = CARTESIAN_POINT('',(-2.886751345948,3.,0.2));
#320 = VECTOR('',#321,1.);
#321 = DIRECTION('',(0.5,0.866025403784,-0.));
#322 = ORIENTED_EDGE('',*,*,#301,.T.);
#323 = ORIENTED_EDGE('',*,*,#151,.F.);
#324 = ORIENTED_EDGE('',*,*,#166,.F.);
#325 = ORIENTED_EDGE('',*,*,#326,.F.);
#326 = EDGE_CURVE('',#316,#167,#327,.T.);
#327 = LINE('',#328,#329);
#328 = CARTESIAN_POINT('',(-4.618802153517,1.998401444325E-15,-9.));
#329 = VECTOR('',#330,1.);
#330 = DIRECTION('',(0.,0.,1.));
#331 = PLANE('',#332);
#332 = AXIS2_PLACEMENT_3D('',#333,#334,#335);
#333 = CARTESIAN_POINT('',(-2.309401076759,4.,-9.));
#334 = DIRECTION('',(0.866025403784,-0.5,0.));
#335 = DIRECTION('',(-0.5,-0.866025403784,0.));
#336 = ADVANCED_FACE('',(#337),#356,.F.);
#337 = FACE_BOUND('',#338,.F.);
#338 = EDGE_LOOP('',(#339,#347,#348,#349,#350));
#339 = ORIENTED_EDGE('',*,*,#340,.T.);
#340 = EDGE_CURVE('',#341,#316,#343,.T.);
#341 = VERTEX_POINT('',#342);
#342 = CARTESIAN_POINT('',(-2.309401076758,-4.,0.2));
#343 = LINE('',#344,#345);
#344 = CARTESIAN_POINT('',(-4.041451884327,-1.,0.2));
#345 = VECTOR('',#346,1.);
#346 = DIRECTION('',(-0.5,0.866025403784,0.));
#347 = ORIENTED_EDGE('',*,*,#326,.T.);
#348 = ORIENTED_EDGE('',*,*,#176,.F.);
#349 = ORIENTED_EDGE('',*,*,#201,.F.);
#350 = ORIENTED_EDGE('',*,*,#351,.F.);
#351 = EDGE_CURVE('',#341,#193,#352,.T.);
#352 = LINE('',#353,#354);
#353 = CARTESIAN_POINT('',(-2.309401076759,-4.,-9.));
#354 = VECTOR('',#355,1.);
#355 = DIRECTION('',(0.,0.,1.));
#356 = PLANE('',#357);
#357 = AXIS2_PLACEMENT_3D('',#358,#359,#360);
#358 = CARTESIAN_POINT('',(-4.618802153517,1.998401444325E-15,-9.));
#359 = DIRECTION('',(0.866025403784,0.5,-0.));
#360 = DIRECTION('',(0.5,-0.866025403784,0.));
#361 = ADVANCED_FACE('',(#362),#381,.F.);
#362 = FACE_BOUND('',#363,.F.);
#363 = EDGE_LOOP('',(#364,#372,#373,#374,#375));
#364 = ORIENTED_EDGE('',*,*,#365,.T.);
#365 = EDGE_CURVE('',#366,#341,#368,.T.);
#366 = VERTEX_POINT('',#367);
#367 = CARTESIAN_POINT('',(2.309401076759,-4.,0.2));
#368 = LINE('',#369,#370);
#369 = CARTESIAN_POINT('',(-1.154700538379,-4.,0.2));
#370 = VECTOR('',#371,1.);
#371 = DIRECTION('',(-1.,5.768888059151E-16,0.));
#372 = ORIENTED_EDGE('',*,*,#351,.T.);
#373 = ORIENTED_EDGE('',*,*,#192,.F.);
#374 = ORIENTED_EDGE('',*,*,#226,.F.);
#375 = ORIENTED_EDGE('',*,*,#376,.F.);
#376 = EDGE_CURVE('',#366,#218,#377,.T.);
#377 = LINE('',#378,#379);
#378 = CARTESIAN_POINT('',(2.309401076759,-4.,-9.));
#379 = VECTOR('',#380,1.);
#380 = DIRECTION('',(0.,0.,1.));
#381 = PLANE('',#382);
#382 = AXIS2_PLACEMENT_3D('',#383,#384,#385);
#383 = CARTESIAN_POINT('',(-2.309401076759,-4.,-9.));
#384 = DIRECTION('',(5.768888059151E-16,1.,-0.));
#385 = DIRECTION('',(1.,-5.768888059151E-16,0.));
#386 = ADVANCED_FACE('',(#387),#399,.F.);
#387 = FACE_BOUND('',#388,.F.);
#388 = EDGE_LOOP('',(#389,#395,#396,#397,#398));
#389 = ORIENTED_EDGE('',*,*,#390,.T.);
#390 = EDGE_CURVE('',#261,#366,#391,.T.);
#391 = LINE('',#392,#393);
#392 = CARTESIAN_POINT('',(2.886751345948,-3.,0.2));
#393 = VECTOR('',#394,1.);
#394 = DIRECTION('',(-0.5,-0.866025403784,0.));
#395 = ORIENTED_EDGE('',*,*,#376,.T.);
#396 = ORIENTED_EDGE('',*,*,#217,.F.);
#397 = ORIENTED_EDGE('',*,*,#243,.F.);
#398 = ORIENTED_EDGE('',*,*,#268,.T.);
#399 = PLANE('',#400);
#400 = AXIS2_PLACEMENT_3D('',#401,#402,#403);
#401 = CARTESIAN_POINT('',(2.309401076759,-4.,-9.));
#402 = DIRECTION('',(-0.866025403784,0.5,0.));
#403 = DIRECTION('',(0.5,0.866025403784,0.));
#404 = ADVANCED_FACE('',(#405,#413),#424,.F.);
#405 = FACE_BOUND('',#406,.F.);
#406 = EDGE_LOOP('',(#407,#408,#409,#410,#411,#412));
#407 = ORIENTED_EDGE('',*,*,#390,.F.);
#408 = ORIENTED_EDGE('',*,*,#258,.F.);
#409 = ORIENTED_EDGE('',*,*,#290,.F.);
#410 = ORIENTED_EDGE('',*,*,#315,.F.);
#411 = ORIENTED_EDGE('',*,*,#340,.F.);
#412 = ORIENTED_EDGE('',*,*,#365,.F.);
#413 = FACE_BOUND('',#414,.F.);
#414 = EDGE_LOOP('',(#415));
#415 = ORIENTED_EDGE('',*,*,#416,.F.);
#416 = EDGE_CURVE('',#417,#417,#419,.T.);
#417 = VERTEX_POINT('',#418);
#418 = CARTESIAN_POINT('',(3.75,0.,0.2));
#419 = CIRCLE('',#420,3.75);
#420 = AXIS2_PLACEMENT_3D('',#421,#422,#423);
#421 = CARTESIAN_POINT('',(0.,0.,0.2));
#422 = DIRECTION('',(0.,0.,1.));
#423 = DIRECTION('',(1.,0.,-0.));
#424 = PLANE('',#425);
#425 = AXIS2_PLACEMENT_3D('',#426,#427,#428);
#426 = CARTESIAN_POINT('',(0.,0.,0.2));
#427 = DIRECTION('',(0.,0.,1.));
#428 = DIRECTION('',(1.,0.,-0.));
#429 = ADVANCED_FACE('',(#430),#449,.T.);
#430 = FACE_BOUND('',#431,.F.);
#431 = EDGE_LOOP('',(#432,#433,#441,#448));
#432 = ORIENTED_EDGE('',*,*,#416,.T.);
#433 = ORIENTED_EDGE('',*,*,#434,.T.);
#434 = EDGE_CURVE('',#417,#435,#437,.T.);
#435 = VERTEX_POINT('',#436);
#436 = CARTESIAN_POINT('',(3.75,0.,0.));
#437 = LINE('',#438,#439);
#438 = CARTESIAN_POINT('',(3.75,0.,0.2));
#439 = VECTOR('',#440,1.);
#440 = DIRECTION('',(0.,0.,-1.));
#441 = ORIENTED_EDGE('',*,*,#442,.F.);
#442 = EDGE_CURVE('',#435,#435,#443,.T.);
#443 = CIRCLE('',#444,3.75);
#444 = AXIS2_PLACEMENT_3D('',#445,#446,#447);
#445 = CARTESIAN_POINT('',(0.,0.,0.));
#446 = DIRECTION('',(0.,0.,1.));
#447 = DIRECTION('',(1.,0.,-0.));
#448 = ORIENTED_EDGE('',*,*,#434,.F.);
#449 = CYLINDRICAL_SURFACE('',#450,3.75);
#450 = AXIS2_PLACEMENT_3D('',#451,#452,#453);
#451 = CARTESIAN_POINT('',(0.,0.,0.2));
#452 = DIRECTION('',(-0.,-0.,-1.));
#453 = DIRECTION('',(1.,0.,0.));
#454 = ADVANCED_FACE('',(#455,#458),#469,.F.);
#455 = FACE_BOUND('',#456,.F.);
#456 = EDGE_LOOP('',(#457));
#457 = ORIENTED_EDGE('',*,*,#442,.T.);
#458 = FACE_BOUND('',#459,.F.);
#459 = EDGE_LOOP('',(#460));
#460 = ORIENTED_EDGE('',*,*,#461,.F.);
#461 = EDGE_CURVE('',#462,#462,#464,.T.);
#462 = VERTEX_POINT('',#463);
#463 = CARTESIAN_POINT('',(2.55,0.,-4.163336342344E-17));
#464 = CIRCLE('',#465,2.55);
#465 = AXIS2_PLACEMENT_3D('',#466,#467,#468);
#466 = CARTESIAN_POINT('',(0.,0.,-4.163336342344E-17));
#467 = DIRECTION('',(0.,0.,1.));
#468 = DIRECTION('',(1.,0.,-0.));
#469 = PLANE('',#470);
#470 = AXIS2_PLACEMENT_3D('',#471,#472,#473);
#471 = CARTESIAN_POINT('',(0.,0.,0.));
#472 = DIRECTION('',(0.,0.,1.));
#473 = DIRECTION('',(1.,0.,-0.));
#474 = ADVANCED_FACE('',(#475),#495,.F.);
#475 = FACE_BOUND('',#476,.F.);
#476 = EDGE_LOOP('',(#477,#478,#487,#494));
#477 = ORIENTED_EDGE('',*,*,#461,.T.);
#478 = ORIENTED_EDGE('',*,*,#479,.T.);
#479 = EDGE_CURVE('',#462,#480,#482,.T.);
#480 = VERTEX_POINT('',#481);
#481 = CARTESIAN_POINT('',(2.35,0.,-0.2));
#482 = CIRCLE('',#483,0.2);
#483 = AXIS2_PLACEMENT_3D('',#484,#485,#486);
#484 = CARTESIAN_POINT('',(2.55,0.,-0.2));
#485 = DIRECTION('',(0.,-1.,0.));
#486 = DIRECTION('',(2.22044604925E-15,0.,1.));
#487 = ORIENTED_EDGE('',*,*,#488,.F.);
#488 = EDGE_CURVE('',#480,#480,#489,.T.);
#489 = CIRCLE('',#490,2.35);
#490 = AXIS2_PLACEMENT_3D('',#491,#492,#493);
#491 = CARTESIAN_POINT('',(0.,0.,-0.2));
#492 = DIRECTION('',(0.,0.,1.));
#493 = DIRECTION('',(1.,0.,-0.));
#494 = ORIENTED_EDGE('',*,*,#479,.F.);
#495 = TOROIDAL_SURFACE('',#496,2.55,0.2);
#496 = AXIS2_PLACEMENT_3D('',#497,#498,#499);
#497 = CARTESIAN_POINT('',(0.,0.,-0.2));
#498 = DIRECTION('',(0.,0.,1.));
#499 = DIRECTION('',(1.,0.,-0.));
#500 = ADVANCED_FACE('',(#501),#824,.T.);
#501 = FACE_BOUND('',#502,.F.);
#502 = EDGE_LOOP('',(#503,#511,#512,#513,#616,#624,#661,#731,#774,#783)
  );
#503 = ORIENTED_EDGE('',*,*,#504,.F.);
#504 = EDGE_CURVE('',#480,#505,#507,.T.);
#505 = VERTEX_POINT('',#506);
#506 = CARTESIAN_POINT('',(2.35,2.634664021744E-12,-0.330002925648));
#507 = LINE('',#508,#509);
#508 = CARTESIAN_POINT('',(2.35,0.,-0.2));
#509 = VECTOR('',#510,1.);
#510 = DIRECTION('',(0.,0.,-1.));
#511 = ORIENTED_EDGE('',*,*,#488,.T.);
#512 = ORIENTED_EDGE('',*,*,#504,.T.);
#513 = ORIENTED_EDGE('',*,*,#514,.T.);
#514 = EDGE_CURVE('',#505,#515,#517,.T.);
#515 = VERTEX_POINT('',#516);
#516 = CARTESIAN_POINT('',(2.35,2.136096518074E-12,-1.130002633069));
#517 = B_SPLINE_CURVE_WITH_KNOTS('',7,(#518,#519,#520,#521,#522,#523,
    #524,#525,#526,#527,#528,#529,#530,#531,#532,#533,#534,#535,#536,
    #537,#538,#539,#540,#541,#542,#543,#544,#545,#546,#547,#548,#549,
    #550,#551,#552,#553,#554,#555,#556,#557,#558,#559,#560,#561,#562,
    #563,#564,#565,#566,#567,#568,#569,#570,#571,#572,#573,#574,#575,
    #576,#577,#578,#579,#580,#581,#582,#583,#584,#585,#586,#587,#588,
    #589,#590,#591,#592,#593,#594,#595,#596,#597,#598,#599,#600,#601,
    #602,#603,#604,#605,#606,#607,#608,#609,#610,#611,#612,#613,#614,
    #615),.UNSPECIFIED.,.F.,.F.,(8,6,6,6,6,6,6,6,6,6,6,6,6,6,6,6,8),(0.,
    2.487005468712E-02,0.127677131113,0.181369865587,0.262371144206,
    0.285444929078,0.401522895499,0.498862034199,0.597936722562,
    0.682217101191,0.737219190765,0.782898219382,0.8369016398,
    0.872167016186,0.942197517839,0.973197351313,1.),.UNSPECIFIED.);
#518 = CARTESIAN_POINT('',(2.35,5.267342118032E-12,-0.330002925648));
#519 = CARTESIAN_POINT('',(2.35,-5.245727242485E-02,-0.332845067955));
#520 = CARTESIAN_POINT('',(2.348633871051,-0.104914607725,
    -0.335687377156));
#521 = CARTESIAN_POINT('',(2.345901621119,-0.157329167579,-0.33852978239
    ));
#522 = CARTESIAN_POINT('',(2.341804921803,-0.209658256631,
    -0.341372220036));
#523 = CARTESIAN_POINT('',(2.336347108337,-0.261859322485,
    -0.344214633713));
#524 = CARTESIAN_POINT('',(2.329533179588,-0.313889955708,-0.34705697428
    ));
#525 = CARTESIAN_POINT('',(2.287624259504,-0.579911291471,
    -0.361648305495));
#526 = CARTESIAN_POINT('',(2.230810025729,-0.790536693129,
    -0.373398554593));
#527 = CARTESIAN_POINT('',(2.151392915583,-0.994501095493,
    -0.385141691957));
#528 = CARTESIAN_POINT('',(2.050356559166,-1.188933574837,
    -0.396880485663));
#529 = CARTESIAN_POINT('',(1.929092560307,-1.371154994048,-0.40862151467
    ));
#530 = CARTESIAN_POINT('',(1.789385246732,-1.538708368334,
    -0.420368604763));
#531 = CARTESIAN_POINT('',(1.552072604979,-1.768161969889,
    -0.438252665398));
#532 = CARTESIAN_POINT('',(1.466226381966,-1.842307749264,-0.4443896895)
  );
#533 = CARTESIAN_POINT('',(1.376264033148,-1.911576107518,
    -0.450527881274));
#534 = CARTESIAN_POINT('',(1.282519294683,-1.975694839198,
    -0.456667206366));
#535 = CARTESIAN_POINT('',(1.185346894314,-2.034421352806,
    -0.462807584235));
#536 = CARTESIAN_POINT('',(1.085121501078,-2.087543373976,
    -0.468948772469));
#537 = CARTESIAN_POINT('',(0.827023822818,-2.206291522372,
    -0.484355333734));
#538 = CARTESIAN_POINT('',(0.665738535081,-2.264545127201,
    -0.493622260768));
#539 = CARTESIAN_POINT('',(0.49974680252,-2.309006649419,-0.502888379287
    ));
#540 = CARTESIAN_POINT('',(0.330464924549,-2.339241616106,
    -0.512152679793));
#541 = CARTESIAN_POINT('',(0.159345334693,-2.35499068294,-0.521415113495
    ));
#542 = CARTESIAN_POINT('',(-1.213292861558E-02,-2.356171299653,
    -0.530675591491));
#543 = CARTESIAN_POINT('',(-0.230990565964,-2.339126326391,
    -0.542569608682));
#544 = CARTESIAN_POINT('',(-0.279420803232,-2.334175034188,
    -0.545206351156));
#545 = CARTESIAN_POINT('',(-0.327725740657,-2.32805403109,
    -0.547842895874));
#546 = CARTESIAN_POINT('',(-0.37587149072,-2.320767193017,
    -0.550479248357));
#547 = CARTESIAN_POINT('',(-0.423824355383,-2.312319617299,
    -0.553115417043));
#548 = CARTESIAN_POINT('',(-0.471550826088,-2.302717622675,
    -0.55575141328));
#549 = CARTESIAN_POINT('',(-0.757809993997,-2.237894076672,
    -0.571647439121));
#550 = CARTESIAN_POINT('',(-0.990129900133,-2.154770927949,
    -0.584909160076));
#551 = CARTESIAN_POINT('',(-1.211553313375,-2.043557130771,
    -0.598164062267));
#552 = CARTESIAN_POINT('',(-1.418076751755,-1.906055073396,
    -0.611418234524));
#553 = CARTESIAN_POINT('',(-1.606094146869,-1.744665410389,
    -0.624677470691));
#554 = CARTESIAN_POINT('',(-1.772397923062,-1.562386627666,
    -0.637945088183));
#555 = CARTESIAN_POINT('',(-2.033473937185,-1.195674579928,
    -0.662333995561));
#556 = CARTESIAN_POINT('',(-2.135526234768,-1.016246108952,
    -0.673462162191));
#557 = CARTESIAN_POINT('',(-2.219012974797,-0.826786440519,
    -0.684590386771));
#558 = CARTESIAN_POINT('',(-2.282802323117,-0.629608849069,
    -0.695718139106));
#559 = CARTESIAN_POINT('',(-2.326105990129,-0.427150861926,
    -0.706846342254));
#560 = CARTESIAN_POINT('',(-2.348486947314,-0.221950019038,
    -0.71797480583));
#561 = CARTESIAN_POINT('',(-2.351421098555,0.192322987418,
    -0.740422512799));
#562 = CARTESIAN_POINT('',(-2.331222029742,0.401490114044,
    -0.751746451887));
#563 = CARTESIAN_POINT('',(-2.289307959399,0.608073938597,
    -0.763066840879));
#564 = CARTESIAN_POINT('',(-2.226110594302,0.809393216345,
    -0.774384937015));
#565 = CARTESIAN_POINT('',(-2.142438730101,1.002870188526,
    -0.785704248766));
#566 = CARTESIAN_POINT('',(-2.039470143001,1.18605733883,-0.797026730425
    ));
#567 = CARTESIAN_POINT('',(-1.816196808319,1.501842607305,-0.81797990182
    ));
#568 = CARTESIAN_POINT('',(-1.700745076933,1.637955206907,
    -0.827613676713));
#569 = CARTESIAN_POINT('',(-1.573446567524,1.763636347831,
    -0.837248409012));
#570 = CARTESIAN_POINT('',(-1.435445265159,1.877669829652,
    -0.846884500231));
#571 = CARTESIAN_POINT('',(-1.288022805868,1.978996700965,
    -0.856522593483));
#572 = CARTESIAN_POINT('',(-1.132589160881,2.066722907244,
    -0.866162150888));
#573 = CARTESIAN_POINT('',(-0.865040609473,2.188073096234,
    -0.882090272343));
#574 = CARTESIAN_POINT('',(-0.756624628515,2.229909381987,
    -0.888380239945));
#575 = CARTESIAN_POINT('',(-0.645870952091,2.265469031751,
    -0.894669744252));
#576 = CARTESIAN_POINT('',(-0.533216058421,2.294597962802,-0.90095855296
    ));
#577 = CARTESIAN_POINT('',(-0.419107095229,2.317180575718,
    -0.907246546175));
#578 = CARTESIAN_POINT('',(-0.304000503756,2.333140102921,-0.91353358168
    ));
#579 = CARTESIAN_POINT('',(-9.232217294062E-02,2.35016162074,
    -0.925039675636));
#580 = CARTESIAN_POINT('',(4.086701027625E-03,2.353290534413,
    -0.930259266676));
#581 = CARTESIAN_POINT('',(0.100600666854,2.351804435068,-0.935477995208
    ));
#582 = CARTESIAN_POINT('',(0.196954801235,2.345701058185,-0.940695879787
    ));
#583 = CARTESIAN_POINT('',(0.292885106636,2.334997105999,-0.945913024602
    ));
#584 = CARTESIAN_POINT('',(0.388129048084,2.31972821563,-0.951129548459)
  );
#585 = CARTESIAN_POINT('',(0.593907506038,2.276565128097,-0.962512018918
    ));
#586 = CARTESIAN_POINT('',(0.704068876479,2.24687642036,-0.968677934731)
  );
#587 = CARTESIAN_POINT('',(0.812478738954,2.210973474108,-0.974843295455
    ));
#588 = CARTESIAN_POINT('',(0.91871743137,2.168982200305,-0.981008464661)
  );
#589 = CARTESIAN_POINT('',(1.022378307375,2.121063284942,-0.987173921762
    ));
#590 = CARTESIAN_POINT('',(1.123068951894,2.067411723212,-0.993340048557
    ));
#591 = CARTESIAN_POINT('',(1.283979726123,1.969626645493,-1.003534010569
    ));
#592 = CARTESIAN_POINT('',(1.346120796211,1.928649297746,-1.007561473535
    ));
#593 = CARTESIAN_POINT('',(1.406731040075,1.88538789727,-1.011589385486)
  );
#594 = CARTESIAN_POINT('',(1.465710012982,1.839911377872,-1.015617804329
    ));
#595 = CARTESIAN_POINT('',(1.522961392308,1.792294020334,-1.019646765066
    ));
#596 = CARTESIAN_POINT('',(1.57839297754,1.742615452419,-1.023676279787)
  );
#597 = CARTESIAN_POINT('',(1.738204864039,1.588383782358,-1.035709285744
    ));
#598 = CARTESIAN_POINT('',(1.836976456446,1.478007023372,-1.043714834315
    ));
#599 = CARTESIAN_POINT('',(1.927533417938,1.360501261493,-1.05172211071)
  );
#600 = CARTESIAN_POINT('',(2.009267682244,1.236604901889,-1.059730700521
    ));
#601 = CARTESIAN_POINT('',(2.081654461234,1.10711378676,-1.067740036084)
  );
#602 = CARTESIAN_POINT('',(2.144254682642,0.972877320546,-1.075749113048
    ));
#603 = CARTESIAN_POINT('',(2.219953875206,0.773679586304,-1.08730111554)
  );
#604 = CARTESIAN_POINT('',(2.241197173474,0.711804224729,-1.090845465116
    ));
#605 = CARTESIAN_POINT('',(2.260427002745,0.649252285935,-1.0943895189)
  );
#606 = CARTESIAN_POINT('',(2.277617780696,0.586102403415,-1.09793324162)
  );
#607 = CARTESIAN_POINT('',(2.292747805395,0.522434272371,-1.101476627628
    ));
#608 = CARTESIAN_POINT('',(2.305799255295,0.458328649715,-1.105019700896
    ));
#609 = CARTESIAN_POINT('',(2.326233351634,0.338133717225,-1.111625654126
    ));
#610 = CARTESIAN_POINT('',(2.334144311354,0.282133964011,-1.114688604947
    ));
#611 = CARTESIAN_POINT('',(2.340482078259,0.225920941688,-1.117751408694
    ));
#612 = CARTESIAN_POINT('',(2.345239907497,0.169547694474,-1.120814125322
    ));
#613 = CARTESIAN_POINT('',(2.348413299502,0.113067463542,-1.123876833519
    ));
#614 = CARTESIAN_POINT('',(2.35,5.653368702241E-02,-1.126939630714));
#615 = CARTESIAN_POINT('',(2.35,4.335642955766E-12,-1.130002633069));
#616 = ORIENTED_EDGE('',*,*,#617,.F.);
#617 = EDGE_CURVE('',#618,#515,#620,.T.);
#618 = VERTEX_POINT('',#619);
#619 = CARTESIAN_POINT('',(2.35,1.683967282088E-11,-1.029981322963));
#620 = LINE('',#621,#622);
#621 = CARTESIAN_POINT('',(2.35,0.,-0.2));
#622 = VECTOR('',#623,1.);
#623 = DIRECTION('',(0.,0.,-1.));
#624 = ORIENTED_EDGE('',*,*,#625,.F.);
#625 = EDGE_CURVE('',#626,#618,#628,.T.);
#626 = VERTEX_POINT('',#627);
#627 = CARTESIAN_POINT('',(-1.505570567611,1.804371709472,-0.50356269607
    ));
#628 = B_SPLINE_CURVE_WITH_KNOTS('',6,(#629,#630,#631,#632,#633,#634,
    #635,#636,#637,#638,#639,#640,#641,#642,#643,#644,#645,#646,#647,
    #648,#649,#650,#651,#652,#653,#654,#655,#656,#657,#658,#659,#660),
  .UNSPECIFIED.,.F.,.F.,(7,5,5,5,5,5,7),(0.,3.892259525538E-02,
    0.281394845165,0.386135161776,0.552725533655,0.717102731419,1.),
  .UNSPECIFIED.);
#629 = CARTESIAN_POINT('',(-1.505570567611,1.804371709472,-0.50356269607
    ));
#630 = CARTESIAN_POINT('',(-1.479493104722,1.826130785165,
    -0.507389207875));
#631 = CARTESIAN_POINT('',(-1.45303622693,1.847439314046,-0.511235910439
    ));
#632 = CARTESIAN_POINT('',(-1.426209434587,1.868289143177,
    -0.515101948717));
#633 = CARTESIAN_POINT('',(-1.399022441041,1.888672383434,-0.51898646426
    ));
#634 = CARTESIAN_POINT('',(-1.371485172639,1.908581409506,
    -0.522888595213));
#635 = CARTESIAN_POINT('',(-1.169942657109,2.049034130044,
    -0.551220543127));
#636 = CARTESIAN_POINT('',(-0.983057054632,2.151384719872,
    -0.576286518197));
#637 = CARTESIAN_POINT('',(-0.78543916003,2.233243457731,-0.601790610653
    ));
#638 = CARTESIAN_POINT('',(-0.579835003342,2.29327925327,-0.627523314536
    ));
#639 = CARTESIAN_POINT('',(-0.369183129619,2.330577227385,
    -0.653283568559));
#640 = CARTESIAN_POINT('',(-6.479366308264E-02,2.35090848982,
    -0.689925799913));
#641 = CARTESIAN_POINT('',(2.739049035276E-02,2.352731694159,
    -0.700947809269));
#642 = CARTESIAN_POINT('',(0.119686792181,2.350215013156,-0.711922674945
    ));
#643 = CARTESIAN_POINT('',(0.211843812721,2.343347558471,-0.722835243428
    ));
#644 = CARTESIAN_POINT('',(0.30360841882,2.332137504304,-0.733670846875)
  );
#645 = CARTESIAN_POINT('',(0.539648708493,2.291918778645,-0.761504452912
    ));
#646 = CARTESIAN_POINT('',(0.682940370304,2.256307830769,-0.778363671185
    ));
#647 = CARTESIAN_POINT('',(0.82357026937,2.209892296361,-0.794934804732)
  );
#648 = CARTESIAN_POINT('',(0.960523690667,2.152907840581,-0.811165008544
    ));
#649 = CARTESIAN_POINT('',(1.092811957178,2.08571826604,-0.827005494217)
  );
#650 = CARTESIAN_POINT('',(1.344470592123,1.93294539872,-0.857610408015)
  );
#651 = CARTESIAN_POINT('',(1.463997612523,1.847613234855,-0.872387350381
    ));
#652 = CARTESIAN_POINT('',(1.577147626016,1.753304743059,-0.886696693008
    ));
#653 = CARTESIAN_POINT('',(1.683067326455,1.650610915928,-0.900500019845
    ));
#654 = CARTESIAN_POINT('',(1.78097788484,1.540234430267,-0.913763599769)
  );
#655 = CARTESIAN_POINT('',(2.023717042033,1.221210860699,-0.948302863629
    ));
#656 = CARTESIAN_POINT('',(2.151551843928,0.998989164664,-0.968471038187
    ));
#657 = CARTESIAN_POINT('',(2.250009376862,0.760599465576,-0.986789212939
    ));
#658 = CARTESIAN_POINT('',(2.316660594847,0.510986599699,-1.003170944829
    ));
#659 = CARTESIAN_POINT('',(2.349999999998,0.255515814654,-1.017563727052
    ));
#660 = CARTESIAN_POINT('',(2.35,3.367844968946E-11,-1.029981322963));
#661 = ORIENTED_EDGE('',*,*,#662,.F.);
#662 = EDGE_CURVE('',#663,#626,#665,.T.);
#663 = VERTEX_POINT('',#664);
#664 = CARTESIAN_POINT('',(-1.505630186757,1.804321961493,
    -0.303558214232));
#665 = B_SPLINE_CURVE_WITH_KNOTS('',8,(#666,#667,#668,#669,#670,#671,
    #672,#673,#674,#675,#676,#677,#678,#679,#680,#681,#682,#683,#684,
    #685,#686,#687,#688,#689,#690,#691,#692,#693,#694,#695,#696,#697,
    #698,#699,#700,#701,#702,#703,#704,#705,#706,#707,#708,#709,#710,
    #711,#712,#713,#714,#715,#716,#717,#718,#719,#720,#721,#722,#723,
    #724,#725,#726,#727,#728,#729,#730),.UNSPECIFIED.,.F.,.F.,(9,7,7,7,7
    ,7,7,7,7,9),(0.,0.30719819325,0.40283867263,0.437383621094,
    0.496631375021,0.542982508238,0.567071761812,0.614539567532,
    0.78086051516,1.),.UNSPECIFIED.);
#666 = CARTESIAN_POINT('',(-1.505630186757,1.804321961493,
    -0.303558214232));
#667 = CARTESIAN_POINT('',(-1.559476375203,1.759389599921,
    -0.303331199428));
#668 = CARTESIAN_POINT('',(-1.611261683069,1.713061913549,
    -0.303668831542));
#669 = CARTESIAN_POINT('',(-1.660927638946,1.665492908048,-0.30458955284
    ));
#670 = CARTESIAN_POINT('',(-1.708296821378,1.616961381229,
    -0.306135832308));
#671 = CARTESIAN_POINT('',(-1.753121381933,1.567861737111,-0.30836134691
    ));
#672 = CARTESIAN_POINT('',(-1.794989506173,1.518919214586,
    -0.311368107434));
#673 = CARTESIAN_POINT('',(-1.833463076934,1.47108257959,-0.315275385748
    ));
#674 = CARTESIAN_POINT('',(-1.878280825012,1.412398131028,
    -0.321987902984));
#675 = CARTESIAN_POINT('',(-1.888493522999,1.398779310843,-0.32369731409
    ));
#676 = CARTESIAN_POINT('',(-1.898251722212,1.385534511658,
    -0.325531372923));
#677 = CARTESIAN_POINT('',(-1.907517663629,1.372741858299,
    -0.327499573904));
#678 = CARTESIAN_POINT('',(-1.916243038395,1.360499623957,
    -0.329612035509));
#679 = CARTESIAN_POINT('',(-1.924369755781,1.348926415622,
    -0.331879267171));
#680 = CARTESIAN_POINT('',(-1.931831001417,1.338159326629,
    -0.334311675611));
#681 = CARTESIAN_POINT('',(-1.940980394449,1.324806988188,-0.33786049707
    ));
#682 = CARTESIAN_POINT('',(-1.943311329088,1.321389425931,
    -0.338824832427));
#683 = CARTESIAN_POINT('',(-1.945541776754,1.318104681357,
    -0.339812179627));
#684 = CARTESIAN_POINT('',(-1.947667946058,1.31496040246,-0.340822844));
#685 = CARTESIAN_POINT('',(-1.94968593365,1.311964444069,-0.341857055795
    ));
#686 = CARTESIAN_POINT('',(-1.951591790708,1.309124738466,
    -0.342914952697));
#687 = CARTESIAN_POINT('',(-1.953381589421,1.30644916602,-0.34399656236)
  );
#688 = CARTESIAN_POINT('',(-1.957915521196,1.299651281772,
    -0.346997342964));
#689 = CARTESIAN_POINT('',(-1.960427480371,1.295861621063,
    -0.348962769714));
#690 = CARTESIAN_POINT('',(-1.962567040439,1.292616773385,
    -0.350997083058));
#691 = CARTESIAN_POINT('',(-1.964315581203,1.289953861027,
    -0.353098324439));
#692 = CARTESIAN_POINT('',(-1.965657386902,1.287904352451,
    -0.355263379759));
#693 = CARTESIAN_POINT('',(-1.966580844271,1.286491615877,
    -0.357487800281));
#694 = CARTESIAN_POINT('',(-1.96707964061,1.285728472871,-0.359765623534
    ));
#695 = CARTESIAN_POINT('',(-1.967212105376,1.285525784945,
    -0.363906986893));
#696 = CARTESIAN_POINT('',(-1.967010476447,1.285834273468,
    -0.365753143823));
#697 = CARTESIAN_POINT('',(-1.966549015134,1.286540530573,
    -0.367624126606));
#698 = CARTESIAN_POINT('',(-1.965830063543,1.287640090315,
    -0.369516337305));
#699 = CARTESIAN_POINT('',(-1.964858043874,1.289124351416,
    -0.371426163721));
#700 = CARTESIAN_POINT('',(-1.963639136469,1.290981220955,-0.37335002467
    ));
#701 = CARTESIAN_POINT('',(-1.962180957875,1.293195758056,
    -0.375284415269));
#702 = CARTESIAN_POINT('',(-1.959614590885,1.297078713404,
    -0.378234992834));
#703 = CARTESIAN_POINT('',(-1.958674615852,1.298498683677,
    -0.379246013771));
#704 = CARTESIAN_POINT('',(-1.957673532982,1.300008322915,
    -0.380258570906));
#705 = CARTESIAN_POINT('',(-1.956612589165,1.30160516589,-0.381272244175
    ));
#706 = CARTESIAN_POINT('',(-1.95549305899,1.303286687621,-0.382286637576
    ));
#707 = CARTESIAN_POINT('',(-1.954316244748,1.305050303374,
    -0.383301379165));
#708 = CARTESIAN_POINT('',(-1.953083476434,1.306893368665,-0.38431612106
    ));
#709 = CARTESIAN_POINT('',(-1.949259363274,1.312596160565,
    -0.387329447967));
#710 = CARTESIAN_POINT('',(-1.946510630793,1.316677166356,
    -0.389327043229));
#711 = CARTESIAN_POINT('',(-1.943560024012,1.321035986138,
    -0.391320950948));
#712 = CARTESIAN_POINT('',(-1.940417576062,1.325652529182,
    -0.393309125091));
#713 = CARTESIAN_POINT('',(-1.937093042835,1.330507206234,
    -0.395289839623));
#714 = CARTESIAN_POINT('',(-1.933595702325,1.335581311233,
    -0.397261680275));
#715 = CARTESIAN_POINT('',(-1.929934153978,1.340857403028,
    -0.399223536296));
#716 = CARTESIAN_POINT('',(-1.912738222292,1.365458811968,
    -0.408010835537));
#717 = CARTESIAN_POINT('',(-1.897462323657,1.386850878907,
    -0.414702895616));
#718 = CARTESIAN_POINT('',(-1.880598619553,1.409846432646,
    -0.421233240763));
#719 = CARTESIAN_POINT('',(-1.862379563593,1.43395632166,-0.427590827241
    ));
#720 = CARTESIAN_POINT('',(-1.842980488954,1.458819551488,
    -0.433771185687));
#721 = CARTESIAN_POINT('',(-1.822530187697,1.484177860842,
    -0.439776169367));
#722 = CARTESIAN_POINT('',(-1.801111446036,1.509857020512,
    -0.445613364235));
#723 = CARTESIAN_POINT('',(-1.749290789111,1.569877063929,-0.45878132538
    ));
#724 = CARTESIAN_POINT('',(-1.718258232606,1.604307417396,
    -0.465982114441));
#725 = CARTESIAN_POINT('',(-1.685803876719,1.63872433798,-0.472909276889
    ));
#726 = CARTESIAN_POINT('',(-1.652039544671,1.672904675988,
    -0.479568168415));
#727 = CARTESIAN_POINT('',(-1.617059038098,1.706678824366,
    -0.485961727195));
#728 = CARTESIAN_POINT('',(-1.580943500006,1.739913409121,
    -0.492091713416));
#729 = CARTESIAN_POINT('',(-1.543761150079,1.772505427917,
    -0.497958749273));
#730 = CARTESIAN_POINT('',(-1.505570567611,1.804371709472,-0.50356269607
    ));
#731 = ORIENTED_EDGE('',*,*,#732,.F.);
#732 = EDGE_CURVE('',#733,#663,#735,.T.);
#733 = VERTEX_POINT('',#734);
#734 = CARTESIAN_POINT('',(1.236827221198,1.998188786102,-0.28));
#735 = B_SPLINE_CURVE_WITH_KNOTS('',7,(#736,#737,#738,#739,#740,#741,
    #742,#743,#744,#745,#746,#747,#748,#749,#750,#751,#752,#753,#754,
    #755,#756,#757,#758,#759,#760,#761,#762,#763,#764,#765,#766,#767,
    #768,#769,#770,#771,#772,#773),.UNSPECIFIED.,.F.,.F.,(8,6,6,6,6,6,8)
  ,(0.,5.692358941829E-02,0.262226531833,0.356925547293,0.512307539212,
    0.674288029189,1.),.UNSPECIFIED.);
#736 = CARTESIAN_POINT('',(2.35,5.269982679982E-12,-0.330002925648));
#737 = CARTESIAN_POINT('',(2.35,4.375232177948E-02,-0.327876621954));
#738 = CARTESIAN_POINT('',(2.349049654868,8.75087902405E-02,
    -0.325806533993));
#739 = CARTESIAN_POINT('',(2.347148642956,0.13124395492,-0.323792653231)
  );
#740 = CARTESIAN_POINT('',(2.344297531109,0.174932409248,-0.321834924227
    ));
#741 = CARTESIAN_POINT('',(2.340497774668,0.218548790558,-0.319933244642
    ));
#742 = CARTESIAN_POINT('',(2.335751717463,0.26206778008,-0.318087465231)
  );
#743 = CARTESIAN_POINT('',(2.309543958936,0.461979053353,-0.309841230857
    ));
#744 = CARTESIAN_POINT('',(2.27675603089,0.616913489936,-0.304109073358)
  );
#745 = CARTESIAN_POINT('',(2.231849830127,0.76905702557,-0.299093066883)
  );
#746 = CARTESIAN_POINT('',(2.175133042262,0.917252846242,-0.294775896963
    ));
#747 = CARTESIAN_POINT('',(2.107046790501,1.060397098322,-0.291133627742
    ));
#748 = CARTESIAN_POINT('',(2.02816080712,1.197445008251,-0.288136766844)
  );
#749 = CARTESIAN_POINT('',(1.898146519807,1.387378342607,-0.284648414625
    ));
#750 = CARTESIAN_POINT('',(1.854957572089,1.445831860141,-0.283676942668
    ));
#751 = CARTESIAN_POINT('',(1.809688653084,1.502690353394,-0.282831604573
    ));
#752 = CARTESIAN_POINT('',(1.762412829032,1.557864552081,-0.282108608682
    ));
#753 = CARTESIAN_POINT('',(1.713207738154,1.611269849505,-0.28150390374)
  );
#754 = CARTESIAN_POINT('',(1.662155590653,1.662826302555,-0.281013178898
    ));
#755 = CARTESIAN_POINT('',(1.522688631926,1.79389527738,-0.280006202373)
  );
#756 = CARTESIAN_POINT('',(1.431292063054,1.870154123012,-0.279675100327
    ));
#757 = CARTESIAN_POINT('',(1.3355381975,1.940901221101,-0.279618422052)
  );
#758 = CARTESIAN_POINT('',(1.235835443155,2.00584363315,-0.279814227617)
  );
#759 = CARTESIAN_POINT('',(1.132613663317,2.064729133803,-0.280238884944
    ));
#760 = CARTESIAN_POINT('',(1.026321959619,2.117345914998,-0.280867182072
    ));
#761 = CARTESIAN_POINT('',(0.803906561266,2.211659604934,-0.282511893073
    ));
#762 = CARTESIAN_POINT('',(0.687551447412,2.252800232335,-0.283543690906
    ));
#763 = CARTESIAN_POINT('',(0.568888879963,2.286750523048,-0.284737612635
    ));
#764 = CARTESIAN_POINT('',(0.448454888236,2.313368845098,-0.286061759997
    ));
#765 = CARTESIAN_POINT('',(0.326791511882,2.332564361796,-0.287482764952
    ));
#766 = CARTESIAN_POINT('',(0.204444548468,2.34429580974,-0.288965997896)
  );
#767 = CARTESIAN_POINT('',(-0.164329223832,2.357165417465,
    -0.293511652326));
#768 = CARTESIAN_POINT('',(-0.411260168247,2.335613192141,-0.29665596258
    ));
#769 = CARTESIAN_POINT('',(-0.654276439475,2.283938033272,
    -0.299617597009));
#770 = CARTESIAN_POINT('',(-0.889078003942,2.203067459044,
    -0.302090992733));
#771 = CARTESIAN_POINT('',(-1.111649394372,2.094575719436,
    -0.303769588969));
#772 = CARTESIAN_POINT('',(-1.318262403948,1.960672433218,
    -0.304348154275));
#773 = CARTESIAN_POINT('',(-1.505630186757,1.804321961493,
    -0.303558214232));
#774 = ORIENTED_EDGE('',*,*,#775,.T.);
#775 = EDGE_CURVE('',#733,#776,#778,.T.);
#776 = VERTEX_POINT('',#777);
#777 = CARTESIAN_POINT('',(1.484917079995,1.821406397688,-0.28));
#778 = CIRCLE('',#779,2.35);
#779 = AXIS2_PLACEMENT_3D('',#780,#781,#782);
#780 = CARTESIAN_POINT('',(0.,0.,-0.28));
#781 = DIRECTION('',(0.,0.,-1.));
#782 = DIRECTION('',(1.,0.,0.));
#783 = ORIENTED_EDGE('',*,*,#784,.F.);
#784 = EDGE_CURVE('',#505,#776,#785,.T.);
#785 = B_SPLINE_CURVE_WITH_KNOTS('',7,(#786,#787,#788,#789,#790,#791,
    #792,#793,#794,#795,#796,#797,#798,#799,#800,#801,#802,#803,#804,
    #805,#806,#807,#808,#809,#810,#811,#812,#813,#814,#815,#816,#817,
    #818,#819,#820,#821,#822,#823),.UNSPECIFIED.,.F.,.F.,(8,6,6,6,6,6,8)
  ,(0.,5.692358941829E-02,0.262226531833,0.356925547293,0.512307539212,
    0.674288029189,1.),.UNSPECIFIED.);
#786 = CARTESIAN_POINT('',(2.35,5.269982679982E-12,-0.330002925648));
#787 = CARTESIAN_POINT('',(2.35,4.375232177948E-02,-0.327876621954));
#788 = CARTESIAN_POINT('',(2.349049654868,8.75087902405E-02,
    -0.325806533993));
#789 = CARTESIAN_POINT('',(2.347148642956,0.13124395492,-0.323792653231)
  );
#790 = CARTESIAN_POINT('',(2.344297531109,0.174932409248,-0.321834924227
    ));
#791 = CARTESIAN_POINT('',(2.340497774668,0.218548790558,-0.319933244642
    ));
#792 = CARTESIAN_POINT('',(2.335751717463,0.26206778008,-0.318087465231)
  );
#793 = CARTESIAN_POINT('',(2.309543958936,0.461979053353,-0.309841230857
    ));
#794 = CARTESIAN_POINT('',(2.27675603089,0.616913489936,-0.304109073358)
  );
#795 = CARTESIAN_POINT('',(2.231849830127,0.76905702557,-0.299093066883)
  );
#796 = CARTESIAN_POINT('',(2.175133042262,0.917252846242,-0.294775896963
    ));
#797 = CARTESIAN_POINT('',(2.107046790501,1.060397098322,-0.291133627742
    ));
#798 = CARTESIAN_POINT('',(2.02816080712,1.197445008251,-0.288136766844)
  );
#799 = CARTESIAN_POINT('',(1.898146519807,1.387378342607,-0.284648414625
    ));
#800 = CARTESIAN_POINT('',(1.854957572089,1.445831860141,-0.283676942668
    ));
#801 = CARTESIAN_POINT('',(1.809688653084,1.502690353394,-0.282831604573
    ));
#802 = CARTESIAN_POINT('',(1.762412829032,1.557864552081,-0.282108608682
    ));
#803 = CARTESIAN_POINT('',(1.713207738154,1.611269849505,-0.28150390374)
  );
#804 = CARTESIAN_POINT('',(1.662155590653,1.662826302555,-0.281013178898
    ));
#805 = CARTESIAN_POINT('',(1.522688631926,1.79389527738,-0.280006202373)
  );
#806 = CARTESIAN_POINT('',(1.431292063054,1.870154123012,-0.279675100327
    ));
#807 = CARTESIAN_POINT('',(1.3355381975,1.940901221101,-0.279618422052)
  );
#808 = CARTESIAN_POINT('',(1.235835443155,2.00584363315,-0.279814227617)
  );
#809 = CARTESIAN_POINT('',(1.132613663317,2.064729133803,-0.280238884944
    ));
#810 = CARTESIAN_POINT('',(1.026321959619,2.117345914998,-0.280867182072
    ));
#811 = CARTESIAN_POINT('',(0.803906561266,2.211659604934,-0.282511893073
    ));
#812 = CARTESIAN_POINT('',(0.687551447412,2.252800232335,-0.283543690906
    ));
#813 = CARTESIAN_POINT('',(0.568888879963,2.286750523048,-0.284737612635
    ));
#814 = CARTESIAN_POINT('',(0.448454888236,2.313368845098,-0.286061759997
    ));
#815 = CARTESIAN_POINT('',(0.326791511882,2.332564361796,-0.287482764952
    ));
#816 = CARTESIAN_POINT('',(0.204444548468,2.34429580974,-0.288965997896)
  );
#817 = CARTESIAN_POINT('',(-0.164329223832,2.357165417465,
    -0.293511652326));
#818 = CARTESIAN_POINT('',(-0.411260168247,2.335613192141,-0.29665596258
    ));
#819 = CARTESIAN_POINT('',(-0.654276439475,2.283938033272,
    -0.299617597009));
#820 = CARTESIAN_POINT('',(-0.889078003942,2.203067459044,
    -0.302090992733));
#821 = CARTESIAN_POINT('',(-1.111649394372,2.094575719436,
    -0.303769588969));
#822 = CARTESIAN_POINT('',(-1.318262403948,1.960672433218,
    -0.304348154275));
#823 = CARTESIAN_POINT('',(-1.505630186757,1.804321961493,
    -0.303558214232));
#824 = CYLINDRICAL_SURFACE('',#825,2.35);
#825 = AXIS2_PLACEMENT_3D('',#826,#827,#828);
#826 = CARTESIAN_POINT('',(0.,0.,-0.2));
#827 = DIRECTION('',(-0.,-0.,-1.));
#828 = DIRECTION('',(1.,0.,0.));
#829 = ADVANCED_FACE('',(#830),#878,.T.);
#830 = FACE_BOUND('',#831,.T.);
#831 = EDGE_LOOP('',(#832,#846,#847,#872,#873));
#832 = ORIENTED_EDGE('',*,*,#833,.F.);
#833 = EDGE_CURVE('',#663,#834,#836,.T.);
#834 = VERTEX_POINT('',#835);
#835 = CARTESIAN_POINT('',(1.917002109921,9.144296340287E-07,
    -0.580016877502));
#836 = ( BOUNDED_CURVE() B_SPLINE_CURVE(8,(#837,#838,#839,#840,#841,#842
,#843,#844,#845),.UNSPECIFIED.,.F.,.F.) B_SPLINE_CURVE_WITH_KNOTS((9,9),
(0.,3.166955067741),.PIECEWISE_BEZIER_KNOTS.) CURVE() 
GEOMETRIC_REPRESENTATION_ITEM() RATIONAL_B_SPLINE_CURVE((1.056590953773,
    1.056590953773,1.056590953773,1.056590953773,1.056590953773,
    1.056590953773,1.056590953773,1.056590953773,1.056590953773)) 
REPRESENTATION_ITEM('') );
#837 = CARTESIAN_POINT('',(-2.456823638018,-8.605175763066E-07,
    -0.180015768168));
#838 = CARTESIAN_POINT('',(-2.456824339157,0.858759350893,
    -0.230016181936));
#839 = CARTESIAN_POINT('',(-2.071344645068,1.71779712526,-0.280036542019
    ));
#840 = CARTESIAN_POINT('',(-1.300894185972,2.374102388933,-0.32998652308
    ));
#841 = CARTESIAN_POINT('',(-0.26998698679,2.628768317799,-0.380016322934
    ));
#842 = CARTESIAN_POINT('',(0.761177618841,2.374103155379,-0.430046122446
    ));
#843 = CARTESIAN_POINT('',(1.531485431521,1.717798261221,-0.479996103698
    ));
#844 = CARTESIAN_POINT('',(1.917001387605,0.85876112584,-0.530016463736)
  );
#845 = CARTESIAN_POINT('',(1.917002109921,9.144296342356E-07,
    -0.580016877502));
#846 = ORIENTED_EDGE('',*,*,#732,.F.);
#847 = ORIENTED_EDGE('',*,*,#848,.F.);
#848 = EDGE_CURVE('',#776,#733,#849,.T.);
#849 = B_SPLINE_CURVE_WITH_KNOTS('',6,(#850,#851,#852,#853,#854,#855,
    #856,#857,#858,#859,#860,#861,#862,#863,#864,#865,#866,#867,#868,
    #869,#870,#871),.UNSPECIFIED.,.F.,.F.,(7,5,5,5,7),(0.,0.286550561898
    ,0.545886998305,0.782876750851,1.),.UNSPECIFIED.);
#850 = CARTESIAN_POINT('',(2.369073072949,0.41793468392,-0.28));
#851 = CARTESIAN_POINT('',(2.307488961686,0.670226841262,-0.28));
#852 = CARTESIAN_POINT('',(2.216438865629,0.915075787643,-0.28));
#853 = CARTESIAN_POINT('',(2.096769451121,1.147928962275,-0.28));
#854 = CARTESIAN_POINT('',(1.950257119969,1.364549841479,-0.28));
#855 = CARTESIAN_POINT('',(1.779408515567,1.560939718329,-0.28));
#856 = CARTESIAN_POINT('',(1.414334922558,1.889870404678,-0.28));
#857 = CARTESIAN_POINT('',(1.223797336135,2.026770665669,-0.28));
#858 = CARTESIAN_POINT('',(1.018774025014,2.141676769002,-0.28));
#859 = CARTESIAN_POINT('',(0.802338684836,2.232543593305,-0.28));
#860 = CARTESIAN_POINT('',(0.577935290868,2.297789686184,-0.28));
#861 = CARTESIAN_POINT('',(0.140664703243,2.37201610664,-0.28));
#862 = CARTESIAN_POINT('',(-7.160259252697E-02,2.385372867979,-0.28));
#863 = CARTESIAN_POINT('',(-0.284367778547,2.375973453599,-0.28));
#864 = CARTESIAN_POINT('',(-0.494584111716,2.343720451575,-0.28));
#865 = CARTESIAN_POINT('',(-0.699147569416,2.288992142443,-0.28));
#866 = CARTESIAN_POINT('',(-1.074349970322,2.143074629516,-0.28));
#867 = CARTESIAN_POINT('',(-1.246446189575,2.055306874086,-0.28));
#868 = CARTESIAN_POINT('',(-1.408844233711,1.950333000327,-0.28));
#869 = CARTESIAN_POINT('',(-1.5593217808,1.829365543177,-0.28));
#870 = CARTESIAN_POINT('',(-1.695808903405,1.693971175724,-0.28));
#871 = CARTESIAN_POINT('',(-1.816501322132,1.546174187477,-0.28));
#872 = ORIENTED_EDGE('',*,*,#784,.F.);
#873 = ORIENTED_EDGE('',*,*,#874,.F.);
#874 = EDGE_CURVE('',#834,#505,#875,.T.);
#875 = B_SPLINE_CURVE_WITH_KNOTS('',1,(#876,#877),.UNSPECIFIED.,.F.,.F.,
  (2,2),(0.,0.56),.PIECEWISE_BEZIER_KNOTS.);
#876 = CARTESIAN_POINT('',(1.917002109921,9.144296330965E-07,
    -0.580016877502));
#877 = CARTESIAN_POINT('',(2.401965421946,-1.097376393324E-07,
    -0.299997974589));
#878 = B_SPLINE_SURFACE_WITH_KNOTS('',1,8,(
    (#879,#880,#881,#882,#883,#884,#885,#886,#887)
    ,(#888,#889,#890,#891,#892,#893,#894,#895,#896
  )),.UNSPECIFIED.,.F.,.F.,.F.,(2,2),(9,9),(0.,0.56),(0.,3.166955067741)
  ,.PIECEWISE_BEZIER_KNOTS.);
#879 = CARTESIAN_POINT('',(-2.456823638018,-8.605175767507E-07,
    -0.180015768168));
#880 = CARTESIAN_POINT('',(-2.456824339157,0.858759350893,
    -0.230016181936));
#881 = CARTESIAN_POINT('',(-2.071344645068,1.71779712526,-0.280036542019
    ));
#882 = CARTESIAN_POINT('',(-1.300894185972,2.374102388933,-0.32998652308
    ));
#883 = CARTESIAN_POINT('',(-0.26998698679,2.628768317799,-0.380016322934
    ));
#884 = CARTESIAN_POINT('',(0.761177618841,2.374103155379,-0.430046122446
    ));
#885 = CARTESIAN_POINT('',(1.531485431521,1.717798261221,-0.479996103698
    ));
#886 = CARTESIAN_POINT('',(1.917001387606,0.85876112584,-0.530016463736)
  );
#887 = CARTESIAN_POINT('',(1.917002109921,9.144296330965E-07,
    -0.580016877502));
#888 = CARTESIAN_POINT('',(-2.941787667445,1.032675087664E-07,
    0.100001892277));
#889 = CARTESIAN_POINT('',(-2.94178772244,1.049248185184,
    5.000194193388E-02));
#890 = CARTESIAN_POINT('',(-2.470784450828,2.098476685276,
    4.38539333103E-06));
#891 = CARTESIAN_POINT('',(-1.52960536215,2.901131089946,
    -5.000161747804E-02));
#892 = CARTESIAN_POINT('',(-0.269930771868,3.211013664311,
    -9.99980411809E-02));
#893 = CARTESIAN_POINT('',(0.989811475285,2.901130970961,-0.149994464799
    ));
#894 = CARTESIAN_POINT('',(1.930952822554,2.098476424038,-0.200000467718
    ));
#895 = CARTESIAN_POINT('',(2.401965369493,1.049247972179,-0.249998024247
    ));
#896 = CARTESIAN_POINT('',(2.401965421946,-1.097376393324E-07,
    -0.299997974589));
#897 = ADVANCED_FACE('',(#898),#902,.F.);
#898 = FACE_BOUND('',#899,.F.);
#899 = EDGE_LOOP('',(#900,#901));
#900 = ORIENTED_EDGE('',*,*,#775,.F.);
#901 = ORIENTED_EDGE('',*,*,#848,.F.);
#902 = PLANE('',#903);
#903 = AXIS2_PLACEMENT_3D('',#904,#905,#906);
#904 = CARTESIAN_POINT('',(-4.7,-4.7,-0.28));
#905 = DIRECTION('',(0.,0.,1.));
#906 = DIRECTION('',(1.,0.,-0.));
#907 = ADVANCED_FACE('',(#908),#936,.T.);
#908 = FACE_BOUND('',#909,.T.);
#909 = EDGE_LOOP('',(#910,#924,#925,#926));
#910 = ORIENTED_EDGE('',*,*,#911,.F.);
#911 = EDGE_CURVE('',#626,#912,#914,.T.);
#912 = VERTEX_POINT('',#913);
#913 = CARTESIAN_POINT('',(1.917009905439,9.144212886522E-07,
    -0.78001687735));
#914 = B_SPLINE_CURVE_WITH_KNOTS('',8,(#915,#916,#917,#918,#919,#920,
    #921,#922,#923),.UNSPECIFIED.,.F.,.F.,(9,9),(0.,3.166955067741),
  .PIECEWISE_BEZIER_KNOTS.);
#915 = CARTESIAN_POINT('',(-2.456830921139,-8.605101702308E-07,
    -0.380015768035));
#916 = CARTESIAN_POINT('',(-2.456831813392,0.858762312254,
    -0.430016181796));
#917 = CARTESIAN_POINT('',(-2.071360148994,1.71780312915,-0.480036541536
    ));
#918 = CARTESIAN_POINT('',(-1.300869357039,2.374110600747,-0.52998652342
    ));
#919 = CARTESIAN_POINT('',(-0.270026285327,2.628777369474,
    -0.580016322842));
#920 = CARTESIAN_POINT('',(0.76120955773,2.374111330089,-0.630046121748)
  );
#921 = CARTESIAN_POINT('',(1.531482347528,1.717804093514,-0.67999610392)
  );
#922 = CARTESIAN_POINT('',(1.917008992009,0.858764087185,-0.730016463591
    ));
#923 = CARTESIAN_POINT('',(1.917009905439,9.144212886603E-07,
    -0.78001687735));
#924 = ORIENTED_EDGE('',*,*,#662,.F.);
#925 = ORIENTED_EDGE('',*,*,#833,.T.);
#926 = ORIENTED_EDGE('',*,*,#927,.F.);
#927 = EDGE_CURVE('',#912,#834,#928,.T.);
#928 = ( BOUNDED_CURVE() B_SPLINE_CURVE(6,(#929,#930,#931,#932,#933,#934
,#935),.UNSPECIFIED.,.F.,.F.) B_SPLINE_CURVE_WITH_KNOTS((7,7),(0.,
2.094395102393),.PIECEWISE_BEZIER_KNOTS.) CURVE() 
GEOMETRIC_REPRESENTATION_ITEM() RATIONAL_B_SPLINE_CURVE((1.056590953773,
    1.017435169568,0.996326512422,0.989390034249,0.996326512422,
1.017435169568,1.056590953773)) REPRESENTATION_ITEM('') );
#929 = CARTESIAN_POINT('',(1.917009905439,9.144212891332E-07,
    -0.78001687735));
#930 = CARTESIAN_POINT('',(1.880760051948,9.909736569114E-07,
    -0.759089898546));
#931 = CARTESIAN_POINT('',(1.855213870808,1.044921190463E-06,
    -0.723668913236));
#932 = CARTESIAN_POINT('',(1.845979216377,1.064421360608E-06,
    -0.680019645879));
#933 = CARTESIAN_POINT('',(1.855210468094,1.044924834215E-06,
    -0.636369658765));
#934 = CARTESIAN_POINT('',(1.880753887907,9.909802551888E-07,
    -0.600946682106));
#935 = CARTESIAN_POINT('',(1.917002109921,9.144296342356E-07,
    -0.580016877502));
#936 = ( BOUNDED_SURFACE() B_SPLINE_SURFACE(6,8,(
    (#937,#938,#939,#940,#941,#942,#943,#944,#945)
    ,(#946,#947,#948,#949,#950,#951,#952,#953,#954)
    ,(#955,#956,#957,#958,#959,#960,#961,#962,#963)
    ,(#964,#965,#966,#967,#968,#969,#970,#971,#972)
    ,(#973,#974,#975,#976,#977,#978,#979,#980,#981)
    ,(#982,#983,#984,#985,#986,#987,#988,#989,#990)
    ,(#991,#992,#993,#994,#995,#996,#997,#998,#999
)),.UNSPECIFIED.,.F.,.F.,.F.) B_SPLINE_SURFACE_WITH_KNOTS((7,7),(9,9),(
    0.,2.094395102393),(0.,3.166955067741),.PIECEWISE_BEZIER_KNOTS.) 
GEOMETRIC_REPRESENTATION_ITEM() RATIONAL_B_SPLINE_SURFACE((
    (1.056590953773,1.056590953773,1.056590953773,1.056590953773
      ,1.056590953773,1.056590953773,1.056590953773,1.056590953773
      ,1.056590953773)
    ,(1.017435169568,1.017435169568,1.017435169568,1.017435169568
      ,1.017435169568,1.017435169568,1.017435169568,1.017435169568
      ,1.017435169568)
    ,(0.996326512422,0.996326512422,0.996326512422,0.996326512422
      ,0.996326512422,0.996326512422,0.996326512422,0.996326512422
      ,0.996326512422)
    ,(0.989390034249,0.989390034249,0.989390034249,0.989390034249
      ,0.989390034249,0.989390034249,0.989390034249,0.989390034249
      ,0.989390034249)
    ,(0.996326512422,0.996326512422,0.996326512422,0.996326512422
      ,0.996326512422,0.996326512422,0.996326512422,0.996326512422
      ,0.996326512422)
    ,(1.017435169568,1.017435169568,1.017435169568,1.017435169568
      ,1.017435169568,1.017435169568,1.017435169568,1.017435169568
      ,1.017435169568)
    ,(1.056590953773,1.056590953773,1.056590953773,1.056590953773
      ,1.056590953773,1.056590953773,1.056590953773,1.056590953773
,1.056590953773))) REPRESENTATION_ITEM('') SURFACE() );
#937 = CARTESIAN_POINT('',(-2.456830921139,-8.605101695647E-07,
    -0.380015768035));
#938 = CARTESIAN_POINT('',(-2.456831813392,0.858762312254,
    -0.430016181796));
#939 = CARTESIAN_POINT('',(-2.071360148994,1.71780312915,-0.480036541536
    ));
#940 = CARTESIAN_POINT('',(-1.300869357039,2.374110600747,-0.52998652342
    ));
#941 = CARTESIAN_POINT('',(-0.270026285327,2.628777369474,
    -0.580016322842));
#942 = CARTESIAN_POINT('',(0.76120955773,2.374111330089,-0.630046121748)
  );
#943 = CARTESIAN_POINT('',(1.531482347528,1.717804093514,-0.67999610392)
  );
#944 = CARTESIAN_POINT('',(1.917008992009,0.858764087185,-0.730016463591
    ));
#945 = CARTESIAN_POINT('',(1.917009905439,9.144212891332E-07,
    -0.78001687735));
#946 = CARTESIAN_POINT('',(-2.420581121263,-9.32549118593E-07,
    -0.35908869636));
#947 = CARTESIAN_POINT('',(-2.420582021814,0.844523746266,-0.40908914476
    ));
#948 = CARTESIAN_POINT('',(-2.041501073116,1.68934826209,-0.459111209006
    ));
#949 = CARTESIAN_POINT('',(-1.2837797066,2.334716513923,-0.509057003409)
  );
#950 = CARTESIAN_POINT('',(-0.270022262518,2.585255979787,
    -0.559089297597));
#951 = CARTESIAN_POINT('',(0.744113805905,2.334717317211,-0.609121591287
    ));
#952 = CARTESIAN_POINT('',(1.501625099962,1.689349366799,-0.659067385968
    ));
#953 = CARTESIAN_POINT('',(1.880759128447,0.844525669789,-0.709089450147
    ));
#954 = CARTESIAN_POINT('',(1.880760051948,9.909736569114E-07,
    -0.759089898546));
#955 = CARTESIAN_POINT('',(-2.395035030872,-9.833159380079E-07,
    -0.323667645601));
#956 = CARTESIAN_POINT('',(-2.395035917516,0.83448948202,-0.373668118413
    ));
#957 = CARTESIAN_POINT('',(-2.020457694414,1.669295415358,
    -0.423691383865));
#958 = CARTESIAN_POINT('',(-1.271739147635,2.306954539538,
    -0.473634227253));
#959 = CARTESIAN_POINT('',(-0.270015365405,2.554585396465,
    -0.523668279554));
#960 = CARTESIAN_POINT('',(0.732063079275,2.306955398771,-0.573702331388
    ));
#961 = CARTESIAN_POINT('',(1.48058493108,1.669296636706,-0.623645175037)
  );
#962 = CARTESIAN_POINT('',(1.855212959966,0.834491510257,-0.673668440426
    ));
#963 = CARTESIAN_POINT('',(1.855213870808,1.044921190463E-06,
    -0.723668913236));
#964 = CARTESIAN_POINT('',(-2.385800488269,-1.001666319889E-06,
    -0.280018354585));
#965 = CARTESIAN_POINT('',(-2.38580134041,0.830862224945,-0.330018836222
    ));
#966 = CARTESIAN_POINT('',(-2.012849351123,1.662046556729,
    -0.380042535891));
#967 = CARTESIAN_POINT('',(-1.267391018411,2.296918941086,
    -0.429984312534));
#968 = CARTESIAN_POINT('',(-0.27000681136,2.543498376265,-0.480019000357
    ));
#969 = CARTESIAN_POINT('',(0.727702519549,2.296919826262,-0.530053687749
    ));
#970 = CARTESIAN_POINT('',(1.472980614826,1.662047846701,-0.579995464632
    ));
#971 = CARTESIAN_POINT('',(1.845978339585,0.830864291033,-0.630019164245
    ));
#972 = CARTESIAN_POINT('',(1.845979216377,1.064421360608E-06,
    -0.680019645879));
#973 = CARTESIAN_POINT('',(-2.395031851817,-9.833191707553E-07,
    -0.236368391122));
#974 = CARTESIAN_POINT('',(-2.39503265504,0.834488189397,-0.286368863937
    ));
#975 = CARTESIAN_POINT('',(-2.020450927009,1.669292794683,
    -0.336392129538));
#976 = CARTESIAN_POINT('',(-1.271749985371,2.306950955112,
    -0.386334972567));
#977 = CARTESIAN_POINT('',(-0.26999821174,2.554581445443,-0.436369025057
    ));
#978 = CARTESIAN_POINT('',(0.732049138069,2.306951830541,-0.486403077154
    ));
#979 = CARTESIAN_POINT('',(1.480586277232,1.669294090932,-0.536345920403
    ));
#980 = CARTESIAN_POINT('',(1.855209640672,0.834490217641,-0.586369185952
    ));
#981 = CARTESIAN_POINT('',(1.855210468094,1.044924834215E-06,
    -0.636369658765));
#982 = CARTESIAN_POINT('',(-2.420575362382,-9.325549754635E-07,
    -0.200945479905));
#983 = CARTESIAN_POINT('',(-2.420576111816,0.84452140467,-0.250945928311
    ));
#984 = CARTESIAN_POINT('',(-2.041488813913,1.689343514718,
    -0.300967992828));
#985 = CARTESIAN_POINT('',(-1.283799339237,2.33471002071,-0.350913786581
    ));
#986 = CARTESIAN_POINT('',(-0.269991188532,2.585248822481,-0.40094608111
    ));
#987 = CARTESIAN_POINT('',(0.744088551312,2.334710853336,-0.450978375278
    ));
#988 = CARTESIAN_POINT('',(1.501627538525,1.689344755111,-0.500924169233
    ));
#989 = CARTESIAN_POINT('',(1.880753115523,0.844523328205,-0.550946233702
    ));
#990 = CARTESIAN_POINT('',(1.880753887907,9.909802551888E-07,
    -0.600946682106));
#991 = CARTESIAN_POINT('',(-2.456823638018,-8.605175763066E-07,
    -0.180015768168));
#992 = CARTESIAN_POINT('',(-2.456824339157,0.858759350893,
    -0.230016181936));
#993 = CARTESIAN_POINT('',(-2.071344645068,1.71779712526,-0.280036542019
    ));
#994 = CARTESIAN_POINT('',(-1.300894185972,2.374102388933,-0.32998652308
    ));
#995 = CARTESIAN_POINT('',(-0.26998698679,2.628768317799,-0.380016322934
    ));
#996 = CARTESIAN_POINT('',(0.761177618841,2.374103155379,-0.430046122446
    ));
#997 = CARTESIAN_POINT('',(1.531485431521,1.717798261221,-0.479996103698
    ));
#998 = CARTESIAN_POINT('',(1.917001387605,0.85876112584,-0.530016463736)
  );
#999 = CARTESIAN_POINT('',(1.917002109921,9.144296342356E-07,
    -0.580016877502));
#1000 = ADVANCED_FACE('',(#1001),#1010,.T.);
#1001 = FACE_BOUND('',#1002,.T.);
#1002 = EDGE_LOOP('',(#1003,#1008,#1009));
#1003 = ORIENTED_EDGE('',*,*,#1004,.F.);
#1004 = EDGE_CURVE('',#618,#912,#1005,.T.);
#1005 = B_SPLINE_CURVE_WITH_KNOTS('',1,(#1006,#1007),.UNSPECIFIED.,.F.,
  .F.,(2,2),(0.,0.56),.PIECEWISE_BEZIER_KNOTS.);
#1006 = CARTESIAN_POINT('',(2.401995044913,-1.097693517429E-07,
    -1.059997974012));
#1007 = CARTESIAN_POINT('',(1.917009905439,9.144212886603E-07,
    -0.78001687735));
#1008 = ORIENTED_EDGE('',*,*,#625,.F.);
#1009 = ORIENTED_EDGE('',*,*,#911,.T.);
#1010 = B_SPLINE_SURFACE_WITH_KNOTS('',1,8,(
    (#1011,#1012,#1013,#1014,#1015,#1016,#1017,#1018,#1019)
    ,(#1020,#1021,#1022,#1023,#1024,#1025,#1026,#1027,#1028
  )),.UNSPECIFIED.,.F.,.F.,.F.,(2,2),(9,9),(0.,0.56),(0.,3.166955067741)
  ,.PIECEWISE_BEZIER_KNOTS.);
#1011 = CARTESIAN_POINT('',(-2.941815343306,1.032956542524E-07,
    -0.659998107219));
#1012 = CARTESIAN_POINT('',(-2.941816124534,1.049259438355,
    -0.709998057536));
#1013 = CARTESIAN_POINT('',(-2.470843365747,2.098499500059,
    -0.759995612774));
#1014 = CARTESIAN_POINT('',(-1.529511012204,2.901162294839,
    -0.810001618771));
#1015 = CARTESIAN_POINT('',(-0.27008010631,3.211048060677,
    -0.859998040831));
#1016 = CARTESIAN_POINT('',(0.989932843063,2.901162034858,
    -0.909994462148));
#1017 = CARTESIAN_POINT('',(1.930941103382,2.098498586753,
    -0.960000468561));
#1018 = CARTESIAN_POINT('',(2.401994266227,1.04925922529,-1.009998023698
    ));
#1019 = CARTESIAN_POINT('',(2.401995044913,-1.097693517429E-07,
    -1.059997974012));
#1020 = CARTESIAN_POINT('',(-2.456830921139,-8.605101702308E-07,
    -0.380015768035));
#1021 = CARTESIAN_POINT('',(-2.456831813392,0.858762312254,
    -0.430016181796));
#1022 = CARTESIAN_POINT('',(-2.071360148994,1.71780312915,
    -0.480036541536));
#1023 = CARTESIAN_POINT('',(-1.300869357039,2.374110600747,
    -0.52998652342));
#1024 = CARTESIAN_POINT('',(-0.270026285327,2.628777369474,
    -0.580016322842));
#1025 = CARTESIAN_POINT('',(0.76120955773,2.374111330089,-0.630046121748
    ));
#1026 = CARTESIAN_POINT('',(1.531482347528,1.717804093514,-0.67999610392
    ));
#1027 = CARTESIAN_POINT('',(1.917008992009,0.858764087185,
    -0.730016463591));
#1028 = CARTESIAN_POINT('',(1.917009905439,9.144212886603E-07,
    -0.78001687735));
#1029 = ADVANCED_FACE('',(#1030),#1239,.T.);
#1030 = FACE_BOUND('',#1031,.F.);
#1031 = EDGE_LOOP('',(#1032,#1135,#1136,#1233));
#1032 = ORIENTED_EDGE('',*,*,#1033,.F.);
#1033 = EDGE_CURVE('',#618,#1034,#1036,.T.);
#1034 = VERTEX_POINT('',#1035);
#1035 = CARTESIAN_POINT('',(2.35,1.360422586118E-11,-1.829983190573));
#1036 = B_SPLINE_CURVE_WITH_KNOTS('',7,(#1037,#1038,#1039,#1040,#1041,
    #1042,#1043,#1044,#1045,#1046,#1047,#1048,#1049,#1050,#1051,#1052,
    #1053,#1054,#1055,#1056,#1057,#1058,#1059,#1060,#1061,#1062,#1063,
    #1064,#1065,#1066,#1067,#1068,#1069,#1070,#1071,#1072,#1073,#1074,
    #1075,#1076,#1077,#1078,#1079,#1080,#1081,#1082,#1083,#1084,#1085,
    #1086,#1087,#1088,#1089,#1090,#1091,#1092,#1093,#1094,#1095,#1096,
    #1097,#1098,#1099,#1100,#1101,#1102,#1103,#1104,#1105,#1106,#1107,
    #1108,#1109,#1110,#1111,#1112,#1113,#1114,#1115,#1116,#1117,#1118,
    #1119,#1120,#1121,#1122,#1123,#1124,#1125,#1126,#1127,#1128,#1129,
    #1130,#1131,#1132,#1133,#1134),.UNSPECIFIED.,.F.,.F.,(8,6,6,6,6,6,6,
    6,6,6,6,6,6,6,6,6,8),(0.,1.851434327355E-02,5.651454243232E-02,
    0.125516043102,0.235141280461,0.264016634855,0.317019111728,
    0.401910331593,0.4977544625,0.597749702696,0.714615708653,
    0.740297514744,0.811299925273,0.871065351658,0.953961169115,
    0.969726068284,1.),.UNSPECIFIED.);
#1037 = CARTESIAN_POINT('',(2.35,3.368016976424E-11,-1.029981322963));
#1038 = CARTESIAN_POINT('',(2.35,-3.905139091405E-02,-1.032097212719));
#1039 = CARTESIAN_POINT('',(2.349242903012,-7.810276299694E-02,
    -1.034213040263));
#1040 = CARTESIAN_POINT('',(2.347728709125,-0.117136495814,
    -1.036328837622));
#1041 = CARTESIAN_POINT('',(2.345457931404,-0.156134985983,
    -1.038444632827));
#1042 = CARTESIAN_POINT('',(2.342431595885,-0.195080647135,
    -1.040560449908));
#1043 = CARTESIAN_POINT('',(2.338651241576,-0.233955909924,
    -1.042676308901));
#1044 = CARTESIAN_POINT('',(2.324816451419,-0.352353152679,
    -1.049135089321));
#1045 = CARTESIAN_POINT('',(2.31234610325,-0.431593251912,
    -1.053478216213));
#1046 = CARTESIAN_POINT('',(2.296725741753,-0.510311360777,
    -1.05782173981));
#1047 = CARTESIAN_POINT('',(2.27798206516,-0.588357457447,
    -1.062165729445));
#1048 = CARTESIAN_POINT('',(2.25615060414,-0.6655836572,-1.06651019049)
  );
#1049 = CARTESIAN_POINT('',(2.231275721794,-0.741844212423,
    -1.07085506436));
#1050 = CARTESIAN_POINT('',(2.152812608374,-0.953456705051,
    -1.083090262084));
#1051 = CARTESIAN_POINT('',(2.092352065449,-1.08626925416,
    -1.090981715535));
#1052 = CARTESIAN_POINT('',(2.022348832087,-1.214564986064,
    -1.098873281862));
#1053 = CARTESIAN_POINT('',(1.943214832468,-1.337527356633,
    -1.10676405129));
#1054 = CARTESIAN_POINT('',(1.855443399129,-1.454389487371,
    -1.114653516635));
#1055 = CARTESIAN_POINT('',(1.759607049558,-1.564437775138,
    -1.122541297787));
#1056 = CARTESIAN_POINT('',(1.492337190962,-1.829998961178,
    -1.142954233357));
#1057 = CARTESIAN_POINT('',(1.309545830118,-1.974202577817,
    -1.155480744367));
#1058 = CARTESIAN_POINT('',(1.110664170155,-2.096932785125,
    -1.167998414837));
#1059 = CARTESIAN_POINT('',(0.898743608686,-2.196124173693,
    -1.180510982472));
#1060 = CARTESIAN_POINT('',(0.677101551341,-2.270224277876,
    -1.193025984332));
#1061 = CARTESIAN_POINT('',(0.449277768198,-2.318213801227,
    -1.205547469332));
#1062 = CARTESIAN_POINT('',(0.158417911411,-2.345445205526,
    -1.221367261055));
#1063 = CARTESIAN_POINT('',(9.760613020502E-02,-2.349289006321,
    -1.224665753698));
#1064 = CARTESIAN_POINT('',(3.668936049363E-02,-2.351293023047,
    -1.227964559273));
#1065 = CARTESIAN_POINT('',(-2.426563594477E-02,-2.351454052102,
    -1.231263686098));
#1066 = CARTESIAN_POINT('',(-8.519208811439E-02,-2.349771920312,
    -1.234563134561));
#1067 = CARTESIAN_POINT('',(-0.146023215802,-2.34624948493,
    -1.237862897116));
#1068 = CARTESIAN_POINT('',(-0.318053910394,-2.331059805869,
    -1.24722042215));
#1069 = CARTESIAN_POINT('',(-0.428871789616,-2.315045965902,
    -1.253279008036));
#1070 = CARTESIAN_POINT('',(-0.538730863003,-2.292887953488,
    -1.259338444711));
#1071 = CARTESIAN_POINT('',(-0.647223083363,-2.264656361412,
    -1.265398594811));
#1072 = CARTESIAN_POINT('',(-0.753948494139,-2.230455246922,
    -1.271459342468));
#1073 = CARTESIAN_POINT('',(-0.858516363014,-2.190421843161,
    -1.277520480933));
#1074 = CARTESIAN_POINT('',(-1.123962209254,-2.071538126824,
    -1.293289369334));
#1075 = CARTESIAN_POINT('',(-1.280892280743,-1.983814328608,
    -1.302998526255));
#1076 = CARTESIAN_POINT('',(-1.42974856909,-1.882258760353,
    -1.312706150554));
#1077 = CARTESIAN_POINT('',(-1.569086834271,-1.767779874409,
    -1.322411728841));
#1078 = CARTESIAN_POINT('',(-1.697594315052,-1.641456130547,
    -1.332115972792));
#1079 = CARTESIAN_POINT('',(-1.814099434162,-1.504528080235,
    -1.341819334402));
#1080 = CARTESIAN_POINT('',(-2.034461855214,-1.193454448761,
    -1.362472738625));
#1081 = CARTESIAN_POINT('',(-2.13478673594,-1.016731360966,
    -1.373425686876));
#1082 = CARTESIAN_POINT('',(-2.2171129872,-0.83029321531,-1.384375972573
    ));
#1083 = CARTESIAN_POINT('',(-2.280359167111,-0.636347553586,
    -1.395325298293));
#1084 = CARTESIAN_POINT('',(-2.32376732909,-0.437219540485,
    -1.406276676954));
#1085 = CARTESIAN_POINT('',(-2.346910180715,-0.235329548459,
    -1.417231206457));
#1086 = CARTESIAN_POINT('',(-2.352744629115,0.177698572484,
    -1.43961342183));
#1087 = CARTESIAN_POINT('',(-2.333642086452,0.38895085607,
    -1.451045943862));
#1088 = CARTESIAN_POINT('',(-2.292400493228,0.597700501332,
    -1.462478081709));
#1089 = CARTESIAN_POINT('',(-2.229449188785,0.80118846784,
    -1.473909655618));
#1090 = CARTESIAN_POINT('',(-2.145608778802,0.996761152158,
    -1.485341760367));
#1091 = CARTESIAN_POINT('',(-2.042082609306,1.18189845956,
    -1.496773835519));
#1092 = CARTESIAN_POINT('',(-1.778480914933,1.555721059668,
    -1.521555971579));
#1093 = CARTESIAN_POINT('',(-1.611712122855,1.739875901951,
    -1.534913460555));
#1094 = CARTESIAN_POINT('',(-1.422856040411,1.902930357293,
    -1.548262257351));
#1095 = CARTESIAN_POINT('',(-1.215177602224,2.04181442146,
    -1.561605894914));
#1096 = CARTESIAN_POINT('',(-0.992351514473,2.154070944189,
    -1.574950437313));
#1097 = CARTESIAN_POINT('',(-0.758461815366,2.23785555455,
    -1.588302199092));
#1098 = CARTESIAN_POINT('',(-0.465189532104,2.304133894828,
    -1.604586228601));
#1099 = CARTESIAN_POINT('',(-0.412031643565,2.314653872309,
    -1.607520208306));
#1100 = CARTESIAN_POINT('',(-0.35859858511,2.323742557693,
    -1.610454410829));
#1101 = CARTESIAN_POINT('',(-0.304936602897,2.331391446845,
    -1.613388850421));
#1102 = CARTESIAN_POINT('',(-0.251092212221,2.337593912902,
    -1.616323536906));
#1103 = CARTESIAN_POINT('',(-0.19711219751,2.342345206272,
    -1.619258475677));
#1104 = CARTESIAN_POINT('',(6.439639298788E-03,2.354758347062,
    -1.630308584077));
#1105 = CARTESIAN_POINT('',(0.15660937947,2.352760766992,-1.638425922771
    ));
#1106 = CARTESIAN_POINT('',(0.306458444761,2.3395860461,-1.646544882044)
  );
#1107 = CARTESIAN_POINT('',(0.454991589546,2.315288841227,
    -1.654665322593));
#1108 = CARTESIAN_POINT('',(0.601228349308,2.280029488958,
    -1.662787096767));
#1109 = CARTESIAN_POINT('',(0.744207856855,2.23407323765,-1.67090952786)
  );
#1110 = CARTESIAN_POINT('',(0.999818537169,2.13043517707,-1.685867224408
    ));
#1111 = CARTESIAN_POINT('',(1.113680559247,2.075756147834,
    -1.692703294586));
#1112 = CARTESIAN_POINT('',(1.224026994176,2.013989511455,
    -1.699538450194));
#1113 = CARTESIAN_POINT('',(1.330330510035,1.945409128058,
    -1.706372328687));
#1114 = CARTESIAN_POINT('',(1.432093006304,1.870336288691,-1.71320481649
    ));
#1115 = CARTESIAN_POINT('',(1.528847493671,1.78913852838,-1.720035860655
    ));
#1116 = CARTESIAN_POINT('',(1.746812173043,1.581682442522,
    -1.736337819685));
#1117 = CARTESIAN_POINT('',(1.863014236258,1.450129299843,
    -1.745808635552));
#1118 = CARTESIAN_POINT('',(1.967591791287,1.308678957314,
    -1.755276278251));
#1119 = CARTESIAN_POINT('',(2.059554504313,1.158573532644,
    -1.764742280285));
#1120 = CARTESIAN_POINT('',(2.138076337451,1.001161881916,-1.77420949484
    ));
#1121 = CARTESIAN_POINT('',(2.202501170912,0.837890052818,
    -1.783679837273));
#1122 = CARTESIAN_POINT('',(2.261858427626,0.638437257682,
    -1.794952711249));
#1123 = CARTESIAN_POINT('',(2.270816951309,0.606410317675,
    -1.796754075373));
#1124 = CARTESIAN_POINT('',(2.279246258416,0.574237228543,
    -1.798555522373));
#1125 = CARTESIAN_POINT('',(2.287143507098,0.541928481838,
    -1.800357050133));
#1126 = CARTESIAN_POINT('',(2.294506116074,0.50949463634,-1.802158654193
    ));
#1127 = CARTESIAN_POINT('',(2.301331764625,0.47694631806,-1.80396032775)
  );
#1128 = CARTESIAN_POINT('',(2.319690841904,0.381591162693,
    -1.809221999373));
#1129 = CARTESIAN_POINT('',(2.329775583163,0.318505184976,
    -1.812682168507));
#1130 = CARTESIAN_POINT('',(2.337858008723,0.255112164536,
    -1.816142496853));
#1131 = CARTESIAN_POINT('',(2.343927156618,0.191488344407,
    -1.819602890272));
#1132 = CARTESIAN_POINT('',(2.347975710573,0.12771033321,-1.823063232691
    ));
#1133 = CARTESIAN_POINT('',(2.35,6.385510515165E-02,-1.826523386104));
#1134 = CARTESIAN_POINT('',(2.35,2.714539704129E-11,-1.829983190573));
#1135 = ORIENTED_EDGE('',*,*,#617,.T.);
#1136 = ORIENTED_EDGE('',*,*,#1137,.T.);
#1137 = EDGE_CURVE('',#515,#1138,#1140,.T.);
#1138 = VERTEX_POINT('',#1139);
#1139 = CARTESIAN_POINT('',(2.35,1.696146868404E-12,-1.930002340492));
#1140 = B_SPLINE_CURVE_WITH_KNOTS('',7,(#1141,#1142,#1143,#1144,#1145,
    #1146,#1147,#1148,#1149,#1150,#1151,#1152,#1153,#1154,#1155,#1156,
    #1157,#1158,#1159,#1160,#1161,#1162,#1163,#1164,#1165,#1166,#1167,
    #1168,#1169,#1170,#1171,#1172,#1173,#1174,#1175,#1176,#1177,#1178,
    #1179,#1180,#1181,#1182,#1183,#1184,#1185,#1186,#1187,#1188,#1189,
    #1190,#1191,#1192,#1193,#1194,#1195,#1196,#1197,#1198,#1199,#1200,
    #1201,#1202,#1203,#1204,#1205,#1206,#1207,#1208,#1209,#1210,#1211,
    #1212,#1213,#1214,#1215,#1216,#1217,#1218,#1219,#1220,#1221,#1222,
    #1223,#1224,#1225,#1226,#1227,#1228,#1229,#1230,#1231,#1232),
  .UNSPECIFIED.,.F.,.F.,(8,6,6,6,6,6,6,6,6,6,6,6,6,6,6,8),(0.,
    2.487030365811E-02,0.127678479437,0.181373756589,0.262375705118,
    0.285459447883,0.401656448007,0.499369754642,0.598066492002,
    0.690283193988,0.725285030815,0.784055374464,0.837059227735,
    0.872574364127,0.972943030024,1.),.UNSPECIFIED.);
#1141 = CARTESIAN_POINT('',(2.35,4.256150987203E-12,-1.130002633068));
#1142 = CARTESIAN_POINT('',(2.35,-5.24573636408E-02,-1.132844780317));
#1143 = CARTESIAN_POINT('',(2.3486338663,-0.104914790156,-1.13568709446)
  );
#1144 = CARTESIAN_POINT('',(2.345901606866,-0.157329441002,
    -1.138529504635));
#1145 = CARTESIAN_POINT('',(2.341804893309,-0.2096586206,-1.141371947221
    ));
#1146 = CARTESIAN_POINT('',(2.336347060886,-0.261859776333,
    -1.144214365839));
#1147 = CARTESIAN_POINT('',(2.329533108497,-0.313890498548,
    -1.147056711347));
#1148 = CARTESIAN_POINT('',(2.287624020232,-0.579912431676,
    -1.161648075948));
#1149 = CARTESIAN_POINT('',(2.230809535741,-0.790538319624,
    -1.173398353532));
#1150 = CARTESIAN_POINT('',(2.15139206824,-0.994503162281,
    -1.185141519369));
#1151 = CARTESIAN_POINT('',(2.050355257148,-1.188936015729,
    -1.196880341559));
#1152 = CARTESIAN_POINT('',(1.929090719247,-1.371157724823,
    -1.208621399095));
#1153 = CARTESIAN_POINT('',(1.789382798612,-1.538711289278,
    -1.220368517754));
#1154 = CARTESIAN_POINT('',(1.552066175888,-1.768167896767,
    -1.238252846754));
#1155 = CARTESIAN_POINT('',(1.466216288275,-1.842316237665,
    -1.244390110806));
#1156 = CARTESIAN_POINT('',(1.376249974269,-1.911586756822,
    -1.250528542602));
#1157 = CARTESIAN_POINT('',(1.282501010622,-1.975707218535,
    -1.25666810778));
#1158 = CARTESIAN_POINT('',(1.185324168727,-2.034435005845,
    -1.262808725786));
#1159 = CARTESIAN_POINT('',(1.085094164108,-2.087557823854,
    -1.268950154171));
#1160 = CARTESIAN_POINT('',(0.826990681331,-2.206303945078,
    -1.284356955597));
#1161 = CARTESIAN_POINT('',(0.665704518914,-2.264555127064,
    -1.293623882537));
#1162 = CARTESIAN_POINT('',(0.499712118857,-2.309014155807,
    -1.302890000788));
#1163 = CARTESIAN_POINT('',(0.330429787076,-2.339246579666,
    -1.312154300883));
#1164 = CARTESIAN_POINT('',(0.159309960977,-2.354993076125,
    -1.321416734095));
#1165 = CARTESIAN_POINT('',(-1.216831977327E-02,-2.356171117125,
    -1.330677211592));
#1166 = CARTESIAN_POINT('',(-0.23104623955,-2.339121256631,
    -1.342572344396));
#1167 = CARTESIAN_POINT('',(-0.279496863851,-2.334166644374,
    -1.34521020277));
#1168 = CARTESIAN_POINT('',(-0.327822050145,-2.328041333769,
    -1.347847863223));
#1169 = CARTESIAN_POINT('',(-0.375987868019,-2.320749206691,
    -1.350485331292));
#1170 = CARTESIAN_POINT('',(-0.423960576889,-2.312295368483,
    -1.353122615427));
#1171 = CARTESIAN_POINT('',(-0.471706625992,-2.302686147964,
    -1.355759726994));
#1172 = CARTESIAN_POINT('',(-0.758223824693,-2.237781162426,
    -1.3716703536));
#1173 = CARTESIAN_POINT('',(-0.990767392057,-2.154526052233,
    -1.384945580789));
#1174 = CARTESIAN_POINT('',(-1.212385524231,-2.043124823097,
    -1.398213963892));
#1175 = CARTESIAN_POINT('',(-1.41906297501,-1.905386683615,
    -1.411481620945));
#1176 = CARTESIAN_POINT('',(-1.607183773625,-1.743721217262,
    -1.424754363773));
#1177 = CARTESIAN_POINT('',(-1.773532205324,-1.5611380139,
    -1.438035521184));
#1178 = CARTESIAN_POINT('',(-2.034908373569,-1.193367444825,
    -1.462480626319));
#1179 = CARTESIAN_POINT('',(-2.137139306345,-1.013119722653,
    -1.473651534048));
#1180 = CARTESIAN_POINT('',(-2.220647554725,-0.822787316858,
    -1.484822473229));
#1181 = CARTESIAN_POINT('',(-2.284291733092,-0.624712053035,
    -1.495992906923));
#1182 = CARTESIAN_POINT('',(-2.3272793481,-0.421361236156,-1.50716378552
    ));
#1183 = CARTESIAN_POINT('',(-2.349174621789,-0.21530289863,
    -1.518334929823));
#1184 = CARTESIAN_POINT('',(-2.350797442578,0.198965922987,
    -1.540781923922));
#1185 = CARTESIAN_POINT('',(-2.330098723949,0.407267852365,
    -1.552062500734));
#1186 = CARTESIAN_POINT('',(-2.287859177519,0.612948664694,-1.5633395831
    ));
#1187 = CARTESIAN_POINT('',(-2.224512018828,0.813358905072,
    -1.574614422453));
#1188 = CARTESIAN_POINT('',(-2.140861907113,1.005951857038,
    -1.585890469812));
#1189 = CARTESIAN_POINT('',(-2.03807682999,1.188309777403,
    -1.597169643054));
#1190 = CARTESIAN_POINT('',(-1.805343237665,1.516927550115,
    -1.618986427979));
#1191 = CARTESIAN_POINT('',(-1.677579262604,1.664830742949,
    -1.629527969258));
#1192 = CARTESIAN_POINT('',(-1.535751836459,1.800074442801,
    -1.640070404148));
#1193 = CARTESIAN_POINT('',(-1.381384978087,1.921087472702,
    -1.650614292272));
#1194 = CARTESIAN_POINT('',(-1.216192994234,2.026526017041,
    -1.661160611256));
#1195 = CARTESIAN_POINT('',(-1.042065325537,2.115285506749,
    -1.671708577636));
#1196 = CARTESIAN_POINT('',(-0.792394032827,2.213608399522,
    -1.686256546688));
#1197 = CARTESIAN_POINT('',(-0.722709820023,2.238142511779,
    -1.690259037129));
#1198 = CARTESIAN_POINT('',(-0.652145160674,2.260115214251,
    -1.694261339348));
#1199 = CARTESIAN_POINT('',(-0.580813078072,2.279489032891,
    -1.698263387085));
#1200 = CARTESIAN_POINT('',(-0.508828308292,2.296232809397,
    -1.702265120856));
#1201 = CARTESIAN_POINT('',(-0.436307300192,2.310321701209,
    -1.706266487956));
#1202 = CARTESIAN_POINT('',(-0.240898783334,2.340904509898,
    -1.716985303364));
#1203 = CARTESIAN_POINT('',(-0.117246494406,2.352535233174,
    -1.723702203249));
#1204 = CARTESIAN_POINT('',(7.026446049846E-03,2.356541709872,
    -1.730417631281));
#1205 = CARTESIAN_POINT('',(0.131356328224,2.35288839867,-1.737131565923
    ));
#1206 = CARTESIAN_POINT('',(0.255179945061,2.34159180895,-1.743844238704
    ));
#1207 = CARTESIAN_POINT('',(0.377936599498,2.322720451341,
    -1.750555897998));
#1208 = CARTESIAN_POINT('',(0.608318118594,2.272652174293,
    -1.763318802551));
#1209 = CARTESIAN_POINT('',(0.716250456363,2.242845391683,
    -1.769370484007));
#1210 = CARTESIAN_POINT('',(0.822459939458,2.207063082443,-1.77542166307
    ));
#1211 = CARTESIAN_POINT('',(0.926550504347,2.165426530058,
    -1.781472684812));
#1212 = CARTESIAN_POINT('',(1.028138310352,2.118089232448,
    -1.787523998475));
#1213 = CARTESIAN_POINT('',(1.126852840481,2.065236474916,
    -1.793575962473));
#1214 = CARTESIAN_POINT('',(1.286317662876,1.968120547167,
    -1.803684241355));
#1215 = CARTESIAN_POINT('',(1.348848535317,1.926776605395,-1.80774020836
    ));
#1216 = CARTESIAN_POINT('',(1.409823874379,1.883118130217,
    -1.811796632828));
#1217 = CARTESIAN_POINT('',(1.469141183577,1.837215667398,
    -1.815853573442));
#1218 = CARTESIAN_POINT('',(1.526702215137,1.789145256033,
    -1.819911065148));
#1219 = CARTESIAN_POINT('',(1.582412969998,1.738988428545,
    -1.823969119155));
#1220 = CARTESIAN_POINT('',(1.788144150832,1.539434494206,
    -1.839497667527));
#1221 = CARTESIAN_POINT('',(1.924647974568,1.376031452683,-1.85097463722
    ));
#1222 = CARTESIAN_POINT('',(2.043603299351,1.198628261322,
    -1.862453878193));
#1223 = CARTESIAN_POINT('',(2.143343741761,1.009505219891,
    -1.873933657752));
#1224 = CARTESIAN_POINT('',(2.222559680261,0.811146522757,
    -1.885412546428));
#1225 = CARTESIAN_POINT('',(2.280311737835,0.606213924293,-1.89688838752
    ));
#1226 = CARTESIAN_POINT('',(2.325781259466,0.341318666103,
    -1.911451141987));
#1227 = CARTESIAN_POINT('',(2.333842483573,0.284798298047,
    -1.914543136272));
#1228 = CARTESIAN_POINT('',(2.340300808103,0.2280585463,-1.917634978584)
  );
#1229 = CARTESIAN_POINT('',(2.345149228833,0.171153969708,
    -1.920726729984));
#1230 = CARTESIAN_POINT('',(2.348383073138,0.114139335163,
    -1.923818470945));
#1231 = CARTESIAN_POINT('',(2.35,5.706961760069E-02,-1.92691030135));
#1232 = CARTESIAN_POINT('',(2.35,3.343991750171E-12,-1.930002340492));
#1233 = ORIENTED_EDGE('',*,*,#1234,.F.);
#1234 = EDGE_CURVE('',#1034,#1138,#1235,.T.);
#1235 = LINE('',#1236,#1237);
#1236 = CARTESIAN_POINT('',(2.35,0.,-0.2));
#1237 = VECTOR('',#1238,1.);
#1238 = DIRECTION('',(0.,0.,-1.));
#1239 = CYLINDRICAL_SURFACE('',#1240,2.35);
#1240 = AXIS2_PLACEMENT_3D('',#1241,#1242,#1243);
#1241 = CARTESIAN_POINT('',(0.,0.,-0.2));
#1242 = DIRECTION('',(-0.,-0.,-1.));
#1243 = DIRECTION('',(1.,0.,0.));
#1244 = ADVANCED_FACE('',(#1245),#1271,.T.);
#1245 = FACE_BOUND('',#1246,.T.);
#1246 = EDGE_LOOP('',(#1247,#1264,#1265,#1266));
#1247 = ORIENTED_EDGE('',*,*,#1248,.F.);
#1248 = EDGE_CURVE('',#834,#1249,#1251,.T.);
#1249 = VERTEX_POINT('',#1250);
#1250 = CARTESIAN_POINT('',(1.917000628709,8.229879911663E-07,
    -1.380015189777));
#1251 = ( BOUNDED_CURVE() B_SPLINE_CURVE(11,(#1252,#1253,#1254,#1255,
    #1256,#1257,#1258,#1259,#1260,#1261,#1262,#1263),.UNSPECIFIED.,.F.,
.F.) B_SPLINE_CURVE_WITH_KNOTS((12,12),(0.,6.333910135482),
.PIECEWISE_BEZIER_KNOTS.) CURVE() GEOMETRIC_REPRESENTATION_ITEM() 
RATIONAL_B_SPLINE_CURVE((1.056590953773,1.056590953773,1.056590953773,
    1.056590953773,1.056590953773,1.056590953774,1.056590953773,
    1.056590953774,1.056590953773,1.056590953773,1.056590953773,
1.056590953773)) REPRESENTATION_ITEM('') );
#1252 = CARTESIAN_POINT('',(1.917002109921,9.144296335695E-07,
    -0.580016877502));
#1253 = CARTESIAN_POINT('',(1.917000776222,-1.095041018386,
    -0.652742035575));
#1254 = CARTESIAN_POINT('',(1.229083865552,-2.189580558492,
    -0.725434583984));
#1255 = CARTESIAN_POINT('',(-0.147711814219,-2.806080941865,
    -0.798381351132));
#1256 = CARTESIAN_POINT('',(-1.830913321777,-2.455208053707,
    -0.87047397837));
#1257 = CARTESIAN_POINT('',(-3.084156066516,-1.017153551123,
    -0.94433709127));
#1258 = CARTESIAN_POINT('',(-3.085248226417,1.017137706936,
    -1.01569497574));
#1259 = CARTESIAN_POINT('',(-1.830181720354,2.455229163496,
    -1.08955808945));
#1260 = CARTESIAN_POINT('',(-0.148022912401,2.806068815673,
    -1.161650715774));
#1261 = CARTESIAN_POINT('',(1.22914452934,2.18958400433,-1.234597483402)
  );
#1262 = CARTESIAN_POINT('',(1.917002014621,1.095042755804,-1.30729003171
    ));
#1263 = CARTESIAN_POINT('',(1.917000628709,8.229880118504E-07,
    -1.380015189777));
#1264 = ORIENTED_EDGE('',*,*,#874,.T.);
#1265 = ORIENTED_EDGE('',*,*,#514,.T.);
#1266 = ORIENTED_EDGE('',*,*,#1267,.F.);
#1267 = EDGE_CURVE('',#1249,#515,#1268,.T.);
#1268 = B_SPLINE_CURVE_WITH_KNOTS('',1,(#1269,#1270),.UNSPECIFIED.,.F.,
  .F.,(2,2),(0.,0.56),.PIECEWISE_BEZIER_KNOTS.);
#1269 = CARTESIAN_POINT('',(1.917000628709,8.229880113221E-07,
    -1.380015189777));
#1270 = CARTESIAN_POINT('',(2.401965032178,-9.876348434687E-08,
    -1.099998177137));
#1271 = B_SPLINE_SURFACE_WITH_KNOTS('',1,10,(
    (#1272,#1273,#1274,#1275,#1276,#1277,#1278,#1279,#1280,#1281,#1282)
    ,(#1283,#1284,#1285,#1286,#1287,#1288,#1289,#1290,#1291,#1292,#1293
    )),.UNSPECIFIED.,.F.,.F.,.F.,(2,2),(11,11),(0.,0.56),(0.,
    6.333910135482),.PIECEWISE_BEZIER_KNOTS.);
#1272 = CARTESIAN_POINT('',(1.917002109921,9.14429632698E-07,
    -0.580016877502));
#1273 = CARTESIAN_POINT('',(1.917000642852,-1.204545211668,
    -0.660014551382));
#1274 = CARTESIAN_POINT('',(1.076213470596,-2.408477302231,
    -0.739972369006));
#1275 = CARTESIAN_POINT('',(-0.606800851426,-2.950995192666,
    -0.820139266405));
#1276 = CARTESIAN_POINT('',(-2.529880607113,-2.190700404788,
    -0.899889725318));
#1277 = CARTESIAN_POINT('',(-3.547147188656,-3.265717132273E-05,
    -0.980016032905));
#1278 = CARTESIAN_POINT('',(-2.529655584565,2.190743924787,
    -1.060142343132));
#1279 = CARTESIAN_POINT('',(-0.607022178998,2.950977084593,
    -1.139892800313));
#1280 = CARTESIAN_POINT('',(1.076287279591,2.408481127717,
    -1.220059698401));
#1281 = CARTESIAN_POINT('',(1.917002153211,1.204546949086,
    -1.300017515903));
#1282 = CARTESIAN_POINT('',(1.917000628709,8.229880113221E-07,
    -1.380015189777));
#1283 = CARTESIAN_POINT('',(2.401965421946,-1.097376426161E-07,
    -0.299997974589));
#1284 = CARTESIAN_POINT('',(2.401964815809,-1.509192334229,
    -0.379998253754));
#1285 = CARTESIAN_POINT('',(1.348566783492,-3.018416062773,
    -0.460003316187));
#1286 = CARTESIAN_POINT('',(-0.760665903562,-3.696078916151,
    -0.539983286289));
#1287 = CARTESIAN_POINT('',(-3.169249204251,-2.746314143452,
    -0.62001323466));
#1288 = CARTESIAN_POINT('',(-4.445183791846,-7.977116301738E-06,
    -0.699998075668));
#1289 = CARTESIAN_POINT('',(-3.169189228786,2.746326473124,
    -0.779982917377));
#1290 = CARTESIAN_POINT('',(-0.760723121327,3.696074362253,
    -0.860012865289));
#1291 = CARTESIAN_POINT('',(1.348587042951,3.018416695607,
    -0.939992835572));
#1292 = CARTESIAN_POINT('',(2.401965631422,1.509192125728,
    -1.019997897975));
#1293 = CARTESIAN_POINT('',(2.401965032178,-9.876348434687E-08,
    -1.099998177137));
#1294 = ADVANCED_FACE('',(#1295),#1325,.T.);
#1295 = FACE_BOUND('',#1296,.T.);
#1296 = EDGE_LOOP('',(#1297,#1313,#1314,#1315));
#1297 = ORIENTED_EDGE('',*,*,#1298,.F.);
#1298 = EDGE_CURVE('',#912,#1299,#1301,.T.);
#1299 = VERTEX_POINT('',#1300);
#1300 = CARTESIAN_POINT('',(1.917007644675,8.229812098477E-07,
    -1.580015189654));
#1301 = B_SPLINE_CURVE_WITH_KNOTS('',10,(#1302,#1303,#1304,#1305,#1306,
    #1307,#1308,#1309,#1310,#1311,#1312),.UNSPECIFIED.,.F.,.F.,(11,11),(
    0.,6.333910135482),.PIECEWISE_BEZIER_KNOTS.);
#1302 = CARTESIAN_POINT('',(1.917009905439,9.144212882704E-07,
    -0.78001687735));
#1303 = CARTESIAN_POINT('',(1.917007363939,-1.204549863838,
    -0.860014551272));
#1304 = CARTESIAN_POINT('',(1.076197631591,-2.408485866477,
    -0.939972369649));
#1305 = CARTESIAN_POINT('',(-0.606745660599,-2.951011190827,
    -1.020139264012));
#1306 = CARTESIAN_POINT('',(-2.529950109742,-2.19069683417,
    -1.099889727651));
#1307 = CARTESIAN_POINT('',(-3.54716090231,-4.899780014256E-05,
    -1.180016032379));
#1308 = CARTESIAN_POINT('',(-2.529605611681,2.190764464159,
    -1.260142341144));
#1309 = CARTESIAN_POINT('',(-0.607082066574,2.950983842551,
    -1.339892802135));
#1310 = CARTESIAN_POINT('',(1.076311435834,2.408491191816,-1.42005969755
    ));
#1311 = CARTESIAN_POINT('',(1.917010243606,1.204551601241,
    -1.500017515742));
#1312 = CARTESIAN_POINT('',(1.917007644675,8.229812300885E-07,
    -1.580015189654));
#1313 = ORIENTED_EDGE('',*,*,#927,.T.);
#1314 = ORIENTED_EDGE('',*,*,#1248,.T.);
#1315 = ORIENTED_EDGE('',*,*,#1316,.F.);
#1316 = EDGE_CURVE('',#1299,#1249,#1317,.T.);
#1317 = ( BOUNDED_CURVE() B_SPLINE_CURVE(6,(#1318,#1319,#1320,#1321,
#1322,#1323,#1324),.UNSPECIFIED.,.F.,.F.) B_SPLINE_CURVE_WITH_KNOTS((7,7
),(0.,2.094395102393),.PIECEWISE_BEZIER_KNOTS.) CURVE() 
GEOMETRIC_REPRESENTATION_ITEM() RATIONAL_B_SPLINE_CURVE((1.056590953773,
    1.017435169568,0.996326512422,0.989390034249,0.996326512422,
1.017435169568,1.056590953773)) REPRESENTATION_ITEM('') );
#1318 = CARTESIAN_POINT('',(1.917007644675,8.229812316629E-07,
    -1.580015189654));
#1319 = CARTESIAN_POINT('',(1.880757872753,8.918782791745E-07,
    -1.559088069557));
#1320 = CARTESIAN_POINT('',(1.855211829676,9.404309268546E-07,
    -1.523666984674));
#1321 = CARTESIAN_POINT('',(1.845977345379,9.579809208682E-07,
    -1.480017681323));
#1322 = CARTESIAN_POINT('',(1.855208767233,9.404338868757E-07,
    -1.436367730191));
#1323 = CARTESIAN_POINT('',(1.880752325116,8.918836391092E-07,
    -1.400944853094));
#1324 = CARTESIAN_POINT('',(1.917000628709,8.229880118504E-07,
    -1.380015189777));
#1325 = ( BOUNDED_SURFACE() B_SPLINE_SURFACE(6,11,(
    (#1326,#1327,#1328,#1329,#1330,#1331,#1332,#1333,#1334,#1335,#1336
      ,#1337)
    ,(#1338,#1339,#1340,#1341,#1342,#1343,#1344,#1345,#1346,#1347,#1348
      ,#1349)
    ,(#1350,#1351,#1352,#1353,#1354,#1355,#1356,#1357,#1358,#1359,#1360
      ,#1361)
    ,(#1362,#1363,#1364,#1365,#1366,#1367,#1368,#1369,#1370,#1371,#1372
      ,#1373)
    ,(#1374,#1375,#1376,#1377,#1378,#1379,#1380,#1381,#1382,#1383,#1384
      ,#1385)
    ,(#1386,#1387,#1388,#1389,#1390,#1391,#1392,#1393,#1394,#1395,#1396
      ,#1397)
    ,(#1398,#1399,#1400,#1401,#1402,#1403,#1404,#1405,#1406,#1407,#1408
,#1409
    )),.UNSPECIFIED.,.F.,.F.,.F.) B_SPLINE_SURFACE_WITH_KNOTS((7,7),(12,
    12),(0.,2.094395102393),(0.,6.333910135482),
.PIECEWISE_BEZIER_KNOTS.) GEOMETRIC_REPRESENTATION_ITEM() 
RATIONAL_B_SPLINE_SURFACE((
    (1.056590953773,1.056590953773,1.056590953773,1.056590953773
      ,1.056590953773,1.056590953774,1.056590953773,1.056590953774
      ,1.056590953773,1.056590953773,1.056590953773,1.056590953773)
    ,(1.017435169568,1.017435169568,1.017435169568,1.017435169568
      ,1.017435169568,1.017435169569,1.017435169568,1.017435169568
      ,1.017435169568,1.017435169568,1.017435169568,1.017435169568)
    ,(0.996326512422,0.996326512422,0.996326512422,0.996326512422
      ,0.996326512422,0.996326512423,0.996326512421,0.996326512423
      ,0.996326512422,0.996326512422,0.996326512422,0.996326512422)
    ,(0.989390034249,0.989390034249,0.989390034248,0.989390034249
      ,0.989390034248,0.989390034249,0.989390034248,0.989390034249
      ,0.989390034248,0.989390034249,0.989390034249,0.989390034249)
    ,(0.996326512422,0.996326512422,0.996326512422,0.996326512423
      ,0.996326512421,0.996326512423,0.996326512421,0.996326512423
      ,0.996326512422,0.996326512422,0.996326512422,0.996326512422)
    ,(1.017435169568,1.017435169568,1.017435169568,1.017435169568
      ,1.017435169568,1.017435169568,1.017435169568,1.017435169568
      ,1.017435169568,1.017435169568,1.017435169568,1.017435169568)
    ,(1.056590953773,1.056590953773,1.056590953773,1.056590953773
      ,1.056590953773,1.056590953774,1.056590953773,1.056590953774
      ,1.056590953773,1.056590953773,1.056590953773,1.056590953773
))) REPRESENTATION_ITEM('') SURFACE() );
#1326 = CARTESIAN_POINT('',(1.917009905439,9.144212873013E-07,
    -0.78001687735));
#1327 = CARTESIAN_POINT('',(1.917007594984,-1.095045247633,
    -0.852742035461));
#1328 = CARTESIAN_POINT('',(1.229072128382,-2.189588411452,
    -0.925434584489));
#1329 = CARTESIAN_POINT('',(-0.147631191142,-2.806094912306,
    -0.998381347758));
#1330 = CARTESIAN_POINT('',(-1.831113497136,-2.455211600142,
    -1.070473986092));
#1331 = CARTESIAN_POINT('',(-3.083880824857,-1.01716083916,
    -1.144337079351));
#1332 = CARTESIAN_POINT('',(-3.085547305582,1.01713812792,
    -1.215694987242));
#1333 = CARTESIAN_POINT('',(-1.829995680923,2.455244692579,
    -1.28955808174));
#1334 = CARTESIAN_POINT('',(-0.148104682959,2.806076475018,
    -1.361650718676));
#1335 = CARTESIAN_POINT('',(1.229165764519,2.189593084439,
    -1.434597482676));
#1336 = CARTESIAN_POINT('',(1.91701000734,1.095046985035,-1.507290031552
    ));
#1337 = CARTESIAN_POINT('',(1.917007644675,8.229812316629E-07,
    -1.580015189654));
#1338 = CARTESIAN_POINT('',(1.880760051948,9.909736558567E-07,
    -0.759089898546));
#1339 = CARTESIAN_POINT('',(1.880757887413,-1.074343789595,
    -0.831814879621));
#1340 = CARTESIAN_POINT('',(1.205828386169,-2.148146221074,
    -0.90450452159));
#1341 = CARTESIAN_POINT('',(-0.144831221612,-2.753157575713,
    -0.977469660543));
#1342 = CARTESIAN_POINT('',(-1.796496748295,-2.408526627463,
    -1.049509167514));
#1343 = CARTESIAN_POINT('',(-3.025570616144,-0.998293445341,
    -1.123467351184));
#1344 = CARTESIAN_POINT('',(-3.027177078371,0.998271218553,
    -1.194710616523));
#1345 = CARTESIAN_POINT('',(-1.795419531082,2.408558327279,
    -1.268668801387));
#1346 = CARTESIAN_POINT('',(-0.145287933735,2.753139787519,
    -1.34070830701));
#1347 = CARTESIAN_POINT('',(1.205918405955,2.148150858929,
    -1.413673446668));
#1348 = CARTESIAN_POINT('',(1.88076009387,1.074345672447,-1.48636308849)
  );
#1349 = CARTESIAN_POINT('',(1.880757872753,8.918782791745E-07,
    -1.559088069557));
#1350 = CARTESIAN_POINT('',(1.855213870808,1.044921190074E-06,
    -0.723668913236));
#1351 = CARTESIAN_POINT('',(1.855211910069,-1.059754975796,
    -0.79639376955));
#1352 = CARTESIAN_POINT('',(1.189449667871,-2.118940979358,
    -0.869081362842));
#1353 = CARTESIAN_POINT('',(-0.142866408964,-2.715851039258,
    -0.942059451593));
#1354 = CARTESIAN_POINT('',(-1.772081534669,-2.375627227237,
    -1.014061515593));
#1355 = CARTESIAN_POINT('',(-2.984507696752,-0.984996785655,
    -1.088086711778));
#1356 = CARTESIAN_POINT('',(-2.986012497138,0.9849756101,-1.159249185762
    ));
#1357 = CARTESIAN_POINT('',(-1.771072850097,2.375656707039,
    -1.233274383065));
#1358 = CARTESIAN_POINT('',(-0.143294510015,2.715834360852,
    -1.305276445804));
#1359 = CARTESIAN_POINT('',(1.189533730904,2.118945465604,
    -1.378254535215));
#1360 = CARTESIAN_POINT('',(1.855213850078,1.059756961148,
    -1.450942128368));
#1361 = CARTESIAN_POINT('',(1.855211829676,9.404309268546E-07,
    -1.523666984674));
#1362 = CARTESIAN_POINT('',(1.845979216377,1.064421357777E-06,
    -0.680019645879));
#1363 = CARTESIAN_POINT('',(1.845977479946,-1.054481319579,
    -0.752744457093));
#1364 = CARTESIAN_POINT('',(1.183531528295,-2.108383779426,
    -0.825431309812));
#1365 = CARTESIAN_POINT('',(-0.142168678734,-2.702364751029,
    -0.898414079757));
#1366 = CARTESIAN_POINT('',(-1.763225987555,-2.363735469021,
    -0.970402608599));
#1367 = CARTESIAN_POINT('',(-2.969708301657,-0.980189695897,
    -1.044452028923));
#1368 = CARTESIAN_POINT('',(-2.971087777857,0.980169959429,
    -1.11558529794));
#1369 = CARTESIAN_POINT('',(-1.762301640694,2.363762298296,
    -1.189634719287));
#1370 = CARTESIAN_POINT('',(-0.142561392055,2.702349447127,
    -1.261623246974));
#1371 = CARTESIAN_POINT('',(1.183608352876,2.108388021608,
    -1.334606017524));
#1372 = CARTESIAN_POINT('',(1.845979142586,1.054483341981,
    -1.407292870115));
#1373 = CARTESIAN_POINT('',(1.845977345379,9.579809208682E-07,
    -1.480017681323));
#1374 = CARTESIAN_POINT('',(1.855210468094,1.044924833826E-06,
    -0.636369658765));
#1375 = CARTESIAN_POINT('',(1.855208933704,-1.059753129746,
    -0.709094515063));
#1376 = CARTESIAN_POINT('',(1.189454791102,-2.11893755157,
    -0.781782108083));
#1377 = CARTESIAN_POINT('',(-0.142901600637,-2.715844941213,
    -0.854760198528));
#1378 = CARTESIAN_POINT('',(-1.771994158871,-2.375625679231,
    -0.926762257685));
#1379 = CARTESIAN_POINT('',(-2.984627838709,-0.984993604455,
    -1.000787462443));
#1380 = CARTESIAN_POINT('',(-2.985881950198,0.984975426344,
    -1.071949926205));
#1381 = CARTESIAN_POINT('',(-1.771154055616,2.375649928651,
    -1.145975131893));
#1382 = CARTESIAN_POINT('',(-0.143258817472,2.715831017578,-1.21797719)
  );
#1383 = CARTESIAN_POINT('',(1.189524461827,2.11894150217,-1.290955280994
    ));
#1384 = CARTESIAN_POINT('',(1.855210361286,1.059755115105,
    -1.363642873899));
#1385 = CARTESIAN_POINT('',(1.855208767233,9.404338868757E-07,
    -1.436367730191));
#1386 = CARTESIAN_POINT('',(1.880753887907,9.909802553554E-07,
    -0.600946682106));
#1387 = CARTESIAN_POINT('',(1.880752495708,-1.074340445462,
    -0.673671663151));
#1388 = CARTESIAN_POINT('',(1.205837666938,-2.148140011613,
    -0.74636130463));
#1389 = CARTESIAN_POINT('',(-0.144894971576,-2.753146529061,
    -0.819326446651));
#1390 = CARTESIAN_POINT('',(-1.796338466419,-2.408523823238,
    -0.891365944848));
#1391 = CARTESIAN_POINT('',(-3.025788254152,-0.998287682574,
    -0.965324144049));
#1392 = CARTESIAN_POINT('',(-3.026940591663,0.998270885675,
    -1.036567390868));
#1393 = CARTESIAN_POINT('',(-1.795566635453,2.408546048183,
    -1.110525590924));
#1394 = CARTESIAN_POINT('',(-0.14522327644,2.753133731152,
    -1.182565088156));
#1395 = CARTESIAN_POINT('',(1.205901614957,2.14814367914,-1.255530230682
    ));
#1396 = CARTESIAN_POINT('',(1.880753773898,1.074342328326,
    -1.328219872054));
#1397 = CARTESIAN_POINT('',(1.880752325116,8.918836391092E-07,
    -1.400944853094));
#1398 = CARTESIAN_POINT('',(1.917002109921,9.144296335695E-07,
    -0.580016877502));
#1399 = CARTESIAN_POINT('',(1.917000776222,-1.095041018386,
    -0.652742035575));
#1400 = CARTESIAN_POINT('',(1.229083865552,-2.189580558492,
    -0.725434583984));
#1401 = CARTESIAN_POINT('',(-0.147711814219,-2.806080941865,
    -0.798381351132));
#1402 = CARTESIAN_POINT('',(-1.830913321777,-2.455208053707,
    -0.87047397837));
#1403 = CARTESIAN_POINT('',(-3.084156066516,-1.017153551123,
    -0.94433709127));
#1404 = CARTESIAN_POINT('',(-3.085248226417,1.017137706936,
    -1.01569497574));
#1405 = CARTESIAN_POINT('',(-1.830181720354,2.455229163496,
    -1.08955808945));
#1406 = CARTESIAN_POINT('',(-0.148022912401,2.806068815673,
    -1.161650715774));
#1407 = CARTESIAN_POINT('',(1.22914452934,2.18958400433,-1.234597483402)
  );
#1408 = CARTESIAN_POINT('',(1.917002014621,1.095042755804,-1.30729003171
    ));
#1409 = CARTESIAN_POINT('',(1.917000628709,8.229880118504E-07,
    -1.380015189777));
#1410 = ADVANCED_FACE('',(#1411),#1421,.T.);
#1411 = FACE_BOUND('',#1412,.T.);
#1412 = EDGE_LOOP('',(#1413,#1414,#1415,#1416));
#1413 = ORIENTED_EDGE('',*,*,#1033,.F.);
#1414 = ORIENTED_EDGE('',*,*,#1004,.T.);
#1415 = ORIENTED_EDGE('',*,*,#1298,.T.);
#1416 = ORIENTED_EDGE('',*,*,#1417,.F.);
#1417 = EDGE_CURVE('',#1034,#1299,#1418,.T.);
#1418 = B_SPLINE_CURVE_WITH_KNOTS('',1,(#1419,#1420),.UNSPECIFIED.,.F.,
  .F.,(2,2),(0.,0.56),.PIECEWISE_BEZIER_KNOTS.);
#1419 = CARTESIAN_POINT('',(2.401991692846,-9.878925376352E-08,
    -1.85999817667));
#1420 = CARTESIAN_POINT('',(1.917007644675,8.229812300885E-07,
    -1.580015189654));
#1421 = B_SPLINE_SURFACE_WITH_KNOTS('',1,10,(
    (#1422,#1423,#1424,#1425,#1426,#1427,#1428,#1429,#1430,#1431,#1432)
    ,(#1433,#1434,#1435,#1436,#1437,#1438,#1439,#1440,#1441,#1442,#1443
    )),.UNSPECIFIED.,.F.,.F.,.F.,(2,2),(11,11),(0.,0.56),(0.,
    6.333910135482),.PIECEWISE_BEZIER_KNOTS.);
#1422 = CARTESIAN_POINT('',(2.401995044913,-1.097693512819E-07,
    -1.059997974012));
#1423 = CARTESIAN_POINT('',(2.40199035594,-1.509210012474,
    -1.139998253336));
#1424 = CARTESIAN_POINT('',(1.348506595275,-3.018448606908,
    -1.220003318629));
#1425 = CARTESIAN_POINT('',(-0.760456178423,-3.696139709161,
    -1.299983277194));
#1426 = CARTESIAN_POINT('',(-3.169513314237,-2.746300575103,
    -1.380013243526));
#1427 = CARTESIAN_POINT('',(-4.445235903732,-7.007150436245E-05,
    -1.459998073668));
#1428 = CARTESIAN_POINT('',(-3.168999331825,2.746404522738,
    -1.539982909824));
#1429 = CARTESIAN_POINT('',(-0.760950694117,3.696100042495,
    -1.620012872213));
#1430 = CARTESIAN_POINT('',(1.348678836672,3.018454939183,
    -1.699992832339));
#1431 = CARTESIAN_POINT('',(2.401996374922,1.509209803917,
    -1.779997897364));
#1432 = CARTESIAN_POINT('',(2.401991692846,-9.878925376352E-08,
    -1.85999817667));
#1433 = CARTESIAN_POINT('',(1.917009905439,9.144212882704E-07,
    -0.78001687735));
#1434 = CARTESIAN_POINT('',(1.917007363939,-1.204549863838,
    -0.860014551272));
#1435 = CARTESIAN_POINT('',(1.076197631591,-2.408485866477,
    -0.939972369649));
#1436 = CARTESIAN_POINT('',(-0.606745660599,-2.951011190827,
    -1.020139264012));
#1437 = CARTESIAN_POINT('',(-2.529950109742,-2.19069683417,
    -1.099889727651));
#1438 = CARTESIAN_POINT('',(-3.54716090231,-4.899780014256E-05,
    -1.180016032379));
#1439 = CARTESIAN_POINT('',(-2.529605611681,2.190764464159,
    -1.260142341144));
#1440 = CARTESIAN_POINT('',(-0.607082066574,2.950983842551,
    -1.339892802135));
#1441 = CARTESIAN_POINT('',(1.076311435834,2.408491191816,-1.42005969755
    ));
#1442 = CARTESIAN_POINT('',(1.917010243606,1.204551601241,
    -1.500017515742));
#1443 = CARTESIAN_POINT('',(1.917007644675,8.229812300885E-07,
    -1.580015189654));
#1444 = ADVANCED_FACE('',(#1445),#1654,.T.);
#1445 = FACE_BOUND('',#1446,.F.);
#1446 = EDGE_LOOP('',(#1447,#1544,#1545,#1648));
#1447 = ORIENTED_EDGE('',*,*,#1448,.F.);
#1448 = EDGE_CURVE('',#1034,#1449,#1451,.T.);
#1449 = VERTEX_POINT('',#1450);
#1450 = CARTESIAN_POINT('',(2.35,1.071434637495E-11,-2.629985058203));
#1451 = B_SPLINE_CURVE_WITH_KNOTS('',6,(#1452,#1453,#1454,#1455,#1456,
    #1457,#1458,#1459,#1460,#1461,#1462,#1463,#1464,#1465,#1466,#1467,
    #1468,#1469,#1470,#1471,#1472,#1473,#1474,#1475,#1476,#1477,#1478,
    #1479,#1480,#1481,#1482,#1483,#1484,#1485,#1486,#1487,#1488,#1489,
    #1490,#1491,#1492,#1493,#1494,#1495,#1496,#1497,#1498,#1499,#1500,
    #1501,#1502,#1503,#1504,#1505,#1506,#1507,#1508,#1509,#1510,#1511,
    #1512,#1513,#1514,#1515,#1516,#1517,#1518,#1519,#1520,#1521,#1522,
    #1523,#1524,#1525,#1526,#1527,#1528,#1529,#1530,#1531,#1532,#1533,
    #1534,#1535,#1536,#1537,#1538,#1539,#1540,#1541,#1542,#1543),
  .UNSPECIFIED.,.F.,.F.,(7,5,5,5,5,5,5,5,5,5,5,5,5,5,5,5,5,5,7),(0.,
    1.848926963306E-02,5.648893564068E-02,0.125489464686,0.237256273069,
    0.265945441416,0.315947163543,0.401801456558,0.497580886228,
    0.597499407625,0.64306422147,0.707066951631,0.737364405392,
    0.814951352886,0.860955357046,0.874058880822,0.954057480918,
    0.969057235432,1.),.UNSPECIFIED.);
#1452 = CARTESIAN_POINT('',(2.35,2.719158231912E-11,-1.829983190573));
#1453 = CARTESIAN_POINT('',(2.35,-4.549889477423E-02,-1.832448420187));
#1454 = CARTESIAN_POINT('',(2.348942903473,-9.0997762735E-02,
    -1.834913562916));
#1455 = CARTESIAN_POINT('',(2.346828710541,-0.136465892699,
    -1.83737867461));
#1456 = CARTESIAN_POINT('',(2.343658611896,-0.181872612436,
    -1.839843801823));
#1457 = CARTESIAN_POINT('',(2.339434988797,-0.227187288641,
    -1.842308981807));
#1458 = CARTESIAN_POINT('',(2.323323012184,-0.365259272738,
    -1.849840915527));
#1459 = CARTESIAN_POINT('',(2.3080494996,-0.457622146001,-1.854907956636
    ));
#1460 = CARTESIAN_POINT('',(2.288372098984,-0.549201663533,
    -1.859975599479));
#1461 = CARTESIAN_POINT('',(2.264342643802,-0.639736525585,-1.8650439284
    ));
#1462 = CARTESIAN_POINT('',(2.23603357732,-0.728970415845,
    -1.870112878441));
#1463 = CARTESIAN_POINT('',(2.144531768258,-0.975865921696,
    -1.884387271736));
#1464 = CARTESIAN_POINT('',(2.071717236171,-1.129973893516,
    -1.893594297465));
#1465 = CARTESIAN_POINT('',(1.985653852233,-1.277456525713,-1.9028010263
    ));
#1466 = CARTESIAN_POINT('',(1.887115977108,-1.416914863337,
    -1.912006097611));
#1467 = CARTESIAN_POINT('',(1.77705549504,-1.547063518495,
    -1.921209095535));
#1468 = CARTESIAN_POINT('',(1.461548438247,-1.86065128985,
    -1.945309930974));
#1469 = CARTESIAN_POINT('',(1.239156282402,-2.02722693898,
    -1.960209952193));
#1470 = CARTESIAN_POINT('',(0.9944123078,-2.161473242532,-1.97509385126)
  );
#1471 = CARTESIAN_POINT('',(0.733229689488,-2.259984460229,
    -1.989976118151));
#1472 = CARTESIAN_POINT('',(0.462039658356,-2.320488152264,
    -2.004870899252));
#1473 = CARTESIAN_POINT('',(0.117509179091,-2.348121759042,
    -2.023588897206));
#1474 = CARTESIAN_POINT('',(4.693269941509E-02,-2.351229149579,
    -2.027412604441));
#1475 = CARTESIAN_POINT('',(-2.373266555217E-02,-2.351790388572,
    -2.031236753471));
#1476 = CARTESIAN_POINT('',(-9.43722779718E-02,-2.349803192378,
    -2.035061350085));
#1477 = CARTESIAN_POINT('',(-0.164871567119,-2.345272167962,
    -2.038886382278));
#1478 = CARTESIAN_POINT('',(-0.357543561635,-2.32589824632,
    -2.049379092156));
#1479 = CARTESIAN_POINT('',(-0.479199634544,-2.30589502415,
    -2.056047720469));
#1480 = CARTESIAN_POINT('',(-0.599475693469,-2.27826058303,
    -2.062717318919));
#1481 = CARTESIAN_POINT('',(-0.717776424752,-2.243118645953,
    -2.069387733644));
#1482 = CARTESIAN_POINT('',(-0.833522681275,-2.20065446963,
    -2.076058748015));
#1483 = CARTESIAN_POINT('',(-1.139546092562,-2.066051939413,
    -2.094184140449));
#1484 = CARTESIAN_POINT('',(-1.323790824594,-1.960112759975,
    -2.105640618831));
#1485 = CARTESIAN_POINT('',(-1.496003760783,-1.834551821545,
    -2.117093847255));
#1486 = CARTESIAN_POINT('',(-1.653649343529,-1.691126405761,
    -2.128544354311));
#1487 = CARTESIAN_POINT('',(-1.794495679594,-1.531966553199,
    -2.139994225058));
#1488 = CARTESIAN_POINT('',(-2.053100320791,-1.167404031589,
    -2.164209990159));
#1489 = CARTESIAN_POINT('',(-2.166362351175,-0.958704680508,
    -2.176980080323));
#1490 = CARTESIAN_POINT('',(-2.253957530444,-0.737118326073,
    -2.189745365804));
#1491 = CARTESIAN_POINT('',(-2.314217274881,-0.506593548616,
    -2.202511604701));
#1492 = CARTESIAN_POINT('',(-2.346155797212,-0.271301465221,
    -2.215283559292));
#1493 = CARTESIAN_POINT('',(-2.35345826221,0.210215983104,
    -2.241377608539));
#1494 = CARTESIAN_POINT('',(-2.32631958871,0.45660320547,-2.2547064506)
  );
#1495 = CARTESIAN_POINT('',(-2.268208346013,0.698527344084,
    -2.268033171265));
#1496 = CARTESIAN_POINT('',(-2.180151608754,0.931230530481,
    -2.281360024834));
#1497 = CARTESIAN_POINT('',(-2.063976102266,1.150200389249,
    -2.294688574251));
#1498 = CARTESIAN_POINT('',(-1.858103300524,1.443095514803,
    -2.314085106604));
#1499 = CARTESIAN_POINT('',(-1.788371437189,1.531138518992,
    -2.320159406943));
#1500 = CARTESIAN_POINT('',(-1.713652246642,1.615112664613,
    -2.326232848745));
#1501 = CARTESIAN_POINT('',(-1.634244948289,1.69466843698,
    -2.332305512068));
#1502 = CARTESIAN_POINT('',(-1.550480713295,1.769486428965,
    -2.338377558905));
#1503 = CARTESIAN_POINT('',(-1.339449996699,1.937312619471,
    -2.352977251902));
#1504 = CARTESIAN_POINT('',(-1.208288323177,2.025436941254,
    -2.361504843109));
#1505 = CARTESIAN_POINT('',(-1.070244731693,2.102846969441,
    -2.370031334109));
#1506 = CARTESIAN_POINT('',(-0.926418594747,2.168894572627,
    -2.37855792157));
#1507 = CARTESIAN_POINT('',(-0.777980916836,2.223072599013,
    -2.387085908256));
#1508 = CARTESIAN_POINT('',(-0.554314334442,2.284905757888,
    -2.39965249431));
#1509 = CARTESIAN_POINT('',(-0.481696627952,2.30203612608,
    -2.403690320397));
#1510 = CARTESIAN_POINT('',(-0.408453149502,2.316394559399,
    -2.40772855218));
#1511 = CARTESIAN_POINT('',(-0.334716086364,2.327953407002,
    -2.411767235992));
#1512 = CARTESIAN_POINT('',(-0.26061911631,2.336693460108,
    -2.415806400084));
#1513 = CARTESIAN_POINT('',(4.028636142926E-03,2.357739779172,
    -2.430190965687));
#1514 = CARTESIAN_POINT('',(0.195849405017,2.354321321892,-2.44054015026
    ));
#1515 = CARTESIAN_POINT('',(0.38686104203,2.332158685214,-2.450891527364
    ));
#1516 = CARTESIAN_POINT('',(0.574798340674,2.291460928331,
    -2.461245516638));
#1517 = CARTESIAN_POINT('',(0.757449819031,2.232761355811,-2.47160133677
    ));
#1518 = CARTESIAN_POINT('',(1.036605586458,2.112052290553,
    -2.488094143669));
#1519 = CARTESIAN_POINT('',(1.137919175825,2.061113459451,-2.49423293074
    ));
#1520 = CARTESIAN_POINT('',(1.236200001841,2.004356058698,-2.5003709019)
  );
#1521 = CARTESIAN_POINT('',(1.331033506605,1.942008930417,
    -2.506507832884));
#1522 = CARTESIAN_POINT('',(1.422029051159,1.874339760569,
    -2.512643618031));
#1523 = CARTESIAN_POINT('',(1.533543122139,1.780950666333,
    -2.520525403326));
#1524 = CARTESIAN_POINT('',(1.55792375498,1.759840193765,-2.522272614449
    ));
#1525 = CARTESIAN_POINT('',(1.581955097869,1.73832968724,-2.524019724714
    ));
#1526 = CARTESIAN_POINT('',(1.605628957412,1.716426400337,-2.52576673443
    ));
#1527 = CARTESIAN_POINT('',(1.628937360682,1.69413779184,-2.527513646427
    ));
#1528 = CARTESIAN_POINT('',(1.791894696344,1.533091225203,
    -2.539925011508));
#1529 = CARTESIAN_POINT('',(1.918021807634,1.380619356723,
    -2.550587276797));
#1530 = CARTESIAN_POINT('',(2.02844320406,1.215834134545,-2.561245355635
    ));
#1531 = CARTESIAN_POINT('',(2.121721728877,1.040775033924,
    -2.571903219042));
#1532 = CARTESIAN_POINT('',(2.196737453564,0.857670484558,-2.5825656146)
  );
#1533 = CARTESIAN_POINT('',(2.263283330909,0.633570056065,-2.59522930771
    ));
#1534 = CARTESIAN_POINT('',(2.273123649621,0.597987692879,
    -2.597228945157));
#1535 = CARTESIAN_POINT('',(2.282292364603,0.562223001701,
    -2.599228687464));
#1536 = CARTESIAN_POINT('',(2.290785306602,0.52629182904,-2.601228530314
    ));
#1537 = CARTESIAN_POINT('',(2.298598805735,0.490210144658,
    -2.603228465256));
#1538 = CARTESIAN_POINT('',(2.320439886834,0.379284395485,
    -2.609354278984));
#1539 = CARTESIAN_POINT('',(2.332245270353,0.30400245409,-2.613480427517
    ));
#1540 = CARTESIAN_POINT('',(2.341117945677,0.228289924128,
    -2.617606794619));
#1541 = CARTESIAN_POINT('',(2.347039299184,0.152289454321,
    -2.621733193453));
#1542 = CARTESIAN_POINT('',(2.35,7.61446353836E-02,-2.625859381028));
#1543 = CARTESIAN_POINT('',(2.35,2.14064321824E-11,-2.629985058204));
#1544 = ORIENTED_EDGE('',*,*,#1234,.T.);
#1545 = ORIENTED_EDGE('',*,*,#1546,.T.);
#1546 = EDGE_CURVE('',#1138,#1547,#1549,.T.);
#1547 = VERTEX_POINT('',#1548);
#1548 = CARTESIAN_POINT('',(2.35,1.287266657688E-12,-2.730002047919));
#1549 = B_SPLINE_CURVE_WITH_KNOTS('',7,(#1550,#1551,#1552,#1553,#1554,
    #1555,#1556,#1557,#1558,#1559,#1560,#1561,#1562,#1563,#1564,#1565,
    #1566,#1567,#1568,#1569,#1570,#1571,#1572,#1573,#1574,#1575,#1576,
    #1577,#1578,#1579,#1580,#1581,#1582,#1583,#1584,#1585,#1586,#1587,
    #1588,#1589,#1590,#1591,#1592,#1593,#1594,#1595,#1596,#1597,#1598,
    #1599,#1600,#1601,#1602,#1603,#1604,#1605,#1606,#1607,#1608,#1609,
    #1610,#1611,#1612,#1613,#1614,#1615,#1616,#1617,#1618,#1619,#1620,
    #1621,#1622,#1623,#1624,#1625,#1626,#1627,#1628,#1629,#1630,#1631,
    #1632,#1633,#1634,#1635,#1636,#1637,#1638,#1639,#1640,#1641,#1642,
    #1643,#1644,#1645,#1646,#1647),.UNSPECIFIED.,.F.,.F.,(8,6,6,6,6,6,6,
    6,6,6,6,6,6,6,6,6,8),(0.,2.487024262611E-02,0.127678220805,
    0.181374958956,0.262376595789,0.285467973408,0.401461237805,
    0.498713966221,0.598891444669,0.621809653394,0.672814091815,
    0.736816636945,0.778362917469,0.837366582323,0.873166691585,
    0.973102219021,1.),.UNSPECIFIED.);
#1550 = CARTESIAN_POINT('',(2.35,3.342659482541E-12,-1.930002340492));
#1551 = CARTESIAN_POINT('',(2.35,-5.24574366987E-02,-1.932844491699));
#1552 = CARTESIAN_POINT('',(2.348633862495,-0.104914936271,
    -1.935686809799));
#1553 = CARTESIAN_POINT('',(2.34590159545,-0.157329659995,
    -1.938529223931));
#1554 = CARTESIAN_POINT('',(2.341804870487,-0.209658912115,
    -1.941371670474));
#1555 = CARTESIAN_POINT('',(2.33634702288,-0.261860139835,
    -1.944214093048));
#1556 = CARTESIAN_POINT('',(2.329533051559,-0.313890933326,
    -1.947056442514));
#1557 = CARTESIAN_POINT('',(2.287623829085,-0.57991334177,
    -1.961647833683));
#1558 = CARTESIAN_POINT('',(2.230809144956,-0.790539616172,
    -1.973398133915));
#1559 = CARTESIAN_POINT('',(2.151391393062,-0.994504808682,
    -1.985141322398));
#1560 = CARTESIAN_POINT('',(2.050354220235,-1.188937959333,
    -1.996880167249));
#1561 = CARTESIAN_POINT('',(1.929089253555,-1.371159898652,
    -2.008621247478));
#1562 = CARTESIAN_POINT('',(1.7893808501,-1.538713614039,-2.020368388852
    ));
#1563 = CARTESIAN_POINT('',(1.552061063383,-1.768172609717,
    -2.038252931111));
#1564 = CARTESIAN_POINT('',(1.466208263594,-1.842322985877,
    -2.044390385832));
#1565 = CARTESIAN_POINT('',(1.376238798561,-1.911595221929,
    -2.050529008353));
#1566 = CARTESIAN_POINT('',(1.282486477294,-1.975717058134,
    -2.056668764303));
#1567 = CARTESIAN_POINT('',(1.185306105876,-2.034445857299,
    -2.06280957312));
#1568 = CARTESIAN_POINT('',(1.085072436772,-2.087569308212,
    -2.068951192328));
#1569 = CARTESIAN_POINT('',(0.826964341301,-2.206313817931,
    -2.084358184566));
#1570 = CARTESIAN_POINT('',(0.66567748374,-2.264563074301,
    -2.093625111414));
#1571 = CARTESIAN_POINT('',(0.499684553201,-2.309020121297,
    -2.102891229434));
#1572 = CARTESIAN_POINT('',(0.330401860772,-2.339250524184,
    -2.112155529189));
#1573 = CARTESIAN_POINT('',(0.15928184694,-2.354994977781,
    -2.121417962002));
#1574 = CARTESIAN_POINT('',(-1.21964476449E-02,-2.356170971678,
    -2.130678439097));
#1575 = CARTESIAN_POINT('',(-0.2310904055,-2.339117232884,
    -2.142574454117));
#1576 = CARTESIAN_POINT('',(-0.279557151306,-2.334159991526,
    -2.145213194933));
#1577 = CARTESIAN_POINT('',(-0.327898349705,-2.32803127067,
    -2.147851737701));
#1578 = CARTESIAN_POINT('',(-0.376080036342,-2.320734956899,
    -2.150490087966));
#1579 = CARTESIAN_POINT('',(-0.424068436958,-2.312276161906,
    -2.153128254189));
#1580 = CARTESIAN_POINT('',(-0.471829967394,-2.302661222491,
    -2.15576624775));
#1581 = CARTESIAN_POINT('',(-0.757940944101,-2.23783007124,
    -2.171654531685));
#1582 = CARTESIAN_POINT('',(-0.990083467181,-2.15475753478,
    -2.184906501116));
#1583 = CARTESIAN_POINT('',(-1.211344968429,-2.043636440914,
    -2.198151673661));
#1584 = CARTESIAN_POINT('',(-1.417730788505,-1.906265035226,
    -2.211396117351));
#1585 = CARTESIAN_POINT('',(-1.605642456142,-1.745038234061,
    -2.224645611269));
#1586 = CARTESIAN_POINT('',(-1.771878838982,-1.562947142671,
    -2.237903462705));
#1587 = CARTESIAN_POINT('',(-2.032890524414,-1.196634819131,
    -2.262272689439));
#1588 = CARTESIAN_POINT('',(-2.134938376215,-1.017418071117,
    -2.273390910321));
#1589 = CARTESIAN_POINT('',(-2.218459203947,-0.828178713146,
    -2.284509197091));
#1590 = CARTESIAN_POINT('',(-2.282322912918,-0.63122318117,
    -2.295627021325));
#1591 = CARTESIAN_POINT('',(-2.325741686957,-0.428981941373,
    -2.306745299838));
#1592 = CARTESIAN_POINT('',(-2.348277691735,-0.223985376633,
    -2.317863839367));
#1593 = CARTESIAN_POINT('',(-2.351620402293,0.19242651291,
    -2.340427632991));
#1594 = CARTESIAN_POINT('',(-2.331152506833,0.403944330054,
    -2.351877683577));
#1595 = CARTESIAN_POINT('',(-2.288480205956,0.61280988467,
    -2.363324034853));
#1596 = CARTESIAN_POINT('',(-2.224053000581,0.816251619011,
    -2.37476800934));
#1597 = CARTESIAN_POINT('',(-2.138713792001,1.011606727722,
    -2.386213295168));
#1598 = CARTESIAN_POINT('',(-2.03369013373,1.196349519406,-2.39766192679
    ));
#1599 = CARTESIAN_POINT('',(-1.882529908507,1.407450865312,
    -2.411728953279));
#1600 = CARTESIAN_POINT('',(-1.853443318753,1.446078791533,
    -2.414348086559));
#1601 = CARTESIAN_POINT('',(-1.823432959403,1.484004132754,
    -2.416967332551));
#1602 = CARTESIAN_POINT('',(-1.792519253339,1.521200431353,
    -2.419586696755));
#1603 = CARTESIAN_POINT('',(-1.760723548423,1.557641999667,
    -2.422206182752));
#1604 = CARTESIAN_POINT('',(-1.728068117497,1.593303919994,
    -2.424825792205));
#1605 = CARTESIAN_POINT('',(-1.620039854659,1.7057387475,-2.433275735884
    ));
#1606 = CARTESIAN_POINT('',(-1.54135900399,1.779335620531,-2.43910664777
    ));
#1607 = CARTESIAN_POINT('',(-1.458790862213,1.848685129402,
    -2.444938105545));
#1608 = CARTESIAN_POINT('',(-1.372611601184,1.913542482397,
    -2.450770070671));
#1609 = CARTESIAN_POINT('',(-1.283115533381,1.973686207376,
    -2.456602511184));
#1610 = CARTESIAN_POINT('',(-1.190614336518,2.028918728789,
    -2.46243529182));
#1611 = CARTESIAN_POINT('',(-0.976002790311,2.14199506528,
    -2.475587275695));
#1612 = CARTESIAN_POINT('',(-0.852347330731,2.196921133142,
    -2.48290690191));
#1613 = CARTESIAN_POINT('',(-0.725121418854,2.243500521364,
    -2.490226078089));
#1614 = CARTESIAN_POINT('',(-0.59500237596,2.281461755936,
    -2.497544441625));
#1615 = CARTESIAN_POINT('',(-0.46268873767,2.31060108286,-2.504861844617
    ));
#1616 = CARTESIAN_POINT('',(-0.328897497848,2.330783254848,
    -2.512178057257));
#1617 = CARTESIAN_POINT('',(-0.107032276399,2.349196311388,
    -2.52424049682));
#1618 = CARTESIAN_POINT('',(-1.938522677351E-02,2.352644780028,
    -2.528987902794));
#1619 = CARTESIAN_POINT('',(6.837819042378E-02,2.35227745178,
    -2.533734638544));
#1620 = CARTESIAN_POINT('',(0.156058820581,2.348090813737,
    -2.538480697447));
#1621 = CARTESIAN_POINT('',(0.243458129036,2.340094331832,
    -2.543226107654));
#1622 = CARTESIAN_POINT('',(0.330378201075,2.328310450827,-2.54797093209
    ));
#1623 = CARTESIAN_POINT('',(0.539104065662,2.290710706561,
    -2.559453133521));
#1624 = CARTESIAN_POINT('',(0.660226658791,2.261078260894,
    -2.566190220911));
#1625 = CARTESIAN_POINT('',(0.779422772547,2.22397964808,-2.572926486923
    ));
#1626 = CARTESIAN_POINT('',(0.896141527775,2.179567808892,
    -2.579662401312));
#1627 = CARTESIAN_POINT('',(1.009849857591,2.128045517617,
    -2.586398619136));
#1628 = CARTESIAN_POINT('',(1.120034450036,2.069664665554,
    -2.593135652591));
#1629 = CARTESIAN_POINT('',(1.290621221859,1.965324133868,
    -2.603961716179));
#1630 = CARTESIAN_POINT('',(1.353561957364,1.923507609315,
    -2.608050274142));
#1631 = CARTESIAN_POINT('',(1.414916678803,1.879342821136,
    -2.612139300554));
#1632 = CARTESIAN_POINT('',(1.474580571418,1.832902278356,
    -2.616228854585));
#1633 = CARTESIAN_POINT('',(1.532453224143,1.784264148748,
    -2.620318970773));
#1634 = CARTESIAN_POINT('',(1.588438629601,1.733512258828,
    -2.624409659032));
#1635 = CARTESIAN_POINT('',(1.79320376057,1.533412133376,-2.639921562184
    ));
#1636 = CARTESIAN_POINT('',(1.928579313953,1.37027809664,-2.651349140522
    ));
#1637 = CARTESIAN_POINT('',(2.046515023529,1.193320588945,
    -2.662778944132));
#1638 = CARTESIAN_POINT('',(2.145372574596,1.004795176162,
    -2.674209217918));
#1639 = CARTESIAN_POINT('',(2.223865020613,0.807157044669,
    -2.685638537413));
#1640 = CARTESIAN_POINT('',(2.281069901847,0.603035240594,
    -2.697064813036));
#1641 = CARTESIAN_POINT('',(2.326064767219,0.339324944202,
    -2.711559911517));
#1642 = CARTESIAN_POINT('',(2.334031761227,0.283130449256,
    -2.714633724457));
#1643 = CARTESIAN_POINT('',(2.340414483983,0.226720410982,-2.71770738855
    ));
#1644 = CARTESIAN_POINT('',(2.345206094314,0.170148437574,
    -2.720780964116));
#1645 = CARTESIAN_POINT('',(2.348402028445,0.113468337995,
    -2.723854530482));
#1646 = CARTESIAN_POINT('',(2.35,5.673412197304E-02,-2.726928185973));
#1647 = CARTESIAN_POINT('',(2.35,2.591704628685E-12,-2.730002047919));
#1648 = ORIENTED_EDGE('',*,*,#1649,.F.);
#1649 = EDGE_CURVE('',#1449,#1547,#1650,.T.);
#1650 = LINE('',#1651,#1652);
#1651 = CARTESIAN_POINT('',(2.35,0.,-0.2));
#1652 = VECTOR('',#1653,1.);
#1653 = DIRECTION('',(0.,0.,-1.));
#1654 = CYLINDRICAL_SURFACE('',#1655,2.35);
#1655 = AXIS2_PLACEMENT_3D('',#1656,#1657,#1658);
#1656 = CARTESIAN_POINT('',(0.,0.,-0.2));
#1657 = DIRECTION('',(-0.,-0.,-1.));
#1658 = DIRECTION('',(1.,0.,0.));
#1659 = ADVANCED_FACE('',(#1660),#1686,.T.);
#1660 = FACE_BOUND('',#1661,.T.);
#1661 = EDGE_LOOP('',(#1662,#1679,#1680,#1681));
#1662 = ORIENTED_EDGE('',*,*,#1663,.F.);
#1663 = EDGE_CURVE('',#1249,#1664,#1666,.T.);
#1664 = VERTEX_POINT('',#1665);
#1665 = CARTESIAN_POINT('',(1.916999147504,7.315460683958E-07,
    -2.180013502046));
#1666 = ( BOUNDED_CURVE() B_SPLINE_CURVE(11,(#1667,#1668,#1669,#1670,
    #1671,#1672,#1673,#1674,#1675,#1676,#1677,#1678),.UNSPECIFIED.,.F.,
.F.) B_SPLINE_CURVE_WITH_KNOTS((12,12),(0.,6.333910135482),
.PIECEWISE_BEZIER_KNOTS.) CURVE() GEOMETRIC_REPRESENTATION_ITEM() 
RATIONAL_B_SPLINE_CURVE((1.056590953773,1.056590953773,1.056590953773,
    1.056590953773,1.056590953773,1.056590953774,1.056590953773,
    1.056590953774,1.056590953773,1.056590953773,1.056590953773,
1.056590953773)) REPRESENTATION_ITEM('') );
#1667 = CARTESIAN_POINT('',(1.917000628709,8.229879933652E-07,
    -1.380015189777));
#1668 = CARTESIAN_POINT('',(1.916999242798,-1.095040263946,
    -1.452740347843));
#1669 = CARTESIAN_POINT('',(1.229082811311,-2.189578923761,
    -1.525432896132));
#1670 = CARTESIAN_POINT('',(-0.147711833687,-2.806078771686,
    -1.598379664033));
#1671 = CARTESIAN_POINT('',(-1.830912024266,-2.455206058861,
    -1.670472289098));
#1672 = CARTESIAN_POINT('',(-3.084153732684,-1.017152632992,
    -1.744335405886));
#1673 = CARTESIAN_POINT('',(-3.085245792554,1.017137083196,
    -1.815693285669));
#1674 = CARTESIAN_POINT('',(-1.830180190566,2.455227343088,
    -1.889556403266));
#1675 = CARTESIAN_POINT('',(-0.148022663428,2.806066659717,
    -1.961649027417));
#1676 = CARTESIAN_POINT('',(1.229143683902,2.189582252311,
    -2.034595795798));
#1677 = CARTESIAN_POINT('',(1.917000585627,1.09504181848,-2.107288343986
    ));
#1678 = CARTESIAN_POINT('',(1.916999147504,7.315461161284E-07,
    -2.180013502046));
#1679 = ORIENTED_EDGE('',*,*,#1267,.T.);
#1680 = ORIENTED_EDGE('',*,*,#1137,.T.);
#1681 = ORIENTED_EDGE('',*,*,#1682,.F.);
#1682 = EDGE_CURVE('',#1664,#1138,#1683,.T.);
#1683 = B_SPLINE_CURVE_WITH_KNOTS('',1,(#1684,#1685),.UNSPECIFIED.,.F.,
  .F.,(2,2),(0.,0.56),.PIECEWISE_BEZIER_KNOTS.);
#1684 = CARTESIAN_POINT('',(1.916999147504,7.315461169461E-07,
    -2.180013502046));
#1685 = CARTESIAN_POINT('',(2.401964642408,-8.778940505041E-08,
    -1.899998379684));
#1686 = B_SPLINE_SURFACE_WITH_KNOTS('',1,10,(
    (#1687,#1688,#1689,#1690,#1691,#1692,#1693,#1694,#1695,#1696,#1697)
    ,(#1698,#1699,#1700,#1701,#1702,#1703,#1704,#1705,#1706,#1707,#1708
    )),.UNSPECIFIED.,.F.,.F.,.F.,(2,2),(11,11),(0.,0.56),(0.,
    6.333910135482),.PIECEWISE_BEZIER_KNOTS.);
#1687 = CARTESIAN_POINT('',(1.917000628709,8.22987992341E-07,
    -1.380015189777));
#1688 = CARTESIAN_POINT('',(1.916999104207,-1.20454437264,-1.46001286365
    ));
#1689 = CARTESIAN_POINT('',(1.076212524001,-2.408475490676,
    -1.539970681128));
#1690 = CARTESIAN_POINT('',(-0.606800522706,-2.950992887925,
    -1.620137579101));
#1691 = CARTESIAN_POINT('',(-2.529878758316,-2.190698587378,
    -1.699888037157));
#1692 = CARTESIAN_POINT('',(-3.547144445814,-3.248770247755E-05,
    -1.780014345178));
#1693 = CARTESIAN_POINT('',(-2.529653527255,2.19074234831,
    -1.860140655837));
#1694 = CARTESIAN_POINT('',(-0.607021568329,2.950974837925,
    -1.939891112162));
#1695 = CARTESIAN_POINT('',(1.076286562672,2.408479213453,
    -2.020058010824));
#1696 = CARTESIAN_POINT('',(1.917000729439,1.204545927174,-2.10001582818
    ));
#1697 = CARTESIAN_POINT('',(1.916999147504,7.315461169461E-07,
    -2.180013502046));
#1698 = CARTESIAN_POINT('',(2.401965032178,-9.876350203531E-08,
    -1.099998177137));
#1699 = CARTESIAN_POINT('',(2.401964432933,-1.509192078409,-1.1799984563
    ));
#1700 = CARTESIAN_POINT('',(1.348566578403,-3.0184155664,-1.260003518695
    ));
#1701 = CARTESIAN_POINT('',(-0.760665763047,-3.6960783208,
    -1.339983488948));
#1702 = CARTESIAN_POINT('',(-3.169248677808,-2.746313711373,
    -1.420013437093));
#1703 = CARTESIAN_POINT('',(-4.445183070087,-7.997452741826E-06,
    -1.499998278216));
#1704 = CARTESIAN_POINT('',(-3.169188727368,2.746326012127,
    -1.579983120038));
#1705 = CARTESIAN_POINT('',(-0.760723014649,3.696073759935,
    -1.660013067725));
#1706 = CARTESIAN_POINT('',(1.348586810298,3.01841621156,-1.739993038159
    ));
#1707 = CARTESIAN_POINT('',(2.40196523476,1.509191891856,-1.819998100523
    ));
#1708 = CARTESIAN_POINT('',(2.401964642408,-8.778940505041E-08,
    -1.899998379684));
#1709 = ADVANCED_FACE('',(#1710),#1740,.T.);
#1710 = FACE_BOUND('',#1711,.T.);
#1711 = EDGE_LOOP('',(#1712,#1728,#1729,#1730));
#1712 = ORIENTED_EDGE('',*,*,#1713,.F.);
#1713 = EDGE_CURVE('',#1299,#1714,#1716,.T.);
#1714 = VERTEX_POINT('',#1715);
#1715 = CARTESIAN_POINT('',(1.917005383918,7.315406862393E-07,
    -2.380013501949));
#1716 = B_SPLINE_CURVE_WITH_KNOTS('',10,(#1717,#1718,#1719,#1720,#1721,
    #1722,#1723,#1724,#1725,#1726,#1727),.UNSPECIFIED.,.F.,.F.,(11,11),(
    0.,6.333910135482),.PIECEWISE_BEZIER_KNOTS.);
#1717 = CARTESIAN_POINT('',(1.917007644675,8.229812083185E-07,
    -1.580015189654));
#1718 = CARTESIAN_POINT('',(1.917005045744,-1.204548535107,
    -1.660012863564));
#1719 = CARTESIAN_POINT('',(1.076196247248,-2.408483074482,
    -1.739970681719));
#1720 = CARTESIAN_POINT('',(-0.60674508468,-2.951007688394,
    -1.820137576956));
#1721 = CARTESIAN_POINT('',(-2.529947233061,-2.19069412367,
    -1.89988803929));
#1722 = CARTESIAN_POINT('',(-3.547156715925,-4.882833164466E-05,
    -1.980014344678));
#1723 = CARTESIAN_POINT('',(-2.52960252649,2.190761994586,
    -2.060140654105));
#1724 = CARTESIAN_POINT('',(-0.607081208711,2.950980398192,
    -2.13989111379));
#1725 = CARTESIAN_POINT('',(1.076310281163,2.408488297113,
    -2.220058010079));
#1726 = CARTESIAN_POINT('',(1.917008040281,1.204550089629,
    -2.300015828049));
#1727 = CARTESIAN_POINT('',(1.917005383918,7.315407344691E-07,
    -2.380013501949));
#1728 = ORIENTED_EDGE('',*,*,#1316,.T.);
#1729 = ORIENTED_EDGE('',*,*,#1663,.T.);
#1730 = ORIENTED_EDGE('',*,*,#1731,.F.);
#1731 = EDGE_CURVE('',#1714,#1664,#1732,.T.);
#1732 = ( BOUNDED_CURVE() B_SPLINE_CURVE(6,(#1733,#1734,#1735,#1736,
#1737,#1738,#1739),.UNSPECIFIED.,.F.,.F.) B_SPLINE_CURVE_WITH_KNOTS((7,7
),(0.,2.094395102393),.PIECEWISE_BEZIER_KNOTS.) CURVE() 
GEOMETRIC_REPRESENTATION_ITEM() RATIONAL_B_SPLINE_CURVE((1.056590953773,
    1.017435169568,0.996326512422,0.989390034249,0.996326512422,
1.017435169568,1.056590953773)) REPRESENTATION_ITEM('') );
#1733 = CARTESIAN_POINT('',(1.917005383918,7.315407360431E-07,
    -2.380013501949));
#1734 = CARTESIAN_POINT('',(1.880755693565,7.927824848819E-07,
    -2.359086240559));
#1735 = CARTESIAN_POINT('',(1.855209788551,8.359402776659E-07,
    -2.323665056105));
#1736 = CARTESIAN_POINT('',(1.845975474389,8.515401299647E-07,
    -2.28001571676));
#1737 = CARTESIAN_POINT('',(1.85520706638,8.359426305615E-07,
    -2.23636580161));
#1738 = CARTESIAN_POINT('',(1.880750762333,7.92786741477E-07,
    -2.200943024076));
#1739 = CARTESIAN_POINT('',(1.916999147504,7.315461161284E-07,
    -2.180013502046));
#1740 = ( BOUNDED_SURFACE() B_SPLINE_SURFACE(6,11,(
    (#1741,#1742,#1743,#1744,#1745,#1746,#1747,#1748,#1749,#1750,#1751
      ,#1752)
    ,(#1753,#1754,#1755,#1756,#1757,#1758,#1759,#1760,#1761,#1762,#1763
      ,#1764)
    ,(#1765,#1766,#1767,#1768,#1769,#1770,#1771,#1772,#1773,#1774,#1775
      ,#1776)
    ,(#1777,#1778,#1779,#1780,#1781,#1782,#1783,#1784,#1785,#1786,#1787
      ,#1788)
    ,(#1789,#1790,#1791,#1792,#1793,#1794,#1795,#1796,#1797,#1798,#1799
      ,#1800)
    ,(#1801,#1802,#1803,#1804,#1805,#1806,#1807,#1808,#1809,#1810,#1811
      ,#1812)
    ,(#1813,#1814,#1815,#1816,#1817,#1818,#1819,#1820,#1821,#1822,#1823
,#1824
    )),.UNSPECIFIED.,.F.,.F.,.F.) B_SPLINE_SURFACE_WITH_KNOTS((7,7),(12,
    12),(0.,2.094395102393),(0.,6.333910135482),
.PIECEWISE_BEZIER_KNOTS.) GEOMETRIC_REPRESENTATION_ITEM() 
RATIONAL_B_SPLINE_SURFACE((
    (1.056590953773,1.056590953773,1.056590953773,1.056590953773
      ,1.056590953773,1.056590953774,1.056590953773,1.056590953774
      ,1.056590953773,1.056590953773,1.056590953773,1.056590953773)
    ,(1.017435169568,1.017435169568,1.017435169568,1.017435169568
      ,1.017435169568,1.017435169569,1.017435169568,1.017435169568
      ,1.017435169568,1.017435169568,1.017435169568,1.017435169568)
    ,(0.996326512422,0.996326512422,0.996326512422,0.996326512422
      ,0.996326512422,0.996326512423,0.996326512421,0.996326512423
      ,0.996326512422,0.996326512422,0.996326512422,0.996326512422)
    ,(0.989390034249,0.989390034249,0.989390034248,0.989390034249
      ,0.989390034248,0.989390034249,0.989390034248,0.989390034249
      ,0.989390034248,0.989390034249,0.989390034249,0.989390034249)
    ,(0.996326512422,0.996326512422,0.996326512422,0.996326512423
      ,0.996326512421,0.996326512423,0.996326512421,0.996326512423
      ,0.996326512422,0.996326512422,0.996326512422,0.996326512422)
    ,(1.017435169568,1.017435169568,1.017435169568,1.017435169568
      ,1.017435169568,1.017435169568,1.017435169568,1.017435169568
      ,1.017435169568,1.017435169568,1.017435169568,1.017435169568)
    ,(1.056590953773,1.056590953773,1.056590953773,1.056590953773
      ,1.056590953773,1.056590953774,1.056590953773,1.056590953774
      ,1.056590953773,1.056590953773,1.056590953773,1.056590953773
))) REPRESENTATION_ITEM('') SURFACE() );
#1741 = CARTESIAN_POINT('',(1.917007644675,8.229812111238E-07,
    -1.580015189654));
#1742 = CARTESIAN_POINT('',(1.91700528201,-1.095044048008,
    -1.652740347754));
#1743 = CARTESIAN_POINT('',(1.229070574248,-2.189585885505,-1.7254328966
    ));
#1744 = CARTESIAN_POINT('',(-0.147631150214,-2.806091603717,
    -1.798379661016));
#1745 = CARTESIAN_POINT('',(-1.831111455625,-2.455208601323,
    -1.870472296036));
#1746 = CARTESIAN_POINT('',(-3.083877236419,-1.017159515293,
    -1.944335395226));
#1747 = CARTESIAN_POINT('',(-3.085543617113,1.017137098439,
    -2.015693295966));
#1748 = CARTESIAN_POINT('',(-1.82999340714,2.455241868194,
    -2.089556396396));
#1749 = CARTESIAN_POINT('',(-0.148104373594,2.806073180652,
    -2.161649030016));
#1750 = CARTESIAN_POINT('',(1.229164419184,2.189590441207,
    -2.234595795164));
#1751 = CARTESIAN_POINT('',(1.917007798794,1.09504560253,-2.307288343858
    ));
#1752 = CARTESIAN_POINT('',(1.917005383918,7.315407360431E-07,
    -2.380013501949));
#1753 = CARTESIAN_POINT('',(1.880757872753,8.918782596345E-07,
    -1.559088069557));
#1754 = CARTESIAN_POINT('',(1.880755651636,-1.074342644207,
    -1.631813050622));
#1755 = CARTESIAN_POINT('',(1.205826875601,-2.14814379329,
    -1.704502692414));
#1756 = CARTESIAN_POINT('',(-0.14483119824,-2.753154385647,
    -1.777467832474));
#1757 = CARTESIAN_POINT('',(-1.796494794356,-2.408523726392,
    -1.849507336249));
#1758 = CARTESIAN_POINT('',(-3.025567163171,-0.998292151606,
    -1.923465525637));
#1759 = CARTESIAN_POINT('',(-3.027173516991,0.998270243851,
    -1.994708784083));
#1760 = CARTESIAN_POINT('',(-1.795417325425,2.408555615246,
    -2.068666974665));
#1761 = CARTESIAN_POINT('',(-0.145287619453,2.753136612867,
    -2.140706477092));
#1762 = CARTESIAN_POINT('',(1.205917121666,2.148148304039,
    -2.213671617857));
#1763 = CARTESIAN_POINT('',(1.880757971264,1.074344328868,
    -2.286361259502));
#1764 = CARTESIAN_POINT('',(1.880755693565,7.927824848819E-07,
    -2.359086240559));
#1765 = CARTESIAN_POINT('',(1.855211829676,9.404309082028E-07,
    -1.523666984674));
#1766 = CARTESIAN_POINT('',(1.855209809275,-1.059753914648,
    -1.596391840979));
#1767 = CARTESIAN_POINT('',(1.189448239678,-2.118938712871,
    -1.669079434105));
#1768 = CARTESIAN_POINT('',(-0.142866404207,-2.715848050392,
    -1.742057523893));
#1769 = CARTESIAN_POINT('',(-1.772079719347,-2.375624498829,
    -1.814059584899));
#1770 = CARTESIAN_POINT('',(-2.984504468926,-0.984995555095,
    -1.888084786441));
#1771 = CARTESIAN_POINT('',(-2.986009155005,0.98497471594,
    -1.959247253968));
#1772 = CARTESIAN_POINT('',(-1.771070769355,2.375654177963,
    -2.033272456627));
#1773 = CARTESIAN_POINT('',(-0.14329419851,2.715831388239,
    -2.105274516372));
#1774 = CARTESIAN_POINT('',(1.189532541309,2.118943065094,-2.17825260682
    ));
#1775 = CARTESIAN_POINT('',(1.855211868615,1.059755691019,
    -2.250940199808));
#1776 = CARTESIAN_POINT('',(1.855209788551,8.359402776659E-07,
    -2.323665056105));
#1777 = CARTESIAN_POINT('',(1.845977345379,9.579808999405E-07,
    -1.480017681323));
#1778 = CARTESIAN_POINT('',(1.845975548172,-1.054480357541,
    -1.552742492529));
#1779 = CARTESIAN_POINT('',(1.183530206975,-2.108381708695,
    -1.625429345096));
#1780 = CARTESIAN_POINT('',(-0.14216869002,-2.702362010464,
    -1.698412115991));
#1781 = CARTESIAN_POINT('',(-1.763224337085,-2.363732957867,
    -1.770400642089));
#1782 = CARTESIAN_POINT('',(-2.969705348711,-0.980188550749,
    -1.844450067322));
#1783 = CARTESIAN_POINT('',(-2.971084708472,0.98016915696,
    -1.915583330421));
#1784 = CARTESIAN_POINT('',(-1.762299719848,2.363759990193,
    -1.989632756678));
#1785 = CARTESIAN_POINT('',(-0.142561090869,2.70234672312,-2.06162128162
    ));
#1786 = CARTESIAN_POINT('',(1.183607274609,2.108385814352,
    -2.134604053121));
#1787 = CARTESIAN_POINT('',(1.845977332372,1.054482167062,
    -2.207290905561));
#1788 = CARTESIAN_POINT('',(1.845975474389,8.515401299647E-07,
    -2.28001571676));
#1789 = CARTESIAN_POINT('',(1.855208767233,9.404338663366E-07,
    -1.436367730191));
#1790 = CARTESIAN_POINT('',(1.855207173181,-1.059752262919,
    -1.509092586481));
#1791 = CARTESIAN_POINT('',(1.189453581111,-2.118935674096,
    -1.581780179363));
#1792 = CARTESIAN_POINT('',(-0.142901622243,-2.715842449258,
    -1.654758270672));
#1793 = CARTESIAN_POINT('',(-1.771992668302,-2.375623389054,
    -1.726760327334));
#1794 = CARTESIAN_POINT('',(-2.984625158514,-0.984992550997,
    -1.800785536556));
#1795 = CARTESIAN_POINT('',(-2.985879155697,0.984974709288,
    -1.871947994936));
#1796 = CARTESIAN_POINT('',(-1.771152299623,2.375647837807,
    -1.945973205089));
#1797 = CARTESIAN_POINT('',(-0.143258532328,2.715828541876,-2.0179752607
    ));
#1798 = CARTESIAN_POINT('',(1.189523490436,2.118939490672,
    -2.090953352559));
#1799 = CARTESIAN_POINT('',(1.855208720095,1.059754039295,
    -2.163640945326));
#1800 = CARTESIAN_POINT('',(1.85520706638,8.359426305615E-07,
    -2.23636580161));
#1801 = CARTESIAN_POINT('',(1.880752325116,8.918836222338E-07,
    -1.400944853094));
#1802 = CARTESIAN_POINT('',(1.880750876335,-1.074339652089,
    -1.473669834132));
#1803 = CARTESIAN_POINT('',(1.205836551644,-2.148138288527,
    -1.546359475484));
#1804 = CARTESIAN_POINT('',(-0.14489499596,-2.753144239155,
    -1.619324618299));
#1805 = CARTESIAN_POINT('',(-1.796337100772,-2.408521716025,
    -1.691364114204));
#1806 = CARTESIAN_POINT('',(-3.025785793214,-0.998286709661,
    -1.765322317506));
#1807 = CARTESIAN_POINT('',(-3.026938022322,0.998270231798,
    -1.836565559381));
#1808 = CARTESIAN_POINT('',(-1.795565018084,2.408544130012,
    -1.910523763538));
#1809 = CARTESIAN_POINT('',(-0.14522300991,2.753131456659,
    -1.982563258477));
#1810 = CARTESIAN_POINT('',(1.205900725945,2.148141828948,
    -2.055528401798));
#1811 = CARTESIAN_POINT('',(1.880752267697,1.074341336759,
    -2.128218043044));
#1812 = CARTESIAN_POINT('',(1.880750762333,7.92786741477E-07,
    -2.200943024076));
#1813 = CARTESIAN_POINT('',(1.917000628709,8.229879933652E-07,
    -1.380015189777));
#1814 = CARTESIAN_POINT('',(1.916999242798,-1.095040263946,
    -1.452740347843));
#1815 = CARTESIAN_POINT('',(1.229082811311,-2.189578923761,
    -1.525432896132));
#1816 = CARTESIAN_POINT('',(-0.147711833687,-2.806078771686,
    -1.598379664033));
#1817 = CARTESIAN_POINT('',(-1.830912024266,-2.455206058861,
    -1.670472289098));
#1818 = CARTESIAN_POINT('',(-3.084153732684,-1.017152632992,
    -1.744335405886));
#1819 = CARTESIAN_POINT('',(-3.085245792554,1.017137083196,
    -1.815693285669));
#1820 = CARTESIAN_POINT('',(-1.830180190566,2.455227343088,
    -1.889556403266));
#1821 = CARTESIAN_POINT('',(-0.148022663428,2.806066659717,
    -1.961649027417));
#1822 = CARTESIAN_POINT('',(1.229143683902,2.189582252311,
    -2.034595795798));
#1823 = CARTESIAN_POINT('',(1.917000585627,1.09504181848,-2.107288343986
    ));
#1824 = CARTESIAN_POINT('',(1.916999147504,7.315461161284E-07,
    -2.180013502046));
#1825 = ADVANCED_FACE('',(#1826),#1836,.T.);
#1826 = FACE_BOUND('',#1827,.T.);
#1827 = EDGE_LOOP('',(#1828,#1829,#1830,#1831));
#1828 = ORIENTED_EDGE('',*,*,#1448,.F.);
#1829 = ORIENTED_EDGE('',*,*,#1417,.T.);
#1830 = ORIENTED_EDGE('',*,*,#1713,.T.);
#1831 = ORIENTED_EDGE('',*,*,#1832,.F.);
#1832 = EDGE_CURVE('',#1449,#1714,#1833,.T.);
#1833 = B_SPLINE_CURVE_WITH_KNOTS('',1,(#1834,#1835),.UNSPECIFIED.,.F.,
  .F.,(2,2),(0.,0.56),.PIECEWISE_BEZIER_KNOTS.);
#1834 = CARTESIAN_POINT('',(2.401988340779,-8.780985960229E-08,
    -2.659998379314));
#1835 = CARTESIAN_POINT('',(1.917005383918,7.315407344691E-07,
    -2.380013501949));
#1836 = B_SPLINE_SURFACE_WITH_KNOTS('',1,10,(
    (#1837,#1838,#1839,#1840,#1841,#1842,#1843,#1844,#1845,#1846,#1847)
    ,(#1848,#1849,#1850,#1851,#1852,#1853,#1854,#1855,#1856,#1857,#1858
    )),.UNSPECIFIED.,.F.,.F.,.F.,(2,2),(11,11),(0.,0.56),(0.,
    6.333910135482),.PIECEWISE_BEZIER_KNOTS.);
#1837 = CARTESIAN_POINT('',(2.401991692846,-9.878926967053E-08,
    -1.85999817667));
#1838 = CARTESIAN_POINT('',(2.401987010771,-1.509207895783,
    -1.939998455976));
#1839 = CARTESIAN_POINT('',(1.348504726743,-3.018444384861,
    -2.020003520942));
#1840 = CARTESIAN_POINT('',(-0.760455098547,-3.696134562583,
    -2.0999834808));
#1841 = CARTESIAN_POINT('',(-3.169508881839,-2.746296749284,
    -2.180013445199));
#1842 = CARTESIAN_POINT('',(-4.445229696509,-7.009184578965E-05,
    -2.259998276319));
#1843 = CARTESIAN_POINT('',(-3.168994924461,2.746400667977,
    -2.339983113454));
#1844 = CARTESIAN_POINT('',(-0.760949648098,3.696094888951,
    -2.420013073909));
#1845 = CARTESIAN_POINT('',(1.348676940565,3.018450729467,
    -2.499993035328));
#1846 = CARTESIAN_POINT('',(2.401993015958,1.509207709185,
    -2.579998100026));
#1847 = CARTESIAN_POINT('',(2.401988340779,-8.780985960229E-08,
    -2.659998379314));
#1848 = CARTESIAN_POINT('',(1.917007644675,8.229812083185E-07,
    -1.580015189654));
#1849 = CARTESIAN_POINT('',(1.917005045744,-1.204548535107,
    -1.660012863564));
#1850 = CARTESIAN_POINT('',(1.076196247248,-2.408483074482,
    -1.739970681719));
#1851 = CARTESIAN_POINT('',(-0.60674508468,-2.951007688394,
    -1.820137576956));
#1852 = CARTESIAN_POINT('',(-2.529947233061,-2.19069412367,
    -1.89988803929));
#1853 = CARTESIAN_POINT('',(-3.547156715925,-4.882833164466E-05,
    -1.980014344678));
#1854 = CARTESIAN_POINT('',(-2.52960252649,2.190761994586,
    -2.060140654105));
#1855 = CARTESIAN_POINT('',(-0.607081208711,2.950980398192,
    -2.13989111379));
#1856 = CARTESIAN_POINT('',(1.076310281163,2.408488297113,
    -2.220058010079));
#1857 = CARTESIAN_POINT('',(1.917008040281,1.204550089629,
    -2.300015828049));
#1858 = CARTESIAN_POINT('',(1.917005383918,7.315407344691E-07,
    -2.380013501949));
#1859 = ADVANCED_FACE('',(#1860),#2074,.T.);
#1860 = FACE_BOUND('',#1861,.F.);
#1861 = EDGE_LOOP('',(#1862,#1964,#1965,#2068));
#1862 = ORIENTED_EDGE('',*,*,#1863,.F.);
#1863 = EDGE_CURVE('',#1449,#1864,#1866,.T.);
#1864 = VERTEX_POINT('',#1865);
#1865 = CARTESIAN_POINT('',(2.35,8.150232509125E-12,-3.429986925855));
#1866 = B_SPLINE_CURVE_WITH_KNOTS('',6,(#1867,#1868,#1869,#1870,#1871,
    #1872,#1873,#1874,#1875,#1876,#1877,#1878,#1879,#1880,#1881,#1882,
    #1883,#1884,#1885,#1886,#1887,#1888,#1889,#1890,#1891,#1892,#1893,
    #1894,#1895,#1896,#1897,#1898,#1899,#1900,#1901,#1902,#1903,#1904,
    #1905,#1906,#1907,#1908,#1909,#1910,#1911,#1912,#1913,#1914,#1915,
    #1916,#1917,#1918,#1919,#1920,#1921,#1922,#1923,#1924,#1925,#1926,
    #1927,#1928,#1929,#1930,#1931,#1932,#1933,#1934,#1935,#1936,#1937,
    #1938,#1939,#1940,#1941,#1942,#1943,#1944,#1945,#1946,#1947,#1948,
    #1949,#1950,#1951,#1952,#1953,#1954,#1955,#1956,#1957,#1958,#1959,
    #1960,#1961,#1962,#1963),.UNSPECIFIED.,.F.,.F.,(7,5,5,5,5,5,5,5,5,5,
    5,5,5,5,5,5,5,5,5,7),(0.,1.846126843034E-02,5.646055206056E-02,
    0.125460382831,0.161478838101,0.221480831666,0.262569302328,
    0.317092592447,0.402015330153,0.497911010578,0.596903944276,
    0.642744601852,0.699746775731,0.738596249321,0.759596377859,
    0.81259790728,0.860601421049,0.953475848181,0.968659445309,1.),
  .UNSPECIFIED.);
#1867 = CARTESIAN_POINT('',(2.35,2.138289545428E-11,-2.629985058203));
#1868 = CARTESIAN_POINT('',(2.35,-4.543044732906E-02,-2.632446579186));
#1869 = CARTESIAN_POINT('',(2.348946081647,-9.086086735879E-02,
    -2.634908013519));
#1870 = CARTESIAN_POINT('',(2.346838245025,-0.136260688122,
    -2.637369416835));
#1871 = CARTESIAN_POINT('',(2.343677673676,-0.181599375732,
    -2.639830835499));
#1872 = CARTESIAN_POINT('',(2.339466734602,-0.226846434357,
    -2.642292306608));
#1873 = CARTESIAN_POINT('',(2.323386808854,-0.364853247541,
    -2.649820529832));
#1874 = CARTESIAN_POINT('',(2.308129437165,-0.457218791437,
    -2.654887569003));
#1875 = CARTESIAN_POINT('',(2.288468040364,-0.54880174907,
    -2.659955209567));
#1876 = CARTESIAN_POINT('',(2.264454406298,-0.639340811506,
    -2.665023536225));
#1877 = CARTESIAN_POINT('',(2.23616093349,-0.728579649728,
    -2.670092484308));
#1878 = CARTESIAN_POINT('',(2.144702272842,-0.975491138371,
    -2.684366873052));
#1879 = CARTESIAN_POINT('',(2.071914675977,-1.12961182639,
    -2.693573897348));
#1880 = CARTESIAN_POINT('',(1.985877071073,-1.277109490126,
    -2.702780627584));
#1881 = CARTESIAN_POINT('',(1.887363574167,-1.416585040067,
    -2.711985702867));
#1882 = CARTESIAN_POINT('',(1.77732584443,-1.546752922418,-2.72118870609
    ));
#1883 = CARTESIAN_POINT('',(1.594059395223,-1.728968211106,
    -2.735190436751));
#1884 = CARTESIAN_POINT('',(1.528374777296,-1.788618745585,
    -2.739991867772));
#1885 = CARTESIAN_POINT('',(1.46002292336,-1.845263937578,
    -2.744792490685));
#1886 = CARTESIAN_POINT('',(1.389176371729,-1.898756317861,
    -2.749592341488));
#1887 = CARTESIAN_POINT('',(1.316018293548,-1.948961868389,
    -2.754391513253));
#1888 = CARTESIAN_POINT('',(1.115342941953,-2.073719571319,
    -2.767184061915));
#1889 = CARTESIAN_POINT('',(0.984060701075,-2.14222637031,
    -2.775176785801));
#1890 = CARTESIAN_POINT('',(0.847796833586,-2.200721027424,
    -2.783168389037));
#1891 = CARTESIAN_POINT('',(0.707507204443,-2.24876465141,
    -2.791160105281));
#1892 = CARTESIAN_POINT('',(0.5641950663,-2.286041623814,-2.799153103898
    ));
#1893 = CARTESIAN_POINT('',(0.31941024691,-2.33038642657,-2.812621527557
    ));
#1894 = CARTESIAN_POINT('',(0.218985368372,-2.343273508939,
    -2.818096488271));
#1895 = CARTESIAN_POINT('',(0.117962907864,-2.350963323701,
    -2.823572289363));
#1896 = CARTESIAN_POINT('',(1.667820701195E-02,-2.353424544361,
    -2.829049008914));
#1897 = CARTESIAN_POINT('',(-8.453194871682E-02,-2.350654812513,
    -2.834526649122));
#1898 = CARTESIAN_POINT('',(-0.319084730872,-2.332099356249,
    -2.847274940738));
#1899 = CARTESIAN_POINT('',(-0.452118326151,-2.312353349732,
    -2.854546441126));
#1900 = CARTESIAN_POINT('',(-0.583638439432,-2.28350573991,
    -2.861819114408));
#1901 = CARTESIAN_POINT('',(-0.712871081959,-2.245707890124,
    -2.869092798501));
#1902 = CARTESIAN_POINT('',(-0.839064539186,-2.199198334039,
    -2.876367238975));
#1903 = CARTESIAN_POINT('',(-1.152183868715,-2.058797215718,
    -2.894971870671));
#1904 = CARTESIAN_POINT('',(-1.333777442237,-1.95293072838,
    -2.906304046754));
#1905 = CARTESIAN_POINT('',(-1.503492917467,-1.827936650443,
    -2.917633044813));
#1906 = CARTESIAN_POINT('',(-1.658884689235,-1.685527436671,
    -2.928959375252));
#1907 = CARTESIAN_POINT('',(-1.797800283924,-1.527772270741,
    -2.940285031323));
#1908 = CARTESIAN_POINT('',(-2.054777182712,-1.164508550494,
    -2.964392354059));
#1909 = CARTESIAN_POINT('',(-2.167879157984,-0.955386266851,
    -2.977178099776));
#1910 = CARTESIAN_POINT('',(-2.255231306826,-0.73338312631,
    -2.989959033557));
#1911 = CARTESIAN_POINT('',(-2.31516522726,-0.502464965958,
    -3.002740945959));
#1912 = CARTESIAN_POINT('',(-2.346698729707,-0.266820006216,
    -3.015528612174));
#1913 = CARTESIAN_POINT('',(-2.352996145344,0.212725890615,
    -3.041515144442));
#1914 = CARTESIAN_POINT('',(-2.325895204684,0.456772455537,
    -3.05472056659));
#1915 = CARTESIAN_POINT('',(-2.268402705134,0.69642278827,
    -3.067924000774));
#1916 = CARTESIAN_POINT('',(-2.181515563136,0.927049830324,
    -3.081127573337));
#1917 = CARTESIAN_POINT('',(-2.067004218921,1.144263261093,
    -3.094332741032));
#1918 = CARTESIAN_POINT('',(-1.863150995693,1.436625877068,
    -3.113643033932));
#1919 = CARTESIAN_POINT('',(-1.793298959165,1.525444930009,
    -3.119754232616));
#1920 = CARTESIAN_POINT('',(-1.718385009615,1.610162366308,
    -3.125864561898));
#1921 = CARTESIAN_POINT('',(-1.638712712492,1.690421290705,
    -3.131974101184));
#1922 = CARTESIAN_POINT('',(-1.554618455455,1.765895561262,
    -3.138083013986));
#1923 = CARTESIAN_POINT('',(-1.356858981998,1.923827134644,
    -3.151786867822));
#1924 = CARTESIAN_POINT('',(-1.240974340651,2.003513856959,
    -3.159381799299));
#1925 = CARTESIAN_POINT('',(-1.119526331061,2.074784889747,
    -3.166975922185));
#1926 = CARTESIAN_POINT('',(-0.993281470634,2.137165590538,
    -3.174569992852));
#1927 = CARTESIAN_POINT('',(-0.8630573134,2.19027600033,-3.182164825248)
  );
#1928 = CARTESIAN_POINT('',(-0.638839920696,2.26352015774,
    -3.194937145687));
#1929 = CARTESIAN_POINT('',(-0.54651287239,2.288770273401,
    -3.200114333836));
#1930 = CARTESIAN_POINT('',(-0.453008433474,2.309495175428,
    -3.205292135872));
#1931 = CARTESIAN_POINT('',(-0.358603532772,2.325628754117,
    -3.210470660668));
#1932 = CARTESIAN_POINT('',(-0.263579552903,2.337127650372,
    -3.215649972035));
#1933 = CARTESIAN_POINT('',(-0.116676871696,2.347670574606,
    -3.223630206887));
#1934 = CARTESIAN_POINT('',(-6.503377905457E-02,2.350009671145,
    -3.226430563261));
#1935 = CARTESIAN_POINT('',(-1.333799872167E-02,2.350985324687,
    -3.229231160016));
#1936 = CARTESIAN_POINT('',(3.83655121785E-02,2.350596292379,
    -3.232031994044));
#1937 = CARTESIAN_POINT('',(9.003178576259E-02,2.348843309148,
    -3.23483305697));
#1938 = CARTESIAN_POINT('',(0.271807139265,2.337869207267,
    -3.244704388425));
#1939 = CARTESIAN_POINT('',(0.401477715201,2.321337983352,-3.25177596521
    ));
#1940 = CARTESIAN_POINT('',(0.529899799184,2.296179685596,
    -3.258848534497));
#1941 = CARTESIAN_POINT('',(0.656359660148,2.262517753676,
    -3.265921824368));
#1942 = CARTESIAN_POINT('',(0.780161591747,2.220553906301,
    -3.272995445379));
#1943 = CARTESIAN_POINT('',(1.009741915749,2.125294308839,
    -3.286474595967));
#1944 = CARTESIAN_POINT('',(1.116122731361,2.073438832895,
    -3.292880445387));
#1945 = CARTESIAN_POINT('',(1.219274699416,2.015208285144,
    -3.299285450824));
#1946 = CARTESIAN_POINT('',(1.31872401377,1.950857679382,-3.305689351574
    ));
#1947 = CARTESIAN_POINT('',(1.414024832559,1.880688324462,
    -3.312092022006));
#1948 = CARTESIAN_POINT('',(1.680313287205,1.658699265455,
    -3.330877993818));
#1949 = CARTESIAN_POINT('',(1.838821695847,1.491833275618,
    -3.343260233439));
#1950 = CARTESIAN_POINT('',(1.977202122869,1.306994688104,-3.35563431078
    ));
#1951 = CARTESIAN_POINT('',(2.093039125575,1.107256217442,
    -3.368006284783));
#1952 = CARTESIAN_POINT('',(2.184454225173,0.896043528222,
    -3.380385403565));
#1953 = CARTESIAN_POINT('',(2.261081162971,0.641410992783,
    -3.394790031645));
#1954 = CARTESIAN_POINT('',(2.271165618159,0.605426282202,
    -3.396814181939));
#1955 = CARTESIAN_POINT('',(2.280562518273,0.56925242297,-3.398838440264
    ));
#1956 = CARTESIAN_POINT('',(2.289267485306,0.5329058367,-3.400862802632)
  );
#1957 = CARTESIAN_POINT('',(2.297276664257,0.496403080319,
    -3.402887260497));
#1958 = CARTESIAN_POINT('',(2.319675459872,0.384127388666,-3.40909066656
    ));
#1959 = CARTESIAN_POINT('',(2.331785636419,0.307899295208,
    -3.413269899856));
#1960 = CARTESIAN_POINT('',(2.340887885369,0.231223805713,
    -3.417449365063));
#1961 = CARTESIAN_POINT('',(2.346962613147,0.154249136124,
    -3.421628868564));
#1962 = CARTESIAN_POINT('',(2.35,7.712447829886E-02,-3.425808158719));
#1963 = CARTESIAN_POINT('',(2.35,1.633004842461E-11,-3.429986925855));
#1964 = ORIENTED_EDGE('',*,*,#1649,.T.);
#1965 = ORIENTED_EDGE('',*,*,#1966,.T.);
#1966 = EDGE_CURVE('',#1547,#1967,#1969,.T.);
#1967 = VERTEX_POINT('',#1968);
#1968 = CARTESIAN_POINT('',(2.35,9.293784251925E-13,-3.530001755349));
#1969 = B_SPLINE_CURVE_WITH_KNOTS('',7,(#1970,#1971,#1972,#1973,#1974,
    #1975,#1976,#1977,#1978,#1979,#1980,#1981,#1982,#1983,#1984,#1985,
    #1986,#1987,#1988,#1989,#1990,#1991,#1992,#1993,#1994,#1995,#1996,
    #1997,#1998,#1999,#2000,#2001,#2002,#2003,#2004,#2005,#2006,#2007,
    #2008,#2009,#2010,#2011,#2012,#2013,#2014,#2015,#2016,#2017,#2018,
    #2019,#2020,#2021,#2022,#2023,#2024,#2025,#2026,#2027,#2028,#2029,
    #2030,#2031,#2032,#2033,#2034,#2035,#2036,#2037,#2038,#2039,#2040,
    #2041,#2042,#2043,#2044,#2045,#2046,#2047,#2048,#2049,#2050,#2051,
    #2052,#2053,#2054,#2055,#2056,#2057,#2058,#2059,#2060,#2061,#2062,
    #2063,#2064,#2065,#2066,#2067),.UNSPECIFIED.,.F.,.F.,(8,6,6,6,6,6,6,
    6,6,6,6,6,6,6,6,6,8),(0.,2.487042306433E-02,0.127679220914,
    0.181378398699,0.262380480214,0.285481869063,0.401870137379,
    0.499581345237,0.59847889957,0.621821699067,0.672826377561,
    0.736829223665,0.763497944036,0.87336883426,0.942370612688,
    0.973370686518,1.),.UNSPECIFIED.);
#1970 = CARTESIAN_POINT('',(2.35,2.542410726392E-12,-2.730002047919));
#1971 = CARTESIAN_POINT('',(2.35,-5.245752921801E-02,-2.732844204139));
#1972 = CARTESIAN_POINT('',(2.348633857676,-0.104915121309,
    -2.735686527251));
#1973 = CARTESIAN_POINT('',(2.345901580993,-0.157329937326,
    -2.738528946394));
#1974 = CARTESIAN_POINT('',(2.341804841585,-0.209659281285,
    -2.741371397949));
#1975 = CARTESIAN_POINT('',(2.33634697475,-0.261860600169,
    -2.744213825534));
#1976 = CARTESIAN_POINT('',(2.329532979452,-0.313891483923,
    -2.747056180011));
#1977 = CARTESIAN_POINT('',(2.287623585535,-0.579914503713,
    -2.761647605342));
#1978 = CARTESIAN_POINT('',(2.230808645076,-0.790541276619,
    -2.773397934765));
#1979 = CARTESIAN_POINT('',(2.15139052755,-0.994506920562,
    -2.785141152426));
#1980 = CARTESIAN_POINT('',(2.050352889331,-1.188940454876,
    -2.796880026464));
#1981 = CARTESIAN_POINT('',(1.929087370766,-1.371162691605,
    -2.808621135928));
#1982 = CARTESIAN_POINT('',(1.789378345681,-1.53871660227,
    -2.820368306574));
#1983 = CARTESIAN_POINT('',(1.552054488731,-1.768178670552,
    -2.838253123189));
#1984 = CARTESIAN_POINT('',(1.466197943415,-1.842331664417,
    -2.844390823144));
#1985 = CARTESIAN_POINT('',(1.376224425638,-1.91160610869,
    -2.850529690976));
#1986 = CARTESIAN_POINT('',(1.282467785907,-1.975729712707,
    -2.856669692302));
#1987 = CARTESIAN_POINT('',(1.185282874924,-2.034459813256,
    -2.862810746545));
#1988 = CARTESIAN_POINT('',(1.085044492671,-2.087584078138,
    -2.868952611196));
#1989 = CARTESIAN_POINT('',(0.826930464569,-2.206326515187,
    -2.884359848887));
#1990 = CARTESIAN_POINT('',(0.665642713,-2.264573294964,-2.893626775642)
  );
#1991 = CARTESIAN_POINT('',(0.499649100232,-2.309027793176,
    -2.902892893389));
#1992 = CARTESIAN_POINT('',(0.330365944,-2.339255596835,-2.912157192726)
  );
#1993 = CARTESIAN_POINT('',(0.159245688758,-2.354997423054,
    -2.921419625039));
#1994 = CARTESIAN_POINT('',(-1.223262358416E-02,-2.356170784121,
    -2.930680101624));
#1995 = CARTESIAN_POINT('',(-0.231147104841,-2.339112064847,
    -2.942577245659));
#1996 = CARTESIAN_POINT('',(-0.279634481712,-2.334151454256,
    -2.945217115784));
#1997 = CARTESIAN_POINT('',(-0.327996170992,-2.328018364115,
    -2.947856787695));
#1998 = CARTESIAN_POINT('',(-0.376198164851,-2.320716687051,
    -2.950496266949));
#1999 = CARTESIAN_POINT('',(-0.424206645909,-2.312251542889,
    -2.953135562025));
#2000 = CARTESIAN_POINT('',(-0.471987987235,-2.302629278654,
    -2.955774684319));
#2001 = CARTESIAN_POINT('',(-0.758925507596,-2.237587470755,
    -2.971709144462));
#2002 = CARTESIAN_POINT('',(-0.991829768564,-2.154115274243,
    -2.985006228789));
#2003 = CARTESIAN_POINT('',(-1.213761242034,-2.042407240534,
    -2.998296427928));
#2004 = CARTESIAN_POINT('',(-1.420685629374,-1.904283716716,
    -3.011585907689));
#2005 = CARTESIAN_POINT('',(-1.608970936183,-1.742168836607,
    -3.024880508828));
#2006 = CARTESIAN_POINT('',(-1.775388301598,-1.55909027045,
    -3.038183578497));
#2007 = CARTESIAN_POINT('',(-2.036501973587,-1.190645072873,
    -3.062650323283));
#2008 = CARTESIAN_POINT('',(-2.138489458832,-1.010265062973,
    -3.073820996115));
#2009 = CARTESIAN_POINT('',(-2.221741674386,-0.819825870578,
    -3.084991689857));
#2010 = CARTESIAN_POINT('',(-2.285120441648,-0.621670675053,
    -3.096161864857));
#2011 = CARTESIAN_POINT('',(-2.327836611508,-0.418267664765,
    -3.107332472798));
#2012 = CARTESIAN_POINT('',(-2.349457850216,-0.212185274037,
    -3.118503339477));
#2013 = CARTESIAN_POINT('',(-2.350532844508,0.202503806014,
    -3.140972968203));
#2014 = CARTESIAN_POINT('',(-2.329471667916,0.411202058491,
    -3.152276474704));
#2015 = CARTESIAN_POINT('',(-2.28678535079,0.617234177123,
    -3.163576465244));
#2016 = CARTESIAN_POINT('',(-2.222914307427,0.817935206144,
    -3.174874209923));
#2017 = CARTESIAN_POINT('',(-2.138673134079,1.010744426026,
    -3.186173194869));
#2018 = CARTESIAN_POINT('',(-2.035242350473,1.193231857564,
    -3.197475350219));
#2019 = CARTESIAN_POINT('',(-1.885681457959,1.403256781871,
    -3.211444500914));
#2020 = CARTESIAN_POINT('',(-1.856141208573,1.442664731588,
    -3.214112134217));
#2021 = CARTESIAN_POINT('',(-1.825641123553,1.481345814954,
    -3.216779884258));
#2022 = CARTESIAN_POINT('',(-1.794202730444,1.519272030229,
    -3.219447756655));
#2023 = CARTESIAN_POINT('',(-1.76184855132,1.556416205819,
    -3.222115755152));
#2024 = CARTESIAN_POINT('',(-1.728602102789,1.592752000277,
    -3.224783881627));
#2025 = CARTESIAN_POINT('',(-1.61994738724,1.705826564434,
    -3.233282347697));
#2026 = CARTESIAN_POINT('',(-1.541262547334,1.77941917202,
    -3.239113260167));
#2027 = CARTESIAN_POINT('',(-1.458690646612,1.848764204732,
    -3.244944718481));
#2028 = CARTESIAN_POINT('',(-1.372507870196,1.913616885833,
    -3.250776684064));
#2029 = CARTESIAN_POINT('',(-1.283008542564,1.973755759147,
    -3.256609124915));
#2030 = CARTESIAN_POINT('',(-1.190504352132,2.02898326603,
    -3.262441905744));
#2031 = CARTESIAN_POINT('',(-0.975886677923,2.142047968172,
    -3.275593889661));
#2032 = CARTESIAN_POINT('',(-0.852228242125,2.196967332551,
    -3.282913515634));
#2033 = CARTESIAN_POINT('',(-0.724999806522,2.2435398239,-3.29023269129)
  );
#2034 = CARTESIAN_POINT('',(-0.594878707075,2.281494004931,
    -3.297551054022));
#2035 = CARTESIAN_POINT('',(-0.462563490415,2.310626159509,
    -3.304868455969));
#2036 = CARTESIAN_POINT('',(-0.328771157707,2.330801079201,
    -3.312184667399));
#2037 = CARTESIAN_POINT('',(-0.138178199493,2.346608383425,
    -3.322546838168));
#2038 = CARTESIAN_POINT('',(-8.199019710249E-02,2.34969223802,
    -3.32559434396));
#2039 = CARTESIAN_POINT('',(-2.572486191642E-02,2.351206273088,
    -3.328641577216));
#2040 = CARTESIAN_POINT('',(3.056518556365E-02,2.351148333905,
    -3.331688533135));
#2041 = CARTESIAN_POINT('',(8.682733385512E-02,2.349518471231,
    -3.334735213148));
#2042 = CARTESIAN_POINT('',(0.143008980494,2.346318941306,
    -3.337781624923));
#2043 = CARTESIAN_POINT('',(0.429968658175,2.321924252902,-3.35337746695
    ));
#2044 = CARTESIAN_POINT('',(0.658700306014,2.275720775397,
    -3.365927022061));
#2045 = CARTESIAN_POINT('',(0.881438404209,2.203238133962,
    -3.378470054222));
#2046 = CARTESIAN_POINT('',(1.094610986164,2.105473692346,
    -3.391010711632));
#2047 = CARTESIAN_POINT('',(1.294866114317,1.983964327666,
    -3.403556651691));
#2048 = CARTESIAN_POINT('',(1.479116325075,1.840766384839,-3.41611163048
    ));
#2049 = CARTESIAN_POINT('',(1.748608795477,1.576721223854,-3.43655326156
    ));
#2050 = CARTESIAN_POINT('',(1.84521344105,1.467346707949,-3.444441303615
    ));
#2051 = CARTESIAN_POINT('',(1.933801062944,1.351102055785,
    -3.452330999939));
#2052 = CARTESIAN_POINT('',(2.013794164452,1.228696850516,
    -3.460221927994));
#2053 = CARTESIAN_POINT('',(2.084694062817,1.100894498864,
    -3.468113526954));
#2054 = CARTESIAN_POINT('',(2.146083135214,0.968508634927,
    -3.476004840423));
#2055 = CARTESIAN_POINT('',(2.220796119509,0.77125865103,-3.487439130856
    ));
#2056 = CARTESIAN_POINT('',(2.24197194328,0.709360156795,-3.490983471236
    ));
#2057 = CARTESIAN_POINT('',(2.261133561308,0.646787280177,
    -3.494527514721));
#2058 = CARTESIAN_POINT('',(2.27825547692,0.583618682546,-3.498071226587
    ));
#2059 = CARTESIAN_POINT('',(2.293316074984,0.519934082839,
    -3.501614601848));
#2060 = CARTESIAN_POINT('',(2.306297621916,0.455814257557,
    -3.505157665247));
#2061 = CARTESIAN_POINT('',(2.326539698489,0.335958027471,
    -3.511743770211));
#2062 = CARTESIAN_POINT('',(2.334348831401,0.280314027416,
    -3.514786884043));
#2063 = CARTESIAN_POINT('',(2.340604905669,0.224460869657,
    -3.517829854056));
#2064 = CARTESIAN_POINT('',(2.34530134994,0.168450576313,-3.520872739647
    ));
#2065 = CARTESIAN_POINT('',(2.348433780246,0.112335362574,
    -3.523915618312));
#2066 = CARTESIAN_POINT('',(2.35,5.616763669579E-02,-3.526958585647));
#2067 = CARTESIAN_POINT('',(2.35,1.891820033961E-12,-3.530001755349));
#2068 = ORIENTED_EDGE('',*,*,#2069,.F.);
#2069 = EDGE_CURVE('',#1864,#1967,#2070,.T.);
#2070 = LINE('',#2071,#2072);
#2071 = CARTESIAN_POINT('',(2.35,0.,-0.2));
#2072 = VECTOR('',#2073,1.);
#2073 = DIRECTION('',(0.,0.,-1.));
#2074 = CYLINDRICAL_SURFACE('',#2075,2.35);
#2075 = AXIS2_PLACEMENT_3D('',#2076,#2077,#2078);
#2076 = CARTESIAN_POINT('',(0.,0.,-0.2));
#2077 = DIRECTION('',(-0.,-0.,-1.));
#2078 = DIRECTION('',(1.,0.,0.));
#2079 = ADVANCED_FACE('',(#2080),#2106,.T.);
#2080 = FACE_BOUND('',#2081,.T.);
#2081 = EDGE_LOOP('',(#2082,#2099,#2100,#2101));
#2082 = ORIENTED_EDGE('',*,*,#2083,.F.);
#2083 = EDGE_CURVE('',#1664,#2084,#2086,.T.);
#2084 = VERTEX_POINT('',#2085);
#2085 = CARTESIAN_POINT('',(1.916997666306,6.401038198077E-07,
    -2.98001181431));
#2086 = ( BOUNDED_CURVE() B_SPLINE_CURVE(11,(#2087,#2088,#2089,#2090,
    #2091,#2092,#2093,#2094,#2095,#2096,#2097,#2098),.UNSPECIFIED.,.F.,
.F.) B_SPLINE_CURVE_WITH_KNOTS((12,12),(0.,6.333910135482),
.PIECEWISE_BEZIER_KNOTS.) CURVE() GEOMETRIC_REPRESENTATION_ITEM() 
RATIONAL_B_SPLINE_CURVE((1.056590953773,1.056590953773,1.056590953773,
    1.056590953773,1.056590953773,1.056590953774,1.056590953773,
    1.056590953774,1.056590953773,1.056590953773,1.056590953773,
1.056590953773)) REPRESENTATION_ITEM('') );
#2087 = CARTESIAN_POINT('',(1.916999147504,7.3154606689E-07,
    -2.180013502046));
#2088 = CARTESIAN_POINT('',(1.916997709381,-1.09503950951,
    -2.252738660105));
#2089 = CARTESIAN_POINT('',(1.229081757075,-2.189577289036,
    -2.325431208275));
#2090 = CARTESIAN_POINT('',(-0.147711853156,-2.80607660152,
    -2.398377976927));
#2091 = CARTESIAN_POINT('',(-1.830910726759,-2.455204064018,
    -2.470470599822));
#2092 = CARTESIAN_POINT('',(-3.084151398865,-1.017151714868,
    -2.544333720494));
#2093 = CARTESIAN_POINT('',(-3.0852433587,1.017136459463,-2.615691595593
    ));
#2094 = CARTESIAN_POINT('',(-1.830178660785,2.455225522687,
    -2.689554717076));
#2095 = CARTESIAN_POINT('',(-0.148022414454,2.806064503773,
    -2.761647339056));
#2096 = CARTESIAN_POINT('',(1.229142838467,2.1895805003,-2.834594108187)
  );
#2097 = CARTESIAN_POINT('',(1.916999156641,1.09504088116,-2.907286656257
    ));
#2098 = CARTESIAN_POINT('',(1.916997666306,6.401038525894E-07,
    -2.98001181431));
#2099 = ORIENTED_EDGE('',*,*,#1682,.T.);
#2100 = ORIENTED_EDGE('',*,*,#1546,.T.);
#2101 = ORIENTED_EDGE('',*,*,#2102,.F.);
#2102 = EDGE_CURVE('',#2084,#1547,#2103,.T.);
#2103 = B_SPLINE_CURVE_WITH_KNOTS('',1,(#2104,#2105),.UNSPECIFIED.,.F.,
  .F.,(2,2),(0.,0.56),.PIECEWISE_BEZIER_KNOTS.);
#2104 = CARTESIAN_POINT('',(1.916997666306,6.40103850125E-07,
    -2.98001181431));
#2105 = CARTESIAN_POINT('',(2.401964252638,-7.681545116924E-08,
    -2.699998582229));
#2106 = B_SPLINE_SURFACE_WITH_KNOTS('',1,10,(
    (#2107,#2108,#2109,#2110,#2111,#2112,#2113,#2114,#2115,#2116,#2117)
    ,(#2118,#2119,#2120,#2121,#2122,#2123,#2124,#2125,#2126,#2127,#2128
    )),.UNSPECIFIED.,.F.,.F.,.F.,(2,2),(11,11),(0.,0.56),(0.,
    6.333910135482),.PIECEWISE_BEZIER_KNOTS.);
#2107 = CARTESIAN_POINT('',(1.916999147504,7.315460719095E-07,
    -2.180013502046));
#2108 = CARTESIAN_POINT('',(1.916997565569,-1.204543533616,
    -2.260011175911));
#2109 = CARTESIAN_POINT('',(1.076211577409,-2.408473679129,
    -2.339968993245));
#2110 = CARTESIAN_POINT('',(-0.606800193989,-2.950990583196,
    -2.420135891788));
#2111 = CARTESIAN_POINT('',(-2.529876909528,-2.190696769971,
    -2.499886348992));
#2112 = CARTESIAN_POINT('',(-3.547141702983,-3.231823602601E-05,
    -2.580012657444));
#2113 = CARTESIAN_POINT('',(-2.529651469954,2.190740771843,
    -2.660138968536));
#2114 = CARTESIAN_POINT('',(-0.607020957662,2.950972591267,
    -2.739889424008));
#2115 = CARTESIAN_POINT('',(1.076285845755,2.408477299196,
    -2.820056323239));
#2116 = CARTESIAN_POINT('',(1.916999305674,1.204544905266,
    -2.900014140452));
#2117 = CARTESIAN_POINT('',(1.916997666306,6.40103850125E-07,
    -2.98001181431));
#2118 = CARTESIAN_POINT('',(2.401964642408,-8.778945667176E-08,
    -1.899998379684));
#2119 = CARTESIAN_POINT('',(2.401964050057,-1.509191822588,
    -1.979998658844));
#2120 = CARTESIAN_POINT('',(1.348566373313,-3.018415070025,
    -2.060003721201));
#2121 = CARTESIAN_POINT('',(-0.760665622531,-3.696077725449,
    -2.139983691604));
#2122 = CARTESIAN_POINT('',(-3.169248151363,-2.746313279291,
    -2.220013639525));
#2123 = CARTESIAN_POINT('',(-4.445182348328,-8.017790873005E-06,
    -2.299998480762));
#2124 = CARTESIAN_POINT('',(-3.169188225946,2.74632555113,
    -2.379983322697));
#2125 = CARTESIAN_POINT('',(-0.760722907971,3.696073157614,
    -2.46001327016));
#2126 = CARTESIAN_POINT('',(1.348586577645,3.018415727511,
    -2.539993240744));
#2127 = CARTESIAN_POINT('',(2.401964838097,1.509191657983,-2.61999830307
    ));
#2128 = CARTESIAN_POINT('',(2.401964252638,-7.681545116924E-08,
    -2.699998582229));
#2129 = ADVANCED_FACE('',(#2130),#2160,.T.);
#2130 = FACE_BOUND('',#2131,.T.);
#2131 = EDGE_LOOP('',(#2132,#2148,#2149,#2150));
#2132 = ORIENTED_EDGE('',*,*,#2133,.F.);
#2133 = EDGE_CURVE('',#1714,#2134,#2136,.T.);
#2134 = VERTEX_POINT('',#2135);
#2135 = CARTESIAN_POINT('',(1.917003123167,6.400996750433E-07,
    -3.180011814235));
#2136 = B_SPLINE_CURVE_WITH_KNOTS('',10,(#2137,#2138,#2139,#2140,#2141,
    #2142,#2143,#2144,#2145,#2146,#2147),.UNSPECIFIED.,.F.,.F.,(11,11),(
    0.,6.333910135482),.PIECEWISE_BEZIER_KNOTS.);
#2137 = CARTESIAN_POINT('',(1.917005383918,7.31540686738E-07,
    -2.380013501949));
#2138 = CARTESIAN_POINT('',(1.917002727554,-1.20454720638,
    -2.460011175847));
#2139 = CARTESIAN_POINT('',(1.076194862909,-2.408480282494,
    -2.539968993782));
#2140 = CARTESIAN_POINT('',(-0.606744508764,-2.951004185975,
    -2.62013588989));
#2141 = CARTESIAN_POINT('',(-2.52994435639,-2.190691413172,
    -2.699886350922));
#2142 = CARTESIAN_POINT('',(-3.547152529552,-4.865886918992E-05,
    -2.780012656969));
#2143 = CARTESIAN_POINT('',(-2.529599441309,2.190759525026,
    -2.860138967054));
#2144 = CARTESIAN_POINT('',(-0.607080350848,2.950976953842,
    -2.939889425438));
#2145 = CARTESIAN_POINT('',(1.076309126495,2.408485402418,
    -3.020056322597));
#2146 = CARTESIAN_POINT('',(1.917005836963,1.20454857802,-3.100014140348
    ));
#2147 = CARTESIAN_POINT('',(1.917003123167,6.400997084033E-07,
    -3.180011814235));
#2148 = ORIENTED_EDGE('',*,*,#1731,.T.);
#2149 = ORIENTED_EDGE('',*,*,#2083,.T.);
#2150 = ORIENTED_EDGE('',*,*,#2151,.F.);
#2151 = EDGE_CURVE('',#2134,#2084,#2152,.T.);
#2152 = ( BOUNDED_CURVE() B_SPLINE_CURVE(6,(#2153,#2154,#2155,#2156,
#2157,#2158,#2159),.UNSPECIFIED.,.F.,.F.) B_SPLINE_CURVE_WITH_KNOTS((7,7
),(0.,2.094395102393),.PIECEWISE_BEZIER_KNOTS.) CURVE() 
GEOMETRIC_REPRESENTATION_ITEM() RATIONAL_B_SPLINE_CURVE((1.056590953773,
    1.017435169568,0.996326512422,0.989390034249,0.996326512422,
1.017435169568,1.056590953773)) REPRESENTATION_ITEM('') );
#2153 = CARTESIAN_POINT('',(1.917003123167,6.40099709015E-07,
    -3.180011814235));
#2154 = CARTESIAN_POINT('',(1.880753514384,6.936861716156E-07,
    -3.159084411553));
#2155 = CARTESIAN_POINT('',(1.855207747434,7.314491352051E-07,
    -3.123663127527));
#2156 = CARTESIAN_POINT('',(1.845973603406,7.450988840363E-07,
    -3.080013752189));
#2157 = CARTESIAN_POINT('',(1.855205365534,7.314509453682E-07,
    -3.036363873022));
#2158 = CARTESIAN_POINT('',(1.880749199556,6.936894513809E-07,
    -3.000941195052));
#2159 = CARTESIAN_POINT('',(1.916997666306,6.401038525894E-07,
    -2.98001181431));
#2160 = ( BOUNDED_SURFACE() B_SPLINE_SURFACE(6,11,(
    (#2161,#2162,#2163,#2164,#2165,#2166,#2167,#2168,#2169,#2170,#2171
      ,#2172)
    ,(#2173,#2174,#2175,#2176,#2177,#2178,#2179,#2180,#2181,#2182,#2183
      ,#2184)
    ,(#2185,#2186,#2187,#2188,#2189,#2190,#2191,#2192,#2193,#2194,#2195
      ,#2196)
    ,(#2197,#2198,#2199,#2200,#2201,#2202,#2203,#2204,#2205,#2206,#2207
      ,#2208)
    ,(#2209,#2210,#2211,#2212,#2213,#2214,#2215,#2216,#2217,#2218,#2219
      ,#2220)
    ,(#2221,#2222,#2223,#2224,#2225,#2226,#2227,#2228,#2229,#2230,#2231
      ,#2232)
    ,(#2233,#2234,#2235,#2236,#2237,#2238,#2239,#2240,#2241,#2242,#2243
,#2244
    )),.UNSPECIFIED.,.F.,.F.,.F.) B_SPLINE_SURFACE_WITH_KNOTS((7,7),(12,
    12),(0.,2.094395102393),(0.,6.333910135482),
.PIECEWISE_BEZIER_KNOTS.) GEOMETRIC_REPRESENTATION_ITEM() 
RATIONAL_B_SPLINE_SURFACE((
    (1.056590953773,1.056590953773,1.056590953773,1.056590953773
      ,1.056590953773,1.056590953774,1.056590953773,1.056590953774
      ,1.056590953773,1.056590953773,1.056590953773,1.056590953773)
    ,(1.017435169568,1.017435169568,1.017435169568,1.017435169568
      ,1.017435169568,1.017435169569,1.017435169568,1.017435169568
      ,1.017435169568,1.017435169568,1.017435169568,1.017435169568)
    ,(0.996326512422,0.996326512422,0.996326512422,0.996326512422
      ,0.996326512422,0.996326512423,0.996326512421,0.996326512423
      ,0.996326512422,0.996326512422,0.996326512422,0.996326512422)
    ,(0.989390034249,0.989390034249,0.989390034248,0.989390034249
      ,0.989390034248,0.989390034249,0.989390034248,0.989390034249
      ,0.989390034248,0.989390034249,0.989390034249,0.989390034249)
    ,(0.996326512422,0.996326512422,0.996326512422,0.996326512423
      ,0.996326512421,0.996326512423,0.996326512421,0.996326512423
      ,0.996326512422,0.996326512422,0.996326512422,0.996326512422)
    ,(1.017435169568,1.017435169568,1.017435169568,1.017435169568
      ,1.017435169568,1.017435169568,1.017435169568,1.017435169568
      ,1.017435169568,1.017435169568,1.017435169568,1.017435169568)
    ,(1.056590953773,1.056590953773,1.056590953773,1.056590953773
      ,1.056590953773,1.056590953774,1.056590953773,1.056590953774
      ,1.056590953773,1.056590953773,1.056590953773,1.056590953773
))) REPRESENTATION_ITEM('') SURFACE() );
#2161 = CARTESIAN_POINT('',(1.917005383918,7.315406850839E-07,
    -2.380013501949));
#2162 = CARTESIAN_POINT('',(1.917002969042,-1.095042848387,
    -2.452738660038));
#2163 = CARTESIAN_POINT('',(1.229069020118,-2.189583359565,
    -2.525431208703));
#2164 = CARTESIAN_POINT('',(-0.147631109287,-2.80608829514,
    -2.598377974265));
#2165 = CARTESIAN_POINT('',(-1.831109414121,-2.455205602506,
    -2.670470605972));
#2166 = CARTESIAN_POINT('',(-3.083873647992,-1.017158191433,
    -2.744333711092));
#2167 = CARTESIAN_POINT('',(-3.085539928655,1.017136068965,
    -2.815691604682));
#2168 = CARTESIAN_POINT('',(-1.829991133364,2.455239043817,
    -2.889554711042));
#2169 = CARTESIAN_POINT('',(-0.148104064229,2.806069886297,
    -2.961647341349));
#2170 = CARTESIAN_POINT('',(1.229163073853,2.189587797982,
    -3.034594107643));
#2171 = CARTESIAN_POINT('',(1.917005590255,1.095044220028,
    -3.107286656156));
#2172 = CARTESIAN_POINT('',(1.917003123167,6.40099709015E-07,
    -3.180011814235));
#2173 = CARTESIAN_POINT('',(1.880755693565,7.927824404175E-07,
    -2.359086240559));
#2174 = CARTESIAN_POINT('',(1.880753415866,-1.074341498824,
    -2.431811221614));
#2175 = CARTESIAN_POINT('',(1.205825365038,-2.148141365512,
    -2.504500863232));
#2176 = CARTESIAN_POINT('',(-0.14483117487,-2.753151195594,
    -2.577466004395));
#2177 = CARTESIAN_POINT('',(-1.796492840422,-2.408520825326,
    -2.649505504977));
#2178 = CARTESIAN_POINT('',(-3.025563710209,-0.998290857879,
    -2.723463700081));
#2179 = CARTESIAN_POINT('',(-3.027169955622,0.998269269155,
    -2.794706951635));
#2180 = CARTESIAN_POINT('',(-1.795415119776,2.408552903224,
    -2.868665147934));
#2181 = CARTESIAN_POINT('',(-0.14528730517,2.753133438226,
    -2.940704647167));
#2182 = CARTESIAN_POINT('',(1.205915837383,2.148145749158,
    -3.013669789036));
#2183 = CARTESIAN_POINT('',(1.880755848666,1.074342985293,
    -3.086359430507));
#2184 = CARTESIAN_POINT('',(1.880753514384,6.936861716156E-07,
    -3.159084411553));
#2185 = CARTESIAN_POINT('',(1.855209788551,8.359402319247E-07,
    -2.323665056105));
#2186 = CARTESIAN_POINT('',(1.855207708487,-1.059752853504,-2.3963899124
    ));
#2187 = CARTESIAN_POINT('',(1.189446811491,-2.118936446393,
    -2.469077505362));
#2188 = CARTESIAN_POINT('',(-0.142866399453,-2.715845061538,
    -2.542055596184));
#2189 = CARTESIAN_POINT('',(-1.772077904032,-2.375621770427,
    -2.6140576542));
#2190 = CARTESIAN_POINT('',(-2.984501241114,-0.984994324542,
    -2.688082861094));
#2191 = CARTESIAN_POINT('',(-2.986005812883,0.984973821787,
    -2.759245322167));
#2192 = CARTESIAN_POINT('',(-1.77106868862,2.375651648896,-2.83327053018
    ));
#2193 = CARTESIAN_POINT('',(-0.143293887005,2.715828415636,
    -2.905272586934));
#2194 = CARTESIAN_POINT('',(1.189531351719,2.118940664593,
    -2.978250678416));
#2195 = CARTESIAN_POINT('',(1.855209887161,1.059754420894,
    -3.050938271241));
#2196 = CARTESIAN_POINT('',(1.855207747434,7.314491352051E-07,
    -3.123663127527));
#2197 = CARTESIAN_POINT('',(1.845975474389,8.515400831133E-07,
    -2.28001571676));
#2198 = CARTESIAN_POINT('',(1.845973616406,-1.054479395507,
    -2.352740527957));
#2199 = CARTESIAN_POINT('',(1.183528885662,-2.108379637972,
    -2.425427380374));
#2200 = CARTESIAN_POINT('',(-0.142168701308,-2.702359269913,
    -2.498410152217));
#2201 = CARTESIAN_POINT('',(-1.763222686622,-2.36373044672,
    -2.570398675573));
#2202 = CARTESIAN_POINT('',(-2.969702395778,-0.980187405607,
    -2.644448105714));
#2203 = CARTESIAN_POINT('',(-2.971081639097,0.980168354496,
    -2.715581362896));
#2204 = CARTESIAN_POINT('',(-1.762297799011,2.363757682102,
    -2.789630794061));
#2205 = CARTESIAN_POINT('',(-0.142560789681,2.702343999122,
    -2.861619316261));
#2206 = CARTESIAN_POINT('',(1.183606196346,2.108383607105,-2.93460208871
    ));
#2207 = CARTESIAN_POINT('',(1.845975522166,1.054480992146,-3.007288941)
  );
#2208 = CARTESIAN_POINT('',(1.845973603406,7.450988840363E-07,
    -3.080013752189));
#2209 = CARTESIAN_POINT('',(1.85520706638,8.35942580546E-07,
    -2.23636580161));
#2210 = CARTESIAN_POINT('',(1.855205412665,-1.059751396097,
    -2.309090657891));
#2211 = CARTESIAN_POINT('',(1.189452371125,-2.11893379663,
    -2.381778250638));
#2212 = CARTESIAN_POINT('',(-0.14290164385,-2.715839957316,
    -2.454756342808));
#2213 = CARTESIAN_POINT('',(-1.77199117774,-2.375621098884,
    -2.526758396978));
#2214 = CARTESIAN_POINT('',(-2.984622478333,-0.984991497545,
    -2.600783610661));
#2215 = CARTESIAN_POINT('',(-2.985876361205,0.984973992238,
    -2.671946063663));
#2216 = CARTESIAN_POINT('',(-1.771150543639,2.375645746973,
    -2.745971278277));
#2217 = CARTESIAN_POINT('',(-0.143258247183,2.715826066185,
    -2.817973331395));
#2218 = CARTESIAN_POINT('',(1.189522519049,2.118937479182,
    -2.890951424116));
#2219 = CARTESIAN_POINT('',(1.855207078913,1.05975296349,-2.963639016747
    ));
#2220 = CARTESIAN_POINT('',(1.855205365534,7.314509453682E-07,
    -3.036363873022));
#2221 = CARTESIAN_POINT('',(1.880750762333,7.927866944035E-07,
    -2.200943024076));
#2222 = CARTESIAN_POINT('',(1.880749256968,-1.07433885872,
    -2.273668005107));
#2223 = CARTESIAN_POINT('',(1.205835436355,-2.148136565447,
    -2.346357646334));
#2224 = CARTESIAN_POINT('',(-0.144895020346,-2.753141949261,
    -2.41932278994));
#2225 = CARTESIAN_POINT('',(-1.79633573513,-2.408519608817,
    -2.491362283555));
#2226 = CARTESIAN_POINT('',(-3.025783332291,-0.998285736756,
    -2.565320490956));
#2227 = CARTESIAN_POINT('',(-3.026935452989,0.998269577928,
    -2.636563727889));
#2228 = CARTESIAN_POINT('',(-1.795563400723,2.408542211849,
    -2.710521936145));
#2229 = CARTESIAN_POINT('',(-0.14522274338,2.753129182178,
    -2.782561428794));
#2230 = CARTESIAN_POINT('',(1.205899836938,2.148139978764,
    -2.855526572907));
#2231 = CARTESIAN_POINT('',(1.880750761504,1.074340345197,
    -2.928216214027));
#2232 = CARTESIAN_POINT('',(1.880749199556,6.936894513809E-07,
    -3.000941195052));
#2233 = CARTESIAN_POINT('',(1.916999147504,7.3154606689E-07,
    -2.180013502046));
#2234 = CARTESIAN_POINT('',(1.916997709381,-1.09503950951,
    -2.252738660105));
#2235 = CARTESIAN_POINT('',(1.229081757075,-2.189577289036,
    -2.325431208275));
#2236 = CARTESIAN_POINT('',(-0.147711853156,-2.80607660152,
    -2.398377976927));
#2237 = CARTESIAN_POINT('',(-1.830910726759,-2.455204064018,
    -2.470470599822));
#2238 = CARTESIAN_POINT('',(-3.084151398865,-1.017151714868,
    -2.544333720494));
#2239 = CARTESIAN_POINT('',(-3.0852433587,1.017136459463,-2.615691595593
    ));
#2240 = CARTESIAN_POINT('',(-1.830178660785,2.455225522687,
    -2.689554717076));
#2241 = CARTESIAN_POINT('',(-0.148022414454,2.806064503773,
    -2.761647339056));
#2242 = CARTESIAN_POINT('',(1.229142838467,2.1895805003,-2.834594108187)
  );
#2243 = CARTESIAN_POINT('',(1.916999156641,1.09504088116,-2.907286656257
    ));
#2244 = CARTESIAN_POINT('',(1.916997666306,6.401038525894E-07,
    -2.98001181431));
#2245 = ADVANCED_FACE('',(#2246),#2256,.T.);
#2246 = FACE_BOUND('',#2247,.T.);
#2247 = EDGE_LOOP('',(#2248,#2249,#2250,#2251));
#2248 = ORIENTED_EDGE('',*,*,#1863,.F.);
#2249 = ORIENTED_EDGE('',*,*,#1832,.T.);
#2250 = ORIENTED_EDGE('',*,*,#2133,.T.);
#2251 = ORIENTED_EDGE('',*,*,#2252,.F.);
#2252 = EDGE_CURVE('',#1864,#2134,#2253,.T.);
#2253 = B_SPLINE_CURVE_WITH_KNOTS('',1,(#2254,#2255),.UNSPECIFIED.,.F.,
  .F.,(2,2),(0.,0.56),.PIECEWISE_BEZIER_KNOTS.);
#2254 = CARTESIAN_POINT('',(2.401984988711,-7.683120240722E-08,
    -3.459998581946));
#2255 = CARTESIAN_POINT('',(1.917003123167,6.400997084033E-07,
    -3.180011814235));
#2256 = B_SPLINE_SURFACE_WITH_KNOTS('',1,10,(
    (#2257,#2258,#2259,#2260,#2261,#2262,#2263,#2264,#2265,#2266,#2267)
    ,(#2268,#2269,#2270,#2271,#2272,#2273,#2274,#2275,#2276,#2277,#2278
    )),.UNSPECIFIED.,.F.,.F.,.F.,(2,2),(11,11),(0.,0.56),(0.,
    6.333910135482),.PIECEWISE_BEZIER_KNOTS.);
#2257 = CARTESIAN_POINT('',(2.401988340779,-8.78099028209E-08,
    -2.659998379314));
#2258 = CARTESIAN_POINT('',(2.4019836656,-1.509205779091,-2.739998658602
    ));
#2259 = CARTESIAN_POINT('',(1.348502858212,-3.018440162812,
    -2.820003723242));
#2260 = CARTESIAN_POINT('',(-0.760454018674,-3.69612941601,
    -2.899983684392));
#2261 = CARTESIAN_POINT('',(-3.169504449438,-2.746292923454,
    -2.980013646859));
#2262 = CARTESIAN_POINT('',(-4.445223489286,-7.01121953437E-05,
    -3.059998478958));
#2263 = CARTESIAN_POINT('',(-3.168990517095,2.746396813223,
    -3.139983317069));
#2264 = CARTESIAN_POINT('',(-0.760948602078,3.696089735403,
    -3.220013275594));
#2265 = CARTESIAN_POINT('',(1.348675044458,3.018446519751,
    -3.299993238304));
#2266 = CARTESIAN_POINT('',(2.401989656995,1.509205614451,
    -3.379998302676));
#2267 = CARTESIAN_POINT('',(2.401984988711,-7.683120240722E-08,
    -3.459998581946));
#2268 = CARTESIAN_POINT('',(1.917005383918,7.31540686738E-07,
    -2.380013501949));
#2269 = CARTESIAN_POINT('',(1.917002727554,-1.20454720638,
    -2.460011175847));
#2270 = CARTESIAN_POINT('',(1.076194862909,-2.408480282494,
    -2.539968993782));
#2271 = CARTESIAN_POINT('',(-0.606744508764,-2.951004185975,
    -2.62013588989));
#2272 = CARTESIAN_POINT('',(-2.52994435639,-2.190691413172,
    -2.699886350922));
#2273 = CARTESIAN_POINT('',(-3.547152529552,-4.865886918992E-05,
    -2.780012656969));
#2274 = CARTESIAN_POINT('',(-2.529599441309,2.190759525026,
    -2.860138967054));
#2275 = CARTESIAN_POINT('',(-0.607080350848,2.950976953842,
    -2.939889425438));
#2276 = CARTESIAN_POINT('',(1.076309126495,2.408485402418,
    -3.020056322597));
#2277 = CARTESIAN_POINT('',(1.917005836963,1.20454857802,-3.100014140348
    ));
#2278 = CARTESIAN_POINT('',(1.917003123167,6.400997084033E-07,
    -3.180011814235));
#2279 = ADVANCED_FACE('',(#2280),#2501,.T.);
#2280 = FACE_BOUND('',#2281,.F.);
#2281 = EDGE_LOOP('',(#2282,#2391,#2392,#2495));
#2282 = ORIENTED_EDGE('',*,*,#2283,.F.);
#2283 = EDGE_CURVE('',#1864,#2284,#2286,.T.);
#2284 = VERTEX_POINT('',#2285);
#2285 = CARTESIAN_POINT('',(2.35,5.9402125668E-12,-4.229988793528));
#2286 = B_SPLINE_CURVE_WITH_KNOTS('',7,(#2287,#2288,#2289,#2290,#2291,
    #2292,#2293,#2294,#2295,#2296,#2297,#2298,#2299,#2300,#2301,#2302,
    #2303,#2304,#2305,#2306,#2307,#2308,#2309,#2310,#2311,#2312,#2313,
    #2314,#2315,#2316,#2317,#2318,#2319,#2320,#2321,#2322,#2323,#2324,
    #2325,#2326,#2327,#2328,#2329,#2330,#2331,#2332,#2333,#2334,#2335,
    #2336,#2337,#2338,#2339,#2340,#2341,#2342,#2343,#2344,#2345,#2346,
    #2347,#2348,#2349,#2350,#2351,#2352,#2353,#2354,#2355,#2356,#2357,
    #2358,#2359,#2360,#2361,#2362,#2363,#2364,#2365,#2366,#2367,#2368,
    #2369,#2370,#2371,#2372,#2373,#2374,#2375,#2376,#2377,#2378,#2379,
    #2380,#2381,#2382,#2383,#2384,#2385,#2386,#2387,#2388,#2389,#2390),
  .UNSPECIFIED.,.F.,.F.,(8,6,6,6,6,6,6,6,6,6,6,6,6,6,6,6,6,8),(0.,
    1.843604924556E-02,5.643631461314E-02,0.125437924393,0.238922870053,
    0.265527060492,0.309529294621,0.401006582349,0.496323402691,
    0.597035505693,0.712215615742,0.737527747724,0.759904320101,
    0.811907453143,0.860912542116,0.873428387496,0.967425556563,1.),
  .UNSPECIFIED.);
#2287 = CARTESIAN_POINT('',(2.35,1.627142864891E-11,-3.429986925855));
#2288 = CARTESIAN_POINT('',(2.35,-3.888618509982E-02,-3.432093864401));
#2289 = CARTESIAN_POINT('',(2.349249295268,-7.777235038554E-02,
    -3.434200741208));
#2290 = CARTESIAN_POINT('',(2.347747885831,-0.116641099431,
    -3.436307587953));
#2291 = CARTESIAN_POINT('',(2.345496276111,-0.155475051794,
    -3.438414432351));
#2292 = CARTESIAN_POINT('',(2.342495474924,-0.194256843004,
    -3.440521298159));
#2293 = CARTESIAN_POINT('',(2.338746995479,-0.232969124558,
    -3.442628205171));
#2294 = CARTESIAN_POINT('',(2.324989562896,-0.351209069521,
    -3.449078029881));
#2295 = CARTESIAN_POINT('',(2.312558209099,-0.430455302724,
    -3.453421152408));
#2296 = CARTESIAN_POINT('',(2.296976584966,-0.509181095497,
    -3.45776467078));
#2297 = CARTESIAN_POINT('',(2.278271314972,-0.587236412656,
    -3.462108654935));
#2298 = CARTESIAN_POINT('',(2.256477857086,-0.664473351872,
    -3.466453110767));
#2299 = CARTESIAN_POINT('',(2.231640502774,-0.740746143665,
    -3.470797980129));
#2300 = CARTESIAN_POINT('',(2.153281533142,-0.952397212319,
    -3.483033166877));
#2301 = CARTESIAN_POINT('',(2.092886359915,-1.085239482703,
    -3.490924616197));
#2302 = CARTESIAN_POINT('',(2.022946277525,-1.213569632006,
    -3.498816183635));
#2303 = CARTESIAN_POINT('',(1.943872808175,-1.336570914542,
    -3.506706959556));
#2304 = CARTESIAN_POINT('',(1.856158906512,-1.453476210082,
    -3.514596435564));
#2305 = CARTESIAN_POINT('',(1.760376738115,-1.563571634438,
    -3.522484229609));
#2306 = CARTESIAN_POINT('',(1.487465649108,-1.835005022913,
    -3.543338256156));
#2307 = CARTESIAN_POINT('',(1.297622846156,-1.983700222807,
    -3.55630626455));
#2308 = CARTESIAN_POINT('',(1.090622397093,-2.109287719813,
    -3.569264149781));
#2309 = CARTESIAN_POINT('',(0.869877680629,-2.209493868931,
    -3.582217054811));
#2310 = CARTESIAN_POINT('',(0.639075896915,-2.282646020118,
    -3.595172712227));
#2311 = CARTESIAN_POINT('',(0.402173548868,-2.327671120851,
    -3.608136333425));
#2312 = CARTESIAN_POINT('',(0.107407334293,-2.348214749016,
    -3.624138658318));
#2313 = CARTESIAN_POINT('',(5.131984051597E-02,-2.350556696283,
    -3.62717790393));
#2314 = CARTESIAN_POINT('',(-4.824106226696E-03,-2.351335536603,
    -3.630217418884));
#2315 = CARTESIAN_POINT('',(-6.09722556199E-02,-2.350549819588,
    -3.633257207003));
#2316 = CARTESIAN_POINT('',(-0.117072385138,-2.348200278401,
    -3.636297266384));
#2317 = CARTESIAN_POINT('',(-0.173072300045,-2.344289829755,
    -3.639337589391));
#2318 = CARTESIAN_POINT('',(-0.321289351028,-2.329782612111,
    -3.647407145485));
#2319 = CARTESIAN_POINT('',(-0.413243061753,-2.316485474356,
    -3.652436861593));
#2320 = CARTESIAN_POINT('',(-0.504544304558,-2.298955391802,
    -3.657467182855));
#2321 = CARTESIAN_POINT('',(-0.594959583289,-2.277231644914,
    -3.662498029808));
#2322 = CARTESIAN_POINT('',(-0.684258999238,-2.251369461889,
    -3.66752932646));
#2323 = CARTESIAN_POINT('',(-0.772216683735,-2.221439917072,
    -3.67256095509));
#2324 = CARTESIAN_POINT('',(-1.038218902738,-2.117033344156,
    -3.688053347789));
#2325 = CARTESIAN_POINT('',(-1.21110340363,-2.029320593082,
    -3.698516398291));
#2326 = CARTESIAN_POINT('',(-1.375230346245,-1.925179028482,
    -3.708977795631));
#2327 = CARTESIAN_POINT('',(-1.528752761981,-1.805682156028,
    -3.719436814006));
#2328 = CARTESIAN_POINT('',(-1.669992707033,-1.67213589216,
    -3.72989443029));
#2329 = CARTESIAN_POINT('',(-1.797455916733,-1.526067252139,
    -3.740351217866));
#2330 = CARTESIAN_POINT('',(-2.027021801137,-1.205861694892,
    -3.76169708972));
#2331 = CARTESIAN_POINT('',(-2.127877897673,-1.030744792372,
    -3.772589769984));
#2332 = CARTESIAN_POINT('',(-2.210996001135,-0.845907724657,
    -3.783479794507));
#2333 = CARTESIAN_POINT('',(-2.275298058414,-0.653514548421,
    -3.794368821128));
#2334 = CARTESIAN_POINT('',(-2.320021863886,-0.455846681738,
    -3.805259804334));
#2335 = CARTESIAN_POINT('',(-2.344728167669,-0.255281178688,
    -3.816153850611));
#2336 = CARTESIAN_POINT('',(-2.354280310951,0.158076146469,
    -3.838557377976));
#2337 = CARTESIAN_POINT('',(-2.33679285777,0.371011387438,
    -3.850071770375));
#2338 = CARTESIAN_POINT('',(-2.296825085248,0.581588655328,
    -3.861585779528));
#2339 = CARTESIAN_POINT('',(-2.234794205261,0.786985681634,
    -3.873099262475));
#2340 = CARTESIAN_POINT('',(-2.151520346839,0.984485758984,
    -3.884613378333));
#2341 = CARTESIAN_POINT('',(-2.048217915516,1.171506934558,
    -3.896127547325));
#2342 = CARTESIAN_POINT('',(-1.78746354162,1.544828652733,
    -3.920799075753));
#2343 = CARTESIAN_POINT('',(-1.624270491562,1.727300696948,
    -3.933963674145));
#2344 = CARTESIAN_POINT('',(-1.439495756451,1.889428698395,
    -3.94712004088));
#2345 = CARTESIAN_POINT('',(-1.236240359203,2.028249961001,
    -3.960271378077));
#2346 = CARTESIAN_POINT('',(-1.017999677592,2.141377767375,
    -3.97342334003));
#2347 = CARTESIAN_POINT('',(-0.788660675037,2.227001378858,
    -3.986581870755));
#2348 = CARTESIAN_POINT('',(-0.500636616426,2.296674419658,
    -4.002630386092));
#2349 = CARTESIAN_POINT('',(-0.448411313409,2.307851809444,
    -4.005521996189));
#2350 = CARTESIAN_POINT('',(-0.395897133912,2.31764317235,
    -4.008413815097));
#2351 = CARTESIAN_POINT('',(-0.343138221299,2.326039674311,
    -4.011305857914));
#2352 = CARTESIAN_POINT('',(-0.290179002071,2.333034248281,
    -4.014198135692));
#2353 = CARTESIAN_POINT('',(-0.237064185864,2.338621594235,
    -4.017090655438));
#2354 = CARTESIAN_POINT('',(-0.136786131838,2.346490387124,
    -4.022540698115));
#2355 = CARTESIAN_POINT('',(-8.96469306741E-02,2.349080093493,
    -4.025098170998));
#2356 = CARTESIAN_POINT('',(-4.245225182808E-02,2.3505648628,
    -4.027655839241));
#2357 = CARTESIAN_POINT('',(4.766818274872E-03,2.350943352838,
    -4.030213701061));
#2358 = CARTESIAN_POINT('',(5.197919665441E-02,2.350215314666,
    -4.032771752416));
#2359 = CARTESIAN_POINT('',(9.915380377457E-02,2.348381592612,
    -4.035329987004));
#2360 = CARTESIAN_POINT('',(0.2557333047,2.33861745062,-4.043834136969)
  );
#2361 = CARTESIAN_POINT('',(0.364837102307,2.325829219025,-4.04978091617
    ));
#2362 = CARTESIAN_POINT('',(0.473178348005,2.3071040821,-4.055728451297)
  );
#2363 = CARTESIAN_POINT('',(0.580370009376,2.282498130497,
    -4.061676559892));
#2364 = CARTESIAN_POINT('',(0.686031660547,2.252098663664,
    -4.067625061457));
#2365 = CARTESIAN_POINT('',(0.789790512789,2.216023960599,
    -4.073573679302));
#2366 = CARTESIAN_POINT('',(0.986923243721,2.135220483838,-4.08512728087
    ));
#2367 = CARTESIAN_POINT('',(1.08055371649,2.091109429673,-4.090732467786
    ));
#2368 = CARTESIAN_POINT('',(1.171869514053,2.042214734892,
    -4.096337125689));
#2369 = CARTESIAN_POINT('',(1.260578262203,1.98868340643,-4.101941041729
    ));
#2370 = CARTESIAN_POINT('',(1.346400238697,1.930684212734,
    -4.107544099572));
#2371 = CARTESIAN_POINT('',(1.429069050053,1.86840728511,-4.113146211309
    ));
#2372 = CARTESIAN_POINT('',(1.528576056617,1.785119645877,
    -4.120177748274));
#2373 = CARTESIAN_POINT('',(1.548597751275,1.76791024715,-4.121608182825
    ));
#2374 = CARTESIAN_POINT('',(1.56839320338,1.750439029738,-4.123038552003
    ));
#2375 = CARTESIAN_POINT('',(1.587958301733,1.732709574658,
    -4.124468855635));
#2376 = CARTESIAN_POINT('',(1.607289012875,1.714725537102,
    -4.125899094384));
#2377 = CARTESIAN_POINT('',(1.626381381082,1.696490646434,
    -4.127329269756));
#2378 = CARTESIAN_POINT('',(1.786800909251,1.539204653497,
    -4.139499905019));
#2379 = CARTESIAN_POINT('',(1.914733376324,1.386441050373,-4.15023889225
    ));
#2380 = CARTESIAN_POINT('',(2.027327852509,1.221369183097,
    -4.160973565993));
#2381 = CARTESIAN_POINT('',(2.123203675298,1.045851837927,
    -4.171706717657));
#2382 = CARTESIAN_POINT('',(2.201255470294,0.861913517013,
    -4.182443083759));
#2383 = CARTESIAN_POINT('',(2.260663035035,0.671721619817,
    -4.193185000875));
#2384 = CARTESIAN_POINT('',(2.314919722836,0.410325823037,
    -4.207650068347));
#2385 = CARTESIAN_POINT('',(2.326588612274,0.342576460219,
    -4.211373090894));
#2386 = CARTESIAN_POINT('',(2.335943329871,0.274444819287,
    -4.215096329728));
#2387 = CARTESIAN_POINT('',(2.342969188327,0.20602573713,-4.218819674916
    ));
#2388 = CARTESIAN_POINT('',(2.347656384619,0.137414569824,
    -4.222542986142));
#2389 = CARTESIAN_POINT('',(2.35,6.870719263449E-02,-4.226266092707));
#2390 = CARTESIAN_POINT('',(2.35,1.189937037793E-11,-4.229988793528));
#2391 = ORIENTED_EDGE('',*,*,#2069,.T.);
#2392 = ORIENTED_EDGE('',*,*,#2393,.T.);
#2393 = EDGE_CURVE('',#1967,#2394,#2396,.T.);
#2394 = VERTEX_POINT('',#2395);
#2395 = CARTESIAN_POINT('',(2.35,6.363880580806E-13,-4.330001462783));
#2396 = B_SPLINE_CURVE_WITH_KNOTS('',7,(#2397,#2398,#2399,#2400,#2401,
    #2402,#2403,#2404,#2405,#2406,#2407,#2408,#2409,#2410,#2411,#2412,
    #2413,#2414,#2415,#2416,#2417,#2418,#2419,#2420,#2421,#2422,#2423,
    #2424,#2425,#2426,#2427,#2428,#2429,#2430,#2431,#2432,#2433,#2434,
    #2435,#2436,#2437,#2438,#2439,#2440,#2441,#2442,#2443,#2444,#2445,
    #2446,#2447,#2448,#2449,#2450,#2451,#2452,#2453,#2454,#2455,#2456,
    #2457,#2458,#2459,#2460,#2461,#2462,#2463,#2464,#2465,#2466,#2467,
    #2468,#2469,#2470,#2471,#2472,#2473,#2474,#2475,#2476,#2477,#2478,
    #2479,#2480,#2481,#2482,#2483,#2484,#2485,#2486,#2487,#2488,#2489,
    #2490,#2491,#2492,#2493,#2494),.UNSPECIFIED.,.F.,.F.,(8,6,6,6,6,6,6,
    6,6,6,6,6,6,6,6,6,8),(0.,2.487024506366E-02,0.127678374945,
    0.181379103048,0.262380468454,0.285490935737,0.40172649418,
    0.498892191075,0.598252701009,0.687232870137,0.737234821913,
    0.782938127996,0.836941607651,0.872283961298,0.942845589652,
    0.972845462061,1.),.UNSPECIFIED.);
#2397 = CARTESIAN_POINT('',(2.35,1.857625164803E-12,-3.530001755349));
#2398 = CARTESIAN_POINT('',(2.35,-5.245761744824E-02,-3.532843916349));
#2399 = CARTESIAN_POINT('',(2.34863385308,-0.104915297769,
    -3.535686244241));
#2400 = CARTESIAN_POINT('',(2.345901567207,-0.1573302018,-3.538528668163
    ));
#2401 = CARTESIAN_POINT('',(2.341804814024,-0.209659633342,
    -3.541371124497));
#2402 = CARTESIAN_POINT('',(2.336346928851,-0.261861039163,
    -3.544213556861));
#2403 = CARTESIAN_POINT('',(2.329532910688,-0.313892008995,
    -3.547055916117));
#2404 = CARTESIAN_POINT('',(2.2876233541,-0.579915606559,-3.561647373739
    ));
#2405 = CARTESIAN_POINT('',(2.230808171145,-0.790542849799,
    -3.573397730715));
#2406 = CARTESIAN_POINT('',(2.151389707981,-0.994508919587,
    -3.585140975916));
#2407 = CARTESIAN_POINT('',(2.050351629998,-1.188942815726,
    -3.596879877507));
#2408 = CARTESIAN_POINT('',(1.929085590069,-1.371165332822,
    -3.608621014567));
#2409 = CARTESIAN_POINT('',(1.789375977835,-1.53871942741,
    -3.620368212843));
#2410 = CARTESIAN_POINT('',(1.552048277613,-1.768184396072,
    -3.638253288481));
#2411 = CARTESIAN_POINT('',(1.466188195766,-1.842339861254,
    -3.644391219976));
#2412 = CARTESIAN_POINT('',(1.376210851402,-1.9116163902,-3.650530319418
    ));
#2413 = CARTESIAN_POINT('',(1.282450134206,-1.975741663052,
    -3.656670552413));
#2414 = CARTESIAN_POINT('',(1.185260937015,-2.034472992027,
    -3.662811838375));
#2415 = CARTESIAN_POINT('',(1.085018104675,-2.087598025111,
    -3.668953934759));
#2416 = CARTESIAN_POINT('',(0.826898475013,-2.206338504571,
    -3.684361404189));
#2417 = CARTESIAN_POINT('',(0.665609879278,-2.264582945718,
    -3.69362833085));
#2418 = CARTESIAN_POINT('',(0.499615622326,-2.309035037135,
    -3.702894448335));
#2419 = CARTESIAN_POINT('',(0.330332028167,-2.33926038637,
    -3.712158747273));
#2420 = CARTESIAN_POINT('',(0.159211545001,-2.354999731585,
    -3.721421179112));
#2421 = CARTESIAN_POINT('',(-1.226678407183E-02,-2.356170606504,
    -3.730681655214));
#2422 = CARTESIAN_POINT('',(-0.231200537924,-2.339107192005,
    -3.742579859532));
#2423 = CARTESIAN_POINT('',(-0.279707289436,-2.334143412469,
    -3.745220790218));
#2424 = CARTESIAN_POINT('',(-0.328088221519,-2.328006213834,
    -3.747861522535));
#2425 = CARTESIAN_POINT('',(-0.376309285485,-2.32069949441,
    -3.750502062052));
#2426 = CARTESIAN_POINT('',(-0.424336623424,-2.312228381673,
    -3.753142417261));
#2427 = CARTESIAN_POINT('',(-0.472136568202,-2.302599232265,
    -3.755782599575));
#2428 = CARTESIAN_POINT('',(-0.75877643243,-2.23760294992,
    -3.771700789969));
#2429 = CARTESIAN_POINT('',(-0.991379180771,-2.154260698349,
    -3.784980519705));
#2430 = CARTESIAN_POINT('',(-1.213041608417,-2.042755835459,
    -3.798253400458));
#2431 = CARTESIAN_POINT('',(-1.419744874762,-1.904900594719,
    -3.811525560203));
#2432 = CARTESIAN_POINT('',(-1.607870149009,-1.743108214878,
    -3.824802815023));
#2433 = CARTESIAN_POINT('',(-1.77419955761,-1.560392593403,
    -3.838088495669));
#2434 = CARTESIAN_POINT('',(-2.034787370219,-1.193375099227,
    -3.862475624226));
#2435 = CARTESIAN_POINT('',(-2.13645908622,-1.014158393599,
    -3.873583953094));
#2436 = CARTESIAN_POINT('',(-2.219621466223,-0.824966053162,
    -3.884692339042));
#2437 = CARTESIAN_POINT('',(-2.28315092554,-0.628100023859,
    -3.895800251596));
#2438 = CARTESIAN_POINT('',(-2.326265165439,-0.425985376291,
    -3.906908602999));
#2439 = CARTESIAN_POINT('',(-2.348530796245,-0.221146282839,
    -3.918017203887));
#2440 = CARTESIAN_POINT('',(-2.35138936986,0.193363853721,
    -3.940477725066));
#2441 = CARTESIAN_POINT('',(-2.331030253338,0.403131437043,
    -3.951834344653));
#2442 = CARTESIAN_POINT('',(-2.288830941678,0.610288535913,
    -3.963187377221));
#2443 = CARTESIAN_POINT('',(-2.225228865042,0.812130873241,
    -3.974538098798));
#2444 = CARTESIAN_POINT('',(-2.141042687294,1.006059167193,
    -3.985890064395));
#2445 = CARTESIAN_POINT('',(-2.037464012985,1.189606295242,
    -3.997245247918));
#2446 = CARTESIAN_POINT('',(-1.807477291624,1.513522586217,
    -4.01876821043));
#2447 = CARTESIAN_POINT('',(-1.684546813407,1.656452901982,
    -4.02893959455));
#2448 = CARTESIAN_POINT('',(-1.548495028012,1.78764179466,
    -4.039111914272));
#2449 = CARTESIAN_POINT('',(-1.400683860648,1.905671682392,
    -4.049285653425));
#2450 = CARTESIAN_POINT('',(-1.242642385686,2.009321677466,
    -4.059461632014));
#2451 = CARTESIAN_POINT('',(-1.076054307188,2.097577537995,
    -4.069639168612));
#2452 = CARTESIAN_POINT('',(-0.805400110645,2.210193180586,
    -4.085532687789));
#2453 = CARTESIAN_POINT('',(-0.705903450987,2.245611188271,
    -4.091250630932));
#2454 = CARTESIAN_POINT('',(-0.604606858845,2.275797052327,
    -4.096968130744));
#2455 = CARTESIAN_POINT('',(-0.501840768878,2.300642843068,
    -4.102685014354));
#2456 = CARTESIAN_POINT('',(-0.397942434066,2.320067034446,
    -4.108401185763));
#2457 = CARTESIAN_POINT('',(-0.293255086603,2.334014702745,
    -4.114116541001));
#2458 = CARTESIAN_POINT('',(-9.203691764086E-02,2.350174904888,
    -4.125053966092));
#2459 = CARTESIAN_POINT('',(4.423603122513E-03,2.353293423045,
    -4.130276323735));
#2460 = CARTESIAN_POINT('',(0.100988725448,2.351792009343,
    -4.135497817874));
#2461 = CARTESIAN_POINT('',(0.197393103706,2.345668432197,
    -4.140718467221));
#2462 = CARTESIAN_POINT('',(0.293372322979,2.334939466866,
    -4.145938376319));
#2463 = CARTESIAN_POINT('',(0.388663437361,2.319640863474,
    -4.151157664313));
#2464 = CARTESIAN_POINT('',(0.594481034701,2.276415429738,
    -4.162542896154));
#2465 = CARTESIAN_POINT('',(0.70463492703,2.246698967995,-4.168708810154
    ));
#2466 = CARTESIAN_POINT('',(0.813035745648,2.210768708639,
    -4.174874170232));
#2467 = CARTESIAN_POINT('',(0.919263860066,2.168750668418,
    -4.181039340099));
#2468 = CARTESIAN_POINT('',(1.022912664314,2.120805635853,
    -4.187204799197));
#2469 = CARTESIAN_POINT('',(1.123589792376,2.067128705092,
    -4.193370929223));
#2470 = CARTESIAN_POINT('',(1.2846145944,1.969218772329,-4.203573684119)
  );
#2471 = CARTESIAN_POINT('',(1.346877772681,1.928131200479,
    -4.207609937768));
#2472 = CARTESIAN_POINT('',(1.407602630252,1.884750125763,-4.21164664293
    ));
#2473 = CARTESIAN_POINT('',(1.466688089401,1.839144971821,
    -4.215683857772));
#2474 = CARTESIAN_POINT('',(1.524037232898,1.791390554398,
    -4.219721617295));
#2475 = CARTESIAN_POINT('',(1.579557303997,1.741567081339,
    -4.223759933331));
#2476 = CARTESIAN_POINT('',(1.740177842158,1.586326711546,
    -4.235862451741));
#2477 = CARTESIAN_POINT('',(1.839559280458,1.47498011723,-4.243928758073
    ));
#2478 = CARTESIAN_POINT('',(1.930590276158,1.356407290257,
    -4.251996806538));
#2479 = CARTESIAN_POINT('',(2.012650053717,1.231364627413,
    -4.260066168217));
#2480 = CARTESIAN_POINT('',(2.085203752068,1.100667504256,-4.26813625998
    ));
#2481 = CARTESIAN_POINT('',(2.14780494979,0.965186241041,-4.2762060539)
  );
#2482 = CARTESIAN_POINT('',(2.222344756736,0.766607927785,
    -4.287704338391));
#2483 = CARTESIAN_POINT('',(2.242720808269,0.706668629184,
    -4.291134326321));
#2484 = CARTESIAN_POINT('',(2.261209514371,0.646101030414,
    -4.294564035326));
#2485 = CARTESIAN_POINT('',(2.277787868372,0.584976453816,
    -4.297993434657));
#2486 = CARTESIAN_POINT('',(2.292436267774,0.523367149805,
    -4.301422519649));
#2487 = CARTESIAN_POINT('',(2.305138514241,0.461346296869,-4.30485131172
    ));
#2488 = CARTESIAN_POINT('',(2.325606165974,0.342544071667,
    -4.311383224908));
#2489 = CARTESIAN_POINT('',(2.33372558537,0.285823443605,-4.314486395419
    ));
#2490 = CARTESIAN_POINT('',(2.340230601242,0.228881052827,
    -4.317589411803));
#2491 = CARTESIAN_POINT('',(2.345114108225,0.171772047021,
    -4.320692335639));
#2492 = CARTESIAN_POINT('',(2.348371366141,0.11455178612,-4.323795248181
    ));
#2493 = CARTESIAN_POINT('',(2.35,5.727584230451E-02,-4.326898250359));
#2494 = CARTESIAN_POINT('',(2.35,1.238120717062E-12,-4.330001462783));
#2495 = ORIENTED_EDGE('',*,*,#2496,.F.);
#2496 = EDGE_CURVE('',#2284,#2394,#2497,.T.);
#2497 = LINE('',#2498,#2499);
#2498 = CARTESIAN_POINT('',(2.35,0.,-0.2));
#2499 = VECTOR('',#2500,1.);
#2500 = DIRECTION('',(0.,0.,-1.));
#2501 = CYLINDRICAL_SURFACE('',#2502,2.35);
#2502 = AXIS2_PLACEMENT_3D('',#2503,#2504,#2505);
#2503 = CARTESIAN_POINT('',(0.,0.,-0.2));
#2504 = DIRECTION('',(-0.,-0.,-1.));
#2505 = DIRECTION('',(1.,0.,0.));
#2506 = ADVANCED_FACE('',(#2507),#2533,.T.);
#2507 = FACE_BOUND('',#2508,.T.);
#2508 = EDGE_LOOP('',(#2509,#2526,#2527,#2528));
#2509 = ORIENTED_EDGE('',*,*,#2510,.F.);
#2510 = EDGE_CURVE('',#2084,#2511,#2513,.T.);
#2511 = VERTEX_POINT('',#2512);
#2512 = CARTESIAN_POINT('',(1.916996185114,5.486613330877E-07,
    -3.780010126568));
#2513 = ( BOUNDED_CURVE() B_SPLINE_CURVE(11,(#2514,#2515,#2516,#2517,
    #2518,#2519,#2520,#2521,#2522,#2523,#2524,#2525),.UNSPECIFIED.,.F.,
.F.) B_SPLINE_CURVE_WITH_KNOTS((12,12),(0.,6.333910135482),
.PIECEWISE_BEZIER_KNOTS.) CURVE() GEOMETRIC_REPRESENTATION_ITEM() 
RATIONAL_B_SPLINE_CURVE((1.056590953773,1.056590953773,1.056590953773,
    1.056590953773,1.056590953773,1.056590953774,1.056590953773,
    1.056590953774,1.056590953773,1.056590953773,1.056590953773,
1.056590953773)) REPRESENTATION_ITEM('') );
#2514 = CARTESIAN_POINT('',(1.916997666306,6.401038193937E-07,
    -2.98001181431));
#2515 = CARTESIAN_POINT('',(1.916996175971,-1.095038755078,
    -3.052736972362));
#2516 = CARTESIAN_POINT('',(1.229080702842,-2.18957565432,
    -3.125429520413));
#2517 = CARTESIAN_POINT('',(-0.147711872626,-2.806074431362,
    -3.198376289816));
#2518 = CARTESIAN_POINT('',(-1.830909429259,-2.455202069185,
    -3.270468910539));
#2519 = CARTESIAN_POINT('',(-3.084149065058,-1.017150796747,
    -3.344332035098));
#2520 = CARTESIAN_POINT('',(-3.085240924855,1.017135835734,
    -3.415689905511));
#2521 = CARTESIAN_POINT('',(-1.830177131011,2.455223702295,
    -3.489553030882));
#2522 = CARTESIAN_POINT('',(-0.14802216548,2.806062347838,
    -3.561645650688));
#2523 = CARTESIAN_POINT('',(1.229141993039,2.189578748296,
    -3.634592420572));
#2524 = CARTESIAN_POINT('',(1.916997727661,1.095039943843,
    -3.707284968521));
#2525 = CARTESIAN_POINT('',(1.916996185114,5.486613344208E-07,
    -3.780010126568));
#2526 = ORIENTED_EDGE('',*,*,#2102,.T.);
#2527 = ORIENTED_EDGE('',*,*,#1966,.T.);
#2528 = ORIENTED_EDGE('',*,*,#2529,.F.);
#2529 = EDGE_CURVE('',#2511,#1967,#2530,.T.);
#2530 = B_SPLINE_CURVE_WITH_KNOTS('',1,(#2531,#2532),.UNSPECIFIED.,.F.,
  .F.,(2,2),(0.,0.56),.PIECEWISE_BEZIER_KNOTS.);
#2531 = CARTESIAN_POINT('',(1.916996185114,5.486613353604E-07,
    -3.780010126568));
#2532 = CARTESIAN_POINT('',(2.401963862867,-6.584159301665E-08,
    -3.499998784772));
#2533 = B_SPLINE_SURFACE_WITH_KNOTS('',1,10,(
    (#2534,#2535,#2536,#2537,#2538,#2539,#2540,#2541,#2542,#2543,#2544)
    ,(#2545,#2546,#2547,#2548,#2549,#2550,#2551,#2552,#2553,#2554,#2555
    )),.UNSPECIFIED.,.F.,.F.,.F.,(2,2),(11,11),(0.,0.56),(0.,
    6.333910135482),.PIECEWISE_BEZIER_KNOTS.);
#2534 = CARTESIAN_POINT('',(1.916997666306,6.401038200457E-07,
    -2.98001181431));
#2535 = CARTESIAN_POINT('',(1.916996026938,-1.204542694596,
    -3.060009488167));
#2536 = CARTESIAN_POINT('',(1.076210630821,-2.408471867591,
    -3.139967305356));
#2537 = CARTESIAN_POINT('',(-0.606799865275,-2.950988278475,
    -3.220134204471));
#2538 = CARTESIAN_POINT('',(-2.52987506075,-2.190694952575,
    -3.299884660821));
#2539 = CARTESIAN_POINT('',(-3.547138960165,-3.214876589208E-05,
    -3.380010969703));
#2540 = CARTESIAN_POINT('',(-2.529649412661,2.190739195382,
    -3.460137281231));
#2541 = CARTESIAN_POINT('',(-0.607020346997,2.950970344619,
    -3.539887735844));
#2542 = CARTESIAN_POINT('',(1.076285128844,2.408475384948,
    -3.620054635651));
#2543 = CARTESIAN_POINT('',(1.916997881916,1.204543883361,
    -3.700012452717));
#2544 = CARTESIAN_POINT('',(1.916996185114,5.486613353604E-07,
    -3.780010126568));
#2545 = CARTESIAN_POINT('',(2.401964252638,-7.681548305598E-08,
    -2.699998582229));
#2546 = CARTESIAN_POINT('',(2.401963667179,-1.509191566767,
    -2.779998861387));
#2547 = CARTESIAN_POINT('',(1.348566168223,-3.018414573649,
    -2.860003923706));
#2548 = CARTESIAN_POINT('',(-0.760665482015,-3.696077130096,
    -2.939983894259));
#2549 = CARTESIAN_POINT('',(-3.169247624919,-2.74631284721,
    -3.020013841956));
#2550 = CARTESIAN_POINT('',(-4.445181626565,-8.038127335297E-06,
    -3.099998683305));
#2551 = CARTESIAN_POINT('',(-3.169187724525,2.746325090132,
    -3.179983525356));
#2552 = CARTESIAN_POINT('',(-0.760722801293,3.696072555293,
    -3.260013472593));
#2553 = CARTESIAN_POINT('',(1.348586344992,3.018415243461,
    -3.339993443328));
#2554 = CARTESIAN_POINT('',(2.401964441434,1.50919142411,-3.419998505616
    ));
#2555 = CARTESIAN_POINT('',(2.401963862867,-6.584159301665E-08,
    -3.499998784772));
#2556 = ADVANCED_FACE('',(#2557),#2587,.T.);
#2557 = FACE_BOUND('',#2558,.T.);
#2558 = EDGE_LOOP('',(#2559,#2575,#2576,#2577));
#2559 = ORIENTED_EDGE('',*,*,#2560,.F.);
#2560 = EDGE_CURVE('',#2134,#2561,#2563,.T.);
#2561 = VERTEX_POINT('',#2562);
#2562 = CARTESIAN_POINT('',(1.917000862424,5.486582700258E-07,
    -3.980010126513));
#2563 = B_SPLINE_CURVE_WITH_KNOTS('',10,(#2564,#2565,#2566,#2567,#2568,
    #2569,#2570,#2571,#2572,#2573,#2574),.UNSPECIFIED.,.F.,.F.,(11,11),(
    0.,6.333910135482),.PIECEWISE_BEZIER_KNOTS.);
#2564 = CARTESIAN_POINT('',(1.917003123167,6.400996743138E-07,
    -3.180011814235));
#2565 = CARTESIAN_POINT('',(1.917000409371,-1.204545877658,
    -3.260009488122));
#2566 = CARTESIAN_POINT('',(1.076193478572,-2.408477490516,
    -3.339967305836));
#2567 = CARTESIAN_POINT('',(-0.60674393285,-2.951000683563,
    -3.420134202816));
#2568 = CARTESIAN_POINT('',(-2.52994147973,-2.190688702685,
    -3.499884662545));
#2569 = CARTESIAN_POINT('',(-3.54714834319,-4.848939907554E-05,
    -3.580010969249));
#2570 = CARTESIAN_POINT('',(-2.529596356136,2.190757055468,
    -3.660137279999));
#2571 = CARTESIAN_POINT('',(-0.607079492987,2.950973509505,
    -3.739887737074));
#2572 = CARTESIAN_POINT('',(1.076307971834,2.40848250773,-3.820054635108
    ));
#2573 = CARTESIAN_POINT('',(1.917003633651,1.204547066416,
    -3.900012452637));
#2574 = CARTESIAN_POINT('',(1.917000862424,5.486582732062E-07,
    -3.980010126513));
#2575 = ORIENTED_EDGE('',*,*,#2151,.T.);
#2576 = ORIENTED_EDGE('',*,*,#2510,.T.);
#2577 = ORIENTED_EDGE('',*,*,#2578,.F.);
#2578 = EDGE_CURVE('',#2561,#2511,#2579,.T.);
#2579 = ( BOUNDED_CURVE() B_SPLINE_CURVE(6,(#2580,#2581,#2582,#2583,
#2584,#2585,#2586),.UNSPECIFIED.,.F.,.F.) B_SPLINE_CURVE_WITH_KNOTS((7,7
),(0.,2.094395102393),.PIECEWISE_BEZIER_KNOTS.) CURVE() 
GEOMETRIC_REPRESENTATION_ITEM() RATIONAL_B_SPLINE_CURVE((1.056590953773,
    1.017435169568,0.996326512422,0.989390034249,0.996326512422,
1.017435169568,1.056590953773)) REPRESENTATION_ITEM('') );
#2580 = CARTESIAN_POINT('',(1.917000862424,5.486582730363E-07,
    -3.980010126513));
#2581 = CARTESIAN_POINT('',(1.880751335211,5.945894774317E-07,
    -3.959082582539));
#2582 = CARTESIAN_POINT('',(1.855205706324,6.269576439122E-07,
    -3.923661198942));
#2583 = CARTESIAN_POINT('',(1.845971732432,6.386573200845E-07,
    -3.880011787612));
#2584 = CARTESIAN_POINT('',(1.855203664696,6.269589863384E-07,
    -3.836361944428));
#2585 = CARTESIAN_POINT('',(1.880747636787,5.945919006045E-07,
    -3.800939366022));
#2586 = CARTESIAN_POINT('',(1.916996185114,5.486613344208E-07,
    -3.780010126568));
#2587 = ( BOUNDED_SURFACE() B_SPLINE_SURFACE(6,11,(
    (#2588,#2589,#2590,#2591,#2592,#2593,#2594,#2595,#2596,#2597,#2598
      ,#2599)
    ,(#2600,#2601,#2602,#2603,#2604,#2605,#2606,#2607,#2608,#2609,#2610
      ,#2611)
    ,(#2612,#2613,#2614,#2615,#2616,#2617,#2618,#2619,#2620,#2621,#2622
      ,#2623)
    ,(#2624,#2625,#2626,#2627,#2628,#2629,#2630,#2631,#2632,#2633,#2634
      ,#2635)
    ,(#2636,#2637,#2638,#2639,#2640,#2641,#2642,#2643,#2644,#2645,#2646
      ,#2647)
    ,(#2648,#2649,#2650,#2651,#2652,#2653,#2654,#2655,#2656,#2657,#2658
      ,#2659)
    ,(#2660,#2661,#2662,#2663,#2664,#2665,#2666,#2667,#2668,#2669,#2670
,#2671
    )),.UNSPECIFIED.,.F.,.F.,.F.) B_SPLINE_SURFACE_WITH_KNOTS((7,7),(12,
    12),(0.,2.094395102393),(0.,6.333910135482),
.PIECEWISE_BEZIER_KNOTS.) GEOMETRIC_REPRESENTATION_ITEM() 
RATIONAL_B_SPLINE_SURFACE((
    (1.056590953773,1.056590953773,1.056590953773,1.056590953773
      ,1.056590953773,1.056590953774,1.056590953773,1.056590953774
      ,1.056590953773,1.056590953773,1.056590953773,1.056590953773)
    ,(1.017435169568,1.017435169568,1.017435169568,1.017435169568
      ,1.017435169568,1.017435169569,1.017435169568,1.017435169568
      ,1.017435169568,1.017435169568,1.017435169568,1.017435169568)
    ,(0.996326512422,0.996326512422,0.996326512422,0.996326512422
      ,0.996326512422,0.996326512423,0.996326512421,0.996326512423
      ,0.996326512422,0.996326512422,0.996326512422,0.996326512422)
    ,(0.989390034249,0.989390034249,0.989390034248,0.989390034249
      ,0.989390034248,0.989390034249,0.989390034248,0.989390034249
      ,0.989390034248,0.989390034249,0.989390034249,0.989390034249)
    ,(0.996326512422,0.996326512422,0.996326512422,0.996326512423
      ,0.996326512421,0.996326512423,0.996326512421,0.996326512423
      ,0.996326512422,0.996326512422,0.996326512422,0.996326512422)
    ,(1.017435169568,1.017435169568,1.017435169568,1.017435169568
      ,1.017435169568,1.017435169568,1.017435169568,1.017435169568
      ,1.017435169568,1.017435169568,1.017435169568,1.017435169568)
    ,(1.056590953773,1.056590953773,1.056590953773,1.056590953773
      ,1.056590953773,1.056590953774,1.056590953773,1.056590953774
      ,1.056590953773,1.056590953773,1.056590953773,1.056590953773
))) REPRESENTATION_ITEM('') SURFACE() );
#2588 = CARTESIAN_POINT('',(1.917003123167,6.400996735989E-07,
    -3.180011814235));
#2589 = CARTESIAN_POINT('',(1.91700065608,-1.09504164877,-3.252736972314
    ));
#2590 = CARTESIAN_POINT('',(1.229067465991,-2.189580833633,
    -3.325429520797));
#2591 = CARTESIAN_POINT('',(-0.147631068362,-2.806084986572,
    -3.398376287505));
#2592 = CARTESIAN_POINT('',(-1.831107372623,-2.455202603699,
    -3.470468915898));
#2593 = CARTESIAN_POINT('',(-3.083870059578,-1.017156867576,
    -3.544332026949));
#2594 = CARTESIAN_POINT('',(-3.085536240204,1.017135039497,
    -3.615689913388));
#2595 = CARTESIAN_POINT('',(-1.829988859595,2.455236219447,
    -3.689553025681));
#2596 = CARTESIAN_POINT('',(-0.148103754864,2.806066591952,
    -3.761645652672));
#2597 = CARTESIAN_POINT('',(1.229161728528,2.189585154764,
    -3.834592420114));
#2598 = CARTESIAN_POINT('',(1.917003381722,1.095042837529,
    -3.907284968444));
#2599 = CARTESIAN_POINT('',(1.917000862424,5.486582730363E-07,
    -3.980010126513));
#2600 = CARTESIAN_POINT('',(1.880753514384,6.936861443041E-07,
    -3.159084411553));
#2601 = CARTESIAN_POINT('',(1.880751180103,-1.074340353445,
    -3.231809392597));
#2602 = CARTESIAN_POINT('',(1.205823854479,-2.148138937744,
    -3.30449903404));
#2603 = CARTESIAN_POINT('',(-0.1448311515,-2.753148005549,
    -3.377464176309));
#2604 = CARTESIAN_POINT('',(-1.796490886498,-2.408517924271,
    -3.449503673696));
#2605 = CARTESIAN_POINT('',(-3.02556025726,-0.998289564153,
    -3.523461874517));
#2606 = CARTESIAN_POINT('',(-3.027166394263,0.998268294464,
    -3.594705119178));
#2607 = CARTESIAN_POINT('',(-1.795412914133,2.40855019121,
    -3.668663321196));
#2608 = CARTESIAN_POINT('',(-0.145286990887,2.753130263596,
    -3.740702817232));
#2609 = CARTESIAN_POINT('',(1.205914553105,2.148143194285,
    -3.813667960208));
#2610 = CARTESIAN_POINT('',(1.880753726074,1.074341641721,
    -3.886357601503));
#2611 = CARTESIAN_POINT('',(1.880751335211,5.945894774317E-07,
    -3.959082582539));
#2612 = CARTESIAN_POINT('',(1.855207747434,7.314491097254E-07,
    -3.123663127527));
#2613 = CARTESIAN_POINT('',(1.855205607707,-1.059751792365,
    -3.196387983812));
#2614 = CARTESIAN_POINT('',(1.189445383306,-2.118934179925,
    -3.269075576611));
#2615 = CARTESIAN_POINT('',(-0.142866394698,-2.715842072695,
    -3.342053668468));
#2616 = CARTESIAN_POINT('',(-1.772076088724,-2.375619042036,
    -3.414055723491));
#2617 = CARTESIAN_POINT('',(-2.984498013315,-0.984993093992,
    -3.488080935741));
#2618 = CARTESIAN_POINT('',(-2.986002470771,0.98497292764,
    -3.559243390357));
#2619 = CARTESIAN_POINT('',(-1.771066607893,2.375649119837,
    -3.633268603727));
#2620 = CARTESIAN_POINT('',(-0.143293575499,2.715825443046,
    -3.705270657485));
#2621 = CARTESIAN_POINT('',(1.189530162136,2.118938264099,
    -3.778248750005));
#2622 = CARTESIAN_POINT('',(1.855207905714,1.059753150772,
    -3.850936342664));
#2623 = CARTESIAN_POINT('',(1.855205706324,6.269576439122E-07,
    -3.923661198942));
#2624 = CARTESIAN_POINT('',(1.845973603406,7.450988531166E-07,
    -3.080013752189));
#2625 = CARTESIAN_POINT('',(1.845971684647,-1.054478433478,
    -3.152738563377));
#2626 = CARTESIAN_POINT('',(1.183527564351,-2.108377567259,
    -3.225425415644));
#2627 = CARTESIAN_POINT('',(-0.142168712596,-2.702356529372,
    -3.298408188436));
#2628 = CARTESIAN_POINT('',(-1.763221036166,-2.363727935583,
    -3.370396709049));
#2629 = CARTESIAN_POINT('',(-2.96969944286,-0.980186260469,
    -3.444446144099));
#2630 = CARTESIAN_POINT('',(-2.971078569733,0.980167552039,
    -3.515579395362));
#2631 = CARTESIAN_POINT('',(-1.762295878182,2.363755374018,
    -3.589628831438));
#2632 = CARTESIAN_POINT('',(-0.142560488494,2.702341275138,
    -3.661617350893));
#2633 = CARTESIAN_POINT('',(1.183605118089,2.108381399865,
    -3.734600124292));
#2634 = CARTESIAN_POINT('',(1.845973711967,1.054479817234,
    -3.807286976431));
#2635 = CARTESIAN_POINT('',(1.845971732432,6.386573200845E-07,
    -3.880011787612));
#2636 = CARTESIAN_POINT('',(1.855205365534,7.314509157252E-07,
    -3.036363873022));
#2637 = CARTESIAN_POINT('',(1.855203652156,-1.059750529279,
    -3.109088729296));
#2638 = CARTESIAN_POINT('',(1.189451161143,-2.118931919174,
    -3.181776321905));
#2639 = CARTESIAN_POINT('',(-0.142901665458,-2.715837465384,
    -3.254754414939));
#2640 = CARTESIAN_POINT('',(-1.771989687185,-2.375618808723,
    -3.326756466615));
#2641 = CARTESIAN_POINT('',(-2.984619798165,-0.984990444097,
    -3.40078168476));
#2642 = CARTESIAN_POINT('',(-2.985873566724,0.984973275195,
    -3.471944132381));
#2643 = CARTESIAN_POINT('',(-1.771148787663,2.375643656146,
    -3.545969351459));
#2644 = CARTESIAN_POINT('',(-0.143257962038,2.715823590507,
    -3.617971402082));
#2645 = CARTESIAN_POINT('',(1.189521547668,2.1189354677,-3.690949495667)
  );
#2646 = CARTESIAN_POINT('',(1.855205437737,1.059751887689,
    -3.763637088161));
#2647 = CARTESIAN_POINT('',(1.855203664696,6.269589863384E-07,
    -3.836361944428));
#2648 = CARTESIAN_POINT('',(1.880749199556,6.936894212939E-07,
    -3.000941195052));
#2649 = CARTESIAN_POINT('',(1.880747637609,-1.074338065356,
    -3.073666176075));
#2650 = CARTESIAN_POINT('',(1.20583432107,-2.148134842378,
    -3.146355817176));
#2651 = CARTESIAN_POINT('',(-0.144895044733,-2.753139659376,
    -3.219320961576));
#2652 = CARTESIAN_POINT('',(-1.796334369494,-2.408517501621,
    -3.291360452899));
#2653 = CARTESIAN_POINT('',(-3.025780871381,-0.998284763852,
    -3.3653186644));
#2654 = CARTESIAN_POINT('',(-3.026932883665,0.998268924061,
    -3.43656189639));
#2655 = CARTESIAN_POINT('',(-1.795561783371,2.408540293696,
    -3.510520108748));
#2656 = CARTESIAN_POINT('',(-0.145222476849,2.753126907707,
    -3.582559599103));
#2657 = CARTESIAN_POINT('',(1.205898947937,2.148138128588,-3.65552474401
    ));
#2658 = CARTESIAN_POINT('',(1.880749255317,1.074339353638,
    -3.728214385004));
#2659 = CARTESIAN_POINT('',(1.880747636787,5.945919006045E-07,
    -3.800939366022));
#2660 = CARTESIAN_POINT('',(1.916997666306,6.401038193937E-07,
    -2.98001181431));
#2661 = CARTESIAN_POINT('',(1.916996175971,-1.095038755078,
    -3.052736972362));
#2662 = CARTESIAN_POINT('',(1.229080702842,-2.18957565432,
    -3.125429520413));
#2663 = CARTESIAN_POINT('',(-0.147711872626,-2.806074431362,
    -3.198376289816));
#2664 = CARTESIAN_POINT('',(-1.830909429259,-2.455202069185,
    -3.270468910539));
#2665 = CARTESIAN_POINT('',(-3.084149065058,-1.017150796747,
    -3.344332035098));
#2666 = CARTESIAN_POINT('',(-3.085240924855,1.017135835734,
    -3.415689905511));
#2667 = CARTESIAN_POINT('',(-1.830177131011,2.455223702295,
    -3.489553030882));
#2668 = CARTESIAN_POINT('',(-0.14802216548,2.806062347838,
    -3.561645650688));
#2669 = CARTESIAN_POINT('',(1.229141993039,2.189578748296,
    -3.634592420572));
#2670 = CARTESIAN_POINT('',(1.916997727661,1.095039943843,
    -3.707284968521));
#2671 = CARTESIAN_POINT('',(1.916996185114,5.486613344208E-07,
    -3.780010126568));
#2672 = ADVANCED_FACE('',(#2673),#2683,.T.);
#2673 = FACE_BOUND('',#2674,.T.);
#2674 = EDGE_LOOP('',(#2675,#2676,#2677,#2678));
#2675 = ORIENTED_EDGE('',*,*,#2283,.F.);
#2676 = ORIENTED_EDGE('',*,*,#2252,.T.);
#2677 = ORIENTED_EDGE('',*,*,#2560,.T.);
#2678 = ORIENTED_EDGE('',*,*,#2679,.F.);
#2679 = EDGE_CURVE('',#2284,#2561,#2680,.T.);
#2680 = B_SPLINE_CURVE_WITH_KNOTS('',1,(#2681,#2682),.UNSPECIFIED.,.F.,
  .F.,(2,2),(0.,0.56),.PIECEWISE_BEZIER_KNOTS.);
#2681 = CARTESIAN_POINT('',(2.401981636643,-6.585323329022E-08,
    -4.259998784564));
#2682 = CARTESIAN_POINT('',(1.917000862424,5.486582732062E-07,
    -3.980010126513));
#2683 = B_SPLINE_SURFACE_WITH_KNOTS('',1,10,(
    (#2684,#2685,#2686,#2687,#2688,#2689,#2690,#2691,#2692,#2693,#2694)
    ,(#2695,#2696,#2697,#2698,#2699,#2700,#2701,#2702,#2703,#2704,#2705
    )),.UNSPECIFIED.,.F.,.F.,.F.,(2,2),(11,11),(0.,0.56),(0.,
    6.333910135482),.PIECEWISE_BEZIER_KNOTS.);
#2684 = CARTESIAN_POINT('',(2.401984988711,-7.683123293112E-08,
    -3.459998581946));
#2685 = CARTESIAN_POINT('',(2.401980320428,-1.5092036624,-3.539998861216
    ));
#2686 = CARTESIAN_POINT('',(1.348500989678,-3.018435940764,
    -3.620003925529));
#2687 = CARTESIAN_POINT('',(-0.760452938799,-3.696124269431,
    -3.699983887971));
#2688 = CARTESIAN_POINT('',(-3.16950001704,-2.74628909763,
    -3.780013848506));
#2689 = CARTESIAN_POINT('',(-4.445217282059,-7.013253471122E-05,
    -3.859998681582));
#2690 = CARTESIAN_POINT('',(-3.168986109727,2.746392958462,
    -3.939983520673));
#2691 = CARTESIAN_POINT('',(-0.760947556058,3.696084581858,
    -4.020013477264));
#2692 = CARTESIAN_POINT('',(1.348673148353,3.018442310032,
    -4.099993441267));
#2693 = CARTESIAN_POINT('',(2.40198629803,1.509203519717,-4.179998505312
    ));
#2694 = CARTESIAN_POINT('',(2.401981636643,-6.585323329022E-08,
    -4.259998784564));
#2695 = CARTESIAN_POINT('',(1.917003123167,6.400996743138E-07,
    -3.180011814235));
#2696 = CARTESIAN_POINT('',(1.917000409371,-1.204545877658,
    -3.260009488122));
#2697 = CARTESIAN_POINT('',(1.076193478572,-2.408477490516,
    -3.339967305836));
#2698 = CARTESIAN_POINT('',(-0.60674393285,-2.951000683563,
    -3.420134202816));
#2699 = CARTESIAN_POINT('',(-2.52994147973,-2.190688702685,
    -3.499884662545));
#2700 = CARTESIAN_POINT('',(-3.54714834319,-4.848939907554E-05,
    -3.580010969249));
#2701 = CARTESIAN_POINT('',(-2.529596356136,2.190757055468,
    -3.660137279999));
#2702 = CARTESIAN_POINT('',(-0.607079492987,2.950973509505,
    -3.739887737074));
#2703 = CARTESIAN_POINT('',(1.076307971834,2.40848250773,-3.820054635108
    ));
#2704 = CARTESIAN_POINT('',(1.917003633651,1.204547066416,
    -3.900012452637));
#2705 = CARTESIAN_POINT('',(1.917000862424,5.486582732062E-07,
    -3.980010126513));
#2706 = ADVANCED_FACE('',(#2707),#2901,.T.);
#2707 = FACE_BOUND('',#2708,.F.);
#2708 = EDGE_LOOP('',(#2709,#2791,#2792,#2895));
#2709 = ORIENTED_EDGE('',*,*,#2710,.F.);
#2710 = EDGE_CURVE('',#2284,#2711,#2713,.T.);
#2711 = VERTEX_POINT('',#2712);
#2712 = CARTESIAN_POINT('',(2.35,4.065814293551E-12,-5.029990661221));
#2713 = B_SPLINE_CURVE_WITH_KNOTS('',6,(#2714,#2715,#2716,#2717,#2718,
    #2719,#2720,#2721,#2722,#2723,#2724,#2725,#2726,#2727,#2728,#2729,
    #2730,#2731,#2732,#2733,#2734,#2735,#2736,#2737,#2738,#2739,#2740,
    #2741,#2742,#2743,#2744,#2745,#2746,#2747,#2748,#2749,#2750,#2751,
    #2752,#2753,#2754,#2755,#2756,#2757,#2758,#2759,#2760,#2761,#2762,
    #2763,#2764,#2765,#2766,#2767,#2768,#2769,#2770,#2771,#2772,#2773,
    #2774,#2775,#2776,#2777,#2778,#2779,#2780,#2781,#2782,#2783,#2784,
    #2785,#2786,#2787,#2788,#2789,#2790),.UNSPECIFIED.,.F.,.F.,(7,5,5,5,
    5,5,5,5,5,5,5,5,5,5,5,7),(0.,1.840724355819E-02,5.640756972763E-02,
    0.125409285817,0.236111318656,0.264970531991,0.315973142178,
    0.401840049889,0.497641720739,0.597586730359,0.706270456764,
    0.737667222136,0.814555752359,0.860560568723,0.967460508093,1.),
  .UNSPECIFIED.);
#2714 = CARTESIAN_POINT('',(2.35,1.187672182823E-11,-4.229988793528));
#2715 = CARTESIAN_POINT('',(2.35,-4.52962608492E-02,-4.232443043995));
#2716 = CARTESIAN_POINT('',(2.348952298369,-9.059249318795E-02,
    -4.234897208258));
#2717 = CARTESIAN_POINT('',(2.346856895086,-0.135858397141,
    -4.237351341547));
#2718 = CARTESIAN_POINT('',(2.343714959774,-0.181063708911,
    -4.239805489864));
#2719 = CARTESIAN_POINT('',(2.339528831694,-0.226178200764,
    -4.242259689987));
#2720 = CARTESIAN_POINT('',(2.32351167202,-0.364057230153,
    -4.249780639034));
#2721 = CARTESIAN_POINT('',(2.308285944824,-0.456428001475,
    -4.254847674412));
#2722 = CARTESIAN_POINT('',(2.288655924166,-0.548017695089,
    -4.25991531051));
#2723 = CARTESIAN_POINT('',(2.264673308456,-0.638564984085,
    -4.26498363273));
#2724 = CARTESIAN_POINT('',(2.236410408502,-0.727813514556,
    -4.270052576975));
#2725 = CARTESIAN_POINT('',(2.1450363455,-0.974756314522,-4.284326956783
    ));
#2726 = CARTESIAN_POINT('',(2.07230155976,-1.128901918136,
    -4.293533978256));
#2727 = CARTESIAN_POINT('',(1.986314500527,-1.276429037117,
    -4.302740711225));
#2728 = CARTESIAN_POINT('',(1.887848804193,-1.415938318278,
    -4.311945794287));
#2729 = CARTESIAN_POINT('',(1.777855688608,-1.546143882702,
    -4.321148807893));
#2730 = CARTESIAN_POINT('',(1.46437176297,-1.858043420016,
    -4.345107470839));
#2731 = CARTESIAN_POINT('',(1.244448271796,-2.023398925274,
    -4.359865152624));
#2732 = CARTESIAN_POINT('',(1.002534296194,-2.157100118612,
    -4.374607232221));
#2733 = CARTESIAN_POINT('',(0.7443632907,-2.25581834107,-4.389347533861)
  );
#2734 = CARTESIAN_POINT('',(0.47617384175,-2.317319001389,
    -4.404099731933));
#2735 = CARTESIAN_POINT('',(0.134051278191,-2.347248078429,
    -4.422697763804));
#2736 = CARTESIAN_POINT('',(6.3080822514E-02,-2.350871474705,
    -4.426543982149));
#2737 = CARTESIAN_POINT('',(-7.997489595557E-03,-2.351919193721,
    -4.430390645714));
#2738 = CARTESIAN_POINT('',(-7.906699555206E-02,-2.350388110005,
    -4.434237762535));
#2739 = CARTESIAN_POINT('',(-0.150011054507,-2.346282153142,
    -4.438085322313));
#2740 = CARTESIAN_POINT('',(-0.345663999364,-2.327824754223,
    -4.448733784052));
#2741 = CARTESIAN_POINT('',(-0.469861747391,-2.308028958015,
    -4.455535701148));
#2742 = CARTESIAN_POINT('',(-0.59265991768,-2.280286171137,
    -4.462338636639));
#2743 = CARTESIAN_POINT('',(-0.713426189749,-2.244725130741,
    -4.469142435402));
#2744 = CARTESIAN_POINT('',(-0.831545542212,-2.20154123416,
    -4.475946872663));
#2745 = CARTESIAN_POINT('',(-1.13982957808,-2.065898353097,
    -4.494207165053));
#2746 = CARTESIAN_POINT('',(-1.324083735683,-1.959919698483,
    -4.50566512681));
#2747 = CARTESIAN_POINT('',(-1.496300144522,-1.834315870433,
    -4.517119835337));
#2748 = CARTESIAN_POINT('',(-1.653942528452,-1.690845222946,
    -4.528571820674));
#2749 = CARTESIAN_POINT('',(-1.794778481868,-1.531638999235,
    -4.540023170492));
#2750 = CARTESIAN_POINT('',(-2.053357144678,-1.16696246685,
    -4.564243152583));
#2751 = CARTESIAN_POINT('',(-2.166597857375,-0.958192653772,
    -4.577015984604));
#2752 = CARTESIAN_POINT('',(-2.254157607225,-0.73653608403,
    -4.589784010237));
#2753 = CARTESIAN_POINT('',(-2.314367713957,-0.505944303533,
    -4.602552993298));
#2754 = CARTESIAN_POINT('',(-2.346242884139,-0.270591390559,
    -4.615327698607));
#2755 = CARTESIAN_POINT('',(-2.353390885857,0.211039892453,
    -4.641427801208));
#2756 = CARTESIAN_POINT('',(-2.326157944317,0.457479496084,
    -4.654759953516));
#2757 = CARTESIAN_POINT('',(-2.26793849397,0.699442491827,
    -4.668089977555));
#2758 = CARTESIAN_POINT('',(-2.179762227406,0.932167865817,
    -4.681420128207));
#2759 = CARTESIAN_POINT('',(-2.063459103391,1.151140635778,
    -4.694751972509));
#2760 = CARTESIAN_POINT('',(-1.768033218402,1.571014579474,
    -4.722566838761));
#2761 = CARTESIAN_POINT('',(-1.584200318835,1.76881278747,
    -4.737058363514));
#2762 = CARTESIAN_POINT('',(-1.374120496793,1.940354942945,
    -4.751538374358));
#2763 = CARTESIAN_POINT('',(-1.142564390225,2.081570379284,
    -4.766014630913));
#2764 = CARTESIAN_POINT('',(-0.894955438886,2.189310985177,
    -4.78049879617));
#2765 = CARTESIAN_POINT('',(-0.563175635534,2.28282771998,
    -4.799165599465));
#2766 = CARTESIAN_POINT('',(-0.487985489551,2.300854221612,
    -4.803349819636));
#2767 = CARTESIAN_POINT('',(-0.412113524417,2.315906066839,
    -4.807534472322));
#2768 = CARTESIAN_POINT('',(-0.335706750779,2.327952086267,
    -4.811719609678));
#2769 = CARTESIAN_POINT('',(-0.258913913286,2.336970843056,
    -4.815905263116));
#2770 = CARTESIAN_POINT('',(6.751846261993E-03,2.357594729165,
    -4.830343112195));
#2771 = CARTESIAN_POINT('',(0.196822250253,2.354014957726,
    -4.840598953635));
#2772 = CARTESIAN_POINT('',(0.386084043469,2.332030967665,
    -4.850856969333));
#2773 = CARTESIAN_POINT('',(0.572332924433,2.29184660477,-4.861117543892
    ));
#2774 = CARTESIAN_POINT('',(0.753416378471,2.233979106601,
    -4.871379907592));
#2775 = CARTESIAN_POINT('',(1.031292390089,2.114651749483,-4.88777937324
    ));
#2776 = CARTESIAN_POINT('',(1.132733707257,2.063967801282,
    -4.893918188019));
#2777 = CARTESIAN_POINT('',(1.231156901118,2.007457678777,
    -4.900056198362));
#2778 = CARTESIAN_POINT('',(1.326146840614,1.945349180276,
    -4.906193177364));
#2779 = CARTESIAN_POINT('',(1.417312215517,1.877909007803,
    -4.912329015421));
#2780 = CARTESIAN_POINT('',(1.706388347006,1.637051868455,
    -4.932718154663));
#2781 = CARTESIAN_POINT('',(1.885943063229,1.441452682897,
    -4.946971203074));
#2782 = CARTESIAN_POINT('',(2.038195306029,1.222549572357,-4.96121116618
    ));
#2783 = CARTESIAN_POINT('',(2.1596320562,0.985166031648,-4.975450125204)
  );
#2784 = CARTESIAN_POINT('',(2.247656031643,0.734670115275,
    -4.989704078991));
#2785 = CARTESIAN_POINT('',(2.317317071766,0.398689201401,
    -5.008295684924));
#2786 = CARTESIAN_POINT('',(2.330367426884,0.319619816326,
    -5.012634622676));
#2787 = CARTESIAN_POINT('',(2.340177979394,0.24004986736,-5.016973833926
    ));
#2788 = CARTESIAN_POINT('',(2.346725973129,0.16014509239,-5.02131310898)
  );
#2789 = CARTESIAN_POINT('',(2.35,8.007242610553E-02,-5.025652168042));
#2790 = CARTESIAN_POINT('',(2.35,8.160583320205E-12,-5.029990661221));
#2791 = ORIENTED_EDGE('',*,*,#2496,.T.);
#2792 = ORIENTED_EDGE('',*,*,#2793,.T.);
#2793 = EDGE_CURVE('',#2394,#2794,#2796,.T.);
#2794 = VERTEX_POINT('',#2795);
#2795 = CARTESIAN_POINT('',(2.35,4.263183884387E-13,-5.13000117022));
#2796 = B_SPLINE_CURVE_WITH_KNOTS('',7,(#2797,#2798,#2799,#2800,#2801,
    #2802,#2803,#2804,#2805,#2806,#2807,#2808,#2809,#2810,#2811,#2812,
    #2813,#2814,#2815,#2816,#2817,#2818,#2819,#2820,#2821,#2822,#2823,
    #2824,#2825,#2826,#2827,#2828,#2829,#2830,#2831,#2832,#2833,#2834,
    #2835,#2836,#2837,#2838,#2839,#2840,#2841,#2842,#2843,#2844,#2845,
    #2846,#2847,#2848,#2849,#2850,#2851,#2852,#2853,#2854,#2855,#2856,
    #2857,#2858,#2859,#2860,#2861,#2862,#2863,#2864,#2865,#2866,#2867,
    #2868,#2869,#2870,#2871,#2872,#2873,#2874,#2875,#2876,#2877,#2878,
    #2879,#2880,#2881,#2882,#2883,#2884,#2885,#2886,#2887,#2888,#2889,
    #2890,#2891,#2892,#2893,#2894),.UNSPECIFIED.,.F.,.F.,(8,6,6,6,6,6,6,
    6,6,6,6,6,6,6,6,6,8),(0.,2.48702841953E-02,0.127678659075,
    0.181381757123,0.262383090899,0.285504446286,0.401588922457,
    0.492212836209,0.598599486429,0.680233898998,0.737236093678,
    0.782941144748,0.836944604974,0.872292199326,0.942887359054,
    0.972887221481,1.),.UNSPECIFIED.);
#2797 = CARTESIAN_POINT('',(2.35,1.27364785385E-12,-4.330001462783));
#2798 = CARTESIAN_POINT('',(2.35,-5.245772037297E-02,-4.332843629359));
#2799 = CARTESIAN_POINT('',(2.348633847719,-0.104915503618,
    -4.335685962827));
#2800 = CARTESIAN_POINT('',(2.345901551124,-0.157330510321,
    -4.338528392325));
#2801 = CARTESIAN_POINT('',(2.341804781871,-0.209660044033,
    -4.341370854233));
#2802 = CARTESIAN_POINT('',(2.336346875308,-0.261861551271,
    -4.344213292172));
#2803 = CARTESIAN_POINT('',(2.329532830472,-0.313892621518,
    -4.347055657004));
#2804 = CARTESIAN_POINT('',(2.287623082776,-0.579916901603,
    -4.361647152762));
#2805 = CARTESIAN_POINT('',(2.230807613758,-0.790544701752,
    -4.373397542343));
#2806 = CARTESIAN_POINT('',(2.151388742429,-0.994511275898,
    -4.385140820128));
#2807 = CARTESIAN_POINT('',(2.050350144838,-1.188945600722,
    -4.396879754312));
#2808 = CARTESIAN_POINT('',(1.929083488668,-1.371168450182,
    -4.408620924018));
#2809 = CARTESIAN_POINT('',(1.789373182269,-1.538722763071,
    -4.420368154987));
#2810 = CARTESIAN_POINT('',(1.552040943211,-1.768191156969,
    -4.438253536525));
#2811 = CARTESIAN_POINT('',(1.466176685816,-1.842349539872,
    -4.444391741393));
#2812 = CARTESIAN_POINT('',(1.376194823434,-1.911628530017,
    -4.450531114294));
#2813 = CARTESIAN_POINT('',(1.282429292015,-1.975755773074,
    -4.456671620821));
#2814 = CARTESIAN_POINT('',(1.185235034144,-2.034488552248,
    -4.462813180374));
#2815 = CARTESIAN_POINT('',(1.084986947646,-2.087614492133,
    -4.468955550367));
#2816 = CARTESIAN_POINT('',(0.826860704323,-2.206352659988,
    -4.484363293427));
#2817 = CARTESIAN_POINT('',(0.665571111915,-2.264594339871,
    -4.493630219993));
#2818 = CARTESIAN_POINT('',(0.499576094413,-2.309043589543,
    -4.502896337182));
#2819 = CARTESIAN_POINT('',(0.330291983235,-2.3392660408,-4.512160635662
    ));
#2820 = CARTESIAN_POINT('',(0.159171231003,-2.355002456659,
    -4.521423066949));
#2821 = CARTESIAN_POINT('',(-1.230711777874E-02,-2.356170396151,
    -4.530683542485));
#2822 = CARTESIAN_POINT('',(-0.231263494375,-2.339101447551,
    -4.54258299149));
#2823 = CARTESIAN_POINT('',(-0.279792989589,-2.334133941937,
    -4.545225167191));
#2824 = CARTESIAN_POINT('',(-0.328196510375,-2.327991913804,
    -4.547867144341));
#2825 = CARTESIAN_POINT('',(-0.37643996004,-2.320679268144,
    -4.550508928523));
#2826 = CARTESIAN_POINT('',(-0.424489433054,-2.312201141425,
    -4.553150528244));
#2827 = CARTESIAN_POINT('',(-0.47231121505,-2.302563901599,
    -4.555791954938));
#2828 = CARTESIAN_POINT('',(-0.758657247788,-2.237608479306,
    -4.571694133067));
#2829 = CARTESIAN_POINT('',(-0.990958680706,-2.154392527213,
    -4.584956582003));
#2830 = CARTESIAN_POINT('',(-1.212351692323,-2.043086925805,
    -4.598212217891));
#2831 = CARTESIAN_POINT('',(-1.418832824571,-1.905495910492,
    -4.611467131479));
#2832 = CARTESIAN_POINT('',(-1.606796355746,-1.744021951433,
    -4.624727114151));
#2833 = CARTESIAN_POINT('',(-1.773035373637,-1.561665320665,
    -4.637995480244));
#2834 = CARTESIAN_POINT('',(-2.025757588426,-1.206376596315,
    -4.661617730217));
#2835 = CARTESIAN_POINT('',(-2.121790099444,-1.040074558284,
    -4.67197753174));
#2836 = CARTESIAN_POINT('',(-2.201821528422,-0.864956304752,
    -4.682337677815));
#2837 = CARTESIAN_POINT('',(-2.264916577709,-0.682876119161,
    -4.692697724692));
#2838 = CARTESIAN_POINT('',(-2.310398726214,-0.495786999209,
    -4.703058202136));
#2839 = CARTESIAN_POINT('',(-2.337855860443,-0.305724115638,
    -4.713418820068));
#2840 = CARTESIAN_POINT('',(-2.358156425553,0.109321481318,
    -4.735935944801));
#2841 = CARTESIAN_POINT('',(-2.344153697478,0.334735816904,
    -4.748097098248));
#2842 = CARTESIAN_POINT('',(-2.304992297583,0.557979493001,
    -4.76025350797));
#2843 = CARTESIAN_POINT('',(-2.241114721886,0.77571677766,
    -4.772406696172));
#2844 = CARTESIAN_POINT('',(-2.153462488685,0.984736638079,
    -4.784561418381));
#2845 = CARTESIAN_POINT('',(-2.043465021552,1.181991945156,
    -4.796720287676));
#2846 = CARTESIAN_POINT('',(-1.813162292467,1.504855936819,
    -4.818206804016));
#2847 = CARTESIAN_POINT('',(-1.701176501787,1.636503059352,
    -4.827538029782));
#2848 = CARTESIAN_POINT('',(-1.578088296512,1.758358659998,
    -4.836870217413));
#2849 = CARTESIAN_POINT('',(-1.444936313889,1.869317185881,
    -4.846203710939));
#2850 = CARTESIAN_POINT('',(-1.302881151334,1.968411570581,
    -4.855539052331));
#2851 = CARTESIAN_POINT('',(-1.153197499407,2.054819741237,
    -4.864875763099));
#2852 = CARTESIAN_POINT('',(-0.88841529311,2.178915795296,
    -4.880730063325));
#2853 = CARTESIAN_POINT('',(-0.776498622784,2.223442049065,
    -4.887248840728));
#2854 = CARTESIAN_POINT('',(-0.662003877753,2.261250953283,
    -4.893767150901));
#2855 = CARTESIAN_POINT('',(-0.545415376539,2.292166447314,
    -4.900284735103));
#2856 = CARTESIAN_POINT('',(-0.427230056542,2.316056781474,
    -4.906801464209));
#2857 = CARTESIAN_POINT('',(-0.307955816681,2.33283494761,
    -4.913317178498));
#2858 = CARTESIAN_POINT('',(-9.201591839222E-02,2.350175879572,
    -4.925054811455));
#2859 = CARTESIAN_POINT('',(4.448357621157E-03,2.353293630761,
    -4.930277370245));
#2860 = CARTESIAN_POINT('',(0.10101719899,2.351791092359,-4.935499065464
    ));
#2861 = CARTESIAN_POINT('',(0.197425229365,2.345666035209,
    -4.940719915835));
#2862 = CARTESIAN_POINT('',(0.293408003466,2.334935239916,
    -4.945940025926));
#2863 = CARTESIAN_POINT('',(0.388702545499,2.319634464857,
    -4.951159514907));
#2864 = CARTESIAN_POINT('',(0.594522982941,2.276404474651,
    -4.962544947569));
#2865 = CARTESIAN_POINT('',(0.70467632802,2.246685982965,-4.968710861474
    ));
#2866 = CARTESIAN_POINT('',(0.81307648487,2.210753725932,-4.974876221544
    ));
#2867 = CARTESIAN_POINT('',(0.919303825312,2.168733728035,
    -4.981041391498));
#2868 = CARTESIAN_POINT('',(1.022951746335,2.120786785294,-4.98720685078
    ));
#2869 = CARTESIAN_POINT('',(1.123627885507,2.067107999097,
    -4.993372981076));
#2870 = CARTESIAN_POINT('',(1.284660351581,1.969189341522,
    -5.003576336438));
#2871 = CARTESIAN_POINT('',(1.346931814792,1.928094164036,
    -5.007613190354));
#2872 = CARTESIAN_POINT('',(1.407664441971,1.884704839691,
    -5.011650495954));
#2873 = CARTESIAN_POINT('',(1.466757112174,1.839090825789,
    -5.015688311423));
#2874 = CARTESIAN_POINT('',(1.524112867583,1.79132697482,-5.01972667176)
  );
#2875 = CARTESIAN_POINT('',(1.579638913503,1.741493534456,
    -5.023765588781));
#2876 = CARTESIAN_POINT('',(1.740310325415,1.58618801005,-5.035872544647
    ));
#2877 = CARTESIAN_POINT('',(1.839729670954,1.474779575913,-5.04394269039
    ));
#2878 = CARTESIAN_POINT('',(1.930789913768,1.356138791121,
    -5.052014579117));
#2879 = CARTESIAN_POINT('',(2.012869473898,1.231023202565,
    -5.060087780967));
#2880 = CARTESIAN_POINT('',(2.085432854791,1.100249433829,
    -5.068161711819));
#2881 = CARTESIAN_POINT('',(2.148033174069,0.964689140853,
    -5.076235342259));
#2882 = CARTESIAN_POINT('',(2.222545750916,0.766025011361,
    -5.087737457323));
#2883 = CARTESIAN_POINT('',(2.242906081095,0.706080368734,-5.09116744309
    ));
#2884 = CARTESIAN_POINT('',(2.261378901053,0.64550792078,-5.094597149693
    ));
#2885 = CARTESIAN_POINT('',(2.277941222807,0.58437899588,-5.098026546503
    ));
#2886 = CARTESIAN_POINT('',(2.292573462787,0.522765849614,
    -5.101455628999));
#2887 = CARTESIAN_POINT('',(2.305259441828,0.460741664761,
    -5.104884418767));
#2888 = CARTESIAN_POINT('',(2.325681004283,0.342020857598,
    -5.111411556844));
#2889 = CARTESIAN_POINT('',(2.333775550049,0.285385731239,
    -5.114509955331));
#2890 = CARTESIAN_POINT('',(2.340260609286,0.228529859287,
    -5.117608200658));
#2891 = CARTESIAN_POINT('',(2.345129119742,0.17150813861,-5.12070635412)
  );
#2892 = CARTESIAN_POINT('',(2.348376370104,0.114375675883,
    -5.123804496608));
#2893 = CARTESIAN_POINT('',(2.35,5.718778758538E-02,-5.126902728612));
#2894 = CARTESIAN_POINT('',(2.35,8.415490526659E-13,-5.13000117022));
#2895 = ORIENTED_EDGE('',*,*,#2896,.F.);
#2896 = EDGE_CURVE('',#2711,#2794,#2897,.T.);
#2897 = LINE('',#2898,#2899);
#2898 = CARTESIAN_POINT('',(2.35,0.,-0.2));
#2899 = VECTOR('',#2900,1.);
#2900 = DIRECTION('',(0.,0.,-1.));
#2901 = CYLINDRICAL_SURFACE('',#2902,2.35);
#2902 = AXIS2_PLACEMENT_3D('',#2903,#2904,#2905);
#2903 = CARTESIAN_POINT('',(0.,0.,-0.2));
#2904 = DIRECTION('',(-0.,-0.,-1.));
#2905 = DIRECTION('',(1.,0.,0.));
#2906 = ADVANCED_FACE('',(#2907),#2933,.T.);
#2907 = FACE_BOUND('',#2908,.T.);
#2908 = EDGE_LOOP('',(#2909,#2926,#2927,#2928));
#2909 = ORIENTED_EDGE('',*,*,#2910,.F.);
#2910 = EDGE_CURVE('',#2511,#2911,#2913,.T.);
#2911 = VERTEX_POINT('',#2912);
#2912 = CARTESIAN_POINT('',(1.91699470393,4.572185201317E-07,
    -4.580008438821));
#2913 = ( BOUNDED_CURVE() B_SPLINE_CURVE(11,(#2914,#2915,#2916,#2917,
    #2918,#2919,#2920,#2921,#2922,#2923,#2924,#2925),.UNSPECIFIED.,.F.,
.F.) B_SPLINE_CURVE_WITH_KNOTS((12,12),(0.,6.333910135482),
.PIECEWISE_BEZIER_KNOTS.) CURVE() GEOMETRIC_REPRESENTATION_ITEM() 
RATIONAL_B_SPLINE_CURVE((1.056590953773,1.056590953773,1.056590953773,
    1.056590953773,1.056590953773,1.056590953774,1.056590953773,
    1.056590953774,1.056590953773,1.056590953773,1.056590953773,
1.056590953773)) REPRESENTATION_ITEM('') );
#2914 = CARTESIAN_POINT('',(1.916996185114,5.486613323669E-07,
    -3.780010126568));
#2915 = CARTESIAN_POINT('',(1.916994642568,-1.09503800065,
    -3.852735284614));
#2916 = CARTESIAN_POINT('',(1.229079648613,-2.189574019612,
    -3.925427832543));
#2917 = CARTESIAN_POINT('',(-0.147711892097,-2.806072261212,
    -3.998374602701));
#2918 = CARTESIAN_POINT('',(-1.830908131766,-2.455200074365,
    -4.07046722125));
#2919 = CARTESIAN_POINT('',(-3.084146731261,-1.017149878623,
    -4.144330349697));
#2920 = CARTESIAN_POINT('',(-3.085238491023,1.017135212003,
    -4.215688215423));
#2921 = CARTESIAN_POINT('',(-1.830175601243,2.455221881915,
    -4.289551344682));
#2922 = CARTESIAN_POINT('',(-0.148021916507,2.806060191912,
    -4.361643962314));
#2923 = CARTESIAN_POINT('',(1.229141147615,2.1895769963,-4.434590732951)
  );
#2924 = CARTESIAN_POINT('',(1.916996298689,1.09503900653,-4.507283280781
    ));
#2925 = CARTESIAN_POINT('',(1.91699470393,4.572185270946E-07,
    -4.580008438821));
#2926 = ORIENTED_EDGE('',*,*,#2529,.T.);
#2927 = ORIENTED_EDGE('',*,*,#2393,.T.);
#2928 = ORIENTED_EDGE('',*,*,#2929,.F.);
#2929 = EDGE_CURVE('',#2911,#2394,#2930,.T.);
#2930 = B_SPLINE_CURVE_WITH_KNOTS('',1,(#2931,#2932),.UNSPECIFIED.,.F.,
  .F.,(2,2),(0.,0.56),.PIECEWISE_BEZIER_KNOTS.);
#2931 = CARTESIAN_POINT('',(1.91699470393,4.572185260861E-07,
    -4.580008438821));
#2932 = CARTESIAN_POINT('',(2.401963473096,-5.486779385427E-08,
    -4.299998987314));
#2933 = B_SPLINE_SURFACE_WITH_KNOTS('',1,10,(
    (#2934,#2935,#2936,#2937,#2938,#2939,#2940,#2941,#2942,#2943,#2944)
    ,(#2945,#2946,#2947,#2948,#2949,#2950,#2951,#2952,#2953,#2954,#2955
    )),.UNSPECIFIED.,.F.,.F.,.F.,(2,2),(11,11),(0.,0.56),(0.,
    6.333910135482),.PIECEWISE_BEZIER_KNOTS.);
#2934 = CARTESIAN_POINT('',(1.916996185114,5.486613331801E-07,
    -3.780010126568));
#2935 = CARTESIAN_POINT('',(1.916994488314,-1.204541855581,
    -3.860007800419));
#2936 = CARTESIAN_POINT('',(1.076209684235,-2.408470056063,
    -3.939965617459));
#2937 = CARTESIAN_POINT('',(-0.606799536562,-2.950985973764,
    -4.020132517152));
#2938 = CARTESIAN_POINT('',(-2.529873211982,-2.190693135187,
    -4.099882972642));
#2939 = CARTESIAN_POINT('',(-3.54713621736,-3.197929430598E-05,
    -4.180009281959));
#2940 = CARTESIAN_POINT('',(-2.529647355377,2.190737618929,
    -4.26013559392));
#2941 = CARTESIAN_POINT('',(-0.607019736333,2.950968097983,
    -4.339886047677));
#2942 = CARTESIAN_POINT('',(1.076284411937,2.408473470708,
    -4.420052948056));
#2943 = CARTESIAN_POINT('',(1.916996458164,1.204542861461,
    -4.500010764977));
#2944 = CARTESIAN_POINT('',(1.91699470393,4.572185260861E-07,
    -4.580008438821));
#2945 = CARTESIAN_POINT('',(2.401963862868,-6.584159507575E-08,
    -3.499998784772));
#2946 = CARTESIAN_POINT('',(2.401963284301,-1.509191310945,
    -3.579999063929));
#2947 = CARTESIAN_POINT('',(1.348565963132,-3.018414077272,
    -3.660004126209));
#2948 = CARTESIAN_POINT('',(-0.7606653415,-3.696076534742,
    -3.739984096915));
#2949 = CARTESIAN_POINT('',(-3.169247098474,-2.746312415126,
    -3.820014044382));
#2950 = CARTESIAN_POINT('',(-4.445180904802,-8.058465093441E-06,
    -3.89999888585));
#2951 = CARTESIAN_POINT('',(-3.169187223103,2.746324629134,
    -3.979983728011));
#2952 = CARTESIAN_POINT('',(-0.760722694614,3.69607195297,
    -4.060013675025));
#2953 = CARTESIAN_POINT('',(1.348586112339,3.018414759411,-4.13999364591
    ));
#2954 = CARTESIAN_POINT('',(2.40196404477,1.509191190236,-4.21999870816)
  );
#2955 = CARTESIAN_POINT('',(2.401963473096,-5.486779385427E-08,
    -4.299998987314));
#2956 = ADVANCED_FACE('',(#2957),#2987,.T.);
#2957 = FACE_BOUND('',#2958,.T.);
#2958 = EDGE_LOOP('',(#2959,#2975,#2976,#2977));
#2959 = ORIENTED_EDGE('',*,*,#2960,.F.);
#2960 = EDGE_CURVE('',#2561,#2961,#2963,.T.);
#2961 = VERTEX_POINT('',#2962);
#2962 = CARTESIAN_POINT('',(1.916998601688,4.572163634489E-07,
    -4.780008438783));
#2963 = B_SPLINE_CURVE_WITH_KNOTS('',10,(#2964,#2965,#2966,#2967,#2968,
    #2969,#2970,#2971,#2972,#2973,#2974),.UNSPECIFIED.,.F.,.F.,(11,11),(
    0.,6.333910135482),.PIECEWISE_BEZIER_KNOTS.);
#2964 = CARTESIAN_POINT('',(1.917000862424,5.486582709836E-07,
    -3.980010126513));
#2965 = CARTESIAN_POINT('',(1.916998091197,-1.20454454894,
    -4.060007800389));
#2966 = CARTESIAN_POINT('',(1.076192094237,-2.408474698548,
    -4.139965617879));
#2967 = CARTESIAN_POINT('',(-0.606743356937,-2.950997181161,
    -4.220132515737));
#2968 = CARTESIAN_POINT('',(-2.529938603079,-2.190685992209,
    -4.299882974156));
#2969 = CARTESIAN_POINT('',(-3.547144156843,-4.831992687659E-05,
    -4.380009281524));
#2970 = CARTESIAN_POINT('',(-2.52959327097,2.19075458592,-4.460135592933
    ));
#2971 = CARTESIAN_POINT('',(-0.607078635129,2.950970065179,
    -4.539886048702));
#2972 = CARTESIAN_POINT('',(1.076306817177,2.408479613051,
    -4.620052947611));
#2973 = CARTESIAN_POINT('',(1.917001430348,1.204545554815,
    -4.700010764918));
#2974 = CARTESIAN_POINT('',(1.916998601688,4.572163689433E-07,
    -4.780008438783));
#2975 = ORIENTED_EDGE('',*,*,#2578,.T.);
#2976 = ORIENTED_EDGE('',*,*,#2910,.T.);
#2977 = ORIENTED_EDGE('',*,*,#2978,.F.);
#2978 = EDGE_CURVE('',#2961,#2911,#2979,.T.);
#2979 = ( BOUNDED_CURVE() B_SPLINE_CURVE(6,(#2980,#2981,#2982,#2983,
#2984,#2985,#2986),.UNSPECIFIED.,.F.,.F.) B_SPLINE_CURVE_WITH_KNOTS((7,7
),(0.,2.094395102393),.PIECEWISE_BEZIER_KNOTS.) CURVE() 
GEOMETRIC_REPRESENTATION_ITEM() RATIONAL_B_SPLINE_CURVE((1.056590953773,
    1.017435169568,0.996326512422,0.989390034249,0.996326512422,
1.017435169568,1.056590953773)) REPRESENTATION_ITEM('') );
#2980 = CARTESIAN_POINT('',(1.916998601688,4.572163704308E-07,
    -4.780008438783));
#2981 = CARTESIAN_POINT('',(1.880749156046,4.954923315537E-07,
    -4.759080753517));
#2982 = CARTESIAN_POINT('',(1.855203665223,5.224657365077E-07,
    -4.723659270349));
#2983 = CARTESIAN_POINT('',(1.845969861465,5.322153756038E-07,
    -4.680009823028));
#2984 = CARTESIAN_POINT('',(1.855201963867,5.22466676478E-07,
    -4.636360015828));
#2985 = CARTESIAN_POINT('',(1.880746074026,4.954940363566E-07,
    -4.600937536987));
#2986 = CARTESIAN_POINT('',(1.91699470393,4.572185270946E-07,
    -4.580008438821));
#2987 = ( BOUNDED_SURFACE() B_SPLINE_SURFACE(6,11,(
    (#2988,#2989,#2990,#2991,#2992,#2993,#2994,#2995,#2996,#2997,#2998
      ,#2999)
    ,(#3000,#3001,#3002,#3003,#3004,#3005,#3006,#3007,#3008,#3009,#3010
      ,#3011)
    ,(#3012,#3013,#3014,#3015,#3016,#3017,#3018,#3019,#3020,#3021,#3022
      ,#3023)
    ,(#3024,#3025,#3026,#3027,#3028,#3029,#3030,#3031,#3032,#3033,#3034
      ,#3035)
    ,(#3036,#3037,#3038,#3039,#3040,#3041,#3042,#3043,#3044,#3045,#3046
      ,#3047)
    ,(#3048,#3049,#3050,#3051,#3052,#3053,#3054,#3055,#3056,#3057,#3058
      ,#3059)
    ,(#3060,#3061,#3062,#3063,#3064,#3065,#3066,#3067,#3068,#3069,#3070
,#3071
    )),.UNSPECIFIED.,.F.,.F.,.F.) B_SPLINE_SURFACE_WITH_KNOTS((7,7),(12,
    12),(0.,2.094395102393),(0.,6.333910135482),
.PIECEWISE_BEZIER_KNOTS.) GEOMETRIC_REPRESENTATION_ITEM() 
RATIONAL_B_SPLINE_SURFACE((
    (1.056590953773,1.056590953773,1.056590953773,1.056590953773
      ,1.056590953773,1.056590953774,1.056590953773,1.056590953774
      ,1.056590953773,1.056590953773,1.056590953773,1.056590953773)
    ,(1.017435169568,1.017435169568,1.017435169568,1.017435169568
      ,1.017435169568,1.017435169569,1.017435169568,1.017435169568
      ,1.017435169568,1.017435169568,1.017435169568,1.017435169568)
    ,(0.996326512422,0.996326512422,0.996326512422,0.996326512422
      ,0.996326512422,0.996326512423,0.996326512421,0.996326512423
      ,0.996326512422,0.996326512422,0.996326512422,0.996326512422)
    ,(0.989390034249,0.989390034249,0.989390034248,0.989390034249
      ,0.989390034248,0.989390034249,0.989390034248,0.989390034249
      ,0.989390034248,0.989390034249,0.989390034249,0.989390034249)
    ,(0.996326512422,0.996326512422,0.996326512422,0.996326512423
      ,0.996326512421,0.996326512423,0.996326512421,0.996326512423
      ,0.996326512422,0.996326512422,0.996326512422,0.996326512422)
    ,(1.017435169568,1.017435169568,1.017435169568,1.017435169568
      ,1.017435169568,1.017435169568,1.017435169568,1.017435169568
      ,1.017435169568,1.017435169568,1.017435169568,1.017435169568)
    ,(1.056590953773,1.056590953773,1.056590953773,1.056590953773
      ,1.056590953773,1.056590953774,1.056590953773,1.056590953774
      ,1.056590953773,1.056590953773,1.056590953773,1.056590953773
))) REPRESENTATION_ITEM('') SURFACE() );
#2988 = CARTESIAN_POINT('',(1.917000862424,5.486582687064E-07,
    -3.980010126513));
#2989 = CARTESIAN_POINT('',(1.916998343127,-1.095040449159,
    -4.052735284582));
#2990 = CARTESIAN_POINT('',(1.229065911867,-2.189578307711,
    -4.125427832881));
#2991 = CARTESIAN_POINT('',(-0.147631027436,-2.806081678011,
    -4.198374600739));
#2992 = CARTESIAN_POINT('',(-1.831105331134,-2.455199604907,
    -4.270467225814));
#2993 = CARTESIAN_POINT('',(-3.083866471175,-1.017155543715,
    -4.3443303428));
#2994 = CARTESIAN_POINT('',(-3.085532551767,1.017134010028,
    -4.415688222085));
#2995 = CARTESIAN_POINT('',(-1.829986585831,2.45523339509,
    -4.489551340312));
#2996 = CARTESIAN_POINT('',(-0.148103445498,2.806063297618,
    -4.561643963986));
#2997 = CARTESIAN_POINT('',(1.229160383208,2.189582511554,
    -4.634590732576));
#2998 = CARTESIAN_POINT('',(1.917001173197,1.095041455034,
    -4.707283280724));
#2999 = CARTESIAN_POINT('',(1.916998601688,4.572163704308E-07,
    -4.780008438783));
#3000 = CARTESIAN_POINT('',(1.880751335211,5.945894750448E-07,
    -3.959082582539));
#3001 = CARTESIAN_POINT('',(1.880748944349,-1.074339208072,
    -4.031807563574));
#3002 = CARTESIAN_POINT('',(1.205822343923,-2.148136509986,
    -4.104497204839));
#3003 = CARTESIAN_POINT('',(-0.144831128132,-2.753144815515,
    -4.177462348216));
#3004 = CARTESIAN_POINT('',(-1.79648893258,-2.40851502323,
    -4.249501842405));
#3005 = CARTESIAN_POINT('',(-3.025556804324,-0.998288270425,
    -4.323460048947));
#3006 = CARTESIAN_POINT('',(-3.027162832916,0.998267319773,
    -4.394703286712));
#3007 = CARTESIAN_POINT('',(-1.795410708497,2.408547479209,
    -4.46866149445));
#3008 = CARTESIAN_POINT('',(-0.145286676605,2.753127088977,
    -4.540700987289));
#3009 = CARTESIAN_POINT('',(1.205913268833,2.148140639421,
    -4.613666131372));
#3010 = CARTESIAN_POINT('',(1.880751603491,1.074340298154,
    -4.686355772491));
#3011 = CARTESIAN_POINT('',(1.880749156046,4.954923315537E-07,
    -4.759080753517));
#3012 = CARTESIAN_POINT('',(1.855205706325,6.269576409146E-07,
    -3.923661198942));
#3013 = CARTESIAN_POINT('',(1.855203506936,-1.059750731231,
    -3.996386055219));
#3014 = CARTESIAN_POINT('',(1.189443955126,-2.118931913466,
    -4.06907364785));
#3015 = CARTESIAN_POINT('',(-0.142866389944,-2.71583908386,
    -4.142051740746));
#3016 = CARTESIAN_POINT('',(-1.772074273426,-2.37561631366,
    -4.214053792774));
#3017 = CARTESIAN_POINT('',(-2.98449478553,-0.984991863438,
    -4.288079010381));
#3018 = CARTESIAN_POINT('',(-2.985999128674,0.984972033491,
    -4.359241458539));
#3019 = CARTESIAN_POINT('',(-1.771064527172,2.375646590793,
    -4.433266677266));
#3020 = CARTESIAN_POINT('',(-0.143293263994,2.715822470467,
    -4.50526872803));
#3021 = CARTESIAN_POINT('',(1.189528972558,2.118935863615,
    -4.578246821587));
#3022 = CARTESIAN_POINT('',(1.855205924275,1.059751880655,
    -4.650934414081));
#3023 = CARTESIAN_POINT('',(1.855203665223,5.224657365077E-07,
    -4.723659270349));
#3024 = CARTESIAN_POINT('',(1.845971732432,6.386573179751E-07,
    -3.880011787612));
#3025 = CARTESIAN_POINT('',(1.845969752897,-1.054477471454,
    -3.952736598793));
#3026 = CARTESIAN_POINT('',(1.183526243045,-2.108375496556,
    -4.025423450905));
#3027 = CARTESIAN_POINT('',(-0.142168723886,-2.702353788841,
    -4.098406224651));
#3028 = CARTESIAN_POINT('',(-1.763219385719,-2.363725424462,
    -4.170394742518));
#3029 = CARTESIAN_POINT('',(-2.969696489955,-0.980185115327,
    -4.244444182478));
#3030 = CARTESIAN_POINT('',(-2.971075500382,0.98016674958,
    -4.315577427821));
#3031 = CARTESIAN_POINT('',(-1.76229395736,2.363753065949,
    -4.389626868808));
#3032 = CARTESIAN_POINT('',(-0.142560187308,2.702338551164,
    -4.461615385517));
#3033 = CARTESIAN_POINT('',(1.183604039838,2.108379192636,
    -4.534598159868));
#3034 = CARTESIAN_POINT('',(1.845971901777,1.054478642327,
    -4.607285011855));
#3035 = CARTESIAN_POINT('',(1.845969861465,5.322153756038E-07,
    -4.680009823028));
#3036 = CARTESIAN_POINT('',(1.855203664696,6.269589802321E-07,
    -3.836361944428));
#3037 = CARTESIAN_POINT('',(1.855201891656,-1.059749662466,
    -3.909086800695));
#3038 = CARTESIAN_POINT('',(1.189449951164,-2.118930041727,
    -3.981774393165));
#3039 = CARTESIAN_POINT('',(-0.142901687066,-2.715834973462,
    -4.054752487065));
#3040 = CARTESIAN_POINT('',(-1.771988196638,-2.375616518578,
    -4.126754536244));
#3041 = CARTESIAN_POINT('',(-2.98461711801,-0.984989390647,
    -4.200779758854));
#3042 = CARTESIAN_POINT('',(-2.985870772257,0.98497255815,
    -4.271942201094));
#3043 = CARTESIAN_POINT('',(-1.771147031693,2.375641565334,
    -4.345967424636));
#3044 = CARTESIAN_POINT('',(-0.143257676894,2.715821114838,
    -4.417969472763));
#3045 = CARTESIAN_POINT('',(1.189520576293,2.118933456227,
    -4.490947567213));
#3046 = CARTESIAN_POINT('',(1.855203796571,1.059750811892,
    -4.563635159568));
#3047 = CARTESIAN_POINT('',(1.855201963867,5.22466676478E-07,
    -4.636360015828));
#3048 = CARTESIAN_POINT('',(1.880747636787,5.945918957195E-07,
    -3.800939366022));
#3049 = CARTESIAN_POINT('',(1.880746018258,-1.074337271997,
    -3.873664347039));
#3050 = CARTESIAN_POINT('',(1.205833205789,-2.148133119317,
    -3.946353988012));
#3051 = CARTESIAN_POINT('',(-0.144895069119,-2.7531373695,
    -4.019319133208));
#3052 = CARTESIAN_POINT('',(-1.796333003869,-2.408515394437,
    -4.091358622236));
#3053 = CARTESIAN_POINT('',(-3.025778410481,-0.998283790946,
    -4.16531683784));
#3054 = CARTESIAN_POINT('',(-3.026930314356,0.998268270195,
    -4.236560064885));
#3055 = CARTESIAN_POINT('',(-1.795560166023,2.408538375555,
    -4.310518281345));
#3056 = CARTESIAN_POINT('',(-0.14522221032,2.753124633246,
    -4.382557769407));
#3057 = CARTESIAN_POINT('',(1.205898058941,2.148136278421,
    -4.455522915109));
#3058 = CARTESIAN_POINT('',(1.880747749139,1.074338362083,
    -4.528212555976));
#3059 = CARTESIAN_POINT('',(1.880746074026,4.954940363566E-07,
    -4.600937536987));
#3060 = CARTESIAN_POINT('',(1.916996185114,5.486613323669E-07,
    -3.780010126568));
#3061 = CARTESIAN_POINT('',(1.916994642568,-1.09503800065,
    -3.852735284614));
#3062 = CARTESIAN_POINT('',(1.229079648613,-2.189574019612,
    -3.925427832543));
#3063 = CARTESIAN_POINT('',(-0.147711892097,-2.806072261212,
    -3.998374602701));
#3064 = CARTESIAN_POINT('',(-1.830908131766,-2.455200074365,
    -4.07046722125));
#3065 = CARTESIAN_POINT('',(-3.084146731261,-1.017149878623,
    -4.144330349697));
#3066 = CARTESIAN_POINT('',(-3.085238491023,1.017135212003,
    -4.215688215423));
#3067 = CARTESIAN_POINT('',(-1.830175601243,2.455221881915,
    -4.289551344682));
#3068 = CARTESIAN_POINT('',(-0.148021916507,2.806060191912,
    -4.361643962314));
#3069 = CARTESIAN_POINT('',(1.229141147615,2.1895769963,-4.434590732951)
  );
#3070 = CARTESIAN_POINT('',(1.916996298689,1.09503900653,-4.507283280781
    ));
#3071 = CARTESIAN_POINT('',(1.91699470393,4.572185270946E-07,
    -4.580008438821));
#3072 = ADVANCED_FACE('',(#3073),#3083,.T.);
#3073 = FACE_BOUND('',#3074,.T.);
#3074 = EDGE_LOOP('',(#3075,#3076,#3077,#3078));
#3075 = ORIENTED_EDGE('',*,*,#2710,.F.);
#3076 = ORIENTED_EDGE('',*,*,#2679,.T.);
#3077 = ORIENTED_EDGE('',*,*,#2960,.T.);
#3078 = ORIENTED_EDGE('',*,*,#3079,.F.);
#3079 = EDGE_CURVE('',#2711,#2961,#3080,.T.);
#3080 = B_SPLINE_CURVE_WITH_KNOTS('',1,(#3081,#3082),.UNSPECIFIED.,.F.,
  .F.,(2,2),(0.,0.56),.PIECEWISE_BEZIER_KNOTS.);
#3081 = CARTESIAN_POINT('',(2.401978284575,-5.487598644103E-08,
    -5.05999898717));
#3082 = CARTESIAN_POINT('',(1.916998601688,4.572163689433E-07,
    -4.780008438783));
#3083 = B_SPLINE_SURFACE_WITH_KNOTS('',1,10,(
    (#3084,#3085,#3086,#3087,#3088,#3089,#3090,#3091,#3092,#3093,#3094)
    ,(#3095,#3096,#3097,#3098,#3099,#3100,#3101,#3102,#3103,#3104,#3105
    )),.UNSPECIFIED.,.F.,.F.,.F.,(2,2),(11,11),(0.,0.56),(0.,
    6.333910135482),.PIECEWISE_BEZIER_KNOTS.);
#3084 = CARTESIAN_POINT('',(2.401981636643,-6.585323645934E-08,
    -4.259998784564));
#3085 = CARTESIAN_POINT('',(2.401976975258,-1.50920154571,
    -4.339999063816));
#3086 = CARTESIAN_POINT('',(1.348499121141,-3.018431718718,
    -4.420004127803));
#3087 = CARTESIAN_POINT('',(-0.760451858924,-3.696119122849,
    -4.499984091537));
#3088 = CARTESIAN_POINT('',(-3.169495584644,-2.74628527181,
    -4.58001405014));
#3089 = CARTESIAN_POINT('',(-4.445211074834,-7.015286886958E-05,
    -4.659998884193));
#3090 = CARTESIAN_POINT('',(-3.168981702359,2.746389103701,
    -4.739983724264));
#3091 = CARTESIAN_POINT('',(-0.760946510037,3.696079428313,
    -4.820013678921));
#3092 = CARTESIAN_POINT('',(1.348671252249,3.018438100314,
    -4.899993644218));
#3093 = CARTESIAN_POINT('',(2.401982939066,1.509201424981,
    -4.979998707936));
#3094 = CARTESIAN_POINT('',(2.401978284575,-5.487598644103E-08,
    -5.05999898717));
#3095 = CARTESIAN_POINT('',(1.917000862424,5.486582709836E-07,
    -3.980010126513));
#3096 = CARTESIAN_POINT('',(1.916998091197,-1.20454454894,
    -4.060007800389));
#3097 = CARTESIAN_POINT('',(1.076192094237,-2.408474698548,
    -4.139965617879));
#3098 = CARTESIAN_POINT('',(-0.606743356937,-2.950997181161,
    -4.220132515737));
#3099 = CARTESIAN_POINT('',(-2.529938603079,-2.190685992209,
    -4.299882974156));
#3100 = CARTESIAN_POINT('',(-3.547144156843,-4.831992687659E-05,
    -4.380009281524));
#3101 = CARTESIAN_POINT('',(-2.52959327097,2.19075458592,-4.460135592933
    ));
#3102 = CARTESIAN_POINT('',(-0.607078635129,2.950970065179,
    -4.539886048702));
#3103 = CARTESIAN_POINT('',(1.076306817177,2.408479613051,
    -4.620052947611));
#3104 = CARTESIAN_POINT('',(1.917001430348,1.204545554815,
    -4.700010764918));
#3105 = CARTESIAN_POINT('',(1.916998601688,4.572163689433E-07,
    -4.780008438783));
#3106 = ADVANCED_FACE('',(#3107),#3305,.T.);
#3107 = FACE_BOUND('',#3108,.F.);
#3108 = EDGE_LOOP('',(#3109,#3201,#3202,#3299));
#3109 = ORIENTED_EDGE('',*,*,#3110,.F.);
#3110 = EDGE_CURVE('',#2711,#3111,#3113,.T.);
#3111 = VERTEX_POINT('',#3112);
#3112 = CARTESIAN_POINT('',(2.35,2.586904914802E-12,-5.829992528934));
#3113 = B_SPLINE_CURVE_WITH_KNOTS('',6,(#3114,#3115,#3116,#3117,#3118,
    #3119,#3120,#3121,#3122,#3123,#3124,#3125,#3126,#3127,#3128,#3129,
    #3130,#3131,#3132,#3133,#3134,#3135,#3136,#3137,#3138,#3139,#3140,
    #3141,#3142,#3143,#3144,#3145,#3146,#3147,#3148,#3149,#3150,#3151,
    #3152,#3153,#3154,#3155,#3156,#3157,#3158,#3159,#3160,#3161,#3162,
    #3163,#3164,#3165,#3166,#3167,#3168,#3169,#3170,#3171,#3172,#3173,
    #3174,#3175,#3176,#3177,#3178,#3179,#3180,#3181,#3182,#3183,#3184,
    #3185,#3186,#3187,#3188,#3189,#3190,#3191,#3192,#3193,#3194,#3195,
    #3196,#3197,#3198,#3199,#3200),.UNSPECIFIED.,.F.,.F.,(7,5,5,5,5,5,5,
    5,5,5,5,5,5,5,5,5,5,7),(0.,1.837629106321E-02,5.637634801411E-02,
    0.12537757087,0.237896290361,0.265455606653,0.323458160221,
    0.375462583657,0.400828345776,0.457554359768,0.497107873049,
    0.597589158682,0.70627119283,0.737665352757,0.81454347771,
    0.860547949194,0.967440577755,1.),.UNSPECIFIED.);
#3114 = CARTESIAN_POINT('',(2.35,8.128164807886E-12,-5.029990661221));
#3115 = CARTESIAN_POINT('',(2.35,-4.522041609129E-02,-5.032440802254));
#3116 = CARTESIAN_POINT('',(2.348955804055,-9.044080281272E-02,
    -5.034890857325));
#3117 = CARTESIAN_POINT('',(2.346867412068,-0.135631013629,
    -5.037340881451));
#3118 = CARTESIAN_POINT('',(2.343735985845,-0.180760936755,
    -5.039790920433));
#3119 = CARTESIAN_POINT('',(2.339563849097,-0.225800495143,
    -5.042241010861));
#3120 = CARTESIAN_POINT('',(2.323582126507,-0.363607286518,
    -5.049757848395));
#3121 = CARTESIAN_POINT('',(2.308374286193,-0.455981007694,
    -5.054824881633));
#3122 = CARTESIAN_POINT('',(2.28876200097,-0.54757450387,-5.059892515206
    ));
#3123 = CARTESIAN_POINT('',(2.264796918691,-0.638126437987,
    -5.064960834916));
#3124 = CARTESIAN_POINT('',(2.236551300582,-0.727380442083,
    -5.070029776986));
#3125 = CARTESIAN_POINT('',(2.145225058573,-0.974340927015,
    -5.084304151726));
#3126 = CARTESIAN_POINT('',(2.072520126489,-1.128500605413,
    -5.093511171587));
#3127 = CARTESIAN_POINT('',(1.986561641123,-1.276044365417,
    -5.102717906085));
#3128 = CARTESIAN_POINT('',(1.888122967719,-1.415572704884,
    -5.111922993529));
#3129 = CARTESIAN_POINT('',(1.778155074639,-1.545799561192,
    -5.121126012997));
#3130 = CARTESIAN_POINT('',(1.461561663527,-1.860914896018,
    -5.145327005668));
#3131 = CARTESIAN_POINT('',(1.237608303705,-2.028585793441,
    -5.160327277363));
#3132 = CARTESIAN_POINT('',(0.991012627074,-2.163471594258,
    -5.175311025639));
#3133 = CARTESIAN_POINT('',(0.727812921861,-2.262105445137,
    -5.190293199668));
#3134 = CARTESIAN_POINT('',(0.454575915158,-2.32218137302,
    -5.205288306971));
#3135 = CARTESIAN_POINT('',(0.110868279498,-2.348362723896,
    -5.223955976232));
#3136 = CARTESIAN_POINT('',(4.306788802362E-02,-2.351171937177,
    -5.227629089373));
#3137 = CARTESIAN_POINT('',(-2.480928787176E-02,-2.351631652134,
    -5.231302610235));
#3138 = CARTESIAN_POINT('',(-9.266162814318E-02,-2.349740011561,
    -5.234976543667));
#3139 = CARTESIAN_POINT('',(-0.160387567522,-2.345501025731,
    -5.238650879083));
#3140 = CARTESIAN_POINT('',(-0.36994492467,-2.325083478414,
    -5.250059550261));
#3141 = CARTESIAN_POINT('',(-0.510999674339,-2.300887694871,
    -5.257795425358));
#3142 = CARTESIAN_POINT('',(-0.65009739004,-2.266430592637,
    -5.265532493296));
#3143 = CARTESIAN_POINT('',(-0.786311015718,-2.221918096487,
    -5.27327054868));
#3144 = CARTESIAN_POINT('',(-0.918745222235,-2.167666908401,
    -5.281009294351));
#3145 = CARTESIAN_POINT('',(-1.161124518965,-2.047111819243,
    -5.295685927381));
#3146 = CARTESIAN_POINT('',(-1.271984424693,-1.982631880272,
    -5.302624204748));
#3147 = CARTESIAN_POINT('',(-1.378506015811,-1.910969796166,
    -5.309561906582));
#3148 = CARTESIAN_POINT('',(-1.48011336435,-1.832495052391,
    -5.316498913524));
#3149 = CARTESIAN_POINT('',(-1.576274098893,-1.747637564567,
    -5.323435224418));
#3150 = CARTESIAN_POINT('',(-1.710512379991,-1.612620133455,
    -5.33375331456));
#3151 = CARTESIAN_POINT('',(-1.753111441994,-1.566951916906,
    -5.337135888768));
#3152 = CARTESIAN_POINT('',(-1.794243602629,-1.519937227162,
    -5.340518257495));
#3153 = CARTESIAN_POINT('',(-1.8338560377,-1.471635165212,
    -5.343900426178));
#3154 = CARTESIAN_POINT('',(-1.871899134059,-1.422107561615,
    -5.347282406618));
#3155 = CARTESIAN_POINT('',(-1.989789789256,-1.258062974187,
    -5.358227034181));
#3156 = CARTESIAN_POINT('',(-2.063174909048,-1.138896956374,
    -5.365789224294));
#3157 = CARTESIAN_POINT('',(-2.127959894589,-1.014648109587,
    -5.373350534269));
#3158 = CARTESIAN_POINT('',(-2.183715540411,-0.886094275114,
    -5.380911562022));
#3159 = CARTESIAN_POINT('',(-2.230107867857,-0.754058614538,
    -5.388472926497));
#3160 = CARTESIAN_POINT('',(-2.29255518073,-0.525513451302,
    -5.401306874755));
#3161 = CARTESIAN_POINT('',(-2.313543343708,-0.4303468601,
    -5.406579495659));
#3162 = CARTESIAN_POINT('',(-2.329785510154,-0.334196331147,
    -5.411852392695));
#3163 = CARTESIAN_POINT('',(-2.341226749993,-0.237357228798,
    -5.417125622924));
#3164 = CARTESIAN_POINT('',(-2.347836784824,-0.140128452303,
    -5.42239920823));
#3165 = CARTESIAN_POINT('',(-2.354114612471,0.204408041955,
    -5.441070958433));
#3166 = CARTESIAN_POINT('',(-2.327405864222,0.452267439389,
    -5.454474780024));
#3167 = CARTESIAN_POINT('',(-2.269360468523,0.69568001352,
    -5.467876412383));
#3168 = CARTESIAN_POINT('',(-2.181015366319,0.929805307444,
    -5.481278203892));
#3169 = CARTESIAN_POINT('',(-2.064223743652,1.150052326302,
    -5.494681778714));
#3170 = CARTESIAN_POINT('',(-1.768040182436,1.571006374245,
    -5.522568126042));
#3171 = CARTESIAN_POINT('',(-1.584209731508,1.768803820799,
    -5.537059533676));
#3172 = CARTESIAN_POINT('',(-1.374132656771,1.940345779582,
    -5.551539427701));
#3173 = CARTESIAN_POINT('',(-1.142579455652,2.081561654139,
    -5.566015567356));
#3174 = CARTESIAN_POINT('',(-0.894973414579,2.189303372991,
    -5.580499615233));
#3175 = CARTESIAN_POINT('',(-0.563202161193,2.28282097852,
    -5.599165985218));
#3176 = CARTESIAN_POINT('',(-0.488017919111,2.30084702946,
    -5.603349889372));
#3177 = CARTESIAN_POINT('',(-0.41215192259,2.315898882445,-5.60753422596
    ));
#3178 = CARTESIAN_POINT('',(-0.335751148553,2.327945373063,
    -5.61171904713));
#3179 = CARTESIAN_POINT('',(-0.258964307543,2.336965066491,
    -5.615904384298));
#3180 = CARTESIAN_POINT('',(6.671026063486E-03,2.357593018241,
    -5.630340605693));
#3181 = CARTESIAN_POINT('',(0.196717027799,2.35402060433,-5.64059513436)
  );
#3182 = CARTESIAN_POINT('',(0.385955358036,2.332048683245,-5.65085183728
    ));
#3183 = CARTESIAN_POINT('',(0.572182552269,2.291880917039,
    -5.661111098909));
#3184 = CARTESIAN_POINT('',(0.753246890871,2.234034211247,
    -5.671372149889));
#3185 = CARTESIAN_POINT('',(1.031110914792,2.114740243314,
    -5.687770305425));
#3186 = CARTESIAN_POINT('',(1.132556580481,2.064065000925,
    -5.693909121184));
#3187 = CARTESIAN_POINT('',(1.230984622924,2.007563325308,
    -5.700047132894));
#3188 = CARTESIAN_POINT('',(1.325979891543,1.945462979114,
    -5.706184113559));
#3189 = CARTESIAN_POINT('',(1.417151053242,1.878030630753,
    -5.712319953438));
#3190 = CARTESIAN_POINT('',(1.706235544953,1.63720855364,-5.732708230728
    ));
#3191 = CARTESIAN_POINT('',(1.885797467732,1.441638358726,
    -5.746960414353));
#3192 = CARTESIAN_POINT('',(2.038062546522,1.222764496493,
    -5.761199513833));
#3193 = CARTESIAN_POINT('',(2.159517907432,0.985409211314,
    -5.775437603349));
#3194 = CARTESIAN_POINT('',(2.247566155439,0.734939291278,
    -5.789690680903));
#3195 = CARTESIAN_POINT('',(2.317276607216,0.398934290942,
    -5.808284103186));
#3196 = CARTESIAN_POINT('',(2.330343091713,0.319817133278,
    -5.812625729979));
#3197 = CARTESIAN_POINT('',(2.340165797524,0.240198478479,
    -5.816967631207));
#3198 = CARTESIAN_POINT('',(2.346721912389,0.16024436904,-5.821309596987
    ));
#3199 = CARTESIAN_POINT('',(2.35,8.012205621362E-02,-5.82565134669));
#3200 = CARTESIAN_POINT('',(2.35,5.142553050064E-12,-5.829992528934));
#3201 = ORIENTED_EDGE('',*,*,#2896,.T.);
#3202 = ORIENTED_EDGE('',*,*,#3203,.T.);
#3203 = EDGE_CURVE('',#2794,#3204,#3206,.T.);
#3204 = VERTEX_POINT('',#3205);
#3205 = CARTESIAN_POINT('',(2.35,2.165057627799E-13,-5.93000087766));
#3206 = B_SPLINE_CURVE_WITH_KNOTS('',7,(#3207,#3208,#3209,#3210,#3211,
    #3212,#3213,#3214,#3215,#3216,#3217,#3218,#3219,#3220,#3221,#3222,
    #3223,#3224,#3225,#3226,#3227,#3228,#3229,#3230,#3231,#3232,#3233,
    #3234,#3235,#3236,#3237,#3238,#3239,#3240,#3241,#3242,#3243,#3244,
    #3245,#3246,#3247,#3248,#3249,#3250,#3251,#3252,#3253,#3254,#3255,
    #3256,#3257,#3258,#3259,#3260,#3261,#3262,#3263,#3264,#3265,#3266,
    #3267,#3268,#3269,#3270,#3271,#3272,#3273,#3274,#3275,#3276,#3277,
    #3278,#3279,#3280,#3281,#3282,#3283,#3284,#3285,#3286,#3287,#3288,
    #3289,#3290,#3291,#3292,#3293,#3294,#3295,#3296,#3297,#3298),
  .UNSPECIFIED.,.F.,.F.,(8,6,6,6,6,6,6,6,6,6,6,6,6,6,6,8),(0.,
    2.487046755806E-02,0.127679624049,0.181383967925,0.262385834427,
    0.285511394524,0.401609941918,0.499526433315,0.598396933973,
    0.685438724817,0.725440800501,0.784339733482,0.83734350252,
    0.873128437838,0.973045920804,1.),.UNSPECIFIED.);
#3207 = CARTESIAN_POINT('',(2.35,7.980283101006E-13,-5.13000117022));
#3208 = CARTESIAN_POINT('',(2.35,-5.245776209303E-02,-5.132843339057));
#3209 = CARTESIAN_POINT('',(2.348633845546,-0.104915587058,
    -5.135685674784));
#3210 = CARTESIAN_POINT('',(2.345901544605,-0.157330635379,
    -5.13852810654));
#3211 = CARTESIAN_POINT('',(2.341804768839,-0.209660210504,
    -5.141370570707));
#3212 = CARTESIAN_POINT('',(2.336346853605,-0.261861758851,
    -5.144213010905));
#3213 = CARTESIAN_POINT('',(2.329532797956,-0.313892869801,
    -5.147055377996));
#3214 = CARTESIAN_POINT('',(2.287622976115,-0.579917405475,
    -5.161646888058));
#3215 = CARTESIAN_POINT('',(2.230807399002,-0.790545410985,
    -5.173397289712));
#3216 = CARTESIAN_POINT('',(2.151388374492,-0.994512170806,
    -5.18514057959));
#3217 = CARTESIAN_POINT('',(2.050349582603,-1.18894665308,
    -5.196879525885));
#3218 = CARTESIAN_POINT('',(1.92908269653,-1.371169624147,
    -5.208620707715));
#3219 = CARTESIAN_POINT('',(1.789372131567,-1.538724016256,
    -5.220367950801));
#3220 = CARTESIAN_POINT('',(1.552038198648,-1.768193686635,
    -5.238253446433));
#3221 = CARTESIAN_POINT('',(1.46617238207,-1.842353158532,
    -5.244391753356));
#3222 = CARTESIAN_POINT('',(1.376188832661,-1.911633067212,
    -5.250531228336));
#3223 = CARTESIAN_POINT('',(1.282421503644,-1.975761045475,
    -5.256671836964));
#3224 = CARTESIAN_POINT('',(1.185225356181,-2.034494365696,
    -5.262813498633));
#3225 = CARTESIAN_POINT('',(1.084975307877,-2.087620643734,
    -5.268955970746));
#3226 = CARTESIAN_POINT('',(0.826846594964,-2.206357947599,
    -5.284363815884));
#3227 = CARTESIAN_POINT('',(0.665556630257,-2.264598596004,
    -5.293630742361));
#3228 = CARTESIAN_POINT('',(0.499561328659,-2.309046784136,
    -5.302896859389));
#3229 = CARTESIAN_POINT('',(0.330277024359,-2.339268152846,
    -5.312161157655));
#3230 = CARTESIAN_POINT('',(0.159156171628,-2.355003474438,
    -5.321423588707));
#3231 = CARTESIAN_POINT('',(-1.232218450201E-02,-2.356170317396,
    -5.330684064017));
#3232 = CARTESIAN_POINT('',(-0.231286973933,-2.339099304278,
    -5.342583975917));
#3233 = CARTESIAN_POINT('',(-0.279824927301,-2.334130411237,
    -5.345226614637));
#3234 = CARTESIAN_POINT('',(-0.328236848533,-2.32798658519,
    -5.34786905474));
#3235 = CARTESIAN_POINT('',(-0.376488623071,-2.320671733616,
    -5.350511301813));
#3236 = CARTESIAN_POINT('',(-0.424546327663,-2.312190996334,
    -5.353153364369));
#3237 = CARTESIAN_POINT('',(-0.472376230367,-2.302550745503,
    -5.35579525385));
#3238 = CARTESIAN_POINT('',(-0.758755903247,-2.23757809962,
    -5.371699413905));
#3239 = CARTESIAN_POINT('',(-0.991080605112,-2.154341868518,
    -5.384963384652));
#3240 = CARTESIAN_POINT('',(-1.212492970469,-2.04300999332,
    -5.398220539965));
#3241 = CARTESIAN_POINT('',(-1.418988258415,-1.905387570882,
    -5.411476973877));
#3242 = CARTESIAN_POINT('',(-1.606959688136,-1.743878161007,
    -5.424738479568));
#3243 = CARTESIAN_POINT('',(-1.773199500769,-1.561483360811,
    -5.438008372422));
#3244 = CARTESIAN_POINT('',(-2.03481062512,-1.193608224786,
    -5.462465457079));
#3245 = CARTESIAN_POINT('',(-2.137271008434,-1.01298946114,
    -5.473659623113));
#3246 = CARTESIAN_POINT('',(-2.220930290544,-0.822243089778,
    -5.484853811683));
#3247 = CARTESIAN_POINT('',(-2.284640144773,-0.623725740905,
    -5.496047483808));
#3248 = CARTESIAN_POINT('',(-2.327603980261,-0.419920449104,
    -5.507241604256));
#3249 = CARTESIAN_POINT('',(-2.349384843094,-0.213411626461,
    -5.518435997267));
#3250 = CARTESIAN_POINT('',(-2.350600881249,0.201654076044,
    -5.540926064168));
#3251 = CARTESIAN_POINT('',(-2.329621671012,0.410302809314,
    -5.552226511356));
#3252 = CARTESIAN_POINT('',(-2.287028158107,0.616294906414,
    -5.563523444985));
#3253 = CARTESIAN_POINT('',(-2.223259364349,0.816967414036,
    -5.574818131884));
#3254 = CARTESIAN_POINT('',(-2.139128143889,1.009761354245,
    -5.586114053099));
#3255 = CARTESIAN_POINT('',(-2.035812947974,1.192248193766,
    -5.597413137316));
#3256 = CARTESIAN_POINT('',(-1.80851055535,1.511785698593,
    -5.618658506449));
#3257 = CARTESIAN_POINT('',(-1.688440307345,1.651709616726,
    -5.628608126845));
#3258 = CARTESIAN_POINT('',(-1.555800367904,1.780421904837,
    -5.63855869864));
#3259 = CARTESIAN_POINT('',(-1.411861758367,1.896592501325,
    -5.648510663811));
#3260 = CARTESIAN_POINT('',(-1.258049716826,1.999071228737,
    -5.658464757997));
#3261 = CARTESIAN_POINT('',(-1.095932570457,2.086896714084,
    -5.668420356597));
#3262 = CARTESIAN_POINT('',(-0.849707344858,2.192627740714,
    -5.682948676456));
#3263 = CARTESIAN_POINT('',(-0.77078380883,2.222671759484,
    -5.687523096289));
#3264 = CARTESIAN_POINT('',(-0.690629591454,2.249397978347,
    -5.692097317946));
#3265 = CARTESIAN_POINT('',(-0.609412130424,2.272746650576,
    -5.696671239696));
#3266 = CARTESIAN_POINT('',(-0.52730194412,2.292668761604,
    -5.701244769923));
#3267 = CARTESIAN_POINT('',(-0.444472631605,2.30912602902,
    -5.705817827121));
#3268 = CARTESIAN_POINT('',(-0.238344551596,2.341180342432,
    -5.71712289363));
#3269 = CARTESIAN_POINT('',(-0.114407555658,2.352698977162,
    -5.723854481041));
#3270 = CARTESIAN_POINT('',(1.014409547239E-02,2.356559139743,
    -5.730584587382));
#3271 = CARTESIAN_POINT('',(0.134742930892,2.352725723018,
    -5.737313192943));
#3272 = CARTESIAN_POINT('',(0.258822057961,2.341216127306,
    -5.744040533831));
#3273 = CARTESIAN_POINT('',(0.38181719175,2.322100208015,-5.750766862755
    ));
#3274 = CARTESIAN_POINT('',(0.612374168662,2.271562617298,
    -5.763544420321));
#3275 = CARTESIAN_POINT('',(0.720253159761,2.241563197102,
    -5.769596088974));
#3276 = CARTESIAN_POINT('',(0.826398630202,2.205591331552,-5.77564726322
    ));
#3277 = CARTESIAN_POINT('',(0.930414732722,2.163769011377,
    -5.781698289081));
#3278 = CARTESIAN_POINT('',(1.031917900526,2.116250420048,
    -5.787749616017));
#3279 = CARTESIAN_POINT('',(1.130537947431,2.063221504689,
    -5.793801601785));
#3280 = CARTESIAN_POINT('',(1.290314792541,1.965524092706,
    -5.803940744318));
#3281 = CARTESIAN_POINT('',(1.353235223877,1.923735376751,
    -5.808027555371));
#3282 = CARTESIAN_POINT('',(1.414571374543,1.87960014784,-5.812114834209
    ));
#3283 = CARTESIAN_POINT('',(1.474218552047,1.833190804719,-5.81620263999
    ));
#3284 = CARTESIAN_POINT('',(1.532076458893,1.784585396156,
    -5.820291007293));
#3285 = CARTESIAN_POINT('',(1.588049192577,1.733867620941,
    -5.824379946111));
#3286 = CARTESIAN_POINT('',(1.792811193851,1.533865773911,
    -5.839887993217));
#3287 = CARTESIAN_POINT('',(1.928203508126,1.370796806021,
    -5.851313462138));
#3288 = CARTESIAN_POINT('',(2.046166056893,1.193904929772,
    -5.862741159389));
#3289 = CARTESIAN_POINT('',(2.145060814225,1.005444019114,
    -5.874169334972));
#3290 = CARTESIAN_POINT('',(2.22360081797,0.807867528516,-5.885596565096
    ));
#3291 = CARTESIAN_POINT('',(2.280863283044,0.603802759461,
    -5.897020755901));
#3292 = CARTESIAN_POINT('',(2.32596475408,0.340029631613,-5.911520194287
    ));
#3293 = CARTESIAN_POINT('',(2.333964990072,0.283719947969,
    -5.914600433193));
#3294 = CARTESIAN_POINT('',(2.340374382903,0.227193367996,-5.9176805222)
  );
#3295 = CARTESIAN_POINT('',(2.345186034105,0.170503833963,
    -5.920760521923));
#3296 = CARTESIAN_POINT('',(2.348395341661,0.113705492791,
    -5.923840512054));
#3297 = CARTESIAN_POINT('',(2.35,5.685269605961E-02,-5.926920591353));
#3298 = CARTESIAN_POINT('',(2.35,4.707345624411E-13,-5.93000087766));
#3299 = ORIENTED_EDGE('',*,*,#3300,.F.);
#3300 = EDGE_CURVE('',#3111,#3204,#3301,.T.);
#3301 = LINE('',#3302,#3303);
#3302 = CARTESIAN_POINT('',(2.35,0.,-0.2));
#3303 = VECTOR('',#3304,1.);
#3304 = DIRECTION('',(0.,0.,-1.));
#3305 = CYLINDRICAL_SURFACE('',#3306,2.35);
#3306 = AXIS2_PLACEMENT_3D('',#3307,#3308,#3309);
#3307 = CARTESIAN_POINT('',(0.,0.,-0.2));
#3308 = DIRECTION('',(-0.,-0.,-1.));
#3309 = DIRECTION('',(1.,0.,0.));
#3310 = ADVANCED_FACE('',(#3311),#3337,.T.);
#3311 = FACE_BOUND('',#3312,.T.);
#3312 = EDGE_LOOP('',(#3313,#3330,#3331,#3332));
#3313 = ORIENTED_EDGE('',*,*,#3314,.F.);
#3314 = EDGE_CURVE('',#2911,#3315,#3317,.T.);
#3315 = VERTEX_POINT('',#3316);
#3316 = CARTESIAN_POINT('',(1.916993222753,3.657754509341E-07,
    -5.380006751069));
#3317 = ( BOUNDED_CURVE() B_SPLINE_CURVE(11,(#3318,#3319,#3320,#3321,
    #3322,#3323,#3324,#3325,#3326,#3327,#3328,#3329),.UNSPECIFIED.,.F.,
.F.) B_SPLINE_CURVE_WITH_KNOTS((12,12),(0.,6.333910135482),
.PIECEWISE_BEZIER_KNOTS.) CURVE() GEOMETRIC_REPRESENTATION_ITEM() 
RATIONAL_B_SPLINE_CURVE((1.056590953773,1.056590953773,1.056590953773,
    1.056590953773,1.056590953773,1.056590953774,1.056590953773,
    1.056590953774,1.056590953773,1.056590953773,1.056590953773,
1.056590953773)) REPRESENTATION_ITEM('') );
#3318 = CARTESIAN_POINT('',(1.91699470393,4.572185208773E-07,
    -4.580008438821));
#3319 = CARTESIAN_POINT('',(1.916993109172,-1.095037246227,
    -4.652733596861));
#3320 = CARTESIAN_POINT('',(1.229078594388,-2.189572384912,
    -4.725426144668));
#3321 = CARTESIAN_POINT('',(-0.147711911568,-2.806070091074,
    -4.798372915582));
#3322 = CARTESIAN_POINT('',(-1.830906834283,-2.45519807955,
    -4.870465531954));
#3323 = CARTESIAN_POINT('',(-3.084144397472,-1.017148960509,
    -4.944328664292));
#3324 = CARTESIAN_POINT('',(-3.085236057206,1.017134588286,
    -5.015686525328));
#3325 = CARTESIAN_POINT('',(-1.830174071477,2.455220061537,
    -5.089549658479));
#3326 = CARTESIAN_POINT('',(-0.148021667536,2.806058036,-5.161642273933)
  );
#3327 = CARTESIAN_POINT('',(1.229140302197,2.189575244311,
    -5.234589045327));
#3328 = CARTESIAN_POINT('',(1.916994869723,1.095038069221,
    -5.307281593034));
#3329 = CARTESIAN_POINT('',(1.916993222753,3.657755104913E-07,
    -5.380006751069));
#3330 = ORIENTED_EDGE('',*,*,#2929,.T.);
#3331 = ORIENTED_EDGE('',*,*,#2793,.T.);
#3332 = ORIENTED_EDGE('',*,*,#3333,.F.);
#3333 = EDGE_CURVE('',#3315,#2794,#3334,.T.);
#3334 = B_SPLINE_CURVE_WITH_KNOTS('',1,(#3335,#3336),.UNSPECIFIED.,.F.,
  .F.,(2,2),(0.,0.56),.PIECEWISE_BEZIER_KNOTS.);
#3335 = CARTESIAN_POINT('',(1.916993222753,3.657755085395E-07,
    -5.380006751069));
#3336 = CARTESIAN_POINT('',(2.401963083324,-4.389402365894E-08,
    -5.099999189854));
#3337 = B_SPLINE_SURFACE_WITH_KNOTS('',1,10,(
    (#3338,#3339,#3340,#3341,#3342,#3343,#3344,#3345,#3346,#3347,#3348)
    ,(#3349,#3350,#3351,#3352,#3353,#3354,#3355,#3356,#3357,#3358,#3359
    )),.UNSPECIFIED.,.F.,.F.,.F.,(2,2),(11,11),(0.,0.56),(0.,
    6.333910135482),.PIECEWISE_BEZIER_KNOTS.);
#3338 = CARTESIAN_POINT('',(1.91699470393,4.572185199146E-07,
    -4.580008438821));
#3339 = CARTESIAN_POINT('',(1.916992949696,-1.204541016571,
    -4.660006112665));
#3340 = CARTESIAN_POINT('',(1.076208737653,-2.408468244542,
    -4.739963929557));
#3341 = CARTESIAN_POINT('',(-0.606799207852,-2.950983669065,
    -4.820130829828));
#3342 = CARTESIAN_POINT('',(-2.529871363223,-2.190691317809,
    -4.899881284455));
#3343 = CARTESIAN_POINT('',(-3.547133474571,-3.180981754625E-05,
    -4.980007594211));
#3344 = CARTESIAN_POINT('',(-2.529645298099,2.190736042479,
    -5.060133906604));
#3345 = CARTESIAN_POINT('',(-0.607019125675,2.950965851362,
    -5.139884359502));
#3346 = CARTESIAN_POINT('',(1.076283695037,2.408471556476,
    -5.220051260459));
#3347 = CARTESIAN_POINT('',(1.916995034419,1.204541839565,
    -5.300009077231));
#3348 = CARTESIAN_POINT('',(1.916993222753,3.657755085395E-07,
    -5.380006751069));
#3349 = CARTESIAN_POINT('',(2.401963473096,-5.486779468235E-08,
    -4.299998987314));
#3350 = CARTESIAN_POINT('',(2.401962901422,-1.509191055123,
    -4.379999266468));
#3351 = CARTESIAN_POINT('',(1.348565758041,-3.018413580895,
    -4.46000432871));
#3352 = CARTESIAN_POINT('',(-0.760665200984,-3.696075939387,
    -4.539984299567));
#3353 = CARTESIAN_POINT('',(-3.169246572026,-2.746311983044,
    -4.62001424681));
#3354 = CARTESIAN_POINT('',(-4.445180183039,-8.078799903721E-06,
    -4.699999088389));
#3355 = CARTESIAN_POINT('',(-3.169186721678,2.746324168133,
    -4.779983930669));
#3356 = CARTESIAN_POINT('',(-0.760722587935,3.696071350649,
    -4.860013877453));
#3357 = CARTESIAN_POINT('',(1.348585879685,3.018414275358,
    -4.939993848491));
#3358 = CARTESIAN_POINT('',(2.401963648105,1.509190956362,
    -5.019998910702));
#3359 = CARTESIAN_POINT('',(2.401963083324,-4.389402365894E-08,
    -5.099999189854));
#3360 = ADVANCED_FACE('',(#3361),#3391,.T.);
#3361 = FACE_BOUND('',#3362,.T.);
#3362 = EDGE_LOOP('',(#3363,#3379,#3380,#3381));
#3363 = ORIENTED_EDGE('',*,*,#3364,.F.);
#3364 = EDGE_CURVE('',#2961,#3365,#3367,.T.);
#3365 = VERTEX_POINT('',#3366);
#3366 = CARTESIAN_POINT('',(1.916996340959,3.657740508162E-07,
    -5.580006751044));
#3367 = B_SPLINE_CURVE_WITH_KNOTS('',10,(#3368,#3369,#3370,#3371,#3372,
    #3373,#3374,#3375,#3376,#3377,#3378),.UNSPECIFIED.,.F.,.F.,(11,11),(
    0.,6.333910135482),.PIECEWISE_BEZIER_KNOTS.);
#3368 = CARTESIAN_POINT('',(1.916998601688,4.572163641562E-07,
    -4.780008438783));
#3369 = CARTESIAN_POINT('',(1.916995773029,-1.204543220229,
    -4.860006112648));
#3370 = CARTESIAN_POINT('',(1.076190709906,-2.408471906589,
    -4.939963929914));
#3371 = CARTESIAN_POINT('',(-0.606742781027,-2.95099367877,
    -5.020130828649));
#3372 = CARTESIAN_POINT('',(-2.529935726439,-2.190683281743,
    -5.09988128576));
#3373 = CARTESIAN_POINT('',(-3.547139970511,-4.815044773299E-05,
    -5.180007593788));
#3374 = CARTESIAN_POINT('',(-2.529590185811,2.190752116373,
    -5.260133905863));
#3375 = CARTESIAN_POINT('',(-0.607077777276,2.950966620869,
    -5.339884360319));
#3376 = CARTESIAN_POINT('',(1.076305662527,2.40847671838,-5.420051260108
    ));
#3377 = CARTESIAN_POINT('',(1.91699922705,1.204544043219,-5.50000907719)
  );
#3378 = CARTESIAN_POINT('',(1.916996340959,3.657741095091E-07,
    -5.580006751044));
#3379 = ORIENTED_EDGE('',*,*,#2978,.T.);
#3380 = ORIENTED_EDGE('',*,*,#3314,.T.);
#3381 = ORIENTED_EDGE('',*,*,#3382,.F.);
#3382 = EDGE_CURVE('',#3365,#3315,#3383,.T.);
#3383 = ( BOUNDED_CURVE() B_SPLINE_CURVE(6,(#3384,#3385,#3386,#3387,
#3388,#3389,#3390),.UNSPECIFIED.,.F.,.F.) B_SPLINE_CURVE_WITH_KNOTS((7,7
),(0.,2.094395102393),.PIECEWISE_BEZIER_KNOTS.) CURVE() 
GEOMETRIC_REPRESENTATION_ITEM() RATIONAL_B_SPLINE_CURVE((1.056590953773,
    1.017435169568,0.996326512422,0.989390034249,0.996326512422,
1.017435169568,1.056590953773)) REPRESENTATION_ITEM('') );
#3384 = CARTESIAN_POINT('',(1.916996340959,3.657741113328E-07,
    -5.580006751044));
#3385 = CARTESIAN_POINT('',(1.880746976889,3.963948474461E-07,
    -5.559078924487));
#3386 = CARTESIAN_POINT('',(1.855201624131,4.179735134113E-07,
    -5.52365734175));
#3387 = CARTESIAN_POINT('',(1.845967990508,4.257731554547E-07,
    -5.480007858438));
#3388 = CARTESIAN_POINT('',(1.855200263045,4.179741252552E-07,
    -5.436358087223));
#3389 = CARTESIAN_POINT('',(1.880744511273,3.963959523956E-07,
    -5.400935707946));
#3390 = CARTESIAN_POINT('',(1.916993222753,3.657755104913E-07,
    -5.380006751069));
#3391 = ( BOUNDED_SURFACE() B_SPLINE_SURFACE(6,11,(
    (#3392,#3393,#3394,#3395,#3396,#3397,#3398,#3399,#3400,#3401,#3402
      ,#3403)
    ,(#3404,#3405,#3406,#3407,#3408,#3409,#3410,#3411,#3412,#3413,#3414
      ,#3415)
    ,(#3416,#3417,#3418,#3419,#3420,#3421,#3422,#3423,#3424,#3425,#3426
      ,#3427)
    ,(#3428,#3429,#3430,#3431,#3432,#3433,#3434,#3435,#3436,#3437,#3438
      ,#3439)
    ,(#3440,#3441,#3442,#3443,#3444,#3445,#3446,#3447,#3448,#3449,#3450
      ,#3451)
    ,(#3452,#3453,#3454,#3455,#3456,#3457,#3458,#3459,#3460,#3461,#3462
      ,#3463)
    ,(#3464,#3465,#3466,#3467,#3468,#3469,#3470,#3471,#3472,#3473,#3474
,#3475
    )),.UNSPECIFIED.,.F.,.F.,.F.) B_SPLINE_SURFACE_WITH_KNOTS((7,7),(12,
    12),(0.,2.094395102393),(0.,6.333910135482),
.PIECEWISE_BEZIER_KNOTS.) GEOMETRIC_REPRESENTATION_ITEM() 
RATIONAL_B_SPLINE_SURFACE((
    (1.056590953773,1.056590953773,1.056590953773,1.056590953773
      ,1.056590953773,1.056590953774,1.056590953773,1.056590953774
      ,1.056590953773,1.056590953773,1.056590953773,1.056590953773)
    ,(1.017435169568,1.017435169568,1.017435169568,1.017435169568
      ,1.017435169568,1.017435169569,1.017435169568,1.017435169568
      ,1.017435169568,1.017435169568,1.017435169568,1.017435169568)
    ,(0.996326512422,0.996326512422,0.996326512422,0.996326512422
      ,0.996326512422,0.996326512423,0.996326512421,0.996326512423
      ,0.996326512422,0.996326512422,0.996326512422,0.996326512422)
    ,(0.989390034249,0.989390034249,0.989390034248,0.989390034249
      ,0.989390034248,0.989390034249,0.989390034248,0.989390034249
      ,0.989390034248,0.989390034249,0.989390034249,0.989390034249)
    ,(0.996326512422,0.996326512422,0.996326512422,0.996326512423
      ,0.996326512421,0.996326512423,0.996326512421,0.996326512423
      ,0.996326512422,0.996326512422,0.996326512422,0.996326512422)
    ,(1.017435169568,1.017435169568,1.017435169568,1.017435169568
      ,1.017435169568,1.017435169568,1.017435169568,1.017435169568
      ,1.017435169568,1.017435169568,1.017435169568,1.017435169568)
    ,(1.056590953773,1.056590953773,1.056590953773,1.056590953773
      ,1.056590953773,1.056590953774,1.056590953773,1.056590953774
      ,1.056590953773,1.056590953773,1.056590953773,1.056590953773
))) REPRESENTATION_ITEM('') SURFACE() );
#3392 = CARTESIAN_POINT('',(1.916998601688,4.572163643246E-07,
    -4.780008438783));
#3393 = CARTESIAN_POINT('',(1.91699603018,-1.095039249552,
    -4.852733596842));
#3394 = CARTESIAN_POINT('',(1.229064357747,-2.189575781797,
    -4.925426144956));
#3395 = CARTESIAN_POINT('',(-0.147630986512,-2.806078369463,
    -4.998372913965));
#3396 = CARTESIAN_POINT('',(-1.831103289654,-2.455196606119,
    -5.070465535721));
#3397 = CARTESIAN_POINT('',(-3.083862882781,-1.017154219864,
    -5.144328658643));
#3398 = CARTESIAN_POINT('',(-3.085528863345,1.017132980573,
    -5.215686530772));
#3399 = CARTESIAN_POINT('',(-1.82998431207,2.455230570736,
    -5.289549654936));
#3400 = CARTESIAN_POINT('',(-0.148103136136,2.806060003298,
    -5.36164227529));
#3401 = CARTESIAN_POINT('',(1.229159037894,2.189579868351,
    -5.434589045032));
#3402 = CARTESIAN_POINT('',(1.916998964678,1.095040072542,
    -5.507281592995));
#3403 = CARTESIAN_POINT('',(1.916996340959,3.657741113328E-07,
    -5.580006751044));
#3404 = CARTESIAN_POINT('',(1.880749156046,4.954923253364E-07,
    -4.759080753517));
#3405 = CARTESIAN_POINT('',(1.880746708602,-1.074338062703,
    -4.831805734543));
#3406 = CARTESIAN_POINT('',(1.205820833371,-2.148134082236,
    -4.904495375629));
#3407 = CARTESIAN_POINT('',(-0.144831104763,-2.753141625493,
    -4.977460520116));
#3408 = CARTESIAN_POINT('',(-1.796486978674,-2.408512122194,
    -5.049500011106));
#3409 = CARTESIAN_POINT('',(-3.025553351396,-0.998286976709,
    -5.123458223369));
#3410 = CARTESIAN_POINT('',(-3.027159271587,0.998266345097,
    -5.194701454237));
#3411 = CARTESIAN_POINT('',(-1.795408502864,2.408544767209,
    -5.268659667698));
#3412 = CARTESIAN_POINT('',(-0.145286362325,2.753123914375,
    -5.340699157336));
#3413 = CARTESIAN_POINT('',(1.205911984568,2.148138084563,-5.41366430253
    ));
#3414 = CARTESIAN_POINT('',(1.880749480915,1.074338954591,
    -5.486353943469));
#3415 = CARTESIAN_POINT('',(1.880746976889,3.963948474461E-07,
    -5.559078924487));
#3416 = CARTESIAN_POINT('',(1.855203665223,5.224657280145E-07,
    -4.723659270349));
#3417 = CARTESIAN_POINT('',(1.855201406173,-1.059749670103,
    -4.796384126618));
#3418 = CARTESIAN_POINT('',(1.18944252695,-2.118929647017,
    -4.869071719082));
#3419 = CARTESIAN_POINT('',(-0.14286638519,-2.71583609504,
    -4.942049813017));
#3420 = CARTESIAN_POINT('',(-1.772072458138,-2.37561358529,
    -5.014051862048));
#3421 = CARTESIAN_POINT('',(-2.984491557753,-0.984990632896,
    -5.088077085015));
#3422 = CARTESIAN_POINT('',(-2.985995786594,0.984971139358,
    -5.159239526712));
#3423 = CARTESIAN_POINT('',(-1.771062446454,2.375644061752,-5.2332647508
    ));
#3424 = CARTESIAN_POINT('',(-0.143292952492,2.715819497904,
    -5.305266798565));
#3425 = CARTESIAN_POINT('',(1.189527782987,2.118933463139,
    -5.378244893163));
#3426 = CARTESIAN_POINT('',(1.855203942844,1.059750610542,
    -5.450932485489));
#3427 = CARTESIAN_POINT('',(1.855201624131,4.179735134113E-07,
    -5.52365734175));
#3428 = CARTESIAN_POINT('',(1.845969861465,5.322153724951E-07,
    -4.680009823028));
#3429 = CARTESIAN_POINT('',(1.845967821155,-1.054476509435,
    -4.752734634201));
#3430 = CARTESIAN_POINT('',(1.183524921744,-2.108373425862,
    -4.82542148616));
#3431 = CARTESIAN_POINT('',(-0.142168735175,-2.702351048324,
    -4.898404260859));
#3432 = CARTESIAN_POINT('',(-1.763217735282,-2.363722913346,
    -4.970392775978));
#3433 = CARTESIAN_POINT('',(-2.969693537059,-0.980183970199,
    -5.044442220852));
#3434 = CARTESIAN_POINT('',(-2.97107243105,0.980165947138,
    -5.115575460273));
#3435 = CARTESIAN_POINT('',(-1.762292036541,2.363750757882,
    -5.189624906174));
#3436 = CARTESIAN_POINT('',(-0.142559886123,2.702335827208,
    -5.261613420134));
#3437 = CARTESIAN_POINT('',(1.183602961594,2.108376985414,
    -5.334596195439));
#3438 = CARTESIAN_POINT('',(1.845970091594,1.054477467424,
    -5.407283047272));
#3439 = CARTESIAN_POINT('',(1.845967990508,4.257731554547E-07,
    -5.480007858438));
#3440 = CARTESIAN_POINT('',(1.855201963867,5.224666705939E-07,
    -4.636360015828));
#3441 = CARTESIAN_POINT('',(1.855200131164,-1.059748795659,
    -4.709084872089));
#3442 = CARTESIAN_POINT('',(1.189448741191,-2.11892816429,
    -4.781772464419));
#3443 = CARTESIAN_POINT('',(-0.142901708675,-2.715832481553,
    -4.854750559185));
#3444 = CARTESIAN_POINT('',(-1.771986706102,-2.375614228438,
    -4.926752605866));
#3445 = CARTESIAN_POINT('',(-2.984614437865,-0.984988337207,
    -5.000777832944));
#3446 = CARTESIAN_POINT('',(-2.985867977807,0.98497184112,
    -5.071940269798));
#3447 = CARTESIAN_POINT('',(-1.771145275727,2.375639474525,
    -5.145965497809));
#3448 = CARTESIAN_POINT('',(-0.143257391752,2.715818639186,
    -5.217967543436));
#3449 = CARTESIAN_POINT('',(1.189519604925,2.118931444763,
    -5.290945638754));
#3450 = CARTESIAN_POINT('',(1.855202155411,1.059749736099,
    -5.363633230969));
#3451 = CARTESIAN_POINT('',(1.855200263045,4.179741252552E-07,
    -5.436358087223));
#3452 = CARTESIAN_POINT('',(1.880746074026,4.954940343582E-07,
    -4.600937536987));
#3453 = CARTESIAN_POINT('',(1.880744398914,-1.074336478642,
    -4.673662517998));
#3454 = CARTESIAN_POINT('',(1.205832090512,-2.148131396265,
    -4.746352158842));
#3455 = CARTESIAN_POINT('',(-0.144895093506,-2.753135079639,
    -4.819317304834));
#3456 = CARTESIAN_POINT('',(-1.796331638253,-2.408513287258,
    -4.891356791567));
#3457 = CARTESIAN_POINT('',(-3.02577594959,-0.998282818053,
    -4.965315011276));
#3458 = CARTESIAN_POINT('',(-3.026927745064,0.998267616343,
    -5.036558233372));
#3459 = CARTESIAN_POINT('',(-1.795558548678,2.408536457416,
    -5.110516453939));
#3460 = CARTESIAN_POINT('',(-0.145221943794,2.753122358801,
    -5.182555939703));
#3461 = CARTESIAN_POINT('',(1.205897169951,2.14813442826,-5.255521086203
    ));
#3462 = CARTESIAN_POINT('',(1.880746242967,1.074337370532,
    -5.328210726941));
#3463 = CARTESIAN_POINT('',(1.880744511273,3.963959523956E-07,
    -5.400935707946));
#3464 = CARTESIAN_POINT('',(1.91699470393,4.572185208773E-07,
    -4.580008438821));
#3465 = CARTESIAN_POINT('',(1.916993109172,-1.095037246227,
    -4.652733596861));
#3466 = CARTESIAN_POINT('',(1.229078594388,-2.189572384912,
    -4.725426144668));
#3467 = CARTESIAN_POINT('',(-0.147711911568,-2.806070091074,
    -4.798372915582));
#3468 = CARTESIAN_POINT('',(-1.830906834283,-2.45519807955,
    -4.870465531954));
#3469 = CARTESIAN_POINT('',(-3.084144397472,-1.017148960509,
    -4.944328664292));
#3470 = CARTESIAN_POINT('',(-3.085236057206,1.017134588286,
    -5.015686525328));
#3471 = CARTESIAN_POINT('',(-1.830174071477,2.455220061537,
    -5.089549658479));
#3472 = CARTESIAN_POINT('',(-0.148021667536,2.806058036,-5.161642273933)
  );
#3473 = CARTESIAN_POINT('',(1.229140302197,2.189575244311,
    -5.234589045327));
#3474 = CARTESIAN_POINT('',(1.916994869723,1.095038069221,
    -5.307281593034));
#3475 = CARTESIAN_POINT('',(1.916993222753,3.657755104913E-07,
    -5.380006751069));
#3476 = ADVANCED_FACE('',(#3477),#3487,.T.);
#3477 = FACE_BOUND('',#3478,.T.);
#3478 = EDGE_LOOP('',(#3479,#3480,#3481,#3482));
#3479 = ORIENTED_EDGE('',*,*,#3110,.F.);
#3480 = ORIENTED_EDGE('',*,*,#3079,.T.);
#3481 = ORIENTED_EDGE('',*,*,#3364,.T.);
#3482 = ORIENTED_EDGE('',*,*,#3483,.F.);
#3483 = EDGE_CURVE('',#3111,#3365,#3484,.T.);
#3484 = B_SPLINE_CURVE_WITH_KNOTS('',1,(#3485,#3486),.UNSPECIFIED.,.F.,
  .F.,(2,2),(0.,0.56),.PIECEWISE_BEZIER_KNOTS.);
#3485 = CARTESIAN_POINT('',(2.401974932508,-4.389934142855E-08,
    -5.859999189762));
#3486 = CARTESIAN_POINT('',(1.916996340959,3.657741095091E-07,
    -5.580006751044));
#3487 = B_SPLINE_SURFACE_WITH_KNOTS('',1,10,(
    (#3488,#3489,#3490,#3491,#3492,#3493,#3494,#3495,#3496,#3497,#3498)
    ,(#3499,#3500,#3501,#3502,#3503,#3504,#3505,#3506,#3507,#3508,#3509
    )),.UNSPECIFIED.,.F.,.F.,.F.,(2,2),(11,11),(0.,0.56),(0.,
    6.333910135482),.PIECEWISE_BEZIER_KNOTS.);
#3488 = CARTESIAN_POINT('',(2.401978284575,-5.487599015006E-08,
    -5.05999898717));
#3489 = CARTESIAN_POINT('',(2.401973630087,-1.50919942902,
    -5.139999266403));
#3490 = CARTESIAN_POINT('',(1.348497252603,-3.018427496672,
    -5.220004330063));
#3491 = CARTESIAN_POINT('',(-0.760450779049,-3.696113976266,
    -5.299984295092));
#3492 = CARTESIAN_POINT('',(-3.169491152249,-2.746281445994,
    -5.380014251758));
#3493 = CARTESIAN_POINT('',(-4.445204867611,-7.017319238134E-05,
    -5.459999086794));
#3494 = CARTESIAN_POINT('',(-3.168977294986,2.74638524893,-5.53998392784
    ));
#3495 = CARTESIAN_POINT('',(-0.760945464019,3.696074274777,
    -5.620013880565));
#3496 = CARTESIAN_POINT('',(1.34866935615,3.018433890593,-5.699993847154
    ));
#3497 = CARTESIAN_POINT('',(2.401979580101,1.509199330246,
    -5.779998910546));
#3498 = CARTESIAN_POINT('',(2.401974932508,-4.389934142855E-08,
    -5.859999189762));
#3499 = CARTESIAN_POINT('',(1.916998601688,4.572163641562E-07,
    -4.780008438783));
#3500 = CARTESIAN_POINT('',(1.916995773029,-1.204543220229,
    -4.860006112648));
#3501 = CARTESIAN_POINT('',(1.076190709906,-2.408471906589,
    -4.939963929914));
#3502 = CARTESIAN_POINT('',(-0.606742781027,-2.95099367877,
    -5.020130828649));
#3503 = CARTESIAN_POINT('',(-2.529935726439,-2.190683281743,
    -5.09988128576));
#3504 = CARTESIAN_POINT('',(-3.547139970511,-4.815044773299E-05,
    -5.180007593788));
#3505 = CARTESIAN_POINT('',(-2.529590185811,2.190752116373,
    -5.260133905863));
#3506 = CARTESIAN_POINT('',(-0.607077777276,2.950966620869,
    -5.339884360319));
#3507 = CARTESIAN_POINT('',(1.076305662527,2.40847671838,-5.420051260108
    ));
#3508 = CARTESIAN_POINT('',(1.91699922705,1.204544043219,-5.50000907719)
  );
#3509 = CARTESIAN_POINT('',(1.916996340959,3.657741095091E-07,
    -5.580006751044));
#3510 = ADVANCED_FACE('',(#3511),#3726,.T.);
#3511 = FACE_BOUND('',#3512,.F.);
#3512 = EDGE_LOOP('',(#3513,#3622,#3623,#3720));
#3513 = ORIENTED_EDGE('',*,*,#3514,.F.);
#3514 = EDGE_CURVE('',#3111,#3515,#3517,.T.);
#3515 = VERTEX_POINT('',#3516);
#3516 = CARTESIAN_POINT('',(2.35,1.396236421555E-12,-6.62999439667));
#3517 = B_SPLINE_CURVE_WITH_KNOTS('',7,(#3518,#3519,#3520,#3521,#3522,
    #3523,#3524,#3525,#3526,#3527,#3528,#3529,#3530,#3531,#3532,#3533,
    #3534,#3535,#3536,#3537,#3538,#3539,#3540,#3541,#3542,#3543,#3544,
    #3545,#3546,#3547,#3548,#3549,#3550,#3551,#3552,#3553,#3554,#3555,
    #3556,#3557,#3558,#3559,#3560,#3561,#3562,#3563,#3564,#3565,#3566,
    #3567,#3568,#3569,#3570,#3571,#3572,#3573,#3574,#3575,#3576,#3577,
    #3578,#3579,#3580,#3581,#3582,#3583,#3584,#3585,#3586,#3587,#3588,
    #3589,#3590,#3591,#3592,#3593,#3594,#3595,#3596,#3597,#3598,#3599,
    #3600,#3601,#3602,#3603,#3604,#3605,#3606,#3607,#3608,#3609,#3610,
    #3611,#3612,#3613,#3614,#3615,#3616,#3617,#3618,#3619,#3620,#3621),
  .UNSPECIFIED.,.F.,.F.,(8,6,6,6,6,6,6,6,6,6,6,6,6,6,6,6,6,8),(0.,
    1.833279359099E-02,5.633268498896E-02,0.125333601055,0.239296253838,
    0.266225139793,0.307226730175,0.400469567705,0.496773017847,
    0.597268326572,0.642935075036,0.702938255635,0.737588553442,
    0.815028045564,0.861032296412,0.953764252836,0.969348773041,1.),
  .UNSPECIFIED.);
#3518 = CARTESIAN_POINT('',(2.35,5.116795875892E-12,-5.829992528934));
#3519 = CARTESIAN_POINT('',(2.35,-3.866878042579E-02,-5.83208768802));
#3520 = CARTESIAN_POINT('',(2.349257665987,-7.733753901718E-02,
    -5.834182785949));
#3521 = CARTESIAN_POINT('',(2.347772997845,-0.115989172107,
    -5.836277853985));
#3522 = CARTESIAN_POINT('',(2.345546488772,-0.154606590129,
    -5.838372919456));
#3523 = CARTESIAN_POINT('',(2.342579125282,-0.193172717617,
    -5.840468005747));
#3524 = CARTESIAN_POINT('',(2.338872387202,-0.231670493199,
    -5.842563132301));
#3525 = CARTESIAN_POINT('',(2.325216513603,-0.349703366309,
    -5.849001171604));
#3526 = CARTESIAN_POINT('',(2.312836479633,-0.4289576424,-5.853344288404
    ));
#3527 = CARTESIAN_POINT('',(2.297305838274,-0.50769351792,
    -5.857687799905));
#3528 = CARTESIAN_POINT('',(2.278651116924,-0.585760940166,
    -5.86203177684));
#3529 = CARTESIAN_POINT('',(2.256907677872,-0.663011983686,
    -5.866376225791));
#3530 = CARTESIAN_POINT('',(2.232119718297,-0.739300850281,
    -5.870721089191));
#3531 = CARTESIAN_POINT('',(2.153897827115,-0.951002605603,
    -5.882956261387));
#3532 = CARTESIAN_POINT('',(2.093588700372,-1.083883939137,
    -5.890847705176));
#3533 = CARTESIAN_POINT('',(2.023731748216,-1.212259333182,
    -5.898739273972));
#3534 = CARTESIAN_POINT('',(1.944737963723,-1.335311777107,
    -5.906630058345));
#3535 = CARTESIAN_POINT('',(1.857099804064,-1.452273832857,
    -5.914519548314));
#3536 = CARTESIAN_POINT('',(1.761388971513,-1.562431246662,
    -5.922407359292));
#3537 = CARTESIAN_POINT('',(1.487938101778,-1.834753998636,
    -5.94331615447));
#3538 = CARTESIAN_POINT('',(1.297304527157,-1.984116068561,
    -5.956338999005));
#3539 = CARTESIAN_POINT('',(1.089365553851,-2.110172656796,
    -5.969351563509));
#3540 = CARTESIAN_POINT('',(0.867579159966,-2.21062232118,
    -5.982359095647));
#3541 = CARTESIAN_POINT('',(0.63568062498,-2.283774134972,-5.99536945815
    ));
#3542 = CARTESIAN_POINT('',(0.397679203887,-2.328547277582,
    -6.008387915559));
#3543 = CARTESIAN_POINT('',(0.101173089627,-2.348508091538,
    -6.024482207373));
#3544 = CARTESIAN_POINT('',(4.439364005834E-02,-2.350725174668,
    -6.027558609166));
#3545 = CARTESIAN_POINT('',(-1.243921053478E-02,-2.351340549102,
    -6.030635287474));
#3546 = CARTESIAN_POINT('',(-6.927126704823E-02,-2.350352866239,
    -6.033712245746));
#3547 = CARTESIAN_POINT('',(-0.126048371984,-2.347763069782,
    -6.036789481469));
#3548 = CARTESIAN_POINT('',(-0.182716405452,-2.343574395748,
    -6.039866986175));
#3549 = CARTESIAN_POINT('',(-0.325254919698,-2.328988734948,
    -6.047630903813));
#3550 = CARTESIAN_POINT('',(-0.410911268481,-2.316491139212,
    -6.052317672412));
#3551 = CARTESIAN_POINT('',(-0.495998714786,-2.300319282551,
    -6.057004991617));
#3552 = CARTESIAN_POINT('',(-0.580328457022,-2.280504860965,
    -6.061692786858));
#3553 = CARTESIAN_POINT('',(-0.663714508739,-2.257091569151,
    -6.066380968616));
#3554 = CARTESIAN_POINT('',(-0.745973698631,-2.230135100502,
    -6.071069432416));
#3555 = CARTESIAN_POINT('',(-1.011020762788,-2.13049701,-6.08642059234)
  );
#3556 = CARTESIAN_POINT('',(-1.188391374346,-2.043303504488,
    -6.097085885862));
#3557 = CARTESIAN_POINT('',(-1.356868669176,-1.938925676411,
    -6.107749518189));
#3558 = CARTESIAN_POINT('',(-1.514483669323,-1.818478723836,
    -6.118410694179));
#3559 = CARTESIAN_POINT('',(-1.659446984092,-1.683329915241,
    -6.129070466449));
#3560 = CARTESIAN_POINT('',(-1.790165121686,-1.535086229677,
    -6.139729435928));
#3561 = CARTESIAN_POINT('',(-2.024200626955,-1.210939191042,
    -6.161390183702));
#3562 = CARTESIAN_POINT('',(-2.126523165986,-1.03422471096,
    -6.172395854731));
#3563 = CARTESIAN_POINT('',(-2.210755479949,-0.847548264274,
    -6.183398745402));
#3564 = CARTESIAN_POINT('',(-2.275782215404,-0.6531404721,
    -6.194400580405));
#3565 = CARTESIAN_POINT('',(-2.320816629328,-0.453354319663,
    -6.205404451855));
#3566 = CARTESIAN_POINT('',(-2.345408107108,-0.250642230617,
    -6.216411509913));
#3567 = CARTESIAN_POINT('',(-2.353808329743,0.164369092588,
    -6.238903372351));
#3568 = CARTESIAN_POINT('',(-2.33579717804,0.376796219179,
    -6.250393132862));
#3569 = CARTESIAN_POINT('',(-2.2954089512,0.586817618242,-6.2618825086)
  );
#3570 = CARTESIAN_POINT('',(-2.23306504794,0.79163021495,-6.273371345355
    ));
#3571 = CARTESIAN_POINT('',(-2.149586254872,0.988536519907,
    -6.284860781842));
#3572 = CARTESIAN_POINT('',(-2.046184118349,1.174973486006,
    -6.296350243329));
#3573 = CARTESIAN_POINT('',(-1.869265857155,1.427453465897,
    -6.313053363532));
#3574 = CARTESIAN_POINT('',(-1.810216688684,1.503695657041,
    -6.318271630793));
#3575 = CARTESIAN_POINT('',(-1.747547240048,1.577077582009,
    -6.323489316934));
#3576 = CARTESIAN_POINT('',(-1.68142459791,1.647393824852,
    -6.328706421148));
#3577 = CARTESIAN_POINT('',(-1.612029865372,1.714451776813,
    -6.333923012628));
#3578 = CARTESIAN_POINT('',(-1.539557789438,1.778072031696,
    -6.339139161618));
#3579 = CARTESIAN_POINT('',(-1.365222616449,1.916946943501,
    -6.351207977602));
#3580 = CARTESIAN_POINT('',(-1.261270895381,1.989587051346,
    -6.358060613964));
#3581 = CARTESIAN_POINT('',(-1.15283546664,2.055631813632,
    -6.364912631627));
#3582 = CARTESIAN_POINT('',(-1.040419912269,2.114752482122,
    -6.371764391287));
#3583 = CARTESIAN_POINT('',(-0.92455514328,2.166669894337,
    -6.378616440123));
#3584 = CARTESIAN_POINT('',(-0.80579738795,2.211155516428,
    -6.385469189677));
#3585 = CARTESIAN_POINT('',(-0.61481066286,2.26932799015,-6.396280258784
    ));
#3586 = CARTESIAN_POINT('',(-0.544122231882,2.288086712052,
    -6.40023821078));
#3587 = CARTESIAN_POINT('',(-0.472771903558,2.304274882237,
    -6.404196509154));
#3588 = CARTESIAN_POINT('',(-0.400871861754,2.317864908054,
    -6.408155200683));
#3589 = CARTESIAN_POINT('',(-0.328535457811,2.328835373695,
    -6.412114319481));
#3590 = CARTESIAN_POINT('',(-0.25587721055,2.337171040207,-6.416073887)
  );
#3591 = CARTESIAN_POINT('',(-2.016911316229E-02,2.355583385788,
    -6.428884119582));
#3592 = CARTESIAN_POINT('',(0.143719582818,2.355099849077,
    -6.437737365034));
#3593 = CARTESIAN_POINT('',(0.307344244528,2.341306210077,
    -6.446592465964));
#3594 = CARTESIAN_POINT('',(0.46941246446,2.314266050126,-6.455449300772
    ));
#3595 = CARTESIAN_POINT('',(0.62865268903,2.274191455813,-6.464307761391
    ));
#3596 = CARTESIAN_POINT('',(0.783821770207,2.221441785963,
    -6.473166955442));
#3597 = CARTESIAN_POINT('',(1.022762975398,2.117987664769,
    -6.487286727004));
#3598 = CARTESIAN_POINT('',(1.109953802891,2.075142795609,
    -6.492548582864));
#3599 = CARTESIAN_POINT('',(1.195038789861,2.028115803775,-6.49780992858
    ));
#3600 = CARTESIAN_POINT('',(1.27777793069,1.977031874603,-6.503070594036
    ));
#3601 = CARTESIAN_POINT('',(1.357941236168,1.922032982124,
    -6.508330485315));
#3602 = CARTESIAN_POINT('',(1.435309218427,1.863277596713,
    -6.513589534177));
#3603 = CARTESIAN_POINT('',(1.659571128377,1.675285680912,
    -6.529446562404));
#3604 = CARTESIAN_POINT('',(1.797292592265,1.535053654433,
    -6.540043671911));
#3605 = CARTESIAN_POINT('',(1.921087808321,1.381697043454,
    -6.550635800776));
#3606 = CARTESIAN_POINT('',(2.029492052931,1.216892077126,
    -6.561224762708));
#3607 = CARTESIAN_POINT('',(2.121288362138,1.042489460059,
    -6.571814916655));
#3608 = CARTESIAN_POINT('',(2.195518356832,0.860497645515,
    -6.582409376575));
#3609 = CARTESIAN_POINT('',(2.260956589048,0.641604114069,
    -6.594785552712));
#3610 = CARTESIAN_POINT('',(2.269857847686,0.609956174235,-6.59656631142
    ));
#3611 = CARTESIAN_POINT('',(2.27824213576,0.578164651141,-6.598347151237
    ));
#3612 = CARTESIAN_POINT('',(2.286106692549,0.546239675693,
    -6.600128070281));
#3613 = CARTESIAN_POINT('',(2.293449005863,0.514191444389,
    -6.601909064379));
#3614 = CARTESIAN_POINT('',(2.300266812042,0.482030219323,
    -6.603690127076));
#3615 = CARTESIAN_POINT('',(2.318931628711,0.386310550467,-6.6089743149)
  );
#3616 = CARTESIAN_POINT('',(2.329268511245,0.322457391314,
    -6.612477622356));
#3617 = CARTESIAN_POINT('',(2.337553393204,0.258285586424,
    -6.615981097845));
#3618 = CARTESIAN_POINT('',(2.343774755428,0.193874253684,
    -6.619484644346));
#3619 = CARTESIAN_POINT('',(2.34792490995,0.129302893165,-6.622988141969
    ));
#3620 = CARTESIAN_POINT('',(2.35,6.465138712341E-02,-6.626491447953));
#3621 = CARTESIAN_POINT('',(2.35,2.835509604893E-12,-6.62999439667));
#3622 = ORIENTED_EDGE('',*,*,#3300,.T.);
#3623 = ORIENTED_EDGE('',*,*,#3624,.T.);
#3624 = EDGE_CURVE('',#3204,#3625,#3627,.T.);
#3625 = VERTEX_POINT('',#3626);
#3626 = CARTESIAN_POINT('',(2.35,9.268992392744E-14,-6.730000585103));
#3627 = B_SPLINE_CURVE_WITH_KNOTS('',7,(#3628,#3629,#3630,#3631,#3632,
    #3633,#3634,#3635,#3636,#3637,#3638,#3639,#3640,#3641,#3642,#3643,
    #3644,#3645,#3646,#3647,#3648,#3649,#3650,#3651,#3652,#3653,#3654,
    #3655,#3656,#3657,#3658,#3659,#3660,#3661,#3662,#3663,#3664,#3665,
    #3666,#3667,#3668,#3669,#3670,#3671,#3672,#3673,#3674,#3675,#3676,
    #3677,#3678,#3679,#3680,#3681,#3682,#3683,#3684,#3685,#3686,#3687,
    #3688,#3689,#3690,#3691,#3692,#3693,#3694,#3695,#3696,#3697,#3698,
    #3699,#3700,#3701,#3702,#3703,#3704,#3705,#3706,#3707,#3708,#3709,
    #3710,#3711,#3712,#3713,#3714,#3715,#3716,#3717,#3718,#3719),
  .UNSPECIFIED.,.F.,.F.,(8,6,6,6,6,6,6,6,6,6,6,6,6,6,6,8),(0.,
    2.487058323186E-02,0.127680292433,0.181386948708,0.262389047682,
    0.28552443209,0.401654374114,0.492206826919,0.598558095096,
    0.681113427569,0.737116127112,0.767606528875,0.873424710371,
    0.942426637639,0.973426781798,1.),.UNSPECIFIED.);
#3628 = CARTESIAN_POINT('',(2.35,4.343192472334E-13,-5.93000087766));
#3629 = CARTESIAN_POINT('',(2.35,-5.245785543669E-02,-5.932843051554));
#3630 = CARTESIAN_POINT('',(2.348633840684,-0.104915773745,
    -5.935685392338));
#3631 = CARTESIAN_POINT('',(2.34590153002,-0.157330915181,
    -5.938527829151));
#3632 = CARTESIAN_POINT('',(2.34180473968,-0.209660582966,
    -5.941370298373));
#3633 = CARTESIAN_POINT('',(2.336346805046,-0.261862223289,
    -5.944212743628));
#3634 = CARTESIAN_POINT('',(2.329532725207,-0.313893425306,
    -5.947055115774));
#3635 = CARTESIAN_POINT('',(2.287622730359,-0.57991857799,
    -5.961646660314));
#3636 = CARTESIAN_POINT('',(2.230806894548,-0.790547086656,
    -5.973397091432));
#3637 = CARTESIAN_POINT('',(2.151387501018,-0.994514302124,
    -5.985140410758));
#3638 = CARTESIAN_POINT('',(2.05034823942,-1.188949171645,
    -5.996879386513));
#3639 = CARTESIAN_POINT('',(1.929080796336,-1.371172442903,
    -6.008620597848));
#3640 = CARTESIAN_POINT('',(1.789369603964,-1.538727032121,
    -6.02036787048));
#3641 = CARTESIAN_POINT('',(1.552031572822,-1.768199794083,
    -6.038253642273));
#3642 = CARTESIAN_POINT('',(1.466161986778,-1.842361899481,
    -6.044392195966));
#3643 = CARTESIAN_POINT('',(1.376174358759,-1.911644029524,
    -6.050531917792));
#3644 = CARTESIAN_POINT('',(1.282402683756,-1.975773785895,
    -6.05667277333));
#3645 = CARTESIAN_POINT('',(1.185201967846,-2.034508414777,
    -6.062814681962));
#3646 = CARTESIAN_POINT('',(1.084947176463,-2.087635510914,
    -6.068957401054));
#3647 = CARTESIAN_POINT('',(0.82681249314,-2.206370727144,
    -6.084365493182));
#3648 = CARTESIAN_POINT('',(0.665521628636,-2.264608882502,
    -6.093632419565));
#3649 = CARTESIAN_POINT('',(0.499525640427,-2.309054504929,
    -6.102898536318));
#3650 = CARTESIAN_POINT('',(0.330240869391,-2.339273257168,
    -6.112162834164));
#3651 = CARTESIAN_POINT('',(0.159119773792,-2.355005933964,
    -6.121425264713));
#3652 = CARTESIAN_POINT('',(-1.235860007176E-02,-2.356170126652,
    -6.13068573951));
#3653 = CARTESIAN_POINT('',(-0.231343644758,-2.339094129331,
    -6.142586765962));
#3654 = CARTESIAN_POINT('',(-0.279901963193,-2.334121892073,
    -6.145230519531));
#3655 = CARTESIAN_POINT('',(-0.328334110402,-2.327973733157,
    -6.147874074321));
#3656 = CARTESIAN_POINT('',(-0.376605928786,-2.32065356606,
    -6.150517435929));
#3657 = CARTESIAN_POINT('',(-0.424683452405,-2.312166538674,
    -6.153160612884));
#3658 = CARTESIAN_POINT('',(-0.472532906967,-2.302519033306,
    -6.155803616646));
#3659 = CARTESIAN_POINT('',(-0.75899155335,-2.237505348745,
    -6.171712436617));
#3660 = CARTESIAN_POINT('',(-0.991370361609,-2.154221216498,
    -6.184979959233));
#3661 = CARTESIAN_POINT('',(-1.212827623678,-2.042827472307,
    -6.19824066086));
#3662 = CARTESIAN_POINT('',(-1.419355607877,-1.905131234571,
    -6.21150064325));
#3663 = CARTESIAN_POINT('',(-1.607345066577,-1.74353861648,
    -6.224765703781));
#3664 = CARTESIAN_POINT('',(-1.773586271812,-1.561054317329,
    -6.23803916026));
#3665 = CARTESIAN_POINT('',(-2.026136614544,-1.205715731831,
    -6.261658233618));
#3666 = CARTESIAN_POINT('',(-2.122039820703,-1.039517679763,
    -6.272009768252));
#3667 = CARTESIAN_POINT('',(-2.201965073807,-0.864522296535,
    -6.282361647262));
#3668 = CARTESIAN_POINT('',(-2.264979790145,-0.682579651719,
    -6.292713427183));
#3669 = CARTESIAN_POINT('',(-2.310409382272,-0.495638176602,
    -6.303065634463));
#3670 = CARTESIAN_POINT('',(-2.337842861714,-0.30572818856,
    -6.313417979235));
#3671 = CARTESIAN_POINT('',(-2.358159980359,0.109087050301,
    -6.335922682134));
#3672 = CARTESIAN_POINT('',(-2.344185650099,0.334424703436,
    -6.348079672586));
#3673 = CARTESIAN_POINT('',(-2.305069805745,0.557596061401,
    -6.360231925154));
#3674 = CARTESIAN_POINT('',(-2.241254029013,0.775268774737,
    -6.372380959304));
#3675 = CARTESIAN_POINT('',(-2.153678282627,0.984234943038,
    -6.384531522884));
#3676 = CARTESIAN_POINT('',(-2.043769829768,1.181450248893,
    -6.396686225489));
#3677 = CARTESIAN_POINT('',(-1.812480539401,1.505900169323,
    -6.418273722842));
#3678 = CARTESIAN_POINT('',(-1.699134776201,1.638967897357,
    -6.427710177692));
#3679 = CARTESIAN_POINT('',(-1.574442157107,1.7620107535,-6.437147595586
    ));
#3680 = CARTESIAN_POINT('',(-1.439478491584,1.873886738721,
    -6.446586336052));
#3681 = CARTESIAN_POINT('',(-1.29544668516,1.973598813285,
    -6.456026970837));
#3682 = CARTESIAN_POINT('',(-1.143668381912,2.060301773349,
    -6.465468998506));
#3683 = CARTESIAN_POINT('',(-0.87836232677,2.182872563871,-6.48131414317
    ));
#3684 = CARTESIAN_POINT('',(-0.768222801247,2.226125983211,
    -6.487718520029));
#3685 = CARTESIAN_POINT('',(-0.655622479213,2.262885816339,
    -6.494122434287));
#3686 = CARTESIAN_POINT('',(-0.54102124013,2.292986921433,
    -6.500525640483));
#3687 = CARTESIAN_POINT('',(-0.424890605757,2.316305469196,
    -6.506928013656));
#3688 = CARTESIAN_POINT('',(-0.307712229078,2.332759331679,
    -6.513329402344));
#3689 = CARTESIAN_POINT('',(-0.125875665399,2.347507454368,
    -6.523213974089));
#3690 = CARTESIAN_POINT('',(-6.16087596821E-02,2.350659865147,
    -6.526698123726));
#3691 = CARTESIAN_POINT('',(2.745616262171E-03,2.351759331489,
    -6.53018191504));
#3692 = CARTESIAN_POINT('',(6.710880391915E-02,2.350803248773,
    -6.53366534284));
#3693 = CARTESIAN_POINT('',(0.13140220391,2.347792779715,-6.537148412192
    ));
#3694 = CARTESIAN_POINT('',(0.195547275992,2.342732854365,
    -6.540631138418));
#3695 = CARTESIAN_POINT('',(0.48129647506,2.310988956109,-6.556199388304
    ));
#3696 = CARTESIAN_POINT('',(0.700462213202,2.26175788199,-6.568284896524
    ));
#3697 = CARTESIAN_POINT('',(0.913573240247,2.188291347949,
    -6.580365049747));
#3698 = CARTESIAN_POINT('',(1.117456289325,2.091537026815,
    -6.592443590694));
#3699 = CARTESIAN_POINT('',(1.309135744168,1.972906713874,-6.60452704379
    ));
#3700 = CARTESIAN_POINT('',(1.485869854608,1.834259414711,
    -6.616618542963));
#3701 = CARTESIAN_POINT('',(1.749165008844,1.576104154343,
    -6.636597027182));
#3702 = CARTESIAN_POINT('',(1.845731048047,1.466695570261,
    -6.644485078192));
#3703 = CARTESIAN_POINT('',(1.934277641429,1.350419680571,
    -6.652374781605));
#3704 = CARTESIAN_POINT('',(2.014227543178,1.227986271682,
    -6.660265713491));
#3705 = CARTESIAN_POINT('',(2.085082340252,1.100158925508,
    -6.668157312199));
#3706 = CARTESIAN_POINT('',(2.146424696998,0.967751422653,
    -6.676048621536));
#3707 = CARTESIAN_POINT('',(2.221068083399,0.770475100456,
    -6.687482902917));
#3708 = CARTESIAN_POINT('',(2.242222068724,0.708569136792,
    -6.691027240275));
#3709 = CARTESIAN_POINT('',(2.261361610423,0.645989501111,
    -6.694571280392));
#3710 = CARTESIAN_POINT('',(2.278461239543,0.582814863785,
    -6.698114988725));
#3711 = CARTESIAN_POINT('',(2.293499369047,0.519124951409,
    -6.701658360498));
#3712 = CARTESIAN_POINT('',(2.306458293814,0.455000546805,
    -6.705201420707));
#3713 = CARTESIAN_POINT('',(2.326638400467,0.335253974237,
    -6.711781103156));
#3714 = CARTESIAN_POINT('',(2.33441472482,0.279725114769,-6.714817798306
    ));
#3715 = CARTESIAN_POINT('',(2.340644478585,0.2239884166,-6.717854350685)
  );
#3716 = CARTESIAN_POINT('',(2.345321145632,0.168095575527,
    -6.720890819417));
#3717 = CARTESIAN_POINT('',(2.348440378822,0.112098477158,
    -6.723927281637));
#3718 = CARTESIAN_POINT('',(2.35,5.60491969076E-02,-6.726963832483));
#3719 = CARTESIAN_POINT('',(2.35,1.949551631242E-13,-6.730000585103));
#3720 = ORIENTED_EDGE('',*,*,#3721,.F.);
#3721 = EDGE_CURVE('',#3515,#3625,#3722,.T.);
#3722 = LINE('',#3723,#3724);
#3723 = CARTESIAN_POINT('',(2.35,0.,-0.2));
#3724 = VECTOR('',#3725,1.);
#3725 = DIRECTION('',(0.,0.,-1.));
#3726 = CYLINDRICAL_SURFACE('',#3727,2.35);
#3727 = AXIS2_PLACEMENT_3D('',#3728,#3729,#3730);
#3728 = CARTESIAN_POINT('',(0.,0.,-0.2));
#3729 = DIRECTION('',(-0.,-0.,-1.));
#3730 = DIRECTION('',(1.,0.,0.));
#3731 = ADVANCED_FACE('',(#3732),#3758,.T.);
#3732 = FACE_BOUND('',#3733,.T.);
#3733 = EDGE_LOOP('',(#3734,#3751,#3752,#3753));
#3734 = ORIENTED_EDGE('',*,*,#3735,.F.);
#3735 = EDGE_CURVE('',#3315,#3736,#3738,.T.);
#3736 = VERTEX_POINT('',#3737);
#3737 = CARTESIAN_POINT('',(1.916991741581,2.743320251281E-07,
    -6.18000506331));
#3738 = ( BOUNDED_CURVE() B_SPLINE_CURVE(11,(#3739,#3740,#3741,#3742,
    #3743,#3744,#3745,#3746,#3747,#3748,#3749,#3750),.UNSPECIFIED.,.F.,
.F.) B_SPLINE_CURVE_WITH_KNOTS((12,12),(0.,6.333910135482),
.PIECEWISE_BEZIER_KNOTS.) CURVE() GEOMETRIC_REPRESENTATION_ITEM() 
RATIONAL_B_SPLINE_CURVE((1.056590953773,1.056590953773,1.056590953773,
    1.056590953773,1.056590953773,1.056590953774,1.056590953773,
    1.056590953774,1.056590953773,1.056590953773,1.056590953773,
1.056590953773)) REPRESENTATION_ITEM('') );
#3739 = CARTESIAN_POINT('',(1.916993222753,3.657754500952E-07,
    -5.380006751069));
#3740 = CARTESIAN_POINT('',(1.91699157578,-1.095036491807,
    -5.452731909099));
#3741 = CARTESIAN_POINT('',(1.22907754017,-2.189570750218,
    -5.525424456793));
#3742 = CARTESIAN_POINT('',(-0.147711931042,-2.806067920949,
    -5.59837122845));
#3743 = CARTESIAN_POINT('',(-1.830905536804,-2.455196084739,
    -5.670463842659));
#3744 = CARTESIAN_POINT('',(-3.084142063696,-1.017148042397,
    -5.744326978875));
#3745 = CARTESIAN_POINT('',(-3.085233623396,1.017133964565,
    -5.815684835234));
#3746 = CARTESIAN_POINT('',(-1.830172541721,2.455218241178,
    -5.889547972263));
#3747 = CARTESIAN_POINT('',(-0.148021418561,2.806055880091,
    -5.961640585553));
#3748 = CARTESIAN_POINT('',(1.229139456779,2.189573492331,
    -6.034587357692));
#3749 = CARTESIAN_POINT('',(1.916993440765,1.095037131915,
    -6.107279905285));
#3750 = CARTESIAN_POINT('',(1.916991741581,2.743320253185E-07,
    -6.18000506331));
#3751 = ORIENTED_EDGE('',*,*,#3333,.T.);
#3752 = ORIENTED_EDGE('',*,*,#3203,.T.);
#3753 = ORIENTED_EDGE('',*,*,#3754,.F.);
#3754 = EDGE_CURVE('',#3736,#3204,#3755,.T.);
#3755 = B_SPLINE_CURVE_WITH_KNOTS('',1,(#3756,#3757),.UNSPECIFIED.,.F.,
  .F.,(2,2),(0.,0.56),.PIECEWISE_BEZIER_KNOTS.);
#3756 = CARTESIAN_POINT('',(1.916991741581,2.743320240854E-07,
    -6.18000506331));
#3757 = CARTESIAN_POINT('',(2.401962693551,-3.292043655869E-08,
    -5.899999392393));
#3758 = B_SPLINE_SURFACE_WITH_KNOTS('',1,10,(
    (#3759,#3760,#3761,#3762,#3763,#3764,#3765,#3766,#3767,#3768,#3769)
    ,(#3770,#3771,#3772,#3773,#3774,#3775,#3776,#3777,#3778,#3779,#3780
    )),.UNSPECIFIED.,.F.,.F.,.F.,(2,2),(11,11),(0.,0.56),(0.,
    6.333910135482),.PIECEWISE_BEZIER_KNOTS.);
#3759 = CARTESIAN_POINT('',(1.916993222753,3.657754502398E-07,
    -5.380006751069));
#3760 = CARTESIAN_POINT('',(1.916991411083,-1.204540177566,
    -5.460004424902));
#3761 = CARTESIAN_POINT('',(1.076207791078,-2.408466433029,
    -5.539962241657));
#3762 = CARTESIAN_POINT('',(-0.606798879149,-2.950981364381,
    -5.620129142487));
#3763 = CARTESIAN_POINT('',(-2.52986951447,-2.190689500424,
    -5.699879596275));
#3764 = CARTESIAN_POINT('',(-3.547130731791,-3.164036017722E-05,
    -5.780005906452));
#3765 = CARTESIAN_POINT('',(-2.529643240835,2.190734466054,
    -5.860132219279));
#3766 = CARTESIAN_POINT('',(-0.607018515011,2.95096360474,
    -5.939882671329));
#3767 = CARTESIAN_POINT('',(1.076282978134,2.408469642255,
    -6.020049572849));
#3768 = CARTESIAN_POINT('',(1.916993610684,1.204540817673,
    -6.100007389482));
#3769 = CARTESIAN_POINT('',(1.916991741581,2.743320240854E-07,
    -6.18000506331));
#3770 = CARTESIAN_POINT('',(2.401963083324,-4.389407968441E-08,
    -5.099999189854));
#3771 = CARTESIAN_POINT('',(2.401962518542,-1.509190799301,
    -5.179999469006));
#3772 = CARTESIAN_POINT('',(1.34856555295,-3.018413084516,
    -5.260004531211));
#3773 = CARTESIAN_POINT('',(-0.760665060468,-3.696075344033,
    -5.339984502216));
#3774 = CARTESIAN_POINT('',(-3.169246045579,-2.746311550956,
    -5.420014449238));
#3775 = CARTESIAN_POINT('',(-4.445179461273,-8.099140340612E-06,
    -5.499999290928));
#3776 = CARTESIAN_POINT('',(-3.169186220254,2.746323707136,
    -5.579984133321));
#3777 = CARTESIAN_POINT('',(-0.760722481255,3.696070748322,
    -5.660014079883));
#3778 = CARTESIAN_POINT('',(1.348585647031,3.018413791307,
    -5.739994051069));
#3779 = CARTESIAN_POINT('',(2.40196325144,1.509190722487,-5.819999113243
    ));
#3780 = CARTESIAN_POINT('',(2.401962693551,-3.292043655869E-08,
    -5.899999392393));
#3781 = ADVANCED_FACE('',(#3782),#3812,.T.);
#3782 = FACE_BOUND('',#3783,.T.);
#3783 = EDGE_LOOP('',(#3784,#3800,#3801,#3802));
#3784 = ORIENTED_EDGE('',*,*,#3785,.F.);
#3785 = EDGE_CURVE('',#3365,#3786,#3788,.T.);
#3786 = VERTEX_POINT('',#3787);
#3787 = CARTESIAN_POINT('',(1.916994080236,2.74331217623E-07,
    -6.380005063296));
#3788 = B_SPLINE_CURVE_WITH_KNOTS('',10,(#3789,#3790,#3791,#3792,#3793,
    #3794,#3795,#3796,#3797,#3798,#3799),.UNSPECIFIED.,.F.,.F.,(11,11),(
    0.,6.333910135482),.PIECEWISE_BEZIER_KNOTS.);
#3789 = CARTESIAN_POINT('',(1.916996340959,3.657740533059E-07,
    -5.580006751044));
#3790 = CARTESIAN_POINT('',(1.916993454864,-1.204541891521,
    -5.660004424895));
#3791 = CARTESIAN_POINT('',(1.076189325584,-2.408469114636,
    -5.739962241946));
#3792 = CARTESIAN_POINT('',(-0.606742205128,-2.950990176399,
    -5.820129141543));
#3793 = CARTESIAN_POINT('',(-2.529932849803,-2.190680571262,
    -5.899879597362));
#3794 = CARTESIAN_POINT('',(-3.547135784189,-4.798099744097E-05,
    -5.980005906044));
#3795 = CARTESIAN_POINT('',(-2.529587100669,2.19074964686,
    -6.060132218774));
#3796 = CARTESIAN_POINT('',(-0.607076919414,2.950963176555,
    -6.139882671938));
#3797 = CARTESIAN_POINT('',(1.076304507873,2.408473823721,
    -6.220049572588));
#3798 = CARTESIAN_POINT('',(1.916997023763,1.204542531626,
    -6.300007389456));
#3799 = CARTESIAN_POINT('',(1.916994080236,2.743312151256E-07,
    -6.380005063296));
#3800 = ORIENTED_EDGE('',*,*,#3382,.T.);
#3801 = ORIENTED_EDGE('',*,*,#3735,.T.);
#3802 = ORIENTED_EDGE('',*,*,#3803,.F.);
#3803 = EDGE_CURVE('',#3786,#3736,#3804,.T.);
#3804 = ( BOUNDED_CURVE() B_SPLINE_CURVE(6,(#3805,#3806,#3807,#3808,
#3809,#3810,#3811),.UNSPECIFIED.,.F.,.F.) B_SPLINE_CURVE_WITH_KNOTS((7,7
),(0.,2.094395102393),.PIECEWISE_BEZIER_KNOTS.) CURVE() 
GEOMETRIC_REPRESENTATION_ITEM() RATIONAL_B_SPLINE_CURVE((1.056590953773,
    1.017435169568,0.996326512422,0.989390034249,0.996326512422,
1.017435169568,1.056590953773)) REPRESENTATION_ITEM('') );
#3805 = CARTESIAN_POINT('',(1.916994080236,2.743312155773E-07,
    -6.380005063296));
#3806 = CARTESIAN_POINT('',(1.880744797737,2.97296743057E-07,
    -6.359077095447));
#3807 = CARTESIAN_POINT('',(1.855199583044,3.134806971228E-07,
    -6.323655413141));
#3808 = CARTESIAN_POINT('',(1.845966119556,3.193303754201E-07,
    -6.280005893838));
#3809 = CARTESIAN_POINT('',(1.85519856223,3.1348104923E-07,
    -6.236356158609));
#3810 = CARTESIAN_POINT('',(1.880742948525,2.97297379992E-07,
    -6.200933878898));
#3811 = CARTESIAN_POINT('',(1.916991741581,2.743320253185E-07,
    -6.18000506331));
#3812 = ( BOUNDED_SURFACE() B_SPLINE_SURFACE(6,11,(
    (#3813,#3814,#3815,#3816,#3817,#3818,#3819,#3820,#3821,#3822,#3823
      ,#3824)
    ,(#3825,#3826,#3827,#3828,#3829,#3830,#3831,#3832,#3833,#3834,#3835
      ,#3836)
    ,(#3837,#3838,#3839,#3840,#3841,#3842,#3843,#3844,#3845,#3846,#3847
      ,#3848)
    ,(#3849,#3850,#3851,#3852,#3853,#3854,#3855,#3856,#3857,#3858,#3859
      ,#3860)
    ,(#3861,#3862,#3863,#3864,#3865,#3866,#3867,#3868,#3869,#3870,#3871
      ,#3872)
    ,(#3873,#3874,#3875,#3876,#3877,#3878,#3879,#3880,#3881,#3882,#3883
      ,#3884)
    ,(#3885,#3886,#3887,#3888,#3889,#3890,#3891,#3892,#3893,#3894,#3895
,#3896
    )),.UNSPECIFIED.,.F.,.F.,.F.) B_SPLINE_SURFACE_WITH_KNOTS((7,7),(12,
    12),(0.,2.094395102393),(0.,6.333910135482),
.PIECEWISE_BEZIER_KNOTS.) GEOMETRIC_REPRESENTATION_ITEM() 
RATIONAL_B_SPLINE_SURFACE((
    (1.056590953773,1.056590953773,1.056590953773,1.056590953773
      ,1.056590953773,1.056590953774,1.056590953773,1.056590953774
      ,1.056590953773,1.056590953773,1.056590953773,1.056590953773)
    ,(1.017435169568,1.017435169568,1.017435169568,1.017435169568
      ,1.017435169568,1.017435169569,1.017435169568,1.017435169568
      ,1.017435169568,1.017435169568,1.017435169568,1.017435169568)
    ,(0.996326512422,0.996326512422,0.996326512422,0.996326512422
      ,0.996326512422,0.996326512423,0.996326512421,0.996326512423
      ,0.996326512422,0.996326512422,0.996326512422,0.996326512422)
    ,(0.989390034249,0.989390034249,0.989390034248,0.989390034249
      ,0.989390034248,0.989390034249,0.989390034248,0.989390034249
      ,0.989390034248,0.989390034249,0.989390034249,0.989390034249)
    ,(0.996326512422,0.996326512422,0.996326512422,0.996326512423
      ,0.996326512421,0.996326512423,0.996326512421,0.996326512423
      ,0.996326512422,0.996326512422,0.996326512422,0.996326512422)
    ,(1.017435169568,1.017435169568,1.017435169568,1.017435169568
      ,1.017435169568,1.017435169568,1.017435169568,1.017435169568
      ,1.017435169568,1.017435169568,1.017435169568,1.017435169568)
    ,(1.056590953773,1.056590953773,1.056590953773,1.056590953773
      ,1.056590953773,1.056590953774,1.056590953773,1.056590953774
      ,1.056590953773,1.056590953773,1.056590953773,1.056590953773
))) REPRESENTATION_ITEM('') SURFACE() );
#3813 = CARTESIAN_POINT('',(1.916996340959,3.65774052824E-07,
    -5.580006751044));
#3814 = CARTESIAN_POINT('',(1.916993717236,-1.095038049949,
    -5.65273190909));
#3815 = CARTESIAN_POINT('',(1.229062803635,-2.189573255888,
    -5.725424457028));
#3816 = CARTESIAN_POINT('',(-0.147630945592,-2.80607506093,
    -5.798371227176));
#3817 = CARTESIAN_POINT('',(-1.831101248178,-2.455193607333,
    -5.870463845627));
#3818 = CARTESIAN_POINT('',(-3.083859294398,-1.017152896017,
    -5.94432697447));
#3819 = CARTESIAN_POINT('',(-3.085525174931,1.017131951111,
    -6.015684839458));
#3820 = CARTESIAN_POINT('',(-1.829982038319,2.455227746405,
    -6.089547969545));
#3821 = CARTESIAN_POINT('',(-0.148102826767,2.806056708977,
    -6.161640586592));
#3822 = CARTESIAN_POINT('',(1.22915769258,2.189577225158,-6.234587357474
    ));
#3823 = CARTESIAN_POINT('',(1.91699675617,1.095038690054,-6.30727990526)
  );
#3824 = CARTESIAN_POINT('',(1.916994080236,2.743312155773E-07,
    -6.380005063296));
#3825 = CARTESIAN_POINT('',(1.880746976889,3.963947892149E-07,
    -5.559078924487));
#3826 = CARTESIAN_POINT('',(1.880744472859,-1.074336917339,-5.6318039055
    ));
#3827 = CARTESIAN_POINT('',(1.205819322828,-2.148131654493,
    -5.704493546417));
#3828 = CARTESIAN_POINT('',(-0.1448310814,-2.753138435487,
    -5.777458692001));
#3829 = CARTESIAN_POINT('',(-1.796485024771,-2.40850922116,
    -5.849498179805));
#3830 = CARTESIAN_POINT('',(-3.025549898482,-0.998285682995,
    -5.923456397776));
#3831 = CARTESIAN_POINT('',(-3.027155710267,0.998265370415,
    -5.994699621761));
#3832 = CARTESIAN_POINT('',(-1.795406297242,2.408542055234,
    -6.06865784093));
#3833 = CARTESIAN_POINT('',(-0.145286048039,2.753120739772,
    -6.140697327381));
#3834 = CARTESIAN_POINT('',(1.205910700303,2.148135529717,
    -6.213662473673));
#3835 = CARTESIAN_POINT('',(1.880747358349,1.074337611031,
    -6.286352114443));
#3836 = CARTESIAN_POINT('',(1.880744797737,2.97296743057E-07,
    -6.359077095447));
#3837 = CARTESIAN_POINT('',(1.855201624131,4.179734555687E-07,
    -5.52365734175));
#3838 = CARTESIAN_POINT('',(1.855199305414,-1.059748608978,
    -5.596382198006));
#3839 = CARTESIAN_POINT('',(1.189441098783,-2.118927380575,
    -5.669069790311));
#3840 = CARTESIAN_POINT('',(-0.142866380441,-2.715833106235,
    -5.742047885274));
#3841 = CARTESIAN_POINT('',(-1.772070642855,-2.375610856924,
    -5.814049931321));
#3842 = CARTESIAN_POINT('',(-2.98448832999,-0.984989402357,
    -5.888075159635));
#3843 = CARTESIAN_POINT('',(-2.985992444523,0.984970245218,
    -5.959237594884));
#3844 = CARTESIAN_POINT('',(-1.771060365748,2.375641532734,
    -6.033262824319));
#3845 = CARTESIAN_POINT('',(-0.143292640984,2.715816525342,-6.1052648691
    ));
#3846 = CARTESIAN_POINT('',(1.189526593417,2.118931062674,
    -6.178242964725));
#3847 = CARTESIAN_POINT('',(1.855201961424,1.059749340433,
    -6.250930556893));
#3848 = CARTESIAN_POINT('',(1.855199583044,3.134806971228E-07,
    -6.323655413141));
#3849 = CARTESIAN_POINT('',(1.845967990508,4.257730987778E-07,
    -5.480007858438));
#3850 = CARTESIAN_POINT('',(1.845965889418,-1.054475547421,
    -5.552732669599));
#3851 = CARTESIAN_POINT('',(1.183523600452,-2.108371355176,
    -5.625419521413));
#3852 = CARTESIAN_POINT('',(-0.14216874647,-2.702348307823,
    -5.698402297053));
#3853 = CARTESIAN_POINT('',(-1.76321608485,-2.363720402235,
    -5.770390809438));
#3854 = CARTESIAN_POINT('',(-2.969690584179,-0.980182825071,
    -5.844440259212));
#3855 = CARTESIAN_POINT('',(-2.971069361725,0.980165144687,
    -5.915573492723));
#3856 = CARTESIAN_POINT('',(-1.762290115734,2.363748449839,
    -5.989622943525));
#3857 = CARTESIAN_POINT('',(-0.142559584934,2.702333103253,
    -6.06161145475));
#3858 = CARTESIAN_POINT('',(1.183601883351,2.108374778203,
    -6.134594230996));
#3859 = CARTESIAN_POINT('',(1.845968281422,1.054476292525,
    -6.207281082685));
#3860 = CARTESIAN_POINT('',(1.845966119556,3.193303754201E-07,
    -6.280005893838));
#3861 = CARTESIAN_POINT('',(1.855200263045,4.179740653032E-07,
    -5.436358087223));
#3862 = CARTESIAN_POINT('',(1.855198370676,-1.059747928856,
    -5.509082943472));
#3863 = CARTESIAN_POINT('',(1.189447531226,-2.118926286859,
    -5.581770535671));
#3864 = CARTESIAN_POINT('',(-0.142901730288,-2.715829989659,
    -5.654748631292));
#3865 = CARTESIAN_POINT('',(-1.77198521557,-2.375611938304,
    -5.726750675489));
#3866 = CARTESIAN_POINT('',(-2.984611757733,-0.984987283769,
    -5.80077590702));
#3867 = CARTESIAN_POINT('',(-2.985865183366,0.984971124083,
    -5.871938338503));
#3868 = CARTESIAN_POINT('',(-1.771143519772,2.375637383738,
    -5.945963570968));
#3869 = CARTESIAN_POINT('',(-0.143257106606,2.715816163536,
    -6.017965614109));
#3870 = CARTESIAN_POINT('',(1.189518633557,2.118929433309,
    -6.090943710283));
#3871 = CARTESIAN_POINT('',(1.855200514262,1.059748660311,
    -6.163631302366));
#3872 = CARTESIAN_POINT('',(1.85519856223,3.1348104923E-07,
    -6.236356158609));
#3873 = CARTESIAN_POINT('',(1.880744511273,3.963958967179E-07,
    -5.400935707946));
#3874 = CARTESIAN_POINT('',(1.880742779575,-1.074335685292,
    -5.473660688947));
#3875 = CARTESIAN_POINT('',(1.205830975243,-2.14812967322,
    -5.546350329671));
#3876 = CARTESIAN_POINT('',(-0.144895117898,-2.753132789789,
    -5.619315476448));
#3877 = CARTESIAN_POINT('',(-1.79633027264,-2.408511180086,
    -5.691354960899));
#3878 = CARTESIAN_POINT('',(-3.025773488715,-0.998281845159,
    -5.765313184699));
#3879 = CARTESIAN_POINT('',(-3.026925175778,0.998266962484,
    -5.83655640186));
#3880 = CARTESIAN_POINT('',(-1.795556931346,2.4085345393,-5.910514626519
    ));
#3881 = CARTESIAN_POINT('',(-0.145221677261,2.753120084358,-5.98255411)
  );
#3882 = CARTESIAN_POINT('',(1.205896280962,2.148132578111,
    -6.055519257286));
#3883 = CARTESIAN_POINT('',(1.880744736806,1.074336378985,
    -6.128208897903));
#3884 = CARTESIAN_POINT('',(1.880742948525,2.97297379992E-07,
    -6.200933878898));
#3885 = CARTESIAN_POINT('',(1.916993222753,3.657754500952E-07,
    -5.380006751069));
#3886 = CARTESIAN_POINT('',(1.91699157578,-1.095036491807,
    -5.452731909099));
#3887 = CARTESIAN_POINT('',(1.22907754017,-2.189570750218,
    -5.525424456793));
#3888 = CARTESIAN_POINT('',(-0.147711931042,-2.806067920949,
    -5.59837122845));
#3889 = CARTESIAN_POINT('',(-1.830905536804,-2.455196084739,
    -5.670463842659));
#3890 = CARTESIAN_POINT('',(-3.084142063696,-1.017148042397,
    -5.744326978875));
#3891 = CARTESIAN_POINT('',(-3.085233623396,1.017133964565,
    -5.815684835234));
#3892 = CARTESIAN_POINT('',(-1.830172541721,2.455218241178,
    -5.889547972263));
#3893 = CARTESIAN_POINT('',(-0.148021418561,2.806055880091,
    -5.961640585553));
#3894 = CARTESIAN_POINT('',(1.229139456779,2.189573492331,
    -6.034587357692));
#3895 = CARTESIAN_POINT('',(1.916993440765,1.095037131915,
    -6.107279905285));
#3896 = CARTESIAN_POINT('',(1.916991741581,2.743320253185E-07,
    -6.18000506331));
#3897 = ADVANCED_FACE('',(#3898),#3908,.T.);
#3898 = FACE_BOUND('',#3899,.T.);
#3899 = EDGE_LOOP('',(#3900,#3901,#3902,#3903));
#3900 = ORIENTED_EDGE('',*,*,#3514,.F.);
#3901 = ORIENTED_EDGE('',*,*,#3483,.T.);
#3902 = ORIENTED_EDGE('',*,*,#3785,.T.);
#3903 = ORIENTED_EDGE('',*,*,#3904,.F.);
#3904 = EDGE_CURVE('',#3515,#3786,#3905,.T.);
#3905 = B_SPLINE_CURVE_WITH_KNOTS('',1,(#3906,#3907),.UNSPECIFIED.,.F.,
  .F.,(2,2),(0.,0.56),.PIECEWISE_BEZIER_KNOTS.);
#3906 = CARTESIAN_POINT('',(2.401971580438,-3.292350491372E-08,
    -6.659999392341));
#3907 = CARTESIAN_POINT('',(1.916994080236,2.743312151256E-07,
    -6.380005063296));
#3908 = B_SPLINE_SURFACE_WITH_KNOTS('',1,10,(
    (#3909,#3910,#3911,#3912,#3913,#3914,#3915,#3916,#3917,#3918,#3919)
    ,(#3920,#3921,#3922,#3923,#3924,#3925,#3926,#3927,#3928,#3929,#3930
    )),.UNSPECIFIED.,.F.,.F.,.F.,(2,2),(11,11),(0.,0.56),(0.,
    6.333910135482),.PIECEWISE_BEZIER_KNOTS.);
#3909 = CARTESIAN_POINT('',(2.401974932508,-4.38993977954E-08,
    -5.859999189762));
#3910 = CARTESIAN_POINT('',(2.401970284909,-1.509197312331,
    -5.939999468978));
#3911 = CARTESIAN_POINT('',(1.348495384074,-3.018423274621,
    -6.020004532311));
#3912 = CARTESIAN_POINT('',(-0.760449699186,-3.6961088297,-6.09998449863
    ));
#3913 = CARTESIAN_POINT('',(-3.169486719846,-2.746277620141,
    -6.180014453368));
#3914 = CARTESIAN_POINT('',(-4.445198660384,-7.019356028337E-05,
    -6.259999289379));
#3915 = CARTESIAN_POINT('',(-3.168972887621,2.746381394198,
    -6.339984131402));
#3916 = CARTESIAN_POINT('',(-0.760944417987,3.696069121217,
    -6.420014082199));
#3917 = CARTESIAN_POINT('',(1.348667460039,3.018429680877,
    -6.499994050077));
#3918 = CARTESIAN_POINT('',(2.401976221141,1.509197235509,
    -6.579999113143));
#3919 = CARTESIAN_POINT('',(2.401971580438,-3.292350491372E-08,
    -6.659999392341));
#3920 = CARTESIAN_POINT('',(1.916996340959,3.657740533059E-07,
    -5.580006751044));
#3921 = CARTESIAN_POINT('',(1.916993454864,-1.204541891521,
    -5.660004424895));
#3922 = CARTESIAN_POINT('',(1.076189325584,-2.408469114636,
    -5.739962241946));
#3923 = CARTESIAN_POINT('',(-0.606742205128,-2.950990176399,
    -5.820129141543));
#3924 = CARTESIAN_POINT('',(-2.529932849803,-2.190680571262,
    -5.899879597362));
#3925 = CARTESIAN_POINT('',(-3.547135784189,-4.798099744097E-05,
    -5.980005906044));
#3926 = CARTESIAN_POINT('',(-2.529587100669,2.19074964686,
    -6.060132218774));
#3927 = CARTESIAN_POINT('',(-0.607076919414,2.950963176555,
    -6.139882671938));
#3928 = CARTESIAN_POINT('',(1.076304507873,2.408473823721,
    -6.220049572588));
#3929 = CARTESIAN_POINT('',(1.916997023763,1.204542531626,
    -6.300007389456));
#3930 = CARTESIAN_POINT('',(1.916994080236,2.743312151256E-07,
    -6.380005063296));
#3931 = ADVANCED_FACE('',(#3932),#4135,.T.);
#3932 = FACE_BOUND('',#3933,.F.);
#3933 = EDGE_LOOP('',(#3934,#4031,#4032,#4129));
#3934 = ORIENTED_EDGE('',*,*,#3935,.F.);
#3935 = EDGE_CURVE('',#3515,#3936,#3938,.T.);
#3936 = VERTEX_POINT('',#3937);
#3937 = CARTESIAN_POINT('',(2.35,5.758198869703E-13,-7.429996264426));
#3938 = B_SPLINE_CURVE_WITH_KNOTS('',7,(#3939,#3940,#3941,#3942,#3943,
    #3944,#3945,#3946,#3947,#3948,#3949,#3950,#3951,#3952,#3953,#3954,
    #3955,#3956,#3957,#3958,#3959,#3960,#3961,#3962,#3963,#3964,#3965,
    #3966,#3967,#3968,#3969,#3970,#3971,#3972,#3973,#3974,#3975,#3976,
    #3977,#3978,#3979,#3980,#3981,#3982,#3983,#3984,#3985,#3986,#3987,
    #3988,#3989,#3990,#3991,#3992,#3993,#3994,#3995,#3996,#3997,#3998,
    #3999,#4000,#4001,#4002,#4003,#4004,#4005,#4006,#4007,#4008,#4009,
    #4010,#4011,#4012,#4013,#4014,#4015,#4016,#4017,#4018,#4019,#4020,
    #4021,#4022,#4023,#4024,#4025,#4026,#4027,#4028,#4029,#4030),
  .UNSPECIFIED.,.F.,.F.,(8,6,6,6,6,6,6,6,6,6,6,6,6,6,6,8),(0.,
    1.830136595788E-02,5.630165723656E-02,0.125303294912,0.233038975368,
    0.263854922385,0.31381978014,0.40158877176,0.496962802189,
    0.597170678849,0.712696860634,0.739492138938,0.812494637343,
    0.871378402746,0.967374967981,1.),.UNSPECIFIED.);
#3939 = CARTESIAN_POINT('',(2.35,2.794653397586E-12,-6.62999439667));
#3940 = CARTESIAN_POINT('',(2.35,-3.86020868799E-02,-6.632085942155));
#3941 = CARTESIAN_POINT('',(2.349260224478,-7.720415130463E-02,
    -6.634177426658));
#3942 = CARTESIAN_POINT('',(2.347780673274,-0.115789178763,
    -6.636268881323));
#3943 = CARTESIAN_POINT('',(2.345561836181,-0.154340168275,
    -6.638360333356));
#3944 = CARTESIAN_POINT('',(2.342604692946,-0.192840132385,
    -6.640451806029));
#3945 = CARTESIAN_POINT('',(2.338910713268,-0.231272097167,
    -6.642543318681));
#3946 = CARTESIAN_POINT('',(2.32528594015,-0.349241430142,
    -6.648977742574));
#3947 = CARTESIAN_POINT('',(2.31292165068,-0.428498166909,
    -6.653320857622));
#3948 = CARTESIAN_POINT('',(2.297406650685,-0.507237128921,
    -6.657664367018));
#3949 = CARTESIAN_POINT('',(2.278767437784,-0.58530825811,
    -6.662008341739));
#3950 = CARTESIAN_POINT('',(2.257039344908,-0.662563621946,
    -6.666352788579));
#3951 = CARTESIAN_POINT('',(2.23226654031,-0.738857413429,
    -6.670697650149));
#3952 = CARTESIAN_POINT('',(2.154086707444,-0.950574700192,
    -6.682932817873));
#3953 = CARTESIAN_POINT('',(2.093803982364,-1.083468006019,
    -6.690824259958));
#3954 = CARTESIAN_POINT('',(2.023972538052,-1.211857269066,
    -6.698715829162));
#3955 = CARTESIAN_POINT('',(1.945003205227,-1.334925397498,
    -6.706606616121));
#3956 = CARTESIAN_POINT('',(1.85738828841,-1.451904855824,
    -6.714496110367));
#3957 = CARTESIAN_POINT('',(1.761699347697,-1.562081276955,
    -6.722383926536));
#3958 = CARTESIAN_POINT('',(1.497609053992,-1.825186594714,
    -6.742580997987));
#3959 = CARTESIAN_POINT('',(1.318479579133,-1.967459712167,
    -6.754891459023));
#3960 = CARTESIAN_POINT('',(1.123737756226,-2.089060882234,
    -6.767193529318));
#3961 = CARTESIAN_POINT('',(0.916269348344,-2.188015498549,
    -6.779490637032));
#3962 = CARTESIAN_POINT('',(0.699212047185,-2.262827293532,
    -6.791789780035));
#3963 = CARTESIAN_POINT('',(0.475915744164,-2.312497040905,
    -6.804094829495));
#3964 = CARTESIAN_POINT('',(0.185334577175,-2.343581847734,
    -6.819919811683));
#3965 = CARTESIAN_POINT('',(0.120481782222,-2.348410064231,
    -6.82343985435));
#3966 = CARTESIAN_POINT('',(5.548684248023E-02,-2.351144122765,
    -6.826960250309));
#3967 = CARTESIAN_POINT('',(-9.569134498639E-03,-2.351779304189,
    -6.830481011749));
#3968 = CARTESIAN_POINT('',(-7.460500121845E-02,-2.350314820317,
    -6.834002140522));
#3969 = CARTESIAN_POINT('',(-0.13953957024,-2.346753813926,
    -6.837523628141));
#3970 = CARTESIAN_POINT('',(-0.309280328722,-2.331941732514,
    -6.84675573355));
#3971 = CARTESIAN_POINT('',(-0.41379114829,-2.317286848762,
    -6.852466994562));
#3972 = CARTESIAN_POINT('',(-0.517476682871,-2.29716916175,
    -6.85817902907));
#3973 = CARTESIAN_POINT('',(-0.619994848837,-2.271645812297,
    -6.863891724008));
#3974 = CARTESIAN_POINT('',(-0.721009703891,-2.240800424106,
    -6.869604978664));
#3975 = CARTESIAN_POINT('',(-0.82019228201,-2.204742900096,
    -6.875318620353));
#3976 = CARTESIAN_POINT('',(-1.087664229947,-2.091353199211,
    -6.891069087648));
#3977 = CARTESIAN_POINT('',(-1.251490142175,-2.003422146883,
    -6.901107650892));
#3978 = CARTESIAN_POINT('',(-1.406925815427,-1.900559050755,
    -6.91114462155));
#3979 = CARTESIAN_POINT('',(-1.552359900395,-1.783744347841,
    -6.921179399747));
#3980 = CARTESIAN_POINT('',(-1.686328329902,-1.654153886198,
    -6.931212805826));
#3981 = CARTESIAN_POINT('',(-1.80752597615,-1.513149634408,
    -6.941245343944));
#3982 = CARTESIAN_POINT('',(-2.031462380206,-1.198386039631,
    -6.962173912635));
#3983 = CARTESIAN_POINT('',(-2.131731724905,-1.022790907944,
    -6.9730731118));
#3984 = CARTESIAN_POINT('',(-2.214205548495,-0.837529754001,
    -6.983969678136));
#3985 = CARTESIAN_POINT('',(-2.277811972001,-0.644774571322,
    -6.99486527824));
#3986 = CARTESIAN_POINT('',(-2.321796135791,-0.446813797708,
    -7.005762867325));
#3987 = CARTESIAN_POINT('',(-2.345727251925,-0.246030495612,
    -7.01666353832));
#3988 = CARTESIAN_POINT('',(-2.353609518971,0.166419786271,
    -7.039016140541));
#3989 = CARTESIAN_POINT('',(-2.33547460387,0.378215025491,
    -7.050472907209));
#3990 = CARTESIAN_POINT('',(-2.295093944711,0.587601608131,
    -7.061929302055));
#3991 = CARTESIAN_POINT('',(-2.232886922954,0.79180084886,
    -7.073385166092));
#3992 = CARTESIAN_POINT('',(-2.149667864581,0.988138634281,
    -7.084841615578));
#3993 = CARTESIAN_POINT('',(-2.046637536415,1.174073842303,
    -7.096298078271));
#3994 = CARTESIAN_POINT('',(-1.785764794002,1.546906922877,
    -7.120951542484));
#3995 = CARTESIAN_POINT('',(-1.621856348985,1.72974247395,
    -7.134155762735));
#3996 = CARTESIAN_POINT('',(-1.436260550689,1.892081959313,
    -7.147351656588));
#3997 = CARTESIAN_POINT('',(-1.2321113657,2.030940546865,-7.160542491755
    ));
#3998 = CARTESIAN_POINT('',(-1.012940235245,2.14391663348,
    -7.173734005413));
#3999 = CARTESIAN_POINT('',(-0.782674073407,2.229192150179,
    -7.186932209218));
#4000 = CARTESIAN_POINT('',(-0.490688252565,2.298895232684,
    -7.203189846648));
#4001 = CARTESIAN_POINT('',(-0.435346972297,2.31047598386,
    -7.206250934397));
#4002 = CARTESIAN_POINT('',(-0.379689524912,2.320501859909,
    -7.209312259245));
#4003 = CARTESIAN_POINT('',(-0.323768335091,2.328962659974,
    -7.212373838458));
#4004 = CARTESIAN_POINT('',(-0.26763616507,2.335850405064,
    -7.215435684183));
#4005 = CARTESIAN_POINT('',(-0.211346114647,2.341159338054,
    -7.218497803449));
#4006 = CARTESIAN_POINT('',(-1.307427870084E-03,2.355038834151,
    -7.229903551169));
#4007 = CARTESIAN_POINT('',(0.153122919169,2.353447272752,
    -7.238249506289));
#4008 = CARTESIAN_POINT('',(0.307244107099,2.340036208204,
    -7.246597156191));
#4009 = CARTESIAN_POINT('',(0.459974112153,2.31486335346,-7.254946363893
    ));
#4010 = CARTESIAN_POINT('',(0.610247440185,2.278104268374,
    -7.263296989406));
#4011 = CARTESIAN_POINT('',(0.757020687398,2.230051466162,
    -7.271648292977));
#4012 = CARTESIAN_POINT('',(1.014027025516,2.123599511824,
    -7.286733798269));
#4013 = CARTESIAN_POINT('',(1.125846243951,2.068994640021,
    -7.293468918953));
#4014 = CARTESIAN_POINT('',(1.234209353225,2.007532219594,
    -7.300203122862));
#4015 = CARTESIAN_POINT('',(1.338613668636,1.9394772194,-7.306936069062)
  );
#4016 = CARTESIAN_POINT('',(1.438584277203,1.86513915908,-7.313667653424
    ));
#4017 = CARTESIAN_POINT('',(1.533675770771,1.784871002332,
    -7.320397832242));
#4018 = CARTESIAN_POINT('',(1.769869500939,1.559185883415,
    -7.338095917475));
#4019 = CARTESIAN_POINT('',(1.902232300637,1.404560142688,
    -7.349063847646));
#4020 = CARTESIAN_POINT('',(2.018725108702,1.236927827249,
    -7.360026998917));
#4021 = CARTESIAN_POINT('',(2.117858847005,1.05826005885,-7.370988292383
    ));
#4022 = CARTESIAN_POINT('',(2.198441773369,0.870705687799,
    -7.381952897919));
#4023 = CARTESIAN_POINT('',(2.259590676201,0.67657033264,-7.392923435734
    ));
#4024 = CARTESIAN_POINT('',(2.314810765019,0.410957928818,
    -7.407622802309));
#4025 = CARTESIAN_POINT('',(2.326515821173,0.343106189817,
    -7.411351612777));
#4026 = CARTESIAN_POINT('',(2.335899594127,0.274870392487,
    -7.415080640837));
#4027 = CARTESIAN_POINT('',(2.342947305139,0.206345814558,
    -7.418809776149));
#4028 = CARTESIAN_POINT('',(2.347649090193,0.137628255461,
    -7.422538877856));
#4029 = CARTESIAN_POINT('',(2.35,6.881403633087E-02,-7.426267774581));
#4030 = CARTESIAN_POINT('',(2.35,1.09467990228E-12,-7.429996264426));
#4031 = ORIENTED_EDGE('',*,*,#3721,.T.);
#4032 = ORIENTED_EDGE('',*,*,#4033,.T.);
#4033 = EDGE_CURVE('',#3625,#4034,#4036,.T.);
#4034 = VERTEX_POINT('',#4035);
#4035 = CARTESIAN_POINT('',(2.35,0.,-7.53));
#4036 = B_SPLINE_CURVE_WITH_KNOTS('',7,(#4037,#4038,#4039,#4040,#4041,
    #4042,#4043,#4044,#4045,#4046,#4047,#4048,#4049,#4050,#4051,#4052,
    #4053,#4054,#4055,#4056,#4057,#4058,#4059,#4060,#4061,#4062,#4063,
    #4064,#4065,#4066,#4067,#4068,#4069,#4070,#4071,#4072,#4073,#4074,
    #4075,#4076,#4077,#4078,#4079,#4080,#4081,#4082,#4083,#4084,#4085,
    #4086,#4087,#4088,#4089,#4090,#4091,#4092,#4093,#4094,#4095,#4096,
    #4097,#4098,#4099,#4100,#4101,#4102,#4103,#4104,#4105,#4106,#4107,
    #4108,#4109,#4110,#4111,#4112,#4113,#4114,#4115,#4116,#4117,#4118,
    #4119,#4120,#4121,#4122,#4123,#4124,#4125,#4126,#4127,#4128),
  .UNSPECIFIED.,.F.,.F.,(8,6,6,6,6,6,6,6,6,6,6,6,6,6,6,8),(0.,
    2.48705366739E-02,0.127680116344,0.181388461453,0.262390282299,
    0.285534013407,0.401689316566,0.499617163473,0.598531710667,
    0.682040925074,0.737043331376,0.781299304351,0.837303070996,
    0.873058806134,0.972941540522,1.),.UNSPECIFIED.);
#4037 = CARTESIAN_POINT('',(2.35,1.754152378908E-13,-6.730000585103));
#4038 = CARTESIAN_POINT('',(2.35,-5.245793727681E-02,-6.732842763432));
#4039 = CARTESIAN_POINT('',(2.348633836422,-0.104915937426,
    -6.735685108649));
#4040 = CARTESIAN_POINT('',(2.345901517231,-0.157331160501,
    -6.738527549895));
#4041 = CARTESIAN_POINT('',(2.341804714114,-0.209660909526,
    -6.74137002355));
#4042 = CARTESIAN_POINT('',(2.336346762471,-0.26186263049,
    -6.744212473237));
#4043 = CARTESIAN_POINT('',(2.329532661422,-0.313893912352,
    -6.747054849816));
#4044 = CARTESIAN_POINT('',(2.287622515684,-0.579919600956,
    -6.761646424308));
#4045 = CARTESIAN_POINT('',(2.230806454941,-0.790548545884,
    -6.773396880984));
#4046 = CARTESIAN_POINT('',(2.151386740808,-0.994516156347,
    -6.785140225861));
#4047 = CARTESIAN_POINT('',(2.050347071299,-1.18895136148,
    -6.796879227179));
#4048 = CARTESIAN_POINT('',(1.929079144616,-1.371174892791,
    -6.808620464117));
#4049 = CARTESIAN_POINT('',(1.789367407624,-1.538729652602,
    -6.820367762379));
#4050 = CARTESIAN_POINT('',(1.552025819353,-1.768205097281,
    -6.838253773847));
#4051 = CARTESIAN_POINT('',(1.46615296151,-1.842369488246,
    -6.844392541719));
#4052 = CARTESIAN_POINT('',(1.376161793374,-1.911653546124,
    -6.850532477789));
#4053 = CARTESIAN_POINT('',(1.28238634619,-1.975784845588,
    -6.856673547627));
#4054 = CARTESIAN_POINT('',(1.185181665023,-2.034520610089,
    -6.862815670602));
#4055 = CARTESIAN_POINT('',(1.084922756824,-2.087648416043,
    -6.86895860405));
#4056 = CARTESIAN_POINT('',(0.826782891371,-2.206381819821,
    -6.884366910533));
#4057 = CARTESIAN_POINT('',(0.665491245842,-2.264617811113,
    -6.893633836823));
#4058 = CARTESIAN_POINT('',(0.499494661661,-2.309061206408,
    -6.902899953328));
#4059 = CARTESIAN_POINT('',(0.330209485515,-2.33927768745,-6.9121642508)
  );
#4060 = CARTESIAN_POINT('',(0.15908817913,-2.355008068466,
    -6.921426680906));
#4061 = CARTESIAN_POINT('',(-1.239021009345E-02,-2.356169960623,
    -6.930687155255));
#4062 = CARTESIAN_POINT('',(-0.231392744293,-2.339089643553,
    -6.94258914414));
#4063 = CARTESIAN_POINT('',(-0.279968647894,-2.334114514265,
    -6.945233860402));
#4064 = CARTESIAN_POINT('',(-0.328418259997,-2.327962609277,
    -6.947878377743));
#4065 = CARTESIAN_POINT('',(-0.376707385812,-2.320637847254,
    -6.950522701773));
#4066 = CARTESIAN_POINT('',(-0.424802022504,-2.312145383067,
    -6.953166841034));
#4067 = CARTESIAN_POINT('',(-0.47266835919,-2.302491607798,
    -6.955810806998));
#4068 = CARTESIAN_POINT('',(-0.759193007646,-2.237442951509,
    -6.971723529561));
#4069 = CARTESIAN_POINT('',(-0.99161645791,-2.154118457568,
    -6.984993997787));
#4070 = CARTESIAN_POINT('',(-1.213110644492,-2.042672795341,
    -6.998257640466));
#4071 = CARTESIAN_POINT('',(-1.41966535932,-1.904914771852,
    -7.011520565759));
#4072 = CARTESIAN_POINT('',(-1.607669314902,-1.743252629082,
    -7.024788574495));
#4073 = CARTESIAN_POINT('',(-1.773911158152,-1.560693649417,
    -7.038064986465));
#4074 = CARTESIAN_POINT('',(-2.035421523924,-1.192570347524,
    -7.062529891459));
#4075 = CARTESIAN_POINT('',(-2.137801453338,-1.011877839409,
    -7.073725372371));
#4076 = CARTESIAN_POINT('',(-2.221370642577,-0.821065030687,
    -7.084920871055));
#4077 = CARTESIAN_POINT('',(-2.284981592669,-0.622489974195,
    -7.096115847482));
#4078 = CARTESIAN_POINT('',(-2.327838768045,-0.418637003306,
    -7.107311267721));
#4079 = CARTESIAN_POINT('',(-2.349506485678,-0.212091681338,
    -7.118506958001));
#4080 = CARTESIAN_POINT('',(-2.350485358198,0.203091749443,
    -7.141003352611));
#4081 = CARTESIAN_POINT('',(-2.329367744568,0.411821624499,
    -7.15230883529));
#4082 = CARTESIAN_POINT('',(-2.286618033805,0.617878866299,
    -7.163610800611));
#4083 = CARTESIAN_POINT('',(-2.222677584982,0.818597232535,
    -7.174910520824));
#4084 = CARTESIAN_POINT('',(-2.138362163345,1.011414892051,
    -7.186211485296));
#4085 = CARTESIAN_POINT('',(-2.034853666357,1.193900951311,
    -7.197515624998));
#4086 = CARTESIAN_POINT('',(-1.811550129271,1.507253188132,
    -7.218362379355));
#4087 = CARTESIAN_POINT('',(-1.696771580833,1.641775737207,
    -7.227907971067));
#4088 = CARTESIAN_POINT('',(-1.57039155566,1.766026496126,
    -7.237454525976));
#4089 = CARTESIAN_POINT('',(-1.433525557604,1.878825038501,
    -7.247002419817));
#4090 = CARTESIAN_POINT('',(-1.287421647048,1.97914286606,
    -7.256552256131));
#4091 = CARTESIAN_POINT('',(-1.133451546787,2.066110684453,
    -7.266103508547));
#4092 = CARTESIAN_POINT('',(-0.86752228445,2.187090354964,
    -7.281943392794));
#4093 = CARTESIAN_POINT('',(-0.759153816644,2.229049611413,
    -7.288233367287));
#4094 = CARTESIAN_POINT('',(-0.648440534097,2.264734885717,
    -7.294522882884));
#4095 = CARTESIAN_POINT('',(-0.535818740411,2.293991600053,
    -7.300811707081));
#4096 = CARTESIAN_POINT('',(-0.421735452307,2.316703647885,
    -7.307099719378));
#4097 = CARTESIAN_POINT('',(-0.306647023971,2.332793744037,
    -7.31338677659));
#4098 = CARTESIAN_POINT('',(-9.798029504777E-02,2.34981135523,
    -7.324730252607));
#4099 = CARTESIAN_POINT('',(-4.590317891903E-03,2.353087395924,
    -7.329787244018));
#4100 = CARTESIAN_POINT('',(8.891098845568E-02,2.352032285502,
    -7.334843430964));
#4101 = CARTESIAN_POINT('',(0.182282730722,2.346643153128,
    -7.339898827016));
#4102 = CARTESIAN_POINT('',(0.275284749124,2.336933842789,
    -7.344953520361));
#4103 = CARTESIAN_POINT('',(0.367678072534,2.322934887619,
    -7.350007613419));
#4104 = CARTESIAN_POINT('',(0.575074000248,2.281609881474,
    -7.361456181312));
#4105 = CARTESIAN_POINT('',(0.689571642345,2.251731678349,
    -7.367850542396));
#4106 = CARTESIAN_POINT('',(0.802235820822,2.215155225259,
    -7.374244255929));
#4107 = CARTESIAN_POINT('',(0.912597453745,2.172017722043,
    -7.380637726991));
#4108 = CARTESIAN_POINT('',(1.020202328798,2.12249665991,-7.387031500623
    ));
#4109 = CARTESIAN_POINT('',(1.124612575725,2.066809263393,
    -7.393426006926));
#4110 = CARTESIAN_POINT('',(1.289761300544,1.965884972928,
    -7.403904399821));
#4111 = CARTESIAN_POINT('',(1.352642286244,1.924148309685,
    -7.407987876428));
#4112 = CARTESIAN_POINT('',(1.413942259134,1.880068499534,
    -7.412071819599));
#4113 = CARTESIAN_POINT('',(1.473556761027,1.833717732742,
    -7.416156288468));
#4114 = CARTESIAN_POINT('',(1.531385712273,1.785173832883,-7.42024131768
    ));
#4115 = CARTESIAN_POINT('',(1.587333411766,1.734520256836,
    -7.424326917384));
#4116 = CARTESIAN_POINT('',(1.792086672834,1.534702166228,
    -7.439827645421));
#4117 = CARTESIAN_POINT('',(1.927508726781,1.371754592118,
    -7.451249129216));
#4118 = CARTESIAN_POINT('',(2.045519892866,1.194985381091,
    -7.462672847139));
#4119 = CARTESIAN_POINT('',(2.144482717939,1.006645230946,
    -7.474097058505));
#4120 = CARTESIAN_POINT('',(2.223110240137,0.809184340203,
    -7.485520340635));
#4121 = CARTESIAN_POINT('',(2.280479091791,0.605226725943,
    -7.496940591732));
#4122 = CARTESIAN_POINT('',(2.325778464998,0.341338258782,
    -7.511448022119));
#4123 = CARTESIAN_POINT('',(2.333840617957,0.284814688881,
    -7.514540195086));
#4124 = CARTESIAN_POINT('',(2.340299687677,0.228071697062,
    -7.517632216071));
#4125 = CARTESIAN_POINT('',(2.345148668353,0.171163851072,
    -7.520724146166));
#4126 = CARTESIAN_POINT('',(2.34838288631,0.114145927622,-7.523816065832
    ));
#4127 = CARTESIAN_POINT('',(2.35,5.707291238621E-02,-7.526908074895));
#4128 = CARTESIAN_POINT('',(2.35,1.172395514004E-13,-7.53000029255));
#4129 = ORIENTED_EDGE('',*,*,#4130,.F.);
#4130 = EDGE_CURVE('',#3936,#4034,#4131,.T.);
#4131 = LINE('',#4132,#4133);
#4132 = CARTESIAN_POINT('',(2.35,0.,-0.2));
#4133 = VECTOR('',#4134,1.);
#4134 = DIRECTION('',(0.,0.,-1.));
#4135 = CYLINDRICAL_SURFACE('',#4136,2.35);
#4136 = AXIS2_PLACEMENT_3D('',#4137,#4138,#4139);
#4137 = CARTESIAN_POINT('',(0.,0.,-0.2));
#4138 = DIRECTION('',(-0.,-0.,-1.));
#4139 = DIRECTION('',(1.,0.,0.));
#4140 = ADVANCED_FACE('',(#4141),#4167,.T.);
#4141 = FACE_BOUND('',#4142,.T.);
#4142 = EDGE_LOOP('',(#4143,#4160,#4161,#4162));
#4143 = ORIENTED_EDGE('',*,*,#4144,.F.);
#4144 = EDGE_CURVE('',#3736,#4145,#4147,.T.);
#4145 = VERTEX_POINT('',#4146);
#4146 = CARTESIAN_POINT('',(1.916990260417,1.828883026316E-07,
    -6.980003375545));
#4147 = ( BOUNDED_CURVE() B_SPLINE_CURVE(11,(#4148,#4149,#4150,#4151,
    #4152,#4153,#4154,#4155,#4156,#4157,#4158,#4159),.UNSPECIFIED.,.F.,
.F.) B_SPLINE_CURVE_WITH_KNOTS((12,12),(0.,6.333910135482),
.PIECEWISE_BEZIER_KNOTS.) CURVE() GEOMETRIC_REPRESENTATION_ITEM() 
RATIONAL_B_SPLINE_CURVE((1.056590953773,1.056590953773,1.056590953773,
    1.056590953773,1.056590953773,1.056590953774,1.056590953773,
    1.056590953774,1.056590953773,1.056590953773,1.056590953773,
1.056590953773)) REPRESENTATION_ITEM('') );
#4148 = CARTESIAN_POINT('',(1.916991741581,2.743320205445E-07,
    -6.18000506331));
#4149 = CARTESIAN_POINT('',(1.916990042397,-1.095035737392,
    -6.252730221334));
#4150 = CARTESIAN_POINT('',(1.229076485953,-2.189569115533,
    -6.325422768906));
#4151 = CARTESIAN_POINT('',(-0.147711950516,-2.806065750831,
    -6.398369541318));
#4152 = CARTESIAN_POINT('',(-1.830904239331,-2.455194089938,
    -6.470462153352));
#4153 = CARTESIAN_POINT('',(-3.084139729933,-1.017147124291,
    -6.544325293457));
#4154 = CARTESIAN_POINT('',(-3.085231189594,1.017133340855,
    -6.615683145128));
#4155 = CARTESIAN_POINT('',(-1.830171011971,2.455216420818,
    -6.689546286046));
#4156 = CARTESIAN_POINT('',(-0.148021169587,2.806053724198,
    -6.761638897162));
#4157 = CARTESIAN_POINT('',(1.229138611369,2.189571740357,
    -6.834585670054));
#4158 = CARTESIAN_POINT('',(1.916992011813,1.095036194612,
    -6.907278217527));
#4159 = CARTESIAN_POINT('',(1.916990260417,1.82888315825E-07,
    -6.980003375545));
#4160 = ORIENTED_EDGE('',*,*,#3754,.T.);
#4161 = ORIENTED_EDGE('',*,*,#3624,.T.);
#4162 = ORIENTED_EDGE('',*,*,#4163,.F.);
#4163 = EDGE_CURVE('',#4145,#3625,#4164,.T.);
#4164 = B_SPLINE_CURVE_WITH_KNOTS('',1,(#4165,#4166),.UNSPECIFIED.,.F.,
  .F.,(2,2),(0.,0.56),.PIECEWISE_BEZIER_KNOTS.);
#4165 = CARTESIAN_POINT('',(1.916990260417,1.828883150535E-07,
    -6.980003375545));
#4166 = CARTESIAN_POINT('',(2.401962303777,-2.194686957655E-08,
    -6.69999959493));
#4167 = B_SPLINE_SURFACE_WITH_KNOTS('',1,10,(
    (#4168,#4169,#4170,#4171,#4172,#4173,#4174,#4175,#4176,#4177,#4178)
    ,(#4179,#4180,#4181,#4182,#4183,#4184,#4185,#4186,#4187,#4188,#4189
    )),.UNSPECIFIED.,.F.,.F.,.F.,(2,2),(11,11),(0.,0.56),(0.,
    6.333910135482),.PIECEWISE_BEZIER_KNOTS.);
#4168 = CARTESIAN_POINT('',(1.916991741581,2.743320218723E-07,
    -6.18000506331));
#4169 = CARTESIAN_POINT('',(1.916989872478,-1.204539338565,
    -6.260002737137));
#4170 = CARTESIAN_POINT('',(1.076206844502,-2.408464621525,
    -6.339960553744));
#4171 = CARTESIAN_POINT('',(-0.606798550444,-2.950979059702,
    -6.42012745515));
#4172 = CARTESIAN_POINT('',(-2.529867665729,-2.190687683057,
    -6.499877908078));
#4173 = CARTESIAN_POINT('',(-3.547127989023,-3.147088600119E-05,
    -6.580004218691));
#4174 = CARTESIAN_POINT('',(-2.529641183577,2.190732889623,
    -6.660130531951));
#4175 = CARTESIAN_POINT('',(-0.607017904352,2.950961358137,
    -6.739880983143));
#4176 = CARTESIAN_POINT('',(1.07628226124,2.40846772804,-6.820047885238)
  );
#4177 = CARTESIAN_POINT('',(1.916992186953,1.204539795785,
    -6.900005701725));
#4178 = CARTESIAN_POINT('',(1.916990260417,1.828883150535E-07,
    -6.980003375545));
#4179 = CARTESIAN_POINT('',(2.401962693551,-3.292043543075E-08,
    -5.899999392393));
#4180 = CARTESIAN_POINT('',(2.401962135662,-1.509190543478,
    -5.979999671543));
#4181 = CARTESIAN_POINT('',(1.348565347857,-3.018412588137,
    -6.06000473371));
#4182 = CARTESIAN_POINT('',(-0.760664919953,-3.696074748675,
    -6.139984704865));
#4183 = CARTESIAN_POINT('',(-3.16924551913,-2.746311118871,
    -6.220014651662));
#4184 = CARTESIAN_POINT('',(-4.445178739506,-8.119474898649E-06,
    -6.299999493466));
#4185 = CARTESIAN_POINT('',(-3.169185718829,2.746323246133,
    -6.379984335974));
#4186 = CARTESIAN_POINT('',(-0.760722374575,3.696070145998,
    -6.460014282309));
#4187 = CARTESIAN_POINT('',(1.348585414376,3.018413307252,
    -6.539994253647));
#4188 = CARTESIAN_POINT('',(2.401962854774,1.509190488611,
    -6.619999315782));
#4189 = CARTESIAN_POINT('',(2.401962303777,-2.194686957655E-08,
    -6.69999959493));
#4190 = ADVANCED_FACE('',(#4191),#4221,.T.);
#4191 = FACE_BOUND('',#4192,.T.);
#4192 = EDGE_LOOP('',(#4193,#4209,#4210,#4211));
#4193 = ORIENTED_EDGE('',*,*,#4194,.F.);
#4194 = EDGE_CURVE('',#3786,#4195,#4197,.T.);
#4195 = VERTEX_POINT('',#4196);
#4196 = CARTESIAN_POINT('',(1.916991819519,1.828879204859E-07,
    -7.180003375539));
#4197 = B_SPLINE_CURVE_WITH_KNOTS('',10,(#4198,#4199,#4200,#4201,#4202,
    #4203,#4204,#4205,#4206,#4207,#4208),.UNSPECIFIED.,.F.,.F.,(11,11),(
    0.,6.333910135482),.PIECEWISE_BEZIER_KNOTS.);
#4198 = CARTESIAN_POINT('',(1.916994080236,2.743312148442E-07,
    -6.380005063296));
#4199 = CARTESIAN_POINT('',(1.916991136708,-1.204540562818,
    -6.460002737136));
#4200 = CARTESIAN_POINT('',(1.076187941259,-2.408466322693,
    -6.539960553963));
#4201 = CARTESIAN_POINT('',(-0.606741629224,-2.950986674029,
    -6.620127454437));
#4202 = CARTESIAN_POINT('',(-2.529929973181,-2.190677860805,
    -6.699877908947));
#4203 = CARTESIAN_POINT('',(-3.547131597878,-4.781152196465E-05,
    -6.780004218293));
#4204 = CARTESIAN_POINT('',(-2.529584015529,2.190747177335,
    -6.860130531682));
#4205 = CARTESIAN_POINT('',(-0.607076061559,2.950959732261,
    -6.93988098354));
#4206 = CARTESIAN_POINT('',(1.07630335323,2.408470929066,-7.020047885065
    ));
#4207 = CARTESIAN_POINT('',(1.91699482048,1.204541020037,-7.100005701711
    ));
#4208 = CARTESIAN_POINT('',(1.916991819519,1.828879325747E-07,
    -7.180003375539));
#4209 = ORIENTED_EDGE('',*,*,#3803,.T.);
#4210 = ORIENTED_EDGE('',*,*,#4144,.T.);
#4211 = ORIENTED_EDGE('',*,*,#4212,.F.);
#4212 = EDGE_CURVE('',#4195,#4145,#4213,.T.);
#4213 = ( BOUNDED_CURVE() B_SPLINE_CURVE(6,(#4214,#4215,#4216,#4217,
#4218,#4219,#4220),.UNSPECIFIED.,.F.,.F.) B_SPLINE_CURVE_WITH_KNOTS((7,7
),(0.,2.094395102393),.PIECEWISE_BEZIER_KNOTS.) CURVE() 
GEOMETRIC_REPRESENTATION_ITEM() RATIONAL_B_SPLINE_CURVE((1.056590953773,
    1.017435169568,0.996326512422,0.989390034249,0.996326512422,
1.017435169568,1.056590953773)) REPRESENTATION_ITEM('') );
#4214 = CARTESIAN_POINT('',(1.916991819519,1.828879312438E-07,
    -7.180003375539));
#4215 = CARTESIAN_POINT('',(1.880742618593,1.98198265855E-07,
    -7.1590752664));
#4216 = CARTESIAN_POINT('',(1.855197541966,2.089875389411E-07,
    -7.123653484524));
#4217 = CARTESIAN_POINT('',(1.845964248613,2.128872907958E-07,
    -7.080003929233));
#4218 = CARTESIAN_POINT('',(1.855196861423,2.089877068068E-07,
    -7.03635422999));
#4219 = CARTESIAN_POINT('',(1.880741385785,1.981985652821E-07,
    -7.000932049845));
#4220 = CARTESIAN_POINT('',(1.916990260417,1.82888315825E-07,
    -6.980003375545));
#4221 = ( BOUNDED_SURFACE() B_SPLINE_SURFACE(6,11,(
    (#4222,#4223,#4224,#4225,#4226,#4227,#4228,#4229,#4230,#4231,#4232
      ,#4233)
    ,(#4234,#4235,#4236,#4237,#4238,#4239,#4240,#4241,#4242,#4243,#4244
      ,#4245)
    ,(#4246,#4247,#4248,#4249,#4250,#4251,#4252,#4253,#4254,#4255,#4256
      ,#4257)
    ,(#4258,#4259,#4260,#4261,#4262,#4263,#4264,#4265,#4266,#4267,#4268
      ,#4269)
    ,(#4270,#4271,#4272,#4273,#4274,#4275,#4276,#4277,#4278,#4279,#4280
      ,#4281)
    ,(#4282,#4283,#4284,#4285,#4286,#4287,#4288,#4289,#4290,#4291,#4292
      ,#4293)
    ,(#4294,#4295,#4296,#4297,#4298,#4299,#4300,#4301,#4302,#4303,#4304
,#4305
    )),.UNSPECIFIED.,.F.,.F.,.F.) B_SPLINE_SURFACE_WITH_KNOTS((7,7),(12,
    12),(0.,2.094395102393),(0.,6.333910135482),
.PIECEWISE_BEZIER_KNOTS.) GEOMETRIC_REPRESENTATION_ITEM() 
RATIONAL_B_SPLINE_SURFACE((
    (1.056590953773,1.056590953773,1.056590953773,1.056590953773
      ,1.056590953773,1.056590953774,1.056590953773,1.056590953774
      ,1.056590953773,1.056590953773,1.056590953773,1.056590953773)
    ,(1.017435169568,1.017435169568,1.017435169568,1.017435169568
      ,1.017435169568,1.017435169569,1.017435169568,1.017435169568
      ,1.017435169568,1.017435169568,1.017435169568,1.017435169568)
    ,(0.996326512422,0.996326512422,0.996326512422,0.996326512422
      ,0.996326512422,0.996326512423,0.996326512421,0.996326512423
      ,0.996326512422,0.996326512422,0.996326512422,0.996326512422)
    ,(0.989390034249,0.989390034249,0.989390034248,0.989390034249
      ,0.989390034248,0.989390034249,0.989390034248,0.989390034249
      ,0.989390034248,0.989390034249,0.989390034249,0.989390034249)
    ,(0.996326512422,0.996326512422,0.996326512422,0.996326512423
      ,0.996326512421,0.996326512423,0.996326512421,0.996326512423
      ,0.996326512422,0.996326512422,0.996326512422,0.996326512422)
    ,(1.017435169568,1.017435169568,1.017435169568,1.017435169568
      ,1.017435169568,1.017435169568,1.017435169568,1.017435169568
      ,1.017435169568,1.017435169568,1.017435169568,1.017435169568)
    ,(1.056590953773,1.056590953773,1.056590953773,1.056590953773
      ,1.056590953773,1.056590953774,1.056590953773,1.056590953774
      ,1.056590953773,1.056590953773,1.056590953773,1.056590953773
))) REPRESENTATION_ITEM('') SURFACE() );
#4222 = CARTESIAN_POINT('',(1.916994080236,2.743312156328E-07,
    -6.380005063296));
#4223 = CARTESIAN_POINT('',(1.916991404302,-1.09503685035,
    -6.452730221332));
#4224 = CARTESIAN_POINT('',(1.229061249523,-2.189570729989,
    -6.525422769086));
#4225 = CARTESIAN_POINT('',(-0.147630904671,-2.806071752401,
    -6.598369540383));
#4226 = CARTESIAN_POINT('',(-1.831099206709,-2.45519060856,
    -6.670462155517));
#4227 = CARTESIAN_POINT('',(-3.083855706029,-1.017151572171,
    -6.744325290294));
#4228 = CARTESIAN_POINT('',(-3.085521486524,1.017130921662,
    -6.815683148129));
#4229 = CARTESIAN_POINT('',(-1.829979764574,2.45522492207,-6.88954628415
    ));
#4230 = CARTESIAN_POINT('',(-0.148102517401,2.806053414673,
    -6.96163889788));
#4231 = CARTESIAN_POINT('',(1.229156347275,2.18957458197,-7.03458566991)
  );
#4232 = CARTESIAN_POINT('',(1.916994547665,1.095037307569,
    -7.107278217513));
#4233 = CARTESIAN_POINT('',(1.916991819519,1.828879312438E-07,
    -7.180003375539));
#4234 = CARTESIAN_POINT('',(1.880744797737,2.972967423909E-07,
    -6.359077095447));
#4235 = CARTESIAN_POINT('',(1.880742237125,-1.074335771979,
    -6.431802076451));
#4236 = CARTESIAN_POINT('',(1.205817812284,-2.14812922676,-6.50449171719
    ));
#4237 = CARTESIAN_POINT('',(-0.144831058035,-2.753135245486,
    -6.577456863883));
#4238 = CARTESIAN_POINT('',(-1.796483070877,-2.408506320141,
    -6.649496348489));
#4239 = CARTESIAN_POINT('',(-3.025546445581,-0.998284389283,
    -6.723454572181));
#4240 = CARTESIAN_POINT('',(-3.027152148955,0.998264395744,
    -6.794697789269));
#4241 = CARTESIAN_POINT('',(-1.795404091625,2.408539343258,
    -6.868656014159));
#4242 = CARTESIAN_POINT('',(-0.145285733756,2.753117565186,
    -6.940695497413));
#4243 = CARTESIAN_POINT('',(1.205909416046,2.148132974876,
    -7.013660644812));
#4244 = CARTESIAN_POINT('',(1.880745235788,1.074336267474,
    -7.086350285405));
#4245 = CARTESIAN_POINT('',(1.880742618593,1.98198265855E-07,
    -7.1590752664));
#4246 = CARTESIAN_POINT('',(1.855199583044,3.134806976224E-07,
    -6.323655413141));
#4247 = CARTESIAN_POINT('',(1.855197204665,-1.059747547859,
    -6.396380269388));
#4248 = CARTESIAN_POINT('',(1.189439670616,-2.118925114142,
    -6.469067861527));
#4249 = CARTESIAN_POINT('',(-0.142866375691,-2.715830117437,
    -6.542045957528));
#4250 = CARTESIAN_POINT('',(-1.772068827581,-2.37560812857,
    -6.61404800058));
#4251 = CARTESIAN_POINT('',(-2.98448510224,-0.984988171822,
    -6.688073234251));
#4252 = CARTESIAN_POINT('',(-2.985989102462,0.984969351093,
    -6.759235663042));
#4253 = CARTESIAN_POINT('',(-1.771058285047,2.375639003714,
    -6.833260897835));
#4254 = CARTESIAN_POINT('',(-0.143292329479,2.715813552798,
    -6.90526293962));
#4255 = CARTESIAN_POINT('',(1.189525403855,2.118928662215,
    -6.978241036283));
#4256 = CARTESIAN_POINT('',(1.855199980008,1.059748070327,
    -7.050928628286));
#4257 = CARTESIAN_POINT('',(1.855197541966,2.089875389411E-07,
    -7.123653484524));
#4258 = CARTESIAN_POINT('',(1.845966119556,3.193303759197E-07,
    -6.280005893838));
#4259 = CARTESIAN_POINT('',(1.845963957691,-1.054474585412,
    -6.352730704992));
#4260 = CARTESIAN_POINT('',(1.183522279159,-2.108369284499,
    -6.425417556654));
#4261 = CARTESIAN_POINT('',(-0.142168757762,-2.702345567328,
    -6.498400333245));
#4262 = CARTESIAN_POINT('',(-1.763214434428,-2.363717891136,
    -6.570388842884));
#4263 = CARTESIAN_POINT('',(-2.969687631309,-0.980181679948,
    -6.64443829757));
#4264 = CARTESIAN_POINT('',(-2.971066292413,0.980164342252,
    -6.71557152516));
#4265 = CARTESIAN_POINT('',(-1.762288194931,2.363746141795,
    -6.789620980874));
#4266 = CARTESIAN_POINT('',(-0.142559283748,2.702330379316,
    -6.861609489353));
#4267 = CARTESIAN_POINT('',(1.183600805117,2.108372570999,
    -6.934592266551));
#4268 = CARTESIAN_POINT('',(1.845966471256,1.054475117629,
    -7.007279118087));
#4269 = CARTESIAN_POINT('',(1.845964248613,2.128872907958E-07,
    -7.080003929233));
#4270 = CARTESIAN_POINT('',(1.85519856223,3.13481049119E-07,
    -6.236356158609));
#4271 = CARTESIAN_POINT('',(1.855196610198,-1.059747062057,
    -6.309081014851));
#4272 = CARTESIAN_POINT('',(1.189446321261,-2.118924409439,
    -6.381768606911));
#4273 = CARTESIAN_POINT('',(-0.1429017519,-2.715827497773,
    -6.454746703399));
#4274 = CARTESIAN_POINT('',(-1.771983725047,-2.375609648181,
    -6.526748745098));
#4275 = CARTESIAN_POINT('',(-2.984609077614,-0.984986230337,
    -6.600773981094));
#4276 = CARTESIAN_POINT('',(-2.985862388935,0.98497040706,
    -6.671936407195));
#4277 = CARTESIAN_POINT('',(-1.771141763822,2.37563529295,
    -6.745961644125));
#4278 = CARTESIAN_POINT('',(-0.143256821462,2.715813687904,
    -6.81796368477));
#4279 = CARTESIAN_POINT('',(1.189517662198,2.118927421861,
    -6.890941781809));
#4280 = CARTESIAN_POINT('',(1.855198873118,1.059747584526,
    -6.963629373754));
#4281 = CARTESIAN_POINT('',(1.855196861423,2.089877068068E-07,
    -7.03635422999));
#4282 = CARTESIAN_POINT('',(1.880742948525,2.972973814352E-07,
    -6.200933878898));
#4283 = CARTESIAN_POINT('',(1.880741160245,-1.074334891946,
    -6.273658859893));
#4284 = CARTESIAN_POINT('',(1.205829859974,-2.148127950183,
    -6.346348500488));
#4285 = CARTESIAN_POINT('',(-0.144895142288,-2.753130499948,
    -6.419313648062));
#4286 = CARTESIAN_POINT('',(-1.796328907035,-2.408509072924,
    -6.491353130218));
#4287 = CARTESIAN_POINT('',(-3.025771027851,-0.998280872271,
    -6.565311358122));
#4288 = CARTESIAN_POINT('',(-3.026922606503,0.998266308638,
    -6.636554570337));
#4289 = CARTESIAN_POINT('',(-1.795555314018,2.408532621183,
    -6.710512799099));
#4290 = CARTESIAN_POINT('',(-0.145221410732,2.753117809931,
    -6.782552280286));
#4291 = CARTESIAN_POINT('',(1.205895391981,2.148130727967,
    -6.855517428366));
#4292 = CARTESIAN_POINT('',(1.880743230649,1.074335387442,
    -6.928207068856));
#4293 = CARTESIAN_POINT('',(1.880741385785,1.981985652821E-07,
    -7.000932049845));
#4294 = CARTESIAN_POINT('',(1.916991741581,2.743320205445E-07,
    -6.18000506331));
#4295 = CARTESIAN_POINT('',(1.916990042397,-1.095035737392,
    -6.252730221334));
#4296 = CARTESIAN_POINT('',(1.229076485953,-2.189569115533,
    -6.325422768906));
#4297 = CARTESIAN_POINT('',(-0.147711950516,-2.806065750831,
    -6.398369541318));
#4298 = CARTESIAN_POINT('',(-1.830904239331,-2.455194089938,
    -6.470462153352));
#4299 = CARTESIAN_POINT('',(-3.084139729933,-1.017147124291,
    -6.544325293457));
#4300 = CARTESIAN_POINT('',(-3.085231189594,1.017133340855,
    -6.615683145128));
#4301 = CARTESIAN_POINT('',(-1.830171011971,2.455216420818,
    -6.689546286046));
#4302 = CARTESIAN_POINT('',(-0.148021169587,2.806053724198,
    -6.761638897162));
#4303 = CARTESIAN_POINT('',(1.229138611369,2.189571740357,
    -6.834585670054));
#4304 = CARTESIAN_POINT('',(1.916992011813,1.095036194612,
    -6.907278217527));
#4305 = CARTESIAN_POINT('',(1.916990260417,1.82888315825E-07,
    -6.980003375545));
#4306 = ADVANCED_FACE('',(#4307),#4317,.T.);
#4307 = FACE_BOUND('',#4308,.T.);
#4308 = EDGE_LOOP('',(#4309,#4310,#4311,#4312));
#4309 = ORIENTED_EDGE('',*,*,#3935,.F.);
#4310 = ORIENTED_EDGE('',*,*,#3904,.T.);
#4311 = ORIENTED_EDGE('',*,*,#4194,.T.);
#4312 = ORIENTED_EDGE('',*,*,#4313,.F.);
#4313 = EDGE_CURVE('',#3936,#4195,#4314,.T.);
#4314 = B_SPLINE_CURVE_WITH_KNOTS('',1,(#4315,#4316),.UNSPECIFIED.,.F.,
  .F.,(2,2),(0.,0.56),.PIECEWISE_BEZIER_KNOTS.);
#4315 = CARTESIAN_POINT('',(2.401968228368,-2.194832281721E-08,
    -7.459999594907));
#4316 = CARTESIAN_POINT('',(1.916991819519,1.828879325747E-07,
    -7.180003375539));
#4317 = B_SPLINE_SURFACE_WITH_KNOTS('',1,10,(
    (#4318,#4319,#4320,#4321,#4322,#4323,#4324,#4325,#4326,#4327,#4328)
    ,(#4329,#4330,#4331,#4332,#4333,#4334,#4335,#4336,#4337,#4338,#4339
    )),.UNSPECIFIED.,.F.,.F.,.F.,(2,2),(11,11),(0.,0.56),(0.,
    6.333910135482),.PIECEWISE_BEZIER_KNOTS.);
#4318 = CARTESIAN_POINT('',(2.401971580438,-3.292350426797E-08,
    -6.659999392341));
#4319 = CARTESIAN_POINT('',(2.401966939735,-1.509195195641,
    -6.739999671539));
#4320 = CARTESIAN_POINT('',(1.348493515534,-3.018419052573,
    -6.820004734545));
#4321 = CARTESIAN_POINT('',(-0.760448619314,-3.696103683115,
    -6.899984702158));
#4322 = CARTESIAN_POINT('',(-3.169482287449,-2.746273794316,
    -6.980014654962));
#4323 = CARTESIAN_POINT('',(-4.445192453154,-7.021388898298E-05,
    -7.059999491952));
#4324 = CARTESIAN_POINT('',(-3.168968480248,2.746377539434,
    -7.139984334953));
#4325 = CARTESIAN_POINT('',(-0.760943371962,3.696063967672,
    -7.220014283817));
#4326 = CARTESIAN_POINT('',(1.348665563936,3.018425471154,
    -7.299994252988));
#4327 = CARTESIAN_POINT('',(2.401972862176,1.50919514077,-7.379999315727
    ));
#4328 = CARTESIAN_POINT('',(2.401968228368,-2.194832281721E-08,
    -7.459999594907));
#4329 = CARTESIAN_POINT('',(1.916994080236,2.743312148442E-07,
    -6.380005063296));
#4330 = CARTESIAN_POINT('',(1.916991136708,-1.204540562818,
    -6.460002737136));
#4331 = CARTESIAN_POINT('',(1.076187941259,-2.408466322693,
    -6.539960553963));
#4332 = CARTESIAN_POINT('',(-0.606741629224,-2.950986674029,
    -6.620127454437));
#4333 = CARTESIAN_POINT('',(-2.529929973181,-2.190677860805,
    -6.699877908947));
#4334 = CARTESIAN_POINT('',(-3.547131597878,-4.781152196465E-05,
    -6.780004218293));
#4335 = CARTESIAN_POINT('',(-2.529584015529,2.190747177335,
    -6.860130531682));
#4336 = CARTESIAN_POINT('',(-0.607076061559,2.950959732261,
    -6.93988098354));
#4337 = CARTESIAN_POINT('',(1.07630335323,2.408470929066,-7.020047885065
    ));
#4338 = CARTESIAN_POINT('',(1.91699482048,1.204541020037,-7.100005701711
    ));
#4339 = CARTESIAN_POINT('',(1.916991819519,1.828879325747E-07,
    -7.180003375539));
#4340 = ADVANCED_FACE('',(#4341),#4373,.T.);
#4341 = FACE_BOUND('',#4342,.F.);
#4342 = EDGE_LOOP('',(#4343,#4365,#4366));
#4343 = ORIENTED_EDGE('',*,*,#4344,.F.);
#4344 = EDGE_CURVE('',#3936,#4345,#4347,.T.);
#4345 = VERTEX_POINT('',#4346);
#4346 = CARTESIAN_POINT('',(1.662134713951,-1.661267044361,-7.53));
#4347 = B_SPLINE_CURVE_WITH_KNOTS('',6,(#4348,#4349,#4350,#4351,#4352,
    #4353,#4354,#4355,#4356,#4357,#4358,#4359,#4360,#4361,#4362,#4363,
    #4364),.UNSPECIFIED.,.F.,.F.,(7,5,5,7),(0.,0.146179154107,
    0.45026626948,1.),.UNSPECIFIED.);
#4348 = CARTESIAN_POINT('',(2.35,1.138644734056E-12,-7.429996264426));
#4349 = CARTESIAN_POINT('',(2.35,-4.495194038952E-02,-7.432431858861));
#4350 = CARTESIAN_POINT('',(2.348968166293,-8.990384841218E-02,
    -7.434867368189));
#4351 = CARTESIAN_POINT('',(2.346904498521,-0.134826116157,
    -7.437302846675));
#4352 = CARTESIAN_POINT('',(2.343810131139,-0.179689165856,
    -7.439738339417));
#4353 = CARTESIAN_POINT('',(2.339687333421,-0.224463449885,
    -7.442173882346));
#4354 = CARTESIAN_POINT('',(2.323830821554,-0.362014464245,
    -7.449676165993));
#4355 = CARTESIAN_POINT('',(2.308686301901,-0.454398599541,
    -7.454743191668));
#4356 = CARTESIAN_POINT('',(2.289136802566,-0.546005528489,
    -7.459810816307));
#4357 = CARTESIAN_POINT('',(2.265233792427,-0.63657387819,
    -7.464879127118));
#4358 = CARTESIAN_POINT('',(2.237049357177,-0.725847231004,
    -7.469948061469));
#4359 = CARTESIAN_POINT('',(2.146151467637,-0.972168257679,
    -7.484181853589));
#4360 = CARTESIAN_POINT('',(2.073932824108,-1.125720323061,
    -7.493348278361));
#4361 = CARTESIAN_POINT('',(1.988570299826,-1.272730367662,
    -7.502514440702));
#4362 = CARTESIAN_POINT('',(1.890825055225,-1.411816322667,
    -7.511679006586));
#4363 = CARTESIAN_POINT('',(1.781633223061,-1.541707250547,
    -7.520841525464));
#4364 = CARTESIAN_POINT('',(1.662126885252,-1.661274877112,-7.5300006));
#4365 = ORIENTED_EDGE('',*,*,#4130,.T.);
#4366 = ORIENTED_EDGE('',*,*,#4367,.F.);
#4367 = EDGE_CURVE('',#4345,#4034,#4368,.T.);
#4368 = CIRCLE('',#4369,2.35);
#4369 = AXIS2_PLACEMENT_3D('',#4370,#4371,#4372);
#4370 = CARTESIAN_POINT('',(0.,0.,-7.53));
#4371 = DIRECTION('',(0.,0.,1.));
#4372 = DIRECTION('',(1.,0.,-0.));
#4373 = CYLINDRICAL_SURFACE('',#4374,2.35);
#4374 = AXIS2_PLACEMENT_3D('',#4375,#4376,#4377);
#4375 = CARTESIAN_POINT('',(0.,0.,-0.2));
#4376 = DIRECTION('',(-0.,-0.,-1.));
#4377 = DIRECTION('',(1.,0.,0.));
#4378 = ADVANCED_FACE('',(#4379),#4405,.T.);
#4379 = FACE_BOUND('',#4380,.T.);
#4380 = EDGE_LOOP('',(#4381,#4398,#4399,#4400));
#4381 = ORIENTED_EDGE('',*,*,#4382,.F.);
#4382 = EDGE_CURVE('',#4145,#4383,#4385,.T.);
#4383 = VERTEX_POINT('',#4384);
#4384 = CARTESIAN_POINT('',(1.916988779259,9.144430597204E-08,
    -7.780001687776));
#4385 = ( BOUNDED_CURVE() B_SPLINE_CURVE(11,(#4386,#4387,#4388,#4389,
    #4390,#4391,#4392,#4393,#4394,#4395,#4396,#4397),.UNSPECIFIED.,.F.,
.F.) B_SPLINE_CURVE_WITH_KNOTS((12,12),(0.,6.333910135482),
.PIECEWISE_BEZIER_KNOTS.) CURVE() GEOMETRIC_REPRESENTATION_ITEM() 
RATIONAL_B_SPLINE_CURVE((1.056590953773,1.056590953773,1.056590953773,
    1.056590953773,1.056590953773,1.056590953774,1.056590953773,
    1.056590953774,1.056590953773,1.056590953773,1.056590953773,
1.056590953773)) REPRESENTATION_ITEM('') );
#4386 = CARTESIAN_POINT('',(1.916990260417,1.828882998378E-07,
    -6.980003375545));
#4387 = CARTESIAN_POINT('',(1.916988509019,-1.095034982981,
    -7.052728533563));
#4388 = CARTESIAN_POINT('',(1.22907543174,-2.189567480856,
    -7.125421081015));
#4389 = CARTESIAN_POINT('',(-0.147711969991,-2.806063580721,
    -7.198367854179));
#4390 = CARTESIAN_POINT('',(-1.830902941868,-2.45519209515,
    -7.270460464042));
#4391 = CARTESIAN_POINT('',(-3.084137396176,-1.01714620618,
    -7.344323608033));
#4392 = CARTESIAN_POINT('',(-3.085228755809,1.017132717142,
    -7.415681455018));
#4393 = CARTESIAN_POINT('',(-1.830169482223,2.455214600474,
    -7.489544599824));
#4394 = CARTESIAN_POINT('',(-0.148020920616,2.806051568311,
    -7.561637208766));
#4395 = CARTESIAN_POINT('',(1.229137765964,2.189569988391,
    -7.634583982411));
#4396 = CARTESIAN_POINT('',(1.916990582868,1.095035257313,
    -7.707276529763));
#4397 = CARTESIAN_POINT('',(1.916988779259,9.144431606378E-08,
    -7.780001687776));
#4398 = ORIENTED_EDGE('',*,*,#4163,.T.);
#4399 = ORIENTED_EDGE('',*,*,#4033,.T.);
#4400 = ORIENTED_EDGE('',*,*,#4401,.F.);
#4401 = EDGE_CURVE('',#4383,#4034,#4402,.T.);
#4402 = B_SPLINE_CURVE_WITH_KNOTS('',1,(#4403,#4404),.UNSPECIFIED.,.F.,
  .F.,(2,2),(0.,0.56),.PIECEWISE_BEZIER_KNOTS.);
#4403 = CARTESIAN_POINT('',(1.916988779259,9.14443174212E-08,
    -7.780001687776));
#4404 = CARTESIAN_POINT('',(2.401961914002,-1.097339039169E-08,
    -7.499999797466));
#4405 = B_SPLINE_SURFACE_WITH_KNOTS('',1,10,(
    (#4406,#4407,#4408,#4409,#4410,#4411,#4412,#4413,#4414,#4415,#4416)
    ,(#4417,#4418,#4419,#4420,#4421,#4422,#4423,#4424,#4425,#4426,#4427
    )),.UNSPECIFIED.,.F.,.F.,.F.,(2,2),(11,11),(0.,0.56),(0.,
    6.333910135482),.PIECEWISE_BEZIER_KNOTS.);
#4406 = CARTESIAN_POINT('',(1.916990260417,1.828883004635E-07,
    -6.980003375545));
#4407 = CARTESIAN_POINT('',(1.91698833388,-1.204538499568,
    -7.060001049365));
#4408 = CARTESIAN_POINT('',(1.076205897931,-2.408462810031,
    -7.139958865826));
#4409 = CARTESIAN_POINT('',(-0.606798221743,-2.950976755032,
    -7.220125767806));
#4410 = CARTESIAN_POINT('',(-2.529865816995,-2.190685865698,
    -7.299876219878));
#4411 = CARTESIAN_POINT('',(-3.54712524627,-3.130141370811E-05,
    -7.380002530924));
#4412 = CARTESIAN_POINT('',(-2.529639126324,2.190731313204,
    -7.460128844617));
#4413 = CARTESIAN_POINT('',(-0.607017293696,2.950959111541,
    -7.539879294953));
#4414 = CARTESIAN_POINT('',(1.07628154435,2.408465813833,-7.620046197622
    ));
#4415 = CARTESIAN_POINT('',(1.916990763229,1.2045387739,-7.700004013962)
  );
#4416 = CARTESIAN_POINT('',(1.916988779259,9.14443174212E-08,
    -7.780001687776));
#4417 = CARTESIAN_POINT('',(2.401962303777,-2.194688075072E-08,
    -6.69999959493));
#4418 = CARTESIAN_POINT('',(2.40196175278,-1.509190287655,
    -6.779999874078));
#4419 = CARTESIAN_POINT('',(1.348565142765,-3.018412091757,
    -6.860004936207));
#4420 = CARTESIAN_POINT('',(-0.760664779437,-3.696074153316,
    -6.939984907513));
#4421 = CARTESIAN_POINT('',(-3.169244992679,-2.746310686784,
    -7.020014854084));
#4422 = CARTESIAN_POINT('',(-4.445178017739,-8.139811812136E-06,
    -7.099999696003));
#4423 = CARTESIAN_POINT('',(-3.1691852174,2.746322785133,-7.179984538624
    ));
#4424 = CARTESIAN_POINT('',(-0.760722267895,3.69606954367,
    -7.260014484734));
#4425 = CARTESIAN_POINT('',(1.348585181722,3.018412823198,
    -7.339994456223));
#4426 = CARTESIAN_POINT('',(2.401962458106,1.509190254735,-7.41999951832
    ));
#4427 = CARTESIAN_POINT('',(2.401961914002,-1.097339039169E-08,
    -7.499999797466));
#4428 = ADVANCED_FACE('',(#4429),#4469,.T.);
#4429 = FACE_BOUND('',#4430,.T.);
#4430 = EDGE_LOOP('',(#4431,#4447,#4448,#4449,#4461));
#4431 = ORIENTED_EDGE('',*,*,#4432,.F.);
#4432 = EDGE_CURVE('',#4195,#4433,#4435,.T.);
#4433 = VERTEX_POINT('',#4434);
#4434 = CARTESIAN_POINT('',(1.899940453373,0.255119446047,
    -7.963007653089));
#4435 = B_SPLINE_CURVE_WITH_KNOTS('',10,(#4436,#4437,#4438,#4439,#4440,
    #4441,#4442,#4443,#4444,#4445,#4446),.UNSPECIFIED.,.F.,.F.,(11,11),(
    0.,6.333910135482),.PIECEWISE_BEZIER_KNOTS.);
#4436 = CARTESIAN_POINT('',(1.916991819519,1.82887918673E-07,
    -7.180003375539));
#4437 = CARTESIAN_POINT('',(1.916988818558,-1.20453923412,
    -7.260001049367));
#4438 = CARTESIAN_POINT('',(1.076186556939,-2.40846353076,
    -7.339958865974));
#4439 = CARTESIAN_POINT('',(-0.606741053324,-2.950983171668,
    -7.420125767321));
#4440 = CARTESIAN_POINT('',(-2.529927096567,-2.190675150356,
    -7.499876220526));
#4441 = CARTESIAN_POINT('',(-3.547127411582,-4.76420480231E-05,
    -7.580002530531));
#4442 = CARTESIAN_POINT('',(-2.529580930396,2.190744707821,
    -7.660128844583));
#4443 = CARTESIAN_POINT('',(-0.607075203707,2.950956287976,
    -7.739879295134));
#4444 = CARTESIAN_POINT('',(1.07630219859,2.408468034421,-7.820046197533
    ));
#4445 = CARTESIAN_POINT('',(1.916992617204,1.204539508452,
    -7.900004013956));
#4446 = CARTESIAN_POINT('',(1.91698955881,9.144420652511E-08,
    -7.980001687774));
#4447 = ORIENTED_EDGE('',*,*,#4212,.T.);
#4448 = ORIENTED_EDGE('',*,*,#4382,.T.);
#4449 = ORIENTED_EDGE('',*,*,#4450,.F.);
#4450 = EDGE_CURVE('',#4451,#4383,#4453,.T.);
#4451 = VERTEX_POINT('',#4452);
#4452 = CARTESIAN_POINT('',(1.906695583375,4.680905437906E-08,
    -7.973304416625));
#4453 = ( BOUNDED_CURVE() B_SPLINE_CURVE(6,(#4454,#4455,#4456,#4457,
#4458,#4459,#4460),.UNSPECIFIED.,.F.,.F.) B_SPLINE_CURVE_WITH_KNOTS((7,7
),(0.,2.094395102393),.PIECEWISE_BEZIER_KNOTS.) CURVE() 
GEOMETRIC_REPRESENTATION_ITEM() RATIONAL_B_SPLINE_CURVE((1.056590953773,
    1.017435169568,0.996326512422,0.989390034249,0.996326512422,
1.017435169568,1.056590953773)) REPRESENTATION_ITEM('') );
#4454 = CARTESIAN_POINT('',(1.91698955881,9.144420731744E-08,
    -7.980001687774));
#4455 = CARTESIAN_POINT('',(1.880740439457,9.909936693475E-08,
    -7.959073437344));
#4456 = CARTESIAN_POINT('',(1.855195500895,1.044939869632E-07,
    -7.923651555901));
#4457 = CARTESIAN_POINT('',(1.845962377678,1.064438466813E-07,
    -7.88000196462));
#4458 = CARTESIAN_POINT('',(1.855195160624,1.044940342587E-07,
    -7.836352301364));
#4459 = CARTESIAN_POINT('',(1.880739823053,9.909945136721E-08,
    -7.800930220785));
#4460 = CARTESIAN_POINT('',(1.916988779259,9.144431606378E-08,
    -7.780001687776));
#4461 = ORIENTED_EDGE('',*,*,#4462,.T.);
#4462 = EDGE_CURVE('',#4451,#4433,#4463,.T.);
#4463 = B_SPLINE_CURVE_WITH_KNOTS('',4,(#4464,#4465,#4466,#4467,#4468),
  .UNSPECIFIED.,.F.,.F.,(5,5),(0.,1.),.PIECEWISE_BEZIER_KNOTS.);
#4464 = CARTESIAN_POINT('',(1.90669557976,6.305561358417E-17,
    -7.97330442024));
#4465 = CARTESIAN_POINT('',(1.909159396846,6.380090028892E-02,
    -7.970840601588));
#4466 = CARTESIAN_POINT('',(1.908849925085,0.127717612595,
    -7.968303576592));
#4467 = CARTESIAN_POINT('',(1.905766222225,0.191556135378,
    -7.965693121345));
#4468 = CARTESIAN_POINT('',(1.899939926075,0.255125693999,
    -7.963007344189));
#4469 = ( BOUNDED_SURFACE() B_SPLINE_SURFACE(6,11,(
    (#4470,#4471,#4472,#4473,#4474,#4475,#4476,#4477,#4478,#4479,#4480
      ,#4481)
    ,(#4482,#4483,#4484,#4485,#4486,#4487,#4488,#4489,#4490,#4491,#4492
      ,#4493)
    ,(#4494,#4495,#4496,#4497,#4498,#4499,#4500,#4501,#4502,#4503,#4504
      ,#4505)
    ,(#4506,#4507,#4508,#4509,#4510,#4511,#4512,#4513,#4514,#4515,#4516
      ,#4517)
    ,(#4518,#4519,#4520,#4521,#4522,#4523,#4524,#4525,#4526,#4527,#4528
      ,#4529)
    ,(#4530,#4531,#4532,#4533,#4534,#4535,#4536,#4537,#4538,#4539,#4540
      ,#4541)
    ,(#4542,#4543,#4544,#4545,#4546,#4547,#4548,#4549,#4550,#4551,#4552
,#4553
    )),.UNSPECIFIED.,.F.,.F.,.F.) B_SPLINE_SURFACE_WITH_KNOTS((7,7),(12,
    12),(0.,2.094395102393),(0.,6.333910135482),
.PIECEWISE_BEZIER_KNOTS.) GEOMETRIC_REPRESENTATION_ITEM() 
RATIONAL_B_SPLINE_SURFACE((
    (1.056590953773,1.056590953773,1.056590953773,1.056590953773
      ,1.056590953773,1.056590953774,1.056590953773,1.056590953774
      ,1.056590953773,1.056590953773,1.056590953773,1.056590953773)
    ,(1.017435169568,1.017435169568,1.017435169568,1.017435169568
      ,1.017435169568,1.017435169569,1.017435169568,1.017435169568
      ,1.017435169568,1.017435169568,1.017435169568,1.017435169568)
    ,(0.996326512422,0.996326512422,0.996326512422,0.996326512422
      ,0.996326512422,0.996326512423,0.996326512421,0.996326512423
      ,0.996326512422,0.996326512422,0.996326512422,0.996326512422)
    ,(0.989390034249,0.989390034249,0.989390034248,0.989390034249
      ,0.989390034248,0.989390034249,0.989390034248,0.989390034249
      ,0.989390034248,0.989390034249,0.989390034249,0.989390034249)
    ,(0.996326512422,0.996326512422,0.996326512422,0.996326512423
      ,0.996326512421,0.996326512423,0.996326512421,0.996326512423
      ,0.996326512422,0.996326512422,0.996326512422,0.996326512422)
    ,(1.017435169568,1.017435169568,1.017435169568,1.017435169568
      ,1.017435169568,1.017435169568,1.017435169568,1.017435169568
      ,1.017435169568,1.017435169568,1.017435169568,1.017435169568)
    ,(1.056590953773,1.056590953773,1.056590953773,1.056590953773
      ,1.056590953773,1.056590953774,1.056590953773,1.056590953774
      ,1.056590953773,1.056590953773,1.056590953773,1.056590953773
))) REPRESENTATION_ITEM('') SURFACE() );
#4470 = CARTESIAN_POINT('',(1.916991819519,1.828879178656E-07,
    -7.180003375539));
#4471 = CARTESIAN_POINT('',(1.916989091373,-1.095035650755,
    -7.252728533565));
#4472 = CARTESIAN_POINT('',(1.229059695415,-2.189568204098,
    -7.325421081136));
#4473 = CARTESIAN_POINT('',(-0.147630863752,-2.806068443881,
    -7.398367853581));
#4474 = CARTESIAN_POINT('',(-1.831097165247,-2.455187609798,
    -7.470460465399));
#4475 = CARTESIAN_POINT('',(-3.083852117669,-1.017150248324,
    -7.544323606109));
#4476 = CARTESIAN_POINT('',(-3.085517798131,1.017129892211,
    -7.615681456792));
#4477 = CARTESIAN_POINT('',(-1.829977490832,2.455222097749,
    -7.689544598745));
#4478 = CARTESIAN_POINT('',(-0.148102208036,2.806050120378,
    -7.761637209159));
#4479 = CARTESIAN_POINT('',(1.229155001974,2.18957193879,-7.834583982338
    ));
#4480 = CARTESIAN_POINT('',(1.916992339168,1.095035925087,
    -7.907276529758));
#4481 = CARTESIAN_POINT('',(1.91698955881,9.144420731744E-08,
    -7.980001687774));
#4482 = CARTESIAN_POINT('',(1.880742618593,1.981982493682E-07,
    -7.1590752664));
#4483 = CARTESIAN_POINT('',(1.880740001397,-1.074334626624,
    -7.231800247393));
#4484 = CARTESIAN_POINT('',(1.205816301746,-2.148126799036,
    -7.304489887957));
#4485 = CARTESIAN_POINT('',(-0.144831034672,-2.753132055494,
    -7.377455035755));
#4486 = CARTESIAN_POINT('',(-1.79648111699,-2.408503419135,
    -7.449494517166));
#4487 = CARTESIAN_POINT('',(-3.025542992691,-0.998283095568,
    -7.523452746575));
#4488 = CARTESIAN_POINT('',(-3.027148587657,0.998263421071,
    -7.594695956771));
#4489 = CARTESIAN_POINT('',(-1.795401886012,2.408536631296,
    -7.668654187379));
#4490 = CARTESIAN_POINT('',(-0.145285419474,2.753114390609,
    -7.740693667436));
#4491 = CARTESIAN_POINT('',(1.205908131795,2.148130420044,
    -7.813658815942));
#4492 = CARTESIAN_POINT('',(1.880743113235,1.074334923922,
    -7.886348456359));
#4493 = CARTESIAN_POINT('',(1.880740439457,9.909936693475E-08,
    -7.959073437344));
#4494 = CARTESIAN_POINT('',(1.855197541966,2.089875280609E-07,
    -7.123653484524));
#4495 = CARTESIAN_POINT('',(1.855195103922,-1.059746486744,
    -7.196378340762));
#4496 = CARTESIAN_POINT('',(1.189438242454,-2.11892284772,
    -7.269065932737));
#4497 = CARTESIAN_POINT('',(-0.142866370942,-2.715827128648,
    -7.342044029774));
#4498 = CARTESIAN_POINT('',(-1.772067012314,-2.375605400231,
    -7.414046069833));
#4499 = CARTESIAN_POINT('',(-2.984481874502,-0.984986941283,
    -7.488071308859));
#4500 = CARTESIAN_POINT('',(-2.985985760416,0.984968456963,
    -7.559233731193));
#4501 = CARTESIAN_POINT('',(-1.771056204351,2.375636474712,
    -7.633258971343));
#4502 = CARTESIAN_POINT('',(-0.143292017975,2.715810580263,
    -7.705261010134));
#4503 = CARTESIAN_POINT('',(1.189524214299,2.118926261765,
    -7.778239107834));
#4504 = CARTESIAN_POINT('',(1.855197998601,1.059746800226,
    -7.850926699671));
#4505 = CARTESIAN_POINT('',(1.855195500895,1.044939869632E-07,
    -7.923651555901));
#4506 = CARTESIAN_POINT('',(1.845964248613,2.128872774176E-07,
    -7.080003929233));
#4507 = CARTESIAN_POINT('',(1.84596202597,-1.054473623407,
    -7.152728740377));
#4508 = CARTESIAN_POINT('',(1.183520957872,-2.108367213833,
    -7.225415591888));
#4509 = CARTESIAN_POINT('',(-0.142168769057,-2.702342826843,
    -7.298398369429));
#4510 = CARTESIAN_POINT('',(-1.763212784013,-2.363715380052,
    -7.370386876325));
#4511 = CARTESIAN_POINT('',(-2.969684678453,-0.980180534823,
    -7.44443633592));
#4512 = CARTESIAN_POINT('',(-2.971063223115,0.980163539813,
    -7.515569557591));
#4513 = CARTESIAN_POINT('',(-1.762286274134,2.363743833767,
    -7.589619018215));
#4514 = CARTESIAN_POINT('',(-0.142558982562,2.702327655388,
    -7.661607523949));
#4515 = CARTESIAN_POINT('',(1.183599726887,2.108370363804,
    -7.734590302098));
#4516 = CARTESIAN_POINT('',(1.845964661097,1.054473942738,
    -7.807277153482));
#4517 = CARTESIAN_POINT('',(1.845962377678,1.064438466813E-07,
    -7.88000196462));
#4518 = CARTESIAN_POINT('',(1.855196861423,2.089876948164E-07,
    -7.03635422999));
#4519 = CARTESIAN_POINT('',(1.855194849727,-1.059746195263,
    -7.109079086224));
#4520 = CARTESIAN_POINT('',(1.189445111301,-2.118922532028,
    -7.181766678147));
#4521 = CARTESIAN_POINT('',(-0.142901773513,-2.715825005896,
    -7.254744775497));
#4522 = CARTESIAN_POINT('',(-1.771982234533,-2.375607358072,
    -7.326746814703));
#4523 = CARTESIAN_POINT('',(-2.984606397506,-0.984985176902,
    -7.400772055161));
#4524 = CARTESIAN_POINT('',(-2.98585959452,0.984969690035,
    -7.471934475882));
#4525 = CARTESIAN_POINT('',(-1.771140007877,2.375633202179,
    -7.545959717276));
#4526 = CARTESIAN_POINT('',(-0.143256536319,2.71581121228,
    -7.617961755425));
#4527 = CARTESIAN_POINT('',(1.189516690844,2.118925410423,
    -7.690939853328));
#4528 = CARTESIAN_POINT('',(1.855197231983,1.059746508745,
    -7.763627445136));
#4529 = CARTESIAN_POINT('',(1.855195160624,1.044940342587E-07,
    -7.836352301364));
#4530 = CARTESIAN_POINT('',(1.880741385785,1.981985537913E-07,
    -7.000932049845));
#4531 = CARTESIAN_POINT('',(1.880739540921,-1.074334098604,
    -7.073657030832));
#4532 = CARTESIAN_POINT('',(1.205828744711,-2.148126227157,
    -7.146346671301));
#4533 = CARTESIAN_POINT('',(-0.144895166679,-2.753128210115,
    -7.219311819668));
#4534 = CARTESIAN_POINT('',(-1.796327541439,-2.408506965776,
    -7.291351299533));
#4535 = CARTESIAN_POINT('',(-3.025768566996,-0.998279899379,
    -7.365309531537));
#4536 = CARTESIAN_POINT('',(-3.026920037243,0.998265654788,
    -7.436552738808));
#4537 = CARTESIAN_POINT('',(-1.795553696694,2.408530703082,
    -7.510510971672));
#4538 = CARTESIAN_POINT('',(-0.145221144204,2.753115535512,
    -7.582550450565));
#4539 = CARTESIAN_POINT('',(1.205894503004,2.148128877832,-7.65551559944
    ));
#4540 = CARTESIAN_POINT('',(1.8807417245,1.074334395902,-7.728205239804)
  );
#4541 = CARTESIAN_POINT('',(1.880739823053,9.909945136721E-08,
    -7.800930220785));
#4542 = CARTESIAN_POINT('',(1.916990260417,1.828882998378E-07,
    -6.980003375545));
#4543 = CARTESIAN_POINT('',(1.916988509019,-1.095034982981,
    -7.052728533563));
#4544 = CARTESIAN_POINT('',(1.22907543174,-2.189567480856,
    -7.125421081015));
#4545 = CARTESIAN_POINT('',(-0.147711969991,-2.806063580721,
    -7.198367854179));
#4546 = CARTESIAN_POINT('',(-1.830902941868,-2.45519209515,
    -7.270460464042));
#4547 = CARTESIAN_POINT('',(-3.084137396176,-1.01714620618,
    -7.344323608033));
#4548 = CARTESIAN_POINT('',(-3.085228755809,1.017132717142,
    -7.415681455018));
#4549 = CARTESIAN_POINT('',(-1.830169482223,2.455214600474,
    -7.489544599824));
#4550 = CARTESIAN_POINT('',(-0.148020920616,2.806051568311,
    -7.561637208766));
#4551 = CARTESIAN_POINT('',(1.229137765964,2.189569988391,
    -7.634583982411));
#4552 = CARTESIAN_POINT('',(1.916990582868,1.095035257313,
    -7.707276529763));
#4553 = CARTESIAN_POINT('',(1.916988779259,9.144431606378E-08,
    -7.780001687776));
#4554 = ADVANCED_FACE('',(#4555),#4613,.T.);
#4555 = FACE_BOUND('',#4556,.T.);
#4556 = EDGE_LOOP('',(#4557,#4558,#4559,#4560));
#4557 = ORIENTED_EDGE('',*,*,#4344,.F.);
#4558 = ORIENTED_EDGE('',*,*,#4313,.T.);
#4559 = ORIENTED_EDGE('',*,*,#4432,.T.);
#4560 = ORIENTED_EDGE('',*,*,#4561,.T.);
#4561 = EDGE_CURVE('',#4433,#4345,#4562,.T.);
#4562 = B_SPLINE_CURVE_WITH_KNOTS('',7,(#4563,#4564,#4565,#4566,#4567,
    #4568,#4569,#4570,#4571,#4572,#4573,#4574,#4575,#4576,#4577,#4578,
    #4579,#4580,#4581,#4582,#4583,#4584,#4585,#4586,#4587,#4588,#4589,
    #4590,#4591,#4592,#4593,#4594,#4595,#4596,#4597,#4598,#4599,#4600,
    #4601,#4602,#4603,#4604,#4605,#4606,#4607,#4608,#4609,#4610,#4611,
    #4612),.UNSPECIFIED.,.F.,.F.,(8,6,6,6,6,6,6,6,8),(0.,0.128364290815,
    0.258424419281,0.380833050018,0.504409905147,0.62784122685,
    0.751135253407,0.876450681874,1.),.UNSPECIFIED.);
#4563 = CARTESIAN_POINT('',(1.899940453373,0.255119446047,
    -7.963007653089));
#4564 = CARTESIAN_POINT('',(1.881434840622,0.457035308628,
    -7.954477050055));
#4565 = CARTESIAN_POINT('',(1.837948939503,0.657108789355,
    -7.945973077248));
#4566 = CARTESIAN_POINT('',(1.76979119198,0.851498584712,-7.937504481447
    ));
#4567 = CARTESIAN_POINT('',(1.67803822637,1.036631269401,-7.929066776771
    ));
#4568 = CARTESIAN_POINT('',(1.564316121917,1.209225738805,
    -7.920652991034));
#4569 = CARTESIAN_POINT('',(1.430787679295,1.3662977991,-7.912260389011)
  );
#4570 = CARTESIAN_POINT('',(1.127691766416,1.646181353236,
    -7.895418723176));
#4571 = CARTESIAN_POINT('',(0.957553679381,1.76862157708,-7.886963850358
    ));
#4572 = CARTESIAN_POINT('',(0.772657160903,1.869973199788,
    -7.878535910333));
#4573 = CARTESIAN_POINT('',(0.576227453828,1.948280881317,
    -7.870134973892));
#4574 = CARTESIAN_POINT('',(0.371700417619,2.002177207695,
    -7.861761887978));
#4575 = CARTESIAN_POINT('',(0.162713670338,2.030877209665,
    -7.853416185008));
#4576 = CARTESIAN_POINT('',(-0.244252068101,2.037628302246,
    -7.837279981952));
#4577 = CARTESIAN_POINT('',(-0.442283361381,2.018561701268,
    -7.829480669815));
#4578 = CARTESIAN_POINT('',(-0.637888998379,1.977085346584,
    -7.821709238611));
#4579 = CARTESIAN_POINT('',(-0.828070063376,1.913708552863,
    -7.813963665796));
#4580 = CARTESIAN_POINT('',(-1.009976367947,1.829390918942,
    -7.806240206995));
#4581 = CARTESIAN_POINT('',(-1.180943578442,1.725518752599,
    -7.798536934599));
#4582 = CARTESIAN_POINT('',(-1.497682273799,1.481295107762,
    -7.783103580069));
#4583 = CARTESIAN_POINT('',(-1.643288327348,1.34053497476,
    -7.775369636877));
#4584 = CARTESIAN_POINT('',(-1.772880852264,1.183616272044,
    -7.76765781322));
#4585 = CARTESIAN_POINT('',(-1.8844304132,1.01280840611,-7.759967283398)
  );
#4586 = CARTESIAN_POINT('',(-1.976301034415,0.830637477299,
    -7.752296658442));
#4587 = CARTESIAN_POINT('',(-2.04726415312,0.639846733996,
    -7.744646399807));
#4588 = CARTESIAN_POINT('',(-2.145881231977,0.24722535526,
    -7.729403874019));
#4589 = CARTESIAN_POINT('',(-2.173612918534,4.53009126886E-02,
    -7.721807501634));
#4590 = CARTESIAN_POINT('',(-2.179045215316,-0.159399886842,
    -7.714235365367));
#4591 = CARTESIAN_POINT('',(-2.161988424027,-0.363931642515,
    -7.706686951197));
#4592 = CARTESIAN_POINT('',(-2.122699726401,-0.565387780408,
    -7.699159920882));
#4593 = CARTESIAN_POINT('',(-2.061870462195,-0.760936523465,
    -7.691652882233));
#4594 = CARTESIAN_POINT('',(-1.899651199085,-1.134578882372,
    -7.676692250804));
#4595 = CARTESIAN_POINT('',(-1.7982646272,-1.312787697692,
    -7.669234849791));
#4596 = CARTESIAN_POINT('',(-1.677728127084,-1.479776492419,
    -7.661798411812));
#4597 = CARTESIAN_POINT('',(-1.539632647406,-1.633164567116,
    -7.654381464612));
#4598 = CARTESIAN_POINT('',(-1.385884949838,-1.770859212365,
    -7.646982097243));
#4599 = CARTESIAN_POINT('',(-1.218678275383,-1.89107456393,
    -7.639600447073));
#4600 = CARTESIAN_POINT('',(-0.859474429355,-2.095411345041,
    -7.624759744325));
#4601 = CARTESIAN_POINT('',(-0.667024029421,-2.178960770932,
    -7.617297714415));
#4602 = CARTESIAN_POINT('',(-0.465811135883,-2.241562796989,
    -7.609858213158));
#4603 = CARTESIAN_POINT('',(-0.258599178286,-2.282248992164,
    -7.602441751158));
#4604 = CARTESIAN_POINT('',(-4.823223018477E-02,-2.300480483148,
    -7.595047279026));
#4605 = CARTESIAN_POINT('',(0.162399591311,-2.296145502669,
    -7.587674235274));
#4606 = CARTESIAN_POINT('',(0.575413806154,-2.243536284173,
    -7.573079020345));
#4607 = CARTESIAN_POINT('',(0.777968251616,-2.195869666999,
    -7.565852812419));
#4608 = CARTESIAN_POINT('',(0.97524169496,-2.127011834638,
    -7.558648067786));
#4609 = CARTESIAN_POINT('',(1.164626139565,-2.037777012565,
    -7.551462510595));
#4610 = CARTESIAN_POINT('',(1.343687110765,-1.929336541696,
    -7.544292870526));
#4611 = CARTESIAN_POINT('',(1.510185660998,-1.8031985652,-7.537137717889
    ));
#4612 = CARTESIAN_POINT('',(1.662134713951,-1.661267044361,-7.53));
#4613 = B_SPLINE_SURFACE_WITH_KNOTS('',1,10,(
    (#4614,#4615,#4616,#4617,#4618,#4619,#4620,#4621,#4622,#4623,#4624)
    ,(#4625,#4626,#4627,#4628,#4629,#4630,#4631,#4632,#4633,#4634,#4635
    )),.UNSPECIFIED.,.F.,.F.,.F.,(2,2),(11,11),(0.,0.56),(0.,
    6.333910135482),.PIECEWISE_BEZIER_KNOTS.);
#4614 = CARTESIAN_POINT('',(2.401968228368,-2.194833323009E-08,
    -7.459999594907));
#4615 = CARTESIAN_POINT('',(2.401963594559,-1.509193078952,
    -7.539999874087));
#4616 = CARTESIAN_POINT('',(1.348491646994,-3.018414830524,
    -7.620004936766));
#4617 = CARTESIAN_POINT('',(-0.760447539445,-3.696098536531,
    -7.699984905672));
#4618 = CARTESIAN_POINT('',(-3.169477855051,-2.746269968485,
    -7.780014856542));
#4619 = CARTESIAN_POINT('',(-4.445186245926,-7.023422199204E-05,
    -7.859999694513));
#4620 = CARTESIAN_POINT('',(-3.168964072872,2.746373684676,
    -7.93998453849));
#4621 = CARTESIAN_POINT('',(-0.760942325937,3.696058814124,
    -8.020014485423));
#4622 = CARTESIAN_POINT('',(1.348663667835,3.01842126143,-8.099994455886
    ));
#4623 = CARTESIAN_POINT('',(2.401969503211,1.509193046031,
    -8.179999518299));
#4624 = CARTESIAN_POINT('',(2.401964876298,-1.097380903137E-08,
    -8.25999979746));
#4625 = CARTESIAN_POINT('',(1.916991819519,1.82887918673E-07,
    -7.180003375539));
#4626 = CARTESIAN_POINT('',(1.916988818558,-1.20453923412,
    -7.260001049367));
#4627 = CARTESIAN_POINT('',(1.076186556939,-2.40846353076,
    -7.339958865974));
#4628 = CARTESIAN_POINT('',(-0.606741053324,-2.950983171668,
    -7.420125767321));
#4629 = CARTESIAN_POINT('',(-2.529927096567,-2.190675150356,
    -7.499876220526));
#4630 = CARTESIAN_POINT('',(-3.547127411582,-4.76420480231E-05,
    -7.580002530531));
#4631 = CARTESIAN_POINT('',(-2.529580930396,2.190744707821,
    -7.660128844583));
#4632 = CARTESIAN_POINT('',(-0.607075203707,2.950956287976,
    -7.739879295134));
#4633 = CARTESIAN_POINT('',(1.07630219859,2.408468034421,-7.820046197533
    ));
#4634 = CARTESIAN_POINT('',(1.916992617204,1.204539508452,
    -7.900004013956));
#4635 = CARTESIAN_POINT('',(1.91698955881,9.144420652511E-08,
    -7.980001687774));
#4636 = ADVANCED_FACE('',(#4637),#4713,.T.);
#4637 = FACE_BOUND('',#4638,.F.);
#4638 = EDGE_LOOP('',(#4639,#4640,#4665,#4696,#4705,#4711,#4712));
#4639 = ORIENTED_EDGE('',*,*,#4367,.T.);
#4640 = ORIENTED_EDGE('',*,*,#4641,.T.);
#4641 = EDGE_CURVE('',#4034,#4642,#4644,.T.);
#4642 = VERTEX_POINT('',#4643);
#4643 = CARTESIAN_POINT('',(0.255040505766,-1.899947534573,
    -7.963011138866));
#4644 = B_SPLINE_CURVE_WITH_KNOTS('',7,(#4645,#4646,#4647,#4648,#4649,
    #4650,#4651,#4652,#4653,#4654,#4655,#4656,#4657,#4658,#4659,#4660,
    #4661,#4662,#4663,#4664),.UNSPECIFIED.,.F.,.F.,(8,6,6,8),(0.,
    0.488196391954,0.748798008608,1.),.UNSPECIFIED.);
#4645 = CARTESIAN_POINT('',(2.349999307811,-1.110223024625E-15,
    -7.530000692189));
#4646 = CARTESIAN_POINT('',(2.321684156334,-0.220878727666,
    -7.558315843648));
#4647 = CARTESIAN_POINT('',(2.26885727901,-0.437765228156,
    -7.586921826031));
#4648 = CARTESIAN_POINT('',(2.191889565121,-0.647183362368,
    -7.615799411664));
#4649 = CARTESIAN_POINT('',(2.091792558444,-0.845801967313,
    -7.644945609355));
#4650 = CARTESIAN_POINT('',(1.970094626682,-1.030437456618,
    -7.674385406941));
#4651 = CARTESIAN_POINT('',(1.828897522558,-1.198090741245,
    -7.704145457102));
#4652 = CARTESIAN_POINT('',(1.586717751669,-1.425169964603,
    -7.750283856655));
#4653 = CARTESIAN_POINT('',(1.497661714459,-1.498625524293,
    -7.766435159972));
#4654 = CARTESIAN_POINT('',(1.40425186428,-1.566112874406,
    -7.782681862113));
#4655 = CARTESIAN_POINT('',(1.306944734283,-1.627277647834,
    -7.799026033268));
#4656 = CARTESIAN_POINT('',(1.206235013828,-1.681809098834,
    -7.815469678532));
#4657 = CARTESIAN_POINT('',(1.102654396234,-1.729443929732,
    -7.832014087944));
#4658 = CARTESIAN_POINT('',(0.894705579861,-1.80903456871,
    -7.864703913953));
#4659 = CARTESIAN_POINT('',(0.790494577898,-1.841496223332,
    -7.880843160618));
#4660 = CARTESIAN_POINT('',(0.684646402662,-1.867165606647,
    -7.897076751953));
#4661 = CARTESIAN_POINT('',(0.577689540312,-1.885902193928,
    -7.913405284601));
#4662 = CARTESIAN_POINT('',(0.47016958358,-1.897617179161,
    -7.929829690261));
#4663 = CARTESIAN_POINT('',(0.362646834196,-1.902276243631,
    -7.946350799549));
#4664 = CARTESIAN_POINT('',(0.255693905312,-1.89990232452,
    -7.962968905853));
#4665 = ORIENTED_EDGE('',*,*,#4666,.F.);
#4666 = EDGE_CURVE('',#4667,#4642,#4669,.T.);
#4667 = VERTEX_POINT('',#4668);
#4668 = CARTESIAN_POINT('',(0.205787462626,-1.86870316536,-8.));
#4669 = B_SPLINE_CURVE_WITH_KNOTS('',5,(#4670,#4671,#4672,#4673,#4674,
    #4675,#4676,#4677,#4678,#4679,#4680,#4681,#4682,#4683,#4684,#4685,
    #4686,#4687,#4688,#4689,#4690,#4691,#4692,#4693,#4694,#4695),
  .UNSPECIFIED.,.F.,.F.,(6,4,4,4,4,4,6),(0.,0.146562831422,
    0.224952588597,0.39065202559,0.610660998731,0.730088967617,1.),
  .UNSPECIFIED.);
#4670 = CARTESIAN_POINT('',(0.205787462626,-1.86870316536,-8.));
#4671 = CARTESIAN_POINT('',(0.200704394592,-1.870078836548,
    -7.999188994983));
#4672 = CARTESIAN_POINT('',(0.195967329856,-1.871431134257,
    -7.998345311048));
#4673 = CARTESIAN_POINT('',(0.191614023987,-1.872761862725,
    -7.997468003188));
#4674 = CARTESIAN_POINT('',(0.187683103353,-1.874071946058,
    -7.996556929247));
#4675 = CARTESIAN_POINT('',(0.182358635189,-1.87605111328,
    -7.995107751566));
#4676 = CARTESIAN_POINT('',(0.18063523196,-1.876734887524,
    -7.994593296473));
#4677 = CARTESIAN_POINT('',(0.17904979318,-1.877412732229,
    -7.994069506543));
#4678 = CARTESIAN_POINT('',(0.177607780463,-1.87808451421,
    -7.993536604286));
#4679 = CARTESIAN_POINT('',(0.173579778862,-1.880156652657,
    -7.991849891142));
#4680 = CARTESIAN_POINT('',(0.171508082526,-1.881535268831,
    -7.990665473699));
#4681 = CARTESIAN_POINT('',(0.170146386866,-1.882883083844,
    -7.989445055583));
#4682 = CARTESIAN_POINT('',(0.16952453958,-1.8841955527,-7.988193601258)
  );
#4683 = CARTESIAN_POINT('',(0.16979919803,-1.887152055798,
    -7.985224380216));
#4684 = CARTESIAN_POINT('',(0.171260241214,-1.888764345839,
    -7.983487610417));
#4685 = CARTESIAN_POINT('',(0.174027406275,-1.890285934208,
    -7.981724344434));
#4686 = CARTESIAN_POINT('',(0.178008067573,-1.891699290054,
    -7.979950295044));
#4687 = CARTESIAN_POINT('',(0.185824846666,-1.893689268347,
    -7.977217093496));
#4688 = CARTESIAN_POINT('',(0.188895669636,-1.894353149637,
    -7.976256020117));
#4689 = CARTESIAN_POINT('',(0.192266845464,-1.894978467595,
    -7.97529742922));
#4690 = CARTESIAN_POINT('',(0.195917745915,-1.895563287075,
    -7.974342827078));
#4691 = CARTESIAN_POINT('',(0.208663076507,-1.897332632224,
    -7.971247416104));
#4692 = CARTESIAN_POINT('',(0.218819062243,-1.898344083968,
    -7.969128034495));
#4693 = CARTESIAN_POINT('',(0.230061427183,-1.899122806611,
    -7.967046614546));
#4694 = CARTESIAN_POINT('',(0.242181651243,-1.899659108646,
    -7.965007771694));
#4695 = CARTESIAN_POINT('',(0.255040505766,-1.899947534573,
    -7.963011138866));
#4696 = ORIENTED_EDGE('',*,*,#4697,.F.);
#4697 = EDGE_CURVE('',#4698,#4667,#4700,.T.);
#4698 = VERTEX_POINT('',#4699);
#4699 = CARTESIAN_POINT('',(1.88,0.,-8.));
#4700 = CIRCLE('',#4701,1.88);
#4701 = AXIS2_PLACEMENT_3D('',#4702,#4703,#4704);
#4702 = CARTESIAN_POINT('',(0.,0.,-8.));
#4703 = DIRECTION('',(0.,0.,1.));
#4704 = DIRECTION('',(1.,0.,-0.));
#4705 = ORIENTED_EDGE('',*,*,#4706,.F.);
#4706 = EDGE_CURVE('',#4451,#4698,#4707,.T.);
#4707 = LINE('',#4708,#4709);
#4708 = CARTESIAN_POINT('',(2.35,0.,-7.53));
#4709 = VECTOR('',#4710,1.);
#4710 = DIRECTION('',(-0.707106781187,0.,-0.707106781187));
#4711 = ORIENTED_EDGE('',*,*,#4462,.T.);
#4712 = ORIENTED_EDGE('',*,*,#4561,.T.);
#4713 = CONICAL_SURFACE('',#4714,2.35,0.785398163397);
#4714 = AXIS2_PLACEMENT_3D('',#4715,#4716,#4717);
#4715 = CARTESIAN_POINT('',(0.,0.,-7.53));
#4716 = DIRECTION('',(0.,0.,1.));
#4717 = DIRECTION('',(1.,0.,0.));
#4718 = ADVANCED_FACE('',(#4719),#4738,.T.);
#4719 = FACE_BOUND('',#4720,.T.);
#4720 = EDGE_LOOP('',(#4721,#4736,#4737));
#4721 = ORIENTED_EDGE('',*,*,#4722,.F.);
#4722 = EDGE_CURVE('',#4383,#4642,#4723,.T.);
#4723 = ( BOUNDED_CURVE() B_SPLINE_CURVE(11,(#4724,#4725,#4726,#4727,
    #4728,#4729,#4730,#4731,#4732,#4733,#4734,#4735),.UNSPECIFIED.,.F.,
.F.) B_SPLINE_CURVE_WITH_KNOTS((12,12),(0.,6.333910135482),
.PIECEWISE_BEZIER_KNOTS.) CURVE() GEOMETRIC_REPRESENTATION_ITEM() 
RATIONAL_B_SPLINE_CURVE((1.056590953773,1.056590953773,1.056590953773,
    1.056590953773,1.056590953773,1.056590953774,1.056590953773,
    1.056590953774,1.056590953773,1.056590953773,1.056590953773,
1.056590953773)) REPRESENTATION_ITEM('') );
#4724 = CARTESIAN_POINT('',(1.916988779259,9.14443066824E-08,
    -7.780001687776));
#4725 = CARTESIAN_POINT('',(1.916986975648,-1.095034228574,
    -7.852726845786));
#4726 = CARTESIAN_POINT('',(1.229074377532,-2.189565846187,
    -7.92541939312));
#4727 = CARTESIAN_POINT('',(-0.147711989467,-2.806061410622,
    -7.998366167034));
#4728 = CARTESIAN_POINT('',(-1.830901644408,-2.455190100367,
    -8.070458774726));
#4729 = CARTESIAN_POINT('',(-3.084135062436,-1.017145288078,
    -8.144321922602));
#4730 = CARTESIAN_POINT('',(-3.085226322027,1.017132093438,
    -8.215679764903));
#4731 = CARTESIAN_POINT('',(-1.830167952487,2.455212780135,
    -8.289542913594));
#4732 = CARTESIAN_POINT('',(-0.148020671642,2.806049412435,
    -8.361635520366));
#4733 = CARTESIAN_POINT('',(1.229136920562,2.189568236432,
    -8.434582294762));
#4734 = CARTESIAN_POINT('',(1.91698915393,1.095034320018,-8.507274841995
    ));
#4735 = CARTESIAN_POINT('',(1.916987298108,-8.060219158779E-14,-8.58));
#4736 = ORIENTED_EDGE('',*,*,#4401,.T.);
#4737 = ORIENTED_EDGE('',*,*,#4641,.T.);
#4738 = B_SPLINE_SURFACE_WITH_KNOTS('',1,10,(
    (#4739,#4740,#4741,#4742,#4743,#4744,#4745,#4746,#4747,#4748,#4749)
    ,(#4750,#4751,#4752,#4753,#4754,#4755,#4756,#4757,#4758,#4759,#4760
    )),.UNSPECIFIED.,.F.,.F.,.F.,(2,2),(11,11),(0.,0.56),(0.,
    6.333910135482),.PIECEWISE_BEZIER_KNOTS.);
#4739 = CARTESIAN_POINT('',(1.916988779259,9.144430427761E-08,
    -7.780001687776));
#4740 = CARTESIAN_POINT('',(1.916986795287,-1.204537660575,
    -7.859999361587));
#4741 = CARTESIAN_POINT('',(1.076204951363,-2.408460998545,
    -7.939957177904));
#4742 = CARTESIAN_POINT('',(-0.606797893045,-2.950974450374,
    -8.020124080454));
#4743 = CARTESIAN_POINT('',(-2.529863968273,-2.190684048345,
    -8.099874531675));
#4744 = CARTESIAN_POINT('',(-3.547122503526,-3.113194085458E-05,
    -8.180000843149));
#4745 = CARTESIAN_POINT('',(-2.529637069084,2.190729736792,
    -8.260127157278));
#4746 = CARTESIAN_POINT('',(-0.60701668304,2.950956864957,
    -8.339877606758));
#4747 = CARTESIAN_POINT('',(1.076280827463,2.408463899635,
    -8.420044509999));
#4748 = CARTESIAN_POINT('',(1.916989339512,1.20453775202,-8.500002326194
    ));
#4749 = CARTESIAN_POINT('',(1.916987298108,-7.933316382906E-14,-8.58));
#4750 = CARTESIAN_POINT('',(2.401961914002,-1.097340354157E-08,
    -7.499999797466));
#4751 = CARTESIAN_POINT('',(2.401961369898,-1.509190031832,
    -7.580000076612));
#4752 = CARTESIAN_POINT('',(1.348564937671,-3.018411595376,
    -7.660005138702));
#4753 = CARTESIAN_POINT('',(-0.76066463892,-3.696073557956,
    -7.739985110159));
#4754 = CARTESIAN_POINT('',(-3.16924446623,-2.746310254697,
    -7.820015056504));
#4755 = CARTESIAN_POINT('',(-4.445177295969,-8.160147300984E-06,
    -7.899999898539));
#4756 = CARTESIAN_POINT('',(-3.169184715972,2.74632232413,
    -7.979984741272));
#4757 = CARTESIAN_POINT('',(-0.760722161215,3.696068941342,
    -8.060014687159));
#4758 = CARTESIAN_POINT('',(1.348584949067,3.018412339142,
    -8.139994658797));
#4759 = CARTESIAN_POINT('',(2.401962061439,1.509190020858,
    -8.219999720856));
#4760 = CARTESIAN_POINT('',(2.401961524227,-8.193643442339E-14,-8.3));
#4761 = ADVANCED_FACE('',(#4762),#4815,.T.);
#4762 = FACE_BOUND('',#4763,.T.);
#4763 = EDGE_LOOP('',(#4764,#4779,#4780,#4781,#4782));
#4764 = ORIENTED_EDGE('',*,*,#4765,.F.);
#4765 = EDGE_CURVE('',#4451,#4766,#4768,.T.);
#4766 = VERTEX_POINT('',#4767);
#4767 = CARTESIAN_POINT('',(1.713681288348,-0.77310829899,-8.));
#4768 = B_SPLINE_CURVE_WITH_KNOTS('',5,(#4769,#4770,#4771,#4772,#4773,
    #4774,#4775,#4776,#4777,#4778),.UNSPECIFIED.,.F.,.F.,(6,4,6),(0.,
    0.632813215821,1.),.UNSPECIFIED.);
#4769 = CARTESIAN_POINT('',(1.90669557976,-6.661338147751E-16,
    -7.97330442024));
#4770 = CARTESIAN_POINT('',(1.902767672806,-0.101713511,-7.97723232718)
  );
#4771 = CARTESIAN_POINT('',(1.892231263387,-0.20315239884,
    -7.980986214963));
#4772 = CARTESIAN_POINT('',(1.875087006072,-0.303708115145,
    -7.984569339228));
#4773 = CARTESIAN_POINT('',(1.851432679322,-0.402777320566,
    -7.987980951343));
#4774 = CARTESIAN_POINT('',(1.804073090517,-0.556058955028,
    -7.993093902344));
#4775 = CARTESIAN_POINT('',(1.784556830267,-0.611645393239,
    -7.994912041636));
#4776 = CARTESIAN_POINT('',(1.76295203138,-0.666421491682,
    -7.996670049639));
#4777 = CARTESIAN_POINT('',(1.739307169287,-0.720277618793,
    -7.998366619489));
#4778 = CARTESIAN_POINT('',(1.713681288348,-0.77310829899,-8.));
#4779 = ORIENTED_EDGE('',*,*,#4450,.T.);
#4780 = ORIENTED_EDGE('',*,*,#4722,.T.);
#4781 = ORIENTED_EDGE('',*,*,#4666,.F.);
#4782 = ORIENTED_EDGE('',*,*,#4783,.T.);
#4783 = EDGE_CURVE('',#4667,#4766,#4784,.T.);
#4784 = B_SPLINE_CURVE_WITH_KNOTS('',8,(#4785,#4786,#4787,#4788,#4789,
    #4790,#4791,#4792,#4793,#4794,#4795,#4796,#4797,#4798,#4799,#4800,
    #4801,#4802,#4803,#4804,#4805,#4806,#4807,#4808,#4809,#4810,#4811,
    #4812,#4813,#4814),.UNSPECIFIED.,.F.,.F.,(9,7,7,7,9),(0.,
    0.126488370149,0.417864981841,0.709312882284,1.),.UNSPECIFIED.);
#4785 = CARTESIAN_POINT('',(0.124494348659,-1.88,-8.));
#4786 = CARTESIAN_POINT('',(0.162379478428,-1.875452806057,-8.));
#4787 = CARTESIAN_POINT('',(0.200443343348,-1.870129954393,-8.));
#4788 = CARTESIAN_POINT('',(0.238630271737,-1.864006793574,-8.));
#4789 = CARTESIAN_POINT('',(0.276889088611,-1.857063961455,-8.));
#4790 = CARTESIAN_POINT('',(0.315172463842,-1.84928669077,-8.));
#4791 = CARTESIAN_POINT('',(0.35343626032,-1.84066411472,-8.));
#4792 = CARTESIAN_POINT('',(0.391638882106,-1.831188572562,-8.));
#4793 = CARTESIAN_POINT('',(0.517511190194,-1.797050465308,-8.));
#4794 = CARTESIAN_POINT('',(0.604747969141,-1.768692129565,-8.));
#4795 = CARTESIAN_POINT('',(0.690960045159,-1.735721832787,-8.));
#4796 = CARTESIAN_POINT('',(0.775711715192,-1.698160508826,-8.));
#4797 = CARTESIAN_POINT('',(0.858605190171,-1.656089251752,-8.));
#4798 = CARTESIAN_POINT('',(0.939270372071,-1.609638935456,-8.));
#4799 = CARTESIAN_POINT('',(1.017361705253,-1.558988301703,-8.));
#4800 = CARTESIAN_POINT('',(1.167780897613,-1.449739368604,-8.));
#4801 = CARTESIAN_POINT('',(1.240120139129,-1.391129833368,-8.));
#4802 = CARTESIAN_POINT('',(1.309259853936,-1.32877155952,-8.));
#4803 = CARTESIAN_POINT('',(1.374923096327,-1.262938109965,-8.));
#4804 = CARTESIAN_POINT('',(1.436870880289,-1.193941159072,-8.));
#4805 = CARTESIAN_POINT('',(1.494902985649,-1.122134045846,-8.));
#4806 = CARTESIAN_POINT('',(1.54886463768,-1.047924683084,-8.));
#4807 = CARTESIAN_POINT('',(1.648323501464,-0.895869680119,-8.));
#4808 = CARTESIAN_POINT('',(1.693786229115,-0.818121020139,-8.));
#4809 = CARTESIAN_POINT('',(1.735036059657,-0.738933040078,-8.));
#4810 = CARTESIAN_POINT('',(1.772052948923,-0.658825576372,-8.));
#4811 = CARTESIAN_POINT('',(1.804846981629,-0.578435441588,-8.));
#4812 = CARTESIAN_POINT('',(1.833531620665,-0.49872106771,-8.));
#4813 = CARTESIAN_POINT('',(1.858374060229,-0.420825835108,-8.));
#4814 = CARTESIAN_POINT('',(1.88,-0.346843760732,-8.));
#4815 = ( BOUNDED_SURFACE() B_SPLINE_SURFACE(6,11,(
    (#4816,#4817,#4818,#4819,#4820,#4821,#4822,#4823,#4824,#4825,#4826
      ,#4827)
    ,(#4828,#4829,#4830,#4831,#4832,#4833,#4834,#4835,#4836,#4837,#4838
      ,#4839)
    ,(#4840,#4841,#4842,#4843,#4844,#4845,#4846,#4847,#4848,#4849,#4850
      ,#4851)
    ,(#4852,#4853,#4854,#4855,#4856,#4857,#4858,#4859,#4860,#4861,#4862
      ,#4863)
    ,(#4864,#4865,#4866,#4867,#4868,#4869,#4870,#4871,#4872,#4873,#4874
      ,#4875)
    ,(#4876,#4877,#4878,#4879,#4880,#4881,#4882,#4883,#4884,#4885,#4886
      ,#4887)
    ,(#4888,#4889,#4890,#4891,#4892,#4893,#4894,#4895,#4896,#4897,#4898
,#4899
    )),.UNSPECIFIED.,.F.,.F.,.F.) B_SPLINE_SURFACE_WITH_KNOTS((7,7),(12,
    12),(0.,2.094395102393),(0.,6.333910135482),
.PIECEWISE_BEZIER_KNOTS.) GEOMETRIC_REPRESENTATION_ITEM() 
RATIONAL_B_SPLINE_SURFACE((
    (1.056590953773,1.056590953773,1.056590953773,1.056590953773
      ,1.056590953773,1.056590953774,1.056590953773,1.056590953774
      ,1.056590953773,1.056590953773,1.056590953773,1.056590953773)
    ,(1.017435169568,1.017435169568,1.017435169568,1.017435169568
      ,1.017435169568,1.017435169569,1.017435169568,1.017435169568
      ,1.017435169568,1.017435169568,1.017435169568,1.017435169568)
    ,(0.996326512422,0.996326512422,0.996326512422,0.996326512422
      ,0.996326512422,0.996326512423,0.996326512421,0.996326512423
      ,0.996326512422,0.996326512422,0.996326512422,0.996326512422)
    ,(0.989390034249,0.989390034249,0.989390034248,0.989390034249
      ,0.989390034248,0.989390034249,0.989390034248,0.989390034249
      ,0.989390034248,0.989390034249,0.989390034249,0.989390034249)
    ,(0.996326512422,0.996326512422,0.996326512422,0.996326512423
      ,0.996326512421,0.996326512423,0.996326512421,0.996326512423
      ,0.996326512422,0.996326512422,0.996326512422,0.996326512422)
    ,(1.017435169568,1.017435169568,1.017435169568,1.017435169568
      ,1.017435169568,1.017435169568,1.017435169568,1.017435169568
      ,1.017435169568,1.017435169568,1.017435169568,1.017435169568)
    ,(1.056590953773,1.056590953773,1.056590953773,1.056590953773
      ,1.056590953773,1.056590953774,1.056590953773,1.056590953774
      ,1.056590953773,1.056590953773,1.056590953773,1.056590953773
))) REPRESENTATION_ITEM('') SURFACE() );
#4816 = CARTESIAN_POINT('',(1.91698955881,9.144419393925E-08,
    -7.980001687774));
#4817 = CARTESIAN_POINT('',(1.916986778451,-1.095034451165,
    -8.052726845788));
#4818 = CARTESIAN_POINT('',(1.229058141312,-2.189565678215,
    -8.125419393179));
#4819 = CARTESIAN_POINT('',(-0.147630822834,-2.806065135374,
    -8.198366166769));
#4820 = CARTESIAN_POINT('',(-1.831095123792,-2.45518461104,
    -8.270458775275));
#4821 = CARTESIAN_POINT('',(-3.083848529323,-1.017148924486,
    -8.344321921914));
#4822 = CARTESIAN_POINT('',(-3.085514109745,1.01712886277,
    -8.415679765448));
#4823 = CARTESIAN_POINT('',(-1.829975217099,2.455219273435,
    -8.489542913331));
#4824 = CARTESIAN_POINT('',(-0.148101898668,2.806046826094,
    -8.561635520431));
#4825 = CARTESIAN_POINT('',(1.229153656677,2.189569295618,
    -8.634582294756));
#4826 = CARTESIAN_POINT('',(1.916990130679,1.095034542609,
    -8.707274841995));
#4827 = CARTESIAN_POINT('',(1.916987298108,-7.904787935331E-14,-8.78));
#4828 = CARTESIAN_POINT('',(1.880740439457,9.909935028141E-08,
    -7.959073437344));
#4829 = CARTESIAN_POINT('',(1.880737765677,-1.074333481274,
    -8.031798418327));
#4830 = CARTESIAN_POINT('',(1.205814791212,-2.14812437132,
    -8.104488058716));
#4831 = CARTESIAN_POINT('',(-0.144831011309,-2.753128865516,
    -8.177453207618));
#4832 = CARTESIAN_POINT('',(-1.796479163111,-2.408500518131,
    -8.249492685836));
#4833 = CARTESIAN_POINT('',(-3.025539539814,-0.998281801865,
    -8.323450920961));
#4834 = CARTESIAN_POINT('',(-3.027145026369,0.998262446411,
    -8.394694124265));
#4835 = CARTESIAN_POINT('',(-1.795399680409,2.40853391934,
    -8.468652360589));
#4836 = CARTESIAN_POINT('',(-0.145285105191,2.753111216045,
    -8.540691837452));
#4837 = CARTESIAN_POINT('',(1.205906847548,2.148127865219,
    -8.613656987064));
#4838 = CARTESIAN_POINT('',(1.88074099069,1.074333580373,-8.686346627306
    ));
#4839 = CARTESIAN_POINT('',(1.880738260328,-7.693845560652E-14,
    -8.75907160828));
#4840 = CARTESIAN_POINT('',(1.855195500895,1.044939779149E-07,
    -7.923651555901));
#4841 = CARTESIAN_POINT('',(1.855193003188,-1.059745425634,
    -7.996376412128));
#4842 = CARTESIAN_POINT('',(1.189436814298,-2.118920581306,
    -8.069064003939));
#4843 = CARTESIAN_POINT('',(-0.142866366195,-2.715824139873,
    -8.14204210201));
#4844 = CARTESIAN_POINT('',(-1.772065197054,-2.375602671897,
    -8.214044139079));
#4845 = CARTESIAN_POINT('',(-2.984478646779,-0.984985710755,
    -8.288069383459));
#4846 = CARTESIAN_POINT('',(-2.985982418378,0.984967562845,
    -8.359231799338));
#4847 = CARTESIAN_POINT('',(-1.771054123665,2.375633945716,
    -8.433257044841));
#4848 = CARTESIAN_POINT('',(-0.143291706469,2.715807607741,
    -8.505259080641));
#4849 = CARTESIAN_POINT('',(1.189523024747,2.118923861324,
    -8.578237179376));
#4850 = CARTESIAN_POINT('',(1.855196017202,1.059745530128,
    -8.650924771049));
#4851 = CARTESIAN_POINT('',(1.855193459832,-8.11573031001E-14,
    -8.723649627269));
#4852 = CARTESIAN_POINT('',(1.845962377678,1.064438341913E-07,
    -7.88000196462));
#4853 = CARTESIAN_POINT('',(1.845960094258,-1.054472661407,
    -7.952726775755));
#4854 = CARTESIAN_POINT('',(1.18351963659,-2.108365143175,
    -8.025413627116));
#4855 = CARTESIAN_POINT('',(-0.142168780352,-2.702340086372,
    -8.098396405605));
#4856 = CARTESIAN_POINT('',(-1.763211133607,-2.363712868973,
    -8.17038490976));
#4857 = CARTESIAN_POINT('',(-2.96968172561,-0.980179389707,
    -8.244434374262));
#4858 = CARTESIAN_POINT('',(-2.971060153827,0.980162737385,
    -8.315567590017));
#4859 = CARTESIAN_POINT('',(-1.762284353347,2.363741525746,
    -8.389617055548));
#4860 = CARTESIAN_POINT('',(-0.142558681375,2.702324931473,
    -8.46160555854));
#4861 = CARTESIAN_POINT('',(1.183598648663,2.108368156618,
    -8.534588337637));
#4862 = CARTESIAN_POINT('',(1.845962850948,1.054472767851,
    -8.607275188872));
#4863 = CARTESIAN_POINT('',(1.845960506751,-7.771561172376E-14,-8.68));
#4864 = CARTESIAN_POINT('',(1.855195160624,1.044940248773E-07,
    -7.836352301364));
#4865 = CARTESIAN_POINT('',(1.855193089264,-1.059745328474,
    -7.90907715759));
#4866 = CARTESIAN_POINT('',(1.189443901347,-2.118920654626,
    -7.981764749376));
#4867 = CARTESIAN_POINT('',(-0.142901795128,-2.715822514032,
    -8.054742847588));
#4868 = CARTESIAN_POINT('',(-1.771980744024,-2.375605067968,
    -8.126744884302));
#4869 = CARTESIAN_POINT('',(-2.984603717415,-0.984984123476,
    -8.200770129221));
#4870 = CARTESIAN_POINT('',(-2.985856800112,0.98496897302,
    -8.271932544563));
#4871 = CARTESIAN_POINT('',(-1.771138251944,2.375631111414,
    -8.345957790419));
#4872 = CARTESIAN_POINT('',(-0.143256251174,2.71580873667,
    -8.417959826075));
#4873 = CARTESIAN_POINT('',(1.189515719495,2.118923398993,
    -8.490937924841));
#4874 = CARTESIAN_POINT('',(1.855195590855,1.059745432968,
    -8.563625516511));
#4875 = CARTESIAN_POINT('',(1.855193459832,-7.960299086562E-14,
    -8.636350372731));
#4876 = CARTESIAN_POINT('',(1.880739823053,9.909943848863E-08,
    -7.800930220785));
#4877 = CARTESIAN_POINT('',(1.880737921605,-1.074333305267,
    -7.873655201765));
#4878 = CARTESIAN_POINT('',(1.205827629452,-2.148124504138,
    -7.946344842109));
#4879 = CARTESIAN_POINT('',(-0.144895191072,-2.753125920295,
    -8.019309991268));
#4880 = CARTESIAN_POINT('',(-1.796326175849,-2.408504858632,
    -8.091349468843));
#4881 = CARTESIAN_POINT('',(-3.025766106157,-0.998278926498,
    -8.165307704945));
#4882 = CARTESIAN_POINT('',(-3.026917467991,0.99826500095,
    -8.236550907275));
#4883 = CARTESIAN_POINT('',(-1.795552079381,2.408528784985,
    -8.310509144238));
#4884 = CARTESIAN_POINT('',(-0.145220877674,2.753113261106,
    -8.382548620841));
#4885 = CARTESIAN_POINT('',(1.205893614033,2.148127027705,
    -8.455513770508));
#4886 = CARTESIAN_POINT('',(1.880740218359,1.074333404366,
    -8.528203410746));
#4887 = CARTESIAN_POINT('',(1.880738260328,-7.943645741193E-14,
    -8.60092839172));
#4888 = CARTESIAN_POINT('',(1.916988779259,9.14443066824E-08,
    -7.780001687776));
#4889 = CARTESIAN_POINT('',(1.916986975648,-1.095034228574,
    -7.852726845786));
#4890 = CARTESIAN_POINT('',(1.229074377532,-2.189565846187,
    -7.92541939312));
#4891 = CARTESIAN_POINT('',(-0.147711989467,-2.806061410622,
    -7.998366167034));
#4892 = CARTESIAN_POINT('',(-1.830901644408,-2.455190100367,
    -8.070458774726));
#4893 = CARTESIAN_POINT('',(-3.084135062436,-1.017145288078,
    -8.144321922602));
#4894 = CARTESIAN_POINT('',(-3.085226322027,1.017132093438,
    -8.215679764903));
#4895 = CARTESIAN_POINT('',(-1.830167952487,2.455212780135,
    -8.289542913594));
#4896 = CARTESIAN_POINT('',(-0.148020671642,2.806049412435,
    -8.361635520366));
#4897 = CARTESIAN_POINT('',(1.229136920562,2.189568236432,
    -8.434582294762));
#4898 = CARTESIAN_POINT('',(1.91698915393,1.095034320018,-8.507274841995
    ));
#4899 = CARTESIAN_POINT('',(1.916987298108,-8.060219158779E-14,-8.58));
#4900 = ADVANCED_FACE('',(#4901),#4912,.T.);
#4901 = FACE_BOUND('',#4902,.F.);
#4902 = EDGE_LOOP('',(#4903,#4904,#4905));
#4903 = ORIENTED_EDGE('',*,*,#4765,.F.);
#4904 = ORIENTED_EDGE('',*,*,#4706,.T.);
#4905 = ORIENTED_EDGE('',*,*,#4906,.F.);
#4906 = EDGE_CURVE('',#4766,#4698,#4907,.T.);
#4907 = CIRCLE('',#4908,1.88);
#4908 = AXIS2_PLACEMENT_3D('',#4909,#4910,#4911);
#4909 = CARTESIAN_POINT('',(0.,0.,-8.));
#4910 = DIRECTION('',(0.,0.,1.));
#4911 = DIRECTION('',(1.,0.,-0.));
#4912 = CONICAL_SURFACE('',#4913,2.35,0.785398163397);
#4913 = AXIS2_PLACEMENT_3D('',#4914,#4915,#4916);
#4914 = CARTESIAN_POINT('',(0.,0.,-7.53));
#4915 = DIRECTION('',(0.,0.,1.));
#4916 = DIRECTION('',(1.,0.,0.));
#4917 = ADVANCED_FACE('',(#4918),#4923,.F.);
#4918 = FACE_BOUND('',#4919,.F.);
#4919 = EDGE_LOOP('',(#4920,#4921,#4922));
#4920 = ORIENTED_EDGE('',*,*,#4906,.T.);
#4921 = ORIENTED_EDGE('',*,*,#4697,.T.);
#4922 = ORIENTED_EDGE('',*,*,#4783,.T.);
#4923 = PLANE('',#4924);
#4924 = AXIS2_PLACEMENT_3D('',#4925,#4926,#4927);
#4925 = CARTESIAN_POINT('',(0.,0.,-8.));
#4926 = DIRECTION('',(0.,0.,1.));
#4927 = DIRECTION('',(1.,0.,-0.));
#4928 = ( GEOMETRIC_REPRESENTATION_CONTEXT(3) 
GLOBAL_UNCERTAINTY_ASSIGNED_CONTEXT((#4932)) 
GLOBAL_UNIT_ASSIGNED_CONTEXT((#4929,#4930,#4931)) REPRESENTATION_CONTEXT
('Context #1','3D Context with UNIT and UNCERTAINTY') );
#4929 = ( LENGTH_UNIT() NAMED_UNIT(*) SI_UNIT(.MILLI.,.METRE.) );
#4930 = ( NAMED_UNIT(*) PLANE_ANGLE_UNIT() SI_UNIT($,.RADIAN.) );
#4931 = ( NAMED_UNIT(*) SI_UNIT($,.STERADIAN.) SOLID_ANGLE_UNIT() );
#4932 = UNCERTAINTY_MEASURE_WITH_UNIT(LENGTH_MEASURE(2.E-05),#4929,
  'distance_accuracy_value','confusion accuracy');
#4933 = PRODUCT_RELATED_PRODUCT_CATEGORY('part',$,(#7));
#4934 = MECHANICAL_DESIGN_GEOMETRIC_PRESENTATION_REPRESENTATION('',(
    #4935),#4928);
#4935 = STYLED_ITEM('color',(#4936),#15);
#4936 = PRESENTATION_STYLE_ASSIGNMENT((#4937,#4943));
#4937 = SURFACE_STYLE_USAGE(.BOTH.,#4938);
#4938 = SURFACE_SIDE_STYLE('',(#4939));
#4939 = SURFACE_STYLE_FILL_AREA(#4940);
#4940 = FILL_AREA_STYLE('',(#4941));
#4941 = FILL_AREA_STYLE_COLOUR('',#4942);
#4942 = COLOUR_RGB('',0.447059003357,0.474510015008,0.501960993452);
#4943 = CURVE_STYLE('',#4944,POSITIVE_LENGTH_MEASURE(0.1),#4945);
#4944 = DRAUGHTING_PRE_DEFINED_CURVE_FONT('continuous');
#4945 = COLOUR_RGB('',9.803921802644E-02,9.803921802644E-02,
  9.803921802644E-02);
ENDSEC;
END-ISO-10303-21;
