ISO-10303-21;
HEADER;
FILE_DESCRIPTION(('FreeCAD Model'),'2;1');
FILE_NAME('Open CASCADE Shape Model','2026-02-05T18:08:59',(''),(''),
  'Open CASCADE STEP processor 7.8','FreeCAD','Unknown');
FILE_SCHEMA(('AUTOMOTIVE_DESIGN { 1 0 10303 214 1 1 1 1 }'));
ENDSEC;
DATA;
#1 = APPLICATION_PROTOCOL_DEFINITION('international standard',
  'automotive_design',2000,#2);
#2 = APPLICATION_CONTEXT(
  'core data for automotive mechanical design processes');
#3 = SHAPE_DEFINITION_REPRESENTATION(#4,#10);
#4 = PRODUCT_DEFINITION_SHAPE('','',#5);
#5 = PRODUCT_DEFINITION('design','',#6,#9);
#6 = PRODUCT_DEFINITION_FORMATION('','',#7);
#7 = PRODUCT('design6-rotor','design6-rotor','',(#8));
#8 = PRODUCT_CONTEXT('',#2,'mechanical');
#9 = PRODUCT_DEFINITION_CONTEXT('part definition',#2,'design');
#10 = ADVANCED_BREP_SHAPE_REPRESENTATION('',(#11,#15),#5254);
#11 = AXIS2_PLACEMENT_3D('',#12,#13,#14);
#12 = CARTESIAN_POINT('',(0.,0.,0.));
#13 = DIRECTION('',(0.,0.,1.));
#14 = DIRECTION('',(1.,0.,-0.));
#15 = MANIFOLD_SOLID_BREP('',#16);
#16 = CLOSED_SHELL('',(#17,#45,#71,#702,#726,#918,#1099,#1119,#1721,
    #2345,#2526,#2696,#2727,#2751,#2775,#2792,#2984,#3597,#3767,#3798,
    #3822,#3846,#3863,#4055,#4668,#4838,#4858,#4885,#4911,#4938,#4950,
    #4977,#4989,#5016,#5041,#5050,#5074,#5083,#5092,#5101,#5121,#5141,
    #5166,#5191,#5200,#5220,#5245));
#17 = ADVANCED_FACE('',(#18,#29),#40,.T.);
#18 = FACE_BOUND('',#19,.F.);
#19 = EDGE_LOOP('',(#20));
#20 = ORIENTED_EDGE('',*,*,#21,.T.);
#21 = EDGE_CURVE('',#22,#22,#24,.T.);
#22 = VERTEX_POINT('',#23);
#23 = CARTESIAN_POINT('',(5.75,0.,23.8));
#24 = CIRCLE('',#25,5.75);
#25 = AXIS2_PLACEMENT_3D('',#26,#27,#28);
#26 = CARTESIAN_POINT('',(0.,0.,23.8));
#27 = DIRECTION('',(0.,0.,1.));
#28 = DIRECTION('',(1.,0.,0.));
#29 = FACE_BOUND('',#30,.F.);
#30 = EDGE_LOOP('',(#31));
#31 = ORIENTED_EDGE('',*,*,#32,.F.);
#32 = EDGE_CURVE('',#33,#33,#35,.T.);
#33 = VERTEX_POINT('',#34);
#34 = CARTESIAN_POINT('',(5.108815909778,0.,23.8));
#35 = CIRCLE('',#36,5.108815909778);
#36 = AXIS2_PLACEMENT_3D('',#37,#38,#39);
#37 = CARTESIAN_POINT('',(0.,0.,23.8));
#38 = DIRECTION('',(0.,0.,1.));
#39 = DIRECTION('',(1.,0.,0.));
#40 = PLANE('',#41);
#41 = AXIS2_PLACEMENT_3D('',#42,#43,#44);
#42 = CARTESIAN_POINT('',(-6.1E-16,-2.8E-16,23.8));
#43 = DIRECTION('',(-0.,-0.,-1.));
#44 = DIRECTION('',(-1.,-0.,-0.));
#45 = ADVANCED_FACE('',(#46),#66,.T.);
#46 = FACE_BOUND('',#47,.T.);
#47 = EDGE_LOOP('',(#48,#57,#58,#59));
#48 = ORIENTED_EDGE('',*,*,#49,.F.);
#49 = EDGE_CURVE('',#22,#50,#52,.T.);
#50 = VERTEX_POINT('',#51);
#51 = CARTESIAN_POINT('',(6.75,0.,24.8));
#52 = CIRCLE('',#53,1.);
#53 = AXIS2_PLACEMENT_3D('',#54,#55,#56);
#54 = CARTESIAN_POINT('',(5.75,0.,24.8));
#55 = DIRECTION('',(0.,-1.,0.));
#56 = DIRECTION('',(1.,0.,0.));
#57 = ORIENTED_EDGE('',*,*,#21,.T.);
#58 = ORIENTED_EDGE('',*,*,#49,.T.);
#59 = ORIENTED_EDGE('',*,*,#60,.F.);
#60 = EDGE_CURVE('',#50,#50,#61,.T.);
#61 = CIRCLE('',#62,6.75);
#62 = AXIS2_PLACEMENT_3D('',#63,#64,#65);
#63 = CARTESIAN_POINT('',(0.,0.,24.8));
#64 = DIRECTION('',(0.,0.,1.));
#65 = DIRECTION('',(1.,0.,0.));
#66 = TOROIDAL_SURFACE('',#67,5.75,1.);
#67 = AXIS2_PLACEMENT_3D('',#68,#69,#70);
#68 = CARTESIAN_POINT('',(0.,0.,24.8));
#69 = DIRECTION('',(0.,0.,1.));
#70 = DIRECTION('',(1.,0.,0.));
#71 = ADVANCED_FACE('',(#72,#363,#399,#530,#566),#697,.T.);
#72 = FACE_BOUND('',#73,.F.);
#73 = EDGE_LOOP('',(#74,#101,#109,#134,#159,#165,#166,#167,#244,#245,
    #324,#332,#339,#340));
#74 = ORIENTED_EDGE('',*,*,#75,.T.);
#75 = EDGE_CURVE('',#76,#78,#80,.T.);
#76 = VERTEX_POINT('',#77);
#77 = CARTESIAN_POINT('',(3.159962477875,4.014304066513,9.3));
#78 = VERTEX_POINT('',#79);
#79 = CARTESIAN_POINT('',(5.108815909778,-1.251299010269E-15,13.));
#80 = ( BOUNDED_CURVE() B_SPLINE_CURVE(7,(#81,#82,#83,#84,#85,#86,#87,
    #88,#89,#90,#91,#92,#93,#94,#95,#96,#97,#98,#99,#100),
.UNSPECIFIED.,.F.,.F.) B_SPLINE_CURVE_WITH_KNOTS((8,6,6,8),(
    16.058737162463,18.290140515595,20.259544158749,21.41347103531),
.UNSPECIFIED.) CURVE() GEOMETRIC_REPRESENTATION_ITEM() 
RATIONAL_B_SPLINE_CURVE((1.080016620298,1.08001731429,1.077983744959,
    1.073785862936,1.069289856152,1.064838136004,1.060486437786,
    1.052719772544,1.049250278243,1.046015042262,1.042998518718,
    1.04024885872,1.037837299387,1.034659704342,1.033623769131,
    1.032756643982,1.032083951619,1.03162530947,1.031393471788,
1.031393471788)) REPRESENTATION_ITEM('') );
#81 = CARTESIAN_POINT('',(3.159962477875,4.014304066513,9.3));
#82 = CARTESIAN_POINT('',(3.159944662569,4.014318090288,9.694536056381)
  );
#83 = CARTESIAN_POINT('',(3.226756816842,3.961536964463,10.091351282925)
  );
#84 = CARTESIAN_POINT('',(3.365035340988,3.85395315296,10.457286244687)
  );
#85 = CARTESIAN_POINT('',(3.51836975801,3.716886095451,10.774441299993)
  );
#86 = CARTESIAN_POINT('',(3.679058856998,3.558214483622,11.0634745445));
#87 = CARTESIAN_POINT('',(3.843065776084,3.376270350307,11.327611751218)
  );
#88 = CARTESIAN_POINT('',(4.1496561321,2.989044822292,11.78658597828));
#89 = CARTESIAN_POINT('',(4.292614532269,2.788641283682,11.985624962005)
  );
#90 = CARTESIAN_POINT('',(4.431057545793,2.569755338661,12.169535357259)
  );
#91 = CARTESIAN_POINT('',(4.564196065275,2.330221150469,12.340224280114)
  );
#92 = CARTESIAN_POINT('',(4.688981259143,2.06578666654,12.495726176654)
  );
#93 = CARTESIAN_POINT('',(4.800946022358,1.777627662904,12.632540019876)
  );
#94 = CARTESIAN_POINT('',(4.950902592311,1.275236982122,12.813320987017)
  );
#95 = CARTESIAN_POINT('',(5.00047252337,1.079124939692,12.872453936308)
  );
#96 = CARTESIAN_POINT('',(5.042360716245,0.874123310142,12.921997402773)
  );
#97 = CARTESIAN_POINT('',(5.075081716507,0.661843509148,12.960462615609)
  );
#98 = CARTESIAN_POINT('',(5.097482272863,0.444121936124,12.986712805212)
  );
#99 = CARTESIAN_POINT('',(5.108815909778,0.222883124632,13.));
#100 = CARTESIAN_POINT('',(5.108815909778,0.,13.));
#101 = ORIENTED_EDGE('',*,*,#102,.T.);
#102 = EDGE_CURVE('',#78,#103,#105,.T.);
#103 = VERTEX_POINT('',#104);
#104 = CARTESIAN_POINT('',(5.108815909778,0.,15.8));
#105 = LINE('',#106,#107);
#106 = CARTESIAN_POINT('',(5.108815909778,0.,5.));
#107 = VECTOR('',#108,1.);
#108 = DIRECTION('',(0.,0.,1.));
#109 = ORIENTED_EDGE('',*,*,#110,.T.);
#110 = EDGE_CURVE('',#103,#111,#113,.T.);
#111 = VERTEX_POINT('',#112);
#112 = CARTESIAN_POINT('',(3.159962477878,4.014304066511,19.5));
#113 = ( BOUNDED_CURVE() B_SPLINE_CURVE(7,(#114,#115,#116,#117,#118,#119
    ,#120,#121,#122,#123,#124,#125,#126,#127,#128,#129,#130,#131,#132,
#133),.UNSPECIFIED.,.F.,.F.) B_SPLINE_CURVE_WITH_KNOTS((8,6,6,8),(
    7.700635303651E-16,1.148992571595,3.122148029198,5.353500548395),
.UNSPECIFIED.) CURVE() GEOMETRIC_REPRESENTATION_ITEM() 
RATIONAL_B_SPLINE_CURVE((1.031393471788,1.031393471788,1.031623405983,
    1.0320782357,1.032745400105,1.033605615505,1.034633674649,
    1.037800872141,1.040212073572,1.04296991439,1.045984069817,
    1.049230523473,1.052705528109,1.060479091224,1.064831343869,
    1.069301800921,1.073771676664,1.077985301683,1.080015925975,
1.080016620298)) REPRESENTATION_ITEM('') );
#114 = CARTESIAN_POINT('',(5.108815909778,0.,15.8));
#115 = CARTESIAN_POINT('',(5.108815909778,0.221962454753,15.8));
#116 = CARTESIAN_POINT('',(5.097575412207,0.442283311155,15.813177939127
    ));
#117 = CARTESIAN_POINT('',(5.075360774586,0.659116976232,15.839210369755
    ));
#118 = CARTESIAN_POINT('',(5.042907116857,0.870568366509,15.877360380529
    ));
#119 = CARTESIAN_POINT('',(5.001348587468,1.07482762305,15.926510016621)
  );
#120 = CARTESIAN_POINT('',(4.952147069,1.270302074626,15.985194486917));
#121 = CARTESIAN_POINT('',(4.802640301993,1.77323204441,16.165390938478)
  );
#122 = CARTESIAN_POINT('',(4.69064747778,2.062222815562,16.302196624051)
  );
#123 = CARTESIAN_POINT('',(4.565504318087,2.327869996001,16.458103589183
    ));
#124 = CARTESIAN_POINT('',(4.432328240593,2.567679328033,16.628786995202
    ));
#125 = CARTESIAN_POINT('',(4.293459499194,2.787440025196,16.813207008576
    ));
#126 = CARTESIAN_POINT('',(4.150238367187,2.988275935413,17.012566779));
#127 = CARTESIAN_POINT('',(3.84332613182,3.375979078622,17.471970048149)
  );
#128 = CARTESIAN_POINT('',(3.679295032833,3.558015061681,17.735994780933
    ));
#129 = CARTESIAN_POINT('',(3.517960135925,3.717271203264,18.026493983386
    ));
#130 = CARTESIAN_POINT('',(3.365532789654,3.853480856452,18.341534256301
    ));
#131 = CARTESIAN_POINT('',(3.226731000883,3.961581617938,18.708771007047
    ));
#132 = CARTESIAN_POINT('',(3.159980306832,4.014290031992,19.105104777285
    ));
#133 = CARTESIAN_POINT('',(3.159962477878,4.014304066511,19.5));
#134 = ORIENTED_EDGE('',*,*,#135,.T.);
#135 = EDGE_CURVE('',#111,#136,#138,.T.);
#136 = VERTEX_POINT('',#137);
#137 = CARTESIAN_POINT('',(5.108815909778,0.,23.2));
#138 = ( BOUNDED_CURVE() B_SPLINE_CURVE(7,(#139,#140,#141,#142,#143,#144
    ,#145,#146,#147,#148,#149,#150,#151,#152,#153,#154,#155,#156,#157,
#158),.UNSPECIFIED.,.F.,.F.) B_SPLINE_CURVE_WITH_KNOTS((8,6,6,8),(
    5.353500548395,7.584248764386,9.553074142052,10.70666223792),
.UNSPECIFIED.) CURVE() GEOMETRIC_REPRESENTATION_ITEM() 
RATIONAL_B_SPLINE_CURVE((1.080016620298,1.080017314433,1.077983741705,
    1.073785872198,1.069289846061,1.064838138869,1.060486438737,
    1.052719772153,1.049250276917,1.046015044907,1.042998516059,
    1.040248858801,1.037837299317,1.034659704342,1.033624193228,
    1.032756519639,1.03208293956,1.031624254039,1.031393471788,
1.031393471788)) REPRESENTATION_ITEM('') );
#139 = CARTESIAN_POINT('',(3.159962477877,4.014304066512,19.5));
#140 = CARTESIAN_POINT('',(3.159944658678,4.014318093351,19.894536099432
    ));
#141 = CARTESIAN_POINT('',(3.22675690396,3.961536883649,20.291351481374)
  );
#142 = CARTESIAN_POINT('',(3.365035089702,3.853953388978,20.657285609739
    ));
#143 = CARTESIAN_POINT('',(3.518370036369,3.716885834471,20.974441984494
    ));
#144 = CARTESIAN_POINT('',(3.679058776255,3.558214551942,21.263474329333
    ));
#145 = CARTESIAN_POINT('',(3.843065747366,3.376270385915,21.527611707414
    ));
#146 = CARTESIAN_POINT('',(4.149656144626,2.989044807061,21.986585997667
    ));
#147 = CARTESIAN_POINT('',(4.292614576202,2.788641212563,22.185625019156
    ));
#148 = CARTESIAN_POINT('',(4.431057465212,2.569755467274,22.369535251976
    ));
#149 = CARTESIAN_POINT('',(4.564196152313,2.330221020631,22.540224393734
    ));
#150 = CARTESIAN_POINT('',(4.688981267269,2.065786619741,22.695726184894
    ));
#151 = CARTESIAN_POINT('',(4.800946025684,1.777627651761,22.832540023886
    ));
#152 = CARTESIAN_POINT('',(4.950902592311,1.275236982122,23.013320987017
    ));
#153 = CARTESIAN_POINT('',(5.000455238486,1.079105900296,23.072434147414
    ));
#154 = CARTESIAN_POINT('',(5.042370541208,0.874141137258,23.122009526651
    ));
#155 = CARTESIAN_POINT('',(5.075132601577,0.661768201495,23.160522626756
    ));
#156 = CARTESIAN_POINT('',(5.097533393388,0.443705851728,23.186772795309
    ));
#157 = CARTESIAN_POINT('',(5.108815909772,0.222157902916,23.199999999995
    ));
#158 = CARTESIAN_POINT('',(5.108815909778,0.,23.2));
#159 = ORIENTED_EDGE('',*,*,#160,.T.);
#160 = EDGE_CURVE('',#136,#33,#161,.T.);
#161 = LINE('',#162,#163);
#162 = CARTESIAN_POINT('',(5.108815909778,0.,5.));
#163 = VECTOR('',#164,1.);
#164 = DIRECTION('',(0.,0.,1.));
#165 = ORIENTED_EDGE('',*,*,#32,.T.);
#166 = ORIENTED_EDGE('',*,*,#160,.F.);
#167 = ORIENTED_EDGE('',*,*,#168,.T.);
#168 = EDGE_CURVE('',#136,#103,#169,.T.);
#169 = ( BOUNDED_CURVE() B_SPLINE_CURVE(13,(#170,#171,#172,#173,#174,
    #175,#176,#177,#178,#179,#180,#181,#182,#183,#184,#185,#186,#187,
    #188,#189,#190,#191,#192,#193,#194,#195,#196,#197,#198,#199,#200,
    #201,#202,#203,#204,#205,#206,#207,#208,#209,#210,#211,#212,#213,
    #214,#215,#216,#217,#218,#219,#220,#221,#222,#223,#224,#225,#226,
    #227,#228,#229,#230,#231,#232,#233,#234,#235,#236,#237,#238,#239,
    #240,#241,#242,#243),.UNSPECIFIED.,.F.,.F.) 
B_SPLINE_CURVE_WITH_KNOTS((14,12,12,12,12,12,14),(10.70666223792,
    11.85548517693,13.828349328554,16.059321326671,18.289791303354,
19.705224800167,21.413471035312),.UNSPECIFIED.) CURVE() 
GEOMETRIC_REPRESENTATION_ITEM() RATIONAL_B_SPLINE_CURVE((1.031393471788,
    1.031393471787,1.031455095302,1.031577987191,1.031761307167,
    1.032003766725,1.032303666233,1.032658931766,1.033067152284,
    1.033525616418,1.03403134963,1.034581151077,1.035171630672,
    1.036877044706,1.038065113659,1.039355750942,1.040739913888,
    1.042208747991,1.043754545703,1.045371201635,1.047054230203,
    1.048800412386,1.050607137529,1.052471506849,1.054389264697,
    1.058574978575,1.060857387253,1.063187565021,1.065551724441,
    1.067933511734,1.070306200201,1.072623041194,1.074809672522,
    1.076762484505,1.078356843573,1.079469073556,1.080016094656,
    1.080017145553,1.079469977842,1.078359141398,1.076766439393,
    1.07481399452,1.072626192208,1.070307745763,1.067934601711,
    1.065554405257,1.063193243817,1.060865388568,1.058582752237,
    1.05495074338,1.053564680137,1.052205074584,1.050873887498,
    1.049572685511,1.048302767578,1.047065291928,1.045861402362,
    1.044692355288,1.043559646054,1.042465135846,1.041411178204,
    1.039181283707,1.038022209062,1.036958227567,1.035846671498,
    1.035152435729,1.03394987663,1.033513859271,1.032659080392,
    1.032229730208,1.031795463723,1.031530982526,1.031393471787,
1.031393471788)) REPRESENTATION_ITEM('') );
#170 = CARTESIAN_POINT('',(5.108815909778,-1.251299010269E-15,23.2));
#171 = CARTESIAN_POINT('',(5.108815909781,-0.119129354073,
    23.200000000002));
#172 = CARTESIAN_POINT('',(5.105802784924,-0.238106222367,
    23.196467540374));
#173 = CARTESIAN_POINT('',(5.099795967851,-0.356578915726,23.18942679414
    ));
#174 = CARTESIAN_POINT('',(5.090843738273,-0.474228368533,
    23.178929062921));
#175 = CARTESIAN_POINT('',(5.079020966873,-0.590765274798,
    23.165050943078));
#176 = CARTESIAN_POINT('',(5.064426821792,-0.705927164109,
    23.147892452273));
#177 = CARTESIAN_POINT('',(5.047182444632,-0.819475418505,
    23.127575122996));
#178 = CARTESIAN_POINT('',(5.027428603857,-0.931192232829,
    23.104240071236));
#179 = CARTESIAN_POINT('',(5.005323332781,-1.040877521911,
    23.078046046767));
#180 = CARTESIAN_POINT('',(4.98103956022,-1.148345778519,23.049167473834
    ));
#181 = CARTESIAN_POINT('',(4.954762740575,-1.253422886595,
    23.017792488261));
#182 = CARTESIAN_POINT('',(4.926688490593,-1.355942894272,22.98412097898
    ));
#183 = CARTESIAN_POINT('',(4.846154993651,-1.626851763445,
    22.887056139233));
#184 = CARTESIAN_POINT('',(4.790536397006,-1.790276192843,
    22.819528522072));
#185 = CARTESIAN_POINT('',(4.730716516851,-1.946639913475,
    22.746269903061));
#186 = CARTESIAN_POINT('',(4.667280357809,-2.096190821282,
    22.667789919986));
#187 = CARTESIAN_POINT('',(4.600788349793,-2.239065848642,
    22.584556352958));
#188 = CARTESIAN_POINT('',(4.531740992318,-2.37543333092,22.496953923008
    ));
#189 = CARTESIAN_POINT('',(4.460562871274,-2.505542967559,22.40526044045
    ));
#190 = CARTESIAN_POINT('',(4.387603213936,-2.62971139702,22.309637416143
    ));
#191 = CARTESIAN_POINT('',(4.31315014645,-2.748271073928,22.210132240401
    ));
#192 = CARTESIAN_POINT('',(4.237455851211,-2.861509735348,
    22.106689062714));
#193 = CARTESIAN_POINT('',(4.160769875245,-2.969627302897,
    21.999165552036));
#194 = CARTESIAN_POINT('',(4.083377907607,-3.072736596633,
    21.887352773992));
#195 = CARTESIAN_POINT('',(3.918086596212,-3.281538832544,
    21.639935564554));
#196 = CARTESIAN_POINT('',(3.830084868641,-3.385903182233,
    21.503212114095));
#197 = CARTESIAN_POINT('',(3.742186395611,-3.484054038656,
    21.360171158786));
#198 = CARTESIAN_POINT('',(3.655026117229,-3.575996532203,
    21.210522125619));
#199 = CARTESIAN_POINT('',(3.56927141277,-3.661642105763,21.05372911148)
  );
#200 = CARTESIAN_POINT('',(3.485810497526,-3.740682631225,
    20.888894784499));
#201 = CARTESIAN_POINT('',(3.406040483069,-3.812462887969,
    20.714979886935));
#202 = CARTESIAN_POINT('',(3.33211790229,-3.875899856343,20.531207681025
    ));
#203 = CARTESIAN_POINT('',(3.267040761381,-3.929493651981,
    20.337510729997));
#204 = CARTESIAN_POINT('',(3.214436615978,-3.971472490487,
    20.134887800006));
#205 = CARTESIAN_POINT('',(3.177932676171,-4.000114317335,
    19.925550790621));
#206 = CARTESIAN_POINT('',(3.159977051436,-4.01429259456,19.712752350953
    ));
#207 = CARTESIAN_POINT('',(3.159947919711,-4.014315526346,
    19.287673968046));
#208 = CARTESIAN_POINT('',(3.177902024357,-4.000131643825,
    19.074764471562));
#209 = CARTESIAN_POINT('',(3.214350130712,-3.971540020828,
    18.865444336697));
#210 = CARTESIAN_POINT('',(3.266892710806,-3.929621379484,
    18.662889491275));
#211 = CARTESIAN_POINT('',(3.331956828765,-3.876043735089,
    18.469186431752));
#212 = CARTESIAN_POINT('',(3.405922538878,-3.812568986204,
    18.285300836348));
#213 = CARTESIAN_POINT('',(3.485751878032,-3.740733948815,
    18.111239313406));
#214 = CARTESIAN_POINT('',(3.569231185103,-3.66167742385,17.946342884519
    ));
#215 = CARTESIAN_POINT('',(3.6549302197,-3.576089981824,17.789641570023)
  );
#216 = CARTESIAN_POINT('',(3.741982161541,-3.484264138814,
    17.640189282306));
#217 = CARTESIAN_POINT('',(3.82979308974,-3.386221031221,17.497289583853
    ));
#218 = CARTESIAN_POINT('',(3.917794983357,-3.281886963304,
    17.360516286659));
#219 = CARTESIAN_POINT('',(4.061121463288,-3.100864617462,
    17.145953973578));
#220 = CARTESIAN_POINT('',(4.116708260647,-3.027896047019,
    17.064811303993));
#221 = CARTESIAN_POINT('',(4.171990195498,-2.952370827263,
    16.985909040588));
#222 = CARTESIAN_POINT('',(4.226849464402,-2.874251455042,
    16.909171879796));
#223 = CARTESIAN_POINT('',(4.281177963624,-2.793479593057,
    16.834541440135));
#224 = CARTESIAN_POINT('',(4.334873124972,-2.709979382565,
    16.761977818743));
#225 = CARTESIAN_POINT('',(4.387833679251,-2.623660837812,
    16.691461216685));
#226 = CARTESIAN_POINT('',(4.439955349921,-2.534423328028,
    16.622993624883));
#227 = CARTESIAN_POINT('',(4.491126480554,-2.442159152789,
    16.556600565615));
#228 = CARTESIAN_POINT('',(4.541223600976,-2.346757216973,
    16.492332880824));
#229 = CARTESIAN_POINT('',(4.5901069379,-2.248106812106,16.430268561663)
  );
#230 = CARTESIAN_POINT('',(4.637615877618,-2.146101511147,
    16.370514609502));
#231 = CARTESIAN_POINT('',(4.739137330289,-1.913095435319,
    16.243899914394));
#232 = CARTESIAN_POINT('',(4.792562563476,-1.78005482232,16.17801363542)
  );
#233 = CARTESIAN_POINT('',(4.842061421443,-1.646110056598,
    16.117553746401));
#234 = CARTESIAN_POINT('',(4.894352567883,-1.488705839921,
    16.054282572866));
#235 = CARTESIAN_POINT('',(4.92761169623,-1.37297975855,16.014387271079)
  );
#236 = CARTESIAN_POINT('',(4.983917819955,-1.176192797745,
    15.947002355663));
#237 = CARTESIAN_POINT('',(5.006725638685,-1.049016039233,
    15.920239488922));
#238 = CARTESIAN_POINT('',(5.046389396028,-0.865275207695,
    15.873214946991));
#239 = CARTESIAN_POINT('',(5.06833455993,-0.703051520007,15.847500430609
    ));
#240 = CARTESIAN_POINT('',(5.08906918922,-0.52893182465,15.82314066738)
  );
#241 = CARTESIAN_POINT('',(5.102108992106,-0.354224074035,
    15.807861426219));
#242 = CARTESIAN_POINT('',(5.108815909778,-0.177587490714,15.8));
#243 = CARTESIAN_POINT('',(5.108815909778,-1.251299010269E-15,15.8));
#244 = ORIENTED_EDGE('',*,*,#102,.F.);
#245 = ORIENTED_EDGE('',*,*,#246,.T.);
#246 = EDGE_CURVE('',#78,#247,#249,.T.);
#247 = VERTEX_POINT('',#248);
#248 = CARTESIAN_POINT('',(5.108815909778,-1.251299010269E-15,5.6));
#249 = ( BOUNDED_CURVE() B_SPLINE_CURVE(13,(#250,#251,#252,#253,#254,
    #255,#256,#257,#258,#259,#260,#261,#262,#263,#264,#265,#266,#267,
    #268,#269,#270,#271,#272,#273,#274,#275,#276,#277,#278,#279,#280,
    #281,#282,#283,#284,#285,#286,#287,#288,#289,#290,#291,#292,#293,
    #294,#295,#296,#297,#298,#299,#300,#301,#302,#303,#304,#305,#306,
    #307,#308,#309,#310,#311,#312,#313,#314,#315,#316,#317,#318,#319,
    #320,#321,#322,#323),.UNSPECIFIED.,.F.,.F.) 
B_SPLINE_CURVE_WITH_KNOTS((14,12,12,12,12,12,14),(3.009449879481E-16,
    1.148485557477,3.120770325912,5.351087140603,7.580902081294,
8.995919898947,10.703664462793),.UNSPECIFIED.) CURVE() 
GEOMETRIC_REPRESENTATION_ITEM() RATIONAL_B_SPLINE_CURVE((1.031393471788,
    1.031393471787,1.031455377148,1.031578571247,1.031762069249,
    1.032004531134,1.032304274763,1.03265928889,1.033067246234,
    1.033525516499,1.034031179427,1.034581037838,1.035171630672,
    1.036877044706,1.03806511366,1.039355750938,1.040739913895,
    1.042208747978,1.043754545718,1.04537120162,1.047054230214,
    1.048800412379,1.050607137532,1.052471506848,1.054389264697,
    1.058574978575,1.060857387252,1.063187565023,1.065551724438,
    1.067933511739,1.070306200196,1.072623041198,1.074809672518,
    1.076762484507,1.078356843572,1.079469073557,1.080016094656,
    1.080017145553,1.079469977842,1.078359141398,1.076766439393,
    1.07481399452,1.072626192206,1.070307745765,1.067934601709,
    1.065554405259,1.063193243816,1.060865388568,1.058582752237,
    1.054950743379,1.053564680139,1.052205074577,1.050873887512,
    1.04957268549,1.048302767603,1.047065291904,1.04586140238,
    1.044692355277,1.04355964606,1.042465135844,1.041411178205,
    1.039181283706,1.03802221338,1.036958204496,1.035846712786,
    1.035152476048,1.033949557546,1.033514382297,1.032659010181,
    1.032229390449,1.03179434418,1.031529937987,1.031393471788,
1.031393471788)) REPRESENTATION_ITEM('') );
#250 = CARTESIAN_POINT('',(5.108815909778,-1.251299010269E-15,13.));
#251 = CARTESIAN_POINT('',(5.108815909778,-0.119518244991,13.));
#252 = CARTESIAN_POINT('',(5.105789128968,-0.238606745971,
    12.996451515334));
#253 = CARTESIAN_POINT('',(5.099767444235,-0.357035885539,
    12.989393286121));
#254 = CARTESIAN_POINT('',(5.090806093802,-0.474573529763,
    12.978884772497));
#255 = CARTESIAN_POINT('',(5.078982526974,-0.590987391259,
    12.965005610449));
#256 = CARTESIAN_POINT('',(5.064395222321,-0.706047371711,
    12.947855034877));
#257 = CARTESIAN_POINT('',(5.047162478736,-0.819527878247,
    12.927551273592));
#258 = CARTESIAN_POINT('',(5.027421183351,-0.931210109397,
    12.904230915821));
#259 = CARTESIAN_POINT('',(5.005325561713,-1.040884305818,
    12.878048259676));
#260 = CARTESIAN_POINT('',(4.981045914453,-1.148351962788,
    12.849174642804));
#261 = CARTESIAN_POINT('',(4.954767346102,-1.253428001049,
    12.817797760926));
#262 = CARTESIAN_POINT('',(4.926688490597,-1.355942894258,
    12.784120978985));
#263 = CARTESIAN_POINT('',(4.846154993661,-1.626851763412,
    12.687056139246));
#264 = CARTESIAN_POINT('',(4.790536397014,-1.790276192824,12.61952852208
    ));
#265 = CARTESIAN_POINT('',(4.730716516858,-1.946639913462,
    12.546269903074));
#266 = CARTESIAN_POINT('',(4.667280357814,-2.096190821267,
    12.467789919981));
#267 = CARTESIAN_POINT('',(4.600788349811,-2.2390658486,12.384556352994)
  );
#268 = CARTESIAN_POINT('',(4.531740992345,-2.375433330863,
    12.296953923027));
#269 = CARTESIAN_POINT('',(4.460562871312,-2.50554296749,12.205260440513
    ));
#270 = CARTESIAN_POINT('',(4.387603213975,-2.629711396958,
    12.109637416188));
#271 = CARTESIAN_POINT('',(4.313150146478,-2.748271073888,
    12.010132240444));
#272 = CARTESIAN_POINT('',(4.237455851226,-2.86150973533,11.906689062734
    ));
#273 = CARTESIAN_POINT('',(4.160769875247,-2.969627302894,11.79916555204
    ));
#274 = CARTESIAN_POINT('',(4.083377907608,-3.072736596632,
    11.687352773993));
#275 = CARTESIAN_POINT('',(3.918086596212,-3.281538832543,
    11.439935564555));
#276 = CARTESIAN_POINT('',(3.830084868647,-3.385903182228,11.30321211411
    ));
#277 = CARTESIAN_POINT('',(3.742186395614,-3.48405403865,11.160171158791
    ));
#278 = CARTESIAN_POINT('',(3.655026117221,-3.575996532218,
    11.010522125605));
#279 = CARTESIAN_POINT('',(3.569271412765,-3.661642105756,
    10.853729111458));
#280 = CARTESIAN_POINT('',(3.485810497516,-3.740682631249,
    10.688894784486));
#281 = CARTESIAN_POINT('',(3.406040483078,-3.812462887947,
    10.514979886948));
#282 = CARTESIAN_POINT('',(3.332117902293,-3.875899856351,
    10.331207681044));
#283 = CARTESIAN_POINT('',(3.26704076139,-3.929493651966,10.137510730017
    ));
#284 = CARTESIAN_POINT('',(3.214436615975,-3.971472490493,9.934887800003
    ));
#285 = CARTESIAN_POINT('',(3.177932676167,-4.000114317338,9.725550790603
    ));
#286 = CARTESIAN_POINT('',(3.159977051436,-4.01429259456,9.512752350941)
  );
#287 = CARTESIAN_POINT('',(3.159947919711,-4.014315526345,9.087673968047
    ));
#288 = CARTESIAN_POINT('',(3.177902024354,-4.000131643827,8.874764471573
    ));
#289 = CARTESIAN_POINT('',(3.214350130711,-3.971540020829,8.6654443367)
  );
#290 = CARTESIAN_POINT('',(3.266892710807,-3.929621379481,8.462889491272
    ));
#291 = CARTESIAN_POINT('',(3.331956828772,-3.876043735086,8.269186431734
    ));
#292 = CARTESIAN_POINT('',(3.405922538876,-3.812568986202,8.08530083635)
  );
#293 = CARTESIAN_POINT('',(3.485751878033,-3.740733948818,7.911239313405
    ));
#294 = CARTESIAN_POINT('',(3.569231185096,-3.661677423855,7.746342884538
    ));
#295 = CARTESIAN_POINT('',(3.654930219697,-3.576089981828,7.58964157003)
  );
#296 = CARTESIAN_POINT('',(3.741982161541,-3.484264138814,7.440189282306
    ));
#297 = CARTESIAN_POINT('',(3.829793089743,-3.386221031219,7.297289583844
    ));
#298 = CARTESIAN_POINT('',(3.917794983358,-3.281886963303,7.160516286657
    ));
#299 = CARTESIAN_POINT('',(4.061121463286,-3.100864617464,6.94595397358)
  );
#300 = CARTESIAN_POINT('',(4.116708260645,-3.027896047022,6.864811303999
    ));
#301 = CARTESIAN_POINT('',(4.171990195494,-2.95237082727,6.785909040586)
  );
#302 = CARTESIAN_POINT('',(4.226849464399,-2.874251455044,6.709171879816
    ));
#303 = CARTESIAN_POINT('',(4.281177963621,-2.793479593066,6.634541440116
    ));
#304 = CARTESIAN_POINT('',(4.334873124968,-2.709979382567,6.561977818779
    ));
#305 = CARTESIAN_POINT('',(4.387833679252,-2.623660837816,6.491461216653
    ));
#306 = CARTESIAN_POINT('',(4.439955349918,-2.534423328029,6.422993624913
    ));
#307 = CARTESIAN_POINT('',(4.491126480556,-2.442159152788,6.356600565595
    ));
#308 = CARTESIAN_POINT('',(4.541223600975,-2.346757216973,6.292332880833
    ));
#309 = CARTESIAN_POINT('',(4.590106937901,-2.248106812105,6.230268561658
    ));
#310 = CARTESIAN_POINT('',(4.637615877618,-2.146101511146,6.170514609502
    ));
#311 = CARTESIAN_POINT('',(4.739137330289,-1.913095435319,6.043899914394
    ));
#312 = CARTESIAN_POINT('',(4.792561847457,-1.780056708687,5.978014571017
    ));
#313 = CARTESIAN_POINT('',(4.842066148564,-1.646098481984,5.9175475038)
  );
#314 = CARTESIAN_POINT('',(4.894338187127,-1.488736456418,5.854301915439
    ));
#315 = CARTESIAN_POINT('',(4.927634295041,-1.37294791072,5.81435558289)
  );
#316 = CARTESIAN_POINT('',(4.983906996707,-1.176163344884,5.747021286014
    ));
#317 = CARTESIAN_POINT('',(5.006707290202,-1.049121536188,5.72025798753)
  );
#318 = CARTESIAN_POINT('',(5.046401739728,-0.865243862323,5.673199666267
    ));
#319 = CARTESIAN_POINT('',(5.068358907424,-0.703002458313,5.6474708992)
  );
#320 = CARTESIAN_POINT('',(5.089125772363,-0.528630850162,5.623073923402
    ));
#321 = CARTESIAN_POINT('',(5.102152115949,-0.353683519194,5.607811771915
    ));
#322 = CARTESIAN_POINT('',(5.108815909773,-0.177009652989,5.600000000004
    ));
#323 = CARTESIAN_POINT('',(5.108815909778,-1.251299010269E-15,5.6));
#324 = ORIENTED_EDGE('',*,*,#325,.F.);
#325 = EDGE_CURVE('',#326,#247,#328,.T.);
#326 = VERTEX_POINT('',#327);
#327 = CARTESIAN_POINT('',(5.108815909778,0.,5.));
#328 = LINE('',#329,#330);
#329 = CARTESIAN_POINT('',(5.108815909778,0.,5.));
#330 = VECTOR('',#331,1.);
#331 = DIRECTION('',(0.,0.,1.));
#332 = ORIENTED_EDGE('',*,*,#333,.F.);
#333 = EDGE_CURVE('',#326,#326,#334,.T.);
#334 = CIRCLE('',#335,5.108815909778);
#335 = AXIS2_PLACEMENT_3D('',#336,#337,#338);
#336 = CARTESIAN_POINT('',(0.,0.,5.));
#337 = DIRECTION('',(0.,0.,1.));
#338 = DIRECTION('',(1.,0.,0.));
#339 = ORIENTED_EDGE('',*,*,#325,.T.);
#340 = ORIENTED_EDGE('',*,*,#341,.T.);
#341 = EDGE_CURVE('',#247,#76,#342,.T.);
#342 = ( BOUNDED_CURVE() B_SPLINE_CURVE(7,(#343,#344,#345,#346,#347,#348
    ,#349,#350,#351,#352,#353,#354,#355,#356,#357,#358,#359,#360,#361,
#362),.UNSPECIFIED.,.F.,.F.) B_SPLINE_CURVE_WITH_KNOTS((8,6,6,8),(
    10.703664462793,11.85299447751,13.826729348464,16.058737162463),
.UNSPECIFIED.) CURVE() GEOMETRIC_REPRESENTATION_ITEM() 
RATIONAL_B_SPLINE_CURVE((1.031393471788,1.031393471787,1.031622359125,
    1.032077231834,1.032745276717,1.03360603611,1.034633674649,
    1.037800872065,1.040212073412,1.042969913987,1.045984069373,
    1.049230523176,1.052705527918,1.06047909142,1.064831343392,
    1.069301806096,1.073771670092,1.077985304286,1.080015926118,
1.080016620298)) REPRESENTATION_ITEM('') );
#343 = CARTESIAN_POINT('',(5.108815909778,0.,5.6));
#344 = CARTESIAN_POINT('',(5.108815909784,0.221240228964,5.599999999995)
  );
#345 = CARTESIAN_POINT('',(5.09762611775,0.441868863017,5.613118436993)
  );
#346 = CARTESIAN_POINT('',(5.075411249257,0.659041889664,5.639150844322)
  );
#347 = CARTESIAN_POINT('',(5.042916866819,0.870586091322,5.677348351115)
  );
#348 = CARTESIAN_POINT('',(5.001331446154,1.074808681204,5.726529641921)
  );
#349 = CARTESIAN_POINT('',(4.952147069001,1.270302074622,5.785194486916)
  );
#350 = CARTESIAN_POINT('',(4.802640305567,1.773232032387,5.96539093417)
  );
#351 = CARTESIAN_POINT('',(4.690647485473,2.06222279523,6.102196614422)
  );
#352 = CARTESIAN_POINT('',(4.565504335744,2.327869957076,6.258103568122)
  );
#353 = CARTESIAN_POINT('',(4.432328260476,2.567679298621,6.428786968172)
  );
#354 = CARTESIAN_POINT('',(4.293459511039,2.787440007863,6.613206992422)
  );
#355 = CARTESIAN_POINT('',(4.150238375131,2.988275925104,6.812566767485)
  );
#356 = CARTESIAN_POINT('',(3.843326123328,3.375979089657,7.271970059857)
  );
#357 = CARTESIAN_POINT('',(3.679295032075,3.558015072856,7.535994717749)
  );
#358 = CARTESIAN_POINT('',(3.517959998353,3.717271313334,7.826494412564)
  );
#359 = CARTESIAN_POINT('',(3.36553297449,3.85348070065,8.14153376165));
#360 = CARTESIAN_POINT('',(3.226730922756,3.961581684083,8.508771126697)
  );
#361 = CARTESIAN_POINT('',(3.159980302934,4.01429003506,8.905104880331)
  );
#362 = CARTESIAN_POINT('',(3.159962477875,4.014304066513,9.3));
#363 = FACE_BOUND('',#364,.F.);
#364 = EDGE_LOOP('',(#365,#376,#384,#393));
#365 = ORIENTED_EDGE('',*,*,#366,.F.);
#366 = EDGE_CURVE('',#367,#369,#371,.T.);
#367 = VERTEX_POINT('',#368);
#368 = CARTESIAN_POINT('',(-2.,4.701063709417,12.4));
#369 = VERTEX_POINT('',#370);
#370 = CARTESIAN_POINT('',(2.,4.701063709417,12.4));
#371 = CIRCLE('',#372,5.108815909778);
#372 = AXIS2_PLACEMENT_3D('',#373,#374,#375);
#373 = CARTESIAN_POINT('',(0.,0.,12.4));
#374 = DIRECTION('',(0.,0.,-1.));
#375 = DIRECTION('',(1.,0.,0.));
#376 = ORIENTED_EDGE('',*,*,#377,.F.);
#377 = EDGE_CURVE('',#378,#367,#380,.T.);
#378 = VERTEX_POINT('',#379);
#379 = CARTESIAN_POINT('',(-2.,4.701063709417,16.4));
#380 = LINE('',#381,#382);
#381 = CARTESIAN_POINT('',(-2.,4.701063709417,5.));
#382 = VECTOR('',#383,1.);
#383 = DIRECTION('',(-0.,-0.,-1.));
#384 = ORIENTED_EDGE('',*,*,#385,.T.);
#385 = EDGE_CURVE('',#378,#386,#388,.T.);
#386 = VERTEX_POINT('',#387);
#387 = CARTESIAN_POINT('',(2.,4.701063709417,16.4));
#388 = CIRCLE('',#389,5.108815909778);
#389 = AXIS2_PLACEMENT_3D('',#390,#391,#392);
#390 = CARTESIAN_POINT('',(0.,0.,16.4));
#391 = DIRECTION('',(0.,0.,-1.));
#392 = DIRECTION('',(1.,0.,0.));
#393 = ORIENTED_EDGE('',*,*,#394,.T.);
#394 = EDGE_CURVE('',#386,#369,#395,.T.);
#395 = LINE('',#396,#397);
#396 = CARTESIAN_POINT('',(2.,4.701063709417,5.));
#397 = VECTOR('',#398,1.);
#398 = DIRECTION('',(-0.,-0.,-1.));
#399 = FACE_BOUND('',#400,.F.);
#400 = EDGE_LOOP('',(#401,#428,#507));
#401 = ORIENTED_EDGE('',*,*,#402,.F.);
#402 = EDGE_CURVE('',#403,#405,#407,.T.);
#403 = VERTEX_POINT('',#404);
#404 = CARTESIAN_POINT('',(-5.108815909778,1.134385010321E-15,15.8));
#405 = VERTEX_POINT('',#406);
#406 = CARTESIAN_POINT('',(-3.159962477878,4.014304066511,19.5));
#407 = ( BOUNDED_CURVE() B_SPLINE_CURVE(7,(#408,#409,#410,#411,#412,#413
    ,#414,#415,#416,#417,#418,#419,#420,#421,#422,#423,#424,#425,#426,
#427),.UNSPECIFIED.,.F.,.F.) B_SPLINE_CURVE_WITH_KNOTS((8,6,6,8),(
    7.700635303651E-16,1.148992571595,3.122148029198,5.353500548395),
.UNSPECIFIED.) CURVE() GEOMETRIC_REPRESENTATION_ITEM() 
RATIONAL_B_SPLINE_CURVE((1.031393471788,1.031393471788,1.031623405983,
    1.0320782357,1.032745400105,1.033605615505,1.034633674649,
    1.037800872141,1.040212073572,1.04296991439,1.045984069817,
    1.049230523473,1.052705528109,1.060479091224,1.064831343869,
    1.069301800921,1.073771676664,1.077985301683,1.080015925975,
1.080016620298)) REPRESENTATION_ITEM('') );
#408 = CARTESIAN_POINT('',(-5.108815909778,1.134385010321E-15,15.8));
#409 = CARTESIAN_POINT('',(-5.108815909778,0.221962454753,15.8));
#410 = CARTESIAN_POINT('',(-5.097575412207,0.442283311155,
    15.813177939127));
#411 = CARTESIAN_POINT('',(-5.075360774586,0.659116976232,
    15.839210369755));
#412 = CARTESIAN_POINT('',(-5.042907116857,0.870568366509,
    15.877360380529));
#413 = CARTESIAN_POINT('',(-5.001348587468,1.07482762305,15.926510016621
    ));
#414 = CARTESIAN_POINT('',(-4.952147069,1.270302074626,15.985194486917)
  );
#415 = CARTESIAN_POINT('',(-4.802640301993,1.77323204441,16.165390938478
    ));
#416 = CARTESIAN_POINT('',(-4.69064747778,2.062222815562,16.302196624051
    ));
#417 = CARTESIAN_POINT('',(-4.565504318087,2.327869996001,
    16.458103589183));
#418 = CARTESIAN_POINT('',(-4.432328240593,2.567679328033,
    16.628786995202));
#419 = CARTESIAN_POINT('',(-4.293459499194,2.787440025196,
    16.813207008576));
#420 = CARTESIAN_POINT('',(-4.150238367187,2.988275935413,17.012566779)
  );
#421 = CARTESIAN_POINT('',(-3.84332613182,3.375979078622,17.471970048149
    ));
#422 = CARTESIAN_POINT('',(-3.679295032833,3.558015061681,
    17.735994780933));
#423 = CARTESIAN_POINT('',(-3.517960135925,3.717271203264,
    18.026493983386));
#424 = CARTESIAN_POINT('',(-3.365532789654,3.853480856452,
    18.341534256301));
#425 = CARTESIAN_POINT('',(-3.226731000883,3.961581617938,
    18.708771007047));
#426 = CARTESIAN_POINT('',(-3.159980306832,4.014290031992,
    19.105104777285));
#427 = CARTESIAN_POINT('',(-3.159962477878,4.014304066511,19.5));
#428 = ORIENTED_EDGE('',*,*,#429,.F.);
#429 = EDGE_CURVE('',#430,#403,#432,.T.);
#430 = VERTEX_POINT('',#431);
#431 = CARTESIAN_POINT('',(-5.108815909778,1.134385010321E-15,23.2));
#432 = ( BOUNDED_CURVE() B_SPLINE_CURVE(13,(#433,#434,#435,#436,#437,
    #438,#439,#440,#441,#442,#443,#444,#445,#446,#447,#448,#449,#450,
    #451,#452,#453,#454,#455,#456,#457,#458,#459,#460,#461,#462,#463,
    #464,#465,#466,#467,#468,#469,#470,#471,#472,#473,#474,#475,#476,
    #477,#478,#479,#480,#481,#482,#483,#484,#485,#486,#487,#488,#489,
    #490,#491,#492,#493,#494,#495,#496,#497,#498,#499,#500,#501,#502,
    #503,#504,#505,#506),.UNSPECIFIED.,.F.,.F.) 
B_SPLINE_CURVE_WITH_KNOTS((14,12,12,12,12,12,14),(10.70666223792,
    11.85548517693,13.828349328554,16.059321326671,18.289791303354,
19.705224800167,21.413471035312),.UNSPECIFIED.) CURVE() 
GEOMETRIC_REPRESENTATION_ITEM() RATIONAL_B_SPLINE_CURVE((1.031393471788,
    1.031393471787,1.031455095302,1.031577987191,1.031761307167,
    1.032003766725,1.032303666233,1.032658931766,1.033067152284,
    1.033525616418,1.03403134963,1.034581151077,1.035171630672,
    1.036877044706,1.038065113659,1.039355750942,1.040739913888,
    1.042208747991,1.043754545703,1.045371201635,1.047054230203,
    1.048800412386,1.050607137529,1.052471506849,1.054389264697,
    1.058574978575,1.060857387253,1.063187565021,1.065551724441,
    1.067933511734,1.070306200201,1.072623041194,1.074809672522,
    1.076762484505,1.078356843573,1.079469073556,1.080016094656,
    1.080017145553,1.079469977842,1.078359141398,1.076766439393,
    1.07481399452,1.072626192208,1.070307745763,1.067934601711,
    1.065554405257,1.063193243817,1.060865388568,1.058582752237,
    1.05495074338,1.053564680137,1.052205074584,1.050873887498,
    1.049572685511,1.048302767578,1.047065291928,1.045861402362,
    1.044692355288,1.043559646054,1.042465135846,1.041411178204,
    1.039181283707,1.038022209062,1.036958227567,1.035846671498,
    1.035152435729,1.03394987663,1.033513859271,1.032659080392,
    1.032229730208,1.031795463723,1.031530982526,1.031393471787,
1.031393471788)) REPRESENTATION_ITEM('') );
#433 = CARTESIAN_POINT('',(-5.108815909778,-1.169139999472E-16,23.2));
#434 = CARTESIAN_POINT('',(-5.108815909781,-0.119129354073,
    23.200000000002));
#435 = CARTESIAN_POINT('',(-5.105802784924,-0.238106222367,
    23.196467540374));
#436 = CARTESIAN_POINT('',(-5.099795967851,-0.356578915726,
    23.18942679414));
#437 = CARTESIAN_POINT('',(-5.090843738273,-0.474228368533,
    23.178929062921));
#438 = CARTESIAN_POINT('',(-5.079020966873,-0.590765274798,
    23.165050943078));
#439 = CARTESIAN_POINT('',(-5.064426821792,-0.705927164109,
    23.147892452273));
#440 = CARTESIAN_POINT('',(-5.047182444632,-0.819475418505,
    23.127575122996));
#441 = CARTESIAN_POINT('',(-5.027428603857,-0.931192232829,
    23.104240071236));
#442 = CARTESIAN_POINT('',(-5.005323332781,-1.040877521911,
    23.078046046767));
#443 = CARTESIAN_POINT('',(-4.98103956022,-1.148345778519,
    23.049167473834));
#444 = CARTESIAN_POINT('',(-4.954762740575,-1.253422886595,
    23.017792488261));
#445 = CARTESIAN_POINT('',(-4.926688490593,-1.355942894272,
    22.98412097898));
#446 = CARTESIAN_POINT('',(-4.846154993651,-1.626851763445,
    22.887056139233));
#447 = CARTESIAN_POINT('',(-4.790536397006,-1.790276192843,
    22.819528522072));
#448 = CARTESIAN_POINT('',(-4.730716516851,-1.946639913475,
    22.746269903061));
#449 = CARTESIAN_POINT('',(-4.667280357809,-2.096190821282,
    22.667789919986));
#450 = CARTESIAN_POINT('',(-4.600788349793,-2.239065848642,
    22.584556352958));
#451 = CARTESIAN_POINT('',(-4.531740992318,-2.37543333092,
    22.496953923008));
#452 = CARTESIAN_POINT('',(-4.460562871274,-2.505542967559,
    22.40526044045));
#453 = CARTESIAN_POINT('',(-4.387603213936,-2.62971139702,
    22.309637416143));
#454 = CARTESIAN_POINT('',(-4.31315014645,-2.748271073928,
    22.210132240401));
#455 = CARTESIAN_POINT('',(-4.237455851211,-2.861509735348,
    22.106689062714));
#456 = CARTESIAN_POINT('',(-4.160769875245,-2.969627302897,
    21.999165552036));
#457 = CARTESIAN_POINT('',(-4.083377907607,-3.072736596633,
    21.887352773992));
#458 = CARTESIAN_POINT('',(-3.918086596212,-3.281538832544,
    21.639935564554));
#459 = CARTESIAN_POINT('',(-3.830084868641,-3.385903182233,
    21.503212114095));
#460 = CARTESIAN_POINT('',(-3.742186395611,-3.484054038656,
    21.360171158786));
#461 = CARTESIAN_POINT('',(-3.655026117229,-3.575996532203,
    21.210522125619));
#462 = CARTESIAN_POINT('',(-3.56927141277,-3.661642105763,21.05372911148
    ));
#463 = CARTESIAN_POINT('',(-3.485810497526,-3.740682631225,
    20.888894784499));
#464 = CARTESIAN_POINT('',(-3.406040483069,-3.812462887969,
    20.714979886935));
#465 = CARTESIAN_POINT('',(-3.33211790229,-3.875899856343,
    20.531207681025));
#466 = CARTESIAN_POINT('',(-3.267040761381,-3.929493651981,
    20.337510729997));
#467 = CARTESIAN_POINT('',(-3.214436615978,-3.971472490487,
    20.134887800006));
#468 = CARTESIAN_POINT('',(-3.177932676171,-4.000114317335,
    19.925550790621));
#469 = CARTESIAN_POINT('',(-3.159977051436,-4.01429259456,
    19.712752350953));
#470 = CARTESIAN_POINT('',(-3.159947919711,-4.014315526346,
    19.287673968046));
#471 = CARTESIAN_POINT('',(-3.177902024357,-4.000131643825,
    19.074764471562));
#472 = CARTESIAN_POINT('',(-3.214350130712,-3.971540020828,
    18.865444336697));
#473 = CARTESIAN_POINT('',(-3.266892710806,-3.929621379484,
    18.662889491275));
#474 = CARTESIAN_POINT('',(-3.331956828765,-3.876043735089,
    18.469186431752));
#475 = CARTESIAN_POINT('',(-3.405922538878,-3.812568986204,
    18.285300836348));
#476 = CARTESIAN_POINT('',(-3.485751878032,-3.740733948815,
    18.111239313406));
#477 = CARTESIAN_POINT('',(-3.569231185103,-3.66167742385,
    17.946342884519));
#478 = CARTESIAN_POINT('',(-3.6549302197,-3.576089981824,17.789641570023
    ));
#479 = CARTESIAN_POINT('',(-3.741982161541,-3.484264138814,
    17.640189282306));
#480 = CARTESIAN_POINT('',(-3.82979308974,-3.386221031221,
    17.497289583853));
#481 = CARTESIAN_POINT('',(-3.917794983357,-3.281886963304,
    17.360516286659));
#482 = CARTESIAN_POINT('',(-4.061121463288,-3.100864617462,
    17.145953973578));
#483 = CARTESIAN_POINT('',(-4.116708260647,-3.027896047019,
    17.064811303993));
#484 = CARTESIAN_POINT('',(-4.171990195498,-2.952370827263,
    16.985909040588));
#485 = CARTESIAN_POINT('',(-4.226849464402,-2.874251455042,
    16.909171879796));
#486 = CARTESIAN_POINT('',(-4.281177963624,-2.793479593057,
    16.834541440135));
#487 = CARTESIAN_POINT('',(-4.334873124972,-2.709979382565,
    16.761977818743));
#488 = CARTESIAN_POINT('',(-4.387833679251,-2.623660837812,
    16.691461216685));
#489 = CARTESIAN_POINT('',(-4.439955349921,-2.534423328028,
    16.622993624883));
#490 = CARTESIAN_POINT('',(-4.491126480554,-2.442159152789,
    16.556600565615));
#491 = CARTESIAN_POINT('',(-4.541223600976,-2.346757216973,
    16.492332880824));
#492 = CARTESIAN_POINT('',(-4.5901069379,-2.248106812106,16.430268561663
    ));
#493 = CARTESIAN_POINT('',(-4.637615877618,-2.146101511147,
    16.370514609502));
#494 = CARTESIAN_POINT('',(-4.739137330289,-1.913095435319,
    16.243899914394));
#495 = CARTESIAN_POINT('',(-4.792562563476,-1.78005482232,16.17801363542
    ));
#496 = CARTESIAN_POINT('',(-4.842061421443,-1.646110056598,
    16.117553746401));
#497 = CARTESIAN_POINT('',(-4.894352567883,-1.488705839921,
    16.054282572866));
#498 = CARTESIAN_POINT('',(-4.92761169623,-1.37297975855,16.014387271079
    ));
#499 = CARTESIAN_POINT('',(-4.983917819955,-1.176192797745,
    15.947002355663));
#500 = CARTESIAN_POINT('',(-5.006725638685,-1.049016039233,
    15.920239488922));
#501 = CARTESIAN_POINT('',(-5.046389396028,-0.865275207695,
    15.873214946991));
#502 = CARTESIAN_POINT('',(-5.06833455993,-0.703051520007,
    15.847500430609));
#503 = CARTESIAN_POINT('',(-5.08906918922,-0.52893182465,15.82314066738)
  );
#504 = CARTESIAN_POINT('',(-5.102108992106,-0.354224074035,
    15.807861426219));
#505 = CARTESIAN_POINT('',(-5.108815909778,-0.177587490714,15.8));
#506 = CARTESIAN_POINT('',(-5.108815909778,-1.169139999472E-16,15.8));
#507 = ORIENTED_EDGE('',*,*,#508,.F.);
#508 = EDGE_CURVE('',#405,#430,#509,.T.);
#509 = ( BOUNDED_CURVE() B_SPLINE_CURVE(7,(#510,#511,#512,#513,#514,#515
    ,#516,#517,#518,#519,#520,#521,#522,#523,#524,#525,#526,#527,#528,
#529),.UNSPECIFIED.,.F.,.F.) B_SPLINE_CURVE_WITH_KNOTS((8,6,6,8),(
    5.353500548395,7.584248764386,9.553074142052,10.70666223792),
.UNSPECIFIED.) CURVE() GEOMETRIC_REPRESENTATION_ITEM() 
RATIONAL_B_SPLINE_CURVE((1.080016620298,1.080017314433,1.077983741705,
    1.073785872198,1.069289846061,1.064838138869,1.060486438737,
    1.052719772153,1.049250276917,1.046015044907,1.042998516059,
    1.040248858801,1.037837299317,1.034659704342,1.033624193228,
    1.032756519639,1.03208293956,1.031624254039,1.031393471788,
1.031393471788)) REPRESENTATION_ITEM('') );
#510 = CARTESIAN_POINT('',(-3.159962477877,4.014304066512,19.5));
#511 = CARTESIAN_POINT('',(-3.159944658678,4.014318093351,
    19.894536099432));
#512 = CARTESIAN_POINT('',(-3.22675690396,3.961536883649,20.291351481374
    ));
#513 = CARTESIAN_POINT('',(-3.365035089702,3.853953388978,
    20.657285609739));
#514 = CARTESIAN_POINT('',(-3.518370036369,3.716885834471,
    20.974441984494));
#515 = CARTESIAN_POINT('',(-3.679058776255,3.558214551942,
    21.263474329333));
#516 = CARTESIAN_POINT('',(-3.843065747366,3.376270385915,
    21.527611707414));
#517 = CARTESIAN_POINT('',(-4.149656144626,2.989044807061,
    21.986585997667));
#518 = CARTESIAN_POINT('',(-4.292614576202,2.788641212563,
    22.185625019156));
#519 = CARTESIAN_POINT('',(-4.431057465212,2.569755467274,
    22.369535251976));
#520 = CARTESIAN_POINT('',(-4.564196152313,2.330221020631,
    22.540224393734));
#521 = CARTESIAN_POINT('',(-4.688981267269,2.065786619741,
    22.695726184894));
#522 = CARTESIAN_POINT('',(-4.800946025684,1.777627651761,
    22.832540023886));
#523 = CARTESIAN_POINT('',(-4.950902592311,1.275236982122,
    23.013320987017));
#524 = CARTESIAN_POINT('',(-5.000455238486,1.079105900296,
    23.072434147414));
#525 = CARTESIAN_POINT('',(-5.042370541208,0.874141137258,
    23.122009526651));
#526 = CARTESIAN_POINT('',(-5.075132601577,0.661768201495,
    23.160522626756));
#527 = CARTESIAN_POINT('',(-5.097533393388,0.443705851728,
    23.186772795309));
#528 = CARTESIAN_POINT('',(-5.108815909772,0.222157902916,
    23.199999999995));
#529 = CARTESIAN_POINT('',(-5.108815909778,1.134385010321E-15,23.2));
#530 = FACE_BOUND('',#531,.F.);
#531 = EDGE_LOOP('',(#532,#543,#551,#560));
#532 = ORIENTED_EDGE('',*,*,#533,.F.);
#533 = EDGE_CURVE('',#534,#536,#538,.T.);
#534 = VERTEX_POINT('',#535);
#535 = CARTESIAN_POINT('',(2.,-4.701063709417,12.4));
#536 = VERTEX_POINT('',#537);
#537 = CARTESIAN_POINT('',(-2.,-4.701063709417,12.4));
#538 = CIRCLE('',#539,5.108815909778);
#539 = AXIS2_PLACEMENT_3D('',#540,#541,#542);
#540 = CARTESIAN_POINT('',(0.,0.,12.4));
#541 = DIRECTION('',(0.,0.,-1.));
#542 = DIRECTION('',(1.,0.,0.));
#543 = ORIENTED_EDGE('',*,*,#544,.F.);
#544 = EDGE_CURVE('',#545,#534,#547,.T.);
#545 = VERTEX_POINT('',#546);
#546 = CARTESIAN_POINT('',(2.,-4.701063709417,16.4));
#547 = LINE('',#548,#549);
#548 = CARTESIAN_POINT('',(2.,-4.701063709417,5.));
#549 = VECTOR('',#550,1.);
#550 = DIRECTION('',(-0.,-0.,-1.));
#551 = ORIENTED_EDGE('',*,*,#552,.T.);
#552 = EDGE_CURVE('',#545,#553,#555,.T.);
#553 = VERTEX_POINT('',#554);
#554 = CARTESIAN_POINT('',(-2.,-4.701063709417,16.4));
#555 = CIRCLE('',#556,5.108815909778);
#556 = AXIS2_PLACEMENT_3D('',#557,#558,#559);
#557 = CARTESIAN_POINT('',(0.,0.,16.4));
#558 = DIRECTION('',(0.,0.,-1.));
#559 = DIRECTION('',(1.,0.,0.));
#560 = ORIENTED_EDGE('',*,*,#561,.T.);
#561 = EDGE_CURVE('',#553,#536,#562,.T.);
#562 = LINE('',#563,#564);
#563 = CARTESIAN_POINT('',(-2.,-4.701063709417,5.));
#564 = VECTOR('',#565,1.);
#565 = DIRECTION('',(-0.,-0.,-1.));
#566 = FACE_BOUND('',#567,.F.);
#567 = EDGE_LOOP('',(#568,#595,#674));
#568 = ORIENTED_EDGE('',*,*,#569,.F.);
#569 = EDGE_CURVE('',#570,#572,#574,.T.);
#570 = VERTEX_POINT('',#571);
#571 = CARTESIAN_POINT('',(-5.108815909778,-1.169139999472E-16,5.6));
#572 = VERTEX_POINT('',#573);
#573 = CARTESIAN_POINT('',(-3.159962477875,4.014304066513,9.3));
#574 = ( BOUNDED_CURVE() B_SPLINE_CURVE(7,(#575,#576,#577,#578,#579,#580
    ,#581,#582,#583,#584,#585,#586,#587,#588,#589,#590,#591,#592,#593,
#594),.UNSPECIFIED.,.F.,.F.) B_SPLINE_CURVE_WITH_KNOTS((8,6,6,8),(
    10.703664462793,11.85299447751,13.826729348464,16.058737162463),
.UNSPECIFIED.) CURVE() GEOMETRIC_REPRESENTATION_ITEM() 
RATIONAL_B_SPLINE_CURVE((1.031393471788,1.031393471787,1.031622359125,
    1.032077231834,1.032745276717,1.03360603611,1.034633674649,
    1.037800872065,1.040212073412,1.042969913987,1.045984069373,
    1.049230523176,1.052705527918,1.06047909142,1.064831343392,
    1.069301806096,1.073771670092,1.077985304286,1.080015926118,
1.080016620298)) REPRESENTATION_ITEM('') );
#575 = CARTESIAN_POINT('',(-5.108815909778,1.134385010321E-15,5.6));
#576 = CARTESIAN_POINT('',(-5.108815909784,0.221240228964,5.599999999995
    ));
#577 = CARTESIAN_POINT('',(-5.09762611775,0.441868863017,5.613118436993)
  );
#578 = CARTESIAN_POINT('',(-5.075411249257,0.659041889664,5.639150844322
    ));
#579 = CARTESIAN_POINT('',(-5.042916866819,0.870586091322,5.677348351115
    ));
#580 = CARTESIAN_POINT('',(-5.001331446154,1.074808681204,5.726529641921
    ));
#581 = CARTESIAN_POINT('',(-4.952147069001,1.270302074622,5.785194486916
    ));
#582 = CARTESIAN_POINT('',(-4.802640305567,1.773232032387,5.96539093417)
  );
#583 = CARTESIAN_POINT('',(-4.690647485473,2.06222279523,6.102196614422)
  );
#584 = CARTESIAN_POINT('',(-4.565504335744,2.327869957076,6.258103568122
    ));
#585 = CARTESIAN_POINT('',(-4.432328260476,2.567679298621,6.428786968172
    ));
#586 = CARTESIAN_POINT('',(-4.293459511039,2.787440007863,6.613206992422
    ));
#587 = CARTESIAN_POINT('',(-4.150238375131,2.988275925104,6.812566767485
    ));
#588 = CARTESIAN_POINT('',(-3.843326123328,3.375979089657,7.271970059857
    ));
#589 = CARTESIAN_POINT('',(-3.679295032075,3.558015072856,7.535994717749
    ));
#590 = CARTESIAN_POINT('',(-3.517959998353,3.717271313334,7.826494412564
    ));
#591 = CARTESIAN_POINT('',(-3.36553297449,3.85348070065,8.14153376165));
#592 = CARTESIAN_POINT('',(-3.226730922756,3.961581684083,8.508771126697
    ));
#593 = CARTESIAN_POINT('',(-3.159980302934,4.01429003506,8.905104880331)
  );
#594 = CARTESIAN_POINT('',(-3.159962477875,4.014304066513,9.3));
#595 = ORIENTED_EDGE('',*,*,#596,.F.);
#596 = EDGE_CURVE('',#597,#570,#599,.T.);
#597 = VERTEX_POINT('',#598);
#598 = CARTESIAN_POINT('',(-5.108815909778,-1.169139999472E-16,13.));
#599 = ( BOUNDED_CURVE() B_SPLINE_CURVE(13,(#600,#601,#602,#603,#604,
    #605,#606,#607,#608,#609,#610,#611,#612,#613,#614,#615,#616,#617,
    #618,#619,#620,#621,#622,#623,#624,#625,#626,#627,#628,#629,#630,
    #631,#632,#633,#634,#635,#636,#637,#638,#639,#640,#641,#642,#643,
    #644,#645,#646,#647,#648,#649,#650,#651,#652,#653,#654,#655,#656,
    #657,#658,#659,#660,#661,#662,#663,#664,#665,#666,#667,#668,#669,
    #670,#671,#672,#673),.UNSPECIFIED.,.F.,.F.) 
B_SPLINE_CURVE_WITH_KNOTS((14,12,12,12,12,12,14),(3.009449879481E-16,
    1.148485557477,3.120770325912,5.351087140603,7.580902081294,
8.995919898947,10.703664462793),.UNSPECIFIED.) CURVE() 
GEOMETRIC_REPRESENTATION_ITEM() RATIONAL_B_SPLINE_CURVE((1.031393471788,
    1.031393471787,1.031455377148,1.031578571247,1.031762069249,
    1.032004531134,1.032304274763,1.03265928889,1.033067246234,
    1.033525516499,1.034031179427,1.034581037838,1.035171630672,
    1.036877044706,1.03806511366,1.039355750938,1.040739913895,
    1.042208747978,1.043754545718,1.04537120162,1.047054230214,
    1.048800412379,1.050607137532,1.052471506848,1.054389264697,
    1.058574978575,1.060857387252,1.063187565023,1.065551724438,
    1.067933511739,1.070306200196,1.072623041198,1.074809672518,
    1.076762484507,1.078356843572,1.079469073557,1.080016094656,
    1.080017145553,1.079469977842,1.078359141398,1.076766439393,
    1.07481399452,1.072626192206,1.070307745765,1.067934601709,
    1.065554405259,1.063193243816,1.060865388568,1.058582752237,
    1.054950743379,1.053564680139,1.052205074577,1.050873887512,
    1.04957268549,1.048302767603,1.047065291904,1.04586140238,
    1.044692355277,1.04355964606,1.042465135844,1.041411178205,
    1.039181283706,1.03802221338,1.036958204496,1.035846712786,
    1.035152476048,1.033949557546,1.033514382297,1.032659010181,
    1.032229390449,1.03179434418,1.031529937987,1.031393471788,
1.031393471788)) REPRESENTATION_ITEM('') );
#600 = CARTESIAN_POINT('',(-5.108815909778,-1.169139999472E-16,13.));
#601 = CARTESIAN_POINT('',(-5.108815909778,-0.119518244991,13.));
#602 = CARTESIAN_POINT('',(-5.105789128968,-0.238606745971,
    12.996451515334));
#603 = CARTESIAN_POINT('',(-5.099767444235,-0.357035885539,
    12.989393286121));
#604 = CARTESIAN_POINT('',(-5.090806093802,-0.474573529763,
    12.978884772497));
#605 = CARTESIAN_POINT('',(-5.078982526974,-0.590987391259,
    12.965005610449));
#606 = CARTESIAN_POINT('',(-5.064395222321,-0.706047371711,
    12.947855034877));
#607 = CARTESIAN_POINT('',(-5.047162478736,-0.819527878247,
    12.927551273592));
#608 = CARTESIAN_POINT('',(-5.027421183351,-0.931210109397,
    12.904230915821));
#609 = CARTESIAN_POINT('',(-5.005325561713,-1.040884305818,
    12.878048259676));
#610 = CARTESIAN_POINT('',(-4.981045914453,-1.148351962788,
    12.849174642804));
#611 = CARTESIAN_POINT('',(-4.954767346102,-1.253428001049,
    12.817797760926));
#612 = CARTESIAN_POINT('',(-4.926688490597,-1.355942894258,
    12.784120978985));
#613 = CARTESIAN_POINT('',(-4.846154993661,-1.626851763412,
    12.687056139246));
#614 = CARTESIAN_POINT('',(-4.790536397014,-1.790276192824,
    12.61952852208));
#615 = CARTESIAN_POINT('',(-4.730716516858,-1.946639913462,
    12.546269903074));
#616 = CARTESIAN_POINT('',(-4.667280357814,-2.096190821267,
    12.467789919981));
#617 = CARTESIAN_POINT('',(-4.600788349811,-2.2390658486,12.384556352994
    ));
#618 = CARTESIAN_POINT('',(-4.531740992345,-2.375433330863,
    12.296953923027));
#619 = CARTESIAN_POINT('',(-4.460562871312,-2.50554296749,
    12.205260440513));
#620 = CARTESIAN_POINT('',(-4.387603213975,-2.629711396958,
    12.109637416188));
#621 = CARTESIAN_POINT('',(-4.313150146478,-2.748271073888,
    12.010132240444));
#622 = CARTESIAN_POINT('',(-4.237455851226,-2.86150973533,
    11.906689062734));
#623 = CARTESIAN_POINT('',(-4.160769875247,-2.969627302894,
    11.79916555204));
#624 = CARTESIAN_POINT('',(-4.083377907608,-3.072736596632,
    11.687352773993));
#625 = CARTESIAN_POINT('',(-3.918086596212,-3.281538832543,
    11.439935564555));
#626 = CARTESIAN_POINT('',(-3.830084868647,-3.385903182228,
    11.30321211411));
#627 = CARTESIAN_POINT('',(-3.742186395614,-3.48405403865,
    11.160171158791));
#628 = CARTESIAN_POINT('',(-3.655026117221,-3.575996532218,
    11.010522125605));
#629 = CARTESIAN_POINT('',(-3.569271412765,-3.661642105756,
    10.853729111458));
#630 = CARTESIAN_POINT('',(-3.485810497516,-3.740682631249,
    10.688894784486));
#631 = CARTESIAN_POINT('',(-3.406040483078,-3.812462887947,
    10.514979886948));
#632 = CARTESIAN_POINT('',(-3.332117902293,-3.875899856351,
    10.331207681044));
#633 = CARTESIAN_POINT('',(-3.26704076139,-3.929493651966,
    10.137510730017));
#634 = CARTESIAN_POINT('',(-3.214436615975,-3.971472490493,
    9.934887800003));
#635 = CARTESIAN_POINT('',(-3.177932676167,-4.000114317338,
    9.725550790603));
#636 = CARTESIAN_POINT('',(-3.159977051436,-4.01429259456,9.512752350941
    ));
#637 = CARTESIAN_POINT('',(-3.159947919711,-4.014315526345,
    9.087673968047));
#638 = CARTESIAN_POINT('',(-3.177902024354,-4.000131643827,
    8.874764471573));
#639 = CARTESIAN_POINT('',(-3.214350130711,-3.971540020829,8.6654443367)
  );
#640 = CARTESIAN_POINT('',(-3.266892710807,-3.929621379481,
    8.462889491272));
#641 = CARTESIAN_POINT('',(-3.331956828772,-3.876043735086,
    8.269186431734));
#642 = CARTESIAN_POINT('',(-3.405922538876,-3.812568986202,8.08530083635
    ));
#643 = CARTESIAN_POINT('',(-3.485751878033,-3.740733948818,
    7.911239313405));
#644 = CARTESIAN_POINT('',(-3.569231185096,-3.661677423855,
    7.746342884538));
#645 = CARTESIAN_POINT('',(-3.654930219697,-3.576089981828,7.58964157003
    ));
#646 = CARTESIAN_POINT('',(-3.741982161541,-3.484264138814,
    7.440189282306));
#647 = CARTESIAN_POINT('',(-3.829793089743,-3.386221031219,
    7.297289583844));
#648 = CARTESIAN_POINT('',(-3.917794983358,-3.281886963303,
    7.160516286657));
#649 = CARTESIAN_POINT('',(-4.061121463286,-3.100864617464,6.94595397358
    ));
#650 = CARTESIAN_POINT('',(-4.116708260645,-3.027896047022,
    6.864811303999));
#651 = CARTESIAN_POINT('',(-4.171990195494,-2.95237082727,6.785909040586
    ));
#652 = CARTESIAN_POINT('',(-4.226849464399,-2.874251455044,
    6.709171879816));
#653 = CARTESIAN_POINT('',(-4.281177963621,-2.793479593066,
    6.634541440116));
#654 = CARTESIAN_POINT('',(-4.334873124968,-2.709979382567,
    6.561977818779));
#655 = CARTESIAN_POINT('',(-4.387833679252,-2.623660837816,
    6.491461216653));
#656 = CARTESIAN_POINT('',(-4.439955349918,-2.534423328029,
    6.422993624913));
#657 = CARTESIAN_POINT('',(-4.491126480556,-2.442159152788,
    6.356600565595));
#658 = CARTESIAN_POINT('',(-4.541223600975,-2.346757216973,
    6.292332880833));
#659 = CARTESIAN_POINT('',(-4.590106937901,-2.248106812105,
    6.230268561658));
#660 = CARTESIAN_POINT('',(-4.637615877618,-2.146101511146,
    6.170514609502));
#661 = CARTESIAN_POINT('',(-4.739137330289,-1.913095435319,
    6.043899914394));
#662 = CARTESIAN_POINT('',(-4.792561847457,-1.780056708687,
    5.978014571017));
#663 = CARTESIAN_POINT('',(-4.842066148564,-1.646098481984,5.9175475038)
  );
#664 = CARTESIAN_POINT('',(-4.894338187127,-1.488736456418,
    5.854301915439));
#665 = CARTESIAN_POINT('',(-4.927634295041,-1.37294791072,5.81435558289)
  );
#666 = CARTESIAN_POINT('',(-4.983906996707,-1.176163344884,
    5.747021286014));
#667 = CARTESIAN_POINT('',(-5.006707290202,-1.049121536188,5.72025798753
    ));
#668 = CARTESIAN_POINT('',(-5.046401739728,-0.865243862323,
    5.673199666267));
#669 = CARTESIAN_POINT('',(-5.068358907424,-0.703002458313,5.6474708992)
  );
#670 = CARTESIAN_POINT('',(-5.089125772363,-0.528630850162,
    5.623073923402));
#671 = CARTESIAN_POINT('',(-5.102152115949,-0.353683519194,
    5.607811771915));
#672 = CARTESIAN_POINT('',(-5.108815909773,-0.177009652989,
    5.600000000004));
#673 = CARTESIAN_POINT('',(-5.108815909778,-1.169139999472E-16,5.6));
#674 = ORIENTED_EDGE('',*,*,#675,.F.);
#675 = EDGE_CURVE('',#572,#597,#676,.T.);
#676 = ( BOUNDED_CURVE() B_SPLINE_CURVE(7,(#677,#678,#679,#680,#681,#682
    ,#683,#684,#685,#686,#687,#688,#689,#690,#691,#692,#693,#694,#695,
#696),.UNSPECIFIED.,.F.,.F.) B_SPLINE_CURVE_WITH_KNOTS((8,6,6,8),(
    16.058737162463,18.290140515595,20.259544158749,21.41347103531),
.UNSPECIFIED.) CURVE() GEOMETRIC_REPRESENTATION_ITEM() 
RATIONAL_B_SPLINE_CURVE((1.080016620298,1.08001731429,1.077983744959,
    1.073785862936,1.069289856152,1.064838136004,1.060486437786,
    1.052719772544,1.049250278243,1.046015042262,1.042998518718,
    1.04024885872,1.037837299387,1.034659704342,1.033623769131,
    1.032756643982,1.032083951619,1.03162530947,1.031393471788,
1.031393471788)) REPRESENTATION_ITEM('') );
#677 = CARTESIAN_POINT('',(-3.159962477875,4.014304066513,9.3));
#678 = CARTESIAN_POINT('',(-3.159944662569,4.014318090288,9.694536056381
    ));
#679 = CARTESIAN_POINT('',(-3.226756816842,3.961536964463,
    10.091351282925));
#680 = CARTESIAN_POINT('',(-3.365035340988,3.85395315296,10.457286244687
    ));
#681 = CARTESIAN_POINT('',(-3.51836975801,3.716886095451,10.774441299993
    ));
#682 = CARTESIAN_POINT('',(-3.679058856998,3.558214483622,11.0634745445)
  );
#683 = CARTESIAN_POINT('',(-3.843065776084,3.376270350307,
    11.327611751218));
#684 = CARTESIAN_POINT('',(-4.1496561321,2.989044822292,11.78658597828)
  );
#685 = CARTESIAN_POINT('',(-4.292614532269,2.788641283682,
    11.985624962005));
#686 = CARTESIAN_POINT('',(-4.431057545793,2.569755338661,
    12.169535357259));
#687 = CARTESIAN_POINT('',(-4.564196065275,2.330221150469,
    12.340224280114));
#688 = CARTESIAN_POINT('',(-4.688981259143,2.06578666654,12.495726176654
    ));
#689 = CARTESIAN_POINT('',(-4.800946022358,1.777627662904,
    12.632540019876));
#690 = CARTESIAN_POINT('',(-4.950902592311,1.275236982122,
    12.813320987017));
#691 = CARTESIAN_POINT('',(-5.00047252337,1.079124939692,12.872453936308
    ));
#692 = CARTESIAN_POINT('',(-5.042360716245,0.874123310142,
    12.921997402773));
#693 = CARTESIAN_POINT('',(-5.075081716507,0.661843509148,
    12.960462615609));
#694 = CARTESIAN_POINT('',(-5.097482272863,0.444121936124,
    12.986712805212));
#695 = CARTESIAN_POINT('',(-5.108815909778,0.222883124632,13.));
#696 = CARTESIAN_POINT('',(-5.108815909778,1.134385010321E-15,13.));
#697 = CYLINDRICAL_SURFACE('',#698,5.108815909778);
#698 = AXIS2_PLACEMENT_3D('',#699,#700,#701);
#699 = CARTESIAN_POINT('',(0.,0.,5.));
#700 = DIRECTION('',(-0.,-0.,-1.));
#701 = DIRECTION('',(1.,0.,0.));
#702 = ADVANCED_FACE('',(#703),#721,.T.);
#703 = FACE_BOUND('',#704,.T.);
#704 = EDGE_LOOP('',(#705,#712,#719,#720));
#705 = ORIENTED_EDGE('',*,*,#706,.T.);
#706 = EDGE_CURVE('',#50,#707,#709,.T.);
#707 = VERTEX_POINT('',#708);
#708 = CARTESIAN_POINT('',(6.75,0.,28.8));
#709 = B_SPLINE_CURVE_WITH_KNOTS('',1,(#710,#711),.UNSPECIFIED.,.F.,.F.,
  (2,2),(-5.,0.),.PIECEWISE_BEZIER_KNOTS.);
#710 = CARTESIAN_POINT('',(6.75,0.,23.8));
#711 = CARTESIAN_POINT('',(6.75,0.,28.8));
#712 = ORIENTED_EDGE('',*,*,#713,.F.);
#713 = EDGE_CURVE('',#707,#707,#714,.T.);
#714 = CIRCLE('',#715,6.75);
#715 = AXIS2_PLACEMENT_3D('',#716,#717,#718);
#716 = CARTESIAN_POINT('',(0.,0.,28.8));
#717 = DIRECTION('',(0.,0.,1.));
#718 = DIRECTION('',(1.,0.,0.));
#719 = ORIENTED_EDGE('',*,*,#706,.F.);
#720 = ORIENTED_EDGE('',*,*,#60,.T.);
#721 = CYLINDRICAL_SURFACE('',#722,6.75);
#722 = AXIS2_PLACEMENT_3D('',#723,#724,#725);
#723 = CARTESIAN_POINT('',(0.,0.,28.8));
#724 = DIRECTION('',(0.,0.,1.));
#725 = DIRECTION('',(1.,0.,0.));
#726 = ADVANCED_FACE('',(#727),#777,.F.);
#727 = FACE_BOUND('',#728,.F.);
#728 = EDGE_LOOP('',(#729,#741,#766,#776));
#729 = ORIENTED_EDGE('',*,*,#730,.T.);
#730 = EDGE_CURVE('',#76,#731,#733,.T.);
#731 = VERTEX_POINT('',#732);
#732 = CARTESIAN_POINT('',(2.912549960516,3.3,9.3));
#733 = ( BOUNDED_CURVE() B_SPLINE_CURVE(6,(#734,#735,#736,#737,#738,#739
,#740),.UNSPECIFIED.,.F.,.F.) B_SPLINE_CURVE_WITH_KNOTS((7,7),(0.,
5.35507269967),.PIECEWISE_BEZIER_KNOTS.) CURVE() 
GEOMETRIC_REPRESENTATION_ITEM() RATIONAL_B_SPLINE_CURVE((1.080016620298,
    1.023814727394,0.994937361155,0.985303459801,0.994937361155,
1.023814727394,1.080016620298)) REPRESENTATION_ITEM('') );
#734 = CARTESIAN_POINT('',(3.159962477875,4.014304066513,9.3));
#735 = CARTESIAN_POINT('',(3.296705237329,3.906663493606,9.299894991176)
  );
#736 = CARTESIAN_POINT('',(3.369034782744,3.73693591353,9.299917280935)
  );
#737 = CARTESIAN_POINT('',(3.352478125125,3.547622687813,9.299934996911)
  );
#738 = CARTESIAN_POINT('',(3.248391532076,3.38862708493,9.299943248071)
  );
#739 = CARTESIAN_POINT('',(3.086576035935,3.299999999483,9.29994021918)
  );
#740 = CARTESIAN_POINT('',(2.912549960516,3.3,9.3));
#741 = ORIENTED_EDGE('',*,*,#742,.T.);
#742 = EDGE_CURVE('',#731,#743,#745,.T.);
#743 = VERTEX_POINT('',#744);
#744 = CARTESIAN_POINT('',(4.708815909778,-1.049232288409E-15,12.6));
#745 = ( BOUNDED_CURVE() B_SPLINE_CURVE(7,(#746,#747,#748,#749,#750,#751
    ,#752,#753,#754,#755,#756,#757,#758,#759,#760,#761,#762,#763,#764,
#765),.UNSPECIFIED.,.F.,.F.) B_SPLINE_CURVE_WITH_KNOTS((8,6,6,8),(
    16.058737162463,18.290140515595,20.259544158749,21.41347103531),
.UNSPECIFIED.) CURVE() GEOMETRIC_REPRESENTATION_ITEM() 
RATIONAL_B_SPLINE_CURVE((1.080016620298,1.08001731429,1.077983744959,
    1.073785862936,1.069289856152,1.064838136004,1.060486437786,
    1.052719772544,1.049250278243,1.046015042262,1.042998518718,
    1.04024885872,1.037837299387,1.034659704342,1.033623769131,
    1.032756643982,1.032083951619,1.03162530947,1.031393471788,
1.031393471788)) REPRESENTATION_ITEM('') );
#746 = CARTESIAN_POINT('',(2.912549960516,3.3,9.3));
#747 = CARTESIAN_POINT('',(2.912536949042,3.300007732955,9.651604625052)
  );
#748 = CARTESIAN_POINT('',(2.973869852837,3.256395787321,10.004984171493
    ));
#749 = CARTESIAN_POINT('',(3.101089002059,3.16703596253,10.331886350226)
  );
#750 = CARTESIAN_POINT('',(3.241878065334,3.054731768642,10.613381593788
    ));
#751 = CARTESIAN_POINT('',(3.390095128127,2.924055527005,10.871922982549
    ));
#752 = CARTESIAN_POINT('',(3.541211071399,2.774652669927,11.107377725282
    ));
#753 = CARTESIAN_POINT('',(3.823852817244,2.456666729614,11.516826996063
    ));
#754 = CARTESIAN_POINT('',(3.955671915506,2.292219908089,11.694425443383
    ));
#755 = CARTESIAN_POINT('',(4.083678322081,2.111615905417,11.858978444664
    ));
#756 = CARTESIAN_POINT('',(4.205975214642,1.916323302012,12.010584134818
    ));
#757 = CARTESIAN_POINT('',(4.32164742664,1.697483793449,12.150137616933)
  );
#758 = CARTESIAN_POINT('',(4.424687719997,1.461470288324,12.271902352817
    ));
#759 = CARTESIAN_POINT('',(4.563149613705,1.048198904179,12.433409677336
    ));
#760 = CARTESIAN_POINT('',(4.608844740898,0.887129011349,12.486138992781
    ));
#761 = CARTESIAN_POINT('',(4.647478616479,0.718664575615,12.530343559723
    ));
#762 = CARTESIAN_POINT('',(4.677687790074,0.544102858271,12.564703860163
    ));
#763 = CARTESIAN_POINT('',(4.698371574474,0.365066495652,12.588156443871
    ));
#764 = CARTESIAN_POINT('',(4.708815909778,0.183222766256,12.6));
#765 = CARTESIAN_POINT('',(4.708815909778,-1.049232288409E-15,12.6));
#766 = ORIENTED_EDGE('',*,*,#767,.F.);
#767 = EDGE_CURVE('',#78,#743,#768,.T.);
#768 = ( BOUNDED_CURVE() B_SPLINE_CURVE(6,(#769,#770,#771,#772,#773,#774
,#775),.UNSPECIFIED.,.F.,.F.) B_SPLINE_CURVE_WITH_KNOTS((7,7),(0.,
10.703664462793),.PIECEWISE_BEZIER_KNOTS.) CURVE() 
GEOMETRIC_REPRESENTATION_ITEM() RATIONAL_B_SPLINE_CURVE((1.031393471788,
    1.010025407661,0.997924642725,0.993958444137,0.997924642725,
1.010025407661,1.031393471788)) REPRESENTATION_ITEM('') );
#769 = CARTESIAN_POINT('',(5.108815909778,-1.251299010269E-15,13.));
#770 = CARTESIAN_POINT('',(5.108815909778,-8.881784197001E-16,
    12.893065286739));
#771 = CARTESIAN_POINT('',(5.074814169524,-1.33226762955E-15,
    12.788916570967));
#772 = CARTESIAN_POINT('',(5.009583715059,-1.7763568394E-15,
    12.699232194719));
#773 = CARTESIAN_POINT('',(4.919899338811,-1.33226762955E-15,
    12.634001740253));
#774 = CARTESIAN_POINT('',(4.815750623039,-1.33226762955E-15,12.6));
#775 = CARTESIAN_POINT('',(4.708815909778,-1.049232288409E-15,12.6));
#776 = ORIENTED_EDGE('',*,*,#75,.F.);
#777 = ( BOUNDED_SURFACE() B_SPLINE_SURFACE(6,7,(
    (#778,#779,#780,#781,#782,#783,#784,#785,#786,#787,#788,#789,#790
      ,#791,#792,#793,#794,#795,#796,#797)
    ,(#798,#799,#800,#801,#802,#803,#804,#805,#806,#807,#808,#809,#810
      ,#811,#812,#813,#814,#815,#816,#817)
    ,(#818,#819,#820,#821,#822,#823,#824,#825,#826,#827,#828,#829,#830
      ,#831,#832,#833,#834,#835,#836,#837)
    ,(#838,#839,#840,#841,#842,#843,#844,#845,#846,#847,#848,#849,#850
      ,#851,#852,#853,#854,#855,#856,#857)
    ,(#858,#859,#860,#861,#862,#863,#864,#865,#866,#867,#868,#869,#870
      ,#871,#872,#873,#874,#875,#876,#877)
    ,(#878,#879,#880,#881,#882,#883,#884,#885,#886,#887,#888,#889,#890
      ,#891,#892,#893,#894,#895,#896,#897)
    ,(#898,#899,#900,#901,#902,#903,#904,#905,#906,#907,#908,#909,#910
      ,#911,#912,#913,#914,#915,#916,#917
)),.UNSPECIFIED.,.F.,.F.,.F.) B_SPLINE_SURFACE_WITH_KNOTS((7,7),(8,6,6,8
    ),(0.,5.354733872847),(16.058737162463,18.290140515595,
    20.259544158749,21.41347103531),.UNSPECIFIED.) 
GEOMETRIC_REPRESENTATION_ITEM() RATIONAL_B_SPLINE_SURFACE((
    (1.080016620298,1.08001731429,1.077983744959,1.073785862936
      ,1.069289856152,1.064838136004,1.060486437786,1.052719772544
      ,1.049250278243,1.046015042262,1.042998518718,1.04024885872
      ,1.037837299387,1.034659704342,1.033623769131,1.032756643982
      ,1.032083951619,1.03162530947,1.031393471788,1.031393471788)
    ,(1.023814727394,1.023814909132,1.023281910401,1.022185848155
      ,1.02097201301,1.019751412259,1.018537635894,1.016339628384
      ,1.015343900183,1.014403053501,1.013515983242,1.012698721102
      ,1.011976161902,1.011018547821,1.010704910735,1.010441331237
      ,1.010236242195,1.010096188683,1.010025407661,1.010025407661)
    ,(0.994937361155,0.994937321709,0.995053023222,0.995290799779
      ,0.995555822417,0.99582203079,0.996086622363,0.99656489683
      ,0.996781201875,0.996985059524,0.99717669352,0.997352634563
      ,0.997507715714,0.997712772686,0.997779809871,0.997836050172
      ,0.997879750604,0.997909570644,0.997924642725,0.997924642725)
    ,(0.985303459801,0.985303340529,0.985652944431,0.986373705144
      ,0.987154072953,0.987932292859,0.98869884114,0.99007690047
      ,0.990696829254,0.991279074388,0.991825517902,0.992326929623
      ,0.992768999349,0.993353741844,0.99354496184,0.993705461602
      ,0.993830233615,0.993915399877,0.993958444137,0.993958444137)
    ,(0.994937361155,0.994937321709,0.995053023222,0.995290799779
      ,0.995555822417,0.99582203079,0.996086622363,0.99656489683
      ,0.996781201875,0.996985059524,0.99717669352,0.997352634563
      ,0.997507715714,0.997712772686,0.997779809871,0.997836050172
      ,0.997879750604,0.997909570644,0.997924642725,0.997924642725)
    ,(1.023814727394,1.023814909132,1.023281910401,1.022185848155
      ,1.02097201301,1.019751412259,1.018537635894,1.016339628384
      ,1.015343900183,1.014403053501,1.013515983242,1.012698721102
      ,1.011976161902,1.011018547821,1.010704910735,1.010441331237
      ,1.010236242195,1.010096188683,1.010025407661,1.010025407661)
    ,(1.080016620298,1.08001731429,1.077983744959,1.073785862936
      ,1.069289856152,1.064838136004,1.060486437786,1.052719772544
      ,1.049250278243,1.046015042262,1.042998518718,1.04024885872
      ,1.037837299387,1.034659704342,1.033623769131,1.032756643982
      ,1.032083951619,1.03162530947,1.031393471788,1.031393471788
))) REPRESENTATION_ITEM('') SURFACE() );
#778 = CARTESIAN_POINT('',(3.159962477875,4.014304066513,9.3));
#779 = CARTESIAN_POINT('',(3.159944662569,4.014318090288,9.694536056381)
  );
#780 = CARTESIAN_POINT('',(3.226756816842,3.961536964463,10.091351282925
    ));
#781 = CARTESIAN_POINT('',(3.365035340988,3.85395315296,10.457286244687)
  );
#782 = CARTESIAN_POINT('',(3.51836975801,3.716886095451,10.774441299993)
  );
#783 = CARTESIAN_POINT('',(3.679058856998,3.558214483622,11.0634745445)
  );
#784 = CARTESIAN_POINT('',(3.843065776084,3.376270350307,11.327611751218
    ));
#785 = CARTESIAN_POINT('',(4.1496561321,2.989044822292,11.78658597828));
#786 = CARTESIAN_POINT('',(4.292614532269,2.788641283682,11.985624962005
    ));
#787 = CARTESIAN_POINT('',(4.431057545793,2.569755338661,12.169535357259
    ));
#788 = CARTESIAN_POINT('',(4.564196065275,2.330221150469,12.340224280114
    ));
#789 = CARTESIAN_POINT('',(4.688981259143,2.06578666654,12.495726176654)
  );
#790 = CARTESIAN_POINT('',(4.800946022358,1.777627662904,12.632540019876
    ));
#791 = CARTESIAN_POINT('',(4.950902592311,1.275236982122,12.813320987017
    ));
#792 = CARTESIAN_POINT('',(5.00047252337,1.079124939692,12.872453936308)
  );
#793 = CARTESIAN_POINT('',(5.042360716245,0.874123310142,12.921997402773
    ));
#794 = CARTESIAN_POINT('',(5.075081716507,0.661843509148,12.960462615609
    ));
#795 = CARTESIAN_POINT('',(5.097482272863,0.444121936124,12.986712805212
    ));
#796 = CARTESIAN_POINT('',(5.108815909778,0.222883124632,13.));
#797 = CARTESIAN_POINT('',(5.108815909778,0.,13.));
#798 = CARTESIAN_POINT('',(3.296705237329,3.906663493606,9.299894991176)
  );
#799 = CARTESIAN_POINT('',(3.296690314393,3.90667622361,9.67555210736));
#800 = CARTESIAN_POINT('',(3.357886765952,3.854657164509,10.052126682962
    ));
#801 = CARTESIAN_POINT('',(3.483924321164,3.74897518839,10.400214513057)
  );
#802 = CARTESIAN_POINT('',(3.624390876801,3.615211254832,10.705234147052
    ));
#803 = CARTESIAN_POINT('',(3.772648797631,3.460213884006,10.985104302407
    ));
#804 = CARTESIAN_POINT('',(3.924642730899,3.282605354934,11.242544854452
    ));
#805 = CARTESIAN_POINT('',(4.209302967544,2.905425260323,11.691148703227
    ));
#806 = CARTESIAN_POINT('',(4.342240351139,2.710753906482,11.886417134121
    ));
#807 = CARTESIAN_POINT('',(4.471628777576,2.497772070019,12.067915491563
    ));
#808 = CARTESIAN_POINT('',(4.596249188089,2.26513064683,12.236668879144)
  );
#809 = CARTESIAN_POINT('',(4.713624175689,2.007512136301,12.391261529471
    ));
#810 = CARTESIAN_POINT('',(4.818953292272,1.727199224575,12.527283482129
    ));
#811 = CARTESIAN_POINT('',(4.96007618992,1.238696893056,12.707136858416)
  );
#812 = CARTESIAN_POINT('',(5.006711928755,1.048263102464,12.765955657458
    ));
#813 = CARTESIAN_POINT('',(5.046167440355,0.849134453726,12.815300823712
    ));
#814 = CARTESIAN_POINT('',(5.077015642555,0.642886040767,12.853650266734
    ));
#815 = CARTESIAN_POINT('',(5.098138381377,0.431348889846,12.879827729597
    ));
#816 = CARTESIAN_POINT('',(5.108815909778,0.216441460067,12.893065286739
    ));
#817 = CARTESIAN_POINT('',(5.108815909778,3.996802888651E-15,
    12.893065286739));
#818 = CARTESIAN_POINT('',(3.369034782744,3.73693591353,9.299917280935)
  );
#819 = CARTESIAN_POINT('',(3.369022675255,3.736946244922,9.655922109859)
  );
#820 = CARTESIAN_POINT('',(3.425231054622,3.688491429328,10.012233899396
    ));
#821 = CARTESIAN_POINT('',(3.540723759003,3.590207876936,10.343248127175
    ));
#822 = CARTESIAN_POINT('',(3.670301904587,3.465482360465,10.636382790433
    ));
#823 = CARTESIAN_POINT('',(3.808318511201,3.319713510755,10.907532247753
    ));
#824 = CARTESIAN_POINT('',(3.950606610543,3.151821659205,11.158506129801
    ));
#825 = CARTESIAN_POINT('',(4.218191961166,2.793792909983,11.597603063911
    ));
#826 = CARTESIAN_POINT('',(4.343584007762,2.608611981133,11.789566084623
    ));
#827 = CARTESIAN_POINT('',(4.466285780548,2.405026994665,11.96890075908)
  );
#828 = CARTESIAN_POINT('',(4.584652512299,2.182598437537,12.135838288345
    ));
#829 = CARTESIAN_POINT('',(4.696748395305,1.934857982921,12.289544123287
    ));
#830 = CARTESIAN_POINT('',(4.797358262521,1.665297676567,12.42474317609)
  );
#831 = CARTESIAN_POINT('',(4.932342759199,1.19472416669,12.603713239446)
  );
#832 = CARTESIAN_POINT('',(4.976958440372,1.011307181115,12.662242648229
    ));
#833 = CARTESIAN_POINT('',(5.014749566062,0.819346330018,12.711394455761
    ));
#834 = CARTESIAN_POINT('',(5.044324655863,0.620379906034,12.749625029553
    ));
#835 = CARTESIAN_POINT('',(5.064581896694,0.416239310586,12.775727291828
    ));
#836 = CARTESIAN_POINT('',(5.074814169524,0.208844557411,12.788916570967
    ));
#837 = CARTESIAN_POINT('',(5.074814169524,3.552713678801E-15,
    12.788916570967));
#838 = CARTESIAN_POINT('',(3.352478125125,3.547622687813,9.299934996911)
  );
#839 = CARTESIAN_POINT('',(3.352467772514,3.547630456058,9.641019106539)
  );
#840 = CARTESIAN_POINT('',(3.40627500047,3.503746049151,9.982141483964)
  );
#841 = CARTESIAN_POINT('',(3.51676023744,3.414814318122,10.300452661053)
  );
#842 = CARTESIAN_POINT('',(3.641271715454,3.300848622966,10.584141513789
    ));
#843 = CARTESIAN_POINT('',(3.774581204477,3.166042878186,10.84803829442)
  );
#844 = CARTESIAN_POINT('',(3.912405162047,3.009550157629,11.093159697888
    ));
#845 = CARTESIAN_POINT('',(4.172209424349,2.673463158508,11.523230257893
    ));
#846 = CARTESIAN_POINT('',(4.294195138244,2.498841221545,11.711794178221
    ));
#847 = CARTESIAN_POINT('',(4.413914611971,2.305707016177,11.88850363668)
  );
#848 = CARTESIAN_POINT('',(4.52940109658,2.094485247205,12.053017712053)
  );
#849 = CARTESIAN_POINT('',(4.639182904151,1.857635005884,12.205068232954
    ));
#850 = CARTESIAN_POINT('',(4.737640739609,1.599807419959,12.338705449217
    ));
#851 = CARTESIAN_POINT('',(4.869898132782,1.148475626673,12.515823650166
    ));
#852 = CARTESIAN_POINT('',(4.913611874138,0.972469901561,12.573747328605
    ));
#853 = CARTESIAN_POINT('',(4.950662250456,0.788071923013,12.622420781139
    ));
#854 = CARTESIAN_POINT('',(4.979674575288,0.596779448165,12.660301217757
    ));
#855 = CARTESIAN_POINT('',(4.999549979261,0.400418498312,12.686168950379
    ));
#856 = CARTESIAN_POINT('',(5.009583715059,0.20090381404,12.699232194719)
  );
#857 = CARTESIAN_POINT('',(5.009583715059,3.10862446895E-15,
    12.699232194719));
#858 = CARTESIAN_POINT('',(3.248391532076,3.38862708493,9.299943248071)
  );
#859 = CARTESIAN_POINT('',(3.248381372171,3.38863320698,9.634987878298)
  );
#860 = CARTESIAN_POINT('',(3.303085644014,3.347971048302,9.970192194866)
  );
#861 = CARTESIAN_POINT('',(3.415591866581,3.265486758601,10.28319305586)
  );
#862 = CARTESIAN_POINT('',(3.542005698493,3.159101709006,10.561313628919
    ));
#863 = CARTESIAN_POINT('',(3.677052965312,3.032370821651,10.820258611079
    ));
#864 = CARTESIAN_POINT('',(3.816334355432,2.884622890186,11.060426925388
    ));
#865 = CARTESIAN_POINT('',(4.078517363034,2.565859762075,11.481872445703
    ));
#866 = CARTESIAN_POINT('',(4.201468476847,2.399706386609,11.666642029001
    ));
#867 = CARTESIAN_POINT('',(4.321995532791,2.215269742233,11.839811234285
    ));
#868 = CARTESIAN_POINT('',(4.437990254094,2.013633747964,12.000807258882
    ));
#869 = CARTESIAN_POINT('',(4.548327573104,1.786419118155,12.149868423888
    ));
#870 = CARTESIAN_POINT('',(4.647088089421,1.5392143104,12.280696225469)
  );
#871 = CARTESIAN_POINT('',(4.779813988856,1.105476510162,12.454263984641
    ));
#872 = CARTESIAN_POINT('',(4.823661516497,0.936245053707,12.511019399119
    ));
#873 = CARTESIAN_POINT('',(4.860816861441,0.758834768346,12.558716010188
    ));
#874 = CARTESIAN_POINT('',(4.889910634333,0.57469207117,12.595844691641)
  );
#875 = CARTESIAN_POINT('',(4.909840777132,0.38561477445,12.621200993367)
  );
#876 = CARTESIAN_POINT('',(4.919899338811,0.193484613151,12.634001740253
    ));
#877 = CARTESIAN_POINT('',(4.919899338811,3.10862446895E-15,
    12.634001740253));
#878 = CARTESIAN_POINT('',(3.086576035935,3.299999999483,9.29994021918)
  );
#879 = CARTESIAN_POINT('',(3.086564746553,3.300006094767,9.63909012225)
  );
#880 = CARTESIAN_POINT('',(3.144429696265,3.259534101836,9.978862059059)
  );
#881 = CARTESIAN_POINT('',(3.263805201027,3.177160951496,10.294958191495
    ));
#882 = CARTESIAN_POINT('',(3.396985374033,3.071596891195,10.572385718532
    ));
#883 = CARTESIAN_POINT('',(3.538220249057,2.946573605111,10.829408386068
    ));
#884 = CARTESIAN_POINT('',(3.683044623581,2.801560989682,11.066143317641
    ));
#885 = CARTESIAN_POINT('',(3.954638445671,2.489639365469,11.480195929705
    ));
#886 = CARTESIAN_POINT('',(4.081598522982,2.327298554285,11.661041306629
    ));
#887 = CARTESIAN_POINT('',(4.205529361809,2.147458159333,11.829912688757
    ));
#888 = CARTESIAN_POINT('',(4.324358030824,1.951559223414,11.986388023446
    ));
#889 = CARTESIAN_POINT('',(4.437151301372,1.730750850948,12.131106724699
    ));
#890 = CARTESIAN_POINT('',(4.537849915003,1.491214923102,12.25783213158)
  );
#891 = CARTESIAN_POINT('',(4.673164037453,1.070776146598,12.426020952566
    ));
#892 = CARTESIAN_POINT('',(4.717835737181,0.906750441955,12.480991288441
    ));
#893 = CARTESIAN_POINT('',(4.75565397216,0.734870272574,12.527157395605)
  );
#894 = CARTESIAN_POINT('',(4.785250360983,0.556515474012,12.563083506761
    ));
#895 = CARTESIAN_POINT('',(4.805520049052,0.373418893503,12.587615700423
    ));
#896 = CARTESIAN_POINT('',(4.815750623039,0.187383774318,12.6));
#897 = CARTESIAN_POINT('',(4.815750623039,3.552713678801E-15,12.6));
#898 = CARTESIAN_POINT('',(2.912549960516,3.3,9.3));
#899 = CARTESIAN_POINT('',(2.912536949042,3.300007732955,9.651604625052)
  );
#900 = CARTESIAN_POINT('',(2.973869852837,3.256395787321,10.004984171493
    ));
#901 = CARTESIAN_POINT('',(3.101089002059,3.16703596253,10.331886350226)
  );
#902 = CARTESIAN_POINT('',(3.241878065334,3.054731768642,10.613381593788
    ));
#903 = CARTESIAN_POINT('',(3.390095128127,2.924055527005,10.871922982549
    ));
#904 = CARTESIAN_POINT('',(3.541211071399,2.774652669927,11.107377725282
    ));
#905 = CARTESIAN_POINT('',(3.823852817244,2.456666729614,11.516826996063
    ));
#906 = CARTESIAN_POINT('',(3.955671915506,2.292219908089,11.694425443383
    ));
#907 = CARTESIAN_POINT('',(4.083678322081,2.111615905417,11.858978444664
    ));
#908 = CARTESIAN_POINT('',(4.205975214642,1.916323302012,12.010584134818
    ));
#909 = CARTESIAN_POINT('',(4.32164742664,1.697483793449,12.150137616933)
  );
#910 = CARTESIAN_POINT('',(4.424687719997,1.461470288324,12.271902352817
    ));
#911 = CARTESIAN_POINT('',(4.563149613705,1.048198904179,12.433409677336
    ));
#912 = CARTESIAN_POINT('',(4.608844740898,0.887129011349,12.486138992781
    ));
#913 = CARTESIAN_POINT('',(4.647478616479,0.718664575615,12.530343559723
    ));
#914 = CARTESIAN_POINT('',(4.677687790074,0.544102858271,12.564703860163
    ));
#915 = CARTESIAN_POINT('',(4.698371574474,0.365066495652,12.588156443871
    ));
#916 = CARTESIAN_POINT('',(4.708815909778,0.183222766256,12.6));
#917 = CARTESIAN_POINT('',(4.708815909778,-1.049232288409E-15,12.6));
#918 = ADVANCED_FACE('',(#919),#958,.F.);
#919 = FACE_BOUND('',#920,.F.);
#920 = EDGE_LOOP('',(#921,#933,#956,#957));
#921 = ORIENTED_EDGE('',*,*,#922,.T.);
#922 = EDGE_CURVE('',#247,#923,#925,.T.);
#923 = VERTEX_POINT('',#924);
#924 = CARTESIAN_POINT('',(4.708815909778,-1.857499175846E-15,6.));
#925 = ( BOUNDED_CURVE() B_SPLINE_CURVE(6,(#926,#927,#928,#929,#930,#931
,#932),.UNSPECIFIED.,.F.,.F.) B_SPLINE_CURVE_WITH_KNOTS((7,7),(0.,
10.703664462793),.PIECEWISE_BEZIER_KNOTS.) CURVE() 
GEOMETRIC_REPRESENTATION_ITEM() RATIONAL_B_SPLINE_CURVE((1.031393471788,
    1.010025407661,0.997924642725,0.993958444137,0.997924642725,
1.010025407661,1.031393471788)) REPRESENTATION_ITEM('') );
#926 = CARTESIAN_POINT('',(5.108815909778,-1.251299010269E-15,5.6));
#927 = CARTESIAN_POINT('',(5.108815909778,-1.020539208696E-10,
    5.706934713261));
#928 = CARTESIAN_POINT('',(5.074814169524,-1.07795994353E-10,
    5.811083429033));
#929 = CARTESIAN_POINT('',(5.009583715059,-1.571578422954E-10,
    5.900767805281));
#930 = CARTESIAN_POINT('',(4.919899338811,-2.452469338721E-10,
    5.965998259747));
#931 = CARTESIAN_POINT('',(4.815750623039,-3.620823640915E-10,6.));
#932 = CARTESIAN_POINT('',(4.708815909778,-1.857499175846E-15,6.));
#933 = ORIENTED_EDGE('',*,*,#934,.T.);
#934 = EDGE_CURVE('',#923,#731,#935,.T.);
#935 = ( BOUNDED_CURVE() B_SPLINE_CURVE(7,(#936,#937,#938,#939,#940,#941
    ,#942,#943,#944,#945,#946,#947,#948,#949,#950,#951,#952,#953,#954,
#955),.UNSPECIFIED.,.F.,.F.) B_SPLINE_CURVE_WITH_KNOTS((8,6,6,8),(
    10.703664462793,11.85299447751,13.826729348464,16.058737162463),
.UNSPECIFIED.) CURVE() GEOMETRIC_REPRESENTATION_ITEM() 
RATIONAL_B_SPLINE_CURVE((1.031393471788,1.031393471787,1.031622359125,
    1.032077231834,1.032745276717,1.03360603611,1.034633674649,
    1.037800872065,1.040212073412,1.042969913987,1.045984069373,
    1.049230523176,1.052705527918,1.06047909142,1.064831343392,
    1.069301806096,1.073771670092,1.077985304286,1.080015926118,
1.080016620298)) REPRESENTATION_ITEM('') );
#936 = CARTESIAN_POINT('',(4.708815909778,-1.857499175846E-15,6.));
#937 = CARTESIAN_POINT('',(4.708815909803,0.181578949834,5.999999999973)
  );
#938 = CARTESIAN_POINT('',(4.698504676795,0.363286594874,6.011692435673)
  );
#939 = CARTESIAN_POINT('',(4.677987992569,0.542012066388,6.034955990779)
  );
#940 = CARTESIAN_POINT('',(4.647983097049,0.715817765708,6.069083461479)
  );
#941 = CARTESIAN_POINT('',(4.609629124572,0.883500192625,6.112964088344)
  );
#942 = CARTESIAN_POINT('',(4.564296439426,1.044146622415,6.165267070105)
  );
#943 = CARTESIAN_POINT('',(4.426253198228,1.457851213728,6.326247751906)
  );
#944 = CARTESIAN_POINT('',(4.323138696218,1.694671016041,6.448074709595)
  );
#945 = CARTESIAN_POINT('',(4.207275869354,1.914163949139,6.587784565291)
  );
#946 = CARTESIAN_POINT('',(4.084778088894,2.110086222037,6.739635595305)
  );
#947 = CARTESIAN_POINT('',(3.956480603923,2.291168184454,6.90448552704)
  );
#948 = CARTESIAN_POINT('',(3.824388958628,2.456036231259,7.082416515636)
  );
#949 = CARTESIAN_POINT('',(3.541433511251,2.77443930791,7.492285504743)
  );
#950 = CARTESIAN_POINT('',(3.390322154359,2.923877439228,7.72760414909)
  );
#951 = CARTESIAN_POINT('',(3.241492356152,3.055053194794,7.987391434608)
  );
#952 = CARTESIAN_POINT('',(3.101577261376,3.16661779245,8.267186651967)
  );
#953 = CARTESIAN_POINT('',(2.973855792292,3.256418218779,8.594819924365)
  );
#954 = CARTESIAN_POINT('',(2.912562978652,3.299992263344,8.948154516627)
  );
#955 = CARTESIAN_POINT('',(2.912549960516,3.3,9.3));
#956 = ORIENTED_EDGE('',*,*,#730,.F.);
#957 = ORIENTED_EDGE('',*,*,#341,.F.);
#958 = ( BOUNDED_SURFACE() B_SPLINE_SURFACE(6,7,(
    (#959,#960,#961,#962,#963,#964,#965,#966,#967,#968,#969,#970,#971
      ,#972,#973,#974,#975,#976,#977,#978)
    ,(#979,#980,#981,#982,#983,#984,#985,#986,#987,#988,#989,#990,#991
      ,#992,#993,#994,#995,#996,#997,#998)
    ,(#999,#1000,#1001,#1002,#1003,#1004,#1005,#1006,#1007,#1008,#1009
      ,#1010,#1011,#1012,#1013,#1014,#1015,#1016,#1017,#1018)
    ,(#1019,#1020,#1021,#1022,#1023,#1024,#1025,#1026,#1027,#1028,#1029
      ,#1030,#1031,#1032,#1033,#1034,#1035,#1036,#1037,#1038)
    ,(#1039,#1040,#1041,#1042,#1043,#1044,#1045,#1046,#1047,#1048,#1049
      ,#1050,#1051,#1052,#1053,#1054,#1055,#1056,#1057,#1058)
    ,(#1059,#1060,#1061,#1062,#1063,#1064,#1065,#1066,#1067,#1068,#1069
      ,#1070,#1071,#1072,#1073,#1074,#1075,#1076,#1077,#1078)
    ,(#1079,#1080,#1081,#1082,#1083,#1084,#1085,#1086,#1087,#1088,#1089
      ,#1090,#1091,#1092,#1093,#1094,#1095,#1096,#1097,#1098
)),.UNSPECIFIED.,.F.,.F.,.F.) B_SPLINE_SURFACE_WITH_KNOTS((7,7),(8,6,6,8
    ),(0.,5.35507269967),(10.703664462793,11.85299447751,13.826729348464
,16.058737162463),.UNSPECIFIED.) GEOMETRIC_REPRESENTATION_ITEM() 
RATIONAL_B_SPLINE_SURFACE((
    (1.031393471788,1.031393471787,1.031622359125,1.032077231834
      ,1.032745276717,1.03360603611,1.034633674649,1.037800872065
      ,1.040212073412,1.042969913987,1.045984069373,1.049230523176
      ,1.052705527918,1.06047909142,1.064831343392,1.069301806096
      ,1.073771670092,1.077985304286,1.080015926118,1.080016620298)
    ,(1.010025407661,1.010025407661,1.010095288323,1.010234190702
      ,1.010437865732,1.010699520911,1.01101066698,1.011965245104
      ,1.012687789733,1.013507556649,1.014394035991,1.015338220219
      ,1.0163355733,1.018535583674,1.019749584441,1.020975275075
      ,1.02218198032,1.023282363843,1.023814545607,1.023814727394)
    ,(0.997924642725,0.997924642725,0.997909762402,0.997880187454
      ,0.997836788618,0.997780959953,0.997714457127,0.997510058578
      ,0.997354987838,0.997178513276,0.996987012523,0.996782435371
      ,0.996565778575,0.996087069615,0.995822429841,0.995555110893
      ,0.995291643103,0.995052923783,0.994937400613,0.994937361155)
    ,(0.993958444137,0.993958444137,0.993915947491,0.993831481215
      ,0.993707569962,0.993548243912,0.993358546656,0.992775677864
      ,0.992333637062,0.991830704698,0.991284652684,0.990700362495
      ,0.990079435366,0.988700136231,0.987933470235,0.987151988005
      ,0.986376180145,0.985652665591,0.985303579105,0.985303459801)
    ,(0.997924642725,0.997924642725,0.997909762402,0.997880187454
      ,0.997836788618,0.997780959953,0.997714457127,0.997510058578
      ,0.997354987838,0.997178513276,0.996987012523,0.996782435371
      ,0.996565778575,0.996087069615,0.995822429841,0.995555110893
      ,0.995291643103,0.995052923783,0.994937400613,0.994937361155)
    ,(1.010025407661,1.010025407661,1.010095288323,1.010234190702
      ,1.010437865732,1.010699520911,1.01101066698,1.011965245104
      ,1.012687789733,1.013507556649,1.014394035991,1.015338220219
      ,1.0163355733,1.018535583674,1.019749584441,1.020975275075
      ,1.02218198032,1.023282363843,1.023814545607,1.023814727394)
    ,(1.031393471788,1.031393471787,1.031622359125,1.032077231834
      ,1.032745276717,1.03360603611,1.034633674649,1.037800872065
      ,1.040212073412,1.042969913987,1.045984069373,1.049230523176
      ,1.052705527918,1.06047909142,1.064831343392,1.069301806096
      ,1.073771670092,1.077985304286,1.080015926118,1.080016620298
))) REPRESENTATION_ITEM('') SURFACE() );
#959 = CARTESIAN_POINT('',(5.108815909778,0.,5.6));
#960 = CARTESIAN_POINT('',(5.108815909784,0.221240228964,5.599999999995)
  );
#961 = CARTESIAN_POINT('',(5.09762611775,0.441868863017,5.613118436993)
  );
#962 = CARTESIAN_POINT('',(5.075411249257,0.659041889664,5.639150844322)
  );
#963 = CARTESIAN_POINT('',(5.042916866819,0.870586091322,5.677348351115)
  );
#964 = CARTESIAN_POINT('',(5.001331446154,1.074808681204,5.726529641921)
  );
#965 = CARTESIAN_POINT('',(4.952147069001,1.270302074622,5.785194486916)
  );
#966 = CARTESIAN_POINT('',(4.802640305567,1.773232032387,5.96539093417)
  );
#967 = CARTESIAN_POINT('',(4.690647485473,2.06222279523,6.102196614422)
  );
#968 = CARTESIAN_POINT('',(4.565504335744,2.327869957076,6.258103568122)
  );
#969 = CARTESIAN_POINT('',(4.432328260476,2.567679298621,6.428786968172)
  );
#970 = CARTESIAN_POINT('',(4.293459511039,2.787440007863,6.613206992422)
  );
#971 = CARTESIAN_POINT('',(4.150238375131,2.988275925104,6.812566767485)
  );
#972 = CARTESIAN_POINT('',(3.843326123328,3.375979089657,7.271970059857)
  );
#973 = CARTESIAN_POINT('',(3.679295032075,3.558015072856,7.535994717749)
  );
#974 = CARTESIAN_POINT('',(3.517959998353,3.717271313334,7.826494412564)
  );
#975 = CARTESIAN_POINT('',(3.36553297449,3.85348070065,8.14153376165));
#976 = CARTESIAN_POINT('',(3.226730922756,3.961581684083,8.508771126697)
  );
#977 = CARTESIAN_POINT('',(3.159980302934,4.01429003506,8.905104880331)
  );
#978 = CARTESIAN_POINT('',(3.159962477875,4.014304066513,9.3));
#979 = CARTESIAN_POINT('',(5.108815909778,-1.02052588602E-10,
    5.706934713261));
#980 = CARTESIAN_POINT('',(5.108815909782,0.214798415079,5.706934713258)
  );
#981 = CARTESIAN_POINT('',(5.098273969506,0.429171817069,5.720004035231)
  );
#982 = CARTESIAN_POINT('',(5.077325796942,0.640197731946,5.745965143822)
  );
#983 = CARTESIAN_POINT('',(5.046690592729,0.84570626797,5.784048694975)
  );
#984 = CARTESIAN_POINT('',(5.007520180152,1.044054925527,5.833033270239)
  );
#985 = CARTESIAN_POINT('',(4.961247742681,1.23390168949,5.891385586792)
  );
#986 = CARTESIAN_POINT('',(4.820545885181,1.722926477224,6.070660801343)
  );
#987 = CARTESIAN_POINT('',(4.715174047481,2.004079178288,6.206700006837)
  );
#988 = CARTESIAN_POINT('',(4.597504772725,2.262783777162,6.361628475596)
  );
#989 = CARTESIAN_POINT('',(4.472782027617,2.495817792521,6.53048276889)
  );
#990 = CARTESIAN_POINT('',(4.343038320476,2.709565069128,6.712417559592)
  );
#991 = CARTESIAN_POINT('',(4.209844385902,2.904676898928,6.908020508488)
  );
#992 = CARTESIAN_POINT('',(3.924875753088,3.282331109882,7.357063680926)
  );
#993 = CARTESIAN_POINT('',(3.772865080475,3.460018309752,7.614398429786)
  );
#994 = CARTESIAN_POINT('',(3.624016905784,3.615582708781,7.895614567337)
  );
#995 = CARTESIAN_POINT('',(3.484388454286,3.748509720474,8.198730749117)
  );
#996 = CARTESIAN_POINT('',(3.35786895864,3.854694471168,8.547862941443)
  );
#997 = CARTESIAN_POINT('',(3.296720164314,3.90665076015,8.924135980486)
  );
#998 = CARTESIAN_POINT('',(3.296705237329,3.906663493606,9.299894991176)
  );
#999 = CARTESIAN_POINT('',(5.074814169524,-1.077942179961E-10,
    5.811083429033));
#1000 = CARTESIAN_POINT('',(5.074814169529,0.207201336204,5.811083429028
    ));
#1001 = CARTESIAN_POINT('',(5.064711924531,0.414152545919,5.824104953957
    ));
#1002 = CARTESIAN_POINT('',(5.04462132119,0.617827292833,5.849992540948)
  );
#1003 = CARTESIAN_POINT('',(5.015249481155,0.816050694233,5.887959319855
    ));
#1004 = CARTESIAN_POINT('',(4.977731273882,1.0072330705,5.936752046553)
  );
#1005 = CARTESIAN_POINT('',(4.933463909394,1.190104034239,5.994816035584
    ));
#1006 = CARTESIAN_POINT('',(4.798879664947,1.661187974114,6.173213235202
    ));
#1007 = CARTESIAN_POINT('',(4.698211809469,1.931595483832,6.308453583047
    ));
#1008 = CARTESIAN_POINT('',(4.585877231347,2.180285177108,6.462429589947
    ));
#1009 = CARTESIAN_POINT('',(4.467348043842,2.403222647556,6.62956364402)
  );
#1010 = CARTESIAN_POINT('',(4.344348953359,2.607457525271,6.80927000329)
  );
#1011 = CARTESIAN_POINT('',(4.218702256707,2.793081154561,7.001580832788
    ));
#1012 = CARTESIAN_POINT('',(3.950816797625,3.151572835855,7.441127395243
    ));
#1013 = CARTESIAN_POINT('',(3.808519789971,3.319528551288,7.69199902992)
  );
#1014 = CARTESIAN_POINT('',(3.66995599281,3.465827509538,7.964386470543)
  );
#1015 = CARTESIAN_POINT('',(3.541162308085,3.58976519145,8.255818695093)
  );
#1016 = CARTESIAN_POINT('',(3.425220748484,3.68851941361,8.58761657945)
  );
#1017 = CARTESIAN_POINT('',(3.36904689351,3.73692557934,8.943816042739)
  );
#1018 = CARTESIAN_POINT('',(3.369034782744,3.73693591353,9.299917280935)
  );
#1019 = CARTESIAN_POINT('',(5.009583715059,-1.571565100278E-10,
    5.900767805281));
#1020 = CARTESIAN_POINT('',(5.009583715067,0.199260408534,5.900767805272
    ));
#1021 = CARTESIAN_POINT('',(4.999677592517,0.398426503607,5.913664757091
    ));
#1022 = CARTESIAN_POINT('',(4.979964797266,0.59436968967,5.939320890951)
  );
#1023 = CARTESIAN_POINT('',(4.951150804223,0.784916526798,5.97694130717)
  );
#1024 = CARTESIAN_POINT('',(4.914367981811,0.968538329105,6.025259194515
    ));
#1025 = CARTESIAN_POINT('',(4.870996674598,1.144041757144,6.082720776027
    ));
#1026 = CARTESIAN_POINT('',(4.739130608445,1.595873097591,6.25927318322)
  );
#1027 = CARTESIAN_POINT('',(4.640602418349,1.854551033753,6.392970812891
    ));
#1028 = CARTESIAN_POINT('',(4.53062222967,2.09222323471,6.545236454822)
  );
#1029 = CARTESIAN_POINT('',(4.414928732606,2.304048954273,6.71001711292)
  );
#1030 = CARTESIAN_POINT('',(4.294948291857,2.497731613454,6.887048602225
    ));
#1031 = CARTESIAN_POINT('',(4.17270543689,2.672793202742,7.075968750777)
  );
#1032 = CARTESIAN_POINT('',(3.912602997863,3.009327312355,7.506493892478
    ));
#1033 = CARTESIAN_POINT('',(3.774776987184,3.165870512994,7.751512063571
    ));
#1034 = CARTESIAN_POINT('',(3.640936884247,3.301165637969,8.016573469215
    ));
#1035 = CARTESIAN_POINT('',(3.517191502962,3.414398583477,8.29870050156)
  );
#1036 = CARTESIAN_POINT('',(3.406268977243,3.503766112705,8.617601754193
    ));
#1037 = CARTESIAN_POINT('',(3.352488480538,3.547614917465,8.958758574228
    ));
#1038 = CARTESIAN_POINT('',(3.352478125125,3.547622687813,9.299934996911
    ));
#1039 = CARTESIAN_POINT('',(4.919899338811,-2.452464897829E-10,
    5.965998259747));
#1040 = CARTESIAN_POINT('',(4.919899338823,0.191841035348,5.965998259732
    ));
#1041 = CARTESIAN_POINT('',(4.909968814275,0.383711558699,5.978635918376
    ));
#1042 = CARTESIAN_POINT('',(4.89020087196,0.572416195489,6.00378592717)
  );
#1043 = CARTESIAN_POINT('',(4.861305035865,0.755810514991,6.040661043975
    ));
#1044 = CARTESIAN_POINT('',(4.824418204853,0.93244577264,6.088009126861)
  );
#1045 = CARTESIAN_POINT('',(4.780915684371,1.101213978026,6.144310076237
    ));
#1046 = CARTESIAN_POINT('',(4.648584097583,1.535436881417,6.317322696944
    ));
#1047 = CARTESIAN_POINT('',(4.549746168469,1.783487251412,6.448222016276
    ));
#1048 = CARTESIAN_POINT('',(4.439231439195,2.011424374991,6.597459371556
    ));
#1049 = CARTESIAN_POINT('',(4.323008084366,2.213720864826,6.758755492464
    ));
#1050 = CARTESIAN_POINT('',(4.202230971164,2.398636880308,6.932216721687
    ));
#1051 = CARTESIAN_POINT('',(4.079017188564,2.565223558512,7.117342902533
    ));
#1052 = CARTESIAN_POINT('',(3.816532409039,2.884417970711,7.539239253439
    ));
#1053 = CARTESIAN_POINT('',(3.677253962888,3.032206422279,7.779297675767
    ));
#1054 = CARTESIAN_POINT('',(3.541662945863,3.159400968765,8.039383939352
    ));
#1055 = CARTESIAN_POINT('',(3.416035369129,3.265088951242,8.315990231473
    ));
#1056 = CARTESIAN_POINT('',(3.30307978479,3.347987064286,8.629504716757)
  );
#1057 = CARTESIAN_POINT('',(3.248401694731,3.388620961222,8.96480788478)
  );
#1058 = CARTESIAN_POINT('',(3.248391532076,3.38862708493,9.299943248071)
  );
#1059 = CARTESIAN_POINT('',(4.815750623039,-3.620810318239E-10,6.));
#1060 = CARTESIAN_POINT('',(4.815750623058,0.185740054728,5.999999999979
    ));
#1061 = CARTESIAN_POINT('',(4.805650366747,0.371588852035,6.012226392383
    ));
#1062 = CARTESIAN_POINT('',(4.785544934286,0.554349697428,6.036560000635
    ));
#1063 = CARTESIAN_POINT('',(4.756149168279,0.731952717295,6.072241854758
    ));
#1064 = CARTESIAN_POINT('',(4.718604588469,0.903056213788,6.118070309151
    ));
#1065 = CARTESIAN_POINT('',(4.674285969608,1.066646461382,6.172598553958
    ));
#1066 = CARTESIAN_POINT('',(4.539377249224,1.487548667738,6.340246139258
    ));
#1067 = CARTESIAN_POINT('',(4.438600157033,1.72791539609,6.467043985286)
  );
#1068 = CARTESIAN_POINT('',(4.325630959487,1.949387920316,6.611919123598
    ));
#1069 = CARTESIAN_POINT('',(4.206576711387,2.145955959997,6.768686862949
    ));
#1070 = CARTESIAN_POINT('',(4.082383475578,2.326251014072,6.937842020388
    ));
#1071 = CARTESIAN_POINT('',(3.955154670948,2.489018094975,7.119035524011
    ));
#1072 = CARTESIAN_POINT('',(3.683252774106,2.801359799418,7.5335262648)
  );
#1073 = CARTESIAN_POINT('',(3.538433550879,2.946407804991,7.770139819937
    ));
#1074 = CARTESIAN_POINT('',(3.396622033685,3.071897184528,8.028333559726
    ));
#1075 = CARTESIAN_POINT('',(3.264272232339,3.176762653606,8.304194050429
    ));
#1076 = CARTESIAN_POINT('',(3.144420427456,3.259551185009,8.62085910747)
  );
#1077 = CARTESIAN_POINT('',(3.086587328379,3.299993902546,8.960698323946
    ));
#1078 = CARTESIAN_POINT('',(3.086576035935,3.299999999483,9.29994021918)
  );
#1079 = CARTESIAN_POINT('',(4.708815909778,-1.857499175846E-15,6.));
#1080 = CARTESIAN_POINT('',(4.708815909803,0.181578949834,5.999999999973
    ));
#1081 = CARTESIAN_POINT('',(4.698504676795,0.363286594874,6.011692435673
    ));
#1082 = CARTESIAN_POINT('',(4.677987992569,0.542012066388,6.034955990779
    ));
#1083 = CARTESIAN_POINT('',(4.647983097049,0.715817765708,6.069083461479
    ));
#1084 = CARTESIAN_POINT('',(4.609629124572,0.883500192625,6.112964088344
    ));
#1085 = CARTESIAN_POINT('',(4.564296439426,1.044146622415,6.165267070105
    ));
#1086 = CARTESIAN_POINT('',(4.426253198228,1.457851213728,6.326247751906
    ));
#1087 = CARTESIAN_POINT('',(4.323138696218,1.694671016041,6.448074709595
    ));
#1088 = CARTESIAN_POINT('',(4.207275869354,1.914163949139,6.587784565291
    ));
#1089 = CARTESIAN_POINT('',(4.084778088894,2.110086222037,6.739635595305
    ));
#1090 = CARTESIAN_POINT('',(3.956480603923,2.291168184454,6.90448552704)
  );
#1091 = CARTESIAN_POINT('',(3.824388958628,2.456036231259,7.082416515636
    ));
#1092 = CARTESIAN_POINT('',(3.541433511251,2.77443930791,7.492285504743)
  );
#1093 = CARTESIAN_POINT('',(3.390322154359,2.923877439228,7.72760414909)
  );
#1094 = CARTESIAN_POINT('',(3.241492356152,3.055053194794,7.987391434608
    ));
#1095 = CARTESIAN_POINT('',(3.101577261376,3.16661779245,8.267186651967)
  );
#1096 = CARTESIAN_POINT('',(2.973855792292,3.256418218779,8.594819924365
    ));
#1097 = CARTESIAN_POINT('',(2.912562978652,3.299992263344,8.948154516627
    ));
#1098 = CARTESIAN_POINT('',(2.912549960516,3.3,9.3));
#1099 = ADVANCED_FACE('',(#1100,#1111),#1114,.T.);
#1100 = FACE_BOUND('',#1101,.T.);
#1101 = EDGE_LOOP('',(#1102));
#1102 = ORIENTED_EDGE('',*,*,#1103,.T.);
#1103 = EDGE_CURVE('',#1104,#1104,#1106,.T.);
#1104 = VERTEX_POINT('',#1105);
#1105 = CARTESIAN_POINT('',(5.75,0.,5.));
#1106 = CIRCLE('',#1107,5.75);
#1107 = AXIS2_PLACEMENT_3D('',#1108,#1109,#1110);
#1108 = CARTESIAN_POINT('',(0.,0.,5.));
#1109 = DIRECTION('',(0.,0.,1.));
#1110 = DIRECTION('',(1.,0.,0.));
#1111 = FACE_BOUND('',#1112,.T.);
#1112 = EDGE_LOOP('',(#1113));
#1113 = ORIENTED_EDGE('',*,*,#333,.F.);
#1114 = PLANE('',#1115);
#1115 = AXIS2_PLACEMENT_3D('',#1116,#1117,#1118);
#1116 = CARTESIAN_POINT('',(-6.1E-16,-2.8E-16,5.));
#1117 = DIRECTION('',(0.,0.,1.));
#1118 = DIRECTION('',(1.,0.,0.));
#1119 = ADVANCED_FACE('',(#1120),#1202,.F.);
#1120 = FACE_BOUND('',#1121,.F.);
#1121 = EDGE_LOOP('',(#1122,#1123,#1200,#1201));
#1122 = ORIENTED_EDGE('',*,*,#767,.T.);
#1123 = ORIENTED_EDGE('',*,*,#1124,.T.);
#1124 = EDGE_CURVE('',#743,#923,#1125,.T.);
#1125 = ( BOUNDED_CURVE() B_SPLINE_CURVE(13,(#1126,#1127,#1128,#1129,
    #1130,#1131,#1132,#1133,#1134,#1135,#1136,#1137,#1138,#1139,#1140,
    #1141,#1142,#1143,#1144,#1145,#1146,#1147,#1148,#1149,#1150,#1151,
    #1152,#1153,#1154,#1155,#1156,#1157,#1158,#1159,#1160,#1161,#1162,
    #1163,#1164,#1165,#1166,#1167,#1168,#1169,#1170,#1171,#1172,#1173,
    #1174,#1175,#1176,#1177,#1178,#1179,#1180,#1181,#1182,#1183,#1184,
    #1185,#1186,#1187,#1188,#1189,#1190,#1191,#1192,#1193,#1194,#1195,
    #1196,#1197,#1198,#1199),.UNSPECIFIED.,.F.,.F.) 
B_SPLINE_CURVE_WITH_KNOTS((14,12,12,12,12,12,14),(3.009449879481E-16,
    1.148485557477,3.120770325912,5.351087140603,7.580902081294,
8.995919898947,10.703664462793),.UNSPECIFIED.) CURVE() 
GEOMETRIC_REPRESENTATION_ITEM() RATIONAL_B_SPLINE_CURVE((1.031393471788,
    1.031393471787,1.031455377148,1.031578571247,1.031762069249,
    1.032004531134,1.032304274763,1.03265928889,1.033067246234,
    1.033525516499,1.034031179427,1.034581037838,1.035171630672,
    1.036877044706,1.03806511366,1.039355750938,1.040739913895,
    1.042208747978,1.043754545718,1.04537120162,1.047054230214,
    1.048800412379,1.050607137532,1.052471506848,1.054389264697,
    1.058574978575,1.060857387252,1.063187565023,1.065551724438,
    1.067933511739,1.070306200196,1.072623041198,1.074809672518,
    1.076762484507,1.078356843572,1.079469073557,1.080016094656,
    1.080017145553,1.079469977842,1.078359141398,1.076766439393,
    1.07481399452,1.072626192206,1.070307745765,1.067934601709,
    1.065554405259,1.063193243816,1.060865388568,1.058582752237,
    1.054950743379,1.053564680139,1.052205074577,1.050873887512,
    1.04957268549,1.048302767603,1.047065291904,1.04586140238,
    1.044692355277,1.04355964606,1.042465135844,1.041411178205,
    1.039181283706,1.03802221338,1.036958204496,1.035846712786,
    1.035152476048,1.033949557546,1.033514382297,1.032659010181,
    1.032229390449,1.03179434418,1.031529937987,1.031393471788,
1.031393471788)) REPRESENTATION_ITEM('') );
#1126 = CARTESIAN_POINT('',(4.708815909778,-1.049232288409E-15,12.6));
#1127 = CARTESIAN_POINT('',(4.708815909778,-9.825088091407E-02,12.6));
#1128 = CARTESIAN_POINT('',(4.706026517202,-0.196141421398,
    12.596836904646));
#1129 = CARTESIAN_POINT('',(4.700472309299,-0.293495968622,
    12.590538860805));
#1130 = CARTESIAN_POINT('',(4.692202538642,-0.390127543548,
    12.581156661288));
#1131 = CARTESIAN_POINT('',(4.681289209594,-0.485842429492,
    12.568762112872));
#1132 = CARTESIAN_POINT('',(4.667825124527,-0.580444747228,
    12.55344637353));
#1133 = CARTESIAN_POINT('',(4.651921904707,-0.673741008693,
    12.535318263384));
#1134 = CARTESIAN_POINT('',(4.63370799111,-0.765544642277,
    12.514502554471));
#1135 = CARTESIAN_POINT('',(4.613326630494,-0.855680482874,
    12.491138244084));
#1136 = CARTESIAN_POINT('',(4.590933852274,-0.943989221267,
    12.465376817218));
#1137 = CARTESIAN_POINT('',(4.566696441473,-1.030331808003,
    12.43738050282));
#1138 = CARTESIAN_POINT('',(4.540789913048,-1.114593808411,
    12.407320529186));
#1139 = CARTESIAN_POINT('',(4.466431371073,-1.337440432065,
    12.32060647726));
#1140 = CARTESIAN_POINT('',(4.415155927066,-1.471628528629,
    12.260385094651));
#1141 = CARTESIAN_POINT('',(4.359969671288,-1.600106487727,12.1950006508
    ));
#1142 = CARTESIAN_POINT('',(4.301415042785,-1.723076174808,
    12.124911939545));
#1143 = CARTESIAN_POINT('',(4.240042024948,-1.840554153095,
    12.050581187068));
#1144 = CARTESIAN_POINT('',(4.17633378186,-1.952615524331,
    11.972380712155));
#1145 = CARTESIAN_POINT('',(4.110680185794,-2.059471395564,
    11.89055555022));
#1146 = CARTESIAN_POINT('',(4.043386092263,-2.161434798904,
    11.805225389676));
#1147 = CARTESIAN_POINT('',(3.974701297366,-2.258829378362,
    11.716409267792));
#1148 = CARTESIAN_POINT('',(3.904859254784,-2.351894489848,
    11.624056647697));
#1149 = CARTESIAN_POINT('',(3.834111813608,-2.440739592391,
    11.528068718505));
#1150 = CARTESIAN_POINT('',(3.762747452866,-2.525399960519,
    11.428294015436));
#1151 = CARTESIAN_POINT('',(3.610358372415,-2.696879789617,
    11.207554112772));
#1152 = CARTESIAN_POINT('',(3.529257159615,-2.782573345941,
    11.085636960324));
#1153 = CARTESIAN_POINT('',(3.448243038869,-2.863210115367,
    10.958014017791));
#1154 = CARTESIAN_POINT('',(3.367922549882,-2.938775742588,
    10.824481035092));
#1155 = CARTESIAN_POINT('',(3.288939701144,-3.009177027072,
    10.684642916569));
#1156 = CARTESIAN_POINT('',(3.212124321453,-3.074167524976,
    10.537734180575));
#1157 = CARTESIAN_POINT('',(3.138752547429,-3.133237634669,
    10.382800794625));
#1158 = CARTESIAN_POINT('',(3.070785630009,-3.18552446618,
    10.219086449341));
#1159 = CARTESIAN_POINT('',(3.010959125079,-3.229793524196,
    10.046473878903));
#1160 = CARTESIAN_POINT('',(2.962599675611,-3.264541887986,
    9.865841549174));
#1161 = CARTESIAN_POINT('',(2.929048136344,-3.288272437253,9.67920734885
    ));
#1162 = CARTESIAN_POINT('',(2.912561539655,-3.299992594405,
    9.489540815505));
#1163 = CARTESIAN_POINT('',(2.91253839265,-3.300007398881,9.110759948856
    ));
#1164 = CARTESIAN_POINT('',(2.9290219812,-3.288285254318,8.921095624651)
  );
#1165 = CARTESIAN_POINT('',(2.962514680655,-3.264604519547,
    8.734539007651));
#1166 = CARTESIAN_POINT('',(3.01081022353,-3.229913479709,8.553969353516
    ));
#1167 = CARTESIAN_POINT('',(3.07062249861,-3.185659999048,8.381318961819
    ));
#1168 = CARTESIAN_POINT('',(3.138632500006,-3.133338470695,
    8.217469143533));
#1169 = CARTESIAN_POINT('',(3.212064934873,-3.0742169527,8.062387024642)
  );
#1170 = CARTESIAN_POINT('',(3.288901939578,-3.009208266338,
    7.915421675367));
#1171 = CARTESIAN_POINT('',(3.367834745647,-2.938852974172,
    7.775669618738));
#1172 = CARTESIAN_POINT('',(3.448054817234,-2.863382675679,
    7.642310133007));
#1173 = CARTESIAN_POINT('',(3.528990248278,-2.782830456462,
    7.514802469885));
#1174 = CARTESIAN_POINT('',(3.610098305693,-2.69715282176,7.392830760293
    ));
#1175 = CARTESIAN_POINT('',(3.742237558094,-2.548487459221,7.20140451328
    ));
#1176 = CARTESIAN_POINT('',(3.793499908479,-2.488551877143,7.12899181968
    ));
#1177 = CARTESIAN_POINT('',(3.844489544705,-2.426510933489,
    7.058568556124));
#1178 = CARTESIAN_POINT('',(3.895093580774,-2.362336874517,
    6.990074470411));
#1179 = CARTESIAN_POINT('',(3.945209552932,-2.295983774908,
    6.923461643593));
#1180 = CARTESIAN_POINT('',(3.994741354593,-2.227390285694,
    6.858696359952));
#1181 = CARTESIAN_POINT('',(4.043595102307,-2.156482450084,
    6.795761042056));
#1182 = CARTESIAN_POINT('',(4.091674935242,-2.083176591706,
    6.734656245474));
#1183 = CARTESIAN_POINT('',(4.138878751637,-2.00738228032,6.675402705773
    ));
#1184 = CARTESIAN_POINT('',(4.185093886711,-1.92900538,6.61804343269));
#1185 = CARTESIAN_POINT('',(4.230192737675,-1.84795118543,6.562645843408
    ));
#1186 = CARTESIAN_POINT('',(4.274028342785,-1.764127652243,
    6.509303928191));
#1187 = CARTESIAN_POINT('',(4.367712987217,-1.572613936082,
    6.396260186029));
#1188 = CARTESIAN_POINT('',(4.416994505164,-1.463300044913,
    6.337463525708));
#1189 = CARTESIAN_POINT('',(4.462754018929,-1.353107548867,
    6.283369323072));
#1190 = CARTESIAN_POINT('',(4.511053097614,-1.222898956036,6.22685057096
    ));
#1191 = CARTESIAN_POINT('',(4.540665863135,-1.13273253471,6.19260066398)
  );
#1192 = CARTESIAN_POINT('',(4.595707209517,-0.958837697892,
    6.128448283389));
#1193 = CARTESIAN_POINT('',(4.612120597639,-0.871317114321,6.11060065907
    ));
#1194 = CARTESIAN_POINT('',(4.653030618607,-0.705000474319,
    6.062971713863));
#1195 = CARTESIAN_POINT('',(4.670583594614,-0.581081131274,
    6.043562961006));
#1196 = CARTESIAN_POINT('',(4.690911647734,-0.433812503594,
    6.020249650193));
#1197 = CARTESIAN_POINT('',(4.702647330598,-0.290845780497,
    6.007000848802));
#1198 = CARTESIAN_POINT('',(4.708815909758,-0.145277498591,
    6.000000000022));
#1199 = CARTESIAN_POINT('',(4.708815909778,-1.857499175846E-15,6.));
#1200 = ORIENTED_EDGE('',*,*,#922,.F.);
#1201 = ORIENTED_EDGE('',*,*,#246,.F.);
#1202 = ( BOUNDED_SURFACE() B_SPLINE_SURFACE(6,13,(
    (#1203,#1204,#1205,#1206,#1207,#1208,#1209,#1210,#1211,#1212,#1213
      ,#1214,#1215,#1216,#1217,#1218,#1219,#1220,#1221,#1222,#1223,#1224
      ,#1225,#1226,#1227,#1228,#1229,#1230,#1231,#1232,#1233,#1234,#1235
      ,#1236,#1237,#1238,#1239,#1240,#1241,#1242,#1243,#1244,#1245,#1246
      ,#1247,#1248,#1249,#1250,#1251,#1252,#1253,#1254,#1255,#1256,#1257
      ,#1258,#1259,#1260,#1261,#1262,#1263,#1264,#1265,#1266,#1267,#1268
      ,#1269,#1270,#1271,#1272,#1273,#1274,#1275,#1276)
    ,(#1277,#1278,#1279,#1280,#1281,#1282,#1283,#1284,#1285,#1286,#1287
      ,#1288,#1289,#1290,#1291,#1292,#1293,#1294,#1295,#1296,#1297,#1298
      ,#1299,#1300,#1301,#1302,#1303,#1304,#1305,#1306,#1307,#1308,#1309
      ,#1310,#1311,#1312,#1313,#1314,#1315,#1316,#1317,#1318,#1319,#1320
      ,#1321,#1322,#1323,#1324,#1325,#1326,#1327,#1328,#1329,#1330,#1331
      ,#1332,#1333,#1334,#1335,#1336,#1337,#1338,#1339,#1340,#1341,#1342
      ,#1343,#1344,#1345,#1346,#1347,#1348,#1349,#1350)
    ,(#1351,#1352,#1353,#1354,#1355,#1356,#1357,#1358,#1359,#1360,#1361
      ,#1362,#1363,#1364,#1365,#1366,#1367,#1368,#1369,#1370,#1371,#1372
      ,#1373,#1374,#1375,#1376,#1377,#1378,#1379,#1380,#1381,#1382,#1383
      ,#1384,#1385,#1386,#1387,#1388,#1389,#1390,#1391,#1392,#1393,#1394
      ,#1395,#1396,#1397,#1398,#1399,#1400,#1401,#1402,#1403,#1404,#1405
      ,#1406,#1407,#1408,#1409,#1410,#1411,#1412,#1413,#1414,#1415,#1416
      ,#1417,#1418,#1419,#1420,#1421,#1422,#1423,#1424)
    ,(#1425,#1426,#1427,#1428,#1429,#1430,#1431,#1432,#1433,#1434,#1435
      ,#1436,#1437,#1438,#1439,#1440,#1441,#1442,#1443,#1444,#1445,#1446
      ,#1447,#1448,#1449,#1450,#1451,#1452,#1453,#1454,#1455,#1456,#1457
      ,#1458,#1459,#1460,#1461,#1462,#1463,#1464,#1465,#1466,#1467,#1468
      ,#1469,#1470,#1471,#1472,#1473,#1474,#1475,#1476,#1477,#1478,#1479
      ,#1480,#1481,#1482,#1483,#1484,#1485,#1486,#1487,#1488,#1489,#1490
      ,#1491,#1492,#1493,#1494,#1495,#1496,#1497,#1498)
    ,(#1499,#1500,#1501,#1502,#1503,#1504,#1505,#1506,#1507,#1508,#1509
      ,#1510,#1511,#1512,#1513,#1514,#1515,#1516,#1517,#1518,#1519,#1520
      ,#1521,#1522,#1523,#1524,#1525,#1526,#1527,#1528,#1529,#1530,#1531
      ,#1532,#1533,#1534,#1535,#1536,#1537,#1538,#1539,#1540,#1541,#1542
      ,#1543,#1544,#1545,#1546,#1547,#1548,#1549,#1550,#1551,#1552,#1553
      ,#1554,#1555,#1556,#1557,#1558,#1559,#1560,#1561,#1562,#1563,#1564
      ,#1565,#1566,#1567,#1568,#1569,#1570,#1571,#1572)
    ,(#1573,#1574,#1575,#1576,#1577,#1578,#1579,#1580,#1581,#1582,#1583
      ,#1584,#1585,#1586,#1587,#1588,#1589,#1590,#1591,#1592,#1593,#1594
      ,#1595,#1596,#1597,#1598,#1599,#1600,#1601,#1602,#1603,#1604,#1605
      ,#1606,#1607,#1608,#1609,#1610,#1611,#1612,#1613,#1614,#1615,#1616
      ,#1617,#1618,#1619,#1620,#1621,#1622,#1623,#1624,#1625,#1626,#1627
      ,#1628,#1629,#1630,#1631,#1632,#1633,#1634,#1635,#1636,#1637,#1638
      ,#1639,#1640,#1641,#1642,#1643,#1644,#1645,#1646)
    ,(#1647,#1648,#1649,#1650,#1651,#1652,#1653,#1654,#1655,#1656,#1657
      ,#1658,#1659,#1660,#1661,#1662,#1663,#1664,#1665,#1666,#1667,#1668
      ,#1669,#1670,#1671,#1672,#1673,#1674,#1675,#1676,#1677,#1678,#1679
      ,#1680,#1681,#1682,#1683,#1684,#1685,#1686,#1687,#1688,#1689,#1690
      ,#1691,#1692,#1693,#1694,#1695,#1696,#1697,#1698,#1699,#1700,#1701
      ,#1702,#1703,#1704,#1705,#1706,#1707,#1708,#1709,#1710,#1711,#1712
      ,#1713,#1714,#1715,#1716,#1717,#1718,#1719,#1720
)),.UNSPECIFIED.,.F.,.F.,.F.) B_SPLINE_SURFACE_WITH_KNOTS((7,7),(14,12,
    12,12,12,12,14),(0.,10.703664462793),(3.009449879481E-16,
    1.148485557477,3.120770325912,5.351087140603,7.580902081294,
    8.995919898947,10.703664462793),.UNSPECIFIED.) 
GEOMETRIC_REPRESENTATION_ITEM() RATIONAL_B_SPLINE_SURFACE((
    (1.031393471788,1.031393471787,1.031455377148,1.031578571247
      ,1.031762069249,1.032004531134,1.032304274763,1.03265928889
      ,1.033067246234,1.033525516499,1.034031179427,1.034581037838
      ,1.035171630672,1.036877044706,1.03806511366,1.039355750938
      ,1.040739913895,1.042208747978,1.043754545718,1.04537120162
      ,1.047054230214,1.048800412379,1.050607137532,1.052471506848
      ,1.054389264697,1.058574978575,1.060857387252,1.063187565023
      ,1.065551724438,1.067933511739,1.070306200196,1.072623041198
      ,1.074809672518,1.076762484507,1.078356843572,1.079469073557
      ,1.080016094656,1.080017145553,1.079469977842,1.078359141398
      ,1.076766439393,1.07481399452,1.072626192206,1.070307745765
      ,1.067934601709,1.065554405259,1.063193243816,1.060865388568
      ,1.058582752237,1.054950743379,1.053564680139,1.052205074577
      ,1.050873887512,1.04957268549,1.048302767603,1.047065291904
      ,1.04586140238,1.044692355277,1.04355964606,1.042465135844
      ,1.041411178205,1.039181283706,1.03802221338,1.036958204496
      ,1.035846712786,1.035152476048,1.033949557546,1.033514382297
      ,1.032659010181,1.032229390449,1.03179434418,1.031529937987
      ,1.031393471788,1.031393471788)
    ,(1.010025407661,1.010025407661,1.01004430765,1.010081922739
      ,1.010137937777,1.010211913848,1.010303294795,1.010411413711
      ,1.010535499461,1.010674683184,1.010828004798,1.010994419516
      ,1.011172804347,1.011686807965,1.012043760897,1.012430125975
      ,1.012842791271,1.013278719298,1.013735244485,1.014210205303
      ,1.01470193891,1.015209163843,1.015730778944,1.016265604124
      ,1.016812090714,1.017996697227,1.018637870492,1.019287294744
      ,1.019940916661,1.020593891624,1.021238543925,1.02186212179
      ,1.022445190156,1.022961505502,1.023380215469,1.023671227536
      ,1.023814589743,1.023814864944,1.023671452012,1.023380816595
      ,1.022962561453,1.022446351676,1.021862968577,1.021238955863
      ,1.020594182466,1.019941648704,1.019288859691,1.018640092741
      ,1.017998883019,1.016971004823,1.016576808709,1.016188286527
      ,1.015806115201,1.015430863575,1.015063028899,1.014703072973
      ,1.014351458774,1.014008686514,1.013675330265,1.013352074106
      ,1.013039748609,1.012376845291,1.012030822285,1.01171198579
      ,1.011377569543,1.011167869726,1.010804458496,1.010671181676
      ,1.010411920237,1.010280392543,1.010147853762,1.01006706948
      ,1.010025407662,1.010025407661)
    ,(0.997924642725,0.997924642725,0.997920618171,0.997912608779
      ,0.997900680204,0.997884922941,0.997865451267,0.997842402127
      ,0.997815934088,0.997786226221,0.997753477049,0.997717903441
      ,0.997679739547,0.997569678787,0.997493150514,0.997410200326
      ,0.997321470107,0.997227591033,0.997129120643,0.997026513995
      ,0.996920124656,0.996810228755,0.99669706817,0.996580906196
      ,0.996462091266,0.996204328048,0.996064683249,0.995923155937
      ,0.995780646337,0.995638244185,0.995497678939,0.995361792326
      ,0.995234860975,0.995122598529,0.995031664811,0.99496851133
      ,0.994937391033,0.9949373313,0.994968462881,0.995031534293
      ,0.995122368748,0.995234608069,0.995361607874,0.995497589221
      ,0.995638180724,0.995780486644,0.995922814668,0.996064198904
      ,0.996203852062,0.996427512751,0.996513237325,0.99659767071
      ,0.996680660656,0.996762079672,0.996841817278,0.996919771957
      ,0.996995843516,0.997069924984,0.997141894954,0.997211609562
      ,0.99727889472,0.997421554559,0.99749591578,0.997564343542
      ,0.997636005111,0.997680870283,0.997758615589,0.99778696606
      ,0.997842348434,0.997870325837,0.997898574349,0.99791577114
      ,0.997924642725,0.997924642725)
    ,(0.993958444137,0.993958444137,0.99394695044,0.993924076061
      ,0.993890010105,0.993845014163,0.99378941875,0.993723619692
      ,0.993648074569,0.993563299107,0.993469863605,0.993368389344
      ,0.993259545004,0.99294569257,0.992727506328,0.992491048821
      ,0.99223812871,0.99197050704,0.991689717814,0.991396985625
      ,0.991093226678,0.990779117307,0.990455216634,0.990122127545
      ,0.989780682204,0.989037991734,0.988634514104,0.988224132753
      ,0.987809308038,0.987392947597,0.98697973519,0.986577734342
      ,0.986199627174,0.985862950466,0.985588689139,0.985397589129
      ,0.985303550139,0.985303369528,0.985397436685,0.98558829447
      ,0.985862266053,0.986198877462,0.986577187791,0.986979468105
      ,0.987392759238,0.987808840303,0.988223137793,0.988633107145
      ,0.989036616872,0.989681053642,0.989927590775,0.990170014554
      ,0.990407951159,0.990641093777,0.990869180009,0.991091969066
      ,0.991309219242,0.991520665076,0.99172599481,0.991924827606
      ,0.992116690935,0.992523432615,0.992735411629,0.992930472744
      ,0.993134779368,0.993262725079,0.99348444583,0.993565403615
      ,0.993723424234,0.993803336646,0.993883991815,0.993933107799
      ,0.993958444137,0.993958444137)
    ,(0.997924642725,0.997924642725,0.997920618171,0.997912608779
      ,0.997900680204,0.997884922941,0.997865451267,0.997842402127
      ,0.997815934088,0.997786226221,0.997753477049,0.997717903441
      ,0.997679739547,0.997569678787,0.997493150514,0.997410200326
      ,0.997321470107,0.997227591034,0.997129120642,0.997026513995
      ,0.996920124656,0.996810228754,0.99669706817,0.996580906195
      ,0.996462091266,0.996204328048,0.996064683249,0.995923155936
      ,0.99578064634,0.995638244182,0.995497678944,0.995361792322
      ,0.995234860978,0.995122598527,0.995031664812,0.99496851133
      ,0.994937391033,0.9949373313,0.994968462881,0.995031534292
      ,0.995122368749,0.995234608067,0.995361607877,0.995497589219
      ,0.995638180725,0.995780486643,0.995922814668,0.996064198904
      ,0.996203852062,0.996427512751,0.996513237326,0.99659767071
      ,0.996680660656,0.996762079672,0.996841817279,0.996919771957
      ,0.996995843517,0.997069924984,0.997141894955,0.997211609562
      ,0.99727889472,0.997421554559,0.99749591578,0.99756434354
      ,0.997636005113,0.99768087028,0.997758615592,0.997786966056
      ,0.997842348436,0.997870325835,0.997898574349,0.99791577114
      ,0.997924642725,0.997924642725)
    ,(1.010025407661,1.010025407661,1.01004430765,1.010081922739
      ,1.010137937777,1.010211913848,1.010303294795,1.010411413711
      ,1.010535499461,1.010674683184,1.010828004798,1.010994419516
      ,1.011172804347,1.011686807965,1.012043760897,1.012430125975
      ,1.012842791271,1.013278719298,1.013735244485,1.014210205303
      ,1.01470193891,1.015209163843,1.015730778944,1.016265604124
      ,1.016812090714,1.017996697227,1.018637870492,1.019287294744
      ,1.019940916661,1.020593891624,1.021238543925,1.02186212179
      ,1.022445190156,1.022961505502,1.023380215469,1.023671227536
      ,1.023814589743,1.023814864944,1.023671452012,1.023380816595
      ,1.022962561455,1.022446351674,1.02186296858,1.02123895586
      ,1.020594182468,1.019941648702,1.019288859692,1.01864009274
      ,1.017998883019,1.016971004823,1.01657680871,1.016188286526
      ,1.015806115203,1.015430863572,1.015063028902,1.01470307297
      ,1.014351458776,1.014008686512,1.013675330266,1.013352074106
      ,1.013039748609,1.012376845291,1.012030822285,1.011711985789
      ,1.011377569545,1.011167869723,1.0108044585,1.010671181672
      ,1.01041192024,1.010280392541,1.010147853763,1.01006706948
      ,1.010025407662,1.010025407661)
    ,(1.031393471788,1.031393471787,1.031455377148,1.031578571247
      ,1.031762069249,1.032004531134,1.032304274763,1.03265928889
      ,1.033067246234,1.033525516499,1.034031179427,1.034581037838
      ,1.035171630672,1.036877044706,1.03806511366,1.039355750938
      ,1.040739913895,1.042208747978,1.043754545718,1.04537120162
      ,1.047054230214,1.048800412379,1.050607137532,1.052471506848
      ,1.054389264697,1.058574978575,1.060857387252,1.063187565023
      ,1.065551724438,1.067933511739,1.070306200196,1.072623041198
      ,1.074809672518,1.076762484507,1.078356843572,1.079469073557
      ,1.080016094656,1.080017145553,1.079469977842,1.078359141398
      ,1.076766439393,1.07481399452,1.072626192206,1.070307745765
      ,1.067934601709,1.065554405259,1.063193243816,1.060865388568
      ,1.058582752237,1.054950743379,1.053564680139,1.052205074577
      ,1.050873887512,1.04957268549,1.048302767603,1.047065291904
      ,1.04586140238,1.044692355277,1.04355964606,1.042465135844
      ,1.041411178205,1.039181283706,1.03802221338,1.036958204496
      ,1.035846712786,1.035152476048,1.033949557546,1.033514382297
      ,1.032659010181,1.032229390449,1.03179434418,1.031529937987
,1.031393471788,1.031393471788))) REPRESENTATION_ITEM('') SURFACE() );
#1203 = CARTESIAN_POINT('',(5.108815909778,-1.251299010269E-15,13.));
#1204 = CARTESIAN_POINT('',(5.108815909778,-0.119518244991,13.));
#1205 = CARTESIAN_POINT('',(5.105789128968,-0.238606745971,
    12.996451515334));
#1206 = CARTESIAN_POINT('',(5.099767444235,-0.357035885539,
    12.989393286121));
#1207 = CARTESIAN_POINT('',(5.090806093802,-0.474573529763,
    12.978884772497));
#1208 = CARTESIAN_POINT('',(5.078982526974,-0.590987391259,
    12.965005610449));
#1209 = CARTESIAN_POINT('',(5.064395222321,-0.706047371711,
    12.947855034877));
#1210 = CARTESIAN_POINT('',(5.047162478736,-0.819527878247,
    12.927551273592));
#1211 = CARTESIAN_POINT('',(5.027421183351,-0.931210109397,
    12.904230915821));
#1212 = CARTESIAN_POINT('',(5.005325561713,-1.040884305818,
    12.878048259676));
#1213 = CARTESIAN_POINT('',(4.981045914453,-1.148351962788,
    12.849174642804));
#1214 = CARTESIAN_POINT('',(4.954767346102,-1.253428001049,
    12.817797760926));
#1215 = CARTESIAN_POINT('',(4.926688490597,-1.355942894258,
    12.784120978985));
#1216 = CARTESIAN_POINT('',(4.846154993661,-1.626851763412,
    12.687056139246));
#1217 = CARTESIAN_POINT('',(4.790536397014,-1.790276192824,
    12.61952852208));
#1218 = CARTESIAN_POINT('',(4.730716516858,-1.946639913462,
    12.546269903074));
#1219 = CARTESIAN_POINT('',(4.667280357814,-2.096190821267,
    12.467789919981));
#1220 = CARTESIAN_POINT('',(4.600788349811,-2.2390658486,12.384556352994
    ));
#1221 = CARTESIAN_POINT('',(4.531740992345,-2.375433330863,
    12.296953923027));
#1222 = CARTESIAN_POINT('',(4.460562871312,-2.50554296749,
    12.205260440513));
#1223 = CARTESIAN_POINT('',(4.387603213975,-2.629711396958,
    12.109637416188));
#1224 = CARTESIAN_POINT('',(4.313150146478,-2.748271073888,
    12.010132240444));
#1225 = CARTESIAN_POINT('',(4.237455851226,-2.86150973533,
    11.906689062734));
#1226 = CARTESIAN_POINT('',(4.160769875247,-2.969627302894,
    11.79916555204));
#1227 = CARTESIAN_POINT('',(4.083377907608,-3.072736596632,
    11.687352773993));
#1228 = CARTESIAN_POINT('',(3.918086596212,-3.281538832543,
    11.439935564555));
#1229 = CARTESIAN_POINT('',(3.830084868647,-3.385903182228,
    11.30321211411));
#1230 = CARTESIAN_POINT('',(3.742186395614,-3.48405403865,
    11.160171158791));
#1231 = CARTESIAN_POINT('',(3.655026117221,-3.575996532218,
    11.010522125605));
#1232 = CARTESIAN_POINT('',(3.569271412765,-3.661642105756,
    10.853729111458));
#1233 = CARTESIAN_POINT('',(3.485810497516,-3.740682631249,
    10.688894784486));
#1234 = CARTESIAN_POINT('',(3.406040483078,-3.812462887947,
    10.514979886948));
#1235 = CARTESIAN_POINT('',(3.332117902293,-3.875899856351,
    10.331207681044));
#1236 = CARTESIAN_POINT('',(3.26704076139,-3.929493651966,
    10.137510730017));
#1237 = CARTESIAN_POINT('',(3.214436615975,-3.971472490493,
    9.934887800003));
#1238 = CARTESIAN_POINT('',(3.177932676167,-4.000114317338,
    9.725550790603));
#1239 = CARTESIAN_POINT('',(3.159977051436,-4.01429259456,9.512752350941
    ));
#1240 = CARTESIAN_POINT('',(3.159947919711,-4.014315526345,
    9.087673968047));
#1241 = CARTESIAN_POINT('',(3.177902024354,-4.000131643827,
    8.874764471573));
#1242 = CARTESIAN_POINT('',(3.214350130711,-3.971540020829,8.6654443367)
  );
#1243 = CARTESIAN_POINT('',(3.266892710807,-3.929621379481,
    8.462889491272));
#1244 = CARTESIAN_POINT('',(3.331956828772,-3.876043735086,
    8.269186431734));
#1245 = CARTESIAN_POINT('',(3.405922538876,-3.812568986202,8.08530083635
    ));
#1246 = CARTESIAN_POINT('',(3.485751878033,-3.740733948818,
    7.911239313405));
#1247 = CARTESIAN_POINT('',(3.569231185096,-3.661677423855,
    7.746342884538));
#1248 = CARTESIAN_POINT('',(3.654930219697,-3.576089981828,7.58964157003
    ));
#1249 = CARTESIAN_POINT('',(3.741982161541,-3.484264138814,
    7.440189282306));
#1250 = CARTESIAN_POINT('',(3.829793089743,-3.386221031219,
    7.297289583844));
#1251 = CARTESIAN_POINT('',(3.917794983358,-3.281886963303,
    7.160516286657));
#1252 = CARTESIAN_POINT('',(4.061121463286,-3.100864617464,6.94595397358
    ));
#1253 = CARTESIAN_POINT('',(4.116708260645,-3.027896047022,
    6.864811303999));
#1254 = CARTESIAN_POINT('',(4.171990195494,-2.95237082727,6.785909040586
    ));
#1255 = CARTESIAN_POINT('',(4.226849464399,-2.874251455044,
    6.709171879816));
#1256 = CARTESIAN_POINT('',(4.281177963621,-2.793479593066,
    6.634541440116));
#1257 = CARTESIAN_POINT('',(4.334873124968,-2.709979382567,
    6.561977818779));
#1258 = CARTESIAN_POINT('',(4.387833679252,-2.623660837816,
    6.491461216653));
#1259 = CARTESIAN_POINT('',(4.439955349918,-2.534423328029,
    6.422993624913));
#1260 = CARTESIAN_POINT('',(4.491126480556,-2.442159152788,
    6.356600565595));
#1261 = CARTESIAN_POINT('',(4.541223600975,-2.346757216973,
    6.292332880833));
#1262 = CARTESIAN_POINT('',(4.590106937901,-2.248106812105,
    6.230268561658));
#1263 = CARTESIAN_POINT('',(4.637615877618,-2.146101511146,
    6.170514609502));
#1264 = CARTESIAN_POINT('',(4.739137330289,-1.913095435319,
    6.043899914394));
#1265 = CARTESIAN_POINT('',(4.792561847457,-1.780056708687,
    5.978014571017));
#1266 = CARTESIAN_POINT('',(4.842066148564,-1.646098481984,5.9175475038)
  );
#1267 = CARTESIAN_POINT('',(4.894338187127,-1.488736456418,
    5.854301915439));
#1268 = CARTESIAN_POINT('',(4.927634295041,-1.37294791072,5.81435558289)
  );
#1269 = CARTESIAN_POINT('',(4.983906996707,-1.176163344884,
    5.747021286014));
#1270 = CARTESIAN_POINT('',(5.006707290202,-1.049121536188,5.72025798753
    ));
#1271 = CARTESIAN_POINT('',(5.046401739728,-0.865243862323,
    5.673199666267));
#1272 = CARTESIAN_POINT('',(5.068358907424,-0.703002458313,5.6474708992)
  );
#1273 = CARTESIAN_POINT('',(5.089125772363,-0.528630850162,
    5.623073923402));
#1274 = CARTESIAN_POINT('',(5.102152115949,-0.353683519194,
    5.607811771915));
#1275 = CARTESIAN_POINT('',(5.108815909773,-0.177009652989,
    5.600000000004));
#1276 = CARTESIAN_POINT('',(5.108815909778,-1.251299010269E-15,5.6));
#1277 = CARTESIAN_POINT('',(5.108815909778,-8.881784197001E-16,
    12.893065286739));
#1278 = CARTESIAN_POINT('',(5.108815909778,-0.116063984228,
    12.893065286739));
#1279 = CARTESIAN_POINT('',(5.105964653365,-0.231719191057,
    12.889530427976));
#1280 = CARTESIAN_POINT('',(5.100290378873,-0.346742993077,
    12.882496868525));
#1281 = CARTESIAN_POINT('',(5.091844755805,-0.460908861603,
    12.87202337148));
#1282 = CARTESIAN_POINT('',(5.080701489061,-0.573989091835,
    12.858190345852));
#1283 = CARTESIAN_POINT('',(5.066954913272,-0.685757519897,
    12.841098876301));
#1284 = CARTESIAN_POINT('',(5.050718578613,-0.795992229926,
    12.820869743424));
#1285 = CARTESIAN_POINT('',(5.032123829964,-0.904478249555,
    12.797642435831));
#1286 = CARTESIAN_POINT('',(5.011318380812,-1.011010232332,
    12.771574156138));
#1287 = CARTESIAN_POINT('',(4.988464883941,-1.115395125911,
    12.742838822116));
#1288 = CARTESIAN_POINT('',(4.963739500339,-1.217454825006,
    12.711626065194));
#1289 = CARTESIAN_POINT('',(4.937330468233,-1.317028808551,
    12.67814022769));
#1290 = CARTESIAN_POINT('',(4.861559227893,-1.580380091766,
    12.581596332605));
#1291 = CARTESIAN_POINT('',(4.809241353575,-1.73929623502,
    12.514456073605));
#1292 = CARTESIAN_POINT('',(4.752996798354,-1.891377174838,
    12.44165668957));
#1293 = CARTESIAN_POINT('',(4.693391484705,-2.036855376618,
    12.363729246384));
#1294 = CARTESIAN_POINT('',(4.630973308012,-2.175841438738,
    12.281172452183));
#1295 = CARTESIAN_POINT('',(4.56623089142,-2.308484049977,
    12.194399852006));
#1296 = CARTESIAN_POINT('',(4.499576462891,-2.43502472225,
    12.103713449491));
#1297 = CARTESIAN_POINT('',(4.431348010084,-2.555779684952,
    12.00929765742));
#1298 = CARTESIAN_POINT('',(4.36182587816,-2.671081203948,
    11.911227491008));
#1299 = CARTESIAN_POINT('',(4.291258997562,-2.781210441177,
    11.809484941524));
#1300 = CARTESIAN_POINT('',(4.219895958619,-2.886353811038,
    11.703977503627));
#1301 = CARTESIAN_POINT('',(4.148016184742,-2.986614620723,
    11.594552868447));
#1302 = CARTESIAN_POINT('',(3.994564131294,-3.189976701465,
    11.352748722161));
#1303 = CARTESIAN_POINT('',(3.912926668175,-3.291761749335,
    11.219309515919));
#1304 = CARTESIAN_POINT('',(3.831547087409,-3.387516858885,
    11.080124251821));
#1305 = CARTESIAN_POINT('',(3.751024060537,-3.477247565575,
    10.934954332699));
#1306 = CARTESIAN_POINT('',(3.671984476147,-3.560870823459,
    10.783350094122));
#1307 = CARTESIAN_POINT('',(3.595239806936,-3.638101137812,
    10.624534471359));
#1308 = CARTESIAN_POINT('',(3.522042026484,-3.708320295953,
    10.457581515026));
#1309 = CARTESIAN_POINT('',(3.454316159115,-3.770483164073,
    10.281767992513));
#1310 = CARTESIAN_POINT('',(3.394747994289,-3.823111144556,
    10.096978188186));
#1311 = CARTESIAN_POINT('',(3.346606729103,-3.864424293683,
    9.904044421527));
#1312 = CARTESIAN_POINT('',(3.313182594,-3.892663173635,9.704908584236)
  );
#1313 = CARTESIAN_POINT('',(3.296717836463,-3.906652771967,
    9.502492433546));
#1314 = CARTESIAN_POINT('',(3.296692647183,-3.906674207594,
    9.097883696206));
#1315 = CARTESIAN_POINT('',(3.313154776272,-3.892680557496,
    8.895403010401));
#1316 = CARTESIAN_POINT('',(3.346524635793,-3.864493234983,
    8.696307054689));
#1317 = CARTESIAN_POINT('',(3.394607074157,-3.823240576891,8.503436205)
  );
#1318 = CARTESIAN_POINT('',(3.454163025891,-3.770628418874,
    8.318625681684));
#1319 = CARTESIAN_POINT('',(3.521929876306,-3.708427562418,
    8.142691090313));
#1320 = CARTESIAN_POINT('',(3.595183887942,-3.638153658464,
    7.975594326886));
#1321 = CARTESIAN_POINT('',(3.671946654213,-3.560906771816,
    7.816722151768));
#1322 = CARTESIAN_POINT('',(3.750935773244,-3.477339212691,
    7.665207715268));
#1323 = CARTESIAN_POINT('',(3.831359991458,-3.387720504572,
    7.520223047421));
#1324 = CARTESIAN_POINT('',(3.912660056959,-3.292068004203,
    7.381168576867));
#1325 = CARTESIAN_POINT('',(3.994297751109,-3.19031106834,7.247684256898
    ));
#1326 = CARTESIAN_POINT('',(4.127403907774,-3.013943011381,
    7.037919208443));
#1327 = CARTESIAN_POINT('',(4.17902235009,-2.942959110205,6.958547674918
    ));
#1328 = CARTESIAN_POINT('',(4.230427054694,-2.869488793145,
    6.881221749753));
#1329 = CARTESIAN_POINT('',(4.281505107864,-2.793493766323,6.80588558314
    ));
#1330 = CARTESIAN_POINT('',(4.332151862871,-2.714916108188,
    6.732498554928));
#1331 = CARTESIAN_POINT('',(4.382267094483,-2.633681505837,6.66103699701
    ));
#1332 = CARTESIAN_POINT('',(4.431751134186,-2.549702514837,
    6.591495935779));
#1333 = CARTESIAN_POINT('',(4.480500986645,-2.462881844209,
    6.523890853767));
#1334 = CARTESIAN_POINT('',(4.528406428577,-2.373115668286,
    6.458259466921));
#1335 = CARTESIAN_POINT('',(4.575346091058,-2.28029696731,6.394663517184
    ));
#1336 = CARTESIAN_POINT('',(4.621183527179,-2.184318898626,
    6.333190576425));
#1337 = CARTESIAN_POINT('',(4.665763266872,-2.085078200623,
    6.273955860566));
#1338 = CARTESIAN_POINT('',(4.761009727779,-1.858573063557,6.14844629699
    ));
#1339 = CARTESIAN_POINT('',(4.811147396298,-1.729330536771,
    6.083103756973));
#1340 = CARTESIAN_POINT('',(4.857659695524,-1.599181753866,
    6.023051136208));
#1341 = CARTESIAN_POINT('',(4.906826629916,-1.446113327544,
    5.960167439587));
#1342 = CARTESIAN_POINT('',(4.937965889577,-1.334486006436,
    5.920707773325));
#1343 = CARTESIAN_POINT('',(4.991422943784,-1.141292805411,
    5.852962176675));
#1344 = CARTESIAN_POINT('',(5.012204497743,-1.02058124896,5.827362892534
    ));
#1345 = CARTESIAN_POINT('',(5.050259077143,-0.839478090999,
    5.779481493445));
#1346 = CARTESIAN_POINT('',(5.070544245176,-0.683360653479,
    5.754463967019));
#1347 = CARTESIAN_POINT('',(5.090299476731,-0.513319899406,
    5.729869861305));
#1348 = CARTESIAN_POINT('',(5.102533524517,-0.343508270477,
    5.714724105212));
#1349 = CARTESIAN_POINT('',(5.108815909775,-0.171855693156,
    5.706934713264));
#1350 = CARTESIAN_POINT('',(5.108815909778,-1.020539208696E-10,
    5.706934713261));
#1351 = CARTESIAN_POINT('',(5.074814169524,-1.33226762955E-15,
    12.788916570967));
#1352 = CARTESIAN_POINT('',(5.074814169524,-0.111990241642,
    12.788916570967));
#1353 = CARTESIAN_POINT('',(5.072081957493,-0.223589826858,
    12.785394789586));
#1354 = CARTESIAN_POINT('',(5.066643023917,-0.334581272748,
    12.778385170245));
#1355 = CARTESIAN_POINT('',(5.058546726428,-0.444741666213,
    12.76794588742));
#1356 = CARTESIAN_POINT('',(5.047864643799,-0.553845868637,
    12.754158014715));
#1357 = CARTESIAN_POINT('',(5.034688932079,-0.661669722024,
    12.737124195132));
#1358 = CARTESIAN_POINT('',(5.019130682341,-0.767993256986,
    12.716967313699));
#1359 = CARTESIAN_POINT('',(5.00131827999,-0.872603903022,
    12.693829171381));
#1360 = CARTESIAN_POINT('',(4.981395764934,-0.975299701398,
    12.667869160838));
#1361 = CARTESIAN_POINT('',(4.959521192604,-1.075892520981,
    12.639262942654));
#1362 = CARTESIAN_POINT('',(4.935864995176,-1.174211277231,
    12.608201122593));
#1363 = CARTESIAN_POINT('',(4.910608342852,-1.27010515457,
    12.574887928773));
#1364 = CARTESIAN_POINT('',(4.838141711271,-1.523759409978,
    12.478830294441));
#1365 = CARTESIAN_POINT('',(4.788140973219,-1.676713625519,
    12.412067409377));
#1366 = CARTESIAN_POINT('',(4.734421009729,-1.822997262766,
    12.339709898905));
#1367 = CARTESIAN_POINT('',(4.677538507472,-1.962825730201,
    12.262305713984));
#1368 = CARTESIAN_POINT('',(4.618039076276,-2.09628013562,
    12.180380987001));
#1369 = CARTESIAN_POINT('',(4.556408356103,-2.2234874062,12.09437448929)
  );
#1370 = CARTESIAN_POINT('',(4.493053143255,-2.344680145479,
    12.004608225572));
#1371 = CARTESIAN_POINT('',(4.428305405304,-2.460173937247,
    11.911284742448));
#1372 = CARTESIAN_POINT('',(4.362442050967,-2.570299835006,
    11.814501723925));
#1373 = CARTESIAN_POINT('',(4.295713315256,-2.675329810889,
    11.714274440066));
#1374 = CARTESIAN_POINT('',(4.228372611421,-2.775432977959,
    11.610556603524));
#1375 = CARTESIAN_POINT('',(4.160700692116,-2.87070044192,
    11.503250178174));
#1376 = CARTESIAN_POINT('',(4.0164584092,-3.0637294278,11.266577385999)
  );
#1377 = CARTESIAN_POINT('',(3.939872688011,-3.160170673607,
    11.136234720378));
#1378 = CARTESIAN_POINT('',(3.863727965942,-3.250684104632,
    11.000680800857));
#1379 = CARTESIAN_POINT('',(3.788600594568,-3.335285290102,
    10.85974461357));
#1380 = CARTESIAN_POINT('',(3.715090847757,-3.413909908172,
    10.713077123322));
#1381 = CARTESIAN_POINT('',(3.643950423065,-3.486322442105,
    10.560030164074));
#1382 = CARTESIAN_POINT('',(3.576309549973,-3.551997120215,
    10.399802323967));
#1383 = CARTESIAN_POINT('',(3.513891287055,-3.61002306722,
    10.231746751792));
#1384 = CARTESIAN_POINT('',(3.459100302856,-3.659085809513,
    10.055735436433));
#1385 = CARTESIAN_POINT('',(3.414873190532,-3.697577398053,
    9.872474031045));
#1386 = CARTESIAN_POINT('',(3.384177310856,-3.723887398753,
    9.683660737957));
#1387 = CARTESIAN_POINT('',(3.369045495739,-3.73692674618,9.491882282977
    ));
#1388 = CARTESIAN_POINT('',(3.369024077292,-3.73694507443,9.108440505893
    ));
#1389 = CARTESIAN_POINT('',(3.384152233543,-3.723903344126,
    8.916646777517));
#1390 = CARTESIAN_POINT('',(3.414794670877,-3.697644687329,
    8.727898316102));
#1391 = CARTESIAN_POINT('',(3.458964696032,-3.659212151858,8.54469548351
    ));
#1392 = CARTESIAN_POINT('',(3.513743826819,-3.610164726492,
    8.368648742514));
#1393 = CARTESIAN_POINT('',(3.57620140912,-3.552102018234,8.200463517866
    ));
#1394 = CARTESIAN_POINT('',(3.643896417552,-3.486374283107,
    8.040093388929));
#1395 = CARTESIAN_POINT('',(3.715055122039,-3.413944846436,
    7.886994655649));
#1396 = CARTESIAN_POINT('',(3.788518660424,-3.335371680485,
    7.740415715372));
#1397 = CARTESIAN_POINT('',(3.86355454999,-3.25087484971,7.599655138051)
  );
#1398 = CARTESIAN_POINT('',(3.939625977428,-3.16045660385,7.46422271304)
  );
#1399 = CARTESIAN_POINT('',(4.016212465074,-3.064041020783,
    7.333838037022));
#1400 = CARTESIAN_POINT('',(4.141350358001,-2.896606957732,
    7.128491634256));
#1401 = CARTESIAN_POINT('',(4.189924877659,-2.829175728417,
    7.050701945491));
#1402 = CARTESIAN_POINT('',(4.238376802686,-2.759289002738,
    6.974784326402));
#1403 = CARTESIAN_POINT('',(4.286595042394,-2.686908003441,
    6.900701859598));
#1404 = CARTESIAN_POINT('',(4.334475845804,-2.611975760505,
    6.828430711444));
#1405 = CARTESIAN_POINT('',(4.381919198355,-2.534420141501,
    6.757962080166));
#1406 = CARTESIAN_POINT('',(4.428825222626,-2.454156877123,
    6.689304139163));
#1407 = CARTESIAN_POINT('',(4.475090582846,-2.371092581514,
    6.622483976483));
#1408 = CARTESIAN_POINT('',(4.520604893116,-2.285127767042,
    6.557549530248));
#1409 = CARTESIAN_POINT('',(4.56524712893,-2.196159853178,6.494571521183
    ));
#1410 = CARTESIAN_POINT('',(4.608882041793,-2.104086169021,
    6.433645382099));
#1411 = CARTESIAN_POINT('',(4.651356576393,-2.008806949105,6.37489318539
    ));
#1412 = CARTESIAN_POINT('',(4.742139532928,-1.791273610584,
    6.250374431524));
#1413 = CARTESIAN_POINT('',(4.789960419958,-1.667095310296,
    6.185512060969));
#1414 = CARTESIAN_POINT('',(4.834384757222,-1.541935483133,
    6.125823535992));
#1415 = CARTESIAN_POINT('',(4.881393831094,-1.394438728291,
    6.063274021782));
#1416 = CARTESIAN_POINT('',(4.910948499044,-1.287983068806,
    6.024318656681));
#1417 = CARTESIAN_POINT('',(4.962727385858,-1.099445794113,
    5.956028569847));
#1418 = CARTESIAN_POINT('',(4.981731311744,-0.986407748811,
    5.931780015427));
#1419 = CARTESIAN_POINT('',(5.019032287397,-0.80877643626,5.88290224108)
  );
#1420 = CARTESIAN_POINT('',(5.037946381838,-0.660033736087,
    5.858707196199));
#1421 = CARTESIAN_POINT('',(5.057115477232,-0.495186678882,
    5.833870886075));
#1422 = CARTESIAN_POINT('',(5.068788100007,-0.331487341166,
    5.818852472464));
#1423 = CARTESIAN_POINT('',(5.074814169521,-0.165777430186,
    5.811083429037));
#1424 = CARTESIAN_POINT('',(5.074814169524,-1.07795994353E-10,
    5.811083429033));
#1425 = CARTESIAN_POINT('',(5.009583715059,-1.7763568394E-15,
    12.699232194719));
#1426 = CARTESIAN_POINT('',(5.009583715059,-0.107732118773,
    12.699232194719));
#1427 = CARTESIAN_POINT('',(5.006904547068,-0.215088568729,
    12.695744105436));
#1428 = CARTESIAN_POINT('',(5.001569965566,-0.321856998302,
    12.688799895671));
#1429 = CARTESIAN_POINT('',(4.993628150164,-0.4278180196,12.678456869153
    ));
#1430 = CARTESIAN_POINT('',(4.983149849686,-0.532748937047,
    12.664796033506));
#1431 = CARTESIAN_POINT('',(4.970226532168,-0.636427480282,
    12.647920476094));
#1432 = CARTESIAN_POINT('',(4.954968539757,-0.738635542694,
    12.627953745808));
#1433 = CARTESIAN_POINT('',(4.937503247513,-0.839162926824,
    12.605038239571));
#1434 = CARTESIAN_POINT('',(4.917973224959,-0.937811097789,
    12.579333592536));
#1435 = CARTESIAN_POINT('',(4.896534399393,-1.034396945651,
    12.551015070746));
#1436 = CARTESIAN_POINT('',(4.873354219793,-1.128756557523,
    12.520271965153));
#1437 = CARTESIAN_POINT('',(4.848609820366,-1.220748999964,
    12.487305985828));
#1438 = CARTESIAN_POINT('',(4.777610095341,-1.464025392936,
    12.392246106294));
#1439 = CARTESIAN_POINT('',(4.728650953607,-1.610540915554,
    12.32621666786));
#1440 = CARTESIAN_POINT('',(4.676063076696,-1.750533704199,
    12.254671705497));
#1441 = CARTESIAN_POINT('',(4.620399362354,-1.884203684073,
    12.17816492567));
#1442 = CARTESIAN_POINT('',(4.562208341989,-2.011603334947,
    12.097238149024));
#1443 = CARTESIAN_POINT('',(4.501976860736,-2.132838385645,
    12.012343719153));
#1444 = CARTESIAN_POINT('',(4.440108998208,-2.248132799562,
    11.923812042585));
#1445 = CARTESIAN_POINT('',(4.376931848424,-2.357801355919,
    11.831851756686));
#1446 = CARTESIAN_POINT('',(4.312718765474,-2.462173220542,
    11.736570010667));
#1447 = CARTESIAN_POINT('',(4.247720659129,-2.561510011886,
    11.638000312705));
#1448 = CARTESIAN_POINT('',(4.182195895469,-2.655961995068,
    11.536125363579));
#1449 = CARTESIAN_POINT('',(4.116429324092,-2.745606174393,
    11.430882251774));
#1450 = CARTESIAN_POINT('',(3.976381460538,-2.926807408782,
    11.199073098436));
#1451 = CARTESIAN_POINT('',(3.902110229021,-3.017043110428,
    11.071595321327));
#1452 = CARTESIAN_POINT('',(3.828366714267,-3.101430546885,
    10.939255055334));
#1453 = CARTESIAN_POINT('',(3.755719345174,-3.179997501473,
    10.801927467524));
#1454 = CARTESIAN_POINT('',(3.684760905264,-3.252698663064,
    10.659334441903));
#1455 = CARTESIAN_POINT('',(3.61622039975,-3.319348229686,
    10.510916807428));
#1456 = CARTESIAN_POINT('',(3.551174800545,-3.379519595192,
    10.355959798619));
#1457 = CARTESIAN_POINT('',(3.491253245191,-3.432459604951,
    10.193874402582));
#1458 = CARTESIAN_POINT('',(3.438725357599,-3.477065426943,
    10.024536064569));
#1459 = CARTESIAN_POINT('',(3.396364560455,-3.511972483715,
    9.848580706517));
#1460 = CARTESIAN_POINT('',(3.366977004818,-3.535801901645,9.66755621731
    ));
#1461 = CARTESIAN_POINT('',(3.3524877148,-3.547615240302,9.48382591551)
  );
#1462 = CARTESIAN_POINT('',(3.352468542123,-3.547630130185,
    9.116454816072));
#1463 = CARTESIAN_POINT('',(3.366953614444,-3.535815607328,
    8.932747506289));
#1464 = CARTESIAN_POINT('',(3.39628716429,-3.512036429988,8.751808112991
    ));
#1465 = CARTESIAN_POINT('',(3.43859066833,-3.477186358416,8.575909101865
    ));
#1466 = CARTESIAN_POINT('',(3.49110650852,-3.432595410061,8.406524392666
    ));
#1467 = CARTESIAN_POINT('',(3.551067052577,-3.379620446921,
    8.244302067173));
#1468 = CARTESIAN_POINT('',(3.616166663161,-3.319398288272,8.08920267284
    ));
#1469 = CARTESIAN_POINT('',(3.684726181835,-3.252731641626,
    7.940736011363));
#1470 = CARTESIAN_POINT('',(3.755640467376,-3.180077407539,
    7.798230687773));
#1471 = CARTESIAN_POINT('',(3.828199466114,-3.101606804501,
    7.661072190872));
#1472 = CARTESIAN_POINT('',(3.901872639791,-3.017307017259,
    7.528846537976));
#1473 = CARTESIAN_POINT('',(3.976145798503,-2.927094488785,
    7.401327485629));
#1474 = CARTESIAN_POINT('',(4.097651493305,-2.769912803305,
    7.200190716569));
#1475 = CARTESIAN_POINT('',(4.144846616649,-2.706499481017,
    7.123926123862));
#1476 = CARTESIAN_POINT('',(4.191962252255,-2.640651975787,
    7.049418149006));
#1477 = CARTESIAN_POINT('',(4.238887380793,-2.572331944258,
    6.976641808161));
#1478 = CARTESIAN_POINT('',(4.285518186187,-2.501484045047,
    6.905583433419));
#1479 = CARTESIAN_POINT('',(4.331754518324,-2.428038753195,
    6.836242816224));
#1480 = CARTESIAN_POINT('',(4.377496367002,-2.351915161373,
    6.768635337962));
#1481 = CARTESIAN_POINT('',(4.422640346888,-2.273023766874,
    6.702794088191));
#1482 = CARTESIAN_POINT('',(4.467076192658,-2.191269243361,
    6.638771972609));
#1483 = CARTESIAN_POINT('',(4.510683263797,-2.106553196364,
    6.576643811179));
#1484 = CARTESIAN_POINT('',(4.553327057855,-2.018776901292,
    6.516508428547));
#1485 = CARTESIAN_POINT('',(4.594855731123,-1.927844022789,
    6.458490737818));
#1486 = CARTESIAN_POINT('',(4.683642307535,-1.720045888479,
    6.335492029249));
#1487 = CARTESIAN_POINT('',(4.730427697748,-1.601310206717,
    6.271397136344));
#1488 = CARTESIAN_POINT('',(4.773931286228,-1.481491507549,
    6.212356161797));
#1489 = CARTESIAN_POINT('',(4.819985183905,-1.339967147287,
    6.150466741115));
#1490 = CARTESIAN_POINT('',(4.848704325135,-1.238967907832,
    6.112220144334));
#1491 = CARTESIAN_POINT('',(4.900108095402,-1.055443345108,
    6.043754864171));
#1492 = CARTESIAN_POINT('',(4.917768323397,-0.950473918853,
    6.021026723266));
#1493 = CARTESIAN_POINT('',(4.955248350807,-0.776554874952,
    5.971416064577));
#1494 = CARTESIAN_POINT('',(4.973229300346,-0.63557022335,5.948205458522
    ));
#1495 = CARTESIAN_POINT('',(4.99227863217,-0.476193754654,5.923270522801
    ));
#1496 = CARTESIAN_POINT('',(5.00366857958,-0.318909707345,5.908470847411
    ));
#1497 = CARTESIAN_POINT('',(5.009583715053,-0.159424061107,
    5.900767805288));
#1498 = CARTESIAN_POINT('',(5.009583715059,-1.571578422954E-10,
    5.900767805281));
#1499 = CARTESIAN_POINT('',(4.919899338811,-1.33226762955E-15,
    12.634001740253));
#1500 = CARTESIAN_POINT('',(4.919899338811,-0.103753666378,
    12.634001740253));
#1501 = CARTESIAN_POINT('',(4.917213465882,-0.207142491314,
    12.630583641896));
#1502 = CARTESIAN_POINT('',(4.911864807117,-0.309961606884,
    12.623777696323));
#1503 = CARTESIAN_POINT('',(4.903901304627,-0.411997534071,
    12.613639771498));
#1504 = CARTESIAN_POINT('',(4.893393769347,-0.513032377993,
    12.600249538556));
#1505 = CARTESIAN_POINT('',(4.880433896889,-0.612848024456,
    12.583708660547));
#1506 = CARTESIAN_POINT('',(4.865132285127,-0.711230338228,
    12.564138983147));
#1507 = CARTESIAN_POINT('',(4.8476164531,-0.807973363706,12.54168072705)
  );
#1508 = CARTESIAN_POINT('',(4.82802886093,-0.902883528125,
    12.516490681544));
#1509 = CARTESIAN_POINT('',(4.806524930275,-0.995783848008,
    12.488740398945));
#1510 = CARTESIAN_POINT('',(4.783271065063,-1.086518138827,
    12.458614389466));
#1511 = CARTESIAN_POINT('',(4.758442672025,-1.174955228364,
    12.426308316124));
#1512 = CARTESIAN_POINT('',(4.687188979688,-1.408761728497,
    12.333149998102));
#1513 = CARTESIAN_POINT('',(4.638064170959,-1.549425067239,
    12.268471960077));
#1514 = CARTESIAN_POINT('',(4.585278550048,-1.683752191869,
    12.198385661013));
#1515 = CARTESIAN_POINT('',(4.529382523683,-1.811934174509,
    12.123433743119));
#1516 = CARTESIAN_POINT('',(4.470927803573,-1.934001507069,
    12.044154817191));
#1517 = CARTESIAN_POINT('',(4.410402182529,-2.050043488092,
    11.960996349981));
#1518 = CARTESIAN_POINT('',(4.348206125349,-2.160278032718,
    11.874279592219));
#1519 = CARTESIAN_POINT('',(4.284659907428,-2.265020311881,
    11.784201611731));
#1520 = CARTESIAN_POINT('',(4.220030028753,-2.364598660494,
    11.690859491605));
#1521 = CARTESIAN_POINT('',(4.154563621842,-2.459266237065,
    11.594281739298));
#1522 = CARTESIAN_POINT('',(4.088519560054,-2.549156966066,
    11.494451939801));
#1523 = CARTESIAN_POINT('',(4.022184959279,-2.634334346733,
    11.391309667016));
#1524 = CARTESIAN_POINT('',(3.880850660974,-2.80620380985,11.16414059241
    ));
#1525 = CARTESIAN_POINT('',(3.805849260027,-2.891600626026,
    11.039230907123));
#1526 = CARTESIAN_POINT('',(3.731305564191,-2.971301155452,
    10.909504104251));
#1527 = CARTESIAN_POINT('',(3.657793131501,-3.045337940941,
    10.774843171939));
#1528 = CARTESIAN_POINT('',(3.58591369961,-3.113673258633,
    10.634983790772));
#1529 = CARTESIAN_POINT('',(3.516410529478,-3.176146058617,
    10.489372990604));
#1530 = CARTESIAN_POINT('',(3.450385378632,-3.232384147667,
    10.337293799254));
#1531 = CARTESIAN_POINT('',(3.389507760436,-3.281726211119,
    10.178152143869));
#1532 = CARTESIAN_POINT('',(3.336104864073,-3.323198416856,
    10.011821907998));
#1533 = CARTESIAN_POINT('',(3.293020270126,-3.35559044166,9.838943590634
    ));
#1534 = CARTESIAN_POINT('',(3.263129540086,-3.377675751574,
    9.661071490823));
#1535 = CARTESIAN_POINT('',(3.248401084771,-3.388620764272,
    9.480563883871));
#1536 = CARTESIAN_POINT('',(3.248381986003,-3.388633401301,
    9.119697693733));
#1537 = CARTESIAN_POINT('',(3.263106223667,-3.377687655055,
    8.939229828986));
#1538 = CARTESIAN_POINT('',(3.292941175909,-3.355651530582,
    8.761452619632));
#1539 = CARTESIAN_POINT('',(3.335966464716,-3.323315033723,
    8.588630900339));
#1540 = CARTESIAN_POINT('',(3.389356666847,-3.281857535317,
    8.422250030648));
#1541 = CARTESIAN_POINT('',(3.450274339562,-3.232481873417,
    8.262967613952));
#1542 = CARTESIAN_POINT('',(3.516355322899,-3.176194521993,8.11074456134
    ));
#1543 = CARTESIAN_POINT('',(3.585878602922,-3.113704435433,
    7.965084672674));
#1544 = CARTESIAN_POINT('',(3.657713366381,-3.045412963639,
    7.825312273702));
#1545 = CARTESIAN_POINT('',(3.731135869842,-2.971467184129,
    7.690817874781));
#1546 = CARTESIAN_POINT('',(3.805608556809,-2.891849051005,7.56120218634
    ));
#1547 = CARTESIAN_POINT('',(3.880613620949,-2.806472857655,
    7.436249114494));
#1548 = CARTESIAN_POINT('',(4.003228827608,-2.657396168699,
    7.239150242242));
#1549 = CARTESIAN_POINT('',(4.050841161967,-2.597166728115,
    7.164405842095));
#1550 = CARTESIAN_POINT('',(4.098347265585,-2.534557497245,
    7.091391781542));
#1551 = CARTESIAN_POINT('',(4.145635907882,-2.469531518757,
    7.020082896573));
#1552 = CARTESIAN_POINT('',(4.192603698688,-2.402035367897,
    6.950464673121));
#1553 = CARTESIAN_POINT('',(4.239151437554,-2.332001832136,
    6.882535452841));
#1554 = CARTESIAN_POINT('',(4.285180467027,-2.259352586583,
    6.816308634423));
#1555 = CARTESIAN_POINT('',(4.330589029751,-2.184000864681,
    6.751814870608));
#1556 = CARTESIAN_POINT('',(4.375268629226,-2.105854123976,
    6.689104261618));
#1557 = CARTESIAN_POINT('',(4.419100393892,-2.024816706471,6.62824854515
    ));
#1558 = CARTESIAN_POINT('',(4.461951444294,-1.940792493263,
    6.569343283663));
#1559 = CARTESIAN_POINT('',(4.503671262818,-1.853687552971,
    6.512510049336));
#1560 = CARTESIAN_POINT('',(4.592858972991,-1.654478327324,
    6.391999045833));
#1561 = CARTESIAN_POINT('',(4.639840367299,-1.540567953025,
    6.329198996329));
#1562 = CARTESIAN_POINT('',(4.683531217695,-1.425522859351,
    6.271323201767));
#1563 = CARTESIAN_POINT('',(4.729761151029,-1.289403078581,
    6.210670953884));
#1564 = CARTESIAN_POINT('',(4.758370406022,-1.193366373993,
    6.173464625385));
#1565 = CARTESIAN_POINT('',(4.81053155052,-1.014407404871,6.105581005792
    ));
#1566 = CARTESIAN_POINT('',(4.827355973853,-0.916924814601,
    6.084497981569));
#1567 = CARTESIAN_POINT('',(4.86576427423,-0.746434068914,6.034772249227
    ));
#1568 = CARTESIAN_POINT('',(4.883274522282,-0.612685506349,
    6.012726257049));
#1569 = CARTESIAN_POINT('',(4.90259819065,-0.45842683314,5.987985704722)
  );
#1570 = CARTESIAN_POINT('',(4.91396427712,-0.307147879733,5.973554038072
    ));
#1571 = CARTESIAN_POINT('',(4.919899338801,-0.153487976869,
    5.965998259758));
#1572 = CARTESIAN_POINT('',(4.919899338811,-2.452469338721E-10,
    5.965998259747));
#1573 = CARTESIAN_POINT('',(4.815750623039,-1.33226762955E-15,12.6));
#1574 = CARTESIAN_POINT('',(4.815750623039,-0.100482168849,12.6));
#1575 = CARTESIAN_POINT('',(4.813018634788,-0.200605118575,
    12.59669287432));
#1576 = CARTESIAN_POINT('',(4.807578063088,-0.300175824764,
    12.590107518946));
#1577 = CARTESIAN_POINT('',(4.799477296861,-0.398991195618,
    12.580297628899));
#1578 = CARTESIAN_POINT('',(4.788787695938,-0.496842582973,
    12.567339867437));
#1579 = CARTESIAN_POINT('',(4.775601568034,-0.593520286904,12.5513320245
    ));
#1580 = CARTESIAN_POINT('',(4.760030137522,-0.688818051247,
    12.532391165921));
#1581 = CARTESIAN_POINT('',(4.742201508036,-0.782537548013,
    12.510651775632));
#1582 = CARTESIAN_POINT('',(4.722258620537,-0.874492848321,
    12.486263892359));
#1583 = CARTESIAN_POINT('',(4.700357208963,-0.964514878495,
    12.459391243161));
#1584 = CARTESIAN_POINT('',(4.676663755075,-1.052455859628,
    12.430209375336));
#1585 = CARTESIAN_POINT('',(4.651353444426,-1.138193729928,
    12.398903788807));
#1586 = CARTESIAN_POINT('',(4.578701943873,-1.36485941018,12.30862164395
    ));
#1587 = CARTESIAN_POINT('',(4.52860719708,-1.501201481889,12.24594864692
    ));
#1588 = CARTESIAN_POINT('',(4.474735957363,-1.63147476739,
    12.177994346862));
#1589 = CARTESIAN_POINT('',(4.417635460001,-1.755871108501,
    12.105269956908));
#1590 = CARTESIAN_POINT('',(4.357858327517,-1.874409089199,
    12.028287730598));
#1591 = CARTESIAN_POINT('',(4.295891284461,-1.987168268362,
    11.947468310769));
#1592 = CARTESIAN_POINT('',(4.232129790751,-2.094363226738,
    11.863103931371));
#1593 = CARTESIAN_POINT('',(4.166886020952,-2.196309814193,
    11.775361071515));
#1594 = CARTESIAN_POINT('',(4.100417644906,-2.293335817365,
    11.684306195591));
#1595 = CARTESIAN_POINT('',(4.032964912775,-2.385688058489,
    11.589938274031));
#1596 = CARTESIAN_POINT('',(3.964783607195,-2.47348770205,
    11.492211852071));
#1597 = CARTESIAN_POINT('',(3.896161493734,-2.556785292284,
    11.391034519656));
#1598 = CARTESIAN_POINT('',(3.749745717552,-2.724977398973,
    11.167836432924));
#1599 = CARTESIAN_POINT('',(3.67191123633,-2.808644833797,11.04491294474
    ));
#1600 = CARTESIAN_POINT('',(3.594354099128,-2.886890072992,
    10.916877463455));
#1601 = CARTESIAN_POINT('',(3.517661636924,-2.959734033521,
    10.783578426488));
#1602 = CARTESIAN_POINT('',(3.442455602271,-3.027124556337,
    10.644703940204));
#1603 = CARTESIAN_POINT('',(3.369520588097,-3.088881224761,
    10.499623429423));
#1604 = CARTESIAN_POINT('',(3.30004020227,-3.144605206753,10.34753089607
    ));
#1605 = CARTESIAN_POINT('',(3.235820313669,-3.193600519869,
    10.187767598077));
#1606 = CARTESIAN_POINT('',(3.179380076685,-3.234852421216,
    10.02020371924));
#1607 = CARTESIAN_POINT('',(3.133792628267,-3.267108147055,
    9.845560831859));
#1608 = CARTESIAN_POINT('',(3.102157651981,-3.289105250311,
    9.665559516718));
#1609 = CARTESIAN_POINT('',(3.086586431308,-3.299993708231,
    9.482778719368));
#1610 = CARTESIAN_POINT('',(3.086565647809,-3.300006286468,
    9.117490789797));
#1611 = CARTESIAN_POINT('',(3.102133168288,-3.289116731917,
    8.934741410193));
#1612 = CARTESIAN_POINT('',(3.133710327317,-3.267168612392,
    8.754832051141));
#1613 = CARTESIAN_POINT('',(3.179235732601,-3.234968503779,
    8.580248239684));
#1614 = CARTESIAN_POINT('',(3.235662438489,-3.193731545909,
    8.412637004494));
#1615 = CARTESIAN_POINT('',(3.299924129934,-3.144702748207,
    8.252733500649));
#1616 = CARTESIAN_POINT('',(3.369463072819,-3.088929338964,
    8.100494749753));
#1617 = CARTESIAN_POINT('',(3.442419217915,-3.027155015453,
    7.955362354669));
#1618 = CARTESIAN_POINT('',(3.517578182247,-2.9598079288,7.816574233311)
  );
#1619 = CARTESIAN_POINT('',(3.594175900611,-2.887054434001,7.68344330221
    ));
#1620 = CARTESIAN_POINT('',(3.67165868957,-2.808890358693,7.555519194469
    ));
#1621 = CARTESIAN_POINT('',(3.749498640668,-2.725241060963,
    7.432547664743));
#1622 = CARTESIAN_POINT('',(3.876501713564,-2.579378301017,
    7.238925729937));
#1623 = CARTESIAN_POINT('',(3.925778845864,-2.520462230604,
    7.165565533022));
#1624 = CARTESIAN_POINT('',(3.974872149658,-2.459278391566,
    7.094013594675));
#1625 = CARTESIAN_POINT('',(4.023669892999,-2.395792889521,
    7.024231936714));
#1626 = CARTESIAN_POINT('',(4.072069385118,-2.329954964697,
    6.956193710226));
#1627 = CARTESIAN_POINT('',(4.1199731044,-2.261699664473,6.889885304661)
  );
#1628 = CARTESIAN_POINT('',(4.167284807391,-2.190950535461,
    6.825308476652));
#1629 = CARTESIAN_POINT('',(4.213905619449,-2.11762233649,6.762482497998
    ));
#1630 = CARTESIAN_POINT('',(4.259730108018,-2.041623774281,
    6.701446319241));
#1631 = CARTESIAN_POINT('',(4.304642339679,-1.962860263359,
    6.642260748773));
#1632 = CARTESIAN_POINT('',(4.348511922689,-1.881236712082,
    6.585010643513));
#1633 = CARTESIAN_POINT('',(4.391190036885,-1.796660336681,
    6.529807110192));
#1634 = CARTESIAN_POINT('',(4.482400499006,-1.603232015631,
    6.412762634971));
#1635 = CARTESIAN_POINT('',(4.530410996948,-1.492655619817,
    6.351803062929));
#1636 = CARTESIAN_POINT('',(4.575031956409,-1.381003404049,
    6.295640486026));
#1637 = CARTESIAN_POINT('',(4.622192601468,-1.248855727536,
    6.236842310831));
#1638 = CARTESIAN_POINT('',(4.651206891985,-1.156593155944,
    6.201011218925));
#1639 = CARTESIAN_POINT('',(4.704787283128,-0.981022156059,
    6.134611155554));
#1640 = CARTESIAN_POINT('',(4.721241388373,-0.889565955329,
    6.115200134651));
#1641 = CARTESIAN_POINT('',(4.760947630056,-0.721734811342,
    6.066151046297));
#1642 = CARTESIAN_POINT('',(4.778367745699,-0.593877715592,
    6.045406128845));
#1643 = CARTESIAN_POINT('',(4.798190115715,-0.443804319836,
    6.021218051464));
#1644 = CARTESIAN_POINT('',(4.809710264864,-0.297465442502,
    6.007316071457));
#1645 = CARTESIAN_POINT('',(4.815750623024,-0.148606710837,
    6.000000000017));
#1646 = CARTESIAN_POINT('',(4.815750623039,-3.620823640915E-10,6.));
#1647 = CARTESIAN_POINT('',(4.708815909778,-1.049232288409E-15,12.6));
#1648 = CARTESIAN_POINT('',(4.708815909778,-9.825088091407E-02,12.6));
#1649 = CARTESIAN_POINT('',(4.706026517202,-0.196141421398,
    12.596836904646));
#1650 = CARTESIAN_POINT('',(4.700472309299,-0.293495968622,
    12.590538860805));
#1651 = CARTESIAN_POINT('',(4.692202538642,-0.390127543548,
    12.581156661288));
#1652 = CARTESIAN_POINT('',(4.681289209594,-0.485842429492,
    12.568762112872));
#1653 = CARTESIAN_POINT('',(4.667825124527,-0.580444747228,
    12.55344637353));
#1654 = CARTESIAN_POINT('',(4.651921904707,-0.673741008693,
    12.535318263384));
#1655 = CARTESIAN_POINT('',(4.63370799111,-0.765544642277,
    12.514502554471));
#1656 = CARTESIAN_POINT('',(4.613326630494,-0.855680482874,
    12.491138244084));
#1657 = CARTESIAN_POINT('',(4.590933852274,-0.943989221267,
    12.465376817218));
#1658 = CARTESIAN_POINT('',(4.566696441473,-1.030331808003,
    12.43738050282));
#1659 = CARTESIAN_POINT('',(4.540789913048,-1.114593808411,
    12.407320529186));
#1660 = CARTESIAN_POINT('',(4.466431371073,-1.337440432065,
    12.32060647726));
#1661 = CARTESIAN_POINT('',(4.415155927066,-1.471628528629,
    12.260385094651));
#1662 = CARTESIAN_POINT('',(4.359969671288,-1.600106487727,12.1950006508
    ));
#1663 = CARTESIAN_POINT('',(4.301415042785,-1.723076174808,
    12.124911939545));
#1664 = CARTESIAN_POINT('',(4.240042024948,-1.840554153095,
    12.050581187068));
#1665 = CARTESIAN_POINT('',(4.17633378186,-1.952615524331,
    11.972380712155));
#1666 = CARTESIAN_POINT('',(4.110680185794,-2.059471395564,
    11.89055555022));
#1667 = CARTESIAN_POINT('',(4.043386092263,-2.161434798904,
    11.805225389676));
#1668 = CARTESIAN_POINT('',(3.974701297366,-2.258829378362,
    11.716409267792));
#1669 = CARTESIAN_POINT('',(3.904859254784,-2.351894489848,
    11.624056647697));
#1670 = CARTESIAN_POINT('',(3.834111813608,-2.440739592391,
    11.528068718505));
#1671 = CARTESIAN_POINT('',(3.762747452866,-2.525399960519,
    11.428294015436));
#1672 = CARTESIAN_POINT('',(3.610358372415,-2.696879789617,
    11.207554112772));
#1673 = CARTESIAN_POINT('',(3.529257159615,-2.782573345941,
    11.085636960324));
#1674 = CARTESIAN_POINT('',(3.448243038869,-2.863210115367,
    10.958014017791));
#1675 = CARTESIAN_POINT('',(3.367922549882,-2.938775742588,
    10.824481035092));
#1676 = CARTESIAN_POINT('',(3.288939701144,-3.009177027072,
    10.684642916569));
#1677 = CARTESIAN_POINT('',(3.212124321453,-3.074167524976,
    10.537734180575));
#1678 = CARTESIAN_POINT('',(3.138752547429,-3.133237634669,
    10.382800794625));
#1679 = CARTESIAN_POINT('',(3.070785630009,-3.18552446618,
    10.219086449341));
#1680 = CARTESIAN_POINT('',(3.010959125079,-3.229793524196,
    10.046473878903));
#1681 = CARTESIAN_POINT('',(2.962599675611,-3.264541887986,
    9.865841549174));
#1682 = CARTESIAN_POINT('',(2.929048136344,-3.288272437253,9.67920734885
    ));
#1683 = CARTESIAN_POINT('',(2.912561539655,-3.299992594405,
    9.489540815505));
#1684 = CARTESIAN_POINT('',(2.91253839265,-3.300007398881,9.110759948856
    ));
#1685 = CARTESIAN_POINT('',(2.9290219812,-3.288285254318,8.921095624651)
  );
#1686 = CARTESIAN_POINT('',(2.962514680655,-3.264604519547,
    8.734539007651));
#1687 = CARTESIAN_POINT('',(3.01081022353,-3.229913479709,8.553969353516
    ));
#1688 = CARTESIAN_POINT('',(3.07062249861,-3.185659999048,8.381318961819
    ));
#1689 = CARTESIAN_POINT('',(3.138632500006,-3.133338470695,
    8.217469143533));
#1690 = CARTESIAN_POINT('',(3.212064934873,-3.0742169527,8.062387024642)
  );
#1691 = CARTESIAN_POINT('',(3.288901939578,-3.009208266338,
    7.915421675367));
#1692 = CARTESIAN_POINT('',(3.367834745647,-2.938852974172,
    7.775669618738));
#1693 = CARTESIAN_POINT('',(3.448054817234,-2.863382675679,
    7.642310133007));
#1694 = CARTESIAN_POINT('',(3.528990248278,-2.782830456462,
    7.514802469885));
#1695 = CARTESIAN_POINT('',(3.610098305693,-2.69715282176,7.392830760293
    ));
#1696 = CARTESIAN_POINT('',(3.742237558094,-2.548487459221,7.20140451328
    ));
#1697 = CARTESIAN_POINT('',(3.793499908479,-2.488551877143,7.12899181968
    ));
#1698 = CARTESIAN_POINT('',(3.844489544705,-2.426510933489,
    7.058568556124));
#1699 = CARTESIAN_POINT('',(3.895093580774,-2.362336874517,
    6.990074470411));
#1700 = CARTESIAN_POINT('',(3.945209552932,-2.295983774908,
    6.923461643593));
#1701 = CARTESIAN_POINT('',(3.994741354593,-2.227390285694,
    6.858696359952));
#1702 = CARTESIAN_POINT('',(4.043595102307,-2.156482450084,
    6.795761042056));
#1703 = CARTESIAN_POINT('',(4.091674935242,-2.083176591706,
    6.734656245474));
#1704 = CARTESIAN_POINT('',(4.138878751637,-2.00738228032,6.675402705773
    ));
#1705 = CARTESIAN_POINT('',(4.185093886711,-1.92900538,6.61804343269));
#1706 = CARTESIAN_POINT('',(4.230192737675,-1.84795118543,6.562645843408
    ));
#1707 = CARTESIAN_POINT('',(4.274028342785,-1.764127652243,
    6.509303928191));
#1708 = CARTESIAN_POINT('',(4.367712987217,-1.572613936082,
    6.396260186029));
#1709 = CARTESIAN_POINT('',(4.416994505164,-1.463300044913,
    6.337463525708));
#1710 = CARTESIAN_POINT('',(4.462754018929,-1.353107548867,
    6.283369323072));
#1711 = CARTESIAN_POINT('',(4.511053097614,-1.222898956036,6.22685057096
    ));
#1712 = CARTESIAN_POINT('',(4.540665863135,-1.13273253471,6.19260066398)
  );
#1713 = CARTESIAN_POINT('',(4.595707209517,-0.958837697892,
    6.128448283389));
#1714 = CARTESIAN_POINT('',(4.612120597639,-0.871317114321,6.11060065907
    ));
#1715 = CARTESIAN_POINT('',(4.653030618607,-0.705000474319,
    6.062971713863));
#1716 = CARTESIAN_POINT('',(4.670583594614,-0.581081131274,
    6.043562961006));
#1717 = CARTESIAN_POINT('',(4.690911647734,-0.433812503594,
    6.020249650193));
#1718 = CARTESIAN_POINT('',(4.702647330598,-0.290845780497,
    6.007000848802));
#1719 = CARTESIAN_POINT('',(4.708815909758,-0.145277498591,
    6.000000000022));
#1720 = CARTESIAN_POINT('',(4.708815909778,-1.857499175846E-15,6.));
#1721 = ADVANCED_FACE('',(#1722),#1826,.F.);
#1722 = FACE_BOUND('',#1723,.F.);
#1723 = EDGE_LOOP('',(#1724,#1736,#1815,#1825));
#1724 = ORIENTED_EDGE('',*,*,#1725,.T.);
#1725 = EDGE_CURVE('',#136,#1726,#1728,.T.);
#1726 = VERTEX_POINT('',#1727);
#1727 = CARTESIAN_POINT('',(4.708815909778,-1.049232288409E-15,22.8));
#1728 = ( BOUNDED_CURVE() B_SPLINE_CURVE(6,(#1729,#1730,#1731,#1732,
#1733,#1734,#1735),.UNSPECIFIED.,.F.,.F.) B_SPLINE_CURVE_WITH_KNOTS((7,7
),(0.,5.353161689525),.PIECEWISE_BEZIER_KNOTS.) CURVE() 
GEOMETRIC_REPRESENTATION_ITEM() RATIONAL_B_SPLINE_CURVE((1.031393471788,
    1.010025407661,0.997924642725,0.993958444137,0.997924642725,
1.010025407661,1.031393471788)) REPRESENTATION_ITEM('') );
#1729 = CARTESIAN_POINT('',(5.108815909778,0.,23.2));
#1730 = CARTESIAN_POINT('',(5.108815909778,1.021720485994E-10,
    23.093065286739));
#1731 = CARTESIAN_POINT('',(5.074814169524,1.078848121949E-10,
    22.988916570967));
#1732 = CARTESIAN_POINT('',(5.009583715059,1.572351138179E-10,
    22.899232194719));
#1733 = CARTESIAN_POINT('',(4.919899338811,2.45333531268E-10,
    22.834001740253));
#1734 = CARTESIAN_POINT('',(4.815750623039,3.621951627508E-10,22.8));
#1735 = CARTESIAN_POINT('',(4.708815909778,-1.049232288409E-15,22.8));
#1736 = ORIENTED_EDGE('',*,*,#1737,.T.);
#1737 = EDGE_CURVE('',#1726,#1738,#1740,.T.);
#1738 = VERTEX_POINT('',#1739);
#1739 = CARTESIAN_POINT('',(4.708815909778,-1.857499175846E-15,16.2));
#1740 = ( BOUNDED_CURVE() B_SPLINE_CURVE(13,(#1741,#1742,#1743,#1744,
    #1745,#1746,#1747,#1748,#1749,#1750,#1751,#1752,#1753,#1754,#1755,
    #1756,#1757,#1758,#1759,#1760,#1761,#1762,#1763,#1764,#1765,#1766,
    #1767,#1768,#1769,#1770,#1771,#1772,#1773,#1774,#1775,#1776,#1777,
    #1778,#1779,#1780,#1781,#1782,#1783,#1784,#1785,#1786,#1787,#1788,
    #1789,#1790,#1791,#1792,#1793,#1794,#1795,#1796,#1797,#1798,#1799,
    #1800,#1801,#1802,#1803,#1804,#1805,#1806,#1807,#1808,#1809,#1810,
    #1811,#1812,#1813,#1814),.UNSPECIFIED.,.F.,.F.) 
B_SPLINE_CURVE_WITH_KNOTS((14,12,12,12,12,12,14),(10.70666223792,
    11.85548517693,13.828349328554,16.059321326671,18.289791303354,
19.705224800167,21.413471035312),.UNSPECIFIED.) CURVE() 
GEOMETRIC_REPRESENTATION_ITEM() RATIONAL_B_SPLINE_CURVE((1.031393471788,
    1.031393471787,1.031455095302,1.031577987191,1.031761307167,
    1.032003766725,1.032303666233,1.032658931766,1.033067152284,
    1.033525616418,1.03403134963,1.034581151077,1.035171630672,
    1.036877044706,1.038065113659,1.039355750942,1.040739913888,
    1.042208747991,1.043754545703,1.045371201635,1.047054230203,
    1.048800412386,1.050607137529,1.052471506849,1.054389264697,
    1.058574978575,1.060857387253,1.063187565021,1.065551724441,
    1.067933511734,1.070306200201,1.072623041194,1.074809672522,
    1.076762484505,1.078356843573,1.079469073556,1.080016094656,
    1.080017145553,1.079469977842,1.078359141398,1.076766439393,
    1.07481399452,1.072626192208,1.070307745763,1.067934601711,
    1.065554405257,1.063193243817,1.060865388568,1.058582752237,
    1.05495074338,1.053564680137,1.052205074584,1.050873887498,
    1.049572685511,1.048302767578,1.047065291928,1.045861402362,
    1.044692355288,1.043559646054,1.042465135846,1.041411178204,
    1.039181283707,1.038022209062,1.036958227567,1.035846671498,
    1.035152435729,1.03394987663,1.033513859271,1.032659080392,
    1.032229730208,1.031795463723,1.031530982526,1.031393471787,
1.031393471788)) REPRESENTATION_ITEM('') );
#1741 = CARTESIAN_POINT('',(4.708815909778,-1.049232288409E-15,22.8));
#1742 = CARTESIAN_POINT('',(4.708815909791,-9.777328049185E-02,
    22.800000000014));
#1743 = CARTESIAN_POINT('',(4.70603935842,-0.195591229442,
    22.796851526079));
#1744 = CARTESIAN_POINT('',(4.700498530322,-0.29307014907,
    22.790568664164));
#1745 = CARTESIAN_POINT('',(4.692236014886,-0.389883577045,
    22.781194609662));
#1746 = CARTESIAN_POINT('',(4.681321619195,-0.485755349285,
    22.768798687367));
#1747 = CARTESIAN_POINT('',(4.667849234884,-0.580452594244,
    22.753473334298));
#1748 = CARTESIAN_POINT('',(4.651933676881,-0.673778665158,
    22.735331052608));
#1749 = CARTESIAN_POINT('',(4.633707502228,-0.765566018749,
    22.714501342108));
#1750 = CARTESIAN_POINT('',(4.613317817262,-0.855669049294,
    22.691127619175));
#1751 = CARTESIAN_POINT('',(4.59092308119,-0.943956887426,
    22.665364131841));
#1752 = CARTESIAN_POINT('',(4.566689913619,-1.030306172698,
    22.63737287716));
#1753 = CARTESIAN_POINT('',(4.540789913045,-1.114593808422,
    22.607320529181));
#1754 = CARTESIAN_POINT('',(4.466431371063,-1.337440432095,
    22.520606477248));
#1755 = CARTESIAN_POINT('',(4.415155927061,-1.471628528641,
    22.460385094645));
#1756 = CARTESIAN_POINT('',(4.359969671283,-1.600106487735,
    22.395000650794));
#1757 = CARTESIAN_POINT('',(4.301415042777,-1.723076174825,
    22.324911939534));
#1758 = CARTESIAN_POINT('',(4.24004202493,-1.840554153135,
    22.250581187048));
#1759 = CARTESIAN_POINT('',(4.176333781834,-1.952615524378,
    22.172380712118));
#1760 = CARTESIAN_POINT('',(4.110680185766,-2.05947139561,
    22.090555550192));
#1761 = CARTESIAN_POINT('',(4.043386092233,-2.161434798942,
    22.005225389633));
#1762 = CARTESIAN_POINT('',(3.974701297347,-2.258829378385,
    21.916409267772));
#1763 = CARTESIAN_POINT('',(3.90485925477,-2.351894489865,
    21.824056647675));
#1764 = CARTESIAN_POINT('',(3.834111813601,-2.440739592402,
    21.728068718494));
#1765 = CARTESIAN_POINT('',(3.762747452861,-2.525399960526,
    21.628294015427));
#1766 = CARTESIAN_POINT('',(3.610358372416,-2.696879789617,
    21.407554112772));
#1767 = CARTESIAN_POINT('',(3.529257159616,-2.782573345938,
    21.285636960327));
#1768 = CARTESIAN_POINT('',(3.448243038869,-2.863210115368,
    21.158014017795));
#1769 = CARTESIAN_POINT('',(3.367922549886,-2.938775742581,
    21.024481035092));
#1770 = CARTESIAN_POINT('',(3.288939701141,-3.009177027083,
    20.884642916567));
#1771 = CARTESIAN_POINT('',(3.212124321459,-3.074167524963,
    20.737734180577));
#1772 = CARTESIAN_POINT('',(3.138752547422,-3.133237634682,
    20.582800794623));
#1773 = CARTESIAN_POINT('',(3.070785630013,-3.185524466169,
    20.419086449348));
#1774 = CARTESIAN_POINT('',(3.010959125076,-3.229793524201,
    20.246473878904));
#1775 = CARTESIAN_POINT('',(2.962599675613,-3.264541887983,
    20.065841549177));
#1776 = CARTESIAN_POINT('',(2.929048136345,-3.288272437255,
    19.879207348849));
#1777 = CARTESIAN_POINT('',(2.912561539655,-3.299992594405,
    19.689540815505));
#1778 = CARTESIAN_POINT('',(2.912538392649,-3.300007398881,
    19.310759948856));
#1779 = CARTESIAN_POINT('',(2.9290219812,-3.288285254319,19.121095624652
    ));
#1780 = CARTESIAN_POINT('',(2.962514680656,-3.264604519546,
    18.93453900765));
#1781 = CARTESIAN_POINT('',(3.010810223531,-3.22991347971,
    18.753969353514));
#1782 = CARTESIAN_POINT('',(3.070622498609,-3.185659999045,
    18.581318961819));
#1783 = CARTESIAN_POINT('',(3.138632500007,-3.133338470699,
    18.417469143532));
#1784 = CARTESIAN_POINT('',(3.212064934872,-3.074216952697,
    18.262387024643));
#1785 = CARTESIAN_POINT('',(3.28890193958,-3.009208266343,
    18.115421675369));
#1786 = CARTESIAN_POINT('',(3.367834745647,-2.93885297417,
    17.975669618736));
#1787 = CARTESIAN_POINT('',(3.448054817236,-2.863382675679,
    17.842310133005));
#1788 = CARTESIAN_POINT('',(3.528990248279,-2.782830456459,
    17.714802469881));
#1789 = CARTESIAN_POINT('',(3.610098305693,-2.697152821759,
    17.592830760292));
#1790 = CARTESIAN_POINT('',(3.742237558095,-2.548487459221,
    17.40140451328));
#1791 = CARTESIAN_POINT('',(3.793499908479,-2.488551877144,
    17.328991819679));
#1792 = CARTESIAN_POINT('',(3.844489544707,-2.426510933488,
    17.258568556126));
#1793 = CARTESIAN_POINT('',(3.895093580775,-2.362336874518,
    17.190074470405));
#1794 = CARTESIAN_POINT('',(3.945209552934,-2.295983774904,17.1234616436
    ));
#1795 = CARTESIAN_POINT('',(3.994741354596,-2.227390285691,
    17.058696359937));
#1796 = CARTESIAN_POINT('',(4.043595102308,-2.156482450081,
    16.995761042065));
#1797 = CARTESIAN_POINT('',(4.091674935246,-2.083176591699,
    16.934656245459));
#1798 = CARTESIAN_POINT('',(4.138878751638,-2.007382280317,
    16.875402705777));
#1799 = CARTESIAN_POINT('',(4.185093886714,-1.929005379995,
    16.818043432683));
#1800 = CARTESIAN_POINT('',(4.230192737676,-1.847951185427,
    16.762645843408));
#1801 = CARTESIAN_POINT('',(4.274028342786,-1.764127652241,
    16.70930392819));
#1802 = CARTESIAN_POINT('',(4.367712987217,-1.572613936082,
    16.596260186029));
#1803 = CARTESIAN_POINT('',(4.416993826272,-1.46330245487,
    16.537464447776));
#1804 = CARTESIAN_POINT('',(4.462759220102,-1.353090065495,
    16.483362298361));
#1805 = CARTESIAN_POINT('',(4.51103340168,-1.222960480079,16.42687699131
    ));
#1806 = CARTESIAN_POINT('',(4.540711091191,-1.132605987793,
    16.392540493236));
#1807 = CARTESIAN_POINT('',(4.595644290913,-0.958981019535,
    16.328531230518));
#1808 = CARTESIAN_POINT('',(4.612162065887,-0.871273000109,
    16.310546027716));
#1809 = CARTESIAN_POINT('',(4.653036643577,-0.704949045197,16.26296642)
  );
#1810 = CARTESIAN_POINT('',(4.670585631154,-0.580997493197,
    16.243557522249));
#1811 = CARTESIAN_POINT('',(4.690861167662,-0.433916883249,
    16.220307410553));
#1812 = CARTESIAN_POINT('',(4.702588901676,-0.291325812276,
    16.20706854747));
#1813 = CARTESIAN_POINT('',(4.708815909778,-0.145987146199,16.2));
#1814 = CARTESIAN_POINT('',(4.708815909778,-1.857499175846E-15,16.2));
#1815 = ORIENTED_EDGE('',*,*,#1816,.F.);
#1816 = EDGE_CURVE('',#103,#1738,#1817,.T.);
#1817 = ( BOUNDED_CURVE() B_SPLINE_CURVE(6,(#1818,#1819,#1820,#1821,
#1822,#1823,#1824),.UNSPECIFIED.,.F.,.F.) B_SPLINE_CURVE_WITH_KNOTS((7,7
),(0.,5.353500548395),.PIECEWISE_BEZIER_KNOTS.) CURVE() 
GEOMETRIC_REPRESENTATION_ITEM() RATIONAL_B_SPLINE_CURVE((1.031393471788,
    1.010025407661,0.997924642725,0.993958444137,0.997924642725,
1.010025407661,1.031393471788)) REPRESENTATION_ITEM('') );
#1818 = CARTESIAN_POINT('',(5.108815909778,0.,15.8));
#1819 = CARTESIAN_POINT('',(5.108815909778,0.,15.906934713261));
#1820 = CARTESIAN_POINT('',(5.074814169524,0.,16.011083429033));
#1821 = CARTESIAN_POINT('',(5.009583715059,0.,16.100767805281));
#1822 = CARTESIAN_POINT('',(4.919899338811,0.,16.165998259747));
#1823 = CARTESIAN_POINT('',(4.815750623039,0.,16.2));
#1824 = CARTESIAN_POINT('',(4.708815909778,-1.857499175846E-15,16.2));
#1825 = ORIENTED_EDGE('',*,*,#168,.F.);
#1826 = ( BOUNDED_SURFACE() B_SPLINE_SURFACE(6,13,(
    (#1827,#1828,#1829,#1830,#1831,#1832,#1833,#1834,#1835,#1836,#1837
      ,#1838,#1839,#1840,#1841,#1842,#1843,#1844,#1845,#1846,#1847,#1848
      ,#1849,#1850,#1851,#1852,#1853,#1854,#1855,#1856,#1857,#1858,#1859
      ,#1860,#1861,#1862,#1863,#1864,#1865,#1866,#1867,#1868,#1869,#1870
      ,#1871,#1872,#1873,#1874,#1875,#1876,#1877,#1878,#1879,#1880,#1881
      ,#1882,#1883,#1884,#1885,#1886,#1887,#1888,#1889,#1890,#1891,#1892
      ,#1893,#1894,#1895,#1896,#1897,#1898,#1899,#1900)
    ,(#1901,#1902,#1903,#1904,#1905,#1906,#1907,#1908,#1909,#1910,#1911
      ,#1912,#1913,#1914,#1915,#1916,#1917,#1918,#1919,#1920,#1921,#1922
      ,#1923,#1924,#1925,#1926,#1927,#1928,#1929,#1930,#1931,#1932,#1933
      ,#1934,#1935,#1936,#1937,#1938,#1939,#1940,#1941,#1942,#1943,#1944
      ,#1945,#1946,#1947,#1948,#1949,#1950,#1951,#1952,#1953,#1954,#1955
      ,#1956,#1957,#1958,#1959,#1960,#1961,#1962,#1963,#1964,#1965,#1966
      ,#1967,#1968,#1969,#1970,#1971,#1972,#1973,#1974)
    ,(#1975,#1976,#1977,#1978,#1979,#1980,#1981,#1982,#1983,#1984,#1985
      ,#1986,#1987,#1988,#1989,#1990,#1991,#1992,#1993,#1994,#1995,#1996
      ,#1997,#1998,#1999,#2000,#2001,#2002,#2003,#2004,#2005,#2006,#2007
      ,#2008,#2009,#2010,#2011,#2012,#2013,#2014,#2015,#2016,#2017,#2018
      ,#2019,#2020,#2021,#2022,#2023,#2024,#2025,#2026,#2027,#2028,#2029
      ,#2030,#2031,#2032,#2033,#2034,#2035,#2036,#2037,#2038,#2039,#2040
      ,#2041,#2042,#2043,#2044,#2045,#2046,#2047,#2048)
    ,(#2049,#2050,#2051,#2052,#2053,#2054,#2055,#2056,#2057,#2058,#2059
      ,#2060,#2061,#2062,#2063,#2064,#2065,#2066,#2067,#2068,#2069,#2070
      ,#2071,#2072,#2073,#2074,#2075,#2076,#2077,#2078,#2079,#2080,#2081
      ,#2082,#2083,#2084,#2085,#2086,#2087,#2088,#2089,#2090,#2091,#2092
      ,#2093,#2094,#2095,#2096,#2097,#2098,#2099,#2100,#2101,#2102,#2103
      ,#2104,#2105,#2106,#2107,#2108,#2109,#2110,#2111,#2112,#2113,#2114
      ,#2115,#2116,#2117,#2118,#2119,#2120,#2121,#2122)
    ,(#2123,#2124,#2125,#2126,#2127,#2128,#2129,#2130,#2131,#2132,#2133
      ,#2134,#2135,#2136,#2137,#2138,#2139,#2140,#2141,#2142,#2143,#2144
      ,#2145,#2146,#2147,#2148,#2149,#2150,#2151,#2152,#2153,#2154,#2155
      ,#2156,#2157,#2158,#2159,#2160,#2161,#2162,#2163,#2164,#2165,#2166
      ,#2167,#2168,#2169,#2170,#2171,#2172,#2173,#2174,#2175,#2176,#2177
      ,#2178,#2179,#2180,#2181,#2182,#2183,#2184,#2185,#2186,#2187,#2188
      ,#2189,#2190,#2191,#2192,#2193,#2194,#2195,#2196)
    ,(#2197,#2198,#2199,#2200,#2201,#2202,#2203,#2204,#2205,#2206,#2207
      ,#2208,#2209,#2210,#2211,#2212,#2213,#2214,#2215,#2216,#2217,#2218
      ,#2219,#2220,#2221,#2222,#2223,#2224,#2225,#2226,#2227,#2228,#2229
      ,#2230,#2231,#2232,#2233,#2234,#2235,#2236,#2237,#2238,#2239,#2240
      ,#2241,#2242,#2243,#2244,#2245,#2246,#2247,#2248,#2249,#2250,#2251
      ,#2252,#2253,#2254,#2255,#2256,#2257,#2258,#2259,#2260,#2261,#2262
      ,#2263,#2264,#2265,#2266,#2267,#2268,#2269,#2270)
    ,(#2271,#2272,#2273,#2274,#2275,#2276,#2277,#2278,#2279,#2280,#2281
      ,#2282,#2283,#2284,#2285,#2286,#2287,#2288,#2289,#2290,#2291,#2292
      ,#2293,#2294,#2295,#2296,#2297,#2298,#2299,#2300,#2301,#2302,#2303
      ,#2304,#2305,#2306,#2307,#2308,#2309,#2310,#2311,#2312,#2313,#2314
      ,#2315,#2316,#2317,#2318,#2319,#2320,#2321,#2322,#2323,#2324,#2325
      ,#2326,#2327,#2328,#2329,#2330,#2331,#2332,#2333,#2334,#2335,#2336
      ,#2337,#2338,#2339,#2340,#2341,#2342,#2343,#2344
)),.UNSPECIFIED.,.F.,.F.,.F.) B_SPLINE_SURFACE_WITH_KNOTS((7,7),(14,12,
    12,12,12,12,14),(0.,10.706808797392),(10.70666223792,11.85548517693,
    13.828349328554,16.059321326671,18.289791303354,19.705224800167,
21.413471035312),.UNSPECIFIED.) GEOMETRIC_REPRESENTATION_ITEM() 
RATIONAL_B_SPLINE_SURFACE((
    (1.031393471788,1.031393471787,1.031455095302,1.031577987191
      ,1.031761307167,1.032003766725,1.032303666233,1.032658931766
      ,1.033067152284,1.033525616418,1.03403134963,1.034581151077
      ,1.035171630672,1.036877044706,1.038065113659,1.039355750942
      ,1.040739913888,1.042208747991,1.043754545703,1.045371201635
      ,1.047054230203,1.048800412386,1.050607137529,1.052471506849
      ,1.054389264697,1.058574978575,1.060857387253,1.063187565021
      ,1.065551724441,1.067933511734,1.070306200201,1.072623041194
      ,1.074809672522,1.076762484505,1.078356843573,1.079469073556
      ,1.080016094656,1.080017145553,1.079469977842,1.078359141398
      ,1.076766439393,1.07481399452,1.072626192208,1.070307745763
      ,1.067934601711,1.065554405257,1.063193243817,1.060865388568
      ,1.058582752237,1.05495074338,1.053564680137,1.052205074584
      ,1.050873887498,1.049572685511,1.048302767578,1.047065291928
      ,1.045861402362,1.044692355288,1.043559646054,1.042465135846
      ,1.041411178204,1.039181283707,1.038022209062,1.036958227567
      ,1.035846671498,1.035152435729,1.03394987663,1.033513859271
      ,1.032659080392,1.032229730208,1.031795463723,1.031530982526
      ,1.031393471787,1.031393471788)
    ,(1.010025407661,1.010025407661,1.010044221686,1.010081744617
      ,1.010137705397,1.01021168081,1.01030310936,1.010411304995
      ,1.010535471032,1.010674713861,1.010828056856,1.010994454121
      ,1.011172804347,1.011686807965,1.012043760895,1.01243012598
      ,1.01284279126,1.013278719315,1.013735244463,1.014210205325
      ,1.014701938893,1.015209163854,1.015730778939,1.016265604126
      ,1.016812090714,1.017996697228,1.018637870492,1.019287294746
      ,1.019940916658,1.020593891628,1.02123854392,1.021862121795
      ,1.022445190152,1.022961505505,1.023380215468,1.023671227536
      ,1.023814589743,1.023814864944,1.023671452012,1.023380816594
      ,1.022962561457,1.022446351669,1.021862968586,1.021238955853
      ,1.020594182475,1.019941648698,1.019288859694,1.01864009274
      ,1.017998883019,1.016971004823,1.016576808707,1.016188286533
      ,1.015806115189,1.015430863593,1.015063028877,1.014703072994
      ,1.014351458757,1.014008686524,1.013675330261,1.013352074108
      ,1.013039748609,1.012376845292,1.012030821,1.011711992609
      ,1.011377557635,1.011167856302,1.010804556392,1.010671023371
      ,1.01041193984,1.010280495577,1.01014819548,1.010067388431
      ,1.010025407662,1.010025407661)
    ,(0.997924642725,0.997924642725,0.997920636485,0.997912646724
      ,0.997900729721,0.997884972588,0.997865490798,0.997842425297
      ,0.997815940174,0.9977862197,0.997753465975,0.997717896075
      ,0.997679739547,0.997569678787,0.997493150513,0.99741020033
      ,0.997321470098,0.997227591047,0.997129120625,0.997026514013
      ,0.996920124642,0.996810228763,0.996697068166,0.996580906197
      ,0.996462091265,0.996204328049,0.996064683249,0.995923155936
      ,0.99578064634,0.995638244181,0.995497678944,0.995361792322
      ,0.995234860978,0.995122598527,0.995031664812,0.99496851133
      ,0.994937391033,0.9949373313,0.994968462881,0.995031534293
      ,0.995122368749,0.995234608067,0.995361607877,0.995497589218
      ,0.995638180726,0.995780486643,0.995922814668,0.996064198904
      ,0.996203852062,0.996427512751,0.996513237324,0.996597670716
      ,0.996680660645,0.996762079688,0.996841817259,0.996919771975
      ,0.996995843502,0.997069924993,0.99714189495,0.997211609564
      ,0.99727889472,0.99742155456,0.997495916054,0.997564342077
      ,0.997636007693,0.997680873071,0.997758594741,0.997786999944
      ,0.997842344061,0.997870303837,0.997898501571,0.997915703229
      ,0.997924642725,0.997924642725)
    ,(0.993958444137,0.993958444137,0.993947002733,0.993924184416
      ,0.99389015148,0.993845155935,0.993789531592,0.993723685854
      ,0.993648091912,0.993563280479,0.993469831967,0.993368368306
      ,0.993259545004,0.99294569257,0.992727506327,0.992491048824
      ,0.992238128703,0.991970507051,0.991689717799,0.99139698564
      ,0.991093226666,0.990779117314,0.99045521663,0.990122127546
      ,0.989780682203,0.989037991734,0.988634514104,0.988224132753
      ,0.987809308039,0.987392947595,0.986979735191,0.986577734341
      ,0.986199627174,0.985862950465,0.985588689139,0.985397589129
      ,0.985303550139,0.985303369528,0.985397436685,0.985588294469
      ,0.985862266055,0.986198877458,0.986577187796,0.9869794681
      ,0.987392759242,0.9878088403,0.988223137795,0.988633107145
      ,0.989036616872,0.989681053643,0.989927590773,0.99017001456
      ,0.990407951148,0.990641093792,0.99086917999,0.991091969083
      ,0.991309219229,0.991520665084,0.991725994806,0.991924827607
      ,0.992116690935,0.992523432615,0.992735412414,0.992930468562
      ,0.993134786733,0.993262733034,0.9934843864,0.993565500122
      ,0.993723411975,0.993803273871,0.993883783986,0.993932913844
      ,0.993958444137,0.993958444137)
    ,(0.997924642725,0.997924642725,0.997920636485,0.997912646724
      ,0.997900729721,0.997884972587,0.9978654908,0.997842425296
      ,0.997815940175,0.997786219699,0.997753465975,0.997717896075
      ,0.997679739547,0.997569678787,0.997493150513,0.997410200331
      ,0.997321470097,0.99722759105,0.997129120622,0.997026514015
      ,0.99692012464,0.996810228765,0.996697068165,0.996580906197
      ,0.996462091265,0.996204328049,0.996064683248,0.995923155937
      ,0.995780646338,0.995638244184,0.99549767894,0.995361792326
      ,0.995234860975,0.995122598529,0.995031664811,0.99496851133
      ,0.994937391033,0.9949373313,0.994968462881,0.995031534292
      ,0.99512236875,0.995234608066,0.995361607879,0.995497589216
      ,0.995638180728,0.995780486641,0.995922814669,0.996064198904
      ,0.996203852062,0.996427512751,0.996513237323,0.996597670716
      ,0.996680660643,0.996762079691,0.996841817256,0.996919771979
      ,0.9969958435,0.997069924994,0.997141894949,0.997211609564
      ,0.99727889472,0.99742155456,0.997495916054,0.997564342077
      ,0.997636007694,0.997680873068,0.997758594744,0.997786999942
      ,0.997842344063,0.997870303836,0.997898501572,0.997915703228
      ,0.997924642725,0.997924642725)
    ,(1.010025407661,1.010025407661,1.010044221686,1.010081744617
      ,1.010137705397,1.01021168081,1.01030310936,1.010411304995
      ,1.010535471032,1.010674713861,1.010828056856,1.010994454121
      ,1.011172804347,1.011686807965,1.012043760895,1.01243012598
      ,1.01284279126,1.013278719315,1.013735244463,1.014210205325
      ,1.014701938893,1.015209163854,1.015730778939,1.016265604126
      ,1.016812090714,1.017996697228,1.018637870492,1.019287294746
      ,1.019940916658,1.020593891628,1.02123854392,1.021862121795
      ,1.022445190152,1.022961505505,1.023380215468,1.023671227536
      ,1.023814589743,1.023814864944,1.023671452012,1.023380816594
      ,1.022962561457,1.022446351669,1.021862968586,1.021238955853
      ,1.020594182475,1.019941648698,1.019288859694,1.01864009274
      ,1.017998883019,1.016971004823,1.016576808707,1.016188286533
      ,1.015806115189,1.015430863593,1.015063028877,1.014703072994
      ,1.014351458757,1.014008686524,1.013675330261,1.013352074108
      ,1.013039748609,1.012376845292,1.012030821,1.011711992609
      ,1.011377557635,1.011167856302,1.010804556392,1.010671023371
      ,1.01041193984,1.010280495577,1.01014819548,1.010067388431
      ,1.010025407662,1.010025407661)
    ,(1.031393471788,1.031393471787,1.031455095302,1.031577987191
      ,1.031761307167,1.032003766725,1.032303666233,1.032658931766
      ,1.033067152284,1.033525616418,1.03403134963,1.034581151077
      ,1.035171630672,1.036877044706,1.038065113659,1.039355750942
      ,1.040739913888,1.042208747991,1.043754545703,1.045371201635
      ,1.047054230203,1.048800412386,1.050607137529,1.052471506849
      ,1.054389264697,1.058574978575,1.060857387253,1.063187565021
      ,1.065551724441,1.067933511734,1.070306200201,1.072623041194
      ,1.074809672522,1.076762484505,1.078356843573,1.079469073556
      ,1.080016094656,1.080017145553,1.079469977842,1.078359141398
      ,1.076766439393,1.07481399452,1.072626192208,1.070307745763
      ,1.067934601711,1.065554405257,1.063193243817,1.060865388568
      ,1.058582752237,1.05495074338,1.053564680137,1.052205074584
      ,1.050873887498,1.049572685511,1.048302767578,1.047065291928
      ,1.045861402362,1.044692355288,1.043559646054,1.042465135846
      ,1.041411178204,1.039181283707,1.038022209062,1.036958227567
      ,1.035846671498,1.035152435729,1.03394987663,1.033513859271
      ,1.032659080392,1.032229730208,1.031795463723,1.031530982526
,1.031393471787,1.031393471788))) REPRESENTATION_ITEM('') SURFACE() );
#1827 = CARTESIAN_POINT('',(5.108815909778,-1.251299010269E-15,23.2));
#1828 = CARTESIAN_POINT('',(5.108815909781,-0.119129354073,
    23.200000000002));
#1829 = CARTESIAN_POINT('',(5.105802784924,-0.238106222367,
    23.196467540374));
#1830 = CARTESIAN_POINT('',(5.099795967851,-0.356578915726,
    23.18942679414));
#1831 = CARTESIAN_POINT('',(5.090843738273,-0.474228368533,
    23.178929062921));
#1832 = CARTESIAN_POINT('',(5.079020966873,-0.590765274798,
    23.165050943078));
#1833 = CARTESIAN_POINT('',(5.064426821792,-0.705927164109,
    23.147892452273));
#1834 = CARTESIAN_POINT('',(5.047182444632,-0.819475418505,
    23.127575122996));
#1835 = CARTESIAN_POINT('',(5.027428603857,-0.931192232829,
    23.104240071236));
#1836 = CARTESIAN_POINT('',(5.005323332781,-1.040877521911,
    23.078046046767));
#1837 = CARTESIAN_POINT('',(4.98103956022,-1.148345778519,
    23.049167473834));
#1838 = CARTESIAN_POINT('',(4.954762740575,-1.253422886595,
    23.017792488261));
#1839 = CARTESIAN_POINT('',(4.926688490593,-1.355942894272,
    22.98412097898));
#1840 = CARTESIAN_POINT('',(4.846154993651,-1.626851763445,
    22.887056139233));
#1841 = CARTESIAN_POINT('',(4.790536397006,-1.790276192843,
    22.819528522072));
#1842 = CARTESIAN_POINT('',(4.730716516851,-1.946639913475,
    22.746269903061));
#1843 = CARTESIAN_POINT('',(4.667280357809,-2.096190821282,
    22.667789919986));
#1844 = CARTESIAN_POINT('',(4.600788349793,-2.239065848642,
    22.584556352958));
#1845 = CARTESIAN_POINT('',(4.531740992318,-2.37543333092,
    22.496953923008));
#1846 = CARTESIAN_POINT('',(4.460562871274,-2.505542967559,
    22.40526044045));
#1847 = CARTESIAN_POINT('',(4.387603213936,-2.62971139702,
    22.309637416143));
#1848 = CARTESIAN_POINT('',(4.31315014645,-2.748271073928,
    22.210132240401));
#1849 = CARTESIAN_POINT('',(4.237455851211,-2.861509735348,
    22.106689062714));
#1850 = CARTESIAN_POINT('',(4.160769875245,-2.969627302897,
    21.999165552036));
#1851 = CARTESIAN_POINT('',(4.083377907607,-3.072736596633,
    21.887352773992));
#1852 = CARTESIAN_POINT('',(3.918086596212,-3.281538832544,
    21.639935564554));
#1853 = CARTESIAN_POINT('',(3.830084868641,-3.385903182233,
    21.503212114095));
#1854 = CARTESIAN_POINT('',(3.742186395611,-3.484054038656,
    21.360171158786));
#1855 = CARTESIAN_POINT('',(3.655026117229,-3.575996532203,
    21.210522125619));
#1856 = CARTESIAN_POINT('',(3.56927141277,-3.661642105763,21.05372911148
    ));
#1857 = CARTESIAN_POINT('',(3.485810497526,-3.740682631225,
    20.888894784499));
#1858 = CARTESIAN_POINT('',(3.406040483069,-3.812462887969,
    20.714979886935));
#1859 = CARTESIAN_POINT('',(3.33211790229,-3.875899856343,
    20.531207681025));
#1860 = CARTESIAN_POINT('',(3.267040761381,-3.929493651981,
    20.337510729997));
#1861 = CARTESIAN_POINT('',(3.214436615978,-3.971472490487,
    20.134887800006));
#1862 = CARTESIAN_POINT('',(3.177932676171,-4.000114317335,
    19.925550790621));
#1863 = CARTESIAN_POINT('',(3.159977051436,-4.01429259456,
    19.712752350953));
#1864 = CARTESIAN_POINT('',(3.159947919711,-4.014315526346,
    19.287673968046));
#1865 = CARTESIAN_POINT('',(3.177902024357,-4.000131643825,
    19.074764471562));
#1866 = CARTESIAN_POINT('',(3.214350130712,-3.971540020828,
    18.865444336697));
#1867 = CARTESIAN_POINT('',(3.266892710806,-3.929621379484,
    18.662889491275));
#1868 = CARTESIAN_POINT('',(3.331956828765,-3.876043735089,
    18.469186431752));
#1869 = CARTESIAN_POINT('',(3.405922538878,-3.812568986204,
    18.285300836348));
#1870 = CARTESIAN_POINT('',(3.485751878032,-3.740733948815,
    18.111239313406));
#1871 = CARTESIAN_POINT('',(3.569231185103,-3.66167742385,
    17.946342884519));
#1872 = CARTESIAN_POINT('',(3.6549302197,-3.576089981824,17.789641570023
    ));
#1873 = CARTESIAN_POINT('',(3.741982161541,-3.484264138814,
    17.640189282306));
#1874 = CARTESIAN_POINT('',(3.82979308974,-3.386221031221,
    17.497289583853));
#1875 = CARTESIAN_POINT('',(3.917794983357,-3.281886963304,
    17.360516286659));
#1876 = CARTESIAN_POINT('',(4.061121463288,-3.100864617462,
    17.145953973578));
#1877 = CARTESIAN_POINT('',(4.116708260647,-3.027896047019,
    17.064811303993));
#1878 = CARTESIAN_POINT('',(4.171990195498,-2.952370827263,
    16.985909040588));
#1879 = CARTESIAN_POINT('',(4.226849464402,-2.874251455042,
    16.909171879796));
#1880 = CARTESIAN_POINT('',(4.281177963624,-2.793479593057,
    16.834541440135));
#1881 = CARTESIAN_POINT('',(4.334873124972,-2.709979382565,
    16.761977818743));
#1882 = CARTESIAN_POINT('',(4.387833679251,-2.623660837812,
    16.691461216685));
#1883 = CARTESIAN_POINT('',(4.439955349921,-2.534423328028,
    16.622993624883));
#1884 = CARTESIAN_POINT('',(4.491126480554,-2.442159152789,
    16.556600565615));
#1885 = CARTESIAN_POINT('',(4.541223600976,-2.346757216973,
    16.492332880824));
#1886 = CARTESIAN_POINT('',(4.5901069379,-2.248106812106,16.430268561663
    ));
#1887 = CARTESIAN_POINT('',(4.637615877618,-2.146101511147,
    16.370514609502));
#1888 = CARTESIAN_POINT('',(4.739137330289,-1.913095435319,
    16.243899914394));
#1889 = CARTESIAN_POINT('',(4.792562563476,-1.78005482232,16.17801363542
    ));
#1890 = CARTESIAN_POINT('',(4.842061421443,-1.646110056598,
    16.117553746401));
#1891 = CARTESIAN_POINT('',(4.894352567883,-1.488705839921,
    16.054282572866));
#1892 = CARTESIAN_POINT('',(4.92761169623,-1.37297975855,16.014387271079
    ));
#1893 = CARTESIAN_POINT('',(4.983917819955,-1.176192797745,
    15.947002355663));
#1894 = CARTESIAN_POINT('',(5.006725638685,-1.049016039233,
    15.920239488922));
#1895 = CARTESIAN_POINT('',(5.046389396028,-0.865275207695,
    15.873214946991));
#1896 = CARTESIAN_POINT('',(5.06833455993,-0.703051520007,
    15.847500430609));
#1897 = CARTESIAN_POINT('',(5.08906918922,-0.52893182465,15.82314066738)
  );
#1898 = CARTESIAN_POINT('',(5.102108992106,-0.354224074035,
    15.807861426219));
#1899 = CARTESIAN_POINT('',(5.108815909778,-0.177587490714,15.8));
#1900 = CARTESIAN_POINT('',(5.108815909778,-1.251299010269E-15,15.8));
#1901 = CARTESIAN_POINT('',(5.108815909778,1.021747131347E-10,
    23.093065286739));
#1902 = CARTESIAN_POINT('',(5.10881590978,-0.115660685069,
    23.093065286741));
#1903 = CARTESIAN_POINT('',(5.105977551592,-0.231210631008,
    23.089546445229));
#1904 = CARTESIAN_POINT('',(5.100317229438,-0.346291091083,
    23.082530224178));
#1905 = CARTESIAN_POINT('',(5.091880022652,-0.460580084755,
    23.072067205314));
#1906 = CARTESIAN_POINT('',(5.080737232547,-0.573788803414,
    23.058234808227));
#1907 = CARTESIAN_POINT('',(5.066983907664,-0.685657994871,
    23.041134995246));
#1908 = CARTESIAN_POINT('',(5.050736359519,-0.795954327304,
    23.020891965518));
#1909 = CARTESIAN_POINT('',(5.032129671848,-0.904466733424,
    22.997649841246));
#1910 = CARTESIAN_POINT('',(5.011315205313,-1.011002736554,
    22.97157034851));
#1911 = CARTESIAN_POINT('',(4.988458100824,-1.115384759735,
    22.942830495712));
#1912 = CARTESIAN_POINT('',(4.963734783252,-1.217446419914,22.9116202519
    ));
#1913 = CARTESIAN_POINT('',(4.937330468229,-1.317028808565,
    22.878140227685));
#1914 = CARTESIAN_POINT('',(4.861559227883,-1.580380091799,
    22.781596332592));
#1915 = CARTESIAN_POINT('',(4.809241353568,-1.739296235038,
    22.714456073598));
#1916 = CARTESIAN_POINT('',(4.752996798347,-1.89137717485,
    22.641656689555));
#1917 = CARTESIAN_POINT('',(4.693391484702,-2.036855376634,
    22.563729246392));
#1918 = CARTESIAN_POINT('',(4.630973307991,-2.175841438778,
    22.481172452139));
#1919 = CARTESIAN_POINT('',(4.566230891398,-2.308484050036,
    22.394399851998));
#1920 = CARTESIAN_POINT('',(4.499576462853,-2.43502472231,
    22.303713449418));
#1921 = CARTESIAN_POINT('',(4.431348010051,-2.555779685015,
    22.209297657389));
#1922 = CARTESIAN_POINT('',(4.361825878134,-2.671081203981,
    22.11122749096));
#1923 = CARTESIAN_POINT('',(4.291258997549,-2.781210441198,
    22.009484941509));
#1924 = CARTESIAN_POINT('',(4.219895958616,-2.886353811041,
    21.903977503621));
#1925 = CARTESIAN_POINT('',(4.14801618474,-2.986614620725,
    21.794552868445));
#1926 = CARTESIAN_POINT('',(3.994564131294,-3.189976701465,
    21.552748722161));
#1927 = CARTESIAN_POINT('',(3.91292666817,-3.29176174934,21.419309515908
    ));
#1928 = CARTESIAN_POINT('',(3.831547087408,-3.387516858884,
    21.280124251816));
#1929 = CARTESIAN_POINT('',(3.751024060541,-3.477247565574,
    21.134954332714));
#1930 = CARTESIAN_POINT('',(3.671984476155,-3.560870823446,
    20.983350094137));
#1931 = CARTESIAN_POINT('',(3.595239806938,-3.638101137815,
    20.824534471372));
#1932 = CARTESIAN_POINT('',(3.522042026482,-3.708320295949,
    20.657581515017));
#1933 = CARTESIAN_POINT('',(3.454316159108,-3.770483164083,
    20.481767992495));
#1934 = CARTESIAN_POINT('',(3.394747994285,-3.823111144558,
    20.296978188172));
#1935 = CARTESIAN_POINT('',(3.346606729104,-3.864424293683,
    20.104044421529));
#1936 = CARTESIAN_POINT('',(3.313182594005,-3.892663173631,
    19.904908584252));
#1937 = CARTESIAN_POINT('',(3.296717836463,-3.906652771967,
    19.702492433556));
#1938 = CARTESIAN_POINT('',(3.296692647182,-3.906674207594,
    19.297883696206));
#1939 = CARTESIAN_POINT('',(3.313154776275,-3.892680557494,
    19.095403010392));
#1940 = CARTESIAN_POINT('',(3.346524635792,-3.864493234984,
    18.896307054686));
#1941 = CARTESIAN_POINT('',(3.394607074159,-3.823240576889,
    18.703436205005));
#1942 = CARTESIAN_POINT('',(3.454163025882,-3.770628418884,
    18.518625681694));
#1943 = CARTESIAN_POINT('',(3.521929876312,-3.70842756241,
    18.342691090318));
#1944 = CARTESIAN_POINT('',(3.595183887938,-3.638153658472,
    18.175594326878));
#1945 = CARTESIAN_POINT('',(3.671946654221,-3.560906771804,
    18.016722151761));
#1946 = CARTESIAN_POINT('',(3.750935773245,-3.477339212692,
    17.865207715256));
#1947 = CARTESIAN_POINT('',(3.831359991459,-3.38772050457,
    17.720223047423));
#1948 = CARTESIAN_POINT('',(3.912660056956,-3.292068004206,
    17.581168576873));
#1949 = CARTESIAN_POINT('',(3.994297751108,-3.190311068341,17.4476842569
    ));
#1950 = CARTESIAN_POINT('',(4.127403907775,-3.013943011379,
    17.237919208441));
#1951 = CARTESIAN_POINT('',(4.179022350092,-2.942959110202,
    17.158547674913));
#1952 = CARTESIAN_POINT('',(4.230427054697,-2.86948879314,
    17.081221749753));
#1953 = CARTESIAN_POINT('',(4.281505107868,-2.79349376632,
    17.005885583127));
#1954 = CARTESIAN_POINT('',(4.332151862872,-2.714916108183,
    16.93249855494));
#1955 = CARTESIAN_POINT('',(4.382267094489,-2.633681505832,
    16.861036996984));
#1956 = CARTESIAN_POINT('',(4.431751134183,-2.549702514836,
    16.791495935801));
#1957 = CARTESIAN_POINT('',(4.48050098665,-2.462881844205,
    16.723890853744));
#1958 = CARTESIAN_POINT('',(4.528406428574,-2.373115668288,
    16.658259466935));
#1959 = CARTESIAN_POINT('',(4.575346091059,-2.280296967308,
    16.594663517177));
#1960 = CARTESIAN_POINT('',(4.621183527178,-2.184318898627,
    16.533190576428));
#1961 = CARTESIAN_POINT('',(4.665763266872,-2.085078200623,
    16.473955860566));
#1962 = CARTESIAN_POINT('',(4.761009727779,-1.858573063556,
    16.34844629699));
#1963 = CARTESIAN_POINT('',(4.811147863058,-1.729329327956,
    16.283103142256));
#1964 = CARTESIAN_POINT('',(4.857656730086,-1.599188743044,
    16.223055075876));
#1965 = CARTESIAN_POINT('',(4.906835035036,-1.446097236539,
    16.160156084586));
#1966 = CARTESIAN_POINT('',(4.937954923415,-1.334493032789,
    16.120723325955));
#1967 = CARTESIAN_POINT('',(4.991421754722,-1.141339523738,
    16.052961310995));
#1968 = CARTESIAN_POINT('',(5.012225565312,-1.02048672757,
    16.027337834827));
#1969 = CARTESIAN_POINT('',(5.050250234333,-0.839495637537,
    15.979492968256));
#1970 = CARTESIAN_POINT('',(5.070525228235,-0.683388016239,
    15.954487613631));
#1971 = CARTESIAN_POINT('',(5.090246363947,-0.513588739096,
    15.929936021065));
#1972 = CARTESIAN_POINT('',(5.102489995669,-0.344039290123,
    15.914777869429));
#1973 = CARTESIAN_POINT('',(5.108815909778,-0.172454939526,
    15.906934713261));
#1974 = CARTESIAN_POINT('',(5.108815909778,-1.33226762955E-15,
    15.906934713261));
#1975 = CARTESIAN_POINT('',(5.074814169524,1.078861444626E-10,
    22.988916570967));
#1976 = CARTESIAN_POINT('',(5.074814169527,-0.11156995028,22.98891657097
    ));
#1977 = CARTESIAN_POINT('',(5.07209436397,-0.223071791712,
    22.985410813994));
#1978 = CARTESIAN_POINT('',(5.066668734179,-0.334135397463,
    22.978418382089));
#1979 = CARTESIAN_POINT('',(5.058580275655,-0.44443233544,
    22.967989233126));
#1980 = CARTESIAN_POINT('',(5.047898298102,-0.553671507055,
    22.954201508385));
#1981 = CARTESIAN_POINT('',(5.034715727775,-0.661594790782,
    22.937158842747));
#1982 = CARTESIAN_POINT('',(5.019146411921,-0.76797268969,
    22.916987677589));
#1983 = CARTESIAN_POINT('',(5.001322424387,-0.872599983317,
    22.893834574829));
#1984 = CARTESIAN_POINT('',(4.981391372333,-0.975291382829,22.8678635327
    ));
#1985 = CARTESIAN_POINT('',(4.959513703045,-1.07587718975,
    22.839253301459));
#1986 = CARTESIAN_POINT('',(4.93586001078,-1.17419895734,22.808194699528
    ));
#1987 = CARTESIAN_POINT('',(4.910608342848,-1.270105154583,
    22.774887928768));
#1988 = CARTESIAN_POINT('',(4.838141711262,-1.52375941001,
    22.678830294429));
#1989 = CARTESIAN_POINT('',(4.788140973213,-1.676713625535,
    22.612067409368));
#1990 = CARTESIAN_POINT('',(4.734421009724,-1.822997262777,22.5397098989
    ));
#1991 = CARTESIAN_POINT('',(4.677538507465,-1.962825730217,
    22.462305713974));
#1992 = CARTESIAN_POINT('',(4.618039076261,-2.09628013566,
    22.380380986983));
#1993 = CARTESIAN_POINT('',(4.556408356076,-2.223487406254,
    22.294374489248));
#1994 = CARTESIAN_POINT('',(4.493053143226,-2.344680145538,
    22.204608225534));
#1995 = CARTESIAN_POINT('',(4.428305405269,-2.460173937302,
    22.111284742394));
#1996 = CARTESIAN_POINT('',(4.362442050947,-2.570299835038,
    22.014501723896));
#1997 = CARTESIAN_POINT('',(4.295713315242,-2.675329810908,
    21.914274440044));
#1998 = CARTESIAN_POINT('',(4.228372611418,-2.775432977964,
    21.810556603518));
#1999 = CARTESIAN_POINT('',(4.160700692114,-2.870700441923,
    21.70325017817));
#2000 = CARTESIAN_POINT('',(4.0164584092,-3.0637294278,21.466577385999)
  );
#2001 = CARTESIAN_POINT('',(3.939872688008,-3.16017067361,
    21.336234720369));
#2002 = CARTESIAN_POINT('',(3.863727965941,-3.250684104635,
    21.200680800857));
#2003 = CARTESIAN_POINT('',(3.788600594573,-3.335285290094,
    21.059744613575));
#2004 = CARTESIAN_POINT('',(3.71509084776,-3.413909908175,
    20.913077123341));
#2005 = CARTESIAN_POINT('',(3.643950423072,-3.486322442092,
    20.760030164075));
#2006 = CARTESIAN_POINT('',(3.576309549968,-3.551997120227,
    20.599802323967));
#2007 = CARTESIAN_POINT('',(3.513891287054,-3.610023067216,
    20.431746751776));
#2008 = CARTESIAN_POINT('',(3.459100302851,-3.659085809521,
    20.255735436425));
#2009 = CARTESIAN_POINT('',(3.414873190534,-3.69757739805,
    20.072474031046));
#2010 = CARTESIAN_POINT('',(3.384177310859,-3.723887398751,
    19.883660737968));
#2011 = CARTESIAN_POINT('',(3.369045495739,-3.73692674618,
    19.691882282985));
#2012 = CARTESIAN_POINT('',(3.369024077291,-3.73694507443,
    19.308440505892));
#2013 = CARTESIAN_POINT('',(3.384152233545,-3.723903344125,
    19.116646777511));
#2014 = CARTESIAN_POINT('',(3.414794670878,-3.697644687328,
    18.927898316099));
#2015 = CARTESIAN_POINT('',(3.458964696031,-3.659212151861,
    18.744695483514));
#2016 = CARTESIAN_POINT('',(3.513743826816,-3.610164726492,
    18.568648742521));
#2017 = CARTESIAN_POINT('',(3.57620140912,-3.552102018238,18.40046351787
    ));
#2018 = CARTESIAN_POINT('',(3.643896417553,-3.486374283102,
    18.240093388923));
#2019 = CARTESIAN_POINT('',(3.715055122041,-3.413944846436,
    18.086994655643));
#2020 = CARTESIAN_POINT('',(3.788518660427,-3.33537168048,
    17.940415715364));
#2021 = CARTESIAN_POINT('',(3.86355454999,-3.250874849711,
    17.799655138051));
#2022 = CARTESIAN_POINT('',(3.939625977427,-3.16045660385,
    17.664222713043));
#2023 = CARTESIAN_POINT('',(4.016212465074,-3.064041020784,
    17.533838037023));
#2024 = CARTESIAN_POINT('',(4.141350358002,-2.89660695773,
    17.328491634255));
#2025 = CARTESIAN_POINT('',(4.189924877661,-2.829175728415,
    17.250701945489));
#2026 = CARTESIAN_POINT('',(4.238376802688,-2.759289002734,
    17.174784326396));
#2027 = CARTESIAN_POINT('',(4.286595042396,-2.686908003437,
    17.100701859596));
#2028 = CARTESIAN_POINT('',(4.334475845806,-2.611975760502,
    17.028430711437));
#2029 = CARTESIAN_POINT('',(4.381919198359,-2.534420141494,
    16.957962080167));
#2030 = CARTESIAN_POINT('',(4.428825222626,-2.454156877124,
    16.889304139156));
#2031 = CARTESIAN_POINT('',(4.47509058285,-2.371092581507,
    16.822483976483));
#2032 = CARTESIAN_POINT('',(4.520604893115,-2.285127767043,
    16.757549530246));
#2033 = CARTESIAN_POINT('',(4.565247128932,-2.196159853175,
    16.694571521183));
#2034 = CARTESIAN_POINT('',(4.608882041792,-2.104086169021,
    16.633645382098));
#2035 = CARTESIAN_POINT('',(4.651356576393,-2.008806949105,
    16.57489318539));
#2036 = CARTESIAN_POINT('',(4.742139532928,-1.791273610584,
    16.450374431523));
#2037 = CARTESIAN_POINT('',(4.789960599183,-1.667094934882,
    16.385511820919));
#2038 = CARTESIAN_POINT('',(4.834383831822,-1.541936832549,
    16.325824788939));
#2039 = CARTESIAN_POINT('',(4.881395268041,-1.394440533279,
    16.263271985746));
#2040 = CARTESIAN_POINT('',(4.910951294689,-1.287959283664,
    16.224315334984));
#2041 = CARTESIAN_POINT('',(4.962711485041,-1.099514738359,
    16.156049001079));
#2042 = CARTESIAN_POINT('',(4.981756646534,-0.986325017338,
    16.131746813026));
#2043 = CARTESIAN_POINT('',(5.019027151746,-0.808777881303,
    16.08290970144));
#2044 = CARTESIAN_POINT('',(5.037933066429,-0.660035347475,
    16.058724100831));
#2045 = CARTESIAN_POINT('',(5.057064856613,-0.495417677696,
    16.033936432028));
#2046 = CARTESIAN_POINT('',(5.068742731748,-0.332006915691,
    16.018910947034));
#2047 = CARTESIAN_POINT('',(5.074814169524,-0.166401924601,
    16.011083429033));
#2048 = CARTESIAN_POINT('',(5.074814169524,-1.7763568394E-15,
    16.011083429033));
#2049 = CARTESIAN_POINT('',(5.009583715059,1.572382224424E-10,
    22.899232194719));
#2050 = CARTESIAN_POINT('',(5.009583715063,-0.107294066119,
    22.899232194724));
#2051 = CARTESIAN_POINT('',(5.006916765398,-0.214560623732,
    22.895760046952));
#2052 = CARTESIAN_POINT('',(5.001595160758,-0.321417434753,
    22.888832773021));
#2053 = CARTESIAN_POINT('',(4.993660790121,-0.427529060816,
    22.878499470069));
#2054 = CARTESIAN_POINT('',(4.983182214476,-0.5326017501,22.864838289444
    ));
#2055 = CARTESIAN_POINT('',(4.970251751563,-0.636378337951,
    22.847953423752));
#2056 = CARTESIAN_POINT('',(4.954982565988,-0.738633160263,
    22.827972100351));
#2057 = CARTESIAN_POINT('',(4.937505763268,-0.839166978679,
    22.805041579778));
#2058 = CARTESIAN_POINT('',(4.917967486036,-0.937801916361,
    22.779326156891));
#2059 = CARTESIAN_POINT('',(4.896526011046,-1.034376403031,
    22.751004163458));
#2060 = CARTESIAN_POINT('',(4.87334884534,-1.128740128024,22.72026497001
    ));
#2061 = CARTESIAN_POINT('',(4.848609820362,-1.220748999976,
    22.687305985823));
#2062 = CARTESIAN_POINT('',(4.777610095332,-1.464025392967,
    22.592246106281));
#2063 = CARTESIAN_POINT('',(4.728650953601,-1.610540915569,
    22.526216667855));
#2064 = CARTESIAN_POINT('',(4.676063076691,-1.75053370421,
    22.454671705483));
#2065 = CARTESIAN_POINT('',(4.620399362347,-1.88420368409,
    22.378164925676));
#2066 = CARTESIAN_POINT('',(4.562208341972,-2.011603334987,
    22.297238148978));
#2067 = CARTESIAN_POINT('',(4.501976860712,-2.132838385696,
    22.212343719146));
#2068 = CARTESIAN_POINT('',(4.440108998179,-2.248132799616,
    22.123812042516));
#2069 = CARTESIAN_POINT('',(4.376931848393,-2.357801355967,
    22.031851756663));
#2070 = CARTESIAN_POINT('',(4.312718765454,-2.46217322057,
    21.936570010623));
#2071 = CARTESIAN_POINT('',(4.247720659116,-2.561510011904,
    21.838000312691));
#2072 = CARTESIAN_POINT('',(4.182195895465,-2.655961995075,
    21.736125363569));
#2073 = CARTESIAN_POINT('',(4.116429324089,-2.745606174397,
    21.630882251769));
#2074 = CARTESIAN_POINT('',(3.976381460538,-2.926807408782,
    21.399073098437));
#2075 = CARTESIAN_POINT('',(3.90211022902,-3.017043110429,
    21.271595321324));
#2076 = CARTESIAN_POINT('',(3.828366714266,-3.101430546886,
    21.139255055334));
#2077 = CARTESIAN_POINT('',(3.755719345178,-3.179997501468,
    21.00192746753));
#2078 = CARTESIAN_POINT('',(3.684760905265,-3.252698663065,
    20.859334441908));
#2079 = CARTESIAN_POINT('',(3.616220399755,-3.319348229678,
    20.710916807435));
#2080 = CARTESIAN_POINT('',(3.551174800541,-3.379519595199,
    20.555959798614));
#2081 = CARTESIAN_POINT('',(3.491253245191,-3.432459604948,
    20.393874402579));
#2082 = CARTESIAN_POINT('',(3.438725357596,-3.477065426948,
    20.224536064563));
#2083 = CARTESIAN_POINT('',(3.396364560456,-3.511972483712,
    20.04858070652));
#2084 = CARTESIAN_POINT('',(3.36697700482,-3.535801901644,
    19.867556217316));
#2085 = CARTESIAN_POINT('',(3.3524877148,-3.547615240302,19.683825915515
    ));
#2086 = CARTESIAN_POINT('',(3.352468542123,-3.547630130185,
    19.316454816072));
#2087 = CARTESIAN_POINT('',(3.366953614445,-3.535815607327,
    19.132747506285));
#2088 = CARTESIAN_POINT('',(3.39628716429,-3.512036429989,
    18.951808112989));
#2089 = CARTESIAN_POINT('',(3.43859066833,-3.477186358416,
    18.775909101866));
#2090 = CARTESIAN_POINT('',(3.491106508518,-3.432595410064,
    18.60652439267));
#2091 = CARTESIAN_POINT('',(3.551067052576,-3.37962044692,
    18.444302067176));
#2092 = CARTESIAN_POINT('',(3.616166663162,-3.319398288272,
    18.289202672836));
#2093 = CARTESIAN_POINT('',(3.684726181836,-3.252731641624,
    18.140736011362));
#2094 = CARTESIAN_POINT('',(3.755640467378,-3.180077407537,
    17.998230687766));
#2095 = CARTESIAN_POINT('',(3.828199466114,-3.101606804501,
    17.861072190872));
#2096 = CARTESIAN_POINT('',(3.901872639791,-3.017307017258,
    17.728846537976));
#2097 = CARTESIAN_POINT('',(3.976145798503,-2.927094488785,
    17.601327485629));
#2098 = CARTESIAN_POINT('',(4.097651493306,-2.769912803305,
    17.400190716568));
#2099 = CARTESIAN_POINT('',(4.14484661665,-2.706499481016,
    17.323926123861));
#2100 = CARTESIAN_POINT('',(4.191962252257,-2.640651975784,
    17.249418148999));
#2101 = CARTESIAN_POINT('',(4.238887380793,-2.572331944255,
    17.176641808165));
#2102 = CARTESIAN_POINT('',(4.285518186191,-2.501484045044,
    17.105583433406));
#2103 = CARTESIAN_POINT('',(4.331754518325,-2.428038753189,
    17.036242816232));
#2104 = CARTESIAN_POINT('',(4.377496367006,-2.351915161373,
    16.96863533795));
#2105 = CARTESIAN_POINT('',(4.422640346889,-2.273023766867,
    16.902794088194));
#2106 = CARTESIAN_POINT('',(4.467076192659,-2.191269243361,
    16.838771972603));
#2107 = CARTESIAN_POINT('',(4.510683263798,-2.106553196361,
    16.776643811179));
#2108 = CARTESIAN_POINT('',(4.553327057855,-2.018776901292,
    16.716508428546));
#2109 = CARTESIAN_POINT('',(4.594855731123,-1.927844022788,
    16.658490737818));
#2110 = CARTESIAN_POINT('',(4.683642307536,-1.720045888479,
    16.535492029249));
#2111 = CARTESIAN_POINT('',(4.73042758632,-1.60131071686,16.471397280662
    ));
#2112 = CARTESIAN_POINT('',(4.773932430113,-1.481486864263,
    16.412354662601));
#2113 = CARTESIAN_POINT('',(4.819979513232,-1.339987982901,
    16.350474235771));
#2114 = CARTESIAN_POINT('',(4.848721302503,-1.238911253896,
    16.312197547541));
#2115 = CARTESIAN_POINT('',(4.900076684711,-1.05553636143,
    16.243797010055));
#2116 = CARTESIAN_POINT('',(4.917798749605,-0.95040293198,
    16.220985203191));
#2117 = CARTESIAN_POINT('',(4.955246818906,-0.77653961892,
    16.171419567847));
#2118 = CARTESIAN_POINT('',(4.973221427943,-0.635544901121,
    16.14821540481));
#2119 = CARTESIAN_POINT('',(4.99222931974,-0.47638526422,16.12333507471)
  );
#2120 = CARTESIAN_POINT('',(5.003620188795,-0.31941719915,
    16.108533746982));
#2121 = CARTESIAN_POINT('',(5.009583715059,-0.160074946316,
    16.100767805281));
#2122 = CARTESIAN_POINT('',(5.009583715059,-8.881784197001E-16,
    16.100767805281));
#2123 = CARTESIAN_POINT('',(4.919899338811,2.453353076248E-10,
    22.834001740253));
#2124 = CARTESIAN_POINT('',(4.919899338818,-0.103299018971,
    22.834001740261));
#2125 = CARTESIAN_POINT('',(4.917225765188,-0.206605266137,
    22.830599330778));
#2126 = CARTESIAN_POINT('',(4.911890055581,-0.309527911469,
    22.823809902056));
#2127 = CARTESIAN_POINT('',(4.903933797002,-0.411727584772,
    22.813681215341));
#2128 = CARTESIAN_POINT('',(4.893425641441,-0.512910562168,
    22.800290188219));
#2129 = CARTESIAN_POINT('',(4.880458223857,-0.61282295776,
    22.783739682661));
#2130 = CARTESIAN_POINT('',(4.865145082194,-0.7112449194,22.764155295547
    ));
#2131 = CARTESIAN_POINT('',(4.84761757856,-0.807984828802,
    22.741682150486));
#2132 = CARTESIAN_POINT('',(4.828021821376,-0.902873504748,
    22.716481690982));
#2133 = CARTESIAN_POINT('',(4.806515587579,-0.995758409627,
    22.688728473641));
#2134 = CARTESIAN_POINT('',(4.783265244688,-1.086497858179,
    22.658606961449));
#2135 = CARTESIAN_POINT('',(4.758442672021,-1.174955228376,
    22.62630831612));
#2136 = CARTESIAN_POINT('',(4.687188979678,-1.408761728527,
    22.53314999809));
#2137 = CARTESIAN_POINT('',(4.638064170954,-1.549425067252,
    22.468471960072));
#2138 = CARTESIAN_POINT('',(4.585278550044,-1.683752191879,
    22.398385661002));
#2139 = CARTESIAN_POINT('',(4.529382523676,-1.811934174526,
    22.323433743119));
#2140 = CARTESIAN_POINT('',(4.470927803556,-1.934001507109,
    22.244154817153));
#2141 = CARTESIAN_POINT('',(4.410402182504,-2.050043488142,
    22.160996349964));
#2142 = CARTESIAN_POINT('',(4.348206125321,-2.160278032766,
    22.074279592163));
#2143 = CARTESIAN_POINT('',(4.284659907399,-2.265020311926,
    21.984201611703));
#2144 = CARTESIAN_POINT('',(4.220030028734,-2.364598660517,
    21.890859491569));
#2145 = CARTESIAN_POINT('',(4.154563621828,-2.459266237083,
    21.794281739282));
#2146 = CARTESIAN_POINT('',(4.088519560049,-2.549156966075,
    21.69445193979));
#2147 = CARTESIAN_POINT('',(4.022184959275,-2.634334346739,
    21.591309667009));
#2148 = CARTESIAN_POINT('',(3.880850660974,-2.80620380985,21.36414059241
    ));
#2149 = CARTESIAN_POINT('',(3.805849260027,-2.891600626026,
    21.239230907125));
#2150 = CARTESIAN_POINT('',(3.731305564192,-2.971301155449,
    21.109504104251));
#2151 = CARTESIAN_POINT('',(3.657793131502,-3.045337940943,
    20.974843171945));
#2152 = CARTESIAN_POINT('',(3.585913699613,-3.113673258627,
    20.834983790769));
#2153 = CARTESIAN_POINT('',(3.516410529477,-3.176146058623,
    20.689372990611));
#2154 = CARTESIAN_POINT('',(3.450385378633,-3.23238414766,20.53729379925
    ));
#2155 = CARTESIAN_POINT('',(3.389507760433,-3.281726211124,
    20.378152143872));
#2156 = CARTESIAN_POINT('',(3.336104864073,-3.323198416853,
    20.211821907996));
#2157 = CARTESIAN_POINT('',(3.293020270126,-3.355590441661,
    20.038943590636));
#2158 = CARTESIAN_POINT('',(3.263129540087,-3.377675751573,
    19.861071490825));
#2159 = CARTESIAN_POINT('',(3.248401084771,-3.388620764272,
    19.680563883873));
#2160 = CARTESIAN_POINT('',(3.248381986003,-3.388633401301,
    19.319697693733));
#2161 = CARTESIAN_POINT('',(3.263106223668,-3.377687655054,
    19.139229828984));
#2162 = CARTESIAN_POINT('',(3.292941175909,-3.355651530583,
    18.961452619633));
#2163 = CARTESIAN_POINT('',(3.335966464716,-3.323315033721,
    18.788630900337));
#2164 = CARTESIAN_POINT('',(3.389356666845,-3.28185753532,
    18.622250030652));
#2165 = CARTESIAN_POINT('',(3.450274339562,-3.232481873414,
    18.462967613949));
#2166 = CARTESIAN_POINT('',(3.516355322898,-3.176194521997,
    18.310744561343));
#2167 = CARTESIAN_POINT('',(3.585878602924,-3.11370443543,
    18.165084672672));
#2168 = CARTESIAN_POINT('',(3.657713366382,-3.04541296364,18.0253122737)
  );
#2169 = CARTESIAN_POINT('',(3.731135869843,-2.971467184127,
    17.890817874779));
#2170 = CARTESIAN_POINT('',(3.80560855681,-2.891849051004,
    17.761202186338));
#2171 = CARTESIAN_POINT('',(3.880613620949,-2.806472857654,
    17.636249114493));
#2172 = CARTESIAN_POINT('',(4.003228827608,-2.657396168698,
    17.439150242241));
#2173 = CARTESIAN_POINT('',(4.050841161968,-2.597166728115,
    17.364405842095));
#2174 = CARTESIAN_POINT('',(4.098347265586,-2.534557497243,
    17.291391781539));
#2175 = CARTESIAN_POINT('',(4.145635907884,-2.469531518757,
    17.220082896572));
#2176 = CARTESIAN_POINT('',(4.192603698689,-2.402035367892,
    17.150464673118));
#2177 = CARTESIAN_POINT('',(4.239151437559,-2.332001832133,
    17.082535452837));
#2178 = CARTESIAN_POINT('',(4.285180467026,-2.259352586579,
    17.01630863442));
#2179 = CARTESIAN_POINT('',(4.330589029757,-2.184000864676,
    16.951814870603));
#2180 = CARTESIAN_POINT('',(4.375268629225,-2.105854123973,
    16.889104261617));
#2181 = CARTESIAN_POINT('',(4.419100393895,-2.024816706467,
    16.828248545147));
#2182 = CARTESIAN_POINT('',(4.461951444295,-1.940792493261,
    16.769343283661));
#2183 = CARTESIAN_POINT('',(4.503671262818,-1.85368755297,
    16.712510049335));
#2184 = CARTESIAN_POINT('',(4.592858972991,-1.654478327324,
    16.591999045833));
#2185 = CARTESIAN_POINT('',(4.639839997539,-1.54056928765,
    16.529199488319));
#2186 = CARTESIAN_POINT('',(4.683534206149,-1.425512638323,
    16.471319219996));
#2187 = CARTESIAN_POINT('',(4.729749116314,-1.289441622843,
    16.410687014323));
#2188 = CARTESIAN_POINT('',(4.758400175084,-1.193279141065,
    16.373424802501));
#2189 = CARTESIAN_POINT('',(4.810485932369,-1.014522839943,
    16.305642353526));
#2190 = CARTESIAN_POINT('',(4.827391384913,-0.916864687181,
    16.284449418189));
#2191 = CARTESIAN_POINT('',(4.865765953917,-0.746403357192,
    16.234772128666));
#2192 = CARTESIAN_POINT('',(4.883271268962,-0.612635189399,
    16.212729731733));
#2193 = CARTESIAN_POINT('',(4.902549085302,-0.458581553389,
    16.188048628273));
#2194 = CARTESIAN_POINT('',(4.913912213456,-0.307643985057,
    16.173620267824));
#2195 = CARTESIAN_POINT('',(4.919899338811,-0.154163519548,
    16.165998259747));
#2196 = CARTESIAN_POINT('',(4.919899338811,-1.7763568394E-15,
    16.165998259747));
#2197 = CARTESIAN_POINT('',(4.815750623039,3.621973831969E-10,22.8));
#2198 = CARTESIAN_POINT('',(4.815750623049,-0.1000138755,22.800000000011
    ));
#2199 = CARTESIAN_POINT('',(4.813031185791,-0.200060223173,
    22.796708112558));
#2200 = CARTESIAN_POINT('',(4.807603741851,-0.299746883961,
    22.79013867398));
#2201 = CARTESIAN_POINT('',(4.799510177679,-0.398736788151,
    22.780337480296));
#2202 = CARTESIAN_POINT('',(4.788819683958,-0.496741528017,
    22.767378569347));
#2203 = CARTESIAN_POINT('',(4.77562559239,-0.593514907445,
    22.751360990265));
#2204 = CARTESIAN_POINT('',(4.760042203426,-0.688846470318,
    22.73240556227));
#2205 = CARTESIAN_POINT('',(4.74220160786,-0.78255500953,22.710651627093
    ));
#2206 = CARTESIAN_POINT('',(4.722250504845,-0.874482059808,
    22.686253796317));
#2207 = CARTESIAN_POINT('',(4.700347019168,-0.964485376374,
    22.65937869835));
#2208 = CARTESIAN_POINT('',(4.676657520128,-1.052432402776,
    22.630201726042));
#2209 = CARTESIAN_POINT('',(4.651353444422,-1.138193729939,
    22.598903788802));
#2210 = CARTESIAN_POINT('',(4.578701943864,-1.364859410209,
    22.508621643938));
#2211 = CARTESIAN_POINT('',(4.528607197076,-1.501201481901,
    22.445948646914));
#2212 = CARTESIAN_POINT('',(4.474735957358,-1.631474767399,
    22.377994346855));
#2213 = CARTESIAN_POINT('',(4.417635459995,-1.755871108517,22.3052699569
    ));
#2214 = CARTESIAN_POINT('',(4.357858327496,-1.874409089238,
    22.228287730572));
#2215 = CARTESIAN_POINT('',(4.295891284438,-1.987168268411,
    22.147468310738));
#2216 = CARTESIAN_POINT('',(4.232129790721,-2.094363226783,
    22.063103931333));
#2217 = CARTESIAN_POINT('',(4.166886020925,-2.196309814235,
    21.975361071478));
#2218 = CARTESIAN_POINT('',(4.100417644887,-2.293335817386,
    21.884306195565));
#2219 = CARTESIAN_POINT('',(4.032964912761,-2.385688058508,
    21.789938274012));
#2220 = CARTESIAN_POINT('',(3.964783607189,-2.47348770206,21.69221185206
    ));
#2221 = CARTESIAN_POINT('',(3.896161493729,-2.556785292291,
    21.591034519648));
#2222 = CARTESIAN_POINT('',(3.749745717552,-2.724977398972,
    21.367836432924));
#2223 = CARTESIAN_POINT('',(3.67191123633,-2.808644833796,
    21.244912944744));
#2224 = CARTESIAN_POINT('',(3.594354099129,-2.886890072989,
    21.116877463455));
#2225 = CARTESIAN_POINT('',(3.517661636926,-2.959734033525,
    20.983578426495));
#2226 = CARTESIAN_POINT('',(3.442455602272,-3.027124556331,
    20.844703940194));
#2227 = CARTESIAN_POINT('',(3.369520588099,-3.088881224769,
    20.699623429433));
#2228 = CARTESIAN_POINT('',(3.300040202269,-3.144605206745,
    20.547530896062));
#2229 = CARTESIAN_POINT('',(3.235820313669,-3.193600519874,
    20.387767598087));
#2230 = CARTESIAN_POINT('',(3.179380076685,-3.234852421211,
    20.220203719239));
#2231 = CARTESIAN_POINT('',(3.133792628267,-3.267108147057,
    20.045560831862));
#2232 = CARTESIAN_POINT('',(3.102157651981,-3.28910525031,
    19.865559516717));
#2233 = CARTESIAN_POINT('',(3.086586431308,-3.299993708231,
    19.682778719368));
#2234 = CARTESIAN_POINT('',(3.086565647809,-3.300006286468,
    19.317490789797));
#2235 = CARTESIAN_POINT('',(3.102133168288,-3.289116731917,
    19.134741410193));
#2236 = CARTESIAN_POINT('',(3.133710327316,-3.267168612393,
    18.954832051142));
#2237 = CARTESIAN_POINT('',(3.179235732604,-3.234968503775,
    18.78024823968));
#2238 = CARTESIAN_POINT('',(3.235662438484,-3.193731545913,
    18.612637004495));
#2239 = CARTESIAN_POINT('',(3.29992412994,-3.144702748201,
    18.452733500648));
#2240 = CARTESIAN_POINT('',(3.369463072813,-3.088929338971,
    18.300494749753));
#2241 = CARTESIAN_POINT('',(3.44241921792,-3.02715501545,18.155362354672
    ));
#2242 = CARTESIAN_POINT('',(3.517578182245,-2.959807928802,
    18.016574233308));
#2243 = CARTESIAN_POINT('',(3.594175900613,-2.887054433999,
    17.883443302208));
#2244 = CARTESIAN_POINT('',(3.671658689571,-2.808890358691,
    17.755519194465));
#2245 = CARTESIAN_POINT('',(3.749498640669,-2.725241060962,
    17.632547664742));
#2246 = CARTESIAN_POINT('',(3.876501713564,-2.579378301017,
    17.438925729937));
#2247 = CARTESIAN_POINT('',(3.925778845864,-2.520462230604,
    17.365565533021));
#2248 = CARTESIAN_POINT('',(3.974872149659,-2.459278391564,
    17.294013594678));
#2249 = CARTESIAN_POINT('',(4.023669893,-2.395792889522,17.224231936704)
  );
#2250 = CARTESIAN_POINT('',(4.07206938512,-2.329954964694,
    17.156193710239));
#2251 = CARTESIAN_POINT('',(4.119973104403,-2.261699664469,
    17.089885304636));
#2252 = CARTESIAN_POINT('',(4.167284807391,-2.190950535458,
    17.025308476672));
#2253 = CARTESIAN_POINT('',(4.213905619454,-2.117622336483,
    16.962482497974));
#2254 = CARTESIAN_POINT('',(4.259730108018,-2.041623774279,
    16.901446319252));
#2255 = CARTESIAN_POINT('',(4.304642339682,-1.962860263354,
    16.842260748764));
#2256 = CARTESIAN_POINT('',(4.348511922689,-1.88123671208,
    16.785010643514));
#2257 = CARTESIAN_POINT('',(4.391190036886,-1.79666033668,
    16.729807110191));
#2258 = CARTESIAN_POINT('',(4.482400499006,-1.603232015631,
    16.612762634972));
#2259 = CARTESIAN_POINT('',(4.530410431171,-1.492657613951,
    16.551803824395));
#2260 = CARTESIAN_POINT('',(4.575036347586,-1.380988725082,
    16.495634589518));
#2261 = CARTESIAN_POINT('',(4.622175711601,-1.248908402862,
    16.436864931153));
#2262 = CARTESIAN_POINT('',(4.651246462453,-1.156481625535,
    16.400958364205));
#2263 = CARTESIAN_POINT('',(4.704730684546,-0.981155144428,
    16.334686674067));
#2264 = CARTESIAN_POINT('',(4.721280732152,-0.889515024796,
    16.315146975089));
#2265 = CARTESIAN_POINT('',(4.76095189155,-0.721691588687,
    16.266147905928));
#2266 = CARTESIAN_POINT('',(4.7783678719,-0.593807215348,16.245404290923
    ));
#2267 = CARTESIAN_POINT('',(4.798140458155,-0.443928952497,
    16.221278655551));
#2268 = CARTESIAN_POINT('',(4.809654602032,-0.297952083298,
    16.207383975313));
#2269 = CARTESIAN_POINT('',(4.815750623039,-0.14930252946,16.2));
#2270 = CARTESIAN_POINT('',(4.815750623039,-1.33226762955E-15,16.2));
#2271 = CARTESIAN_POINT('',(4.708815909778,-1.049232288409E-15,22.8));
#2272 = CARTESIAN_POINT('',(4.708815909791,-9.777328049185E-02,
    22.800000000014));
#2273 = CARTESIAN_POINT('',(4.70603935842,-0.195591229442,
    22.796851526079));
#2274 = CARTESIAN_POINT('',(4.700498530322,-0.29307014907,
    22.790568664164));
#2275 = CARTESIAN_POINT('',(4.692236014886,-0.389883577045,
    22.781194609662));
#2276 = CARTESIAN_POINT('',(4.681321619195,-0.485755349285,
    22.768798687367));
#2277 = CARTESIAN_POINT('',(4.667849234884,-0.580452594244,
    22.753473334298));
#2278 = CARTESIAN_POINT('',(4.651933676881,-0.673778665158,
    22.735331052608));
#2279 = CARTESIAN_POINT('',(4.633707502228,-0.765566018749,
    22.714501342108));
#2280 = CARTESIAN_POINT('',(4.613317817262,-0.855669049294,
    22.691127619175));
#2281 = CARTESIAN_POINT('',(4.59092308119,-0.943956887426,
    22.665364131841));
#2282 = CARTESIAN_POINT('',(4.566689913619,-1.030306172698,
    22.63737287716));
#2283 = CARTESIAN_POINT('',(4.540789913045,-1.114593808422,
    22.607320529181));
#2284 = CARTESIAN_POINT('',(4.466431371063,-1.337440432095,
    22.520606477248));
#2285 = CARTESIAN_POINT('',(4.415155927061,-1.471628528641,
    22.460385094645));
#2286 = CARTESIAN_POINT('',(4.359969671283,-1.600106487735,
    22.395000650794));
#2287 = CARTESIAN_POINT('',(4.301415042777,-1.723076174825,
    22.324911939534));
#2288 = CARTESIAN_POINT('',(4.24004202493,-1.840554153135,
    22.250581187048));
#2289 = CARTESIAN_POINT('',(4.176333781834,-1.952615524378,
    22.172380712118));
#2290 = CARTESIAN_POINT('',(4.110680185766,-2.05947139561,
    22.090555550192));
#2291 = CARTESIAN_POINT('',(4.043386092233,-2.161434798942,
    22.005225389633));
#2292 = CARTESIAN_POINT('',(3.974701297347,-2.258829378385,
    21.916409267772));
#2293 = CARTESIAN_POINT('',(3.90485925477,-2.351894489865,
    21.824056647675));
#2294 = CARTESIAN_POINT('',(3.834111813601,-2.440739592402,
    21.728068718494));
#2295 = CARTESIAN_POINT('',(3.762747452861,-2.525399960526,
    21.628294015427));
#2296 = CARTESIAN_POINT('',(3.610358372416,-2.696879789617,
    21.407554112772));
#2297 = CARTESIAN_POINT('',(3.529257159616,-2.782573345938,
    21.285636960327));
#2298 = CARTESIAN_POINT('',(3.448243038869,-2.863210115368,
    21.158014017795));
#2299 = CARTESIAN_POINT('',(3.367922549886,-2.938775742581,
    21.024481035092));
#2300 = CARTESIAN_POINT('',(3.288939701141,-3.009177027083,
    20.884642916567));
#2301 = CARTESIAN_POINT('',(3.212124321459,-3.074167524963,
    20.737734180577));
#2302 = CARTESIAN_POINT('',(3.138752547422,-3.133237634682,
    20.582800794623));
#2303 = CARTESIAN_POINT('',(3.070785630013,-3.185524466169,
    20.419086449348));
#2304 = CARTESIAN_POINT('',(3.010959125076,-3.229793524201,
    20.246473878904));
#2305 = CARTESIAN_POINT('',(2.962599675613,-3.264541887983,
    20.065841549177));
#2306 = CARTESIAN_POINT('',(2.929048136345,-3.288272437255,
    19.879207348849));
#2307 = CARTESIAN_POINT('',(2.912561539655,-3.299992594405,
    19.689540815505));
#2308 = CARTESIAN_POINT('',(2.912538392649,-3.300007398881,
    19.310759948856));
#2309 = CARTESIAN_POINT('',(2.9290219812,-3.288285254319,19.121095624652
    ));
#2310 = CARTESIAN_POINT('',(2.962514680656,-3.264604519546,
    18.93453900765));
#2311 = CARTESIAN_POINT('',(3.010810223531,-3.22991347971,
    18.753969353514));
#2312 = CARTESIAN_POINT('',(3.070622498609,-3.185659999045,
    18.581318961819));
#2313 = CARTESIAN_POINT('',(3.138632500007,-3.133338470699,
    18.417469143532));
#2314 = CARTESIAN_POINT('',(3.212064934872,-3.074216952697,
    18.262387024643));
#2315 = CARTESIAN_POINT('',(3.28890193958,-3.009208266343,
    18.115421675369));
#2316 = CARTESIAN_POINT('',(3.367834745647,-2.93885297417,
    17.975669618736));
#2317 = CARTESIAN_POINT('',(3.448054817236,-2.863382675679,
    17.842310133005));
#2318 = CARTESIAN_POINT('',(3.528990248279,-2.782830456459,
    17.714802469881));
#2319 = CARTESIAN_POINT('',(3.610098305693,-2.697152821759,
    17.592830760292));
#2320 = CARTESIAN_POINT('',(3.742237558095,-2.548487459221,
    17.40140451328));
#2321 = CARTESIAN_POINT('',(3.793499908479,-2.488551877144,
    17.328991819679));
#2322 = CARTESIAN_POINT('',(3.844489544707,-2.426510933488,
    17.258568556126));
#2323 = CARTESIAN_POINT('',(3.895093580775,-2.362336874518,
    17.190074470405));
#2324 = CARTESIAN_POINT('',(3.945209552934,-2.295983774904,17.1234616436
    ));
#2325 = CARTESIAN_POINT('',(3.994741354596,-2.227390285691,
    17.058696359937));
#2326 = CARTESIAN_POINT('',(4.043595102308,-2.156482450081,
    16.995761042065));
#2327 = CARTESIAN_POINT('',(4.091674935246,-2.083176591699,
    16.934656245459));
#2328 = CARTESIAN_POINT('',(4.138878751638,-2.007382280317,
    16.875402705777));
#2329 = CARTESIAN_POINT('',(4.185093886714,-1.929005379995,
    16.818043432683));
#2330 = CARTESIAN_POINT('',(4.230192737676,-1.847951185427,
    16.762645843408));
#2331 = CARTESIAN_POINT('',(4.274028342786,-1.764127652241,
    16.70930392819));
#2332 = CARTESIAN_POINT('',(4.367712987217,-1.572613936082,
    16.596260186029));
#2333 = CARTESIAN_POINT('',(4.416993826272,-1.46330245487,
    16.537464447776));
#2334 = CARTESIAN_POINT('',(4.462759220102,-1.353090065495,
    16.483362298361));
#2335 = CARTESIAN_POINT('',(4.51103340168,-1.222960480079,16.42687699131
    ));
#2336 = CARTESIAN_POINT('',(4.540711091191,-1.132605987793,
    16.392540493236));
#2337 = CARTESIAN_POINT('',(4.595644290913,-0.958981019535,
    16.328531230518));
#2338 = CARTESIAN_POINT('',(4.612162065887,-0.871273000109,
    16.310546027716));
#2339 = CARTESIAN_POINT('',(4.653036643577,-0.704949045197,16.26296642)
  );
#2340 = CARTESIAN_POINT('',(4.670585631154,-0.580997493197,
    16.243557522249));
#2341 = CARTESIAN_POINT('',(4.690861167662,-0.433916883249,
    16.220307410553));
#2342 = CARTESIAN_POINT('',(4.702588901676,-0.291325812276,
    16.20706854747));
#2343 = CARTESIAN_POINT('',(4.708815909778,-0.145987146199,16.2));
#2344 = CARTESIAN_POINT('',(4.708815909778,-1.857499175846E-15,16.2));
#2345 = ADVANCED_FACE('',(#2346),#2385,.F.);
#2346 = FACE_BOUND('',#2347,.F.);
#2347 = EDGE_LOOP('',(#2348,#2360,#2383,#2384));
#2348 = ORIENTED_EDGE('',*,*,#2349,.T.);
#2349 = EDGE_CURVE('',#111,#2350,#2352,.T.);
#2350 = VERTEX_POINT('',#2351);
#2351 = CARTESIAN_POINT('',(2.912549960518,3.3,19.5));
#2352 = ( BOUNDED_CURVE() B_SPLINE_CURVE(6,(#2353,#2354,#2355,#2356,
#2357,#2358,#2359),.UNSPECIFIED.,.F.,.F.) B_SPLINE_CURVE_WITH_KNOTS((7,7
),(0.,5.353500548395),.PIECEWISE_BEZIER_KNOTS.) CURVE() 
GEOMETRIC_REPRESENTATION_ITEM() RATIONAL_B_SPLINE_CURVE((1.080016620298,
    1.023814727394,0.994937361155,0.985303459801,0.994937361155,
1.023814727394,1.080016620298)) REPRESENTATION_ITEM('') );
#2353 = CARTESIAN_POINT('',(3.159962477878,4.014304066511,19.5));
#2354 = CARTESIAN_POINT('',(3.296705237332,3.906663493605,
    19.499894967569));
#2355 = CARTESIAN_POINT('',(3.369034782745,3.736935913529,
    19.499917262675));
#2356 = CARTESIAN_POINT('',(3.352478125126,3.547622687812,
    19.499934983349));
#2357 = CARTESIAN_POINT('',(3.248391532076,3.388627084929,19.49994323728
    ));
#2358 = CARTESIAN_POINT('',(3.086576035935,3.299999999483,
    19.499940208581));
#2359 = CARTESIAN_POINT('',(2.912549960518,3.3,19.5));
#2360 = ORIENTED_EDGE('',*,*,#2361,.T.);
#2361 = EDGE_CURVE('',#2350,#1726,#2362,.T.);
#2362 = ( BOUNDED_CURVE() B_SPLINE_CURVE(7,(#2363,#2364,#2365,#2366,
    #2367,#2368,#2369,#2370,#2371,#2372,#2373,#2374,#2375,#2376,#2377,
    #2378,#2379,#2380,#2381,#2382),.UNSPECIFIED.,.F.,.F.) 
B_SPLINE_CURVE_WITH_KNOTS((8,6,6,8),(5.353500548395,7.584248764386,
9.553074142052,10.70666223792),.UNSPECIFIED.) CURVE() 
GEOMETRIC_REPRESENTATION_ITEM() RATIONAL_B_SPLINE_CURVE((1.080016620298,
    1.080017314433,1.077983741705,1.073785872198,1.069289846061,
    1.064838138869,1.060486438737,1.052719772153,1.049250276917,
    1.046015044907,1.042998516059,1.040248858801,1.037837299317,
    1.034659704342,1.033624193228,1.032756519639,1.03208293956,
1.031624254039,1.031393471788,1.031393471788)) REPRESENTATION_ITEM('') 
  );
#2363 = CARTESIAN_POINT('',(2.912549960517,3.3,19.5));
#2364 = CARTESIAN_POINT('',(2.912536946521,3.300007734327,
    19.851604650029));
#2365 = CARTESIAN_POINT('',(2.973869905731,3.25639575409,20.204984247583
    ));
#2366 = CARTESIAN_POINT('',(3.101088848664,3.16703606135,20.531886080181
    ));
#2367 = CARTESIAN_POINT('',(3.24187823938,3.054731653762,20.813381900129
    ));
#2368 = CARTESIAN_POINT('',(3.390095071812,2.924055564235,
    21.071922873985));
#2369 = CARTESIAN_POINT('',(3.541211054766,2.774652684673,
    21.307377706063));
#2370 = CARTESIAN_POINT('',(3.823852825207,2.456666722177,
    21.716827005845));
#2371 = CARTESIAN_POINT('',(3.955671946377,2.292219863271,21.89442547774
    ));
#2372 = CARTESIAN_POINT('',(4.083678262034,2.11161599953,22.058978380069
    ));
#2373 = CARTESIAN_POINT('',(4.205975304114,1.916323159142,
    22.210584242471));
#2374 = CARTESIAN_POINT('',(4.321647425735,1.697483779556,
    22.350137614511));
#2375 = CARTESIAN_POINT('',(4.424687723068,1.461470279158,
    22.471902356399));
#2376 = CARTESIAN_POINT('',(4.563149613705,1.048198904179,
    22.633409677336));
#2377 = CARTESIAN_POINT('',(4.608820254367,0.887033339062,
    22.686110387855));
#2378 = CARTESIAN_POINT('',(4.647477967563,0.718743607531,
    22.730341952259));
#2379 = CARTESIAN_POINT('',(4.677730691164,0.544255185483,
    22.764752275279));
#2380 = CARTESIAN_POINT('',(4.698419643578,0.364795940581,
    22.788211178059));
#2381 = CARTESIAN_POINT('',(4.708815909753,0.182332114985,
    22.799999999973));
#2382 = CARTESIAN_POINT('',(4.708815909778,-1.049232288409E-15,22.8));
#2383 = ORIENTED_EDGE('',*,*,#1725,.F.);
#2384 = ORIENTED_EDGE('',*,*,#135,.F.);
#2385 = ( BOUNDED_SURFACE() B_SPLINE_SURFACE(6,7,(
    (#2386,#2387,#2388,#2389,#2390,#2391,#2392,#2393,#2394,#2395,#2396
      ,#2397,#2398,#2399,#2400,#2401,#2402,#2403,#2404,#2405)
    ,(#2406,#2407,#2408,#2409,#2410,#2411,#2412,#2413,#2414,#2415,#2416
      ,#2417,#2418,#2419,#2420,#2421,#2422,#2423,#2424,#2425)
    ,(#2426,#2427,#2428,#2429,#2430,#2431,#2432,#2433,#2434,#2435,#2436
      ,#2437,#2438,#2439,#2440,#2441,#2442,#2443,#2444,#2445)
    ,(#2446,#2447,#2448,#2449,#2450,#2451,#2452,#2453,#2454,#2455,#2456
      ,#2457,#2458,#2459,#2460,#2461,#2462,#2463,#2464,#2465)
    ,(#2466,#2467,#2468,#2469,#2470,#2471,#2472,#2473,#2474,#2475,#2476
      ,#2477,#2478,#2479,#2480,#2481,#2482,#2483,#2484,#2485)
    ,(#2486,#2487,#2488,#2489,#2490,#2491,#2492,#2493,#2494,#2495,#2496
      ,#2497,#2498,#2499,#2500,#2501,#2502,#2503,#2504,#2505)
    ,(#2506,#2507,#2508,#2509,#2510,#2511,#2512,#2513,#2514,#2515,#2516
      ,#2517,#2518,#2519,#2520,#2521,#2522,#2523,#2524,#2525
)),.UNSPECIFIED.,.F.,.F.,.F.) B_SPLINE_SURFACE_WITH_KNOTS((7,7),(8,6,6,8
    ),(0.,5.353161689525),(5.353500548395,7.584248764386,9.553074142052,
10.70666223792),.UNSPECIFIED.) GEOMETRIC_REPRESENTATION_ITEM() 
RATIONAL_B_SPLINE_SURFACE((
    (1.080016620298,1.080017314433,1.077983741705,1.073785872198
      ,1.069289846061,1.064838138869,1.060486438737,1.052719772153
      ,1.049250276917,1.046015044907,1.042998516059,1.040248858801
      ,1.037837299317,1.034659704342,1.033624193228,1.032756519639
      ,1.03208293956,1.031624254039,1.031393471788,1.031393471788)
    ,(1.023814727394,1.023814909169,1.023281909523,1.022185850661
      ,1.020972010277,1.019751413025,1.018537636163,1.016339628274
      ,1.015343899797,1.014403054271,1.013515982467,1.01269872112
      ,1.011976161881,1.011018547821,1.010705040336,1.010441293612
      ,1.010235933665,1.010095866774,1.010025407662,1.010025407661)
    ,(0.994937361155,0.994937321701,0.995053023413,0.995290799234
      ,0.995555823012,0.995822030623,0.996086622305,0.996564896854
      ,0.996781201958,0.996985059357,0.997176693688,0.997352634559
      ,0.997507715719,0.997712772686,0.997779782285,0.997836058216
      ,0.997879816347,0.997909639223,0.997924642725,0.997924642725)
    ,(0.985303459801,0.985303340504,0.985652944996,0.986373703533
      ,0.987154074709,0.987932292364,0.988698840971,0.990076900539
      ,0.990696829492,0.991279073912,0.991825518381,0.99232692961
      ,0.992768999362,0.993353741844,0.993544883049,0.993705484545
      ,0.993830421325,0.993915595698,0.993958444137,0.993958444137)
    ,(0.994937361155,0.994937321701,0.995053023413,0.995290799234
      ,0.995555823012,0.995822030623,0.996086622305,0.996564896854
      ,0.996781201958,0.996985059357,0.997176693688,0.997352634559
      ,0.997507715719,0.997712772686,0.997779782285,0.997836058216
      ,0.997879816347,0.997909639223,0.997924642725,0.997924642725)
    ,(1.023814727394,1.023814909169,1.023281909523,1.022185850661
      ,1.020972010277,1.019751413025,1.018537636163,1.016339628274
      ,1.015343899797,1.014403054271,1.013515982467,1.01269872112
      ,1.011976161881,1.011018547821,1.010705040336,1.010441293612
      ,1.010235933665,1.010095866774,1.010025407662,1.010025407661)
    ,(1.080016620298,1.080017314433,1.077983741705,1.073785872198
      ,1.069289846061,1.064838138869,1.060486438737,1.052719772153
      ,1.049250276917,1.046015044907,1.042998516059,1.040248858801
      ,1.037837299317,1.034659704342,1.033624193228,1.032756519639
      ,1.03208293956,1.031624254039,1.031393471788,1.031393471788
))) REPRESENTATION_ITEM('') SURFACE() );
#2386 = CARTESIAN_POINT('',(3.159962477877,4.014304066512,19.5));
#2387 = CARTESIAN_POINT('',(3.159944658678,4.014318093351,
    19.894536099432));
#2388 = CARTESIAN_POINT('',(3.22675690396,3.961536883649,20.291351481374
    ));
#2389 = CARTESIAN_POINT('',(3.365035089702,3.853953388978,
    20.657285609739));
#2390 = CARTESIAN_POINT('',(3.518370036369,3.716885834471,
    20.974441984494));
#2391 = CARTESIAN_POINT('',(3.679058776255,3.558214551942,
    21.263474329333));
#2392 = CARTESIAN_POINT('',(3.843065747366,3.376270385915,
    21.527611707414));
#2393 = CARTESIAN_POINT('',(4.149656144626,2.989044807061,
    21.986585997667));
#2394 = CARTESIAN_POINT('',(4.292614576202,2.788641212563,
    22.185625019156));
#2395 = CARTESIAN_POINT('',(4.431057465212,2.569755467274,
    22.369535251976));
#2396 = CARTESIAN_POINT('',(4.564196152313,2.330221020631,
    22.540224393734));
#2397 = CARTESIAN_POINT('',(4.688981267269,2.065786619741,
    22.695726184894));
#2398 = CARTESIAN_POINT('',(4.800946025684,1.777627651761,
    22.832540023886));
#2399 = CARTESIAN_POINT('',(4.950902592311,1.275236982122,
    23.013320987017));
#2400 = CARTESIAN_POINT('',(5.000455238486,1.079105900296,
    23.072434147414));
#2401 = CARTESIAN_POINT('',(5.042370541208,0.874141137258,
    23.122009526651));
#2402 = CARTESIAN_POINT('',(5.075132601577,0.661768201495,
    23.160522626756));
#2403 = CARTESIAN_POINT('',(5.097533393388,0.443705851728,
    23.186772795309));
#2404 = CARTESIAN_POINT('',(5.108815909772,0.222157902916,
    23.199999999995));
#2405 = CARTESIAN_POINT('',(5.108815909778,0.,23.2));
#2406 = CARTESIAN_POINT('',(3.296705237332,3.906663493605,
    19.499894967569));
#2407 = CARTESIAN_POINT('',(3.29669031113,3.906676226393,19.875552144876
    ));
#2408 = CARTESIAN_POINT('',(3.3578868372,3.854657093593,20.252126841399)
  );
#2409 = CARTESIAN_POINT('',(3.483924116632,3.748975394564,
    20.600213999369));
#2410 = CARTESIAN_POINT('',(3.62439110314,3.615211026912,20.905234702539
    ));
#2411 = CARTESIAN_POINT('',(3.772648730702,3.460213945494,
    21.185104125109));
#2412 = CARTESIAN_POINT('',(3.924642707986,3.282605385055,
    21.442544819055));
#2413 = CARTESIAN_POINT('',(4.209302977739,2.905425247155,
    21.891148719275));
#2414 = CARTESIAN_POINT('',(4.342240387097,2.710753844741,22.08641718234
    ));
#2415 = CARTESIAN_POINT('',(4.471628713225,2.497772180759,
    22.267915405933));
#2416 = CARTESIAN_POINT('',(4.5962492648,2.265130523489,22.43666898324)
  );
#2417 = CARTESIAN_POINT('',(4.713624183977,2.007512091937,
    22.591261538869));
#2418 = CARTESIAN_POINT('',(4.818953295408,1.727199213717,
    22.727283486127));
#2419 = CARTESIAN_POINT('',(4.96007618992,1.238696893056,22.907136858416
    ));
#2420 = CARTESIAN_POINT('',(5.006694250702,1.048231747179,
    22.965933871676));
#2421 = CARTESIAN_POINT('',(5.046175171946,0.849162248987,
    23.015310626112));
#2422 = CARTESIAN_POINT('',(5.077062962682,0.642847612504,
    23.053709131243));
#2423 = CARTESIAN_POINT('',(5.098186675882,0.430956436318,
    23.079887703584));
#2424 = CARTESIAN_POINT('',(5.108815909774,0.215689369202,
    23.093065286735));
#2425 = CARTESIAN_POINT('',(5.108815909778,1.021720485994E-10,
    23.093065286739));
#2426 = CARTESIAN_POINT('',(3.369034782745,3.736935913529,
    19.499917262675));
#2427 = CARTESIAN_POINT('',(3.369022672643,3.736946247153,
    19.855922140949));
#2428 = CARTESIAN_POINT('',(3.425231109936,3.688491374143,
    20.212234014102));
#2429 = CARTESIAN_POINT('',(3.540723600351,3.590208037501,20.54324774364
    ));
#2430 = CARTESIAN_POINT('',(3.670302081126,3.465482181667,
    20.836383210493));
#2431 = CARTESIAN_POINT('',(3.808318457085,3.319713561216,
    21.107532109566));
#2432 = CARTESIAN_POINT('',(3.950606592937,3.151821682611,
    21.358506102617));
#2433 = CARTESIAN_POINT('',(4.218191969302,2.793792899313,
    21.797603076776));
#2434 = CARTESIAN_POINT('',(4.34358403713,2.608611929196,21.989566124986
    ));
#2435 = CARTESIAN_POINT('',(4.466285729022,2.40502708811,22.168900689977
    ));
#2436 = CARTESIAN_POINT('',(4.584652582481,2.182598319142,
    22.335838386217));
#2437 = CARTESIAN_POINT('',(4.696748402949,1.93485794295,22.489544132561
    ));
#2438 = CARTESIAN_POINT('',(4.797358265525,1.665297666096,
    22.624743180073));
#2439 = CARTESIAN_POINT('',(4.932342759199,1.19472416669,22.803713239446
    ));
#2440 = CARTESIAN_POINT('',(4.976939774559,1.011261208434,
    22.862218595226));
#2441 = CARTESIAN_POINT('',(5.01475504888,0.819385976994,22.911401605383
    ));
#2442 = CARTESIAN_POINT('',(5.044369212285,0.62038519891,22.949682614269
    ));
#2443 = CARTESIAN_POINT('',(5.064628355303,0.41587482871,22.97578729959)
  );
#2444 = CARTESIAN_POINT('',(5.07481416952,0.208060778704,22.988916570962
    ));
#2445 = CARTESIAN_POINT('',(5.074814169524,1.078848121949E-10,
    22.988916570967));
#2446 = CARTESIAN_POINT('',(3.352478125126,3.547622687812,
    19.499934983349));
#2447 = CARTESIAN_POINT('',(3.352467770357,3.547630457669,19.84101913204
    ));
#2448 = CARTESIAN_POINT('',(3.406275044842,3.503746010178,
    20.182141562114));
#2449 = CARTESIAN_POINT('',(3.516760109986,3.414814432259,
    20.500452385787));
#2450 = CARTESIAN_POINT('',(3.64127185863,3.300848493765,20.784141822242
    ));
#2451 = CARTESIAN_POINT('',(3.774581158594,3.166042917105,
    21.048038188223));
#2452 = CARTESIAN_POINT('',(3.912405147995,3.009550174809,
    21.293159677262));
#2453 = CARTESIAN_POINT('',(4.172209431138,2.673463150173,
    21.723230268221));
#2454 = CARTESIAN_POINT('',(4.294195163688,2.498841177663,
    21.911794212803));
#2455 = CARTESIAN_POINT('',(4.413914567414,2.305707096862,22.08850357884
    ));
#2456 = CARTESIAN_POINT('',(4.529401165355,2.094485130348,22.25301780735
    ));
#2457 = CARTESIAN_POINT('',(4.639182910355,1.857634971809,
    22.405068240791));
#2458 = CARTESIAN_POINT('',(4.737640742553,1.599807409912,22.53870545316
    ));
#2459 = CARTESIAN_POINT('',(4.869898132782,1.148475626673,
    22.715823650166));
#2460 = CARTESIAN_POINT('',(4.913591752466,0.972408599258,
    22.773721139254));
#2461 = CARTESIAN_POINT('',(4.950665576796,0.788123980952,22.82242519838
    ));
#2462 = CARTESIAN_POINT('',(4.979717424965,0.596830524632,
    22.860357164313));
#2463 = CARTESIAN_POINT('',(4.999595734811,0.400083283671,
    22.886228649774));
#2464 = CARTESIAN_POINT('',(5.009583715051,0.20008691326,22.89923219471)
  );
#2465 = CARTESIAN_POINT('',(5.009583715059,1.572351138179E-10,
    22.899232194719));
#2466 = CARTESIAN_POINT('',(3.248391532076,3.388627084929,19.49994323728
    ));
#2467 = CARTESIAN_POINT('',(3.248381370145,3.38863320815,19.834987900571
    ));
#2468 = CARTESIAN_POINT('',(3.303085685151,3.347971020351,
    20.170192252526));
#2469 = CARTESIAN_POINT('',(3.415591748134,3.265486841433,
    20.483192841225));
#2470 = CARTESIAN_POINT('',(3.542005832584,3.159101612946,
    20.761313875431));
#2471 = CARTESIAN_POINT('',(3.677052921057,3.032370852907,
    21.020258522205));
#2472 = CARTESIAN_POINT('',(3.816334342527,2.884622903283,
    21.260426908543));
#2473 = CARTESIAN_POINT('',(4.078517369424,2.565859755286,
    21.681872454557));
#2474 = CARTESIAN_POINT('',(4.201468501566,2.399706347145,
    21.866642060538));
#2475 = CARTESIAN_POINT('',(4.321995488374,2.215269818022,
    22.039811181049));
#2476 = CARTESIAN_POINT('',(4.437990326659,2.013633627681,
    22.200807355244));
#2477 = CARTESIAN_POINT('',(4.548327577196,1.786419090898,
    22.349868429078));
#2478 = CARTESIAN_POINT('',(4.647088092374,1.539214300749,
    22.480696229331));
#2479 = CARTESIAN_POINT('',(4.779813988856,1.105476510162,
    22.654263984641));
#2480 = CARTESIAN_POINT('',(4.823639720972,0.93616938756,22.710991583155
    ));
#2481 = CARTESIAN_POINT('',(4.860818347571,0.758898359754,
    22.758717890043));
#2482 = CARTESIAN_POINT('',(4.889952830707,0.574785877662,22.79589851008
    ));
#2483 = CARTESIAN_POINT('',(4.909886833778,0.385306860216,
    22.821259743976));
#2484 = CARTESIAN_POINT('',(4.919899338798,0.192636765715,
    22.834001740239));
#2485 = CARTESIAN_POINT('',(4.919899338811,2.45333531268E-10,
    22.834001740253));
#2486 = CARTESIAN_POINT('',(3.086576035935,3.299999999483,
    19.499940208581));
#2487 = CARTESIAN_POINT('',(3.086564744361,3.300006095848,
    19.839090144412));
#2488 = CARTESIAN_POINT('',(3.144429741296,3.259534075929,
    20.178862116537));
#2489 = CARTESIAN_POINT('',(3.263805071059,3.177161028764,
    20.494957977446));
#2490 = CARTESIAN_POINT('',(3.396985521399,3.071596800535,20.77238596524
    ));
#2491 = CARTESIAN_POINT('',(3.538220200524,2.94657363556,21.029408296245
    ));
#2492 = CARTESIAN_POINT('',(3.683044609561,2.801561001912,
    21.266143301231));
#2493 = CARTESIAN_POINT('',(3.954638452544,2.489639359019,21.68019593837
    ));
#2494 = CARTESIAN_POINT('',(4.081598549845,2.32729851451,21.861041338139
    ));
#2495 = CARTESIAN_POINT('',(4.205529311515,2.14745823974,22.029912633074
    ));
#2496 = CARTESIAN_POINT('',(4.32435811102,1.951559094239,22.186388124118
    ));
#2497 = CARTESIAN_POINT('',(4.437151302978,1.730750830669,
    22.331106726337));
#2498 = CARTESIAN_POINT('',(4.537849918011,1.491214913757,
    22.457832135318));
#2499 = CARTESIAN_POINT('',(4.673164037453,1.070776146598,
    22.626020952566));
#2500 = CARTESIAN_POINT('',(4.717812375088,0.906662920323,
    22.680962626253));
#2501 = CARTESIAN_POINT('',(4.75565410129,0.734943198058,22.727157195163
    ));
#2502 = CARTESIAN_POINT('',(4.785292708357,0.556644249934,
    22.763134743319));
#2503 = CARTESIAN_POINT('',(4.80556704229,0.373133310957,22.787672756287
    ));
#2504 = CARTESIAN_POINT('',(4.81575062302,0.186510479303,22.799999999979
    ));
#2505 = CARTESIAN_POINT('',(4.815750623039,3.621951627508E-10,22.8));
#2506 = CARTESIAN_POINT('',(2.912549960517,3.3,19.5));
#2507 = CARTESIAN_POINT('',(2.912536946521,3.300007734327,
    19.851604650029));
#2508 = CARTESIAN_POINT('',(2.973869905731,3.25639575409,20.204984247583
    ));
#2509 = CARTESIAN_POINT('',(3.101088848664,3.16703606135,20.531886080181
    ));
#2510 = CARTESIAN_POINT('',(3.24187823938,3.054731653762,20.813381900129
    ));
#2511 = CARTESIAN_POINT('',(3.390095071812,2.924055564235,
    21.071922873985));
#2512 = CARTESIAN_POINT('',(3.541211054766,2.774652684673,
    21.307377706063));
#2513 = CARTESIAN_POINT('',(3.823852825207,2.456666722177,
    21.716827005845));
#2514 = CARTESIAN_POINT('',(3.955671946377,2.292219863271,21.89442547774
    ));
#2515 = CARTESIAN_POINT('',(4.083678262034,2.11161599953,22.058978380069
    ));
#2516 = CARTESIAN_POINT('',(4.205975304114,1.916323159142,
    22.210584242471));
#2517 = CARTESIAN_POINT('',(4.321647425735,1.697483779556,
    22.350137614511));
#2518 = CARTESIAN_POINT('',(4.424687723068,1.461470279158,
    22.471902356399));
#2519 = CARTESIAN_POINT('',(4.563149613705,1.048198904179,
    22.633409677336));
#2520 = CARTESIAN_POINT('',(4.608820254367,0.887033339062,
    22.686110387855));
#2521 = CARTESIAN_POINT('',(4.647477967563,0.718743607531,
    22.730341952259));
#2522 = CARTESIAN_POINT('',(4.677730691164,0.544255185483,
    22.764752275279));
#2523 = CARTESIAN_POINT('',(4.698419643578,0.364795940581,
    22.788211178059));
#2524 = CARTESIAN_POINT('',(4.708815909753,0.182332114985,
    22.799999999973));
#2525 = CARTESIAN_POINT('',(4.708815909778,-1.049232288409E-15,22.8));
#2526 = ADVANCED_FACE('',(#2527),#2555,.F.);
#2527 = FACE_BOUND('',#2528,.F.);
#2528 = EDGE_LOOP('',(#2529,#2530,#2553,#2554));
#2529 = ORIENTED_EDGE('',*,*,#1816,.T.);
#2530 = ORIENTED_EDGE('',*,*,#2531,.T.);
#2531 = EDGE_CURVE('',#1738,#2350,#2532,.T.);
#2532 = ( BOUNDED_CURVE() B_SPLINE_CURVE(7,(#2533,#2534,#2535,#2536,
    #2537,#2538,#2539,#2540,#2541,#2542,#2543,#2544,#2545,#2546,#2547,
    #2548,#2549,#2550,#2551,#2552),.UNSPECIFIED.,.F.,.F.) 
B_SPLINE_CURVE_WITH_KNOTS((8,6,6,8),(7.700635303651E-16,1.148992571595,
3.122148029198,5.353500548395),.UNSPECIFIED.) CURVE() 
GEOMETRIC_REPRESENTATION_ITEM() RATIONAL_B_SPLINE_CURVE((1.031393471788,
    1.031393471788,1.031623405983,1.0320782357,1.032745400105,
    1.033605615505,1.034633674649,1.037800872141,1.040212073572,
    1.04296991439,1.045984069817,1.049230523473,1.052705528109,
    1.060479091224,1.064831343869,1.069301800921,1.073771676664,
1.077985301683,1.080015925975,1.080016620298)) REPRESENTATION_ITEM('') 
  );
#2533 = CARTESIAN_POINT('',(4.708815909778,-1.857499175846E-15,16.2));
#2534 = CARTESIAN_POINT('',(4.708815909778,0.182465921508,16.2));
#2535 = CARTESIAN_POINT('',(4.69845699631,0.36355611339,16.211746726272)
  );
#2536 = CARTESIAN_POINT('',(4.677945436462,0.541860447947,
    16.235004015709));
#2537 = CARTESIAN_POINT('',(4.647983737581,0.715739072173,
    16.269081870772));
#2538 = CARTESIAN_POINT('',(4.609653411225,0.883595439615,
    16.312935717547));
#2539 = CARTESIAN_POINT('',(4.564296439425,1.04414662242,16.365267070107
    ));
#2540 = CARTESIAN_POINT('',(4.426253194929,1.457851223615,
    16.526247755753));
#2541 = CARTESIAN_POINT('',(4.323138691278,1.694671028823,16.64807471477
    ));
#2542 = CARTESIAN_POINT('',(4.207275846597,1.914163992819,
    16.787784594344));
#2543 = CARTESIAN_POINT('',(4.084778077119,2.110086234879,
    16.939635608906));
#2544 = CARTESIAN_POINT('',(3.956480589789,2.291168204163,
    17.104485546324));
#2545 = CARTESIAN_POINT('',(3.824388950333,2.456036240891,
    17.282416528191));
#2546 = CARTESIAN_POINT('',(3.541433524968,2.77443929077,17.692285482504
    ));
#2547 = CARTESIAN_POINT('',(3.39032217909,2.923877402901,17.927604115376
    ));
#2548 = CARTESIAN_POINT('',(3.2414924022,3.05505319828,18.187391326952)
  );
#2549 = CARTESIAN_POINT('',(3.101577172751,3.166617825629,
    18.467186836777));
#2550 = CARTESIAN_POINT('',(2.97385583967,3.256418192907,18.794819843957
    ));
#2551 = CARTESIAN_POINT('',(2.912562981176,3.299992261971,19.14815446269
    ));
#2552 = CARTESIAN_POINT('',(2.912549960518,3.3,19.5));
#2553 = ORIENTED_EDGE('',*,*,#2349,.F.);
#2554 = ORIENTED_EDGE('',*,*,#110,.F.);
#2555 = ( BOUNDED_SURFACE() B_SPLINE_SURFACE(6,7,(
    (#2556,#2557,#2558,#2559,#2560,#2561,#2562,#2563,#2564,#2565,#2566
      ,#2567,#2568,#2569,#2570,#2571,#2572,#2573,#2574,#2575)
    ,(#2576,#2577,#2578,#2579,#2580,#2581,#2582,#2583,#2584,#2585,#2586
      ,#2587,#2588,#2589,#2590,#2591,#2592,#2593,#2594,#2595)
    ,(#2596,#2597,#2598,#2599,#2600,#2601,#2602,#2603,#2604,#2605,#2606
      ,#2607,#2608,#2609,#2610,#2611,#2612,#2613,#2614,#2615)
    ,(#2616,#2617,#2618,#2619,#2620,#2621,#2622,#2623,#2624,#2625,#2626
      ,#2627,#2628,#2629,#2630,#2631,#2632,#2633,#2634,#2635)
    ,(#2636,#2637,#2638,#2639,#2640,#2641,#2642,#2643,#2644,#2645,#2646
      ,#2647,#2648,#2649,#2650,#2651,#2652,#2653,#2654,#2655)
    ,(#2656,#2657,#2658,#2659,#2660,#2661,#2662,#2663,#2664,#2665,#2666
      ,#2667,#2668,#2669,#2670,#2671,#2672,#2673,#2674,#2675)
    ,(#2676,#2677,#2678,#2679,#2680,#2681,#2682,#2683,#2684,#2685,#2686
      ,#2687,#2688,#2689,#2690,#2691,#2692,#2693,#2694,#2695
)),.UNSPECIFIED.,.F.,.F.,.F.) B_SPLINE_SURFACE_WITH_KNOTS((7,7),(8,6,6,8
    ),(0.,5.353500548395),(7.700635303651E-16,1.148992571595,
    3.122148029198,5.353500548395),.UNSPECIFIED.) 
GEOMETRIC_REPRESENTATION_ITEM() RATIONAL_B_SPLINE_SURFACE((
    (1.031393471788,1.031393471788,1.031623405983,1.0320782357
      ,1.032745400105,1.033605615505,1.034633674649,1.037800872141
      ,1.040212073572,1.04296991439,1.045984069817,1.049230523473
      ,1.052705528109,1.060479091224,1.064831343869,1.069301800921
      ,1.073771676664,1.077985301683,1.080015925975,1.080016620298)
    ,(1.010025407661,1.010025407661,1.010095607619,1.010234496738
      ,1.010437903071,1.010699392379,1.01101066698,1.011965245127
      ,1.012687789781,1.01350755677,1.01439403612,1.015338220304
      ,1.016335573354,1.018535583618,1.019749584555,1.020975273703
      ,1.022181982069,1.02328236315,1.02381454557,1.023814727394)
    ,(0.997924642725,0.997924642725,0.99790969438,0.997880122243
      ,0.997836780636,0.997780987312,0.997714457127,0.997510058573
      ,0.997354987827,0.99717851325,0.996987012495,0.996782435352
      ,0.996565778563,0.996087069627,0.995822429816,0.995555111192
      ,0.995291642722,0.995052923934,0.994937400621,0.994937361155)
    ,(0.993958444137,0.993958444137,0.99391575326,0.993831295023
      ,0.993707547194,0.993548322055,0.993358546656,0.99277567785
      ,0.992333637033,0.991830704625,0.991284652604,0.990700362442
      ,0.990079435333,0.988700136266,0.987933470156,0.987151988898
      ,0.986376179009,0.985652666041,0.98530357913,0.985303459801)
    ,(0.997924642725,0.997924642725,0.99790969438,0.997880122243
      ,0.997836780636,0.997780987312,0.997714457127,0.997510058573
      ,0.997354987827,0.99717851325,0.996987012495,0.996782435352
      ,0.996565778563,0.996087069627,0.995822429816,0.995555111192
      ,0.995291642722,0.995052923934,0.994937400621,0.994937361155)
    ,(1.010025407661,1.010025407661,1.010095607619,1.010234496738
      ,1.010437903071,1.010699392379,1.01101066698,1.011965245127
      ,1.012687789781,1.01350755677,1.01439403612,1.015338220304
      ,1.016335573354,1.018535583618,1.019749584555,1.020975273703
      ,1.022181982069,1.02328236315,1.02381454557,1.023814727394)
    ,(1.031393471788,1.031393471788,1.031623405983,1.0320782357
      ,1.032745400105,1.033605615505,1.034633674649,1.037800872141
      ,1.040212073572,1.04296991439,1.045984069817,1.049230523473
      ,1.052705528109,1.060479091224,1.064831343869,1.069301800921
      ,1.073771676664,1.077985301683,1.080015925975,1.080016620298
))) REPRESENTATION_ITEM('') SURFACE() );
#2556 = CARTESIAN_POINT('',(5.108815909778,0.,15.8));
#2557 = CARTESIAN_POINT('',(5.108815909778,0.221962454753,15.8));
#2558 = CARTESIAN_POINT('',(5.097575412207,0.442283311155,
    15.813177939127));
#2559 = CARTESIAN_POINT('',(5.075360774586,0.659116976232,
    15.839210369755));
#2560 = CARTESIAN_POINT('',(5.042907116857,0.870568366509,
    15.877360380529));
#2561 = CARTESIAN_POINT('',(5.001348587468,1.07482762305,15.926510016621
    ));
#2562 = CARTESIAN_POINT('',(4.952147069,1.270302074626,15.985194486917)
  );
#2563 = CARTESIAN_POINT('',(4.802640301993,1.77323204441,16.165390938478
    ));
#2564 = CARTESIAN_POINT('',(4.69064747778,2.062222815562,16.302196624051
    ));
#2565 = CARTESIAN_POINT('',(4.565504318087,2.327869996001,
    16.458103589183));
#2566 = CARTESIAN_POINT('',(4.432328240593,2.567679328033,
    16.628786995202));
#2567 = CARTESIAN_POINT('',(4.293459499194,2.787440025196,
    16.813207008576));
#2568 = CARTESIAN_POINT('',(4.150238367187,2.988275935413,17.012566779)
  );
#2569 = CARTESIAN_POINT('',(3.84332613182,3.375979078622,17.471970048149
    ));
#2570 = CARTESIAN_POINT('',(3.679295032833,3.558015061681,
    17.735994780933));
#2571 = CARTESIAN_POINT('',(3.517960135925,3.717271203264,
    18.026493983386));
#2572 = CARTESIAN_POINT('',(3.365532789654,3.853480856452,
    18.341534256301));
#2573 = CARTESIAN_POINT('',(3.226731000883,3.961581617938,
    18.708771007047));
#2574 = CARTESIAN_POINT('',(3.159980306832,4.014290031992,
    19.105104777285));
#2575 = CARTESIAN_POINT('',(3.159962477878,4.014304066511,19.5));
#2576 = CARTESIAN_POINT('',(5.108815909778,0.,15.906934713261));
#2577 = CARTESIAN_POINT('',(5.108815909778,0.215547399055,
    15.906934713261));
#2578 = CARTESIAN_POINT('',(5.098226066691,0.429562731728,
    15.920063521831));
#2579 = CARTESIAN_POINT('',(5.077278858351,0.640236089045,
    15.946023532135));
#2580 = CARTESIAN_POINT('',(5.046682919516,0.845678613701,15.98405842185
    ));
#2581 = CARTESIAN_POINT('',(5.00753771143,1.044086131554,16.033011664688
    ));
#2582 = CARTESIAN_POINT('',(4.96124774268,1.233901689495,16.091385586793
    ));
#2583 = CARTESIAN_POINT('',(4.820545881811,1.722926488938,
    16.270660805638));
#2584 = CARTESIAN_POINT('',(4.715174040651,2.00407919739,16.4067000157)
  );
#2585 = CARTESIAN_POINT('',(4.597504754779,2.262783817347,
    16.561628498818));
#2586 = CARTESIAN_POINT('',(4.472782010369,2.495817818926,
    16.730482793279));
#2587 = CARTESIAN_POINT('',(4.343038308845,2.709565086983,
    16.912417576445));
#2588 = CARTESIAN_POINT('',(4.209844378303,2.904676909179,
    17.108020520278));
#2589 = CARTESIAN_POINT('',(3.924875762374,3.282331097438,
    17.557063666622));
#2590 = CARTESIAN_POINT('',(3.772865088933,3.46001829247,17.814398464254
    ));
#2591 = CARTESIAN_POINT('',(3.624017009317,3.615582621275,
    18.095614228388));
#2592 = CARTESIAN_POINT('',(3.484388306258,3.748509853774,
    18.398731160299));
#2593 = CARTESIAN_POINT('',(3.357869024558,3.85469441157,18.747862828697
    ));
#2594 = CARTESIAN_POINT('',(3.296720167582,3.906650757362,
    19.124135892376));
#2595 = CARTESIAN_POINT('',(3.296705237332,3.906663493605,
    19.499894967569));
#2596 = CARTESIAN_POINT('',(5.074814169524,0.,16.011083429033));
#2597 = CARTESIAN_POINT('',(5.074814169524,0.207981877119,
    16.011083429033));
#2598 = CARTESIAN_POINT('',(5.064665842333,0.41451560502,16.024164474472
    ));
#2599 = CARTESIAN_POINT('',(5.044577123753,0.617822108366,16.05004966021
    ));
#2600 = CARTESIAN_POINT('',(5.015244038685,0.816011235009,
    16.087966415716));
#2601 = CARTESIAN_POINT('',(4.977749785021,1.007278831825,
    16.136728192494));
#2602 = CARTESIAN_POINT('',(4.933463909392,1.190104034244,
    16.194816035586));
#2603 = CARTESIAN_POINT('',(4.79887966172,1.661187985412,16.37321323948)
  );
#2604 = CARTESIAN_POINT('',(4.698211803447,1.931595501345,
    16.508453591037));
#2605 = CARTESIAN_POINT('',(4.585877212624,2.180285218472,
    16.662429615588));
#2606 = CARTESIAN_POINT('',(4.467348029105,2.403222670083,
    16.829563665498));
#2607 = CARTESIAN_POINT('',(4.344348941613,2.607457543547,
    17.009270021038));
#2608 = CARTESIAN_POINT('',(4.218702249276,2.793081164607,
    17.201580844978));
#2609 = CARTESIAN_POINT('',(3.950816808034,3.151572821903,
    17.641127377934));
#2610 = CARTESIAN_POINT('',(3.808519806841,3.319528526096,
    17.891999032405));
#2611 = CARTESIAN_POINT('',(3.669956060955,3.465827456027,
    18.164386233271));
#2612 = CARTESIAN_POINT('',(3.541162198511,3.589765288194,
    18.455819010344));
#2613 = CARTESIAN_POINT('',(3.425220801601,3.688519365912,
    18.787616475467));
#2614 = CARTESIAN_POINT('',(3.369046896127,3.736925577106,
    19.143815971962));
#2615 = CARTESIAN_POINT('',(3.369034782745,3.736935913529,
    19.499917262675));
#2616 = CARTESIAN_POINT('',(5.009583715059,0.,16.100767805281));
#2617 = CARTESIAN_POINT('',(5.009583715059,0.200073934656,
    16.100767805281));
#2618 = CARTESIAN_POINT('',(4.999632207331,0.398760417156,
    16.113723972109));
#2619 = CARTESIAN_POINT('',(4.97992229253,0.59431891032,16.139376385747)
  );
#2620 = CARTESIAN_POINT('',(4.951147500885,0.784864705754,
    16.176945693061));
#2621 = CARTESIAN_POINT('',(4.914387937207,0.968599354547,16.22523322157
    ));
#2622 = CARTESIAN_POINT('',(4.870996674596,1.14404175715,16.282720776029
    ));
#2623 = CARTESIAN_POINT('',(4.739130605281,1.59587310843,16.459273187455
    ));
#2624 = CARTESIAN_POINT('',(4.640602412961,1.854551049586,
    16.592970819984));
#2625 = CARTESIAN_POINT('',(4.530622209796,2.09222327708,16.745236482636
    ));
#2626 = CARTESIAN_POINT('',(4.414928719826,2.30404897278,16.910017131527
    ));
#2627 = CARTESIAN_POINT('',(4.294948279654,2.497731632076,
    17.087048620826));
#2628 = CARTESIAN_POINT('',(4.172705429406,2.672793212518,
    17.275968763335));
#2629 = CARTESIAN_POINT('',(3.912603009547,3.009327297011,
    17.706493872386));
#2630 = CARTESIAN_POINT('',(3.774777011151,3.165870480075,
    17.951512037876));
#2631 = CARTESIAN_POINT('',(3.640936925108,3.301165620058,
    18.216573322839));
#2632 = CARTESIAN_POINT('',(3.517191422411,3.414398640995,
    18.498700729998));
#2633 = CARTESIAN_POINT('',(3.40626902097,3.503766078237,18.817601659322
    ));
#2634 = CARTESIAN_POINT('',(3.352488482698,3.547614915852,
    19.158758518582));
#2635 = CARTESIAN_POINT('',(3.352478125126,3.547622687812,
    19.499934983349));
#2636 = CARTESIAN_POINT('',(4.919899338811,0.,16.165998259747));
#2637 = CARTESIAN_POINT('',(4.919899338811,0.192685380215,
    16.165998259747));
#2638 = CARTESIAN_POINT('',(4.909923130172,0.384018284955,
    16.178694192603));
#2639 = CARTESIAN_POINT('',(4.890159015047,0.572322861845,
    16.203839311462));
#2640 = CARTESIAN_POINT('',(4.861303557982,0.755747205641,
    16.240662913143));
#2641 = CARTESIAN_POINT('',(4.824439820879,0.932521100255,
    16.287981540309));
#2642 = CARTESIAN_POINT('',(4.780915684369,1.101213978031,
    16.344310076239));
#2643 = CARTESIAN_POINT('',(4.64858409441,1.535436891829,16.517322701093
    ));
#2644 = CARTESIAN_POINT('',(4.549746163466,1.783487265752,
    16.648222022541));
#2645 = CARTESIAN_POINT('',(4.439231418048,2.011424418111,
    16.797459400825));
#2646 = CARTESIAN_POINT('',(4.323008072725,2.213720879979,
    16.958755508589));
#2647 = CARTESIAN_POINT('',(4.202230958268,2.398636899257,17.13221674089
    ));
#2648 = CARTESIAN_POINT('',(4.079017180841,2.565223568071,
    17.317342915303));
#2649 = CARTESIAN_POINT('',(3.816532421879,2.884417954289,
    17.739239231388));
#2650 = CARTESIAN_POINT('',(3.677253990823,3.032206384114,
    17.979297632642));
#2651 = CARTESIAN_POINT('',(3.5416629742,3.159400976632,18.23938385152)
  );
#2652 = CARTESIAN_POINT('',(3.416035300974,3.265088980009,
    18.515990402754));
#2653 = CARTESIAN_POINT('',(3.303079824904,3.347987039698,
    18.829504629803));
#2654 = CARTESIAN_POINT('',(3.248401696759,3.38862096005,19.164807837946
    ));
#2655 = CARTESIAN_POINT('',(3.248391532076,3.388627084929,19.49994323728
    ));
#2656 = CARTESIAN_POINT('',(4.815750623039,0.,16.2));
#2657 = CARTESIAN_POINT('',(4.815750623039,0.186609741953,16.2));
#2658 = CARTESIAN_POINT('',(4.805603753479,0.371873338138,16.2122829858)
  );
#2659 = CARTESIAN_POINT('',(4.785502927474,0.554221536796,
    16.236610824179));
#2660 = CARTESIAN_POINT('',(4.756149036661,0.731880109205,
    16.272241660279));
#2661 = CARTESIAN_POINT('',(4.718627758925,0.903143345707,
    16.318041882639));
#2662 = CARTESIAN_POINT('',(4.674285969607,1.066646461387,16.37259855396
    ));
#2663 = CARTESIAN_POINT('',(4.539377245993,1.487548677819,
    16.540246143273));
#2664 = CARTESIAN_POINT('',(4.438600152163,1.727915409365,
    16.667043990886));
#2665 = CARTESIAN_POINT('',(4.325630937273,1.949387963883,
    16.811919153305));
#2666 = CARTESIAN_POINT('',(4.206576700029,2.145955973132,
    16.968686877316));
#2667 = CARTESIAN_POINT('',(4.08238346196,2.326251033379,17.137842039819
    ));
#2668 = CARTESIAN_POINT('',(3.95515466291,2.489018104468,17.319035536771
    ));
#2669 = CARTESIAN_POINT('',(3.683252787698,2.801359782372,
    17.733526241999));
#2670 = CARTESIAN_POINT('',(3.538433578983,2.946407765554,
    17.970139773992));
#2671 = CARTESIAN_POINT('',(3.396622064988,3.071897200314,
    18.228333485461));
#2672 = CARTESIAN_POINT('',(3.264272159772,3.176762673439,
    18.504194206543));
#2673 = CARTESIAN_POINT('',(3.144420469513,3.259551163563,
    18.820859025681));
#2674 = CARTESIAN_POINT('',(3.086587330573,3.299993901464,
    19.160698277541));
#2675 = CARTESIAN_POINT('',(3.086576035935,3.299999999483,
    19.499940208581));
#2676 = CARTESIAN_POINT('',(4.708815909778,-1.857499175846E-15,16.2));
#2677 = CARTESIAN_POINT('',(4.708815909778,0.182465921508,16.2));
#2678 = CARTESIAN_POINT('',(4.69845699631,0.36355611339,16.211746726272)
  );
#2679 = CARTESIAN_POINT('',(4.677945436462,0.541860447947,
    16.235004015709));
#2680 = CARTESIAN_POINT('',(4.647983737581,0.715739072173,
    16.269081870772));
#2681 = CARTESIAN_POINT('',(4.609653411225,0.883595439615,
    16.312935717547));
#2682 = CARTESIAN_POINT('',(4.564296439425,1.04414662242,16.365267070107
    ));
#2683 = CARTESIAN_POINT('',(4.426253194929,1.457851223615,
    16.526247755753));
#2684 = CARTESIAN_POINT('',(4.323138691278,1.694671028823,16.64807471477
    ));
#2685 = CARTESIAN_POINT('',(4.207275846597,1.914163992819,
    16.787784594344));
#2686 = CARTESIAN_POINT('',(4.084778077119,2.110086234879,
    16.939635608906));
#2687 = CARTESIAN_POINT('',(3.956480589789,2.291168204163,
    17.104485546324));
#2688 = CARTESIAN_POINT('',(3.824388950333,2.456036240891,
    17.282416528191));
#2689 = CARTESIAN_POINT('',(3.541433524968,2.77443929077,17.692285482504
    ));
#2690 = CARTESIAN_POINT('',(3.39032217909,2.923877402901,17.927604115376
    ));
#2691 = CARTESIAN_POINT('',(3.2414924022,3.05505319828,18.187391326952)
  );
#2692 = CARTESIAN_POINT('',(3.101577172751,3.166617825629,
    18.467186836777));
#2693 = CARTESIAN_POINT('',(2.97385583967,3.256418192907,18.794819843957
    ));
#2694 = CARTESIAN_POINT('',(2.912562981176,3.299992261971,19.14815446269
    ));
#2695 = CARTESIAN_POINT('',(2.912549960518,3.3,19.5));
#2696 = ADVANCED_FACE('',(#2697),#2722,.F.);
#2697 = FACE_BOUND('',#2698,.T.);
#2698 = EDGE_LOOP('',(#2699,#2700,#2708,#2716));
#2699 = ORIENTED_EDGE('',*,*,#366,.F.);
#2700 = ORIENTED_EDGE('',*,*,#2701,.T.);
#2701 = EDGE_CURVE('',#367,#2702,#2704,.T.);
#2702 = VERTEX_POINT('',#2703);
#2703 = CARTESIAN_POINT('',(-2.,1.5,12.4));
#2704 = LINE('',#2705,#2706);
#2705 = CARTESIAN_POINT('',(-2.,6.,12.4));
#2706 = VECTOR('',#2707,1.);
#2707 = DIRECTION('',(-0.,-1.,-6.661338147751E-16));
#2708 = ORIENTED_EDGE('',*,*,#2709,.T.);
#2709 = EDGE_CURVE('',#2702,#2710,#2712,.T.);
#2710 = VERTEX_POINT('',#2711);
#2711 = CARTESIAN_POINT('',(2.,1.5,12.4));
#2712 = LINE('',#2713,#2714);
#2713 = CARTESIAN_POINT('',(-2.,1.5,12.4));
#2714 = VECTOR('',#2715,1.);
#2715 = DIRECTION('',(1.,0.,0.));
#2716 = ORIENTED_EDGE('',*,*,#2717,.F.);
#2717 = EDGE_CURVE('',#369,#2710,#2718,.T.);
#2718 = LINE('',#2719,#2720);
#2719 = CARTESIAN_POINT('',(2.,6.,12.4));
#2720 = VECTOR('',#2721,1.);
#2721 = DIRECTION('',(-0.,-1.,-6.661338147751E-16));
#2722 = PLANE('',#2723);
#2723 = AXIS2_PLACEMENT_3D('',#2724,#2725,#2726);
#2724 = CARTESIAN_POINT('',(-2.,6.,12.4));
#2725 = DIRECTION('',(0.,6.661338147751E-16,-1.));
#2726 = DIRECTION('',(-1.,-0.,-0.));
#2727 = ADVANCED_FACE('',(#2728),#2746,.F.);
#2728 = FACE_BOUND('',#2729,.T.);
#2729 = EDGE_LOOP('',(#2730,#2731,#2732,#2740));
#2730 = ORIENTED_EDGE('',*,*,#394,.T.);
#2731 = ORIENTED_EDGE('',*,*,#2717,.T.);
#2732 = ORIENTED_EDGE('',*,*,#2733,.T.);
#2733 = EDGE_CURVE('',#2710,#2734,#2736,.T.);
#2734 = VERTEX_POINT('',#2735);
#2735 = CARTESIAN_POINT('',(2.,1.5,16.4));
#2736 = LINE('',#2737,#2738);
#2737 = CARTESIAN_POINT('',(2.,1.5,12.4));
#2738 = VECTOR('',#2739,1.);
#2739 = DIRECTION('',(0.,-6.661338147751E-16,1.));
#2740 = ORIENTED_EDGE('',*,*,#2741,.F.);
#2741 = EDGE_CURVE('',#386,#2734,#2742,.T.);
#2742 = LINE('',#2743,#2744);
#2743 = CARTESIAN_POINT('',(2.,6.,16.4));
#2744 = VECTOR('',#2745,1.);
#2745 = DIRECTION('',(-0.,-1.,-6.661338147751E-16));
#2746 = PLANE('',#2747);
#2747 = AXIS2_PLACEMENT_3D('',#2748,#2749,#2750);
#2748 = CARTESIAN_POINT('',(2.,6.,12.4));
#2749 = DIRECTION('',(1.,0.,0.));
#2750 = DIRECTION('',(0.,6.661338147751E-16,-1.));
#2751 = ADVANCED_FACE('',(#2752),#2770,.F.);
#2752 = FACE_BOUND('',#2753,.T.);
#2753 = EDGE_LOOP('',(#2754,#2755,#2756,#2764));
#2754 = ORIENTED_EDGE('',*,*,#385,.T.);
#2755 = ORIENTED_EDGE('',*,*,#2741,.T.);
#2756 = ORIENTED_EDGE('',*,*,#2757,.T.);
#2757 = EDGE_CURVE('',#2734,#2758,#2760,.T.);
#2758 = VERTEX_POINT('',#2759);
#2759 = CARTESIAN_POINT('',(-2.,1.5,16.4));
#2760 = LINE('',#2761,#2762);
#2761 = CARTESIAN_POINT('',(2.,1.5,16.4));
#2762 = VECTOR('',#2763,1.);
#2763 = DIRECTION('',(-1.,0.,0.));
#2764 = ORIENTED_EDGE('',*,*,#2765,.F.);
#2765 = EDGE_CURVE('',#378,#2758,#2766,.T.);
#2766 = LINE('',#2767,#2768);
#2767 = CARTESIAN_POINT('',(-2.,6.,16.4));
#2768 = VECTOR('',#2769,1.);
#2769 = DIRECTION('',(-0.,-1.,-6.661338147751E-16));
#2770 = PLANE('',#2771);
#2771 = AXIS2_PLACEMENT_3D('',#2772,#2773,#2774);
#2772 = CARTESIAN_POINT('',(2.,6.,16.4));
#2773 = DIRECTION('',(0.,-6.661338147751E-16,1.));
#2774 = DIRECTION('',(1.,0.,0.));
#2775 = ADVANCED_FACE('',(#2776),#2787,.F.);
#2776 = FACE_BOUND('',#2777,.T.);
#2777 = EDGE_LOOP('',(#2778,#2779,#2780,#2786));
#2778 = ORIENTED_EDGE('',*,*,#377,.F.);
#2779 = ORIENTED_EDGE('',*,*,#2765,.T.);
#2780 = ORIENTED_EDGE('',*,*,#2781,.T.);
#2781 = EDGE_CURVE('',#2758,#2702,#2782,.T.);
#2782 = LINE('',#2783,#2784);
#2783 = CARTESIAN_POINT('',(-2.,1.5,16.4));
#2784 = VECTOR('',#2785,1.);
#2785 = DIRECTION('',(-0.,6.661338147751E-16,-1.));
#2786 = ORIENTED_EDGE('',*,*,#2701,.F.);
#2787 = PLANE('',#2788);
#2788 = AXIS2_PLACEMENT_3D('',#2789,#2790,#2791);
#2789 = CARTESIAN_POINT('',(-2.,6.,16.4));
#2790 = DIRECTION('',(-1.,-0.,-0.));
#2791 = DIRECTION('',(0.,-6.661338147751E-16,1.));
#2792 = ADVANCED_FACE('',(#2793),#2843,.T.);
#2793 = FACE_BOUND('',#2794,.T.);
#2794 = EDGE_LOOP('',(#2795,#2807,#2832,#2842));
#2795 = ORIENTED_EDGE('',*,*,#2796,.T.);
#2796 = EDGE_CURVE('',#403,#2797,#2799,.T.);
#2797 = VERTEX_POINT('',#2798);
#2798 = CARTESIAN_POINT('',(-4.708815909778,-8.119320074951E-16,16.2));
#2799 = ( BOUNDED_CURVE() B_SPLINE_CURVE(6,(#2800,#2801,#2802,#2803,
#2804,#2805,#2806),.UNSPECIFIED.,.F.,.F.) B_SPLINE_CURVE_WITH_KNOTS((7,7
),(0.,5.353500548395),.PIECEWISE_BEZIER_KNOTS.) CURVE() 
GEOMETRIC_REPRESENTATION_ITEM() RATIONAL_B_SPLINE_CURVE((1.031393471788,
    1.010025407661,0.997924642725,0.993958444137,0.997924642725,
1.010025407661,1.031393471788)) REPRESENTATION_ITEM('') );
#2800 = CARTESIAN_POINT('',(-5.108815909778,1.134385010321E-15,15.8));
#2801 = CARTESIAN_POINT('',(-5.108815909778,1.134385010321E-15,
    15.906934713261));
#2802 = CARTESIAN_POINT('',(-5.074814169524,1.12683510734E-15,
    16.011083429033));
#2803 = CARTESIAN_POINT('',(-5.009583715059,1.112351036849E-15,
    16.100767805281));
#2804 = CARTESIAN_POINT('',(-4.919899338811,1.092437104957E-15,
    16.165998259747));
#2805 = CARTESIAN_POINT('',(-4.815750623039,1.06931144451E-15,16.2));
#2806 = CARTESIAN_POINT('',(-4.708815909778,-8.119320074951E-16,16.2));
#2807 = ORIENTED_EDGE('',*,*,#2808,.T.);
#2808 = EDGE_CURVE('',#2797,#2809,#2811,.T.);
#2809 = VERTEX_POINT('',#2810);
#2810 = CARTESIAN_POINT('',(-2.912549960518,3.3,19.5));
#2811 = ( BOUNDED_CURVE() B_SPLINE_CURVE(7,(#2812,#2813,#2814,#2815,
    #2816,#2817,#2818,#2819,#2820,#2821,#2822,#2823,#2824,#2825,#2826,
    #2827,#2828,#2829,#2830,#2831),.UNSPECIFIED.,.F.,.F.) 
B_SPLINE_CURVE_WITH_KNOTS((8,6,6,8),(7.700635303651E-16,1.148992571595,
3.122148029198,5.353500548395),.UNSPECIFIED.) CURVE() 
GEOMETRIC_REPRESENTATION_ITEM() RATIONAL_B_SPLINE_CURVE((1.031393471788,
    1.031393471788,1.031623405983,1.0320782357,1.032745400105,
    1.033605615505,1.034633674649,1.037800872141,1.040212073572,
    1.04296991439,1.045984069817,1.049230523473,1.052705528109,
    1.060479091224,1.064831343869,1.069301800921,1.073771676664,
1.077985301683,1.080015925975,1.080016620298)) REPRESENTATION_ITEM('') 
  );
#2812 = CARTESIAN_POINT('',(-4.708815909778,-8.119320074951E-16,16.2));
#2813 = CARTESIAN_POINT('',(-4.708815909778,0.182465921508,16.2));
#2814 = CARTESIAN_POINT('',(-4.69845699631,0.36355611339,16.211746726272
    ));
#2815 = CARTESIAN_POINT('',(-4.677945436462,0.541860447947,
    16.235004015709));
#2816 = CARTESIAN_POINT('',(-4.647983737581,0.715739072173,
    16.269081870772));
#2817 = CARTESIAN_POINT('',(-4.609653411225,0.883595439615,
    16.312935717547));
#2818 = CARTESIAN_POINT('',(-4.564296439425,1.04414662242,
    16.365267070107));
#2819 = CARTESIAN_POINT('',(-4.426253194929,1.457851223615,
    16.526247755753));
#2820 = CARTESIAN_POINT('',(-4.323138691278,1.694671028823,
    16.64807471477));
#2821 = CARTESIAN_POINT('',(-4.207275846597,1.914163992819,
    16.787784594344));
#2822 = CARTESIAN_POINT('',(-4.084778077119,2.110086234879,
    16.939635608906));
#2823 = CARTESIAN_POINT('',(-3.956480589789,2.291168204163,
    17.104485546324));
#2824 = CARTESIAN_POINT('',(-3.824388950333,2.456036240891,
    17.282416528191));
#2825 = CARTESIAN_POINT('',(-3.541433524968,2.77443929077,
    17.692285482504));
#2826 = CARTESIAN_POINT('',(-3.39032217909,2.923877402901,
    17.927604115376));
#2827 = CARTESIAN_POINT('',(-3.2414924022,3.05505319828,18.187391326952)
  );
#2828 = CARTESIAN_POINT('',(-3.101577172751,3.166617825629,
    18.467186836777));
#2829 = CARTESIAN_POINT('',(-2.97385583967,3.256418192907,
    18.794819843957));
#2830 = CARTESIAN_POINT('',(-2.912562981176,3.299992261971,
    19.14815446269));
#2831 = CARTESIAN_POINT('',(-2.912549960518,3.3,19.5));
#2832 = ORIENTED_EDGE('',*,*,#2833,.F.);
#2833 = EDGE_CURVE('',#405,#2809,#2834,.T.);
#2834 = ( BOUNDED_CURVE() B_SPLINE_CURVE(6,(#2835,#2836,#2837,#2838,
#2839,#2840,#2841),.UNSPECIFIED.,.F.,.F.) B_SPLINE_CURVE_WITH_KNOTS((7,7
),(0.,5.353500548395),.PIECEWISE_BEZIER_KNOTS.) CURVE() 
GEOMETRIC_REPRESENTATION_ITEM() RATIONAL_B_SPLINE_CURVE((1.080016620298,
    1.023814727394,0.994937361155,0.985303459801,0.994937361155,
1.023814727394,1.080016620298)) REPRESENTATION_ITEM('') );
#2835 = CARTESIAN_POINT('',(-3.159962477878,4.014304066511,19.5));
#2836 = CARTESIAN_POINT('',(-3.296705237332,3.906663493605,
    19.499894967569));
#2837 = CARTESIAN_POINT('',(-3.369034782745,3.736935913529,
    19.499917262675));
#2838 = CARTESIAN_POINT('',(-3.352478125126,3.547622687812,
    19.499934983349));
#2839 = CARTESIAN_POINT('',(-3.248391532076,3.388627084929,
    19.49994323728));
#2840 = CARTESIAN_POINT('',(-3.086576035935,3.299999999483,
    19.499940208581));
#2841 = CARTESIAN_POINT('',(-2.912549960518,3.3,19.5));
#2842 = ORIENTED_EDGE('',*,*,#402,.F.);
#2843 = ( BOUNDED_SURFACE() B_SPLINE_SURFACE(6,7,(
    (#2844,#2845,#2846,#2847,#2848,#2849,#2850,#2851,#2852,#2853,#2854
      ,#2855,#2856,#2857,#2858,#2859,#2860,#2861,#2862,#2863)
    ,(#2864,#2865,#2866,#2867,#2868,#2869,#2870,#2871,#2872,#2873,#2874
      ,#2875,#2876,#2877,#2878,#2879,#2880,#2881,#2882,#2883)
    ,(#2884,#2885,#2886,#2887,#2888,#2889,#2890,#2891,#2892,#2893,#2894
      ,#2895,#2896,#2897,#2898,#2899,#2900,#2901,#2902,#2903)
    ,(#2904,#2905,#2906,#2907,#2908,#2909,#2910,#2911,#2912,#2913,#2914
      ,#2915,#2916,#2917,#2918,#2919,#2920,#2921,#2922,#2923)
    ,(#2924,#2925,#2926,#2927,#2928,#2929,#2930,#2931,#2932,#2933,#2934
      ,#2935,#2936,#2937,#2938,#2939,#2940,#2941,#2942,#2943)
    ,(#2944,#2945,#2946,#2947,#2948,#2949,#2950,#2951,#2952,#2953,#2954
      ,#2955,#2956,#2957,#2958,#2959,#2960,#2961,#2962,#2963)
    ,(#2964,#2965,#2966,#2967,#2968,#2969,#2970,#2971,#2972,#2973,#2974
      ,#2975,#2976,#2977,#2978,#2979,#2980,#2981,#2982,#2983
)),.UNSPECIFIED.,.F.,.F.,.F.) B_SPLINE_SURFACE_WITH_KNOTS((7,7),(8,6,6,8
    ),(0.,5.353500548395),(7.700635303651E-16,1.148992571595,
    3.122148029198,5.353500548395),.UNSPECIFIED.) 
GEOMETRIC_REPRESENTATION_ITEM() RATIONAL_B_SPLINE_SURFACE((
    (1.031393471788,1.031393471788,1.031623405983,1.0320782357
      ,1.032745400105,1.033605615505,1.034633674649,1.037800872141
      ,1.040212073572,1.04296991439,1.045984069817,1.049230523473
      ,1.052705528109,1.060479091224,1.064831343869,1.069301800921
      ,1.073771676664,1.077985301683,1.080015925975,1.080016620298)
    ,(1.010025407661,1.010025407661,1.010095607619,1.010234496738
      ,1.010437903071,1.010699392379,1.01101066698,1.011965245127
      ,1.012687789781,1.01350755677,1.01439403612,1.015338220304
      ,1.016335573354,1.018535583618,1.019749584555,1.020975273703
      ,1.022181982069,1.02328236315,1.02381454557,1.023814727394)
    ,(0.997924642725,0.997924642725,0.99790969438,0.997880122243
      ,0.997836780636,0.997780987312,0.997714457127,0.997510058573
      ,0.997354987827,0.99717851325,0.996987012495,0.996782435352
      ,0.996565778563,0.996087069627,0.995822429816,0.995555111192
      ,0.995291642722,0.995052923934,0.994937400621,0.994937361155)
    ,(0.993958444137,0.993958444137,0.99391575326,0.993831295023
      ,0.993707547194,0.993548322055,0.993358546656,0.99277567785
      ,0.992333637033,0.991830704625,0.991284652604,0.990700362442
      ,0.990079435333,0.988700136266,0.987933470156,0.987151988898
      ,0.986376179009,0.985652666041,0.98530357913,0.985303459801)
    ,(0.997924642725,0.997924642725,0.99790969438,0.997880122243
      ,0.997836780636,0.997780987312,0.997714457127,0.997510058573
      ,0.997354987827,0.99717851325,0.996987012495,0.996782435352
      ,0.996565778563,0.996087069627,0.995822429816,0.995555111192
      ,0.995291642722,0.995052923934,0.994937400621,0.994937361155)
    ,(1.010025407661,1.010025407661,1.010095607619,1.010234496738
      ,1.010437903071,1.010699392379,1.01101066698,1.011965245127
      ,1.012687789781,1.01350755677,1.01439403612,1.015338220304
      ,1.016335573354,1.018535583618,1.019749584555,1.020975273703
      ,1.022181982069,1.02328236315,1.02381454557,1.023814727394)
    ,(1.031393471788,1.031393471788,1.031623405983,1.0320782357
      ,1.032745400105,1.033605615505,1.034633674649,1.037800872141
      ,1.040212073572,1.04296991439,1.045984069817,1.049230523473
      ,1.052705528109,1.060479091224,1.064831343869,1.069301800921
      ,1.073771676664,1.077985301683,1.080015925975,1.080016620298
))) REPRESENTATION_ITEM('') SURFACE() );
#2844 = CARTESIAN_POINT('',(-5.108815909778,1.134385010321E-15,15.8));
#2845 = CARTESIAN_POINT('',(-5.108815909778,0.221962454753,15.8));
#2846 = CARTESIAN_POINT('',(-5.097575412207,0.442283311155,
    15.813177939127));
#2847 = CARTESIAN_POINT('',(-5.075360774586,0.659116976232,
    15.839210369755));
#2848 = CARTESIAN_POINT('',(-5.042907116857,0.870568366509,
    15.877360380529));
#2849 = CARTESIAN_POINT('',(-5.001348587468,1.07482762305,
    15.926510016621));
#2850 = CARTESIAN_POINT('',(-4.952147069,1.270302074626,15.985194486917)
  );
#2851 = CARTESIAN_POINT('',(-4.802640301993,1.77323204441,
    16.165390938478));
#2852 = CARTESIAN_POINT('',(-4.69064747778,2.062222815562,
    16.302196624051));
#2853 = CARTESIAN_POINT('',(-4.565504318087,2.327869996001,
    16.458103589183));
#2854 = CARTESIAN_POINT('',(-4.432328240593,2.567679328033,
    16.628786995202));
#2855 = CARTESIAN_POINT('',(-4.293459499194,2.787440025196,
    16.813207008576));
#2856 = CARTESIAN_POINT('',(-4.150238367187,2.988275935413,17.012566779)
  );
#2857 = CARTESIAN_POINT('',(-3.84332613182,3.375979078622,
    17.471970048149));
#2858 = CARTESIAN_POINT('',(-3.679295032833,3.558015061681,
    17.735994780933));
#2859 = CARTESIAN_POINT('',(-3.517960135925,3.717271203264,
    18.026493983386));
#2860 = CARTESIAN_POINT('',(-3.365532789654,3.853480856452,
    18.341534256301));
#2861 = CARTESIAN_POINT('',(-3.226731000883,3.961581617938,
    18.708771007047));
#2862 = CARTESIAN_POINT('',(-3.159980306832,4.014290031992,
    19.105104777285));
#2863 = CARTESIAN_POINT('',(-3.159962477878,4.014304066511,19.5));
#2864 = CARTESIAN_POINT('',(-5.108815909778,1.134385010321E-15,
    15.906934713261));
#2865 = CARTESIAN_POINT('',(-5.108815909778,0.215547399055,
    15.906934713261));
#2866 = CARTESIAN_POINT('',(-5.098226066691,0.429562731728,
    15.920063521831));
#2867 = CARTESIAN_POINT('',(-5.077278858351,0.640236089045,
    15.946023532135));
#2868 = CARTESIAN_POINT('',(-5.046682919516,0.845678613701,
    15.98405842185));
#2869 = CARTESIAN_POINT('',(-5.00753771143,1.044086131554,
    16.033011664688));
#2870 = CARTESIAN_POINT('',(-4.96124774268,1.233901689495,
    16.091385586793));
#2871 = CARTESIAN_POINT('',(-4.820545881811,1.722926488938,
    16.270660805638));
#2872 = CARTESIAN_POINT('',(-4.715174040651,2.00407919739,16.4067000157)
  );
#2873 = CARTESIAN_POINT('',(-4.597504754779,2.262783817347,
    16.561628498818));
#2874 = CARTESIAN_POINT('',(-4.472782010369,2.495817818926,
    16.730482793279));
#2875 = CARTESIAN_POINT('',(-4.343038308845,2.709565086983,
    16.912417576445));
#2876 = CARTESIAN_POINT('',(-4.209844378303,2.904676909179,
    17.108020520278));
#2877 = CARTESIAN_POINT('',(-3.924875762374,3.282331097438,
    17.557063666622));
#2878 = CARTESIAN_POINT('',(-3.772865088933,3.46001829247,
    17.814398464254));
#2879 = CARTESIAN_POINT('',(-3.624017009317,3.615582621275,
    18.095614228388));
#2880 = CARTESIAN_POINT('',(-3.484388306258,3.748509853774,
    18.398731160299));
#2881 = CARTESIAN_POINT('',(-3.357869024558,3.85469441157,
    18.747862828697));
#2882 = CARTESIAN_POINT('',(-3.296720167582,3.906650757362,
    19.124135892376));
#2883 = CARTESIAN_POINT('',(-3.296705237332,3.906663493605,
    19.499894967569));
#2884 = CARTESIAN_POINT('',(-5.074814169524,1.12683510734E-15,
    16.011083429033));
#2885 = CARTESIAN_POINT('',(-5.074814169524,0.207981877119,
    16.011083429033));
#2886 = CARTESIAN_POINT('',(-5.064665842333,0.41451560502,
    16.024164474472));
#2887 = CARTESIAN_POINT('',(-5.044577123753,0.617822108366,
    16.05004966021));
#2888 = CARTESIAN_POINT('',(-5.015244038685,0.816011235009,
    16.087966415716));
#2889 = CARTESIAN_POINT('',(-4.977749785021,1.007278831825,
    16.136728192494));
#2890 = CARTESIAN_POINT('',(-4.933463909392,1.190104034244,
    16.194816035586));
#2891 = CARTESIAN_POINT('',(-4.79887966172,1.661187985412,16.37321323948
    ));
#2892 = CARTESIAN_POINT('',(-4.698211803447,1.931595501345,
    16.508453591037));
#2893 = CARTESIAN_POINT('',(-4.585877212624,2.180285218472,
    16.662429615588));
#2894 = CARTESIAN_POINT('',(-4.467348029105,2.403222670083,
    16.829563665498));
#2895 = CARTESIAN_POINT('',(-4.344348941613,2.607457543547,
    17.009270021038));
#2896 = CARTESIAN_POINT('',(-4.218702249276,2.793081164607,
    17.201580844978));
#2897 = CARTESIAN_POINT('',(-3.950816808034,3.151572821903,
    17.641127377934));
#2898 = CARTESIAN_POINT('',(-3.808519806841,3.319528526096,
    17.891999032405));
#2899 = CARTESIAN_POINT('',(-3.669956060955,3.465827456027,
    18.164386233271));
#2900 = CARTESIAN_POINT('',(-3.541162198511,3.589765288194,
    18.455819010344));
#2901 = CARTESIAN_POINT('',(-3.425220801601,3.688519365912,
    18.787616475467));
#2902 = CARTESIAN_POINT('',(-3.369046896127,3.736925577106,
    19.143815971962));
#2903 = CARTESIAN_POINT('',(-3.369034782745,3.736935913529,
    19.499917262675));
#2904 = CARTESIAN_POINT('',(-5.009583715059,1.112351036849E-15,
    16.100767805281));
#2905 = CARTESIAN_POINT('',(-5.009583715059,0.200073934656,
    16.100767805281));
#2906 = CARTESIAN_POINT('',(-4.999632207331,0.398760417156,
    16.113723972109));
#2907 = CARTESIAN_POINT('',(-4.97992229253,0.59431891032,16.139376385747
    ));
#2908 = CARTESIAN_POINT('',(-4.951147500885,0.784864705754,
    16.176945693061));
#2909 = CARTESIAN_POINT('',(-4.914387937207,0.968599354547,
    16.22523322157));
#2910 = CARTESIAN_POINT('',(-4.870996674596,1.14404175715,
    16.282720776029));
#2911 = CARTESIAN_POINT('',(-4.739130605281,1.59587310843,
    16.459273187455));
#2912 = CARTESIAN_POINT('',(-4.640602412961,1.854551049586,
    16.592970819984));
#2913 = CARTESIAN_POINT('',(-4.530622209796,2.09222327708,
    16.745236482636));
#2914 = CARTESIAN_POINT('',(-4.414928719826,2.30404897278,
    16.910017131527));
#2915 = CARTESIAN_POINT('',(-4.294948279654,2.497731632076,
    17.087048620826));
#2916 = CARTESIAN_POINT('',(-4.172705429406,2.672793212518,
    17.275968763335));
#2917 = CARTESIAN_POINT('',(-3.912603009547,3.009327297011,
    17.706493872386));
#2918 = CARTESIAN_POINT('',(-3.774777011151,3.165870480075,
    17.951512037876));
#2919 = CARTESIAN_POINT('',(-3.640936925108,3.301165620058,
    18.216573322839));
#2920 = CARTESIAN_POINT('',(-3.517191422411,3.414398640995,
    18.498700729998));
#2921 = CARTESIAN_POINT('',(-3.40626902097,3.503766078237,
    18.817601659322));
#2922 = CARTESIAN_POINT('',(-3.352488482698,3.547614915852,
    19.158758518582));
#2923 = CARTESIAN_POINT('',(-3.352478125126,3.547622687812,
    19.499934983349));
#2924 = CARTESIAN_POINT('',(-4.919899338811,1.092437104957E-15,
    16.165998259747));
#2925 = CARTESIAN_POINT('',(-4.919899338811,0.192685380215,
    16.165998259747));
#2926 = CARTESIAN_POINT('',(-4.909923130172,0.384018284955,
    16.178694192603));
#2927 = CARTESIAN_POINT('',(-4.890159015047,0.572322861845,
    16.203839311462));
#2928 = CARTESIAN_POINT('',(-4.861303557982,0.755747205641,
    16.240662913143));
#2929 = CARTESIAN_POINT('',(-4.824439820879,0.932521100255,
    16.287981540309));
#2930 = CARTESIAN_POINT('',(-4.780915684369,1.101213978031,
    16.344310076239));
#2931 = CARTESIAN_POINT('',(-4.64858409441,1.535436891829,
    16.517322701093));
#2932 = CARTESIAN_POINT('',(-4.549746163466,1.783487265752,
    16.648222022541));
#2933 = CARTESIAN_POINT('',(-4.439231418048,2.011424418111,
    16.797459400825));
#2934 = CARTESIAN_POINT('',(-4.323008072725,2.213720879979,
    16.958755508589));
#2935 = CARTESIAN_POINT('',(-4.202230958268,2.398636899257,
    17.13221674089));
#2936 = CARTESIAN_POINT('',(-4.079017180841,2.565223568071,
    17.317342915303));
#2937 = CARTESIAN_POINT('',(-3.816532421879,2.884417954289,
    17.739239231388));
#2938 = CARTESIAN_POINT('',(-3.677253990823,3.032206384114,
    17.979297632642));
#2939 = CARTESIAN_POINT('',(-3.5416629742,3.159400976632,18.23938385152)
  );
#2940 = CARTESIAN_POINT('',(-3.416035300974,3.265088980009,
    18.515990402754));
#2941 = CARTESIAN_POINT('',(-3.303079824904,3.347987039698,
    18.829504629803));
#2942 = CARTESIAN_POINT('',(-3.248401696759,3.38862096005,
    19.164807837946));
#2943 = CARTESIAN_POINT('',(-3.248391532076,3.388627084929,
    19.49994323728));
#2944 = CARTESIAN_POINT('',(-4.815750623039,1.06931144451E-15,16.2));
#2945 = CARTESIAN_POINT('',(-4.815750623039,0.186609741953,16.2));
#2946 = CARTESIAN_POINT('',(-4.805603753479,0.371873338138,16.2122829858
    ));
#2947 = CARTESIAN_POINT('',(-4.785502927474,0.554221536796,
    16.236610824179));
#2948 = CARTESIAN_POINT('',(-4.756149036661,0.731880109205,
    16.272241660279));
#2949 = CARTESIAN_POINT('',(-4.718627758925,0.903143345707,
    16.318041882639));
#2950 = CARTESIAN_POINT('',(-4.674285969607,1.066646461387,
    16.37259855396));
#2951 = CARTESIAN_POINT('',(-4.539377245993,1.487548677819,
    16.540246143273));
#2952 = CARTESIAN_POINT('',(-4.438600152163,1.727915409365,
    16.667043990886));
#2953 = CARTESIAN_POINT('',(-4.325630937273,1.949387963883,
    16.811919153305));
#2954 = CARTESIAN_POINT('',(-4.206576700029,2.145955973132,
    16.968686877316));
#2955 = CARTESIAN_POINT('',(-4.08238346196,2.326251033379,
    17.137842039819));
#2956 = CARTESIAN_POINT('',(-3.95515466291,2.489018104468,
    17.319035536771));
#2957 = CARTESIAN_POINT('',(-3.683252787698,2.801359782372,
    17.733526241999));
#2958 = CARTESIAN_POINT('',(-3.538433578983,2.946407765554,
    17.970139773992));
#2959 = CARTESIAN_POINT('',(-3.396622064988,3.071897200314,
    18.228333485461));
#2960 = CARTESIAN_POINT('',(-3.264272159772,3.176762673439,
    18.504194206543));
#2961 = CARTESIAN_POINT('',(-3.144420469513,3.259551163563,
    18.820859025681));
#2962 = CARTESIAN_POINT('',(-3.086587330573,3.299993901464,
    19.160698277541));
#2963 = CARTESIAN_POINT('',(-3.086576035935,3.299999999483,
    19.499940208581));
#2964 = CARTESIAN_POINT('',(-4.708815909778,-8.119320074951E-16,16.2));
#2965 = CARTESIAN_POINT('',(-4.708815909778,0.182465921508,16.2));
#2966 = CARTESIAN_POINT('',(-4.69845699631,0.36355611339,16.211746726272
    ));
#2967 = CARTESIAN_POINT('',(-4.677945436462,0.541860447947,
    16.235004015709));
#2968 = CARTESIAN_POINT('',(-4.647983737581,0.715739072173,
    16.269081870772));
#2969 = CARTESIAN_POINT('',(-4.609653411225,0.883595439615,
    16.312935717547));
#2970 = CARTESIAN_POINT('',(-4.564296439425,1.04414662242,
    16.365267070107));
#2971 = CARTESIAN_POINT('',(-4.426253194929,1.457851223615,
    16.526247755753));
#2972 = CARTESIAN_POINT('',(-4.323138691278,1.694671028823,
    16.64807471477));
#2973 = CARTESIAN_POINT('',(-4.207275846597,1.914163992819,
    16.787784594344));
#2974 = CARTESIAN_POINT('',(-4.084778077119,2.110086234879,
    16.939635608906));
#2975 = CARTESIAN_POINT('',(-3.956480589789,2.291168204163,
    17.104485546324));
#2976 = CARTESIAN_POINT('',(-3.824388950333,2.456036240891,
    17.282416528191));
#2977 = CARTESIAN_POINT('',(-3.541433524968,2.77443929077,
    17.692285482504));
#2978 = CARTESIAN_POINT('',(-3.39032217909,2.923877402901,
    17.927604115376));
#2979 = CARTESIAN_POINT('',(-3.2414924022,3.05505319828,18.187391326952)
  );
#2980 = CARTESIAN_POINT('',(-3.101577172751,3.166617825629,
    18.467186836777));
#2981 = CARTESIAN_POINT('',(-2.97385583967,3.256418192907,
    18.794819843957));
#2982 = CARTESIAN_POINT('',(-2.912562981176,3.299992261971,
    19.14815446269));
#2983 = CARTESIAN_POINT('',(-2.912549960518,3.3,19.5));
#2984 = ADVANCED_FACE('',(#2985),#3078,.T.);
#2985 = FACE_BOUND('',#2986,.T.);
#2986 = EDGE_LOOP('',(#2987,#2999,#3076,#3077));
#2987 = ORIENTED_EDGE('',*,*,#2988,.T.);
#2988 = EDGE_CURVE('',#430,#2989,#2991,.T.);
#2989 = VERTEX_POINT('',#2990);
#2990 = CARTESIAN_POINT('',(-4.708815909778,-3.665120057866E-18,22.8));
#2991 = ( BOUNDED_CURVE() B_SPLINE_CURVE(6,(#2992,#2993,#2994,#2995,
#2996,#2997,#2998),.UNSPECIFIED.,.F.,.F.) B_SPLINE_CURVE_WITH_KNOTS((7,7
),(0.,5.353161689525),.PIECEWISE_BEZIER_KNOTS.) CURVE() 
GEOMETRIC_REPRESENTATION_ITEM() RATIONAL_B_SPLINE_CURVE((1.031393471788,
    1.010025407661,0.997924642725,0.993958444137,0.997924642725,
1.010025407661,1.031393471788)) REPRESENTATION_ITEM('') );
#2992 = CARTESIAN_POINT('',(-5.108815909778,1.134385010321E-15,23.2));
#2993 = CARTESIAN_POINT('',(-5.108815909778,1.021731829844E-10,
    23.093065286739));
#2994 = CARTESIAN_POINT('',(-5.074814169524,1.0788593903E-10,
    22.988916570967));
#2995 = CARTESIAN_POINT('',(-5.009583715059,1.57236226169E-10,
    22.899232194719));
#2996 = CARTESIAN_POINT('',(-4.919899338811,2.453346237051E-10,
    22.834001740253));
#2997 = CARTESIAN_POINT('',(-4.815750623039,3.621962320623E-10,22.8));
#2998 = CARTESIAN_POINT('',(-4.708815909778,-3.665120057866E-18,22.8));
#2999 = ORIENTED_EDGE('',*,*,#3000,.T.);
#3000 = EDGE_CURVE('',#2989,#2797,#3001,.T.);
#3001 = ( BOUNDED_CURVE() B_SPLINE_CURVE(13,(#3002,#3003,#3004,#3005,
    #3006,#3007,#3008,#3009,#3010,#3011,#3012,#3013,#3014,#3015,#3016,
    #3017,#3018,#3019,#3020,#3021,#3022,#3023,#3024,#3025,#3026,#3027,
    #3028,#3029,#3030,#3031,#3032,#3033,#3034,#3035,#3036,#3037,#3038,
    #3039,#3040,#3041,#3042,#3043,#3044,#3045,#3046,#3047,#3048,#3049,
    #3050,#3051,#3052,#3053,#3054,#3055,#3056,#3057,#3058,#3059,#3060,
    #3061,#3062,#3063,#3064,#3065,#3066,#3067,#3068,#3069,#3070,#3071,
    #3072,#3073,#3074,#3075),.UNSPECIFIED.,.F.,.F.) 
B_SPLINE_CURVE_WITH_KNOTS((14,12,12,12,12,12,14),(10.70666223792,
    11.85548517693,13.828349328554,16.059321326671,18.289791303354,
19.705224800167,21.413471035312),.UNSPECIFIED.) CURVE() 
GEOMETRIC_REPRESENTATION_ITEM() RATIONAL_B_SPLINE_CURVE((1.031393471788,
    1.031393471787,1.031455095302,1.031577987191,1.031761307167,
    1.032003766725,1.032303666233,1.032658931766,1.033067152284,
    1.033525616418,1.03403134963,1.034581151077,1.035171630672,
    1.036877044706,1.038065113659,1.039355750942,1.040739913888,
    1.042208747991,1.043754545703,1.045371201635,1.047054230203,
    1.048800412386,1.050607137529,1.052471506849,1.054389264697,
    1.058574978575,1.060857387253,1.063187565021,1.065551724441,
    1.067933511734,1.070306200201,1.072623041194,1.074809672522,
    1.076762484505,1.078356843573,1.079469073556,1.080016094656,
    1.080017145553,1.079469977842,1.078359141398,1.076766439393,
    1.07481399452,1.072626192208,1.070307745763,1.067934601711,
    1.065554405257,1.063193243817,1.060865388568,1.058582752237,
    1.05495074338,1.053564680137,1.052205074584,1.050873887498,
    1.049572685511,1.048302767578,1.047065291928,1.045861402362,
    1.044692355288,1.043559646054,1.042465135846,1.041411178204,
    1.039181283707,1.038022209062,1.036958227567,1.035846671498,
    1.035152435729,1.03394987663,1.033513859271,1.032659080392,
    1.032229730208,1.031795463723,1.031530982526,1.031393471787,
1.031393471788)) REPRESENTATION_ITEM('') );
#3002 = CARTESIAN_POINT('',(-4.708815909778,-3.665120057867E-18,22.8));
#3003 = CARTESIAN_POINT('',(-4.708815909791,-9.777328049185E-02,
    22.800000000014));
#3004 = CARTESIAN_POINT('',(-4.70603935842,-0.195591229442,
    22.796851526079));
#3005 = CARTESIAN_POINT('',(-4.700498530322,-0.29307014907,
    22.790568664164));
#3006 = CARTESIAN_POINT('',(-4.692236014886,-0.389883577045,
    22.781194609662));
#3007 = CARTESIAN_POINT('',(-4.681321619195,-0.485755349285,
    22.768798687367));
#3008 = CARTESIAN_POINT('',(-4.667849234884,-0.580452594244,
    22.753473334298));
#3009 = CARTESIAN_POINT('',(-4.651933676881,-0.673778665158,
    22.735331052608));
#3010 = CARTESIAN_POINT('',(-4.633707502228,-0.765566018749,
    22.714501342108));
#3011 = CARTESIAN_POINT('',(-4.613317817262,-0.855669049294,
    22.691127619175));
#3012 = CARTESIAN_POINT('',(-4.59092308119,-0.943956887426,
    22.665364131841));
#3013 = CARTESIAN_POINT('',(-4.566689913619,-1.030306172698,
    22.63737287716));
#3014 = CARTESIAN_POINT('',(-4.540789913045,-1.114593808422,
    22.607320529181));
#3015 = CARTESIAN_POINT('',(-4.466431371063,-1.337440432095,
    22.520606477248));
#3016 = CARTESIAN_POINT('',(-4.415155927061,-1.471628528641,
    22.460385094645));
#3017 = CARTESIAN_POINT('',(-4.359969671283,-1.600106487735,
    22.395000650794));
#3018 = CARTESIAN_POINT('',(-4.301415042777,-1.723076174825,
    22.324911939534));
#3019 = CARTESIAN_POINT('',(-4.24004202493,-1.840554153135,
    22.250581187048));
#3020 = CARTESIAN_POINT('',(-4.176333781834,-1.952615524378,
    22.172380712118));
#3021 = CARTESIAN_POINT('',(-4.110680185766,-2.05947139561,
    22.090555550192));
#3022 = CARTESIAN_POINT('',(-4.043386092234,-2.161434798942,
    22.005225389633));
#3023 = CARTESIAN_POINT('',(-3.974701297347,-2.258829378385,
    21.916409267772));
#3024 = CARTESIAN_POINT('',(-3.90485925477,-2.351894489865,
    21.824056647675));
#3025 = CARTESIAN_POINT('',(-3.834111813601,-2.440739592402,
    21.728068718494));
#3026 = CARTESIAN_POINT('',(-3.762747452861,-2.525399960526,
    21.628294015427));
#3027 = CARTESIAN_POINT('',(-3.610358372416,-2.696879789617,
    21.407554112772));
#3028 = CARTESIAN_POINT('',(-3.529257159616,-2.782573345938,
    21.285636960327));
#3029 = CARTESIAN_POINT('',(-3.448243038869,-2.863210115368,
    21.158014017795));
#3030 = CARTESIAN_POINT('',(-3.367922549886,-2.938775742581,
    21.024481035092));
#3031 = CARTESIAN_POINT('',(-3.288939701141,-3.009177027083,
    20.884642916567));
#3032 = CARTESIAN_POINT('',(-3.212124321459,-3.074167524963,
    20.737734180577));
#3033 = CARTESIAN_POINT('',(-3.138752547423,-3.133237634682,
    20.582800794623));
#3034 = CARTESIAN_POINT('',(-3.070785630013,-3.185524466169,
    20.419086449348));
#3035 = CARTESIAN_POINT('',(-3.010959125076,-3.229793524201,
    20.246473878904));
#3036 = CARTESIAN_POINT('',(-2.962599675613,-3.264541887983,
    20.065841549177));
#3037 = CARTESIAN_POINT('',(-2.929048136345,-3.288272437255,
    19.879207348849));
#3038 = CARTESIAN_POINT('',(-2.912561539655,-3.299992594405,
    19.689540815505));
#3039 = CARTESIAN_POINT('',(-2.912538392649,-3.300007398881,
    19.310759948856));
#3040 = CARTESIAN_POINT('',(-2.9290219812,-3.288285254319,
    19.121095624652));
#3041 = CARTESIAN_POINT('',(-2.962514680656,-3.264604519546,
    18.93453900765));
#3042 = CARTESIAN_POINT('',(-3.010810223531,-3.22991347971,
    18.753969353514));
#3043 = CARTESIAN_POINT('',(-3.070622498609,-3.185659999045,
    18.581318961819));
#3044 = CARTESIAN_POINT('',(-3.138632500007,-3.133338470699,
    18.417469143532));
#3045 = CARTESIAN_POINT('',(-3.212064934872,-3.074216952697,
    18.262387024643));
#3046 = CARTESIAN_POINT('',(-3.28890193958,-3.009208266343,
    18.115421675369));
#3047 = CARTESIAN_POINT('',(-3.367834745647,-2.93885297417,
    17.975669618736));
#3048 = CARTESIAN_POINT('',(-3.448054817236,-2.863382675679,
    17.842310133005));
#3049 = CARTESIAN_POINT('',(-3.528990248279,-2.782830456459,
    17.714802469881));
#3050 = CARTESIAN_POINT('',(-3.610098305693,-2.697152821759,
    17.592830760292));
#3051 = CARTESIAN_POINT('',(-3.742237558095,-2.548487459221,
    17.40140451328));
#3052 = CARTESIAN_POINT('',(-3.793499908479,-2.488551877144,
    17.328991819679));
#3053 = CARTESIAN_POINT('',(-3.844489544707,-2.426510933488,
    17.258568556126));
#3054 = CARTESIAN_POINT('',(-3.895093580775,-2.362336874518,
    17.190074470405));
#3055 = CARTESIAN_POINT('',(-3.945209552934,-2.295983774904,
    17.1234616436));
#3056 = CARTESIAN_POINT('',(-3.994741354596,-2.227390285691,
    17.058696359937));
#3057 = CARTESIAN_POINT('',(-4.043595102308,-2.156482450081,
    16.995761042065));
#3058 = CARTESIAN_POINT('',(-4.091674935246,-2.083176591699,
    16.934656245459));
#3059 = CARTESIAN_POINT('',(-4.138878751638,-2.007382280317,
    16.875402705777));
#3060 = CARTESIAN_POINT('',(-4.185093886714,-1.929005379995,
    16.818043432683));
#3061 = CARTESIAN_POINT('',(-4.230192737676,-1.847951185427,
    16.762645843408));
#3062 = CARTESIAN_POINT('',(-4.274028342786,-1.764127652241,
    16.70930392819));
#3063 = CARTESIAN_POINT('',(-4.367712987217,-1.572613936082,
    16.596260186029));
#3064 = CARTESIAN_POINT('',(-4.416993826272,-1.46330245487,
    16.537464447776));
#3065 = CARTESIAN_POINT('',(-4.462759220102,-1.353090065495,
    16.483362298361));
#3066 = CARTESIAN_POINT('',(-4.51103340168,-1.222960480079,
    16.42687699131));
#3067 = CARTESIAN_POINT('',(-4.540711091191,-1.132605987793,
    16.392540493236));
#3068 = CARTESIAN_POINT('',(-4.595644290913,-0.958981019535,
    16.328531230518));
#3069 = CARTESIAN_POINT('',(-4.612162065887,-0.871273000109,
    16.310546027716));
#3070 = CARTESIAN_POINT('',(-4.653036643577,-0.704949045197,16.26296642)
  );
#3071 = CARTESIAN_POINT('',(-4.670585631154,-0.580997493197,
    16.243557522249));
#3072 = CARTESIAN_POINT('',(-4.690861167662,-0.433916883249,
    16.220307410553));
#3073 = CARTESIAN_POINT('',(-4.702588901676,-0.291325812276,
    16.20706854747));
#3074 = CARTESIAN_POINT('',(-4.708815909778,-0.145987146199,16.2));
#3075 = CARTESIAN_POINT('',(-4.708815909778,-8.119320074951E-16,16.2));
#3076 = ORIENTED_EDGE('',*,*,#2796,.F.);
#3077 = ORIENTED_EDGE('',*,*,#429,.F.);
#3078 = ( BOUNDED_SURFACE() B_SPLINE_SURFACE(6,13,(
    (#3079,#3080,#3081,#3082,#3083,#3084,#3085,#3086,#3087,#3088,#3089
      ,#3090,#3091,#3092,#3093,#3094,#3095,#3096,#3097,#3098,#3099,#3100
      ,#3101,#3102,#3103,#3104,#3105,#3106,#3107,#3108,#3109,#3110,#3111
      ,#3112,#3113,#3114,#3115,#3116,#3117,#3118,#3119,#3120,#3121,#3122
      ,#3123,#3124,#3125,#3126,#3127,#3128,#3129,#3130,#3131,#3132,#3133
      ,#3134,#3135,#3136,#3137,#3138,#3139,#3140,#3141,#3142,#3143,#3144
      ,#3145,#3146,#3147,#3148,#3149,#3150,#3151,#3152)
    ,(#3153,#3154,#3155,#3156,#3157,#3158,#3159,#3160,#3161,#3162,#3163
      ,#3164,#3165,#3166,#3167,#3168,#3169,#3170,#3171,#3172,#3173,#3174
      ,#3175,#3176,#3177,#3178,#3179,#3180,#3181,#3182,#3183,#3184,#3185
      ,#3186,#3187,#3188,#3189,#3190,#3191,#3192,#3193,#3194,#3195,#3196
      ,#3197,#3198,#3199,#3200,#3201,#3202,#3203,#3204,#3205,#3206,#3207
      ,#3208,#3209,#3210,#3211,#3212,#3213,#3214,#3215,#3216,#3217,#3218
      ,#3219,#3220,#3221,#3222,#3223,#3224,#3225,#3226)
    ,(#3227,#3228,#3229,#3230,#3231,#3232,#3233,#3234,#3235,#3236,#3237
      ,#3238,#3239,#3240,#3241,#3242,#3243,#3244,#3245,#3246,#3247,#3248
      ,#3249,#3250,#3251,#3252,#3253,#3254,#3255,#3256,#3257,#3258,#3259
      ,#3260,#3261,#3262,#3263,#3264,#3265,#3266,#3267,#3268,#3269,#3270
      ,#3271,#3272,#3273,#3274,#3275,#3276,#3277,#3278,#3279,#3280,#3281
      ,#3282,#3283,#3284,#3285,#3286,#3287,#3288,#3289,#3290,#3291,#3292
      ,#3293,#3294,#3295,#3296,#3297,#3298,#3299,#3300)
    ,(#3301,#3302,#3303,#3304,#3305,#3306,#3307,#3308,#3309,#3310,#3311
      ,#3312,#3313,#3314,#3315,#3316,#3317,#3318,#3319,#3320,#3321,#3322
      ,#3323,#3324,#3325,#3326,#3327,#3328,#3329,#3330,#3331,#3332,#3333
      ,#3334,#3335,#3336,#3337,#3338,#3339,#3340,#3341,#3342,#3343,#3344
      ,#3345,#3346,#3347,#3348,#3349,#3350,#3351,#3352,#3353,#3354,#3355
      ,#3356,#3357,#3358,#3359,#3360,#3361,#3362,#3363,#3364,#3365,#3366
      ,#3367,#3368,#3369,#3370,#3371,#3372,#3373,#3374)
    ,(#3375,#3376,#3377,#3378,#3379,#3380,#3381,#3382,#3383,#3384,#3385
      ,#3386,#3387,#3388,#3389,#3390,#3391,#3392,#3393,#3394,#3395,#3396
      ,#3397,#3398,#3399,#3400,#3401,#3402,#3403,#3404,#3405,#3406,#3407
      ,#3408,#3409,#3410,#3411,#3412,#3413,#3414,#3415,#3416,#3417,#3418
      ,#3419,#3420,#3421,#3422,#3423,#3424,#3425,#3426,#3427,#3428,#3429
      ,#3430,#3431,#3432,#3433,#3434,#3435,#3436,#3437,#3438,#3439,#3440
      ,#3441,#3442,#3443,#3444,#3445,#3446,#3447,#3448)
    ,(#3449,#3450,#3451,#3452,#3453,#3454,#3455,#3456,#3457,#3458,#3459
      ,#3460,#3461,#3462,#3463,#3464,#3465,#3466,#3467,#3468,#3469,#3470
      ,#3471,#3472,#3473,#3474,#3475,#3476,#3477,#3478,#3479,#3480,#3481
      ,#3482,#3483,#3484,#3485,#3486,#3487,#3488,#3489,#3490,#3491,#3492
      ,#3493,#3494,#3495,#3496,#3497,#3498,#3499,#3500,#3501,#3502,#3503
      ,#3504,#3505,#3506,#3507,#3508,#3509,#3510,#3511,#3512,#3513,#3514
      ,#3515,#3516,#3517,#3518,#3519,#3520,#3521,#3522)
    ,(#3523,#3524,#3525,#3526,#3527,#3528,#3529,#3530,#3531,#3532,#3533
      ,#3534,#3535,#3536,#3537,#3538,#3539,#3540,#3541,#3542,#3543,#3544
      ,#3545,#3546,#3547,#3548,#3549,#3550,#3551,#3552,#3553,#3554,#3555
      ,#3556,#3557,#3558,#3559,#3560,#3561,#3562,#3563,#3564,#3565,#3566
      ,#3567,#3568,#3569,#3570,#3571,#3572,#3573,#3574,#3575,#3576,#3577
      ,#3578,#3579,#3580,#3581,#3582,#3583,#3584,#3585,#3586,#3587,#3588
      ,#3589,#3590,#3591,#3592,#3593,#3594,#3595,#3596
)),.UNSPECIFIED.,.F.,.F.,.F.) B_SPLINE_SURFACE_WITH_KNOTS((7,7),(14,12,
    12,12,12,12,14),(0.,10.706808797392),(10.70666223792,11.85548517693,
    13.828349328554,16.059321326671,18.289791303354,19.705224800167,
21.413471035312),.UNSPECIFIED.) GEOMETRIC_REPRESENTATION_ITEM() 
RATIONAL_B_SPLINE_SURFACE((
    (1.031393471788,1.031393471787,1.031455095302,1.031577987191
      ,1.031761307167,1.032003766725,1.032303666233,1.032658931766
      ,1.033067152284,1.033525616418,1.03403134963,1.034581151077
      ,1.035171630672,1.036877044706,1.038065113659,1.039355750942
      ,1.040739913888,1.042208747991,1.043754545703,1.045371201635
      ,1.047054230203,1.048800412386,1.050607137529,1.052471506849
      ,1.054389264697,1.058574978575,1.060857387253,1.063187565021
      ,1.065551724441,1.067933511734,1.070306200201,1.072623041194
      ,1.074809672522,1.076762484505,1.078356843573,1.079469073556
      ,1.080016094656,1.080017145553,1.079469977842,1.078359141398
      ,1.076766439393,1.07481399452,1.072626192208,1.070307745763
      ,1.067934601711,1.065554405257,1.063193243817,1.060865388568
      ,1.058582752237,1.05495074338,1.053564680137,1.052205074584
      ,1.050873887498,1.049572685511,1.048302767578,1.047065291928
      ,1.045861402362,1.044692355288,1.043559646054,1.042465135846
      ,1.041411178204,1.039181283707,1.038022209062,1.036958227567
      ,1.035846671498,1.035152435729,1.03394987663,1.033513859271
      ,1.032659080392,1.032229730208,1.031795463723,1.031530982526
      ,1.031393471787,1.031393471788)
    ,(1.010025407661,1.010025407661,1.010044221686,1.010081744617
      ,1.010137705397,1.01021168081,1.01030310936,1.010411304995
      ,1.010535471032,1.010674713861,1.010828056856,1.010994454121
      ,1.011172804347,1.011686807965,1.012043760895,1.01243012598
      ,1.01284279126,1.013278719315,1.013735244463,1.014210205325
      ,1.014701938893,1.015209163854,1.015730778939,1.016265604126
      ,1.016812090714,1.017996697228,1.018637870492,1.019287294746
      ,1.019940916658,1.020593891628,1.02123854392,1.021862121795
      ,1.022445190152,1.022961505505,1.023380215468,1.023671227536
      ,1.023814589743,1.023814864944,1.023671452012,1.023380816594
      ,1.022962561457,1.022446351669,1.021862968586,1.021238955853
      ,1.020594182475,1.019941648698,1.019288859694,1.01864009274
      ,1.017998883019,1.016971004823,1.016576808707,1.016188286533
      ,1.015806115189,1.015430863593,1.015063028877,1.014703072994
      ,1.014351458757,1.014008686524,1.013675330261,1.013352074108
      ,1.013039748609,1.012376845292,1.012030821,1.011711992609
      ,1.011377557635,1.011167856302,1.010804556392,1.010671023371
      ,1.01041193984,1.010280495577,1.01014819548,1.010067388431
      ,1.010025407662,1.010025407661)
    ,(0.997924642725,0.997924642725,0.997920636485,0.997912646724
      ,0.997900729721,0.997884972588,0.997865490798,0.997842425297
      ,0.997815940174,0.9977862197,0.997753465975,0.997717896075
      ,0.997679739547,0.997569678787,0.997493150513,0.99741020033
      ,0.997321470098,0.997227591047,0.997129120625,0.997026514013
      ,0.996920124642,0.996810228763,0.996697068166,0.996580906197
      ,0.996462091265,0.996204328049,0.996064683249,0.995923155936
      ,0.99578064634,0.995638244181,0.995497678944,0.995361792322
      ,0.995234860978,0.995122598527,0.995031664812,0.99496851133
      ,0.994937391033,0.9949373313,0.994968462881,0.995031534293
      ,0.995122368749,0.995234608067,0.995361607877,0.995497589218
      ,0.995638180726,0.995780486643,0.995922814668,0.996064198904
      ,0.996203852062,0.996427512751,0.996513237324,0.996597670716
      ,0.996680660645,0.996762079688,0.996841817259,0.996919771975
      ,0.996995843502,0.997069924993,0.99714189495,0.997211609564
      ,0.99727889472,0.99742155456,0.997495916054,0.997564342077
      ,0.997636007693,0.997680873071,0.997758594741,0.997786999944
      ,0.997842344061,0.997870303837,0.997898501571,0.997915703229
      ,0.997924642725,0.997924642725)
    ,(0.993958444137,0.993958444137,0.993947002733,0.993924184416
      ,0.99389015148,0.993845155935,0.993789531592,0.993723685854
      ,0.993648091912,0.993563280479,0.993469831967,0.993368368306
      ,0.993259545004,0.99294569257,0.992727506327,0.992491048824
      ,0.992238128703,0.991970507051,0.991689717799,0.99139698564
      ,0.991093226666,0.990779117314,0.99045521663,0.990122127546
      ,0.989780682203,0.989037991734,0.988634514104,0.988224132753
      ,0.987809308039,0.987392947595,0.986979735191,0.986577734341
      ,0.986199627174,0.985862950465,0.985588689139,0.985397589129
      ,0.985303550139,0.985303369528,0.985397436685,0.985588294469
      ,0.985862266055,0.986198877458,0.986577187796,0.9869794681
      ,0.987392759242,0.9878088403,0.988223137795,0.988633107145
      ,0.989036616872,0.989681053643,0.989927590773,0.99017001456
      ,0.990407951148,0.990641093792,0.99086917999,0.991091969083
      ,0.991309219229,0.991520665084,0.991725994806,0.991924827607
      ,0.992116690935,0.992523432615,0.992735412414,0.992930468562
      ,0.993134786733,0.993262733034,0.9934843864,0.993565500122
      ,0.993723411975,0.993803273871,0.993883783986,0.993932913844
      ,0.993958444137,0.993958444137)
    ,(0.997924642725,0.997924642725,0.997920636485,0.997912646724
      ,0.997900729721,0.997884972587,0.9978654908,0.997842425296
      ,0.997815940175,0.997786219699,0.997753465975,0.997717896075
      ,0.997679739547,0.997569678787,0.997493150513,0.997410200331
      ,0.997321470097,0.99722759105,0.997129120622,0.997026514015
      ,0.99692012464,0.996810228765,0.996697068165,0.996580906197
      ,0.996462091265,0.996204328049,0.996064683248,0.995923155937
      ,0.995780646338,0.995638244184,0.99549767894,0.995361792326
      ,0.995234860975,0.995122598529,0.995031664811,0.99496851133
      ,0.994937391033,0.9949373313,0.994968462881,0.995031534292
      ,0.99512236875,0.995234608066,0.995361607879,0.995497589216
      ,0.995638180728,0.995780486641,0.995922814669,0.996064198904
      ,0.996203852062,0.996427512751,0.996513237323,0.996597670716
      ,0.996680660643,0.996762079691,0.996841817256,0.996919771979
      ,0.9969958435,0.997069924994,0.997141894949,0.997211609564
      ,0.99727889472,0.99742155456,0.997495916054,0.997564342077
      ,0.997636007694,0.997680873068,0.997758594744,0.997786999942
      ,0.997842344063,0.997870303836,0.997898501572,0.997915703228
      ,0.997924642725,0.997924642725)
    ,(1.010025407661,1.010025407661,1.010044221686,1.010081744617
      ,1.010137705397,1.01021168081,1.01030310936,1.010411304995
      ,1.010535471032,1.010674713861,1.010828056856,1.010994454121
      ,1.011172804347,1.011686807965,1.012043760895,1.01243012598
      ,1.01284279126,1.013278719315,1.013735244463,1.014210205325
      ,1.014701938893,1.015209163854,1.015730778939,1.016265604126
      ,1.016812090714,1.017996697228,1.018637870492,1.019287294746
      ,1.019940916658,1.020593891628,1.02123854392,1.021862121795
      ,1.022445190152,1.022961505505,1.023380215468,1.023671227536
      ,1.023814589743,1.023814864944,1.023671452012,1.023380816594
      ,1.022962561457,1.022446351669,1.021862968586,1.021238955853
      ,1.020594182475,1.019941648698,1.019288859694,1.01864009274
      ,1.017998883019,1.016971004823,1.016576808707,1.016188286533
      ,1.015806115189,1.015430863593,1.015063028877,1.014703072994
      ,1.014351458757,1.014008686524,1.013675330261,1.013352074108
      ,1.013039748609,1.012376845292,1.012030821,1.011711992609
      ,1.011377557635,1.011167856302,1.010804556392,1.010671023371
      ,1.01041193984,1.010280495577,1.01014819548,1.010067388431
      ,1.010025407662,1.010025407661)
    ,(1.031393471788,1.031393471787,1.031455095302,1.031577987191
      ,1.031761307167,1.032003766725,1.032303666233,1.032658931766
      ,1.033067152284,1.033525616418,1.03403134963,1.034581151077
      ,1.035171630672,1.036877044706,1.038065113659,1.039355750942
      ,1.040739913888,1.042208747991,1.043754545703,1.045371201635
      ,1.047054230203,1.048800412386,1.050607137529,1.052471506849
      ,1.054389264697,1.058574978575,1.060857387253,1.063187565021
      ,1.065551724441,1.067933511734,1.070306200201,1.072623041194
      ,1.074809672522,1.076762484505,1.078356843573,1.079469073556
      ,1.080016094656,1.080017145553,1.079469977842,1.078359141398
      ,1.076766439393,1.07481399452,1.072626192208,1.070307745763
      ,1.067934601711,1.065554405257,1.063193243817,1.060865388568
      ,1.058582752237,1.05495074338,1.053564680137,1.052205074584
      ,1.050873887498,1.049572685511,1.048302767578,1.047065291928
      ,1.045861402362,1.044692355288,1.043559646054,1.042465135846
      ,1.041411178204,1.039181283707,1.038022209062,1.036958227567
      ,1.035846671498,1.035152435729,1.03394987663,1.033513859271
      ,1.032659080392,1.032229730208,1.031795463723,1.031530982526
,1.031393471787,1.031393471788))) REPRESENTATION_ITEM('') SURFACE() );
#3079 = CARTESIAN_POINT('',(-5.108815909778,-1.169139999472E-16,23.2));
#3080 = CARTESIAN_POINT('',(-5.108815909781,-0.119129354073,
    23.200000000002));
#3081 = CARTESIAN_POINT('',(-5.105802784924,-0.238106222367,
    23.196467540374));
#3082 = CARTESIAN_POINT('',(-5.099795967851,-0.356578915726,
    23.18942679414));
#3083 = CARTESIAN_POINT('',(-5.090843738273,-0.474228368533,
    23.178929062921));
#3084 = CARTESIAN_POINT('',(-5.079020966873,-0.590765274798,
    23.165050943078));
#3085 = CARTESIAN_POINT('',(-5.064426821792,-0.705927164109,
    23.147892452273));
#3086 = CARTESIAN_POINT('',(-5.047182444632,-0.819475418505,
    23.127575122996));
#3087 = CARTESIAN_POINT('',(-5.027428603857,-0.931192232829,
    23.104240071236));
#3088 = CARTESIAN_POINT('',(-5.005323332781,-1.040877521911,
    23.078046046767));
#3089 = CARTESIAN_POINT('',(-4.98103956022,-1.148345778519,
    23.049167473834));
#3090 = CARTESIAN_POINT('',(-4.954762740575,-1.253422886595,
    23.017792488261));
#3091 = CARTESIAN_POINT('',(-4.926688490593,-1.355942894272,
    22.98412097898));
#3092 = CARTESIAN_POINT('',(-4.846154993651,-1.626851763445,
    22.887056139233));
#3093 = CARTESIAN_POINT('',(-4.790536397006,-1.790276192843,
    22.819528522072));
#3094 = CARTESIAN_POINT('',(-4.730716516851,-1.946639913475,
    22.746269903061));
#3095 = CARTESIAN_POINT('',(-4.667280357809,-2.096190821282,
    22.667789919986));
#3096 = CARTESIAN_POINT('',(-4.600788349793,-2.239065848642,
    22.584556352958));
#3097 = CARTESIAN_POINT('',(-4.531740992318,-2.37543333092,
    22.496953923008));
#3098 = CARTESIAN_POINT('',(-4.460562871274,-2.505542967559,
    22.40526044045));
#3099 = CARTESIAN_POINT('',(-4.387603213936,-2.62971139702,
    22.309637416143));
#3100 = CARTESIAN_POINT('',(-4.31315014645,-2.748271073928,
    22.210132240401));
#3101 = CARTESIAN_POINT('',(-4.237455851211,-2.861509735348,
    22.106689062714));
#3102 = CARTESIAN_POINT('',(-4.160769875245,-2.969627302897,
    21.999165552036));
#3103 = CARTESIAN_POINT('',(-4.083377907607,-3.072736596633,
    21.887352773992));
#3104 = CARTESIAN_POINT('',(-3.918086596212,-3.281538832544,
    21.639935564554));
#3105 = CARTESIAN_POINT('',(-3.830084868641,-3.385903182233,
    21.503212114095));
#3106 = CARTESIAN_POINT('',(-3.742186395611,-3.484054038656,
    21.360171158786));
#3107 = CARTESIAN_POINT('',(-3.655026117229,-3.575996532203,
    21.210522125619));
#3108 = CARTESIAN_POINT('',(-3.56927141277,-3.661642105763,
    21.05372911148));
#3109 = CARTESIAN_POINT('',(-3.485810497526,-3.740682631225,
    20.888894784499));
#3110 = CARTESIAN_POINT('',(-3.406040483069,-3.812462887969,
    20.714979886935));
#3111 = CARTESIAN_POINT('',(-3.33211790229,-3.875899856343,
    20.531207681025));
#3112 = CARTESIAN_POINT('',(-3.267040761381,-3.929493651981,
    20.337510729997));
#3113 = CARTESIAN_POINT('',(-3.214436615978,-3.971472490487,
    20.134887800006));
#3114 = CARTESIAN_POINT('',(-3.177932676171,-4.000114317335,
    19.925550790621));
#3115 = CARTESIAN_POINT('',(-3.159977051436,-4.01429259456,
    19.712752350953));
#3116 = CARTESIAN_POINT('',(-3.159947919711,-4.014315526346,
    19.287673968046));
#3117 = CARTESIAN_POINT('',(-3.177902024357,-4.000131643825,
    19.074764471562));
#3118 = CARTESIAN_POINT('',(-3.214350130712,-3.971540020828,
    18.865444336697));
#3119 = CARTESIAN_POINT('',(-3.266892710806,-3.929621379484,
    18.662889491275));
#3120 = CARTESIAN_POINT('',(-3.331956828765,-3.876043735089,
    18.469186431752));
#3121 = CARTESIAN_POINT('',(-3.405922538878,-3.812568986204,
    18.285300836348));
#3122 = CARTESIAN_POINT('',(-3.485751878032,-3.740733948815,
    18.111239313406));
#3123 = CARTESIAN_POINT('',(-3.569231185103,-3.66167742385,
    17.946342884519));
#3124 = CARTESIAN_POINT('',(-3.6549302197,-3.576089981824,
    17.789641570023));
#3125 = CARTESIAN_POINT('',(-3.741982161541,-3.484264138814,
    17.640189282306));
#3126 = CARTESIAN_POINT('',(-3.82979308974,-3.386221031221,
    17.497289583853));
#3127 = CARTESIAN_POINT('',(-3.917794983357,-3.281886963304,
    17.360516286659));
#3128 = CARTESIAN_POINT('',(-4.061121463288,-3.100864617462,
    17.145953973578));
#3129 = CARTESIAN_POINT('',(-4.116708260647,-3.027896047019,
    17.064811303993));
#3130 = CARTESIAN_POINT('',(-4.171990195498,-2.952370827263,
    16.985909040588));
#3131 = CARTESIAN_POINT('',(-4.226849464402,-2.874251455042,
    16.909171879796));
#3132 = CARTESIAN_POINT('',(-4.281177963624,-2.793479593057,
    16.834541440135));
#3133 = CARTESIAN_POINT('',(-4.334873124972,-2.709979382565,
    16.761977818743));
#3134 = CARTESIAN_POINT('',(-4.387833679251,-2.623660837812,
    16.691461216685));
#3135 = CARTESIAN_POINT('',(-4.439955349921,-2.534423328028,
    16.622993624883));
#3136 = CARTESIAN_POINT('',(-4.491126480554,-2.442159152789,
    16.556600565615));
#3137 = CARTESIAN_POINT('',(-4.541223600976,-2.346757216973,
    16.492332880824));
#3138 = CARTESIAN_POINT('',(-4.5901069379,-2.248106812106,
    16.430268561663));
#3139 = CARTESIAN_POINT('',(-4.637615877618,-2.146101511147,
    16.370514609502));
#3140 = CARTESIAN_POINT('',(-4.739137330289,-1.913095435319,
    16.243899914394));
#3141 = CARTESIAN_POINT('',(-4.792562563476,-1.78005482232,
    16.17801363542));
#3142 = CARTESIAN_POINT('',(-4.842061421443,-1.646110056598,
    16.117553746401));
#3143 = CARTESIAN_POINT('',(-4.894352567883,-1.488705839921,
    16.054282572866));
#3144 = CARTESIAN_POINT('',(-4.92761169623,-1.37297975855,
    16.014387271079));
#3145 = CARTESIAN_POINT('',(-4.983917819955,-1.176192797745,
    15.947002355663));
#3146 = CARTESIAN_POINT('',(-5.006725638685,-1.049016039233,
    15.920239488922));
#3147 = CARTESIAN_POINT('',(-5.046389396028,-0.865275207695,
    15.873214946991));
#3148 = CARTESIAN_POINT('',(-5.06833455993,-0.703051520007,
    15.847500430609));
#3149 = CARTESIAN_POINT('',(-5.08906918922,-0.52893182465,15.82314066738
    ));
#3150 = CARTESIAN_POINT('',(-5.102108992106,-0.354224074035,
    15.807861426219));
#3151 = CARTESIAN_POINT('',(-5.108815909778,-0.177587490714,15.8));
#3152 = CARTESIAN_POINT('',(-5.108815909778,-1.169139999472E-16,15.8));
#3153 = CARTESIAN_POINT('',(-5.108815909778,1.021758475197E-10,
    23.093065286739));
#3154 = CARTESIAN_POINT('',(-5.10881590978,-0.115660685069,
    23.093065286741));
#3155 = CARTESIAN_POINT('',(-5.105977551592,-0.231210631008,
    23.089546445229));
#3156 = CARTESIAN_POINT('',(-5.100317229438,-0.346291091083,
    23.082530224178));
#3157 = CARTESIAN_POINT('',(-5.091880022652,-0.460580084755,
    23.072067205314));
#3158 = CARTESIAN_POINT('',(-5.080737232547,-0.573788803414,
    23.058234808227));
#3159 = CARTESIAN_POINT('',(-5.066983907664,-0.685657994871,
    23.041134995246));
#3160 = CARTESIAN_POINT('',(-5.050736359519,-0.795954327304,
    23.020891965518));
#3161 = CARTESIAN_POINT('',(-5.032129671848,-0.904466733424,
    22.997649841246));
#3162 = CARTESIAN_POINT('',(-5.011315205313,-1.011002736554,
    22.97157034851));
#3163 = CARTESIAN_POINT('',(-4.988458100824,-1.115384759735,
    22.942830495712));
#3164 = CARTESIAN_POINT('',(-4.963734783252,-1.217446419914,
    22.9116202519));
#3165 = CARTESIAN_POINT('',(-4.937330468229,-1.317028808565,
    22.878140227685));
#3166 = CARTESIAN_POINT('',(-4.861559227883,-1.580380091799,
    22.781596332592));
#3167 = CARTESIAN_POINT('',(-4.809241353568,-1.739296235038,
    22.714456073598));
#3168 = CARTESIAN_POINT('',(-4.752996798347,-1.89137717485,
    22.641656689555));
#3169 = CARTESIAN_POINT('',(-4.693391484702,-2.036855376634,
    22.563729246392));
#3170 = CARTESIAN_POINT('',(-4.630973307991,-2.175841438778,
    22.481172452139));
#3171 = CARTESIAN_POINT('',(-4.566230891398,-2.308484050036,
    22.394399851998));
#3172 = CARTESIAN_POINT('',(-4.499576462853,-2.43502472231,
    22.303713449418));
#3173 = CARTESIAN_POINT('',(-4.431348010051,-2.555779685015,
    22.209297657389));
#3174 = CARTESIAN_POINT('',(-4.361825878134,-2.671081203981,
    22.11122749096));
#3175 = CARTESIAN_POINT('',(-4.291258997549,-2.781210441198,
    22.009484941509));
#3176 = CARTESIAN_POINT('',(-4.219895958616,-2.886353811041,
    21.903977503621));
#3177 = CARTESIAN_POINT('',(-4.14801618474,-2.986614620725,
    21.794552868445));
#3178 = CARTESIAN_POINT('',(-3.994564131294,-3.189976701465,
    21.552748722161));
#3179 = CARTESIAN_POINT('',(-3.91292666817,-3.29176174934,
    21.419309515908));
#3180 = CARTESIAN_POINT('',(-3.831547087408,-3.387516858884,
    21.280124251816));
#3181 = CARTESIAN_POINT('',(-3.751024060541,-3.477247565574,
    21.134954332714));
#3182 = CARTESIAN_POINT('',(-3.671984476155,-3.560870823446,
    20.983350094137));
#3183 = CARTESIAN_POINT('',(-3.595239806938,-3.638101137815,
    20.824534471372));
#3184 = CARTESIAN_POINT('',(-3.522042026482,-3.708320295949,
    20.657581515017));
#3185 = CARTESIAN_POINT('',(-3.454316159108,-3.770483164083,
    20.481767992495));
#3186 = CARTESIAN_POINT('',(-3.394747994285,-3.823111144558,
    20.296978188172));
#3187 = CARTESIAN_POINT('',(-3.346606729104,-3.864424293683,
    20.104044421529));
#3188 = CARTESIAN_POINT('',(-3.313182594005,-3.892663173631,
    19.904908584252));
#3189 = CARTESIAN_POINT('',(-3.296717836463,-3.906652771967,
    19.702492433556));
#3190 = CARTESIAN_POINT('',(-3.296692647182,-3.906674207594,
    19.297883696206));
#3191 = CARTESIAN_POINT('',(-3.313154776275,-3.892680557494,
    19.095403010392));
#3192 = CARTESIAN_POINT('',(-3.346524635792,-3.864493234984,
    18.896307054686));
#3193 = CARTESIAN_POINT('',(-3.394607074159,-3.823240576889,
    18.703436205005));
#3194 = CARTESIAN_POINT('',(-3.454163025882,-3.770628418884,
    18.518625681694));
#3195 = CARTESIAN_POINT('',(-3.521929876312,-3.70842756241,
    18.342691090318));
#3196 = CARTESIAN_POINT('',(-3.595183887938,-3.638153658472,
    18.175594326878));
#3197 = CARTESIAN_POINT('',(-3.671946654221,-3.560906771804,
    18.016722151761));
#3198 = CARTESIAN_POINT('',(-3.750935773245,-3.477339212692,
    17.865207715256));
#3199 = CARTESIAN_POINT('',(-3.831359991459,-3.38772050457,
    17.720223047423));
#3200 = CARTESIAN_POINT('',(-3.912660056956,-3.292068004206,
    17.581168576873));
#3201 = CARTESIAN_POINT('',(-3.994297751108,-3.190311068341,
    17.4476842569));
#3202 = CARTESIAN_POINT('',(-4.127403907775,-3.013943011379,
    17.237919208441));
#3203 = CARTESIAN_POINT('',(-4.179022350092,-2.942959110202,
    17.158547674913));
#3204 = CARTESIAN_POINT('',(-4.230427054697,-2.86948879314,
    17.081221749753));
#3205 = CARTESIAN_POINT('',(-4.281505107868,-2.79349376632,
    17.005885583127));
#3206 = CARTESIAN_POINT('',(-4.332151862872,-2.714916108183,
    16.93249855494));
#3207 = CARTESIAN_POINT('',(-4.382267094489,-2.633681505832,
    16.861036996984));
#3208 = CARTESIAN_POINT('',(-4.431751134183,-2.549702514836,
    16.791495935801));
#3209 = CARTESIAN_POINT('',(-4.48050098665,-2.462881844205,
    16.723890853744));
#3210 = CARTESIAN_POINT('',(-4.528406428574,-2.373115668288,
    16.658259466935));
#3211 = CARTESIAN_POINT('',(-4.575346091059,-2.280296967308,
    16.594663517177));
#3212 = CARTESIAN_POINT('',(-4.621183527178,-2.184318898627,
    16.533190576428));
#3213 = CARTESIAN_POINT('',(-4.665763266872,-2.085078200623,
    16.473955860566));
#3214 = CARTESIAN_POINT('',(-4.761009727779,-1.858573063556,
    16.34844629699));
#3215 = CARTESIAN_POINT('',(-4.811147863058,-1.729329327956,
    16.283103142256));
#3216 = CARTESIAN_POINT('',(-4.857656730086,-1.599188743044,
    16.223055075876));
#3217 = CARTESIAN_POINT('',(-4.906835035036,-1.446097236539,
    16.160156084586));
#3218 = CARTESIAN_POINT('',(-4.937954923415,-1.334493032789,
    16.120723325955));
#3219 = CARTESIAN_POINT('',(-4.991421754722,-1.141339523738,
    16.052961310995));
#3220 = CARTESIAN_POINT('',(-5.012225565312,-1.02048672757,
    16.027337834827));
#3221 = CARTESIAN_POINT('',(-5.050250234333,-0.839495637537,
    15.979492968256));
#3222 = CARTESIAN_POINT('',(-5.070525228235,-0.683388016239,
    15.954487613631));
#3223 = CARTESIAN_POINT('',(-5.090246363947,-0.513588739096,
    15.929936021065));
#3224 = CARTESIAN_POINT('',(-5.102489995669,-0.344039290123,
    15.914777869429));
#3225 = CARTESIAN_POINT('',(-5.108815909778,-0.172454939526,
    15.906934713261));
#3226 = CARTESIAN_POINT('',(-5.108815909778,-1.978826192288E-16,
    15.906934713261));
#3227 = CARTESIAN_POINT('',(-5.074814169524,1.078872712977E-10,
    22.988916570967));
#3228 = CARTESIAN_POINT('',(-5.074814169527,-0.11156995028,
    22.98891657097));
#3229 = CARTESIAN_POINT('',(-5.07209436397,-0.223071791712,
    22.985410813994));
#3230 = CARTESIAN_POINT('',(-5.066668734179,-0.334135397463,
    22.978418382089));
#3231 = CARTESIAN_POINT('',(-5.058580275655,-0.44443233544,
    22.967989233126));
#3232 = CARTESIAN_POINT('',(-5.047898298102,-0.553671507055,
    22.954201508385));
#3233 = CARTESIAN_POINT('',(-5.034715727775,-0.661594790782,
    22.937158842747));
#3234 = CARTESIAN_POINT('',(-5.019146411921,-0.76797268969,
    22.916987677589));
#3235 = CARTESIAN_POINT('',(-5.001322424387,-0.872599983317,
    22.893834574829));
#3236 = CARTESIAN_POINT('',(-4.981391372333,-0.975291382829,
    22.8678635327));
#3237 = CARTESIAN_POINT('',(-4.959513703045,-1.07587718975,
    22.839253301459));
#3238 = CARTESIAN_POINT('',(-4.93586001078,-1.17419895734,
    22.808194699528));
#3239 = CARTESIAN_POINT('',(-4.910608342848,-1.270105154583,
    22.774887928768));
#3240 = CARTESIAN_POINT('',(-4.838141711262,-1.52375941001,
    22.678830294429));
#3241 = CARTESIAN_POINT('',(-4.788140973213,-1.676713625535,
    22.612067409368));
#3242 = CARTESIAN_POINT('',(-4.734421009724,-1.822997262777,
    22.5397098989));
#3243 = CARTESIAN_POINT('',(-4.677538507465,-1.962825730217,
    22.462305713974));
#3244 = CARTESIAN_POINT('',(-4.618039076261,-2.09628013566,
    22.380380986983));
#3245 = CARTESIAN_POINT('',(-4.556408356076,-2.223487406254,
    22.294374489248));
#3246 = CARTESIAN_POINT('',(-4.493053143226,-2.344680145538,
    22.204608225534));
#3247 = CARTESIAN_POINT('',(-4.428305405269,-2.460173937302,
    22.111284742394));
#3248 = CARTESIAN_POINT('',(-4.362442050947,-2.570299835038,
    22.014501723896));
#3249 = CARTESIAN_POINT('',(-4.295713315242,-2.675329810908,
    21.914274440044));
#3250 = CARTESIAN_POINT('',(-4.228372611418,-2.775432977964,
    21.810556603518));
#3251 = CARTESIAN_POINT('',(-4.160700692114,-2.870700441923,
    21.70325017817));
#3252 = CARTESIAN_POINT('',(-4.0164584092,-3.0637294278,21.466577385999)
  );
#3253 = CARTESIAN_POINT('',(-3.939872688008,-3.16017067361,
    21.336234720369));
#3254 = CARTESIAN_POINT('',(-3.863727965941,-3.250684104635,
    21.200680800857));
#3255 = CARTESIAN_POINT('',(-3.788600594573,-3.335285290094,
    21.059744613575));
#3256 = CARTESIAN_POINT('',(-3.71509084776,-3.413909908175,
    20.913077123341));
#3257 = CARTESIAN_POINT('',(-3.643950423072,-3.486322442092,
    20.760030164075));
#3258 = CARTESIAN_POINT('',(-3.576309549968,-3.551997120227,
    20.599802323967));
#3259 = CARTESIAN_POINT('',(-3.513891287054,-3.610023067216,
    20.431746751776));
#3260 = CARTESIAN_POINT('',(-3.459100302851,-3.659085809521,
    20.255735436425));
#3261 = CARTESIAN_POINT('',(-3.414873190534,-3.69757739805,
    20.072474031046));
#3262 = CARTESIAN_POINT('',(-3.384177310859,-3.723887398751,
    19.883660737968));
#3263 = CARTESIAN_POINT('',(-3.369045495739,-3.73692674618,
    19.691882282985));
#3264 = CARTESIAN_POINT('',(-3.369024077291,-3.73694507443,
    19.308440505892));
#3265 = CARTESIAN_POINT('',(-3.384152233545,-3.723903344125,
    19.116646777511));
#3266 = CARTESIAN_POINT('',(-3.414794670878,-3.697644687328,
    18.927898316099));
#3267 = CARTESIAN_POINT('',(-3.458964696031,-3.659212151861,
    18.744695483514));
#3268 = CARTESIAN_POINT('',(-3.513743826816,-3.610164726492,
    18.568648742521));
#3269 = CARTESIAN_POINT('',(-3.57620140912,-3.552102018238,
    18.40046351787));
#3270 = CARTESIAN_POINT('',(-3.643896417553,-3.486374283102,
    18.240093388923));
#3271 = CARTESIAN_POINT('',(-3.715055122041,-3.413944846436,
    18.086994655643));
#3272 = CARTESIAN_POINT('',(-3.788518660427,-3.33537168048,
    17.940415715364));
#3273 = CARTESIAN_POINT('',(-3.86355454999,-3.250874849711,
    17.799655138051));
#3274 = CARTESIAN_POINT('',(-3.939625977427,-3.16045660385,
    17.664222713043));
#3275 = CARTESIAN_POINT('',(-4.016212465074,-3.064041020784,
    17.533838037023));
#3276 = CARTESIAN_POINT('',(-4.141350358002,-2.89660695773,
    17.328491634255));
#3277 = CARTESIAN_POINT('',(-4.189924877661,-2.829175728415,
    17.250701945489));
#3278 = CARTESIAN_POINT('',(-4.238376802688,-2.759289002734,
    17.174784326396));
#3279 = CARTESIAN_POINT('',(-4.286595042396,-2.686908003437,
    17.100701859596));
#3280 = CARTESIAN_POINT('',(-4.334475845806,-2.611975760502,
    17.028430711437));
#3281 = CARTESIAN_POINT('',(-4.381919198359,-2.534420141494,
    16.957962080167));
#3282 = CARTESIAN_POINT('',(-4.428825222626,-2.454156877124,
    16.889304139156));
#3283 = CARTESIAN_POINT('',(-4.47509058285,-2.371092581507,
    16.822483976483));
#3284 = CARTESIAN_POINT('',(-4.520604893115,-2.285127767043,
    16.757549530246));
#3285 = CARTESIAN_POINT('',(-4.565247128932,-2.196159853175,
    16.694571521183));
#3286 = CARTESIAN_POINT('',(-4.608882041792,-2.104086169021,
    16.633645382098));
#3287 = CARTESIAN_POINT('',(-4.651356576393,-2.008806949105,
    16.57489318539));
#3288 = CARTESIAN_POINT('',(-4.742139532928,-1.791273610584,
    16.450374431523));
#3289 = CARTESIAN_POINT('',(-4.789960599183,-1.667094934882,
    16.385511820919));
#3290 = CARTESIAN_POINT('',(-4.834383831822,-1.541936832549,
    16.325824788939));
#3291 = CARTESIAN_POINT('',(-4.881395268041,-1.394440533279,
    16.263271985746));
#3292 = CARTESIAN_POINT('',(-4.910951294689,-1.287959283664,
    16.224315334984));
#3293 = CARTESIAN_POINT('',(-4.962711485041,-1.099514738359,
    16.156049001079));
#3294 = CARTESIAN_POINT('',(-4.981756646534,-0.986325017338,
    16.131746813026));
#3295 = CARTESIAN_POINT('',(-5.019027151746,-0.808777881303,
    16.08290970144));
#3296 = CARTESIAN_POINT('',(-5.037933066429,-0.660035347475,
    16.058724100831));
#3297 = CARTESIAN_POINT('',(-5.057064856613,-0.495417677696,
    16.033936432028));
#3298 = CARTESIAN_POINT('',(-5.068742731748,-0.332006915691,
    16.018910947034));
#3299 = CARTESIAN_POINT('',(-5.074814169524,-0.166401924601,
    16.011083429033));
#3300 = CARTESIAN_POINT('',(-5.074814169524,-6.495217320602E-16,
    16.011083429033));
#3301 = CARTESIAN_POINT('',(-5.009583715059,1.572393347934E-10,
    22.899232194719));
#3302 = CARTESIAN_POINT('',(-5.009583715063,-0.107294066119,
    22.899232194724));
#3303 = CARTESIAN_POINT('',(-5.006916765398,-0.214560623732,
    22.895760046952));
#3304 = CARTESIAN_POINT('',(-5.001595160758,-0.321417434753,
    22.888832773021));
#3305 = CARTESIAN_POINT('',(-4.993660790121,-0.427529060816,
    22.878499470069));
#3306 = CARTESIAN_POINT('',(-4.983182214476,-0.5326017501,
    22.864838289444));
#3307 = CARTESIAN_POINT('',(-4.970251751563,-0.636378337951,
    22.847953423752));
#3308 = CARTESIAN_POINT('',(-4.954982565988,-0.738633160263,
    22.827972100351));
#3309 = CARTESIAN_POINT('',(-4.937505763268,-0.839166978679,
    22.805041579778));
#3310 = CARTESIAN_POINT('',(-4.917967486036,-0.937801916361,
    22.779326156891));
#3311 = CARTESIAN_POINT('',(-4.896526011046,-1.034376403031,
    22.751004163458));
#3312 = CARTESIAN_POINT('',(-4.87334884534,-1.128740128024,
    22.72026497001));
#3313 = CARTESIAN_POINT('',(-4.848609820362,-1.220748999976,
    22.687305985823));
#3314 = CARTESIAN_POINT('',(-4.777610095332,-1.464025392967,
    22.592246106281));
#3315 = CARTESIAN_POINT('',(-4.728650953601,-1.610540915569,
    22.526216667855));
#3316 = CARTESIAN_POINT('',(-4.676063076691,-1.75053370421,
    22.454671705483));
#3317 = CARTESIAN_POINT('',(-4.620399362347,-1.88420368409,
    22.378164925676));
#3318 = CARTESIAN_POINT('',(-4.562208341972,-2.011603334987,
    22.297238148978));
#3319 = CARTESIAN_POINT('',(-4.501976860712,-2.132838385696,
    22.212343719146));
#3320 = CARTESIAN_POINT('',(-4.440108998179,-2.248132799616,
    22.123812042516));
#3321 = CARTESIAN_POINT('',(-4.376931848393,-2.357801355967,
    22.031851756663));
#3322 = CARTESIAN_POINT('',(-4.312718765454,-2.46217322057,
    21.936570010623));
#3323 = CARTESIAN_POINT('',(-4.247720659116,-2.561510011904,
    21.838000312691));
#3324 = CARTESIAN_POINT('',(-4.182195895465,-2.655961995075,
    21.736125363569));
#3325 = CARTESIAN_POINT('',(-4.116429324089,-2.745606174397,
    21.630882251769));
#3326 = CARTESIAN_POINT('',(-3.976381460538,-2.926807408782,
    21.399073098437));
#3327 = CARTESIAN_POINT('',(-3.90211022902,-3.017043110429,
    21.271595321324));
#3328 = CARTESIAN_POINT('',(-3.828366714266,-3.101430546886,
    21.139255055334));
#3329 = CARTESIAN_POINT('',(-3.755719345178,-3.179997501468,
    21.00192746753));
#3330 = CARTESIAN_POINT('',(-3.684760905265,-3.252698663065,
    20.859334441908));
#3331 = CARTESIAN_POINT('',(-3.616220399755,-3.319348229678,
    20.710916807435));
#3332 = CARTESIAN_POINT('',(-3.551174800541,-3.379519595199,
    20.555959798614));
#3333 = CARTESIAN_POINT('',(-3.491253245191,-3.432459604948,
    20.393874402579));
#3334 = CARTESIAN_POINT('',(-3.438725357596,-3.477065426948,
    20.224536064563));
#3335 = CARTESIAN_POINT('',(-3.396364560456,-3.511972483712,
    20.04858070652));
#3336 = CARTESIAN_POINT('',(-3.36697700482,-3.535801901644,
    19.867556217316));
#3337 = CARTESIAN_POINT('',(-3.3524877148,-3.547615240302,
    19.683825915515));
#3338 = CARTESIAN_POINT('',(-3.352468542123,-3.547630130185,
    19.316454816072));
#3339 = CARTESIAN_POINT('',(-3.366953614445,-3.535815607327,
    19.132747506285));
#3340 = CARTESIAN_POINT('',(-3.39628716429,-3.512036429989,
    18.951808112989));
#3341 = CARTESIAN_POINT('',(-3.43859066833,-3.477186358416,
    18.775909101866));
#3342 = CARTESIAN_POINT('',(-3.491106508518,-3.432595410064,
    18.60652439267));
#3343 = CARTESIAN_POINT('',(-3.551067052576,-3.37962044692,
    18.444302067176));
#3344 = CARTESIAN_POINT('',(-3.616166663162,-3.319398288272,
    18.289202672836));
#3345 = CARTESIAN_POINT('',(-3.684726181836,-3.252731641624,
    18.140736011362));
#3346 = CARTESIAN_POINT('',(-3.755640467378,-3.180077407537,
    17.998230687766));
#3347 = CARTESIAN_POINT('',(-3.828199466114,-3.101606804501,
    17.861072190872));
#3348 = CARTESIAN_POINT('',(-3.901872639791,-3.017307017258,
    17.728846537976));
#3349 = CARTESIAN_POINT('',(-3.976145798503,-2.927094488785,
    17.601327485629));
#3350 = CARTESIAN_POINT('',(-4.097651493306,-2.769912803305,
    17.400190716568));
#3351 = CARTESIAN_POINT('',(-4.14484661665,-2.706499481016,
    17.323926123861));
#3352 = CARTESIAN_POINT('',(-4.191962252257,-2.640651975784,
    17.249418148999));
#3353 = CARTESIAN_POINT('',(-4.238887380793,-2.572331944255,
    17.176641808165));
#3354 = CARTESIAN_POINT('',(-4.285518186191,-2.501484045044,
    17.105583433406));
#3355 = CARTESIAN_POINT('',(-4.331754518325,-2.428038753189,
    17.036242816232));
#3356 = CARTESIAN_POINT('',(-4.377496367006,-2.351915161373,
    16.96863533795));
#3357 = CARTESIAN_POINT('',(-4.422640346889,-2.273023766867,
    16.902794088194));
#3358 = CARTESIAN_POINT('',(-4.467076192659,-2.191269243361,
    16.838771972603));
#3359 = CARTESIAN_POINT('',(-4.510683263798,-2.106553196361,
    16.776643811179));
#3360 = CARTESIAN_POINT('',(-4.553327057855,-2.018776901292,
    16.716508428546));
#3361 = CARTESIAN_POINT('',(-4.594855731123,-1.927844022788,
    16.658490737818));
#3362 = CARTESIAN_POINT('',(-4.683642307536,-1.720045888479,
    16.535492029249));
#3363 = CARTESIAN_POINT('',(-4.73042758632,-1.60131071686,
    16.471397280662));
#3364 = CARTESIAN_POINT('',(-4.773932430113,-1.481486864263,
    16.412354662601));
#3365 = CARTESIAN_POINT('',(-4.819979513232,-1.339987982901,
    16.350474235771));
#3366 = CARTESIAN_POINT('',(-4.848721302503,-1.238911253896,
    16.312197547541));
#3367 = CARTESIAN_POINT('',(-4.900076684711,-1.05553636143,
    16.243797010055));
#3368 = CARTESIAN_POINT('',(-4.917798749605,-0.95040293198,
    16.220985203191));
#3369 = CARTESIAN_POINT('',(-4.955246818906,-0.77653961892,
    16.171419567847));
#3370 = CARTESIAN_POINT('',(-4.973221427943,-0.635544901121,
    16.14821540481));
#3371 = CARTESIAN_POINT('',(-4.99222931974,-0.47638526422,16.12333507471
    ));
#3372 = CARTESIAN_POINT('',(-5.003620188795,-0.31941719915,
    16.108533746982));
#3373 = CARTESIAN_POINT('',(-5.009583715059,-0.160074946316,
    16.100767805281));
#3374 = CARTESIAN_POINT('',(-5.009583715059,2.24172617149E-16,
    16.100767805281));
#3375 = CARTESIAN_POINT('',(-4.919899338811,2.453364000619E-10,
    22.834001740253));
#3376 = CARTESIAN_POINT('',(-4.919899338818,-0.103299018971,
    22.834001740261));
#3377 = CARTESIAN_POINT('',(-4.917225765188,-0.206605266137,
    22.830599330778));
#3378 = CARTESIAN_POINT('',(-4.911890055581,-0.309527911469,
    22.823809902056));
#3379 = CARTESIAN_POINT('',(-4.903933797002,-0.411727584772,
    22.813681215341));
#3380 = CARTESIAN_POINT('',(-4.893425641441,-0.512910562168,
    22.800290188219));
#3381 = CARTESIAN_POINT('',(-4.880458223857,-0.61282295776,
    22.783739682661));
#3382 = CARTESIAN_POINT('',(-4.865145082194,-0.7112449194,
    22.764155295547));
#3383 = CARTESIAN_POINT('',(-4.84761757856,-0.807984828802,
    22.741682150486));
#3384 = CARTESIAN_POINT('',(-4.828021821376,-0.902873504748,
    22.716481690982));
#3385 = CARTESIAN_POINT('',(-4.806515587579,-0.995758409627,
    22.688728473641));
#3386 = CARTESIAN_POINT('',(-4.783265244688,-1.086497858179,
    22.658606961449));
#3387 = CARTESIAN_POINT('',(-4.758442672021,-1.174955228376,
    22.62630831612));
#3388 = CARTESIAN_POINT('',(-4.687188979678,-1.408761728527,
    22.53314999809));
#3389 = CARTESIAN_POINT('',(-4.638064170954,-1.549425067252,
    22.468471960072));
#3390 = CARTESIAN_POINT('',(-4.585278550044,-1.683752191879,
    22.398385661002));
#3391 = CARTESIAN_POINT('',(-4.529382523676,-1.811934174526,
    22.323433743119));
#3392 = CARTESIAN_POINT('',(-4.470927803556,-1.934001507109,
    22.244154817153));
#3393 = CARTESIAN_POINT('',(-4.410402182504,-2.050043488142,
    22.160996349964));
#3394 = CARTESIAN_POINT('',(-4.348206125321,-2.160278032766,
    22.074279592163));
#3395 = CARTESIAN_POINT('',(-4.284659907399,-2.265020311926,
    21.984201611703));
#3396 = CARTESIAN_POINT('',(-4.220030028734,-2.364598660517,
    21.890859491569));
#3397 = CARTESIAN_POINT('',(-4.154563621828,-2.459266237083,
    21.794281739282));
#3398 = CARTESIAN_POINT('',(-4.088519560049,-2.549156966075,
    21.69445193979));
#3399 = CARTESIAN_POINT('',(-4.022184959275,-2.634334346739,
    21.591309667009));
#3400 = CARTESIAN_POINT('',(-3.880850660974,-2.80620380985,
    21.36414059241));
#3401 = CARTESIAN_POINT('',(-3.805849260027,-2.891600626026,
    21.239230907125));
#3402 = CARTESIAN_POINT('',(-3.731305564192,-2.971301155449,
    21.109504104251));
#3403 = CARTESIAN_POINT('',(-3.657793131502,-3.045337940943,
    20.974843171945));
#3404 = CARTESIAN_POINT('',(-3.585913699613,-3.113673258627,
    20.834983790769));
#3405 = CARTESIAN_POINT('',(-3.516410529477,-3.176146058623,
    20.689372990611));
#3406 = CARTESIAN_POINT('',(-3.450385378633,-3.23238414766,
    20.53729379925));
#3407 = CARTESIAN_POINT('',(-3.389507760433,-3.281726211124,
    20.378152143872));
#3408 = CARTESIAN_POINT('',(-3.336104864073,-3.323198416853,
    20.211821907996));
#3409 = CARTESIAN_POINT('',(-3.293020270126,-3.355590441661,
    20.038943590636));
#3410 = CARTESIAN_POINT('',(-3.263129540087,-3.377675751573,
    19.861071490825));
#3411 = CARTESIAN_POINT('',(-3.248401084771,-3.388620764272,
    19.680563883873));
#3412 = CARTESIAN_POINT('',(-3.248381986003,-3.388633401301,
    19.319697693733));
#3413 = CARTESIAN_POINT('',(-3.263106223668,-3.377687655054,
    19.139229828984));
#3414 = CARTESIAN_POINT('',(-3.292941175909,-3.355651530583,
    18.961452619633));
#3415 = CARTESIAN_POINT('',(-3.335966464716,-3.323315033721,
    18.788630900337));
#3416 = CARTESIAN_POINT('',(-3.389356666845,-3.28185753532,
    18.622250030652));
#3417 = CARTESIAN_POINT('',(-3.450274339562,-3.232481873414,
    18.462967613949));
#3418 = CARTESIAN_POINT('',(-3.516355322898,-3.176194521997,
    18.310744561343));
#3419 = CARTESIAN_POINT('',(-3.585878602924,-3.11370443543,
    18.165084672672));
#3420 = CARTESIAN_POINT('',(-3.657713366382,-3.04541296364,18.0253122737
    ));
#3421 = CARTESIAN_POINT('',(-3.731135869843,-2.971467184127,
    17.890817874779));
#3422 = CARTESIAN_POINT('',(-3.80560855681,-2.891849051004,
    17.761202186338));
#3423 = CARTESIAN_POINT('',(-3.880613620949,-2.806472857654,
    17.636249114493));
#3424 = CARTESIAN_POINT('',(-4.003228827608,-2.657396168698,
    17.439150242241));
#3425 = CARTESIAN_POINT('',(-4.050841161968,-2.597166728115,
    17.364405842095));
#3426 = CARTESIAN_POINT('',(-4.098347265586,-2.534557497243,
    17.291391781539));
#3427 = CARTESIAN_POINT('',(-4.145635907884,-2.469531518757,
    17.220082896572));
#3428 = CARTESIAN_POINT('',(-4.192603698689,-2.402035367892,
    17.150464673118));
#3429 = CARTESIAN_POINT('',(-4.239151437559,-2.332001832133,
    17.082535452837));
#3430 = CARTESIAN_POINT('',(-4.285180467026,-2.259352586579,
    17.01630863442));
#3431 = CARTESIAN_POINT('',(-4.330589029757,-2.184000864676,
    16.951814870603));
#3432 = CARTESIAN_POINT('',(-4.375268629225,-2.105854123973,
    16.889104261617));
#3433 = CARTESIAN_POINT('',(-4.419100393895,-2.024816706467,
    16.828248545147));
#3434 = CARTESIAN_POINT('',(-4.461951444295,-1.940792493261,
    16.769343283661));
#3435 = CARTESIAN_POINT('',(-4.503671262818,-1.85368755297,
    16.712510049335));
#3436 = CARTESIAN_POINT('',(-4.592858972991,-1.654478327324,
    16.591999045833));
#3437 = CARTESIAN_POINT('',(-4.639839997539,-1.54056928765,
    16.529199488319));
#3438 = CARTESIAN_POINT('',(-4.683534206149,-1.425512638323,
    16.471319219996));
#3439 = CARTESIAN_POINT('',(-4.729749116314,-1.289441622843,
    16.410687014323));
#3440 = CARTESIAN_POINT('',(-4.758400175084,-1.193279141065,
    16.373424802501));
#3441 = CARTESIAN_POINT('',(-4.810485932369,-1.014522839943,
    16.305642353526));
#3442 = CARTESIAN_POINT('',(-4.827391384913,-0.916864687181,
    16.284449418189));
#3443 = CARTESIAN_POINT('',(-4.865765953917,-0.746403357192,
    16.234772128666));
#3444 = CARTESIAN_POINT('',(-4.883271268962,-0.612635189399,
    16.212729731733));
#3445 = CARTESIAN_POINT('',(-4.902549085303,-0.458581553389,
    16.188048628273));
#3446 = CARTESIAN_POINT('',(-4.913912213456,-0.307643985057,
    16.173620267824));
#3447 = CARTESIAN_POINT('',(-4.919899338811,-0.154163519548,
    16.165998259747));
#3448 = CARTESIAN_POINT('',(-4.919899338811,-6.839197344431E-16,
    16.165998259747));
#3449 = CARTESIAN_POINT('',(-4.815750623039,3.621984525083E-10,22.8));
#3450 = CARTESIAN_POINT('',(-4.815750623049,-0.1000138755,
    22.800000000011));
#3451 = CARTESIAN_POINT('',(-4.813031185791,-0.200060223173,
    22.796708112558));
#3452 = CARTESIAN_POINT('',(-4.807603741851,-0.299746883961,
    22.79013867398));
#3453 = CARTESIAN_POINT('',(-4.799510177679,-0.398736788151,
    22.780337480296));
#3454 = CARTESIAN_POINT('',(-4.788819683958,-0.496741528017,
    22.767378569347));
#3455 = CARTESIAN_POINT('',(-4.77562559239,-0.593514907445,
    22.751360990265));
#3456 = CARTESIAN_POINT('',(-4.760042203426,-0.688846470318,
    22.73240556227));
#3457 = CARTESIAN_POINT('',(-4.74220160786,-0.78255500953,
    22.710651627093));
#3458 = CARTESIAN_POINT('',(-4.722250504845,-0.874482059808,
    22.686253796317));
#3459 = CARTESIAN_POINT('',(-4.700347019168,-0.964485376374,
    22.65937869835));
#3460 = CARTESIAN_POINT('',(-4.676657520128,-1.052432402776,
    22.630201726042));
#3461 = CARTESIAN_POINT('',(-4.651353444422,-1.138193729939,
    22.598903788802));
#3462 = CARTESIAN_POINT('',(-4.578701943864,-1.364859410209,
    22.508621643938));
#3463 = CARTESIAN_POINT('',(-4.528607197076,-1.501201481901,
    22.445948646914));
#3464 = CARTESIAN_POINT('',(-4.474735957358,-1.631474767399,
    22.377994346855));
#3465 = CARTESIAN_POINT('',(-4.417635459995,-1.755871108517,
    22.3052699569));
#3466 = CARTESIAN_POINT('',(-4.357858327496,-1.874409089238,
    22.228287730572));
#3467 = CARTESIAN_POINT('',(-4.295891284438,-1.987168268411,
    22.147468310738));
#3468 = CARTESIAN_POINT('',(-4.232129790721,-2.094363226783,
    22.063103931333));
#3469 = CARTESIAN_POINT('',(-4.166886020925,-2.196309814235,
    21.975361071478));
#3470 = CARTESIAN_POINT('',(-4.100417644887,-2.293335817386,
    21.884306195565));
#3471 = CARTESIAN_POINT('',(-4.032964912761,-2.385688058508,
    21.789938274012));
#3472 = CARTESIAN_POINT('',(-3.964783607189,-2.47348770206,
    21.69221185206));
#3473 = CARTESIAN_POINT('',(-3.896161493729,-2.556785292291,
    21.591034519648));
#3474 = CARTESIAN_POINT('',(-3.749745717552,-2.724977398972,
    21.367836432924));
#3475 = CARTESIAN_POINT('',(-3.67191123633,-2.808644833796,
    21.244912944744));
#3476 = CARTESIAN_POINT('',(-3.594354099129,-2.886890072989,
    21.116877463455));
#3477 = CARTESIAN_POINT('',(-3.517661636926,-2.959734033525,
    20.983578426495));
#3478 = CARTESIAN_POINT('',(-3.442455602272,-3.027124556331,
    20.844703940194));
#3479 = CARTESIAN_POINT('',(-3.369520588099,-3.088881224769,
    20.699623429433));
#3480 = CARTESIAN_POINT('',(-3.300040202269,-3.144605206745,
    20.547530896062));
#3481 = CARTESIAN_POINT('',(-3.235820313669,-3.193600519874,
    20.387767598087));
#3482 = CARTESIAN_POINT('',(-3.179380076685,-3.234852421211,
    20.220203719239));
#3483 = CARTESIAN_POINT('',(-3.133792628267,-3.267108147057,
    20.045560831862));
#3484 = CARTESIAN_POINT('',(-3.102157651981,-3.28910525031,
    19.865559516717));
#3485 = CARTESIAN_POINT('',(-3.086586431308,-3.299993708231,
    19.682778719368));
#3486 = CARTESIAN_POINT('',(-3.086565647809,-3.300006286468,
    19.317490789797));
#3487 = CARTESIAN_POINT('',(-3.102133168288,-3.289116731917,
    19.134741410193));
#3488 = CARTESIAN_POINT('',(-3.133710327316,-3.267168612393,
    18.954832051142));
#3489 = CARTESIAN_POINT('',(-3.179235732604,-3.234968503775,
    18.78024823968));
#3490 = CARTESIAN_POINT('',(-3.235662438484,-3.193731545913,
    18.612637004495));
#3491 = CARTESIAN_POINT('',(-3.29992412994,-3.144702748201,
    18.452733500648));
#3492 = CARTESIAN_POINT('',(-3.369463072813,-3.088929338971,
    18.300494749753));
#3493 = CARTESIAN_POINT('',(-3.44241921792,-3.02715501545,
    18.155362354672));
#3494 = CARTESIAN_POINT('',(-3.517578182245,-2.959807928802,
    18.016574233308));
#3495 = CARTESIAN_POINT('',(-3.594175900613,-2.887054433999,
    17.883443302208));
#3496 = CARTESIAN_POINT('',(-3.671658689571,-2.808890358691,
    17.755519194465));
#3497 = CARTESIAN_POINT('',(-3.749498640669,-2.725241060962,
    17.632547664742));
#3498 = CARTESIAN_POINT('',(-3.876501713564,-2.579378301017,
    17.438925729937));
#3499 = CARTESIAN_POINT('',(-3.925778845864,-2.520462230604,
    17.365565533021));
#3500 = CARTESIAN_POINT('',(-3.974872149659,-2.459278391564,
    17.294013594678));
#3501 = CARTESIAN_POINT('',(-4.023669893,-2.395792889522,17.224231936704
    ));
#3502 = CARTESIAN_POINT('',(-4.07206938512,-2.329954964694,
    17.156193710239));
#3503 = CARTESIAN_POINT('',(-4.119973104403,-2.261699664469,
    17.089885304636));
#3504 = CARTESIAN_POINT('',(-4.167284807391,-2.190950535458,
    17.025308476672));
#3505 = CARTESIAN_POINT('',(-4.213905619455,-2.117622336483,
    16.962482497974));
#3506 = CARTESIAN_POINT('',(-4.259730108018,-2.041623774279,
    16.901446319252));
#3507 = CARTESIAN_POINT('',(-4.304642339682,-1.962860263354,
    16.842260748764));
#3508 = CARTESIAN_POINT('',(-4.348511922689,-1.88123671208,
    16.785010643514));
#3509 = CARTESIAN_POINT('',(-4.391190036886,-1.79666033668,
    16.729807110191));
#3510 = CARTESIAN_POINT('',(-4.482400499006,-1.603232015631,
    16.612762634972));
#3511 = CARTESIAN_POINT('',(-4.530410431171,-1.492657613951,
    16.551803824395));
#3512 = CARTESIAN_POINT('',(-4.575036347586,-1.380988725082,
    16.495634589518));
#3513 = CARTESIAN_POINT('',(-4.622175711601,-1.248908402862,
    16.436864931153));
#3514 = CARTESIAN_POINT('',(-4.651246462453,-1.156481625535,
    16.400958364205));
#3515 = CARTESIAN_POINT('',(-4.704730684546,-0.981155144428,
    16.334686674067));
#3516 = CARTESIAN_POINT('',(-4.721280732152,-0.889515024796,
    16.315146975089));
#3517 = CARTESIAN_POINT('',(-4.76095189155,-0.721691588687,
    16.266147905928));
#3518 = CARTESIAN_POINT('',(-4.7783678719,-0.593807215348,
    16.245404290923));
#3519 = CARTESIAN_POINT('',(-4.798140458155,-0.443928952497,
    16.221278655551));
#3520 = CARTESIAN_POINT('',(-4.809654602032,-0.297952083298,
    16.207383975313));
#3521 = CARTESIAN_POINT('',(-4.815750623039,-0.14930252946,16.2));
#3522 = CARTESIAN_POINT('',(-4.815750623039,-2.6295618504E-16,16.2));
#3523 = CARTESIAN_POINT('',(-4.708815909778,-3.665120057867E-18,22.8));
#3524 = CARTESIAN_POINT('',(-4.708815909791,-9.777328049185E-02,
    22.800000000014));
#3525 = CARTESIAN_POINT('',(-4.70603935842,-0.195591229442,
    22.796851526079));
#3526 = CARTESIAN_POINT('',(-4.700498530322,-0.29307014907,
    22.790568664164));
#3527 = CARTESIAN_POINT('',(-4.692236014886,-0.389883577045,
    22.781194609662));
#3528 = CARTESIAN_POINT('',(-4.681321619195,-0.485755349285,
    22.768798687367));
#3529 = CARTESIAN_POINT('',(-4.667849234884,-0.580452594244,
    22.753473334298));
#3530 = CARTESIAN_POINT('',(-4.651933676881,-0.673778665158,
    22.735331052608));
#3531 = CARTESIAN_POINT('',(-4.633707502228,-0.765566018749,
    22.714501342108));
#3532 = CARTESIAN_POINT('',(-4.613317817262,-0.855669049294,
    22.691127619175));
#3533 = CARTESIAN_POINT('',(-4.59092308119,-0.943956887426,
    22.665364131841));
#3534 = CARTESIAN_POINT('',(-4.566689913619,-1.030306172698,
    22.63737287716));
#3535 = CARTESIAN_POINT('',(-4.540789913045,-1.114593808422,
    22.607320529181));
#3536 = CARTESIAN_POINT('',(-4.466431371063,-1.337440432095,
    22.520606477248));
#3537 = CARTESIAN_POINT('',(-4.415155927061,-1.471628528641,
    22.460385094645));
#3538 = CARTESIAN_POINT('',(-4.359969671283,-1.600106487735,
    22.395000650794));
#3539 = CARTESIAN_POINT('',(-4.301415042777,-1.723076174825,
    22.324911939534));
#3540 = CARTESIAN_POINT('',(-4.24004202493,-1.840554153135,
    22.250581187048));
#3541 = CARTESIAN_POINT('',(-4.176333781834,-1.952615524378,
    22.172380712118));
#3542 = CARTESIAN_POINT('',(-4.110680185766,-2.05947139561,
    22.090555550192));
#3543 = CARTESIAN_POINT('',(-4.043386092234,-2.161434798942,
    22.005225389633));
#3544 = CARTESIAN_POINT('',(-3.974701297347,-2.258829378385,
    21.916409267772));
#3545 = CARTESIAN_POINT('',(-3.90485925477,-2.351894489865,
    21.824056647675));
#3546 = CARTESIAN_POINT('',(-3.834111813601,-2.440739592402,
    21.728068718494));
#3547 = CARTESIAN_POINT('',(-3.762747452861,-2.525399960526,
    21.628294015427));
#3548 = CARTESIAN_POINT('',(-3.610358372416,-2.696879789617,
    21.407554112772));
#3549 = CARTESIAN_POINT('',(-3.529257159616,-2.782573345938,
    21.285636960327));
#3550 = CARTESIAN_POINT('',(-3.448243038869,-2.863210115368,
    21.158014017795));
#3551 = CARTESIAN_POINT('',(-3.367922549886,-2.938775742581,
    21.024481035092));
#3552 = CARTESIAN_POINT('',(-3.288939701141,-3.009177027083,
    20.884642916567));
#3553 = CARTESIAN_POINT('',(-3.212124321459,-3.074167524963,
    20.737734180577));
#3554 = CARTESIAN_POINT('',(-3.138752547423,-3.133237634682,
    20.582800794623));
#3555 = CARTESIAN_POINT('',(-3.070785630013,-3.185524466169,
    20.419086449348));
#3556 = CARTESIAN_POINT('',(-3.010959125076,-3.229793524201,
    20.246473878904));
#3557 = CARTESIAN_POINT('',(-2.962599675613,-3.264541887983,
    20.065841549177));
#3558 = CARTESIAN_POINT('',(-2.929048136345,-3.288272437255,
    19.879207348849));
#3559 = CARTESIAN_POINT('',(-2.912561539655,-3.299992594405,
    19.689540815505));
#3560 = CARTESIAN_POINT('',(-2.912538392649,-3.300007398881,
    19.310759948856));
#3561 = CARTESIAN_POINT('',(-2.9290219812,-3.288285254319,
    19.121095624652));
#3562 = CARTESIAN_POINT('',(-2.962514680656,-3.264604519546,
    18.93453900765));
#3563 = CARTESIAN_POINT('',(-3.010810223531,-3.22991347971,
    18.753969353514));
#3564 = CARTESIAN_POINT('',(-3.070622498609,-3.185659999045,
    18.581318961819));
#3565 = CARTESIAN_POINT('',(-3.138632500007,-3.133338470699,
    18.417469143532));
#3566 = CARTESIAN_POINT('',(-3.212064934872,-3.074216952697,
    18.262387024643));
#3567 = CARTESIAN_POINT('',(-3.28890193958,-3.009208266343,
    18.115421675369));
#3568 = CARTESIAN_POINT('',(-3.367834745647,-2.93885297417,
    17.975669618736));
#3569 = CARTESIAN_POINT('',(-3.448054817236,-2.863382675679,
    17.842310133005));
#3570 = CARTESIAN_POINT('',(-3.528990248279,-2.782830456459,
    17.714802469881));
#3571 = CARTESIAN_POINT('',(-3.610098305693,-2.697152821759,
    17.592830760292));
#3572 = CARTESIAN_POINT('',(-3.742237558095,-2.548487459221,
    17.40140451328));
#3573 = CARTESIAN_POINT('',(-3.793499908479,-2.488551877144,
    17.328991819679));
#3574 = CARTESIAN_POINT('',(-3.844489544707,-2.426510933488,
    17.258568556126));
#3575 = CARTESIAN_POINT('',(-3.895093580775,-2.362336874518,
    17.190074470405));
#3576 = CARTESIAN_POINT('',(-3.945209552934,-2.295983774904,
    17.1234616436));
#3577 = CARTESIAN_POINT('',(-3.994741354596,-2.227390285691,
    17.058696359937));
#3578 = CARTESIAN_POINT('',(-4.043595102308,-2.156482450081,
    16.995761042065));
#3579 = CARTESIAN_POINT('',(-4.091674935246,-2.083176591699,
    16.934656245459));
#3580 = CARTESIAN_POINT('',(-4.138878751638,-2.007382280317,
    16.875402705777));
#3581 = CARTESIAN_POINT('',(-4.185093886714,-1.929005379995,
    16.818043432683));
#3582 = CARTESIAN_POINT('',(-4.230192737676,-1.847951185427,
    16.762645843408));
#3583 = CARTESIAN_POINT('',(-4.274028342786,-1.764127652241,
    16.70930392819));
#3584 = CARTESIAN_POINT('',(-4.367712987217,-1.572613936082,
    16.596260186029));
#3585 = CARTESIAN_POINT('',(-4.416993826272,-1.46330245487,
    16.537464447776));
#3586 = CARTESIAN_POINT('',(-4.462759220102,-1.353090065495,
    16.483362298361));
#3587 = CARTESIAN_POINT('',(-4.51103340168,-1.222960480079,
    16.42687699131));
#3588 = CARTESIAN_POINT('',(-4.540711091191,-1.132605987793,
    16.392540493236));
#3589 = CARTESIAN_POINT('',(-4.595644290913,-0.958981019535,
    16.328531230518));
#3590 = CARTESIAN_POINT('',(-4.612162065887,-0.871273000109,
    16.310546027716));
#3591 = CARTESIAN_POINT('',(-4.653036643577,-0.704949045197,16.26296642)
  );
#3592 = CARTESIAN_POINT('',(-4.670585631154,-0.580997493197,
    16.243557522249));
#3593 = CARTESIAN_POINT('',(-4.690861167662,-0.433916883249,
    16.220307410553));
#3594 = CARTESIAN_POINT('',(-4.702588901676,-0.291325812276,
    16.20706854747));
#3595 = CARTESIAN_POINT('',(-4.708815909778,-0.145987146199,16.2));
#3596 = CARTESIAN_POINT('',(-4.708815909778,-8.119320074951E-16,16.2));
#3597 = ADVANCED_FACE('',(#3598),#3626,.T.);
#3598 = FACE_BOUND('',#3599,.T.);
#3599 = EDGE_LOOP('',(#3600,#3601,#3624,#3625));
#3600 = ORIENTED_EDGE('',*,*,#2833,.T.);
#3601 = ORIENTED_EDGE('',*,*,#3602,.T.);
#3602 = EDGE_CURVE('',#2809,#2989,#3603,.T.);
#3603 = ( BOUNDED_CURVE() B_SPLINE_CURVE(7,(#3604,#3605,#3606,#3607,
    #3608,#3609,#3610,#3611,#3612,#3613,#3614,#3615,#3616,#3617,#3618,
    #3619,#3620,#3621,#3622,#3623),.UNSPECIFIED.,.F.,.F.) 
B_SPLINE_CURVE_WITH_KNOTS((8,6,6,8),(5.353500548395,7.584248764386,
9.553074142052,10.70666223792),.UNSPECIFIED.) CURVE() 
GEOMETRIC_REPRESENTATION_ITEM() RATIONAL_B_SPLINE_CURVE((1.080016620298,
    1.080017314433,1.077983741705,1.073785872198,1.069289846061,
    1.064838138869,1.060486438737,1.052719772153,1.049250276917,
    1.046015044907,1.042998516059,1.040248858801,1.037837299317,
    1.034659704342,1.033624193228,1.032756519639,1.03208293956,
1.031624254039,1.031393471788,1.031393471788)) REPRESENTATION_ITEM('') 
  );
#3604 = CARTESIAN_POINT('',(-2.912549960517,3.3,19.5));
#3605 = CARTESIAN_POINT('',(-2.912536946521,3.300007734327,
    19.851604650029));
#3606 = CARTESIAN_POINT('',(-2.973869905731,3.25639575409,
    20.204984247583));
#3607 = CARTESIAN_POINT('',(-3.101088848664,3.16703606135,
    20.531886080181));
#3608 = CARTESIAN_POINT('',(-3.24187823938,3.054731653762,
    20.813381900129));
#3609 = CARTESIAN_POINT('',(-3.390095071812,2.924055564235,
    21.071922873985));
#3610 = CARTESIAN_POINT('',(-3.541211054766,2.774652684673,
    21.307377706063));
#3611 = CARTESIAN_POINT('',(-3.823852825207,2.456666722177,
    21.716827005845));
#3612 = CARTESIAN_POINT('',(-3.955671946377,2.292219863271,
    21.89442547774));
#3613 = CARTESIAN_POINT('',(-4.083678262034,2.11161599953,
    22.058978380069));
#3614 = CARTESIAN_POINT('',(-4.205975304114,1.916323159142,
    22.210584242471));
#3615 = CARTESIAN_POINT('',(-4.321647425735,1.697483779556,
    22.350137614511));
#3616 = CARTESIAN_POINT('',(-4.424687723068,1.461470279158,
    22.471902356399));
#3617 = CARTESIAN_POINT('',(-4.563149613705,1.048198904179,
    22.633409677336));
#3618 = CARTESIAN_POINT('',(-4.608820254367,0.887033339062,
    22.686110387855));
#3619 = CARTESIAN_POINT('',(-4.647477967563,0.718743607531,
    22.730341952259));
#3620 = CARTESIAN_POINT('',(-4.677730691164,0.544255185483,
    22.764752275279));
#3621 = CARTESIAN_POINT('',(-4.698419643578,0.364795940581,
    22.788211178059));
#3622 = CARTESIAN_POINT('',(-4.708815909753,0.182332114985,
    22.799999999973));
#3623 = CARTESIAN_POINT('',(-4.708815909778,-3.665120057866E-18,22.8));
#3624 = ORIENTED_EDGE('',*,*,#2988,.F.);
#3625 = ORIENTED_EDGE('',*,*,#508,.F.);
#3626 = ( BOUNDED_SURFACE() B_SPLINE_SURFACE(6,7,(
    (#3627,#3628,#3629,#3630,#3631,#3632,#3633,#3634,#3635,#3636,#3637
      ,#3638,#3639,#3640,#3641,#3642,#3643,#3644,#3645,#3646)
    ,(#3647,#3648,#3649,#3650,#3651,#3652,#3653,#3654,#3655,#3656,#3657
      ,#3658,#3659,#3660,#3661,#3662,#3663,#3664,#3665,#3666)
    ,(#3667,#3668,#3669,#3670,#3671,#3672,#3673,#3674,#3675,#3676,#3677
      ,#3678,#3679,#3680,#3681,#3682,#3683,#3684,#3685,#3686)
    ,(#3687,#3688,#3689,#3690,#3691,#3692,#3693,#3694,#3695,#3696,#3697
      ,#3698,#3699,#3700,#3701,#3702,#3703,#3704,#3705,#3706)
    ,(#3707,#3708,#3709,#3710,#3711,#3712,#3713,#3714,#3715,#3716,#3717
      ,#3718,#3719,#3720,#3721,#3722,#3723,#3724,#3725,#3726)
    ,(#3727,#3728,#3729,#3730,#3731,#3732,#3733,#3734,#3735,#3736,#3737
      ,#3738,#3739,#3740,#3741,#3742,#3743,#3744,#3745,#3746)
    ,(#3747,#3748,#3749,#3750,#3751,#3752,#3753,#3754,#3755,#3756,#3757
      ,#3758,#3759,#3760,#3761,#3762,#3763,#3764,#3765,#3766
)),.UNSPECIFIED.,.F.,.F.,.F.) B_SPLINE_SURFACE_WITH_KNOTS((7,7),(8,6,6,8
    ),(0.,5.353161689525),(5.353500548395,7.584248764386,9.553074142052,
10.70666223792),.UNSPECIFIED.) GEOMETRIC_REPRESENTATION_ITEM() 
RATIONAL_B_SPLINE_SURFACE((
    (1.080016620298,1.080017314433,1.077983741705,1.073785872198
      ,1.069289846061,1.064838138869,1.060486438737,1.052719772153
      ,1.049250276917,1.046015044907,1.042998516059,1.040248858801
      ,1.037837299317,1.034659704342,1.033624193228,1.032756519639
      ,1.03208293956,1.031624254039,1.031393471788,1.031393471788)
    ,(1.023814727394,1.023814909169,1.023281909523,1.022185850661
      ,1.020972010277,1.019751413025,1.018537636163,1.016339628274
      ,1.015343899797,1.014403054271,1.013515982467,1.01269872112
      ,1.011976161881,1.011018547821,1.010705040336,1.010441293612
      ,1.010235933665,1.010095866774,1.010025407662,1.010025407661)
    ,(0.994937361155,0.994937321701,0.995053023413,0.995290799234
      ,0.995555823012,0.995822030623,0.996086622305,0.996564896854
      ,0.996781201958,0.996985059357,0.997176693688,0.997352634559
      ,0.997507715719,0.997712772686,0.997779782285,0.997836058216
      ,0.997879816347,0.997909639223,0.997924642725,0.997924642725)
    ,(0.985303459801,0.985303340504,0.985652944996,0.986373703533
      ,0.987154074709,0.987932292364,0.988698840971,0.990076900539
      ,0.990696829492,0.991279073912,0.991825518381,0.99232692961
      ,0.992768999362,0.993353741844,0.993544883049,0.993705484545
      ,0.993830421325,0.993915595698,0.993958444137,0.993958444137)
    ,(0.994937361155,0.994937321701,0.995053023413,0.995290799234
      ,0.995555823012,0.995822030623,0.996086622305,0.996564896854
      ,0.996781201958,0.996985059357,0.997176693688,0.997352634559
      ,0.997507715719,0.997712772686,0.997779782285,0.997836058216
      ,0.997879816347,0.997909639223,0.997924642725,0.997924642725)
    ,(1.023814727394,1.023814909169,1.023281909523,1.022185850661
      ,1.020972010277,1.019751413025,1.018537636163,1.016339628274
      ,1.015343899797,1.014403054271,1.013515982467,1.01269872112
      ,1.011976161881,1.011018547821,1.010705040336,1.010441293612
      ,1.010235933665,1.010095866774,1.010025407662,1.010025407661)
    ,(1.080016620298,1.080017314433,1.077983741705,1.073785872198
      ,1.069289846061,1.064838138869,1.060486438737,1.052719772153
      ,1.049250276917,1.046015044907,1.042998516059,1.040248858801
      ,1.037837299317,1.034659704342,1.033624193228,1.032756519639
      ,1.03208293956,1.031624254039,1.031393471788,1.031393471788
))) REPRESENTATION_ITEM('') SURFACE() );
#3627 = CARTESIAN_POINT('',(-3.159962477877,4.014304066512,19.5));
#3628 = CARTESIAN_POINT('',(-3.159944658678,4.014318093351,
    19.894536099432));
#3629 = CARTESIAN_POINT('',(-3.22675690396,3.961536883649,
    20.291351481374));
#3630 = CARTESIAN_POINT('',(-3.365035089702,3.853953388978,
    20.657285609739));
#3631 = CARTESIAN_POINT('',(-3.518370036369,3.716885834471,
    20.974441984494));
#3632 = CARTESIAN_POINT('',(-3.679058776255,3.558214551942,
    21.263474329333));
#3633 = CARTESIAN_POINT('',(-3.843065747366,3.376270385915,
    21.527611707414));
#3634 = CARTESIAN_POINT('',(-4.149656144626,2.989044807061,
    21.986585997667));
#3635 = CARTESIAN_POINT('',(-4.292614576202,2.788641212563,
    22.185625019156));
#3636 = CARTESIAN_POINT('',(-4.431057465212,2.569755467274,
    22.369535251976));
#3637 = CARTESIAN_POINT('',(-4.564196152313,2.330221020631,
    22.540224393734));
#3638 = CARTESIAN_POINT('',(-4.688981267269,2.065786619741,
    22.695726184894));
#3639 = CARTESIAN_POINT('',(-4.800946025684,1.777627651761,
    22.832540023886));
#3640 = CARTESIAN_POINT('',(-4.950902592311,1.275236982122,
    23.013320987017));
#3641 = CARTESIAN_POINT('',(-5.000455238486,1.079105900296,
    23.072434147414));
#3642 = CARTESIAN_POINT('',(-5.042370541208,0.874141137258,
    23.122009526651));
#3643 = CARTESIAN_POINT('',(-5.075132601577,0.661768201495,
    23.160522626756));
#3644 = CARTESIAN_POINT('',(-5.097533393388,0.443705851728,
    23.186772795309));
#3645 = CARTESIAN_POINT('',(-5.108815909772,0.222157902916,
    23.199999999995));
#3646 = CARTESIAN_POINT('',(-5.108815909778,1.134385010321E-15,23.2));
#3647 = CARTESIAN_POINT('',(-3.296705237332,3.906663493605,
    19.499894967569));
#3648 = CARTESIAN_POINT('',(-3.29669031113,3.906676226393,
    19.875552144876));
#3649 = CARTESIAN_POINT('',(-3.3578868372,3.854657093593,20.252126841399
    ));
#3650 = CARTESIAN_POINT('',(-3.483924116632,3.748975394564,
    20.600213999369));
#3651 = CARTESIAN_POINT('',(-3.62439110314,3.615211026912,
    20.905234702539));
#3652 = CARTESIAN_POINT('',(-3.772648730702,3.460213945494,
    21.185104125109));
#3653 = CARTESIAN_POINT('',(-3.924642707986,3.282605385055,
    21.442544819055));
#3654 = CARTESIAN_POINT('',(-4.209302977739,2.905425247155,
    21.891148719275));
#3655 = CARTESIAN_POINT('',(-4.342240387097,2.710753844741,
    22.08641718234));
#3656 = CARTESIAN_POINT('',(-4.471628713225,2.497772180759,
    22.267915405933));
#3657 = CARTESIAN_POINT('',(-4.5962492648,2.265130523489,22.43666898324)
  );
#3658 = CARTESIAN_POINT('',(-4.713624183977,2.007512091937,
    22.591261538869));
#3659 = CARTESIAN_POINT('',(-4.818953295408,1.727199213717,
    22.727283486127));
#3660 = CARTESIAN_POINT('',(-4.96007618992,1.238696893056,
    22.907136858416));
#3661 = CARTESIAN_POINT('',(-5.006694250702,1.048231747179,
    22.965933871676));
#3662 = CARTESIAN_POINT('',(-5.046175171946,0.849162248987,
    23.015310626112));
#3663 = CARTESIAN_POINT('',(-5.077062962682,0.642847612504,
    23.053709131243));
#3664 = CARTESIAN_POINT('',(-5.098186675882,0.430956436318,
    23.079887703584));
#3665 = CARTESIAN_POINT('',(-5.108815909774,0.215689369202,
    23.093065286735));
#3666 = CARTESIAN_POINT('',(-5.108815909778,1.021731829844E-10,
    23.093065286739));
#3667 = CARTESIAN_POINT('',(-3.369034782745,3.736935913529,
    19.499917262675));
#3668 = CARTESIAN_POINT('',(-3.369022672643,3.736946247153,
    19.855922140949));
#3669 = CARTESIAN_POINT('',(-3.425231109936,3.688491374143,
    20.212234014102));
#3670 = CARTESIAN_POINT('',(-3.540723600351,3.590208037501,
    20.54324774364));
#3671 = CARTESIAN_POINT('',(-3.670302081126,3.465482181667,
    20.836383210493));
#3672 = CARTESIAN_POINT('',(-3.808318457085,3.319713561216,
    21.107532109566));
#3673 = CARTESIAN_POINT('',(-3.950606592937,3.151821682611,
    21.358506102617));
#3674 = CARTESIAN_POINT('',(-4.218191969302,2.793792899313,
    21.797603076776));
#3675 = CARTESIAN_POINT('',(-4.34358403713,2.608611929196,
    21.989566124986));
#3676 = CARTESIAN_POINT('',(-4.466285729022,2.40502708811,
    22.168900689977));
#3677 = CARTESIAN_POINT('',(-4.584652582481,2.182598319142,
    22.335838386217));
#3678 = CARTESIAN_POINT('',(-4.696748402949,1.93485794295,
    22.489544132561));
#3679 = CARTESIAN_POINT('',(-4.797358265525,1.665297666096,
    22.624743180073));
#3680 = CARTESIAN_POINT('',(-4.932342759199,1.19472416669,
    22.803713239446));
#3681 = CARTESIAN_POINT('',(-4.976939774559,1.011261208434,
    22.862218595226));
#3682 = CARTESIAN_POINT('',(-5.01475504888,0.819385976994,
    22.911401605383));
#3683 = CARTESIAN_POINT('',(-5.044369212285,0.62038519891,
    22.949682614269));
#3684 = CARTESIAN_POINT('',(-5.064628355303,0.41587482871,22.97578729959
    ));
#3685 = CARTESIAN_POINT('',(-5.07481416952,0.208060778704,
    22.988916570962));
#3686 = CARTESIAN_POINT('',(-5.074814169524,1.0788593903E-10,
    22.988916570967));
#3687 = CARTESIAN_POINT('',(-3.352478125126,3.547622687812,
    19.499934983349));
#3688 = CARTESIAN_POINT('',(-3.352467770357,3.547630457669,
    19.84101913204));
#3689 = CARTESIAN_POINT('',(-3.406275044842,3.503746010178,
    20.182141562114));
#3690 = CARTESIAN_POINT('',(-3.516760109986,3.414814432259,
    20.500452385787));
#3691 = CARTESIAN_POINT('',(-3.64127185863,3.300848493765,
    20.784141822242));
#3692 = CARTESIAN_POINT('',(-3.774581158594,3.166042917105,
    21.048038188223));
#3693 = CARTESIAN_POINT('',(-3.912405147995,3.009550174809,
    21.293159677262));
#3694 = CARTESIAN_POINT('',(-4.172209431138,2.673463150173,
    21.723230268221));
#3695 = CARTESIAN_POINT('',(-4.294195163688,2.498841177663,
    21.911794212803));
#3696 = CARTESIAN_POINT('',(-4.413914567414,2.305707096862,
    22.08850357884));
#3697 = CARTESIAN_POINT('',(-4.529401165355,2.094485130348,
    22.25301780735));
#3698 = CARTESIAN_POINT('',(-4.639182910355,1.857634971809,
    22.405068240791));
#3699 = CARTESIAN_POINT('',(-4.737640742553,1.599807409912,
    22.53870545316));
#3700 = CARTESIAN_POINT('',(-4.869898132782,1.148475626673,
    22.715823650166));
#3701 = CARTESIAN_POINT('',(-4.913591752466,0.972408599258,
    22.773721139254));
#3702 = CARTESIAN_POINT('',(-4.950665576796,0.788123980952,
    22.82242519838));
#3703 = CARTESIAN_POINT('',(-4.979717424965,0.596830524632,
    22.860357164313));
#3704 = CARTESIAN_POINT('',(-4.999595734811,0.400083283671,
    22.886228649774));
#3705 = CARTESIAN_POINT('',(-5.009583715051,0.20008691326,22.89923219471
    ));
#3706 = CARTESIAN_POINT('',(-5.009583715059,1.57236226169E-10,
    22.899232194719));
#3707 = CARTESIAN_POINT('',(-3.248391532076,3.388627084929,
    19.49994323728));
#3708 = CARTESIAN_POINT('',(-3.248381370145,3.38863320815,
    19.834987900571));
#3709 = CARTESIAN_POINT('',(-3.303085685151,3.347971020351,
    20.170192252526));
#3710 = CARTESIAN_POINT('',(-3.415591748134,3.265486841433,
    20.483192841225));
#3711 = CARTESIAN_POINT('',(-3.542005832584,3.159101612946,
    20.761313875431));
#3712 = CARTESIAN_POINT('',(-3.677052921057,3.032370852907,
    21.020258522205));
#3713 = CARTESIAN_POINT('',(-3.816334342527,2.884622903283,
    21.260426908543));
#3714 = CARTESIAN_POINT('',(-4.078517369424,2.565859755286,
    21.681872454557));
#3715 = CARTESIAN_POINT('',(-4.201468501566,2.399706347145,
    21.866642060538));
#3716 = CARTESIAN_POINT('',(-4.321995488374,2.215269818022,
    22.039811181049));
#3717 = CARTESIAN_POINT('',(-4.437990326659,2.013633627681,
    22.200807355244));
#3718 = CARTESIAN_POINT('',(-4.548327577196,1.786419090898,
    22.349868429078));
#3719 = CARTESIAN_POINT('',(-4.647088092374,1.539214300749,
    22.480696229331));
#3720 = CARTESIAN_POINT('',(-4.779813988856,1.105476510162,
    22.654263984641));
#3721 = CARTESIAN_POINT('',(-4.823639720972,0.93616938756,
    22.710991583155));
#3722 = CARTESIAN_POINT('',(-4.860818347571,0.758898359754,
    22.758717890043));
#3723 = CARTESIAN_POINT('',(-4.889952830707,0.574785877662,
    22.79589851008));
#3724 = CARTESIAN_POINT('',(-4.909886833778,0.385306860216,
    22.821259743976));
#3725 = CARTESIAN_POINT('',(-4.919899338798,0.192636765715,
    22.834001740239));
#3726 = CARTESIAN_POINT('',(-4.919899338811,2.453346237051E-10,
    22.834001740253));
#3727 = CARTESIAN_POINT('',(-3.086576035935,3.299999999483,
    19.499940208581));
#3728 = CARTESIAN_POINT('',(-3.086564744361,3.300006095848,
    19.839090144412));
#3729 = CARTESIAN_POINT('',(-3.144429741296,3.259534075929,
    20.178862116537));
#3730 = CARTESIAN_POINT('',(-3.263805071059,3.177161028764,
    20.494957977446));
#3731 = CARTESIAN_POINT('',(-3.396985521399,3.071596800535,
    20.77238596524));
#3732 = CARTESIAN_POINT('',(-3.538220200524,2.94657363556,
    21.029408296245));
#3733 = CARTESIAN_POINT('',(-3.683044609561,2.801561001912,
    21.266143301231));
#3734 = CARTESIAN_POINT('',(-3.954638452544,2.489639359019,
    21.68019593837));
#3735 = CARTESIAN_POINT('',(-4.081598549845,2.32729851451,
    21.861041338139));
#3736 = CARTESIAN_POINT('',(-4.205529311515,2.14745823974,
    22.029912633074));
#3737 = CARTESIAN_POINT('',(-4.32435811102,1.951559094239,
    22.186388124118));
#3738 = CARTESIAN_POINT('',(-4.437151302978,1.730750830669,
    22.331106726337));
#3739 = CARTESIAN_POINT('',(-4.537849918011,1.491214913757,
    22.457832135318));
#3740 = CARTESIAN_POINT('',(-4.673164037453,1.070776146598,
    22.626020952566));
#3741 = CARTESIAN_POINT('',(-4.717812375088,0.906662920323,
    22.680962626253));
#3742 = CARTESIAN_POINT('',(-4.75565410129,0.734943198058,
    22.727157195163));
#3743 = CARTESIAN_POINT('',(-4.785292708357,0.556644249934,
    22.763134743319));
#3744 = CARTESIAN_POINT('',(-4.80556704229,0.373133310957,
    22.787672756287));
#3745 = CARTESIAN_POINT('',(-4.81575062302,0.186510479303,
    22.799999999979));
#3746 = CARTESIAN_POINT('',(-4.815750623039,3.621962320623E-10,22.8));
#3747 = CARTESIAN_POINT('',(-2.912549960517,3.3,19.5));
#3748 = CARTESIAN_POINT('',(-2.912536946521,3.300007734327,
    19.851604650029));
#3749 = CARTESIAN_POINT('',(-2.973869905731,3.25639575409,
    20.204984247583));
#3750 = CARTESIAN_POINT('',(-3.101088848664,3.16703606135,
    20.531886080181));
#3751 = CARTESIAN_POINT('',(-3.24187823938,3.054731653762,
    20.813381900129));
#3752 = CARTESIAN_POINT('',(-3.390095071812,2.924055564235,
    21.071922873985));
#3753 = CARTESIAN_POINT('',(-3.541211054766,2.774652684673,
    21.307377706063));
#3754 = CARTESIAN_POINT('',(-3.823852825207,2.456666722177,
    21.716827005845));
#3755 = CARTESIAN_POINT('',(-3.955671946377,2.292219863271,
    21.89442547774));
#3756 = CARTESIAN_POINT('',(-4.083678262034,2.11161599953,
    22.058978380069));
#3757 = CARTESIAN_POINT('',(-4.205975304114,1.916323159142,
    22.210584242471));
#3758 = CARTESIAN_POINT('',(-4.321647425735,1.697483779556,
    22.350137614511));
#3759 = CARTESIAN_POINT('',(-4.424687723068,1.461470279158,
    22.471902356399));
#3760 = CARTESIAN_POINT('',(-4.563149613705,1.048198904179,
    22.633409677336));
#3761 = CARTESIAN_POINT('',(-4.608820254367,0.887033339062,
    22.686110387855));
#3762 = CARTESIAN_POINT('',(-4.647477967563,0.718743607531,
    22.730341952259));
#3763 = CARTESIAN_POINT('',(-4.677730691164,0.544255185483,
    22.764752275279));
#3764 = CARTESIAN_POINT('',(-4.698419643578,0.364795940581,
    22.788211178059));
#3765 = CARTESIAN_POINT('',(-4.708815909753,0.182332114985,
    22.799999999973));
#3766 = CARTESIAN_POINT('',(-4.708815909778,-3.665120057866E-18,22.8));
#3767 = ADVANCED_FACE('',(#3768),#3793,.F.);
#3768 = FACE_BOUND('',#3769,.F.);
#3769 = EDGE_LOOP('',(#3770,#3771,#3779,#3787));
#3770 = ORIENTED_EDGE('',*,*,#533,.T.);
#3771 = ORIENTED_EDGE('',*,*,#3772,.T.);
#3772 = EDGE_CURVE('',#536,#3773,#3775,.T.);
#3773 = VERTEX_POINT('',#3774);
#3774 = CARTESIAN_POINT('',(-2.,-1.5,12.4));
#3775 = LINE('',#3776,#3777);
#3776 = CARTESIAN_POINT('',(-2.,-6.,12.4));
#3777 = VECTOR('',#3778,1.);
#3778 = DIRECTION('',(0.,1.,-2.22044604925E-16));
#3779 = ORIENTED_EDGE('',*,*,#3780,.T.);
#3780 = EDGE_CURVE('',#3773,#3781,#3783,.T.);
#3781 = VERTEX_POINT('',#3782);
#3782 = CARTESIAN_POINT('',(2.,-1.5,12.4));
#3783 = LINE('',#3784,#3785);
#3784 = CARTESIAN_POINT('',(-2.,-1.5,12.4));
#3785 = VECTOR('',#3786,1.);
#3786 = DIRECTION('',(1.,0.,0.));
#3787 = ORIENTED_EDGE('',*,*,#3788,.F.);
#3788 = EDGE_CURVE('',#534,#3781,#3789,.T.);
#3789 = LINE('',#3790,#3791);
#3790 = CARTESIAN_POINT('',(2.,-6.,12.4));
#3791 = VECTOR('',#3792,1.);
#3792 = DIRECTION('',(0.,1.,-2.22044604925E-16));
#3793 = PLANE('',#3794);
#3794 = AXIS2_PLACEMENT_3D('',#3795,#3796,#3797);
#3795 = CARTESIAN_POINT('',(-2.,-6.,12.4));
#3796 = DIRECTION('',(0.,-2.22044604925E-16,-1.));
#3797 = DIRECTION('',(1.,0.,0.));
#3798 = ADVANCED_FACE('',(#3799),#3817,.F.);
#3799 = FACE_BOUND('',#3800,.F.);
#3800 = EDGE_LOOP('',(#3801,#3802,#3803,#3811));
#3801 = ORIENTED_EDGE('',*,*,#544,.T.);
#3802 = ORIENTED_EDGE('',*,*,#3788,.T.);
#3803 = ORIENTED_EDGE('',*,*,#3804,.T.);
#3804 = EDGE_CURVE('',#3781,#3805,#3807,.T.);
#3805 = VERTEX_POINT('',#3806);
#3806 = CARTESIAN_POINT('',(2.,-1.5,16.4));
#3807 = LINE('',#3808,#3809);
#3808 = CARTESIAN_POINT('',(2.,-1.5,12.4));
#3809 = VECTOR('',#3810,1.);
#3810 = DIRECTION('',(0.,2.22044604925E-16,1.));
#3811 = ORIENTED_EDGE('',*,*,#3812,.F.);
#3812 = EDGE_CURVE('',#545,#3805,#3813,.T.);
#3813 = LINE('',#3814,#3815);
#3814 = CARTESIAN_POINT('',(2.,-6.,16.4));
#3815 = VECTOR('',#3816,1.);
#3816 = DIRECTION('',(0.,1.,-2.22044604925E-16));
#3817 = PLANE('',#3818);
#3818 = AXIS2_PLACEMENT_3D('',#3819,#3820,#3821);
#3819 = CARTESIAN_POINT('',(2.,-6.,12.4));
#3820 = DIRECTION('',(1.,0.,0.));
#3821 = DIRECTION('',(0.,2.22044604925E-16,1.));
#3822 = ADVANCED_FACE('',(#3823),#3841,.F.);
#3823 = FACE_BOUND('',#3824,.F.);
#3824 = EDGE_LOOP('',(#3825,#3826,#3834,#3840));
#3825 = ORIENTED_EDGE('',*,*,#561,.F.);
#3826 = ORIENTED_EDGE('',*,*,#3827,.T.);
#3827 = EDGE_CURVE('',#553,#3828,#3830,.T.);
#3828 = VERTEX_POINT('',#3829);
#3829 = CARTESIAN_POINT('',(-2.,-1.5,16.4));
#3830 = LINE('',#3831,#3832);
#3831 = CARTESIAN_POINT('',(-2.,-6.,16.4));
#3832 = VECTOR('',#3833,1.);
#3833 = DIRECTION('',(0.,1.,-2.22044604925E-16));
#3834 = ORIENTED_EDGE('',*,*,#3835,.T.);
#3835 = EDGE_CURVE('',#3828,#3773,#3836,.T.);
#3836 = LINE('',#3837,#3838);
#3837 = CARTESIAN_POINT('',(-2.,-1.5,16.4));
#3838 = VECTOR('',#3839,1.);
#3839 = DIRECTION('',(0.,-2.22044604925E-16,-1.));
#3840 = ORIENTED_EDGE('',*,*,#3772,.F.);
#3841 = PLANE('',#3842);
#3842 = AXIS2_PLACEMENT_3D('',#3843,#3844,#3845);
#3843 = CARTESIAN_POINT('',(-2.,-6.,16.4));
#3844 = DIRECTION('',(-1.,0.,0.));
#3845 = DIRECTION('',(0.,-2.22044604925E-16,-1.));
#3846 = ADVANCED_FACE('',(#3847),#3858,.F.);
#3847 = FACE_BOUND('',#3848,.F.);
#3848 = EDGE_LOOP('',(#3849,#3850,#3851,#3857));
#3849 = ORIENTED_EDGE('',*,*,#552,.F.);
#3850 = ORIENTED_EDGE('',*,*,#3812,.T.);
#3851 = ORIENTED_EDGE('',*,*,#3852,.T.);
#3852 = EDGE_CURVE('',#3805,#3828,#3853,.T.);
#3853 = LINE('',#3854,#3855);
#3854 = CARTESIAN_POINT('',(2.,-1.5,16.4));
#3855 = VECTOR('',#3856,1.);
#3856 = DIRECTION('',(-1.,0.,0.));
#3857 = ORIENTED_EDGE('',*,*,#3827,.F.);
#3858 = PLANE('',#3859);
#3859 = AXIS2_PLACEMENT_3D('',#3860,#3861,#3862);
#3860 = CARTESIAN_POINT('',(2.,-6.,16.4));
#3861 = DIRECTION('',(0.,2.22044604925E-16,1.));
#3862 = DIRECTION('',(-1.,0.,0.));
#3863 = ADVANCED_FACE('',(#3864),#3914,.T.);
#3864 = FACE_BOUND('',#3865,.T.);
#3865 = EDGE_LOOP('',(#3866,#3878,#3903,#3913));
#3866 = ORIENTED_EDGE('',*,*,#3867,.T.);
#3867 = EDGE_CURVE('',#570,#3868,#3870,.T.);
#3868 = VERTEX_POINT('',#3869);
#3869 = CARTESIAN_POINT('',(-4.708815909778,-8.119320074949E-16,6.));
#3870 = ( BOUNDED_CURVE() B_SPLINE_CURVE(6,(#3871,#3872,#3873,#3874,
#3875,#3876,#3877),.UNSPECIFIED.,.F.,.F.) B_SPLINE_CURVE_WITH_KNOTS((7,7
),(0.,10.703664462793),.PIECEWISE_BEZIER_KNOTS.) CURVE() 
GEOMETRIC_REPRESENTATION_ITEM() RATIONAL_B_SPLINE_CURVE((1.031393471788,
    1.010025407661,0.997924642725,0.993958444137,0.997924642725,
1.010025407661,1.031393471788)) REPRESENTATION_ITEM('') );
#3871 = CARTESIAN_POINT('',(-5.108815909778,-1.169139999472E-16,5.6));
#3872 = CARTESIAN_POINT('',(-5.108815909778,-1.020527864846E-10,
    5.706934713261));
#3873 = CARTESIAN_POINT('',(-5.074814169524,-1.077948675178E-10,
    5.811083429033));
#3874 = CARTESIAN_POINT('',(-5.009583715059,-1.571567299444E-10,
    5.900767805281));
#3875 = CARTESIAN_POINT('',(-4.919899338811,-2.45245841435E-10,
    5.965998259747));
#3876 = CARTESIAN_POINT('',(-4.815750623039,-3.620812947801E-10,6.));
#3877 = CARTESIAN_POINT('',(-4.708815909778,-8.119320074949E-16,6.));
#3878 = ORIENTED_EDGE('',*,*,#3879,.T.);
#3879 = EDGE_CURVE('',#3868,#3880,#3882,.T.);
#3880 = VERTEX_POINT('',#3881);
#3881 = CARTESIAN_POINT('',(-2.912549960516,3.3,9.3));
#3882 = ( BOUNDED_CURVE() B_SPLINE_CURVE(7,(#3883,#3884,#3885,#3886,
    #3887,#3888,#3889,#3890,#3891,#3892,#3893,#3894,#3895,#3896,#3897,
    #3898,#3899,#3900,#3901,#3902),.UNSPECIFIED.,.F.,.F.) 
B_SPLINE_CURVE_WITH_KNOTS((8,6,6,8),(10.703664462793,11.85299447751,
13.826729348464,16.058737162463),.UNSPECIFIED.) CURVE() 
GEOMETRIC_REPRESENTATION_ITEM() RATIONAL_B_SPLINE_CURVE((1.031393471788,
    1.031393471787,1.031622359125,1.032077231834,1.032745276717,
    1.03360603611,1.034633674649,1.037800872065,1.040212073412,
    1.042969913987,1.045984069373,1.049230523176,1.052705527918,
    1.06047909142,1.064831343392,1.069301806096,1.073771670092,
1.077985304286,1.080015926118,1.080016620298)) REPRESENTATION_ITEM('') 
  );
#3883 = CARTESIAN_POINT('',(-4.708815909778,-8.119320074949E-16,6.));
#3884 = CARTESIAN_POINT('',(-4.708815909803,0.181578949834,
    5.999999999973));
#3885 = CARTESIAN_POINT('',(-4.698504676795,0.363286594874,
    6.011692435673));
#3886 = CARTESIAN_POINT('',(-4.677987992569,0.542012066388,
    6.034955990779));
#3887 = CARTESIAN_POINT('',(-4.647983097049,0.715817765708,
    6.069083461479));
#3888 = CARTESIAN_POINT('',(-4.609629124572,0.883500192625,
    6.112964088344));
#3889 = CARTESIAN_POINT('',(-4.564296439426,1.044146622415,
    6.165267070105));
#3890 = CARTESIAN_POINT('',(-4.426253198228,1.457851213728,
    6.326247751906));
#3891 = CARTESIAN_POINT('',(-4.323138696218,1.694671016041,
    6.448074709595));
#3892 = CARTESIAN_POINT('',(-4.207275869354,1.914163949139,
    6.587784565291));
#3893 = CARTESIAN_POINT('',(-4.084778088894,2.110086222037,
    6.739635595305));
#3894 = CARTESIAN_POINT('',(-3.956480603923,2.291168184454,6.90448552704
    ));
#3895 = CARTESIAN_POINT('',(-3.824388958628,2.456036231259,
    7.082416515636));
#3896 = CARTESIAN_POINT('',(-3.541433511251,2.77443930791,7.492285504743
    ));
#3897 = CARTESIAN_POINT('',(-3.390322154359,2.923877439228,7.72760414909
    ));
#3898 = CARTESIAN_POINT('',(-3.241492356152,3.055053194794,
    7.987391434608));
#3899 = CARTESIAN_POINT('',(-3.101577261376,3.16661779245,8.267186651967
    ));
#3900 = CARTESIAN_POINT('',(-2.973855792292,3.256418218779,
    8.594819924365));
#3901 = CARTESIAN_POINT('',(-2.912562978652,3.299992263344,
    8.948154516627));
#3902 = CARTESIAN_POINT('',(-2.912549960516,3.3,9.3));
#3903 = ORIENTED_EDGE('',*,*,#3904,.F.);
#3904 = EDGE_CURVE('',#572,#3880,#3905,.T.);
#3905 = ( BOUNDED_CURVE() B_SPLINE_CURVE(6,(#3906,#3907,#3908,#3909,
#3910,#3911,#3912),.UNSPECIFIED.,.F.,.F.) B_SPLINE_CURVE_WITH_KNOTS((7,7
),(0.,5.35507269967),.PIECEWISE_BEZIER_KNOTS.) CURVE() 
GEOMETRIC_REPRESENTATION_ITEM() RATIONAL_B_SPLINE_CURVE((1.080016620298,
    1.023814727394,0.994937361155,0.985303459801,0.994937361155,
1.023814727394,1.080016620298)) REPRESENTATION_ITEM('') );
#3906 = CARTESIAN_POINT('',(-3.159962477875,4.014304066513,9.3));
#3907 = CARTESIAN_POINT('',(-3.296705237329,3.906663493606,
    9.299894991176));
#3908 = CARTESIAN_POINT('',(-3.369034782744,3.73693591353,9.299917280935
    ));
#3909 = CARTESIAN_POINT('',(-3.352478125125,3.547622687813,
    9.299934996911));
#3910 = CARTESIAN_POINT('',(-3.248391532076,3.38862708493,9.299943248071
    ));
#3911 = CARTESIAN_POINT('',(-3.086576035935,3.299999999483,9.29994021918
    ));
#3912 = CARTESIAN_POINT('',(-2.912549960516,3.3,9.3));
#3913 = ORIENTED_EDGE('',*,*,#569,.F.);
#3914 = ( BOUNDED_SURFACE() B_SPLINE_SURFACE(6,7,(
    (#3915,#3916,#3917,#3918,#3919,#3920,#3921,#3922,#3923,#3924,#3925
      ,#3926,#3927,#3928,#3929,#3930,#3931,#3932,#3933,#3934)
    ,(#3935,#3936,#3937,#3938,#3939,#3940,#3941,#3942,#3943,#3944,#3945
      ,#3946,#3947,#3948,#3949,#3950,#3951,#3952,#3953,#3954)
    ,(#3955,#3956,#3957,#3958,#3959,#3960,#3961,#3962,#3963,#3964,#3965
      ,#3966,#3967,#3968,#3969,#3970,#3971,#3972,#3973,#3974)
    ,(#3975,#3976,#3977,#3978,#3979,#3980,#3981,#3982,#3983,#3984,#3985
      ,#3986,#3987,#3988,#3989,#3990,#3991,#3992,#3993,#3994)
    ,(#3995,#3996,#3997,#3998,#3999,#4000,#4001,#4002,#4003,#4004,#4005
      ,#4006,#4007,#4008,#4009,#4010,#4011,#4012,#4013,#4014)
    ,(#4015,#4016,#4017,#4018,#4019,#4020,#4021,#4022,#4023,#4024,#4025
      ,#4026,#4027,#4028,#4029,#4030,#4031,#4032,#4033,#4034)
    ,(#4035,#4036,#4037,#4038,#4039,#4040,#4041,#4042,#4043,#4044,#4045
      ,#4046,#4047,#4048,#4049,#4050,#4051,#4052,#4053,#4054
)),.UNSPECIFIED.,.F.,.F.,.F.) B_SPLINE_SURFACE_WITH_KNOTS((7,7),(8,6,6,8
    ),(0.,5.35507269967),(10.703664462793,11.85299447751,13.826729348464
,16.058737162463),.UNSPECIFIED.) GEOMETRIC_REPRESENTATION_ITEM() 
RATIONAL_B_SPLINE_SURFACE((
    (1.031393471788,1.031393471787,1.031622359125,1.032077231834
      ,1.032745276717,1.03360603611,1.034633674649,1.037800872065
      ,1.040212073412,1.042969913987,1.045984069373,1.049230523176
      ,1.052705527918,1.06047909142,1.064831343392,1.069301806096
      ,1.073771670092,1.077985304286,1.080015926118,1.080016620298)
    ,(1.010025407661,1.010025407661,1.010095288323,1.010234190702
      ,1.010437865732,1.010699520911,1.01101066698,1.011965245104
      ,1.012687789733,1.013507556649,1.014394035991,1.015338220219
      ,1.0163355733,1.018535583674,1.019749584441,1.020975275075
      ,1.02218198032,1.023282363843,1.023814545607,1.023814727394)
    ,(0.997924642725,0.997924642725,0.997909762402,0.997880187454
      ,0.997836788618,0.997780959953,0.997714457127,0.997510058578
      ,0.997354987838,0.997178513276,0.996987012523,0.996782435371
      ,0.996565778575,0.996087069615,0.995822429841,0.995555110893
      ,0.995291643103,0.995052923783,0.994937400613,0.994937361155)
    ,(0.993958444137,0.993958444137,0.993915947491,0.993831481215
      ,0.993707569962,0.993548243912,0.993358546656,0.992775677864
      ,0.992333637062,0.991830704698,0.991284652684,0.990700362495
      ,0.990079435366,0.988700136231,0.987933470235,0.987151988005
      ,0.986376180145,0.985652665591,0.985303579105,0.985303459801)
    ,(0.997924642725,0.997924642725,0.997909762402,0.997880187454
      ,0.997836788618,0.997780959953,0.997714457127,0.997510058578
      ,0.997354987838,0.997178513276,0.996987012523,0.996782435371
      ,0.996565778575,0.996087069615,0.995822429841,0.995555110893
      ,0.995291643103,0.995052923783,0.994937400613,0.994937361155)
    ,(1.010025407661,1.010025407661,1.010095288323,1.010234190702
      ,1.010437865732,1.010699520911,1.01101066698,1.011965245104
      ,1.012687789733,1.013507556649,1.014394035991,1.015338220219
      ,1.0163355733,1.018535583674,1.019749584441,1.020975275075
      ,1.02218198032,1.023282363843,1.023814545607,1.023814727394)
    ,(1.031393471788,1.031393471787,1.031622359125,1.032077231834
      ,1.032745276717,1.03360603611,1.034633674649,1.037800872065
      ,1.040212073412,1.042969913987,1.045984069373,1.049230523176
      ,1.052705527918,1.06047909142,1.064831343392,1.069301806096
      ,1.073771670092,1.077985304286,1.080015926118,1.080016620298
))) REPRESENTATION_ITEM('') SURFACE() );
#3915 = CARTESIAN_POINT('',(-5.108815909778,1.134385010321E-15,5.6));
#3916 = CARTESIAN_POINT('',(-5.108815909784,0.221240228964,
    5.599999999995));
#3917 = CARTESIAN_POINT('',(-5.09762611775,0.441868863017,5.613118436993
    ));
#3918 = CARTESIAN_POINT('',(-5.075411249257,0.659041889664,
    5.639150844322));
#3919 = CARTESIAN_POINT('',(-5.042916866819,0.870586091322,
    5.677348351115));
#3920 = CARTESIAN_POINT('',(-5.001331446154,1.074808681204,
    5.726529641921));
#3921 = CARTESIAN_POINT('',(-4.952147069001,1.270302074622,
    5.785194486916));
#3922 = CARTESIAN_POINT('',(-4.802640305567,1.773232032387,5.96539093417
    ));
#3923 = CARTESIAN_POINT('',(-4.690647485473,2.06222279523,6.102196614422
    ));
#3924 = CARTESIAN_POINT('',(-4.565504335744,2.327869957076,
    6.258103568122));
#3925 = CARTESIAN_POINT('',(-4.432328260476,2.567679298621,
    6.428786968172));
#3926 = CARTESIAN_POINT('',(-4.293459511039,2.787440007863,
    6.613206992422));
#3927 = CARTESIAN_POINT('',(-4.150238375131,2.988275925104,
    6.812566767485));
#3928 = CARTESIAN_POINT('',(-3.843326123328,3.375979089657,
    7.271970059857));
#3929 = CARTESIAN_POINT('',(-3.679295032075,3.558015072856,
    7.535994717749));
#3930 = CARTESIAN_POINT('',(-3.517959998353,3.717271313334,
    7.826494412564));
#3931 = CARTESIAN_POINT('',(-3.36553297449,3.85348070065,8.14153376165)
  );
#3932 = CARTESIAN_POINT('',(-3.226730922756,3.961581684083,
    8.508771126697));
#3933 = CARTESIAN_POINT('',(-3.159980302934,4.01429003506,8.905104880331
    ));
#3934 = CARTESIAN_POINT('',(-3.159962477875,4.014304066513,9.3));
#3935 = CARTESIAN_POINT('',(-5.108815909778,-1.02051454217E-10,
    5.706934713261));
#3936 = CARTESIAN_POINT('',(-5.108815909782,0.214798415079,
    5.706934713258));
#3937 = CARTESIAN_POINT('',(-5.098273969506,0.429171817069,
    5.720004035231));
#3938 = CARTESIAN_POINT('',(-5.077325796942,0.640197731946,
    5.745965143822));
#3939 = CARTESIAN_POINT('',(-5.046690592729,0.84570626797,5.784048694975
    ));
#3940 = CARTESIAN_POINT('',(-5.007520180152,1.044054925527,
    5.833033270239));
#3941 = CARTESIAN_POINT('',(-4.961247742681,1.23390168949,5.891385586792
    ));
#3942 = CARTESIAN_POINT('',(-4.820545885181,1.722926477224,
    6.070660801343));
#3943 = CARTESIAN_POINT('',(-4.715174047481,2.004079178288,
    6.206700006837));
#3944 = CARTESIAN_POINT('',(-4.597504772725,2.262783777162,
    6.361628475596));
#3945 = CARTESIAN_POINT('',(-4.472782027617,2.495817792521,6.53048276889
    ));
#3946 = CARTESIAN_POINT('',(-4.343038320476,2.709565069128,
    6.712417559592));
#3947 = CARTESIAN_POINT('',(-4.209844385902,2.904676898928,
    6.908020508488));
#3948 = CARTESIAN_POINT('',(-3.924875753088,3.282331109882,
    7.357063680926));
#3949 = CARTESIAN_POINT('',(-3.772865080475,3.460018309752,
    7.614398429786));
#3950 = CARTESIAN_POINT('',(-3.624016905784,3.615582708781,
    7.895614567337));
#3951 = CARTESIAN_POINT('',(-3.484388454286,3.748509720474,
    8.198730749117));
#3952 = CARTESIAN_POINT('',(-3.35786895864,3.854694471168,8.547862941443
    ));
#3953 = CARTESIAN_POINT('',(-3.296720164314,3.90665076015,8.924135980486
    ));
#3954 = CARTESIAN_POINT('',(-3.296705237329,3.906663493606,
    9.299894991176));
#3955 = CARTESIAN_POINT('',(-5.074814169524,-1.07793091161E-10,
    5.811083429033));
#3956 = CARTESIAN_POINT('',(-5.074814169529,0.207201336204,
    5.811083429028));
#3957 = CARTESIAN_POINT('',(-5.064711924531,0.414152545919,
    5.824104953957));
#3958 = CARTESIAN_POINT('',(-5.04462132119,0.617827292833,5.849992540948
    ));
#3959 = CARTESIAN_POINT('',(-5.015249481155,0.816050694233,
    5.887959319855));
#3960 = CARTESIAN_POINT('',(-4.977731273882,1.0072330705,5.936752046553)
  );
#3961 = CARTESIAN_POINT('',(-4.933463909394,1.190104034239,
    5.994816035584));
#3962 = CARTESIAN_POINT('',(-4.798879664947,1.661187974114,
    6.173213235202));
#3963 = CARTESIAN_POINT('',(-4.698211809469,1.931595483832,
    6.308453583047));
#3964 = CARTESIAN_POINT('',(-4.585877231347,2.180285177108,
    6.462429589947));
#3965 = CARTESIAN_POINT('',(-4.467348043842,2.403222647556,6.62956364402
    ));
#3966 = CARTESIAN_POINT('',(-4.344348953359,2.607457525271,6.80927000329
    ));
#3967 = CARTESIAN_POINT('',(-4.218702256707,2.793081154561,
    7.001580832788));
#3968 = CARTESIAN_POINT('',(-3.950816797625,3.151572835855,
    7.441127395243));
#3969 = CARTESIAN_POINT('',(-3.808519789971,3.319528551288,7.69199902992
    ));
#3970 = CARTESIAN_POINT('',(-3.66995599281,3.465827509538,7.964386470543
    ));
#3971 = CARTESIAN_POINT('',(-3.541162308085,3.58976519145,8.255818695093
    ));
#3972 = CARTESIAN_POINT('',(-3.425220748484,3.68851941361,8.58761657945)
  );
#3973 = CARTESIAN_POINT('',(-3.36904689351,3.73692557934,8.943816042739)
  );
#3974 = CARTESIAN_POINT('',(-3.369034782744,3.73693591353,9.299917280935
    ));
#3975 = CARTESIAN_POINT('',(-5.009583715059,-1.571553976768E-10,
    5.900767805281));
#3976 = CARTESIAN_POINT('',(-5.009583715067,0.199260408534,
    5.900767805272));
#3977 = CARTESIAN_POINT('',(-4.999677592517,0.398426503607,
    5.913664757091));
#3978 = CARTESIAN_POINT('',(-4.979964797266,0.59436968967,5.939320890951
    ));
#3979 = CARTESIAN_POINT('',(-4.951150804223,0.784916526798,5.97694130717
    ));
#3980 = CARTESIAN_POINT('',(-4.914367981811,0.968538329105,
    6.025259194515));
#3981 = CARTESIAN_POINT('',(-4.870996674598,1.144041757144,
    6.082720776027));
#3982 = CARTESIAN_POINT('',(-4.739130608445,1.595873097591,6.25927318322
    ));
#3983 = CARTESIAN_POINT('',(-4.640602418349,1.854551033753,
    6.392970812891));
#3984 = CARTESIAN_POINT('',(-4.53062222967,2.09222323471,6.545236454822)
  );
#3985 = CARTESIAN_POINT('',(-4.414928732606,2.304048954273,6.71001711292
    ));
#3986 = CARTESIAN_POINT('',(-4.294948291857,2.497731613454,
    6.887048602225));
#3987 = CARTESIAN_POINT('',(-4.17270543689,2.672793202742,7.075968750777
    ));
#3988 = CARTESIAN_POINT('',(-3.912602997863,3.009327312355,
    7.506493892478));
#3989 = CARTESIAN_POINT('',(-3.774776987184,3.165870512994,
    7.751512063571));
#3990 = CARTESIAN_POINT('',(-3.640936884247,3.301165637969,
    8.016573469215));
#3991 = CARTESIAN_POINT('',(-3.517191502962,3.414398583477,8.29870050156
    ));
#3992 = CARTESIAN_POINT('',(-3.406268977243,3.503766112705,
    8.617601754193));
#3993 = CARTESIAN_POINT('',(-3.352488480538,3.547614917465,
    8.958758574228));
#3994 = CARTESIAN_POINT('',(-3.352478125125,3.547622687813,
    9.299934996911));
#3995 = CARTESIAN_POINT('',(-4.919899338811,-2.452453973458E-10,
    5.965998259747));
#3996 = CARTESIAN_POINT('',(-4.919899338823,0.191841035348,
    5.965998259732));
#3997 = CARTESIAN_POINT('',(-4.909968814275,0.383711558699,
    5.978635918376));
#3998 = CARTESIAN_POINT('',(-4.89020087196,0.572416195489,6.00378592717)
  );
#3999 = CARTESIAN_POINT('',(-4.861305035865,0.755810514991,
    6.040661043975));
#4000 = CARTESIAN_POINT('',(-4.824418204853,0.93244577264,6.088009126861
    ));
#4001 = CARTESIAN_POINT('',(-4.780915684371,1.101213978026,
    6.144310076237));
#4002 = CARTESIAN_POINT('',(-4.648584097583,1.535436881417,
    6.317322696944));
#4003 = CARTESIAN_POINT('',(-4.549746168469,1.783487251412,
    6.448222016276));
#4004 = CARTESIAN_POINT('',(-4.439231439195,2.011424374991,
    6.597459371556));
#4005 = CARTESIAN_POINT('',(-4.323008084366,2.213720864826,
    6.758755492464));
#4006 = CARTESIAN_POINT('',(-4.202230971164,2.398636880308,
    6.932216721687));
#4007 = CARTESIAN_POINT('',(-4.079017188564,2.565223558512,
    7.117342902533));
#4008 = CARTESIAN_POINT('',(-3.816532409039,2.884417970711,
    7.539239253439));
#4009 = CARTESIAN_POINT('',(-3.677253962888,3.032206422279,
    7.779297675767));
#4010 = CARTESIAN_POINT('',(-3.541662945863,3.159400968765,
    8.039383939352));
#4011 = CARTESIAN_POINT('',(-3.416035369129,3.265088951242,
    8.315990231473));
#4012 = CARTESIAN_POINT('',(-3.30307978479,3.347987064286,8.629504716757
    ));
#4013 = CARTESIAN_POINT('',(-3.248401694731,3.388620961222,8.96480788478
    ));
#4014 = CARTESIAN_POINT('',(-3.248391532076,3.38862708493,9.299943248071
    ));
#4015 = CARTESIAN_POINT('',(-4.815750623039,-3.620799625124E-10,6.));
#4016 = CARTESIAN_POINT('',(-4.815750623058,0.185740054728,
    5.999999999979));
#4017 = CARTESIAN_POINT('',(-4.805650366747,0.371588852035,
    6.012226392383));
#4018 = CARTESIAN_POINT('',(-4.785544934286,0.554349697428,
    6.036560000635));
#4019 = CARTESIAN_POINT('',(-4.756149168279,0.731952717295,
    6.072241854758));
#4020 = CARTESIAN_POINT('',(-4.718604588469,0.903056213788,
    6.118070309151));
#4021 = CARTESIAN_POINT('',(-4.674285969608,1.066646461382,
    6.172598553958));
#4022 = CARTESIAN_POINT('',(-4.539377249224,1.487548667738,
    6.340246139258));
#4023 = CARTESIAN_POINT('',(-4.438600157033,1.72791539609,6.467043985286
    ));
#4024 = CARTESIAN_POINT('',(-4.325630959487,1.949387920316,
    6.611919123598));
#4025 = CARTESIAN_POINT('',(-4.206576711387,2.145955959997,
    6.768686862949));
#4026 = CARTESIAN_POINT('',(-4.082383475578,2.326251014072,
    6.937842020388));
#4027 = CARTESIAN_POINT('',(-3.955154670948,2.489018094975,
    7.119035524011));
#4028 = CARTESIAN_POINT('',(-3.683252774106,2.801359799418,7.5335262648)
  );
#4029 = CARTESIAN_POINT('',(-3.538433550879,2.946407804991,
    7.770139819937));
#4030 = CARTESIAN_POINT('',(-3.396622033685,3.071897184528,
    8.028333559726));
#4031 = CARTESIAN_POINT('',(-3.264272232339,3.176762653606,
    8.304194050429));
#4032 = CARTESIAN_POINT('',(-3.144420427456,3.259551185009,8.62085910747
    ));
#4033 = CARTESIAN_POINT('',(-3.086587328379,3.299993902546,
    8.960698323946));
#4034 = CARTESIAN_POINT('',(-3.086576035935,3.299999999483,9.29994021918
    ));
#4035 = CARTESIAN_POINT('',(-4.708815909778,-8.119320074949E-16,6.));
#4036 = CARTESIAN_POINT('',(-4.708815909803,0.181578949834,
    5.999999999973));
#4037 = CARTESIAN_POINT('',(-4.698504676795,0.363286594874,
    6.011692435673));
#4038 = CARTESIAN_POINT('',(-4.677987992569,0.542012066388,
    6.034955990779));
#4039 = CARTESIAN_POINT('',(-4.647983097049,0.715817765708,
    6.069083461479));
#4040 = CARTESIAN_POINT('',(-4.609629124572,0.883500192625,
    6.112964088344));
#4041 = CARTESIAN_POINT('',(-4.564296439426,1.044146622415,
    6.165267070105));
#4042 = CARTESIAN_POINT('',(-4.426253198228,1.457851213728,
    6.326247751906));
#4043 = CARTESIAN_POINT('',(-4.323138696218,1.694671016041,
    6.448074709595));
#4044 = CARTESIAN_POINT('',(-4.207275869354,1.914163949139,
    6.587784565291));
#4045 = CARTESIAN_POINT('',(-4.084778088894,2.110086222037,
    6.739635595305));
#4046 = CARTESIAN_POINT('',(-3.956480603923,2.291168184454,6.90448552704
    ));
#4047 = CARTESIAN_POINT('',(-3.824388958628,2.456036231259,
    7.082416515636));
#4048 = CARTESIAN_POINT('',(-3.541433511251,2.77443930791,7.492285504743
    ));
#4049 = CARTESIAN_POINT('',(-3.390322154359,2.923877439228,7.72760414909
    ));
#4050 = CARTESIAN_POINT('',(-3.241492356152,3.055053194794,
    7.987391434608));
#4051 = CARTESIAN_POINT('',(-3.101577261376,3.16661779245,8.267186651967
    ));
#4052 = CARTESIAN_POINT('',(-2.973855792292,3.256418218779,
    8.594819924365));
#4053 = CARTESIAN_POINT('',(-2.912562978652,3.299992263344,
    8.948154516627));
#4054 = CARTESIAN_POINT('',(-2.912549960516,3.3,9.3));
#4055 = ADVANCED_FACE('',(#4056),#4149,.T.);
#4056 = FACE_BOUND('',#4057,.T.);
#4057 = EDGE_LOOP('',(#4058,#4070,#4147,#4148));
#4058 = ORIENTED_EDGE('',*,*,#4059,.T.);
#4059 = EDGE_CURVE('',#597,#4060,#4062,.T.);
#4060 = VERTEX_POINT('',#4061);
#4061 = CARTESIAN_POINT('',(-4.708815909778,-3.665120057665E-18,12.6));
#4062 = ( BOUNDED_CURVE() B_SPLINE_CURVE(6,(#4063,#4064,#4065,#4066,
#4067,#4068,#4069),.UNSPECIFIED.,.F.,.F.) B_SPLINE_CURVE_WITH_KNOTS((7,7
),(0.,10.703664462793),.PIECEWISE_BEZIER_KNOTS.) CURVE() 
GEOMETRIC_REPRESENTATION_ITEM() RATIONAL_B_SPLINE_CURVE((1.031393471788,
    1.010025407661,0.997924642725,0.993958444137,0.997924642725,
1.010025407661,1.031393471788)) REPRESENTATION_ITEM('') );
#4063 = CARTESIAN_POINT('',(-5.108815909778,-1.169139999472E-16,13.));
#4064 = CARTESIAN_POINT('',(-5.108815909778,2.462065906212E-16,
    12.893065286739));
#4065 = CARTESIAN_POINT('',(-5.074814169524,-2.054325222102E-16,
    12.788916570967));
#4066 = CARTESIAN_POINT('',(-5.009583715059,-6.640058025511E-16,
    12.699232194719));
#4067 = CARTESIAN_POINT('',(-4.919899338811,-2.39830524593E-16,
    12.634001740253));
#4068 = CARTESIAN_POINT('',(-4.815750623039,-2.6295618504E-16,12.6));
#4069 = CARTESIAN_POINT('',(-4.708815909778,-3.665120057665E-18,12.6));
#4070 = ORIENTED_EDGE('',*,*,#4071,.T.);
#4071 = EDGE_CURVE('',#4060,#3868,#4072,.T.);
#4072 = ( BOUNDED_CURVE() B_SPLINE_CURVE(13,(#4073,#4074,#4075,#4076,
    #4077,#4078,#4079,#4080,#4081,#4082,#4083,#4084,#4085,#4086,#4087,
    #4088,#4089,#4090,#4091,#4092,#4093,#4094,#4095,#4096,#4097,#4098,
    #4099,#4100,#4101,#4102,#4103,#4104,#4105,#4106,#4107,#4108,#4109,
    #4110,#4111,#4112,#4113,#4114,#4115,#4116,#4117,#4118,#4119,#4120,
    #4121,#4122,#4123,#4124,#4125,#4126,#4127,#4128,#4129,#4130,#4131,
    #4132,#4133,#4134,#4135,#4136,#4137,#4138,#4139,#4140,#4141,#4142,
    #4143,#4144,#4145,#4146),.UNSPECIFIED.,.F.,.F.) 
B_SPLINE_CURVE_WITH_KNOTS((14,12,12,12,12,12,14),(3.009449879481E-16,
    1.148485557477,3.120770325912,5.351087140603,7.580902081294,
8.995919898947,10.703664462793),.UNSPECIFIED.) CURVE() 
GEOMETRIC_REPRESENTATION_ITEM() RATIONAL_B_SPLINE_CURVE((1.031393471788,
    1.031393471787,1.031455377148,1.031578571247,1.031762069249,
    1.032004531134,1.032304274763,1.03265928889,1.033067246234,
    1.033525516499,1.034031179427,1.034581037838,1.035171630672,
    1.036877044706,1.03806511366,1.039355750938,1.040739913895,
    1.042208747978,1.043754545718,1.04537120162,1.047054230214,
    1.048800412379,1.050607137532,1.052471506848,1.054389264697,
    1.058574978575,1.060857387252,1.063187565023,1.065551724438,
    1.067933511739,1.070306200196,1.072623041198,1.074809672518,
    1.076762484507,1.078356843572,1.079469073557,1.080016094656,
    1.080017145553,1.079469977842,1.078359141398,1.076766439393,
    1.07481399452,1.072626192206,1.070307745765,1.067934601709,
    1.065554405259,1.063193243816,1.060865388568,1.058582752237,
    1.054950743379,1.053564680139,1.052205074577,1.050873887512,
    1.04957268549,1.048302767603,1.047065291904,1.04586140238,
    1.044692355277,1.04355964606,1.042465135844,1.041411178205,
    1.039181283706,1.03802221338,1.036958204496,1.035846712786,
    1.035152476048,1.033949557546,1.033514382297,1.032659010181,
    1.032229390449,1.03179434418,1.031529937987,1.031393471788,
1.031393471788)) REPRESENTATION_ITEM('') );
#4073 = CARTESIAN_POINT('',(-4.708815909778,-3.665120057665E-18,12.6));
#4074 = CARTESIAN_POINT('',(-4.708815909778,-9.825088091406E-02,12.6));
#4075 = CARTESIAN_POINT('',(-4.706026517202,-0.196141421398,
    12.596836904646));
#4076 = CARTESIAN_POINT('',(-4.700472309299,-0.293495968622,
    12.590538860805));
#4077 = CARTESIAN_POINT('',(-4.692202538642,-0.390127543548,
    12.581156661288));
#4078 = CARTESIAN_POINT('',(-4.681289209594,-0.485842429492,
    12.568762112872));
#4079 = CARTESIAN_POINT('',(-4.667825124527,-0.580444747228,
    12.55344637353));
#4080 = CARTESIAN_POINT('',(-4.651921904707,-0.673741008693,
    12.535318263384));
#4081 = CARTESIAN_POINT('',(-4.63370799111,-0.765544642277,
    12.514502554471));
#4082 = CARTESIAN_POINT('',(-4.613326630494,-0.855680482874,
    12.491138244084));
#4083 = CARTESIAN_POINT('',(-4.590933852274,-0.943989221267,
    12.465376817218));
#4084 = CARTESIAN_POINT('',(-4.566696441473,-1.030331808003,
    12.43738050282));
#4085 = CARTESIAN_POINT('',(-4.540789913048,-1.114593808411,
    12.407320529186));
#4086 = CARTESIAN_POINT('',(-4.466431371073,-1.337440432065,
    12.32060647726));
#4087 = CARTESIAN_POINT('',(-4.415155927066,-1.471628528629,
    12.260385094651));
#4088 = CARTESIAN_POINT('',(-4.359969671288,-1.600106487727,
    12.1950006508));
#4089 = CARTESIAN_POINT('',(-4.301415042785,-1.723076174808,
    12.124911939545));
#4090 = CARTESIAN_POINT('',(-4.240042024948,-1.840554153095,
    12.050581187068));
#4091 = CARTESIAN_POINT('',(-4.17633378186,-1.952615524331,
    11.972380712155));
#4092 = CARTESIAN_POINT('',(-4.110680185794,-2.059471395564,
    11.89055555022));
#4093 = CARTESIAN_POINT('',(-4.043386092263,-2.161434798904,
    11.805225389676));
#4094 = CARTESIAN_POINT('',(-3.974701297366,-2.258829378362,
    11.716409267792));
#4095 = CARTESIAN_POINT('',(-3.904859254784,-2.351894489848,
    11.624056647697));
#4096 = CARTESIAN_POINT('',(-3.834111813608,-2.440739592391,
    11.528068718505));
#4097 = CARTESIAN_POINT('',(-3.762747452866,-2.525399960519,
    11.428294015436));
#4098 = CARTESIAN_POINT('',(-3.610358372415,-2.696879789617,
    11.207554112772));
#4099 = CARTESIAN_POINT('',(-3.529257159615,-2.782573345941,
    11.085636960324));
#4100 = CARTESIAN_POINT('',(-3.448243038869,-2.863210115367,
    10.958014017791));
#4101 = CARTESIAN_POINT('',(-3.367922549882,-2.938775742588,
    10.824481035092));
#4102 = CARTESIAN_POINT('',(-3.288939701144,-3.009177027072,
    10.684642916569));
#4103 = CARTESIAN_POINT('',(-3.212124321453,-3.074167524976,
    10.537734180575));
#4104 = CARTESIAN_POINT('',(-3.138752547429,-3.133237634669,
    10.382800794625));
#4105 = CARTESIAN_POINT('',(-3.070785630009,-3.18552446618,
    10.219086449341));
#4106 = CARTESIAN_POINT('',(-3.010959125079,-3.229793524196,
    10.046473878903));
#4107 = CARTESIAN_POINT('',(-2.962599675611,-3.264541887986,
    9.865841549174));
#4108 = CARTESIAN_POINT('',(-2.929048136344,-3.288272437253,
    9.67920734885));
#4109 = CARTESIAN_POINT('',(-2.912561539655,-3.299992594405,
    9.489540815505));
#4110 = CARTESIAN_POINT('',(-2.91253839265,-3.300007398881,
    9.110759948856));
#4111 = CARTESIAN_POINT('',(-2.9290219812,-3.288285254318,8.921095624651
    ));
#4112 = CARTESIAN_POINT('',(-2.962514680655,-3.264604519547,
    8.734539007651));
#4113 = CARTESIAN_POINT('',(-3.01081022353,-3.229913479709,
    8.553969353516));
#4114 = CARTESIAN_POINT('',(-3.07062249861,-3.185659999048,
    8.381318961819));
#4115 = CARTESIAN_POINT('',(-3.138632500006,-3.133338470695,
    8.217469143533));
#4116 = CARTESIAN_POINT('',(-3.212064934873,-3.0742169527,8.062387024642
    ));
#4117 = CARTESIAN_POINT('',(-3.288901939578,-3.009208266338,
    7.915421675367));
#4118 = CARTESIAN_POINT('',(-3.367834745647,-2.938852974172,
    7.775669618738));
#4119 = CARTESIAN_POINT('',(-3.448054817234,-2.863382675679,
    7.642310133007));
#4120 = CARTESIAN_POINT('',(-3.528990248278,-2.782830456462,
    7.514802469885));
#4121 = CARTESIAN_POINT('',(-3.610098305693,-2.69715282176,
    7.392830760293));
#4122 = CARTESIAN_POINT('',(-3.742237558094,-2.548487459221,
    7.20140451328));
#4123 = CARTESIAN_POINT('',(-3.793499908479,-2.488551877143,
    7.12899181968));
#4124 = CARTESIAN_POINT('',(-3.844489544705,-2.426510933489,
    7.058568556124));
#4125 = CARTESIAN_POINT('',(-3.895093580774,-2.362336874517,
    6.990074470411));
#4126 = CARTESIAN_POINT('',(-3.945209552932,-2.295983774908,
    6.923461643593));
#4127 = CARTESIAN_POINT('',(-3.994741354593,-2.227390285694,
    6.858696359952));
#4128 = CARTESIAN_POINT('',(-4.043595102307,-2.156482450084,
    6.795761042056));
#4129 = CARTESIAN_POINT('',(-4.091674935242,-2.083176591706,
    6.734656245474));
#4130 = CARTESIAN_POINT('',(-4.138878751637,-2.00738228032,
    6.675402705773));
#4131 = CARTESIAN_POINT('',(-4.185093886711,-1.92900538,6.61804343269));
#4132 = CARTESIAN_POINT('',(-4.230192737675,-1.84795118543,
    6.562645843408));
#4133 = CARTESIAN_POINT('',(-4.274028342785,-1.764127652243,
    6.509303928191));
#4134 = CARTESIAN_POINT('',(-4.367712987217,-1.572613936082,
    6.396260186029));
#4135 = CARTESIAN_POINT('',(-4.416994505164,-1.463300044913,
    6.337463525708));
#4136 = CARTESIAN_POINT('',(-4.462754018929,-1.353107548867,
    6.283369323072));
#4137 = CARTESIAN_POINT('',(-4.511053097614,-1.222898956036,
    6.22685057096));
#4138 = CARTESIAN_POINT('',(-4.540665863135,-1.13273253471,6.19260066398
    ));
#4139 = CARTESIAN_POINT('',(-4.595707209517,-0.958837697892,
    6.128448283389));
#4140 = CARTESIAN_POINT('',(-4.612120597639,-0.871317114321,
    6.11060065907));
#4141 = CARTESIAN_POINT('',(-4.653030618607,-0.705000474319,
    6.062971713863));
#4142 = CARTESIAN_POINT('',(-4.670583594614,-0.581081131274,
    6.043562961006));
#4143 = CARTESIAN_POINT('',(-4.690911647734,-0.433812503594,
    6.020249650193));
#4144 = CARTESIAN_POINT('',(-4.702647330598,-0.290845780497,
    6.007000848802));
#4145 = CARTESIAN_POINT('',(-4.708815909758,-0.145277498591,
    6.000000000022));
#4146 = CARTESIAN_POINT('',(-4.708815909778,-8.119320074949E-16,6.));
#4147 = ORIENTED_EDGE('',*,*,#3867,.F.);
#4148 = ORIENTED_EDGE('',*,*,#596,.F.);
#4149 = ( BOUNDED_SURFACE() B_SPLINE_SURFACE(6,13,(
    (#4150,#4151,#4152,#4153,#4154,#4155,#4156,#4157,#4158,#4159,#4160
      ,#4161,#4162,#4163,#4164,#4165,#4166,#4167,#4168,#4169,#4170,#4171
      ,#4172,#4173,#4174,#4175,#4176,#4177,#4178,#4179,#4180,#4181,#4182
      ,#4183,#4184,#4185,#4186,#4187,#4188,#4189,#4190,#4191,#4192,#4193
      ,#4194,#4195,#4196,#4197,#4198,#4199,#4200,#4201,#4202,#4203,#4204
      ,#4205,#4206,#4207,#4208,#4209,#4210,#4211,#4212,#4213,#4214,#4215
      ,#4216,#4217,#4218,#4219,#4220,#4221,#4222,#4223)
    ,(#4224,#4225,#4226,#4227,#4228,#4229,#4230,#4231,#4232,#4233,#4234
      ,#4235,#4236,#4237,#4238,#4239,#4240,#4241,#4242,#4243,#4244,#4245
      ,#4246,#4247,#4248,#4249,#4250,#4251,#4252,#4253,#4254,#4255,#4256
      ,#4257,#4258,#4259,#4260,#4261,#4262,#4263,#4264,#4265,#4266,#4267
      ,#4268,#4269,#4270,#4271,#4272,#4273,#4274,#4275,#4276,#4277,#4278
      ,#4279,#4280,#4281,#4282,#4283,#4284,#4285,#4286,#4287,#4288,#4289
      ,#4290,#4291,#4292,#4293,#4294,#4295,#4296,#4297)
    ,(#4298,#4299,#4300,#4301,#4302,#4303,#4304,#4305,#4306,#4307,#4308
      ,#4309,#4310,#4311,#4312,#4313,#4314,#4315,#4316,#4317,#4318,#4319
      ,#4320,#4321,#4322,#4323,#4324,#4325,#4326,#4327,#4328,#4329,#4330
      ,#4331,#4332,#4333,#4334,#4335,#4336,#4337,#4338,#4339,#4340,#4341
      ,#4342,#4343,#4344,#4345,#4346,#4347,#4348,#4349,#4350,#4351,#4352
      ,#4353,#4354,#4355,#4356,#4357,#4358,#4359,#4360,#4361,#4362,#4363
      ,#4364,#4365,#4366,#4367,#4368,#4369,#4370,#4371)
    ,(#4372,#4373,#4374,#4375,#4376,#4377,#4378,#4379,#4380,#4381,#4382
      ,#4383,#4384,#4385,#4386,#4387,#4388,#4389,#4390,#4391,#4392,#4393
      ,#4394,#4395,#4396,#4397,#4398,#4399,#4400,#4401,#4402,#4403,#4404
      ,#4405,#4406,#4407,#4408,#4409,#4410,#4411,#4412,#4413,#4414,#4415
      ,#4416,#4417,#4418,#4419,#4420,#4421,#4422,#4423,#4424,#4425,#4426
      ,#4427,#4428,#4429,#4430,#4431,#4432,#4433,#4434,#4435,#4436,#4437
      ,#4438,#4439,#4440,#4441,#4442,#4443,#4444,#4445)
    ,(#4446,#4447,#4448,#4449,#4450,#4451,#4452,#4453,#4454,#4455,#4456
      ,#4457,#4458,#4459,#4460,#4461,#4462,#4463,#4464,#4465,#4466,#4467
      ,#4468,#4469,#4470,#4471,#4472,#4473,#4474,#4475,#4476,#4477,#4478
      ,#4479,#4480,#4481,#4482,#4483,#4484,#4485,#4486,#4487,#4488,#4489
      ,#4490,#4491,#4492,#4493,#4494,#4495,#4496,#4497,#4498,#4499,#4500
      ,#4501,#4502,#4503,#4504,#4505,#4506,#4507,#4508,#4509,#4510,#4511
      ,#4512,#4513,#4514,#4515,#4516,#4517,#4518,#4519)
    ,(#4520,#4521,#4522,#4523,#4524,#4525,#4526,#4527,#4528,#4529,#4530
      ,#4531,#4532,#4533,#4534,#4535,#4536,#4537,#4538,#4539,#4540,#4541
      ,#4542,#4543,#4544,#4545,#4546,#4547,#4548,#4549,#4550,#4551,#4552
      ,#4553,#4554,#4555,#4556,#4557,#4558,#4559,#4560,#4561,#4562,#4563
      ,#4564,#4565,#4566,#4567,#4568,#4569,#4570,#4571,#4572,#4573,#4574
      ,#4575,#4576,#4577,#4578,#4579,#4580,#4581,#4582,#4583,#4584,#4585
      ,#4586,#4587,#4588,#4589,#4590,#4591,#4592,#4593)
    ,(#4594,#4595,#4596,#4597,#4598,#4599,#4600,#4601,#4602,#4603,#4604
      ,#4605,#4606,#4607,#4608,#4609,#4610,#4611,#4612,#4613,#4614,#4615
      ,#4616,#4617,#4618,#4619,#4620,#4621,#4622,#4623,#4624,#4625,#4626
      ,#4627,#4628,#4629,#4630,#4631,#4632,#4633,#4634,#4635,#4636,#4637
      ,#4638,#4639,#4640,#4641,#4642,#4643,#4644,#4645,#4646,#4647,#4648
      ,#4649,#4650,#4651,#4652,#4653,#4654,#4655,#4656,#4657,#4658,#4659
      ,#4660,#4661,#4662,#4663,#4664,#4665,#4666,#4667
)),.UNSPECIFIED.,.F.,.F.,.F.) B_SPLINE_SURFACE_WITH_KNOTS((7,7),(14,12,
    12,12,12,12,14),(0.,10.703664462793),(3.009449879481E-16,
    1.148485557477,3.120770325912,5.351087140603,7.580902081294,
    8.995919898947,10.703664462793),.UNSPECIFIED.) 
GEOMETRIC_REPRESENTATION_ITEM() RATIONAL_B_SPLINE_SURFACE((
    (1.031393471788,1.031393471787,1.031455377148,1.031578571247
      ,1.031762069249,1.032004531134,1.032304274763,1.03265928889
      ,1.033067246234,1.033525516499,1.034031179427,1.034581037838
      ,1.035171630672,1.036877044706,1.03806511366,1.039355750938
      ,1.040739913895,1.042208747978,1.043754545718,1.04537120162
      ,1.047054230214,1.048800412379,1.050607137532,1.052471506848
      ,1.054389264697,1.058574978575,1.060857387252,1.063187565023
      ,1.065551724438,1.067933511739,1.070306200196,1.072623041198
      ,1.074809672518,1.076762484507,1.078356843572,1.079469073557
      ,1.080016094656,1.080017145553,1.079469977842,1.078359141398
      ,1.076766439393,1.07481399452,1.072626192206,1.070307745765
      ,1.067934601709,1.065554405259,1.063193243816,1.060865388568
      ,1.058582752237,1.054950743379,1.053564680139,1.052205074577
      ,1.050873887512,1.04957268549,1.048302767603,1.047065291904
      ,1.04586140238,1.044692355277,1.04355964606,1.042465135844
      ,1.041411178205,1.039181283706,1.03802221338,1.036958204496
      ,1.035846712786,1.035152476048,1.033949557546,1.033514382297
      ,1.032659010181,1.032229390449,1.03179434418,1.031529937987
      ,1.031393471788,1.031393471788)
    ,(1.010025407661,1.010025407661,1.01004430765,1.010081922739
      ,1.010137937777,1.010211913848,1.010303294795,1.010411413711
      ,1.010535499461,1.010674683184,1.010828004798,1.010994419516
      ,1.011172804347,1.011686807965,1.012043760897,1.012430125975
      ,1.012842791271,1.013278719298,1.013735244485,1.014210205303
      ,1.01470193891,1.015209163843,1.015730778944,1.016265604124
      ,1.016812090714,1.017996697227,1.018637870492,1.019287294744
      ,1.019940916661,1.020593891624,1.021238543925,1.02186212179
      ,1.022445190156,1.022961505502,1.023380215469,1.023671227536
      ,1.023814589743,1.023814864944,1.023671452012,1.023380816595
      ,1.022962561453,1.022446351676,1.021862968577,1.021238955863
      ,1.020594182466,1.019941648704,1.019288859691,1.018640092741
      ,1.017998883019,1.016971004823,1.016576808709,1.016188286527
      ,1.015806115201,1.015430863575,1.015063028899,1.014703072973
      ,1.014351458774,1.014008686514,1.013675330265,1.013352074106
      ,1.013039748609,1.012376845291,1.012030822285,1.01171198579
      ,1.011377569543,1.011167869726,1.010804458496,1.010671181676
      ,1.010411920237,1.010280392543,1.010147853762,1.01006706948
      ,1.010025407662,1.010025407661)
    ,(0.997924642725,0.997924642725,0.997920618171,0.997912608779
      ,0.997900680204,0.997884922941,0.997865451267,0.997842402127
      ,0.997815934088,0.997786226221,0.997753477049,0.997717903441
      ,0.997679739547,0.997569678787,0.997493150514,0.997410200326
      ,0.997321470107,0.997227591033,0.997129120643,0.997026513995
      ,0.996920124656,0.996810228755,0.99669706817,0.996580906196
      ,0.996462091266,0.996204328048,0.996064683249,0.995923155937
      ,0.995780646337,0.995638244185,0.995497678939,0.995361792326
      ,0.995234860975,0.995122598529,0.995031664811,0.99496851133
      ,0.994937391033,0.9949373313,0.994968462881,0.995031534293
      ,0.995122368748,0.995234608069,0.995361607874,0.995497589221
      ,0.995638180724,0.995780486644,0.995922814668,0.996064198904
      ,0.996203852062,0.996427512751,0.996513237325,0.99659767071
      ,0.996680660656,0.996762079672,0.996841817278,0.996919771957
      ,0.996995843516,0.997069924984,0.997141894954,0.997211609562
      ,0.99727889472,0.997421554559,0.99749591578,0.997564343542
      ,0.997636005111,0.997680870283,0.997758615589,0.99778696606
      ,0.997842348434,0.997870325837,0.997898574349,0.99791577114
      ,0.997924642725,0.997924642725)
    ,(0.993958444137,0.993958444137,0.99394695044,0.993924076061
      ,0.993890010105,0.993845014163,0.99378941875,0.993723619692
      ,0.993648074569,0.993563299107,0.993469863605,0.993368389344
      ,0.993259545004,0.99294569257,0.992727506328,0.992491048821
      ,0.99223812871,0.99197050704,0.991689717814,0.991396985625
      ,0.991093226678,0.990779117307,0.990455216634,0.990122127545
      ,0.989780682204,0.989037991734,0.988634514104,0.988224132753
      ,0.987809308038,0.987392947597,0.98697973519,0.986577734342
      ,0.986199627174,0.985862950466,0.985588689139,0.985397589129
      ,0.985303550139,0.985303369528,0.985397436685,0.98558829447
      ,0.985862266053,0.986198877462,0.986577187791,0.986979468105
      ,0.987392759238,0.987808840303,0.988223137793,0.988633107145
      ,0.989036616872,0.989681053642,0.989927590775,0.990170014554
      ,0.990407951159,0.990641093777,0.990869180009,0.991091969066
      ,0.991309219242,0.991520665076,0.99172599481,0.991924827606
      ,0.992116690935,0.992523432615,0.992735411629,0.992930472744
      ,0.993134779368,0.993262725079,0.99348444583,0.993565403615
      ,0.993723424234,0.993803336646,0.993883991815,0.993933107799
      ,0.993958444137,0.993958444137)
    ,(0.997924642725,0.997924642725,0.997920618171,0.997912608779
      ,0.997900680204,0.997884922941,0.997865451267,0.997842402127
      ,0.997815934088,0.997786226221,0.997753477049,0.997717903441
      ,0.997679739547,0.997569678787,0.997493150514,0.997410200326
      ,0.997321470107,0.997227591034,0.997129120642,0.997026513995
      ,0.996920124656,0.996810228754,0.99669706817,0.996580906195
      ,0.996462091266,0.996204328048,0.996064683249,0.995923155936
      ,0.99578064634,0.995638244182,0.995497678944,0.995361792322
      ,0.995234860978,0.995122598527,0.995031664812,0.99496851133
      ,0.994937391033,0.9949373313,0.994968462881,0.995031534292
      ,0.995122368749,0.995234608067,0.995361607877,0.995497589219
      ,0.995638180725,0.995780486643,0.995922814668,0.996064198904
      ,0.996203852062,0.996427512751,0.996513237326,0.99659767071
      ,0.996680660656,0.996762079672,0.996841817279,0.996919771957
      ,0.996995843517,0.997069924984,0.997141894955,0.997211609562
      ,0.99727889472,0.997421554559,0.99749591578,0.99756434354
      ,0.997636005113,0.99768087028,0.997758615592,0.997786966056
      ,0.997842348436,0.997870325835,0.997898574349,0.99791577114
      ,0.997924642725,0.997924642725)
    ,(1.010025407661,1.010025407661,1.01004430765,1.010081922739
      ,1.010137937777,1.010211913848,1.010303294795,1.010411413711
      ,1.010535499461,1.010674683184,1.010828004798,1.010994419516
      ,1.011172804347,1.011686807965,1.012043760897,1.012430125975
      ,1.012842791271,1.013278719298,1.013735244485,1.014210205303
      ,1.01470193891,1.015209163843,1.015730778944,1.016265604124
      ,1.016812090714,1.017996697227,1.018637870492,1.019287294744
      ,1.019940916661,1.020593891624,1.021238543925,1.02186212179
      ,1.022445190156,1.022961505502,1.023380215469,1.023671227536
      ,1.023814589743,1.023814864944,1.023671452012,1.023380816595
      ,1.022962561455,1.022446351674,1.02186296858,1.02123895586
      ,1.020594182468,1.019941648702,1.019288859692,1.01864009274
      ,1.017998883019,1.016971004823,1.01657680871,1.016188286526
      ,1.015806115203,1.015430863572,1.015063028902,1.01470307297
      ,1.014351458776,1.014008686512,1.013675330266,1.013352074106
      ,1.013039748609,1.012376845291,1.012030822285,1.011711985789
      ,1.011377569545,1.011167869723,1.0108044585,1.010671181672
      ,1.01041192024,1.010280392541,1.010147853763,1.01006706948
      ,1.010025407662,1.010025407661)
    ,(1.031393471788,1.031393471787,1.031455377148,1.031578571247
      ,1.031762069249,1.032004531134,1.032304274763,1.03265928889
      ,1.033067246234,1.033525516499,1.034031179427,1.034581037838
      ,1.035171630672,1.036877044706,1.03806511366,1.039355750938
      ,1.040739913895,1.042208747978,1.043754545718,1.04537120162
      ,1.047054230214,1.048800412379,1.050607137532,1.052471506848
      ,1.054389264697,1.058574978575,1.060857387252,1.063187565023
      ,1.065551724438,1.067933511739,1.070306200196,1.072623041198
      ,1.074809672518,1.076762484507,1.078356843572,1.079469073557
      ,1.080016094656,1.080017145553,1.079469977842,1.078359141398
      ,1.076766439393,1.07481399452,1.072626192206,1.070307745765
      ,1.067934601709,1.065554405259,1.063193243816,1.060865388568
      ,1.058582752237,1.054950743379,1.053564680139,1.052205074577
      ,1.050873887512,1.04957268549,1.048302767603,1.047065291904
      ,1.04586140238,1.044692355277,1.04355964606,1.042465135844
      ,1.041411178205,1.039181283706,1.03802221338,1.036958204496
      ,1.035846712786,1.035152476048,1.033949557546,1.033514382297
      ,1.032659010181,1.032229390449,1.03179434418,1.031529937987
,1.031393471788,1.031393471788))) REPRESENTATION_ITEM('') SURFACE() );
#4150 = CARTESIAN_POINT('',(-5.108815909778,-1.169139999472E-16,13.));
#4151 = CARTESIAN_POINT('',(-5.108815909778,-0.119518244991,13.));
#4152 = CARTESIAN_POINT('',(-5.105789128968,-0.238606745971,
    12.996451515334));
#4153 = CARTESIAN_POINT('',(-5.099767444235,-0.357035885539,
    12.989393286121));
#4154 = CARTESIAN_POINT('',(-5.090806093802,-0.474573529763,
    12.978884772497));
#4155 = CARTESIAN_POINT('',(-5.078982526974,-0.590987391259,
    12.965005610449));
#4156 = CARTESIAN_POINT('',(-5.064395222321,-0.706047371711,
    12.947855034877));
#4157 = CARTESIAN_POINT('',(-5.047162478736,-0.819527878247,
    12.927551273592));
#4158 = CARTESIAN_POINT('',(-5.027421183351,-0.931210109397,
    12.904230915821));
#4159 = CARTESIAN_POINT('',(-5.005325561713,-1.040884305818,
    12.878048259676));
#4160 = CARTESIAN_POINT('',(-4.981045914453,-1.148351962788,
    12.849174642804));
#4161 = CARTESIAN_POINT('',(-4.954767346102,-1.253428001049,
    12.817797760926));
#4162 = CARTESIAN_POINT('',(-4.926688490597,-1.355942894258,
    12.784120978985));
#4163 = CARTESIAN_POINT('',(-4.846154993661,-1.626851763412,
    12.687056139246));
#4164 = CARTESIAN_POINT('',(-4.790536397014,-1.790276192824,
    12.61952852208));
#4165 = CARTESIAN_POINT('',(-4.730716516858,-1.946639913462,
    12.546269903074));
#4166 = CARTESIAN_POINT('',(-4.667280357814,-2.096190821267,
    12.467789919981));
#4167 = CARTESIAN_POINT('',(-4.600788349811,-2.2390658486,
    12.384556352994));
#4168 = CARTESIAN_POINT('',(-4.531740992345,-2.375433330863,
    12.296953923027));
#4169 = CARTESIAN_POINT('',(-4.460562871312,-2.50554296749,
    12.205260440513));
#4170 = CARTESIAN_POINT('',(-4.387603213975,-2.629711396958,
    12.109637416188));
#4171 = CARTESIAN_POINT('',(-4.313150146478,-2.748271073888,
    12.010132240444));
#4172 = CARTESIAN_POINT('',(-4.237455851226,-2.86150973533,
    11.906689062734));
#4173 = CARTESIAN_POINT('',(-4.160769875247,-2.969627302894,
    11.79916555204));
#4174 = CARTESIAN_POINT('',(-4.083377907608,-3.072736596632,
    11.687352773993));
#4175 = CARTESIAN_POINT('',(-3.918086596212,-3.281538832543,
    11.439935564555));
#4176 = CARTESIAN_POINT('',(-3.830084868647,-3.385903182228,
    11.30321211411));
#4177 = CARTESIAN_POINT('',(-3.742186395614,-3.48405403865,
    11.160171158791));
#4178 = CARTESIAN_POINT('',(-3.655026117221,-3.575996532218,
    11.010522125605));
#4179 = CARTESIAN_POINT('',(-3.569271412765,-3.661642105756,
    10.853729111458));
#4180 = CARTESIAN_POINT('',(-3.485810497516,-3.740682631249,
    10.688894784486));
#4181 = CARTESIAN_POINT('',(-3.406040483078,-3.812462887947,
    10.514979886948));
#4182 = CARTESIAN_POINT('',(-3.332117902293,-3.875899856351,
    10.331207681044));
#4183 = CARTESIAN_POINT('',(-3.26704076139,-3.929493651966,
    10.137510730017));
#4184 = CARTESIAN_POINT('',(-3.214436615975,-3.971472490493,
    9.934887800003));
#4185 = CARTESIAN_POINT('',(-3.177932676167,-4.000114317338,
    9.725550790603));
#4186 = CARTESIAN_POINT('',(-3.159977051436,-4.01429259456,
    9.512752350941));
#4187 = CARTESIAN_POINT('',(-3.159947919711,-4.014315526345,
    9.087673968047));
#4188 = CARTESIAN_POINT('',(-3.177902024354,-4.000131643827,
    8.874764471573));
#4189 = CARTESIAN_POINT('',(-3.214350130711,-3.971540020829,8.6654443367
    ));
#4190 = CARTESIAN_POINT('',(-3.266892710807,-3.929621379481,
    8.462889491272));
#4191 = CARTESIAN_POINT('',(-3.331956828772,-3.876043735086,
    8.269186431734));
#4192 = CARTESIAN_POINT('',(-3.405922538876,-3.812568986202,
    8.08530083635));
#4193 = CARTESIAN_POINT('',(-3.485751878033,-3.740733948818,
    7.911239313405));
#4194 = CARTESIAN_POINT('',(-3.569231185096,-3.661677423855,
    7.746342884538));
#4195 = CARTESIAN_POINT('',(-3.654930219697,-3.576089981828,
    7.58964157003));
#4196 = CARTESIAN_POINT('',(-3.741982161541,-3.484264138814,
    7.440189282306));
#4197 = CARTESIAN_POINT('',(-3.829793089743,-3.386221031219,
    7.297289583844));
#4198 = CARTESIAN_POINT('',(-3.917794983358,-3.281886963303,
    7.160516286657));
#4199 = CARTESIAN_POINT('',(-4.061121463286,-3.100864617464,
    6.94595397358));
#4200 = CARTESIAN_POINT('',(-4.116708260645,-3.027896047022,
    6.864811303999));
#4201 = CARTESIAN_POINT('',(-4.171990195494,-2.95237082727,
    6.785909040586));
#4202 = CARTESIAN_POINT('',(-4.226849464399,-2.874251455044,
    6.709171879816));
#4203 = CARTESIAN_POINT('',(-4.281177963621,-2.793479593066,
    6.634541440116));
#4204 = CARTESIAN_POINT('',(-4.334873124968,-2.709979382567,
    6.561977818779));
#4205 = CARTESIAN_POINT('',(-4.387833679252,-2.623660837816,
    6.491461216653));
#4206 = CARTESIAN_POINT('',(-4.439955349918,-2.534423328029,
    6.422993624913));
#4207 = CARTESIAN_POINT('',(-4.491126480556,-2.442159152788,
    6.356600565595));
#4208 = CARTESIAN_POINT('',(-4.541223600975,-2.346757216973,
    6.292332880833));
#4209 = CARTESIAN_POINT('',(-4.590106937901,-2.248106812105,
    6.230268561658));
#4210 = CARTESIAN_POINT('',(-4.637615877618,-2.146101511146,
    6.170514609502));
#4211 = CARTESIAN_POINT('',(-4.739137330289,-1.913095435319,
    6.043899914394));
#4212 = CARTESIAN_POINT('',(-4.792561847457,-1.780056708687,
    5.978014571017));
#4213 = CARTESIAN_POINT('',(-4.842066148564,-1.646098481984,5.9175475038
    ));
#4214 = CARTESIAN_POINT('',(-4.894338187127,-1.488736456418,
    5.854301915439));
#4215 = CARTESIAN_POINT('',(-4.927634295041,-1.37294791072,5.81435558289
    ));
#4216 = CARTESIAN_POINT('',(-4.983906996707,-1.176163344884,
    5.747021286014));
#4217 = CARTESIAN_POINT('',(-5.006707290202,-1.049121536188,
    5.72025798753));
#4218 = CARTESIAN_POINT('',(-5.046401739728,-0.865243862323,
    5.673199666267));
#4219 = CARTESIAN_POINT('',(-5.068358907424,-0.703002458313,5.6474708992
    ));
#4220 = CARTESIAN_POINT('',(-5.089125772363,-0.528630850162,
    5.623073923402));
#4221 = CARTESIAN_POINT('',(-5.102152115949,-0.353683519194,
    5.607811771915));
#4222 = CARTESIAN_POINT('',(-5.108815909773,-0.177009652989,
    5.600000000004));
#4223 = CARTESIAN_POINT('',(-5.108815909778,-1.169139999472E-16,5.6));
#4224 = CARTESIAN_POINT('',(-5.108815909778,2.462065906212E-16,
    12.893065286739));
#4225 = CARTESIAN_POINT('',(-5.108815909778,-0.116063984228,
    12.893065286739));
#4226 = CARTESIAN_POINT('',(-5.105964653365,-0.231719191057,
    12.889530427976));
#4227 = CARTESIAN_POINT('',(-5.100290378873,-0.346742993077,
    12.882496868525));
#4228 = CARTESIAN_POINT('',(-5.091844755805,-0.460908861603,
    12.87202337148));
#4229 = CARTESIAN_POINT('',(-5.080701489061,-0.573989091835,
    12.858190345852));
#4230 = CARTESIAN_POINT('',(-5.066954913272,-0.685757519897,
    12.841098876301));
#4231 = CARTESIAN_POINT('',(-5.050718578613,-0.795992229926,
    12.820869743424));
#4232 = CARTESIAN_POINT('',(-5.032123829964,-0.904478249555,
    12.797642435831));
#4233 = CARTESIAN_POINT('',(-5.011318380812,-1.011010232332,
    12.771574156138));
#4234 = CARTESIAN_POINT('',(-4.988464883941,-1.115395125911,
    12.742838822116));
#4235 = CARTESIAN_POINT('',(-4.96373950034,-1.217454825006,
    12.711626065194));
#4236 = CARTESIAN_POINT('',(-4.937330468233,-1.317028808551,
    12.67814022769));
#4237 = CARTESIAN_POINT('',(-4.861559227893,-1.580380091766,
    12.581596332605));
#4238 = CARTESIAN_POINT('',(-4.809241353575,-1.73929623502,
    12.514456073605));
#4239 = CARTESIAN_POINT('',(-4.752996798354,-1.891377174838,
    12.44165668957));
#4240 = CARTESIAN_POINT('',(-4.693391484705,-2.036855376618,
    12.363729246384));
#4241 = CARTESIAN_POINT('',(-4.630973308012,-2.175841438738,
    12.281172452183));
#4242 = CARTESIAN_POINT('',(-4.56623089142,-2.308484049977,
    12.194399852006));
#4243 = CARTESIAN_POINT('',(-4.499576462891,-2.43502472225,
    12.103713449491));
#4244 = CARTESIAN_POINT('',(-4.431348010084,-2.555779684952,
    12.00929765742));
#4245 = CARTESIAN_POINT('',(-4.36182587816,-2.671081203948,
    11.911227491008));
#4246 = CARTESIAN_POINT('',(-4.291258997562,-2.781210441177,
    11.809484941524));
#4247 = CARTESIAN_POINT('',(-4.219895958619,-2.886353811038,
    11.703977503627));
#4248 = CARTESIAN_POINT('',(-4.148016184742,-2.986614620723,
    11.594552868447));
#4249 = CARTESIAN_POINT('',(-3.994564131294,-3.189976701465,
    11.352748722161));
#4250 = CARTESIAN_POINT('',(-3.912926668175,-3.291761749335,
    11.219309515919));
#4251 = CARTESIAN_POINT('',(-3.831547087409,-3.387516858885,
    11.080124251821));
#4252 = CARTESIAN_POINT('',(-3.751024060537,-3.477247565575,
    10.934954332699));
#4253 = CARTESIAN_POINT('',(-3.671984476147,-3.560870823459,
    10.783350094122));
#4254 = CARTESIAN_POINT('',(-3.595239806936,-3.638101137812,
    10.624534471359));
#4255 = CARTESIAN_POINT('',(-3.522042026484,-3.708320295953,
    10.457581515026));
#4256 = CARTESIAN_POINT('',(-3.454316159115,-3.770483164073,
    10.281767992513));
#4257 = CARTESIAN_POINT('',(-3.394747994289,-3.823111144556,
    10.096978188186));
#4258 = CARTESIAN_POINT('',(-3.346606729103,-3.864424293683,
    9.904044421527));
#4259 = CARTESIAN_POINT('',(-3.313182594,-3.892663173635,9.704908584236)
  );
#4260 = CARTESIAN_POINT('',(-3.296717836463,-3.906652771967,
    9.502492433546));
#4261 = CARTESIAN_POINT('',(-3.296692647183,-3.906674207594,
    9.097883696206));
#4262 = CARTESIAN_POINT('',(-3.313154776272,-3.892680557496,
    8.895403010401));
#4263 = CARTESIAN_POINT('',(-3.346524635793,-3.864493234983,
    8.696307054689));
#4264 = CARTESIAN_POINT('',(-3.394607074157,-3.823240576891,8.503436205)
  );
#4265 = CARTESIAN_POINT('',(-3.454163025891,-3.770628418874,
    8.318625681684));
#4266 = CARTESIAN_POINT('',(-3.521929876306,-3.708427562418,
    8.142691090313));
#4267 = CARTESIAN_POINT('',(-3.595183887942,-3.638153658464,
    7.975594326886));
#4268 = CARTESIAN_POINT('',(-3.671946654213,-3.560906771816,
    7.816722151768));
#4269 = CARTESIAN_POINT('',(-3.750935773244,-3.477339212691,
    7.665207715268));
#4270 = CARTESIAN_POINT('',(-3.831359991458,-3.387720504572,
    7.520223047421));
#4271 = CARTESIAN_POINT('',(-3.912660056959,-3.292068004203,
    7.381168576867));
#4272 = CARTESIAN_POINT('',(-3.994297751109,-3.19031106834,
    7.247684256898));
#4273 = CARTESIAN_POINT('',(-4.127403907774,-3.013943011381,
    7.037919208443));
#4274 = CARTESIAN_POINT('',(-4.17902235009,-2.942959110205,
    6.958547674918));
#4275 = CARTESIAN_POINT('',(-4.230427054694,-2.869488793145,
    6.881221749753));
#4276 = CARTESIAN_POINT('',(-4.281505107864,-2.793493766323,
    6.80588558314));
#4277 = CARTESIAN_POINT('',(-4.332151862871,-2.714916108188,
    6.732498554928));
#4278 = CARTESIAN_POINT('',(-4.382267094483,-2.633681505837,
    6.66103699701));
#4279 = CARTESIAN_POINT('',(-4.431751134186,-2.549702514837,
    6.591495935779));
#4280 = CARTESIAN_POINT('',(-4.480500986645,-2.462881844209,
    6.523890853767));
#4281 = CARTESIAN_POINT('',(-4.528406428577,-2.373115668286,
    6.458259466921));
#4282 = CARTESIAN_POINT('',(-4.575346091058,-2.28029696731,
    6.394663517184));
#4283 = CARTESIAN_POINT('',(-4.621183527179,-2.184318898626,
    6.333190576425));
#4284 = CARTESIAN_POINT('',(-4.665763266872,-2.085078200623,
    6.273955860566));
#4285 = CARTESIAN_POINT('',(-4.761009727779,-1.858573063557,
    6.14844629699));
#4286 = CARTESIAN_POINT('',(-4.811147396298,-1.729330536771,
    6.083103756973));
#4287 = CARTESIAN_POINT('',(-4.857659695524,-1.599181753866,
    6.023051136208));
#4288 = CARTESIAN_POINT('',(-4.906826629916,-1.446113327544,
    5.960167439587));
#4289 = CARTESIAN_POINT('',(-4.937965889577,-1.334486006436,
    5.920707773325));
#4290 = CARTESIAN_POINT('',(-4.991422943784,-1.141292805411,
    5.852962176675));
#4291 = CARTESIAN_POINT('',(-5.012204497743,-1.02058124896,
    5.827362892534));
#4292 = CARTESIAN_POINT('',(-5.050259077143,-0.839478090999,
    5.779481493445));
#4293 = CARTESIAN_POINT('',(-5.070544245176,-0.683360653479,
    5.754463967019));
#4294 = CARTESIAN_POINT('',(-5.090299476731,-0.513319899406,
    5.729869861305));
#4295 = CARTESIAN_POINT('',(-5.102533524517,-0.343508270477,
    5.714724105212));
#4296 = CARTESIAN_POINT('',(-5.108815909775,-0.171855693156,
    5.706934713264));
#4297 = CARTESIAN_POINT('',(-5.108815909778,-1.020527864846E-10,
    5.706934713261));
#4298 = CARTESIAN_POINT('',(-5.074814169524,-2.054325222102E-16,
    12.788916570967));
#4299 = CARTESIAN_POINT('',(-5.074814169524,-0.111990241642,
    12.788916570967));
#4300 = CARTESIAN_POINT('',(-5.072081957493,-0.223589826858,
    12.785394789586));
#4301 = CARTESIAN_POINT('',(-5.066643023917,-0.334581272748,
    12.778385170245));
#4302 = CARTESIAN_POINT('',(-5.058546726428,-0.444741666213,
    12.76794588742));
#4303 = CARTESIAN_POINT('',(-5.047864643799,-0.553845868637,
    12.754158014715));
#4304 = CARTESIAN_POINT('',(-5.034688932079,-0.661669722024,
    12.737124195132));
#4305 = CARTESIAN_POINT('',(-5.019130682341,-0.767993256986,
    12.716967313699));
#4306 = CARTESIAN_POINT('',(-5.00131827999,-0.872603903022,
    12.693829171381));
#4307 = CARTESIAN_POINT('',(-4.981395764934,-0.975299701398,
    12.667869160838));
#4308 = CARTESIAN_POINT('',(-4.959521192604,-1.075892520981,
    12.639262942654));
#4309 = CARTESIAN_POINT('',(-4.935864995176,-1.174211277231,
    12.608201122593));
#4310 = CARTESIAN_POINT('',(-4.910608342852,-1.27010515457,
    12.574887928773));
#4311 = CARTESIAN_POINT('',(-4.838141711271,-1.523759409978,
    12.478830294441));
#4312 = CARTESIAN_POINT('',(-4.788140973219,-1.676713625519,
    12.412067409377));
#4313 = CARTESIAN_POINT('',(-4.734421009729,-1.822997262766,
    12.339709898905));
#4314 = CARTESIAN_POINT('',(-4.677538507472,-1.962825730201,
    12.262305713984));
#4315 = CARTESIAN_POINT('',(-4.618039076276,-2.09628013562,
    12.180380987001));
#4316 = CARTESIAN_POINT('',(-4.556408356103,-2.2234874062,12.09437448929
    ));
#4317 = CARTESIAN_POINT('',(-4.493053143255,-2.344680145479,
    12.004608225572));
#4318 = CARTESIAN_POINT('',(-4.428305405304,-2.460173937247,
    11.911284742448));
#4319 = CARTESIAN_POINT('',(-4.362442050967,-2.570299835006,
    11.814501723925));
#4320 = CARTESIAN_POINT('',(-4.295713315256,-2.675329810889,
    11.714274440066));
#4321 = CARTESIAN_POINT('',(-4.228372611421,-2.775432977959,
    11.610556603524));
#4322 = CARTESIAN_POINT('',(-4.160700692116,-2.87070044192,
    11.503250178174));
#4323 = CARTESIAN_POINT('',(-4.0164584092,-3.0637294278,11.266577385999)
  );
#4324 = CARTESIAN_POINT('',(-3.939872688011,-3.160170673607,
    11.136234720378));
#4325 = CARTESIAN_POINT('',(-3.863727965942,-3.250684104632,
    11.000680800857));
#4326 = CARTESIAN_POINT('',(-3.788600594568,-3.335285290102,
    10.85974461357));
#4327 = CARTESIAN_POINT('',(-3.715090847757,-3.413909908172,
    10.713077123322));
#4328 = CARTESIAN_POINT('',(-3.643950423065,-3.486322442105,
    10.560030164074));
#4329 = CARTESIAN_POINT('',(-3.576309549973,-3.551997120215,
    10.399802323967));
#4330 = CARTESIAN_POINT('',(-3.513891287055,-3.61002306722,
    10.231746751792));
#4331 = CARTESIAN_POINT('',(-3.459100302856,-3.659085809513,
    10.055735436433));
#4332 = CARTESIAN_POINT('',(-3.414873190532,-3.697577398053,
    9.872474031045));
#4333 = CARTESIAN_POINT('',(-3.384177310856,-3.723887398753,
    9.683660737957));
#4334 = CARTESIAN_POINT('',(-3.369045495739,-3.73692674618,
    9.491882282977));
#4335 = CARTESIAN_POINT('',(-3.369024077292,-3.73694507443,
    9.108440505893));
#4336 = CARTESIAN_POINT('',(-3.384152233543,-3.723903344126,
    8.916646777517));
#4337 = CARTESIAN_POINT('',(-3.414794670877,-3.697644687329,
    8.727898316102));
#4338 = CARTESIAN_POINT('',(-3.458964696032,-3.659212151858,
    8.54469548351));
#4339 = CARTESIAN_POINT('',(-3.513743826819,-3.610164726492,
    8.368648742514));
#4340 = CARTESIAN_POINT('',(-3.57620140912,-3.552102018234,
    8.200463517866));
#4341 = CARTESIAN_POINT('',(-3.643896417552,-3.486374283107,
    8.040093388929));
#4342 = CARTESIAN_POINT('',(-3.715055122039,-3.413944846436,
    7.886994655649));
#4343 = CARTESIAN_POINT('',(-3.788518660424,-3.335371680485,
    7.740415715372));
#4344 = CARTESIAN_POINT('',(-3.86355454999,-3.25087484971,7.599655138051
    ));
#4345 = CARTESIAN_POINT('',(-3.939625977428,-3.16045660385,7.46422271304
    ));
#4346 = CARTESIAN_POINT('',(-4.016212465074,-3.064041020783,
    7.333838037022));
#4347 = CARTESIAN_POINT('',(-4.141350358001,-2.896606957732,
    7.128491634256));
#4348 = CARTESIAN_POINT('',(-4.189924877659,-2.829175728417,
    7.050701945491));
#4349 = CARTESIAN_POINT('',(-4.238376802686,-2.759289002738,
    6.974784326402));
#4350 = CARTESIAN_POINT('',(-4.286595042394,-2.686908003441,
    6.900701859598));
#4351 = CARTESIAN_POINT('',(-4.334475845804,-2.611975760505,
    6.828430711444));
#4352 = CARTESIAN_POINT('',(-4.381919198355,-2.534420141501,
    6.757962080166));
#4353 = CARTESIAN_POINT('',(-4.428825222626,-2.454156877123,
    6.689304139163));
#4354 = CARTESIAN_POINT('',(-4.475090582846,-2.371092581514,
    6.622483976483));
#4355 = CARTESIAN_POINT('',(-4.520604893116,-2.285127767042,
    6.557549530248));
#4356 = CARTESIAN_POINT('',(-4.56524712893,-2.196159853178,
    6.494571521183));
#4357 = CARTESIAN_POINT('',(-4.608882041793,-2.104086169021,
    6.433645382099));
#4358 = CARTESIAN_POINT('',(-4.651356576393,-2.008806949105,
    6.37489318539));
#4359 = CARTESIAN_POINT('',(-4.742139532928,-1.791273610584,
    6.250374431524));
#4360 = CARTESIAN_POINT('',(-4.789960419958,-1.667095310296,
    6.185512060969));
#4361 = CARTESIAN_POINT('',(-4.834384757222,-1.541935483133,
    6.125823535992));
#4362 = CARTESIAN_POINT('',(-4.881393831094,-1.394438728291,
    6.063274021782));
#4363 = CARTESIAN_POINT('',(-4.910948499044,-1.287983068806,
    6.024318656681));
#4364 = CARTESIAN_POINT('',(-4.962727385858,-1.099445794113,
    5.956028569847));
#4365 = CARTESIAN_POINT('',(-4.981731311744,-0.986407748811,
    5.931780015427));
#4366 = CARTESIAN_POINT('',(-5.019032287397,-0.80877643626,5.88290224108
    ));
#4367 = CARTESIAN_POINT('',(-5.037946381838,-0.660033736087,
    5.858707196199));
#4368 = CARTESIAN_POINT('',(-5.057115477232,-0.495186678882,
    5.833870886075));
#4369 = CARTESIAN_POINT('',(-5.068788100007,-0.331487341166,
    5.818852472464));
#4370 = CARTESIAN_POINT('',(-5.074814169521,-0.165777430186,
    5.811083429037));
#4371 = CARTESIAN_POINT('',(-5.074814169524,-1.077948675178E-10,
    5.811083429033));
#4372 = CARTESIAN_POINT('',(-5.009583715059,-6.640058025511E-16,
    12.699232194719));
#4373 = CARTESIAN_POINT('',(-5.009583715059,-0.107732118773,
    12.699232194719));
#4374 = CARTESIAN_POINT('',(-5.006904547068,-0.215088568729,
    12.695744105436));
#4375 = CARTESIAN_POINT('',(-5.001569965566,-0.321856998302,
    12.688799895671));
#4376 = CARTESIAN_POINT('',(-4.993628150164,-0.4278180196,
    12.678456869153));
#4377 = CARTESIAN_POINT('',(-4.983149849686,-0.532748937047,
    12.664796033506));
#4378 = CARTESIAN_POINT('',(-4.970226532168,-0.636427480282,
    12.647920476094));
#4379 = CARTESIAN_POINT('',(-4.954968539757,-0.738635542694,
    12.627953745808));
#4380 = CARTESIAN_POINT('',(-4.937503247513,-0.839162926824,
    12.605038239571));
#4381 = CARTESIAN_POINT('',(-4.917973224959,-0.937811097789,
    12.579333592536));
#4382 = CARTESIAN_POINT('',(-4.896534399393,-1.034396945651,
    12.551015070746));
#4383 = CARTESIAN_POINT('',(-4.873354219793,-1.128756557523,
    12.520271965153));
#4384 = CARTESIAN_POINT('',(-4.848609820366,-1.220748999964,
    12.487305985828));
#4385 = CARTESIAN_POINT('',(-4.777610095341,-1.464025392936,
    12.392246106294));
#4386 = CARTESIAN_POINT('',(-4.728650953607,-1.610540915554,
    12.32621666786));
#4387 = CARTESIAN_POINT('',(-4.676063076696,-1.750533704199,
    12.254671705497));
#4388 = CARTESIAN_POINT('',(-4.620399362354,-1.884203684073,
    12.17816492567));
#4389 = CARTESIAN_POINT('',(-4.562208341989,-2.011603334947,
    12.097238149024));
#4390 = CARTESIAN_POINT('',(-4.501976860736,-2.132838385645,
    12.012343719153));
#4391 = CARTESIAN_POINT('',(-4.440108998208,-2.248132799562,
    11.923812042585));
#4392 = CARTESIAN_POINT('',(-4.376931848424,-2.357801355919,
    11.831851756686));
#4393 = CARTESIAN_POINT('',(-4.312718765474,-2.462173220542,
    11.736570010667));
#4394 = CARTESIAN_POINT('',(-4.247720659129,-2.561510011886,
    11.638000312705));
#4395 = CARTESIAN_POINT('',(-4.182195895469,-2.655961995068,
    11.536125363579));
#4396 = CARTESIAN_POINT('',(-4.116429324092,-2.745606174393,
    11.430882251774));
#4397 = CARTESIAN_POINT('',(-3.976381460538,-2.926807408782,
    11.199073098436));
#4398 = CARTESIAN_POINT('',(-3.902110229021,-3.017043110428,
    11.071595321327));
#4399 = CARTESIAN_POINT('',(-3.828366714267,-3.101430546885,
    10.939255055334));
#4400 = CARTESIAN_POINT('',(-3.755719345174,-3.179997501473,
    10.801927467524));
#4401 = CARTESIAN_POINT('',(-3.684760905264,-3.252698663064,
    10.659334441903));
#4402 = CARTESIAN_POINT('',(-3.61622039975,-3.319348229686,
    10.510916807428));
#4403 = CARTESIAN_POINT('',(-3.551174800545,-3.379519595192,
    10.355959798619));
#4404 = CARTESIAN_POINT('',(-3.491253245191,-3.432459604951,
    10.193874402582));
#4405 = CARTESIAN_POINT('',(-3.438725357599,-3.477065426943,
    10.024536064569));
#4406 = CARTESIAN_POINT('',(-3.396364560455,-3.511972483715,
    9.848580706517));
#4407 = CARTESIAN_POINT('',(-3.366977004818,-3.535801901645,
    9.66755621731));
#4408 = CARTESIAN_POINT('',(-3.3524877148,-3.547615240302,9.48382591551)
  );
#4409 = CARTESIAN_POINT('',(-3.352468542123,-3.547630130185,
    9.116454816072));
#4410 = CARTESIAN_POINT('',(-3.366953614444,-3.535815607328,
    8.932747506289));
#4411 = CARTESIAN_POINT('',(-3.39628716429,-3.512036429988,
    8.751808112991));
#4412 = CARTESIAN_POINT('',(-3.43859066833,-3.477186358416,
    8.575909101865));
#4413 = CARTESIAN_POINT('',(-3.49110650852,-3.432595410061,
    8.406524392666));
#4414 = CARTESIAN_POINT('',(-3.551067052577,-3.379620446921,
    8.244302067173));
#4415 = CARTESIAN_POINT('',(-3.616166663161,-3.319398288272,
    8.08920267284));
#4416 = CARTESIAN_POINT('',(-3.684726181835,-3.252731641626,
    7.940736011363));
#4417 = CARTESIAN_POINT('',(-3.755640467376,-3.180077407539,
    7.798230687773));
#4418 = CARTESIAN_POINT('',(-3.828199466114,-3.101606804501,
    7.661072190872));
#4419 = CARTESIAN_POINT('',(-3.901872639791,-3.017307017259,
    7.528846537976));
#4420 = CARTESIAN_POINT('',(-3.976145798503,-2.927094488785,
    7.401327485629));
#4421 = CARTESIAN_POINT('',(-4.097651493305,-2.769912803305,
    7.200190716569));
#4422 = CARTESIAN_POINT('',(-4.144846616649,-2.706499481017,
    7.123926123862));
#4423 = CARTESIAN_POINT('',(-4.191962252255,-2.640651975787,
    7.049418149006));
#4424 = CARTESIAN_POINT('',(-4.238887380793,-2.572331944258,
    6.976641808161));
#4425 = CARTESIAN_POINT('',(-4.285518186187,-2.501484045047,
    6.905583433419));
#4426 = CARTESIAN_POINT('',(-4.331754518324,-2.428038753195,
    6.836242816224));
#4427 = CARTESIAN_POINT('',(-4.377496367002,-2.351915161373,
    6.768635337962));
#4428 = CARTESIAN_POINT('',(-4.422640346888,-2.273023766874,
    6.702794088191));
#4429 = CARTESIAN_POINT('',(-4.467076192658,-2.191269243361,
    6.638771972609));
#4430 = CARTESIAN_POINT('',(-4.510683263797,-2.106553196364,
    6.576643811179));
#4431 = CARTESIAN_POINT('',(-4.553327057855,-2.018776901292,
    6.516508428547));
#4432 = CARTESIAN_POINT('',(-4.594855731123,-1.927844022789,
    6.458490737818));
#4433 = CARTESIAN_POINT('',(-4.683642307535,-1.720045888479,
    6.335492029249));
#4434 = CARTESIAN_POINT('',(-4.730427697748,-1.601310206717,
    6.271397136344));
#4435 = CARTESIAN_POINT('',(-4.773931286228,-1.481491507549,
    6.212356161797));
#4436 = CARTESIAN_POINT('',(-4.819985183905,-1.339967147287,
    6.150466741115));
#4437 = CARTESIAN_POINT('',(-4.848704325135,-1.238967907832,
    6.112220144334));
#4438 = CARTESIAN_POINT('',(-4.900108095402,-1.055443345108,
    6.043754864171));
#4439 = CARTESIAN_POINT('',(-4.917768323397,-0.950473918853,
    6.021026723266));
#4440 = CARTESIAN_POINT('',(-4.955248350807,-0.776554874952,
    5.971416064577));
#4441 = CARTESIAN_POINT('',(-4.973229300346,-0.63557022335,
    5.948205458522));
#4442 = CARTESIAN_POINT('',(-4.99227863217,-0.476193754654,
    5.923270522801));
#4443 = CARTESIAN_POINT('',(-5.00366857958,-0.318909707345,
    5.908470847411));
#4444 = CARTESIAN_POINT('',(-5.009583715053,-0.159424061107,
    5.900767805288));
#4445 = CARTESIAN_POINT('',(-5.009583715059,-1.571567299444E-10,
    5.900767805281));
#4446 = CARTESIAN_POINT('',(-4.919899338811,-2.39830524593E-16,
    12.634001740253));
#4447 = CARTESIAN_POINT('',(-4.919899338811,-0.103753666378,
    12.634001740253));
#4448 = CARTESIAN_POINT('',(-4.917213465882,-0.207142491314,
    12.630583641896));
#4449 = CARTESIAN_POINT('',(-4.911864807117,-0.309961606884,
    12.623777696323));
#4450 = CARTESIAN_POINT('',(-4.903901304627,-0.411997534071,
    12.613639771498));
#4451 = CARTESIAN_POINT('',(-4.893393769347,-0.513032377993,
    12.600249538556));
#4452 = CARTESIAN_POINT('',(-4.880433896889,-0.612848024456,
    12.583708660547));
#4453 = CARTESIAN_POINT('',(-4.865132285127,-0.711230338228,
    12.564138983147));
#4454 = CARTESIAN_POINT('',(-4.8476164531,-0.807973363706,12.54168072705
    ));
#4455 = CARTESIAN_POINT('',(-4.82802886093,-0.902883528125,
    12.516490681544));
#4456 = CARTESIAN_POINT('',(-4.806524930275,-0.995783848008,
    12.488740398945));
#4457 = CARTESIAN_POINT('',(-4.783271065063,-1.086518138827,
    12.458614389466));
#4458 = CARTESIAN_POINT('',(-4.758442672025,-1.174955228364,
    12.426308316124));
#4459 = CARTESIAN_POINT('',(-4.687188979688,-1.408761728497,
    12.333149998102));
#4460 = CARTESIAN_POINT('',(-4.638064170959,-1.549425067239,
    12.268471960077));
#4461 = CARTESIAN_POINT('',(-4.585278550048,-1.683752191869,
    12.198385661013));
#4462 = CARTESIAN_POINT('',(-4.529382523683,-1.811934174509,
    12.123433743119));
#4463 = CARTESIAN_POINT('',(-4.470927803573,-1.934001507069,
    12.044154817191));
#4464 = CARTESIAN_POINT('',(-4.410402182529,-2.050043488092,
    11.960996349981));
#4465 = CARTESIAN_POINT('',(-4.348206125349,-2.160278032718,
    11.874279592219));
#4466 = CARTESIAN_POINT('',(-4.284659907428,-2.265020311881,
    11.784201611731));
#4467 = CARTESIAN_POINT('',(-4.220030028753,-2.364598660494,
    11.690859491605));
#4468 = CARTESIAN_POINT('',(-4.154563621842,-2.459266237065,
    11.594281739298));
#4469 = CARTESIAN_POINT('',(-4.088519560054,-2.549156966066,
    11.494451939801));
#4470 = CARTESIAN_POINT('',(-4.022184959279,-2.634334346733,
    11.391309667016));
#4471 = CARTESIAN_POINT('',(-3.880850660974,-2.80620380985,
    11.16414059241));
#4472 = CARTESIAN_POINT('',(-3.805849260027,-2.891600626026,
    11.039230907123));
#4473 = CARTESIAN_POINT('',(-3.731305564191,-2.971301155452,
    10.909504104251));
#4474 = CARTESIAN_POINT('',(-3.657793131501,-3.045337940941,
    10.774843171939));
#4475 = CARTESIAN_POINT('',(-3.58591369961,-3.113673258633,
    10.634983790772));
#4476 = CARTESIAN_POINT('',(-3.516410529478,-3.176146058617,
    10.489372990604));
#4477 = CARTESIAN_POINT('',(-3.450385378632,-3.232384147667,
    10.337293799254));
#4478 = CARTESIAN_POINT('',(-3.389507760436,-3.281726211119,
    10.178152143869));
#4479 = CARTESIAN_POINT('',(-3.336104864073,-3.323198416856,
    10.011821907998));
#4480 = CARTESIAN_POINT('',(-3.293020270126,-3.35559044166,
    9.838943590634));
#4481 = CARTESIAN_POINT('',(-3.263129540086,-3.377675751574,
    9.661071490823));
#4482 = CARTESIAN_POINT('',(-3.248401084771,-3.388620764272,
    9.480563883871));
#4483 = CARTESIAN_POINT('',(-3.248381986003,-3.388633401301,
    9.119697693733));
#4484 = CARTESIAN_POINT('',(-3.263106223667,-3.377687655055,
    8.939229828986));
#4485 = CARTESIAN_POINT('',(-3.292941175909,-3.355651530582,
    8.761452619632));
#4486 = CARTESIAN_POINT('',(-3.335966464716,-3.323315033723,
    8.588630900339));
#4487 = CARTESIAN_POINT('',(-3.389356666847,-3.281857535317,
    8.422250030648));
#4488 = CARTESIAN_POINT('',(-3.450274339562,-3.232481873417,
    8.262967613952));
#4489 = CARTESIAN_POINT('',(-3.516355322899,-3.176194521993,
    8.11074456134));
#4490 = CARTESIAN_POINT('',(-3.585878602922,-3.113704435433,
    7.965084672674));
#4491 = CARTESIAN_POINT('',(-3.657713366381,-3.045412963639,
    7.825312273702));
#4492 = CARTESIAN_POINT('',(-3.731135869842,-2.971467184129,
    7.690817874781));
#4493 = CARTESIAN_POINT('',(-3.805608556809,-2.891849051005,
    7.56120218634));
#4494 = CARTESIAN_POINT('',(-3.880613620949,-2.806472857655,
    7.436249114494));
#4495 = CARTESIAN_POINT('',(-4.003228827608,-2.657396168699,
    7.239150242242));
#4496 = CARTESIAN_POINT('',(-4.050841161967,-2.597166728115,
    7.164405842095));
#4497 = CARTESIAN_POINT('',(-4.098347265585,-2.534557497245,
    7.091391781542));
#4498 = CARTESIAN_POINT('',(-4.145635907882,-2.469531518757,
    7.020082896573));
#4499 = CARTESIAN_POINT('',(-4.192603698688,-2.402035367897,
    6.950464673121));
#4500 = CARTESIAN_POINT('',(-4.239151437554,-2.332001832136,
    6.882535452841));
#4501 = CARTESIAN_POINT('',(-4.285180467027,-2.259352586583,
    6.816308634423));
#4502 = CARTESIAN_POINT('',(-4.330589029751,-2.184000864681,
    6.751814870608));
#4503 = CARTESIAN_POINT('',(-4.375268629226,-2.105854123976,
    6.689104261618));
#4504 = CARTESIAN_POINT('',(-4.419100393892,-2.024816706471,
    6.62824854515));
#4505 = CARTESIAN_POINT('',(-4.461951444294,-1.940792493263,
    6.569343283663));
#4506 = CARTESIAN_POINT('',(-4.503671262818,-1.853687552971,
    6.512510049336));
#4507 = CARTESIAN_POINT('',(-4.592858972991,-1.654478327324,
    6.391999045833));
#4508 = CARTESIAN_POINT('',(-4.639840367299,-1.540567953025,
    6.329198996329));
#4509 = CARTESIAN_POINT('',(-4.683531217695,-1.425522859351,
    6.271323201767));
#4510 = CARTESIAN_POINT('',(-4.729761151029,-1.289403078581,
    6.210670953884));
#4511 = CARTESIAN_POINT('',(-4.758370406022,-1.193366373993,
    6.173464625385));
#4512 = CARTESIAN_POINT('',(-4.81053155052,-1.014407404871,
    6.105581005792));
#4513 = CARTESIAN_POINT('',(-4.827355973853,-0.916924814601,
    6.084497981569));
#4514 = CARTESIAN_POINT('',(-4.86576427423,-0.746434068914,
    6.034772249227));
#4515 = CARTESIAN_POINT('',(-4.883274522282,-0.612685506349,
    6.012726257049));
#4516 = CARTESIAN_POINT('',(-4.90259819065,-0.45842683314,5.987985704722
    ));
#4517 = CARTESIAN_POINT('',(-4.91396427712,-0.307147879733,
    5.973554038072));
#4518 = CARTESIAN_POINT('',(-4.919899338801,-0.153487976869,
    5.965998259758));
#4519 = CARTESIAN_POINT('',(-4.919899338811,-2.45245841435E-10,
    5.965998259747));
#4520 = CARTESIAN_POINT('',(-4.815750623039,-2.6295618504E-16,12.6));
#4521 = CARTESIAN_POINT('',(-4.815750623039,-0.100482168849,12.6));
#4522 = CARTESIAN_POINT('',(-4.813018634788,-0.200605118575,
    12.59669287432));
#4523 = CARTESIAN_POINT('',(-4.807578063088,-0.300175824764,
    12.590107518946));
#4524 = CARTESIAN_POINT('',(-4.799477296861,-0.398991195618,
    12.580297628899));
#4525 = CARTESIAN_POINT('',(-4.788787695938,-0.496842582973,
    12.567339867437));
#4526 = CARTESIAN_POINT('',(-4.775601568034,-0.593520286904,
    12.5513320245));
#4527 = CARTESIAN_POINT('',(-4.760030137522,-0.688818051247,
    12.532391165921));
#4528 = CARTESIAN_POINT('',(-4.742201508036,-0.782537548013,
    12.510651775632));
#4529 = CARTESIAN_POINT('',(-4.722258620537,-0.874492848321,
    12.486263892359));
#4530 = CARTESIAN_POINT('',(-4.700357208963,-0.964514878495,
    12.459391243161));
#4531 = CARTESIAN_POINT('',(-4.676663755075,-1.052455859628,
    12.430209375336));
#4532 = CARTESIAN_POINT('',(-4.651353444426,-1.138193729928,
    12.398903788807));
#4533 = CARTESIAN_POINT('',(-4.578701943873,-1.36485941018,
    12.30862164395));
#4534 = CARTESIAN_POINT('',(-4.52860719708,-1.501201481889,
    12.24594864692));
#4535 = CARTESIAN_POINT('',(-4.474735957363,-1.63147476739,
    12.177994346862));
#4536 = CARTESIAN_POINT('',(-4.417635460001,-1.755871108501,
    12.105269956908));
#4537 = CARTESIAN_POINT('',(-4.357858327517,-1.874409089199,
    12.028287730598));
#4538 = CARTESIAN_POINT('',(-4.295891284461,-1.987168268362,
    11.947468310769));
#4539 = CARTESIAN_POINT('',(-4.232129790751,-2.094363226738,
    11.863103931371));
#4540 = CARTESIAN_POINT('',(-4.166886020952,-2.196309814193,
    11.775361071515));
#4541 = CARTESIAN_POINT('',(-4.100417644906,-2.293335817365,
    11.684306195591));
#4542 = CARTESIAN_POINT('',(-4.032964912775,-2.385688058489,
    11.589938274031));
#4543 = CARTESIAN_POINT('',(-3.964783607195,-2.47348770205,
    11.492211852071));
#4544 = CARTESIAN_POINT('',(-3.896161493734,-2.556785292284,
    11.391034519656));
#4545 = CARTESIAN_POINT('',(-3.749745717552,-2.724977398973,
    11.167836432924));
#4546 = CARTESIAN_POINT('',(-3.67191123633,-2.808644833797,
    11.04491294474));
#4547 = CARTESIAN_POINT('',(-3.594354099128,-2.886890072992,
    10.916877463455));
#4548 = CARTESIAN_POINT('',(-3.517661636924,-2.959734033521,
    10.783578426488));
#4549 = CARTESIAN_POINT('',(-3.442455602271,-3.027124556337,
    10.644703940204));
#4550 = CARTESIAN_POINT('',(-3.369520588097,-3.088881224761,
    10.499623429423));
#4551 = CARTESIAN_POINT('',(-3.30004020227,-3.144605206753,
    10.34753089607));
#4552 = CARTESIAN_POINT('',(-3.235820313669,-3.193600519869,
    10.187767598077));
#4553 = CARTESIAN_POINT('',(-3.179380076685,-3.234852421216,
    10.02020371924));
#4554 = CARTESIAN_POINT('',(-3.133792628267,-3.267108147055,
    9.845560831859));
#4555 = CARTESIAN_POINT('',(-3.102157651981,-3.289105250311,
    9.665559516718));
#4556 = CARTESIAN_POINT('',(-3.086586431308,-3.299993708231,
    9.482778719368));
#4557 = CARTESIAN_POINT('',(-3.086565647809,-3.300006286468,
    9.117490789797));
#4558 = CARTESIAN_POINT('',(-3.102133168288,-3.289116731917,
    8.934741410193));
#4559 = CARTESIAN_POINT('',(-3.133710327317,-3.267168612392,
    8.754832051141));
#4560 = CARTESIAN_POINT('',(-3.179235732601,-3.234968503779,
    8.580248239684));
#4561 = CARTESIAN_POINT('',(-3.235662438489,-3.193731545909,
    8.412637004494));
#4562 = CARTESIAN_POINT('',(-3.299924129934,-3.144702748207,
    8.252733500649));
#4563 = CARTESIAN_POINT('',(-3.369463072819,-3.088929338964,
    8.100494749753));
#4564 = CARTESIAN_POINT('',(-3.442419217915,-3.027155015453,
    7.955362354669));
#4565 = CARTESIAN_POINT('',(-3.517578182247,-2.9598079288,7.816574233311
    ));
#4566 = CARTESIAN_POINT('',(-3.594175900611,-2.887054434001,
    7.68344330221));
#4567 = CARTESIAN_POINT('',(-3.67165868957,-2.808890358693,
    7.555519194469));
#4568 = CARTESIAN_POINT('',(-3.749498640668,-2.725241060963,
    7.432547664743));
#4569 = CARTESIAN_POINT('',(-3.876501713564,-2.579378301017,
    7.238925729937));
#4570 = CARTESIAN_POINT('',(-3.925778845864,-2.520462230604,
    7.165565533022));
#4571 = CARTESIAN_POINT('',(-3.974872149658,-2.459278391566,
    7.094013594675));
#4572 = CARTESIAN_POINT('',(-4.023669892999,-2.395792889521,
    7.024231936714));
#4573 = CARTESIAN_POINT('',(-4.072069385118,-2.329954964697,
    6.956193710226));
#4574 = CARTESIAN_POINT('',(-4.1199731044,-2.261699664473,6.889885304661
    ));
#4575 = CARTESIAN_POINT('',(-4.167284807391,-2.190950535461,
    6.825308476652));
#4576 = CARTESIAN_POINT('',(-4.213905619449,-2.11762233649,
    6.762482497998));
#4577 = CARTESIAN_POINT('',(-4.259730108018,-2.041623774281,
    6.701446319241));
#4578 = CARTESIAN_POINT('',(-4.304642339679,-1.962860263359,
    6.642260748773));
#4579 = CARTESIAN_POINT('',(-4.348511922689,-1.881236712082,
    6.585010643513));
#4580 = CARTESIAN_POINT('',(-4.391190036885,-1.796660336681,
    6.529807110192));
#4581 = CARTESIAN_POINT('',(-4.482400499006,-1.603232015631,
    6.412762634971));
#4582 = CARTESIAN_POINT('',(-4.530410996948,-1.492655619817,
    6.351803062929));
#4583 = CARTESIAN_POINT('',(-4.575031956409,-1.381003404049,
    6.295640486026));
#4584 = CARTESIAN_POINT('',(-4.622192601468,-1.248855727536,
    6.236842310831));
#4585 = CARTESIAN_POINT('',(-4.651206891985,-1.156593155944,
    6.201011218925));
#4586 = CARTESIAN_POINT('',(-4.704787283128,-0.981022156059,
    6.134611155554));
#4587 = CARTESIAN_POINT('',(-4.721241388373,-0.889565955329,
    6.115200134651));
#4588 = CARTESIAN_POINT('',(-4.760947630056,-0.721734811342,
    6.066151046297));
#4589 = CARTESIAN_POINT('',(-4.778367745699,-0.593877715592,
    6.045406128845));
#4590 = CARTESIAN_POINT('',(-4.798190115715,-0.443804319836,
    6.021218051464));
#4591 = CARTESIAN_POINT('',(-4.809710264864,-0.297465442502,
    6.007316071457));
#4592 = CARTESIAN_POINT('',(-4.815750623024,-0.148606710837,
    6.000000000017));
#4593 = CARTESIAN_POINT('',(-4.815750623039,-3.620812947801E-10,6.));
#4594 = CARTESIAN_POINT('',(-4.708815909778,-3.665120057665E-18,12.6));
#4595 = CARTESIAN_POINT('',(-4.708815909778,-9.825088091406E-02,12.6));
#4596 = CARTESIAN_POINT('',(-4.706026517202,-0.196141421398,
    12.596836904646));
#4597 = CARTESIAN_POINT('',(-4.700472309299,-0.293495968622,
    12.590538860805));
#4598 = CARTESIAN_POINT('',(-4.692202538642,-0.390127543548,
    12.581156661288));
#4599 = CARTESIAN_POINT('',(-4.681289209594,-0.485842429492,
    12.568762112872));
#4600 = CARTESIAN_POINT('',(-4.667825124527,-0.580444747228,
    12.55344637353));
#4601 = CARTESIAN_POINT('',(-4.651921904707,-0.673741008693,
    12.535318263384));
#4602 = CARTESIAN_POINT('',(-4.63370799111,-0.765544642277,
    12.514502554471));
#4603 = CARTESIAN_POINT('',(-4.613326630494,-0.855680482874,
    12.491138244084));
#4604 = CARTESIAN_POINT('',(-4.590933852274,-0.943989221267,
    12.465376817218));
#4605 = CARTESIAN_POINT('',(-4.566696441473,-1.030331808003,
    12.43738050282));
#4606 = CARTESIAN_POINT('',(-4.540789913048,-1.114593808411,
    12.407320529186));
#4607 = CARTESIAN_POINT('',(-4.466431371073,-1.337440432065,
    12.32060647726));
#4608 = CARTESIAN_POINT('',(-4.415155927066,-1.471628528629,
    12.260385094651));
#4609 = CARTESIAN_POINT('',(-4.359969671288,-1.600106487727,
    12.1950006508));
#4610 = CARTESIAN_POINT('',(-4.301415042785,-1.723076174808,
    12.124911939545));
#4611 = CARTESIAN_POINT('',(-4.240042024948,-1.840554153095,
    12.050581187068));
#4612 = CARTESIAN_POINT('',(-4.17633378186,-1.952615524331,
    11.972380712155));
#4613 = CARTESIAN_POINT('',(-4.110680185794,-2.059471395564,
    11.89055555022));
#4614 = CARTESIAN_POINT('',(-4.043386092263,-2.161434798904,
    11.805225389676));
#4615 = CARTESIAN_POINT('',(-3.974701297366,-2.258829378362,
    11.716409267792));
#4616 = CARTESIAN_POINT('',(-3.904859254784,-2.351894489848,
    11.624056647697));
#4617 = CARTESIAN_POINT('',(-3.834111813608,-2.440739592391,
    11.528068718505));
#4618 = CARTESIAN_POINT('',(-3.762747452866,-2.525399960519,
    11.428294015436));
#4619 = CARTESIAN_POINT('',(-3.610358372415,-2.696879789617,
    11.207554112772));
#4620 = CARTESIAN_POINT('',(-3.529257159615,-2.782573345941,
    11.085636960324));
#4621 = CARTESIAN_POINT('',(-3.448243038869,-2.863210115367,
    10.958014017791));
#4622 = CARTESIAN_POINT('',(-3.367922549882,-2.938775742588,
    10.824481035092));
#4623 = CARTESIAN_POINT('',(-3.288939701144,-3.009177027072,
    10.684642916569));
#4624 = CARTESIAN_POINT('',(-3.212124321453,-3.074167524976,
    10.537734180575));
#4625 = CARTESIAN_POINT('',(-3.138752547429,-3.133237634669,
    10.382800794625));
#4626 = CARTESIAN_POINT('',(-3.070785630009,-3.18552446618,
    10.219086449341));
#4627 = CARTESIAN_POINT('',(-3.010959125079,-3.229793524196,
    10.046473878903));
#4628 = CARTESIAN_POINT('',(-2.962599675611,-3.264541887986,
    9.865841549174));
#4629 = CARTESIAN_POINT('',(-2.929048136344,-3.288272437253,
    9.67920734885));
#4630 = CARTESIAN_POINT('',(-2.912561539655,-3.299992594405,
    9.489540815505));
#4631 = CARTESIAN_POINT('',(-2.91253839265,-3.300007398881,
    9.110759948856));
#4632 = CARTESIAN_POINT('',(-2.9290219812,-3.288285254318,8.921095624651
    ));
#4633 = CARTESIAN_POINT('',(-2.962514680655,-3.264604519547,
    8.734539007651));
#4634 = CARTESIAN_POINT('',(-3.01081022353,-3.229913479709,
    8.553969353516));
#4635 = CARTESIAN_POINT('',(-3.07062249861,-3.185659999048,
    8.381318961819));
#4636 = CARTESIAN_POINT('',(-3.138632500006,-3.133338470695,
    8.217469143533));
#4637 = CARTESIAN_POINT('',(-3.212064934873,-3.0742169527,8.062387024642
    ));
#4638 = CARTESIAN_POINT('',(-3.288901939578,-3.009208266338,
    7.915421675367));
#4639 = CARTESIAN_POINT('',(-3.367834745647,-2.938852974172,
    7.775669618738));
#4640 = CARTESIAN_POINT('',(-3.448054817234,-2.863382675679,
    7.642310133007));
#4641 = CARTESIAN_POINT('',(-3.528990248278,-2.782830456462,
    7.514802469885));
#4642 = CARTESIAN_POINT('',(-3.610098305693,-2.69715282176,
    7.392830760293));
#4643 = CARTESIAN_POINT('',(-3.742237558094,-2.548487459221,
    7.20140451328));
#4644 = CARTESIAN_POINT('',(-3.793499908479,-2.488551877143,
    7.12899181968));
#4645 = CARTESIAN_POINT('',(-3.844489544705,-2.426510933489,
    7.058568556124));
#4646 = CARTESIAN_POINT('',(-3.895093580774,-2.362336874517,
    6.990074470411));
#4647 = CARTESIAN_POINT('',(-3.945209552932,-2.295983774908,
    6.923461643593));
#4648 = CARTESIAN_POINT('',(-3.994741354593,-2.227390285694,
    6.858696359952));
#4649 = CARTESIAN_POINT('',(-4.043595102307,-2.156482450084,
    6.795761042056));
#4650 = CARTESIAN_POINT('',(-4.091674935242,-2.083176591706,
    6.734656245474));
#4651 = CARTESIAN_POINT('',(-4.138878751637,-2.00738228032,
    6.675402705773));
#4652 = CARTESIAN_POINT('',(-4.185093886711,-1.92900538,6.61804343269));
#4653 = CARTESIAN_POINT('',(-4.230192737675,-1.84795118543,
    6.562645843408));
#4654 = CARTESIAN_POINT('',(-4.274028342785,-1.764127652243,
    6.509303928191));
#4655 = CARTESIAN_POINT('',(-4.367712987217,-1.572613936082,
    6.396260186029));
#4656 = CARTESIAN_POINT('',(-4.416994505164,-1.463300044913,
    6.337463525708));
#4657 = CARTESIAN_POINT('',(-4.462754018929,-1.353107548867,
    6.283369323072));
#4658 = CARTESIAN_POINT('',(-4.511053097614,-1.222898956036,
    6.22685057096));
#4659 = CARTESIAN_POINT('',(-4.540665863135,-1.13273253471,6.19260066398
    ));
#4660 = CARTESIAN_POINT('',(-4.595707209517,-0.958837697892,
    6.128448283389));
#4661 = CARTESIAN_POINT('',(-4.612120597639,-0.871317114321,
    6.11060065907));
#4662 = CARTESIAN_POINT('',(-4.653030618607,-0.705000474319,
    6.062971713863));
#4663 = CARTESIAN_POINT('',(-4.670583594614,-0.581081131274,
    6.043562961006));
#4664 = CARTESIAN_POINT('',(-4.690911647734,-0.433812503594,
    6.020249650193));
#4665 = CARTESIAN_POINT('',(-4.702647330598,-0.290845780497,
    6.007000848802));
#4666 = CARTESIAN_POINT('',(-4.708815909758,-0.145277498591,
    6.000000000022));
#4667 = CARTESIAN_POINT('',(-4.708815909778,-8.119320074949E-16,6.));
#4668 = ADVANCED_FACE('',(#4669),#4697,.T.);
#4669 = FACE_BOUND('',#4670,.T.);
#4670 = EDGE_LOOP('',(#4671,#4672,#4695,#4696));
#4671 = ORIENTED_EDGE('',*,*,#3904,.T.);
#4672 = ORIENTED_EDGE('',*,*,#4673,.T.);
#4673 = EDGE_CURVE('',#3880,#4060,#4674,.T.);
#4674 = ( BOUNDED_CURVE() B_SPLINE_CURVE(7,(#4675,#4676,#4677,#4678,
    #4679,#4680,#4681,#4682,#4683,#4684,#4685,#4686,#4687,#4688,#4689,
    #4690,#4691,#4692,#4693,#4694),.UNSPECIFIED.,.F.,.F.) 
B_SPLINE_CURVE_WITH_KNOTS((8,6,6,8),(16.058737162463,18.290140515595,
20.259544158749,21.41347103531),.UNSPECIFIED.) CURVE() 
GEOMETRIC_REPRESENTATION_ITEM() RATIONAL_B_SPLINE_CURVE((1.080016620298,
    1.08001731429,1.077983744959,1.073785862936,1.069289856152,
    1.064838136004,1.060486437786,1.052719772544,1.049250278243,
    1.046015042262,1.042998518718,1.04024885872,1.037837299387,
    1.034659704342,1.033623769131,1.032756643982,1.032083951619,
1.03162530947,1.031393471788,1.031393471788)) REPRESENTATION_ITEM('') );
#4675 = CARTESIAN_POINT('',(-2.912549960516,3.3,9.3));
#4676 = CARTESIAN_POINT('',(-2.912536949042,3.300007732955,
    9.651604625052));
#4677 = CARTESIAN_POINT('',(-2.973869852837,3.256395787321,
    10.004984171493));
#4678 = CARTESIAN_POINT('',(-3.101089002059,3.16703596253,
    10.331886350226));
#4679 = CARTESIAN_POINT('',(-3.241878065334,3.054731768642,
    10.613381593788));
#4680 = CARTESIAN_POINT('',(-3.390095128127,2.924055527005,
    10.871922982549));
#4681 = CARTESIAN_POINT('',(-3.541211071399,2.774652669927,
    11.107377725282));
#4682 = CARTESIAN_POINT('',(-3.823852817244,2.456666729614,
    11.516826996063));
#4683 = CARTESIAN_POINT('',(-3.955671915506,2.292219908089,
    11.694425443383));
#4684 = CARTESIAN_POINT('',(-4.083678322081,2.111615905417,
    11.858978444664));
#4685 = CARTESIAN_POINT('',(-4.205975214642,1.916323302012,
    12.010584134818));
#4686 = CARTESIAN_POINT('',(-4.32164742664,1.697483793449,
    12.150137616933));
#4687 = CARTESIAN_POINT('',(-4.424687719997,1.461470288324,
    12.271902352817));
#4688 = CARTESIAN_POINT('',(-4.563149613705,1.048198904179,
    12.433409677336));
#4689 = CARTESIAN_POINT('',(-4.608844740898,0.887129011349,
    12.486138992781));
#4690 = CARTESIAN_POINT('',(-4.647478616479,0.718664575615,
    12.530343559723));
#4691 = CARTESIAN_POINT('',(-4.677687790074,0.544102858271,
    12.564703860163));
#4692 = CARTESIAN_POINT('',(-4.698371574474,0.365066495652,
    12.588156443871));
#4693 = CARTESIAN_POINT('',(-4.708815909778,0.183222766256,12.6));
#4694 = CARTESIAN_POINT('',(-4.708815909778,-3.665120057665E-18,12.6));
#4695 = ORIENTED_EDGE('',*,*,#4059,.F.);
#4696 = ORIENTED_EDGE('',*,*,#675,.F.);
#4697 = ( BOUNDED_SURFACE() B_SPLINE_SURFACE(6,7,(
    (#4698,#4699,#4700,#4701,#4702,#4703,#4704,#4705,#4706,#4707,#4708
      ,#4709,#4710,#4711,#4712,#4713,#4714,#4715,#4716,#4717)
    ,(#4718,#4719,#4720,#4721,#4722,#4723,#4724,#4725,#4726,#4727,#4728
      ,#4729,#4730,#4731,#4732,#4733,#4734,#4735,#4736,#4737)
    ,(#4738,#4739,#4740,#4741,#4742,#4743,#4744,#4745,#4746,#4747,#4748
      ,#4749,#4750,#4751,#4752,#4753,#4754,#4755,#4756,#4757)
    ,(#4758,#4759,#4760,#4761,#4762,#4763,#4764,#4765,#4766,#4767,#4768
      ,#4769,#4770,#4771,#4772,#4773,#4774,#4775,#4776,#4777)
    ,(#4778,#4779,#4780,#4781,#4782,#4783,#4784,#4785,#4786,#4787,#4788
      ,#4789,#4790,#4791,#4792,#4793,#4794,#4795,#4796,#4797)
    ,(#4798,#4799,#4800,#4801,#4802,#4803,#4804,#4805,#4806,#4807,#4808
      ,#4809,#4810,#4811,#4812,#4813,#4814,#4815,#4816,#4817)
    ,(#4818,#4819,#4820,#4821,#4822,#4823,#4824,#4825,#4826,#4827,#4828
      ,#4829,#4830,#4831,#4832,#4833,#4834,#4835,#4836,#4837
)),.UNSPECIFIED.,.F.,.F.,.F.) B_SPLINE_SURFACE_WITH_KNOTS((7,7),(8,6,6,8
    ),(0.,5.354733872847),(16.058737162463,18.290140515595,
    20.259544158749,21.41347103531),.UNSPECIFIED.) 
GEOMETRIC_REPRESENTATION_ITEM() RATIONAL_B_SPLINE_SURFACE((
    (1.080016620298,1.08001731429,1.077983744959,1.073785862936
      ,1.069289856152,1.064838136004,1.060486437786,1.052719772544
      ,1.049250278243,1.046015042262,1.042998518718,1.04024885872
      ,1.037837299387,1.034659704342,1.033623769131,1.032756643982
      ,1.032083951619,1.03162530947,1.031393471788,1.031393471788)
    ,(1.023814727394,1.023814909132,1.023281910401,1.022185848155
      ,1.02097201301,1.019751412259,1.018537635894,1.016339628384
      ,1.015343900183,1.014403053501,1.013515983242,1.012698721102
      ,1.011976161902,1.011018547821,1.010704910735,1.010441331237
      ,1.010236242195,1.010096188683,1.010025407661,1.010025407661)
    ,(0.994937361155,0.994937321709,0.995053023222,0.995290799779
      ,0.995555822417,0.99582203079,0.996086622363,0.99656489683
      ,0.996781201875,0.996985059524,0.99717669352,0.997352634563
      ,0.997507715714,0.997712772686,0.997779809871,0.997836050172
      ,0.997879750604,0.997909570644,0.997924642725,0.997924642725)
    ,(0.985303459801,0.985303340529,0.985652944431,0.986373705144
      ,0.987154072953,0.987932292859,0.98869884114,0.99007690047
      ,0.990696829254,0.991279074388,0.991825517902,0.992326929623
      ,0.992768999349,0.993353741844,0.99354496184,0.993705461602
      ,0.993830233615,0.993915399877,0.993958444137,0.993958444137)
    ,(0.994937361155,0.994937321709,0.995053023222,0.995290799779
      ,0.995555822417,0.99582203079,0.996086622363,0.99656489683
      ,0.996781201875,0.996985059524,0.99717669352,0.997352634563
      ,0.997507715714,0.997712772686,0.997779809871,0.997836050172
      ,0.997879750604,0.997909570644,0.997924642725,0.997924642725)
    ,(1.023814727394,1.023814909132,1.023281910401,1.022185848155
      ,1.02097201301,1.019751412259,1.018537635894,1.016339628384
      ,1.015343900183,1.014403053501,1.013515983242,1.012698721102
      ,1.011976161902,1.011018547821,1.010704910735,1.010441331237
      ,1.010236242195,1.010096188683,1.010025407661,1.010025407661)
    ,(1.080016620298,1.08001731429,1.077983744959,1.073785862936
      ,1.069289856152,1.064838136004,1.060486437786,1.052719772544
      ,1.049250278243,1.046015042262,1.042998518718,1.04024885872
      ,1.037837299387,1.034659704342,1.033623769131,1.032756643982
      ,1.032083951619,1.03162530947,1.031393471788,1.031393471788
))) REPRESENTATION_ITEM('') SURFACE() );
#4698 = CARTESIAN_POINT('',(-3.159962477875,4.014304066513,9.3));
#4699 = CARTESIAN_POINT('',(-3.159944662569,4.014318090288,
    9.694536056381));
#4700 = CARTESIAN_POINT('',(-3.226756816842,3.961536964463,
    10.091351282925));
#4701 = CARTESIAN_POINT('',(-3.365035340988,3.85395315296,
    10.457286244687));
#4702 = CARTESIAN_POINT('',(-3.51836975801,3.716886095451,
    10.774441299993));
#4703 = CARTESIAN_POINT('',(-3.679058856998,3.558214483622,11.0634745445
    ));
#4704 = CARTESIAN_POINT('',(-3.843065776084,3.376270350307,
    11.327611751218));
#4705 = CARTESIAN_POINT('',(-4.1496561321,2.989044822292,11.78658597828)
  );
#4706 = CARTESIAN_POINT('',(-4.292614532269,2.788641283682,
    11.985624962005));
#4707 = CARTESIAN_POINT('',(-4.431057545793,2.569755338661,
    12.169535357259));
#4708 = CARTESIAN_POINT('',(-4.564196065275,2.330221150469,
    12.340224280114));
#4709 = CARTESIAN_POINT('',(-4.688981259143,2.06578666654,
    12.495726176654));
#4710 = CARTESIAN_POINT('',(-4.800946022358,1.777627662904,
    12.632540019876));
#4711 = CARTESIAN_POINT('',(-4.950902592311,1.275236982122,
    12.813320987017));
#4712 = CARTESIAN_POINT('',(-5.00047252337,1.079124939692,
    12.872453936308));
#4713 = CARTESIAN_POINT('',(-5.042360716245,0.874123310142,
    12.921997402773));
#4714 = CARTESIAN_POINT('',(-5.075081716507,0.661843509148,
    12.960462615609));
#4715 = CARTESIAN_POINT('',(-5.097482272863,0.444121936124,
    12.986712805212));
#4716 = CARTESIAN_POINT('',(-5.108815909778,0.222883124632,13.));
#4717 = CARTESIAN_POINT('',(-5.108815909778,1.134385010321E-15,13.));
#4718 = CARTESIAN_POINT('',(-3.296705237329,3.906663493606,
    9.299894991176));
#4719 = CARTESIAN_POINT('',(-3.296690314393,3.90667622361,9.67555210736)
  );
#4720 = CARTESIAN_POINT('',(-3.357886765952,3.854657164509,
    10.052126682962));
#4721 = CARTESIAN_POINT('',(-3.483924321164,3.74897518839,
    10.400214513057));
#4722 = CARTESIAN_POINT('',(-3.624390876801,3.615211254832,
    10.705234147052));
#4723 = CARTESIAN_POINT('',(-3.772648797631,3.460213884006,
    10.985104302407));
#4724 = CARTESIAN_POINT('',(-3.924642730899,3.282605354934,
    11.242544854452));
#4725 = CARTESIAN_POINT('',(-4.209302967544,2.905425260323,
    11.691148703227));
#4726 = CARTESIAN_POINT('',(-4.342240351139,2.710753906482,
    11.886417134121));
#4727 = CARTESIAN_POINT('',(-4.471628777576,2.497772070019,
    12.067915491563));
#4728 = CARTESIAN_POINT('',(-4.596249188089,2.26513064683,
    12.236668879144));
#4729 = CARTESIAN_POINT('',(-4.713624175689,2.007512136301,
    12.391261529471));
#4730 = CARTESIAN_POINT('',(-4.818953292272,1.727199224575,
    12.527283482129));
#4731 = CARTESIAN_POINT('',(-4.96007618992,1.238696893056,
    12.707136858416));
#4732 = CARTESIAN_POINT('',(-5.006711928755,1.048263102464,
    12.765955657458));
#4733 = CARTESIAN_POINT('',(-5.046167440355,0.849134453726,
    12.815300823712));
#4734 = CARTESIAN_POINT('',(-5.077015642555,0.642886040767,
    12.853650266734));
#4735 = CARTESIAN_POINT('',(-5.098138381377,0.431348889846,
    12.879827729597));
#4736 = CARTESIAN_POINT('',(-5.108815909778,0.216441460067,
    12.893065286739));
#4737 = CARTESIAN_POINT('',(-5.108815909778,5.131187898972E-15,
    12.893065286739));
#4738 = CARTESIAN_POINT('',(-3.369034782744,3.73693591353,9.299917280935
    ));
#4739 = CARTESIAN_POINT('',(-3.369022675255,3.736946244922,
    9.655922109859));
#4740 = CARTESIAN_POINT('',(-3.425231054622,3.688491429328,
    10.012233899396));
#4741 = CARTESIAN_POINT('',(-3.540723759003,3.590207876936,
    10.343248127175));
#4742 = CARTESIAN_POINT('',(-3.670301904587,3.465482360465,
    10.636382790433));
#4743 = CARTESIAN_POINT('',(-3.808318511201,3.319713510755,
    10.907532247753));
#4744 = CARTESIAN_POINT('',(-3.950606610543,3.151821659205,
    11.158506129801));
#4745 = CARTESIAN_POINT('',(-4.218191961166,2.793792909983,
    11.597603063911));
#4746 = CARTESIAN_POINT('',(-4.343584007762,2.608611981133,
    11.789566084623));
#4747 = CARTESIAN_POINT('',(-4.466285780548,2.405026994665,
    11.96890075908));
#4748 = CARTESIAN_POINT('',(-4.584652512299,2.182598437537,
    12.135838288345));
#4749 = CARTESIAN_POINT('',(-4.696748395305,1.934857982921,
    12.289544123287));
#4750 = CARTESIAN_POINT('',(-4.797358262521,1.665297676567,
    12.42474317609));
#4751 = CARTESIAN_POINT('',(-4.932342759199,1.19472416669,
    12.603713239446));
#4752 = CARTESIAN_POINT('',(-4.976958440372,1.011307181115,
    12.662242648229));
#4753 = CARTESIAN_POINT('',(-5.014749566062,0.819346330018,
    12.711394455761));
#4754 = CARTESIAN_POINT('',(-5.044324655863,0.620379906034,
    12.749625029553));
#4755 = CARTESIAN_POINT('',(-5.064581896694,0.416239310586,
    12.775727291828));
#4756 = CARTESIAN_POINT('',(-5.074814169524,0.208844557411,
    12.788916570967));
#4757 = CARTESIAN_POINT('',(-5.074814169524,4.679548786141E-15,
    12.788916570967));
#4758 = CARTESIAN_POINT('',(-3.352478125125,3.547622687813,
    9.299934996911));
#4759 = CARTESIAN_POINT('',(-3.352467772514,3.547630456058,
    9.641019106539));
#4760 = CARTESIAN_POINT('',(-3.40627500047,3.503746049151,9.982141483964
    ));
#4761 = CARTESIAN_POINT('',(-3.51676023744,3.414814318122,
    10.300452661053));
#4762 = CARTESIAN_POINT('',(-3.641271715454,3.300848622966,
    10.584141513789));
#4763 = CARTESIAN_POINT('',(-3.774581204477,3.166042878186,
    10.84803829442));
#4764 = CARTESIAN_POINT('',(-3.912405162047,3.009550157629,
    11.093159697888));
#4765 = CARTESIAN_POINT('',(-4.172209424349,2.673463158508,
    11.523230257893));
#4766 = CARTESIAN_POINT('',(-4.294195138244,2.498841221545,
    11.711794178221));
#4767 = CARTESIAN_POINT('',(-4.413914611971,2.305707016177,
    11.88850363668));
#4768 = CARTESIAN_POINT('',(-4.52940109658,2.094485247205,
    12.053017712053));
#4769 = CARTESIAN_POINT('',(-4.639182904151,1.857635005884,
    12.205068232954));
#4770 = CARTESIAN_POINT('',(-4.737640739609,1.599807419959,
    12.338705449217));
#4771 = CARTESIAN_POINT('',(-4.869898132782,1.148475626673,
    12.515823650166));
#4772 = CARTESIAN_POINT('',(-4.913611874138,0.972469901561,
    12.573747328605));
#4773 = CARTESIAN_POINT('',(-4.950662250456,0.788071923013,
    12.622420781139));
#4774 = CARTESIAN_POINT('',(-4.979674575288,0.596779448165,
    12.660301217757));
#4775 = CARTESIAN_POINT('',(-4.999549979261,0.400418498312,
    12.686168950379));
#4776 = CARTESIAN_POINT('',(-5.009583715059,0.20090381404,
    12.699232194719));
#4777 = CARTESIAN_POINT('',(-5.009583715059,4.2209755058E-15,
    12.699232194719));
#4778 = CARTESIAN_POINT('',(-3.248391532076,3.38862708493,9.299943248071
    ));
#4779 = CARTESIAN_POINT('',(-3.248381372171,3.38863320698,9.634987878298
    ));
#4780 = CARTESIAN_POINT('',(-3.303085644014,3.347971048302,
    9.970192194866));
#4781 = CARTESIAN_POINT('',(-3.415591866581,3.265486758601,
    10.28319305586));
#4782 = CARTESIAN_POINT('',(-3.542005698493,3.159101709006,
    10.561313628919));
#4783 = CARTESIAN_POINT('',(-3.677052965312,3.032370821651,
    10.820258611079));
#4784 = CARTESIAN_POINT('',(-3.816334355432,2.884622890186,
    11.060426925388));
#4785 = CARTESIAN_POINT('',(-4.078517363034,2.565859762075,
    11.481872445703));
#4786 = CARTESIAN_POINT('',(-4.201468476847,2.399706386609,
    11.666642029001));
#4787 = CARTESIAN_POINT('',(-4.321995532791,2.215269742233,
    11.839811234285));
#4788 = CARTESIAN_POINT('',(-4.437990254094,2.013633747964,
    12.000807258882));
#4789 = CARTESIAN_POINT('',(-4.548327573104,1.786419118155,
    12.149868423888));
#4790 = CARTESIAN_POINT('',(-4.647088089421,1.5392143104,12.280696225469
    ));
#4791 = CARTESIAN_POINT('',(-4.779813988856,1.105476510162,
    12.454263984641));
#4792 = CARTESIAN_POINT('',(-4.823661516497,0.936245053707,
    12.511019399119));
#4793 = CARTESIAN_POINT('',(-4.860816861441,0.758834768346,
    12.558716010188));
#4794 = CARTESIAN_POINT('',(-4.889910634333,0.57469207117,
    12.595844691641));
#4795 = CARTESIAN_POINT('',(-4.909840777132,0.38561477445,
    12.621200993367));
#4796 = CARTESIAN_POINT('',(-4.919899338811,0.193484613151,
    12.634001740253));
#4797 = CARTESIAN_POINT('',(-4.919899338811,4.201061573908E-15,
    12.634001740253));
#4798 = CARTESIAN_POINT('',(-3.086576035935,3.299999999483,9.29994021918
    ));
#4799 = CARTESIAN_POINT('',(-3.086564746553,3.300006094767,9.63909012225
    ));
#4800 = CARTESIAN_POINT('',(-3.144429696265,3.259534101836,
    9.978862059059));
#4801 = CARTESIAN_POINT('',(-3.263805201027,3.177160951496,
    10.294958191495));
#4802 = CARTESIAN_POINT('',(-3.396985374033,3.071596891195,
    10.572385718532));
#4803 = CARTESIAN_POINT('',(-3.538220249057,2.946573605111,
    10.829408386068));
#4804 = CARTESIAN_POINT('',(-3.683044623581,2.801560989682,
    11.066143317641));
#4805 = CARTESIAN_POINT('',(-3.954638445671,2.489639365469,
    11.480195929705));
#4806 = CARTESIAN_POINT('',(-4.081598522982,2.327298554285,
    11.661041306629));
#4807 = CARTESIAN_POINT('',(-4.205529361809,2.147458159333,
    11.829912688757));
#4808 = CARTESIAN_POINT('',(-4.324358030824,1.951559223414,
    11.986388023445));
#4809 = CARTESIAN_POINT('',(-4.437151301372,1.730750850948,
    12.131106724699));
#4810 = CARTESIAN_POINT('',(-4.537849915003,1.491214923102,
    12.25783213158));
#4811 = CARTESIAN_POINT('',(-4.673164037453,1.070776146598,
    12.426020952566));
#4812 = CARTESIAN_POINT('',(-4.717835737181,0.906750441955,
    12.480991288441));
#4813 = CARTESIAN_POINT('',(-4.75565397216,0.734870272574,
    12.527157395605));
#4814 = CARTESIAN_POINT('',(-4.785250360983,0.556515474012,
    12.563083506761));
#4815 = CARTESIAN_POINT('',(-4.805520049052,0.373418893503,
    12.587615700423));
#4816 = CARTESIAN_POINT('',(-4.815750623039,0.187383774318,12.6));
#4817 = CARTESIAN_POINT('',(-4.815750623039,4.622025123311E-15,12.6));
#4818 = CARTESIAN_POINT('',(-2.912549960516,3.3,9.3));
#4819 = CARTESIAN_POINT('',(-2.912536949042,3.300007732955,
    9.651604625052));
#4820 = CARTESIAN_POINT('',(-2.973869852837,3.256395787321,
    10.004984171493));
#4821 = CARTESIAN_POINT('',(-3.101089002059,3.16703596253,
    10.331886350226));
#4822 = CARTESIAN_POINT('',(-3.241878065334,3.054731768642,
    10.613381593788));
#4823 = CARTESIAN_POINT('',(-3.390095128127,2.924055527005,
    10.871922982549));
#4824 = CARTESIAN_POINT('',(-3.541211071399,2.774652669927,
    11.107377725282));
#4825 = CARTESIAN_POINT('',(-3.823852817244,2.456666729614,
    11.516826996063));
#4826 = CARTESIAN_POINT('',(-3.955671915506,2.292219908089,
    11.694425443383));
#4827 = CARTESIAN_POINT('',(-4.083678322081,2.111615905417,
    11.858978444664));
#4828 = CARTESIAN_POINT('',(-4.205975214642,1.916323302012,
    12.010584134818));
#4829 = CARTESIAN_POINT('',(-4.32164742664,1.697483793449,
    12.150137616933));
#4830 = CARTESIAN_POINT('',(-4.424687719997,1.461470288324,
    12.271902352817));
#4831 = CARTESIAN_POINT('',(-4.563149613705,1.048198904179,
    12.433409677336));
#4832 = CARTESIAN_POINT('',(-4.608844740898,0.887129011349,
    12.486138992781));
#4833 = CARTESIAN_POINT('',(-4.647478616479,0.718664575615,
    12.530343559723));
#4834 = CARTESIAN_POINT('',(-4.677687790074,0.544102858271,
    12.564703860163));
#4835 = CARTESIAN_POINT('',(-4.698371574474,0.365066495652,
    12.588156443871));
#4836 = CARTESIAN_POINT('',(-4.708815909778,0.183222766256,12.6));
#4837 = CARTESIAN_POINT('',(-4.708815909778,-3.665120057665E-18,12.6));
#4838 = ADVANCED_FACE('',(#4839,#4842),#4853,.F.);
#4839 = FACE_BOUND('',#4840,.T.);
#4840 = EDGE_LOOP('',(#4841));
#4841 = ORIENTED_EDGE('',*,*,#713,.T.);
#4842 = FACE_BOUND('',#4843,.F.);
#4843 = EDGE_LOOP('',(#4844));
#4844 = ORIENTED_EDGE('',*,*,#4845,.T.);
#4845 = EDGE_CURVE('',#4846,#4846,#4848,.T.);
#4846 = VERTEX_POINT('',#4847);
#4847 = CARTESIAN_POINT('',(5.65,0.,28.8));
#4848 = CIRCLE('',#4849,5.65);
#4849 = AXIS2_PLACEMENT_3D('',#4850,#4851,#4852);
#4850 = CARTESIAN_POINT('',(0.,0.,28.8));
#4851 = DIRECTION('',(0.,0.,1.));
#4852 = DIRECTION('',(1.,0.,0.));
#4853 = PLANE('',#4854);
#4854 = AXIS2_PLACEMENT_3D('',#4855,#4856,#4857);
#4855 = CARTESIAN_POINT('',(-4.4E-16,1.E-17,28.8));
#4856 = DIRECTION('',(-0.,-0.,-1.));
#4857 = DIRECTION('',(-1.,-0.,-0.));
#4858 = ADVANCED_FACE('',(#4859),#4880,.F.);
#4859 = FACE_BOUND('',#4860,.F.);
#4860 = EDGE_LOOP('',(#4861,#4869,#4870,#4871,#4872,#4873));
#4861 = ORIENTED_EDGE('',*,*,#4862,.F.);
#4862 = EDGE_CURVE('',#731,#4863,#4865,.T.);
#4863 = VERTEX_POINT('',#4864);
#4864 = CARTESIAN_POINT('',(0.5,3.3,9.3));
#4865 = LINE('',#4866,#4867);
#4866 = CARTESIAN_POINT('',(5.108815909778,3.3,9.3));
#4867 = VECTOR('',#4868,1.);
#4868 = DIRECTION('',(-1.,-0.,-0.));
#4869 = ORIENTED_EDGE('',*,*,#934,.F.);
#4870 = ORIENTED_EDGE('',*,*,#1124,.F.);
#4871 = ORIENTED_EDGE('',*,*,#742,.F.);
#4872 = ORIENTED_EDGE('',*,*,#4862,.T.);
#4873 = ORIENTED_EDGE('',*,*,#4874,.T.);
#4874 = EDGE_CURVE('',#4863,#4863,#4875,.T.);
#4875 = CIRCLE('',#4876,3.3);
#4876 = AXIS2_PLACEMENT_3D('',#4877,#4878,#4879);
#4877 = CARTESIAN_POINT('',(0.5,-1.251299010268E-15,9.3));
#4878 = DIRECTION('',(1.,0.,0.));
#4879 = DIRECTION('',(0.,1.,0.));
#4880 = CYLINDRICAL_SURFACE('',#4881,3.3);
#4881 = AXIS2_PLACEMENT_3D('',#4882,#4883,#4884);
#4882 = CARTESIAN_POINT('',(5.108815909778,-1.251299010268E-15,9.3));
#4883 = DIRECTION('',(1.,0.,0.));
#4884 = DIRECTION('',(0.,1.,0.));
#4885 = ADVANCED_FACE('',(#4886),#4906,.T.);
#4886 = FACE_BOUND('',#4887,.F.);
#4887 = EDGE_LOOP('',(#4888,#4897,#4898,#4899));
#4888 = ORIENTED_EDGE('',*,*,#4889,.F.);
#4889 = EDGE_CURVE('',#1104,#4890,#4892,.T.);
#4890 = VERTEX_POINT('',#4891);
#4891 = CARTESIAN_POINT('',(6.75,0.,4.));
#4892 = CIRCLE('',#4893,1.);
#4893 = AXIS2_PLACEMENT_3D('',#4894,#4895,#4896);
#4894 = CARTESIAN_POINT('',(5.75,0.,4.));
#4895 = DIRECTION('',(-0.,1.,0.));
#4896 = DIRECTION('',(1.,0.,0.));
#4897 = ORIENTED_EDGE('',*,*,#1103,.F.);
#4898 = ORIENTED_EDGE('',*,*,#4889,.T.);
#4899 = ORIENTED_EDGE('',*,*,#4900,.T.);
#4900 = EDGE_CURVE('',#4890,#4890,#4901,.T.);
#4901 = CIRCLE('',#4902,6.75);
#4902 = AXIS2_PLACEMENT_3D('',#4903,#4904,#4905);
#4903 = CARTESIAN_POINT('',(0.,0.,4.));
#4904 = DIRECTION('',(0.,0.,1.));
#4905 = DIRECTION('',(1.,0.,0.));
#4906 = TOROIDAL_SURFACE('',#4907,5.75,1.);
#4907 = AXIS2_PLACEMENT_3D('',#4908,#4909,#4910);
#4908 = CARTESIAN_POINT('',(0.,0.,4.));
#4909 = DIRECTION('',(-0.,-0.,-1.));
#4910 = DIRECTION('',(1.,0.,0.));
#4911 = ADVANCED_FACE('',(#4912),#4933,.F.);
#4912 = FACE_BOUND('',#4913,.F.);
#4913 = EDGE_LOOP('',(#4914,#4922,#4923,#4924,#4925,#4926));
#4914 = ORIENTED_EDGE('',*,*,#4915,.F.);
#4915 = EDGE_CURVE('',#2350,#4916,#4918,.T.);
#4916 = VERTEX_POINT('',#4917);
#4917 = CARTESIAN_POINT('',(0.5,3.3,19.5));
#4918 = LINE('',#4919,#4920);
#4919 = CARTESIAN_POINT('',(5.108815909778,3.3,19.5));
#4920 = VECTOR('',#4921,1.);
#4921 = DIRECTION('',(-1.,-0.,-0.));
#4922 = ORIENTED_EDGE('',*,*,#2531,.F.);
#4923 = ORIENTED_EDGE('',*,*,#1737,.F.);
#4924 = ORIENTED_EDGE('',*,*,#2361,.F.);
#4925 = ORIENTED_EDGE('',*,*,#4915,.T.);
#4926 = ORIENTED_EDGE('',*,*,#4927,.T.);
#4927 = EDGE_CURVE('',#4916,#4916,#4928,.T.);
#4928 = CIRCLE('',#4929,3.3);
#4929 = AXIS2_PLACEMENT_3D('',#4930,#4931,#4932);
#4930 = CARTESIAN_POINT('',(0.5,-1.251299010269E-15,19.5));
#4931 = DIRECTION('',(1.,0.,0.));
#4932 = DIRECTION('',(0.,1.,0.));
#4933 = CYLINDRICAL_SURFACE('',#4934,3.3);
#4934 = AXIS2_PLACEMENT_3D('',#4935,#4936,#4937);
#4935 = CARTESIAN_POINT('',(5.108815909778,-1.251299010269E-15,19.5));
#4936 = DIRECTION('',(1.,0.,0.));
#4937 = DIRECTION('',(0.,1.,0.));
#4938 = ADVANCED_FACE('',(#4939),#4945,.F.);
#4939 = FACE_BOUND('',#4940,.F.);
#4940 = EDGE_LOOP('',(#4941,#4942,#4943,#4944));
#4941 = ORIENTED_EDGE('',*,*,#2709,.T.);
#4942 = ORIENTED_EDGE('',*,*,#2733,.T.);
#4943 = ORIENTED_EDGE('',*,*,#2757,.T.);
#4944 = ORIENTED_EDGE('',*,*,#2781,.T.);
#4945 = PLANE('',#4946);
#4946 = AXIS2_PLACEMENT_3D('',#4947,#4948,#4949);
#4947 = CARTESIAN_POINT('',(-1.7763568394E-15,1.5,14.4));
#4948 = DIRECTION('',(-0.,-1.,-4.440892098501E-16));
#4949 = DIRECTION('',(0.,4.440892098501E-16,-1.));
#4950 = ADVANCED_FACE('',(#4951),#4972,.F.);
#4951 = FACE_BOUND('',#4952,.T.);
#4952 = EDGE_LOOP('',(#4953,#4954,#4962,#4969,#4970,#4971));
#4953 = ORIENTED_EDGE('',*,*,#3602,.F.);
#4954 = ORIENTED_EDGE('',*,*,#4955,.T.);
#4955 = EDGE_CURVE('',#2809,#4956,#4958,.T.);
#4956 = VERTEX_POINT('',#4957);
#4957 = CARTESIAN_POINT('',(-0.5,3.3,19.5));
#4958 = LINE('',#4959,#4960);
#4959 = CARTESIAN_POINT('',(-5.108815909778,3.3,19.5));
#4960 = VECTOR('',#4961,1.);
#4961 = DIRECTION('',(1.,-2.22044604925E-16,2.22044604925E-16));
#4962 = ORIENTED_EDGE('',*,*,#4963,.T.);
#4963 = EDGE_CURVE('',#4956,#4956,#4964,.T.);
#4964 = CIRCLE('',#4965,3.3);
#4965 = AXIS2_PLACEMENT_3D('',#4966,#4967,#4968);
#4966 = CARTESIAN_POINT('',(-0.5,-1.140276707806E-15,19.5));
#4967 = DIRECTION('',(1.,-2.22044604925E-16,2.22044604925E-16));
#4968 = DIRECTION('',(2.22044604925E-16,1.,2.465190328816E-32));
#4969 = ORIENTED_EDGE('',*,*,#4955,.F.);
#4970 = ORIENTED_EDGE('',*,*,#2808,.F.);
#4971 = ORIENTED_EDGE('',*,*,#3000,.F.);
#4972 = CYLINDRICAL_SURFACE('',#4973,3.3);
#4973 = AXIS2_PLACEMENT_3D('',#4974,#4975,#4976);
#4974 = CARTESIAN_POINT('',(-5.108815909778,-1.169139999472E-16,19.5));
#4975 = DIRECTION('',(-1.,2.22044604925E-16,-2.22044604925E-16));
#4976 = DIRECTION('',(2.22044604925E-16,1.,2.465190328816E-32));
#4977 = ADVANCED_FACE('',(#4978),#4984,.F.);
#4978 = FACE_BOUND('',#4979,.T.);
#4979 = EDGE_LOOP('',(#4980,#4981,#4982,#4983));
#4980 = ORIENTED_EDGE('',*,*,#3780,.T.);
#4981 = ORIENTED_EDGE('',*,*,#3804,.T.);
#4982 = ORIENTED_EDGE('',*,*,#3852,.T.);
#4983 = ORIENTED_EDGE('',*,*,#3835,.T.);
#4984 = PLANE('',#4985);
#4985 = AXIS2_PLACEMENT_3D('',#4986,#4987,#4988);
#4986 = CARTESIAN_POINT('',(-1.7763568394E-15,-1.5,14.4));
#4987 = DIRECTION('',(0.,1.,0.));
#4988 = DIRECTION('',(0.,0.,1.));
#4989 = ADVANCED_FACE('',(#4990),#5011,.F.);
#4990 = FACE_BOUND('',#4991,.T.);
#4991 = EDGE_LOOP('',(#4992,#4993,#5001,#5008,#5009,#5010));
#4992 = ORIENTED_EDGE('',*,*,#4673,.F.);
#4993 = ORIENTED_EDGE('',*,*,#4994,.T.);
#4994 = EDGE_CURVE('',#3880,#4995,#4997,.T.);
#4995 = VERTEX_POINT('',#4996);
#4996 = CARTESIAN_POINT('',(-0.5,3.3,9.3));
#4997 = LINE('',#4998,#4999);
#4998 = CARTESIAN_POINT('',(-5.108815909778,3.3,9.3));
#4999 = VECTOR('',#5000,1.);
#5000 = DIRECTION('',(1.,-2.22044604925E-16,2.22044604925E-16));
#5001 = ORIENTED_EDGE('',*,*,#5002,.T.);
#5002 = EDGE_CURVE('',#4995,#4995,#5003,.T.);
#5003 = CIRCLE('',#5004,3.3);
#5004 = AXIS2_PLACEMENT_3D('',#5005,#5006,#5007);
#5005 = CARTESIAN_POINT('',(-0.5,-1.140276707806E-15,9.3));
#5006 = DIRECTION('',(1.,-2.22044604925E-16,2.22044604925E-16));
#5007 = DIRECTION('',(2.22044604925E-16,1.,2.465190328816E-32));
#5008 = ORIENTED_EDGE('',*,*,#4994,.F.);
#5009 = ORIENTED_EDGE('',*,*,#3879,.F.);
#5010 = ORIENTED_EDGE('',*,*,#4071,.F.);
#5011 = CYLINDRICAL_SURFACE('',#5012,3.3);
#5012 = AXIS2_PLACEMENT_3D('',#5013,#5014,#5015);
#5013 = CARTESIAN_POINT('',(-5.108815909778,-1.16913999947E-16,9.3));
#5014 = DIRECTION('',(-1.,2.22044604925E-16,-2.22044604925E-16));
#5015 = DIRECTION('',(2.22044604925E-16,1.,2.465190328816E-32));
#5016 = ADVANCED_FACE('',(#5017),#5036,.F.);
#5017 = FACE_BOUND('',#5018,.F.);
#5018 = EDGE_LOOP('',(#5019,#5027,#5028,#5029));
#5019 = ORIENTED_EDGE('',*,*,#5020,.F.);
#5020 = EDGE_CURVE('',#4846,#5021,#5023,.T.);
#5021 = VERTEX_POINT('',#5022);
#5022 = CARTESIAN_POINT('',(5.65,0.,25.8));
#5023 = LINE('',#5024,#5025);
#5024 = CARTESIAN_POINT('',(5.65,0.,28.8));
#5025 = VECTOR('',#5026,1.);
#5026 = DIRECTION('',(-0.,-0.,-1.));
#5027 = ORIENTED_EDGE('',*,*,#4845,.F.);
#5028 = ORIENTED_EDGE('',*,*,#5020,.T.);
#5029 = ORIENTED_EDGE('',*,*,#5030,.F.);
#5030 = EDGE_CURVE('',#5021,#5021,#5031,.T.);
#5031 = CIRCLE('',#5032,5.65);
#5032 = AXIS2_PLACEMENT_3D('',#5033,#5034,#5035);
#5033 = CARTESIAN_POINT('',(0.,0.,25.8));
#5034 = DIRECTION('',(0.,0.,-1.));
#5035 = DIRECTION('',(1.,0.,0.));
#5036 = CYLINDRICAL_SURFACE('',#5037,5.65);
#5037 = AXIS2_PLACEMENT_3D('',#5038,#5039,#5040);
#5038 = CARTESIAN_POINT('',(0.,0.,28.8));
#5039 = DIRECTION('',(0.,0.,1.));
#5040 = DIRECTION('',(1.,0.,0.));
#5041 = ADVANCED_FACE('',(#5042),#5045,.T.);
#5042 = FACE_BOUND('',#5043,.T.);
#5043 = EDGE_LOOP('',(#5044));
#5044 = ORIENTED_EDGE('',*,*,#4874,.T.);
#5045 = PLANE('',#5046);
#5046 = AXIS2_PLACEMENT_3D('',#5047,#5048,#5049);
#5047 = CARTESIAN_POINT('',(0.5,-1.502112266805E-15,14.4));
#5048 = DIRECTION('',(1.,0.,0.));
#5049 = DIRECTION('',(0.,0.,1.));
#5050 = ADVANCED_FACE('',(#5051),#5069,.T.);
#5051 = FACE_BOUND('',#5052,.F.);
#5052 = EDGE_LOOP('',(#5053,#5060,#5061,#5062));
#5053 = ORIENTED_EDGE('',*,*,#5054,.F.);
#5054 = EDGE_CURVE('',#4890,#5055,#5057,.T.);
#5055 = VERTEX_POINT('',#5056);
#5056 = CARTESIAN_POINT('',(6.75,0.,0.));
#5057 = B_SPLINE_CURVE_WITH_KNOTS('',1,(#5058,#5059),.UNSPECIFIED.,.F.,
  .F.,(2,2),(-5.,0.),.PIECEWISE_BEZIER_KNOTS.);
#5058 = CARTESIAN_POINT('',(6.75,-1.65E-15,5.));
#5059 = CARTESIAN_POINT('',(6.75,-1.65E-15,0.));
#5060 = ORIENTED_EDGE('',*,*,#4900,.T.);
#5061 = ORIENTED_EDGE('',*,*,#5054,.T.);
#5062 = ORIENTED_EDGE('',*,*,#5063,.F.);
#5063 = EDGE_CURVE('',#5055,#5055,#5064,.T.);
#5064 = CIRCLE('',#5065,6.75);
#5065 = AXIS2_PLACEMENT_3D('',#5066,#5067,#5068);
#5066 = CARTESIAN_POINT('',(0.,0.,0.));
#5067 = DIRECTION('',(0.,0.,1.));
#5068 = DIRECTION('',(1.,0.,0.));
#5069 = CYLINDRICAL_SURFACE('',#5070,6.75);
#5070 = AXIS2_PLACEMENT_3D('',#5071,#5072,#5073);
#5071 = CARTESIAN_POINT('',(0.,0.,0.));
#5072 = DIRECTION('',(-0.,-0.,-1.));
#5073 = DIRECTION('',(1.,0.,0.));
#5074 = ADVANCED_FACE('',(#5075),#5078,.T.);
#5075 = FACE_BOUND('',#5076,.T.);
#5076 = EDGE_LOOP('',(#5077));
#5077 = ORIENTED_EDGE('',*,*,#4927,.T.);
#5078 = PLANE('',#5079);
#5079 = AXIS2_PLACEMENT_3D('',#5080,#5081,#5082);
#5080 = CARTESIAN_POINT('',(0.5,-1.502112266805E-15,14.4));
#5081 = DIRECTION('',(1.,0.,0.));
#5082 = DIRECTION('',(0.,0.,1.));
#5083 = ADVANCED_FACE('',(#5084),#5087,.T.);
#5084 = FACE_BOUND('',#5085,.F.);
#5085 = EDGE_LOOP('',(#5086));
#5086 = ORIENTED_EDGE('',*,*,#4963,.T.);
#5087 = PLANE('',#5088);
#5088 = AXIS2_PLACEMENT_3D('',#5089,#5090,#5091);
#5089 = CARTESIAN_POINT('',(-0.5,-1.391089964342E-15,14.4));
#5090 = DIRECTION('',(-1.,2.22044604925E-16,-2.22044604925E-16));
#5091 = DIRECTION('',(2.22044604925E-16,-2.465190328816E-32,-1.));
#5092 = ADVANCED_FACE('',(#5093),#5096,.T.);
#5093 = FACE_BOUND('',#5094,.F.);
#5094 = EDGE_LOOP('',(#5095));
#5095 = ORIENTED_EDGE('',*,*,#5002,.T.);
#5096 = PLANE('',#5097);
#5097 = AXIS2_PLACEMENT_3D('',#5098,#5099,#5100);
#5098 = CARTESIAN_POINT('',(-0.5,-1.391089964342E-15,14.4));
#5099 = DIRECTION('',(-1.,2.22044604925E-16,-2.22044604925E-16));
#5100 = DIRECTION('',(2.22044604925E-16,-2.465190328816E-32,-1.));
#5101 = ADVANCED_FACE('',(#5102,#5105),#5116,.F.);
#5102 = FACE_BOUND('',#5103,.T.);
#5103 = EDGE_LOOP('',(#5104));
#5104 = ORIENTED_EDGE('',*,*,#5030,.F.);
#5105 = FACE_BOUND('',#5106,.T.);
#5106 = EDGE_LOOP('',(#5107));
#5107 = ORIENTED_EDGE('',*,*,#5108,.F.);
#5108 = EDGE_CURVE('',#5109,#5109,#5111,.T.);
#5109 = VERTEX_POINT('',#5110);
#5110 = CARTESIAN_POINT('',(4.25,0.,25.8));
#5111 = CIRCLE('',#5112,4.25);
#5112 = AXIS2_PLACEMENT_3D('',#5113,#5114,#5115);
#5113 = CARTESIAN_POINT('',(0.,0.,25.8));
#5114 = DIRECTION('',(0.,0.,1.));
#5115 = DIRECTION('',(1.,0.,0.));
#5116 = PLANE('',#5117);
#5117 = AXIS2_PLACEMENT_3D('',#5118,#5119,#5120);
#5118 = CARTESIAN_POINT('',(-5.E-16,-1.7E-16,25.8));
#5119 = DIRECTION('',(-0.,-0.,-1.));
#5120 = DIRECTION('',(-1.,-0.,-0.));
#5121 = ADVANCED_FACE('',(#5122,#5125),#5136,.F.);
#5122 = FACE_BOUND('',#5123,.F.);
#5123 = EDGE_LOOP('',(#5124));
#5124 = ORIENTED_EDGE('',*,*,#5063,.T.);
#5125 = FACE_BOUND('',#5126,.T.);
#5126 = EDGE_LOOP('',(#5127));
#5127 = ORIENTED_EDGE('',*,*,#5128,.T.);
#5128 = EDGE_CURVE('',#5129,#5129,#5131,.T.);
#5129 = VERTEX_POINT('',#5130);
#5130 = CARTESIAN_POINT('',(5.65,0.,0.));
#5131 = CIRCLE('',#5132,5.65);
#5132 = AXIS2_PLACEMENT_3D('',#5133,#5134,#5135);
#5133 = CARTESIAN_POINT('',(0.,0.,0.));
#5134 = DIRECTION('',(0.,0.,1.));
#5135 = DIRECTION('',(1.,0.,0.));
#5136 = PLANE('',#5137);
#5137 = AXIS2_PLACEMENT_3D('',#5138,#5139,#5140);
#5138 = CARTESIAN_POINT('',(-4.4E-16,1.E-17,0.));
#5139 = DIRECTION('',(0.,0.,1.));
#5140 = DIRECTION('',(1.,0.,0.));
#5141 = ADVANCED_FACE('',(#5142),#5161,.F.);
#5142 = FACE_BOUND('',#5143,.F.);
#5143 = EDGE_LOOP('',(#5144,#5152,#5159,#5160));
#5144 = ORIENTED_EDGE('',*,*,#5145,.T.);
#5145 = EDGE_CURVE('',#5109,#5146,#5148,.T.);
#5146 = VERTEX_POINT('',#5147);
#5147 = CARTESIAN_POINT('',(4.25,0.,24.8));
#5148 = LINE('',#5149,#5150);
#5149 = CARTESIAN_POINT('',(4.25,0.,25.8));
#5150 = VECTOR('',#5151,1.);
#5151 = DIRECTION('',(-0.,-0.,-1.));
#5152 = ORIENTED_EDGE('',*,*,#5153,.T.);
#5153 = EDGE_CURVE('',#5146,#5146,#5154,.T.);
#5154 = CIRCLE('',#5155,4.25);
#5155 = AXIS2_PLACEMENT_3D('',#5156,#5157,#5158);
#5156 = CARTESIAN_POINT('',(0.,0.,24.8));
#5157 = DIRECTION('',(0.,0.,1.));
#5158 = DIRECTION('',(1.,0.,0.));
#5159 = ORIENTED_EDGE('',*,*,#5145,.F.);
#5160 = ORIENTED_EDGE('',*,*,#5108,.F.);
#5161 = CYLINDRICAL_SURFACE('',#5162,4.25);
#5162 = AXIS2_PLACEMENT_3D('',#5163,#5164,#5165);
#5163 = CARTESIAN_POINT('',(0.,0.,25.8));
#5164 = DIRECTION('',(0.,0.,1.));
#5165 = DIRECTION('',(1.,0.,0.));
#5166 = ADVANCED_FACE('',(#5167),#5186,.F.);
#5167 = FACE_BOUND('',#5168,.T.);
#5168 = EDGE_LOOP('',(#5169,#5177,#5178,#5179));
#5169 = ORIENTED_EDGE('',*,*,#5170,.F.);
#5170 = EDGE_CURVE('',#5129,#5171,#5173,.T.);
#5171 = VERTEX_POINT('',#5172);
#5172 = CARTESIAN_POINT('',(5.65,0.,3.));
#5173 = LINE('',#5174,#5175);
#5174 = CARTESIAN_POINT('',(5.65,0.,0.));
#5175 = VECTOR('',#5176,1.);
#5176 = DIRECTION('',(0.,0.,1.));
#5177 = ORIENTED_EDGE('',*,*,#5128,.F.);
#5178 = ORIENTED_EDGE('',*,*,#5170,.T.);
#5179 = ORIENTED_EDGE('',*,*,#5180,.F.);
#5180 = EDGE_CURVE('',#5171,#5171,#5181,.T.);
#5181 = CIRCLE('',#5182,5.65);
#5182 = AXIS2_PLACEMENT_3D('',#5183,#5184,#5185);
#5183 = CARTESIAN_POINT('',(0.,0.,3.));
#5184 = DIRECTION('',(0.,0.,-1.));
#5185 = DIRECTION('',(1.,0.,0.));
#5186 = CYLINDRICAL_SURFACE('',#5187,5.65);
#5187 = AXIS2_PLACEMENT_3D('',#5188,#5189,#5190);
#5188 = CARTESIAN_POINT('',(0.,0.,0.));
#5189 = DIRECTION('',(-0.,-0.,-1.));
#5190 = DIRECTION('',(1.,0.,0.));
#5191 = ADVANCED_FACE('',(#5192),#5195,.F.);
#5192 = FACE_BOUND('',#5193,.T.);
#5193 = EDGE_LOOP('',(#5194));
#5194 = ORIENTED_EDGE('',*,*,#5153,.T.);
#5195 = PLANE('',#5196);
#5196 = AXIS2_PLACEMENT_3D('',#5197,#5198,#5199);
#5197 = CARTESIAN_POINT('',(-6.1E-16,-2.8E-16,24.8));
#5198 = DIRECTION('',(-0.,-0.,-1.));
#5199 = DIRECTION('',(-1.,-0.,-0.));
#5200 = ADVANCED_FACE('',(#5201,#5204),#5215,.F.);
#5201 = FACE_BOUND('',#5202,.F.);
#5202 = EDGE_LOOP('',(#5203));
#5203 = ORIENTED_EDGE('',*,*,#5180,.F.);
#5204 = FACE_BOUND('',#5205,.F.);
#5205 = EDGE_LOOP('',(#5206));
#5206 = ORIENTED_EDGE('',*,*,#5207,.F.);
#5207 = EDGE_CURVE('',#5208,#5208,#5210,.T.);
#5208 = VERTEX_POINT('',#5209);
#5209 = CARTESIAN_POINT('',(4.25,0.,3.));
#5210 = CIRCLE('',#5211,4.25);
#5211 = AXIS2_PLACEMENT_3D('',#5212,#5213,#5214);
#5212 = CARTESIAN_POINT('',(0.,0.,3.));
#5213 = DIRECTION('',(0.,0.,1.));
#5214 = DIRECTION('',(1.,0.,0.));
#5215 = PLANE('',#5216);
#5216 = AXIS2_PLACEMENT_3D('',#5217,#5218,#5219);
#5217 = CARTESIAN_POINT('',(-5.E-16,-1.7E-16,3.));
#5218 = DIRECTION('',(0.,0.,1.));
#5219 = DIRECTION('',(1.,0.,0.));
#5220 = ADVANCED_FACE('',(#5221),#5240,.F.);
#5221 = FACE_BOUND('',#5222,.T.);
#5222 = EDGE_LOOP('',(#5223,#5231,#5238,#5239));
#5223 = ORIENTED_EDGE('',*,*,#5224,.T.);
#5224 = EDGE_CURVE('',#5208,#5225,#5227,.T.);
#5225 = VERTEX_POINT('',#5226);
#5226 = CARTESIAN_POINT('',(4.25,0.,4.));
#5227 = LINE('',#5228,#5229);
#5228 = CARTESIAN_POINT('',(4.25,0.,3.));
#5229 = VECTOR('',#5230,1.);
#5230 = DIRECTION('',(0.,0.,1.));
#5231 = ORIENTED_EDGE('',*,*,#5232,.T.);
#5232 = EDGE_CURVE('',#5225,#5225,#5233,.T.);
#5233 = CIRCLE('',#5234,4.25);
#5234 = AXIS2_PLACEMENT_3D('',#5235,#5236,#5237);
#5235 = CARTESIAN_POINT('',(0.,0.,4.));
#5236 = DIRECTION('',(0.,0.,1.));
#5237 = DIRECTION('',(1.,0.,0.));
#5238 = ORIENTED_EDGE('',*,*,#5224,.F.);
#5239 = ORIENTED_EDGE('',*,*,#5207,.F.);
#5240 = CYLINDRICAL_SURFACE('',#5241,4.25);
#5241 = AXIS2_PLACEMENT_3D('',#5242,#5243,#5244);
#5242 = CARTESIAN_POINT('',(0.,0.,3.));
#5243 = DIRECTION('',(-0.,-0.,-1.));
#5244 = DIRECTION('',(1.,0.,0.));
#5245 = ADVANCED_FACE('',(#5246),#5249,.F.);
#5246 = FACE_BOUND('',#5247,.F.);
#5247 = EDGE_LOOP('',(#5248));
#5248 = ORIENTED_EDGE('',*,*,#5232,.T.);
#5249 = PLANE('',#5250);
#5250 = AXIS2_PLACEMENT_3D('',#5251,#5252,#5253);
#5251 = CARTESIAN_POINT('',(-6.1E-16,-2.8E-16,4.));
#5252 = DIRECTION('',(0.,0.,1.));
#5253 = DIRECTION('',(1.,0.,0.));
#5254 = ( GEOMETRIC_REPRESENTATION_CONTEXT(3) 
GLOBAL_UNCERTAINTY_ASSIGNED_CONTEXT((#5258)) 
GLOBAL_UNIT_ASSIGNED_CONTEXT((#5255,#5256,#5257)) REPRESENTATION_CONTEXT
('Context #1','3D Context with UNIT and UNCERTAINTY') );
#5255 = ( LENGTH_UNIT() NAMED_UNIT(*) SI_UNIT(.MILLI.,.METRE.) );
#5256 = ( NAMED_UNIT(*) PLANE_ANGLE_UNIT() SI_UNIT($,.RADIAN.) );
#5257 = ( NAMED_UNIT(*) SI_UNIT($,.STERADIAN.) SOLID_ANGLE_UNIT() );
#5258 = UNCERTAINTY_MEASURE_WITH_UNIT(LENGTH_MEASURE(5.E-05),#5255,
  'distance_accuracy_value','confusion accuracy');
#5259 = PRODUCT_RELATED_PRODUCT_CATEGORY('part',$,(#7));
#5260 = MECHANICAL_DESIGN_GEOMETRIC_PRESENTATION_REPRESENTATION('',(
    #5261),#5254);
#5261 = STYLED_ITEM('color',(#5262),#15);
#5262 = PRESENTATION_STYLE_ASSIGNMENT((#5263,#5269));
#5263 = SURFACE_STYLE_USAGE(.BOTH.,#5264);
#5264 = SURFACE_SIDE_STYLE('',(#5265));
#5265 = SURFACE_STYLE_FILL_AREA(#5266);
#5266 = FILL_AREA_STYLE('',(#5267));
#5267 = FILL_AREA_STYLE_COLOUR('',#5268);
#5268 = COLOUR_RGB('',0.447058818107,0.474509808674,0.501960817233);
#5269 = CURVE_STYLE('',#5270,POSITIVE_LENGTH_MEASURE(0.1),#5271);
#5270 = DRAUGHTING_PRE_DEFINED_CURVE_FONT('continuous');
#5271 = COLOUR_RGB('',9.803921802644E-02,9.803921802644E-02,
  9.803921802644E-02);
ENDSEC;
END-ISO-10303-21;
