ISO-10303-21;
HEADER;
FILE_DESCRIPTION(('FreeCAD Model'),'2;1');
FILE_NAME('Open CASCADE Shape Model','2026-01-22T12:44:10',(''),(''),
  'Open CASCADE STEP processor 7.8','FreeCAD','Unknown');
FILE_SCHEMA(('AUTOMOTIVE_DESIGN { 1 0 10303 214 1 1 1 1 }'));
ENDSEC;
DATA;
#1 = APPLICATION_PROTOCOL_DEFINITION('international standard',
  'automotive_design',2000,#2);
#2 = APPLICATION_CONTEXT(
  'core data for automotive mechanical design processes');
#3 = SHAPE_DEFINITION_REPRESENTATION(#4,#10);
#4 = PRODUCT_DEFINITION_SHAPE('','',#5);
#5 = PRODUCT_DEFINITION('design','',#6,#9);
#6 = PRODUCT_DEFINITION_FORMATION('','',#7);
#7 = PRODUCT('Body018','Body018','',(#8));
#8 = PRODUCT_CONTEXT('',#2,'mechanical');
#9 = PRODUCT_DEFINITION_CONTEXT('part definition',#2,'design');
#10 = ADVANCED_BREP_SHAPE_REPRESENTATION('',(#11,#15),#4673);
#11 = AXIS2_PLACEMENT_3D('',#12,#13,#14);
#12 = CARTESIAN_POINT('',(0.,0.,0.));
#13 = DIRECTION('',(0.,0.,1.));
#14 = DIRECTION('',(1.,0.,-0.));
#15 = MANIFOLD_SOLID_BREP('',#16);
#16 = CLOSED_SHELL('',(#17,#61,#129,#197,#479,#531,#583,#635,#687,#730,
    #773,#789,#820,#844,#868,#885,#916,#940,#964,#981,#1012,#1036,#1060,
    #1077,#1108,#1132,#1156,#1173,#1204,#1228,#1252,#1269,#1481,#1515,
    #1567,#1619,#1671,#1723,#1775,#1827,#1870,#1913,#1929,#1960,#1984,
    #2008,#2025,#2185,#2216,#2240,#2264,#2281,#2312,#2336,#2360,#2377,
    #2408,#2432,#2456,#2473,#2504,#2528,#2552,#2569,#2781,#2815,#2867,
    #2919,#2971,#3023,#3075,#3127,#3170,#3213,#3229,#3260,#3284,#3308,
    #3325,#3485,#3516,#3540,#3564,#3581,#3612,#3636,#3660,#3677,#3708,
    #3732,#3756,#3773,#3804,#3828,#3852,#3869,#4081,#4115,#4167,#4219,
    #4271,#4323,#4375,#4427,#4470,#4513,#4529,#4560,#4584,#4608,#4625,
    #4649));
#17 = ADVANCED_FACE('',(#18),#56,.T.);
#18 = FACE_BOUND('',#19,.F.);
#19 = EDGE_LOOP('',(#20,#30,#39,#49));
#20 = ORIENTED_EDGE('',*,*,#21,.F.);
#21 = EDGE_CURVE('',#22,#24,#26,.T.);
#22 = VERTEX_POINT('',#23);
#23 = CARTESIAN_POINT('',(-2.825291922133E-15,-8.,9.));
#24 = VERTEX_POINT('',#25);
#25 = CARTESIAN_POINT('',(4.798781614713E-15,-8.,11.));
#26 = LINE('',#27,#28);
#27 = CARTESIAN_POINT('',(-1.924096248178E-15,-8.,9.));
#28 = VECTOR('',#29,1.);
#29 = DIRECTION('',(0.,0.,1.));
#30 = ORIENTED_EDGE('',*,*,#31,.F.);
#31 = EDGE_CURVE('',#32,#22,#34,.T.);
#32 = VERTEX_POINT('',#33);
#33 = CARTESIAN_POINT('',(-5.908725772661E-05,7.999999999782,9.));
#34 = CIRCLE('',#35,8.);
#35 = AXIS2_PLACEMENT_3D('',#36,#37,#38);
#36 = CARTESIAN_POINT('',(-1.477394087774E-16,2.465299882013E-17,9.));
#37 = DIRECTION('',(0.,0.,1.));
#38 = DIRECTION('',(-2.22044604925E-16,-1.,0.));
#39 = ORIENTED_EDGE('',*,*,#40,.F.);
#40 = EDGE_CURVE('',#41,#32,#43,.T.);
#41 = VERTEX_POINT('',#42);
#42 = CARTESIAN_POINT('',(-5.90872574807E-05,7.999999999782,11.));
#43 = B_SPLINE_CURVE_WITH_KNOTS('',4,(#44,#45,#46,#47,#48),
  .UNSPECIFIED.,.F.,.F.,(5,5),(0.,1.),.PIECEWISE_BEZIER_KNOTS.);
#44 = CARTESIAN_POINT('',(-5.908725719688E-05,7.999999999782,11.));
#45 = CARTESIAN_POINT('',(-5.908725722338E-05,7.999999999782,10.5));
#46 = CARTESIAN_POINT('',(-5.908725761375E-05,7.999999999782,10.));
#47 = CARTESIAN_POINT('',(-5.908725724491E-05,7.999999999782,9.5));
#48 = CARTESIAN_POINT('',(-5.908725727141E-05,7.999999999782,9.));
#49 = ORIENTED_EDGE('',*,*,#50,.T.);
#50 = EDGE_CURVE('',#41,#24,#51,.T.);
#51 = CIRCLE('',#52,8.);
#52 = AXIS2_PLACEMENT_3D('',#53,#54,#55);
#53 = CARTESIAN_POINT('',(-1.477394087774E-16,2.465299882013E-17,11.));
#54 = DIRECTION('',(0.,0.,1.));
#55 = DIRECTION('',(-2.22044604925E-16,-1.,0.));
#56 = CYLINDRICAL_SURFACE('',#57,8.);
#57 = AXIS2_PLACEMENT_3D('',#58,#59,#60);
#58 = CARTESIAN_POINT('',(-1.477394087774E-16,2.465299882013E-17,9.));
#59 = DIRECTION('',(0.,0.,-1.));
#60 = DIRECTION('',(-2.22044604925E-16,-1.,0.));
#61 = ADVANCED_FACE('',(#62),#104,.T.);
#62 = FACE_BOUND('',#63,.T.);
#63 = EDGE_LOOP('',(#64,#81,#82,#99));
#64 = ORIENTED_EDGE('',*,*,#65,.F.);
#65 = EDGE_CURVE('',#24,#66,#68,.T.);
#66 = VERTEX_POINT('',#67);
#67 = CARTESIAN_POINT('',(-4.637982527871E-04,-9.500000000143,11.));
#68 = B_SPLINE_CURVE_WITH_KNOTS('',11,(#69,#70,#71,#72,#73,#74,#75,#76,
    #77,#78,#79,#80),.UNSPECIFIED.,.F.,.F.,(12,12),(0.,6.289678072638),
  .PIECEWISE_BEZIER_KNOTS.);
#69 = CARTESIAN_POINT('',(8.160220546158E-15,-8.,11.));
#70 = CARTESIAN_POINT('',(4.569547111273,-8.136363636481,11.));
#71 = CARTESIAN_POINT('',(9.31012749091,-5.402259191635,11.));
#72 = CARTESIAN_POINT('',(12.220690071945,0.387831171763,10.999999999999
    ));
#73 = CARTESIAN_POINT('',(11.091646234501,7.810694176655,11.000000000001
    ));
#74 = CARTESIAN_POINT('',(5.016642455131,13.773173581721,10.999999999998
    ));
#75 = CARTESIAN_POINT('',(-4.235912511561,14.387193463512,
    11.000000000001));
#76 = CARTESIAN_POINT('',(-11.34429577763,8.898510456559,10.999999999999
    ));
#77 = CARTESIAN_POINT('',(-13.38423711585,0.963474986986,11.));
#78 = CARTESIAN_POINT('',(-10.6817274794,-5.818010335551,11.));
#79 = CARTESIAN_POINT('',(-5.426809069584,-9.36337144298,11.));
#80 = CARTESIAN_POINT('',(-4.637982530681E-04,-9.500000000142,11.));
#81 = ORIENTED_EDGE('',*,*,#21,.F.);
#82 = ORIENTED_EDGE('',*,*,#83,.T.);
#83 = EDGE_CURVE('',#22,#84,#86,.T.);
#84 = VERTEX_POINT('',#85);
#85 = CARTESIAN_POINT('',(-4.637982527875E-04,-9.500000000143,9.));
#86 = B_SPLINE_CURVE_WITH_KNOTS('',11,(#87,#88,#89,#90,#91,#92,#93,#94,
    #95,#96,#97,#98),.UNSPECIFIED.,.F.,.F.,(12,12),(0.,6.289678072638),
  .PIECEWISE_BEZIER_KNOTS.);
#87 = CARTESIAN_POINT('',(8.160247651212E-15,-8.,9.));
#88 = CARTESIAN_POINT('',(4.569547111273,-8.136363636481,9.));
#89 = CARTESIAN_POINT('',(9.31012749091,-5.402259191634,9.));
#90 = CARTESIAN_POINT('',(12.220690071945,0.387831171761,9.));
#91 = CARTESIAN_POINT('',(11.091646234501,7.810694176657,9.));
#92 = CARTESIAN_POINT('',(5.016642455131,13.773173581719,9.));
#93 = CARTESIAN_POINT('',(-4.235912511561,14.387193463514,9.));
#94 = CARTESIAN_POINT('',(-11.34429577763,8.898510456557,9.));
#95 = CARTESIAN_POINT('',(-13.38423711585,0.963474986988,9.));
#96 = CARTESIAN_POINT('',(-10.6817274794,-5.818010335552,9.));
#97 = CARTESIAN_POINT('',(-5.426809069584,-9.363371442979,9.));
#98 = CARTESIAN_POINT('',(-4.637982530681E-04,-9.500000000142,9.));
#99 = ORIENTED_EDGE('',*,*,#100,.F.);
#100 = EDGE_CURVE('',#66,#84,#101,.T.);
#101 = B_SPLINE_CURVE_WITH_KNOTS('',1,(#102,#103),.UNSPECIFIED.,.F.,.F.,
  (2,2),(-2.,-0.),.PIECEWISE_BEZIER_KNOTS.);
#102 = CARTESIAN_POINT('',(-4.637982530681E-04,-9.500000000142,11.));
#103 = CARTESIAN_POINT('',(-4.637982530681E-04,-9.500000000142,9.));
#104 = B_SPLINE_SURFACE_WITH_KNOTS('',1,11,(
    (#105,#106,#107,#108,#109,#110,#111,#112,#113,#114,#115,#116)
    ,(#117,#118,#119,#120,#121,#122,#123,#124,#125,#126,#127,#128
  )),.UNSPECIFIED.,.F.,.F.,.F.,(2,2),(12,12),(-2.,-0.),(0.,
    6.289678072638),.PIECEWISE_BEZIER_KNOTS.);
#105 = CARTESIAN_POINT('',(8.160220546158E-15,-8.,11.));
#106 = CARTESIAN_POINT('',(4.569547111273,-8.136363636481,11.));
#107 = CARTESIAN_POINT('',(9.31012749091,-5.402259191635,11.));
#108 = CARTESIAN_POINT('',(12.220690071945,0.387831171763,
    10.999999999999));
#109 = CARTESIAN_POINT('',(11.091646234501,7.810694176655,
    11.000000000001));
#110 = CARTESIAN_POINT('',(5.016642455131,13.773173581721,
    10.999999999998));
#111 = CARTESIAN_POINT('',(-4.235912511561,14.387193463512,
    11.000000000001));
#112 = CARTESIAN_POINT('',(-11.34429577763,8.898510456559,
    10.999999999999));
#113 = CARTESIAN_POINT('',(-13.38423711585,0.963474986986,11.));
#114 = CARTESIAN_POINT('',(-10.6817274794,-5.818010335551,11.));
#115 = CARTESIAN_POINT('',(-5.426809069584,-9.36337144298,11.));
#116 = CARTESIAN_POINT('',(-4.637982530681E-04,-9.500000000142,11.));
#117 = CARTESIAN_POINT('',(8.160247651212E-15,-8.,9.));
#118 = CARTESIAN_POINT('',(4.569547111273,-8.136363636481,9.));
#119 = CARTESIAN_POINT('',(9.31012749091,-5.402259191634,9.));
#120 = CARTESIAN_POINT('',(12.220690071945,0.387831171761,9.));
#121 = CARTESIAN_POINT('',(11.091646234501,7.810694176657,9.));
#122 = CARTESIAN_POINT('',(5.016642455131,13.773173581719,9.));
#123 = CARTESIAN_POINT('',(-4.235912511561,14.387193463514,9.));
#124 = CARTESIAN_POINT('',(-11.34429577763,8.898510456557,9.));
#125 = CARTESIAN_POINT('',(-13.38423711585,0.963474986988,9.));
#126 = CARTESIAN_POINT('',(-10.6817274794,-5.818010335552,9.));
#127 = CARTESIAN_POINT('',(-5.426809069584,-9.363371442979,9.));
#128 = CARTESIAN_POINT('',(-4.637982530681E-04,-9.500000000142,9.));
#129 = ADVANCED_FACE('',(#130),#172,.T.);
#130 = FACE_BOUND('',#131,.T.);
#131 = EDGE_LOOP('',(#132,#149,#150,#167));
#132 = ORIENTED_EDGE('',*,*,#133,.F.);
#133 = EDGE_CURVE('',#32,#134,#136,.T.);
#134 = VERTEX_POINT('',#135);
#135 = CARTESIAN_POINT('',(-4.642592848479E-04,-8.750000000143,9.));
#136 = B_SPLINE_CURVE_WITH_KNOTS('',11,(#137,#138,#139,#140,#141,#142,
    #143,#144,#145,#146,#147,#148),.UNSPECIFIED.,.F.,.F.,(12,12),(0.,
    6.289678072638),.PIECEWISE_BEZIER_KNOTS.);
#137 = CARTESIAN_POINT('',(-5.68257463654E-16,-7.25,9.));
#138 = CARTESIAN_POINT('',(4.141148071105,-7.386363636481,9.));
#139 = CARTESIAN_POINT('',(8.453339118736,-4.921372378747,9.));
#140 = CARTESIAN_POINT('',(11.123328418573,0.329933311186,9.));
#141 = CARTESIAN_POINT('',(10.130091394918,7.094588503093,9.));
#142 = CARTESIAN_POINT('',(4.620096684985,12.5662901308,9.));
#143 = CARTESIAN_POINT('',(-3.839365998623,13.180310256759,9.));
#144 = CARTESIAN_POINT('',(-10.38274049758,8.182405374817,9.));
#145 = CARTESIAN_POINT('',(-12.28687542705,0.905577801518,9.));
#146 = CARTESIAN_POINT('',(-9.824939403145,-5.337122995781,9.));
#147 = CARTESIAN_POINT('',(-4.998410490611,-8.613371179639,9.));
#148 = CARTESIAN_POINT('',(-4.642592851179E-04,-8.750000000142,9.));
#149 = ORIENTED_EDGE('',*,*,#40,.F.);
#150 = ORIENTED_EDGE('',*,*,#151,.T.);
#151 = EDGE_CURVE('',#41,#152,#154,.T.);
#152 = VERTEX_POINT('',#153);
#153 = CARTESIAN_POINT('',(-4.642592848475E-04,-8.750000000143,11.));
#154 = B_SPLINE_CURVE_WITH_KNOTS('',11,(#155,#156,#157,#158,#159,#160,
    #161,#162,#163,#164,#165,#166),.UNSPECIFIED.,.F.,.F.,(12,12),(0.,
    6.289678072638),.PIECEWISE_BEZIER_KNOTS.);
#155 = CARTESIAN_POINT('',(-5.682845687083E-16,-7.25,11.));
#156 = CARTESIAN_POINT('',(4.141148071105,-7.386363636481,11.));
#157 = CARTESIAN_POINT('',(8.453339118736,-4.921372378747,11.));
#158 = CARTESIAN_POINT('',(11.123328418573,0.329933311186,
    10.999999999999));
#159 = CARTESIAN_POINT('',(10.130091394918,7.094588503093,
    11.000000000001));
#160 = CARTESIAN_POINT('',(4.620096684985,12.5662901308,10.999999999998)
  );
#161 = CARTESIAN_POINT('',(-3.839365998623,13.180310256759,
    11.000000000001));
#162 = CARTESIAN_POINT('',(-10.38274049758,8.182405374817,
    10.999999999999));
#163 = CARTESIAN_POINT('',(-12.28687542705,0.905577801518,11.));
#164 = CARTESIAN_POINT('',(-9.824939403145,-5.337122995781,11.));
#165 = CARTESIAN_POINT('',(-4.998410490611,-8.613371179639,11.));
#166 = CARTESIAN_POINT('',(-4.642592851179E-04,-8.750000000142,11.));
#167 = ORIENTED_EDGE('',*,*,#168,.F.);
#168 = EDGE_CURVE('',#134,#152,#169,.T.);
#169 = B_SPLINE_CURVE_WITH_KNOTS('',1,(#170,#171),.UNSPECIFIED.,.F.,.F.,
  (2,2),(-2.,-0.),.PIECEWISE_BEZIER_KNOTS.);
#170 = CARTESIAN_POINT('',(-4.642592851179E-04,-8.750000000142,9.));
#171 = CARTESIAN_POINT('',(-4.642592851179E-04,-8.750000000142,11.));
#172 = B_SPLINE_SURFACE_WITH_KNOTS('',1,11,(
    (#173,#174,#175,#176,#177,#178,#179,#180,#181,#182,#183,#184)
    ,(#185,#186,#187,#188,#189,#190,#191,#192,#193,#194,#195,#196
  )),.UNSPECIFIED.,.F.,.F.,.F.,(2,2),(12,12),(-2.,-0.),(0.,
    6.289678072638),.PIECEWISE_BEZIER_KNOTS.);
#173 = CARTESIAN_POINT('',(-5.68257463654E-16,-7.25,9.));
#174 = CARTESIAN_POINT('',(4.141148071105,-7.386363636481,9.));
#175 = CARTESIAN_POINT('',(8.453339118736,-4.921372378747,9.));
#176 = CARTESIAN_POINT('',(11.123328418573,0.329933311186,9.));
#177 = CARTESIAN_POINT('',(10.130091394918,7.094588503093,9.));
#178 = CARTESIAN_POINT('',(4.620096684985,12.5662901308,9.));
#179 = CARTESIAN_POINT('',(-3.839365998623,13.180310256759,9.));
#180 = CARTESIAN_POINT('',(-10.38274049758,8.182405374817,9.));
#181 = CARTESIAN_POINT('',(-12.28687542705,0.905577801518,9.));
#182 = CARTESIAN_POINT('',(-9.824939403145,-5.337122995781,9.));
#183 = CARTESIAN_POINT('',(-4.998410490611,-8.613371179639,9.));
#184 = CARTESIAN_POINT('',(-4.642592851179E-04,-8.750000000142,9.));
#185 = CARTESIAN_POINT('',(-5.682845687083E-16,-7.25,11.));
#186 = CARTESIAN_POINT('',(4.141148071105,-7.386363636481,11.));
#187 = CARTESIAN_POINT('',(8.453339118736,-4.921372378747,11.));
#188 = CARTESIAN_POINT('',(11.123328418573,0.329933311186,
    10.999999999999));
#189 = CARTESIAN_POINT('',(10.130091394918,7.094588503093,
    11.000000000001));
#190 = CARTESIAN_POINT('',(4.620096684985,12.5662901308,10.999999999998)
  );
#191 = CARTESIAN_POINT('',(-3.839365998623,13.180310256759,
    11.000000000001));
#192 = CARTESIAN_POINT('',(-10.38274049758,8.182405374817,
    10.999999999999));
#193 = CARTESIAN_POINT('',(-12.28687542705,0.905577801518,11.));
#194 = CARTESIAN_POINT('',(-9.824939403145,-5.337122995781,11.));
#195 = CARTESIAN_POINT('',(-4.998410490611,-8.613371179639,11.));
#196 = CARTESIAN_POINT('',(-4.642592851179E-04,-8.750000000142,11.));
#197 = ADVANCED_FACE('',(#198,#304,#338,#372,#406,#440),#474,.T.);
#198 = FACE_BOUND('',#199,.T.);
#199 = EDGE_LOOP('',(#200,#201,#202,#219,#236,#250,#257,#271,#288,#303)
  );
#200 = ORIENTED_EDGE('',*,*,#31,.F.);
#201 = ORIENTED_EDGE('',*,*,#133,.T.);
#202 = ORIENTED_EDGE('',*,*,#203,.T.);
#203 = EDGE_CURVE('',#134,#204,#206,.T.);
#204 = VERTEX_POINT('',#205);
#205 = CARTESIAN_POINT('',(-9.266993617388E-04,-10.25000000056,9.));
#206 = B_SPLINE_CURVE_WITH_KNOTS('',11,(#207,#208,#209,#210,#211,#212,
    #213,#214,#215,#216,#217,#218),.UNSPECIFIED.,.F.,.F.,(12,12),(0.,
    6.289678072638),.PIECEWISE_BEZIER_KNOTS.);
#207 = CARTESIAN_POINT('',(-4.642592850071E-04,-8.750000000143,9.));
#208 = CARTESIAN_POINT('',(4.997481975955,-8.886628820862,9.));
#209 = CARTESIAN_POINT('',(10.166618347096,-5.883676264266,9.));
#210 = CARTESIAN_POINT('',(13.31808770836,0.445050061466,9.));
#211 = CARTESIAN_POINT('',(12.053644254459,8.52620513738,9.));
#212 = CARTESIAN_POINT('',(5.41393472991,14.979812037436,9.));
#213 = CARTESIAN_POINT('',(-4.631712802015,15.594322132703,9.));
#214 = CARTESIAN_POINT('',(-12.30540859221,9.615210100778,9.));
#215 = CARTESIAN_POINT('',(-14.48156313179,1.022050446984,9.));
#216 = CARTESIAN_POINT('',(-11.53881283618,-6.298368236253,9.));
#217 = CARTESIAN_POINT('',(-5.855671087253,-10.11310703508,9.));
#218 = CARTESIAN_POINT('',(-9.26699361863E-04,-10.25000000056,9.));
#219 = ORIENTED_EDGE('',*,*,#220,.T.);
#220 = EDGE_CURVE('',#204,#221,#223,.T.);
#221 = VERTEX_POINT('',#222);
#222 = CARTESIAN_POINT('',(-1.387330070209E-03,-11.75000000127,9.));
#223 = B_SPLINE_CURVE_WITH_KNOTS('',11,(#224,#225,#226,#227,#228,#229,
    #230,#231,#232,#233,#234,#235),.UNSPECIFIED.,.F.,.F.,(12,12),(0.,
    6.289678072638),.PIECEWISE_BEZIER_KNOTS.);
#224 = CARTESIAN_POINT('',(-9.266993617898E-04,-10.25000000056,9.));
#225 = CARTESIAN_POINT('',(5.853817702538,-10.38689296629,9.));
#226 = CARTESIAN_POINT('',(11.87989872248,-6.845978072877,9.));
#227 = CARTESIAN_POINT('',(15.512846915132,0.56016947066,9.));
#228 = CARTESIAN_POINT('',(13.977195249914,9.957824097485,9.));
#229 = CARTESIAN_POINT('',(6.207770053784,17.393334901708,9.));
#230 = CARTESIAN_POINT('',(-5.424062749464,18.008333047415,9.));
#231 = CARTESIAN_POINT('',(-14.22807822781,11.048012501504,9.));
#232 = CARTESIAN_POINT('',(-16.67625108513,1.138520442828,9.));
#233 = CARTESIAN_POINT('',(-13.25268506435,-7.259615544457,9.));
#234 = CARTESIAN_POINT('',(-6.71292988445,-11.61284392393,9.));
#235 = CARTESIAN_POINT('',(-1.387330070165E-03,-11.75000000127,9.));
#236 = ORIENTED_EDGE('',*,*,#237,.T.);
#237 = EDGE_CURVE('',#221,#238,#240,.T.);
#238 = VERTEX_POINT('',#239);
#239 = CARTESIAN_POINT('',(1.616970612955E-03,12.500000001731,9.));
#240 = B_SPLINE_CURVE_WITH_KNOTS('',8,(#241,#242,#243,#244,#245,#246,
    #247,#248,#249),.UNSPECIFIED.,.F.,.F.,(9,9),(0.,3.144839036319),
  .PIECEWISE_BEZIER_KNOTS.);
#241 = CARTESIAN_POINT('',(-1.387330070426E-03,-11.75000000127,9.));
#242 = CARTESIAN_POINT('',(4.612798178588,-11.84429480457,9.));
#243 = CARTESIAN_POINT('',(9.311518452365,-9.867288733533,9.));
#244 = CARTESIAN_POINT('',(13.009267183104,-5.756494480171,9.));
#245 = CARTESIAN_POINT('',(14.571860260862,-0.112553450098,9.));
#246 = CARTESIAN_POINT('',(13.320978043445,5.676520283659,9.));
#247 = CARTESIAN_POINT('',(9.734574062503,10.107724968217,9.));
#248 = CARTESIAN_POINT('',(4.910326844669,12.405615018877,9.));
#249 = CARTESIAN_POINT('',(1.616970612955E-03,12.500000001731,9.));
#250 = ORIENTED_EDGE('',*,*,#251,.F.);
#251 = EDGE_CURVE('',#252,#238,#254,.T.);
#252 = VERTEX_POINT('',#253);
#253 = CARTESIAN_POINT('',(1.615364882459E-03,13.250000001729,9.));
#254 = B_SPLINE_CURVE_WITH_KNOTS('',1,(#255,#256),.UNSPECIFIED.,.F.,.F.,
  (2,2),(-0.75,-0.),.PIECEWISE_BEZIER_KNOTS.);
#255 = CARTESIAN_POINT('',(1.615364882459E-03,13.250000001729,9.));
#256 = CARTESIAN_POINT('',(1.616970612955E-03,12.500000001731,9.));
#257 = ORIENTED_EDGE('',*,*,#258,.F.);
#258 = EDGE_CURVE('',#259,#252,#261,.T.);
#259 = VERTEX_POINT('',#260);
#260 = CARTESIAN_POINT('',(-1.385952383944E-03,-12.50000000127,9.));
#261 = B_SPLINE_CURVE_WITH_KNOTS('',8,(#262,#263,#264,#265,#266,#267,
    #268,#269,#270),.UNSPECIFIED.,.F.,.F.,(9,9),(0.,3.144839036319),
  .PIECEWISE_BEZIER_KNOTS.);
#262 = CARTESIAN_POINT('',(-1.385952384159E-03,-12.50000000127,9.));
#263 = CARTESIAN_POINT('',(4.90732389605,-12.59429426355,9.));
#264 = CARTESIAN_POINT('',(9.900571760071,-10.48507553747,9.));
#265 = CARTESIAN_POINT('',(13.823606090765,-6.110094240716,9.));
#266 = CARTESIAN_POINT('',(15.473214591577,-0.112551657271,9.));
#267 = CARTESIAN_POINT('',(14.135315544443,6.030123283677,9.));
#268 = CARTESIAN_POINT('',(10.323624912617,10.725514115393,9.));
#269 = CARTESIAN_POINT('',(5.20484957866,13.155615649444,9.));
#270 = CARTESIAN_POINT('',(1.615364882457E-03,13.250000001729,9.));
#271 = ORIENTED_EDGE('',*,*,#272,.F.);
#272 = EDGE_CURVE('',#273,#259,#275,.T.);
#273 = VERTEX_POINT('',#274);
#274 = CARTESIAN_POINT('',(-9.257791041804E-04,-11.00000000056,9.));
#275 = B_SPLINE_CURVE_WITH_KNOTS('',11,(#276,#277,#278,#279,#280,#281,
    #282,#283,#284,#285,#286,#287),.UNSPECIFIED.,.F.,.F.,(12,12),(0.,
    6.289678072638),.PIECEWISE_BEZIER_KNOTS.);
#276 = CARTESIAN_POINT('',(-9.257791042269E-04,-11.00000000056,9.));
#277 = CARTESIAN_POINT('',(6.282217662628,-11.13689244064,9.));
#278 = CARTESIAN_POINT('',(12.736687684075,-7.326863834888,9.));
#279 = CARTESIAN_POINT('',(16.610208496846,0.618068676471,9.));
#280 = CARTESIAN_POINT('',(14.938749211343,10.673930948866,9.));
#281 = CARTESIAN_POINT('',(6.604314345127,18.600218837315,9.));
#282 = CARTESIAN_POINT('',(-5.820610739526,19.215215767608,9.));
#283 = CARTESIAN_POINT('',(-15.18963438355,11.764116406031,9.));
#284 = CARTESIAN_POINT('',(-17.77361284412,1.19641628586,9.));
#285 = CARTESIAN_POINT('',(-14.10947255222,-7.740503931808,9.));
#286 = CARTESIAN_POINT('',(-7.141327546442,-12.36284471087,9.));
#287 = CARTESIAN_POINT('',(-1.385952383904E-03,-12.50000000127,9.));
#288 = ORIENTED_EDGE('',*,*,#289,.F.);
#289 = EDGE_CURVE('',#84,#273,#290,.T.);
#290 = B_SPLINE_CURVE_WITH_KNOTS('',11,(#291,#292,#293,#294,#295,#296,
    #297,#298,#299,#300,#301,#302),.UNSPECIFIED.,.F.,.F.,(12,12),(0.,
    6.289678072638),.PIECEWISE_BEZIER_KNOTS.);
#291 = CARTESIAN_POINT('',(-4.637982529467E-04,-9.500000000143,9.));
#292 = CARTESIAN_POINT('',(5.425881476988,-9.636628557521,9.));
#293 = CARTESIAN_POINT('',(11.02340701455,-6.364562550685,9.));
#294 = CARTESIAN_POINT('',(14.415449325862,0.502948595986,9.));
#295 = CARTESIAN_POINT('',(13.015198654033,9.242311400991,9.));
#296 = CARTESIAN_POINT('',(5.810479759319,16.186695731198,9.));
#297 = CARTESIAN_POINT('',(-5.028260055093,16.801205095675,9.));
#298 = CARTESIAN_POINT('',(-13.26696431086,10.331314592775,9.));
#299 = CARTESIAN_POINT('',(-15.57892485581,1.079946959909,9.));
#300 = CARTESIAN_POINT('',(-12.39560061765,-6.779256100838,9.));
#301 = CARTESIAN_POINT('',(-6.284069206842,-10.86310756073,9.));
#302 = CARTESIAN_POINT('',(-9.257791043094E-04,-11.00000000056,9.));
#303 = ORIENTED_EDGE('',*,*,#83,.F.);
#304 = FACE_BOUND('',#305,.T.);
#305 = EDGE_LOOP('',(#306,#316,#324,#332));
#306 = ORIENTED_EDGE('',*,*,#307,.F.);
#307 = EDGE_CURVE('',#308,#310,#312,.T.);
#308 = VERTEX_POINT('',#309);
#309 = CARTESIAN_POINT('',(-5.,-1.,9.));
#310 = VERTEX_POINT('',#311);
#311 = CARTESIAN_POINT('',(-7.,-1.,9.));
#312 = LINE('',#313,#314);
#313 = CARTESIAN_POINT('',(-2.252962068041,-1.,9.));
#314 = VECTOR('',#315,1.);
#315 = DIRECTION('',(-1.,2.22044604925E-16,0.));
#316 = ORIENTED_EDGE('',*,*,#317,.F.);
#317 = EDGE_CURVE('',#318,#308,#320,.T.);
#318 = VERTEX_POINT('',#319);
#319 = CARTESIAN_POINT('',(-5.,1.,9.));
#320 = LINE('',#321,#322);
#321 = CARTESIAN_POINT('',(-5.,0.52515697123,9.));
#322 = VECTOR('',#323,1.);
#323 = DIRECTION('',(-2.22044604925E-16,-1.,-0.));
#324 = ORIENTED_EDGE('',*,*,#325,.F.);
#325 = EDGE_CURVE('',#326,#318,#328,.T.);
#326 = VERTEX_POINT('',#327);
#327 = CARTESIAN_POINT('',(-7.,1.,9.));
#328 = LINE('',#329,#330);
#329 = CARTESIAN_POINT('',(-3.252962068041,1.,9.));
#330 = VECTOR('',#331,1.);
#331 = DIRECTION('',(1.,-2.22044604925E-16,0.));
#332 = ORIENTED_EDGE('',*,*,#333,.F.);
#333 = EDGE_CURVE('',#310,#326,#334,.T.);
#334 = LINE('',#335,#336);
#335 = CARTESIAN_POINT('',(-7.,-0.47484302877,9.));
#336 = VECTOR('',#337,1.);
#337 = DIRECTION('',(2.22044604925E-16,1.,0.));
#338 = FACE_BOUND('',#339,.T.);
#339 = EDGE_LOOP('',(#340,#350,#358,#366));
#340 = ORIENTED_EDGE('',*,*,#341,.F.);
#341 = EDGE_CURVE('',#342,#344,#346,.T.);
#342 = VERTEX_POINT('',#343);
#343 = CARTESIAN_POINT('',(-1.,5.,9.));
#344 = VERTEX_POINT('',#345);
#345 = CARTESIAN_POINT('',(-1.,7.,9.));
#346 = LINE('',#347,#348);
#347 = CARTESIAN_POINT('',(-1.,2.52515697123,9.));
#348 = VECTOR('',#349,1.);
#349 = DIRECTION('',(1.224646799147E-16,1.,0.));
#350 = ORIENTED_EDGE('',*,*,#351,.F.);
#351 = EDGE_CURVE('',#352,#342,#354,.T.);
#352 = VERTEX_POINT('',#353);
#353 = CARTESIAN_POINT('',(1.,5.,9.));
#354 = LINE('',#355,#356);
#355 = CARTESIAN_POINT('',(0.747037931959,5.,9.));
#356 = VECTOR('',#357,1.);
#357 = DIRECTION('',(-1.,1.224646799147E-16,0.));
#358 = ORIENTED_EDGE('',*,*,#359,.F.);
#359 = EDGE_CURVE('',#360,#352,#362,.T.);
#360 = VERTEX_POINT('',#361);
#361 = CARTESIAN_POINT('',(1.,7.,9.));
#362 = LINE('',#363,#364);
#363 = CARTESIAN_POINT('',(1.,3.52515697123,9.));
#364 = VECTOR('',#365,1.);
#365 = DIRECTION('',(-1.224646799147E-16,-1.,-0.));
#366 = ORIENTED_EDGE('',*,*,#367,.F.);
#367 = EDGE_CURVE('',#344,#360,#368,.T.);
#368 = LINE('',#369,#370);
#369 = CARTESIAN_POINT('',(-0.252962068041,7.,9.));
#370 = VECTOR('',#371,1.);
#371 = DIRECTION('',(1.,-1.224646799147E-16,0.));
#372 = FACE_BOUND('',#373,.T.);
#373 = EDGE_LOOP('',(#374,#384,#392,#400));
#374 = ORIENTED_EDGE('',*,*,#375,.F.);
#375 = EDGE_CURVE('',#376,#378,#380,.T.);
#376 = VERTEX_POINT('',#377);
#377 = CARTESIAN_POINT('',(1.,-5.,9.));
#378 = VERTEX_POINT('',#379);
#379 = CARTESIAN_POINT('',(1.,-7.,9.));
#380 = LINE('',#381,#382);
#381 = CARTESIAN_POINT('',(1.,-2.47484302877,9.));
#382 = VECTOR('',#383,1.);
#383 = DIRECTION('',(0.,-1.,0.));
#384 = ORIENTED_EDGE('',*,*,#385,.F.);
#385 = EDGE_CURVE('',#386,#376,#388,.T.);
#386 = VERTEX_POINT('',#387);
#387 = CARTESIAN_POINT('',(-1.,-5.,9.));
#388 = LINE('',#389,#390);
#389 = CARTESIAN_POINT('',(-0.252962068041,-5.,9.));
#390 = VECTOR('',#391,1.);
#391 = DIRECTION('',(1.,0.,0.));
#392 = ORIENTED_EDGE('',*,*,#393,.F.);
#393 = EDGE_CURVE('',#394,#386,#396,.T.);
#394 = VERTEX_POINT('',#395);
#395 = CARTESIAN_POINT('',(-1.,-7.,9.));
#396 = LINE('',#397,#398);
#397 = CARTESIAN_POINT('',(-1.,-3.47484302877,9.));
#398 = VECTOR('',#399,1.);
#399 = DIRECTION('',(0.,1.,0.));
#400 = ORIENTED_EDGE('',*,*,#401,.F.);
#401 = EDGE_CURVE('',#378,#394,#402,.T.);
#402 = LINE('',#403,#404);
#403 = CARTESIAN_POINT('',(0.747037931959,-7.,9.));
#404 = VECTOR('',#405,1.);
#405 = DIRECTION('',(-1.,-0.,-0.));
#406 = FACE_BOUND('',#407,.T.);
#407 = EDGE_LOOP('',(#408,#418,#426,#434));
#408 = ORIENTED_EDGE('',*,*,#409,.T.);
#409 = EDGE_CURVE('',#410,#412,#414,.T.);
#410 = VERTEX_POINT('',#411);
#411 = CARTESIAN_POINT('',(-4.,4.,9.));
#412 = VERTEX_POINT('',#413);
#413 = CARTESIAN_POINT('',(-4.,-4.,9.));
#414 = LINE('',#415,#416);
#415 = CARTESIAN_POINT('',(-4.,4.,9.));
#416 = VECTOR('',#417,1.);
#417 = DIRECTION('',(-2.22044604925E-16,-1.,0.));
#418 = ORIENTED_EDGE('',*,*,#419,.T.);
#419 = EDGE_CURVE('',#412,#420,#422,.T.);
#420 = VERTEX_POINT('',#421);
#421 = CARTESIAN_POINT('',(4.,-4.,9.));
#422 = LINE('',#423,#424);
#423 = CARTESIAN_POINT('',(-4.,-4.,9.));
#424 = VECTOR('',#425,1.);
#425 = DIRECTION('',(1.,-2.22044604925E-16,0.));
#426 = ORIENTED_EDGE('',*,*,#427,.T.);
#427 = EDGE_CURVE('',#420,#428,#430,.T.);
#428 = VERTEX_POINT('',#429);
#429 = CARTESIAN_POINT('',(4.,4.,9.));
#430 = LINE('',#431,#432);
#431 = CARTESIAN_POINT('',(4.,-4.,9.));
#432 = VECTOR('',#433,1.);
#433 = DIRECTION('',(2.22044604925E-16,1.,0.));
#434 = ORIENTED_EDGE('',*,*,#435,.T.);
#435 = EDGE_CURVE('',#428,#410,#436,.T.);
#436 = LINE('',#437,#438);
#437 = CARTESIAN_POINT('',(4.,4.,9.));
#438 = VECTOR('',#439,1.);
#439 = DIRECTION('',(-1.,2.22044604925E-16,0.));
#440 = FACE_BOUND('',#441,.T.);
#441 = EDGE_LOOP('',(#442,#452,#460,#468));
#442 = ORIENTED_EDGE('',*,*,#443,.F.);
#443 = EDGE_CURVE('',#444,#446,#448,.T.);
#444 = VERTEX_POINT('',#445);
#445 = CARTESIAN_POINT('',(5.,1.,9.));
#446 = VERTEX_POINT('',#447);
#447 = CARTESIAN_POINT('',(7.,1.,9.));
#448 = LINE('',#449,#450);
#449 = CARTESIAN_POINT('',(2.747037931959,1.,9.));
#450 = VECTOR('',#451,1.);
#451 = DIRECTION('',(1.,-1.110223024625E-16,0.));
#452 = ORIENTED_EDGE('',*,*,#453,.F.);
#453 = EDGE_CURVE('',#454,#444,#456,.T.);
#454 = VERTEX_POINT('',#455);
#455 = CARTESIAN_POINT('',(5.,-1.,9.));
#456 = LINE('',#457,#458);
#457 = CARTESIAN_POINT('',(5.,-0.47484302877,9.));
#458 = VECTOR('',#459,1.);
#459 = DIRECTION('',(1.110223024625E-16,1.,0.));
#460 = ORIENTED_EDGE('',*,*,#461,.F.);
#461 = EDGE_CURVE('',#462,#454,#464,.T.);
#462 = VERTEX_POINT('',#463);
#463 = CARTESIAN_POINT('',(7.,-1.,9.));
#464 = LINE('',#465,#466);
#465 = CARTESIAN_POINT('',(3.747037931959,-1.,9.));
#466 = VECTOR('',#467,1.);
#467 = DIRECTION('',(-1.,1.110223024625E-16,0.));
#468 = ORIENTED_EDGE('',*,*,#469,.F.);
#469 = EDGE_CURVE('',#446,#462,#470,.T.);
#470 = LINE('',#471,#472);
#471 = CARTESIAN_POINT('',(7.,0.52515697123,9.));
#472 = VECTOR('',#473,1.);
#473 = DIRECTION('',(-1.110223024625E-16,-1.,-0.));
#474 = PLANE('',#475);
#475 = AXIS2_PLACEMENT_3D('',#476,#477,#478);
#476 = CARTESIAN_POINT('',(0.494075863918,5.031394246069E-02,9.));
#477 = DIRECTION('',(0.,0.,-1.));
#478 = DIRECTION('',(2.22044604925E-16,1.,0.));
#479 = ADVANCED_FACE('',(#480),#506,.T.);
#480 = FACE_BOUND('',#481,.T.);
#481 = EDGE_LOOP('',(#482,#499,#500,#501));
#482 = ORIENTED_EDGE('',*,*,#483,.F.);
#483 = EDGE_CURVE('',#66,#484,#486,.T.);
#484 = VERTEX_POINT('',#485);
#485 = CARTESIAN_POINT('',(-9.257791041799E-04,-11.00000000056,11.));
#486 = B_SPLINE_CURVE_WITH_KNOTS('',11,(#487,#488,#489,#490,#491,#492,
    #493,#494,#495,#496,#497,#498),.UNSPECIFIED.,.F.,.F.,(12,12),(0.,
    6.289678072638),.PIECEWISE_BEZIER_KNOTS.);
#487 = CARTESIAN_POINT('',(-4.63798252939E-04,-9.500000000143,11.));
#488 = CARTESIAN_POINT('',(5.425881476989,-9.636628557521,11.));
#489 = CARTESIAN_POINT('',(11.02340701455,-6.364562550685,11.));
#490 = CARTESIAN_POINT('',(14.415449325863,0.502948595985,11.));
#491 = CARTESIAN_POINT('',(13.01519865403,9.242311400992,11.000000000001
    ));
#492 = CARTESIAN_POINT('',(5.810479759322,16.186695731196,
    10.999999999999));
#493 = CARTESIAN_POINT('',(-5.028260055096,16.801205095677,
    11.000000000001));
#494 = CARTESIAN_POINT('',(-13.26696431086,10.331314592774,11.));
#495 = CARTESIAN_POINT('',(-15.57892485581,1.07994695991,11.));
#496 = CARTESIAN_POINT('',(-12.39560061765,-6.779256100838,11.));
#497 = CARTESIAN_POINT('',(-6.284069206842,-10.86310756073,11.));
#498 = CARTESIAN_POINT('',(-9.25779104316E-04,-11.00000000056,11.));
#499 = ORIENTED_EDGE('',*,*,#100,.T.);
#500 = ORIENTED_EDGE('',*,*,#289,.T.);
#501 = ORIENTED_EDGE('',*,*,#502,.F.);
#502 = EDGE_CURVE('',#484,#273,#503,.T.);
#503 = B_SPLINE_CURVE_WITH_KNOTS('',1,(#504,#505),.UNSPECIFIED.,.F.,.F.,
  (2,2),(-2.,-0.),.PIECEWISE_BEZIER_KNOTS.);
#504 = CARTESIAN_POINT('',(-9.25779104316E-04,-11.00000000056,11.));
#505 = CARTESIAN_POINT('',(-9.257791043094E-04,-11.00000000056,9.));
#506 = B_SPLINE_SURFACE_WITH_KNOTS('',1,11,(
    (#507,#508,#509,#510,#511,#512,#513,#514,#515,#516,#517,#518)
    ,(#519,#520,#521,#522,#523,#524,#525,#526,#527,#528,#529,#530
  )),.UNSPECIFIED.,.F.,.F.,.F.,(2,2),(12,12),(-2.,-0.),(0.,
    6.289678072638),.PIECEWISE_BEZIER_KNOTS.);
#507 = CARTESIAN_POINT('',(-4.63798252939E-04,-9.500000000143,11.));
#508 = CARTESIAN_POINT('',(5.425881476989,-9.636628557521,11.));
#509 = CARTESIAN_POINT('',(11.02340701455,-6.364562550685,11.));
#510 = CARTESIAN_POINT('',(14.415449325863,0.502948595985,11.));
#511 = CARTESIAN_POINT('',(13.01519865403,9.242311400992,11.000000000001
    ));
#512 = CARTESIAN_POINT('',(5.810479759322,16.186695731196,
    10.999999999999));
#513 = CARTESIAN_POINT('',(-5.028260055096,16.801205095677,
    11.000000000001));
#514 = CARTESIAN_POINT('',(-13.26696431086,10.331314592774,11.));
#515 = CARTESIAN_POINT('',(-15.57892485581,1.07994695991,11.));
#516 = CARTESIAN_POINT('',(-12.39560061765,-6.779256100838,11.));
#517 = CARTESIAN_POINT('',(-6.284069206842,-10.86310756073,11.));
#518 = CARTESIAN_POINT('',(-9.25779104316E-04,-11.00000000056,11.));
#519 = CARTESIAN_POINT('',(-4.637982529467E-04,-9.500000000143,9.));
#520 = CARTESIAN_POINT('',(5.425881476988,-9.636628557521,9.));
#521 = CARTESIAN_POINT('',(11.02340701455,-6.364562550685,9.));
#522 = CARTESIAN_POINT('',(14.415449325862,0.502948595986,9.));
#523 = CARTESIAN_POINT('',(13.015198654033,9.242311400991,9.));
#524 = CARTESIAN_POINT('',(5.810479759319,16.186695731198,9.));
#525 = CARTESIAN_POINT('',(-5.028260055093,16.801205095675,9.));
#526 = CARTESIAN_POINT('',(-13.26696431086,10.331314592775,9.));
#527 = CARTESIAN_POINT('',(-15.57892485581,1.079946959909,9.));
#528 = CARTESIAN_POINT('',(-12.39560061765,-6.779256100838,9.));
#529 = CARTESIAN_POINT('',(-6.284069206842,-10.86310756073,9.));
#530 = CARTESIAN_POINT('',(-9.257791043094E-04,-11.00000000056,9.));
#531 = ADVANCED_FACE('',(#532),#558,.T.);
#532 = FACE_BOUND('',#533,.T.);
#533 = EDGE_LOOP('',(#534,#535,#536,#553));
#534 = ORIENTED_EDGE('',*,*,#203,.F.);
#535 = ORIENTED_EDGE('',*,*,#168,.T.);
#536 = ORIENTED_EDGE('',*,*,#537,.T.);
#537 = EDGE_CURVE('',#152,#538,#540,.T.);
#538 = VERTEX_POINT('',#539);
#539 = CARTESIAN_POINT('',(-9.266993617384E-04,-10.25000000056,11.));
#540 = B_SPLINE_CURVE_WITH_KNOTS('',11,(#541,#542,#543,#544,#545,#546,
    #547,#548,#549,#550,#551,#552),.UNSPECIFIED.,.F.,.F.,(12,12),(0.,
    6.289678072638),.PIECEWISE_BEZIER_KNOTS.);
#541 = CARTESIAN_POINT('',(-4.64259284997E-04,-8.750000000143,11.));
#542 = CARTESIAN_POINT('',(4.997481975955,-8.886628820863,11.));
#543 = CARTESIAN_POINT('',(10.166618347096,-5.883676264265,11.));
#544 = CARTESIAN_POINT('',(13.31808770836,0.445050061463,11.));
#545 = CARTESIAN_POINT('',(12.05364425446,8.526205137384,11.000000000001
    ));
#546 = CARTESIAN_POINT('',(5.413934729908,14.979812037431,
    10.999999999999));
#547 = CARTESIAN_POINT('',(-4.631712802012,15.594322132707,
    11.000000000001));
#548 = CARTESIAN_POINT('',(-12.30540859221,9.615210100775,11.));
#549 = CARTESIAN_POINT('',(-14.48156313178,1.022050446986,11.));
#550 = CARTESIAN_POINT('',(-11.53881283618,-6.298368236254,11.));
#551 = CARTESIAN_POINT('',(-5.855671087252,-10.11310703508,11.));
#552 = CARTESIAN_POINT('',(-9.266993618778E-04,-10.25000000056,11.));
#553 = ORIENTED_EDGE('',*,*,#554,.F.);
#554 = EDGE_CURVE('',#204,#538,#555,.T.);
#555 = B_SPLINE_CURVE_WITH_KNOTS('',1,(#556,#557),.UNSPECIFIED.,.F.,.F.,
  (2,2),(-2.,-0.),.PIECEWISE_BEZIER_KNOTS.);
#556 = CARTESIAN_POINT('',(-9.26699361863E-04,-10.25000000056,9.));
#557 = CARTESIAN_POINT('',(-9.266993618778E-04,-10.25000000056,11.));
#558 = B_SPLINE_SURFACE_WITH_KNOTS('',1,11,(
    (#559,#560,#561,#562,#563,#564,#565,#566,#567,#568,#569,#570)
    ,(#571,#572,#573,#574,#575,#576,#577,#578,#579,#580,#581,#582
  )),.UNSPECIFIED.,.F.,.F.,.F.,(2,2),(12,12),(-2.,-0.),(0.,
    6.289678072638),.PIECEWISE_BEZIER_KNOTS.);
#559 = CARTESIAN_POINT('',(-4.642592850071E-04,-8.750000000143,9.));
#560 = CARTESIAN_POINT('',(4.997481975955,-8.886628820862,9.));
#561 = CARTESIAN_POINT('',(10.166618347096,-5.883676264266,9.));
#562 = CARTESIAN_POINT('',(13.31808770836,0.445050061466,9.));
#563 = CARTESIAN_POINT('',(12.053644254459,8.52620513738,9.));
#564 = CARTESIAN_POINT('',(5.41393472991,14.979812037436,9.));
#565 = CARTESIAN_POINT('',(-4.631712802015,15.594322132703,9.));
#566 = CARTESIAN_POINT('',(-12.30540859221,9.615210100778,9.));
#567 = CARTESIAN_POINT('',(-14.48156313179,1.022050446984,9.));
#568 = CARTESIAN_POINT('',(-11.53881283618,-6.298368236253,9.));
#569 = CARTESIAN_POINT('',(-5.855671087253,-10.11310703508,9.));
#570 = CARTESIAN_POINT('',(-9.26699361863E-04,-10.25000000056,9.));
#571 = CARTESIAN_POINT('',(-4.64259284997E-04,-8.750000000143,11.));
#572 = CARTESIAN_POINT('',(4.997481975955,-8.886628820863,11.));
#573 = CARTESIAN_POINT('',(10.166618347096,-5.883676264265,11.));
#574 = CARTESIAN_POINT('',(13.31808770836,0.445050061463,11.));
#575 = CARTESIAN_POINT('',(12.05364425446,8.526205137384,11.000000000001
    ));
#576 = CARTESIAN_POINT('',(5.413934729908,14.979812037431,
    10.999999999999));
#577 = CARTESIAN_POINT('',(-4.631712802012,15.594322132707,
    11.000000000001));
#578 = CARTESIAN_POINT('',(-12.30540859221,9.615210100775,11.));
#579 = CARTESIAN_POINT('',(-14.48156313178,1.022050446986,11.));
#580 = CARTESIAN_POINT('',(-11.53881283618,-6.298368236254,11.));
#581 = CARTESIAN_POINT('',(-5.855671087252,-10.11310703508,11.));
#582 = CARTESIAN_POINT('',(-9.266993618778E-04,-10.25000000056,11.));
#583 = ADVANCED_FACE('',(#584),#610,.T.);
#584 = FACE_BOUND('',#585,.T.);
#585 = EDGE_LOOP('',(#586,#587,#588,#605));
#586 = ORIENTED_EDGE('',*,*,#220,.F.);
#587 = ORIENTED_EDGE('',*,*,#554,.T.);
#588 = ORIENTED_EDGE('',*,*,#589,.T.);
#589 = EDGE_CURVE('',#538,#590,#592,.T.);
#590 = VERTEX_POINT('',#591);
#591 = CARTESIAN_POINT('',(-1.387330070209E-03,-11.75000000127,11.));
#592 = B_SPLINE_CURVE_WITH_KNOTS('',11,(#593,#594,#595,#596,#597,#598,
    #599,#600,#601,#602,#603,#604),.UNSPECIFIED.,.F.,.F.,(12,12),(0.,
    6.289678072638),.PIECEWISE_BEZIER_KNOTS.);
#593 = CARTESIAN_POINT('',(-9.266993617827E-04,-10.25000000056,11.));
#594 = CARTESIAN_POINT('',(5.853817702538,-10.38689296629,11.));
#595 = CARTESIAN_POINT('',(11.879898722479,-6.845978072876,11.));
#596 = CARTESIAN_POINT('',(15.512846915133,0.560169470659,
    10.999999999999));
#597 = CARTESIAN_POINT('',(13.977195249912,9.957824097488,
    11.000000000001));
#598 = CARTESIAN_POINT('',(6.207770053787,17.393334901705,
    10.999999999999));
#599 = CARTESIAN_POINT('',(-5.424062749467,18.008333047419,
    11.000000000001));
#600 = CARTESIAN_POINT('',(-14.22807822781,11.048012501501,
    10.999999999999));
#601 = CARTESIAN_POINT('',(-16.67625108513,1.13852044283,11.));
#602 = CARTESIAN_POINT('',(-13.25268506434,-7.259615544457,11.));
#603 = CARTESIAN_POINT('',(-6.71292988445,-11.61284392393,11.));
#604 = CARTESIAN_POINT('',(-1.387330070172E-03,-11.75000000127,11.));
#605 = ORIENTED_EDGE('',*,*,#606,.F.);
#606 = EDGE_CURVE('',#221,#590,#607,.T.);
#607 = B_SPLINE_CURVE_WITH_KNOTS('',1,(#608,#609),.UNSPECIFIED.,.F.,.F.,
  (2,2),(-2.,-0.),.PIECEWISE_BEZIER_KNOTS.);
#608 = CARTESIAN_POINT('',(-1.387330070165E-03,-11.75000000127,9.));
#609 = CARTESIAN_POINT('',(-1.387330070165E-03,-11.75000000127,11.));
#610 = B_SPLINE_SURFACE_WITH_KNOTS('',1,11,(
    (#611,#612,#613,#614,#615,#616,#617,#618,#619,#620,#621,#622)
    ,(#623,#624,#625,#626,#627,#628,#629,#630,#631,#632,#633,#634
  )),.UNSPECIFIED.,.F.,.F.,.F.,(2,2),(12,12),(-2.,-0.),(0.,
    6.289678072638),.PIECEWISE_BEZIER_KNOTS.);
#611 = CARTESIAN_POINT('',(-9.266993617898E-04,-10.25000000056,9.));
#612 = CARTESIAN_POINT('',(5.853817702538,-10.38689296629,9.));
#613 = CARTESIAN_POINT('',(11.87989872248,-6.845978072877,9.));
#614 = CARTESIAN_POINT('',(15.512846915132,0.56016947066,9.));
#615 = CARTESIAN_POINT('',(13.977195249914,9.957824097485,9.));
#616 = CARTESIAN_POINT('',(6.207770053784,17.393334901708,9.));
#617 = CARTESIAN_POINT('',(-5.424062749464,18.008333047415,9.));
#618 = CARTESIAN_POINT('',(-14.22807822781,11.048012501504,9.));
#619 = CARTESIAN_POINT('',(-16.67625108513,1.138520442828,9.));
#620 = CARTESIAN_POINT('',(-13.25268506435,-7.259615544457,9.));
#621 = CARTESIAN_POINT('',(-6.71292988445,-11.61284392393,9.));
#622 = CARTESIAN_POINT('',(-1.387330070165E-03,-11.75000000127,9.));
#623 = CARTESIAN_POINT('',(-9.266993617898E-04,-10.25000000056,11.));
#624 = CARTESIAN_POINT('',(5.853817702538,-10.38689296629,11.));
#625 = CARTESIAN_POINT('',(11.87989872248,-6.845978072875,11.));
#626 = CARTESIAN_POINT('',(15.512846915132,0.560169470655,
    10.999999999999));
#627 = CARTESIAN_POINT('',(13.977195249914,9.957824097495,
    11.000000000001));
#628 = CARTESIAN_POINT('',(6.207770053784,17.393334901695,
    10.999999999999));
#629 = CARTESIAN_POINT('',(-5.424062749464,18.008333047429,
    11.000000000001));
#630 = CARTESIAN_POINT('',(-14.22807822781,11.048012501494,
    10.999999999999));
#631 = CARTESIAN_POINT('',(-16.67625108513,1.138520442834,11.));
#632 = CARTESIAN_POINT('',(-13.25268506435,-7.259615544459,11.));
#633 = CARTESIAN_POINT('',(-6.71292988445,-11.61284392393,11.));
#634 = CARTESIAN_POINT('',(-1.387330070165E-03,-11.75000000127,11.));
#635 = ADVANCED_FACE('',(#636),#662,.T.);
#636 = FACE_BOUND('',#637,.T.);
#637 = EDGE_LOOP('',(#638,#655,#656,#657));
#638 = ORIENTED_EDGE('',*,*,#639,.F.);
#639 = EDGE_CURVE('',#484,#640,#642,.T.);
#640 = VERTEX_POINT('',#641);
#641 = CARTESIAN_POINT('',(-1.385952383943E-03,-12.50000000127,11.));
#642 = B_SPLINE_CURVE_WITH_KNOTS('',11,(#643,#644,#645,#646,#647,#648,
    #649,#650,#651,#652,#653,#654),.UNSPECIFIED.,.F.,.F.,(12,12),(0.,
    6.289678072638),.PIECEWISE_BEZIER_KNOTS.);
#643 = CARTESIAN_POINT('',(-9.257791042269E-04,-11.00000000056,11.));
#644 = CARTESIAN_POINT('',(6.282217662628,-11.13689244064,11.));
#645 = CARTESIAN_POINT('',(12.736687684075,-7.326863834887,11.));
#646 = CARTESIAN_POINT('',(16.610208496846,0.618068676468,
    10.999999999999));
#647 = CARTESIAN_POINT('',(14.938749211343,10.67393094887,
    11.000000000001));
#648 = CARTESIAN_POINT('',(6.604314345127,18.600218837309,
    10.999999999999));
#649 = CARTESIAN_POINT('',(-5.820610739526,19.215215767615,
    11.000000000001));
#650 = CARTESIAN_POINT('',(-15.18963438355,11.764116406025,
    10.999999999999));
#651 = CARTESIAN_POINT('',(-17.77361284412,1.196416285863,11.));
#652 = CARTESIAN_POINT('',(-14.10947255222,-7.74050393181,11.));
#653 = CARTESIAN_POINT('',(-7.141327546442,-12.36284471087,11.));
#654 = CARTESIAN_POINT('',(-1.385952383904E-03,-12.50000000127,11.));
#655 = ORIENTED_EDGE('',*,*,#502,.T.);
#656 = ORIENTED_EDGE('',*,*,#272,.T.);
#657 = ORIENTED_EDGE('',*,*,#658,.F.);
#658 = EDGE_CURVE('',#640,#259,#659,.T.);
#659 = B_SPLINE_CURVE_WITH_KNOTS('',1,(#660,#661),.UNSPECIFIED.,.F.,.F.,
  (2,2),(-2.,-0.),.PIECEWISE_BEZIER_KNOTS.);
#660 = CARTESIAN_POINT('',(-1.385952383904E-03,-12.50000000127,11.));
#661 = CARTESIAN_POINT('',(-1.385952383904E-03,-12.50000000127,9.));
#662 = B_SPLINE_SURFACE_WITH_KNOTS('',1,11,(
    (#663,#664,#665,#666,#667,#668,#669,#670,#671,#672,#673,#674)
    ,(#675,#676,#677,#678,#679,#680,#681,#682,#683,#684,#685,#686
  )),.UNSPECIFIED.,.F.,.F.,.F.,(2,2),(12,12),(-2.,-0.),(0.,
    6.289678072638),.PIECEWISE_BEZIER_KNOTS.);
#663 = CARTESIAN_POINT('',(-9.257791042269E-04,-11.00000000056,11.));
#664 = CARTESIAN_POINT('',(6.282217662628,-11.13689244064,11.));
#665 = CARTESIAN_POINT('',(12.736687684075,-7.326863834887,11.));
#666 = CARTESIAN_POINT('',(16.610208496846,0.618068676468,
    10.999999999999));
#667 = CARTESIAN_POINT('',(14.938749211343,10.67393094887,
    11.000000000001));
#668 = CARTESIAN_POINT('',(6.604314345127,18.600218837309,
    10.999999999999));
#669 = CARTESIAN_POINT('',(-5.820610739526,19.215215767615,
    11.000000000001));
#670 = CARTESIAN_POINT('',(-15.18963438355,11.764116406025,
    10.999999999999));
#671 = CARTESIAN_POINT('',(-17.77361284412,1.196416285863,11.));
#672 = CARTESIAN_POINT('',(-14.10947255222,-7.74050393181,11.));
#673 = CARTESIAN_POINT('',(-7.141327546442,-12.36284471087,11.));
#674 = CARTESIAN_POINT('',(-1.385952383904E-03,-12.50000000127,11.));
#675 = CARTESIAN_POINT('',(-9.257791042269E-04,-11.00000000056,9.));
#676 = CARTESIAN_POINT('',(6.282217662628,-11.13689244064,9.));
#677 = CARTESIAN_POINT('',(12.736687684075,-7.326863834888,9.));
#678 = CARTESIAN_POINT('',(16.610208496846,0.618068676471,9.));
#679 = CARTESIAN_POINT('',(14.938749211343,10.673930948866,9.));
#680 = CARTESIAN_POINT('',(6.604314345127,18.600218837315,9.));
#681 = CARTESIAN_POINT('',(-5.820610739526,19.215215767608,9.));
#682 = CARTESIAN_POINT('',(-15.18963438355,11.764116406031,9.));
#683 = CARTESIAN_POINT('',(-17.77361284412,1.19641628586,9.));
#684 = CARTESIAN_POINT('',(-14.10947255222,-7.740503931808,9.));
#685 = CARTESIAN_POINT('',(-7.141327546442,-12.36284471087,9.));
#686 = CARTESIAN_POINT('',(-1.385952383904E-03,-12.50000000127,9.));
#687 = ADVANCED_FACE('',(#688),#711,.T.);
#688 = FACE_BOUND('',#689,.T.);
#689 = EDGE_LOOP('',(#690,#691,#692,#706));
#690 = ORIENTED_EDGE('',*,*,#237,.F.);
#691 = ORIENTED_EDGE('',*,*,#606,.T.);
#692 = ORIENTED_EDGE('',*,*,#693,.T.);
#693 = EDGE_CURVE('',#590,#694,#696,.T.);
#694 = VERTEX_POINT('',#695);
#695 = CARTESIAN_POINT('',(1.616970612951E-03,12.500000001731,11.));
#696 = B_SPLINE_CURVE_WITH_KNOTS('',8,(#697,#698,#699,#700,#701,#702,
    #703,#704,#705),.UNSPECIFIED.,.F.,.F.,(9,9),(0.,3.144839036319),
  .PIECEWISE_BEZIER_KNOTS.);
#697 = CARTESIAN_POINT('',(-1.387330070426E-03,-11.75000000127,11.));
#698 = CARTESIAN_POINT('',(4.612798178588,-11.84429480457,11.));
#699 = CARTESIAN_POINT('',(9.311518452365,-9.867288733533,11.));
#700 = CARTESIAN_POINT('',(13.009267183104,-5.756494480171,11.));
#701 = CARTESIAN_POINT('',(14.571860260862,-0.112553450098,11.));
#702 = CARTESIAN_POINT('',(13.320978043446,5.676520283659,11.));
#703 = CARTESIAN_POINT('',(9.734574062502,10.107724968217,11.));
#704 = CARTESIAN_POINT('',(4.910326844669,12.405615018877,11.));
#705 = CARTESIAN_POINT('',(1.616970612951E-03,12.500000001731,11.));
#706 = ORIENTED_EDGE('',*,*,#707,.F.);
#707 = EDGE_CURVE('',#238,#694,#708,.T.);
#708 = B_SPLINE_CURVE_WITH_KNOTS('',1,(#709,#710),.UNSPECIFIED.,.F.,.F.,
  (2,2),(-2.,-0.),.PIECEWISE_BEZIER_KNOTS.);
#709 = CARTESIAN_POINT('',(1.616970612955E-03,12.500000001731,9.));
#710 = CARTESIAN_POINT('',(1.616970612951E-03,12.500000001731,11.));
#711 = B_SPLINE_SURFACE_WITH_KNOTS('',1,8,(
    (#712,#713,#714,#715,#716,#717,#718,#719,#720)
    ,(#721,#722,#723,#724,#725,#726,#727,#728,#729
  )),.UNSPECIFIED.,.F.,.F.,.F.,(2,2),(9,9),(-2.,-0.),(0.,3.144839036319)
  ,.PIECEWISE_BEZIER_KNOTS.);
#712 = CARTESIAN_POINT('',(-1.387330070426E-03,-11.75000000127,9.));
#713 = CARTESIAN_POINT('',(4.612798178588,-11.84429480457,9.));
#714 = CARTESIAN_POINT('',(9.311518452365,-9.867288733533,9.));
#715 = CARTESIAN_POINT('',(13.009267183104,-5.756494480171,9.));
#716 = CARTESIAN_POINT('',(14.571860260862,-0.112553450098,9.));
#717 = CARTESIAN_POINT('',(13.320978043445,5.676520283659,9.));
#718 = CARTESIAN_POINT('',(9.734574062503,10.107724968217,9.));
#719 = CARTESIAN_POINT('',(4.910326844669,12.405615018877,9.));
#720 = CARTESIAN_POINT('',(1.616970612955E-03,12.500000001731,9.));
#721 = CARTESIAN_POINT('',(-1.387330070426E-03,-11.75000000127,11.));
#722 = CARTESIAN_POINT('',(4.612798178588,-11.84429480457,11.));
#723 = CARTESIAN_POINT('',(9.311518452365,-9.867288733533,11.));
#724 = CARTESIAN_POINT('',(13.009267183104,-5.756494480171,11.));
#725 = CARTESIAN_POINT('',(14.571860260862,-0.112553450098,11.));
#726 = CARTESIAN_POINT('',(13.320978043446,5.676520283659,11.));
#727 = CARTESIAN_POINT('',(9.734574062502,10.107724968217,11.));
#728 = CARTESIAN_POINT('',(4.910326844669,12.405615018877,11.));
#729 = CARTESIAN_POINT('',(1.616970612951E-03,12.500000001731,11.));
#730 = ADVANCED_FACE('',(#731),#754,.T.);
#731 = FACE_BOUND('',#732,.T.);
#732 = EDGE_LOOP('',(#733,#747,#748,#749));
#733 = ORIENTED_EDGE('',*,*,#734,.F.);
#734 = EDGE_CURVE('',#640,#735,#737,.T.);
#735 = VERTEX_POINT('',#736);
#736 = CARTESIAN_POINT('',(1.615364882457E-03,13.250000001729,11.));
#737 = B_SPLINE_CURVE_WITH_KNOTS('',8,(#738,#739,#740,#741,#742,#743,
    #744,#745,#746),.UNSPECIFIED.,.F.,.F.,(9,9),(0.,3.144839036319),
  .PIECEWISE_BEZIER_KNOTS.);
#738 = CARTESIAN_POINT('',(-1.385952384157E-03,-12.50000000127,11.));
#739 = CARTESIAN_POINT('',(4.90732389605,-12.59429426355,11.));
#740 = CARTESIAN_POINT('',(9.900571760071,-10.48507553747,11.));
#741 = CARTESIAN_POINT('',(13.823606090765,-6.110094240716,11.));
#742 = CARTESIAN_POINT('',(15.473214591577,-0.112551657271,11.));
#743 = CARTESIAN_POINT('',(14.135315544443,6.030123283677,11.));
#744 = CARTESIAN_POINT('',(10.323624912617,10.725514115393,11.));
#745 = CARTESIAN_POINT('',(5.20484957866,13.155615649444,11.));
#746 = CARTESIAN_POINT('',(1.615364882457E-03,13.250000001729,11.));
#747 = ORIENTED_EDGE('',*,*,#658,.T.);
#748 = ORIENTED_EDGE('',*,*,#258,.T.);
#749 = ORIENTED_EDGE('',*,*,#750,.F.);
#750 = EDGE_CURVE('',#735,#252,#751,.T.);
#751 = B_SPLINE_CURVE_WITH_KNOTS('',1,(#752,#753),.UNSPECIFIED.,.F.,.F.,
  (2,2),(-2.,-0.),.PIECEWISE_BEZIER_KNOTS.);
#752 = CARTESIAN_POINT('',(1.615364882457E-03,13.250000001729,11.));
#753 = CARTESIAN_POINT('',(1.615364882457E-03,13.250000001729,9.));
#754 = B_SPLINE_SURFACE_WITH_KNOTS('',1,8,(
    (#755,#756,#757,#758,#759,#760,#761,#762,#763)
    ,(#764,#765,#766,#767,#768,#769,#770,#771,#772
  )),.UNSPECIFIED.,.F.,.F.,.F.,(2,2),(9,9),(-2.,-0.),(0.,3.144839036319)
  ,.PIECEWISE_BEZIER_KNOTS.);
#755 = CARTESIAN_POINT('',(-1.385952384157E-03,-12.50000000127,11.));
#756 = CARTESIAN_POINT('',(4.90732389605,-12.59429426355,11.));
#757 = CARTESIAN_POINT('',(9.900571760071,-10.48507553747,11.));
#758 = CARTESIAN_POINT('',(13.823606090765,-6.110094240716,11.));
#759 = CARTESIAN_POINT('',(15.473214591577,-0.112551657271,11.));
#760 = CARTESIAN_POINT('',(14.135315544443,6.030123283677,11.));
#761 = CARTESIAN_POINT('',(10.323624912617,10.725514115393,11.));
#762 = CARTESIAN_POINT('',(5.20484957866,13.155615649444,11.));
#763 = CARTESIAN_POINT('',(1.615364882457E-03,13.250000001729,11.));
#764 = CARTESIAN_POINT('',(-1.385952384159E-03,-12.50000000127,9.));
#765 = CARTESIAN_POINT('',(4.90732389605,-12.59429426355,9.));
#766 = CARTESIAN_POINT('',(9.900571760071,-10.48507553747,9.));
#767 = CARTESIAN_POINT('',(13.823606090765,-6.110094240716,9.));
#768 = CARTESIAN_POINT('',(15.473214591577,-0.112551657271,9.));
#769 = CARTESIAN_POINT('',(14.135315544443,6.030123283677,9.));
#770 = CARTESIAN_POINT('',(10.323624912617,10.725514115393,9.));
#771 = CARTESIAN_POINT('',(5.20484957866,13.155615649444,9.));
#772 = CARTESIAN_POINT('',(1.615364882457E-03,13.250000001729,9.));
#773 = ADVANCED_FACE('',(#774),#784,.T.);
#774 = FACE_BOUND('',#775,.F.);
#775 = EDGE_LOOP('',(#776,#781,#782,#783));
#776 = ORIENTED_EDGE('',*,*,#777,.F.);
#777 = EDGE_CURVE('',#694,#735,#778,.T.);
#778 = B_SPLINE_CURVE_WITH_KNOTS('',1,(#779,#780),.UNSPECIFIED.,.F.,.F.,
  (2,2),(-0.75,-0.),.PIECEWISE_BEZIER_KNOTS.);
#779 = CARTESIAN_POINT('',(1.616970612951E-03,12.500000001731,11.));
#780 = CARTESIAN_POINT('',(1.615364882457E-03,13.250000001729,11.));
#781 = ORIENTED_EDGE('',*,*,#707,.F.);
#782 = ORIENTED_EDGE('',*,*,#251,.F.);
#783 = ORIENTED_EDGE('',*,*,#750,.F.);
#784 = PLANE('',#785);
#785 = AXIS2_PLACEMENT_3D('',#786,#787,#788);
#786 = CARTESIAN_POINT('',(1.616167747618E-03,12.87500000173,
    9.999999999998));
#787 = DIRECTION('',(-0.999999999998,-2.140973992763E-06,0.));
#788 = DIRECTION('',(0.,0.,1.));
#789 = ADVANCED_FACE('',(#790),#815,.T.);
#790 = FACE_BOUND('',#791,.T.);
#791 = EDGE_LOOP('',(#792,#800,#808,#814));
#792 = ORIENTED_EDGE('',*,*,#793,.T.);
#793 = EDGE_CURVE('',#410,#794,#796,.T.);
#794 = VERTEX_POINT('',#795);
#795 = CARTESIAN_POINT('',(-4.,4.,11.));
#796 = LINE('',#797,#798);
#797 = CARTESIAN_POINT('',(-4.,4.,9.));
#798 = VECTOR('',#799,1.);
#799 = DIRECTION('',(0.,0.,1.));
#800 = ORIENTED_EDGE('',*,*,#801,.T.);
#801 = EDGE_CURVE('',#794,#802,#804,.T.);
#802 = VERTEX_POINT('',#803);
#803 = CARTESIAN_POINT('',(-4.,-4.,11.));
#804 = LINE('',#805,#806);
#805 = CARTESIAN_POINT('',(-4.,4.,11.));
#806 = VECTOR('',#807,1.);
#807 = DIRECTION('',(-2.22044604925E-16,-1.,0.));
#808 = ORIENTED_EDGE('',*,*,#809,.F.);
#809 = EDGE_CURVE('',#412,#802,#810,.T.);
#810 = LINE('',#811,#812);
#811 = CARTESIAN_POINT('',(-4.,-4.,9.));
#812 = VECTOR('',#813,1.);
#813 = DIRECTION('',(0.,0.,1.));
#814 = ORIENTED_EDGE('',*,*,#409,.F.);
#815 = PLANE('',#816);
#816 = AXIS2_PLACEMENT_3D('',#817,#818,#819);
#817 = CARTESIAN_POINT('',(-4.,4.,9.));
#818 = DIRECTION('',(1.,-2.22044604925E-16,0.));
#819 = DIRECTION('',(-2.22044604925E-16,-1.,0.));
#820 = ADVANCED_FACE('',(#821),#839,.T.);
#821 = FACE_BOUND('',#822,.T.);
#822 = EDGE_LOOP('',(#823,#831,#837,#838));
#823 = ORIENTED_EDGE('',*,*,#824,.T.);
#824 = EDGE_CURVE('',#428,#825,#827,.T.);
#825 = VERTEX_POINT('',#826);
#826 = CARTESIAN_POINT('',(4.,4.,11.));
#827 = LINE('',#828,#829);
#828 = CARTESIAN_POINT('',(4.,4.,9.));
#829 = VECTOR('',#830,1.);
#830 = DIRECTION('',(0.,0.,1.));
#831 = ORIENTED_EDGE('',*,*,#832,.T.);
#832 = EDGE_CURVE('',#825,#794,#833,.T.);
#833 = LINE('',#834,#835);
#834 = CARTESIAN_POINT('',(4.,4.,11.));
#835 = VECTOR('',#836,1.);
#836 = DIRECTION('',(-1.,2.22044604925E-16,0.));
#837 = ORIENTED_EDGE('',*,*,#793,.F.);
#838 = ORIENTED_EDGE('',*,*,#435,.F.);
#839 = PLANE('',#840);
#840 = AXIS2_PLACEMENT_3D('',#841,#842,#843);
#841 = CARTESIAN_POINT('',(4.,4.,9.));
#842 = DIRECTION('',(-2.22044604925E-16,-1.,0.));
#843 = DIRECTION('',(-1.,2.22044604925E-16,0.));
#844 = ADVANCED_FACE('',(#845),#863,.T.);
#845 = FACE_BOUND('',#846,.T.);
#846 = EDGE_LOOP('',(#847,#848,#856,#862));
#847 = ORIENTED_EDGE('',*,*,#809,.T.);
#848 = ORIENTED_EDGE('',*,*,#849,.T.);
#849 = EDGE_CURVE('',#802,#850,#852,.T.);
#850 = VERTEX_POINT('',#851);
#851 = CARTESIAN_POINT('',(4.,-4.,11.));
#852 = LINE('',#853,#854);
#853 = CARTESIAN_POINT('',(-4.,-4.,11.));
#854 = VECTOR('',#855,1.);
#855 = DIRECTION('',(1.,-2.22044604925E-16,0.));
#856 = ORIENTED_EDGE('',*,*,#857,.F.);
#857 = EDGE_CURVE('',#420,#850,#858,.T.);
#858 = LINE('',#859,#860);
#859 = CARTESIAN_POINT('',(4.,-4.,9.));
#860 = VECTOR('',#861,1.);
#861 = DIRECTION('',(0.,0.,1.));
#862 = ORIENTED_EDGE('',*,*,#419,.F.);
#863 = PLANE('',#864);
#864 = AXIS2_PLACEMENT_3D('',#865,#866,#867);
#865 = CARTESIAN_POINT('',(-4.,-4.,9.));
#866 = DIRECTION('',(2.22044604925E-16,1.,0.));
#867 = DIRECTION('',(1.,-2.22044604925E-16,0.));
#868 = ADVANCED_FACE('',(#869),#880,.T.);
#869 = FACE_BOUND('',#870,.T.);
#870 = EDGE_LOOP('',(#871,#872,#878,#879));
#871 = ORIENTED_EDGE('',*,*,#857,.T.);
#872 = ORIENTED_EDGE('',*,*,#873,.T.);
#873 = EDGE_CURVE('',#850,#825,#874,.T.);
#874 = LINE('',#875,#876);
#875 = CARTESIAN_POINT('',(4.,-4.,11.));
#876 = VECTOR('',#877,1.);
#877 = DIRECTION('',(2.22044604925E-16,1.,0.));
#878 = ORIENTED_EDGE('',*,*,#824,.F.);
#879 = ORIENTED_EDGE('',*,*,#427,.F.);
#880 = PLANE('',#881);
#881 = AXIS2_PLACEMENT_3D('',#882,#883,#884);
#882 = CARTESIAN_POINT('',(4.,-4.,9.));
#883 = DIRECTION('',(-1.,2.22044604925E-16,0.));
#884 = DIRECTION('',(2.22044604925E-16,1.,0.));
#885 = ADVANCED_FACE('',(#886),#911,.T.);
#886 = FACE_BOUND('',#887,.T.);
#887 = EDGE_LOOP('',(#888,#898,#904,#905));
#888 = ORIENTED_EDGE('',*,*,#889,.T.);
#889 = EDGE_CURVE('',#890,#892,#894,.T.);
#890 = VERTEX_POINT('',#891);
#891 = CARTESIAN_POINT('',(-7.,-1.,8.));
#892 = VERTEX_POINT('',#893);
#893 = CARTESIAN_POINT('',(-5.,-1.,8.));
#894 = LINE('',#895,#896);
#895 = CARTESIAN_POINT('',(-2.47484302877,-1.,8.));
#896 = VECTOR('',#897,1.);
#897 = DIRECTION('',(1.,-2.22044604925E-16,0.));
#898 = ORIENTED_EDGE('',*,*,#899,.T.);
#899 = EDGE_CURVE('',#892,#308,#900,.T.);
#900 = LINE('',#901,#902);
#901 = CARTESIAN_POINT('',(-5.,-1.,0.));
#902 = VECTOR('',#903,1.);
#903 = DIRECTION('',(0.,0.,1.));
#904 = ORIENTED_EDGE('',*,*,#307,.T.);
#905 = ORIENTED_EDGE('',*,*,#906,.F.);
#906 = EDGE_CURVE('',#890,#310,#907,.T.);
#907 = LINE('',#908,#909);
#908 = CARTESIAN_POINT('',(-7.,-1.,0.));
#909 = VECTOR('',#910,1.);
#910 = DIRECTION('',(0.,0.,1.));
#911 = PLANE('',#912);
#912 = AXIS2_PLACEMENT_3D('',#913,#914,#915);
#913 = CARTESIAN_POINT('',(-5.,-1.,0.));
#914 = DIRECTION('',(-2.22044604925E-16,-1.,0.));
#915 = DIRECTION('',(-1.,2.22044604925E-16,0.));
#916 = ADVANCED_FACE('',(#917),#935,.T.);
#917 = FACE_BOUND('',#918,.T.);
#918 = EDGE_LOOP('',(#919,#927,#928,#929));
#919 = ORIENTED_EDGE('',*,*,#920,.T.);
#920 = EDGE_CURVE('',#921,#890,#923,.T.);
#921 = VERTEX_POINT('',#922);
#922 = CARTESIAN_POINT('',(-7.,1.,8.));
#923 = LINE('',#924,#925);
#924 = CARTESIAN_POINT('',(-7.,-0.747037931959,8.));
#925 = VECTOR('',#926,1.);
#926 = DIRECTION('',(-2.22044604925E-16,-1.,0.));
#927 = ORIENTED_EDGE('',*,*,#906,.T.);
#928 = ORIENTED_EDGE('',*,*,#333,.T.);
#929 = ORIENTED_EDGE('',*,*,#930,.F.);
#930 = EDGE_CURVE('',#921,#326,#931,.T.);
#931 = LINE('',#932,#933);
#932 = CARTESIAN_POINT('',(-7.,1.,0.));
#933 = VECTOR('',#934,1.);
#934 = DIRECTION('',(0.,0.,1.));
#935 = PLANE('',#936);
#936 = AXIS2_PLACEMENT_3D('',#937,#938,#939);
#937 = CARTESIAN_POINT('',(-7.,-1.,0.));
#938 = DIRECTION('',(-1.,2.22044604925E-16,0.));
#939 = DIRECTION('',(2.22044604925E-16,1.,0.));
#940 = ADVANCED_FACE('',(#941),#959,.T.);
#941 = FACE_BOUND('',#942,.T.);
#942 = EDGE_LOOP('',(#943,#951,#952,#953));
#943 = ORIENTED_EDGE('',*,*,#944,.T.);
#944 = EDGE_CURVE('',#945,#921,#947,.T.);
#945 = VERTEX_POINT('',#946);
#946 = CARTESIAN_POINT('',(-5.,1.,8.));
#947 = LINE('',#948,#949);
#948 = CARTESIAN_POINT('',(-3.47484302877,1.,8.));
#949 = VECTOR('',#950,1.);
#950 = DIRECTION('',(-1.,2.22044604925E-16,0.));
#951 = ORIENTED_EDGE('',*,*,#930,.T.);
#952 = ORIENTED_EDGE('',*,*,#325,.T.);
#953 = ORIENTED_EDGE('',*,*,#954,.F.);
#954 = EDGE_CURVE('',#945,#318,#955,.T.);
#955 = LINE('',#956,#957);
#956 = CARTESIAN_POINT('',(-5.,1.,0.));
#957 = VECTOR('',#958,1.);
#958 = DIRECTION('',(0.,0.,1.));
#959 = PLANE('',#960);
#960 = AXIS2_PLACEMENT_3D('',#961,#962,#963);
#961 = CARTESIAN_POINT('',(-7.,1.,0.));
#962 = DIRECTION('',(2.22044604925E-16,1.,0.));
#963 = DIRECTION('',(1.,-2.22044604925E-16,0.));
#964 = ADVANCED_FACE('',(#965),#976,.T.);
#965 = FACE_BOUND('',#966,.T.);
#966 = EDGE_LOOP('',(#967,#973,#974,#975));
#967 = ORIENTED_EDGE('',*,*,#968,.T.);
#968 = EDGE_CURVE('',#892,#945,#969,.T.);
#969 = LINE('',#970,#971);
#970 = CARTESIAN_POINT('',(-5.,0.252962068041,8.));
#971 = VECTOR('',#972,1.);
#972 = DIRECTION('',(2.22044604925E-16,1.,0.));
#973 = ORIENTED_EDGE('',*,*,#954,.T.);
#974 = ORIENTED_EDGE('',*,*,#317,.T.);
#975 = ORIENTED_EDGE('',*,*,#899,.F.);
#976 = PLANE('',#977);
#977 = AXIS2_PLACEMENT_3D('',#978,#979,#980);
#978 = CARTESIAN_POINT('',(-5.,1.,0.));
#979 = DIRECTION('',(1.,-2.22044604925E-16,0.));
#980 = DIRECTION('',(-2.22044604925E-16,-1.,0.));
#981 = ADVANCED_FACE('',(#982),#1007,.T.);
#982 = FACE_BOUND('',#983,.T.);
#983 = EDGE_LOOP('',(#984,#994,#1000,#1001));
#984 = ORIENTED_EDGE('',*,*,#985,.T.);
#985 = EDGE_CURVE('',#986,#988,#990,.T.);
#986 = VERTEX_POINT('',#987);
#987 = CARTESIAN_POINT('',(-1.,7.,8.));
#988 = VERTEX_POINT('',#989);
#989 = CARTESIAN_POINT('',(-1.,5.,8.));
#990 = LINE('',#991,#992);
#991 = CARTESIAN_POINT('',(-1.,2.252962068041,8.));
#992 = VECTOR('',#993,1.);
#993 = DIRECTION('',(-1.224646799147E-16,-1.,0.));
#994 = ORIENTED_EDGE('',*,*,#995,.T.);
#995 = EDGE_CURVE('',#988,#342,#996,.T.);
#996 = LINE('',#997,#998);
#997 = CARTESIAN_POINT('',(-1.,5.,0.));
#998 = VECTOR('',#999,1.);
#999 = DIRECTION('',(0.,0.,1.));
#1000 = ORIENTED_EDGE('',*,*,#341,.T.);
#1001 = ORIENTED_EDGE('',*,*,#1002,.F.);
#1002 = EDGE_CURVE('',#986,#344,#1003,.T.);
#1003 = LINE('',#1004,#1005);
#1004 = CARTESIAN_POINT('',(-1.,7.,0.));
#1005 = VECTOR('',#1006,1.);
#1006 = DIRECTION('',(0.,0.,1.));
#1007 = PLANE('',#1008);
#1008 = AXIS2_PLACEMENT_3D('',#1009,#1010,#1011);
#1009 = CARTESIAN_POINT('',(-1.,5.,0.));
#1010 = DIRECTION('',(-1.,1.224646799147E-16,0.));
#1011 = DIRECTION('',(1.224646799147E-16,1.,0.));
#1012 = ADVANCED_FACE('',(#1013),#1031,.T.);
#1013 = FACE_BOUND('',#1014,.T.);
#1014 = EDGE_LOOP('',(#1015,#1023,#1024,#1025));
#1015 = ORIENTED_EDGE('',*,*,#1016,.T.);
#1016 = EDGE_CURVE('',#1017,#986,#1019,.T.);
#1017 = VERTEX_POINT('',#1018);
#1018 = CARTESIAN_POINT('',(1.,7.,8.));
#1019 = LINE('',#1020,#1021);
#1020 = CARTESIAN_POINT('',(-0.47484302877,7.,8.));
#1021 = VECTOR('',#1022,1.);
#1022 = DIRECTION('',(-1.,1.224646799147E-16,0.));
#1023 = ORIENTED_EDGE('',*,*,#1002,.T.);
#1024 = ORIENTED_EDGE('',*,*,#367,.T.);
#1025 = ORIENTED_EDGE('',*,*,#1026,.F.);
#1026 = EDGE_CURVE('',#1017,#360,#1027,.T.);
#1027 = LINE('',#1028,#1029);
#1028 = CARTESIAN_POINT('',(1.,7.,0.));
#1029 = VECTOR('',#1030,1.);
#1030 = DIRECTION('',(0.,0.,1.));
#1031 = PLANE('',#1032);
#1032 = AXIS2_PLACEMENT_3D('',#1033,#1034,#1035);
#1033 = CARTESIAN_POINT('',(-1.,7.,0.));
#1034 = DIRECTION('',(1.224646799147E-16,1.,0.));
#1035 = DIRECTION('',(1.,-1.224646799147E-16,0.));
#1036 = ADVANCED_FACE('',(#1037),#1055,.T.);
#1037 = FACE_BOUND('',#1038,.T.);
#1038 = EDGE_LOOP('',(#1039,#1047,#1048,#1049));
#1039 = ORIENTED_EDGE('',*,*,#1040,.T.);
#1040 = EDGE_CURVE('',#1041,#1017,#1043,.T.);
#1041 = VERTEX_POINT('',#1042);
#1042 = CARTESIAN_POINT('',(1.,5.,8.));
#1043 = LINE('',#1044,#1045);
#1044 = CARTESIAN_POINT('',(1.,3.252962068041,8.));
#1045 = VECTOR('',#1046,1.);
#1046 = DIRECTION('',(1.224646799147E-16,1.,0.));
#1047 = ORIENTED_EDGE('',*,*,#1026,.T.);
#1048 = ORIENTED_EDGE('',*,*,#359,.T.);
#1049 = ORIENTED_EDGE('',*,*,#1050,.F.);
#1050 = EDGE_CURVE('',#1041,#352,#1051,.T.);
#1051 = LINE('',#1052,#1053);
#1052 = CARTESIAN_POINT('',(1.,5.,0.));
#1053 = VECTOR('',#1054,1.);
#1054 = DIRECTION('',(0.,0.,1.));
#1055 = PLANE('',#1056);
#1056 = AXIS2_PLACEMENT_3D('',#1057,#1058,#1059);
#1057 = CARTESIAN_POINT('',(1.,7.,0.));
#1058 = DIRECTION('',(1.,-1.224646799147E-16,0.));
#1059 = DIRECTION('',(-1.224646799147E-16,-1.,0.));
#1060 = ADVANCED_FACE('',(#1061),#1072,.T.);
#1061 = FACE_BOUND('',#1062,.T.);
#1062 = EDGE_LOOP('',(#1063,#1069,#1070,#1071));
#1063 = ORIENTED_EDGE('',*,*,#1064,.T.);
#1064 = EDGE_CURVE('',#988,#1041,#1065,.T.);
#1065 = LINE('',#1066,#1067);
#1066 = CARTESIAN_POINT('',(0.52515697123,5.,8.));
#1067 = VECTOR('',#1068,1.);
#1068 = DIRECTION('',(1.,-1.224646799147E-16,0.));
#1069 = ORIENTED_EDGE('',*,*,#1050,.T.);
#1070 = ORIENTED_EDGE('',*,*,#351,.T.);
#1071 = ORIENTED_EDGE('',*,*,#995,.F.);
#1072 = PLANE('',#1073);
#1073 = AXIS2_PLACEMENT_3D('',#1074,#1075,#1076);
#1074 = CARTESIAN_POINT('',(1.,5.,0.));
#1075 = DIRECTION('',(-1.224646799147E-16,-1.,0.));
#1076 = DIRECTION('',(-1.,1.224646799147E-16,0.));
#1077 = ADVANCED_FACE('',(#1078),#1103,.T.);
#1078 = FACE_BOUND('',#1079,.T.);
#1079 = EDGE_LOOP('',(#1080,#1090,#1096,#1097));
#1080 = ORIENTED_EDGE('',*,*,#1081,.T.);
#1081 = EDGE_CURVE('',#1082,#1084,#1086,.T.);
#1082 = VERTEX_POINT('',#1083);
#1083 = CARTESIAN_POINT('',(1.,-7.,8.));
#1084 = VERTEX_POINT('',#1085);
#1085 = CARTESIAN_POINT('',(1.,-5.,8.));
#1086 = LINE('',#1087,#1088);
#1087 = CARTESIAN_POINT('',(1.,-2.747037931959,8.));
#1088 = VECTOR('',#1089,1.);
#1089 = DIRECTION('',(0.,1.,0.));
#1090 = ORIENTED_EDGE('',*,*,#1091,.T.);
#1091 = EDGE_CURVE('',#1084,#376,#1092,.T.);
#1092 = LINE('',#1093,#1094);
#1093 = CARTESIAN_POINT('',(1.,-5.,0.));
#1094 = VECTOR('',#1095,1.);
#1095 = DIRECTION('',(0.,0.,1.));
#1096 = ORIENTED_EDGE('',*,*,#375,.T.);
#1097 = ORIENTED_EDGE('',*,*,#1098,.F.);
#1098 = EDGE_CURVE('',#1082,#378,#1099,.T.);
#1099 = LINE('',#1100,#1101);
#1100 = CARTESIAN_POINT('',(1.,-7.,0.));
#1101 = VECTOR('',#1102,1.);
#1102 = DIRECTION('',(0.,0.,1.));
#1103 = PLANE('',#1104);
#1104 = AXIS2_PLACEMENT_3D('',#1105,#1106,#1107);
#1105 = CARTESIAN_POINT('',(1.,-5.,0.));
#1106 = DIRECTION('',(1.,0.,0.));
#1107 = DIRECTION('',(0.,-1.,0.));
#1108 = ADVANCED_FACE('',(#1109),#1127,.T.);
#1109 = FACE_BOUND('',#1110,.T.);
#1110 = EDGE_LOOP('',(#1111,#1119,#1125,#1126));
#1111 = ORIENTED_EDGE('',*,*,#1112,.T.);
#1112 = EDGE_CURVE('',#1084,#1113,#1115,.T.);
#1113 = VERTEX_POINT('',#1114);
#1114 = CARTESIAN_POINT('',(-1.,-5.,8.));
#1115 = LINE('',#1116,#1117);
#1116 = CARTESIAN_POINT('',(-0.47484302877,-5.,8.));
#1117 = VECTOR('',#1118,1.);
#1118 = DIRECTION('',(-1.,0.,0.));
#1119 = ORIENTED_EDGE('',*,*,#1120,.T.);
#1120 = EDGE_CURVE('',#1113,#386,#1121,.T.);
#1121 = LINE('',#1122,#1123);
#1122 = CARTESIAN_POINT('',(-1.,-5.,0.));
#1123 = VECTOR('',#1124,1.);
#1124 = DIRECTION('',(0.,0.,1.));
#1125 = ORIENTED_EDGE('',*,*,#385,.T.);
#1126 = ORIENTED_EDGE('',*,*,#1091,.F.);
#1127 = PLANE('',#1128);
#1128 = AXIS2_PLACEMENT_3D('',#1129,#1130,#1131);
#1129 = CARTESIAN_POINT('',(-1.,-5.,0.));
#1130 = DIRECTION('',(0.,1.,0.));
#1131 = DIRECTION('',(1.,0.,0.));
#1132 = ADVANCED_FACE('',(#1133),#1151,.T.);
#1133 = FACE_BOUND('',#1134,.T.);
#1134 = EDGE_LOOP('',(#1135,#1143,#1144,#1145));
#1135 = ORIENTED_EDGE('',*,*,#1136,.T.);
#1136 = EDGE_CURVE('',#1137,#1082,#1139,.T.);
#1137 = VERTEX_POINT('',#1138);
#1138 = CARTESIAN_POINT('',(-1.,-7.,8.));
#1139 = LINE('',#1140,#1141);
#1140 = CARTESIAN_POINT('',(0.52515697123,-7.,8.));
#1141 = VECTOR('',#1142,1.);
#1142 = DIRECTION('',(1.,0.,0.));
#1143 = ORIENTED_EDGE('',*,*,#1098,.T.);
#1144 = ORIENTED_EDGE('',*,*,#401,.T.);
#1145 = ORIENTED_EDGE('',*,*,#1146,.F.);
#1146 = EDGE_CURVE('',#1137,#394,#1147,.T.);
#1147 = LINE('',#1148,#1149);
#1148 = CARTESIAN_POINT('',(-1.,-7.,0.));
#1149 = VECTOR('',#1150,1.);
#1150 = DIRECTION('',(0.,0.,1.));
#1151 = PLANE('',#1152);
#1152 = AXIS2_PLACEMENT_3D('',#1153,#1154,#1155);
#1153 = CARTESIAN_POINT('',(1.,-7.,0.));
#1154 = DIRECTION('',(0.,-1.,0.));
#1155 = DIRECTION('',(-1.,0.,0.));
#1156 = ADVANCED_FACE('',(#1157),#1168,.T.);
#1157 = FACE_BOUND('',#1158,.T.);
#1158 = EDGE_LOOP('',(#1159,#1165,#1166,#1167));
#1159 = ORIENTED_EDGE('',*,*,#1160,.T.);
#1160 = EDGE_CURVE('',#1113,#1137,#1161,.T.);
#1161 = LINE('',#1162,#1163);
#1162 = CARTESIAN_POINT('',(-1.,-3.747037931959,8.));
#1163 = VECTOR('',#1164,1.);
#1164 = DIRECTION('',(0.,-1.,0.));
#1165 = ORIENTED_EDGE('',*,*,#1146,.T.);
#1166 = ORIENTED_EDGE('',*,*,#393,.T.);
#1167 = ORIENTED_EDGE('',*,*,#1120,.F.);
#1168 = PLANE('',#1169);
#1169 = AXIS2_PLACEMENT_3D('',#1170,#1171,#1172);
#1170 = CARTESIAN_POINT('',(-1.,-7.,0.));
#1171 = DIRECTION('',(-1.,0.,0.));
#1172 = DIRECTION('',(0.,1.,0.));
#1173 = ADVANCED_FACE('',(#1174),#1199,.T.);
#1174 = FACE_BOUND('',#1175,.T.);
#1175 = EDGE_LOOP('',(#1176,#1186,#1192,#1193));
#1176 = ORIENTED_EDGE('',*,*,#1177,.T.);
#1177 = EDGE_CURVE('',#1178,#1180,#1182,.T.);
#1178 = VERTEX_POINT('',#1179);
#1179 = CARTESIAN_POINT('',(7.,1.,8.));
#1180 = VERTEX_POINT('',#1181);
#1181 = CARTESIAN_POINT('',(5.,1.,8.));
#1182 = LINE('',#1183,#1184);
#1183 = CARTESIAN_POINT('',(2.52515697123,1.,8.));
#1184 = VECTOR('',#1185,1.);
#1185 = DIRECTION('',(-1.,1.110223024625E-16,0.));
#1186 = ORIENTED_EDGE('',*,*,#1187,.T.);
#1187 = EDGE_CURVE('',#1180,#444,#1188,.T.);
#1188 = LINE('',#1189,#1190);
#1189 = CARTESIAN_POINT('',(5.,1.,0.));
#1190 = VECTOR('',#1191,1.);
#1191 = DIRECTION('',(0.,0.,1.));
#1192 = ORIENTED_EDGE('',*,*,#443,.T.);
#1193 = ORIENTED_EDGE('',*,*,#1194,.F.);
#1194 = EDGE_CURVE('',#1178,#446,#1195,.T.);
#1195 = LINE('',#1196,#1197);
#1196 = CARTESIAN_POINT('',(7.,1.,0.));
#1197 = VECTOR('',#1198,1.);
#1198 = DIRECTION('',(0.,0.,1.));
#1199 = PLANE('',#1200);
#1200 = AXIS2_PLACEMENT_3D('',#1201,#1202,#1203);
#1201 = CARTESIAN_POINT('',(5.,1.,0.));
#1202 = DIRECTION('',(1.110223024625E-16,1.,0.));
#1203 = DIRECTION('',(1.,-1.110223024625E-16,0.));
#1204 = ADVANCED_FACE('',(#1205),#1223,.T.);
#1205 = FACE_BOUND('',#1206,.T.);
#1206 = EDGE_LOOP('',(#1207,#1215,#1216,#1217));
#1207 = ORIENTED_EDGE('',*,*,#1208,.T.);
#1208 = EDGE_CURVE('',#1209,#1178,#1211,.T.);
#1209 = VERTEX_POINT('',#1210);
#1210 = CARTESIAN_POINT('',(7.,-1.,8.));
#1211 = LINE('',#1212,#1213);
#1212 = CARTESIAN_POINT('',(7.,0.252962068041,8.));
#1213 = VECTOR('',#1214,1.);
#1214 = DIRECTION('',(1.110223024625E-16,1.,0.));
#1215 = ORIENTED_EDGE('',*,*,#1194,.T.);
#1216 = ORIENTED_EDGE('',*,*,#469,.T.);
#1217 = ORIENTED_EDGE('',*,*,#1218,.F.);
#1218 = EDGE_CURVE('',#1209,#462,#1219,.T.);
#1219 = LINE('',#1220,#1221);
#1220 = CARTESIAN_POINT('',(7.,-1.,0.));
#1221 = VECTOR('',#1222,1.);
#1222 = DIRECTION('',(0.,0.,1.));
#1223 = PLANE('',#1224);
#1224 = AXIS2_PLACEMENT_3D('',#1225,#1226,#1227);
#1225 = CARTESIAN_POINT('',(7.,1.,0.));
#1226 = DIRECTION('',(1.,-1.110223024625E-16,0.));
#1227 = DIRECTION('',(-1.110223024625E-16,-1.,0.));
#1228 = ADVANCED_FACE('',(#1229),#1247,.T.);
#1229 = FACE_BOUND('',#1230,.T.);
#1230 = EDGE_LOOP('',(#1231,#1239,#1240,#1241));
#1231 = ORIENTED_EDGE('',*,*,#1232,.T.);
#1232 = EDGE_CURVE('',#1233,#1209,#1235,.T.);
#1233 = VERTEX_POINT('',#1234);
#1234 = CARTESIAN_POINT('',(5.,-1.,8.));
#1235 = LINE('',#1236,#1237);
#1236 = CARTESIAN_POINT('',(3.52515697123,-1.,8.));
#1237 = VECTOR('',#1238,1.);
#1238 = DIRECTION('',(1.,-1.110223024625E-16,0.));
#1239 = ORIENTED_EDGE('',*,*,#1218,.T.);
#1240 = ORIENTED_EDGE('',*,*,#461,.T.);
#1241 = ORIENTED_EDGE('',*,*,#1242,.F.);
#1242 = EDGE_CURVE('',#1233,#454,#1243,.T.);
#1243 = LINE('',#1244,#1245);
#1244 = CARTESIAN_POINT('',(5.,-1.,0.));
#1245 = VECTOR('',#1246,1.);
#1246 = DIRECTION('',(0.,0.,1.));
#1247 = PLANE('',#1248);
#1248 = AXIS2_PLACEMENT_3D('',#1249,#1250,#1251);
#1249 = CARTESIAN_POINT('',(7.,-1.,0.));
#1250 = DIRECTION('',(-1.110223024625E-16,-1.,0.));
#1251 = DIRECTION('',(-1.,1.110223024625E-16,0.));
#1252 = ADVANCED_FACE('',(#1253),#1264,.T.);
#1253 = FACE_BOUND('',#1254,.T.);
#1254 = EDGE_LOOP('',(#1255,#1261,#1262,#1263));
#1255 = ORIENTED_EDGE('',*,*,#1256,.T.);
#1256 = EDGE_CURVE('',#1180,#1233,#1257,.T.);
#1257 = LINE('',#1258,#1259);
#1258 = CARTESIAN_POINT('',(5.,-0.747037931959,8.));
#1259 = VECTOR('',#1260,1.);
#1260 = DIRECTION('',(-1.110223024625E-16,-1.,0.));
#1261 = ORIENTED_EDGE('',*,*,#1242,.T.);
#1262 = ORIENTED_EDGE('',*,*,#453,.T.);
#1263 = ORIENTED_EDGE('',*,*,#1187,.F.);
#1264 = PLANE('',#1265);
#1265 = AXIS2_PLACEMENT_3D('',#1266,#1267,#1268);
#1266 = CARTESIAN_POINT('',(5.,-1.,0.));
#1267 = DIRECTION('',(-1.,1.110223024625E-16,0.));
#1268 = DIRECTION('',(1.110223024625E-16,1.,0.));
#1269 = ADVANCED_FACE('',(#1270,#1418,#1424,#1430,#1436,#1470),#1476,.T.
  );
#1270 = FACE_BOUND('',#1271,.T.);
#1271 = EDGE_LOOP('',(#1272,#1283,#1300,#1317,#1334,#1348,#1355,#1369,
    #1386,#1403));
#1272 = ORIENTED_EDGE('',*,*,#1273,.T.);
#1273 = EDGE_CURVE('',#1274,#1276,#1278,.T.);
#1274 = VERTEX_POINT('',#1275);
#1275 = CARTESIAN_POINT('',(7.999999999782,5.908725748149E-05,8.));
#1276 = VERTEX_POINT('',#1277);
#1277 = CARTESIAN_POINT('',(-8.,-5.595421014795E-15,8.));
#1278 = CIRCLE('',#1279,8.);
#1279 = AXIS2_PLACEMENT_3D('',#1280,#1281,#1282);
#1280 = CARTESIAN_POINT('',(2.465299882013E-17,1.477394087774E-16,8.));
#1281 = DIRECTION('',(0.,0.,1.));
#1282 = DIRECTION('',(-1.,1.224646799147E-16,0.));
#1283 = ORIENTED_EDGE('',*,*,#1284,.T.);
#1284 = EDGE_CURVE('',#1276,#1285,#1287,.T.);
#1285 = VERTEX_POINT('',#1286);
#1286 = CARTESIAN_POINT('',(-9.500000000143,4.637982527861E-04,8.));
#1287 = B_SPLINE_CURVE_WITH_KNOTS('',11,(#1288,#1289,#1290,#1291,#1292,
    #1293,#1294,#1295,#1296,#1297,#1298,#1299),.UNSPECIFIED.,.F.,.F.,(12
    ,12),(0.,6.289678072638),.PIECEWISE_BEZIER_KNOTS.);
#1288 = CARTESIAN_POINT('',(-8.,-8.95685994624E-15,8.));
#1289 = CARTESIAN_POINT('',(-8.136363636481,-4.569547111273,8.));
#1290 = CARTESIAN_POINT('',(-5.402259191635,-9.31012749091,8.));
#1291 = CARTESIAN_POINT('',(0.387831171763,-12.22069007194,
    7.999999999999));
#1292 = CARTESIAN_POINT('',(7.810694176655,-11.0916462345,8.000000000001
    ));
#1293 = CARTESIAN_POINT('',(13.773173581721,-5.016642455131,
    7.999999999998));
#1294 = CARTESIAN_POINT('',(14.387193463512,4.235912511561,
    8.000000000001));
#1295 = CARTESIAN_POINT('',(8.898510456559,11.344295777637,
    7.999999999999));
#1296 = CARTESIAN_POINT('',(0.963474986986,13.384237115854,8.));
#1297 = CARTESIAN_POINT('',(-5.818010335551,10.681727479409,8.));
#1298 = CARTESIAN_POINT('',(-9.36337144298,5.426809069584,8.));
#1299 = CARTESIAN_POINT('',(-9.500000000142,4.637982530672E-04,8.));
#1300 = ORIENTED_EDGE('',*,*,#1301,.T.);
#1301 = EDGE_CURVE('',#1285,#1302,#1304,.T.);
#1302 = VERTEX_POINT('',#1303);
#1303 = CARTESIAN_POINT('',(-11.00000000056,9.257791041789E-04,8.));
#1304 = B_SPLINE_CURVE_WITH_KNOTS('',11,(#1305,#1306,#1307,#1308,#1309,
    #1310,#1311,#1312,#1313,#1314,#1315,#1316),.UNSPECIFIED.,.F.,.F.,(12
    ,12),(0.,6.289678072638),.PIECEWISE_BEZIER_KNOTS.);
#1305 = CARTESIAN_POINT('',(-9.500000000143,4.637982529381E-04,8.));
#1306 = CARTESIAN_POINT('',(-9.636628557521,-5.425881476989,8.));
#1307 = CARTESIAN_POINT('',(-6.364562550685,-11.02340701455,8.));
#1308 = CARTESIAN_POINT('',(0.502948595985,-14.41544932586,8.));
#1309 = CARTESIAN_POINT('',(9.242311400992,-13.01519865403,
    8.000000000001));
#1310 = CARTESIAN_POINT('',(16.186695731196,-5.810479759322,
    7.999999999999));
#1311 = CARTESIAN_POINT('',(16.801205095677,5.028260055096,
    8.000000000001));
#1312 = CARTESIAN_POINT('',(10.331314592774,13.26696431086,8.));
#1313 = CARTESIAN_POINT('',(1.07994695991,15.578924855815,8.));
#1314 = CARTESIAN_POINT('',(-6.779256100838,12.395600617655,8.));
#1315 = CARTESIAN_POINT('',(-10.86310756073,6.284069206842,8.));
#1316 = CARTESIAN_POINT('',(-11.00000000056,9.257791043149E-04,8.));
#1317 = ORIENTED_EDGE('',*,*,#1318,.T.);
#1318 = EDGE_CURVE('',#1302,#1319,#1321,.T.);
#1319 = VERTEX_POINT('',#1320);
#1320 = CARTESIAN_POINT('',(-12.50000000127,1.385952383942E-03,8.));
#1321 = B_SPLINE_CURVE_WITH_KNOTS('',11,(#1322,#1323,#1324,#1325,#1326,
    #1327,#1328,#1329,#1330,#1331,#1332,#1333),.UNSPECIFIED.,.F.,.F.,(12
    ,12),(0.,6.289678072638),.PIECEWISE_BEZIER_KNOTS.);
#1322 = CARTESIAN_POINT('',(-11.00000000056,9.257791042258E-04,8.));
#1323 = CARTESIAN_POINT('',(-11.13689244064,-6.282217662628,8.));
#1324 = CARTESIAN_POINT('',(-7.326863834887,-12.73668768407,8.));
#1325 = CARTESIAN_POINT('',(0.618068676468,-16.61020849684,
    7.999999999999));
#1326 = CARTESIAN_POINT('',(10.67393094887,-14.93874921134,
    8.000000000001));
#1327 = CARTESIAN_POINT('',(18.600218837309,-6.604314345127,
    7.999999999999));
#1328 = CARTESIAN_POINT('',(19.215215767615,5.820610739526,
    8.000000000001));
#1329 = CARTESIAN_POINT('',(11.764116406025,15.189634383559,
    7.999999999999));
#1330 = CARTESIAN_POINT('',(1.196416285863,17.773612844126,8.));
#1331 = CARTESIAN_POINT('',(-7.74050393181,14.10947255222,8.));
#1332 = CARTESIAN_POINT('',(-12.36284471087,7.141327546442,8.));
#1333 = CARTESIAN_POINT('',(-12.50000000127,1.385952383903E-03,8.));
#1334 = ORIENTED_EDGE('',*,*,#1335,.T.);
#1335 = EDGE_CURVE('',#1319,#1336,#1338,.T.);
#1336 = VERTEX_POINT('',#1337);
#1337 = CARTESIAN_POINT('',(13.250000001729,-1.615364882456E-03,8.));
#1338 = B_SPLINE_CURVE_WITH_KNOTS('',8,(#1339,#1340,#1341,#1342,#1343,
    #1344,#1345,#1346,#1347),.UNSPECIFIED.,.F.,.F.,(9,9),(0.,
    3.144839036319),.PIECEWISE_BEZIER_KNOTS.);
#1339 = CARTESIAN_POINT('',(-12.50000000127,1.385952384156E-03,8.));
#1340 = CARTESIAN_POINT('',(-12.59429426355,-4.90732389605,8.));
#1341 = CARTESIAN_POINT('',(-10.48507553747,-9.900571760071,8.));
#1342 = CARTESIAN_POINT('',(-6.110094240716,-13.82360609076,8.));
#1343 = CARTESIAN_POINT('',(-0.112551657271,-15.47321459157,8.));
#1344 = CARTESIAN_POINT('',(6.030123283677,-14.13531554444,8.));
#1345 = CARTESIAN_POINT('',(10.725514115393,-10.32362491261,8.));
#1346 = CARTESIAN_POINT('',(13.155615649444,-5.20484957866,8.));
#1347 = CARTESIAN_POINT('',(13.250000001729,-1.615364882456E-03,8.));
#1348 = ORIENTED_EDGE('',*,*,#1349,.F.);
#1349 = EDGE_CURVE('',#1350,#1336,#1352,.T.);
#1350 = VERTEX_POINT('',#1351);
#1351 = CARTESIAN_POINT('',(12.500000001731,-1.61697061295E-03,8.));
#1352 = B_SPLINE_CURVE_WITH_KNOTS('',1,(#1353,#1354),.UNSPECIFIED.,.F.,
  .F.,(2,2),(-0.75,-0.),.PIECEWISE_BEZIER_KNOTS.);
#1353 = CARTESIAN_POINT('',(12.500000001731,-1.61697061295E-03,8.));
#1354 = CARTESIAN_POINT('',(13.250000001729,-1.615364882456E-03,8.));
#1355 = ORIENTED_EDGE('',*,*,#1356,.F.);
#1356 = EDGE_CURVE('',#1357,#1350,#1359,.T.);
#1357 = VERTEX_POINT('',#1358);
#1358 = CARTESIAN_POINT('',(-11.75000000127,1.387330070208E-03,8.));
#1359 = B_SPLINE_CURVE_WITH_KNOTS('',8,(#1360,#1361,#1362,#1363,#1364,
    #1365,#1366,#1367,#1368),.UNSPECIFIED.,.F.,.F.,(9,9),(0.,
    3.144839036319),.PIECEWISE_BEZIER_KNOTS.);
#1360 = CARTESIAN_POINT('',(-11.75000000127,1.387330070425E-03,8.));
#1361 = CARTESIAN_POINT('',(-11.84429480457,-4.612798178588,8.));
#1362 = CARTESIAN_POINT('',(-9.867288733533,-9.311518452365,8.));
#1363 = CARTESIAN_POINT('',(-5.756494480171,-13.0092671831,8.));
#1364 = CARTESIAN_POINT('',(-0.112553450098,-14.57186026086,8.));
#1365 = CARTESIAN_POINT('',(5.676520283659,-13.32097804344,8.));
#1366 = CARTESIAN_POINT('',(10.107724968217,-9.734574062502,8.));
#1367 = CARTESIAN_POINT('',(12.405615018877,-4.910326844669,8.));
#1368 = CARTESIAN_POINT('',(12.500000001731,-1.61697061295E-03,8.));
#1369 = ORIENTED_EDGE('',*,*,#1370,.F.);
#1370 = EDGE_CURVE('',#1371,#1357,#1373,.T.);
#1371 = VERTEX_POINT('',#1372);
#1372 = CARTESIAN_POINT('',(-10.25000000056,9.266993617374E-04,8.));
#1373 = B_SPLINE_CURVE_WITH_KNOTS('',11,(#1374,#1375,#1376,#1377,#1378,
    #1379,#1380,#1381,#1382,#1383,#1384,#1385),.UNSPECIFIED.,.F.,.F.,(12
    ,12),(0.,6.289678072638),.PIECEWISE_BEZIER_KNOTS.);
#1374 = CARTESIAN_POINT('',(-10.25000000056,9.266993617817E-04,8.));
#1375 = CARTESIAN_POINT('',(-10.38689296629,-5.853817702538,8.));
#1376 = CARTESIAN_POINT('',(-6.845978072876,-11.87989872247,8.));
#1377 = CARTESIAN_POINT('',(0.560169470659,-15.51284691513,
    7.999999999999));
#1378 = CARTESIAN_POINT('',(9.957824097488,-13.97719524991,
    8.000000000001));
#1379 = CARTESIAN_POINT('',(17.393334901705,-6.207770053787,
    7.999999999999));
#1380 = CARTESIAN_POINT('',(18.008333047419,5.424062749467,
    8.000000000001));
#1381 = CARTESIAN_POINT('',(11.048012501501,14.228078227817,
    7.999999999999));
#1382 = CARTESIAN_POINT('',(1.13852044283,16.676251085133,8.));
#1383 = CARTESIAN_POINT('',(-7.259615544457,13.252685064349,8.));
#1384 = CARTESIAN_POINT('',(-11.61284392393,6.71292988445,8.));
#1385 = CARTESIAN_POINT('',(-11.75000000127,1.387330070171E-03,8.));
#1386 = ORIENTED_EDGE('',*,*,#1387,.F.);
#1387 = EDGE_CURVE('',#1388,#1371,#1390,.T.);
#1388 = VERTEX_POINT('',#1389);
#1389 = CARTESIAN_POINT('',(-8.750000000143,4.642592848466E-04,8.));
#1390 = B_SPLINE_CURVE_WITH_KNOTS('',11,(#1391,#1392,#1393,#1394,#1395,
    #1396,#1397,#1398,#1399,#1400,#1401,#1402),.UNSPECIFIED.,.F.,.F.,(12
    ,12),(0.,6.289678072638),.PIECEWISE_BEZIER_KNOTS.);
#1391 = CARTESIAN_POINT('',(-8.750000000143,4.642592849961E-04,8.));
#1392 = CARTESIAN_POINT('',(-8.886628820863,-4.997481975955,8.));
#1393 = CARTESIAN_POINT('',(-5.883676264265,-10.16661834709,8.));
#1394 = CARTESIAN_POINT('',(0.445050061463,-13.31808770836,8.));
#1395 = CARTESIAN_POINT('',(8.526205137384,-12.05364425446,
    8.000000000001));
#1396 = CARTESIAN_POINT('',(14.979812037431,-5.413934729908,
    7.999999999999));
#1397 = CARTESIAN_POINT('',(15.594322132707,4.631712802012,
    8.000000000001));
#1398 = CARTESIAN_POINT('',(9.615210100775,12.305408592215,8.));
#1399 = CARTESIAN_POINT('',(1.022050446986,14.481563131788,8.));
#1400 = CARTESIAN_POINT('',(-6.298368236254,11.538812836188,8.));
#1401 = CARTESIAN_POINT('',(-10.11310703508,5.855671087252,8.));
#1402 = CARTESIAN_POINT('',(-10.25000000056,9.266993618768E-04,8.));
#1403 = ORIENTED_EDGE('',*,*,#1404,.F.);
#1404 = EDGE_CURVE('',#1274,#1388,#1405,.T.);
#1405 = B_SPLINE_CURVE_WITH_KNOTS('',11,(#1406,#1407,#1408,#1409,#1410,
    #1411,#1412,#1413,#1414,#1415,#1416,#1417),.UNSPECIFIED.,.F.,.F.,(12
    ,12),(0.,6.289678072638),.PIECEWISE_BEZIER_KNOTS.);
#1406 = CARTESIAN_POINT('',(-7.25,-1.536698876164E-16,8.));
#1407 = CARTESIAN_POINT('',(-7.386363636481,-4.141148071105,8.));
#1408 = CARTESIAN_POINT('',(-4.921372378747,-8.453339118736,8.));
#1409 = CARTESIAN_POINT('',(0.329933311186,-11.12332841857,
    7.999999999999));
#1410 = CARTESIAN_POINT('',(7.094588503093,-10.13009139491,
    8.000000000001));
#1411 = CARTESIAN_POINT('',(12.5662901308,-4.620096684985,7.999999999998
    ));
#1412 = CARTESIAN_POINT('',(13.180310256759,3.839365998623,
    8.000000000001));
#1413 = CARTESIAN_POINT('',(8.182405374817,10.382740497589,
    7.999999999999));
#1414 = CARTESIAN_POINT('',(0.905577801518,12.286875427053,8.));
#1415 = CARTESIAN_POINT('',(-5.337122995781,9.824939403145,8.));
#1416 = CARTESIAN_POINT('',(-8.613371179639,4.998410490611,8.));
#1417 = CARTESIAN_POINT('',(-8.750000000142,4.64259285117E-04,8.));
#1418 = FACE_BOUND('',#1419,.T.);
#1419 = EDGE_LOOP('',(#1420,#1421,#1422,#1423));
#1420 = ORIENTED_EDGE('',*,*,#985,.F.);
#1421 = ORIENTED_EDGE('',*,*,#1016,.F.);
#1422 = ORIENTED_EDGE('',*,*,#1040,.F.);
#1423 = ORIENTED_EDGE('',*,*,#1064,.F.);
#1424 = FACE_BOUND('',#1425,.T.);
#1425 = EDGE_LOOP('',(#1426,#1427,#1428,#1429));
#1426 = ORIENTED_EDGE('',*,*,#889,.F.);
#1427 = ORIENTED_EDGE('',*,*,#920,.F.);
#1428 = ORIENTED_EDGE('',*,*,#944,.F.);
#1429 = ORIENTED_EDGE('',*,*,#968,.F.);
#1430 = FACE_BOUND('',#1431,.T.);
#1431 = EDGE_LOOP('',(#1432,#1433,#1434,#1435));
#1432 = ORIENTED_EDGE('',*,*,#1177,.F.);
#1433 = ORIENTED_EDGE('',*,*,#1208,.F.);
#1434 = ORIENTED_EDGE('',*,*,#1232,.F.);
#1435 = ORIENTED_EDGE('',*,*,#1256,.F.);
#1436 = FACE_BOUND('',#1437,.T.);
#1437 = EDGE_LOOP('',(#1438,#1448,#1456,#1464));
#1438 = ORIENTED_EDGE('',*,*,#1439,.F.);
#1439 = EDGE_CURVE('',#1440,#1442,#1444,.T.);
#1440 = VERTEX_POINT('',#1441);
#1441 = CARTESIAN_POINT('',(4.,4.,8.));
#1442 = VERTEX_POINT('',#1443);
#1443 = CARTESIAN_POINT('',(-4.,4.,8.));
#1444 = LINE('',#1445,#1446);
#1445 = CARTESIAN_POINT('',(4.,4.,8.));
#1446 = VECTOR('',#1447,1.);
#1447 = DIRECTION('',(-1.,1.224646799147E-16,0.));
#1448 = ORIENTED_EDGE('',*,*,#1449,.F.);
#1449 = EDGE_CURVE('',#1450,#1440,#1452,.T.);
#1450 = VERTEX_POINT('',#1451);
#1451 = CARTESIAN_POINT('',(4.,-4.,8.));
#1452 = LINE('',#1453,#1454);
#1453 = CARTESIAN_POINT('',(4.,-4.,8.));
#1454 = VECTOR('',#1455,1.);
#1455 = DIRECTION('',(1.224646799147E-16,1.,0.));
#1456 = ORIENTED_EDGE('',*,*,#1457,.F.);
#1457 = EDGE_CURVE('',#1458,#1450,#1460,.T.);
#1458 = VERTEX_POINT('',#1459);
#1459 = CARTESIAN_POINT('',(-4.,-4.,8.));
#1460 = LINE('',#1461,#1462);
#1461 = CARTESIAN_POINT('',(-4.,-4.,8.));
#1462 = VECTOR('',#1463,1.);
#1463 = DIRECTION('',(1.,-1.224646799147E-16,0.));
#1464 = ORIENTED_EDGE('',*,*,#1465,.F.);
#1465 = EDGE_CURVE('',#1442,#1458,#1466,.T.);
#1466 = LINE('',#1467,#1468);
#1467 = CARTESIAN_POINT('',(-4.,4.,8.));
#1468 = VECTOR('',#1469,1.);
#1469 = DIRECTION('',(-1.224646799147E-16,-1.,0.));
#1470 = FACE_BOUND('',#1471,.T.);
#1471 = EDGE_LOOP('',(#1472,#1473,#1474,#1475));
#1472 = ORIENTED_EDGE('',*,*,#1081,.F.);
#1473 = ORIENTED_EDGE('',*,*,#1136,.F.);
#1474 = ORIENTED_EDGE('',*,*,#1160,.F.);
#1475 = ORIENTED_EDGE('',*,*,#1112,.F.);
#1476 = PLANE('',#1477);
#1477 = AXIS2_PLACEMENT_3D('',#1478,#1479,#1480);
#1478 = CARTESIAN_POINT('',(5.031394246071E-02,-0.494075863918,8.));
#1479 = DIRECTION('',(0.,0.,1.));
#1480 = DIRECTION('',(-1.,1.224646799147E-16,0.));
#1481 = ADVANCED_FACE('',(#1482),#1510,.T.);
#1482 = FACE_BOUND('',#1483,.F.);
#1483 = EDGE_LOOP('',(#1484,#1492,#1501,#1509));
#1484 = ORIENTED_EDGE('',*,*,#1485,.F.);
#1485 = EDGE_CURVE('',#1486,#1276,#1488,.T.);
#1486 = VERTEX_POINT('',#1487);
#1487 = CARTESIAN_POINT('',(-8.,2.028652522051E-15,6.));
#1488 = LINE('',#1489,#1490);
#1489 = CARTESIAN_POINT('',(-8.,1.127456848095E-15,6.));
#1490 = VECTOR('',#1491,1.);
#1491 = DIRECTION('',(0.,0.,1.));
#1492 = ORIENTED_EDGE('',*,*,#1493,.F.);
#1493 = EDGE_CURVE('',#1494,#1486,#1496,.T.);
#1494 = VERTEX_POINT('',#1495);
#1495 = CARTESIAN_POINT('',(7.999999999782,5.908725772741E-05,6.));
#1496 = CIRCLE('',#1497,8.);
#1497 = AXIS2_PLACEMENT_3D('',#1498,#1499,#1500);
#1498 = CARTESIAN_POINT('',(2.465299882013E-17,1.477394087774E-16,6.));
#1499 = DIRECTION('',(0.,0.,1.));
#1500 = DIRECTION('',(-1.,1.224646799147E-16,0.));
#1501 = ORIENTED_EDGE('',*,*,#1502,.F.);
#1502 = EDGE_CURVE('',#1274,#1494,#1503,.T.);
#1503 = B_SPLINE_CURVE_WITH_KNOTS('',4,(#1504,#1505,#1506,#1507,#1508),
  .UNSPECIFIED.,.F.,.F.,(5,5),(0.,1.),.PIECEWISE_BEZIER_KNOTS.);
#1504 = CARTESIAN_POINT('',(7.999999999782,5.908725719768E-05,8.));
#1505 = CARTESIAN_POINT('',(7.999999999782,5.908725722418E-05,7.5));
#1506 = CARTESIAN_POINT('',(7.999999999782,5.908725761454E-05,7.));
#1507 = CARTESIAN_POINT('',(7.999999999782,5.908725724571E-05,6.5));
#1508 = CARTESIAN_POINT('',(7.999999999782,5.908725727221E-05,6.));
#1509 = ORIENTED_EDGE('',*,*,#1273,.T.);
#1510 = CYLINDRICAL_SURFACE('',#1511,8.);
#1511 = AXIS2_PLACEMENT_3D('',#1512,#1513,#1514);
#1512 = CARTESIAN_POINT('',(2.465299882013E-17,1.477394087774E-16,6.));
#1513 = DIRECTION('',(0.,0.,-1.));
#1514 = DIRECTION('',(-1.,1.224646799147E-16,0.));
#1515 = ADVANCED_FACE('',(#1516),#1542,.T.);
#1516 = FACE_BOUND('',#1517,.T.);
#1517 = EDGE_LOOP('',(#1518,#1535,#1536,#1537));
#1518 = ORIENTED_EDGE('',*,*,#1519,.F.);
#1519 = EDGE_CURVE('',#1494,#1520,#1522,.T.);
#1520 = VERTEX_POINT('',#1521);
#1521 = CARTESIAN_POINT('',(-8.750000000143,4.642592848471E-04,6.));
#1522 = B_SPLINE_CURVE_WITH_KNOTS('',11,(#1523,#1524,#1525,#1526,#1527,
    #1528,#1529,#1530,#1531,#1532,#1533,#1534),.UNSPECIFIED.,.F.,.F.,(12
    ,12),(0.,6.289678072638),.PIECEWISE_BEZIER_KNOTS.);
#1523 = CARTESIAN_POINT('',(-7.25,-1.536969926707E-16,6.));
#1524 = CARTESIAN_POINT('',(-7.386363636481,-4.141148071105,6.));
#1525 = CARTESIAN_POINT('',(-4.921372378747,-8.453339118736,6.));
#1526 = CARTESIAN_POINT('',(0.329933311186,-11.12332841857,6.));
#1527 = CARTESIAN_POINT('',(7.094588503093,-10.13009139491,6.));
#1528 = CARTESIAN_POINT('',(12.5662901308,-4.620096684985,6.));
#1529 = CARTESIAN_POINT('',(13.180310256759,3.839365998623,6.));
#1530 = CARTESIAN_POINT('',(8.182405374817,10.382740497589,6.));
#1531 = CARTESIAN_POINT('',(0.905577801518,12.286875427053,6.));
#1532 = CARTESIAN_POINT('',(-5.337122995781,9.824939403145,6.));
#1533 = CARTESIAN_POINT('',(-8.613371179639,4.998410490611,6.));
#1534 = CARTESIAN_POINT('',(-8.750000000142,4.64259285117E-04,6.));
#1535 = ORIENTED_EDGE('',*,*,#1502,.F.);
#1536 = ORIENTED_EDGE('',*,*,#1404,.T.);
#1537 = ORIENTED_EDGE('',*,*,#1538,.F.);
#1538 = EDGE_CURVE('',#1520,#1388,#1539,.T.);
#1539 = B_SPLINE_CURVE_WITH_KNOTS('',1,(#1540,#1541),.UNSPECIFIED.,.F.,
  .F.,(2,2),(-2.,-0.),.PIECEWISE_BEZIER_KNOTS.);
#1540 = CARTESIAN_POINT('',(-8.750000000142,4.64259285117E-04,6.));
#1541 = CARTESIAN_POINT('',(-8.750000000142,4.64259285117E-04,8.));
#1542 = B_SPLINE_SURFACE_WITH_KNOTS('',1,11,(
    (#1543,#1544,#1545,#1546,#1547,#1548,#1549,#1550,#1551,#1552,#1553
      ,#1554)
    ,(#1555,#1556,#1557,#1558,#1559,#1560,#1561,#1562,#1563,#1564,#1565
      ,#1566
    )),.UNSPECIFIED.,.F.,.F.,.F.,(2,2),(12,12),(-2.,-0.),(0.,
    6.289678072638),.PIECEWISE_BEZIER_KNOTS.);
#1543 = CARTESIAN_POINT('',(-7.25,-1.536969926707E-16,6.));
#1544 = CARTESIAN_POINT('',(-7.386363636481,-4.141148071105,6.));
#1545 = CARTESIAN_POINT('',(-4.921372378747,-8.453339118736,6.));
#1546 = CARTESIAN_POINT('',(0.329933311186,-11.12332841857,6.));
#1547 = CARTESIAN_POINT('',(7.094588503093,-10.13009139491,6.));
#1548 = CARTESIAN_POINT('',(12.5662901308,-4.620096684985,6.));
#1549 = CARTESIAN_POINT('',(13.180310256759,3.839365998623,6.));
#1550 = CARTESIAN_POINT('',(8.182405374817,10.382740497589,6.));
#1551 = CARTESIAN_POINT('',(0.905577801518,12.286875427053,6.));
#1552 = CARTESIAN_POINT('',(-5.337122995781,9.824939403145,6.));
#1553 = CARTESIAN_POINT('',(-8.613371179639,4.998410490611,6.));
#1554 = CARTESIAN_POINT('',(-8.750000000142,4.64259285117E-04,6.));
#1555 = CARTESIAN_POINT('',(-7.25,-1.536698876164E-16,8.));
#1556 = CARTESIAN_POINT('',(-7.386363636481,-4.141148071105,8.));
#1557 = CARTESIAN_POINT('',(-4.921372378747,-8.453339118736,8.));
#1558 = CARTESIAN_POINT('',(0.329933311186,-11.12332841857,
    7.999999999999));
#1559 = CARTESIAN_POINT('',(7.094588503093,-10.13009139491,
    8.000000000001));
#1560 = CARTESIAN_POINT('',(12.5662901308,-4.620096684985,7.999999999998
    ));
#1561 = CARTESIAN_POINT('',(13.180310256759,3.839365998623,
    8.000000000001));
#1562 = CARTESIAN_POINT('',(8.182405374817,10.382740497589,
    7.999999999999));
#1563 = CARTESIAN_POINT('',(0.905577801518,12.286875427053,8.));
#1564 = CARTESIAN_POINT('',(-5.337122995781,9.824939403145,8.));
#1565 = CARTESIAN_POINT('',(-8.613371179639,4.998410490611,8.));
#1566 = CARTESIAN_POINT('',(-8.750000000142,4.64259285117E-04,8.));
#1567 = ADVANCED_FACE('',(#1568),#1594,.T.);
#1568 = FACE_BOUND('',#1569,.T.);
#1569 = EDGE_LOOP('',(#1570,#1571,#1572,#1589));
#1570 = ORIENTED_EDGE('',*,*,#1284,.F.);
#1571 = ORIENTED_EDGE('',*,*,#1485,.F.);
#1572 = ORIENTED_EDGE('',*,*,#1573,.T.);
#1573 = EDGE_CURVE('',#1486,#1574,#1576,.T.);
#1574 = VERTEX_POINT('',#1575);
#1575 = CARTESIAN_POINT('',(-9.500000000143,4.637982527866E-04,6.));
#1576 = B_SPLINE_CURVE_WITH_KNOTS('',11,(#1577,#1578,#1579,#1580,#1581,
    #1582,#1583,#1584,#1585,#1586,#1587,#1588),.UNSPECIFIED.,.F.,.F.,(12
    ,12),(0.,6.289678072638),.PIECEWISE_BEZIER_KNOTS.);
#1577 = CARTESIAN_POINT('',(-8.,-8.956887051295E-15,6.));
#1578 = CARTESIAN_POINT('',(-8.136363636481,-4.569547111273,6.));
#1579 = CARTESIAN_POINT('',(-5.402259191634,-9.31012749091,6.));
#1580 = CARTESIAN_POINT('',(0.387831171761,-12.22069007194,6.));
#1581 = CARTESIAN_POINT('',(7.810694176657,-11.0916462345,6.));
#1582 = CARTESIAN_POINT('',(13.773173581719,-5.016642455131,6.));
#1583 = CARTESIAN_POINT('',(14.387193463514,4.235912511561,6.));
#1584 = CARTESIAN_POINT('',(8.898510456557,11.344295777637,6.));
#1585 = CARTESIAN_POINT('',(0.963474986988,13.384237115854,6.));
#1586 = CARTESIAN_POINT('',(-5.818010335552,10.681727479409,6.));
#1587 = CARTESIAN_POINT('',(-9.363371442979,5.426809069584,6.));
#1588 = CARTESIAN_POINT('',(-9.500000000142,4.637982530672E-04,6.));
#1589 = ORIENTED_EDGE('',*,*,#1590,.F.);
#1590 = EDGE_CURVE('',#1285,#1574,#1591,.T.);
#1591 = B_SPLINE_CURVE_WITH_KNOTS('',1,(#1592,#1593),.UNSPECIFIED.,.F.,
  .F.,(2,2),(-2.,-0.),.PIECEWISE_BEZIER_KNOTS.);
#1592 = CARTESIAN_POINT('',(-9.500000000142,4.637982530672E-04,8.));
#1593 = CARTESIAN_POINT('',(-9.500000000142,4.637982530672E-04,6.));
#1594 = B_SPLINE_SURFACE_WITH_KNOTS('',1,11,(
    (#1595,#1596,#1597,#1598,#1599,#1600,#1601,#1602,#1603,#1604,#1605
      ,#1606)
    ,(#1607,#1608,#1609,#1610,#1611,#1612,#1613,#1614,#1615,#1616,#1617
      ,#1618
    )),.UNSPECIFIED.,.F.,.F.,.F.,(2,2),(12,12),(-2.,-0.),(0.,
    6.289678072638),.PIECEWISE_BEZIER_KNOTS.);
#1595 = CARTESIAN_POINT('',(-8.,-8.95685994624E-15,8.));
#1596 = CARTESIAN_POINT('',(-8.136363636481,-4.569547111273,8.));
#1597 = CARTESIAN_POINT('',(-5.402259191635,-9.31012749091,8.));
#1598 = CARTESIAN_POINT('',(0.387831171763,-12.22069007194,
    7.999999999999));
#1599 = CARTESIAN_POINT('',(7.810694176655,-11.0916462345,8.000000000001
    ));
#1600 = CARTESIAN_POINT('',(13.773173581721,-5.016642455131,
    7.999999999998));
#1601 = CARTESIAN_POINT('',(14.387193463512,4.235912511561,
    8.000000000001));
#1602 = CARTESIAN_POINT('',(8.898510456559,11.344295777637,
    7.999999999999));
#1603 = CARTESIAN_POINT('',(0.963474986986,13.384237115854,8.));
#1604 = CARTESIAN_POINT('',(-5.818010335551,10.681727479409,8.));
#1605 = CARTESIAN_POINT('',(-9.36337144298,5.426809069584,8.));
#1606 = CARTESIAN_POINT('',(-9.500000000142,4.637982530672E-04,8.));
#1607 = CARTESIAN_POINT('',(-8.,-8.956887051295E-15,6.));
#1608 = CARTESIAN_POINT('',(-8.136363636481,-4.569547111273,6.));
#1609 = CARTESIAN_POINT('',(-5.402259191634,-9.31012749091,6.));
#1610 = CARTESIAN_POINT('',(0.387831171761,-12.22069007194,6.));
#1611 = CARTESIAN_POINT('',(7.810694176657,-11.0916462345,6.));
#1612 = CARTESIAN_POINT('',(13.773173581719,-5.016642455131,6.));
#1613 = CARTESIAN_POINT('',(14.387193463514,4.235912511561,6.));
#1614 = CARTESIAN_POINT('',(8.898510456557,11.344295777637,6.));
#1615 = CARTESIAN_POINT('',(0.963474986988,13.384237115854,6.));
#1616 = CARTESIAN_POINT('',(-5.818010335552,10.681727479409,6.));
#1617 = CARTESIAN_POINT('',(-9.363371442979,5.426809069584,6.));
#1618 = CARTESIAN_POINT('',(-9.500000000142,4.637982530672E-04,6.));
#1619 = ADVANCED_FACE('',(#1620),#1646,.T.);
#1620 = FACE_BOUND('',#1621,.T.);
#1621 = EDGE_LOOP('',(#1622,#1639,#1640,#1641));
#1622 = ORIENTED_EDGE('',*,*,#1623,.F.);
#1623 = EDGE_CURVE('',#1520,#1624,#1626,.T.);
#1624 = VERTEX_POINT('',#1625);
#1625 = CARTESIAN_POINT('',(-10.25000000056,9.266993617378E-04,6.));
#1626 = B_SPLINE_CURVE_WITH_KNOTS('',11,(#1627,#1628,#1629,#1630,#1631,
    #1632,#1633,#1634,#1635,#1636,#1637,#1638),.UNSPECIFIED.,.F.,.F.,(12
    ,12),(0.,6.289678072638),.PIECEWISE_BEZIER_KNOTS.);
#1627 = CARTESIAN_POINT('',(-8.750000000143,4.642592850062E-04,6.));
#1628 = CARTESIAN_POINT('',(-8.886628820862,-4.997481975955,6.));
#1629 = CARTESIAN_POINT('',(-5.883676264266,-10.16661834709,6.));
#1630 = CARTESIAN_POINT('',(0.445050061466,-13.31808770836,6.));
#1631 = CARTESIAN_POINT('',(8.52620513738,-12.05364425445,6.));
#1632 = CARTESIAN_POINT('',(14.979812037436,-5.41393472991,6.));
#1633 = CARTESIAN_POINT('',(15.594322132703,4.631712802015,6.));
#1634 = CARTESIAN_POINT('',(9.615210100778,12.305408592212,6.));
#1635 = CARTESIAN_POINT('',(1.022050446984,14.48156313179,6.));
#1636 = CARTESIAN_POINT('',(-6.298368236253,11.538812836187,6.));
#1637 = CARTESIAN_POINT('',(-10.11310703508,5.855671087253,6.));
#1638 = CARTESIAN_POINT('',(-10.25000000056,9.26699361862E-04,6.));
#1639 = ORIENTED_EDGE('',*,*,#1538,.T.);
#1640 = ORIENTED_EDGE('',*,*,#1387,.T.);
#1641 = ORIENTED_EDGE('',*,*,#1642,.F.);
#1642 = EDGE_CURVE('',#1624,#1371,#1643,.T.);
#1643 = B_SPLINE_CURVE_WITH_KNOTS('',1,(#1644,#1645),.UNSPECIFIED.,.F.,
  .F.,(2,2),(-2.,-0.),.PIECEWISE_BEZIER_KNOTS.);
#1644 = CARTESIAN_POINT('',(-10.25000000056,9.26699361862E-04,6.));
#1645 = CARTESIAN_POINT('',(-10.25000000056,9.266993618768E-04,8.));
#1646 = B_SPLINE_SURFACE_WITH_KNOTS('',1,11,(
    (#1647,#1648,#1649,#1650,#1651,#1652,#1653,#1654,#1655,#1656,#1657
      ,#1658)
    ,(#1659,#1660,#1661,#1662,#1663,#1664,#1665,#1666,#1667,#1668,#1669
      ,#1670
    )),.UNSPECIFIED.,.F.,.F.,.F.,(2,2),(12,12),(-2.,-0.),(0.,
    6.289678072638),.PIECEWISE_BEZIER_KNOTS.);
#1647 = CARTESIAN_POINT('',(-8.750000000143,4.642592850062E-04,6.));
#1648 = CARTESIAN_POINT('',(-8.886628820862,-4.997481975955,6.));
#1649 = CARTESIAN_POINT('',(-5.883676264266,-10.16661834709,6.));
#1650 = CARTESIAN_POINT('',(0.445050061466,-13.31808770836,6.));
#1651 = CARTESIAN_POINT('',(8.52620513738,-12.05364425445,6.));
#1652 = CARTESIAN_POINT('',(14.979812037436,-5.41393472991,6.));
#1653 = CARTESIAN_POINT('',(15.594322132703,4.631712802015,6.));
#1654 = CARTESIAN_POINT('',(9.615210100778,12.305408592212,6.));
#1655 = CARTESIAN_POINT('',(1.022050446984,14.48156313179,6.));
#1656 = CARTESIAN_POINT('',(-6.298368236253,11.538812836187,6.));
#1657 = CARTESIAN_POINT('',(-10.11310703508,5.855671087253,6.));
#1658 = CARTESIAN_POINT('',(-10.25000000056,9.26699361862E-04,6.));
#1659 = CARTESIAN_POINT('',(-8.750000000143,4.642592849961E-04,8.));
#1660 = CARTESIAN_POINT('',(-8.886628820863,-4.997481975955,8.));
#1661 = CARTESIAN_POINT('',(-5.883676264265,-10.16661834709,8.));
#1662 = CARTESIAN_POINT('',(0.445050061463,-13.31808770836,8.));
#1663 = CARTESIAN_POINT('',(8.526205137384,-12.05364425446,
    8.000000000001));
#1664 = CARTESIAN_POINT('',(14.979812037431,-5.413934729908,
    7.999999999999));
#1665 = CARTESIAN_POINT('',(15.594322132707,4.631712802012,
    8.000000000001));
#1666 = CARTESIAN_POINT('',(9.615210100775,12.305408592215,8.));
#1667 = CARTESIAN_POINT('',(1.022050446986,14.481563131788,8.));
#1668 = CARTESIAN_POINT('',(-6.298368236254,11.538812836188,8.));
#1669 = CARTESIAN_POINT('',(-10.11310703508,5.855671087252,8.));
#1670 = CARTESIAN_POINT('',(-10.25000000056,9.266993618768E-04,8.));
#1671 = ADVANCED_FACE('',(#1672),#1698,.T.);
#1672 = FACE_BOUND('',#1673,.T.);
#1673 = EDGE_LOOP('',(#1674,#1675,#1676,#1693));
#1674 = ORIENTED_EDGE('',*,*,#1301,.F.);
#1675 = ORIENTED_EDGE('',*,*,#1590,.T.);
#1676 = ORIENTED_EDGE('',*,*,#1677,.T.);
#1677 = EDGE_CURVE('',#1574,#1678,#1680,.T.);
#1678 = VERTEX_POINT('',#1679);
#1679 = CARTESIAN_POINT('',(-11.00000000056,9.257791041793E-04,6.));
#1680 = B_SPLINE_CURVE_WITH_KNOTS('',11,(#1681,#1682,#1683,#1684,#1685,
    #1686,#1687,#1688,#1689,#1690,#1691,#1692),.UNSPECIFIED.,.F.,.F.,(12
    ,12),(0.,6.289678072638),.PIECEWISE_BEZIER_KNOTS.);
#1681 = CARTESIAN_POINT('',(-9.500000000143,4.637982529457E-04,6.));
#1682 = CARTESIAN_POINT('',(-9.636628557521,-5.425881476988,6.));
#1683 = CARTESIAN_POINT('',(-6.364562550685,-11.02340701455,6.));
#1684 = CARTESIAN_POINT('',(0.502948595986,-14.41544932586,6.));
#1685 = CARTESIAN_POINT('',(9.242311400991,-13.01519865403,6.));
#1686 = CARTESIAN_POINT('',(16.186695731198,-5.810479759319,6.));
#1687 = CARTESIAN_POINT('',(16.801205095675,5.028260055093,6.));
#1688 = CARTESIAN_POINT('',(10.331314592775,13.266964310863,6.));
#1689 = CARTESIAN_POINT('',(1.079946959909,15.578924855813,6.));
#1690 = CARTESIAN_POINT('',(-6.779256100838,12.395600617656,6.));
#1691 = CARTESIAN_POINT('',(-10.86310756073,6.284069206842,6.));
#1692 = CARTESIAN_POINT('',(-11.00000000056,9.257791043083E-04,6.));
#1693 = ORIENTED_EDGE('',*,*,#1694,.F.);
#1694 = EDGE_CURVE('',#1302,#1678,#1695,.T.);
#1695 = B_SPLINE_CURVE_WITH_KNOTS('',1,(#1696,#1697),.UNSPECIFIED.,.F.,
  .F.,(2,2),(-2.,-0.),.PIECEWISE_BEZIER_KNOTS.);
#1696 = CARTESIAN_POINT('',(-11.00000000056,9.257791043149E-04,8.));
#1697 = CARTESIAN_POINT('',(-11.00000000056,9.257791043083E-04,6.));
#1698 = B_SPLINE_SURFACE_WITH_KNOTS('',1,11,(
    (#1699,#1700,#1701,#1702,#1703,#1704,#1705,#1706,#1707,#1708,#1709
      ,#1710)
    ,(#1711,#1712,#1713,#1714,#1715,#1716,#1717,#1718,#1719,#1720,#1721
      ,#1722
    )),.UNSPECIFIED.,.F.,.F.,.F.,(2,2),(12,12),(-2.,-0.),(0.,
    6.289678072638),.PIECEWISE_BEZIER_KNOTS.);
#1699 = CARTESIAN_POINT('',(-9.500000000143,4.637982529381E-04,8.));
#1700 = CARTESIAN_POINT('',(-9.636628557521,-5.425881476989,8.));
#1701 = CARTESIAN_POINT('',(-6.364562550685,-11.02340701455,8.));
#1702 = CARTESIAN_POINT('',(0.502948595985,-14.41544932586,8.));
#1703 = CARTESIAN_POINT('',(9.242311400992,-13.01519865403,
    8.000000000001));
#1704 = CARTESIAN_POINT('',(16.186695731196,-5.810479759322,
    7.999999999999));
#1705 = CARTESIAN_POINT('',(16.801205095677,5.028260055096,
    8.000000000001));
#1706 = CARTESIAN_POINT('',(10.331314592774,13.26696431086,8.));
#1707 = CARTESIAN_POINT('',(1.07994695991,15.578924855815,8.));
#1708 = CARTESIAN_POINT('',(-6.779256100838,12.395600617655,8.));
#1709 = CARTESIAN_POINT('',(-10.86310756073,6.284069206842,8.));
#1710 = CARTESIAN_POINT('',(-11.00000000056,9.257791043149E-04,8.));
#1711 = CARTESIAN_POINT('',(-9.500000000143,4.637982529457E-04,6.));
#1712 = CARTESIAN_POINT('',(-9.636628557521,-5.425881476988,6.));
#1713 = CARTESIAN_POINT('',(-6.364562550685,-11.02340701455,6.));
#1714 = CARTESIAN_POINT('',(0.502948595986,-14.41544932586,6.));
#1715 = CARTESIAN_POINT('',(9.242311400991,-13.01519865403,6.));
#1716 = CARTESIAN_POINT('',(16.186695731198,-5.810479759319,6.));
#1717 = CARTESIAN_POINT('',(16.801205095675,5.028260055093,6.));
#1718 = CARTESIAN_POINT('',(10.331314592775,13.266964310863,6.));
#1719 = CARTESIAN_POINT('',(1.079946959909,15.578924855813,6.));
#1720 = CARTESIAN_POINT('',(-6.779256100838,12.395600617656,6.));
#1721 = CARTESIAN_POINT('',(-10.86310756073,6.284069206842,6.));
#1722 = CARTESIAN_POINT('',(-11.00000000056,9.257791043083E-04,6.));
#1723 = ADVANCED_FACE('',(#1724),#1750,.T.);
#1724 = FACE_BOUND('',#1725,.T.);
#1725 = EDGE_LOOP('',(#1726,#1743,#1744,#1745));
#1726 = ORIENTED_EDGE('',*,*,#1727,.F.);
#1727 = EDGE_CURVE('',#1624,#1728,#1730,.T.);
#1728 = VERTEX_POINT('',#1729);
#1729 = CARTESIAN_POINT('',(-11.75000000127,1.387330070208E-03,6.));
#1730 = B_SPLINE_CURVE_WITH_KNOTS('',11,(#1731,#1732,#1733,#1734,#1735,
    #1736,#1737,#1738,#1739,#1740,#1741,#1742),.UNSPECIFIED.,.F.,.F.,(12
    ,12),(0.,6.289678072638),.PIECEWISE_BEZIER_KNOTS.);
#1731 = CARTESIAN_POINT('',(-10.25000000056,9.266993617888E-04,6.));
#1732 = CARTESIAN_POINT('',(-10.38689296629,-5.853817702538,6.));
#1733 = CARTESIAN_POINT('',(-6.845978072877,-11.87989872248,6.));
#1734 = CARTESIAN_POINT('',(0.56016947066,-15.51284691513,6.));
#1735 = CARTESIAN_POINT('',(9.957824097485,-13.97719524991,6.));
#1736 = CARTESIAN_POINT('',(17.393334901708,-6.207770053784,6.));
#1737 = CARTESIAN_POINT('',(18.008333047415,5.424062749464,6.));
#1738 = CARTESIAN_POINT('',(11.048012501504,14.228078227819,6.));
#1739 = CARTESIAN_POINT('',(1.138520442828,16.676251085132,6.));
#1740 = CARTESIAN_POINT('',(-7.259615544457,13.25268506435,6.));
#1741 = CARTESIAN_POINT('',(-11.61284392393,6.71292988445,6.));
#1742 = CARTESIAN_POINT('',(-11.75000000127,1.387330070164E-03,6.));
#1743 = ORIENTED_EDGE('',*,*,#1642,.T.);
#1744 = ORIENTED_EDGE('',*,*,#1370,.T.);
#1745 = ORIENTED_EDGE('',*,*,#1746,.F.);
#1746 = EDGE_CURVE('',#1728,#1357,#1747,.T.);
#1747 = B_SPLINE_CURVE_WITH_KNOTS('',1,(#1748,#1749),.UNSPECIFIED.,.F.,
  .F.,(2,2),(-2.,-0.),.PIECEWISE_BEZIER_KNOTS.);
#1748 = CARTESIAN_POINT('',(-11.75000000127,1.387330070164E-03,6.));
#1749 = CARTESIAN_POINT('',(-11.75000000127,1.387330070164E-03,8.));
#1750 = B_SPLINE_SURFACE_WITH_KNOTS('',1,11,(
    (#1751,#1752,#1753,#1754,#1755,#1756,#1757,#1758,#1759,#1760,#1761
      ,#1762)
    ,(#1763,#1764,#1765,#1766,#1767,#1768,#1769,#1770,#1771,#1772,#1773
      ,#1774
    )),.UNSPECIFIED.,.F.,.F.,.F.,(2,2),(12,12),(-2.,-0.),(0.,
    6.289678072638),.PIECEWISE_BEZIER_KNOTS.);
#1751 = CARTESIAN_POINT('',(-10.25000000056,9.266993617888E-04,6.));
#1752 = CARTESIAN_POINT('',(-10.38689296629,-5.853817702538,6.));
#1753 = CARTESIAN_POINT('',(-6.845978072877,-11.87989872248,6.));
#1754 = CARTESIAN_POINT('',(0.56016947066,-15.51284691513,6.));
#1755 = CARTESIAN_POINT('',(9.957824097485,-13.97719524991,6.));
#1756 = CARTESIAN_POINT('',(17.393334901708,-6.207770053784,6.));
#1757 = CARTESIAN_POINT('',(18.008333047415,5.424062749464,6.));
#1758 = CARTESIAN_POINT('',(11.048012501504,14.228078227819,6.));
#1759 = CARTESIAN_POINT('',(1.138520442828,16.676251085132,6.));
#1760 = CARTESIAN_POINT('',(-7.259615544457,13.25268506435,6.));
#1761 = CARTESIAN_POINT('',(-11.61284392393,6.71292988445,6.));
#1762 = CARTESIAN_POINT('',(-11.75000000127,1.387330070164E-03,6.));
#1763 = CARTESIAN_POINT('',(-10.25000000056,9.266993617888E-04,8.));
#1764 = CARTESIAN_POINT('',(-10.38689296629,-5.853817702538,8.));
#1765 = CARTESIAN_POINT('',(-6.845978072875,-11.87989872248,8.));
#1766 = CARTESIAN_POINT('',(0.560169470655,-15.51284691513,
    7.999999999999));
#1767 = CARTESIAN_POINT('',(9.957824097495,-13.97719524991,
    8.000000000001));
#1768 = CARTESIAN_POINT('',(17.393334901695,-6.207770053784,
    7.999999999999));
#1769 = CARTESIAN_POINT('',(18.008333047429,5.424062749464,
    8.000000000001));
#1770 = CARTESIAN_POINT('',(11.048012501494,14.228078227819,
    7.999999999999));
#1771 = CARTESIAN_POINT('',(1.138520442834,16.676251085132,8.));
#1772 = CARTESIAN_POINT('',(-7.259615544459,13.25268506435,8.));
#1773 = CARTESIAN_POINT('',(-11.61284392393,6.71292988445,8.));
#1774 = CARTESIAN_POINT('',(-11.75000000127,1.387330070164E-03,8.));
#1775 = ADVANCED_FACE('',(#1776),#1802,.T.);
#1776 = FACE_BOUND('',#1777,.T.);
#1777 = EDGE_LOOP('',(#1778,#1779,#1780,#1797));
#1778 = ORIENTED_EDGE('',*,*,#1318,.F.);
#1779 = ORIENTED_EDGE('',*,*,#1694,.T.);
#1780 = ORIENTED_EDGE('',*,*,#1781,.T.);
#1781 = EDGE_CURVE('',#1678,#1782,#1784,.T.);
#1782 = VERTEX_POINT('',#1783);
#1783 = CARTESIAN_POINT('',(-12.50000000127,1.385952383942E-03,6.));
#1784 = B_SPLINE_CURVE_WITH_KNOTS('',11,(#1785,#1786,#1787,#1788,#1789,
    #1790,#1791,#1792,#1793,#1794,#1795,#1796),.UNSPECIFIED.,.F.,.F.,(12
    ,12),(0.,6.289678072638),.PIECEWISE_BEZIER_KNOTS.);
#1785 = CARTESIAN_POINT('',(-11.00000000056,9.257791042258E-04,6.));
#1786 = CARTESIAN_POINT('',(-11.13689244064,-6.282217662628,6.));
#1787 = CARTESIAN_POINT('',(-7.326863834888,-12.73668768407,6.));
#1788 = CARTESIAN_POINT('',(0.618068676471,-16.61020849684,6.));
#1789 = CARTESIAN_POINT('',(10.673930948866,-14.93874921134,6.));
#1790 = CARTESIAN_POINT('',(18.600218837315,-6.604314345127,6.));
#1791 = CARTESIAN_POINT('',(19.215215767608,5.820610739526,6.));
#1792 = CARTESIAN_POINT('',(11.764116406031,15.189634383559,6.));
#1793 = CARTESIAN_POINT('',(1.19641628586,17.773612844126,6.));
#1794 = CARTESIAN_POINT('',(-7.740503931808,14.10947255222,6.));
#1795 = CARTESIAN_POINT('',(-12.36284471087,7.141327546442,6.));
#1796 = CARTESIAN_POINT('',(-12.50000000127,1.385952383903E-03,6.));
#1797 = ORIENTED_EDGE('',*,*,#1798,.F.);
#1798 = EDGE_CURVE('',#1319,#1782,#1799,.T.);
#1799 = B_SPLINE_CURVE_WITH_KNOTS('',1,(#1800,#1801),.UNSPECIFIED.,.F.,
  .F.,(2,2),(-2.,-0.),.PIECEWISE_BEZIER_KNOTS.);
#1800 = CARTESIAN_POINT('',(-12.50000000127,1.385952383903E-03,8.));
#1801 = CARTESIAN_POINT('',(-12.50000000127,1.385952383903E-03,6.));
#1802 = B_SPLINE_SURFACE_WITH_KNOTS('',1,11,(
    (#1803,#1804,#1805,#1806,#1807,#1808,#1809,#1810,#1811,#1812,#1813
      ,#1814)
    ,(#1815,#1816,#1817,#1818,#1819,#1820,#1821,#1822,#1823,#1824,#1825
      ,#1826
    )),.UNSPECIFIED.,.F.,.F.,.F.,(2,2),(12,12),(-2.,-0.),(0.,
    6.289678072638),.PIECEWISE_BEZIER_KNOTS.);
#1803 = CARTESIAN_POINT('',(-11.00000000056,9.257791042258E-04,8.));
#1804 = CARTESIAN_POINT('',(-11.13689244064,-6.282217662628,8.));
#1805 = CARTESIAN_POINT('',(-7.326863834887,-12.73668768407,8.));
#1806 = CARTESIAN_POINT('',(0.618068676468,-16.61020849684,
    7.999999999999));
#1807 = CARTESIAN_POINT('',(10.67393094887,-14.93874921134,
    8.000000000001));
#1808 = CARTESIAN_POINT('',(18.600218837309,-6.604314345127,
    7.999999999999));
#1809 = CARTESIAN_POINT('',(19.215215767615,5.820610739526,
    8.000000000001));
#1810 = CARTESIAN_POINT('',(11.764116406025,15.189634383559,
    7.999999999999));
#1811 = CARTESIAN_POINT('',(1.196416285863,17.773612844126,8.));
#1812 = CARTESIAN_POINT('',(-7.74050393181,14.10947255222,8.));
#1813 = CARTESIAN_POINT('',(-12.36284471087,7.141327546442,8.));
#1814 = CARTESIAN_POINT('',(-12.50000000127,1.385952383903E-03,8.));
#1815 = CARTESIAN_POINT('',(-11.00000000056,9.257791042258E-04,6.));
#1816 = CARTESIAN_POINT('',(-11.13689244064,-6.282217662628,6.));
#1817 = CARTESIAN_POINT('',(-7.326863834888,-12.73668768407,6.));
#1818 = CARTESIAN_POINT('',(0.618068676471,-16.61020849684,6.));
#1819 = CARTESIAN_POINT('',(10.673930948866,-14.93874921134,6.));
#1820 = CARTESIAN_POINT('',(18.600218837315,-6.604314345127,6.));
#1821 = CARTESIAN_POINT('',(19.215215767608,5.820610739526,6.));
#1822 = CARTESIAN_POINT('',(11.764116406031,15.189634383559,6.));
#1823 = CARTESIAN_POINT('',(1.19641628586,17.773612844126,6.));
#1824 = CARTESIAN_POINT('',(-7.740503931808,14.10947255222,6.));
#1825 = CARTESIAN_POINT('',(-12.36284471087,7.141327546442,6.));
#1826 = CARTESIAN_POINT('',(-12.50000000127,1.385952383903E-03,6.));
#1827 = ADVANCED_FACE('',(#1828),#1851,.T.);
#1828 = FACE_BOUND('',#1829,.T.);
#1829 = EDGE_LOOP('',(#1830,#1844,#1845,#1846));
#1830 = ORIENTED_EDGE('',*,*,#1831,.F.);
#1831 = EDGE_CURVE('',#1728,#1832,#1834,.T.);
#1832 = VERTEX_POINT('',#1833);
#1833 = CARTESIAN_POINT('',(12.500000001731,-1.616970612954E-03,6.));
#1834 = B_SPLINE_CURVE_WITH_KNOTS('',8,(#1835,#1836,#1837,#1838,#1839,
    #1840,#1841,#1842,#1843),.UNSPECIFIED.,.F.,.F.,(9,9),(0.,
    3.144839036319),.PIECEWISE_BEZIER_KNOTS.);
#1835 = CARTESIAN_POINT('',(-11.75000000127,1.387330070425E-03,6.));
#1836 = CARTESIAN_POINT('',(-11.84429480457,-4.612798178588,6.));
#1837 = CARTESIAN_POINT('',(-9.867288733533,-9.311518452365,6.));
#1838 = CARTESIAN_POINT('',(-5.756494480171,-13.0092671831,6.));
#1839 = CARTESIAN_POINT('',(-0.112553450098,-14.57186026086,6.));
#1840 = CARTESIAN_POINT('',(5.676520283659,-13.32097804344,6.));
#1841 = CARTESIAN_POINT('',(10.107724968217,-9.734574062503,6.));
#1842 = CARTESIAN_POINT('',(12.405615018877,-4.910326844669,6.));
#1843 = CARTESIAN_POINT('',(12.500000001731,-1.616970612954E-03,6.));
#1844 = ORIENTED_EDGE('',*,*,#1746,.T.);
#1845 = ORIENTED_EDGE('',*,*,#1356,.T.);
#1846 = ORIENTED_EDGE('',*,*,#1847,.F.);
#1847 = EDGE_CURVE('',#1832,#1350,#1848,.T.);
#1848 = B_SPLINE_CURVE_WITH_KNOTS('',1,(#1849,#1850),.UNSPECIFIED.,.F.,
  .F.,(2,2),(-2.,-0.),.PIECEWISE_BEZIER_KNOTS.);
#1849 = CARTESIAN_POINT('',(12.500000001731,-1.616970612954E-03,6.));
#1850 = CARTESIAN_POINT('',(12.500000001731,-1.61697061295E-03,8.));
#1851 = B_SPLINE_SURFACE_WITH_KNOTS('',1,8,(
    (#1852,#1853,#1854,#1855,#1856,#1857,#1858,#1859,#1860)
    ,(#1861,#1862,#1863,#1864,#1865,#1866,#1867,#1868,#1869
  )),.UNSPECIFIED.,.F.,.F.,.F.,(2,2),(9,9),(-2.,-0.),(0.,3.144839036319)
  ,.PIECEWISE_BEZIER_KNOTS.);
#1852 = CARTESIAN_POINT('',(-11.75000000127,1.387330070425E-03,6.));
#1853 = CARTESIAN_POINT('',(-11.84429480457,-4.612798178588,6.));
#1854 = CARTESIAN_POINT('',(-9.867288733533,-9.311518452365,6.));
#1855 = CARTESIAN_POINT('',(-5.756494480171,-13.0092671831,6.));
#1856 = CARTESIAN_POINT('',(-0.112553450098,-14.57186026086,6.));
#1857 = CARTESIAN_POINT('',(5.676520283659,-13.32097804344,6.));
#1858 = CARTESIAN_POINT('',(10.107724968217,-9.734574062503,6.));
#1859 = CARTESIAN_POINT('',(12.405615018877,-4.910326844669,6.));
#1860 = CARTESIAN_POINT('',(12.500000001731,-1.616970612954E-03,6.));
#1861 = CARTESIAN_POINT('',(-11.75000000127,1.387330070425E-03,8.));
#1862 = CARTESIAN_POINT('',(-11.84429480457,-4.612798178588,8.));
#1863 = CARTESIAN_POINT('',(-9.867288733533,-9.311518452365,8.));
#1864 = CARTESIAN_POINT('',(-5.756494480171,-13.0092671831,8.));
#1865 = CARTESIAN_POINT('',(-0.112553450098,-14.57186026086,8.));
#1866 = CARTESIAN_POINT('',(5.676520283659,-13.32097804344,8.));
#1867 = CARTESIAN_POINT('',(10.107724968217,-9.734574062502,8.));
#1868 = CARTESIAN_POINT('',(12.405615018877,-4.910326844669,8.));
#1869 = CARTESIAN_POINT('',(12.500000001731,-1.61697061295E-03,8.));
#1870 = ADVANCED_FACE('',(#1871),#1894,.T.);
#1871 = FACE_BOUND('',#1872,.T.);
#1872 = EDGE_LOOP('',(#1873,#1874,#1875,#1889));
#1873 = ORIENTED_EDGE('',*,*,#1335,.F.);
#1874 = ORIENTED_EDGE('',*,*,#1798,.T.);
#1875 = ORIENTED_EDGE('',*,*,#1876,.T.);
#1876 = EDGE_CURVE('',#1782,#1877,#1879,.T.);
#1877 = VERTEX_POINT('',#1878);
#1878 = CARTESIAN_POINT('',(13.250000001729,-1.615364882458E-03,6.));
#1879 = B_SPLINE_CURVE_WITH_KNOTS('',8,(#1880,#1881,#1882,#1883,#1884,
    #1885,#1886,#1887,#1888),.UNSPECIFIED.,.F.,.F.,(9,9),(0.,
    3.144839036319),.PIECEWISE_BEZIER_KNOTS.);
#1880 = CARTESIAN_POINT('',(-12.50000000127,1.385952384158E-03,6.));
#1881 = CARTESIAN_POINT('',(-12.59429426355,-4.90732389605,6.));
#1882 = CARTESIAN_POINT('',(-10.48507553747,-9.900571760071,6.));
#1883 = CARTESIAN_POINT('',(-6.110094240716,-13.82360609076,6.));
#1884 = CARTESIAN_POINT('',(-0.112551657271,-15.47321459157,6.));
#1885 = CARTESIAN_POINT('',(6.030123283677,-14.13531554444,6.));
#1886 = CARTESIAN_POINT('',(10.725514115393,-10.32362491261,6.));
#1887 = CARTESIAN_POINT('',(13.155615649444,-5.20484957866,6.));
#1888 = CARTESIAN_POINT('',(13.250000001729,-1.615364882456E-03,6.));
#1889 = ORIENTED_EDGE('',*,*,#1890,.F.);
#1890 = EDGE_CURVE('',#1336,#1877,#1891,.T.);
#1891 = B_SPLINE_CURVE_WITH_KNOTS('',1,(#1892,#1893),.UNSPECIFIED.,.F.,
  .F.,(2,2),(-2.,-0.),.PIECEWISE_BEZIER_KNOTS.);
#1892 = CARTESIAN_POINT('',(13.250000001729,-1.615364882456E-03,8.));
#1893 = CARTESIAN_POINT('',(13.250000001729,-1.615364882456E-03,6.));
#1894 = B_SPLINE_SURFACE_WITH_KNOTS('',1,8,(
    (#1895,#1896,#1897,#1898,#1899,#1900,#1901,#1902,#1903)
    ,(#1904,#1905,#1906,#1907,#1908,#1909,#1910,#1911,#1912
  )),.UNSPECIFIED.,.F.,.F.,.F.,(2,2),(9,9),(-2.,-0.),(0.,3.144839036319)
  ,.PIECEWISE_BEZIER_KNOTS.);
#1895 = CARTESIAN_POINT('',(-12.50000000127,1.385952384156E-03,8.));
#1896 = CARTESIAN_POINT('',(-12.59429426355,-4.90732389605,8.));
#1897 = CARTESIAN_POINT('',(-10.48507553747,-9.900571760071,8.));
#1898 = CARTESIAN_POINT('',(-6.110094240716,-13.82360609076,8.));
#1899 = CARTESIAN_POINT('',(-0.112551657271,-15.47321459157,8.));
#1900 = CARTESIAN_POINT('',(6.030123283677,-14.13531554444,8.));
#1901 = CARTESIAN_POINT('',(10.725514115393,-10.32362491261,8.));
#1902 = CARTESIAN_POINT('',(13.155615649444,-5.20484957866,8.));
#1903 = CARTESIAN_POINT('',(13.250000001729,-1.615364882456E-03,8.));
#1904 = CARTESIAN_POINT('',(-12.50000000127,1.385952384158E-03,6.));
#1905 = CARTESIAN_POINT('',(-12.59429426355,-4.90732389605,6.));
#1906 = CARTESIAN_POINT('',(-10.48507553747,-9.900571760071,6.));
#1907 = CARTESIAN_POINT('',(-6.110094240716,-13.82360609076,6.));
#1908 = CARTESIAN_POINT('',(-0.112551657271,-15.47321459157,6.));
#1909 = CARTESIAN_POINT('',(6.030123283677,-14.13531554444,6.));
#1910 = CARTESIAN_POINT('',(10.725514115393,-10.32362491261,6.));
#1911 = CARTESIAN_POINT('',(13.155615649444,-5.20484957866,6.));
#1912 = CARTESIAN_POINT('',(13.250000001729,-1.615364882456E-03,6.));
#1913 = ADVANCED_FACE('',(#1914),#1924,.T.);
#1914 = FACE_BOUND('',#1915,.F.);
#1915 = EDGE_LOOP('',(#1916,#1917,#1918,#1923));
#1916 = ORIENTED_EDGE('',*,*,#1349,.F.);
#1917 = ORIENTED_EDGE('',*,*,#1847,.F.);
#1918 = ORIENTED_EDGE('',*,*,#1919,.F.);
#1919 = EDGE_CURVE('',#1877,#1832,#1920,.T.);
#1920 = B_SPLINE_CURVE_WITH_KNOTS('',1,(#1921,#1922),.UNSPECIFIED.,.F.,
  .F.,(2,2),(-0.75,-0.),.PIECEWISE_BEZIER_KNOTS.);
#1921 = CARTESIAN_POINT('',(13.250000001729,-1.615364882458E-03,6.));
#1922 = CARTESIAN_POINT('',(12.500000001731,-1.616970612954E-03,6.));
#1923 = ORIENTED_EDGE('',*,*,#1890,.F.);
#1924 = PLANE('',#1925);
#1925 = AXIS2_PLACEMENT_3D('',#1926,#1927,#1928);
#1926 = CARTESIAN_POINT('',(12.87500000173,-1.616167747617E-03,
    6.999999999998));
#1927 = DIRECTION('',(-2.140973992863E-06,0.999999999998,0.));
#1928 = DIRECTION('',(0.,0.,1.));
#1929 = ADVANCED_FACE('',(#1930),#1955,.T.);
#1930 = FACE_BOUND('',#1931,.T.);
#1931 = EDGE_LOOP('',(#1932,#1940,#1941,#1949));
#1932 = ORIENTED_EDGE('',*,*,#1933,.T.);
#1933 = EDGE_CURVE('',#1934,#1440,#1936,.T.);
#1934 = VERTEX_POINT('',#1935);
#1935 = CARTESIAN_POINT('',(4.,4.,6.));
#1936 = LINE('',#1937,#1938);
#1937 = CARTESIAN_POINT('',(4.,4.,6.));
#1938 = VECTOR('',#1939,1.);
#1939 = DIRECTION('',(0.,0.,1.));
#1940 = ORIENTED_EDGE('',*,*,#1439,.T.);
#1941 = ORIENTED_EDGE('',*,*,#1942,.F.);
#1942 = EDGE_CURVE('',#1943,#1442,#1945,.T.);
#1943 = VERTEX_POINT('',#1944);
#1944 = CARTESIAN_POINT('',(-4.,4.,6.));
#1945 = LINE('',#1946,#1947);
#1946 = CARTESIAN_POINT('',(-4.,4.,6.));
#1947 = VECTOR('',#1948,1.);
#1948 = DIRECTION('',(0.,0.,1.));
#1949 = ORIENTED_EDGE('',*,*,#1950,.F.);
#1950 = EDGE_CURVE('',#1934,#1943,#1951,.T.);
#1951 = LINE('',#1952,#1953);
#1952 = CARTESIAN_POINT('',(4.,4.,6.));
#1953 = VECTOR('',#1954,1.);
#1954 = DIRECTION('',(-1.,1.224646799147E-16,0.));
#1955 = PLANE('',#1956);
#1956 = AXIS2_PLACEMENT_3D('',#1957,#1958,#1959);
#1957 = CARTESIAN_POINT('',(4.,4.,6.));
#1958 = DIRECTION('',(-1.224646799147E-16,-1.,0.));
#1959 = DIRECTION('',(-1.,1.224646799147E-16,0.));
#1960 = ADVANCED_FACE('',(#1961),#1979,.T.);
#1961 = FACE_BOUND('',#1962,.T.);
#1962 = EDGE_LOOP('',(#1963,#1971,#1972,#1973));
#1963 = ORIENTED_EDGE('',*,*,#1964,.T.);
#1964 = EDGE_CURVE('',#1965,#1450,#1967,.T.);
#1965 = VERTEX_POINT('',#1966);
#1966 = CARTESIAN_POINT('',(4.,-4.,6.));
#1967 = LINE('',#1968,#1969);
#1968 = CARTESIAN_POINT('',(4.,-4.,6.));
#1969 = VECTOR('',#1970,1.);
#1970 = DIRECTION('',(0.,0.,1.));
#1971 = ORIENTED_EDGE('',*,*,#1449,.T.);
#1972 = ORIENTED_EDGE('',*,*,#1933,.F.);
#1973 = ORIENTED_EDGE('',*,*,#1974,.F.);
#1974 = EDGE_CURVE('',#1965,#1934,#1975,.T.);
#1975 = LINE('',#1976,#1977);
#1976 = CARTESIAN_POINT('',(4.,-4.,6.));
#1977 = VECTOR('',#1978,1.);
#1978 = DIRECTION('',(1.224646799147E-16,1.,0.));
#1979 = PLANE('',#1980);
#1980 = AXIS2_PLACEMENT_3D('',#1981,#1982,#1983);
#1981 = CARTESIAN_POINT('',(4.,-4.,6.));
#1982 = DIRECTION('',(-1.,1.224646799147E-16,0.));
#1983 = DIRECTION('',(1.224646799147E-16,1.,0.));
#1984 = ADVANCED_FACE('',(#1985),#2003,.T.);
#1985 = FACE_BOUND('',#1986,.T.);
#1986 = EDGE_LOOP('',(#1987,#1988,#1989,#1997));
#1987 = ORIENTED_EDGE('',*,*,#1942,.T.);
#1988 = ORIENTED_EDGE('',*,*,#1465,.T.);
#1989 = ORIENTED_EDGE('',*,*,#1990,.F.);
#1990 = EDGE_CURVE('',#1991,#1458,#1993,.T.);
#1991 = VERTEX_POINT('',#1992);
#1992 = CARTESIAN_POINT('',(-4.,-4.,6.));
#1993 = LINE('',#1994,#1995);
#1994 = CARTESIAN_POINT('',(-4.,-4.,6.));
#1995 = VECTOR('',#1996,1.);
#1996 = DIRECTION('',(0.,0.,1.));
#1997 = ORIENTED_EDGE('',*,*,#1998,.F.);
#1998 = EDGE_CURVE('',#1943,#1991,#1999,.T.);
#1999 = LINE('',#2000,#2001);
#2000 = CARTESIAN_POINT('',(-4.,4.,6.));
#2001 = VECTOR('',#2002,1.);
#2002 = DIRECTION('',(-1.224646799147E-16,-1.,0.));
#2003 = PLANE('',#2004);
#2004 = AXIS2_PLACEMENT_3D('',#2005,#2006,#2007);
#2005 = CARTESIAN_POINT('',(-4.,4.,6.));
#2006 = DIRECTION('',(1.,-1.224646799147E-16,0.));
#2007 = DIRECTION('',(-1.224646799147E-16,-1.,0.));
#2008 = ADVANCED_FACE('',(#2009),#2020,.T.);
#2009 = FACE_BOUND('',#2010,.T.);
#2010 = EDGE_LOOP('',(#2011,#2012,#2013,#2014));
#2011 = ORIENTED_EDGE('',*,*,#1990,.T.);
#2012 = ORIENTED_EDGE('',*,*,#1457,.T.);
#2013 = ORIENTED_EDGE('',*,*,#1964,.F.);
#2014 = ORIENTED_EDGE('',*,*,#2015,.F.);
#2015 = EDGE_CURVE('',#1991,#1965,#2016,.T.);
#2016 = LINE('',#2017,#2018);
#2017 = CARTESIAN_POINT('',(-4.,-4.,6.));
#2018 = VECTOR('',#2019,1.);
#2019 = DIRECTION('',(1.,-1.224646799147E-16,0.));
#2020 = PLANE('',#2021);
#2021 = AXIS2_PLACEMENT_3D('',#2022,#2023,#2024);
#2022 = CARTESIAN_POINT('',(-4.,-4.,6.));
#2023 = DIRECTION('',(1.224646799147E-16,1.,0.));
#2024 = DIRECTION('',(1.,-1.224646799147E-16,0.));
#2025 = ADVANCED_FACE('',(#2026,#2038,#2072,#2106,#2112,#2146),#2180,.T.
  );
#2026 = FACE_BOUND('',#2027,.T.);
#2027 = EDGE_LOOP('',(#2028,#2029,#2030,#2031,#2032,#2033,#2034,#2035,
    #2036,#2037));
#2028 = ORIENTED_EDGE('',*,*,#1493,.F.);
#2029 = ORIENTED_EDGE('',*,*,#1519,.T.);
#2030 = ORIENTED_EDGE('',*,*,#1623,.T.);
#2031 = ORIENTED_EDGE('',*,*,#1727,.T.);
#2032 = ORIENTED_EDGE('',*,*,#1831,.T.);
#2033 = ORIENTED_EDGE('',*,*,#1919,.F.);
#2034 = ORIENTED_EDGE('',*,*,#1876,.F.);
#2035 = ORIENTED_EDGE('',*,*,#1781,.F.);
#2036 = ORIENTED_EDGE('',*,*,#1677,.F.);
#2037 = ORIENTED_EDGE('',*,*,#1573,.F.);
#2038 = FACE_BOUND('',#2039,.T.);
#2039 = EDGE_LOOP('',(#2040,#2050,#2058,#2066));
#2040 = ORIENTED_EDGE('',*,*,#2041,.F.);
#2041 = EDGE_CURVE('',#2042,#2044,#2046,.T.);
#2042 = VERTEX_POINT('',#2043);
#2043 = CARTESIAN_POINT('',(-5.,-1.,6.));
#2044 = VERTEX_POINT('',#2045);
#2045 = CARTESIAN_POINT('',(-7.,-1.,6.));
#2046 = LINE('',#2047,#2048);
#2047 = CARTESIAN_POINT('',(-2.47484302877,-1.,6.));
#2048 = VECTOR('',#2049,1.);
#2049 = DIRECTION('',(-1.,2.22044604925E-16,0.));
#2050 = ORIENTED_EDGE('',*,*,#2051,.F.);
#2051 = EDGE_CURVE('',#2052,#2042,#2054,.T.);
#2052 = VERTEX_POINT('',#2053);
#2053 = CARTESIAN_POINT('',(-5.,1.,6.));
#2054 = LINE('',#2055,#2056);
#2055 = CARTESIAN_POINT('',(-5.,0.252962068041,6.));
#2056 = VECTOR('',#2057,1.);
#2057 = DIRECTION('',(-2.22044604925E-16,-1.,-0.));
#2058 = ORIENTED_EDGE('',*,*,#2059,.F.);
#2059 = EDGE_CURVE('',#2060,#2052,#2062,.T.);
#2060 = VERTEX_POINT('',#2061);
#2061 = CARTESIAN_POINT('',(-7.,1.,6.));
#2062 = LINE('',#2063,#2064);
#2063 = CARTESIAN_POINT('',(-3.47484302877,1.,6.));
#2064 = VECTOR('',#2065,1.);
#2065 = DIRECTION('',(1.,-2.22044604925E-16,0.));
#2066 = ORIENTED_EDGE('',*,*,#2067,.F.);
#2067 = EDGE_CURVE('',#2044,#2060,#2068,.T.);
#2068 = LINE('',#2069,#2070);
#2069 = CARTESIAN_POINT('',(-7.,-0.747037931959,6.));
#2070 = VECTOR('',#2071,1.);
#2071 = DIRECTION('',(2.22044604925E-16,1.,0.));
#2072 = FACE_BOUND('',#2073,.T.);
#2073 = EDGE_LOOP('',(#2074,#2084,#2092,#2100));
#2074 = ORIENTED_EDGE('',*,*,#2075,.F.);
#2075 = EDGE_CURVE('',#2076,#2078,#2080,.T.);
#2076 = VERTEX_POINT('',#2077);
#2077 = CARTESIAN_POINT('',(-1.,5.,6.));
#2078 = VERTEX_POINT('',#2079);
#2079 = CARTESIAN_POINT('',(-1.,7.,6.));
#2080 = LINE('',#2081,#2082);
#2081 = CARTESIAN_POINT('',(-1.,2.252962068041,6.));
#2082 = VECTOR('',#2083,1.);
#2083 = DIRECTION('',(1.224646799147E-16,1.,0.));
#2084 = ORIENTED_EDGE('',*,*,#2085,.F.);
#2085 = EDGE_CURVE('',#2086,#2076,#2088,.T.);
#2086 = VERTEX_POINT('',#2087);
#2087 = CARTESIAN_POINT('',(1.,5.,6.));
#2088 = LINE('',#2089,#2090);
#2089 = CARTESIAN_POINT('',(0.52515697123,5.,6.));
#2090 = VECTOR('',#2091,1.);
#2091 = DIRECTION('',(-1.,1.224646799147E-16,0.));
#2092 = ORIENTED_EDGE('',*,*,#2093,.F.);
#2093 = EDGE_CURVE('',#2094,#2086,#2096,.T.);
#2094 = VERTEX_POINT('',#2095);
#2095 = CARTESIAN_POINT('',(1.,7.,6.));
#2096 = LINE('',#2097,#2098);
#2097 = CARTESIAN_POINT('',(1.,3.252962068041,6.));
#2098 = VECTOR('',#2099,1.);
#2099 = DIRECTION('',(-1.224646799147E-16,-1.,-0.));
#2100 = ORIENTED_EDGE('',*,*,#2101,.F.);
#2101 = EDGE_CURVE('',#2078,#2094,#2102,.T.);
#2102 = LINE('',#2103,#2104);
#2103 = CARTESIAN_POINT('',(-0.47484302877,7.,6.));
#2104 = VECTOR('',#2105,1.);
#2105 = DIRECTION('',(1.,-1.224646799147E-16,0.));
#2106 = FACE_BOUND('',#2107,.T.);
#2107 = EDGE_LOOP('',(#2108,#2109,#2110,#2111));
#2108 = ORIENTED_EDGE('',*,*,#1950,.T.);
#2109 = ORIENTED_EDGE('',*,*,#1998,.T.);
#2110 = ORIENTED_EDGE('',*,*,#2015,.T.);
#2111 = ORIENTED_EDGE('',*,*,#1974,.T.);
#2112 = FACE_BOUND('',#2113,.T.);
#2113 = EDGE_LOOP('',(#2114,#2124,#2132,#2140));
#2114 = ORIENTED_EDGE('',*,*,#2115,.F.);
#2115 = EDGE_CURVE('',#2116,#2118,#2120,.T.);
#2116 = VERTEX_POINT('',#2117);
#2117 = CARTESIAN_POINT('',(5.,1.,6.));
#2118 = VERTEX_POINT('',#2119);
#2119 = CARTESIAN_POINT('',(7.,1.,6.));
#2120 = LINE('',#2121,#2122);
#2121 = CARTESIAN_POINT('',(2.52515697123,1.,6.));
#2122 = VECTOR('',#2123,1.);
#2123 = DIRECTION('',(1.,-1.110223024625E-16,0.));
#2124 = ORIENTED_EDGE('',*,*,#2125,.F.);
#2125 = EDGE_CURVE('',#2126,#2116,#2128,.T.);
#2126 = VERTEX_POINT('',#2127);
#2127 = CARTESIAN_POINT('',(5.,-1.,6.));
#2128 = LINE('',#2129,#2130);
#2129 = CARTESIAN_POINT('',(5.,-0.747037931959,6.));
#2130 = VECTOR('',#2131,1.);
#2131 = DIRECTION('',(1.110223024625E-16,1.,0.));
#2132 = ORIENTED_EDGE('',*,*,#2133,.F.);
#2133 = EDGE_CURVE('',#2134,#2126,#2136,.T.);
#2134 = VERTEX_POINT('',#2135);
#2135 = CARTESIAN_POINT('',(7.,-1.,6.));
#2136 = LINE('',#2137,#2138);
#2137 = CARTESIAN_POINT('',(3.52515697123,-1.,6.));
#2138 = VECTOR('',#2139,1.);
#2139 = DIRECTION('',(-1.,1.110223024625E-16,0.));
#2140 = ORIENTED_EDGE('',*,*,#2141,.F.);
#2141 = EDGE_CURVE('',#2118,#2134,#2142,.T.);
#2142 = LINE('',#2143,#2144);
#2143 = CARTESIAN_POINT('',(7.,0.252962068041,6.));
#2144 = VECTOR('',#2145,1.);
#2145 = DIRECTION('',(-1.110223024625E-16,-1.,-0.));
#2146 = FACE_BOUND('',#2147,.T.);
#2147 = EDGE_LOOP('',(#2148,#2158,#2166,#2174));
#2148 = ORIENTED_EDGE('',*,*,#2149,.F.);
#2149 = EDGE_CURVE('',#2150,#2152,#2154,.T.);
#2150 = VERTEX_POINT('',#2151);
#2151 = CARTESIAN_POINT('',(1.,-5.,6.));
#2152 = VERTEX_POINT('',#2153);
#2153 = CARTESIAN_POINT('',(1.,-7.,6.));
#2154 = LINE('',#2155,#2156);
#2155 = CARTESIAN_POINT('',(1.,-2.747037931959,6.));
#2156 = VECTOR('',#2157,1.);
#2157 = DIRECTION('',(0.,-1.,0.));
#2158 = ORIENTED_EDGE('',*,*,#2159,.F.);
#2159 = EDGE_CURVE('',#2160,#2150,#2162,.T.);
#2160 = VERTEX_POINT('',#2161);
#2161 = CARTESIAN_POINT('',(-1.,-5.,6.));
#2162 = LINE('',#2163,#2164);
#2163 = CARTESIAN_POINT('',(-0.47484302877,-5.,6.));
#2164 = VECTOR('',#2165,1.);
#2165 = DIRECTION('',(1.,0.,0.));
#2166 = ORIENTED_EDGE('',*,*,#2167,.F.);
#2167 = EDGE_CURVE('',#2168,#2160,#2170,.T.);
#2168 = VERTEX_POINT('',#2169);
#2169 = CARTESIAN_POINT('',(-1.,-7.,6.));
#2170 = LINE('',#2171,#2172);
#2171 = CARTESIAN_POINT('',(-1.,-3.747037931959,6.));
#2172 = VECTOR('',#2173,1.);
#2173 = DIRECTION('',(0.,1.,0.));
#2174 = ORIENTED_EDGE('',*,*,#2175,.F.);
#2175 = EDGE_CURVE('',#2152,#2168,#2176,.T.);
#2176 = LINE('',#2177,#2178);
#2177 = CARTESIAN_POINT('',(0.52515697123,-7.,6.));
#2178 = VECTOR('',#2179,1.);
#2179 = DIRECTION('',(-1.,-0.,-0.));
#2180 = PLANE('',#2181);
#2181 = AXIS2_PLACEMENT_3D('',#2182,#2183,#2184);
#2182 = CARTESIAN_POINT('',(5.031394246069E-02,-0.494075863918,6.));
#2183 = DIRECTION('',(0.,0.,-1.));
#2184 = DIRECTION('',(1.,-1.224646799147E-16,0.));
#2185 = ADVANCED_FACE('',(#2186),#2211,.T.);
#2186 = FACE_BOUND('',#2187,.T.);
#2187 = EDGE_LOOP('',(#2188,#2198,#2204,#2205));
#2188 = ORIENTED_EDGE('',*,*,#2189,.T.);
#2189 = EDGE_CURVE('',#2190,#2192,#2194,.T.);
#2190 = VERTEX_POINT('',#2191);
#2191 = CARTESIAN_POINT('',(-7.,-1.,5.));
#2192 = VERTEX_POINT('',#2193);
#2193 = CARTESIAN_POINT('',(-5.,-1.,5.));
#2194 = LINE('',#2195,#2196);
#2195 = CARTESIAN_POINT('',(-2.747037931959,-1.,5.));
#2196 = VECTOR('',#2197,1.);
#2197 = DIRECTION('',(1.,-2.22044604925E-16,0.));
#2198 = ORIENTED_EDGE('',*,*,#2199,.T.);
#2199 = EDGE_CURVE('',#2192,#2042,#2200,.T.);
#2200 = LINE('',#2201,#2202);
#2201 = CARTESIAN_POINT('',(-5.,-1.,0.));
#2202 = VECTOR('',#2203,1.);
#2203 = DIRECTION('',(0.,0.,1.));
#2204 = ORIENTED_EDGE('',*,*,#2041,.T.);
#2205 = ORIENTED_EDGE('',*,*,#2206,.F.);
#2206 = EDGE_CURVE('',#2190,#2044,#2207,.T.);
#2207 = LINE('',#2208,#2209);
#2208 = CARTESIAN_POINT('',(-7.,-1.,0.));
#2209 = VECTOR('',#2210,1.);
#2210 = DIRECTION('',(0.,0.,1.));
#2211 = PLANE('',#2212);
#2212 = AXIS2_PLACEMENT_3D('',#2213,#2214,#2215);
#2213 = CARTESIAN_POINT('',(-5.,-1.,0.));
#2214 = DIRECTION('',(-2.22044604925E-16,-1.,0.));
#2215 = DIRECTION('',(-1.,2.22044604925E-16,0.));
#2216 = ADVANCED_FACE('',(#2217),#2235,.T.);
#2217 = FACE_BOUND('',#2218,.T.);
#2218 = EDGE_LOOP('',(#2219,#2227,#2228,#2229));
#2219 = ORIENTED_EDGE('',*,*,#2220,.T.);
#2220 = EDGE_CURVE('',#2221,#2190,#2223,.T.);
#2221 = VERTEX_POINT('',#2222);
#2222 = CARTESIAN_POINT('',(-7.,1.,5.));
#2223 = LINE('',#2224,#2225);
#2224 = CARTESIAN_POINT('',(-7.,-0.52515697123,5.));
#2225 = VECTOR('',#2226,1.);
#2226 = DIRECTION('',(-2.22044604925E-16,-1.,0.));
#2227 = ORIENTED_EDGE('',*,*,#2206,.T.);
#2228 = ORIENTED_EDGE('',*,*,#2067,.T.);
#2229 = ORIENTED_EDGE('',*,*,#2230,.F.);
#2230 = EDGE_CURVE('',#2221,#2060,#2231,.T.);
#2231 = LINE('',#2232,#2233);
#2232 = CARTESIAN_POINT('',(-7.,1.,0.));
#2233 = VECTOR('',#2234,1.);
#2234 = DIRECTION('',(0.,0.,1.));
#2235 = PLANE('',#2236);
#2236 = AXIS2_PLACEMENT_3D('',#2237,#2238,#2239);
#2237 = CARTESIAN_POINT('',(-7.,-1.,0.));
#2238 = DIRECTION('',(-1.,2.22044604925E-16,0.));
#2239 = DIRECTION('',(2.22044604925E-16,1.,0.));
#2240 = ADVANCED_FACE('',(#2241),#2259,.T.);
#2241 = FACE_BOUND('',#2242,.T.);
#2242 = EDGE_LOOP('',(#2243,#2251,#2252,#2253));
#2243 = ORIENTED_EDGE('',*,*,#2244,.T.);
#2244 = EDGE_CURVE('',#2245,#2221,#2247,.T.);
#2245 = VERTEX_POINT('',#2246);
#2246 = CARTESIAN_POINT('',(-5.,1.,5.));
#2247 = LINE('',#2248,#2249);
#2248 = CARTESIAN_POINT('',(-3.747037931959,1.,5.));
#2249 = VECTOR('',#2250,1.);
#2250 = DIRECTION('',(-1.,2.22044604925E-16,0.));
#2251 = ORIENTED_EDGE('',*,*,#2230,.T.);
#2252 = ORIENTED_EDGE('',*,*,#2059,.T.);
#2253 = ORIENTED_EDGE('',*,*,#2254,.F.);
#2254 = EDGE_CURVE('',#2245,#2052,#2255,.T.);
#2255 = LINE('',#2256,#2257);
#2256 = CARTESIAN_POINT('',(-5.,1.,0.));
#2257 = VECTOR('',#2258,1.);
#2258 = DIRECTION('',(0.,0.,1.));
#2259 = PLANE('',#2260);
#2260 = AXIS2_PLACEMENT_3D('',#2261,#2262,#2263);
#2261 = CARTESIAN_POINT('',(-7.,1.,0.));
#2262 = DIRECTION('',(2.22044604925E-16,1.,0.));
#2263 = DIRECTION('',(1.,-2.22044604925E-16,0.));
#2264 = ADVANCED_FACE('',(#2265),#2276,.T.);
#2265 = FACE_BOUND('',#2266,.T.);
#2266 = EDGE_LOOP('',(#2267,#2273,#2274,#2275));
#2267 = ORIENTED_EDGE('',*,*,#2268,.T.);
#2268 = EDGE_CURVE('',#2192,#2245,#2269,.T.);
#2269 = LINE('',#2270,#2271);
#2270 = CARTESIAN_POINT('',(-5.,0.47484302877,5.));
#2271 = VECTOR('',#2272,1.);
#2272 = DIRECTION('',(2.22044604925E-16,1.,0.));
#2273 = ORIENTED_EDGE('',*,*,#2254,.T.);
#2274 = ORIENTED_EDGE('',*,*,#2051,.T.);
#2275 = ORIENTED_EDGE('',*,*,#2199,.F.);
#2276 = PLANE('',#2277);
#2277 = AXIS2_PLACEMENT_3D('',#2278,#2279,#2280);
#2278 = CARTESIAN_POINT('',(-5.,1.,0.));
#2279 = DIRECTION('',(1.,-2.22044604925E-16,0.));
#2280 = DIRECTION('',(-2.22044604925E-16,-1.,0.));
#2281 = ADVANCED_FACE('',(#2282),#2307,.T.);
#2282 = FACE_BOUND('',#2283,.T.);
#2283 = EDGE_LOOP('',(#2284,#2294,#2300,#2301));
#2284 = ORIENTED_EDGE('',*,*,#2285,.T.);
#2285 = EDGE_CURVE('',#2286,#2288,#2290,.T.);
#2286 = VERTEX_POINT('',#2287);
#2287 = CARTESIAN_POINT('',(-1.,7.,5.));
#2288 = VERTEX_POINT('',#2289);
#2289 = CARTESIAN_POINT('',(-1.,5.,5.));
#2290 = LINE('',#2291,#2292);
#2291 = CARTESIAN_POINT('',(-1.,2.47484302877,5.));
#2292 = VECTOR('',#2293,1.);
#2293 = DIRECTION('',(-1.224646799147E-16,-1.,0.));
#2294 = ORIENTED_EDGE('',*,*,#2295,.T.);
#2295 = EDGE_CURVE('',#2288,#2076,#2296,.T.);
#2296 = LINE('',#2297,#2298);
#2297 = CARTESIAN_POINT('',(-1.,5.,0.));
#2298 = VECTOR('',#2299,1.);
#2299 = DIRECTION('',(0.,0.,1.));
#2300 = ORIENTED_EDGE('',*,*,#2075,.T.);
#2301 = ORIENTED_EDGE('',*,*,#2302,.F.);
#2302 = EDGE_CURVE('',#2286,#2078,#2303,.T.);
#2303 = LINE('',#2304,#2305);
#2304 = CARTESIAN_POINT('',(-1.,7.,0.));
#2305 = VECTOR('',#2306,1.);
#2306 = DIRECTION('',(0.,0.,1.));
#2307 = PLANE('',#2308);
#2308 = AXIS2_PLACEMENT_3D('',#2309,#2310,#2311);
#2309 = CARTESIAN_POINT('',(-1.,5.,0.));
#2310 = DIRECTION('',(-1.,1.224646799147E-16,0.));
#2311 = DIRECTION('',(1.224646799147E-16,1.,0.));
#2312 = ADVANCED_FACE('',(#2313),#2331,.T.);
#2313 = FACE_BOUND('',#2314,.T.);
#2314 = EDGE_LOOP('',(#2315,#2323,#2324,#2325));
#2315 = ORIENTED_EDGE('',*,*,#2316,.T.);
#2316 = EDGE_CURVE('',#2317,#2286,#2319,.T.);
#2317 = VERTEX_POINT('',#2318);
#2318 = CARTESIAN_POINT('',(1.,7.,5.));
#2319 = LINE('',#2320,#2321);
#2320 = CARTESIAN_POINT('',(-0.747037931959,7.,5.));
#2321 = VECTOR('',#2322,1.);
#2322 = DIRECTION('',(-1.,1.224646799147E-16,0.));
#2323 = ORIENTED_EDGE('',*,*,#2302,.T.);
#2324 = ORIENTED_EDGE('',*,*,#2101,.T.);
#2325 = ORIENTED_EDGE('',*,*,#2326,.F.);
#2326 = EDGE_CURVE('',#2317,#2094,#2327,.T.);
#2327 = LINE('',#2328,#2329);
#2328 = CARTESIAN_POINT('',(1.,7.,0.));
#2329 = VECTOR('',#2330,1.);
#2330 = DIRECTION('',(0.,0.,1.));
#2331 = PLANE('',#2332);
#2332 = AXIS2_PLACEMENT_3D('',#2333,#2334,#2335);
#2333 = CARTESIAN_POINT('',(-1.,7.,0.));
#2334 = DIRECTION('',(1.224646799147E-16,1.,0.));
#2335 = DIRECTION('',(1.,-1.224646799147E-16,0.));
#2336 = ADVANCED_FACE('',(#2337),#2355,.T.);
#2337 = FACE_BOUND('',#2338,.T.);
#2338 = EDGE_LOOP('',(#2339,#2347,#2348,#2349));
#2339 = ORIENTED_EDGE('',*,*,#2340,.T.);
#2340 = EDGE_CURVE('',#2341,#2317,#2343,.T.);
#2341 = VERTEX_POINT('',#2342);
#2342 = CARTESIAN_POINT('',(1.,5.,5.));
#2343 = LINE('',#2344,#2345);
#2344 = CARTESIAN_POINT('',(1.,3.47484302877,5.));
#2345 = VECTOR('',#2346,1.);
#2346 = DIRECTION('',(1.224646799147E-16,1.,0.));
#2347 = ORIENTED_EDGE('',*,*,#2326,.T.);
#2348 = ORIENTED_EDGE('',*,*,#2093,.T.);
#2349 = ORIENTED_EDGE('',*,*,#2350,.F.);
#2350 = EDGE_CURVE('',#2341,#2086,#2351,.T.);
#2351 = LINE('',#2352,#2353);
#2352 = CARTESIAN_POINT('',(1.,5.,0.));
#2353 = VECTOR('',#2354,1.);
#2354 = DIRECTION('',(0.,0.,1.));
#2355 = PLANE('',#2356);
#2356 = AXIS2_PLACEMENT_3D('',#2357,#2358,#2359);
#2357 = CARTESIAN_POINT('',(1.,7.,0.));
#2358 = DIRECTION('',(1.,-1.224646799147E-16,0.));
#2359 = DIRECTION('',(-1.224646799147E-16,-1.,0.));
#2360 = ADVANCED_FACE('',(#2361),#2372,.T.);
#2361 = FACE_BOUND('',#2362,.T.);
#2362 = EDGE_LOOP('',(#2363,#2369,#2370,#2371));
#2363 = ORIENTED_EDGE('',*,*,#2364,.T.);
#2364 = EDGE_CURVE('',#2288,#2341,#2365,.T.);
#2365 = LINE('',#2366,#2367);
#2366 = CARTESIAN_POINT('',(0.252962068041,5.,5.));
#2367 = VECTOR('',#2368,1.);
#2368 = DIRECTION('',(1.,-1.224646799147E-16,0.));
#2369 = ORIENTED_EDGE('',*,*,#2350,.T.);
#2370 = ORIENTED_EDGE('',*,*,#2085,.T.);
#2371 = ORIENTED_EDGE('',*,*,#2295,.F.);
#2372 = PLANE('',#2373);
#2373 = AXIS2_PLACEMENT_3D('',#2374,#2375,#2376);
#2374 = CARTESIAN_POINT('',(1.,5.,0.));
#2375 = DIRECTION('',(-1.224646799147E-16,-1.,0.));
#2376 = DIRECTION('',(-1.,1.224646799147E-16,0.));
#2377 = ADVANCED_FACE('',(#2378),#2403,.T.);
#2378 = FACE_BOUND('',#2379,.T.);
#2379 = EDGE_LOOP('',(#2380,#2390,#2396,#2397));
#2380 = ORIENTED_EDGE('',*,*,#2381,.T.);
#2381 = EDGE_CURVE('',#2382,#2384,#2386,.T.);
#2382 = VERTEX_POINT('',#2383);
#2383 = CARTESIAN_POINT('',(7.,1.,5.));
#2384 = VERTEX_POINT('',#2385);
#2385 = CARTESIAN_POINT('',(5.,1.,5.));
#2386 = LINE('',#2387,#2388);
#2387 = CARTESIAN_POINT('',(2.252962068041,1.,5.));
#2388 = VECTOR('',#2389,1.);
#2389 = DIRECTION('',(-1.,1.110223024625E-16,0.));
#2390 = ORIENTED_EDGE('',*,*,#2391,.T.);
#2391 = EDGE_CURVE('',#2384,#2116,#2392,.T.);
#2392 = LINE('',#2393,#2394);
#2393 = CARTESIAN_POINT('',(5.,1.,0.));
#2394 = VECTOR('',#2395,1.);
#2395 = DIRECTION('',(0.,0.,1.));
#2396 = ORIENTED_EDGE('',*,*,#2115,.T.);
#2397 = ORIENTED_EDGE('',*,*,#2398,.F.);
#2398 = EDGE_CURVE('',#2382,#2118,#2399,.T.);
#2399 = LINE('',#2400,#2401);
#2400 = CARTESIAN_POINT('',(7.,1.,0.));
#2401 = VECTOR('',#2402,1.);
#2402 = DIRECTION('',(0.,0.,1.));
#2403 = PLANE('',#2404);
#2404 = AXIS2_PLACEMENT_3D('',#2405,#2406,#2407);
#2405 = CARTESIAN_POINT('',(5.,1.,0.));
#2406 = DIRECTION('',(1.110223024625E-16,1.,0.));
#2407 = DIRECTION('',(1.,-1.110223024625E-16,0.));
#2408 = ADVANCED_FACE('',(#2409),#2427,.T.);
#2409 = FACE_BOUND('',#2410,.T.);
#2410 = EDGE_LOOP('',(#2411,#2419,#2420,#2421));
#2411 = ORIENTED_EDGE('',*,*,#2412,.T.);
#2412 = EDGE_CURVE('',#2413,#2382,#2415,.T.);
#2413 = VERTEX_POINT('',#2414);
#2414 = CARTESIAN_POINT('',(7.,-1.,5.));
#2415 = LINE('',#2416,#2417);
#2416 = CARTESIAN_POINT('',(7.,0.47484302877,5.));
#2417 = VECTOR('',#2418,1.);
#2418 = DIRECTION('',(1.110223024625E-16,1.,0.));
#2419 = ORIENTED_EDGE('',*,*,#2398,.T.);
#2420 = ORIENTED_EDGE('',*,*,#2141,.T.);
#2421 = ORIENTED_EDGE('',*,*,#2422,.F.);
#2422 = EDGE_CURVE('',#2413,#2134,#2423,.T.);
#2423 = LINE('',#2424,#2425);
#2424 = CARTESIAN_POINT('',(7.,-1.,0.));
#2425 = VECTOR('',#2426,1.);
#2426 = DIRECTION('',(0.,0.,1.));
#2427 = PLANE('',#2428);
#2428 = AXIS2_PLACEMENT_3D('',#2429,#2430,#2431);
#2429 = CARTESIAN_POINT('',(7.,1.,0.));
#2430 = DIRECTION('',(1.,-1.110223024625E-16,0.));
#2431 = DIRECTION('',(-1.110223024625E-16,-1.,0.));
#2432 = ADVANCED_FACE('',(#2433),#2451,.T.);
#2433 = FACE_BOUND('',#2434,.T.);
#2434 = EDGE_LOOP('',(#2435,#2443,#2444,#2445));
#2435 = ORIENTED_EDGE('',*,*,#2436,.T.);
#2436 = EDGE_CURVE('',#2437,#2413,#2439,.T.);
#2437 = VERTEX_POINT('',#2438);
#2438 = CARTESIAN_POINT('',(5.,-1.,5.));
#2439 = LINE('',#2440,#2441);
#2440 = CARTESIAN_POINT('',(3.252962068041,-1.,5.));
#2441 = VECTOR('',#2442,1.);
#2442 = DIRECTION('',(1.,-1.110223024625E-16,0.));
#2443 = ORIENTED_EDGE('',*,*,#2422,.T.);
#2444 = ORIENTED_EDGE('',*,*,#2133,.T.);
#2445 = ORIENTED_EDGE('',*,*,#2446,.F.);
#2446 = EDGE_CURVE('',#2437,#2126,#2447,.T.);
#2447 = LINE('',#2448,#2449);
#2448 = CARTESIAN_POINT('',(5.,-1.,0.));
#2449 = VECTOR('',#2450,1.);
#2450 = DIRECTION('',(0.,0.,1.));
#2451 = PLANE('',#2452);
#2452 = AXIS2_PLACEMENT_3D('',#2453,#2454,#2455);
#2453 = CARTESIAN_POINT('',(7.,-1.,0.));
#2454 = DIRECTION('',(-1.110223024625E-16,-1.,0.));
#2455 = DIRECTION('',(-1.,1.110223024625E-16,0.));
#2456 = ADVANCED_FACE('',(#2457),#2468,.T.);
#2457 = FACE_BOUND('',#2458,.T.);
#2458 = EDGE_LOOP('',(#2459,#2465,#2466,#2467));
#2459 = ORIENTED_EDGE('',*,*,#2460,.T.);
#2460 = EDGE_CURVE('',#2384,#2437,#2461,.T.);
#2461 = LINE('',#2462,#2463);
#2462 = CARTESIAN_POINT('',(5.,-0.52515697123,5.));
#2463 = VECTOR('',#2464,1.);
#2464 = DIRECTION('',(-1.110223024625E-16,-1.,0.));
#2465 = ORIENTED_EDGE('',*,*,#2446,.T.);
#2466 = ORIENTED_EDGE('',*,*,#2125,.T.);
#2467 = ORIENTED_EDGE('',*,*,#2391,.F.);
#2468 = PLANE('',#2469);
#2469 = AXIS2_PLACEMENT_3D('',#2470,#2471,#2472);
#2470 = CARTESIAN_POINT('',(5.,-1.,0.));
#2471 = DIRECTION('',(-1.,1.110223024625E-16,0.));
#2472 = DIRECTION('',(1.110223024625E-16,1.,0.));
#2473 = ADVANCED_FACE('',(#2474),#2499,.T.);
#2474 = FACE_BOUND('',#2475,.T.);
#2475 = EDGE_LOOP('',(#2476,#2486,#2492,#2493));
#2476 = ORIENTED_EDGE('',*,*,#2477,.T.);
#2477 = EDGE_CURVE('',#2478,#2480,#2482,.T.);
#2478 = VERTEX_POINT('',#2479);
#2479 = CARTESIAN_POINT('',(1.,-7.,5.));
#2480 = VERTEX_POINT('',#2481);
#2481 = CARTESIAN_POINT('',(1.,-5.,5.));
#2482 = LINE('',#2483,#2484);
#2483 = CARTESIAN_POINT('',(1.,-2.52515697123,5.));
#2484 = VECTOR('',#2485,1.);
#2485 = DIRECTION('',(0.,1.,0.));
#2486 = ORIENTED_EDGE('',*,*,#2487,.T.);
#2487 = EDGE_CURVE('',#2480,#2150,#2488,.T.);
#2488 = LINE('',#2489,#2490);
#2489 = CARTESIAN_POINT('',(1.,-5.,0.));
#2490 = VECTOR('',#2491,1.);
#2491 = DIRECTION('',(0.,0.,1.));
#2492 = ORIENTED_EDGE('',*,*,#2149,.T.);
#2493 = ORIENTED_EDGE('',*,*,#2494,.F.);
#2494 = EDGE_CURVE('',#2478,#2152,#2495,.T.);
#2495 = LINE('',#2496,#2497);
#2496 = CARTESIAN_POINT('',(1.,-7.,0.));
#2497 = VECTOR('',#2498,1.);
#2498 = DIRECTION('',(0.,0.,1.));
#2499 = PLANE('',#2500);
#2500 = AXIS2_PLACEMENT_3D('',#2501,#2502,#2503);
#2501 = CARTESIAN_POINT('',(1.,-5.,0.));
#2502 = DIRECTION('',(1.,0.,0.));
#2503 = DIRECTION('',(0.,-1.,0.));
#2504 = ADVANCED_FACE('',(#2505),#2523,.T.);
#2505 = FACE_BOUND('',#2506,.T.);
#2506 = EDGE_LOOP('',(#2507,#2515,#2521,#2522));
#2507 = ORIENTED_EDGE('',*,*,#2508,.T.);
#2508 = EDGE_CURVE('',#2480,#2509,#2511,.T.);
#2509 = VERTEX_POINT('',#2510);
#2510 = CARTESIAN_POINT('',(-1.,-5.,5.));
#2511 = LINE('',#2512,#2513);
#2512 = CARTESIAN_POINT('',(-0.747037931959,-5.,5.));
#2513 = VECTOR('',#2514,1.);
#2514 = DIRECTION('',(-1.,0.,0.));
#2515 = ORIENTED_EDGE('',*,*,#2516,.T.);
#2516 = EDGE_CURVE('',#2509,#2160,#2517,.T.);
#2517 = LINE('',#2518,#2519);
#2518 = CARTESIAN_POINT('',(-1.,-5.,0.));
#2519 = VECTOR('',#2520,1.);
#2520 = DIRECTION('',(0.,0.,1.));
#2521 = ORIENTED_EDGE('',*,*,#2159,.T.);
#2522 = ORIENTED_EDGE('',*,*,#2487,.F.);
#2523 = PLANE('',#2524);
#2524 = AXIS2_PLACEMENT_3D('',#2525,#2526,#2527);
#2525 = CARTESIAN_POINT('',(-1.,-5.,0.));
#2526 = DIRECTION('',(0.,1.,0.));
#2527 = DIRECTION('',(1.,0.,0.));
#2528 = ADVANCED_FACE('',(#2529),#2547,.T.);
#2529 = FACE_BOUND('',#2530,.T.);
#2530 = EDGE_LOOP('',(#2531,#2539,#2540,#2541));
#2531 = ORIENTED_EDGE('',*,*,#2532,.T.);
#2532 = EDGE_CURVE('',#2533,#2478,#2535,.T.);
#2533 = VERTEX_POINT('',#2534);
#2534 = CARTESIAN_POINT('',(-1.,-7.,5.));
#2535 = LINE('',#2536,#2537);
#2536 = CARTESIAN_POINT('',(0.252962068041,-7.,5.));
#2537 = VECTOR('',#2538,1.);
#2538 = DIRECTION('',(1.,0.,0.));
#2539 = ORIENTED_EDGE('',*,*,#2494,.T.);
#2540 = ORIENTED_EDGE('',*,*,#2175,.T.);
#2541 = ORIENTED_EDGE('',*,*,#2542,.F.);
#2542 = EDGE_CURVE('',#2533,#2168,#2543,.T.);
#2543 = LINE('',#2544,#2545);
#2544 = CARTESIAN_POINT('',(-1.,-7.,0.));
#2545 = VECTOR('',#2546,1.);
#2546 = DIRECTION('',(0.,0.,1.));
#2547 = PLANE('',#2548);
#2548 = AXIS2_PLACEMENT_3D('',#2549,#2550,#2551);
#2549 = CARTESIAN_POINT('',(1.,-7.,0.));
#2550 = DIRECTION('',(0.,-1.,0.));
#2551 = DIRECTION('',(-1.,0.,0.));
#2552 = ADVANCED_FACE('',(#2553),#2564,.T.);
#2553 = FACE_BOUND('',#2554,.T.);
#2554 = EDGE_LOOP('',(#2555,#2561,#2562,#2563));
#2555 = ORIENTED_EDGE('',*,*,#2556,.T.);
#2556 = EDGE_CURVE('',#2509,#2533,#2557,.T.);
#2557 = LINE('',#2558,#2559);
#2558 = CARTESIAN_POINT('',(-1.,-3.52515697123,5.));
#2559 = VECTOR('',#2560,1.);
#2560 = DIRECTION('',(0.,-1.,0.));
#2561 = ORIENTED_EDGE('',*,*,#2542,.T.);
#2562 = ORIENTED_EDGE('',*,*,#2167,.T.);
#2563 = ORIENTED_EDGE('',*,*,#2516,.F.);
#2564 = PLANE('',#2565);
#2565 = AXIS2_PLACEMENT_3D('',#2566,#2567,#2568);
#2566 = CARTESIAN_POINT('',(-1.,-7.,0.));
#2567 = DIRECTION('',(-1.,0.,0.));
#2568 = DIRECTION('',(0.,1.,0.));
#2569 = ADVANCED_FACE('',(#2570,#2718,#2724,#2730,#2764,#2770),#2776,.T.
  );
#2570 = FACE_BOUND('',#2571,.T.);
#2571 = EDGE_LOOP('',(#2572,#2583,#2600,#2617,#2634,#2648,#2655,#2669,
    #2686,#2703));
#2572 = ORIENTED_EDGE('',*,*,#2573,.T.);
#2573 = EDGE_CURVE('',#2574,#2576,#2578,.T.);
#2574 = VERTEX_POINT('',#2575);
#2575 = CARTESIAN_POINT('',(5.90872574807E-05,-7.999999999782,5.));
#2576 = VERTEX_POINT('',#2577);
#2577 = CARTESIAN_POINT('',(-4.798781614713E-15,8.,5.));
#2578 = CIRCLE('',#2579,8.);
#2579 = AXIS2_PLACEMENT_3D('',#2580,#2581,#2582);
#2580 = CARTESIAN_POINT('',(1.477394087774E-16,-2.465299882013E-17,5.));
#2581 = DIRECTION('',(0.,-0.,1.));
#2582 = DIRECTION('',(2.22044604925E-16,1.,0.));
#2583 = ORIENTED_EDGE('',*,*,#2584,.T.);
#2584 = EDGE_CURVE('',#2576,#2585,#2587,.T.);
#2585 = VERTEX_POINT('',#2586);
#2586 = CARTESIAN_POINT('',(4.637982527871E-04,9.500000000143,5.));
#2587 = B_SPLINE_CURVE_WITH_KNOTS('',11,(#2588,#2589,#2590,#2591,#2592,
    #2593,#2594,#2595,#2596,#2597,#2598,#2599),.UNSPECIFIED.,.F.,.F.,(12
    ,12),(0.,6.289678072638),.PIECEWISE_BEZIER_KNOTS.);
#2588 = CARTESIAN_POINT('',(-8.160220546158E-15,8.,5.));
#2589 = CARTESIAN_POINT('',(-4.569547111273,8.136363636481,5.));
#2590 = CARTESIAN_POINT('',(-9.31012749091,5.402259191635,5.));
#2591 = CARTESIAN_POINT('',(-12.22069007194,-0.387831171763,
    4.999999999999));
#2592 = CARTESIAN_POINT('',(-11.0916462345,-7.810694176655,
    5.000000000001));
#2593 = CARTESIAN_POINT('',(-5.016642455131,-13.77317358172,
    4.999999999998));
#2594 = CARTESIAN_POINT('',(4.235912511561,-14.38719346351,
    5.000000000001));
#2595 = CARTESIAN_POINT('',(11.344295777637,-8.898510456559,
    4.999999999999));
#2596 = CARTESIAN_POINT('',(13.384237115854,-0.963474986986,5.));
#2597 = CARTESIAN_POINT('',(10.681727479409,5.818010335551,5.));
#2598 = CARTESIAN_POINT('',(5.426809069584,9.36337144298,5.));
#2599 = CARTESIAN_POINT('',(4.637982530681E-04,9.500000000142,5.));
#2600 = ORIENTED_EDGE('',*,*,#2601,.T.);
#2601 = EDGE_CURVE('',#2585,#2602,#2604,.T.);
#2602 = VERTEX_POINT('',#2603);
#2603 = CARTESIAN_POINT('',(9.257791041799E-04,11.000000000568,5.));
#2604 = B_SPLINE_CURVE_WITH_KNOTS('',11,(#2605,#2606,#2607,#2608,#2609,
    #2610,#2611,#2612,#2613,#2614,#2615,#2616),.UNSPECIFIED.,.F.,.F.,(12
    ,12),(0.,6.289678072638),.PIECEWISE_BEZIER_KNOTS.);
#2605 = CARTESIAN_POINT('',(4.63798252939E-04,9.500000000143,5.));
#2606 = CARTESIAN_POINT('',(-5.425881476989,9.636628557521,5.));
#2607 = CARTESIAN_POINT('',(-11.02340701455,6.364562550685,5.));
#2608 = CARTESIAN_POINT('',(-14.41544932586,-0.502948595985,5.));
#2609 = CARTESIAN_POINT('',(-13.01519865403,-9.242311400992,
    5.000000000001));
#2610 = CARTESIAN_POINT('',(-5.810479759322,-16.18669573119,
    4.999999999999));
#2611 = CARTESIAN_POINT('',(5.028260055096,-16.80120509567,
    5.000000000001));
#2612 = CARTESIAN_POINT('',(13.26696431086,-10.33131459277,5.));
#2613 = CARTESIAN_POINT('',(15.578924855815,-1.07994695991,5.));
#2614 = CARTESIAN_POINT('',(12.395600617655,6.779256100838,5.));
#2615 = CARTESIAN_POINT('',(6.284069206842,10.863107560736,5.));
#2616 = CARTESIAN_POINT('',(9.25779104316E-04,11.000000000568,5.));
#2617 = ORIENTED_EDGE('',*,*,#2618,.T.);
#2618 = EDGE_CURVE('',#2602,#2619,#2621,.T.);
#2619 = VERTEX_POINT('',#2620);
#2620 = CARTESIAN_POINT('',(1.385952383943E-03,12.500000001273,5.));
#2621 = B_SPLINE_CURVE_WITH_KNOTS('',11,(#2622,#2623,#2624,#2625,#2626,
    #2627,#2628,#2629,#2630,#2631,#2632,#2633),.UNSPECIFIED.,.F.,.F.,(12
    ,12),(0.,6.289678072638),.PIECEWISE_BEZIER_KNOTS.);
#2622 = CARTESIAN_POINT('',(9.257791042269E-04,11.000000000568,5.));
#2623 = CARTESIAN_POINT('',(-6.282217662628,11.136892440648,5.));
#2624 = CARTESIAN_POINT('',(-12.73668768407,7.326863834887,5.));
#2625 = CARTESIAN_POINT('',(-16.61020849684,-0.618068676468,
    4.999999999999));
#2626 = CARTESIAN_POINT('',(-14.93874921134,-10.67393094887,
    5.000000000001));
#2627 = CARTESIAN_POINT('',(-6.604314345127,-18.6002188373,
    4.999999999999));
#2628 = CARTESIAN_POINT('',(5.820610739526,-19.21521576761,
    5.000000000001));
#2629 = CARTESIAN_POINT('',(15.189634383559,-11.76411640602,
    4.999999999999));
#2630 = CARTESIAN_POINT('',(17.773612844126,-1.196416285863,5.));
#2631 = CARTESIAN_POINT('',(14.10947255222,7.74050393181,5.));
#2632 = CARTESIAN_POINT('',(7.141327546442,12.36284471087,5.));
#2633 = CARTESIAN_POINT('',(1.385952383904E-03,12.500000001273,5.));
#2634 = ORIENTED_EDGE('',*,*,#2635,.T.);
#2635 = EDGE_CURVE('',#2619,#2636,#2638,.T.);
#2636 = VERTEX_POINT('',#2637);
#2637 = CARTESIAN_POINT('',(-1.615364882457E-03,-13.25000000172,5.));
#2638 = B_SPLINE_CURVE_WITH_KNOTS('',8,(#2639,#2640,#2641,#2642,#2643,
    #2644,#2645,#2646,#2647),.UNSPECIFIED.,.F.,.F.,(9,9),(0.,
    3.144839036319),.PIECEWISE_BEZIER_KNOTS.);
#2639 = CARTESIAN_POINT('',(1.385952384157E-03,12.500000001272,5.));
#2640 = CARTESIAN_POINT('',(-4.90732389605,12.594294263557,5.));
#2641 = CARTESIAN_POINT('',(-9.900571760071,10.485075537476,5.));
#2642 = CARTESIAN_POINT('',(-13.82360609076,6.110094240716,5.));
#2643 = CARTESIAN_POINT('',(-15.47321459157,0.112551657271,5.));
#2644 = CARTESIAN_POINT('',(-14.13531554444,-6.030123283677,5.));
#2645 = CARTESIAN_POINT('',(-10.32362491261,-10.72551411539,5.));
#2646 = CARTESIAN_POINT('',(-5.20484957866,-13.15561564944,5.));
#2647 = CARTESIAN_POINT('',(-1.615364882457E-03,-13.25000000172,5.));
#2648 = ORIENTED_EDGE('',*,*,#2649,.F.);
#2649 = EDGE_CURVE('',#2650,#2636,#2652,.T.);
#2650 = VERTEX_POINT('',#2651);
#2651 = CARTESIAN_POINT('',(-1.616970612951E-03,-12.50000000173,5.));
#2652 = B_SPLINE_CURVE_WITH_KNOTS('',1,(#2653,#2654),.UNSPECIFIED.,.F.,
  .F.,(2,2),(-0.75,-0.),.PIECEWISE_BEZIER_KNOTS.);
#2653 = CARTESIAN_POINT('',(-1.616970612951E-03,-12.50000000173,5.));
#2654 = CARTESIAN_POINT('',(-1.615364882457E-03,-13.25000000172,5.));
#2655 = ORIENTED_EDGE('',*,*,#2656,.F.);
#2656 = EDGE_CURVE('',#2657,#2650,#2659,.T.);
#2657 = VERTEX_POINT('',#2658);
#2658 = CARTESIAN_POINT('',(1.387330070209E-03,11.750000001274,5.));
#2659 = B_SPLINE_CURVE_WITH_KNOTS('',8,(#2660,#2661,#2662,#2663,#2664,
    #2665,#2666,#2667,#2668),.UNSPECIFIED.,.F.,.F.,(9,9),(0.,
    3.144839036319),.PIECEWISE_BEZIER_KNOTS.);
#2660 = CARTESIAN_POINT('',(1.387330070426E-03,11.750000001274,5.));
#2661 = CARTESIAN_POINT('',(-4.612798178588,11.844294804575,5.));
#2662 = CARTESIAN_POINT('',(-9.311518452365,9.867288733533,5.));
#2663 = CARTESIAN_POINT('',(-13.0092671831,5.756494480171,5.));
#2664 = CARTESIAN_POINT('',(-14.57186026086,0.112553450098,5.));
#2665 = CARTESIAN_POINT('',(-13.32097804344,-5.676520283659,5.));
#2666 = CARTESIAN_POINT('',(-9.734574062502,-10.10772496821,5.));
#2667 = CARTESIAN_POINT('',(-4.910326844669,-12.40561501887,5.));
#2668 = CARTESIAN_POINT('',(-1.616970612951E-03,-12.50000000173,5.));
#2669 = ORIENTED_EDGE('',*,*,#2670,.F.);
#2670 = EDGE_CURVE('',#2671,#2657,#2673,.T.);
#2671 = VERTEX_POINT('',#2672);
#2672 = CARTESIAN_POINT('',(9.266993617384E-04,10.250000000568,5.));
#2673 = B_SPLINE_CURVE_WITH_KNOTS('',11,(#2674,#2675,#2676,#2677,#2678,
    #2679,#2680,#2681,#2682,#2683,#2684,#2685),.UNSPECIFIED.,.F.,.F.,(12
    ,12),(0.,6.289678072638),.PIECEWISE_BEZIER_KNOTS.);
#2674 = CARTESIAN_POINT('',(9.266993617827E-04,10.250000000568,5.));
#2675 = CARTESIAN_POINT('',(-5.853817702538,10.386892966298,5.));
#2676 = CARTESIAN_POINT('',(-11.87989872247,6.845978072876,5.));
#2677 = CARTESIAN_POINT('',(-15.51284691513,-0.560169470659,
    4.999999999999));
#2678 = CARTESIAN_POINT('',(-13.97719524991,-9.957824097488,
    5.000000000001));
#2679 = CARTESIAN_POINT('',(-6.207770053787,-17.3933349017,
    4.999999999999));
#2680 = CARTESIAN_POINT('',(5.424062749467,-18.00833304741,
    5.000000000001));
#2681 = CARTESIAN_POINT('',(14.228078227817,-11.0480125015,
    4.999999999999));
#2682 = CARTESIAN_POINT('',(16.676251085133,-1.13852044283,5.));
#2683 = CARTESIAN_POINT('',(13.252685064349,7.259615544457,5.));
#2684 = CARTESIAN_POINT('',(6.71292988445,11.612843923939,5.));
#2685 = CARTESIAN_POINT('',(1.387330070172E-03,11.750000001274,5.));
#2686 = ORIENTED_EDGE('',*,*,#2687,.F.);
#2687 = EDGE_CURVE('',#2688,#2671,#2690,.T.);
#2688 = VERTEX_POINT('',#2689);
#2689 = CARTESIAN_POINT('',(4.642592848475E-04,8.750000000143,5.));
#2690 = B_SPLINE_CURVE_WITH_KNOTS('',11,(#2691,#2692,#2693,#2694,#2695,
    #2696,#2697,#2698,#2699,#2700,#2701,#2702),.UNSPECIFIED.,.F.,.F.,(12
    ,12),(0.,6.289678072638),.PIECEWISE_BEZIER_KNOTS.);
#2691 = CARTESIAN_POINT('',(4.64259284997E-04,8.750000000143,5.));
#2692 = CARTESIAN_POINT('',(-4.997481975955,8.886628820863,5.));
#2693 = CARTESIAN_POINT('',(-10.16661834709,5.883676264265,5.));
#2694 = CARTESIAN_POINT('',(-13.31808770836,-0.445050061463,5.));
#2695 = CARTESIAN_POINT('',(-12.05364425446,-8.526205137384,
    5.000000000001));
#2696 = CARTESIAN_POINT('',(-5.413934729908,-14.97981203743,
    4.999999999999));
#2697 = CARTESIAN_POINT('',(4.631712802012,-15.5943221327,5.000000000001
    ));
#2698 = CARTESIAN_POINT('',(12.305408592215,-9.615210100775,5.));
#2699 = CARTESIAN_POINT('',(14.481563131788,-1.022050446986,5.));
#2700 = CARTESIAN_POINT('',(11.538812836188,6.298368236254,5.));
#2701 = CARTESIAN_POINT('',(5.855671087252,10.113107035086,5.));
#2702 = CARTESIAN_POINT('',(9.266993618778E-04,10.250000000568,5.));
#2703 = ORIENTED_EDGE('',*,*,#2704,.F.);
#2704 = EDGE_CURVE('',#2574,#2688,#2705,.T.);
#2705 = B_SPLINE_CURVE_WITH_KNOTS('',11,(#2706,#2707,#2708,#2709,#2710,
    #2711,#2712,#2713,#2714,#2715,#2716,#2717),.UNSPECIFIED.,.F.,.F.,(12
    ,12),(0.,6.289678072638),.PIECEWISE_BEZIER_KNOTS.);
#2706 = CARTESIAN_POINT('',(5.682845687083E-16,7.25,5.));
#2707 = CARTESIAN_POINT('',(-4.141148071105,7.386363636481,5.));
#2708 = CARTESIAN_POINT('',(-8.453339118736,4.921372378747,5.));
#2709 = CARTESIAN_POINT('',(-11.12332841857,-0.329933311186,
    4.999999999999));
#2710 = CARTESIAN_POINT('',(-10.13009139491,-7.094588503093,
    5.000000000001));
#2711 = CARTESIAN_POINT('',(-4.620096684985,-12.5662901308,
    4.999999999998));
#2712 = CARTESIAN_POINT('',(3.839365998623,-13.18031025675,
    5.000000000001));
#2713 = CARTESIAN_POINT('',(10.382740497589,-8.182405374817,
    4.999999999999));
#2714 = CARTESIAN_POINT('',(12.286875427053,-0.905577801518,5.));
#2715 = CARTESIAN_POINT('',(9.824939403145,5.337122995781,5.));
#2716 = CARTESIAN_POINT('',(4.998410490611,8.613371179639,5.));
#2717 = CARTESIAN_POINT('',(4.642592851179E-04,8.750000000142,5.));
#2718 = FACE_BOUND('',#2719,.T.);
#2719 = EDGE_LOOP('',(#2720,#2721,#2722,#2723));
#2720 = ORIENTED_EDGE('',*,*,#2477,.F.);
#2721 = ORIENTED_EDGE('',*,*,#2532,.F.);
#2722 = ORIENTED_EDGE('',*,*,#2556,.F.);
#2723 = ORIENTED_EDGE('',*,*,#2508,.F.);
#2724 = FACE_BOUND('',#2725,.T.);
#2725 = EDGE_LOOP('',(#2726,#2727,#2728,#2729));
#2726 = ORIENTED_EDGE('',*,*,#2381,.F.);
#2727 = ORIENTED_EDGE('',*,*,#2412,.F.);
#2728 = ORIENTED_EDGE('',*,*,#2436,.F.);
#2729 = ORIENTED_EDGE('',*,*,#2460,.F.);
#2730 = FACE_BOUND('',#2731,.T.);
#2731 = EDGE_LOOP('',(#2732,#2742,#2750,#2758));
#2732 = ORIENTED_EDGE('',*,*,#2733,.F.);
#2733 = EDGE_CURVE('',#2734,#2736,#2738,.T.);
#2734 = VERTEX_POINT('',#2735);
#2735 = CARTESIAN_POINT('',(4.,-4.,5.));
#2736 = VERTEX_POINT('',#2737);
#2737 = CARTESIAN_POINT('',(4.,4.,5.));
#2738 = LINE('',#2739,#2740);
#2739 = CARTESIAN_POINT('',(4.,-4.,5.));
#2740 = VECTOR('',#2741,1.);
#2741 = DIRECTION('',(2.22044604925E-16,1.,0.));
#2742 = ORIENTED_EDGE('',*,*,#2743,.F.);
#2743 = EDGE_CURVE('',#2744,#2734,#2746,.T.);
#2744 = VERTEX_POINT('',#2745);
#2745 = CARTESIAN_POINT('',(-4.,-4.,5.));
#2746 = LINE('',#2747,#2748);
#2747 = CARTESIAN_POINT('',(-4.,-4.,5.));
#2748 = VECTOR('',#2749,1.);
#2749 = DIRECTION('',(1.,-2.22044604925E-16,0.));
#2750 = ORIENTED_EDGE('',*,*,#2751,.F.);
#2751 = EDGE_CURVE('',#2752,#2744,#2754,.T.);
#2752 = VERTEX_POINT('',#2753);
#2753 = CARTESIAN_POINT('',(-4.,4.,5.));
#2754 = LINE('',#2755,#2756);
#2755 = CARTESIAN_POINT('',(-4.,4.,5.));
#2756 = VECTOR('',#2757,1.);
#2757 = DIRECTION('',(-2.22044604925E-16,-1.,0.));
#2758 = ORIENTED_EDGE('',*,*,#2759,.F.);
#2759 = EDGE_CURVE('',#2736,#2752,#2760,.T.);
#2760 = LINE('',#2761,#2762);
#2761 = CARTESIAN_POINT('',(4.,4.,5.));
#2762 = VECTOR('',#2763,1.);
#2763 = DIRECTION('',(-1.,2.22044604925E-16,0.));
#2764 = FACE_BOUND('',#2765,.T.);
#2765 = EDGE_LOOP('',(#2766,#2767,#2768,#2769));
#2766 = ORIENTED_EDGE('',*,*,#2285,.F.);
#2767 = ORIENTED_EDGE('',*,*,#2316,.F.);
#2768 = ORIENTED_EDGE('',*,*,#2340,.F.);
#2769 = ORIENTED_EDGE('',*,*,#2364,.F.);
#2770 = FACE_BOUND('',#2771,.T.);
#2771 = EDGE_LOOP('',(#2772,#2773,#2774,#2775));
#2772 = ORIENTED_EDGE('',*,*,#2189,.F.);
#2773 = ORIENTED_EDGE('',*,*,#2220,.F.);
#2774 = ORIENTED_EDGE('',*,*,#2244,.F.);
#2775 = ORIENTED_EDGE('',*,*,#2268,.F.);
#2776 = PLANE('',#2777);
#2777 = AXIS2_PLACEMENT_3D('',#2778,#2779,#2780);
#2778 = CARTESIAN_POINT('',(-0.494075863918,-5.031394246071E-02,5.));
#2779 = DIRECTION('',(0.,0.,1.));
#2780 = DIRECTION('',(2.22044604925E-16,1.,0.));
#2781 = ADVANCED_FACE('',(#2782),#2810,.T.);
#2782 = FACE_BOUND('',#2783,.F.);
#2783 = EDGE_LOOP('',(#2784,#2792,#2801,#2809));
#2784 = ORIENTED_EDGE('',*,*,#2785,.F.);
#2785 = EDGE_CURVE('',#2786,#2576,#2788,.T.);
#2786 = VERTEX_POINT('',#2787);
#2787 = CARTESIAN_POINT('',(2.825291922133E-15,8.,3.));
#2788 = LINE('',#2789,#2790);
#2789 = CARTESIAN_POINT('',(1.924096248178E-15,8.,3.));
#2790 = VECTOR('',#2791,1.);
#2791 = DIRECTION('',(0.,0.,1.));
#2792 = ORIENTED_EDGE('',*,*,#2793,.F.);
#2793 = EDGE_CURVE('',#2794,#2786,#2796,.T.);
#2794 = VERTEX_POINT('',#2795);
#2795 = CARTESIAN_POINT('',(5.908725772661E-05,-7.999999999782,3.));
#2796 = CIRCLE('',#2797,8.);
#2797 = AXIS2_PLACEMENT_3D('',#2798,#2799,#2800);
#2798 = CARTESIAN_POINT('',(1.477394087774E-16,-2.465299882013E-17,3.));
#2799 = DIRECTION('',(0.,-0.,1.));
#2800 = DIRECTION('',(2.22044604925E-16,1.,0.));
#2801 = ORIENTED_EDGE('',*,*,#2802,.F.);
#2802 = EDGE_CURVE('',#2574,#2794,#2803,.T.);
#2803 = B_SPLINE_CURVE_WITH_KNOTS('',4,(#2804,#2805,#2806,#2807,#2808),
  .UNSPECIFIED.,.F.,.F.,(5,5),(0.,1.),.PIECEWISE_BEZIER_KNOTS.);
#2804 = CARTESIAN_POINT('',(5.908725719688E-05,-7.999999999782,5.));
#2805 = CARTESIAN_POINT('',(5.908725722338E-05,-7.999999999782,4.5));
#2806 = CARTESIAN_POINT('',(5.908725761375E-05,-7.999999999782,4.));
#2807 = CARTESIAN_POINT('',(5.908725724491E-05,-7.999999999782,3.5));
#2808 = CARTESIAN_POINT('',(5.908725727141E-05,-7.999999999782,3.));
#2809 = ORIENTED_EDGE('',*,*,#2573,.T.);
#2810 = CYLINDRICAL_SURFACE('',#2811,8.);
#2811 = AXIS2_PLACEMENT_3D('',#2812,#2813,#2814);
#2812 = CARTESIAN_POINT('',(1.477394087774E-16,-2.465299882013E-17,3.));
#2813 = DIRECTION('',(0.,-0.,-1.));
#2814 = DIRECTION('',(2.22044604925E-16,1.,0.));
#2815 = ADVANCED_FACE('',(#2816),#2842,.T.);
#2816 = FACE_BOUND('',#2817,.T.);
#2817 = EDGE_LOOP('',(#2818,#2835,#2836,#2837));
#2818 = ORIENTED_EDGE('',*,*,#2819,.F.);
#2819 = EDGE_CURVE('',#2794,#2820,#2822,.T.);
#2820 = VERTEX_POINT('',#2821);
#2821 = CARTESIAN_POINT('',(4.642592848479E-04,8.750000000143,3.));
#2822 = B_SPLINE_CURVE_WITH_KNOTS('',11,(#2823,#2824,#2825,#2826,#2827,
    #2828,#2829,#2830,#2831,#2832,#2833,#2834),.UNSPECIFIED.,.F.,.F.,(12
    ,12),(0.,6.289678072638),.PIECEWISE_BEZIER_KNOTS.);
#2823 = CARTESIAN_POINT('',(5.68257463654E-16,7.25,3.));
#2824 = CARTESIAN_POINT('',(-4.141148071105,7.386363636481,3.));
#2825 = CARTESIAN_POINT('',(-8.453339118736,4.921372378747,3.));
#2826 = CARTESIAN_POINT('',(-11.12332841857,-0.329933311186,3.));
#2827 = CARTESIAN_POINT('',(-10.13009139491,-7.094588503093,3.));
#2828 = CARTESIAN_POINT('',(-4.620096684985,-12.5662901308,3.));
#2829 = CARTESIAN_POINT('',(3.839365998623,-13.18031025675,3.));
#2830 = CARTESIAN_POINT('',(10.382740497589,-8.182405374817,3.));
#2831 = CARTESIAN_POINT('',(12.286875427053,-0.905577801518,3.));
#2832 = CARTESIAN_POINT('',(9.824939403145,5.337122995781,3.));
#2833 = CARTESIAN_POINT('',(4.998410490611,8.613371179639,3.));
#2834 = CARTESIAN_POINT('',(4.642592851179E-04,8.750000000142,3.));
#2835 = ORIENTED_EDGE('',*,*,#2802,.F.);
#2836 = ORIENTED_EDGE('',*,*,#2704,.T.);
#2837 = ORIENTED_EDGE('',*,*,#2838,.F.);
#2838 = EDGE_CURVE('',#2820,#2688,#2839,.T.);
#2839 = B_SPLINE_CURVE_WITH_KNOTS('',1,(#2840,#2841),.UNSPECIFIED.,.F.,
  .F.,(2,2),(-2.,-0.),.PIECEWISE_BEZIER_KNOTS.);
#2840 = CARTESIAN_POINT('',(4.642592851179E-04,8.750000000142,3.));
#2841 = CARTESIAN_POINT('',(4.642592851179E-04,8.750000000142,5.));
#2842 = B_SPLINE_SURFACE_WITH_KNOTS('',1,11,(
    (#2843,#2844,#2845,#2846,#2847,#2848,#2849,#2850,#2851,#2852,#2853
      ,#2854)
    ,(#2855,#2856,#2857,#2858,#2859,#2860,#2861,#2862,#2863,#2864,#2865
      ,#2866
    )),.UNSPECIFIED.,.F.,.F.,.F.,(2,2),(12,12),(-2.,-0.),(0.,
    6.289678072638),.PIECEWISE_BEZIER_KNOTS.);
#2843 = CARTESIAN_POINT('',(5.68257463654E-16,7.25,3.));
#2844 = CARTESIAN_POINT('',(-4.141148071105,7.386363636481,3.));
#2845 = CARTESIAN_POINT('',(-8.453339118736,4.921372378747,3.));
#2846 = CARTESIAN_POINT('',(-11.12332841857,-0.329933311186,3.));
#2847 = CARTESIAN_POINT('',(-10.13009139491,-7.094588503093,3.));
#2848 = CARTESIAN_POINT('',(-4.620096684985,-12.5662901308,3.));
#2849 = CARTESIAN_POINT('',(3.839365998623,-13.18031025675,3.));
#2850 = CARTESIAN_POINT('',(10.382740497589,-8.182405374817,3.));
#2851 = CARTESIAN_POINT('',(12.286875427053,-0.905577801518,3.));
#2852 = CARTESIAN_POINT('',(9.824939403145,5.337122995781,3.));
#2853 = CARTESIAN_POINT('',(4.998410490611,8.613371179639,3.));
#2854 = CARTESIAN_POINT('',(4.642592851179E-04,8.750000000142,3.));
#2855 = CARTESIAN_POINT('',(5.682845687083E-16,7.25,5.));
#2856 = CARTESIAN_POINT('',(-4.141148071105,7.386363636481,5.));
#2857 = CARTESIAN_POINT('',(-8.453339118736,4.921372378747,5.));
#2858 = CARTESIAN_POINT('',(-11.12332841857,-0.329933311186,
    4.999999999999));
#2859 = CARTESIAN_POINT('',(-10.13009139491,-7.094588503093,
    5.000000000001));
#2860 = CARTESIAN_POINT('',(-4.620096684985,-12.5662901308,
    4.999999999998));
#2861 = CARTESIAN_POINT('',(3.839365998623,-13.18031025675,
    5.000000000001));
#2862 = CARTESIAN_POINT('',(10.382740497589,-8.182405374817,
    4.999999999999));
#2863 = CARTESIAN_POINT('',(12.286875427053,-0.905577801518,5.));
#2864 = CARTESIAN_POINT('',(9.824939403145,5.337122995781,5.));
#2865 = CARTESIAN_POINT('',(4.998410490611,8.613371179639,5.));
#2866 = CARTESIAN_POINT('',(4.642592851179E-04,8.750000000142,5.));
#2867 = ADVANCED_FACE('',(#2868),#2894,.T.);
#2868 = FACE_BOUND('',#2869,.T.);
#2869 = EDGE_LOOP('',(#2870,#2871,#2872,#2889));
#2870 = ORIENTED_EDGE('',*,*,#2584,.F.);
#2871 = ORIENTED_EDGE('',*,*,#2785,.F.);
#2872 = ORIENTED_EDGE('',*,*,#2873,.T.);
#2873 = EDGE_CURVE('',#2786,#2874,#2876,.T.);
#2874 = VERTEX_POINT('',#2875);
#2875 = CARTESIAN_POINT('',(4.637982527875E-04,9.500000000143,3.));
#2876 = B_SPLINE_CURVE_WITH_KNOTS('',11,(#2877,#2878,#2879,#2880,#2881,
    #2882,#2883,#2884,#2885,#2886,#2887,#2888),.UNSPECIFIED.,.F.,.F.,(12
    ,12),(0.,6.289678072638),.PIECEWISE_BEZIER_KNOTS.);
#2877 = CARTESIAN_POINT('',(-8.160247651212E-15,8.,3.));
#2878 = CARTESIAN_POINT('',(-4.569547111273,8.136363636481,3.));
#2879 = CARTESIAN_POINT('',(-9.31012749091,5.402259191634,3.));
#2880 = CARTESIAN_POINT('',(-12.22069007194,-0.387831171761,3.));
#2881 = CARTESIAN_POINT('',(-11.0916462345,-7.810694176657,3.));
#2882 = CARTESIAN_POINT('',(-5.016642455131,-13.77317358171,3.));
#2883 = CARTESIAN_POINT('',(4.235912511561,-14.38719346351,3.));
#2884 = CARTESIAN_POINT('',(11.344295777637,-8.898510456557,3.));
#2885 = CARTESIAN_POINT('',(13.384237115854,-0.963474986988,3.));
#2886 = CARTESIAN_POINT('',(10.681727479409,5.818010335552,3.));
#2887 = CARTESIAN_POINT('',(5.426809069584,9.363371442979,3.));
#2888 = CARTESIAN_POINT('',(4.637982530681E-04,9.500000000142,3.));
#2889 = ORIENTED_EDGE('',*,*,#2890,.F.);
#2890 = EDGE_CURVE('',#2585,#2874,#2891,.T.);
#2891 = B_SPLINE_CURVE_WITH_KNOTS('',1,(#2892,#2893),.UNSPECIFIED.,.F.,
  .F.,(2,2),(-2.,-0.),.PIECEWISE_BEZIER_KNOTS.);
#2892 = CARTESIAN_POINT('',(4.637982530681E-04,9.500000000142,5.));
#2893 = CARTESIAN_POINT('',(4.637982530681E-04,9.500000000142,3.));
#2894 = B_SPLINE_SURFACE_WITH_KNOTS('',1,11,(
    (#2895,#2896,#2897,#2898,#2899,#2900,#2901,#2902,#2903,#2904,#2905
      ,#2906)
    ,(#2907,#2908,#2909,#2910,#2911,#2912,#2913,#2914,#2915,#2916,#2917
      ,#2918
    )),.UNSPECIFIED.,.F.,.F.,.F.,(2,2),(12,12),(-2.,-0.),(0.,
    6.289678072638),.PIECEWISE_BEZIER_KNOTS.);
#2895 = CARTESIAN_POINT('',(-8.160220546158E-15,8.,5.));
#2896 = CARTESIAN_POINT('',(-4.569547111273,8.136363636481,5.));
#2897 = CARTESIAN_POINT('',(-9.31012749091,5.402259191635,5.));
#2898 = CARTESIAN_POINT('',(-12.22069007194,-0.387831171763,
    4.999999999999));
#2899 = CARTESIAN_POINT('',(-11.0916462345,-7.810694176655,
    5.000000000001));
#2900 = CARTESIAN_POINT('',(-5.016642455131,-13.77317358172,
    4.999999999998));
#2901 = CARTESIAN_POINT('',(4.235912511561,-14.38719346351,
    5.000000000001));
#2902 = CARTESIAN_POINT('',(11.344295777637,-8.898510456559,
    4.999999999999));
#2903 = CARTESIAN_POINT('',(13.384237115854,-0.963474986986,5.));
#2904 = CARTESIAN_POINT('',(10.681727479409,5.818010335551,5.));
#2905 = CARTESIAN_POINT('',(5.426809069584,9.36337144298,5.));
#2906 = CARTESIAN_POINT('',(4.637982530681E-04,9.500000000142,5.));
#2907 = CARTESIAN_POINT('',(-8.160247651212E-15,8.,3.));
#2908 = CARTESIAN_POINT('',(-4.569547111273,8.136363636481,3.));
#2909 = CARTESIAN_POINT('',(-9.31012749091,5.402259191634,3.));
#2910 = CARTESIAN_POINT('',(-12.22069007194,-0.387831171761,3.));
#2911 = CARTESIAN_POINT('',(-11.0916462345,-7.810694176657,3.));
#2912 = CARTESIAN_POINT('',(-5.016642455131,-13.77317358171,3.));
#2913 = CARTESIAN_POINT('',(4.235912511561,-14.38719346351,3.));
#2914 = CARTESIAN_POINT('',(11.344295777637,-8.898510456557,3.));
#2915 = CARTESIAN_POINT('',(13.384237115854,-0.963474986988,3.));
#2916 = CARTESIAN_POINT('',(10.681727479409,5.818010335552,3.));
#2917 = CARTESIAN_POINT('',(5.426809069584,9.363371442979,3.));
#2918 = CARTESIAN_POINT('',(4.637982530681E-04,9.500000000142,3.));
#2919 = ADVANCED_FACE('',(#2920),#2946,.T.);
#2920 = FACE_BOUND('',#2921,.T.);
#2921 = EDGE_LOOP('',(#2922,#2939,#2940,#2941));
#2922 = ORIENTED_EDGE('',*,*,#2923,.F.);
#2923 = EDGE_CURVE('',#2820,#2924,#2926,.T.);
#2924 = VERTEX_POINT('',#2925);
#2925 = CARTESIAN_POINT('',(9.266993617388E-04,10.250000000568,3.));
#2926 = B_SPLINE_CURVE_WITH_KNOTS('',11,(#2927,#2928,#2929,#2930,#2931,
    #2932,#2933,#2934,#2935,#2936,#2937,#2938),.UNSPECIFIED.,.F.,.F.,(12
    ,12),(0.,6.289678072638),.PIECEWISE_BEZIER_KNOTS.);
#2927 = CARTESIAN_POINT('',(4.642592850071E-04,8.750000000143,3.));
#2928 = CARTESIAN_POINT('',(-4.997481975955,8.886628820862,3.));
#2929 = CARTESIAN_POINT('',(-10.16661834709,5.883676264266,3.));
#2930 = CARTESIAN_POINT('',(-13.31808770836,-0.445050061466,3.));
#2931 = CARTESIAN_POINT('',(-12.05364425445,-8.52620513738,3.));
#2932 = CARTESIAN_POINT('',(-5.41393472991,-14.97981203743,3.));
#2933 = CARTESIAN_POINT('',(4.631712802015,-15.5943221327,3.));
#2934 = CARTESIAN_POINT('',(12.305408592212,-9.615210100778,3.));
#2935 = CARTESIAN_POINT('',(14.48156313179,-1.022050446984,3.));
#2936 = CARTESIAN_POINT('',(11.538812836187,6.298368236253,3.));
#2937 = CARTESIAN_POINT('',(5.855671087253,10.113107035086,3.));
#2938 = CARTESIAN_POINT('',(9.26699361863E-04,10.250000000568,3.));
#2939 = ORIENTED_EDGE('',*,*,#2838,.T.);
#2940 = ORIENTED_EDGE('',*,*,#2687,.T.);
#2941 = ORIENTED_EDGE('',*,*,#2942,.F.);
#2942 = EDGE_CURVE('',#2924,#2671,#2943,.T.);
#2943 = B_SPLINE_CURVE_WITH_KNOTS('',1,(#2944,#2945),.UNSPECIFIED.,.F.,
  .F.,(2,2),(-2.,-0.),.PIECEWISE_BEZIER_KNOTS.);
#2944 = CARTESIAN_POINT('',(9.26699361863E-04,10.250000000568,3.));
#2945 = CARTESIAN_POINT('',(9.266993618778E-04,10.250000000568,5.));
#2946 = B_SPLINE_SURFACE_WITH_KNOTS('',1,11,(
    (#2947,#2948,#2949,#2950,#2951,#2952,#2953,#2954,#2955,#2956,#2957
      ,#2958)
    ,(#2959,#2960,#2961,#2962,#2963,#2964,#2965,#2966,#2967,#2968,#2969
      ,#2970
    )),.UNSPECIFIED.,.F.,.F.,.F.,(2,2),(12,12),(-2.,-0.),(0.,
    6.289678072638),.PIECEWISE_BEZIER_KNOTS.);
#2947 = CARTESIAN_POINT('',(4.642592850071E-04,8.750000000143,3.));
#2948 = CARTESIAN_POINT('',(-4.997481975955,8.886628820862,3.));
#2949 = CARTESIAN_POINT('',(-10.16661834709,5.883676264266,3.));
#2950 = CARTESIAN_POINT('',(-13.31808770836,-0.445050061466,3.));
#2951 = CARTESIAN_POINT('',(-12.05364425445,-8.52620513738,3.));
#2952 = CARTESIAN_POINT('',(-5.41393472991,-14.97981203743,3.));
#2953 = CARTESIAN_POINT('',(4.631712802015,-15.5943221327,3.));
#2954 = CARTESIAN_POINT('',(12.305408592212,-9.615210100778,3.));
#2955 = CARTESIAN_POINT('',(14.48156313179,-1.022050446984,3.));
#2956 = CARTESIAN_POINT('',(11.538812836187,6.298368236253,3.));
#2957 = CARTESIAN_POINT('',(5.855671087253,10.113107035086,3.));
#2958 = CARTESIAN_POINT('',(9.26699361863E-04,10.250000000568,3.));
#2959 = CARTESIAN_POINT('',(4.64259284997E-04,8.750000000143,5.));
#2960 = CARTESIAN_POINT('',(-4.997481975955,8.886628820863,5.));
#2961 = CARTESIAN_POINT('',(-10.16661834709,5.883676264265,5.));
#2962 = CARTESIAN_POINT('',(-13.31808770836,-0.445050061463,5.));
#2963 = CARTESIAN_POINT('',(-12.05364425446,-8.526205137384,
    5.000000000001));
#2964 = CARTESIAN_POINT('',(-5.413934729908,-14.97981203743,
    4.999999999999));
#2965 = CARTESIAN_POINT('',(4.631712802012,-15.5943221327,5.000000000001
    ));
#2966 = CARTESIAN_POINT('',(12.305408592215,-9.615210100775,5.));
#2967 = CARTESIAN_POINT('',(14.481563131788,-1.022050446986,5.));
#2968 = CARTESIAN_POINT('',(11.538812836188,6.298368236254,5.));
#2969 = CARTESIAN_POINT('',(5.855671087252,10.113107035086,5.));
#2970 = CARTESIAN_POINT('',(9.266993618778E-04,10.250000000568,5.));
#2971 = ADVANCED_FACE('',(#2972),#2998,.T.);
#2972 = FACE_BOUND('',#2973,.T.);
#2973 = EDGE_LOOP('',(#2974,#2975,#2976,#2993));
#2974 = ORIENTED_EDGE('',*,*,#2601,.F.);
#2975 = ORIENTED_EDGE('',*,*,#2890,.T.);
#2976 = ORIENTED_EDGE('',*,*,#2977,.T.);
#2977 = EDGE_CURVE('',#2874,#2978,#2980,.T.);
#2978 = VERTEX_POINT('',#2979);
#2979 = CARTESIAN_POINT('',(9.257791041804E-04,11.000000000568,3.));
#2980 = B_SPLINE_CURVE_WITH_KNOTS('',11,(#2981,#2982,#2983,#2984,#2985,
    #2986,#2987,#2988,#2989,#2990,#2991,#2992),.UNSPECIFIED.,.F.,.F.,(12
    ,12),(0.,6.289678072638),.PIECEWISE_BEZIER_KNOTS.);
#2981 = CARTESIAN_POINT('',(4.637982529467E-04,9.500000000143,3.));
#2982 = CARTESIAN_POINT('',(-5.425881476988,9.636628557521,3.));
#2983 = CARTESIAN_POINT('',(-11.02340701455,6.364562550685,3.));
#2984 = CARTESIAN_POINT('',(-14.41544932586,-0.502948595986,3.));
#2985 = CARTESIAN_POINT('',(-13.01519865403,-9.242311400991,3.));
#2986 = CARTESIAN_POINT('',(-5.810479759319,-16.18669573119,3.));
#2987 = CARTESIAN_POINT('',(5.028260055093,-16.80120509567,3.));
#2988 = CARTESIAN_POINT('',(13.266964310863,-10.33131459277,3.));
#2989 = CARTESIAN_POINT('',(15.578924855813,-1.079946959909,3.));
#2990 = CARTESIAN_POINT('',(12.395600617656,6.779256100838,3.));
#2991 = CARTESIAN_POINT('',(6.284069206842,10.863107560736,3.));
#2992 = CARTESIAN_POINT('',(9.257791043094E-04,11.000000000568,3.));
#2993 = ORIENTED_EDGE('',*,*,#2994,.F.);
#2994 = EDGE_CURVE('',#2602,#2978,#2995,.T.);
#2995 = B_SPLINE_CURVE_WITH_KNOTS('',1,(#2996,#2997),.UNSPECIFIED.,.F.,
  .F.,(2,2),(-2.,-0.),.PIECEWISE_BEZIER_KNOTS.);
#2996 = CARTESIAN_POINT('',(9.25779104316E-04,11.000000000568,5.));
#2997 = CARTESIAN_POINT('',(9.257791043094E-04,11.000000000568,3.));
#2998 = B_SPLINE_SURFACE_WITH_KNOTS('',1,11,(
    (#2999,#3000,#3001,#3002,#3003,#3004,#3005,#3006,#3007,#3008,#3009
      ,#3010)
    ,(#3011,#3012,#3013,#3014,#3015,#3016,#3017,#3018,#3019,#3020,#3021
      ,#3022
    )),.UNSPECIFIED.,.F.,.F.,.F.,(2,2),(12,12),(-2.,-0.),(0.,
    6.289678072638),.PIECEWISE_BEZIER_KNOTS.);
#2999 = CARTESIAN_POINT('',(4.63798252939E-04,9.500000000143,5.));
#3000 = CARTESIAN_POINT('',(-5.425881476989,9.636628557521,5.));
#3001 = CARTESIAN_POINT('',(-11.02340701455,6.364562550685,5.));
#3002 = CARTESIAN_POINT('',(-14.41544932586,-0.502948595985,5.));
#3003 = CARTESIAN_POINT('',(-13.01519865403,-9.242311400992,
    5.000000000001));
#3004 = CARTESIAN_POINT('',(-5.810479759322,-16.18669573119,
    4.999999999999));
#3005 = CARTESIAN_POINT('',(5.028260055096,-16.80120509567,
    5.000000000001));
#3006 = CARTESIAN_POINT('',(13.26696431086,-10.33131459277,5.));
#3007 = CARTESIAN_POINT('',(15.578924855815,-1.07994695991,5.));
#3008 = CARTESIAN_POINT('',(12.395600617655,6.779256100838,5.));
#3009 = CARTESIAN_POINT('',(6.284069206842,10.863107560736,5.));
#3010 = CARTESIAN_POINT('',(9.25779104316E-04,11.000000000568,5.));
#3011 = CARTESIAN_POINT('',(4.637982529467E-04,9.500000000143,3.));
#3012 = CARTESIAN_POINT('',(-5.425881476988,9.636628557521,3.));
#3013 = CARTESIAN_POINT('',(-11.02340701455,6.364562550685,3.));
#3014 = CARTESIAN_POINT('',(-14.41544932586,-0.502948595986,3.));
#3015 = CARTESIAN_POINT('',(-13.01519865403,-9.242311400991,3.));
#3016 = CARTESIAN_POINT('',(-5.810479759319,-16.18669573119,3.));
#3017 = CARTESIAN_POINT('',(5.028260055093,-16.80120509567,3.));
#3018 = CARTESIAN_POINT('',(13.266964310863,-10.33131459277,3.));
#3019 = CARTESIAN_POINT('',(15.578924855813,-1.079946959909,3.));
#3020 = CARTESIAN_POINT('',(12.395600617656,6.779256100838,3.));
#3021 = CARTESIAN_POINT('',(6.284069206842,10.863107560736,3.));
#3022 = CARTESIAN_POINT('',(9.257791043094E-04,11.000000000568,3.));
#3023 = ADVANCED_FACE('',(#3024),#3050,.T.);
#3024 = FACE_BOUND('',#3025,.T.);
#3025 = EDGE_LOOP('',(#3026,#3043,#3044,#3045));
#3026 = ORIENTED_EDGE('',*,*,#3027,.F.);
#3027 = EDGE_CURVE('',#2924,#3028,#3030,.T.);
#3028 = VERTEX_POINT('',#3029);
#3029 = CARTESIAN_POINT('',(1.387330070209E-03,11.750000001274,3.));
#3030 = B_SPLINE_CURVE_WITH_KNOTS('',11,(#3031,#3032,#3033,#3034,#3035,
    #3036,#3037,#3038,#3039,#3040,#3041,#3042),.UNSPECIFIED.,.F.,.F.,(12
    ,12),(0.,6.289678072638),.PIECEWISE_BEZIER_KNOTS.);
#3031 = CARTESIAN_POINT('',(9.266993617898E-04,10.250000000568,3.));
#3032 = CARTESIAN_POINT('',(-5.853817702538,10.386892966298,3.));
#3033 = CARTESIAN_POINT('',(-11.87989872248,6.845978072877,3.));
#3034 = CARTESIAN_POINT('',(-15.51284691513,-0.56016947066,3.));
#3035 = CARTESIAN_POINT('',(-13.97719524991,-9.957824097485,3.));
#3036 = CARTESIAN_POINT('',(-6.207770053784,-17.3933349017,3.));
#3037 = CARTESIAN_POINT('',(5.424062749464,-18.00833304741,3.));
#3038 = CARTESIAN_POINT('',(14.228078227819,-11.0480125015,3.));
#3039 = CARTESIAN_POINT('',(16.676251085132,-1.138520442828,3.));
#3040 = CARTESIAN_POINT('',(13.25268506435,7.259615544457,3.));
#3041 = CARTESIAN_POINT('',(6.71292988445,11.612843923939,3.));
#3042 = CARTESIAN_POINT('',(1.387330070165E-03,11.750000001274,3.));
#3043 = ORIENTED_EDGE('',*,*,#2942,.T.);
#3044 = ORIENTED_EDGE('',*,*,#2670,.T.);
#3045 = ORIENTED_EDGE('',*,*,#3046,.F.);
#3046 = EDGE_CURVE('',#3028,#2657,#3047,.T.);
#3047 = B_SPLINE_CURVE_WITH_KNOTS('',1,(#3048,#3049),.UNSPECIFIED.,.F.,
  .F.,(2,2),(-2.,-0.),.PIECEWISE_BEZIER_KNOTS.);
#3048 = CARTESIAN_POINT('',(1.387330070165E-03,11.750000001274,3.));
#3049 = CARTESIAN_POINT('',(1.387330070165E-03,11.750000001274,5.));
#3050 = B_SPLINE_SURFACE_WITH_KNOTS('',1,11,(
    (#3051,#3052,#3053,#3054,#3055,#3056,#3057,#3058,#3059,#3060,#3061
      ,#3062)
    ,(#3063,#3064,#3065,#3066,#3067,#3068,#3069,#3070,#3071,#3072,#3073
      ,#3074
    )),.UNSPECIFIED.,.F.,.F.,.F.,(2,2),(12,12),(-2.,-0.),(0.,
    6.289678072638),.PIECEWISE_BEZIER_KNOTS.);
#3051 = CARTESIAN_POINT('',(9.266993617898E-04,10.250000000568,3.));
#3052 = CARTESIAN_POINT('',(-5.853817702538,10.386892966298,3.));
#3053 = CARTESIAN_POINT('',(-11.87989872248,6.845978072877,3.));
#3054 = CARTESIAN_POINT('',(-15.51284691513,-0.56016947066,3.));
#3055 = CARTESIAN_POINT('',(-13.97719524991,-9.957824097485,3.));
#3056 = CARTESIAN_POINT('',(-6.207770053784,-17.3933349017,3.));
#3057 = CARTESIAN_POINT('',(5.424062749464,-18.00833304741,3.));
#3058 = CARTESIAN_POINT('',(14.228078227819,-11.0480125015,3.));
#3059 = CARTESIAN_POINT('',(16.676251085132,-1.138520442828,3.));
#3060 = CARTESIAN_POINT('',(13.25268506435,7.259615544457,3.));
#3061 = CARTESIAN_POINT('',(6.71292988445,11.612843923939,3.));
#3062 = CARTESIAN_POINT('',(1.387330070165E-03,11.750000001274,3.));
#3063 = CARTESIAN_POINT('',(9.266993617898E-04,10.250000000568,5.));
#3064 = CARTESIAN_POINT('',(-5.853817702538,10.386892966298,5.));
#3065 = CARTESIAN_POINT('',(-11.87989872248,6.845978072875,5.));
#3066 = CARTESIAN_POINT('',(-15.51284691513,-0.560169470655,
    4.999999999999));
#3067 = CARTESIAN_POINT('',(-13.97719524991,-9.957824097495,
    5.000000000001));
#3068 = CARTESIAN_POINT('',(-6.207770053784,-17.39333490169,
    4.999999999999));
#3069 = CARTESIAN_POINT('',(5.424062749464,-18.00833304742,
    5.000000000001));
#3070 = CARTESIAN_POINT('',(14.228078227819,-11.04801250149,
    4.999999999999));
#3071 = CARTESIAN_POINT('',(16.676251085132,-1.138520442834,5.));
#3072 = CARTESIAN_POINT('',(13.25268506435,7.259615544459,5.));
#3073 = CARTESIAN_POINT('',(6.71292988445,11.612843923938,5.));
#3074 = CARTESIAN_POINT('',(1.387330070165E-03,11.750000001274,5.));
#3075 = ADVANCED_FACE('',(#3076),#3102,.T.);
#3076 = FACE_BOUND('',#3077,.T.);
#3077 = EDGE_LOOP('',(#3078,#3079,#3080,#3097));
#3078 = ORIENTED_EDGE('',*,*,#2618,.F.);
#3079 = ORIENTED_EDGE('',*,*,#2994,.T.);
#3080 = ORIENTED_EDGE('',*,*,#3081,.T.);
#3081 = EDGE_CURVE('',#2978,#3082,#3084,.T.);
#3082 = VERTEX_POINT('',#3083);
#3083 = CARTESIAN_POINT('',(1.385952383944E-03,12.500000001273,3.));
#3084 = B_SPLINE_CURVE_WITH_KNOTS('',11,(#3085,#3086,#3087,#3088,#3089,
    #3090,#3091,#3092,#3093,#3094,#3095,#3096),.UNSPECIFIED.,.F.,.F.,(12
    ,12),(0.,6.289678072638),.PIECEWISE_BEZIER_KNOTS.);
#3085 = CARTESIAN_POINT('',(9.257791042269E-04,11.000000000568,3.));
#3086 = CARTESIAN_POINT('',(-6.282217662628,11.136892440648,3.));
#3087 = CARTESIAN_POINT('',(-12.73668768407,7.326863834888,3.));
#3088 = CARTESIAN_POINT('',(-16.61020849684,-0.618068676471,3.));
#3089 = CARTESIAN_POINT('',(-14.93874921134,-10.67393094886,3.));
#3090 = CARTESIAN_POINT('',(-6.604314345127,-18.60021883731,3.));
#3091 = CARTESIAN_POINT('',(5.820610739526,-19.2152157676,3.));
#3092 = CARTESIAN_POINT('',(15.189634383559,-11.76411640603,3.));
#3093 = CARTESIAN_POINT('',(17.773612844126,-1.19641628586,3.));
#3094 = CARTESIAN_POINT('',(14.10947255222,7.740503931808,3.));
#3095 = CARTESIAN_POINT('',(7.141327546442,12.36284471087,3.));
#3096 = CARTESIAN_POINT('',(1.385952383904E-03,12.500000001273,3.));
#3097 = ORIENTED_EDGE('',*,*,#3098,.F.);
#3098 = EDGE_CURVE('',#2619,#3082,#3099,.T.);
#3099 = B_SPLINE_CURVE_WITH_KNOTS('',1,(#3100,#3101),.UNSPECIFIED.,.F.,
  .F.,(2,2),(-2.,-0.),.PIECEWISE_BEZIER_KNOTS.);
#3100 = CARTESIAN_POINT('',(1.385952383904E-03,12.500000001273,5.));
#3101 = CARTESIAN_POINT('',(1.385952383904E-03,12.500000001273,3.));
#3102 = B_SPLINE_SURFACE_WITH_KNOTS('',1,11,(
    (#3103,#3104,#3105,#3106,#3107,#3108,#3109,#3110,#3111,#3112,#3113
      ,#3114)
    ,(#3115,#3116,#3117,#3118,#3119,#3120,#3121,#3122,#3123,#3124,#3125
      ,#3126
    )),.UNSPECIFIED.,.F.,.F.,.F.,(2,2),(12,12),(-2.,-0.),(0.,
    6.289678072638),.PIECEWISE_BEZIER_KNOTS.);
#3103 = CARTESIAN_POINT('',(9.257791042269E-04,11.000000000568,5.));
#3104 = CARTESIAN_POINT('',(-6.282217662628,11.136892440648,5.));
#3105 = CARTESIAN_POINT('',(-12.73668768407,7.326863834887,5.));
#3106 = CARTESIAN_POINT('',(-16.61020849684,-0.618068676468,
    4.999999999999));
#3107 = CARTESIAN_POINT('',(-14.93874921134,-10.67393094887,
    5.000000000001));
#3108 = CARTESIAN_POINT('',(-6.604314345127,-18.6002188373,
    4.999999999999));
#3109 = CARTESIAN_POINT('',(5.820610739526,-19.21521576761,
    5.000000000001));
#3110 = CARTESIAN_POINT('',(15.189634383559,-11.76411640602,
    4.999999999999));
#3111 = CARTESIAN_POINT('',(17.773612844126,-1.196416285863,5.));
#3112 = CARTESIAN_POINT('',(14.10947255222,7.74050393181,5.));
#3113 = CARTESIAN_POINT('',(7.141327546442,12.36284471087,5.));
#3114 = CARTESIAN_POINT('',(1.385952383904E-03,12.500000001273,5.));
#3115 = CARTESIAN_POINT('',(9.257791042269E-04,11.000000000568,3.));
#3116 = CARTESIAN_POINT('',(-6.282217662628,11.136892440648,3.));
#3117 = CARTESIAN_POINT('',(-12.73668768407,7.326863834888,3.));
#3118 = CARTESIAN_POINT('',(-16.61020849684,-0.618068676471,3.));
#3119 = CARTESIAN_POINT('',(-14.93874921134,-10.67393094886,3.));
#3120 = CARTESIAN_POINT('',(-6.604314345127,-18.60021883731,3.));
#3121 = CARTESIAN_POINT('',(5.820610739526,-19.2152157676,3.));
#3122 = CARTESIAN_POINT('',(15.189634383559,-11.76411640603,3.));
#3123 = CARTESIAN_POINT('',(17.773612844126,-1.19641628586,3.));
#3124 = CARTESIAN_POINT('',(14.10947255222,7.740503931808,3.));
#3125 = CARTESIAN_POINT('',(7.141327546442,12.36284471087,3.));
#3126 = CARTESIAN_POINT('',(1.385952383904E-03,12.500000001273,3.));
#3127 = ADVANCED_FACE('',(#3128),#3151,.T.);
#3128 = FACE_BOUND('',#3129,.T.);
#3129 = EDGE_LOOP('',(#3130,#3144,#3145,#3146));
#3130 = ORIENTED_EDGE('',*,*,#3131,.F.);
#3131 = EDGE_CURVE('',#3028,#3132,#3134,.T.);
#3132 = VERTEX_POINT('',#3133);
#3133 = CARTESIAN_POINT('',(-1.616970612955E-03,-12.50000000173,3.));
#3134 = B_SPLINE_CURVE_WITH_KNOTS('',8,(#3135,#3136,#3137,#3138,#3139,
    #3140,#3141,#3142,#3143),.UNSPECIFIED.,.F.,.F.,(9,9),(0.,
    3.144839036319),.PIECEWISE_BEZIER_KNOTS.);
#3135 = CARTESIAN_POINT('',(1.387330070426E-03,11.750000001274,3.));
#3136 = CARTESIAN_POINT('',(-4.612798178588,11.844294804575,3.));
#3137 = CARTESIAN_POINT('',(-9.311518452365,9.867288733533,3.));
#3138 = CARTESIAN_POINT('',(-13.0092671831,5.756494480171,3.));
#3139 = CARTESIAN_POINT('',(-14.57186026086,0.112553450098,3.));
#3140 = CARTESIAN_POINT('',(-13.32097804344,-5.676520283659,3.));
#3141 = CARTESIAN_POINT('',(-9.734574062503,-10.10772496821,3.));
#3142 = CARTESIAN_POINT('',(-4.910326844669,-12.40561501887,3.));
#3143 = CARTESIAN_POINT('',(-1.616970612955E-03,-12.50000000173,3.));
#3144 = ORIENTED_EDGE('',*,*,#3046,.T.);
#3145 = ORIENTED_EDGE('',*,*,#2656,.T.);
#3146 = ORIENTED_EDGE('',*,*,#3147,.F.);
#3147 = EDGE_CURVE('',#3132,#2650,#3148,.T.);
#3148 = B_SPLINE_CURVE_WITH_KNOTS('',1,(#3149,#3150),.UNSPECIFIED.,.F.,
  .F.,(2,2),(-2.,-0.),.PIECEWISE_BEZIER_KNOTS.);
#3149 = CARTESIAN_POINT('',(-1.616970612955E-03,-12.50000000173,3.));
#3150 = CARTESIAN_POINT('',(-1.616970612951E-03,-12.50000000173,5.));
#3151 = B_SPLINE_SURFACE_WITH_KNOTS('',1,8,(
    (#3152,#3153,#3154,#3155,#3156,#3157,#3158,#3159,#3160)
    ,(#3161,#3162,#3163,#3164,#3165,#3166,#3167,#3168,#3169
  )),.UNSPECIFIED.,.F.,.F.,.F.,(2,2),(9,9),(-2.,-0.),(0.,3.144839036319)
  ,.PIECEWISE_BEZIER_KNOTS.);
#3152 = CARTESIAN_POINT('',(1.387330070426E-03,11.750000001274,3.));
#3153 = CARTESIAN_POINT('',(-4.612798178588,11.844294804575,3.));
#3154 = CARTESIAN_POINT('',(-9.311518452365,9.867288733533,3.));
#3155 = CARTESIAN_POINT('',(-13.0092671831,5.756494480171,3.));
#3156 = CARTESIAN_POINT('',(-14.57186026086,0.112553450098,3.));
#3157 = CARTESIAN_POINT('',(-13.32097804344,-5.676520283659,3.));
#3158 = CARTESIAN_POINT('',(-9.734574062503,-10.10772496821,3.));
#3159 = CARTESIAN_POINT('',(-4.910326844669,-12.40561501887,3.));
#3160 = CARTESIAN_POINT('',(-1.616970612955E-03,-12.50000000173,3.));
#3161 = CARTESIAN_POINT('',(1.387330070426E-03,11.750000001274,5.));
#3162 = CARTESIAN_POINT('',(-4.612798178588,11.844294804575,5.));
#3163 = CARTESIAN_POINT('',(-9.311518452365,9.867288733533,5.));
#3164 = CARTESIAN_POINT('',(-13.0092671831,5.756494480171,5.));
#3165 = CARTESIAN_POINT('',(-14.57186026086,0.112553450098,5.));
#3166 = CARTESIAN_POINT('',(-13.32097804344,-5.676520283659,5.));
#3167 = CARTESIAN_POINT('',(-9.734574062502,-10.10772496821,5.));
#3168 = CARTESIAN_POINT('',(-4.910326844669,-12.40561501887,5.));
#3169 = CARTESIAN_POINT('',(-1.616970612951E-03,-12.50000000173,5.));
#3170 = ADVANCED_FACE('',(#3171),#3194,.T.);
#3171 = FACE_BOUND('',#3172,.T.);
#3172 = EDGE_LOOP('',(#3173,#3174,#3175,#3189));
#3173 = ORIENTED_EDGE('',*,*,#2635,.F.);
#3174 = ORIENTED_EDGE('',*,*,#3098,.T.);
#3175 = ORIENTED_EDGE('',*,*,#3176,.T.);
#3176 = EDGE_CURVE('',#3082,#3177,#3179,.T.);
#3177 = VERTEX_POINT('',#3178);
#3178 = CARTESIAN_POINT('',(-1.615364882459E-03,-13.25000000172,3.));
#3179 = B_SPLINE_CURVE_WITH_KNOTS('',8,(#3180,#3181,#3182,#3183,#3184,
    #3185,#3186,#3187,#3188),.UNSPECIFIED.,.F.,.F.,(9,9),(0.,
    3.144839036319),.PIECEWISE_BEZIER_KNOTS.);
#3180 = CARTESIAN_POINT('',(1.385952384159E-03,12.500000001272,3.));
#3181 = CARTESIAN_POINT('',(-4.90732389605,12.594294263557,3.));
#3182 = CARTESIAN_POINT('',(-9.900571760071,10.485075537476,3.));
#3183 = CARTESIAN_POINT('',(-13.82360609076,6.110094240716,3.));
#3184 = CARTESIAN_POINT('',(-15.47321459157,0.112551657271,3.));
#3185 = CARTESIAN_POINT('',(-14.13531554444,-6.030123283677,3.));
#3186 = CARTESIAN_POINT('',(-10.32362491261,-10.72551411539,3.));
#3187 = CARTESIAN_POINT('',(-5.20484957866,-13.15561564944,3.));
#3188 = CARTESIAN_POINT('',(-1.615364882457E-03,-13.25000000172,3.));
#3189 = ORIENTED_EDGE('',*,*,#3190,.F.);
#3190 = EDGE_CURVE('',#2636,#3177,#3191,.T.);
#3191 = B_SPLINE_CURVE_WITH_KNOTS('',1,(#3192,#3193),.UNSPECIFIED.,.F.,
  .F.,(2,2),(-2.,-0.),.PIECEWISE_BEZIER_KNOTS.);
#3192 = CARTESIAN_POINT('',(-1.615364882457E-03,-13.25000000172,5.));
#3193 = CARTESIAN_POINT('',(-1.615364882457E-03,-13.25000000172,3.));
#3194 = B_SPLINE_SURFACE_WITH_KNOTS('',1,8,(
    (#3195,#3196,#3197,#3198,#3199,#3200,#3201,#3202,#3203)
    ,(#3204,#3205,#3206,#3207,#3208,#3209,#3210,#3211,#3212
  )),.UNSPECIFIED.,.F.,.F.,.F.,(2,2),(9,9),(-2.,-0.),(0.,3.144839036319)
  ,.PIECEWISE_BEZIER_KNOTS.);
#3195 = CARTESIAN_POINT('',(1.385952384157E-03,12.500000001272,5.));
#3196 = CARTESIAN_POINT('',(-4.90732389605,12.594294263557,5.));
#3197 = CARTESIAN_POINT('',(-9.900571760071,10.485075537476,5.));
#3198 = CARTESIAN_POINT('',(-13.82360609076,6.110094240716,5.));
#3199 = CARTESIAN_POINT('',(-15.47321459157,0.112551657271,5.));
#3200 = CARTESIAN_POINT('',(-14.13531554444,-6.030123283677,5.));
#3201 = CARTESIAN_POINT('',(-10.32362491261,-10.72551411539,5.));
#3202 = CARTESIAN_POINT('',(-5.20484957866,-13.15561564944,5.));
#3203 = CARTESIAN_POINT('',(-1.615364882457E-03,-13.25000000172,5.));
#3204 = CARTESIAN_POINT('',(1.385952384159E-03,12.500000001272,3.));
#3205 = CARTESIAN_POINT('',(-4.90732389605,12.594294263557,3.));
#3206 = CARTESIAN_POINT('',(-9.900571760071,10.485075537476,3.));
#3207 = CARTESIAN_POINT('',(-13.82360609076,6.110094240716,3.));
#3208 = CARTESIAN_POINT('',(-15.47321459157,0.112551657271,3.));
#3209 = CARTESIAN_POINT('',(-14.13531554444,-6.030123283677,3.));
#3210 = CARTESIAN_POINT('',(-10.32362491261,-10.72551411539,3.));
#3211 = CARTESIAN_POINT('',(-5.20484957866,-13.15561564944,3.));
#3212 = CARTESIAN_POINT('',(-1.615364882457E-03,-13.25000000172,3.));
#3213 = ADVANCED_FACE('',(#3214),#3224,.T.);
#3214 = FACE_BOUND('',#3215,.F.);
#3215 = EDGE_LOOP('',(#3216,#3217,#3218,#3223));
#3216 = ORIENTED_EDGE('',*,*,#2649,.F.);
#3217 = ORIENTED_EDGE('',*,*,#3147,.F.);
#3218 = ORIENTED_EDGE('',*,*,#3219,.F.);
#3219 = EDGE_CURVE('',#3177,#3132,#3220,.T.);
#3220 = B_SPLINE_CURVE_WITH_KNOTS('',1,(#3221,#3222),.UNSPECIFIED.,.F.,
  .F.,(2,2),(-0.75,-0.),.PIECEWISE_BEZIER_KNOTS.);
#3221 = CARTESIAN_POINT('',(-1.615364882459E-03,-13.25000000172,3.));
#3222 = CARTESIAN_POINT('',(-1.616970612955E-03,-12.50000000173,3.));
#3223 = ORIENTED_EDGE('',*,*,#3190,.F.);
#3224 = PLANE('',#3225);
#3225 = AXIS2_PLACEMENT_3D('',#3226,#3227,#3228);
#3226 = CARTESIAN_POINT('',(-1.616167747618E-03,-12.87500000173,
    3.999999999998));
#3227 = DIRECTION('',(0.999999999998,2.140973992763E-06,0.));
#3228 = DIRECTION('',(0.,0.,1.));
#3229 = ADVANCED_FACE('',(#3230),#3255,.T.);
#3230 = FACE_BOUND('',#3231,.T.);
#3231 = EDGE_LOOP('',(#3232,#3240,#3241,#3249));
#3232 = ORIENTED_EDGE('',*,*,#3233,.T.);
#3233 = EDGE_CURVE('',#3234,#2734,#3236,.T.);
#3234 = VERTEX_POINT('',#3235);
#3235 = CARTESIAN_POINT('',(4.,-4.,3.));
#3236 = LINE('',#3237,#3238);
#3237 = CARTESIAN_POINT('',(4.,-4.,3.));
#3238 = VECTOR('',#3239,1.);
#3239 = DIRECTION('',(0.,0.,1.));
#3240 = ORIENTED_EDGE('',*,*,#2733,.T.);
#3241 = ORIENTED_EDGE('',*,*,#3242,.F.);
#3242 = EDGE_CURVE('',#3243,#2736,#3245,.T.);
#3243 = VERTEX_POINT('',#3244);
#3244 = CARTESIAN_POINT('',(4.,4.,3.));
#3245 = LINE('',#3246,#3247);
#3246 = CARTESIAN_POINT('',(4.,4.,3.));
#3247 = VECTOR('',#3248,1.);
#3248 = DIRECTION('',(0.,0.,1.));
#3249 = ORIENTED_EDGE('',*,*,#3250,.F.);
#3250 = EDGE_CURVE('',#3234,#3243,#3251,.T.);
#3251 = LINE('',#3252,#3253);
#3252 = CARTESIAN_POINT('',(4.,-4.,3.));
#3253 = VECTOR('',#3254,1.);
#3254 = DIRECTION('',(2.22044604925E-16,1.,0.));
#3255 = PLANE('',#3256);
#3256 = AXIS2_PLACEMENT_3D('',#3257,#3258,#3259);
#3257 = CARTESIAN_POINT('',(4.,-4.,3.));
#3258 = DIRECTION('',(-1.,2.22044604925E-16,0.));
#3259 = DIRECTION('',(2.22044604925E-16,1.,0.));
#3260 = ADVANCED_FACE('',(#3261),#3279,.T.);
#3261 = FACE_BOUND('',#3262,.T.);
#3262 = EDGE_LOOP('',(#3263,#3271,#3272,#3273));
#3263 = ORIENTED_EDGE('',*,*,#3264,.T.);
#3264 = EDGE_CURVE('',#3265,#2744,#3267,.T.);
#3265 = VERTEX_POINT('',#3266);
#3266 = CARTESIAN_POINT('',(-4.,-4.,3.));
#3267 = LINE('',#3268,#3269);
#3268 = CARTESIAN_POINT('',(-4.,-4.,3.));
#3269 = VECTOR('',#3270,1.);
#3270 = DIRECTION('',(0.,0.,1.));
#3271 = ORIENTED_EDGE('',*,*,#2743,.T.);
#3272 = ORIENTED_EDGE('',*,*,#3233,.F.);
#3273 = ORIENTED_EDGE('',*,*,#3274,.F.);
#3274 = EDGE_CURVE('',#3265,#3234,#3275,.T.);
#3275 = LINE('',#3276,#3277);
#3276 = CARTESIAN_POINT('',(-4.,-4.,3.));
#3277 = VECTOR('',#3278,1.);
#3278 = DIRECTION('',(1.,-2.22044604925E-16,0.));
#3279 = PLANE('',#3280);
#3280 = AXIS2_PLACEMENT_3D('',#3281,#3282,#3283);
#3281 = CARTESIAN_POINT('',(-4.,-4.,3.));
#3282 = DIRECTION('',(2.22044604925E-16,1.,0.));
#3283 = DIRECTION('',(1.,-2.22044604925E-16,0.));
#3284 = ADVANCED_FACE('',(#3285),#3303,.T.);
#3285 = FACE_BOUND('',#3286,.T.);
#3286 = EDGE_LOOP('',(#3287,#3288,#3289,#3297));
#3287 = ORIENTED_EDGE('',*,*,#3242,.T.);
#3288 = ORIENTED_EDGE('',*,*,#2759,.T.);
#3289 = ORIENTED_EDGE('',*,*,#3290,.F.);
#3290 = EDGE_CURVE('',#3291,#2752,#3293,.T.);
#3291 = VERTEX_POINT('',#3292);
#3292 = CARTESIAN_POINT('',(-4.,4.,3.));
#3293 = LINE('',#3294,#3295);
#3294 = CARTESIAN_POINT('',(-4.,4.,3.));
#3295 = VECTOR('',#3296,1.);
#3296 = DIRECTION('',(0.,0.,1.));
#3297 = ORIENTED_EDGE('',*,*,#3298,.F.);
#3298 = EDGE_CURVE('',#3243,#3291,#3299,.T.);
#3299 = LINE('',#3300,#3301);
#3300 = CARTESIAN_POINT('',(4.,4.,3.));
#3301 = VECTOR('',#3302,1.);
#3302 = DIRECTION('',(-1.,2.22044604925E-16,0.));
#3303 = PLANE('',#3304);
#3304 = AXIS2_PLACEMENT_3D('',#3305,#3306,#3307);
#3305 = CARTESIAN_POINT('',(4.,4.,3.));
#3306 = DIRECTION('',(-2.22044604925E-16,-1.,0.));
#3307 = DIRECTION('',(-1.,2.22044604925E-16,0.));
#3308 = ADVANCED_FACE('',(#3309),#3320,.T.);
#3309 = FACE_BOUND('',#3310,.T.);
#3310 = EDGE_LOOP('',(#3311,#3312,#3313,#3314));
#3311 = ORIENTED_EDGE('',*,*,#3290,.T.);
#3312 = ORIENTED_EDGE('',*,*,#2751,.T.);
#3313 = ORIENTED_EDGE('',*,*,#3264,.F.);
#3314 = ORIENTED_EDGE('',*,*,#3315,.F.);
#3315 = EDGE_CURVE('',#3291,#3265,#3316,.T.);
#3316 = LINE('',#3317,#3318);
#3317 = CARTESIAN_POINT('',(-4.,4.,3.));
#3318 = VECTOR('',#3319,1.);
#3319 = DIRECTION('',(-2.22044604925E-16,-1.,0.));
#3320 = PLANE('',#3321);
#3321 = AXIS2_PLACEMENT_3D('',#3322,#3323,#3324);
#3322 = CARTESIAN_POINT('',(-4.,4.,3.));
#3323 = DIRECTION('',(1.,-2.22044604925E-16,0.));
#3324 = DIRECTION('',(-2.22044604925E-16,-1.,0.));
#3325 = ADVANCED_FACE('',(#3326,#3338,#3372,#3406,#3440,#3446),#3480,.T.
  );
#3326 = FACE_BOUND('',#3327,.T.);
#3327 = EDGE_LOOP('',(#3328,#3329,#3330,#3331,#3332,#3333,#3334,#3335,
    #3336,#3337));
#3328 = ORIENTED_EDGE('',*,*,#2793,.F.);
#3329 = ORIENTED_EDGE('',*,*,#2819,.T.);
#3330 = ORIENTED_EDGE('',*,*,#2923,.T.);
#3331 = ORIENTED_EDGE('',*,*,#3027,.T.);
#3332 = ORIENTED_EDGE('',*,*,#3131,.T.);
#3333 = ORIENTED_EDGE('',*,*,#3219,.F.);
#3334 = ORIENTED_EDGE('',*,*,#3176,.F.);
#3335 = ORIENTED_EDGE('',*,*,#3081,.F.);
#3336 = ORIENTED_EDGE('',*,*,#2977,.F.);
#3337 = ORIENTED_EDGE('',*,*,#2873,.F.);
#3338 = FACE_BOUND('',#3339,.T.);
#3339 = EDGE_LOOP('',(#3340,#3350,#3358,#3366));
#3340 = ORIENTED_EDGE('',*,*,#3341,.F.);
#3341 = EDGE_CURVE('',#3342,#3344,#3346,.T.);
#3342 = VERTEX_POINT('',#3343);
#3343 = CARTESIAN_POINT('',(5.,1.,3.));
#3344 = VERTEX_POINT('',#3345);
#3345 = CARTESIAN_POINT('',(7.,1.,3.));
#3346 = LINE('',#3347,#3348);
#3347 = CARTESIAN_POINT('',(2.252962068041,1.,3.));
#3348 = VECTOR('',#3349,1.);
#3349 = DIRECTION('',(1.,-1.110223024625E-16,0.));
#3350 = ORIENTED_EDGE('',*,*,#3351,.F.);
#3351 = EDGE_CURVE('',#3352,#3342,#3354,.T.);
#3352 = VERTEX_POINT('',#3353);
#3353 = CARTESIAN_POINT('',(5.,-1.,3.));
#3354 = LINE('',#3355,#3356);
#3355 = CARTESIAN_POINT('',(5.,-0.52515697123,3.));
#3356 = VECTOR('',#3357,1.);
#3357 = DIRECTION('',(1.110223024625E-16,1.,0.));
#3358 = ORIENTED_EDGE('',*,*,#3359,.F.);
#3359 = EDGE_CURVE('',#3360,#3352,#3362,.T.);
#3360 = VERTEX_POINT('',#3361);
#3361 = CARTESIAN_POINT('',(7.,-1.,3.));
#3362 = LINE('',#3363,#3364);
#3363 = CARTESIAN_POINT('',(3.252962068041,-1.,3.));
#3364 = VECTOR('',#3365,1.);
#3365 = DIRECTION('',(-1.,1.110223024625E-16,0.));
#3366 = ORIENTED_EDGE('',*,*,#3367,.F.);
#3367 = EDGE_CURVE('',#3344,#3360,#3368,.T.);
#3368 = LINE('',#3369,#3370);
#3369 = CARTESIAN_POINT('',(7.,0.47484302877,3.));
#3370 = VECTOR('',#3371,1.);
#3371 = DIRECTION('',(-1.110223024625E-16,-1.,0.));
#3372 = FACE_BOUND('',#3373,.T.);
#3373 = EDGE_LOOP('',(#3374,#3384,#3392,#3400));
#3374 = ORIENTED_EDGE('',*,*,#3375,.F.);
#3375 = EDGE_CURVE('',#3376,#3378,#3380,.T.);
#3376 = VERTEX_POINT('',#3377);
#3377 = CARTESIAN_POINT('',(1.,-5.,3.));
#3378 = VERTEX_POINT('',#3379);
#3379 = CARTESIAN_POINT('',(1.,-7.,3.));
#3380 = LINE('',#3381,#3382);
#3381 = CARTESIAN_POINT('',(1.,-2.52515697123,3.));
#3382 = VECTOR('',#3383,1.);
#3383 = DIRECTION('',(0.,-1.,0.));
#3384 = ORIENTED_EDGE('',*,*,#3385,.F.);
#3385 = EDGE_CURVE('',#3386,#3376,#3388,.T.);
#3386 = VERTEX_POINT('',#3387);
#3387 = CARTESIAN_POINT('',(-1.,-5.,3.));
#3388 = LINE('',#3389,#3390);
#3389 = CARTESIAN_POINT('',(-0.747037931959,-5.,3.));
#3390 = VECTOR('',#3391,1.);
#3391 = DIRECTION('',(1.,0.,0.));
#3392 = ORIENTED_EDGE('',*,*,#3393,.F.);
#3393 = EDGE_CURVE('',#3394,#3386,#3396,.T.);
#3394 = VERTEX_POINT('',#3395);
#3395 = CARTESIAN_POINT('',(-1.,-7.,3.));
#3396 = LINE('',#3397,#3398);
#3397 = CARTESIAN_POINT('',(-1.,-3.52515697123,3.));
#3398 = VECTOR('',#3399,1.);
#3399 = DIRECTION('',(0.,1.,0.));
#3400 = ORIENTED_EDGE('',*,*,#3401,.F.);
#3401 = EDGE_CURVE('',#3378,#3394,#3402,.T.);
#3402 = LINE('',#3403,#3404);
#3403 = CARTESIAN_POINT('',(0.252962068041,-7.,3.));
#3404 = VECTOR('',#3405,1.);
#3405 = DIRECTION('',(-1.,0.,0.));
#3406 = FACE_BOUND('',#3407,.T.);
#3407 = EDGE_LOOP('',(#3408,#3418,#3426,#3434));
#3408 = ORIENTED_EDGE('',*,*,#3409,.F.);
#3409 = EDGE_CURVE('',#3410,#3412,#3414,.T.);
#3410 = VERTEX_POINT('',#3411);
#3411 = CARTESIAN_POINT('',(-1.,5.,3.));
#3412 = VERTEX_POINT('',#3413);
#3413 = CARTESIAN_POINT('',(-1.,7.,3.));
#3414 = LINE('',#3415,#3416);
#3415 = CARTESIAN_POINT('',(-1.,2.47484302877,3.));
#3416 = VECTOR('',#3417,1.);
#3417 = DIRECTION('',(1.224646799147E-16,1.,0.));
#3418 = ORIENTED_EDGE('',*,*,#3419,.F.);
#3419 = EDGE_CURVE('',#3420,#3410,#3422,.T.);
#3420 = VERTEX_POINT('',#3421);
#3421 = CARTESIAN_POINT('',(1.,5.,3.));
#3422 = LINE('',#3423,#3424);
#3423 = CARTESIAN_POINT('',(0.252962068041,5.,3.));
#3424 = VECTOR('',#3425,1.);
#3425 = DIRECTION('',(-1.,1.224646799147E-16,0.));
#3426 = ORIENTED_EDGE('',*,*,#3427,.F.);
#3427 = EDGE_CURVE('',#3428,#3420,#3430,.T.);
#3428 = VERTEX_POINT('',#3429);
#3429 = CARTESIAN_POINT('',(1.,7.,3.));
#3430 = LINE('',#3431,#3432);
#3431 = CARTESIAN_POINT('',(1.,3.47484302877,3.));
#3432 = VECTOR('',#3433,1.);
#3433 = DIRECTION('',(-1.224646799147E-16,-1.,0.));
#3434 = ORIENTED_EDGE('',*,*,#3435,.F.);
#3435 = EDGE_CURVE('',#3412,#3428,#3436,.T.);
#3436 = LINE('',#3437,#3438);
#3437 = CARTESIAN_POINT('',(-0.747037931959,7.,3.));
#3438 = VECTOR('',#3439,1.);
#3439 = DIRECTION('',(1.,-1.224646799147E-16,0.));
#3440 = FACE_BOUND('',#3441,.T.);
#3441 = EDGE_LOOP('',(#3442,#3443,#3444,#3445));
#3442 = ORIENTED_EDGE('',*,*,#3250,.T.);
#3443 = ORIENTED_EDGE('',*,*,#3298,.T.);
#3444 = ORIENTED_EDGE('',*,*,#3315,.T.);
#3445 = ORIENTED_EDGE('',*,*,#3274,.T.);
#3446 = FACE_BOUND('',#3447,.T.);
#3447 = EDGE_LOOP('',(#3448,#3458,#3466,#3474));
#3448 = ORIENTED_EDGE('',*,*,#3449,.F.);
#3449 = EDGE_CURVE('',#3450,#3452,#3454,.T.);
#3450 = VERTEX_POINT('',#3451);
#3451 = CARTESIAN_POINT('',(-5.,-1.,3.));
#3452 = VERTEX_POINT('',#3453);
#3453 = CARTESIAN_POINT('',(-7.,-1.,3.));
#3454 = LINE('',#3455,#3456);
#3455 = CARTESIAN_POINT('',(-2.747037931959,-1.,3.));
#3456 = VECTOR('',#3457,1.);
#3457 = DIRECTION('',(-1.,2.22044604925E-16,0.));
#3458 = ORIENTED_EDGE('',*,*,#3459,.F.);
#3459 = EDGE_CURVE('',#3460,#3450,#3462,.T.);
#3460 = VERTEX_POINT('',#3461);
#3461 = CARTESIAN_POINT('',(-5.,1.,3.));
#3462 = LINE('',#3463,#3464);
#3463 = CARTESIAN_POINT('',(-5.,0.47484302877,3.));
#3464 = VECTOR('',#3465,1.);
#3465 = DIRECTION('',(-2.22044604925E-16,-1.,0.));
#3466 = ORIENTED_EDGE('',*,*,#3467,.F.);
#3467 = EDGE_CURVE('',#3468,#3460,#3470,.T.);
#3468 = VERTEX_POINT('',#3469);
#3469 = CARTESIAN_POINT('',(-7.,1.,3.));
#3470 = LINE('',#3471,#3472);
#3471 = CARTESIAN_POINT('',(-3.747037931959,1.,3.));
#3472 = VECTOR('',#3473,1.);
#3473 = DIRECTION('',(1.,-2.22044604925E-16,0.));
#3474 = ORIENTED_EDGE('',*,*,#3475,.F.);
#3475 = EDGE_CURVE('',#3452,#3468,#3476,.T.);
#3476 = LINE('',#3477,#3478);
#3477 = CARTESIAN_POINT('',(-7.,-0.52515697123,3.));
#3478 = VECTOR('',#3479,1.);
#3479 = DIRECTION('',(2.22044604925E-16,1.,0.));
#3480 = PLANE('',#3481);
#3481 = AXIS2_PLACEMENT_3D('',#3482,#3483,#3484);
#3482 = CARTESIAN_POINT('',(-0.494075863918,-5.031394246069E-02,3.));
#3483 = DIRECTION('',(0.,-0.,-1.));
#3484 = DIRECTION('',(-2.22044604925E-16,-1.,0.));
#3485 = ADVANCED_FACE('',(#3486),#3511,.T.);
#3486 = FACE_BOUND('',#3487,.T.);
#3487 = EDGE_LOOP('',(#3488,#3498,#3504,#3505));
#3488 = ORIENTED_EDGE('',*,*,#3489,.T.);
#3489 = EDGE_CURVE('',#3490,#3492,#3494,.T.);
#3490 = VERTEX_POINT('',#3491);
#3491 = CARTESIAN_POINT('',(7.,1.,2.));
#3492 = VERTEX_POINT('',#3493);
#3493 = CARTESIAN_POINT('',(5.,1.,2.));
#3494 = LINE('',#3495,#3496);
#3495 = CARTESIAN_POINT('',(2.47484302877,1.,2.));
#3496 = VECTOR('',#3497,1.);
#3497 = DIRECTION('',(-1.,1.110223024625E-16,0.));
#3498 = ORIENTED_EDGE('',*,*,#3499,.T.);
#3499 = EDGE_CURVE('',#3492,#3342,#3500,.T.);
#3500 = LINE('',#3501,#3502);
#3501 = CARTESIAN_POINT('',(5.,1.,0.));
#3502 = VECTOR('',#3503,1.);
#3503 = DIRECTION('',(0.,0.,1.));
#3504 = ORIENTED_EDGE('',*,*,#3341,.T.);
#3505 = ORIENTED_EDGE('',*,*,#3506,.F.);
#3506 = EDGE_CURVE('',#3490,#3344,#3507,.T.);
#3507 = LINE('',#3508,#3509);
#3508 = CARTESIAN_POINT('',(7.,1.,0.));
#3509 = VECTOR('',#3510,1.);
#3510 = DIRECTION('',(0.,0.,1.));
#3511 = PLANE('',#3512);
#3512 = AXIS2_PLACEMENT_3D('',#3513,#3514,#3515);
#3513 = CARTESIAN_POINT('',(5.,1.,0.));
#3514 = DIRECTION('',(1.110223024625E-16,1.,0.));
#3515 = DIRECTION('',(1.,-1.110223024625E-16,0.));
#3516 = ADVANCED_FACE('',(#3517),#3535,.T.);
#3517 = FACE_BOUND('',#3518,.T.);
#3518 = EDGE_LOOP('',(#3519,#3527,#3528,#3529));
#3519 = ORIENTED_EDGE('',*,*,#3520,.T.);
#3520 = EDGE_CURVE('',#3521,#3490,#3523,.T.);
#3521 = VERTEX_POINT('',#3522);
#3522 = CARTESIAN_POINT('',(7.,-1.,2.));
#3523 = LINE('',#3524,#3525);
#3524 = CARTESIAN_POINT('',(7.,0.747037931959,2.));
#3525 = VECTOR('',#3526,1.);
#3526 = DIRECTION('',(1.110223024625E-16,1.,0.));
#3527 = ORIENTED_EDGE('',*,*,#3506,.T.);
#3528 = ORIENTED_EDGE('',*,*,#3367,.T.);
#3529 = ORIENTED_EDGE('',*,*,#3530,.F.);
#3530 = EDGE_CURVE('',#3521,#3360,#3531,.T.);
#3531 = LINE('',#3532,#3533);
#3532 = CARTESIAN_POINT('',(7.,-1.,0.));
#3533 = VECTOR('',#3534,1.);
#3534 = DIRECTION('',(0.,0.,1.));
#3535 = PLANE('',#3536);
#3536 = AXIS2_PLACEMENT_3D('',#3537,#3538,#3539);
#3537 = CARTESIAN_POINT('',(7.,1.,0.));
#3538 = DIRECTION('',(1.,-1.110223024625E-16,0.));
#3539 = DIRECTION('',(-1.110223024625E-16,-1.,0.));
#3540 = ADVANCED_FACE('',(#3541),#3559,.T.);
#3541 = FACE_BOUND('',#3542,.T.);
#3542 = EDGE_LOOP('',(#3543,#3551,#3552,#3553));
#3543 = ORIENTED_EDGE('',*,*,#3544,.T.);
#3544 = EDGE_CURVE('',#3545,#3521,#3547,.T.);
#3545 = VERTEX_POINT('',#3546);
#3546 = CARTESIAN_POINT('',(5.,-1.,2.));
#3547 = LINE('',#3548,#3549);
#3548 = CARTESIAN_POINT('',(3.47484302877,-1.,2.));
#3549 = VECTOR('',#3550,1.);
#3550 = DIRECTION('',(1.,-1.110223024625E-16,0.));
#3551 = ORIENTED_EDGE('',*,*,#3530,.T.);
#3552 = ORIENTED_EDGE('',*,*,#3359,.T.);
#3553 = ORIENTED_EDGE('',*,*,#3554,.F.);
#3554 = EDGE_CURVE('',#3545,#3352,#3555,.T.);
#3555 = LINE('',#3556,#3557);
#3556 = CARTESIAN_POINT('',(5.,-1.,0.));
#3557 = VECTOR('',#3558,1.);
#3558 = DIRECTION('',(0.,0.,1.));
#3559 = PLANE('',#3560);
#3560 = AXIS2_PLACEMENT_3D('',#3561,#3562,#3563);
#3561 = CARTESIAN_POINT('',(7.,-1.,0.));
#3562 = DIRECTION('',(-1.110223024625E-16,-1.,0.));
#3563 = DIRECTION('',(-1.,1.110223024625E-16,0.));
#3564 = ADVANCED_FACE('',(#3565),#3576,.T.);
#3565 = FACE_BOUND('',#3566,.T.);
#3566 = EDGE_LOOP('',(#3567,#3573,#3574,#3575));
#3567 = ORIENTED_EDGE('',*,*,#3568,.T.);
#3568 = EDGE_CURVE('',#3492,#3545,#3569,.T.);
#3569 = LINE('',#3570,#3571);
#3570 = CARTESIAN_POINT('',(5.,-0.252962068041,2.));
#3571 = VECTOR('',#3572,1.);
#3572 = DIRECTION('',(-1.110223024625E-16,-1.,0.));
#3573 = ORIENTED_EDGE('',*,*,#3554,.T.);
#3574 = ORIENTED_EDGE('',*,*,#3351,.T.);
#3575 = ORIENTED_EDGE('',*,*,#3499,.F.);
#3576 = PLANE('',#3577);
#3577 = AXIS2_PLACEMENT_3D('',#3578,#3579,#3580);
#3578 = CARTESIAN_POINT('',(5.,-1.,0.));
#3579 = DIRECTION('',(-1.,1.110223024625E-16,0.));
#3580 = DIRECTION('',(1.110223024625E-16,1.,0.));
#3581 = ADVANCED_FACE('',(#3582),#3607,.T.);
#3582 = FACE_BOUND('',#3583,.T.);
#3583 = EDGE_LOOP('',(#3584,#3594,#3600,#3601));
#3584 = ORIENTED_EDGE('',*,*,#3585,.T.);
#3585 = EDGE_CURVE('',#3586,#3588,#3590,.T.);
#3586 = VERTEX_POINT('',#3587);
#3587 = CARTESIAN_POINT('',(1.,-7.,2.));
#3588 = VERTEX_POINT('',#3589);
#3589 = CARTESIAN_POINT('',(1.,-5.,2.));
#3590 = LINE('',#3591,#3592);
#3591 = CARTESIAN_POINT('',(1.,-2.252962068041,2.));
#3592 = VECTOR('',#3593,1.);
#3593 = DIRECTION('',(0.,1.,0.));
#3594 = ORIENTED_EDGE('',*,*,#3595,.T.);
#3595 = EDGE_CURVE('',#3588,#3376,#3596,.T.);
#3596 = LINE('',#3597,#3598);
#3597 = CARTESIAN_POINT('',(1.,-5.,0.));
#3598 = VECTOR('',#3599,1.);
#3599 = DIRECTION('',(0.,0.,1.));
#3600 = ORIENTED_EDGE('',*,*,#3375,.T.);
#3601 = ORIENTED_EDGE('',*,*,#3602,.F.);
#3602 = EDGE_CURVE('',#3586,#3378,#3603,.T.);
#3603 = LINE('',#3604,#3605);
#3604 = CARTESIAN_POINT('',(1.,-7.,0.));
#3605 = VECTOR('',#3606,1.);
#3606 = DIRECTION('',(0.,0.,1.));
#3607 = PLANE('',#3608);
#3608 = AXIS2_PLACEMENT_3D('',#3609,#3610,#3611);
#3609 = CARTESIAN_POINT('',(1.,-5.,0.));
#3610 = DIRECTION('',(1.,0.,0.));
#3611 = DIRECTION('',(0.,-1.,0.));
#3612 = ADVANCED_FACE('',(#3613),#3631,.T.);
#3613 = FACE_BOUND('',#3614,.T.);
#3614 = EDGE_LOOP('',(#3615,#3623,#3629,#3630));
#3615 = ORIENTED_EDGE('',*,*,#3616,.T.);
#3616 = EDGE_CURVE('',#3588,#3617,#3619,.T.);
#3617 = VERTEX_POINT('',#3618);
#3618 = CARTESIAN_POINT('',(-1.,-5.,2.));
#3619 = LINE('',#3620,#3621);
#3620 = CARTESIAN_POINT('',(-0.52515697123,-5.,2.));
#3621 = VECTOR('',#3622,1.);
#3622 = DIRECTION('',(-1.,0.,0.));
#3623 = ORIENTED_EDGE('',*,*,#3624,.T.);
#3624 = EDGE_CURVE('',#3617,#3386,#3625,.T.);
#3625 = LINE('',#3626,#3627);
#3626 = CARTESIAN_POINT('',(-1.,-5.,0.));
#3627 = VECTOR('',#3628,1.);
#3628 = DIRECTION('',(0.,0.,1.));
#3629 = ORIENTED_EDGE('',*,*,#3385,.T.);
#3630 = ORIENTED_EDGE('',*,*,#3595,.F.);
#3631 = PLANE('',#3632);
#3632 = AXIS2_PLACEMENT_3D('',#3633,#3634,#3635);
#3633 = CARTESIAN_POINT('',(-1.,-5.,0.));
#3634 = DIRECTION('',(0.,1.,0.));
#3635 = DIRECTION('',(1.,0.,0.));
#3636 = ADVANCED_FACE('',(#3637),#3655,.T.);
#3637 = FACE_BOUND('',#3638,.T.);
#3638 = EDGE_LOOP('',(#3639,#3647,#3648,#3649));
#3639 = ORIENTED_EDGE('',*,*,#3640,.T.);
#3640 = EDGE_CURVE('',#3641,#3586,#3643,.T.);
#3641 = VERTEX_POINT('',#3642);
#3642 = CARTESIAN_POINT('',(-1.,-7.,2.));
#3643 = LINE('',#3644,#3645);
#3644 = CARTESIAN_POINT('',(0.47484302877,-7.,2.));
#3645 = VECTOR('',#3646,1.);
#3646 = DIRECTION('',(1.,0.,0.));
#3647 = ORIENTED_EDGE('',*,*,#3602,.T.);
#3648 = ORIENTED_EDGE('',*,*,#3401,.T.);
#3649 = ORIENTED_EDGE('',*,*,#3650,.F.);
#3650 = EDGE_CURVE('',#3641,#3394,#3651,.T.);
#3651 = LINE('',#3652,#3653);
#3652 = CARTESIAN_POINT('',(-1.,-7.,0.));
#3653 = VECTOR('',#3654,1.);
#3654 = DIRECTION('',(0.,0.,1.));
#3655 = PLANE('',#3656);
#3656 = AXIS2_PLACEMENT_3D('',#3657,#3658,#3659);
#3657 = CARTESIAN_POINT('',(1.,-7.,0.));
#3658 = DIRECTION('',(0.,-1.,0.));
#3659 = DIRECTION('',(-1.,0.,0.));
#3660 = ADVANCED_FACE('',(#3661),#3672,.T.);
#3661 = FACE_BOUND('',#3662,.T.);
#3662 = EDGE_LOOP('',(#3663,#3669,#3670,#3671));
#3663 = ORIENTED_EDGE('',*,*,#3664,.T.);
#3664 = EDGE_CURVE('',#3617,#3641,#3665,.T.);
#3665 = LINE('',#3666,#3667);
#3666 = CARTESIAN_POINT('',(-1.,-3.252962068041,2.));
#3667 = VECTOR('',#3668,1.);
#3668 = DIRECTION('',(0.,-1.,0.));
#3669 = ORIENTED_EDGE('',*,*,#3650,.T.);
#3670 = ORIENTED_EDGE('',*,*,#3393,.T.);
#3671 = ORIENTED_EDGE('',*,*,#3624,.F.);
#3672 = PLANE('',#3673);
#3673 = AXIS2_PLACEMENT_3D('',#3674,#3675,#3676);
#3674 = CARTESIAN_POINT('',(-1.,-7.,0.));
#3675 = DIRECTION('',(-1.,0.,0.));
#3676 = DIRECTION('',(0.,1.,0.));
#3677 = ADVANCED_FACE('',(#3678),#3703,.T.);
#3678 = FACE_BOUND('',#3679,.T.);
#3679 = EDGE_LOOP('',(#3680,#3690,#3696,#3697));
#3680 = ORIENTED_EDGE('',*,*,#3681,.T.);
#3681 = EDGE_CURVE('',#3682,#3684,#3686,.T.);
#3682 = VERTEX_POINT('',#3683);
#3683 = CARTESIAN_POINT('',(-1.,7.,2.));
#3684 = VERTEX_POINT('',#3685);
#3685 = CARTESIAN_POINT('',(-1.,5.,2.));
#3686 = LINE('',#3687,#3688);
#3687 = CARTESIAN_POINT('',(-1.,2.747037931959,2.));
#3688 = VECTOR('',#3689,1.);
#3689 = DIRECTION('',(-1.224646799147E-16,-1.,0.));
#3690 = ORIENTED_EDGE('',*,*,#3691,.T.);
#3691 = EDGE_CURVE('',#3684,#3410,#3692,.T.);
#3692 = LINE('',#3693,#3694);
#3693 = CARTESIAN_POINT('',(-1.,5.,0.));
#3694 = VECTOR('',#3695,1.);
#3695 = DIRECTION('',(0.,0.,1.));
#3696 = ORIENTED_EDGE('',*,*,#3409,.T.);
#3697 = ORIENTED_EDGE('',*,*,#3698,.F.);
#3698 = EDGE_CURVE('',#3682,#3412,#3699,.T.);
#3699 = LINE('',#3700,#3701);
#3700 = CARTESIAN_POINT('',(-1.,7.,0.));
#3701 = VECTOR('',#3702,1.);
#3702 = DIRECTION('',(0.,0.,1.));
#3703 = PLANE('',#3704);
#3704 = AXIS2_PLACEMENT_3D('',#3705,#3706,#3707);
#3705 = CARTESIAN_POINT('',(-1.,5.,0.));
#3706 = DIRECTION('',(-1.,1.224646799147E-16,0.));
#3707 = DIRECTION('',(1.224646799147E-16,1.,0.));
#3708 = ADVANCED_FACE('',(#3709),#3727,.T.);
#3709 = FACE_BOUND('',#3710,.T.);
#3710 = EDGE_LOOP('',(#3711,#3719,#3720,#3721));
#3711 = ORIENTED_EDGE('',*,*,#3712,.T.);
#3712 = EDGE_CURVE('',#3713,#3682,#3715,.T.);
#3713 = VERTEX_POINT('',#3714);
#3714 = CARTESIAN_POINT('',(1.,7.,2.));
#3715 = LINE('',#3716,#3717);
#3716 = CARTESIAN_POINT('',(-0.52515697123,7.,2.));
#3717 = VECTOR('',#3718,1.);
#3718 = DIRECTION('',(-1.,1.224646799147E-16,0.));
#3719 = ORIENTED_EDGE('',*,*,#3698,.T.);
#3720 = ORIENTED_EDGE('',*,*,#3435,.T.);
#3721 = ORIENTED_EDGE('',*,*,#3722,.F.);
#3722 = EDGE_CURVE('',#3713,#3428,#3723,.T.);
#3723 = LINE('',#3724,#3725);
#3724 = CARTESIAN_POINT('',(1.,7.,0.));
#3725 = VECTOR('',#3726,1.);
#3726 = DIRECTION('',(0.,0.,1.));
#3727 = PLANE('',#3728);
#3728 = AXIS2_PLACEMENT_3D('',#3729,#3730,#3731);
#3729 = CARTESIAN_POINT('',(-1.,7.,0.));
#3730 = DIRECTION('',(1.224646799147E-16,1.,0.));
#3731 = DIRECTION('',(1.,-1.224646799147E-16,0.));
#3732 = ADVANCED_FACE('',(#3733),#3751,.T.);
#3733 = FACE_BOUND('',#3734,.T.);
#3734 = EDGE_LOOP('',(#3735,#3743,#3744,#3745));
#3735 = ORIENTED_EDGE('',*,*,#3736,.T.);
#3736 = EDGE_CURVE('',#3737,#3713,#3739,.T.);
#3737 = VERTEX_POINT('',#3738);
#3738 = CARTESIAN_POINT('',(1.,5.,2.));
#3739 = LINE('',#3740,#3741);
#3740 = CARTESIAN_POINT('',(1.,3.747037931959,2.));
#3741 = VECTOR('',#3742,1.);
#3742 = DIRECTION('',(1.224646799147E-16,1.,0.));
#3743 = ORIENTED_EDGE('',*,*,#3722,.T.);
#3744 = ORIENTED_EDGE('',*,*,#3427,.T.);
#3745 = ORIENTED_EDGE('',*,*,#3746,.F.);
#3746 = EDGE_CURVE('',#3737,#3420,#3747,.T.);
#3747 = LINE('',#3748,#3749);
#3748 = CARTESIAN_POINT('',(1.,5.,0.));
#3749 = VECTOR('',#3750,1.);
#3750 = DIRECTION('',(0.,0.,1.));
#3751 = PLANE('',#3752);
#3752 = AXIS2_PLACEMENT_3D('',#3753,#3754,#3755);
#3753 = CARTESIAN_POINT('',(1.,7.,0.));
#3754 = DIRECTION('',(1.,-1.224646799147E-16,0.));
#3755 = DIRECTION('',(-1.224646799147E-16,-1.,0.));
#3756 = ADVANCED_FACE('',(#3757),#3768,.T.);
#3757 = FACE_BOUND('',#3758,.T.);
#3758 = EDGE_LOOP('',(#3759,#3765,#3766,#3767));
#3759 = ORIENTED_EDGE('',*,*,#3760,.T.);
#3760 = EDGE_CURVE('',#3684,#3737,#3761,.T.);
#3761 = LINE('',#3762,#3763);
#3762 = CARTESIAN_POINT('',(0.47484302877,5.,2.));
#3763 = VECTOR('',#3764,1.);
#3764 = DIRECTION('',(1.,-1.224646799147E-16,0.));
#3765 = ORIENTED_EDGE('',*,*,#3746,.T.);
#3766 = ORIENTED_EDGE('',*,*,#3419,.T.);
#3767 = ORIENTED_EDGE('',*,*,#3691,.F.);
#3768 = PLANE('',#3769);
#3769 = AXIS2_PLACEMENT_3D('',#3770,#3771,#3772);
#3770 = CARTESIAN_POINT('',(1.,5.,0.));
#3771 = DIRECTION('',(-1.224646799147E-16,-1.,0.));
#3772 = DIRECTION('',(-1.,1.224646799147E-16,0.));
#3773 = ADVANCED_FACE('',(#3774),#3799,.T.);
#3774 = FACE_BOUND('',#3775,.T.);
#3775 = EDGE_LOOP('',(#3776,#3786,#3792,#3793));
#3776 = ORIENTED_EDGE('',*,*,#3777,.T.);
#3777 = EDGE_CURVE('',#3778,#3780,#3782,.T.);
#3778 = VERTEX_POINT('',#3779);
#3779 = CARTESIAN_POINT('',(-7.,-1.,2.));
#3780 = VERTEX_POINT('',#3781);
#3781 = CARTESIAN_POINT('',(-5.,-1.,2.));
#3782 = LINE('',#3783,#3784);
#3783 = CARTESIAN_POINT('',(-2.52515697123,-1.,2.));
#3784 = VECTOR('',#3785,1.);
#3785 = DIRECTION('',(1.,-2.22044604925E-16,0.));
#3786 = ORIENTED_EDGE('',*,*,#3787,.T.);
#3787 = EDGE_CURVE('',#3780,#3450,#3788,.T.);
#3788 = LINE('',#3789,#3790);
#3789 = CARTESIAN_POINT('',(-5.,-1.,0.));
#3790 = VECTOR('',#3791,1.);
#3791 = DIRECTION('',(0.,0.,1.));
#3792 = ORIENTED_EDGE('',*,*,#3449,.T.);
#3793 = ORIENTED_EDGE('',*,*,#3794,.F.);
#3794 = EDGE_CURVE('',#3778,#3452,#3795,.T.);
#3795 = LINE('',#3796,#3797);
#3796 = CARTESIAN_POINT('',(-7.,-1.,0.));
#3797 = VECTOR('',#3798,1.);
#3798 = DIRECTION('',(0.,0.,1.));
#3799 = PLANE('',#3800);
#3800 = AXIS2_PLACEMENT_3D('',#3801,#3802,#3803);
#3801 = CARTESIAN_POINT('',(-5.,-1.,0.));
#3802 = DIRECTION('',(-2.22044604925E-16,-1.,0.));
#3803 = DIRECTION('',(-1.,2.22044604925E-16,0.));
#3804 = ADVANCED_FACE('',(#3805),#3823,.T.);
#3805 = FACE_BOUND('',#3806,.T.);
#3806 = EDGE_LOOP('',(#3807,#3815,#3816,#3817));
#3807 = ORIENTED_EDGE('',*,*,#3808,.T.);
#3808 = EDGE_CURVE('',#3809,#3778,#3811,.T.);
#3809 = VERTEX_POINT('',#3810);
#3810 = CARTESIAN_POINT('',(-7.,1.,2.));
#3811 = LINE('',#3812,#3813);
#3812 = CARTESIAN_POINT('',(-7.,-0.252962068041,2.));
#3813 = VECTOR('',#3814,1.);
#3814 = DIRECTION('',(-2.22044604925E-16,-1.,0.));
#3815 = ORIENTED_EDGE('',*,*,#3794,.T.);
#3816 = ORIENTED_EDGE('',*,*,#3475,.T.);
#3817 = ORIENTED_EDGE('',*,*,#3818,.F.);
#3818 = EDGE_CURVE('',#3809,#3468,#3819,.T.);
#3819 = LINE('',#3820,#3821);
#3820 = CARTESIAN_POINT('',(-7.,1.,0.));
#3821 = VECTOR('',#3822,1.);
#3822 = DIRECTION('',(0.,0.,1.));
#3823 = PLANE('',#3824);
#3824 = AXIS2_PLACEMENT_3D('',#3825,#3826,#3827);
#3825 = CARTESIAN_POINT('',(-7.,-1.,0.));
#3826 = DIRECTION('',(-1.,2.22044604925E-16,0.));
#3827 = DIRECTION('',(2.22044604925E-16,1.,0.));
#3828 = ADVANCED_FACE('',(#3829),#3847,.T.);
#3829 = FACE_BOUND('',#3830,.T.);
#3830 = EDGE_LOOP('',(#3831,#3839,#3840,#3841));
#3831 = ORIENTED_EDGE('',*,*,#3832,.T.);
#3832 = EDGE_CURVE('',#3833,#3809,#3835,.T.);
#3833 = VERTEX_POINT('',#3834);
#3834 = CARTESIAN_POINT('',(-5.,1.,2.));
#3835 = LINE('',#3836,#3837);
#3836 = CARTESIAN_POINT('',(-3.52515697123,1.,2.));
#3837 = VECTOR('',#3838,1.);
#3838 = DIRECTION('',(-1.,2.22044604925E-16,0.));
#3839 = ORIENTED_EDGE('',*,*,#3818,.T.);
#3840 = ORIENTED_EDGE('',*,*,#3467,.T.);
#3841 = ORIENTED_EDGE('',*,*,#3842,.F.);
#3842 = EDGE_CURVE('',#3833,#3460,#3843,.T.);
#3843 = LINE('',#3844,#3845);
#3844 = CARTESIAN_POINT('',(-5.,1.,0.));
#3845 = VECTOR('',#3846,1.);
#3846 = DIRECTION('',(0.,0.,1.));
#3847 = PLANE('',#3848);
#3848 = AXIS2_PLACEMENT_3D('',#3849,#3850,#3851);
#3849 = CARTESIAN_POINT('',(-7.,1.,0.));
#3850 = DIRECTION('',(2.22044604925E-16,1.,0.));
#3851 = DIRECTION('',(1.,-2.22044604925E-16,0.));
#3852 = ADVANCED_FACE('',(#3853),#3864,.T.);
#3853 = FACE_BOUND('',#3854,.T.);
#3854 = EDGE_LOOP('',(#3855,#3861,#3862,#3863));
#3855 = ORIENTED_EDGE('',*,*,#3856,.T.);
#3856 = EDGE_CURVE('',#3780,#3833,#3857,.T.);
#3857 = LINE('',#3858,#3859);
#3858 = CARTESIAN_POINT('',(-5.,0.747037931959,2.));
#3859 = VECTOR('',#3860,1.);
#3860 = DIRECTION('',(2.22044604925E-16,1.,0.));
#3861 = ORIENTED_EDGE('',*,*,#3842,.T.);
#3862 = ORIENTED_EDGE('',*,*,#3459,.T.);
#3863 = ORIENTED_EDGE('',*,*,#3787,.F.);
#3864 = PLANE('',#3865);
#3865 = AXIS2_PLACEMENT_3D('',#3866,#3867,#3868);
#3866 = CARTESIAN_POINT('',(-5.,1.,0.));
#3867 = DIRECTION('',(1.,-2.22044604925E-16,0.));
#3868 = DIRECTION('',(-2.22044604925E-16,-1.,0.));
#3869 = ADVANCED_FACE('',(#3870,#4018,#4024,#4030,#4036,#4070),#4076,.T.
  );
#3870 = FACE_BOUND('',#3871,.T.);
#3871 = EDGE_LOOP('',(#3872,#3883,#3900,#3917,#3934,#3948,#3955,#3969,
    #3986,#4003));
#3872 = ORIENTED_EDGE('',*,*,#3873,.T.);
#3873 = EDGE_CURVE('',#3874,#3876,#3878,.T.);
#3874 = VERTEX_POINT('',#3875);
#3875 = CARTESIAN_POINT('',(-7.999999999782,-5.908725748247E-05,2.));
#3876 = VERTEX_POINT('',#3877);
#3877 = CARTESIAN_POINT('',(8.,6.575138454113E-15,2.));
#3878 = CIRCLE('',#3879,8.);
#3879 = AXIS2_PLACEMENT_3D('',#3880,#3881,#3882);
#3880 = CARTESIAN_POINT('',(-2.465299882013E-17,-1.477394087774E-16,2.)
  );
#3881 = DIRECTION('',(0.,0.,1.));
#3882 = DIRECTION('',(1.,0.,0.));
#3883 = ORIENTED_EDGE('',*,*,#3884,.T.);
#3884 = EDGE_CURVE('',#3876,#3885,#3887,.T.);
#3885 = VERTEX_POINT('',#3886);
#3886 = CARTESIAN_POINT('',(9.500000000143,-4.63798252785E-04,2.));
#3887 = B_SPLINE_CURVE_WITH_KNOTS('',11,(#3888,#3889,#3890,#3891,#3892,
    #3893,#3894,#3895,#3896,#3897,#3898,#3899),.UNSPECIFIED.,.F.,.F.,(12
    ,12),(0.,6.289678072638),.PIECEWISE_BEZIER_KNOTS.);
#3888 = CARTESIAN_POINT('',(8.,9.936577385558E-15,2.));
#3889 = CARTESIAN_POINT('',(8.136363636481,4.569547111273,2.));
#3890 = CARTESIAN_POINT('',(5.402259191635,9.31012749091,2.));
#3891 = CARTESIAN_POINT('',(-0.387831171763,12.220690071945,
    1.999999999999));
#3892 = CARTESIAN_POINT('',(-7.810694176655,11.091646234501,
    2.000000000001));
#3893 = CARTESIAN_POINT('',(-13.77317358172,5.016642455131,
    1.999999999998));
#3894 = CARTESIAN_POINT('',(-14.38719346351,-4.235912511561,
    2.000000000001));
#3895 = CARTESIAN_POINT('',(-8.898510456559,-11.34429577763,
    1.999999999999));
#3896 = CARTESIAN_POINT('',(-0.963474986986,-13.38423711585,2.));
#3897 = CARTESIAN_POINT('',(5.818010335551,-10.6817274794,2.));
#3898 = CARTESIAN_POINT('',(9.36337144298,-5.426809069584,2.));
#3899 = CARTESIAN_POINT('',(9.500000000142,-4.63798253066E-04,2.));
#3900 = ORIENTED_EDGE('',*,*,#3901,.T.);
#3901 = EDGE_CURVE('',#3885,#3902,#3904,.T.);
#3902 = VERTEX_POINT('',#3903);
#3903 = CARTESIAN_POINT('',(11.000000000568,-9.257791041775E-04,2.));
#3904 = B_SPLINE_CURVE_WITH_KNOTS('',11,(#3905,#3906,#3907,#3908,#3909,
    #3910,#3911,#3912,#3913,#3914,#3915,#3916),.UNSPECIFIED.,.F.,.F.,(12
    ,12),(0.,6.289678072638),.PIECEWISE_BEZIER_KNOTS.);
#3905 = CARTESIAN_POINT('',(9.500000000143,-4.637982529369E-04,2.));
#3906 = CARTESIAN_POINT('',(9.636628557521,5.425881476989,2.));
#3907 = CARTESIAN_POINT('',(6.364562550685,11.02340701455,2.));
#3908 = CARTESIAN_POINT('',(-0.502948595985,14.415449325863,2.));
#3909 = CARTESIAN_POINT('',(-9.242311400992,13.01519865403,
    2.000000000001));
#3910 = CARTESIAN_POINT('',(-16.18669573119,5.810479759322,
    1.999999999999));
#3911 = CARTESIAN_POINT('',(-16.80120509567,-5.028260055096,
    2.000000000001));
#3912 = CARTESIAN_POINT('',(-10.33131459277,-13.26696431086,2.));
#3913 = CARTESIAN_POINT('',(-1.07994695991,-15.57892485581,2.));
#3914 = CARTESIAN_POINT('',(6.779256100838,-12.39560061765,2.));
#3915 = CARTESIAN_POINT('',(10.863107560736,-6.284069206842,2.));
#3916 = CARTESIAN_POINT('',(11.000000000568,-9.257791043135E-04,2.));
#3917 = ORIENTED_EDGE('',*,*,#3918,.T.);
#3918 = EDGE_CURVE('',#3902,#3919,#3921,.T.);
#3919 = VERTEX_POINT('',#3920);
#3920 = CARTESIAN_POINT('',(12.500000001273,-1.38595238394E-03,2.));
#3921 = B_SPLINE_CURVE_WITH_KNOTS('',11,(#3922,#3923,#3924,#3925,#3926,
    #3927,#3928,#3929,#3930,#3931,#3932,#3933),.UNSPECIFIED.,.F.,.F.,(12
    ,12),(0.,6.289678072638),.PIECEWISE_BEZIER_KNOTS.);
#3922 = CARTESIAN_POINT('',(11.000000000568,-9.257791042244E-04,2.));
#3923 = CARTESIAN_POINT('',(11.136892440648,6.282217662628,2.));
#3924 = CARTESIAN_POINT('',(7.326863834887,12.736687684075,2.));
#3925 = CARTESIAN_POINT('',(-0.618068676468,16.610208496846,
    1.999999999999));
#3926 = CARTESIAN_POINT('',(-10.67393094887,14.938749211343,
    2.000000000001));
#3927 = CARTESIAN_POINT('',(-18.6002188373,6.604314345127,1.999999999999
    ));
#3928 = CARTESIAN_POINT('',(-19.21521576761,-5.820610739526,
    2.000000000001));
#3929 = CARTESIAN_POINT('',(-11.76411640602,-15.18963438355,
    1.999999999999));
#3930 = CARTESIAN_POINT('',(-1.196416285863,-17.77361284412,2.));
#3931 = CARTESIAN_POINT('',(7.74050393181,-14.10947255222,2.));
#3932 = CARTESIAN_POINT('',(12.36284471087,-7.141327546442,2.));
#3933 = CARTESIAN_POINT('',(12.500000001273,-1.385952383902E-03,2.));
#3934 = ORIENTED_EDGE('',*,*,#3935,.T.);
#3935 = EDGE_CURVE('',#3919,#3936,#3938,.T.);
#3936 = VERTEX_POINT('',#3937);
#3937 = CARTESIAN_POINT('',(-13.25000000172,1.615364882454E-03,2.));
#3938 = B_SPLINE_CURVE_WITH_KNOTS('',8,(#3939,#3940,#3941,#3942,#3943,
    #3944,#3945,#3946,#3947),.UNSPECIFIED.,.F.,.F.,(9,9),(0.,
    3.144839036319),.PIECEWISE_BEZIER_KNOTS.);
#3939 = CARTESIAN_POINT('',(12.500000001272,-1.385952384155E-03,2.));
#3940 = CARTESIAN_POINT('',(12.594294263557,4.90732389605,2.));
#3941 = CARTESIAN_POINT('',(10.485075537476,9.900571760071,2.));
#3942 = CARTESIAN_POINT('',(6.110094240716,13.823606090765,2.));
#3943 = CARTESIAN_POINT('',(0.112551657271,15.473214591577,2.));
#3944 = CARTESIAN_POINT('',(-6.030123283677,14.135315544443,2.));
#3945 = CARTESIAN_POINT('',(-10.72551411539,10.323624912617,2.));
#3946 = CARTESIAN_POINT('',(-13.15561564944,5.20484957866,2.));
#3947 = CARTESIAN_POINT('',(-13.25000000172,1.615364882454E-03,2.));
#3948 = ORIENTED_EDGE('',*,*,#3949,.F.);
#3949 = EDGE_CURVE('',#3950,#3936,#3952,.T.);
#3950 = VERTEX_POINT('',#3951);
#3951 = CARTESIAN_POINT('',(-12.50000000173,1.616970612949E-03,2.));
#3952 = B_SPLINE_CURVE_WITH_KNOTS('',1,(#3953,#3954),.UNSPECIFIED.,.F.,
  .F.,(2,2),(-0.75,-0.),.PIECEWISE_BEZIER_KNOTS.);
#3953 = CARTESIAN_POINT('',(-12.50000000173,1.616970612949E-03,2.));
#3954 = CARTESIAN_POINT('',(-13.25000000172,1.615364882454E-03,2.));
#3955 = ORIENTED_EDGE('',*,*,#3956,.F.);
#3956 = EDGE_CURVE('',#3957,#3950,#3959,.T.);
#3957 = VERTEX_POINT('',#3958);
#3958 = CARTESIAN_POINT('',(11.750000001274,-1.387330070206E-03,2.));
#3959 = B_SPLINE_CURVE_WITH_KNOTS('',8,(#3960,#3961,#3962,#3963,#3964,
    #3965,#3966,#3967,#3968),.UNSPECIFIED.,.F.,.F.,(9,9),(0.,
    3.144839036319),.PIECEWISE_BEZIER_KNOTS.);
#3960 = CARTESIAN_POINT('',(11.750000001274,-1.387330070424E-03,2.));
#3961 = CARTESIAN_POINT('',(11.844294804575,4.612798178588,2.));
#3962 = CARTESIAN_POINT('',(9.867288733533,9.311518452365,2.));
#3963 = CARTESIAN_POINT('',(5.756494480171,13.009267183104,2.));
#3964 = CARTESIAN_POINT('',(0.112553450098,14.571860260862,2.));
#3965 = CARTESIAN_POINT('',(-5.676520283659,13.320978043446,2.));
#3966 = CARTESIAN_POINT('',(-10.10772496821,9.734574062502,2.));
#3967 = CARTESIAN_POINT('',(-12.40561501887,4.910326844669,2.));
#3968 = CARTESIAN_POINT('',(-12.50000000173,1.616970612949E-03,2.));
#3969 = ORIENTED_EDGE('',*,*,#3970,.F.);
#3970 = EDGE_CURVE('',#3971,#3957,#3973,.T.);
#3971 = VERTEX_POINT('',#3972);
#3972 = CARTESIAN_POINT('',(10.250000000568,-9.266993617361E-04,2.));
#3973 = B_SPLINE_CURVE_WITH_KNOTS('',11,(#3974,#3975,#3976,#3977,#3978,
    #3979,#3980,#3981,#3982,#3983,#3984,#3985),.UNSPECIFIED.,.F.,.F.,(12
    ,12),(0.,6.289678072638),.PIECEWISE_BEZIER_KNOTS.);
#3974 = CARTESIAN_POINT('',(10.250000000568,-9.266993617805E-04,2.));
#3975 = CARTESIAN_POINT('',(10.386892966298,5.853817702538,2.));
#3976 = CARTESIAN_POINT('',(6.845978072876,11.879898722479,2.));
#3977 = CARTESIAN_POINT('',(-0.560169470659,15.512846915133,
    1.999999999999));
#3978 = CARTESIAN_POINT('',(-9.957824097488,13.977195249912,
    2.000000000001));
#3979 = CARTESIAN_POINT('',(-17.3933349017,6.207770053787,1.999999999999
    ));
#3980 = CARTESIAN_POINT('',(-18.00833304741,-5.424062749467,
    2.000000000001));
#3981 = CARTESIAN_POINT('',(-11.0480125015,-14.22807822781,
    1.999999999999));
#3982 = CARTESIAN_POINT('',(-1.13852044283,-16.67625108513,2.));
#3983 = CARTESIAN_POINT('',(7.259615544457,-13.25268506434,2.));
#3984 = CARTESIAN_POINT('',(11.612843923939,-6.71292988445,2.));
#3985 = CARTESIAN_POINT('',(11.750000001274,-1.387330070169E-03,2.));
#3986 = ORIENTED_EDGE('',*,*,#3987,.F.);
#3987 = EDGE_CURVE('',#3988,#3971,#3990,.T.);
#3988 = VERTEX_POINT('',#3989);
#3989 = CARTESIAN_POINT('',(8.750000000143,-4.642592848455E-04,2.));
#3990 = B_SPLINE_CURVE_WITH_KNOTS('',11,(#3991,#3992,#3993,#3994,#3995,
    #3996,#3997,#3998,#3999,#4000,#4001,#4002),.UNSPECIFIED.,.F.,.F.,(12
    ,12),(0.,6.289678072638),.PIECEWISE_BEZIER_KNOTS.);
#3991 = CARTESIAN_POINT('',(8.750000000143,-4.642592849951E-04,2.));
#3992 = CARTESIAN_POINT('',(8.886628820863,4.997481975955,2.));
#3993 = CARTESIAN_POINT('',(5.883676264265,10.166618347096,2.));
#3994 = CARTESIAN_POINT('',(-0.445050061463,13.31808770836,2.));
#3995 = CARTESIAN_POINT('',(-8.526205137384,12.05364425446,
    2.000000000001));
#3996 = CARTESIAN_POINT('',(-14.97981203743,5.413934729908,
    1.999999999999));
#3997 = CARTESIAN_POINT('',(-15.5943221327,-4.631712802012,
    2.000000000001));
#3998 = CARTESIAN_POINT('',(-9.615210100775,-12.30540859221,2.));
#3999 = CARTESIAN_POINT('',(-1.022050446986,-14.48156313178,2.));
#4000 = CARTESIAN_POINT('',(6.298368236254,-11.53881283618,2.));
#4001 = CARTESIAN_POINT('',(10.113107035086,-5.855671087252,2.));
#4002 = CARTESIAN_POINT('',(10.250000000568,-9.266993618755E-04,2.));
#4003 = ORIENTED_EDGE('',*,*,#4004,.F.);
#4004 = EDGE_CURVE('',#3874,#3988,#4005,.T.);
#4005 = B_SPLINE_CURVE_WITH_KNOTS('',11,(#4006,#4007,#4008,#4009,#4010,
    #4011,#4012,#4013,#4014,#4015,#4016,#4017),.UNSPECIFIED.,.F.,.F.,(12
    ,12),(0.,6.289678072638),.PIECEWISE_BEZIER_KNOTS.);
#4006 = CARTESIAN_POINT('',(7.25,1.041538816998E-15,2.));
#4007 = CARTESIAN_POINT('',(7.386363636481,4.141148071105,2.));
#4008 = CARTESIAN_POINT('',(4.921372378747,8.453339118736,2.));
#4009 = CARTESIAN_POINT('',(-0.329933311186,11.123328418573,
    1.999999999999));
#4010 = CARTESIAN_POINT('',(-7.094588503093,10.130091394918,
    2.000000000001));
#4011 = CARTESIAN_POINT('',(-12.5662901308,4.620096684985,1.999999999998
    ));
#4012 = CARTESIAN_POINT('',(-13.18031025675,-3.839365998623,
    2.000000000001));
#4013 = CARTESIAN_POINT('',(-8.182405374817,-10.38274049758,
    1.999999999999));
#4014 = CARTESIAN_POINT('',(-0.905577801518,-12.28687542705,2.));
#4015 = CARTESIAN_POINT('',(5.337122995781,-9.824939403145,2.));
#4016 = CARTESIAN_POINT('',(8.613371179639,-4.998410490611,2.));
#4017 = CARTESIAN_POINT('',(8.750000000142,-4.642592851159E-04,2.));
#4018 = FACE_BOUND('',#4019,.T.);
#4019 = EDGE_LOOP('',(#4020,#4021,#4022,#4023));
#4020 = ORIENTED_EDGE('',*,*,#3585,.F.);
#4021 = ORIENTED_EDGE('',*,*,#3640,.F.);
#4022 = ORIENTED_EDGE('',*,*,#3664,.F.);
#4023 = ORIENTED_EDGE('',*,*,#3616,.F.);
#4024 = FACE_BOUND('',#4025,.T.);
#4025 = EDGE_LOOP('',(#4026,#4027,#4028,#4029));
#4026 = ORIENTED_EDGE('',*,*,#3489,.F.);
#4027 = ORIENTED_EDGE('',*,*,#3520,.F.);
#4028 = ORIENTED_EDGE('',*,*,#3544,.F.);
#4029 = ORIENTED_EDGE('',*,*,#3568,.F.);
#4030 = FACE_BOUND('',#4031,.T.);
#4031 = EDGE_LOOP('',(#4032,#4033,#4034,#4035));
#4032 = ORIENTED_EDGE('',*,*,#3777,.F.);
#4033 = ORIENTED_EDGE('',*,*,#3808,.F.);
#4034 = ORIENTED_EDGE('',*,*,#3832,.F.);
#4035 = ORIENTED_EDGE('',*,*,#3856,.F.);
#4036 = FACE_BOUND('',#4037,.T.);
#4037 = EDGE_LOOP('',(#4038,#4048,#4056,#4064));
#4038 = ORIENTED_EDGE('',*,*,#4039,.F.);
#4039 = EDGE_CURVE('',#4040,#4042,#4044,.T.);
#4040 = VERTEX_POINT('',#4041);
#4041 = CARTESIAN_POINT('',(-4.,-4.,2.));
#4042 = VERTEX_POINT('',#4043);
#4043 = CARTESIAN_POINT('',(4.,-4.,2.));
#4044 = LINE('',#4045,#4046);
#4045 = CARTESIAN_POINT('',(-4.,-4.,2.));
#4046 = VECTOR('',#4047,1.);
#4047 = DIRECTION('',(1.,0.,0.));
#4048 = ORIENTED_EDGE('',*,*,#4049,.F.);
#4049 = EDGE_CURVE('',#4050,#4040,#4052,.T.);
#4050 = VERTEX_POINT('',#4051);
#4051 = CARTESIAN_POINT('',(-4.,4.,2.));
#4052 = LINE('',#4053,#4054);
#4053 = CARTESIAN_POINT('',(-4.,4.,2.));
#4054 = VECTOR('',#4055,1.);
#4055 = DIRECTION('',(0.,-1.,0.));
#4056 = ORIENTED_EDGE('',*,*,#4057,.F.);
#4057 = EDGE_CURVE('',#4058,#4050,#4060,.T.);
#4058 = VERTEX_POINT('',#4059);
#4059 = CARTESIAN_POINT('',(4.,4.,2.));
#4060 = LINE('',#4061,#4062);
#4061 = CARTESIAN_POINT('',(4.,4.,2.));
#4062 = VECTOR('',#4063,1.);
#4063 = DIRECTION('',(-1.,0.,0.));
#4064 = ORIENTED_EDGE('',*,*,#4065,.F.);
#4065 = EDGE_CURVE('',#4042,#4058,#4066,.T.);
#4066 = LINE('',#4067,#4068);
#4067 = CARTESIAN_POINT('',(4.,-4.,2.));
#4068 = VECTOR('',#4069,1.);
#4069 = DIRECTION('',(0.,1.,0.));
#4070 = FACE_BOUND('',#4071,.T.);
#4071 = EDGE_LOOP('',(#4072,#4073,#4074,#4075));
#4072 = ORIENTED_EDGE('',*,*,#3681,.F.);
#4073 = ORIENTED_EDGE('',*,*,#3712,.F.);
#4074 = ORIENTED_EDGE('',*,*,#3736,.F.);
#4075 = ORIENTED_EDGE('',*,*,#3760,.F.);
#4076 = PLANE('',#4077);
#4077 = AXIS2_PLACEMENT_3D('',#4078,#4079,#4080);
#4078 = CARTESIAN_POINT('',(-5.031394246071E-02,0.494075863918,2.));
#4079 = DIRECTION('',(0.,0.,1.));
#4080 = DIRECTION('',(1.,0.,0.));
#4081 = ADVANCED_FACE('',(#4082),#4110,.T.);
#4082 = FACE_BOUND('',#4083,.F.);
#4083 = EDGE_LOOP('',(#4084,#4092,#4101,#4109));
#4084 = ORIENTED_EDGE('',*,*,#4085,.F.);
#4085 = EDGE_CURVE('',#4086,#3876,#4088,.T.);
#4086 = VERTEX_POINT('',#4087);
#4087 = CARTESIAN_POINT('',(8.,-1.048935082733E-15,-8.258387601532E-31)
  );
#4088 = LINE('',#4089,#4090);
#4089 = CARTESIAN_POINT('',(8.,-1.477394087774E-16,0.));
#4090 = VECTOR('',#4091,1.);
#4091 = DIRECTION('',(0.,0.,1.));
#4092 = ORIENTED_EDGE('',*,*,#4093,.F.);
#4093 = EDGE_CURVE('',#4094,#4086,#4096,.T.);
#4094 = VERTEX_POINT('',#4095);
#4095 = CARTESIAN_POINT('',(-7.999999999782,-5.908725772839E-05,
    1.12207908931E-18));
#4096 = CIRCLE('',#4097,8.);
#4097 = AXIS2_PLACEMENT_3D('',#4098,#4099,#4100);
#4098 = CARTESIAN_POINT('',(-2.465299882013E-17,-1.477394087774E-16,0.)
  );
#4099 = DIRECTION('',(0.,0.,1.));
#4100 = DIRECTION('',(1.,0.,0.));
#4101 = ORIENTED_EDGE('',*,*,#4102,.F.);
#4102 = EDGE_CURVE('',#3874,#4094,#4103,.T.);
#4103 = B_SPLINE_CURVE_WITH_KNOTS('',4,(#4104,#4105,#4106,#4107,#4108),
  .UNSPECIFIED.,.F.,.F.,(5,5),(0.,1.),.PIECEWISE_BEZIER_KNOTS.);
#4104 = CARTESIAN_POINT('',(-7.999999999782,-5.908725719866E-05,2.));
#4105 = CARTESIAN_POINT('',(-7.999999999782,-5.908725722516E-05,1.5));
#4106 = CARTESIAN_POINT('',(-7.999999999782,-5.908725761552E-05,1.));
#4107 = CARTESIAN_POINT('',(-7.999999999782,-5.908725724669E-05,0.5));
#4108 = CARTESIAN_POINT('',(-7.999999999782,-5.908725727319E-05,
    -1.110223024625E-16));
#4109 = ORIENTED_EDGE('',*,*,#3873,.T.);
#4110 = CYLINDRICAL_SURFACE('',#4111,8.);
#4111 = AXIS2_PLACEMENT_3D('',#4112,#4113,#4114);
#4112 = CARTESIAN_POINT('',(-2.465299882013E-17,-1.477394087774E-16,0.)
  );
#4113 = DIRECTION('',(-0.,-0.,-1.));
#4114 = DIRECTION('',(1.,0.,0.));
#4115 = ADVANCED_FACE('',(#4116),#4142,.T.);
#4116 = FACE_BOUND('',#4117,.T.);
#4117 = EDGE_LOOP('',(#4118,#4135,#4136,#4137));
#4118 = ORIENTED_EDGE('',*,*,#4119,.F.);
#4119 = EDGE_CURVE('',#4094,#4120,#4122,.T.);
#4120 = VERTEX_POINT('',#4121);
#4121 = CARTESIAN_POINT('',(8.750000000143,-4.64259284846E-04,0.));
#4122 = B_SPLINE_CURVE_WITH_KNOTS('',11,(#4123,#4124,#4125,#4126,#4127,
    #4128,#4129,#4130,#4131,#4132,#4133,#4134),.UNSPECIFIED.,.F.,.F.,(12
    ,12),(0.,6.289678072638),.PIECEWISE_BEZIER_KNOTS.);
#4123 = CARTESIAN_POINT('',(7.25,1.041565922053E-15,-1.23875814023E-30)
  );
#4124 = CARTESIAN_POINT('',(7.386363636481,4.141148071105,
    4.17131658731E-16));
#4125 = CARTESIAN_POINT('',(4.921372378747,8.453339118736,
    -2.127125766869E-15));
#4126 = CARTESIAN_POINT('',(-0.329933311186,11.123328418573,
    5.871772357998E-15));
#4127 = CARTESIAN_POINT('',(-7.094588503093,10.130091394918,
    -1.070217516637E-14));
#4128 = CARTESIAN_POINT('',(-12.5662901308,4.620096684985,
    1.375762296883E-14));
#4129 = CARTESIAN_POINT('',(-13.18031025675,-3.839365998623,
    -1.277245361664E-14));
#4130 = CARTESIAN_POINT('',(-8.182405374817,-10.38274049758,
    8.556695243823E-15));
#4131 = CARTESIAN_POINT('',(-0.905577801518,-12.28687542705,
    -4.032789567244E-15));
#4132 = CARTESIAN_POINT('',(5.337122995781,-9.824939403145,
    1.249429434918E-15));
#4133 = CARTESIAN_POINT('',(8.613371179639,-4.998410490611,
    -2.081563415999E-16));
#4134 = CARTESIAN_POINT('',(8.750000000142,-4.642592851159E-04,
    -4.005934284325E-31));
#4135 = ORIENTED_EDGE('',*,*,#4102,.F.);
#4136 = ORIENTED_EDGE('',*,*,#4004,.T.);
#4137 = ORIENTED_EDGE('',*,*,#4138,.F.);
#4138 = EDGE_CURVE('',#4120,#3988,#4139,.T.);
#4139 = B_SPLINE_CURVE_WITH_KNOTS('',1,(#4140,#4141),.UNSPECIFIED.,.F.,
  .F.,(2,2),(-2.,-0.),.PIECEWISE_BEZIER_KNOTS.);
#4140 = CARTESIAN_POINT('',(8.750000000142,-4.642592851159E-04,
    -4.005934284325E-31));
#4141 = CARTESIAN_POINT('',(8.750000000142,-4.642592851159E-04,2.));
#4142 = B_SPLINE_SURFACE_WITH_KNOTS('',1,11,(
    (#4143,#4144,#4145,#4146,#4147,#4148,#4149,#4150,#4151,#4152,#4153
      ,#4154)
    ,(#4155,#4156,#4157,#4158,#4159,#4160,#4161,#4162,#4163,#4164,#4165
      ,#4166
    )),.UNSPECIFIED.,.F.,.F.,.F.,(2,2),(12,12),(-2.,-0.),(0.,
    6.289678072638),.PIECEWISE_BEZIER_KNOTS.);
#4143 = CARTESIAN_POINT('',(7.25,1.041565922053E-15,-1.23875814023E-30)
  );
#4144 = CARTESIAN_POINT('',(7.386363636481,4.141148071105,
    4.17131658731E-16));
#4145 = CARTESIAN_POINT('',(4.921372378747,8.453339118736,
    -2.127125766869E-15));
#4146 = CARTESIAN_POINT('',(-0.329933311186,11.123328418573,
    5.871772357998E-15));
#4147 = CARTESIAN_POINT('',(-7.094588503093,10.130091394918,
    -1.070217516637E-14));
#4148 = CARTESIAN_POINT('',(-12.5662901308,4.620096684985,
    1.375762296883E-14));
#4149 = CARTESIAN_POINT('',(-13.18031025675,-3.839365998623,
    -1.277245361664E-14));
#4150 = CARTESIAN_POINT('',(-8.182405374817,-10.38274049758,
    8.556695243823E-15));
#4151 = CARTESIAN_POINT('',(-0.905577801518,-12.28687542705,
    -4.032789567244E-15));
#4152 = CARTESIAN_POINT('',(5.337122995781,-9.824939403145,
    1.249429434918E-15));
#4153 = CARTESIAN_POINT('',(8.613371179639,-4.998410490611,
    -2.081563415999E-16));
#4154 = CARTESIAN_POINT('',(8.750000000142,-4.642592851159E-04,
    -4.005934284325E-31));
#4155 = CARTESIAN_POINT('',(7.25,1.041538816998E-15,2.));
#4156 = CARTESIAN_POINT('',(7.386363636481,4.141148071105,2.));
#4157 = CARTESIAN_POINT('',(4.921372378747,8.453339118736,2.));
#4158 = CARTESIAN_POINT('',(-0.329933311186,11.123328418573,
    1.999999999999));
#4159 = CARTESIAN_POINT('',(-7.094588503093,10.130091394918,
    2.000000000001));
#4160 = CARTESIAN_POINT('',(-12.5662901308,4.620096684985,1.999999999998
    ));
#4161 = CARTESIAN_POINT('',(-13.18031025675,-3.839365998623,
    2.000000000001));
#4162 = CARTESIAN_POINT('',(-8.182405374817,-10.38274049758,
    1.999999999999));
#4163 = CARTESIAN_POINT('',(-0.905577801518,-12.28687542705,2.));
#4164 = CARTESIAN_POINT('',(5.337122995781,-9.824939403145,2.));
#4165 = CARTESIAN_POINT('',(8.613371179639,-4.998410490611,2.));
#4166 = CARTESIAN_POINT('',(8.750000000142,-4.642592851159E-04,2.));
#4167 = ADVANCED_FACE('',(#4168),#4194,.T.);
#4168 = FACE_BOUND('',#4169,.T.);
#4169 = EDGE_LOOP('',(#4170,#4171,#4172,#4189));
#4170 = ORIENTED_EDGE('',*,*,#3884,.F.);
#4171 = ORIENTED_EDGE('',*,*,#4085,.F.);
#4172 = ORIENTED_EDGE('',*,*,#4173,.T.);
#4173 = EDGE_CURVE('',#4086,#4174,#4176,.T.);
#4174 = VERTEX_POINT('',#4175);
#4175 = CARTESIAN_POINT('',(9.500000000143,-4.637982527854E-04,0.));
#4176 = B_SPLINE_CURVE_WITH_KNOTS('',11,(#4177,#4178,#4179,#4180,#4181,
    #4182,#4183,#4184,#4185,#4186,#4187,#4188),.UNSPECIFIED.,.F.,.F.,(12
    ,12),(0.,6.289678072638),.PIECEWISE_BEZIER_KNOTS.);
#4177 = CARTESIAN_POINT('',(8.,9.936604490612E-15,-1.23875814023E-30));
#4178 = CARTESIAN_POINT('',(8.136363636481,4.569547111273,
    4.17131658731E-16));
#4179 = CARTESIAN_POINT('',(5.402259191634,9.31012749091,
    -2.127125766869E-15));
#4180 = CARTESIAN_POINT('',(-0.387831171761,12.220690071945,
    5.871772357998E-15));
#4181 = CARTESIAN_POINT('',(-7.810694176657,11.091646234501,
    -1.070217516637E-14));
#4182 = CARTESIAN_POINT('',(-13.77317358171,5.016642455131,
    1.375762296883E-14));
#4183 = CARTESIAN_POINT('',(-14.38719346351,-4.235912511561,
    -1.277245361664E-14));
#4184 = CARTESIAN_POINT('',(-8.898510456557,-11.34429577763,
    8.556695243823E-15));
#4185 = CARTESIAN_POINT('',(-0.963474986988,-13.38423711585,
    -4.032789567244E-15));
#4186 = CARTESIAN_POINT('',(5.818010335552,-10.6817274794,
    1.249429434918E-15));
#4187 = CARTESIAN_POINT('',(9.363371442979,-5.426809069584,
    -2.081563415999E-16));
#4188 = CARTESIAN_POINT('',(9.500000000142,-4.63798253066E-04,
    -4.005934284325E-31));
#4189 = ORIENTED_EDGE('',*,*,#4190,.F.);
#4190 = EDGE_CURVE('',#3885,#4174,#4191,.T.);
#4191 = B_SPLINE_CURVE_WITH_KNOTS('',1,(#4192,#4193),.UNSPECIFIED.,.F.,
  .F.,(2,2),(-2.,-0.),.PIECEWISE_BEZIER_KNOTS.);
#4192 = CARTESIAN_POINT('',(9.500000000142,-4.63798253066E-04,2.));
#4193 = CARTESIAN_POINT('',(9.500000000142,-4.63798253066E-04,
    -4.005934284325E-31));
#4194 = B_SPLINE_SURFACE_WITH_KNOTS('',1,11,(
    (#4195,#4196,#4197,#4198,#4199,#4200,#4201,#4202,#4203,#4204,#4205
      ,#4206)
    ,(#4207,#4208,#4209,#4210,#4211,#4212,#4213,#4214,#4215,#4216,#4217
      ,#4218
    )),.UNSPECIFIED.,.F.,.F.,.F.,(2,2),(12,12),(-2.,-0.),(0.,
    6.289678072638),.PIECEWISE_BEZIER_KNOTS.);
#4195 = CARTESIAN_POINT('',(8.,9.936577385558E-15,2.));
#4196 = CARTESIAN_POINT('',(8.136363636481,4.569547111273,2.));
#4197 = CARTESIAN_POINT('',(5.402259191635,9.31012749091,2.));
#4198 = CARTESIAN_POINT('',(-0.387831171763,12.220690071945,
    1.999999999999));
#4199 = CARTESIAN_POINT('',(-7.810694176655,11.091646234501,
    2.000000000001));
#4200 = CARTESIAN_POINT('',(-13.77317358172,5.016642455131,
    1.999999999998));
#4201 = CARTESIAN_POINT('',(-14.38719346351,-4.235912511561,
    2.000000000001));
#4202 = CARTESIAN_POINT('',(-8.898510456559,-11.34429577763,
    1.999999999999));
#4203 = CARTESIAN_POINT('',(-0.963474986986,-13.38423711585,2.));
#4204 = CARTESIAN_POINT('',(5.818010335551,-10.6817274794,2.));
#4205 = CARTESIAN_POINT('',(9.36337144298,-5.426809069584,2.));
#4206 = CARTESIAN_POINT('',(9.500000000142,-4.63798253066E-04,2.));
#4207 = CARTESIAN_POINT('',(8.,9.936604490612E-15,-1.23875814023E-30));
#4208 = CARTESIAN_POINT('',(8.136363636481,4.569547111273,
    4.17131658731E-16));
#4209 = CARTESIAN_POINT('',(5.402259191634,9.31012749091,
    -2.127125766869E-15));
#4210 = CARTESIAN_POINT('',(-0.387831171761,12.220690071945,
    5.871772357998E-15));
#4211 = CARTESIAN_POINT('',(-7.810694176657,11.091646234501,
    -1.070217516637E-14));
#4212 = CARTESIAN_POINT('',(-13.77317358171,5.016642455131,
    1.375762296883E-14));
#4213 = CARTESIAN_POINT('',(-14.38719346351,-4.235912511561,
    -1.277245361664E-14));
#4214 = CARTESIAN_POINT('',(-8.898510456557,-11.34429577763,
    8.556695243823E-15));
#4215 = CARTESIAN_POINT('',(-0.963474986988,-13.38423711585,
    -4.032789567244E-15));
#4216 = CARTESIAN_POINT('',(5.818010335552,-10.6817274794,
    1.249429434918E-15));
#4217 = CARTESIAN_POINT('',(9.363371442979,-5.426809069584,
    -2.081563415999E-16));
#4218 = CARTESIAN_POINT('',(9.500000000142,-4.63798253066E-04,
    -4.005934284325E-31));
#4219 = ADVANCED_FACE('',(#4220),#4246,.T.);
#4220 = FACE_BOUND('',#4221,.T.);
#4221 = EDGE_LOOP('',(#4222,#4239,#4240,#4241));
#4222 = ORIENTED_EDGE('',*,*,#4223,.F.);
#4223 = EDGE_CURVE('',#4120,#4224,#4226,.T.);
#4224 = VERTEX_POINT('',#4225);
#4225 = CARTESIAN_POINT('',(10.250000000568,-9.266993617365E-04,0.));
#4226 = B_SPLINE_CURVE_WITH_KNOTS('',11,(#4227,#4228,#4229,#4230,#4231,
    #4232,#4233,#4234,#4235,#4236,#4237,#4238),.UNSPECIFIED.,.F.,.F.,(12
    ,12),(0.,6.289678072638),.PIECEWISE_BEZIER_KNOTS.);
#4227 = CARTESIAN_POINT('',(8.750000000143,-4.642592850052E-04,
    -8.019572288428E-31));
#4228 = CARTESIAN_POINT('',(8.886628820862,4.997481975955,
    -1.283609317236E-29));
#4229 = CARTESIAN_POINT('',(5.883676264266,10.166618347096,
    1.246490751703E-16));
#4230 = CARTESIAN_POINT('',(-0.445050061466,13.31808770836,
    -7.312745743325E-16));
#4231 = CARTESIAN_POINT('',(-8.52620513738,12.053644254459,
    2.132884175136E-15));
#4232 = CARTESIAN_POINT('',(-14.97981203743,5.41393472991,
    -3.917542362495E-15));
#4233 = CARTESIAN_POINT('',(-15.5943221327,-4.631712802015,
    4.896927953119E-15));
#4234 = CARTESIAN_POINT('',(-9.615210100778,-12.30540859221,
    -4.265768350273E-15));
#4235 = CARTESIAN_POINT('',(-1.022050446984,-14.48156313179,
    2.559461010164E-15));
#4236 = CARTESIAN_POINT('',(6.298368236253,-11.53881283618,
    -9.971926013624E-16));
#4237 = CARTESIAN_POINT('',(10.113107035086,-5.855671087253,
    2.077484586172E-16));
#4238 = CARTESIAN_POINT('',(10.250000000568,-9.266993618607E-04,
    -1.122431971589E-30));
#4239 = ORIENTED_EDGE('',*,*,#4138,.T.);
#4240 = ORIENTED_EDGE('',*,*,#3987,.T.);
#4241 = ORIENTED_EDGE('',*,*,#4242,.F.);
#4242 = EDGE_CURVE('',#4224,#3971,#4243,.T.);
#4243 = B_SPLINE_CURVE_WITH_KNOTS('',1,(#4244,#4245),.UNSPECIFIED.,.F.,
  .F.,(2,2),(-2.,-0.),.PIECEWISE_BEZIER_KNOTS.);
#4244 = CARTESIAN_POINT('',(10.250000000568,-9.266993618607E-04,
    -1.122431971589E-30));
#4245 = CARTESIAN_POINT('',(10.250000000568,-9.266993618755E-04,2.));
#4246 = B_SPLINE_SURFACE_WITH_KNOTS('',1,11,(
    (#4247,#4248,#4249,#4250,#4251,#4252,#4253,#4254,#4255,#4256,#4257
      ,#4258)
    ,(#4259,#4260,#4261,#4262,#4263,#4264,#4265,#4266,#4267,#4268,#4269
      ,#4270
    )),.UNSPECIFIED.,.F.,.F.,.F.,(2,2),(12,12),(-2.,-0.),(0.,
    6.289678072638),.PIECEWISE_BEZIER_KNOTS.);
#4247 = CARTESIAN_POINT('',(8.750000000143,-4.642592850052E-04,
    -8.019572288428E-31));
#4248 = CARTESIAN_POINT('',(8.886628820862,4.997481975955,
    -1.283609317236E-29));
#4249 = CARTESIAN_POINT('',(5.883676264266,10.166618347096,
    1.246490751703E-16));
#4250 = CARTESIAN_POINT('',(-0.445050061466,13.31808770836,
    -7.312745743325E-16));
#4251 = CARTESIAN_POINT('',(-8.52620513738,12.053644254459,
    2.132884175136E-15));
#4252 = CARTESIAN_POINT('',(-14.97981203743,5.41393472991,
    -3.917542362495E-15));
#4253 = CARTESIAN_POINT('',(-15.5943221327,-4.631712802015,
    4.896927953119E-15));
#4254 = CARTESIAN_POINT('',(-9.615210100778,-12.30540859221,
    -4.265768350273E-15));
#4255 = CARTESIAN_POINT('',(-1.022050446984,-14.48156313179,
    2.559461010164E-15));
#4256 = CARTESIAN_POINT('',(6.298368236253,-11.53881283618,
    -9.971926013624E-16));
#4257 = CARTESIAN_POINT('',(10.113107035086,-5.855671087253,
    2.077484586172E-16));
#4258 = CARTESIAN_POINT('',(10.250000000568,-9.266993618607E-04,
    -1.122431971589E-30));
#4259 = CARTESIAN_POINT('',(8.750000000143,-4.642592849951E-04,2.));
#4260 = CARTESIAN_POINT('',(8.886628820863,4.997481975955,2.));
#4261 = CARTESIAN_POINT('',(5.883676264265,10.166618347096,2.));
#4262 = CARTESIAN_POINT('',(-0.445050061463,13.31808770836,2.));
#4263 = CARTESIAN_POINT('',(-8.526205137384,12.05364425446,
    2.000000000001));
#4264 = CARTESIAN_POINT('',(-14.97981203743,5.413934729908,
    1.999999999999));
#4265 = CARTESIAN_POINT('',(-15.5943221327,-4.631712802012,
    2.000000000001));
#4266 = CARTESIAN_POINT('',(-9.615210100775,-12.30540859221,2.));
#4267 = CARTESIAN_POINT('',(-1.022050446986,-14.48156313178,2.));
#4268 = CARTESIAN_POINT('',(6.298368236254,-11.53881283618,2.));
#4269 = CARTESIAN_POINT('',(10.113107035086,-5.855671087252,2.));
#4270 = CARTESIAN_POINT('',(10.250000000568,-9.266993618755E-04,2.));
#4271 = ADVANCED_FACE('',(#4272),#4298,.T.);
#4272 = FACE_BOUND('',#4273,.T.);
#4273 = EDGE_LOOP('',(#4274,#4275,#4276,#4293));
#4274 = ORIENTED_EDGE('',*,*,#3901,.F.);
#4275 = ORIENTED_EDGE('',*,*,#4190,.T.);
#4276 = ORIENTED_EDGE('',*,*,#4277,.T.);
#4277 = EDGE_CURVE('',#4174,#4278,#4280,.T.);
#4278 = VERTEX_POINT('',#4279);
#4279 = CARTESIAN_POINT('',(11.000000000568,-9.257791041779E-04,0.));
#4280 = B_SPLINE_CURVE_WITH_KNOTS('',11,(#4281,#4282,#4283,#4284,#4285,
    #4286,#4287,#4288,#4289,#4290,#4291,#4292),.UNSPECIFIED.,.F.,.F.,(12
    ,12),(0.,6.289678072638),.PIECEWISE_BEZIER_KNOTS.);
#4281 = CARTESIAN_POINT('',(9.500000000143,-4.637982529446E-04,
    -8.019572288428E-31));
#4282 = CARTESIAN_POINT('',(9.636628557521,5.425881476988,
    -1.283609317236E-29));
#4283 = CARTESIAN_POINT('',(6.364562550685,11.02340701455,
    1.246490751703E-16));
#4284 = CARTESIAN_POINT('',(-0.502948595986,14.415449325862,
    -7.312745743325E-16));
#4285 = CARTESIAN_POINT('',(-9.242311400991,13.015198654033,
    2.132884175136E-15));
#4286 = CARTESIAN_POINT('',(-16.18669573119,5.810479759319,
    -3.917542362495E-15));
#4287 = CARTESIAN_POINT('',(-16.80120509567,-5.028260055093,
    4.896927953119E-15));
#4288 = CARTESIAN_POINT('',(-10.33131459277,-13.26696431086,
    -4.265768350273E-15));
#4289 = CARTESIAN_POINT('',(-1.079946959909,-15.57892485581,
    2.559461010164E-15));
#4290 = CARTESIAN_POINT('',(6.779256100838,-12.39560061765,
    -9.971926013624E-16));
#4291 = CARTESIAN_POINT('',(10.863107560736,-6.284069206842,
    2.077484586172E-16));
#4292 = CARTESIAN_POINT('',(11.000000000568,-9.25779104307E-04,
    -1.122431971589E-30));
#4293 = ORIENTED_EDGE('',*,*,#4294,.F.);
#4294 = EDGE_CURVE('',#3902,#4278,#4295,.T.);
#4295 = B_SPLINE_CURVE_WITH_KNOTS('',1,(#4296,#4297),.UNSPECIFIED.,.F.,
  .F.,(2,2),(-2.,-0.),.PIECEWISE_BEZIER_KNOTS.);
#4296 = CARTESIAN_POINT('',(11.000000000568,-9.257791043135E-04,2.));
#4297 = CARTESIAN_POINT('',(11.000000000568,-9.25779104307E-04,
    -1.122431971589E-30));
#4298 = B_SPLINE_SURFACE_WITH_KNOTS('',1,11,(
    (#4299,#4300,#4301,#4302,#4303,#4304,#4305,#4306,#4307,#4308,#4309
      ,#4310)
    ,(#4311,#4312,#4313,#4314,#4315,#4316,#4317,#4318,#4319,#4320,#4321
      ,#4322
    )),.UNSPECIFIED.,.F.,.F.,.F.,(2,2),(12,12),(-2.,-0.),(0.,
    6.289678072638),.PIECEWISE_BEZIER_KNOTS.);
#4299 = CARTESIAN_POINT('',(9.500000000143,-4.637982529369E-04,2.));
#4300 = CARTESIAN_POINT('',(9.636628557521,5.425881476989,2.));
#4301 = CARTESIAN_POINT('',(6.364562550685,11.02340701455,2.));
#4302 = CARTESIAN_POINT('',(-0.502948595985,14.415449325863,2.));
#4303 = CARTESIAN_POINT('',(-9.242311400992,13.01519865403,
    2.000000000001));
#4304 = CARTESIAN_POINT('',(-16.18669573119,5.810479759322,
    1.999999999999));
#4305 = CARTESIAN_POINT('',(-16.80120509567,-5.028260055096,
    2.000000000001));
#4306 = CARTESIAN_POINT('',(-10.33131459277,-13.26696431086,2.));
#4307 = CARTESIAN_POINT('',(-1.07994695991,-15.57892485581,2.));
#4308 = CARTESIAN_POINT('',(6.779256100838,-12.39560061765,2.));
#4309 = CARTESIAN_POINT('',(10.863107560736,-6.284069206842,2.));
#4310 = CARTESIAN_POINT('',(11.000000000568,-9.257791043135E-04,2.));
#4311 = CARTESIAN_POINT('',(9.500000000143,-4.637982529446E-04,
    -8.019572288428E-31));
#4312 = CARTESIAN_POINT('',(9.636628557521,5.425881476988,
    -1.283609317236E-29));
#4313 = CARTESIAN_POINT('',(6.364562550685,11.02340701455,
    1.246490751703E-16));
#4314 = CARTESIAN_POINT('',(-0.502948595986,14.415449325862,
    -7.312745743325E-16));
#4315 = CARTESIAN_POINT('',(-9.242311400991,13.015198654033,
    2.132884175136E-15));
#4316 = CARTESIAN_POINT('',(-16.18669573119,5.810479759319,
    -3.917542362495E-15));
#4317 = CARTESIAN_POINT('',(-16.80120509567,-5.028260055093,
    4.896927953119E-15));
#4318 = CARTESIAN_POINT('',(-10.33131459277,-13.26696431086,
    -4.265768350273E-15));
#4319 = CARTESIAN_POINT('',(-1.079946959909,-15.57892485581,
    2.559461010164E-15));
#4320 = CARTESIAN_POINT('',(6.779256100838,-12.39560061765,
    -9.971926013624E-16));
#4321 = CARTESIAN_POINT('',(10.863107560736,-6.284069206842,
    2.077484586172E-16));
#4322 = CARTESIAN_POINT('',(11.000000000568,-9.25779104307E-04,
    -1.122431971589E-30));
#4323 = ADVANCED_FACE('',(#4324),#4350,.T.);
#4324 = FACE_BOUND('',#4325,.T.);
#4325 = EDGE_LOOP('',(#4326,#4343,#4344,#4345));
#4326 = ORIENTED_EDGE('',*,*,#4327,.F.);
#4327 = EDGE_CURVE('',#4224,#4328,#4330,.T.);
#4328 = VERTEX_POINT('',#4329);
#4329 = CARTESIAN_POINT('',(11.750000001274,-1.387330070207E-03,0.));
#4330 = B_SPLINE_CURVE_WITH_KNOTS('',11,(#4331,#4332,#4333,#4334,#4335,
    #4336,#4337,#4338,#4339,#4340,#4341,#4342),.UNSPECIFIED.,.F.,.F.,(12
    ,12),(0.,6.289678072638),.PIECEWISE_BEZIER_KNOTS.);
#4331 = CARTESIAN_POINT('',(10.250000000568,-9.266993617876E-04,
    -6.540458091139E-31));
#4332 = CARTESIAN_POINT('',(10.386892966298,5.853817702538,
    2.077484586238E-16));
#4333 = CARTESIAN_POINT('',(6.845978072877,11.87989872248,
    -9.971926013942E-16));
#4334 = CARTESIAN_POINT('',(-0.56016947066,15.512846915132,
    2.559461010245E-15));
#4335 = CARTESIAN_POINT('',(-9.957824097485,13.977195249914,
    -4.265768350409E-15));
#4336 = CARTESIAN_POINT('',(-17.3933349017,6.207770053784,
    4.896927953275E-15));
#4337 = CARTESIAN_POINT('',(-18.00833304741,-5.424062749464,
    -3.91754236262E-15));
#4338 = CARTESIAN_POINT('',(-11.0480125015,-14.22807822781,
    2.132884175205E-15));
#4339 = CARTESIAN_POINT('',(-1.138520442828,-16.67625108513,
    -7.312745743559E-16));
#4340 = CARTESIAN_POINT('',(7.259615544457,-13.25268506435,
    1.246490751744E-16));
#4341 = CARTESIAN_POINT('',(11.612843923939,-6.71292988445,
    -1.953476648221E-29));
#4342 = CARTESIAN_POINT('',(11.750000001274,-1.387330070162E-03,
    -4.814824860968E-31));
#4343 = ORIENTED_EDGE('',*,*,#4242,.T.);
#4344 = ORIENTED_EDGE('',*,*,#3970,.T.);
#4345 = ORIENTED_EDGE('',*,*,#4346,.F.);
#4346 = EDGE_CURVE('',#4328,#3957,#4347,.T.);
#4347 = B_SPLINE_CURVE_WITH_KNOTS('',1,(#4348,#4349),.UNSPECIFIED.,.F.,
  .F.,(2,2),(-2.,-0.),.PIECEWISE_BEZIER_KNOTS.);
#4348 = CARTESIAN_POINT('',(11.750000001274,-1.387330070162E-03,
    -4.814824860968E-31));
#4349 = CARTESIAN_POINT('',(11.750000001274,-1.387330070162E-03,2.));
#4350 = B_SPLINE_SURFACE_WITH_KNOTS('',1,11,(
    (#4351,#4352,#4353,#4354,#4355,#4356,#4357,#4358,#4359,#4360,#4361
      ,#4362)
    ,(#4363,#4364,#4365,#4366,#4367,#4368,#4369,#4370,#4371,#4372,#4373
      ,#4374
    )),.UNSPECIFIED.,.F.,.F.,.F.,(2,2),(12,12),(-2.,-0.),(0.,
    6.289678072638),.PIECEWISE_BEZIER_KNOTS.);
#4351 = CARTESIAN_POINT('',(10.250000000568,-9.266993617876E-04,
    -6.540458091139E-31));
#4352 = CARTESIAN_POINT('',(10.386892966298,5.853817702538,
    2.077484586238E-16));
#4353 = CARTESIAN_POINT('',(6.845978072877,11.87989872248,
    -9.971926013942E-16));
#4354 = CARTESIAN_POINT('',(-0.56016947066,15.512846915132,
    2.559461010245E-15));
#4355 = CARTESIAN_POINT('',(-9.957824097485,13.977195249914,
    -4.265768350409E-15));
#4356 = CARTESIAN_POINT('',(-17.3933349017,6.207770053784,
    4.896927953275E-15));
#4357 = CARTESIAN_POINT('',(-18.00833304741,-5.424062749464,
    -3.91754236262E-15));
#4358 = CARTESIAN_POINT('',(-11.0480125015,-14.22807822781,
    2.132884175205E-15));
#4359 = CARTESIAN_POINT('',(-1.138520442828,-16.67625108513,
    -7.312745743559E-16));
#4360 = CARTESIAN_POINT('',(7.259615544457,-13.25268506435,
    1.246490751744E-16));
#4361 = CARTESIAN_POINT('',(11.612843923939,-6.71292988445,
    -1.953476648221E-29));
#4362 = CARTESIAN_POINT('',(11.750000001274,-1.387330070162E-03,
    -4.814824860968E-31));
#4363 = CARTESIAN_POINT('',(10.250000000568,-9.266993617876E-04,2.));
#4364 = CARTESIAN_POINT('',(10.386892966298,5.853817702538,2.));
#4365 = CARTESIAN_POINT('',(6.845978072875,11.87989872248,2.));
#4366 = CARTESIAN_POINT('',(-0.560169470655,15.512846915132,
    1.999999999999));
#4367 = CARTESIAN_POINT('',(-9.957824097495,13.977195249914,
    2.000000000001));
#4368 = CARTESIAN_POINT('',(-17.39333490169,6.207770053784,
    1.999999999999));
#4369 = CARTESIAN_POINT('',(-18.00833304742,-5.424062749464,
    2.000000000001));
#4370 = CARTESIAN_POINT('',(-11.04801250149,-14.22807822781,
    1.999999999999));
#4371 = CARTESIAN_POINT('',(-1.138520442834,-16.67625108513,2.));
#4372 = CARTESIAN_POINT('',(7.259615544459,-13.25268506435,2.));
#4373 = CARTESIAN_POINT('',(11.612843923938,-6.71292988445,2.));
#4374 = CARTESIAN_POINT('',(11.750000001274,-1.387330070162E-03,2.));
#4375 = ADVANCED_FACE('',(#4376),#4402,.T.);
#4376 = FACE_BOUND('',#4377,.T.);
#4377 = EDGE_LOOP('',(#4378,#4379,#4380,#4397));
#4378 = ORIENTED_EDGE('',*,*,#3918,.F.);
#4379 = ORIENTED_EDGE('',*,*,#4294,.T.);
#4380 = ORIENTED_EDGE('',*,*,#4381,.T.);
#4381 = EDGE_CURVE('',#4278,#4382,#4384,.T.);
#4382 = VERTEX_POINT('',#4383);
#4383 = CARTESIAN_POINT('',(12.500000001273,-1.385952383941E-03,0.));
#4384 = B_SPLINE_CURVE_WITH_KNOTS('',11,(#4385,#4386,#4387,#4388,#4389,
    #4390,#4391,#4392,#4393,#4394,#4395,#4396),.UNSPECIFIED.,.F.,.F.,(12
    ,12),(0.,6.289678072638),.PIECEWISE_BEZIER_KNOTS.);
#4385 = CARTESIAN_POINT('',(11.000000000568,-9.257791042244E-04,
    -6.540458091139E-31));
#4386 = CARTESIAN_POINT('',(11.136892440648,6.282217662628,
    2.077484586238E-16));
#4387 = CARTESIAN_POINT('',(7.326863834888,12.736687684075,
    -9.971926013942E-16));
#4388 = CARTESIAN_POINT('',(-0.618068676471,16.610208496846,
    2.559461010245E-15));
#4389 = CARTESIAN_POINT('',(-10.67393094886,14.938749211343,
    -4.265768350409E-15));
#4390 = CARTESIAN_POINT('',(-18.60021883731,6.604314345127,
    4.896927953275E-15));
#4391 = CARTESIAN_POINT('',(-19.2152157676,-5.820610739526,
    -3.91754236262E-15));
#4392 = CARTESIAN_POINT('',(-11.76411640603,-15.18963438355,
    2.132884175205E-15));
#4393 = CARTESIAN_POINT('',(-1.19641628586,-17.77361284412,
    -7.312745743559E-16));
#4394 = CARTESIAN_POINT('',(7.740503931808,-14.10947255222,
    1.246490751744E-16));
#4395 = CARTESIAN_POINT('',(12.36284471087,-7.141327546442,
    -1.953476648221E-29));
#4396 = CARTESIAN_POINT('',(12.500000001273,-1.385952383902E-03,
    -4.814824860968E-31));
#4397 = ORIENTED_EDGE('',*,*,#4398,.F.);
#4398 = EDGE_CURVE('',#3919,#4382,#4399,.T.);
#4399 = B_SPLINE_CURVE_WITH_KNOTS('',1,(#4400,#4401),.UNSPECIFIED.,.F.,
  .F.,(2,2),(-2.,-0.),.PIECEWISE_BEZIER_KNOTS.);
#4400 = CARTESIAN_POINT('',(12.500000001273,-1.385952383902E-03,2.));
#4401 = CARTESIAN_POINT('',(12.500000001273,-1.385952383902E-03,
    -4.814824860968E-31));
#4402 = B_SPLINE_SURFACE_WITH_KNOTS('',1,11,(
    (#4403,#4404,#4405,#4406,#4407,#4408,#4409,#4410,#4411,#4412,#4413
      ,#4414)
    ,(#4415,#4416,#4417,#4418,#4419,#4420,#4421,#4422,#4423,#4424,#4425
      ,#4426
    )),.UNSPECIFIED.,.F.,.F.,.F.,(2,2),(12,12),(-2.,-0.),(0.,
    6.289678072638),.PIECEWISE_BEZIER_KNOTS.);
#4403 = CARTESIAN_POINT('',(11.000000000568,-9.257791042244E-04,2.));
#4404 = CARTESIAN_POINT('',(11.136892440648,6.282217662628,2.));
#4405 = CARTESIAN_POINT('',(7.326863834887,12.736687684075,2.));
#4406 = CARTESIAN_POINT('',(-0.618068676468,16.610208496846,
    1.999999999999));
#4407 = CARTESIAN_POINT('',(-10.67393094887,14.938749211343,
    2.000000000001));
#4408 = CARTESIAN_POINT('',(-18.6002188373,6.604314345127,1.999999999999
    ));
#4409 = CARTESIAN_POINT('',(-19.21521576761,-5.820610739526,
    2.000000000001));
#4410 = CARTESIAN_POINT('',(-11.76411640602,-15.18963438355,
    1.999999999999));
#4411 = CARTESIAN_POINT('',(-1.196416285863,-17.77361284412,2.));
#4412 = CARTESIAN_POINT('',(7.74050393181,-14.10947255222,2.));
#4413 = CARTESIAN_POINT('',(12.36284471087,-7.141327546442,2.));
#4414 = CARTESIAN_POINT('',(12.500000001273,-1.385952383902E-03,2.));
#4415 = CARTESIAN_POINT('',(11.000000000568,-9.257791042244E-04,
    -6.540458091139E-31));
#4416 = CARTESIAN_POINT('',(11.136892440648,6.282217662628,
    2.077484586238E-16));
#4417 = CARTESIAN_POINT('',(7.326863834888,12.736687684075,
    -9.971926013942E-16));
#4418 = CARTESIAN_POINT('',(-0.618068676471,16.610208496846,
    2.559461010245E-15));
#4419 = CARTESIAN_POINT('',(-10.67393094886,14.938749211343,
    -4.265768350409E-15));
#4420 = CARTESIAN_POINT('',(-18.60021883731,6.604314345127,
    4.896927953275E-15));
#4421 = CARTESIAN_POINT('',(-19.2152157676,-5.820610739526,
    -3.91754236262E-15));
#4422 = CARTESIAN_POINT('',(-11.76411640603,-15.18963438355,
    2.132884175205E-15));
#4423 = CARTESIAN_POINT('',(-1.19641628586,-17.77361284412,
    -7.312745743559E-16));
#4424 = CARTESIAN_POINT('',(7.740503931808,-14.10947255222,
    1.246490751744E-16));
#4425 = CARTESIAN_POINT('',(12.36284471087,-7.141327546442,
    -1.953476648221E-29));
#4426 = CARTESIAN_POINT('',(12.500000001273,-1.385952383902E-03,
    -4.814824860968E-31));
#4427 = ADVANCED_FACE('',(#4428),#4451,.T.);
#4428 = FACE_BOUND('',#4429,.T.);
#4429 = EDGE_LOOP('',(#4430,#4444,#4445,#4446));
#4430 = ORIENTED_EDGE('',*,*,#4431,.F.);
#4431 = EDGE_CURVE('',#4328,#4432,#4434,.T.);
#4432 = VERTEX_POINT('',#4433);
#4433 = CARTESIAN_POINT('',(-12.50000000173,1.616970612952E-03,
    1.325039801738E-31));
#4434 = B_SPLINE_CURVE_WITH_KNOTS('',8,(#4435,#4436,#4437,#4438,#4439,
    #4440,#4441,#4442,#4443),.UNSPECIFIED.,.F.,.F.,(9,9),(0.,
    3.144839036319),.PIECEWISE_BEZIER_KNOTS.);
#4435 = CARTESIAN_POINT('',(11.750000001274,-1.387330070424E-03,
    5.854827030937E-32));
#4436 = CARTESIAN_POINT('',(11.844294804575,4.612798178588,
    -1.425477425704E-16));
#4437 = CARTESIAN_POINT('',(9.867288733533,9.311518452365,
    4.581891725478E-16));
#4438 = CARTESIAN_POINT('',(5.756494480171,13.009267183104,
    -7.331026760765E-16));
#4439 = CARTESIAN_POINT('',(0.112553450098,14.571860260862,
    6.842291643381E-16));
#4440 = CARTESIAN_POINT('',(-5.676520283659,13.320978043445,
    -3.665513380383E-16));
#4441 = CARTESIAN_POINT('',(-10.10772496821,9.734574062503,
    9.163783450956E-17));
#4442 = CARTESIAN_POINT('',(-12.40561501887,4.910326844669,
    5.587397901517E-32));
#4443 = CARTESIAN_POINT('',(-12.50000000173,1.616970612952E-03,
    1.325039801738E-31));
#4444 = ORIENTED_EDGE('',*,*,#4346,.T.);
#4445 = ORIENTED_EDGE('',*,*,#3956,.T.);
#4446 = ORIENTED_EDGE('',*,*,#4447,.F.);
#4447 = EDGE_CURVE('',#4432,#3950,#4448,.T.);
#4448 = B_SPLINE_CURVE_WITH_KNOTS('',1,(#4449,#4450),.UNSPECIFIED.,.F.,
  .F.,(2,2),(-2.,-0.),.PIECEWISE_BEZIER_KNOTS.);
#4449 = CARTESIAN_POINT('',(-12.50000000173,1.616970612952E-03,
    1.325039801738E-31));
#4450 = CARTESIAN_POINT('',(-12.50000000173,1.616970612949E-03,2.));
#4451 = B_SPLINE_SURFACE_WITH_KNOTS('',1,8,(
    (#4452,#4453,#4454,#4455,#4456,#4457,#4458,#4459,#4460)
    ,(#4461,#4462,#4463,#4464,#4465,#4466,#4467,#4468,#4469
  )),.UNSPECIFIED.,.F.,.F.,.F.,(2,2),(9,9),(-2.,-0.),(0.,3.144839036319)
  ,.PIECEWISE_BEZIER_KNOTS.);
#4452 = CARTESIAN_POINT('',(11.750000001274,-1.387330070424E-03,
    5.854827030937E-32));
#4453 = CARTESIAN_POINT('',(11.844294804575,4.612798178588,
    -1.425477425704E-16));
#4454 = CARTESIAN_POINT('',(9.867288733533,9.311518452365,
    4.581891725478E-16));
#4455 = CARTESIAN_POINT('',(5.756494480171,13.009267183104,
    -7.331026760765E-16));
#4456 = CARTESIAN_POINT('',(0.112553450098,14.571860260862,
    6.842291643381E-16));
#4457 = CARTESIAN_POINT('',(-5.676520283659,13.320978043445,
    -3.665513380383E-16));
#4458 = CARTESIAN_POINT('',(-10.10772496821,9.734574062503,
    9.163783450956E-17));
#4459 = CARTESIAN_POINT('',(-12.40561501887,4.910326844669,
    5.587397901517E-32));
#4460 = CARTESIAN_POINT('',(-12.50000000173,1.616970612952E-03,
    1.325039801738E-31));
#4461 = CARTESIAN_POINT('',(11.750000001274,-1.387330070424E-03,2.));
#4462 = CARTESIAN_POINT('',(11.844294804575,4.612798178588,2.));
#4463 = CARTESIAN_POINT('',(9.867288733533,9.311518452365,2.));
#4464 = CARTESIAN_POINT('',(5.756494480171,13.009267183104,2.));
#4465 = CARTESIAN_POINT('',(0.112553450098,14.571860260862,2.));
#4466 = CARTESIAN_POINT('',(-5.676520283659,13.320978043446,2.));
#4467 = CARTESIAN_POINT('',(-10.10772496821,9.734574062502,2.));
#4468 = CARTESIAN_POINT('',(-12.40561501887,4.910326844669,2.));
#4469 = CARTESIAN_POINT('',(-12.50000000173,1.616970612949E-03,2.));
#4470 = ADVANCED_FACE('',(#4471),#4494,.T.);
#4471 = FACE_BOUND('',#4472,.T.);
#4472 = EDGE_LOOP('',(#4473,#4474,#4475,#4489));
#4473 = ORIENTED_EDGE('',*,*,#3935,.F.);
#4474 = ORIENTED_EDGE('',*,*,#4398,.T.);
#4475 = ORIENTED_EDGE('',*,*,#4476,.T.);
#4476 = EDGE_CURVE('',#4382,#4477,#4479,.T.);
#4477 = VERTEX_POINT('',#4478);
#4478 = CARTESIAN_POINT('',(-13.25000000172,1.615364882456E-03,
    1.325039801738E-31));
#4479 = B_SPLINE_CURVE_WITH_KNOTS('',8,(#4480,#4481,#4482,#4483,#4484,
    #4485,#4486,#4487,#4488),.UNSPECIFIED.,.F.,.F.,(9,9),(0.,
    3.144839036319),.PIECEWISE_BEZIER_KNOTS.);
#4480 = CARTESIAN_POINT('',(12.500000001272,-1.385952384156E-03,
    5.854827030937E-32));
#4481 = CARTESIAN_POINT('',(12.594294263557,4.90732389605,
    -1.425477425704E-16));
#4482 = CARTESIAN_POINT('',(10.485075537476,9.900571760071,
    4.581891725478E-16));
#4483 = CARTESIAN_POINT('',(6.110094240716,13.823606090765,
    -7.331026760765E-16));
#4484 = CARTESIAN_POINT('',(0.112551657271,15.473214591577,
    6.842291643381E-16));
#4485 = CARTESIAN_POINT('',(-6.030123283677,14.135315544443,
    -3.665513380383E-16));
#4486 = CARTESIAN_POINT('',(-10.72551411539,10.323624912617,
    9.163783450956E-17));
#4487 = CARTESIAN_POINT('',(-13.15561564944,5.20484957866,
    5.587397901517E-32));
#4488 = CARTESIAN_POINT('',(-13.25000000172,1.615364882454E-03,
    1.325039801738E-31));
#4489 = ORIENTED_EDGE('',*,*,#4490,.F.);
#4490 = EDGE_CURVE('',#3936,#4477,#4491,.T.);
#4491 = B_SPLINE_CURVE_WITH_KNOTS('',1,(#4492,#4493),.UNSPECIFIED.,.F.,
  .F.,(2,2),(-2.,-0.),.PIECEWISE_BEZIER_KNOTS.);
#4492 = CARTESIAN_POINT('',(-13.25000000172,1.615364882454E-03,2.));
#4493 = CARTESIAN_POINT('',(-13.25000000172,1.615364882454E-03,
    1.325039801738E-31));
#4494 = B_SPLINE_SURFACE_WITH_KNOTS('',1,8,(
    (#4495,#4496,#4497,#4498,#4499,#4500,#4501,#4502,#4503)
    ,(#4504,#4505,#4506,#4507,#4508,#4509,#4510,#4511,#4512
  )),.UNSPECIFIED.,.F.,.F.,.F.,(2,2),(9,9),(-2.,-0.),(0.,3.144839036319)
  ,.PIECEWISE_BEZIER_KNOTS.);
#4495 = CARTESIAN_POINT('',(12.500000001272,-1.385952384155E-03,2.));
#4496 = CARTESIAN_POINT('',(12.594294263557,4.90732389605,2.));
#4497 = CARTESIAN_POINT('',(10.485075537476,9.900571760071,2.));
#4498 = CARTESIAN_POINT('',(6.110094240716,13.823606090765,2.));
#4499 = CARTESIAN_POINT('',(0.112551657271,15.473214591577,2.));
#4500 = CARTESIAN_POINT('',(-6.030123283677,14.135315544443,2.));
#4501 = CARTESIAN_POINT('',(-10.72551411539,10.323624912617,2.));
#4502 = CARTESIAN_POINT('',(-13.15561564944,5.20484957866,2.));
#4503 = CARTESIAN_POINT('',(-13.25000000172,1.615364882454E-03,2.));
#4504 = CARTESIAN_POINT('',(12.500000001272,-1.385952384156E-03,
    5.854827030937E-32));
#4505 = CARTESIAN_POINT('',(12.594294263557,4.90732389605,
    -1.425477425704E-16));
#4506 = CARTESIAN_POINT('',(10.485075537476,9.900571760071,
    4.581891725478E-16));
#4507 = CARTESIAN_POINT('',(6.110094240716,13.823606090765,
    -7.331026760765E-16));
#4508 = CARTESIAN_POINT('',(0.112551657271,15.473214591577,
    6.842291643381E-16));
#4509 = CARTESIAN_POINT('',(-6.030123283677,14.135315544443,
    -3.665513380383E-16));
#4510 = CARTESIAN_POINT('',(-10.72551411539,10.323624912617,
    9.163783450956E-17));
#4511 = CARTESIAN_POINT('',(-13.15561564944,5.20484957866,
    5.587397901517E-32));
#4512 = CARTESIAN_POINT('',(-13.25000000172,1.615364882454E-03,
    1.325039801738E-31));
#4513 = ADVANCED_FACE('',(#4514),#4524,.T.);
#4514 = FACE_BOUND('',#4515,.F.);
#4515 = EDGE_LOOP('',(#4516,#4517,#4518,#4523));
#4516 = ORIENTED_EDGE('',*,*,#3949,.F.);
#4517 = ORIENTED_EDGE('',*,*,#4447,.F.);
#4518 = ORIENTED_EDGE('',*,*,#4519,.F.);
#4519 = EDGE_CURVE('',#4477,#4432,#4520,.T.);
#4520 = B_SPLINE_CURVE_WITH_KNOTS('',1,(#4521,#4522),.UNSPECIFIED.,.F.,
  .F.,(2,2),(-0.75,-0.),.PIECEWISE_BEZIER_KNOTS.);
#4521 = CARTESIAN_POINT('',(-13.25000000172,1.615364882456E-03,
    1.325039801738E-31));
#4522 = CARTESIAN_POINT('',(-12.50000000173,1.616970612952E-03,
    1.325039801738E-31));
#4523 = ORIENTED_EDGE('',*,*,#4490,.F.);
#4524 = PLANE('',#4525);
#4525 = AXIS2_PLACEMENT_3D('',#4526,#4527,#4528);
#4526 = CARTESIAN_POINT('',(-12.87500000173,1.616167747615E-03,
    0.999999999998));
#4527 = DIRECTION('',(2.140973992985E-06,-0.999999999998,0.));
#4528 = DIRECTION('',(0.,0.,1.));
#4529 = ADVANCED_FACE('',(#4530),#4555,.T.);
#4530 = FACE_BOUND('',#4531,.T.);
#4531 = EDGE_LOOP('',(#4532,#4540,#4541,#4549));
#4532 = ORIENTED_EDGE('',*,*,#4533,.T.);
#4533 = EDGE_CURVE('',#4534,#4040,#4536,.T.);
#4534 = VERTEX_POINT('',#4535);
#4535 = CARTESIAN_POINT('',(-4.,-4.,0.));
#4536 = LINE('',#4537,#4538);
#4537 = CARTESIAN_POINT('',(-4.,-4.,0.));
#4538 = VECTOR('',#4539,1.);
#4539 = DIRECTION('',(0.,0.,1.));
#4540 = ORIENTED_EDGE('',*,*,#4039,.T.);
#4541 = ORIENTED_EDGE('',*,*,#4542,.F.);
#4542 = EDGE_CURVE('',#4543,#4042,#4545,.T.);
#4543 = VERTEX_POINT('',#4544);
#4544 = CARTESIAN_POINT('',(4.,-4.,0.));
#4545 = LINE('',#4546,#4547);
#4546 = CARTESIAN_POINT('',(4.,-4.,0.));
#4547 = VECTOR('',#4548,1.);
#4548 = DIRECTION('',(0.,0.,1.));
#4549 = ORIENTED_EDGE('',*,*,#4550,.F.);
#4550 = EDGE_CURVE('',#4534,#4543,#4551,.T.);
#4551 = LINE('',#4552,#4553);
#4552 = CARTESIAN_POINT('',(-4.,-4.,0.));
#4553 = VECTOR('',#4554,1.);
#4554 = DIRECTION('',(1.,0.,0.));
#4555 = PLANE('',#4556);
#4556 = AXIS2_PLACEMENT_3D('',#4557,#4558,#4559);
#4557 = CARTESIAN_POINT('',(-4.,-4.,0.));
#4558 = DIRECTION('',(0.,1.,0.));
#4559 = DIRECTION('',(1.,0.,0.));
#4560 = ADVANCED_FACE('',(#4561),#4579,.T.);
#4561 = FACE_BOUND('',#4562,.T.);
#4562 = EDGE_LOOP('',(#4563,#4571,#4572,#4573));
#4563 = ORIENTED_EDGE('',*,*,#4564,.T.);
#4564 = EDGE_CURVE('',#4565,#4050,#4567,.T.);
#4565 = VERTEX_POINT('',#4566);
#4566 = CARTESIAN_POINT('',(-4.,4.,0.));
#4567 = LINE('',#4568,#4569);
#4568 = CARTESIAN_POINT('',(-4.,4.,0.));
#4569 = VECTOR('',#4570,1.);
#4570 = DIRECTION('',(0.,0.,1.));
#4571 = ORIENTED_EDGE('',*,*,#4049,.T.);
#4572 = ORIENTED_EDGE('',*,*,#4533,.F.);
#4573 = ORIENTED_EDGE('',*,*,#4574,.F.);
#4574 = EDGE_CURVE('',#4565,#4534,#4575,.T.);
#4575 = LINE('',#4576,#4577);
#4576 = CARTESIAN_POINT('',(-4.,4.,0.));
#4577 = VECTOR('',#4578,1.);
#4578 = DIRECTION('',(0.,-1.,0.));
#4579 = PLANE('',#4580);
#4580 = AXIS2_PLACEMENT_3D('',#4581,#4582,#4583);
#4581 = CARTESIAN_POINT('',(-4.,4.,0.));
#4582 = DIRECTION('',(1.,0.,0.));
#4583 = DIRECTION('',(0.,-1.,0.));
#4584 = ADVANCED_FACE('',(#4585),#4603,.T.);
#4585 = FACE_BOUND('',#4586,.T.);
#4586 = EDGE_LOOP('',(#4587,#4588,#4589,#4597));
#4587 = ORIENTED_EDGE('',*,*,#4542,.T.);
#4588 = ORIENTED_EDGE('',*,*,#4065,.T.);
#4589 = ORIENTED_EDGE('',*,*,#4590,.F.);
#4590 = EDGE_CURVE('',#4591,#4058,#4593,.T.);
#4591 = VERTEX_POINT('',#4592);
#4592 = CARTESIAN_POINT('',(4.,4.,0.));
#4593 = LINE('',#4594,#4595);
#4594 = CARTESIAN_POINT('',(4.,4.,0.));
#4595 = VECTOR('',#4596,1.);
#4596 = DIRECTION('',(0.,0.,1.));
#4597 = ORIENTED_EDGE('',*,*,#4598,.F.);
#4598 = EDGE_CURVE('',#4543,#4591,#4599,.T.);
#4599 = LINE('',#4600,#4601);
#4600 = CARTESIAN_POINT('',(4.,-4.,0.));
#4601 = VECTOR('',#4602,1.);
#4602 = DIRECTION('',(0.,1.,0.));
#4603 = PLANE('',#4604);
#4604 = AXIS2_PLACEMENT_3D('',#4605,#4606,#4607);
#4605 = CARTESIAN_POINT('',(4.,-4.,0.));
#4606 = DIRECTION('',(-1.,0.,0.));
#4607 = DIRECTION('',(0.,1.,0.));
#4608 = ADVANCED_FACE('',(#4609),#4620,.T.);
#4609 = FACE_BOUND('',#4610,.T.);
#4610 = EDGE_LOOP('',(#4611,#4612,#4613,#4614));
#4611 = ORIENTED_EDGE('',*,*,#4590,.T.);
#4612 = ORIENTED_EDGE('',*,*,#4057,.T.);
#4613 = ORIENTED_EDGE('',*,*,#4564,.F.);
#4614 = ORIENTED_EDGE('',*,*,#4615,.F.);
#4615 = EDGE_CURVE('',#4591,#4565,#4616,.T.);
#4616 = LINE('',#4617,#4618);
#4617 = CARTESIAN_POINT('',(4.,4.,0.));
#4618 = VECTOR('',#4619,1.);
#4619 = DIRECTION('',(-1.,0.,0.));
#4620 = PLANE('',#4621);
#4621 = AXIS2_PLACEMENT_3D('',#4622,#4623,#4624);
#4622 = CARTESIAN_POINT('',(4.,4.,0.));
#4623 = DIRECTION('',(0.,-1.,0.));
#4624 = DIRECTION('',(-1.,0.,0.));
#4625 = ADVANCED_FACE('',(#4626,#4638),#4644,.T.);
#4626 = FACE_BOUND('',#4627,.T.);
#4627 = EDGE_LOOP('',(#4628,#4629,#4630,#4631,#4632,#4633,#4634,#4635,
    #4636,#4637));
#4628 = ORIENTED_EDGE('',*,*,#50,.T.);
#4629 = ORIENTED_EDGE('',*,*,#65,.T.);
#4630 = ORIENTED_EDGE('',*,*,#483,.T.);
#4631 = ORIENTED_EDGE('',*,*,#639,.T.);
#4632 = ORIENTED_EDGE('',*,*,#734,.T.);
#4633 = ORIENTED_EDGE('',*,*,#777,.F.);
#4634 = ORIENTED_EDGE('',*,*,#693,.F.);
#4635 = ORIENTED_EDGE('',*,*,#589,.F.);
#4636 = ORIENTED_EDGE('',*,*,#537,.F.);
#4637 = ORIENTED_EDGE('',*,*,#151,.F.);
#4638 = FACE_BOUND('',#4639,.T.);
#4639 = EDGE_LOOP('',(#4640,#4641,#4642,#4643));
#4640 = ORIENTED_EDGE('',*,*,#801,.F.);
#4641 = ORIENTED_EDGE('',*,*,#832,.F.);
#4642 = ORIENTED_EDGE('',*,*,#873,.F.);
#4643 = ORIENTED_EDGE('',*,*,#849,.F.);
#4644 = PLANE('',#4645);
#4645 = AXIS2_PLACEMENT_3D('',#4646,#4647,#4648);
#4646 = CARTESIAN_POINT('',(0.494075863918,5.031394246071E-02,11.));
#4647 = DIRECTION('',(0.,0.,1.));
#4648 = DIRECTION('',(1.,0.,0.));
#4649 = ADVANCED_FACE('',(#4650,#4662),#4668,.T.);
#4650 = FACE_BOUND('',#4651,.T.);
#4651 = EDGE_LOOP('',(#4652,#4653,#4654,#4655,#4656,#4657,#4658,#4659,
    #4660,#4661));
#4652 = ORIENTED_EDGE('',*,*,#4093,.F.);
#4653 = ORIENTED_EDGE('',*,*,#4119,.T.);
#4654 = ORIENTED_EDGE('',*,*,#4223,.T.);
#4655 = ORIENTED_EDGE('',*,*,#4327,.T.);
#4656 = ORIENTED_EDGE('',*,*,#4431,.T.);
#4657 = ORIENTED_EDGE('',*,*,#4519,.F.);
#4658 = ORIENTED_EDGE('',*,*,#4476,.F.);
#4659 = ORIENTED_EDGE('',*,*,#4381,.F.);
#4660 = ORIENTED_EDGE('',*,*,#4277,.F.);
#4661 = ORIENTED_EDGE('',*,*,#4173,.F.);
#4662 = FACE_BOUND('',#4663,.T.);
#4663 = EDGE_LOOP('',(#4664,#4665,#4666,#4667));
#4664 = ORIENTED_EDGE('',*,*,#4550,.T.);
#4665 = ORIENTED_EDGE('',*,*,#4598,.T.);
#4666 = ORIENTED_EDGE('',*,*,#4615,.T.);
#4667 = ORIENTED_EDGE('',*,*,#4574,.T.);
#4668 = PLANE('',#4669);
#4669 = AXIS2_PLACEMENT_3D('',#4670,#4671,#4672);
#4670 = CARTESIAN_POINT('',(-5.031394246069E-02,0.494075863918,
    -1.325755201272E-19));
#4671 = DIRECTION('',(-0.,-0.,-1.));
#4672 = DIRECTION('',(-1.,0.,0.));
#4673 = ( GEOMETRIC_REPRESENTATION_CONTEXT(3) 
GLOBAL_UNCERTAINTY_ASSIGNED_CONTEXT((#4677)) 
GLOBAL_UNIT_ASSIGNED_CONTEXT((#4674,#4675,#4676)) REPRESENTATION_CONTEXT
('Context #1','3D Context with UNIT and UNCERTAINTY') );
#4674 = ( LENGTH_UNIT() NAMED_UNIT(*) SI_UNIT(.MILLI.,.METRE.) );
#4675 = ( NAMED_UNIT(*) PLANE_ANGLE_UNIT() SI_UNIT($,.RADIAN.) );
#4676 = ( NAMED_UNIT(*) SI_UNIT($,.STERADIAN.) SOLID_ANGLE_UNIT() );
#4677 = UNCERTAINTY_MEASURE_WITH_UNIT(LENGTH_MEASURE(2.E-05),#4674,
  'distance_accuracy_value','confusion accuracy');
#4678 = PRODUCT_RELATED_PRODUCT_CATEGORY('part',$,(#7));
#4679 = MECHANICAL_DESIGN_GEOMETRIC_PRESENTATION_REPRESENTATION('',(
    #4680),#4673);
#4680 = STYLED_ITEM('color',(#4681),#15);
#4681 = PRESENTATION_STYLE_ASSIGNMENT((#4682,#4688));
#4682 = SURFACE_STYLE_USAGE(.BOTH.,#4683);
#4683 = SURFACE_SIDE_STYLE('',(#4684));
#4684 = SURFACE_STYLE_FILL_AREA(#4685);
#4685 = FILL_AREA_STYLE('',(#4686));
#4686 = FILL_AREA_STYLE_COLOUR('',#4687);
#4687 = COLOUR_RGB('',0.447058818107,0.474509808674,0.501960817233);
#4688 = CURVE_STYLE('',#4689,POSITIVE_LENGTH_MEASURE(0.1),#4690);
#4689 = DRAUGHTING_PRE_DEFINED_CURVE_FONT('continuous');
#4690 = COLOUR_RGB('',9.803921802644E-02,9.803921802644E-02,
  9.803921802644E-02);
ENDSEC;
END-ISO-10303-21;
