ISO-10303-21;
HEADER;
FILE_DESCRIPTION(('FreeCAD Model'),'2;1');
FILE_NAME('Open CASCADE Shape Model','2026-01-29T16:29:33',(''),(''),
  'Open CASCADE STEP processor 7.8','FreeCAD','Unknown');
FILE_SCHEMA(('AUTOMOTIVE_DESIGN { 1 0 10303 214 1 1 1 1 }'));
ENDSEC;
DATA;
#1 = APPLICATION_PROTOCOL_DEFINITION('international standard',
  'automotive_design',2000,#2);
#2 = APPLICATION_CONTEXT(
  'core data for automotive mechanical design processes');
#3 = SHAPE_DEFINITION_REPRESENTATION(#4,#10);
#4 = PRODUCT_DEFINITION_SHAPE('','',#5);
#5 = PRODUCT_DEFINITION('design','',#6,#9);
#6 = PRODUCT_DEFINITION_FORMATION('','',#7);
#7 = PRODUCT('design6-mechanism','design6-mechanism','',(#8));
#8 = PRODUCT_CONTEXT('',#2,'mechanical');
#9 = PRODUCT_DEFINITION_CONTEXT('part definition',#2,'design');
#10 = SHAPE_REPRESENTATION('',(#11,#15,#19,#23,#27,#31,#35,#39,#43),#47
  );
#11 = AXIS2_PLACEMENT_3D('',#12,#13,#14);
#12 = CARTESIAN_POINT('',(0.,0.,0.));
#13 = DIRECTION('',(0.,0.,1.));
#14 = DIRECTION('',(1.,0.,-0.));
#15 = AXIS2_PLACEMENT_3D('',#16,#17,#18);
#16 = CARTESIAN_POINT('',(-7.283063041541E-14,0.,2.620678100919E-16));
#17 = DIRECTION('',(3.673327315301E-17,-0.,1.));
#18 = DIRECTION('',(1.,0.,-3.673327315301E-17));
#19 = AXIS2_PLACEMENT_3D('',#20,#21,#22);
#20 = CARTESIAN_POINT('',(0.,0.,0.));
#21 = DIRECTION('',(0.,0.,1.));
#22 = DIRECTION('',(1.,0.,0.));
#23 = AXIS2_PLACEMENT_3D('',#24,#25,#26);
#24 = CARTESIAN_POINT('',(9.490000444305E-19,-1.707078922664E-12,
    1.035503934179E-12));
#25 = DIRECTION('',(4.011911795749E-17,5.684341886081E-14,1.));
#26 = DIRECTION('',(1.,-4.658713750018E-15,-4.011911795723E-17));
#27 = AXIS2_PLACEMENT_3D('',#28,#29,#30);
#28 = CARTESIAN_POINT('',(-1.745488322556E-10,-9.582734605829E-11,
    -4.286028500307E-10));
#29 = DIRECTION('',(-3.270421507374E-10,4.909342229304E-12,1.));
#30 = DIRECTION('',(1.,-4.302805277533E-07,3.270421528498E-10));
#31 = AXIS2_PLACEMENT_3D('',#32,#33,#34);
#32 = CARTESIAN_POINT('',(-8.293314197586E-12,-6.83388867707E-10,
    -1.510791158283));
#33 = DIRECTION('',(7.183533013724E-13,9.917547658723E-12,-1.));
#34 = DIRECTION('',(1.,-1.201134089732E-07,7.18352110142E-13));
#35 = AXIS2_PLACEMENT_3D('',#36,#37,#38);
#36 = CARTESIAN_POINT('',(3.673327315311E-17,0.,2.22044604925E-16));
#37 = DIRECTION('',(3.673327315311E-17,0.,1.));
#38 = DIRECTION('',(-1.,0.,3.673327315311E-17));
#39 = AXIS2_PLACEMENT_3D('',#40,#41,#42);
#40 = CARTESIAN_POINT('',(5.551115123126E-17,0.,0.));
#41 = DIRECTION('',(-8.881784197001E-16,0.,1.));
#42 = DIRECTION('',(1.,0.,8.881784197001E-16));
#43 = AXIS2_PLACEMENT_3D('',#44,#45,#46);
#44 = CARTESIAN_POINT('',(-2.911146175912E-15,6.750155989721E-13,
    9.157883048447E-13));
#45 = DIRECTION('',(3.145737694863E-16,-1.417324445629E-30,1.));
#46 = DIRECTION('',(-1.,9.011078374037E-15,3.145737694863E-16));
#47 = ( GEOMETRIC_REPRESENTATION_CONTEXT(3) 
GLOBAL_UNCERTAINTY_ASSIGNED_CONTEXT((#51)) GLOBAL_UNIT_ASSIGNED_CONTEXT(
(#48,#49,#50)) REPRESENTATION_CONTEXT('Context #1',
  '3D Context with UNIT and UNCERTAINTY') );
#48 = ( LENGTH_UNIT() NAMED_UNIT(*) SI_UNIT(.MILLI.,.METRE.) );
#49 = ( NAMED_UNIT(*) PLANE_ANGLE_UNIT() SI_UNIT($,.RADIAN.) );
#50 = ( NAMED_UNIT(*) SI_UNIT($,.STERADIAN.) SOLID_ANGLE_UNIT() );
#51 = UNCERTAINTY_MEASURE_WITH_UNIT(LENGTH_MEASURE(1.E-05),#48,
  'distance_accuracy_value','confusion accuracy');
#52 = PRODUCT_RELATED_PRODUCT_CATEGORY('part',$,(#7));
#53 = SHAPE_DEFINITION_REPRESENTATION(#54,#60);
#54 = PRODUCT_DEFINITION_SHAPE('','',#55);
#55 = PRODUCT_DEFINITION('design','',#56,#59);
#56 = PRODUCT_DEFINITION_FORMATION('','',#57);
#57 = PRODUCT('design6-rotor','design6-rotor','',(#58));
#58 = PRODUCT_CONTEXT('',#2,'mechanical');
#59 = PRODUCT_DEFINITION_CONTEXT('part definition',#2,'design');
#60 = ADVANCED_BREP_SHAPE_REPRESENTATION('',(#11,#61),#5208);
#61 = MANIFOLD_SOLID_BREP('',#62);
#62 = CLOSED_SHELL('',(#63,#108,#185,#209,#840,#860,#1484,#2108,#2117,
    #2298,#2468,#2649,#2819,#3011,#3624,#3794,#3825,#3849,#3873,#3890,
    #4082,#4695,#4865,#4896,#4920,#4944,#4961,#4986,#5013,#5040,#5067,
    #5079,#5106,#5118,#5138,#5147,#5156,#5165,#5174,#5199));
#63 = ADVANCED_FACE('',(#64),#103,.T.);
#64 = FACE_BOUND('',#65,.F.);
#65 = EDGE_LOOP('',(#66,#77,#95,#96));
#66 = ORIENTED_EDGE('',*,*,#67,.F.);
#67 = EDGE_CURVE('',#68,#70,#72,.T.);
#68 = VERTEX_POINT('',#69);
#69 = CARTESIAN_POINT('',(6.702938636593,0.,4.979191457161));
#70 = VERTEX_POINT('',#71);
#71 = CARTESIAN_POINT('',(7.5,0.,4.));
#72 = CIRCLE('',#73,1.);
#73 = AXIS2_PLACEMENT_3D('',#74,#75,#76);
#74 = CARTESIAN_POINT('',(6.5,0.,4.));
#75 = DIRECTION('',(-0.,1.,0.));
#76 = DIRECTION('',(1.,0.,0.));
#77 = ORIENTED_EDGE('',*,*,#78,.F.);
#78 = EDGE_CURVE('',#68,#68,#79,.T.);
#79 = ( BOUNDED_CURVE() B_SPLINE_CURVE(14,(#80,#81,#82,#83,#84,#85,#86,
    #87,#88,#89,#90,#91,#92,#93,#94),.UNSPECIFIED.,.T.,.F.) 
B_SPLINE_CURVE_WITH_KNOTS((15,15),(0.,32.099637061402),
.PIECEWISE_BEZIER_KNOTS.) CURVE() GEOMETRIC_REPRESENTATION_ITEM() 
RATIONAL_B_SPLINE_CURVE((1.,1.,1.,0.999999999999,1.000000000003,
    0.999999999994,1.000000000008,0.99999999999,1.000000000009,
    0.999999999993,1.000000000004,0.999999999998,1.000000000001,1.,1.)) 
REPRESENTATION_ITEM('') );
#80 = CARTESIAN_POINT('',(6.702938636593,0.,4.979191457161));
#81 = CARTESIAN_POINT('',(6.702938636595,2.96475505703,4.979191457161));
#82 = CARTESIAN_POINT('',(5.29097834,5.992620408658,4.979191457162));
#83 = CARTESIAN_POINT('',(2.367489614271,8.294404502257,4.979191457161)
  );
#84 = CARTESIAN_POINT('',(-1.619938665557,9.051121648957,4.979191457164)
  );
#85 = CARTESIAN_POINT('',(-5.750455733859,7.553263980705,4.979191457156)
  );
#86 = CARTESIAN_POINT('',(-8.52136033073,4.587606468779,4.979191457169)
  );
#87 = CARTESIAN_POINT('',(-10.27426140188,6.300203E-11,4.979191457154));
#88 = CARTESIAN_POINT('',(-8.521360330727,-4.587606468887,4.979191457167
    ));
#89 = CARTESIAN_POINT('',(-5.750455733861,-7.553263980636,4.979191457158
    ));
#90 = CARTESIAN_POINT('',(-1.619938665559,-9.051121648992,4.979191457163
    ));
#91 = CARTESIAN_POINT('',(2.367489614274,-8.294404502241,4.979191457161)
  );
#92 = CARTESIAN_POINT('',(5.290978339998,-5.992620408664,4.979191457162)
  );
#93 = CARTESIAN_POINT('',(6.702938636595,-2.964755057028,4.979191457161)
  );
#94 = CARTESIAN_POINT('',(6.702938636593,0.,4.979191457161));
#95 = ORIENTED_EDGE('',*,*,#67,.T.);
#96 = ORIENTED_EDGE('',*,*,#97,.T.);
#97 = EDGE_CURVE('',#70,#70,#98,.T.);
#98 = CIRCLE('',#99,7.5);
#99 = AXIS2_PLACEMENT_3D('',#100,#101,#102);
#100 = CARTESIAN_POINT('',(0.,0.,4.));
#101 = DIRECTION('',(0.,0.,1.));
#102 = DIRECTION('',(1.,0.,0.));
#103 = TOROIDAL_SURFACE('',#104,6.5,1.);
#104 = AXIS2_PLACEMENT_3D('',#105,#106,#107);
#105 = CARTESIAN_POINT('',(0.,0.,4.));
#106 = DIRECTION('',(-0.,-0.,-1.));
#107 = DIRECTION('',(1.,0.,0.));
#108 = ADVANCED_FACE('',(#109),#139,.F.);
#109 = FACE_BOUND('',#110,.F.);
#110 = EDGE_LOOP('',(#111,#119,#137,#138));
#111 = ORIENTED_EDGE('',*,*,#112,.T.);
#112 = EDGE_CURVE('',#68,#113,#115,.T.);
#113 = VERTEX_POINT('',#114);
#114 = CARTESIAN_POINT('',(5.108815909778,0.,6.937574371484));
#115 = ( BOUNDED_CURVE() B_SPLINE_CURVE(2,(#116,#117,#118),
.UNSPECIFIED.,.F.,.F.) B_SPLINE_CURVE_WITH_KNOTS((3,3),(0.,
32.099637061402),.PIECEWISE_BEZIER_KNOTS.) CURVE() 
GEOMETRIC_REPRESENTATION_ITEM() RATIONAL_B_SPLINE_CURVE((1.,
0.775544530183,1.)) REPRESENTATION_ITEM('') );
#116 = CARTESIAN_POINT('',(6.702938636593,0.,4.979191457161));
#117 = CARTESIAN_POINT('',(5.108815909778,6.9E-16,5.309575357445));
#118 = CARTESIAN_POINT('',(5.108815909778,0.,6.937574371484));
#119 = ORIENTED_EDGE('',*,*,#120,.T.);
#120 = EDGE_CURVE('',#113,#113,#121,.T.);
#121 = ( BOUNDED_CURVE() B_SPLINE_CURVE(14,(#122,#123,#124,#125,#126,
    #127,#128,#129,#130,#131,#132,#133,#134,#135,#136),.UNSPECIFIED.,.T.
,.F.) B_SPLINE_CURVE_WITH_KNOTS((15,15),(0.,32.099637061402),
.PIECEWISE_BEZIER_KNOTS.) CURVE() GEOMETRIC_REPRESENTATION_ITEM() 
RATIONAL_B_SPLINE_CURVE((1.,1.,1.,0.999999999999,1.000000000003,
    0.999999999994,1.000000000008,0.99999999999,1.000000000009,
    0.999999999993,1.000000000004,0.999999999998,1.000000000001,1.,1.)) 
REPRESENTATION_ITEM('') );
#122 = CARTESIAN_POINT('',(5.108815909778,0.,6.937574371484));
#123 = CARTESIAN_POINT('',(5.10881590978,2.259663801972,6.937574371484)
  );
#124 = CARTESIAN_POINT('',(4.032654300923,4.567428727138,6.937574371484)
  );
#125 = CARTESIAN_POINT('',(1.804442687511,6.321792273604,6.937574371484)
  );
#126 = CARTESIAN_POINT('',(-1.234677635614,6.898543577459,6.937574371487
    ));
#127 = CARTESIAN_POINT('',(-4.382856734084,5.756913092508,6.937574371479
    ));
#128 = CARTESIAN_POINT('',(-6.494772455923,3.496561461524,6.937574371491
    ));
#129 = CARTESIAN_POINT('',(-7.830790785483,1.549515E-11,6.93757437148));
#130 = CARTESIAN_POINT('',(-6.494772455914,-3.496561461548,
    6.937574371484));
#131 = CARTESIAN_POINT('',(-4.382856734092,-5.756913092497,
    6.937574371487));
#132 = CARTESIAN_POINT('',(-1.234677635611,-6.898543577462,
    6.937574371481));
#133 = CARTESIAN_POINT('',(1.804442687512,-6.321792273602,6.937574371486
    ));
#134 = CARTESIAN_POINT('',(4.032654300922,-4.567428727139,6.937574371484
    ));
#135 = CARTESIAN_POINT('',(5.10881590978,-2.259663801972,6.937574371484)
  );
#136 = CARTESIAN_POINT('',(5.108815909778,-1.25E-15,6.937574371484));
#137 = ORIENTED_EDGE('',*,*,#112,.F.);
#138 = ORIENTED_EDGE('',*,*,#78,.F.);
#139 = ( BOUNDED_SURFACE() B_SPLINE_SURFACE(2,14,(
    (#140,#141,#142,#143,#144,#145,#146,#147,#148,#149,#150,#151,#152
      ,#153,#154)
    ,(#155,#156,#157,#158,#159,#160,#161,#162,#163,#164,#165,#166,#167
      ,#168,#169)
    ,(#170,#171,#172,#173,#174,#175,#176,#177,#178,#179,#180,#181,#182
      ,#183,#184
)),.UNSPECIFIED.,.F.,.T.,.F.) B_SPLINE_SURFACE_WITH_KNOTS((3,3),(15,15),
  (0.,32.099637061402),(0.,32.099637061402),.PIECEWISE_BEZIER_KNOTS.) 
GEOMETRIC_REPRESENTATION_ITEM() RATIONAL_B_SPLINE_SURFACE((
    (1.,1.,1.,0.999999999999,1.000000000003,0.999999999994
      ,1.000000000008,0.99999999999,1.000000000009,0.999999999993
      ,1.000000000004,0.999999999998,1.000000000001,1.,1.)
    ,(0.775544530183,0.775544530183,0.775544530182,0.775544530184
      ,0.775544530179,0.77554453019,0.775544530173,0.775544530192
      ,0.775544530176,0.775544530186,0.775544530181,0.775544530183
      ,0.775544530183,0.775544530183,0.775544530183)
    ,(1.,1.,1.,0.999999999999,1.000000000003,0.999999999994
      ,1.000000000008,0.99999999999,1.000000000009,0.999999999993
      ,1.000000000004,0.999999999998,1.000000000001,1.,1.
))) REPRESENTATION_ITEM('') SURFACE() );
#140 = CARTESIAN_POINT('',(6.702938636593,0.,4.979191457161));
#141 = CARTESIAN_POINT('',(6.702938636595,2.96475505703,4.979191457161)
  );
#142 = CARTESIAN_POINT('',(5.29097834,5.992620408658,4.979191457162));
#143 = CARTESIAN_POINT('',(2.367489614271,8.294404502257,4.979191457161)
  );
#144 = CARTESIAN_POINT('',(-1.619938665557,9.051121648957,4.979191457164
    ));
#145 = CARTESIAN_POINT('',(-5.750455733859,7.553263980705,4.979191457156
    ));
#146 = CARTESIAN_POINT('',(-8.52136033073,4.587606468779,4.979191457169)
  );
#147 = CARTESIAN_POINT('',(-10.27426140188,6.300203E-11,4.979191457154)
  );
#148 = CARTESIAN_POINT('',(-8.521360330727,-4.587606468887,
    4.979191457167));
#149 = CARTESIAN_POINT('',(-5.750455733861,-7.553263980636,
    4.979191457158));
#150 = CARTESIAN_POINT('',(-1.619938665559,-9.051121648992,
    4.979191457163));
#151 = CARTESIAN_POINT('',(2.367489614274,-8.294404502241,4.979191457161
    ));
#152 = CARTESIAN_POINT('',(5.290978339998,-5.992620408664,4.979191457162
    ));
#153 = CARTESIAN_POINT('',(6.702938636595,-2.964755057028,4.979191457161
    ));
#154 = CARTESIAN_POINT('',(6.702938636593,0.,4.979191457161));
#155 = CARTESIAN_POINT('',(5.108815909778,6.9E-16,5.309575357445));
#156 = CARTESIAN_POINT('',(5.108815909779,2.259663801972,5.309575357445)
  );
#157 = CARTESIAN_POINT('',(4.032654300926,4.567428727141,5.309575357444)
  );
#158 = CARTESIAN_POINT('',(1.804442687507,6.321792273588,5.309575357447)
  );
#159 = CARTESIAN_POINT('',(-1.234677635621,6.8985435775,5.309575357436)
  );
#160 = CARTESIAN_POINT('',(-4.382856734029,5.756913092451,5.309575357464
    ));
#161 = CARTESIAN_POINT('',(-6.494772456044,3.496561461555,5.309575357418
    ));
#162 = CARTESIAN_POINT('',(-7.830790785317,5.897816E-11,5.30957535747));
#163 = CARTESIAN_POINT('',(-6.494772456041,-3.496561461644,
    5.309575357429));
#164 = CARTESIAN_POINT('',(-4.382856734022,-5.756913092408,
    5.309575357452));
#165 = CARTESIAN_POINT('',(-1.234677635635,-6.898543577518,
    5.309575357443));
#166 = CARTESIAN_POINT('',(1.804442687515,-6.321792273579,5.309575357445
    ));
#167 = CARTESIAN_POINT('',(4.032654300923,-4.567428727145,5.309575357445
    ));
#168 = CARTESIAN_POINT('',(5.108815909779,-2.259663801971,5.309575357445
    ));
#169 = CARTESIAN_POINT('',(5.108815909778,-1.6E-15,5.309575357445));
#170 = CARTESIAN_POINT('',(5.108815909778,0.,6.937574371484));
#171 = CARTESIAN_POINT('',(5.10881590978,2.259663801972,6.937574371484)
  );
#172 = CARTESIAN_POINT('',(4.032654300923,4.567428727138,6.937574371484)
  );
#173 = CARTESIAN_POINT('',(1.804442687511,6.321792273604,6.937574371484)
  );
#174 = CARTESIAN_POINT('',(-1.234677635614,6.898543577459,6.937574371487
    ));
#175 = CARTESIAN_POINT('',(-4.382856734084,5.756913092508,6.937574371479
    ));
#176 = CARTESIAN_POINT('',(-6.494772455923,3.496561461524,6.937574371491
    ));
#177 = CARTESIAN_POINT('',(-7.830790785483,1.549515E-11,6.93757437148));
#178 = CARTESIAN_POINT('',(-6.494772455914,-3.496561461548,
    6.937574371484));
#179 = CARTESIAN_POINT('',(-4.382856734092,-5.756913092497,
    6.937574371487));
#180 = CARTESIAN_POINT('',(-1.234677635611,-6.898543577462,
    6.937574371481));
#181 = CARTESIAN_POINT('',(1.804442687512,-6.321792273602,6.937574371486
    ));
#182 = CARTESIAN_POINT('',(4.032654300922,-4.567428727139,6.937574371484
    ));
#183 = CARTESIAN_POINT('',(5.10881590978,-2.259663801972,6.937574371484)
  );
#184 = CARTESIAN_POINT('',(5.108815909778,-1.25E-15,6.937574371484));
#185 = ADVANCED_FACE('',(#186),#204,.T.);
#186 = FACE_BOUND('',#187,.F.);
#187 = EDGE_LOOP('',(#188,#195,#202,#203));
#188 = ORIENTED_EDGE('',*,*,#189,.T.);
#189 = EDGE_CURVE('',#70,#190,#192,.T.);
#190 = VERTEX_POINT('',#191);
#191 = CARTESIAN_POINT('',(7.5,0.,0.));
#192 = B_SPLINE_CURVE_WITH_KNOTS('',1,(#193,#194),.UNSPECIFIED.,.F.,.F.,
  (2,2),(-5.,0.),.PIECEWISE_BEZIER_KNOTS.);
#193 = CARTESIAN_POINT('',(7.5,0.,5.));
#194 = CARTESIAN_POINT('',(7.5,0.,0.));
#195 = ORIENTED_EDGE('',*,*,#196,.F.);
#196 = EDGE_CURVE('',#190,#190,#197,.T.);
#197 = CIRCLE('',#198,7.5);
#198 = AXIS2_PLACEMENT_3D('',#199,#200,#201);
#199 = CARTESIAN_POINT('',(0.,0.,0.));
#200 = DIRECTION('',(0.,0.,1.));
#201 = DIRECTION('',(1.,0.,0.));
#202 = ORIENTED_EDGE('',*,*,#189,.F.);
#203 = ORIENTED_EDGE('',*,*,#97,.T.);
#204 = CYLINDRICAL_SURFACE('',#205,7.5);
#205 = AXIS2_PLACEMENT_3D('',#206,#207,#208);
#206 = CARTESIAN_POINT('',(0.,0.,0.));
#207 = DIRECTION('',(-0.,-0.,-1.));
#208 = DIRECTION('',(1.,0.,0.));
#209 = ADVANCED_FACE('',(#210,#501,#632,#668,#799),#835,.T.);
#210 = FACE_BOUND('',#211,.F.);
#211 = EDGE_LOOP('',(#212,#220,#221,#222,#247,#272,#280,#305,#330,#338,
    #345,#346,#423,#424));
#212 = ORIENTED_EDGE('',*,*,#213,.F.);
#213 = EDGE_CURVE('',#113,#214,#216,.T.);
#214 = VERTEX_POINT('',#215);
#215 = CARTESIAN_POINT('',(5.108815909778,-1.E-15,14.2));
#216 = LINE('',#217,#218);
#217 = CARTESIAN_POINT('',(5.108815909778,0.,5.));
#218 = VECTOR('',#219,1.);
#219 = DIRECTION('',(0.,0.,1.));
#220 = ORIENTED_EDGE('',*,*,#120,.F.);
#221 = ORIENTED_EDGE('',*,*,#213,.T.);
#222 = ORIENTED_EDGE('',*,*,#223,.T.);
#223 = EDGE_CURVE('',#214,#224,#226,.T.);
#224 = VERTEX_POINT('',#225);
#225 = CARTESIAN_POINT('',(3.159962477875,4.014304066513,17.9));
#226 = ( BOUNDED_CURVE() B_SPLINE_CURVE(7,(#227,#228,#229,#230,#231,#232
    ,#233,#234,#235,#236,#237,#238,#239,#240,#241,#242,#243,#244,#245,
#246),.UNSPECIFIED.,.F.,.F.) B_SPLINE_CURVE_WITH_KNOTS((8,6,6,8),(
    10.703664489478,11.852994506996,13.826729382933,16.058737202627),
.UNSPECIFIED.) CURVE() GEOMETRIC_REPRESENTATION_ITEM() 
RATIONAL_B_SPLINE_CURVE((1.031393471788,1.031393471787,1.031622359125,
    1.032077231834,1.032745276717,1.03360603611,1.034633674649,
    1.037800872065,1.040212073412,1.042969913987,1.045984069373,
    1.049230523177,1.052705527918,1.06047909142,1.064831343392,
    1.069301806095,1.073771670093,1.077985304286,1.080015926118,
1.080016620298)) REPRESENTATION_ITEM('') );
#227 = CARTESIAN_POINT('',(5.108815909778,0.,14.2));
#228 = CARTESIAN_POINT('',(5.108815909784,0.221240228964,14.199999999995
    ));
#229 = CARTESIAN_POINT('',(5.09762611775,0.441868863017,14.213118436993)
  );
#230 = CARTESIAN_POINT('',(5.075411249257,0.659041889664,14.239150844322
    ));
#231 = CARTESIAN_POINT('',(5.042916866819,0.870586091322,14.277348351115
    ));
#232 = CARTESIAN_POINT('',(5.001331446153,1.074808681207,14.326529641922
    ));
#233 = CARTESIAN_POINT('',(4.952147069,1.270302074626,14.385194486917));
#234 = CARTESIAN_POINT('',(4.802640305562,1.773232032406,14.565390934177
    ));
#235 = CARTESIAN_POINT('',(4.690647485472,2.06222279522,14.702196614424)
  );
#236 = CARTESIAN_POINT('',(4.565504335744,2.327869957104,14.858103568119
    ));
#237 = CARTESIAN_POINT('',(4.432328260429,2.567679298687,15.028786968235
    ));
#238 = CARTESIAN_POINT('',(4.293459511037,2.787440007866,15.213206992428
    ));
#239 = CARTESIAN_POINT('',(4.15023837513,2.988275925106,15.412566767487)
  );
#240 = CARTESIAN_POINT('',(3.843326123327,3.375979089658,15.871970059858
    ));
#241 = CARTESIAN_POINT('',(3.679295032064,3.558015072866,16.135994717778
    ));
#242 = CARTESIAN_POINT('',(3.517959998385,3.717271313304,16.426494412481
    ));
#243 = CARTESIAN_POINT('',(3.36553297446,3.853480700679,16.741533761728)
  );
#244 = CARTESIAN_POINT('',(3.226730922767,3.961581684073,17.108771126682
    ));
#245 = CARTESIAN_POINT('',(3.159980302935,4.014290035059,17.505104880321
    ));
#246 = CARTESIAN_POINT('',(3.159962477875,4.014304066513,17.9));
#247 = ORIENTED_EDGE('',*,*,#248,.T.);
#248 = EDGE_CURVE('',#224,#249,#251,.T.);
#249 = VERTEX_POINT('',#250);
#250 = CARTESIAN_POINT('',(5.108815909778,-1.E-15,21.6));
#251 = ( BOUNDED_CURVE() B_SPLINE_CURVE(7,(#252,#253,#254,#255,#256,#257
    ,#258,#259,#260,#261,#262,#263,#264,#265,#266,#267,#268,#269,#270,
#271),.UNSPECIFIED.,.F.,.F.) B_SPLINE_CURVE_WITH_KNOTS((8,6,6,8),(
    16.058737202627,18.290140561452,20.259544149868,21.413471035286),
.UNSPECIFIED.) CURVE() GEOMETRIC_REPRESENTATION_ITEM() 
RATIONAL_B_SPLINE_CURVE((1.080016620298,1.08001731429,1.077983744964,
    1.073785862926,1.06928985614,1.064838136078,1.06048643783,
    1.052719772471,1.049250277972,1.046015042277,1.042998518009,
    1.040248858196,1.037837299316,1.034659704342,1.033623769131,
    1.032756643982,1.032083951619,1.031625309469,1.031393471788,
1.031393471788)) REPRESENTATION_ITEM('') );
#252 = CARTESIAN_POINT('',(3.159962477875,4.014304066513,17.9));
#253 = CARTESIAN_POINT('',(3.159944662569,4.014318090289,18.294536056384
    ));
#254 = CARTESIAN_POINT('',(3.226756816837,3.96153696438,18.69135128269)
  );
#255 = CARTESIAN_POINT('',(3.365035340719,3.85395315353,19.057286245107)
  );
#256 = CARTESIAN_POINT('',(3.518369759366,3.716886093729,19.374441300705
    ));
#257 = CARTESIAN_POINT('',(3.679058854062,3.558214486334,19.663474539678
    ));
#258 = CARTESIAN_POINT('',(3.843065774158,3.376270353141,19.927611748729
    ));
#259 = CARTESIAN_POINT('',(4.149656135168,2.989044818059,20.386585982609
    ));
#260 = CARTESIAN_POINT('',(4.292614542172,2.788641270703,20.585624975367
    ));
#261 = CARTESIAN_POINT('',(4.431057549852,2.569755326002,20.769535364338
    ));
#262 = CARTESIAN_POINT('',(4.56419608928,2.330221127199,20.940224309588)
  );
#263 = CARTESIAN_POINT('',(4.68898128689,2.065786585002,21.095726211011)
  );
#264 = CARTESIAN_POINT('',(4.800946025696,1.777627651719,21.232540023901
    ));
#265 = CARTESIAN_POINT('',(4.950902592314,1.275236982112,21.413320987021
    ));
#266 = CARTESIAN_POINT('',(5.000472523371,1.079124939686,21.472453936309
    ));
#267 = CARTESIAN_POINT('',(5.042360716245,0.874123310141,21.521997402772
    ));
#268 = CARTESIAN_POINT('',(5.075081716507,0.661843509148,21.560462615608
    ));
#269 = CARTESIAN_POINT('',(5.097482272863,0.444121936124,21.586712805212
    ));
#270 = CARTESIAN_POINT('',(5.108815909778,0.222883124632,21.6));
#271 = CARTESIAN_POINT('',(5.108815909778,0.,21.6));
#272 = ORIENTED_EDGE('',*,*,#273,.T.);
#273 = EDGE_CURVE('',#249,#274,#276,.T.);
#274 = VERTEX_POINT('',#275);
#275 = CARTESIAN_POINT('',(5.108815909778,0.,21.8));
#276 = LINE('',#277,#278);
#277 = CARTESIAN_POINT('',(5.108815909778,0.,5.));
#278 = VECTOR('',#279,1.);
#279 = DIRECTION('',(0.,0.,1.));
#280 = ORIENTED_EDGE('',*,*,#281,.T.);
#281 = EDGE_CURVE('',#274,#282,#284,.T.);
#282 = VERTEX_POINT('',#283);
#283 = CARTESIAN_POINT('',(3.159962477878,4.014304066511,25.5));
#284 = ( BOUNDED_CURVE() B_SPLINE_CURVE(7,(#285,#286,#287,#288,#289,#290
    ,#291,#292,#293,#294,#295,#296,#297,#298,#299,#300,#301,#302,#303,
#304),.UNSPECIFIED.,.F.,.F.) B_SPLINE_CURVE_WITH_KNOTS((8,6,6,8),(
    -3.2E-16,1.148992572577,3.122148032049,5.353500553427),
.UNSPECIFIED.) CURVE() GEOMETRIC_REPRESENTATION_ITEM() 
RATIONAL_B_SPLINE_CURVE((1.031393471788,1.031393471788,1.031623618933,
    1.032078076951,1.032745180968,1.033605852418,1.034633674649,
    1.037800872141,1.040212073572,1.04296991439,1.045984069818,
    1.049230523473,1.052705528109,1.060479091224,1.064831343869,
    1.06930180092,1.073771676665,1.077985301682,1.080015925975,
1.080016620298)) REPRESENTATION_ITEM('') );
#285 = CARTESIAN_POINT('',(5.108815909778,0.,21.8));
#286 = CARTESIAN_POINT('',(5.108815909778,0.221832122614,21.8));
#287 = CARTESIAN_POINT('',(5.097567153368,0.442634054538,21.813184592345
    ));
#288 = CARTESIAN_POINT('',(5.075368282459,0.658671103471,21.839203813239
    ));
#289 = CARTESIAN_POINT('',(5.042912882052,0.870868341988,21.877356758813
    ));
#290 = CARTESIAN_POINT('',(5.001341052319,1.074737457219,21.926515472961
    ));
#291 = CARTESIAN_POINT('',(4.952147068998,1.270302074631,21.985194486919
    ));
#292 = CARTESIAN_POINT('',(4.802640301987,1.773232044431,22.165390938485
    ));
#293 = CARTESIAN_POINT('',(4.690647477779,2.062222815551,22.302196624053
    ));
#294 = CARTESIAN_POINT('',(4.565504318086,2.327869996031,22.45810358918)
  );
#295 = CARTESIAN_POINT('',(4.432328240543,2.567679328104,22.62878699527)
  );
#296 = CARTESIAN_POINT('',(4.293459499191,2.787440025198,22.813207008582
    ));
#297 = CARTESIAN_POINT('',(4.150238367185,2.988275935415,23.012566779002
    ));
#298 = CARTESIAN_POINT('',(3.843326131819,3.375979078624,23.471970048151
    ));
#299 = CARTESIAN_POINT('',(3.679295032822,3.558015061692,23.735994780963
    ));
#300 = CARTESIAN_POINT('',(3.517960135958,3.717271203233,24.026493983301
    ));
#301 = CARTESIAN_POINT('',(3.365532789623,3.853480856482,24.34153425638)
  );
#302 = CARTESIAN_POINT('',(3.226731000893,3.961581617928,24.708771007033
    ));
#303 = CARTESIAN_POINT('',(3.159980306832,4.014290031992,25.105104777275
    ));
#304 = CARTESIAN_POINT('',(3.159962477878,4.014304066511,25.5));
#305 = ORIENTED_EDGE('',*,*,#306,.T.);
#306 = EDGE_CURVE('',#282,#307,#309,.T.);
#307 = VERTEX_POINT('',#308);
#308 = CARTESIAN_POINT('',(5.108815909778,0.,29.2));
#309 = ( BOUNDED_CURVE() B_SPLINE_CURVE(7,(#310,#311,#312,#313,#314,#315
    ,#316,#317,#318,#319,#320,#321,#322,#323,#324,#325,#326,#327,#328,
#329),.UNSPECIFIED.,.F.,.F.) B_SPLINE_CURVE_WITH_KNOTS((8,6,6,8),(
    5.353500553427,7.584248771599,9.553074211168,10.70666230282),
.UNSPECIFIED.) CURVE() GEOMETRIC_REPRESENTATION_ITEM() 
RATIONAL_B_SPLINE_CURVE((1.080016620298,1.080017314433,1.0779837417,
    1.073785872208,1.069289846073,1.064838138794,1.060486438694,
    1.052719772226,1.049250277187,1.04601504489,1.042998516767,
    1.040248859325,1.037837299387,1.034659704342,1.033624193227,
    1.032756519639,1.03208293956,1.031624254039,1.031393471788,
1.031393471788)) REPRESENTATION_ITEM('') );
#310 = CARTESIAN_POINT('',(3.159962477877,4.014304066511,25.5));
#311 = CARTESIAN_POINT('',(3.159944658678,4.014318093351,25.894536099436
    ));
#312 = CARTESIAN_POINT('',(3.226756903977,3.961536883722,26.291351481642
    ));
#313 = CARTESIAN_POINT('',(3.365035089939,3.853953388438,26.657285609221
    ));
#314 = CARTESIAN_POINT('',(3.518370035045,3.716885836166,26.974441983878
    ));
#315 = CARTESIAN_POINT('',(3.679058779184,3.558214549235,27.263474334129
    ));
#316 = CARTESIAN_POINT('',(3.843065749288,3.376270383085,27.527611709898
    ));
#317 = CARTESIAN_POINT('',(4.149656141581,2.989044811264,27.986585993372
    ));
#318 = CARTESIAN_POINT('',(4.292614566345,2.788641225467,28.185625005861
    ));
#319 = CARTESIAN_POINT('',(4.431057461221,2.569755479859,28.369535244989
    ));
#320 = CARTESIAN_POINT('',(4.564196128403,2.330221043661,28.540224364376
    ));
#321 = CARTESIAN_POINT('',(4.68898123953,2.065786701274,28.695726150548)
  );
#322 = CARTESIAN_POINT('',(4.80094602237,1.777627662862,28.832540019891)
  );
#323 = CARTESIAN_POINT('',(4.950902592314,1.275236982112,29.013320987021
    ));
#324 = CARTESIAN_POINT('',(5.00045523849,1.079105900292,29.072434147419)
  );
#325 = CARTESIAN_POINT('',(5.042370541206,0.874141137254,29.122009526649
    ));
#326 = CARTESIAN_POINT('',(5.075132601568,0.661768201507,29.160522626746
    ));
#327 = CARTESIAN_POINT('',(5.09753339338,0.443705851795,29.1867727953));
#328 = CARTESIAN_POINT('',(5.108815909772,0.222157903033,29.199999999995
    ));
#329 = CARTESIAN_POINT('',(5.108815909778,0.,29.2));
#330 = ORIENTED_EDGE('',*,*,#331,.T.);
#331 = EDGE_CURVE('',#307,#332,#334,.T.);
#332 = VERTEX_POINT('',#333);
#333 = CARTESIAN_POINT('',(5.108815909778,0.,29.8));
#334 = LINE('',#335,#336);
#335 = CARTESIAN_POINT('',(5.108815909778,0.,5.));
#336 = VECTOR('',#337,1.);
#337 = DIRECTION('',(0.,0.,1.));
#338 = ORIENTED_EDGE('',*,*,#339,.T.);
#339 = EDGE_CURVE('',#332,#332,#340,.T.);
#340 = CIRCLE('',#341,5.108815909778);
#341 = AXIS2_PLACEMENT_3D('',#342,#343,#344);
#342 = CARTESIAN_POINT('',(0.,0.,29.8));
#343 = DIRECTION('',(0.,0.,1.));
#344 = DIRECTION('',(1.,0.,0.));
#345 = ORIENTED_EDGE('',*,*,#331,.F.);
#346 = ORIENTED_EDGE('',*,*,#347,.T.);
#347 = EDGE_CURVE('',#307,#274,#348,.T.);
#348 = ( BOUNDED_CURVE() B_SPLINE_CURVE(13,(#349,#350,#351,#352,#353,
    #354,#355,#356,#357,#358,#359,#360,#361,#362,#363,#364,#365,#366,
    #367,#368,#369,#370,#371,#372,#373,#374,#375,#376,#377,#378,#379,
    #380,#381,#382,#383,#384,#385,#386,#387,#388,#389,#390,#391,#392,
    #393,#394,#395,#396,#397,#398,#399,#400,#401,#402,#403,#404,#405,
    #406,#407,#408,#409,#410,#411,#412,#413,#414,#415,#416,#417,#418,
    #419,#420,#421,#422),.UNSPECIFIED.,.F.,.F.) 
B_SPLINE_CURVE_WITH_KNOTS((14,12,12,12,12,12,14),(10.70666230282,
    11.855485236254,13.82834937564,16.059321359918,18.289791322762,
19.705224810793,21.413471035337),.UNSPECIFIED.) CURVE() 
GEOMETRIC_REPRESENTATION_ITEM() RATIONAL_B_SPLINE_CURVE((1.031393471788,
    1.031393471787,1.031455095302,1.031577987192,1.031761307166,
    1.032003766727,1.032303666231,1.032658931769,1.033067152283,
    1.033525616419,1.034031349629,1.034581151077,1.035171630671,
    1.036877044706,1.038065113658,1.039355750944,1.040739913884,
    1.042208747995,1.043754545698,1.04537120164,1.0470542302,
    1.048800412388,1.050607137529,1.052471506849,1.054389264697,
    1.058574978575,1.060857387255,1.063187565014,1.065551724456,
    1.067933511712,1.070306200227,1.072623041168,1.074809672541,
    1.076762484493,1.078356843579,1.079469073554,1.080016094657,
    1.080017145553,1.079469977842,1.078359141397,1.076766439396,
    1.074813994515,1.072626192213,1.070307745757,1.067934601716,
    1.065554405254,1.063193243819,1.060865388567,1.058582752237,
    1.054950743379,1.05356468014,1.052205074574,1.050873887519,
    1.049572685481,1.048302767614,1.047065291894,1.045861402387,
    1.044692355273,1.043559646061,1.042465135844,1.041411178205,
    1.039181283707,1.038022209062,1.036958227566,1.0358466715,
    1.035152435726,1.033949876634,1.033513859268,1.032659080394,
    1.032229730207,1.031795463723,1.031530982526,1.031393471787,
1.031393471788)) REPRESENTATION_ITEM('') );
#349 = CARTESIAN_POINT('',(5.108815909778,-1.25E-15,29.2));
#350 = CARTESIAN_POINT('',(5.108815909781,-0.119129353993,
    29.200000000002));
#351 = CARTESIAN_POINT('',(5.105802784928,-0.238106222294,
    29.196467540379));
#352 = CARTESIAN_POINT('',(5.099795967856,-0.356578915711,
    29.189426794148));
#353 = CARTESIAN_POINT('',(5.090843738273,-0.47422836859,29.178929062919
    ));
#354 = CARTESIAN_POINT('',(5.079020966864,-0.590765274919,
    29.165050943071));
#355 = CARTESIAN_POINT('',(5.064426821772,-0.705927164272,
    29.147892452242));
#356 = CARTESIAN_POINT('',(5.047182444604,-0.819475418668,
    29.127575122969));
#357 = CARTESIAN_POINT('',(5.027428603828,-0.931192232963,
    29.104240071196));
#358 = CARTESIAN_POINT('',(5.005323332761,-1.040877521982,
    29.078046046748));
#359 = CARTESIAN_POINT('',(4.981039560217,-1.148345778519,
    29.049167473829));
#360 = CARTESIAN_POINT('',(4.95476274059,-1.253422886532,29.01779248828)
  );
#361 = CARTESIAN_POINT('',(4.926688490615,-1.355942894196,
    28.984120979008));
#362 = CARTESIAN_POINT('',(4.846154993681,-1.626851763344,
    28.887056139269));
#363 = CARTESIAN_POINT('',(4.790536397024,-1.7902761928,28.819528522094)
  );
#364 = CARTESIAN_POINT('',(4.730716516854,-1.946639913482,
    28.746269903065));
#365 = CARTESIAN_POINT('',(4.667280357804,-2.096190821301,
    28.667789919982));
#366 = CARTESIAN_POINT('',(4.60078834979,-2.239065848643,28.584556352952
    ));
#367 = CARTESIAN_POINT('',(4.531740992316,-2.375433330918,28.49695392301
    ));
#368 = CARTESIAN_POINT('',(4.460562871278,-2.505542967545,
    28.405260440449));
#369 = CARTESIAN_POINT('',(4.387603213936,-2.629711397026,
    28.309637416149));
#370 = CARTESIAN_POINT('',(4.313150146452,-2.748271073928,28.2101322404)
  );
#371 = CARTESIAN_POINT('',(4.23745585121,-2.861509735352,28.106689062715
    ));
#372 = CARTESIAN_POINT('',(4.160769875245,-2.969627302892,
    27.999165552036));
#373 = CARTESIAN_POINT('',(4.083377907607,-3.072736596633,
    27.887352773992));
#374 = CARTESIAN_POINT('',(3.918086596213,-3.281538832543,
    27.639935564555));
#375 = CARTESIAN_POINT('',(3.83008486864,-3.385903182235,27.503212114094
    ));
#376 = CARTESIAN_POINT('',(3.742186395613,-3.484054038651,27.36017115879
    ));
#377 = CARTESIAN_POINT('',(3.655026117226,-3.575996532213,
    27.210522125614));
#378 = CARTESIAN_POINT('',(3.569271412772,-3.66164210575,27.053729111483
    ));
#379 = CARTESIAN_POINT('',(3.485810497525,-3.740682631241,
    26.888894784499));
#380 = CARTESIAN_POINT('',(3.406040483069,-3.812462887954,
    26.714979886932));
#381 = CARTESIAN_POINT('',(3.332117902292,-3.875899856354,
    26.531207681031));
#382 = CARTESIAN_POINT('',(3.26704076138,-3.929493651974,26.337510729991
    ));
#383 = CARTESIAN_POINT('',(3.214436615979,-3.97147249049,26.134887800009
    ));
#384 = CARTESIAN_POINT('',(3.177932676171,-4.000114317334,
    25.925550790618));
#385 = CARTESIAN_POINT('',(3.159977051436,-4.01429259456,25.712752350953
    ));
#386 = CARTESIAN_POINT('',(3.15994791971,-4.014315526346,25.287673968046
    ));
#387 = CARTESIAN_POINT('',(3.177902024357,-4.000131643824,
    25.074764471563));
#388 = CARTESIAN_POINT('',(3.214350130711,-3.971540020829,
    24.865444336698));
#389 = CARTESIAN_POINT('',(3.266892710806,-3.929621379483,
    24.662889491277));
#390 = CARTESIAN_POINT('',(3.331956828764,-3.876043735092,
    24.469186431751));
#391 = CARTESIAN_POINT('',(3.405922538878,-3.812568986202,24.28530083635
    ));
#392 = CARTESIAN_POINT('',(3.485751878032,-3.740733948816,
    24.111239313403));
#393 = CARTESIAN_POINT('',(3.569231185104,-3.661677423849,
    23.946342884521));
#394 = CARTESIAN_POINT('',(3.654930219699,-3.576089981825,
    23.789641570021));
#395 = CARTESIAN_POINT('',(3.74198216154,-3.484264138815,23.640189282308
    ));
#396 = CARTESIAN_POINT('',(3.829793089739,-3.386221031222,
    23.497289583854));
#397 = CARTESIAN_POINT('',(3.917794983357,-3.281886963304,
    23.360516286659));
#398 = CARTESIAN_POINT('',(4.061121463288,-3.100864617462,
    23.145953973577));
#399 = CARTESIAN_POINT('',(4.116708260648,-3.027896047018,
    23.064811303993));
#400 = CARTESIAN_POINT('',(4.171990195496,-2.952370827265,
    22.985909040585));
#401 = CARTESIAN_POINT('',(4.226849464404,-2.87425145504,22.909171879803
    ));
#402 = CARTESIAN_POINT('',(4.281177963622,-2.793479593057,
    22.834541440123));
#403 = CARTESIAN_POINT('',(4.334873124972,-2.709979382569,
    22.761977818761));
#404 = CARTESIAN_POINT('',(4.387833679252,-2.623660837808,
    22.691461216666));
#405 = CARTESIAN_POINT('',(4.439955349918,-2.534423328035,
    22.622993624901));
#406 = CARTESIAN_POINT('',(4.491126480555,-2.442159152785,
    22.556600565604));
#407 = CARTESIAN_POINT('',(4.541223600974,-2.346757216978,
    22.492332880831));
#408 = CARTESIAN_POINT('',(4.5901069379,-2.248106812106,22.430268561661)
  );
#409 = CARTESIAN_POINT('',(4.637615877617,-2.146101511148,
    22.370514609502));
#410 = CARTESIAN_POINT('',(4.739137330289,-1.913095435319,
    22.243899914394));
#411 = CARTESIAN_POINT('',(4.792562563475,-1.78005482232,22.178013635421
    ));
#412 = CARTESIAN_POINT('',(4.842061421444,-1.646110056599,
    22.117553746399));
#413 = CARTESIAN_POINT('',(4.89435256788,-1.488705839922,22.05428257287)
  );
#414 = CARTESIAN_POINT('',(4.927611696237,-1.372979758541,
    22.014387271071));
#415 = CARTESIAN_POINT('',(4.983917819945,-1.176192797762,
    21.947002355675));
#416 = CARTESIAN_POINT('',(5.006725638696,-1.049016039216,
    21.920239488911));
#417 = CARTESIAN_POINT('',(5.04638939602,-0.865275207706,21.873214946998
    ));
#418 = CARTESIAN_POINT('',(5.068334559934,-0.703051520002,
    21.847500430606));
#419 = CARTESIAN_POINT('',(5.089069189218,-0.52893182465,21.823140667381
    ));
#420 = CARTESIAN_POINT('',(5.102108992107,-0.354224074035,21.80786142622
    ));
#421 = CARTESIAN_POINT('',(5.108815909778,-0.177587490714,21.8));
#422 = CARTESIAN_POINT('',(5.108815909778,-1.25E-15,21.8));
#423 = ORIENTED_EDGE('',*,*,#273,.F.);
#424 = ORIENTED_EDGE('',*,*,#425,.T.);
#425 = EDGE_CURVE('',#249,#214,#426,.T.);
#426 = ( BOUNDED_CURVE() B_SPLINE_CURVE(13,(#427,#428,#429,#430,#431,
    #432,#433,#434,#435,#436,#437,#438,#439,#440,#441,#442,#443,#444,
    #445,#446,#447,#448,#449,#450,#451,#452,#453,#454,#455,#456,#457,
    #458,#459,#460,#461,#462,#463,#464,#465,#466,#467,#468,#469,#470,
    #471,#472,#473,#474,#475,#476,#477,#478,#479,#480,#481,#482,#483,
    #484,#485,#486,#487,#488,#489,#490,#491,#492,#493,#494,#495,#496,
    #497,#498,#499,#500),.UNSPECIFIED.,.F.,.F.) 
B_SPLINE_CURVE_WITH_KNOTS((14,12,12,12,12,12,14),(-6.9E-16,
    1.148485561321,3.120770334367,5.351087154399,7.580902100434,
8.99591992148,10.703664489478),.UNSPECIFIED.) CURVE() 
GEOMETRIC_REPRESENTATION_ITEM() RATIONAL_B_SPLINE_CURVE((1.031393471788,
    1.031393471788,1.031455434479,1.031578645643,1.031762105702,
    1.032004503998,1.032304199427,1.032659210078,1.033067211713,
    1.033525548751,1.034031256979,1.034581101624,1.035171630671,
    1.036877044706,1.03806511366,1.039355750938,1.040739913895,
    1.042208747979,1.043754545717,1.045371201622,1.047054230214,
    1.04880041238,1.050607137532,1.052471506848,1.054389264697,
    1.058574978575,1.060857387254,1.063187565018,1.065551724449,
    1.067933511724,1.070306200214,1.072623041182,1.074809672531,
    1.0767624845,1.078356843576,1.079469073555,1.080016094656,
    1.080017145553,1.079469977843,1.078359141395,1.076766439399,
    1.074813994511,1.072626192218,1.070307745752,1.067934601719,
    1.065554405252,1.063193243819,1.060865388567,1.058582752237,
    1.054950743379,1.053564680138,1.052205074582,1.050873887504,
    1.049572685503,1.048302767587,1.047065291919,1.045861402369,
    1.044692355284,1.043559646056,1.042465135845,1.041411178205,
    1.039181283706,1.03802221338,1.036958204497,1.035846712785,
    1.035152476048,1.033949557547,1.033514382296,1.032659010183,
    1.032229390447,1.031794344181,1.031529937987,1.031393471788,
1.031393471788)) REPRESENTATION_ITEM('') );
#427 = CARTESIAN_POINT('',(5.108815909778,-1.25E-15,21.6));
#428 = CARTESIAN_POINT('',(5.108815909778,-0.119448066102,21.6));
#429 = CARTESIAN_POINT('',(5.105786904622,-0.23863102881,21.596449723264
    ));
#430 = CARTESIAN_POINT('',(5.099764725074,-0.357087985629,
    21.589391157926));
#431 = CARTESIAN_POINT('',(5.09080494587,-0.474586208819,21.578883947627
    ));
#432 = CARTESIAN_POINT('',(5.078983716314,-0.590956774682,21.56500661985
    ));
#433 = CARTESIAN_POINT('',(5.064397980759,-0.706011858494,
    21.547857196777));
#434 = CARTESIAN_POINT('',(5.047165133962,-0.819522559477,
    21.527553262792));
#435 = CARTESIAN_POINT('',(5.027422159127,-0.931236051653,
    21.504231566542));
#436 = CARTESIAN_POINT('',(5.00532429748,-1.040910839057,21.478047235174
    ));
#437 = CARTESIAN_POINT('',(4.981043301233,-1.148348920137,
    21.449172683163));
#438 = CARTESIAN_POINT('',(4.954765322202,-1.253403737482,
    21.417796296742));
#439 = CARTESIAN_POINT('',(4.926688490615,-1.355942894197,
    21.384120979008));
#440 = CARTESIAN_POINT('',(4.846154993681,-1.626851763344,
    21.287056139269));
#441 = CARTESIAN_POINT('',(4.790536397023,-1.790276192801,21.21952852209
    ));
#442 = CARTESIAN_POINT('',(4.730716516855,-1.946639913481,
    21.146269903073));
#443 = CARTESIAN_POINT('',(4.667280357802,-2.096190821303,
    21.067789919965));
#444 = CARTESIAN_POINT('',(4.600788349793,-2.239065848645,
    20.984556352975));
#445 = CARTESIAN_POINT('',(4.531740992313,-2.375433330915,
    20.896953922982));
#446 = CARTESIAN_POINT('',(4.460562871278,-2.505542967553,
    20.805260440473));
#447 = CARTESIAN_POINT('',(4.387603213936,-2.629711397019,20.70963741613
    ));
#448 = CARTESIAN_POINT('',(4.313150146451,-2.748271073935,20.61013224041
    ));
#449 = CARTESIAN_POINT('',(4.237455851211,-2.861509735349,20.50668906271
    ));
#450 = CARTESIAN_POINT('',(4.160769875244,-2.969627302893,
    20.399165552037));
#451 = CARTESIAN_POINT('',(4.083377907607,-3.072736596632,
    20.287352773992));
#452 = CARTESIAN_POINT('',(3.918086596212,-3.281538832544,
    20.039935564554));
#453 = CARTESIAN_POINT('',(3.83008486864,-3.385903182235,19.903212114094
    ));
#454 = CARTESIAN_POINT('',(3.742186395612,-3.484054038654,
    19.760171158786));
#455 = CARTESIAN_POINT('',(3.655026117226,-3.575996532209,
    19.610522125618));
#456 = CARTESIAN_POINT('',(3.569271412772,-3.661642105755,
    19.453729111478));
#457 = CARTESIAN_POINT('',(3.485810497523,-3.740682631236,
    19.288894784502));
#458 = CARTESIAN_POINT('',(3.406040483071,-3.81246288796,19.114979886928
    ));
#459 = CARTESIAN_POINT('',(3.332117902288,-3.875899856352,
    18.931207681028));
#460 = CARTESIAN_POINT('',(3.267040761381,-3.929493651976,
    18.737510729989));
#461 = CARTESIAN_POINT('',(3.214436615977,-3.971472490491,
    18.534887800005));
#462 = CARTESIAN_POINT('',(3.177932676171,-4.000114317334,
    18.325550790617));
#463 = CARTESIAN_POINT('',(3.159977051436,-4.01429259456,18.112752350951
    ));
#464 = CARTESIAN_POINT('',(3.159947919711,-4.014315526346,
    17.687673968046));
#465 = CARTESIAN_POINT('',(3.177902024356,-4.000131643826,
    17.474764471562));
#466 = CARTESIAN_POINT('',(3.214350130713,-3.971540020827,
    17.265444336698));
#467 = CARTESIAN_POINT('',(3.266892710804,-3.929621379486,
    17.062889491267));
#468 = CARTESIAN_POINT('',(3.331956828772,-3.876043735081,
    16.869186431754));
#469 = CARTESIAN_POINT('',(3.405922538871,-3.812568986213,
    16.685300836341));
#470 = CARTESIAN_POINT('',(3.485751878039,-3.740733948805,
    16.511239313414));
#471 = CARTESIAN_POINT('',(3.569231185094,-3.661677423862,
    16.346342884519));
#472 = CARTESIAN_POINT('',(3.654930219704,-3.576089981817,
    16.189641570026));
#473 = CARTESIAN_POINT('',(3.741982161539,-3.484264138817,
    16.040189282303));
#474 = CARTESIAN_POINT('',(3.829793089743,-3.386221031218,
    15.897289583849));
#475 = CARTESIAN_POINT('',(3.917794983358,-3.281886963303,
    15.760516286657));
#476 = CARTESIAN_POINT('',(4.061121463288,-3.100864617462,
    15.545953973578));
#477 = CARTESIAN_POINT('',(4.116708260647,-3.027896047019,
    15.464811303993));
#478 = CARTESIAN_POINT('',(4.171990195497,-2.952370827264,
    15.385909040587));
#479 = CARTESIAN_POINT('',(4.226849464403,-2.87425145504,15.309171879798
    ));
#480 = CARTESIAN_POINT('',(4.281177963624,-2.793479593057,15.23454144013
    ));
#481 = CARTESIAN_POINT('',(4.334873124975,-2.709979382561,
    15.161977818746));
#482 = CARTESIAN_POINT('',(4.387833679253,-2.623660837808,
    15.091461216675));
#483 = CARTESIAN_POINT('',(4.439955349925,-2.534423328022,
    15.022993624884));
#484 = CARTESIAN_POINT('',(4.491126480557,-2.442159152782,
    14.956600565606));
#485 = CARTESIAN_POINT('',(4.541223600979,-2.346757216968,
    14.892332880822));
#486 = CARTESIAN_POINT('',(4.590106937903,-2.248106812102,
    14.830268561659));
#487 = CARTESIAN_POINT('',(4.637615877619,-2.146101511144,14.7705146095)
  );
#488 = CARTESIAN_POINT('',(4.73913733029,-1.913095435317,14.643899914393
    ));
#489 = CARTESIAN_POINT('',(4.792561847458,-1.780056708683,
    14.578014571015));
#490 = CARTESIAN_POINT('',(4.84206614857,-1.646098481969,14.517547503796
    ));
#491 = CARTESIAN_POINT('',(4.894338187117,-1.488736456449,
    14.454301915447));
#492 = CARTESIAN_POINT('',(4.927634295075,-1.372947910619,
    14.414355582855));
#493 = CARTESIAN_POINT('',(4.98390699667,-1.176163344984,14.347021286053
    ));
#494 = CARTESIAN_POINT('',(5.006707290237,-1.04912153609,14.320257987493
    ));
#495 = CARTESIAN_POINT('',(5.046401739709,-0.865243862369,
    14.273199666287));
#496 = CARTESIAN_POINT('',(5.068358907434,-0.703002458287,
    14.247470899191));
#497 = CARTESIAN_POINT('',(5.08912577236,-0.528630850165,14.223073923403
    ));
#498 = CARTESIAN_POINT('',(5.10215211595,-0.353683519191,14.207811771915
    ));
#499 = CARTESIAN_POINT('',(5.108815909773,-0.177009652988,
    14.200000000004));
#500 = CARTESIAN_POINT('',(5.108815909778,-1.25E-15,14.2));
#501 = FACE_BOUND('',#502,.F.);
#502 = EDGE_LOOP('',(#503,#530,#609));
#503 = ORIENTED_EDGE('',*,*,#504,.F.);
#504 = EDGE_CURVE('',#505,#507,#509,.T.);
#505 = VERTEX_POINT('',#506);
#506 = CARTESIAN_POINT('',(-5.108815909778,1.E-15,21.8));
#507 = VERTEX_POINT('',#508);
#508 = CARTESIAN_POINT('',(-3.159962477878,4.014304066511,25.5));
#509 = ( BOUNDED_CURVE() B_SPLINE_CURVE(7,(#510,#511,#512,#513,#514,#515
    ,#516,#517,#518,#519,#520,#521,#522,#523,#524,#525,#526,#527,#528,
#529),.UNSPECIFIED.,.F.,.F.) B_SPLINE_CURVE_WITH_KNOTS((8,6,6,8),(
    -3.2E-16,1.148992572577,3.122148032049,5.353500553427),
.UNSPECIFIED.) CURVE() GEOMETRIC_REPRESENTATION_ITEM() 
RATIONAL_B_SPLINE_CURVE((1.031393471788,1.031393471788,1.031623618933,
    1.032078076951,1.032745180968,1.033605852418,1.034633674649,
    1.037800872141,1.040212073572,1.04296991439,1.045984069818,
    1.049230523473,1.052705528109,1.060479091224,1.064831343869,
    1.06930180092,1.073771676665,1.077985301682,1.080015925975,
1.080016620298)) REPRESENTATION_ITEM('') );
#510 = CARTESIAN_POINT('',(-5.108815909778,1.13E-15,21.8));
#511 = CARTESIAN_POINT('',(-5.108815909778,0.221832122614,21.8));
#512 = CARTESIAN_POINT('',(-5.097567153368,0.442634054538,
    21.813184592345));
#513 = CARTESIAN_POINT('',(-5.075368282459,0.658671103471,
    21.839203813239));
#514 = CARTESIAN_POINT('',(-5.042912882052,0.870868341988,
    21.877356758813));
#515 = CARTESIAN_POINT('',(-5.001341052319,1.074737457219,
    21.926515472961));
#516 = CARTESIAN_POINT('',(-4.952147068998,1.270302074631,
    21.985194486919));
#517 = CARTESIAN_POINT('',(-4.802640301987,1.773232044431,
    22.165390938485));
#518 = CARTESIAN_POINT('',(-4.690647477779,2.062222815551,
    22.302196624053));
#519 = CARTESIAN_POINT('',(-4.565504318086,2.327869996031,22.45810358918
    ));
#520 = CARTESIAN_POINT('',(-4.432328240543,2.567679328104,22.62878699527
    ));
#521 = CARTESIAN_POINT('',(-4.293459499191,2.787440025198,
    22.813207008582));
#522 = CARTESIAN_POINT('',(-4.150238367185,2.988275935415,
    23.012566779002));
#523 = CARTESIAN_POINT('',(-3.843326131819,3.375979078624,
    23.471970048151));
#524 = CARTESIAN_POINT('',(-3.679295032822,3.558015061692,
    23.735994780963));
#525 = CARTESIAN_POINT('',(-3.517960135958,3.717271203233,
    24.026493983301));
#526 = CARTESIAN_POINT('',(-3.365532789623,3.853480856482,24.34153425638
    ));
#527 = CARTESIAN_POINT('',(-3.226731000893,3.961581617928,
    24.708771007033));
#528 = CARTESIAN_POINT('',(-3.159980306832,4.014290031992,
    25.105104777275));
#529 = CARTESIAN_POINT('',(-3.159962477878,4.014304066511,25.5));
#530 = ORIENTED_EDGE('',*,*,#531,.F.);
#531 = EDGE_CURVE('',#532,#505,#534,.T.);
#532 = VERTEX_POINT('',#533);
#533 = CARTESIAN_POINT('',(-5.108815909778,1.E-15,29.2));
#534 = ( BOUNDED_CURVE() B_SPLINE_CURVE(13,(#535,#536,#537,#538,#539,
    #540,#541,#542,#543,#544,#545,#546,#547,#548,#549,#550,#551,#552,
    #553,#554,#555,#556,#557,#558,#559,#560,#561,#562,#563,#564,#565,
    #566,#567,#568,#569,#570,#571,#572,#573,#574,#575,#576,#577,#578,
    #579,#580,#581,#582,#583,#584,#585,#586,#587,#588,#589,#590,#591,
    #592,#593,#594,#595,#596,#597,#598,#599,#600,#601,#602,#603,#604,
    #605,#606,#607,#608),.UNSPECIFIED.,.F.,.F.) 
B_SPLINE_CURVE_WITH_KNOTS((14,12,12,12,12,12,14),(10.70666230282,
    11.855485236254,13.82834937564,16.059321359918,18.289791322762,
19.705224810793,21.413471035337),.UNSPECIFIED.) CURVE() 
GEOMETRIC_REPRESENTATION_ITEM() RATIONAL_B_SPLINE_CURVE((1.031393471788,
    1.031393471787,1.031455095302,1.031577987192,1.031761307166,
    1.032003766727,1.032303666231,1.032658931769,1.033067152283,
    1.033525616419,1.034031349629,1.034581151077,1.035171630671,
    1.036877044706,1.038065113658,1.039355750944,1.040739913884,
    1.042208747995,1.043754545698,1.04537120164,1.0470542302,
    1.048800412388,1.050607137529,1.052471506849,1.054389264697,
    1.058574978575,1.060857387255,1.063187565014,1.065551724456,
    1.067933511712,1.070306200227,1.072623041168,1.074809672541,
    1.076762484493,1.078356843579,1.079469073554,1.080016094657,
    1.080017145553,1.079469977842,1.078359141397,1.076766439396,
    1.074813994515,1.072626192213,1.070307745757,1.067934601716,
    1.065554405254,1.063193243819,1.060865388567,1.058582752237,
    1.054950743379,1.05356468014,1.052205074574,1.050873887519,
    1.049572685481,1.048302767614,1.047065291894,1.045861402387,
    1.044692355273,1.043559646061,1.042465135844,1.041411178205,
    1.039181283707,1.038022209062,1.036958227566,1.0358466715,
    1.035152435726,1.033949876634,1.033513859268,1.032659080394,
    1.032229730207,1.031795463723,1.031530982526,1.031393471787,
1.031393471788)) REPRESENTATION_ITEM('') );
#535 = CARTESIAN_POINT('',(-5.108815909778,-1.2E-16,29.2));
#536 = CARTESIAN_POINT('',(-5.108815909781,-0.119129353993,
    29.200000000002));
#537 = CARTESIAN_POINT('',(-5.105802784928,-0.238106222294,
    29.196467540379));
#538 = CARTESIAN_POINT('',(-5.099795967856,-0.356578915711,
    29.189426794148));
#539 = CARTESIAN_POINT('',(-5.090843738273,-0.47422836859,
    29.178929062919));
#540 = CARTESIAN_POINT('',(-5.079020966864,-0.590765274919,
    29.165050943071));
#541 = CARTESIAN_POINT('',(-5.064426821772,-0.705927164272,
    29.147892452242));
#542 = CARTESIAN_POINT('',(-5.047182444604,-0.819475418668,
    29.127575122969));
#543 = CARTESIAN_POINT('',(-5.027428603828,-0.931192232963,
    29.104240071196));
#544 = CARTESIAN_POINT('',(-5.005323332761,-1.040877521982,
    29.078046046748));
#545 = CARTESIAN_POINT('',(-4.981039560217,-1.148345778519,
    29.049167473829));
#546 = CARTESIAN_POINT('',(-4.95476274059,-1.253422886532,29.01779248828
    ));
#547 = CARTESIAN_POINT('',(-4.926688490615,-1.355942894196,
    28.984120979008));
#548 = CARTESIAN_POINT('',(-4.846154993681,-1.626851763344,
    28.887056139269));
#549 = CARTESIAN_POINT('',(-4.790536397024,-1.7902761928,28.819528522094
    ));
#550 = CARTESIAN_POINT('',(-4.730716516854,-1.946639913482,
    28.746269903065));
#551 = CARTESIAN_POINT('',(-4.667280357804,-2.096190821301,
    28.667789919982));
#552 = CARTESIAN_POINT('',(-4.60078834979,-2.239065848643,
    28.584556352952));
#553 = CARTESIAN_POINT('',(-4.531740992316,-2.375433330918,
    28.49695392301));
#554 = CARTESIAN_POINT('',(-4.460562871278,-2.505542967545,
    28.405260440449));
#555 = CARTESIAN_POINT('',(-4.387603213936,-2.629711397026,
    28.309637416149));
#556 = CARTESIAN_POINT('',(-4.313150146452,-2.748271073928,28.2101322404
    ));
#557 = CARTESIAN_POINT('',(-4.23745585121,-2.861509735352,
    28.106689062715));
#558 = CARTESIAN_POINT('',(-4.160769875245,-2.969627302892,
    27.999165552036));
#559 = CARTESIAN_POINT('',(-4.083377907607,-3.072736596633,
    27.887352773992));
#560 = CARTESIAN_POINT('',(-3.918086596213,-3.281538832543,
    27.639935564555));
#561 = CARTESIAN_POINT('',(-3.83008486864,-3.385903182235,
    27.503212114094));
#562 = CARTESIAN_POINT('',(-3.742186395613,-3.484054038651,
    27.36017115879));
#563 = CARTESIAN_POINT('',(-3.655026117226,-3.575996532213,
    27.210522125614));
#564 = CARTESIAN_POINT('',(-3.569271412772,-3.66164210575,
    27.053729111483));
#565 = CARTESIAN_POINT('',(-3.485810497525,-3.740682631241,
    26.888894784499));
#566 = CARTESIAN_POINT('',(-3.406040483069,-3.812462887954,
    26.714979886932));
#567 = CARTESIAN_POINT('',(-3.332117902292,-3.875899856354,
    26.531207681031));
#568 = CARTESIAN_POINT('',(-3.26704076138,-3.929493651974,
    26.337510729991));
#569 = CARTESIAN_POINT('',(-3.214436615979,-3.97147249049,
    26.134887800009));
#570 = CARTESIAN_POINT('',(-3.177932676171,-4.000114317334,
    25.925550790618));
#571 = CARTESIAN_POINT('',(-3.159977051436,-4.01429259456,
    25.712752350953));
#572 = CARTESIAN_POINT('',(-3.15994791971,-4.014315526346,
    25.287673968046));
#573 = CARTESIAN_POINT('',(-3.177902024357,-4.000131643824,
    25.074764471563));
#574 = CARTESIAN_POINT('',(-3.214350130711,-3.971540020829,
    24.865444336698));
#575 = CARTESIAN_POINT('',(-3.266892710806,-3.929621379483,
    24.662889491277));
#576 = CARTESIAN_POINT('',(-3.331956828764,-3.876043735092,
    24.469186431751));
#577 = CARTESIAN_POINT('',(-3.405922538878,-3.812568986202,
    24.28530083635));
#578 = CARTESIAN_POINT('',(-3.485751878032,-3.740733948816,
    24.111239313403));
#579 = CARTESIAN_POINT('',(-3.569231185104,-3.661677423849,
    23.946342884521));
#580 = CARTESIAN_POINT('',(-3.654930219699,-3.576089981825,
    23.789641570021));
#581 = CARTESIAN_POINT('',(-3.74198216154,-3.484264138815,
    23.640189282308));
#582 = CARTESIAN_POINT('',(-3.829793089739,-3.386221031222,
    23.497289583854));
#583 = CARTESIAN_POINT('',(-3.917794983357,-3.281886963304,
    23.360516286659));
#584 = CARTESIAN_POINT('',(-4.061121463288,-3.100864617462,
    23.145953973577));
#585 = CARTESIAN_POINT('',(-4.116708260648,-3.027896047018,
    23.064811303993));
#586 = CARTESIAN_POINT('',(-4.171990195496,-2.952370827265,
    22.985909040585));
#587 = CARTESIAN_POINT('',(-4.226849464404,-2.87425145504,
    22.909171879803));
#588 = CARTESIAN_POINT('',(-4.281177963622,-2.793479593057,
    22.834541440123));
#589 = CARTESIAN_POINT('',(-4.334873124972,-2.709979382569,
    22.761977818761));
#590 = CARTESIAN_POINT('',(-4.387833679252,-2.623660837808,
    22.691461216666));
#591 = CARTESIAN_POINT('',(-4.439955349918,-2.534423328035,
    22.622993624901));
#592 = CARTESIAN_POINT('',(-4.491126480555,-2.442159152785,
    22.556600565604));
#593 = CARTESIAN_POINT('',(-4.541223600974,-2.346757216978,
    22.492332880831));
#594 = CARTESIAN_POINT('',(-4.5901069379,-2.248106812106,22.430268561661
    ));
#595 = CARTESIAN_POINT('',(-4.637615877617,-2.146101511148,
    22.370514609502));
#596 = CARTESIAN_POINT('',(-4.739137330289,-1.913095435319,
    22.243899914394));
#597 = CARTESIAN_POINT('',(-4.792562563475,-1.78005482232,
    22.178013635421));
#598 = CARTESIAN_POINT('',(-4.842061421444,-1.646110056599,
    22.117553746399));
#599 = CARTESIAN_POINT('',(-4.89435256788,-1.488705839922,22.05428257287
    ));
#600 = CARTESIAN_POINT('',(-4.927611696237,-1.372979758541,
    22.014387271071));
#601 = CARTESIAN_POINT('',(-4.983917819945,-1.176192797762,
    21.947002355675));
#602 = CARTESIAN_POINT('',(-5.006725638696,-1.049016039216,
    21.920239488911));
#603 = CARTESIAN_POINT('',(-5.04638939602,-0.865275207706,
    21.873214946998));
#604 = CARTESIAN_POINT('',(-5.068334559934,-0.703051520002,
    21.847500430606));
#605 = CARTESIAN_POINT('',(-5.089069189218,-0.52893182465,
    21.823140667381));
#606 = CARTESIAN_POINT('',(-5.102108992107,-0.354224074035,
    21.80786142622));
#607 = CARTESIAN_POINT('',(-5.108815909778,-0.177587490714,21.8));
#608 = CARTESIAN_POINT('',(-5.108815909778,-1.2E-16,21.8));
#609 = ORIENTED_EDGE('',*,*,#610,.F.);
#610 = EDGE_CURVE('',#507,#532,#611,.T.);
#611 = ( BOUNDED_CURVE() B_SPLINE_CURVE(7,(#612,#613,#614,#615,#616,#617
    ,#618,#619,#620,#621,#622,#623,#624,#625,#626,#627,#628,#629,#630,
#631),.UNSPECIFIED.,.F.,.F.) B_SPLINE_CURVE_WITH_KNOTS((8,6,6,8),(
    5.353500553427,7.584248771599,9.553074211168,10.70666230282),
.UNSPECIFIED.) CURVE() GEOMETRIC_REPRESENTATION_ITEM() 
RATIONAL_B_SPLINE_CURVE((1.080016620298,1.080017314433,1.0779837417,
    1.073785872208,1.069289846073,1.064838138794,1.060486438694,
    1.052719772226,1.049250277187,1.04601504489,1.042998516767,
    1.040248859325,1.037837299387,1.034659704342,1.033624193227,
    1.032756519639,1.03208293956,1.031624254039,1.031393471788,
1.031393471788)) REPRESENTATION_ITEM('') );
#612 = CARTESIAN_POINT('',(-3.159962477877,4.014304066511,25.5));
#613 = CARTESIAN_POINT('',(-3.159944658678,4.014318093351,
    25.894536099436));
#614 = CARTESIAN_POINT('',(-3.226756903977,3.961536883722,
    26.291351481642));
#615 = CARTESIAN_POINT('',(-3.365035089939,3.853953388438,
    26.657285609221));
#616 = CARTESIAN_POINT('',(-3.518370035045,3.716885836166,
    26.974441983878));
#617 = CARTESIAN_POINT('',(-3.679058779184,3.558214549235,
    27.263474334129));
#618 = CARTESIAN_POINT('',(-3.843065749288,3.376270383085,
    27.527611709898));
#619 = CARTESIAN_POINT('',(-4.149656141581,2.989044811264,
    27.986585993372));
#620 = CARTESIAN_POINT('',(-4.292614566345,2.788641225467,
    28.185625005861));
#621 = CARTESIAN_POINT('',(-4.431057461221,2.569755479859,
    28.369535244989));
#622 = CARTESIAN_POINT('',(-4.564196128403,2.330221043661,
    28.540224364376));
#623 = CARTESIAN_POINT('',(-4.68898123953,2.065786701274,28.695726150548
    ));
#624 = CARTESIAN_POINT('',(-4.80094602237,1.777627662862,28.832540019891
    ));
#625 = CARTESIAN_POINT('',(-4.950902592314,1.275236982112,
    29.013320987021));
#626 = CARTESIAN_POINT('',(-5.00045523849,1.079105900292,29.072434147419
    ));
#627 = CARTESIAN_POINT('',(-5.042370541206,0.874141137254,
    29.122009526649));
#628 = CARTESIAN_POINT('',(-5.075132601568,0.661768201507,
    29.160522626746));
#629 = CARTESIAN_POINT('',(-5.09753339338,0.443705851795,29.1867727953)
  );
#630 = CARTESIAN_POINT('',(-5.108815909772,0.222157903033,
    29.199999999995));
#631 = CARTESIAN_POINT('',(-5.108815909778,1.13E-15,29.2));
#632 = FACE_BOUND('',#633,.F.);
#633 = EDGE_LOOP('',(#634,#645,#653,#662));
#634 = ORIENTED_EDGE('',*,*,#635,.F.);
#635 = EDGE_CURVE('',#636,#638,#640,.T.);
#636 = VERTEX_POINT('',#637);
#637 = CARTESIAN_POINT('',(-2.1,4.657252408878,8.468787165189));
#638 = VERTEX_POINT('',#639);
#639 = CARTESIAN_POINT('',(2.1,4.657252408878,8.468787165189));
#640 = CIRCLE('',#641,5.108815909778);
#641 = AXIS2_PLACEMENT_3D('',#642,#643,#644);
#642 = CARTESIAN_POINT('',(0.,0.,8.468787165189));
#643 = DIRECTION('',(0.,0.,-1.));
#644 = DIRECTION('',(1.,0.,0.));
#645 = ORIENTED_EDGE('',*,*,#646,.F.);
#646 = EDGE_CURVE('',#647,#636,#649,.T.);
#647 = VERTEX_POINT('',#648);
#648 = CARTESIAN_POINT('',(-2.1,4.657252408878,12.668787165189));
#649 = LINE('',#650,#651);
#650 = CARTESIAN_POINT('',(-2.1,4.657252408878,5.));
#651 = VECTOR('',#652,1.);
#652 = DIRECTION('',(-0.,-0.,-1.));
#653 = ORIENTED_EDGE('',*,*,#654,.T.);
#654 = EDGE_CURVE('',#647,#655,#657,.T.);
#655 = VERTEX_POINT('',#656);
#656 = CARTESIAN_POINT('',(2.1,4.657252408878,12.668787165189));
#657 = CIRCLE('',#658,5.108815909778);
#658 = AXIS2_PLACEMENT_3D('',#659,#660,#661);
#659 = CARTESIAN_POINT('',(0.,0.,12.668787165189));
#660 = DIRECTION('',(0.,0.,-1.));
#661 = DIRECTION('',(1.,0.,0.));
#662 = ORIENTED_EDGE('',*,*,#663,.T.);
#663 = EDGE_CURVE('',#655,#638,#664,.T.);
#664 = LINE('',#665,#666);
#665 = CARTESIAN_POINT('',(2.1,4.657252408878,5.));
#666 = VECTOR('',#667,1.);
#667 = DIRECTION('',(-0.,-0.,-1.));
#668 = FACE_BOUND('',#669,.F.);
#669 = EDGE_LOOP('',(#670,#697,#776));
#670 = ORIENTED_EDGE('',*,*,#671,.F.);
#671 = EDGE_CURVE('',#672,#674,#676,.T.);
#672 = VERTEX_POINT('',#673);
#673 = CARTESIAN_POINT('',(-5.108815909778,0.,14.2));
#674 = VERTEX_POINT('',#675);
#675 = CARTESIAN_POINT('',(-3.159962477875,4.014304066513,17.9));
#676 = ( BOUNDED_CURVE() B_SPLINE_CURVE(7,(#677,#678,#679,#680,#681,#682
    ,#683,#684,#685,#686,#687,#688,#689,#690,#691,#692,#693,#694,#695,
#696),.UNSPECIFIED.,.F.,.F.) B_SPLINE_CURVE_WITH_KNOTS((8,6,6,8),(
    10.703664489478,11.852994506996,13.826729382933,16.058737202627),
.UNSPECIFIED.) CURVE() GEOMETRIC_REPRESENTATION_ITEM() 
RATIONAL_B_SPLINE_CURVE((1.031393471788,1.031393471787,1.031622359125,
    1.032077231834,1.032745276717,1.03360603611,1.034633674649,
    1.037800872065,1.040212073412,1.042969913987,1.045984069373,
    1.049230523177,1.052705527918,1.06047909142,1.064831343392,
    1.069301806095,1.073771670093,1.077985304286,1.080015926118,
1.080016620298)) REPRESENTATION_ITEM('') );
#677 = CARTESIAN_POINT('',(-5.108815909778,1.13E-15,14.2));
#678 = CARTESIAN_POINT('',(-5.108815909784,0.221240228964,
    14.199999999995));
#679 = CARTESIAN_POINT('',(-5.09762611775,0.441868863017,14.213118436993
    ));
#680 = CARTESIAN_POINT('',(-5.075411249257,0.659041889664,
    14.239150844322));
#681 = CARTESIAN_POINT('',(-5.042916866819,0.870586091322,
    14.277348351115));
#682 = CARTESIAN_POINT('',(-5.001331446153,1.074808681207,
    14.326529641922));
#683 = CARTESIAN_POINT('',(-4.952147069,1.270302074626,14.385194486917)
  );
#684 = CARTESIAN_POINT('',(-4.802640305562,1.773232032406,
    14.565390934177));
#685 = CARTESIAN_POINT('',(-4.690647485472,2.06222279522,14.702196614424
    ));
#686 = CARTESIAN_POINT('',(-4.565504335744,2.327869957104,
    14.858103568119));
#687 = CARTESIAN_POINT('',(-4.432328260429,2.567679298687,
    15.028786968235));
#688 = CARTESIAN_POINT('',(-4.293459511037,2.787440007866,
    15.213206992428));
#689 = CARTESIAN_POINT('',(-4.15023837513,2.988275925106,15.412566767487
    ));
#690 = CARTESIAN_POINT('',(-3.843326123327,3.375979089658,
    15.871970059858));
#691 = CARTESIAN_POINT('',(-3.679295032064,3.558015072866,
    16.135994717778));
#692 = CARTESIAN_POINT('',(-3.517959998385,3.717271313304,
    16.426494412481));
#693 = CARTESIAN_POINT('',(-3.36553297446,3.853480700679,16.741533761728
    ));
#694 = CARTESIAN_POINT('',(-3.226730922767,3.961581684073,
    17.108771126682));
#695 = CARTESIAN_POINT('',(-3.159980302935,4.014290035059,
    17.505104880321));
#696 = CARTESIAN_POINT('',(-3.159962477875,4.014304066513,17.9));
#697 = ORIENTED_EDGE('',*,*,#698,.F.);
#698 = EDGE_CURVE('',#699,#672,#701,.T.);
#699 = VERTEX_POINT('',#700);
#700 = CARTESIAN_POINT('',(-5.108815909778,0.,21.6));
#701 = ( BOUNDED_CURVE() B_SPLINE_CURVE(13,(#702,#703,#704,#705,#706,
    #707,#708,#709,#710,#711,#712,#713,#714,#715,#716,#717,#718,#719,
    #720,#721,#722,#723,#724,#725,#726,#727,#728,#729,#730,#731,#732,
    #733,#734,#735,#736,#737,#738,#739,#740,#741,#742,#743,#744,#745,
    #746,#747,#748,#749,#750,#751,#752,#753,#754,#755,#756,#757,#758,
    #759,#760,#761,#762,#763,#764,#765,#766,#767,#768,#769,#770,#771,
    #772,#773,#774,#775),.UNSPECIFIED.,.F.,.F.) 
B_SPLINE_CURVE_WITH_KNOTS((14,12,12,12,12,12,14),(-6.9E-16,
    1.148485561321,3.120770334367,5.351087154399,7.580902100434,
8.99591992148,10.703664489478),.UNSPECIFIED.) CURVE() 
GEOMETRIC_REPRESENTATION_ITEM() RATIONAL_B_SPLINE_CURVE((1.031393471788,
    1.031393471788,1.031455434479,1.031578645643,1.031762105702,
    1.032004503998,1.032304199427,1.032659210078,1.033067211713,
    1.033525548751,1.034031256979,1.034581101624,1.035171630671,
    1.036877044706,1.03806511366,1.039355750938,1.040739913895,
    1.042208747979,1.043754545717,1.045371201622,1.047054230214,
    1.04880041238,1.050607137532,1.052471506848,1.054389264697,
    1.058574978575,1.060857387254,1.063187565018,1.065551724449,
    1.067933511724,1.070306200214,1.072623041182,1.074809672531,
    1.0767624845,1.078356843576,1.079469073555,1.080016094656,
    1.080017145553,1.079469977843,1.078359141395,1.076766439399,
    1.074813994511,1.072626192218,1.070307745752,1.067934601719,
    1.065554405252,1.063193243819,1.060865388567,1.058582752237,
    1.054950743379,1.053564680138,1.052205074582,1.050873887504,
    1.049572685503,1.048302767587,1.047065291919,1.045861402369,
    1.044692355284,1.043559646056,1.042465135845,1.041411178205,
    1.039181283706,1.03802221338,1.036958204497,1.035846712785,
    1.035152476048,1.033949557547,1.033514382296,1.032659010183,
    1.032229390447,1.031794344181,1.031529937987,1.031393471788,
1.031393471788)) REPRESENTATION_ITEM('') );
#702 = CARTESIAN_POINT('',(-5.108815909778,-1.2E-16,21.6));
#703 = CARTESIAN_POINT('',(-5.108815909778,-0.119448066102,21.6));
#704 = CARTESIAN_POINT('',(-5.105786904622,-0.23863102881,
    21.596449723264));
#705 = CARTESIAN_POINT('',(-5.099764725074,-0.357087985629,
    21.589391157926));
#706 = CARTESIAN_POINT('',(-5.09080494587,-0.474586208819,
    21.578883947627));
#707 = CARTESIAN_POINT('',(-5.078983716314,-0.590956774682,
    21.56500661985));
#708 = CARTESIAN_POINT('',(-5.064397980759,-0.706011858494,
    21.547857196777));
#709 = CARTESIAN_POINT('',(-5.047165133962,-0.819522559477,
    21.527553262792));
#710 = CARTESIAN_POINT('',(-5.027422159127,-0.931236051653,
    21.504231566542));
#711 = CARTESIAN_POINT('',(-5.00532429748,-1.040910839057,
    21.478047235174));
#712 = CARTESIAN_POINT('',(-4.981043301233,-1.148348920137,
    21.449172683163));
#713 = CARTESIAN_POINT('',(-4.954765322202,-1.253403737482,
    21.417796296742));
#714 = CARTESIAN_POINT('',(-4.926688490615,-1.355942894197,
    21.384120979008));
#715 = CARTESIAN_POINT('',(-4.846154993681,-1.626851763344,
    21.287056139269));
#716 = CARTESIAN_POINT('',(-4.790536397023,-1.790276192801,
    21.21952852209));
#717 = CARTESIAN_POINT('',(-4.730716516855,-1.946639913481,
    21.146269903073));
#718 = CARTESIAN_POINT('',(-4.667280357802,-2.096190821303,
    21.067789919965));
#719 = CARTESIAN_POINT('',(-4.600788349793,-2.239065848645,
    20.984556352975));
#720 = CARTESIAN_POINT('',(-4.531740992313,-2.375433330915,
    20.896953922982));
#721 = CARTESIAN_POINT('',(-4.460562871278,-2.505542967553,
    20.805260440473));
#722 = CARTESIAN_POINT('',(-4.387603213936,-2.629711397019,
    20.70963741613));
#723 = CARTESIAN_POINT('',(-4.313150146451,-2.748271073935,
    20.61013224041));
#724 = CARTESIAN_POINT('',(-4.237455851211,-2.861509735349,
    20.50668906271));
#725 = CARTESIAN_POINT('',(-4.160769875244,-2.969627302893,
    20.399165552037));
#726 = CARTESIAN_POINT('',(-4.083377907607,-3.072736596632,
    20.287352773992));
#727 = CARTESIAN_POINT('',(-3.918086596212,-3.281538832544,
    20.039935564554));
#728 = CARTESIAN_POINT('',(-3.83008486864,-3.385903182235,
    19.903212114094));
#729 = CARTESIAN_POINT('',(-3.742186395612,-3.484054038654,
    19.760171158786));
#730 = CARTESIAN_POINT('',(-3.655026117226,-3.575996532209,
    19.610522125618));
#731 = CARTESIAN_POINT('',(-3.569271412772,-3.661642105755,
    19.453729111478));
#732 = CARTESIAN_POINT('',(-3.485810497523,-3.740682631236,
    19.288894784502));
#733 = CARTESIAN_POINT('',(-3.406040483071,-3.81246288796,
    19.114979886928));
#734 = CARTESIAN_POINT('',(-3.332117902288,-3.875899856352,
    18.931207681028));
#735 = CARTESIAN_POINT('',(-3.267040761381,-3.929493651976,
    18.737510729989));
#736 = CARTESIAN_POINT('',(-3.214436615977,-3.971472490491,
    18.534887800005));
#737 = CARTESIAN_POINT('',(-3.177932676171,-4.000114317334,
    18.325550790617));
#738 = CARTESIAN_POINT('',(-3.159977051436,-4.01429259456,
    18.112752350951));
#739 = CARTESIAN_POINT('',(-3.159947919711,-4.014315526346,
    17.687673968046));
#740 = CARTESIAN_POINT('',(-3.177902024356,-4.000131643826,
    17.474764471562));
#741 = CARTESIAN_POINT('',(-3.214350130713,-3.971540020827,
    17.265444336698));
#742 = CARTESIAN_POINT('',(-3.266892710804,-3.929621379486,
    17.062889491267));
#743 = CARTESIAN_POINT('',(-3.331956828772,-3.876043735081,
    16.869186431754));
#744 = CARTESIAN_POINT('',(-3.405922538871,-3.812568986213,
    16.685300836341));
#745 = CARTESIAN_POINT('',(-3.485751878039,-3.740733948805,
    16.511239313414));
#746 = CARTESIAN_POINT('',(-3.569231185094,-3.661677423862,
    16.346342884519));
#747 = CARTESIAN_POINT('',(-3.654930219704,-3.576089981817,
    16.189641570026));
#748 = CARTESIAN_POINT('',(-3.741982161539,-3.484264138817,
    16.040189282303));
#749 = CARTESIAN_POINT('',(-3.829793089743,-3.386221031218,
    15.897289583849));
#750 = CARTESIAN_POINT('',(-3.917794983358,-3.281886963303,
    15.760516286657));
#751 = CARTESIAN_POINT('',(-4.061121463288,-3.100864617462,
    15.545953973578));
#752 = CARTESIAN_POINT('',(-4.116708260647,-3.027896047019,
    15.464811303993));
#753 = CARTESIAN_POINT('',(-4.171990195497,-2.952370827264,
    15.385909040587));
#754 = CARTESIAN_POINT('',(-4.226849464403,-2.87425145504,
    15.309171879798));
#755 = CARTESIAN_POINT('',(-4.281177963624,-2.793479593057,
    15.23454144013));
#756 = CARTESIAN_POINT('',(-4.334873124975,-2.709979382561,
    15.161977818746));
#757 = CARTESIAN_POINT('',(-4.387833679253,-2.623660837808,
    15.091461216675));
#758 = CARTESIAN_POINT('',(-4.439955349925,-2.534423328022,
    15.022993624884));
#759 = CARTESIAN_POINT('',(-4.491126480557,-2.442159152782,
    14.956600565606));
#760 = CARTESIAN_POINT('',(-4.541223600979,-2.346757216968,
    14.892332880822));
#761 = CARTESIAN_POINT('',(-4.590106937903,-2.248106812102,
    14.830268561659));
#762 = CARTESIAN_POINT('',(-4.637615877619,-2.146101511144,14.7705146095
    ));
#763 = CARTESIAN_POINT('',(-4.73913733029,-1.913095435317,
    14.643899914393));
#764 = CARTESIAN_POINT('',(-4.792561847458,-1.780056708683,
    14.578014571015));
#765 = CARTESIAN_POINT('',(-4.84206614857,-1.646098481969,
    14.517547503796));
#766 = CARTESIAN_POINT('',(-4.894338187117,-1.488736456449,
    14.454301915447));
#767 = CARTESIAN_POINT('',(-4.927634295075,-1.372947910619,
    14.414355582855));
#768 = CARTESIAN_POINT('',(-4.98390699667,-1.176163344984,
    14.347021286053));
#769 = CARTESIAN_POINT('',(-5.006707290237,-1.04912153609,
    14.320257987493));
#770 = CARTESIAN_POINT('',(-5.046401739709,-0.865243862369,
    14.273199666287));
#771 = CARTESIAN_POINT('',(-5.068358907434,-0.703002458287,
    14.247470899191));
#772 = CARTESIAN_POINT('',(-5.08912577236,-0.528630850165,
    14.223073923403));
#773 = CARTESIAN_POINT('',(-5.10215211595,-0.353683519191,
    14.207811771915));
#774 = CARTESIAN_POINT('',(-5.108815909773,-0.177009652988,
    14.200000000004));
#775 = CARTESIAN_POINT('',(-5.108815909778,-1.2E-16,14.2));
#776 = ORIENTED_EDGE('',*,*,#777,.F.);
#777 = EDGE_CURVE('',#674,#699,#778,.T.);
#778 = ( BOUNDED_CURVE() B_SPLINE_CURVE(7,(#779,#780,#781,#782,#783,#784
    ,#785,#786,#787,#788,#789,#790,#791,#792,#793,#794,#795,#796,#797,
#798),.UNSPECIFIED.,.F.,.F.) B_SPLINE_CURVE_WITH_KNOTS((8,6,6,8),(
    16.058737202627,18.290140561452,20.259544149868,21.413471035286),
.UNSPECIFIED.) CURVE() GEOMETRIC_REPRESENTATION_ITEM() 
RATIONAL_B_SPLINE_CURVE((1.080016620298,1.08001731429,1.077983744964,
    1.073785862926,1.06928985614,1.064838136078,1.06048643783,
    1.052719772471,1.049250277972,1.046015042277,1.042998518009,
    1.040248858196,1.037837299316,1.034659704342,1.033623769131,
    1.032756643982,1.032083951619,1.031625309469,1.031393471788,
1.031393471788)) REPRESENTATION_ITEM('') );
#779 = CARTESIAN_POINT('',(-3.159962477875,4.014304066513,17.9));
#780 = CARTESIAN_POINT('',(-3.159944662569,4.014318090289,
    18.294536056384));
#781 = CARTESIAN_POINT('',(-3.226756816837,3.96153696438,18.69135128269)
  );
#782 = CARTESIAN_POINT('',(-3.365035340719,3.85395315353,19.057286245107
    ));
#783 = CARTESIAN_POINT('',(-3.518369759366,3.716886093729,
    19.374441300705));
#784 = CARTESIAN_POINT('',(-3.679058854062,3.558214486334,
    19.663474539678));
#785 = CARTESIAN_POINT('',(-3.843065774158,3.376270353141,
    19.927611748729));
#786 = CARTESIAN_POINT('',(-4.149656135168,2.989044818059,
    20.386585982609));
#787 = CARTESIAN_POINT('',(-4.292614542172,2.788641270703,
    20.585624975367));
#788 = CARTESIAN_POINT('',(-4.431057549852,2.569755326002,
    20.769535364338));
#789 = CARTESIAN_POINT('',(-4.56419608928,2.330221127199,20.940224309588
    ));
#790 = CARTESIAN_POINT('',(-4.68898128689,2.065786585002,21.095726211011
    ));
#791 = CARTESIAN_POINT('',(-4.800946025696,1.777627651719,
    21.232540023901));
#792 = CARTESIAN_POINT('',(-4.950902592314,1.275236982112,
    21.413320987021));
#793 = CARTESIAN_POINT('',(-5.000472523371,1.079124939686,
    21.472453936309));
#794 = CARTESIAN_POINT('',(-5.042360716245,0.874123310141,
    21.521997402772));
#795 = CARTESIAN_POINT('',(-5.075081716507,0.661843509148,
    21.560462615608));
#796 = CARTESIAN_POINT('',(-5.097482272863,0.444121936124,
    21.586712805212));
#797 = CARTESIAN_POINT('',(-5.108815909778,0.222883124632,21.6));
#798 = CARTESIAN_POINT('',(-5.108815909778,1.13E-15,21.6));
#799 = FACE_BOUND('',#800,.F.);
#800 = EDGE_LOOP('',(#801,#812,#820,#829));
#801 = ORIENTED_EDGE('',*,*,#802,.F.);
#802 = EDGE_CURVE('',#803,#805,#807,.T.);
#803 = VERTEX_POINT('',#804);
#804 = CARTESIAN_POINT('',(2.1,-4.657252408878,8.468787165189));
#805 = VERTEX_POINT('',#806);
#806 = CARTESIAN_POINT('',(-2.1,-4.657252408878,8.468787165189));
#807 = CIRCLE('',#808,5.108815909778);
#808 = AXIS2_PLACEMENT_3D('',#809,#810,#811);
#809 = CARTESIAN_POINT('',(0.,0.,8.468787165189));
#810 = DIRECTION('',(0.,0.,-1.));
#811 = DIRECTION('',(1.,0.,0.));
#812 = ORIENTED_EDGE('',*,*,#813,.F.);
#813 = EDGE_CURVE('',#814,#803,#816,.T.);
#814 = VERTEX_POINT('',#815);
#815 = CARTESIAN_POINT('',(2.1,-4.657252408878,12.668787165189));
#816 = LINE('',#817,#818);
#817 = CARTESIAN_POINT('',(2.1,-4.657252408878,5.));
#818 = VECTOR('',#819,1.);
#819 = DIRECTION('',(-0.,-0.,-1.));
#820 = ORIENTED_EDGE('',*,*,#821,.T.);
#821 = EDGE_CURVE('',#814,#822,#824,.T.);
#822 = VERTEX_POINT('',#823);
#823 = CARTESIAN_POINT('',(-2.1,-4.657252408878,12.668787165189));
#824 = CIRCLE('',#825,5.108815909778);
#825 = AXIS2_PLACEMENT_3D('',#826,#827,#828);
#826 = CARTESIAN_POINT('',(0.,0.,12.668787165189));
#827 = DIRECTION('',(0.,0.,-1.));
#828 = DIRECTION('',(1.,0.,0.));
#829 = ORIENTED_EDGE('',*,*,#830,.T.);
#830 = EDGE_CURVE('',#822,#805,#831,.T.);
#831 = LINE('',#832,#833);
#832 = CARTESIAN_POINT('',(-2.1,-4.657252408878,5.));
#833 = VECTOR('',#834,1.);
#834 = DIRECTION('',(-0.,-0.,-1.));
#835 = CYLINDRICAL_SURFACE('',#836,5.108815909778);
#836 = AXIS2_PLACEMENT_3D('',#837,#838,#839);
#837 = CARTESIAN_POINT('',(0.,0.,5.));
#838 = DIRECTION('',(-0.,-0.,-1.));
#839 = DIRECTION('',(1.,0.,0.));
#840 = ADVANCED_FACE('',(#841,#844),#855,.F.);
#841 = FACE_BOUND('',#842,.F.);
#842 = EDGE_LOOP('',(#843));
#843 = ORIENTED_EDGE('',*,*,#196,.T.);
#844 = FACE_BOUND('',#845,.T.);
#845 = EDGE_LOOP('',(#846));
#846 = ORIENTED_EDGE('',*,*,#847,.T.);
#847 = EDGE_CURVE('',#848,#848,#850,.T.);
#848 = VERTEX_POINT('',#849);
#849 = CARTESIAN_POINT('',(5.5,0.,0.));
#850 = CIRCLE('',#851,5.5);
#851 = AXIS2_PLACEMENT_3D('',#852,#853,#854);
#852 = CARTESIAN_POINT('',(0.,0.,0.));
#853 = DIRECTION('',(0.,0.,1.));
#854 = DIRECTION('',(1.,0.,0.));
#855 = PLANE('',#856);
#856 = AXIS2_PLACEMENT_3D('',#857,#858,#859);
#857 = CARTESIAN_POINT('',(-3.7E-16,-9.E-17,0.));
#858 = DIRECTION('',(0.,0.,1.));
#859 = DIRECTION('',(1.,0.,0.));
#860 = ADVANCED_FACE('',(#861),#965,.F.);
#861 = FACE_BOUND('',#862,.F.);
#862 = EDGE_LOOP('',(#863,#875,#954,#964));
#863 = ORIENTED_EDGE('',*,*,#864,.T.);
#864 = EDGE_CURVE('',#249,#865,#867,.T.);
#865 = VERTEX_POINT('',#866);
#866 = CARTESIAN_POINT('',(4.708815909778,0.,21.2));
#867 = ( BOUNDED_CURVE() B_SPLINE_CURVE(6,(#868,#869,#870,#871,#872,#873
,#874),.UNSPECIFIED.,.F.,.F.) B_SPLINE_CURVE_WITH_KNOTS((7,7),(0.,
10.703664489478),.PIECEWISE_BEZIER_KNOTS.) CURVE() 
GEOMETRIC_REPRESENTATION_ITEM() RATIONAL_B_SPLINE_CURVE((1.031393471788,
    1.010025407661,0.997924642725,0.993958444137,0.997924642725,
1.010025407661,1.031393471788)) REPRESENTATION_ITEM('') );
#868 = CARTESIAN_POINT('',(5.108815909778,-1.25E-15,21.6));
#869 = CARTESIAN_POINT('',(5.108815909778,8.88E-15,21.493065286739));
#870 = CARTESIAN_POINT('',(5.074814169524,5.77E-15,21.388916570967));
#871 = CARTESIAN_POINT('',(5.009583715059,3.11E-15,21.299232194719));
#872 = CARTESIAN_POINT('',(4.919899338811,8.9E-16,21.234001740253));
#873 = CARTESIAN_POINT('',(4.815750623039,-4.4E-16,21.2));
#874 = CARTESIAN_POINT('',(4.708815909778,-1.8E-16,21.2));
#875 = ORIENTED_EDGE('',*,*,#876,.T.);
#876 = EDGE_CURVE('',#865,#877,#879,.T.);
#877 = VERTEX_POINT('',#878);
#878 = CARTESIAN_POINT('',(4.708815909778,-1.E-15,14.6));
#879 = ( BOUNDED_CURVE() B_SPLINE_CURVE(13,(#880,#881,#882,#883,#884,
    #885,#886,#887,#888,#889,#890,#891,#892,#893,#894,#895,#896,#897,
    #898,#899,#900,#901,#902,#903,#904,#905,#906,#907,#908,#909,#910,
    #911,#912,#913,#914,#915,#916,#917,#918,#919,#920,#921,#922,#923,
    #924,#925,#926,#927,#928,#929,#930,#931,#932,#933,#934,#935,#936,
    #937,#938,#939,#940,#941,#942,#943,#944,#945,#946,#947,#948,#949,
    #950,#951,#952,#953),.UNSPECIFIED.,.F.,.F.) 
B_SPLINE_CURVE_WITH_KNOTS((14,12,12,12,12,12,14),(-6.9E-16,
    1.148485561321,3.120770334367,5.351087154399,7.580902100434,
8.99591992148,10.703664489478),.UNSPECIFIED.) CURVE() 
GEOMETRIC_REPRESENTATION_ITEM() RATIONAL_B_SPLINE_CURVE((1.031393471788,
    1.031393471788,1.031455434479,1.031578645643,1.031762105702,
    1.032004503998,1.032304199427,1.032659210078,1.033067211713,
    1.033525548751,1.034031256979,1.034581101624,1.035171630671,
    1.036877044706,1.03806511366,1.039355750938,1.040739913895,
    1.042208747979,1.043754545717,1.045371201622,1.047054230214,
    1.04880041238,1.050607137532,1.052471506848,1.054389264697,
    1.058574978575,1.060857387254,1.063187565018,1.065551724449,
    1.067933511724,1.070306200214,1.072623041182,1.074809672531,
    1.0767624845,1.078356843576,1.079469073555,1.080016094656,
    1.080017145553,1.079469977843,1.078359141395,1.076766439399,
    1.074813994511,1.072626192218,1.070307745752,1.067934601719,
    1.065554405252,1.063193243819,1.060865388567,1.058582752237,
    1.054950743379,1.053564680138,1.052205074582,1.050873887504,
    1.049572685503,1.048302767587,1.047065291919,1.045861402369,
    1.044692355284,1.043559646056,1.042465135845,1.041411178205,
    1.039181283706,1.03802221338,1.036958204497,1.035846712785,
    1.035152476048,1.033949557547,1.033514382296,1.032659010183,
    1.032229390447,1.031794344181,1.031529937987,1.031393471788,
1.031393471788)) REPRESENTATION_ITEM('') );
#880 = CARTESIAN_POINT('',(4.708815909778,-1.8E-16,21.2));
#881 = CARTESIAN_POINT('',(4.708815909778,-9.819319040508E-02,21.2));
#882 = CARTESIAN_POINT('',(4.706021194829,-0.196169247445,
    21.196830999884));
#883 = CARTESIAN_POINT('',(4.700465135185,-0.29354814775,21.190530684298
    ));
#884 = CARTESIAN_POINT('',(4.69219872389,-0.390141602855,21.181152081365
    ));
#885 = CARTESIAN_POINT('',(4.681291506066,-0.485812834925,
    21.168764481255));
#886 = CARTESIAN_POINT('',(4.667832364195,-0.580406042539,
    21.153454612204));
#887 = CARTESIAN_POINT('',(4.651929851435,-0.673727863129,
    21.135327596602));
#888 = CARTESIAN_POINT('',(4.633711767853,-0.765563080217,
    21.114507213017));
#889 = CARTESIAN_POINT('',(4.613323677002,-0.855706805506,
    21.091134992297));
#890 = CARTESIAN_POINT('',(4.590926064433,-0.943995387952,21.06536768178
    ));
#891 = CARTESIAN_POINT('',(4.566689842868,-1.030318358589,
    21.037372614776));
#892 = CARTESIAN_POINT('',(4.540789913059,-1.114593808381,
    21.007320529197));
#893 = CARTESIAN_POINT('',(4.466431371102,-1.337440431976,
    20.920606477295));
#894 = CARTESIAN_POINT('',(4.415155927072,-1.471628528619,
    20.860385094657));
#895 = CARTESIAN_POINT('',(4.359969671277,-1.600106487769,
    20.795000650791));
#896 = CARTESIAN_POINT('',(4.301415042768,-1.723076174855,
    20.724911939513));
#897 = CARTESIAN_POINT('',(4.24004202493,-1.840554153125,20.650581187064
    ));
#898 = CARTESIAN_POINT('',(4.176333781838,-1.952615524357,
    20.572380712105));
#899 = CARTESIAN_POINT('',(4.110680185769,-2.059471395599,
    20.490555550213));
#900 = CARTESIAN_POINT('',(4.043386092233,-2.161434798951,
    20.405225389619));
#901 = CARTESIAN_POINT('',(3.974701297343,-2.258829378401,
    20.316409267776));
#902 = CARTESIAN_POINT('',(3.90485925477,-2.351894489866,20.22405664767)
  );
#903 = CARTESIAN_POINT('',(3.834111813603,-2.44073959239,20.128068718499
    ));
#904 = CARTESIAN_POINT('',(3.762747452861,-2.525399960526,
    20.028294015427));
#905 = CARTESIAN_POINT('',(3.610358372415,-2.696879789617,
    19.807554112772));
#906 = CARTESIAN_POINT('',(3.529257159614,-2.782573345939,
    19.685636960326));
#907 = CARTESIAN_POINT('',(3.44824303887,-2.863210115367,19.558014017794
    ));
#908 = CARTESIAN_POINT('',(3.367922549883,-2.938775742585,
    19.424481035091));
#909 = CARTESIAN_POINT('',(3.288939701144,-3.00917702708,19.284642916565
    ));
#910 = CARTESIAN_POINT('',(3.212124321454,-3.074167524968,
    19.137734180578));
#911 = CARTESIAN_POINT('',(3.138752547426,-3.133237634679,
    18.982800794618));
#912 = CARTESIAN_POINT('',(3.070785630009,-3.185524466173,18.81908644935
    ));
#913 = CARTESIAN_POINT('',(3.010959125077,-3.2297935242,18.646473878898)
  );
#914 = CARTESIAN_POINT('',(2.962599675611,-3.264541887984,
    18.465841549176));
#915 = CARTESIAN_POINT('',(2.929048136345,-3.288272437255,
    18.279207348846));
#916 = CARTESIAN_POINT('',(2.912561539655,-3.299992594405,
    18.089540815503));
#917 = CARTESIAN_POINT('',(2.912538392649,-3.300007398881,
    17.710759948855));
#918 = CARTESIAN_POINT('',(2.9290219812,-3.288285254319,17.521095624651)
  );
#919 = CARTESIAN_POINT('',(2.962514680656,-3.264604519547,
    17.334539007652));
#920 = CARTESIAN_POINT('',(3.01081022353,-3.229913479708,17.153969353506
    ));
#921 = CARTESIAN_POINT('',(3.070622498613,-3.185659999045,
    16.981318961824));
#922 = CARTESIAN_POINT('',(3.138632500004,-3.133338470698,
    16.817469143524));
#923 = CARTESIAN_POINT('',(3.212064934876,-3.074216952698,16.66238702465
    ));
#924 = CARTESIAN_POINT('',(3.288901939574,-3.009208266343,
    16.515421675366));
#925 = CARTESIAN_POINT('',(3.36783474565,-2.938852974169,16.375669618739
    ));
#926 = CARTESIAN_POINT('',(3.448054817235,-2.863382675678,
    16.242310133002));
#927 = CARTESIAN_POINT('',(3.528990248281,-2.782830456458,
    16.114802469879));
#928 = CARTESIAN_POINT('',(3.610098305694,-2.697152821759,
    15.992830760291));
#929 = CARTESIAN_POINT('',(3.742237558095,-2.548487459221,15.80140451328
    ));
#930 = CARTESIAN_POINT('',(3.793499908479,-2.488551877144,
    15.728991819679));
#931 = CARTESIAN_POINT('',(3.844489544706,-2.426510933488,
    15.658568556126));
#932 = CARTESIAN_POINT('',(3.895093580775,-2.362336874517,
    15.590074470403));
#933 = CARTESIAN_POINT('',(3.945209552935,-2.295983774903,15.5234616436)
  );
#934 = CARTESIAN_POINT('',(3.994741354597,-2.227390285689,
    15.458696359933));
#935 = CARTESIAN_POINT('',(4.043595102311,-2.156482450077,
    15.395761042062));
#936 = CARTESIAN_POINT('',(4.091674935248,-2.083176591696,
    15.334656245456));
#937 = CARTESIAN_POINT('',(4.138878751642,-2.007382280312,
    15.275402705773));
#938 = CARTESIAN_POINT('',(4.185093886716,-1.929005379991,15.21804343268
    ));
#939 = CARTESIAN_POINT('',(4.230192737678,-1.847951185424,
    15.162645843405));
#940 = CARTESIAN_POINT('',(4.274028342787,-1.764127652239,
    15.109303928188));
#941 = CARTESIAN_POINT('',(4.367712987218,-1.57261393608,14.996260186028
    ));
#942 = CARTESIAN_POINT('',(4.416994505165,-1.463300044912,
    14.937463525707));
#943 = CARTESIAN_POINT('',(4.462754018937,-1.353107548844,
    14.883369323064));
#944 = CARTESIAN_POINT('',(4.511053097596,-1.222898956088,
    14.826850570979));
#945 = CARTESIAN_POINT('',(4.540665863176,-1.1327325346,14.792600663935)
  );
#946 = CARTESIAN_POINT('',(4.595707209478,-0.958837697979,
    14.728448283428));
#947 = CARTESIAN_POINT('',(4.612120597668,-0.871317114258,
    14.710600659044));
#948 = CARTESIAN_POINT('',(4.653030618594,-0.705000474337,14.66297171387
    ));
#949 = CARTESIAN_POINT('',(4.670583594619,-0.581081131265,
    14.643562961007));
#950 = CARTESIAN_POINT('',(4.690911647733,-0.433812503592,14.62024965019
    ));
#951 = CARTESIAN_POINT('',(4.702647330598,-0.290845780495,
    14.607000848803));
#952 = CARTESIAN_POINT('',(4.708815909758,-0.14527749859,14.600000000022
    ));
#953 = CARTESIAN_POINT('',(4.708815909778,-9.9E-16,14.6));
#954 = ORIENTED_EDGE('',*,*,#955,.F.);
#955 = EDGE_CURVE('',#214,#877,#956,.T.);
#956 = ( BOUNDED_CURVE() B_SPLINE_CURVE(6,(#957,#958,#959,#960,#961,#962
,#963),.UNSPECIFIED.,.F.,.F.) B_SPLINE_CURVE_WITH_KNOTS((7,7),(0.,
10.703664489478),.PIECEWISE_BEZIER_KNOTS.) CURVE() 
GEOMETRIC_REPRESENTATION_ITEM() RATIONAL_B_SPLINE_CURVE((1.031393471788,
    1.010025407661,0.997924642725,0.993958444137,0.997924642725,
1.010025407661,1.031393471788)) REPRESENTATION_ITEM('') );
#957 = CARTESIAN_POINT('',(5.108815909778,-1.25E-15,14.2));
#958 = CARTESIAN_POINT('',(5.108815909778,-1.0203927E-10,14.306934713261
    ));
#959 = CARTESIAN_POINT('',(5.074814169524,-1.0778578E-10,14.411083429033
    ));
#960 = CARTESIAN_POINT('',(5.009583715059,-1.5715163E-10,14.500767805281
    ));
#961 = CARTESIAN_POINT('',(4.919899338811,-2.4524516E-10,14.565998259747
    ));
#962 = CARTESIAN_POINT('',(4.815750623039,-3.6208192E-10,14.6));
#963 = CARTESIAN_POINT('',(4.708815909778,-9.9E-16,14.6));
#964 = ORIENTED_EDGE('',*,*,#425,.F.);
#965 = ( BOUNDED_SURFACE() B_SPLINE_SURFACE(6,13,(
    (#966,#967,#968,#969,#970,#971,#972,#973,#974,#975,#976,#977,#978
      ,#979,#980,#981,#982,#983,#984,#985,#986,#987,#988,#989,#990,#991
      ,#992,#993,#994,#995,#996,#997,#998,#999,#1000,#1001,#1002,#1003
      ,#1004,#1005,#1006,#1007,#1008,#1009,#1010,#1011,#1012,#1013,#1014
      ,#1015,#1016,#1017,#1018,#1019,#1020,#1021,#1022,#1023,#1024,#1025
      ,#1026,#1027,#1028,#1029,#1030,#1031,#1032,#1033,#1034,#1035,#1036
      ,#1037,#1038,#1039)
    ,(#1040,#1041,#1042,#1043,#1044,#1045,#1046,#1047,#1048,#1049,#1050
      ,#1051,#1052,#1053,#1054,#1055,#1056,#1057,#1058,#1059,#1060,#1061
      ,#1062,#1063,#1064,#1065,#1066,#1067,#1068,#1069,#1070,#1071,#1072
      ,#1073,#1074,#1075,#1076,#1077,#1078,#1079,#1080,#1081,#1082,#1083
      ,#1084,#1085,#1086,#1087,#1088,#1089,#1090,#1091,#1092,#1093,#1094
      ,#1095,#1096,#1097,#1098,#1099,#1100,#1101,#1102,#1103,#1104,#1105
      ,#1106,#1107,#1108,#1109,#1110,#1111,#1112,#1113)
    ,(#1114,#1115,#1116,#1117,#1118,#1119,#1120,#1121,#1122,#1123,#1124
      ,#1125,#1126,#1127,#1128,#1129,#1130,#1131,#1132,#1133,#1134,#1135
      ,#1136,#1137,#1138,#1139,#1140,#1141,#1142,#1143,#1144,#1145,#1146
      ,#1147,#1148,#1149,#1150,#1151,#1152,#1153,#1154,#1155,#1156,#1157
      ,#1158,#1159,#1160,#1161,#1162,#1163,#1164,#1165,#1166,#1167,#1168
      ,#1169,#1170,#1171,#1172,#1173,#1174,#1175,#1176,#1177,#1178,#1179
      ,#1180,#1181,#1182,#1183,#1184,#1185,#1186,#1187)
    ,(#1188,#1189,#1190,#1191,#1192,#1193,#1194,#1195,#1196,#1197,#1198
      ,#1199,#1200,#1201,#1202,#1203,#1204,#1205,#1206,#1207,#1208,#1209
      ,#1210,#1211,#1212,#1213,#1214,#1215,#1216,#1217,#1218,#1219,#1220
      ,#1221,#1222,#1223,#1224,#1225,#1226,#1227,#1228,#1229,#1230,#1231
      ,#1232,#1233,#1234,#1235,#1236,#1237,#1238,#1239,#1240,#1241,#1242
      ,#1243,#1244,#1245,#1246,#1247,#1248,#1249,#1250,#1251,#1252,#1253
      ,#1254,#1255,#1256,#1257,#1258,#1259,#1260,#1261)
    ,(#1262,#1263,#1264,#1265,#1266,#1267,#1268,#1269,#1270,#1271,#1272
      ,#1273,#1274,#1275,#1276,#1277,#1278,#1279,#1280,#1281,#1282,#1283
      ,#1284,#1285,#1286,#1287,#1288,#1289,#1290,#1291,#1292,#1293,#1294
      ,#1295,#1296,#1297,#1298,#1299,#1300,#1301,#1302,#1303,#1304,#1305
      ,#1306,#1307,#1308,#1309,#1310,#1311,#1312,#1313,#1314,#1315,#1316
      ,#1317,#1318,#1319,#1320,#1321,#1322,#1323,#1324,#1325,#1326,#1327
      ,#1328,#1329,#1330,#1331,#1332,#1333,#1334,#1335)
    ,(#1336,#1337,#1338,#1339,#1340,#1341,#1342,#1343,#1344,#1345,#1346
      ,#1347,#1348,#1349,#1350,#1351,#1352,#1353,#1354,#1355,#1356,#1357
      ,#1358,#1359,#1360,#1361,#1362,#1363,#1364,#1365,#1366,#1367,#1368
      ,#1369,#1370,#1371,#1372,#1373,#1374,#1375,#1376,#1377,#1378,#1379
      ,#1380,#1381,#1382,#1383,#1384,#1385,#1386,#1387,#1388,#1389,#1390
      ,#1391,#1392,#1393,#1394,#1395,#1396,#1397,#1398,#1399,#1400,#1401
      ,#1402,#1403,#1404,#1405,#1406,#1407,#1408,#1409)
    ,(#1410,#1411,#1412,#1413,#1414,#1415,#1416,#1417,#1418,#1419,#1420
      ,#1421,#1422,#1423,#1424,#1425,#1426,#1427,#1428,#1429,#1430,#1431
      ,#1432,#1433,#1434,#1435,#1436,#1437,#1438,#1439,#1440,#1441,#1442
      ,#1443,#1444,#1445,#1446,#1447,#1448,#1449,#1450,#1451,#1452,#1453
      ,#1454,#1455,#1456,#1457,#1458,#1459,#1460,#1461,#1462,#1463,#1464
      ,#1465,#1466,#1467,#1468,#1469,#1470,#1471,#1472,#1473,#1474,#1475
      ,#1476,#1477,#1478,#1479,#1480,#1481,#1482,#1483
)),.UNSPECIFIED.,.F.,.F.,.F.) B_SPLINE_SURFACE_WITH_KNOTS((7,7),(14,12,
    12,12,12,12,14),(0.,10.703664489478),(-6.9E-16,1.148485561321,
    3.120770334367,5.351087154399,7.580902100434,8.99591992148,
10.703664489478),.UNSPECIFIED.) GEOMETRIC_REPRESENTATION_ITEM() 
RATIONAL_B_SPLINE_SURFACE((
    (1.031393471788,1.031393471788,1.031455434479,1.031578645643
      ,1.031762105702,1.032004503998,1.032304199427,1.032659210078
      ,1.033067211713,1.033525548751,1.034031256979,1.034581101624
      ,1.035171630671,1.036877044706,1.03806511366,1.039355750938
      ,1.040739913895,1.042208747979,1.043754545717,1.045371201622
      ,1.047054230214,1.04880041238,1.050607137532,1.052471506848
      ,1.054389264697,1.058574978575,1.060857387254,1.063187565018
      ,1.065551724449,1.067933511724,1.070306200214,1.072623041182
      ,1.074809672531,1.0767624845,1.078356843576,1.079469073555
      ,1.080016094656,1.080017145553,1.079469977843,1.078359141395
      ,1.076766439399,1.074813994511,1.072626192218,1.070307745752
      ,1.067934601719,1.065554405252,1.063193243819,1.060865388567
      ,1.058582752237,1.054950743379,1.053564680138,1.052205074582
      ,1.050873887504,1.049572685503,1.048302767587,1.047065291919
      ,1.045861402369,1.044692355284,1.043559646056,1.042465135845
      ,1.041411178205,1.039181283706,1.03802221338,1.036958204497
      ,1.035846712785,1.035152476048,1.033949557547,1.033514382296
      ,1.032659010183,1.032229390447,1.031794344181,1.031529937987
      ,1.031393471788,1.031393471788)
    ,(1.010025407661,1.010025407662,1.01004432704,1.010081947565
      ,1.010137949553,1.0102119044,1.010303269624,1.01041138788
      ,1.010535488511,1.010674694138,1.010828030246,1.010994440198
      ,1.011172804347,1.011686807965,1.012043760896,1.012430125978
      ,1.012842791266,1.013278719305,1.013735244476,1.014210205313
      ,1.014701938903,1.015209163848,1.015730778942,1.016265604125
      ,1.016812090714,1.017996697227,1.018637870493,1.019287294741
      ,1.019940916667,1.020593891615,1.021238543936,1.021862121779
      ,1.022445190164,1.022961505497,1.023380215471,1.023671227535
      ,1.023814589743,1.023814864944,1.023671452013,1.023380816591
      ,1.022962561464,1.022446351659,1.021862968599,1.021238955841
      ,1.020594182484,1.019941648692,1.019288859697,1.018640092739
      ,1.017998883019,1.016971004823,1.016576808708,1.01618828653
      ,1.015806115195,1.015430863584,1.015063028888,1.014703072983
      ,1.014351458765,1.014008686519,1.013675330263,1.013352074107
      ,1.013039748609,1.012376845291,1.012030822285,1.011711985791
      ,1.011377569541,1.011167869727,1.010804458496,1.010671181676
      ,1.010411920238,1.010280392543,1.010147853762,1.01006706948
      ,1.010025407662,1.010025407661)
    ,(0.997924642725,0.997924642725,0.997920614223,0.99791260368
      ,0.997900677713,0.997884924837,0.99786545642,0.997842407528
      ,0.997815936416,0.997786224007,0.997753471746,0.997717899096
      ,0.997679739547,0.997569678787,0.997493150514,0.997410200327
      ,0.997321470104,0.997227591038,0.997129120637,0.997026514001
      ,0.996920124652,0.996810228757,0.996697068169,0.996580906196
      ,0.996462091266,0.996204328048,0.99606468325,0.995923155933
      ,0.995780646345,0.995638244173,0.995497678954,0.995361792312
      ,0.995234860985,0.995122598523,0.995031664814,0.994968511329
      ,0.994937391033,0.9949373313,0.994968462883,0.995031534288
      ,0.995122368758,0.995234608054,0.995361607894,0.995497589202
      ,0.995638180739,0.995780486634,0.995922814673,0.996064198903
      ,0.996203852062,0.996427512751,0.996513237325,0.996597670713
      ,0.99668066065,0.996762079681,0.996841817267,0.996919771967
      ,0.996995843509,0.997069924989,0.997141894952,0.997211609563
      ,0.99727889472,0.997421554559,0.997495915779,0.997564343542
      ,0.99763600511,0.997680870283,0.99775861559,0.997786966058
      ,0.997842348436,0.997870325835,0.99789857435,0.997915771139
      ,0.997924642725,0.997924642725)
    ,(0.993958444137,0.993958444137,0.993946938989,0.993924061391
      ,0.993890003102,0.993845019747,0.993789433603,0.993723635021
      ,0.993648081061,0.993563292655,0.993469848525,0.993368377078
      ,0.993259545004,0.99294569257,0.992727506328,0.992491048823
      ,0.992238128706,0.991970507045,0.991689717806,0.991396985632
      ,0.991093226672,0.99077911731,0.990455216632,0.990122127545
      ,0.989780682204,0.989037991733,0.988634514106,0.988224132749
      ,0.987809308047,0.987392947583,0.986979735206,0.986577734326
      ,0.986199627186,0.985862950458,0.985588689143,0.985397589128
      ,0.98530355014,0.985303369528,0.985397436687,0.985588294465
      ,0.985862266063,0.986198877445,0.986577187812,0.986979468084
      ,0.987392759255,0.987808840292,0.988223137799,0.988633107143
      ,0.989036616872,0.989681053642,0.989927590774,0.990170014556
      ,0.990407951155,0.990641093783,0.990869180002,0.991091969072
      ,0.991309219237,0.991520665079,0.991725994808,0.991924827606
      ,0.992116690935,0.992523432615,0.992735411629,0.992930472744
      ,0.993134779369,0.993262725078,0.993484445833,0.993565403611
      ,0.993723424238,0.993803336643,0.993883991817,0.993933107798
      ,0.993958444137,0.993958444137)
    ,(0.997924642725,0.997924642725,0.997920614223,0.99791260368
      ,0.997900677713,0.997884924836,0.997865456421,0.997842407527
      ,0.997815936416,0.997786224006,0.997753471746,0.997717899096
      ,0.997679739547,0.997569678787,0.997493150514,0.997410200327
      ,0.997321470104,0.997227591038,0.997129120636,0.997026514001
      ,0.996920124651,0.996810228758,0.996697068168,0.996580906196
      ,0.996462091266,0.996204328048,0.99606468325,0.995923155933
      ,0.995780646346,0.995638244172,0.995497678954,0.995361792312
      ,0.995234860986,0.995122598522,0.995031664814,0.994968511329
      ,0.994937391033,0.9949373313,0.994968462883,0.995031534288
      ,0.995122368759,0.995234608052,0.995361607896,0.9954975892
      ,0.995638180741,0.995780486633,0.995922814673,0.996064198903
      ,0.996203852062,0.996427512751,0.996513237325,0.996597670713
      ,0.99668066065,0.996762079682,0.996841817267,0.996919771968
      ,0.996995843508,0.997069924989,0.997141894952,0.997211609563
      ,0.99727889472,0.997421554559,0.99749591578,0.997564343541
      ,0.997636005112,0.997680870279,0.997758615594,0.997786966054
      ,0.997842348439,0.997870325833,0.997898574351,0.997915771139
      ,0.997924642725,0.997924642725)
    ,(1.010025407661,1.010025407662,1.01004432704,1.010081947565
      ,1.010137949553,1.0102119044,1.010303269624,1.01041138788
      ,1.010535488511,1.010674694138,1.010828030246,1.010994440198
      ,1.011172804347,1.011686807965,1.012043760896,1.012430125978
      ,1.012842791265,1.013278719308,1.013735244472,1.014210205316
      ,1.0147019389,1.01520916385,1.015730778941,1.016265604125
      ,1.016812090714,1.017996697227,1.018637870493,1.019287294741
      ,1.019940916668,1.020593891614,1.021238543938,1.021862121777
      ,1.022445190166,1.022961505496,1.023380215472,1.023671227535
      ,1.023814589743,1.023814864944,1.023671452014,1.02338081659
      ,1.022962561464,1.022446351658,1.0218629686,1.02123895584
      ,1.020594182485,1.019941648692,1.019288859697,1.018640092738
      ,1.017998883019,1.016971004823,1.016576808709,1.016188286529
      ,1.015806115195,1.015430863583,1.015063028889,1.014703072982
      ,1.014351458766,1.014008686519,1.013675330263,1.013352074107
      ,1.013039748609,1.012376845291,1.012030822285,1.011711985791
      ,1.011377569542,1.011167869725,1.010804458498,1.010671181673
      ,1.01041192024,1.010280392541,1.010147853763,1.01006706948
      ,1.010025407662,1.010025407661)
    ,(1.031393471788,1.031393471788,1.031455434479,1.031578645643
      ,1.031762105702,1.032004503998,1.032304199427,1.032659210078
      ,1.033067211713,1.033525548751,1.034031256979,1.034581101624
      ,1.035171630671,1.036877044706,1.03806511366,1.039355750938
      ,1.040739913895,1.042208747979,1.043754545717,1.045371201622
      ,1.047054230214,1.04880041238,1.050607137532,1.052471506848
      ,1.054389264697,1.058574978575,1.060857387254,1.063187565018
      ,1.065551724449,1.067933511724,1.070306200214,1.072623041182
      ,1.074809672531,1.0767624845,1.078356843576,1.079469073555
      ,1.080016094656,1.080017145553,1.079469977843,1.078359141395
      ,1.076766439399,1.074813994511,1.072626192218,1.070307745752
      ,1.067934601719,1.065554405252,1.063193243819,1.060865388567
      ,1.058582752237,1.054950743379,1.053564680138,1.052205074582
      ,1.050873887504,1.049572685503,1.048302767587,1.047065291919
      ,1.045861402369,1.044692355284,1.043559646056,1.042465135845
      ,1.041411178205,1.039181283706,1.03802221338,1.036958204497
      ,1.035846712785,1.035152476048,1.033949557547,1.033514382296
      ,1.032659010183,1.032229390447,1.031794344181,1.031529937987
,1.031393471788,1.031393471788))) REPRESENTATION_ITEM('') SURFACE() );
#966 = CARTESIAN_POINT('',(5.108815909778,-1.25E-15,21.6));
#967 = CARTESIAN_POINT('',(5.108815909778,-0.119448066102,21.6));
#968 = CARTESIAN_POINT('',(5.105786904622,-0.23863102881,21.596449723264
    ));
#969 = CARTESIAN_POINT('',(5.099764725074,-0.357087985629,
    21.589391157926));
#970 = CARTESIAN_POINT('',(5.09080494587,-0.474586208819,21.578883947627
    ));
#971 = CARTESIAN_POINT('',(5.078983716314,-0.590956774682,21.56500661985
    ));
#972 = CARTESIAN_POINT('',(5.064397980759,-0.706011858494,
    21.547857196777));
#973 = CARTESIAN_POINT('',(5.047165133962,-0.819522559477,
    21.527553262792));
#974 = CARTESIAN_POINT('',(5.027422159127,-0.931236051653,
    21.504231566542));
#975 = CARTESIAN_POINT('',(5.00532429748,-1.040910839057,21.478047235174
    ));
#976 = CARTESIAN_POINT('',(4.981043301233,-1.148348920137,
    21.449172683163));
#977 = CARTESIAN_POINT('',(4.954765322202,-1.253403737482,
    21.417796296742));
#978 = CARTESIAN_POINT('',(4.926688490615,-1.355942894197,
    21.384120979008));
#979 = CARTESIAN_POINT('',(4.846154993681,-1.626851763344,
    21.287056139269));
#980 = CARTESIAN_POINT('',(4.790536397023,-1.790276192801,21.21952852209
    ));
#981 = CARTESIAN_POINT('',(4.730716516855,-1.946639913481,
    21.146269903073));
#982 = CARTESIAN_POINT('',(4.667280357802,-2.096190821303,
    21.067789919965));
#983 = CARTESIAN_POINT('',(4.600788349793,-2.239065848645,
    20.984556352975));
#984 = CARTESIAN_POINT('',(4.531740992313,-2.375433330915,
    20.896953922982));
#985 = CARTESIAN_POINT('',(4.460562871278,-2.505542967553,
    20.805260440473));
#986 = CARTESIAN_POINT('',(4.387603213936,-2.629711397019,20.70963741613
    ));
#987 = CARTESIAN_POINT('',(4.313150146451,-2.748271073935,20.61013224041
    ));
#988 = CARTESIAN_POINT('',(4.237455851211,-2.861509735349,20.50668906271
    ));
#989 = CARTESIAN_POINT('',(4.160769875244,-2.969627302893,
    20.399165552037));
#990 = CARTESIAN_POINT('',(4.083377907607,-3.072736596632,
    20.287352773992));
#991 = CARTESIAN_POINT('',(3.918086596212,-3.281538832544,
    20.039935564554));
#992 = CARTESIAN_POINT('',(3.83008486864,-3.385903182235,19.903212114094
    ));
#993 = CARTESIAN_POINT('',(3.742186395612,-3.484054038654,
    19.760171158786));
#994 = CARTESIAN_POINT('',(3.655026117226,-3.575996532209,
    19.610522125618));
#995 = CARTESIAN_POINT('',(3.569271412772,-3.661642105755,
    19.453729111478));
#996 = CARTESIAN_POINT('',(3.485810497523,-3.740682631236,
    19.288894784502));
#997 = CARTESIAN_POINT('',(3.406040483071,-3.81246288796,19.114979886928
    ));
#998 = CARTESIAN_POINT('',(3.332117902288,-3.875899856352,
    18.931207681028));
#999 = CARTESIAN_POINT('',(3.267040761381,-3.929493651976,
    18.737510729989));
#1000 = CARTESIAN_POINT('',(3.214436615977,-3.971472490491,
    18.534887800005));
#1001 = CARTESIAN_POINT('',(3.177932676171,-4.000114317334,
    18.325550790617));
#1002 = CARTESIAN_POINT('',(3.159977051436,-4.01429259456,
    18.112752350951));
#1003 = CARTESIAN_POINT('',(3.159947919711,-4.014315526346,
    17.687673968046));
#1004 = CARTESIAN_POINT('',(3.177902024356,-4.000131643826,
    17.474764471562));
#1005 = CARTESIAN_POINT('',(3.214350130713,-3.971540020827,
    17.265444336698));
#1006 = CARTESIAN_POINT('',(3.266892710804,-3.929621379486,
    17.062889491267));
#1007 = CARTESIAN_POINT('',(3.331956828772,-3.876043735081,
    16.869186431754));
#1008 = CARTESIAN_POINT('',(3.405922538871,-3.812568986213,
    16.685300836341));
#1009 = CARTESIAN_POINT('',(3.485751878039,-3.740733948805,
    16.511239313414));
#1010 = CARTESIAN_POINT('',(3.569231185094,-3.661677423862,
    16.346342884519));
#1011 = CARTESIAN_POINT('',(3.654930219704,-3.576089981817,
    16.189641570026));
#1012 = CARTESIAN_POINT('',(3.741982161539,-3.484264138817,
    16.040189282303));
#1013 = CARTESIAN_POINT('',(3.829793089743,-3.386221031218,
    15.897289583849));
#1014 = CARTESIAN_POINT('',(3.917794983358,-3.281886963303,
    15.760516286657));
#1015 = CARTESIAN_POINT('',(4.061121463288,-3.100864617462,
    15.545953973578));
#1016 = CARTESIAN_POINT('',(4.116708260647,-3.027896047019,
    15.464811303993));
#1017 = CARTESIAN_POINT('',(4.171990195497,-2.952370827264,
    15.385909040587));
#1018 = CARTESIAN_POINT('',(4.226849464403,-2.87425145504,
    15.309171879798));
#1019 = CARTESIAN_POINT('',(4.281177963624,-2.793479593057,
    15.23454144013));
#1020 = CARTESIAN_POINT('',(4.334873124975,-2.709979382561,
    15.161977818746));
#1021 = CARTESIAN_POINT('',(4.387833679253,-2.623660837808,
    15.091461216675));
#1022 = CARTESIAN_POINT('',(4.439955349925,-2.534423328022,
    15.022993624884));
#1023 = CARTESIAN_POINT('',(4.491126480557,-2.442159152782,
    14.956600565606));
#1024 = CARTESIAN_POINT('',(4.541223600979,-2.346757216968,
    14.892332880822));
#1025 = CARTESIAN_POINT('',(4.590106937903,-2.248106812102,
    14.830268561659));
#1026 = CARTESIAN_POINT('',(4.637615877619,-2.146101511144,14.7705146095
    ));
#1027 = CARTESIAN_POINT('',(4.73913733029,-1.913095435317,
    14.643899914393));
#1028 = CARTESIAN_POINT('',(4.792561847458,-1.780056708683,
    14.578014571015));
#1029 = CARTESIAN_POINT('',(4.84206614857,-1.646098481969,
    14.517547503796));
#1030 = CARTESIAN_POINT('',(4.894338187117,-1.488736456449,
    14.454301915447));
#1031 = CARTESIAN_POINT('',(4.927634295075,-1.372947910619,
    14.414355582855));
#1032 = CARTESIAN_POINT('',(4.98390699667,-1.176163344984,
    14.347021286053));
#1033 = CARTESIAN_POINT('',(5.006707290237,-1.04912153609,
    14.320257987493));
#1034 = CARTESIAN_POINT('',(5.046401739709,-0.865243862369,
    14.273199666287));
#1035 = CARTESIAN_POINT('',(5.068358907434,-0.703002458287,
    14.247470899191));
#1036 = CARTESIAN_POINT('',(5.08912577236,-0.528630850165,
    14.223073923403));
#1037 = CARTESIAN_POINT('',(5.10215211595,-0.353683519191,
    14.207811771915));
#1038 = CARTESIAN_POINT('',(5.108815909773,-0.177009652988,
    14.200000000004));
#1039 = CARTESIAN_POINT('',(5.108815909778,-1.25E-15,14.2));
#1040 = CARTESIAN_POINT('',(5.108815909778,8.88E-15,21.493065286739));
#1041 = CARTESIAN_POINT('',(5.108815909778,-0.115995833565,
    21.493065286739));
#1042 = CARTESIAN_POINT('',(5.105961852736,-0.231743888455,
    21.489527625128));
#1043 = CARTESIAN_POINT('',(5.100286858123,-0.346794880934,
    21.482493326662));
#1044 = CARTESIAN_POINT('',(5.091843155393,-0.460921627429,
    21.472021740482));
#1045 = CARTESIAN_POINT('',(5.080702908167,-0.573958677507,
    21.45819175087));
#1046 = CARTESIAN_POINT('',(5.066958482966,-0.685721682881,
    21.441102466078));
#1047 = CARTESIAN_POINT('',(5.050722158188,-0.795985892345,
    21.420873369163));
#1048 = CARTESIAN_POINT('',(5.032125270421,-0.904503140881,
    21.397643916843));
#1049 = CARTESIAN_POINT('',(5.011316794943,-1.011036697056,
    21.371572571349));
#1050 = CARTESIAN_POINT('',(4.988461358956,-1.115393340058,
    21.34283525315));
#1051 = CARTESIAN_POINT('',(4.96373668562,-1.217432060222,
    21.311623200944));
#1052 = CARTESIAN_POINT('',(4.937330468249,-1.317028808495,
    21.27814022771));
#1053 = CARTESIAN_POINT('',(4.861559227913,-1.580380091695,
    21.181596332631));
#1054 = CARTESIAN_POINT('',(4.809241353584,-1.739296235,21.114456073617)
  );
#1055 = CARTESIAN_POINT('',(4.752996798349,-1.891377174862,
    21.041656689562));
#1056 = CARTESIAN_POINT('',(4.693391484695,-2.036855376654,
    20.963729246376));
#1057 = CARTESIAN_POINT('',(4.63097330799,-2.175841438782,
    20.881172452149));
#1058 = CARTESIAN_POINT('',(4.566230891396,-2.308484050024,
    20.794399851982));
#1059 = CARTESIAN_POINT('',(4.499576462856,-2.435024722308,
    20.703713449435));
#1060 = CARTESIAN_POINT('',(4.431348010051,-2.555779685012,
    20.60929765738));
#1061 = CARTESIAN_POINT('',(4.361825878134,-2.671081203993,
    20.511227490966));
#1062 = CARTESIAN_POINT('',(4.291258997548,-2.781210441197,
    20.409484941506));
#1063 = CARTESIAN_POINT('',(4.219895958616,-2.886353811036,
    20.303977503622));
#1064 = CARTESIAN_POINT('',(4.14801618474,-2.986614620725,
    20.194552868446));
#1065 = CARTESIAN_POINT('',(3.994564131293,-3.189976701465,
    19.95274872216));
#1066 = CARTESIAN_POINT('',(3.912926668169,-3.291761749342,
    19.819309515906));
#1067 = CARTESIAN_POINT('',(3.831547087408,-3.387516858884,
    19.680124251816));
#1068 = CARTESIAN_POINT('',(3.751024060539,-3.477247565577,
    19.534954332711));
#1069 = CARTESIAN_POINT('',(3.671984476156,-3.560870823444,
    19.383350094139));
#1070 = CARTESIAN_POINT('',(3.595239806938,-3.638101137818,
    19.224534471371));
#1071 = CARTESIAN_POINT('',(3.52204202648,-3.708320295948,
    19.057581515014));
#1072 = CARTESIAN_POINT('',(3.454316159108,-3.770483164086,
    18.881767992496));
#1073 = CARTESIAN_POINT('',(3.394747994283,-3.823111144558,
    18.696978188166));
#1074 = CARTESIAN_POINT('',(3.346606729104,-3.864424293684,
    18.504044421528));
#1075 = CARTESIAN_POINT('',(3.313182594004,-3.892663173631,
    18.304908584248));
#1076 = CARTESIAN_POINT('',(3.296717836463,-3.906652771967,
    18.102492433554));
#1077 = CARTESIAN_POINT('',(3.296692647182,-3.906674207594,
    17.697883696205));
#1078 = CARTESIAN_POINT('',(3.313154776274,-3.892680557495,
    17.495403010391));
#1079 = CARTESIAN_POINT('',(3.346524635792,-3.864493234983,
    17.296307054687));
#1080 = CARTESIAN_POINT('',(3.39460707416,-3.82324057689,17.103436204997
    ));
#1081 = CARTESIAN_POINT('',(3.454163025884,-3.770628418878,
    16.918625681696));
#1082 = CARTESIAN_POINT('',(3.52192987631,-3.708427562416,
    16.742691090313));
#1083 = CARTESIAN_POINT('',(3.59518388794,-3.638153658466,
    16.575594326882));
#1084 = CARTESIAN_POINT('',(3.671946654217,-3.560906771812,
    16.416722151762));
#1085 = CARTESIAN_POINT('',(3.750935773246,-3.477339212687,
    16.265207715257));
#1086 = CARTESIAN_POINT('',(3.831359991459,-3.387720504571,
    16.120223047421));
#1087 = CARTESIAN_POINT('',(3.912660056959,-3.292068004203,
    15.981168576869));
#1088 = CARTESIAN_POINT('',(3.994297751109,-3.19031106834,
    15.847684256899));
#1089 = CARTESIAN_POINT('',(4.127403907775,-3.013943011379,
    15.637919208441));
#1090 = CARTESIAN_POINT('',(4.179022350092,-2.942959110202,
    15.558547674913));
#1091 = CARTESIAN_POINT('',(4.230427054697,-2.869488793142,
    15.481221749753));
#1092 = CARTESIAN_POINT('',(4.281505107868,-2.793493766317,
    15.405885583126));
#1093 = CARTESIAN_POINT('',(4.332151862874,-2.714916108185,
    15.332498554937));
#1094 = CARTESIAN_POINT('',(4.382267094489,-2.633681505825,
    15.261036996983));
#1095 = CARTESIAN_POINT('',(4.431751134188,-2.549702514835,
    15.191495935795));
#1096 = CARTESIAN_POINT('',(4.480500986651,-2.462881844197,
    15.123890853742));
#1097 = CARTESIAN_POINT('',(4.528406428578,-2.373115668283,
    15.058259466929));
#1098 = CARTESIAN_POINT('',(4.575346091061,-2.280296967302,
    14.994663517174));
#1099 = CARTESIAN_POINT('',(4.62118352718,-2.184318898623,
    14.933190576425));
#1100 = CARTESIAN_POINT('',(4.665763266873,-2.08507820062,
    14.873955860564));
#1101 = CARTESIAN_POINT('',(4.76100972778,-1.858573063554,
    14.748446296988));
#1102 = CARTESIAN_POINT('',(4.8111473963,-1.729330536769,14.683103756971
    ));
#1103 = CARTESIAN_POINT('',(4.857659695529,-1.59918175385,
    14.623051136201));
#1104 = CARTESIAN_POINT('',(4.906826629906,-1.44611332758,
    14.560167439603));
#1105 = CARTESIAN_POINT('',(4.937965889608,-1.334486006331,
    14.520707773277));
#1106 = CARTESIAN_POINT('',(4.991422943751,-1.141292805511,
    14.452962176727));
#1107 = CARTESIAN_POINT('',(5.012204497771,-1.020581248868,
    14.427362892485));
#1108 = CARTESIAN_POINT('',(5.050259077129,-0.839478091038,
    14.379481493473));
#1109 = CARTESIAN_POINT('',(5.070544245182,-0.683360653458,
    14.354463967004));
#1110 = CARTESIAN_POINT('',(5.09029947673,-0.513319899405,
    14.329869861309));
#1111 = CARTESIAN_POINT('',(5.102533524517,-0.343508270475,
    14.31472410521));
#1112 = CARTESIAN_POINT('',(5.108815909775,-0.171855693154,
    14.306934713264));
#1113 = CARTESIAN_POINT('',(5.108815909778,-1.0203927E-10,
    14.306934713261));
#1114 = CARTESIAN_POINT('',(5.074814169524,5.77E-15,21.388916570967));
#1115 = CARTESIAN_POINT('',(5.074814169524,-0.111924483021,
    21.388916570968));
#1116 = CARTESIAN_POINT('',(5.072078485625,-0.223615096486,
    21.385390941652));
#1117 = CARTESIAN_POINT('',(5.066638553564,-0.334633039789,
    21.378380132912));
#1118 = CARTESIAN_POINT('',(5.058544573372,-0.444754627195,
    21.367943368728));
#1119 = CARTESIAN_POINT('',(5.047866316752,-0.553815687496,
    21.354159800581));
#1120 = CARTESIAN_POINT('',(5.034693460467,-0.66163339289,
    21.337129292876));
#1121 = CARTESIAN_POINT('',(5.019135374768,-0.767985555463,
    21.31697271151));
#1122 = CARTESIAN_POINT('',(5.001320295396,-0.87262743415,
    21.293831583783));
#1123 = CARTESIAN_POINT('',(4.981393808063,-0.975326095854,
    21.267867001423));
#1124 = CARTESIAN_POINT('',(4.959516573487,-1.07589237338,
    21.239257633896));
#1125 = CARTESIAN_POINT('',(4.935861221609,-1.174190457471,
    21.208196723381));
#1126 = CARTESIAN_POINT('',(4.910608342866,-1.27010515452,
    21.174887928792));
#1127 = CARTESIAN_POINT('',(4.838141711293,-1.523759409903,
    21.078830294471));
#1128 = CARTESIAN_POINT('',(4.788140973226,-1.676713625501,
    21.012067409385));
#1129 = CARTESIAN_POINT('',(4.734421009724,-1.822997262794,
    20.939709898905));
#1130 = CARTESIAN_POINT('',(4.677538507456,-1.96282573024,
    20.862305713953));
#1131 = CARTESIAN_POINT('',(4.618039076262,-2.096280135659,
    20.780380987001));
#1132 = CARTESIAN_POINT('',(4.556408356074,-2.223487406242,
    20.694374489224));
#1133 = CARTESIAN_POINT('',(4.49305314323,-2.344680145531,
    20.604608225562));
#1134 = CARTESIAN_POINT('',(4.428305405268,-2.460173937304,
    20.511284742375));
#1135 = CARTESIAN_POINT('',(4.362442050946,-2.57029983505,
    20.414501723908));
#1136 = CARTESIAN_POINT('',(4.295713315241,-2.675329810908,
    20.314274440037));
#1137 = CARTESIAN_POINT('',(4.228372611419,-2.775432977957,
    20.210556603521));
#1138 = CARTESIAN_POINT('',(4.160700692114,-2.870700441923,
    20.10325017817));
#1139 = CARTESIAN_POINT('',(4.0164584092,-3.0637294278,19.866577385999)
  );
#1140 = CARTESIAN_POINT('',(3.939872688007,-3.160170673612,
    19.736234720368));
#1141 = CARTESIAN_POINT('',(3.863727965941,-3.250684104632,
    19.600680800856));
#1142 = CARTESIAN_POINT('',(3.788600594571,-3.335285290102,
    19.459744613575));
#1143 = CARTESIAN_POINT('',(3.715090847761,-3.413909908164,
    19.313077123338));
#1144 = CARTESIAN_POINT('',(3.64395042307,-3.486322442106,
    19.160030164078));
#1145 = CARTESIAN_POINT('',(3.576309549967,-3.551997120214,
    18.99980232396));
#1146 = CARTESIAN_POINT('',(3.513891287054,-3.610023067228,
    18.831746751778));
#1147 = CARTESIAN_POINT('',(3.459100302849,-3.659085809515,
    18.655735436418));
#1148 = CARTESIAN_POINT('',(3.414873190534,-3.697577398054,
    18.472474031044));
#1149 = CARTESIAN_POINT('',(3.384177310858,-3.72388739875,
    18.283660737965));
#1150 = CARTESIAN_POINT('',(3.369045495739,-3.73692674618,
    18.091882282983));
#1151 = CARTESIAN_POINT('',(3.369024077291,-3.73694507443,
    17.708440505892));
#1152 = CARTESIAN_POINT('',(3.384152233545,-3.723903344125,
    17.51664677751));
#1153 = CARTESIAN_POINT('',(3.414794670877,-3.69764468733,
    17.327898316099));
#1154 = CARTESIAN_POINT('',(3.458964696034,-3.659212151855,
    17.144695483508));
#1155 = CARTESIAN_POINT('',(3.513743826814,-3.610164726498,
    16.968648742521));
#1156 = CARTESIAN_POINT('',(3.576201409122,-3.55210201823,
    16.800463517869));
#1157 = CARTESIAN_POINT('',(3.643896417551,-3.48637428311,
    16.640093388922));
#1158 = CARTESIAN_POINT('',(3.715055122041,-3.413944846432,
    16.486994655649));
#1159 = CARTESIAN_POINT('',(3.788518660427,-3.335371680482,
    16.340415715361));
#1160 = CARTESIAN_POINT('',(3.863554549991,-3.250874849709,
    16.199655138052));
#1161 = CARTESIAN_POINT('',(3.939625977429,-3.160456603849,
    16.064222713039));
#1162 = CARTESIAN_POINT('',(4.016212465074,-3.064041020783,
    15.933838037022));
#1163 = CARTESIAN_POINT('',(4.141350358002,-2.89660695773,
    15.728491634254));
#1164 = CARTESIAN_POINT('',(4.189924877661,-2.829175728415,
    15.650701945488));
#1165 = CARTESIAN_POINT('',(4.238376802688,-2.759289002734,15.5747843264
    ));
#1166 = CARTESIAN_POINT('',(4.286595042398,-2.686908003437,
    15.500701859588));
#1167 = CARTESIAN_POINT('',(4.334475845805,-2.611975760497,
    15.428430711446));
#1168 = CARTESIAN_POINT('',(4.381919198362,-2.534420141495,
    15.35796208015));
#1169 = CARTESIAN_POINT('',(4.428825222627,-2.454156877115,
    15.289304139168));
#1170 = CARTESIAN_POINT('',(4.475090582853,-2.371092581506,
    15.222483976467));
#1171 = CARTESIAN_POINT('',(4.520604893118,-2.285127767035,
    15.157549530249));
#1172 = CARTESIAN_POINT('',(4.565247128934,-2.196159853171,
    15.094571521176));
#1173 = CARTESIAN_POINT('',(4.608882041794,-2.104086169017,
    15.033645382097));
#1174 = CARTESIAN_POINT('',(4.651356576394,-2.008806949102,
    14.974893185388));
#1175 = CARTESIAN_POINT('',(4.742139532929,-1.791273610581,
    14.850374431522));
#1176 = CARTESIAN_POINT('',(4.789960419959,-1.667095310294,
    14.785512060968));
#1177 = CARTESIAN_POINT('',(4.834384757228,-1.541935483115,
    14.725823535981));
#1178 = CARTESIAN_POINT('',(4.881393831081,-1.394438728331,
    14.663274021805));
#1179 = CARTESIAN_POINT('',(4.910948499077,-1.287983068698,
    14.624318656624));
#1180 = CARTESIAN_POINT('',(4.962727385824,-1.099445794212,
    14.556028569908));
#1181 = CARTESIAN_POINT('',(4.981731311772,-0.986407748724,
    14.531780015375));
#1182 = CARTESIAN_POINT('',(5.019032287384,-0.808776436295,
    14.482902241109));
#1183 = CARTESIAN_POINT('',(5.037946381844,-0.660033736069,
    14.458707196185));
#1184 = CARTESIAN_POINT('',(5.057115477231,-0.495186678881,
    14.433870886079));
#1185 = CARTESIAN_POINT('',(5.068788100007,-0.331487341164,
    14.418852472463));
#1186 = CARTESIAN_POINT('',(5.074814169521,-0.165777430185,
    14.411083429037));
#1187 = CARTESIAN_POINT('',(5.074814169524,-1.0778578E-10,
    14.411083429033));
#1188 = CARTESIAN_POINT('',(5.009583715059,3.11E-15,21.299232194719));
#1189 = CARTESIAN_POINT('',(5.009583715059,-0.107668860526,
    21.299232194719));
#1190 = CARTESIAN_POINT('',(5.006900391986,-0.215114517926,
    21.29573930102));
#1191 = CARTESIAN_POINT('',(5.001564517338,-0.321908752555,
    21.288793465084));
#1192 = CARTESIAN_POINT('',(4.993625416396,-0.427831252813,
    21.278453498652));
#1193 = CARTESIAN_POINT('',(4.983151771128,-0.532718978903,
    21.264798147165));
#1194 = CARTESIAN_POINT('',(4.970232045953,-0.636390536031,
    21.247926976329));
#1195 = CARTESIAN_POINT('',(4.954974390347,-0.738626288125,
    21.227960822628));
#1196 = CARTESIAN_POINT('',(4.937505871968,-0.839184955271,
    21.205041556947));
#1197 = CARTESIAN_POINT('',(4.917970893289,-0.937837441043,
    21.179330911366));
#1198 = CARTESIAN_POINT('',(4.896528644413,-1.034398631772,
    21.151008116736));
#1199 = CARTESIAN_POINT('',(4.873349444064,-1.128737896662,
    21.12026609973));
#1200 = CARTESIAN_POINT('',(4.848609820378,-1.22074899992,
    21.087305985845));
#1201 = CARTESIAN_POINT('',(4.777610095365,-1.464025392856,
    20.992246106325));
#1202 = CARTESIAN_POINT('',(4.728650953614,-1.610540915539,
    20.926216667871));
#1203 = CARTESIAN_POINT('',(4.676063076688,-1.750533704233,
    20.854671705482));
#1204 = CARTESIAN_POINT('',(4.62039936234,-1.884203684115,20.77816492566
    ));
#1205 = CARTESIAN_POINT('',(4.56220834197,-2.011603334983,
    20.697238148986));
#1206 = CARTESIAN_POINT('',(4.501976860715,-2.132838385681,
    20.612343719138));
#1207 = CARTESIAN_POINT('',(4.440108998181,-2.248132799608,
    20.523812042529));
#1208 = CARTESIAN_POINT('',(4.376931848395,-2.357801355973,
    20.431851756656));
#1209 = CARTESIAN_POINT('',(4.312718765451,-2.462173220582,
    20.336570010625));
#1210 = CARTESIAN_POINT('',(4.247720659116,-2.561510011905,
    20.238000312689));
#1211 = CARTESIAN_POINT('',(4.182195895466,-2.655961995066,
    20.136125363571));
#1212 = CARTESIAN_POINT('',(4.116429324089,-2.745606174397,
    20.030882251769));
#1213 = CARTESIAN_POINT('',(3.976381460538,-2.926807408783,
    19.799073098436));
#1214 = CARTESIAN_POINT('',(3.902110229019,-3.01704311043,
    19.671595321322));
#1215 = CARTESIAN_POINT('',(3.828366714266,-3.101430546886,
    19.539255055335));
#1216 = CARTESIAN_POINT('',(3.755719345176,-3.17999750147,
    19.401927467526));
#1217 = CARTESIAN_POINT('',(3.684760905265,-3.252698663065,
    19.259334441911));
#1218 = CARTESIAN_POINT('',(3.616220399755,-3.319348229679,
    19.110916807431));
#1219 = CARTESIAN_POINT('',(3.551174800539,-3.3795195952,18.955959798613
    ));
#1220 = CARTESIAN_POINT('',(3.491253245192,-3.432459604948,
    18.793874402577));
#1221 = CARTESIAN_POINT('',(3.438725357593,-3.47706542695,
    18.624536064559));
#1222 = CARTESIAN_POINT('',(3.396364560457,-3.511972483712,
    18.448580706517));
#1223 = CARTESIAN_POINT('',(3.366977004819,-3.535801901644,
    18.267556217313));
#1224 = CARTESIAN_POINT('',(3.3524877148,-3.547615240302,18.083825915513
    ));
#1225 = CARTESIAN_POINT('',(3.352468542123,-3.547630130185,
    17.716454816072));
#1226 = CARTESIAN_POINT('',(3.366953614445,-3.535815607327,
    17.532747506283));
#1227 = CARTESIAN_POINT('',(3.396287164289,-3.512036429991,
    17.351808112991));
#1228 = CARTESIAN_POINT('',(3.438590668332,-3.477186358411,
    17.175909101859));
#1229 = CARTESIAN_POINT('',(3.491106508517,-3.432595410069,
    17.006524392674));
#1230 = CARTESIAN_POINT('',(3.551067052578,-3.379620446913,
    16.84430206717));
#1231 = CARTESIAN_POINT('',(3.616166663161,-3.319398288279,
    16.689202672841));
#1232 = CARTESIAN_POINT('',(3.684726181834,-3.25273164162,
    16.540736011361));
#1233 = CARTESIAN_POINT('',(3.755640467379,-3.18007740754,
    16.398230687767));
#1234 = CARTESIAN_POINT('',(3.828199466114,-3.101606804499,
    16.261072190871));
#1235 = CARTESIAN_POINT('',(3.901872639793,-3.017307017258,
    16.128846537973));
#1236 = CARTESIAN_POINT('',(3.976145798503,-2.927094488784,
    16.001327485628));
#1237 = CARTESIAN_POINT('',(4.097651493306,-2.769912803305,
    15.800190716567));
#1238 = CARTESIAN_POINT('',(4.14484661665,-2.706499481015,15.72392612386
    ));
#1239 = CARTESIAN_POINT('',(4.191962252258,-2.640651975784,
    15.649418149001));
#1240 = CARTESIAN_POINT('',(4.238887380794,-2.572331944254,
    15.576641808159));
#1241 = CARTESIAN_POINT('',(4.285518186192,-2.501484045042,
    15.505583433412));
#1242 = CARTESIAN_POINT('',(4.331754518326,-2.428038753188,
    15.43624281622));
#1243 = CARTESIAN_POINT('',(4.377496367008,-2.351915161367,
    15.368635337955));
#1244 = CARTESIAN_POINT('',(4.422640346891,-2.273023766865,
    15.302794088185));
#1245 = CARTESIAN_POINT('',(4.467076192663,-2.191269243355,
    15.238771972603));
#1246 = CARTESIAN_POINT('',(4.5106832638,-2.106553196357,15.176643811174
    ));
#1247 = CARTESIAN_POINT('',(4.553327057857,-2.018776901288,
    15.116508428544));
#1248 = CARTESIAN_POINT('',(4.594855731124,-1.927844022786,
    15.058490737816));
#1249 = CARTESIAN_POINT('',(4.683642307536,-1.720045888477,
    14.935492029248));
#1250 = CARTESIAN_POINT('',(4.730427697748,-1.601310206715,
    14.871397136343));
#1251 = CARTESIAN_POINT('',(4.773931286236,-1.48149150753,
    14.812356161788));
#1252 = CARTESIAN_POINT('',(4.819985183887,-1.339967147333,
    14.750466741136));
#1253 = CARTESIAN_POINT('',(4.848704325177,-1.238967907721,
    14.71222014428));
#1254 = CARTESIAN_POINT('',(4.900108095358,-1.055443345207,
    14.643754864226));
#1255 = CARTESIAN_POINT('',(4.917768323434,-0.950473918771,
    14.621026723219));
#1256 = CARTESIAN_POINT('',(4.955248350787,-0.776554874984,
    14.571416064602));
#1257 = CARTESIAN_POINT('',(4.973229300356,-0.635570223334,
    14.54820545851));
#1258 = CARTESIAN_POINT('',(4.992278632167,-0.476193754653,
    14.523270522804));
#1259 = CARTESIAN_POINT('',(5.003668579581,-0.318909707342,
    14.50847084741));
#1260 = CARTESIAN_POINT('',(5.009583715053,-0.159424061106,
    14.500767805288));
#1261 = CARTESIAN_POINT('',(5.009583715059,-1.5715163E-10,
    14.500767805281));
#1262 = CARTESIAN_POINT('',(4.919899338811,8.9E-16,21.234001740253));
#1263 = CARTESIAN_POINT('',(4.919899338811,-0.103692744345,
    21.234001740254));
#1264 = CARTESIAN_POINT('',(4.91720871598,-0.207169137577,
    21.230578103476));
#1265 = CARTESIAN_POINT('',(4.911858497971,-0.310013429477,
    21.223770173591));
#1266 = CARTESIAN_POINT('',(4.903898049873,-0.412011063889,
    21.213635710475));
#1267 = CARTESIAN_POINT('',(4.89339589863,-0.51300260805,21.20025188412)
  );
#1268 = CARTESIAN_POINT('',(4.880440276182,-0.612810435969,
    21.183716257179));
#1269 = CARTESIAN_POINT('',(4.865139164849,-0.711219551319,
    21.164147400771));
#1270 = CARTESIAN_POINT('',(4.847619627484,-0.807993939464,
    21.141684787277));
#1271 = CARTESIAN_POINT('',(4.828026205881,-0.902909839127,
    21.116487604714));
#1272 = CARTESIAN_POINT('',(4.80651816934,-0.995787323233,
    21.088732135585));
#1273 = CARTESIAN_POINT('',(4.783265396492,-1.086501573542,
    21.058607344382));
#1274 = CARTESIAN_POINT('',(4.758442672036,-1.174955228327,
    21.026308316139));
#1275 = CARTESIAN_POINT('',(4.687188979713,-1.408761728413,
    20.933149998136));
#1276 = CARTESIAN_POINT('',(4.638064170966,-1.549425067226,
    20.868471960086));
#1277 = CARTESIAN_POINT('',(4.58527855004,-1.683752191907,20.798385661)
  );
#1278 = CARTESIAN_POINT('',(4.529382523667,-1.811934174552,
    20.723433743102));
#1279 = CARTESIAN_POINT('',(4.470927803556,-1.934001507104,
    20.644154817162));
#1280 = CARTESIAN_POINT('',(4.410402182506,-2.050043488122,
    20.560996349958));
#1281 = CARTESIAN_POINT('',(4.348206125324,-2.160278032759,
    20.474279592175));
#1282 = CARTESIAN_POINT('',(4.284659907399,-2.26502031193,
    20.384201611698));
#1283 = CARTESIAN_POINT('',(4.220030028731,-2.364598660534,
    20.290859491568));
#1284 = CARTESIAN_POINT('',(4.154563621828,-2.459266237083,
    20.194281739281));
#1285 = CARTESIAN_POINT('',(4.08851956005,-2.549156966065,
    20.094451939792));
#1286 = CARTESIAN_POINT('',(4.022184959275,-2.634334346738,
    19.991309667009));
#1287 = CARTESIAN_POINT('',(3.880850660974,-2.80620380985,19.76414059241
    ));
#1288 = CARTESIAN_POINT('',(3.805849260026,-2.891600626027,
    19.639230907123));
#1289 = CARTESIAN_POINT('',(3.731305564192,-2.97130115545,
    19.509504104251));
#1290 = CARTESIAN_POINT('',(3.657793131501,-3.045337940943,
    19.374843171942));
#1291 = CARTESIAN_POINT('',(3.585913699613,-3.11367325863,19.23498379077
    ));
#1292 = CARTESIAN_POINT('',(3.516410529477,-3.17614605862,
    19.089372990609));
#1293 = CARTESIAN_POINT('',(3.450385378632,-3.232384147666,
    18.937293799247));
#1294 = CARTESIAN_POINT('',(3.389507760433,-3.281726211121,
    18.778152143872));
#1295 = CARTESIAN_POINT('',(3.336104864071,-3.323198416857,
    18.611821907991));
#1296 = CARTESIAN_POINT('',(3.293020270126,-3.35559044166,
    18.438943590634));
#1297 = CARTESIAN_POINT('',(3.263129540086,-3.377675751574,
    18.261071490822));
#1298 = CARTESIAN_POINT('',(3.248401084771,-3.388620764272,
    18.080563883871));
#1299 = CARTESIAN_POINT('',(3.248381986003,-3.388633401301,
    17.719697693733));
#1300 = CARTESIAN_POINT('',(3.263106223667,-3.377687655054,
    17.539229828983));
#1301 = CARTESIAN_POINT('',(3.292941175909,-3.355651530584,
    17.361452619634));
#1302 = CARTESIAN_POINT('',(3.335966464717,-3.323315033718,
    17.188630900329));
#1303 = CARTESIAN_POINT('',(3.389356666847,-3.281857535322,
    17.022250030657));
#1304 = CARTESIAN_POINT('',(3.45027433956,-3.232481873411,
    16.862967613943));
#1305 = CARTESIAN_POINT('',(3.516355322901,-3.176194521999,
    16.710744561347));
#1306 = CARTESIAN_POINT('',(3.585878602919,-3.11370443543,
    16.565084672671));
#1307 = CARTESIAN_POINT('',(3.657713366385,-3.04541296364,16.4253122737)
  );
#1308 = CARTESIAN_POINT('',(3.731135869842,-2.971467184127,
    16.290817874777));
#1309 = CARTESIAN_POINT('',(3.805608556812,-2.891849051002,
    16.161202186336));
#1310 = CARTESIAN_POINT('',(3.880613620949,-2.806472857654,
    16.036249114493));
#1311 = CARTESIAN_POINT('',(4.003228827608,-2.657396168698,
    15.839150242241));
#1312 = CARTESIAN_POINT('',(4.050841161968,-2.597166728115,
    15.764405842094));
#1313 = CARTESIAN_POINT('',(4.098347265587,-2.534557497243,
    15.691391781538));
#1314 = CARTESIAN_POINT('',(4.145635907884,-2.469531518756,
    15.620082896571));
#1315 = CARTESIAN_POINT('',(4.192603698691,-2.402035367891,
    15.550464673114));
#1316 = CARTESIAN_POINT('',(4.239151437558,-2.332001832131,
    15.482535452837));
#1317 = CARTESIAN_POINT('',(4.28518046703,-2.259352586575,
    15.416308634415));
#1318 = CARTESIAN_POINT('',(4.330589029758,-2.184000864673,
    15.351814870601));
#1319 = CARTESIAN_POINT('',(4.375268629229,-2.105854123968,
    15.289104261612));
#1320 = CARTESIAN_POINT('',(4.419100393896,-2.024816706463,
    15.228248545144));
#1321 = CARTESIAN_POINT('',(4.461951444297,-1.940792493258,
    15.169343283659));
#1322 = CARTESIAN_POINT('',(4.503671262819,-1.853687552968,
    15.112510049334));
#1323 = CARTESIAN_POINT('',(4.592858972992,-1.654478327322,
    14.991999045832));
#1324 = CARTESIAN_POINT('',(4.6398403673,-1.540567953024,14.929198996329
    ));
#1325 = CARTESIAN_POINT('',(4.683531217702,-1.425522859331,
    14.871323201755));
#1326 = CARTESIAN_POINT('',(4.729761151013,-1.28940307863,
    14.810670953912));
#1327 = CARTESIAN_POINT('',(4.758370406061,-1.193366373882,
    14.773464625321));
#1328 = CARTESIAN_POINT('',(4.810531550483,-1.014407404965,
    14.705581005858));
#1329 = CARTESIAN_POINT('',(4.827355973883,-0.916924814527,
    14.684497981513));
#1330 = CARTESIAN_POINT('',(4.865764274216,-0.74643406894,
    14.634772249259));
#1331 = CARTESIAN_POINT('',(4.883274522288,-0.612685506336,
    14.612726257032));
#1332 = CARTESIAN_POINT('',(4.902598190649,-0.458426833139,
    14.587985704728));
#1333 = CARTESIAN_POINT('',(4.913964277121,-0.307147879731,
    14.57355403807));
#1334 = CARTESIAN_POINT('',(4.919899338801,-0.153487976868,
    14.565998259758));
#1335 = CARTESIAN_POINT('',(4.919899338811,-2.4524516E-10,
    14.565998259747));
#1336 = CARTESIAN_POINT('',(4.815750623039,-4.4E-16,21.2));
#1337 = CARTESIAN_POINT('',(4.815750623039,-0.100423167964,21.2));
#1338 = CARTESIAN_POINT('',(4.813013469915,-0.200632410431,
    21.196686940524));
#1339 = CARTESIAN_POINT('',(4.80757114192,-0.300227791475,21.19009937411
    ));
#1340 = CARTESIAN_POINT('',(4.799473660281,-0.399005009222,
    21.18029314171));
#1341 = CARTESIAN_POINT('',(4.788789959906,-0.496812938925,
    21.167342308916));
#1342 = CARTESIAN_POINT('',(4.775608559727,-0.593482092594,
    21.151340241079));
#1343 = CARTESIAN_POINT('',(4.760037759218,-0.688805923914,
    21.132400382233));
#1344 = CARTESIAN_POINT('',(4.742205089043,-0.782556886753,
    21.110656306775));
#1345 = CARTESIAN_POINT('',(4.722255743919,-0.874519152775,
    21.086260609614));
#1346 = CARTESIAN_POINT('',(4.700349727761,-0.964519898079,
    21.059382206938));
#1347 = CARTESIAN_POINT('',(4.676657441337,-1.052441089821,
    21.030201616086));
#1348 = CARTESIAN_POINT('',(4.651353444437,-1.138193729894,
    20.99890378882));
#1349 = CARTESIAN_POINT('',(4.578701943901,-1.364859410092,
    20.908621643985));
#1350 = CARTESIAN_POINT('',(4.528607197087,-1.501201481878,
    20.845948646929));
#1351 = CARTESIAN_POINT('',(4.474735957352,-1.631474767432,
    20.777994346848));
#1352 = CARTESIAN_POINT('',(4.417635459986,-1.755871108545,
    20.705269956887));
#1353 = CARTESIAN_POINT('',(4.357858327497,-1.874409089231,
    20.628287730575));
#1354 = CARTESIAN_POINT('',(4.295891284441,-1.98716826839,
    20.547468310739));
#1355 = CARTESIAN_POINT('',(4.232129790724,-2.094363226773,
    20.463103931341));
#1356 = CARTESIAN_POINT('',(4.166886020924,-2.196309814242,
    20.375361071473));
#1357 = CARTESIAN_POINT('',(4.100417644883,-2.293335817402,
    20.284306195564));
#1358 = CARTESIAN_POINT('',(4.032964912761,-2.385688058508,
    20.18993827401));
#1359 = CARTESIAN_POINT('',(3.964783607191,-2.473487702048,
    20.092211852063));
#1360 = CARTESIAN_POINT('',(3.896161493729,-2.55678529229,
    19.991034519648));
#1361 = CARTESIAN_POINT('',(3.749745717552,-2.724977398972,
    19.767836432924));
#1362 = CARTESIAN_POINT('',(3.671911236329,-2.808644833797,
    19.644912944741));
#1363 = CARTESIAN_POINT('',(3.594354099129,-2.886890072989,
    19.516877463459));
#1364 = CARTESIAN_POINT('',(3.517661636925,-2.959734033525,
    19.383578426485));
#1365 = CARTESIAN_POINT('',(3.442455602271,-3.027124556333,
    19.244703940206));
#1366 = CARTESIAN_POINT('',(3.3695205881,-3.088881224766,19.09962342942)
  );
#1367 = CARTESIAN_POINT('',(3.300040202265,-3.144605206749,
    18.947530896071));
#1368 = CARTESIAN_POINT('',(3.235820313672,-3.193600519871,
    18.787767598078));
#1369 = CARTESIAN_POINT('',(3.179380076681,-3.234852421214,
    18.620203719239));
#1370 = CARTESIAN_POINT('',(3.133792628268,-3.267108147056,
    18.445560831858));
#1371 = CARTESIAN_POINT('',(3.10215765198,-3.289105250311,
    18.265559516715));
#1372 = CARTESIAN_POINT('',(3.086586431308,-3.299993708231,
    18.082778719366));
#1373 = CARTESIAN_POINT('',(3.086565647809,-3.300006286468,
    17.717490789797));
#1374 = CARTESIAN_POINT('',(3.102133168288,-3.289116731918,
    17.534741410192));
#1375 = CARTESIAN_POINT('',(3.133710327316,-3.267168612392,
    17.354832051143));
#1376 = CARTESIAN_POINT('',(3.179235732604,-3.234968503777,
    17.180248239674));
#1377 = CARTESIAN_POINT('',(3.235662438487,-3.193731545909,
    17.012637004497));
#1378 = CARTESIAN_POINT('',(3.299924129937,-3.144702748205,
    16.852733500644));
#1379 = CARTESIAN_POINT('',(3.369463072816,-3.088929338966,
    16.700494749755));
#1380 = CARTESIAN_POINT('',(3.442419217915,-3.027155015455,
    16.555362354673));
#1381 = CARTESIAN_POINT('',(3.517578182248,-2.959807928799,
    16.416574233307));
#1382 = CARTESIAN_POINT('',(3.594175900612,-2.887054434,16.283443302208)
  );
#1383 = CARTESIAN_POINT('',(3.671658689573,-2.80889035869,
    16.155519194462));
#1384 = CARTESIAN_POINT('',(3.749498640669,-2.725241060962,
    16.032547664741));
#1385 = CARTESIAN_POINT('',(3.876501713564,-2.579378301017,
    15.838925729937));
#1386 = CARTESIAN_POINT('',(3.925778845864,-2.520462230604,
    15.765565533021));
#1387 = CARTESIAN_POINT('',(3.974872149659,-2.459278391564,
    15.694013594677));
#1388 = CARTESIAN_POINT('',(4.023669893001,-2.39579288952,
    15.624231936704));
#1389 = CARTESIAN_POINT('',(4.07206938512,-2.329954964693,
    15.556193710234));
#1390 = CARTESIAN_POINT('',(4.119973104405,-2.261699664467,
    15.489885304639));
#1391 = CARTESIAN_POINT('',(4.167284807394,-2.190950535454,
    15.425308476662));
#1392 = CARTESIAN_POINT('',(4.213905619456,-2.11762233648,
    15.362482497977));
#1393 = CARTESIAN_POINT('',(4.259730108022,-2.041623774274,
    15.301446319244));
#1394 = CARTESIAN_POINT('',(4.304642339684,-1.96286026335,
    15.242260748763));
#1395 = CARTESIAN_POINT('',(4.348511922691,-1.881236712077,
    15.18501064351));
#1396 = CARTESIAN_POINT('',(4.391190036887,-1.796660336678,
    15.12980711019));
#1397 = CARTESIAN_POINT('',(4.482400499007,-1.603232015629,
    15.01276263497));
#1398 = CARTESIAN_POINT('',(4.530410996949,-1.492655619815,
    14.951803062926));
#1399 = CARTESIAN_POINT('',(4.575031956415,-1.381003404029,
    14.895640486023));
#1400 = CARTESIAN_POINT('',(4.622192601452,-1.248855727584,
    14.836842310841));
#1401 = CARTESIAN_POINT('',(4.651206892023,-1.156593155838,
    14.801011218891));
#1402 = CARTESIAN_POINT('',(4.704787283093,-0.981022156141,
    14.734611155582));
#1403 = CARTESIAN_POINT('',(4.7212413884,-0.88956595527,14.715200134636)
  );
#1404 = CARTESIAN_POINT('',(4.760947630045,-0.721734811355,
    14.666151046296));
#1405 = CARTESIAN_POINT('',(4.778367745703,-0.593877715587,
    14.645406128851));
#1406 = CARTESIAN_POINT('',(4.798190115715,-0.443804319831,
    14.621218051459));
#1407 = CARTESIAN_POINT('',(4.809710264864,-0.297465442501,
    14.607316071459));
#1408 = CARTESIAN_POINT('',(4.815750623024,-0.148606710836,
    14.600000000016));
#1409 = CARTESIAN_POINT('',(4.815750623039,-3.6208192E-10,14.6));
#1410 = CARTESIAN_POINT('',(4.708815909778,-1.8E-16,21.2));
#1411 = CARTESIAN_POINT('',(4.708815909778,-9.819319040508E-02,21.2));
#1412 = CARTESIAN_POINT('',(4.706021194829,-0.196169247445,
    21.196830999884));
#1413 = CARTESIAN_POINT('',(4.700465135185,-0.29354814775,
    21.190530684298));
#1414 = CARTESIAN_POINT('',(4.69219872389,-0.390141602855,
    21.181152081365));
#1415 = CARTESIAN_POINT('',(4.681291506066,-0.485812834925,
    21.168764481255));
#1416 = CARTESIAN_POINT('',(4.667832364195,-0.580406042539,
    21.153454612204));
#1417 = CARTESIAN_POINT('',(4.651929851435,-0.673727863129,
    21.135327596602));
#1418 = CARTESIAN_POINT('',(4.633711767853,-0.765563080217,
    21.114507213017));
#1419 = CARTESIAN_POINT('',(4.613323677002,-0.855706805506,
    21.091134992297));
#1420 = CARTESIAN_POINT('',(4.590926064433,-0.943995387952,
    21.06536768178));
#1421 = CARTESIAN_POINT('',(4.566689842868,-1.030318358589,
    21.037372614776));
#1422 = CARTESIAN_POINT('',(4.540789913059,-1.114593808381,
    21.007320529197));
#1423 = CARTESIAN_POINT('',(4.466431371102,-1.337440431976,
    20.920606477295));
#1424 = CARTESIAN_POINT('',(4.415155927072,-1.471628528619,
    20.860385094657));
#1425 = CARTESIAN_POINT('',(4.359969671277,-1.600106487769,
    20.795000650791));
#1426 = CARTESIAN_POINT('',(4.301415042768,-1.723076174855,
    20.724911939513));
#1427 = CARTESIAN_POINT('',(4.24004202493,-1.840554153125,
    20.650581187064));
#1428 = CARTESIAN_POINT('',(4.176333781838,-1.952615524357,
    20.572380712105));
#1429 = CARTESIAN_POINT('',(4.110680185769,-2.059471395599,
    20.490555550213));
#1430 = CARTESIAN_POINT('',(4.043386092233,-2.161434798951,
    20.405225389619));
#1431 = CARTESIAN_POINT('',(3.974701297343,-2.258829378401,
    20.316409267776));
#1432 = CARTESIAN_POINT('',(3.90485925477,-2.351894489866,20.22405664767
    ));
#1433 = CARTESIAN_POINT('',(3.834111813603,-2.44073959239,
    20.128068718499));
#1434 = CARTESIAN_POINT('',(3.762747452861,-2.525399960526,
    20.028294015427));
#1435 = CARTESIAN_POINT('',(3.610358372415,-2.696879789617,
    19.807554112772));
#1436 = CARTESIAN_POINT('',(3.529257159614,-2.782573345939,
    19.685636960326));
#1437 = CARTESIAN_POINT('',(3.44824303887,-2.863210115367,
    19.558014017794));
#1438 = CARTESIAN_POINT('',(3.367922549883,-2.938775742585,
    19.424481035091));
#1439 = CARTESIAN_POINT('',(3.288939701144,-3.00917702708,
    19.284642916565));
#1440 = CARTESIAN_POINT('',(3.212124321454,-3.074167524968,
    19.137734180578));
#1441 = CARTESIAN_POINT('',(3.138752547426,-3.133237634679,
    18.982800794618));
#1442 = CARTESIAN_POINT('',(3.070785630009,-3.185524466173,
    18.81908644935));
#1443 = CARTESIAN_POINT('',(3.010959125077,-3.2297935242,18.646473878898
    ));
#1444 = CARTESIAN_POINT('',(2.962599675611,-3.264541887984,
    18.465841549176));
#1445 = CARTESIAN_POINT('',(2.929048136345,-3.288272437255,
    18.279207348846));
#1446 = CARTESIAN_POINT('',(2.912561539655,-3.299992594405,
    18.089540815503));
#1447 = CARTESIAN_POINT('',(2.912538392649,-3.300007398881,
    17.710759948855));
#1448 = CARTESIAN_POINT('',(2.9290219812,-3.288285254319,17.521095624651
    ));
#1449 = CARTESIAN_POINT('',(2.962514680656,-3.264604519547,
    17.334539007652));
#1450 = CARTESIAN_POINT('',(3.01081022353,-3.229913479708,
    17.153969353506));
#1451 = CARTESIAN_POINT('',(3.070622498613,-3.185659999045,
    16.981318961824));
#1452 = CARTESIAN_POINT('',(3.138632500004,-3.133338470698,
    16.817469143524));
#1453 = CARTESIAN_POINT('',(3.212064934876,-3.074216952698,
    16.66238702465));
#1454 = CARTESIAN_POINT('',(3.288901939574,-3.009208266343,
    16.515421675366));
#1455 = CARTESIAN_POINT('',(3.36783474565,-2.938852974169,
    16.375669618739));
#1456 = CARTESIAN_POINT('',(3.448054817235,-2.863382675678,
    16.242310133002));
#1457 = CARTESIAN_POINT('',(3.528990248281,-2.782830456458,
    16.114802469879));
#1458 = CARTESIAN_POINT('',(3.610098305694,-2.697152821759,
    15.992830760291));
#1459 = CARTESIAN_POINT('',(3.742237558095,-2.548487459221,
    15.80140451328));
#1460 = CARTESIAN_POINT('',(3.793499908479,-2.488551877144,
    15.728991819679));
#1461 = CARTESIAN_POINT('',(3.844489544706,-2.426510933488,
    15.658568556126));
#1462 = CARTESIAN_POINT('',(3.895093580775,-2.362336874517,
    15.590074470403));
#1463 = CARTESIAN_POINT('',(3.945209552935,-2.295983774903,15.5234616436
    ));
#1464 = CARTESIAN_POINT('',(3.994741354597,-2.227390285689,
    15.458696359933));
#1465 = CARTESIAN_POINT('',(4.043595102311,-2.156482450077,
    15.395761042062));
#1466 = CARTESIAN_POINT('',(4.091674935248,-2.083176591696,
    15.334656245456));
#1467 = CARTESIAN_POINT('',(4.138878751642,-2.007382280312,
    15.275402705773));
#1468 = CARTESIAN_POINT('',(4.185093886716,-1.929005379991,
    15.21804343268));
#1469 = CARTESIAN_POINT('',(4.230192737678,-1.847951185424,
    15.162645843405));
#1470 = CARTESIAN_POINT('',(4.274028342787,-1.764127652239,
    15.109303928188));
#1471 = CARTESIAN_POINT('',(4.367712987218,-1.57261393608,
    14.996260186028));
#1472 = CARTESIAN_POINT('',(4.416994505165,-1.463300044912,
    14.937463525707));
#1473 = CARTESIAN_POINT('',(4.462754018937,-1.353107548844,
    14.883369323064));
#1474 = CARTESIAN_POINT('',(4.511053097596,-1.222898956088,
    14.826850570979));
#1475 = CARTESIAN_POINT('',(4.540665863176,-1.1327325346,14.792600663935
    ));
#1476 = CARTESIAN_POINT('',(4.595707209478,-0.958837697979,
    14.728448283428));
#1477 = CARTESIAN_POINT('',(4.612120597668,-0.871317114258,
    14.710600659044));
#1478 = CARTESIAN_POINT('',(4.653030618594,-0.705000474337,
    14.66297171387));
#1479 = CARTESIAN_POINT('',(4.670583594619,-0.581081131265,
    14.643562961007));
#1480 = CARTESIAN_POINT('',(4.690911647733,-0.433812503592,
    14.62024965019));
#1481 = CARTESIAN_POINT('',(4.702647330598,-0.290845780495,
    14.607000848803));
#1482 = CARTESIAN_POINT('',(4.708815909758,-0.14527749859,
    14.600000000022));
#1483 = CARTESIAN_POINT('',(4.708815909778,-9.9E-16,14.6));
#1484 = ADVANCED_FACE('',(#1485),#1589,.F.);
#1485 = FACE_BOUND('',#1486,.F.);
#1486 = EDGE_LOOP('',(#1487,#1499,#1578,#1588));
#1487 = ORIENTED_EDGE('',*,*,#1488,.T.);
#1488 = EDGE_CURVE('',#307,#1489,#1491,.T.);
#1489 = VERTEX_POINT('',#1490);
#1490 = CARTESIAN_POINT('',(4.708815909778,0.,28.8));
#1491 = ( BOUNDED_CURVE() B_SPLINE_CURVE(6,(#1492,#1493,#1494,#1495,
#1496,#1497,#1498),.UNSPECIFIED.,.F.,.F.) B_SPLINE_CURVE_WITH_KNOTS((7,7
),(0.,5.353161749393),.PIECEWISE_BEZIER_KNOTS.) CURVE() 
GEOMETRIC_REPRESENTATION_ITEM() RATIONAL_B_SPLINE_CURVE((1.031393471788,
    1.010025407661,0.997924642725,0.993958444137,0.997924642725,
1.010025407661,1.031393471788)) REPRESENTATION_ITEM('') );
#1492 = CARTESIAN_POINT('',(5.108815909778,0.,29.2));
#1493 = CARTESIAN_POINT('',(5.108815909778,1.0204237E-10,29.093065286739
    ));
#1494 = CARTESIAN_POINT('',(5.074814169524,1.0778978E-10,28.988916570967
    ));
#1495 = CARTESIAN_POINT('',(5.009583715059,1.5715473E-10,28.899232194719
    ));
#1496 = CARTESIAN_POINT('',(4.919899338811,2.4524871E-10,28.834001740253
    ));
#1497 = CARTESIAN_POINT('',(4.815750623039,3.6208636E-10,28.8));
#1498 = CARTESIAN_POINT('',(4.708815909778,1.E-16,28.8));
#1499 = ORIENTED_EDGE('',*,*,#1500,.T.);
#1500 = EDGE_CURVE('',#1489,#1501,#1503,.T.);
#1501 = VERTEX_POINT('',#1502);
#1502 = CARTESIAN_POINT('',(4.708815909778,1.E-15,22.2));
#1503 = ( BOUNDED_CURVE() B_SPLINE_CURVE(13,(#1504,#1505,#1506,#1507,
    #1508,#1509,#1510,#1511,#1512,#1513,#1514,#1515,#1516,#1517,#1518,
    #1519,#1520,#1521,#1522,#1523,#1524,#1525,#1526,#1527,#1528,#1529,
    #1530,#1531,#1532,#1533,#1534,#1535,#1536,#1537,#1538,#1539,#1540,
    #1541,#1542,#1543,#1544,#1545,#1546,#1547,#1548,#1549,#1550,#1551,
    #1552,#1553,#1554,#1555,#1556,#1557,#1558,#1559,#1560,#1561,#1562,
    #1563,#1564,#1565,#1566,#1567,#1568,#1569,#1570,#1571,#1572,#1573,
    #1574,#1575,#1576,#1577),.UNSPECIFIED.,.F.,.F.) 
B_SPLINE_CURVE_WITH_KNOTS((14,12,12,12,12,12,14),(10.70666230282,
    11.855485236254,13.82834937564,16.059321359918,18.289791322762,
19.705224810793,21.413471035337),.UNSPECIFIED.) CURVE() 
GEOMETRIC_REPRESENTATION_ITEM() RATIONAL_B_SPLINE_CURVE((1.031393471788,
    1.031393471787,1.031455095302,1.031577987192,1.031761307166,
    1.032003766727,1.032303666231,1.032658931769,1.033067152283,
    1.033525616419,1.034031349629,1.034581151077,1.035171630671,
    1.036877044706,1.038065113658,1.039355750944,1.040739913884,
    1.042208747995,1.043754545698,1.04537120164,1.0470542302,
    1.048800412388,1.050607137529,1.052471506849,1.054389264697,
    1.058574978575,1.060857387255,1.063187565014,1.065551724456,
    1.067933511712,1.070306200227,1.072623041168,1.074809672541,
    1.076762484493,1.078356843579,1.079469073554,1.080016094657,
    1.080017145553,1.079469977842,1.078359141397,1.076766439396,
    1.074813994515,1.072626192213,1.070307745757,1.067934601716,
    1.065554405254,1.063193243819,1.060865388567,1.058582752237,
    1.054950743379,1.05356468014,1.052205074574,1.050873887519,
    1.049572685481,1.048302767614,1.047065291894,1.045861402387,
    1.044692355273,1.043559646061,1.042465135844,1.041411178205,
    1.039181283707,1.038022209062,1.036958227566,1.0358466715,
    1.035152435726,1.033949876634,1.033513859268,1.032659080394,
    1.032229730207,1.031795463723,1.031530982526,1.031393471787,
1.031393471788)) REPRESENTATION_ITEM('') );
#1504 = CARTESIAN_POINT('',(4.708815909778,1.E-16,28.8));
#1505 = CARTESIAN_POINT('',(4.708815909791,-9.777328045187E-02,
    28.800000000015));
#1506 = CARTESIAN_POINT('',(4.706039358423,-0.195591229407,
    28.796851526081));
#1507 = CARTESIAN_POINT('',(4.700498530325,-0.293070149071,
    28.790568664172));
#1508 = CARTESIAN_POINT('',(4.692236014886,-0.389883577082,
    28.781194609651));
#1509 = CARTESIAN_POINT('',(4.681321619186,-0.48575534937,
    28.768798687373));
#1510 = CARTESIAN_POINT('',(4.667849234869,-0.58045259434,
    28.753473334261));
#1511 = CARTESIAN_POINT('',(4.651933676859,-0.673778665272,
    28.735331052602));
#1512 = CARTESIAN_POINT('',(4.633707502206,-0.765566018835,
    28.714501342068));
#1513 = CARTESIAN_POINT('',(4.613317817246,-0.855669049352,
    28.691127619166));
#1514 = CARTESIAN_POINT('',(4.590923081186,-0.943956887435,
    28.665364131831));
#1515 = CARTESIAN_POINT('',(4.566689913627,-1.03030617267,
    28.637372877171));
#1516 = CARTESIAN_POINT('',(4.540789913059,-1.11459380838,
    28.607320529197));
#1517 = CARTESIAN_POINT('',(4.466431371102,-1.337440431976,
    28.520606477295));
#1518 = CARTESIAN_POINT('',(4.415155927073,-1.471628528618,
    28.460385094658));
#1519 = CARTESIAN_POINT('',(4.359969671275,-1.600106487771,
    28.395000650788));
#1520 = CARTESIAN_POINT('',(4.30141504277,-1.723076174851,28.32491193952
    ));
#1521 = CARTESIAN_POINT('',(4.240042024929,-1.840554153126,
    28.250581187055));
#1522 = CARTESIAN_POINT('',(4.176333781839,-1.952615524356,
    28.172380712116));
#1523 = CARTESIAN_POINT('',(4.110680185769,-2.059471395596,
    28.090555550203));
#1524 = CARTESIAN_POINT('',(4.043386092232,-2.161434798954,
    28.005225389627));
#1525 = CARTESIAN_POINT('',(3.974701297344,-2.258829378398,
    27.916409267772));
#1526 = CARTESIAN_POINT('',(3.904859254769,-2.351894489868,
    27.824056647672));
#1527 = CARTESIAN_POINT('',(3.834111813604,-2.440739592389,
    27.728068718498));
#1528 = CARTESIAN_POINT('',(3.762747452861,-2.525399960526,
    27.628294015427));
#1529 = CARTESIAN_POINT('',(3.610358372416,-2.696879789617,
    27.407554112773));
#1530 = CARTESIAN_POINT('',(3.529257159615,-2.782573345939,
    27.285636960325));
#1531 = CARTESIAN_POINT('',(3.448243038871,-2.863210115365,
    27.158014017798));
#1532 = CARTESIAN_POINT('',(3.367922549883,-2.938775742587,
    27.024481035087));
#1533 = CARTESIAN_POINT('',(3.288939701143,-3.009177027077,
    26.884642916571));
#1534 = CARTESIAN_POINT('',(3.212124321458,-3.07416752497,
    26.737734180575));
#1535 = CARTESIAN_POINT('',(3.138752547422,-3.133237634677,
    26.582800794621));
#1536 = CARTESIAN_POINT('',(3.070785630014,-3.185524466172,
    26.419086449352));
#1537 = CARTESIAN_POINT('',(3.010959125075,-3.2297935242,26.246473878899
    ));
#1538 = CARTESIAN_POINT('',(2.962599675614,-3.264541887983,
    26.065841549179));
#1539 = CARTESIAN_POINT('',(2.929048136344,-3.288272437255,
    25.879207348847));
#1540 = CARTESIAN_POINT('',(2.912561539655,-3.299992594405,
    25.689540815505));
#1541 = CARTESIAN_POINT('',(2.912538392649,-3.300007398881,
    25.310759948855));
#1542 = CARTESIAN_POINT('',(2.9290219812,-3.288285254319,25.121095624652
    ));
#1543 = CARTESIAN_POINT('',(2.962514680655,-3.264604519546,
    24.934539007652));
#1544 = CARTESIAN_POINT('',(3.01081022353,-3.229913479711,
    24.753969353513));
#1545 = CARTESIAN_POINT('',(3.070622498609,-3.185659999044,
    24.581318961821));
#1546 = CARTESIAN_POINT('',(3.138632500006,-3.1333384707,24.41746914353)
  );
#1547 = CARTESIAN_POINT('',(3.212064934873,-3.074216952695,
    24.262387024644));
#1548 = CARTESIAN_POINT('',(3.288901939579,-3.009208266343,
    24.115421675368));
#1549 = CARTESIAN_POINT('',(3.367834745648,-2.938852974169,
    23.975669618737));
#1550 = CARTESIAN_POINT('',(3.448054817235,-2.863382675679,
    23.842310133005));
#1551 = CARTESIAN_POINT('',(3.528990248278,-2.78283045646,
    23.714802469882));
#1552 = CARTESIAN_POINT('',(3.610098305693,-2.69715282176,
    23.592830760292));
#1553 = CARTESIAN_POINT('',(3.742237558095,-2.548487459221,
    23.40140451328));
#1554 = CARTESIAN_POINT('',(3.793499908479,-2.488551877143,
    23.328991819678));
#1555 = CARTESIAN_POINT('',(3.844489544706,-2.426510933489,
    23.258568556128));
#1556 = CARTESIAN_POINT('',(3.895093580775,-2.362336874518,
    23.190074470402));
#1557 = CARTESIAN_POINT('',(3.945209552934,-2.295983774904,
    23.123461643604));
#1558 = CARTESIAN_POINT('',(3.994741354594,-2.227390285695,
    23.058696359934));
#1559 = CARTESIAN_POINT('',(4.04359510231,-2.156482450076,
    22.995761042067));
#1560 = CARTESIAN_POINT('',(4.091674935242,-2.083176591706,
    22.93465624546));
#1561 = CARTESIAN_POINT('',(4.13887875164,-2.007382280314,
    22.875402705777));
#1562 = CARTESIAN_POINT('',(4.185093886712,-1.929005379998,
    22.818043432684));
#1563 = CARTESIAN_POINT('',(4.230192737677,-1.847951185427,
    22.762645843408));
#1564 = CARTESIAN_POINT('',(4.274028342785,-1.764127652242,
    22.70930392819));
#1565 = CARTESIAN_POINT('',(4.367712987217,-1.572613936082,
    22.596260186029));
#1566 = CARTESIAN_POINT('',(4.416993826272,-1.46330245487,
    22.537464447777));
#1567 = CARTESIAN_POINT('',(4.462759220102,-1.353090065498,
    22.483362298361));
#1568 = CARTESIAN_POINT('',(4.511033401681,-1.222960480071,
    22.42687699131));
#1569 = CARTESIAN_POINT('',(4.54071109119,-1.132605987803,
    22.392540493236));
#1570 = CARTESIAN_POINT('',(4.595644290914,-0.958981019524,
    22.328531230521));
#1571 = CARTESIAN_POINT('',(4.612162065887,-0.871273000119,
    22.310546027713));
#1572 = CARTESIAN_POINT('',(4.653036643577,-0.704949045189,
    22.262966420002));
#1573 = CARTESIAN_POINT('',(4.670585631153,-0.580997493202,
    22.243557522248));
#1574 = CARTESIAN_POINT('',(4.690861167662,-0.433916883246,
    22.220307410553));
#1575 = CARTESIAN_POINT('',(4.702588901676,-0.291325812277,
    22.20706854747));
#1576 = CARTESIAN_POINT('',(4.708815909778,-0.145987146199,22.2));
#1577 = CARTESIAN_POINT('',(4.708815909778,7.6E-16,22.2));
#1578 = ORIENTED_EDGE('',*,*,#1579,.F.);
#1579 = EDGE_CURVE('',#274,#1501,#1580,.T.);
#1580 = ( BOUNDED_CURVE() B_SPLINE_CURVE(6,(#1581,#1582,#1583,#1584,
#1585,#1586,#1587),.UNSPECIFIED.,.F.,.F.) B_SPLINE_CURVE_WITH_KNOTS((7,7
),(0.,5.353500553427),.PIECEWISE_BEZIER_KNOTS.) CURVE() 
GEOMETRIC_REPRESENTATION_ITEM() RATIONAL_B_SPLINE_CURVE((1.031393471788,
    1.010025407661,0.997924642725,0.993958444137,0.997924642725,
1.010025407661,1.031393471788)) REPRESENTATION_ITEM('') );
#1581 = CARTESIAN_POINT('',(5.108815909778,0.,21.8));
#1582 = CARTESIAN_POINT('',(5.108815909778,5.33E-15,21.906934713261));
#1583 = CARTESIAN_POINT('',(5.074814169524,3.11E-15,22.011083429033));
#1584 = CARTESIAN_POINT('',(5.009583715059,1.78E-15,22.100767805281));
#1585 = CARTESIAN_POINT('',(4.919899338811,4.4E-16,22.165998259747));
#1586 = CARTESIAN_POINT('',(4.815750623039,8.9E-16,22.2));
#1587 = CARTESIAN_POINT('',(4.708815909778,7.6E-16,22.2));
#1588 = ORIENTED_EDGE('',*,*,#347,.F.);
#1589 = ( BOUNDED_SURFACE() B_SPLINE_SURFACE(6,13,(
    (#1590,#1591,#1592,#1593,#1594,#1595,#1596,#1597,#1598,#1599,#1600
      ,#1601,#1602,#1603,#1604,#1605,#1606,#1607,#1608,#1609,#1610,#1611
      ,#1612,#1613,#1614,#1615,#1616,#1617,#1618,#1619,#1620,#1621,#1622
      ,#1623,#1624,#1625,#1626,#1627,#1628,#1629,#1630,#1631,#1632,#1633
      ,#1634,#1635,#1636,#1637,#1638,#1639,#1640,#1641,#1642,#1643,#1644
      ,#1645,#1646,#1647,#1648,#1649,#1650,#1651,#1652,#1653,#1654,#1655
      ,#1656,#1657,#1658,#1659,#1660,#1661,#1662,#1663)
    ,(#1664,#1665,#1666,#1667,#1668,#1669,#1670,#1671,#1672,#1673,#1674
      ,#1675,#1676,#1677,#1678,#1679,#1680,#1681,#1682,#1683,#1684,#1685
      ,#1686,#1687,#1688,#1689,#1690,#1691,#1692,#1693,#1694,#1695,#1696
      ,#1697,#1698,#1699,#1700,#1701,#1702,#1703,#1704,#1705,#1706,#1707
      ,#1708,#1709,#1710,#1711,#1712,#1713,#1714,#1715,#1716,#1717,#1718
      ,#1719,#1720,#1721,#1722,#1723,#1724,#1725,#1726,#1727,#1728,#1729
      ,#1730,#1731,#1732,#1733,#1734,#1735,#1736,#1737)
    ,(#1738,#1739,#1740,#1741,#1742,#1743,#1744,#1745,#1746,#1747,#1748
      ,#1749,#1750,#1751,#1752,#1753,#1754,#1755,#1756,#1757,#1758,#1759
      ,#1760,#1761,#1762,#1763,#1764,#1765,#1766,#1767,#1768,#1769,#1770
      ,#1771,#1772,#1773,#1774,#1775,#1776,#1777,#1778,#1779,#1780,#1781
      ,#1782,#1783,#1784,#1785,#1786,#1787,#1788,#1789,#1790,#1791,#1792
      ,#1793,#1794,#1795,#1796,#1797,#1798,#1799,#1800,#1801,#1802,#1803
      ,#1804,#1805,#1806,#1807,#1808,#1809,#1810,#1811)
    ,(#1812,#1813,#1814,#1815,#1816,#1817,#1818,#1819,#1820,#1821,#1822
      ,#1823,#1824,#1825,#1826,#1827,#1828,#1829,#1830,#1831,#1832,#1833
      ,#1834,#1835,#1836,#1837,#1838,#1839,#1840,#1841,#1842,#1843,#1844
      ,#1845,#1846,#1847,#1848,#1849,#1850,#1851,#1852,#1853,#1854,#1855
      ,#1856,#1857,#1858,#1859,#1860,#1861,#1862,#1863,#1864,#1865,#1866
      ,#1867,#1868,#1869,#1870,#1871,#1872,#1873,#1874,#1875,#1876,#1877
      ,#1878,#1879,#1880,#1881,#1882,#1883,#1884,#1885)
    ,(#1886,#1887,#1888,#1889,#1890,#1891,#1892,#1893,#1894,#1895,#1896
      ,#1897,#1898,#1899,#1900,#1901,#1902,#1903,#1904,#1905,#1906,#1907
      ,#1908,#1909,#1910,#1911,#1912,#1913,#1914,#1915,#1916,#1917,#1918
      ,#1919,#1920,#1921,#1922,#1923,#1924,#1925,#1926,#1927,#1928,#1929
      ,#1930,#1931,#1932,#1933,#1934,#1935,#1936,#1937,#1938,#1939,#1940
      ,#1941,#1942,#1943,#1944,#1945,#1946,#1947,#1948,#1949,#1950,#1951
      ,#1952,#1953,#1954,#1955,#1956,#1957,#1958,#1959)
    ,(#1960,#1961,#1962,#1963,#1964,#1965,#1966,#1967,#1968,#1969,#1970
      ,#1971,#1972,#1973,#1974,#1975,#1976,#1977,#1978,#1979,#1980,#1981
      ,#1982,#1983,#1984,#1985,#1986,#1987,#1988,#1989,#1990,#1991,#1992
      ,#1993,#1994,#1995,#1996,#1997,#1998,#1999,#2000,#2001,#2002,#2003
      ,#2004,#2005,#2006,#2007,#2008,#2009,#2010,#2011,#2012,#2013,#2014
      ,#2015,#2016,#2017,#2018,#2019,#2020,#2021,#2022,#2023,#2024,#2025
      ,#2026,#2027,#2028,#2029,#2030,#2031,#2032,#2033)
    ,(#2034,#2035,#2036,#2037,#2038,#2039,#2040,#2041,#2042,#2043,#2044
      ,#2045,#2046,#2047,#2048,#2049,#2050,#2051,#2052,#2053,#2054,#2055
      ,#2056,#2057,#2058,#2059,#2060,#2061,#2062,#2063,#2064,#2065,#2066
      ,#2067,#2068,#2069,#2070,#2071,#2072,#2073,#2074,#2075,#2076,#2077
      ,#2078,#2079,#2080,#2081,#2082,#2083,#2084,#2085,#2086,#2087,#2088
      ,#2089,#2090,#2091,#2092,#2093,#2094,#2095,#2096,#2097,#2098,#2099
      ,#2100,#2101,#2102,#2103,#2104,#2105,#2106,#2107
)),.UNSPECIFIED.,.F.,.F.,.F.) B_SPLINE_SURFACE_WITH_KNOTS((7,7),(14,12,
    12,12,12,12,14),(0.,10.706808732517),(10.70666230282,11.855485236254
    ,13.82834937564,16.059321359918,18.289791322762,19.705224810793,
21.413471035337),.UNSPECIFIED.) GEOMETRIC_REPRESENTATION_ITEM() 
RATIONAL_B_SPLINE_SURFACE((
    (1.031393471788,1.031393471787,1.031455095302,1.031577987192
      ,1.031761307166,1.032003766727,1.032303666231,1.032658931769
      ,1.033067152283,1.033525616419,1.034031349629,1.034581151077
      ,1.035171630671,1.036877044706,1.038065113658,1.039355750944
      ,1.040739913884,1.042208747995,1.043754545698,1.04537120164
      ,1.0470542302,1.048800412388,1.050607137529,1.052471506849
      ,1.054389264697,1.058574978575,1.060857387255,1.063187565014
      ,1.065551724456,1.067933511712,1.070306200227,1.072623041168
      ,1.074809672541,1.076762484493,1.078356843579,1.079469073554
      ,1.080016094657,1.080017145553,1.079469977842,1.078359141397
      ,1.076766439396,1.074813994515,1.072626192213,1.070307745757
      ,1.067934601716,1.065554405254,1.063193243819,1.060865388567
      ,1.058582752237,1.054950743379,1.05356468014,1.052205074574
      ,1.050873887519,1.049572685481,1.048302767614,1.047065291894
      ,1.045861402387,1.044692355273,1.043559646061,1.042465135844
      ,1.041411178205,1.039181283707,1.038022209062,1.036958227566
      ,1.0358466715,1.035152435726,1.033949876634,1.033513859268
      ,1.032659080394,1.032229730207,1.031795463723,1.031530982526
      ,1.031393471787,1.031393471788)
    ,(1.010025407661,1.010025407661,1.010044221686,1.010081744617
      ,1.010137705397,1.01021168081,1.010303109361,1.010411304994
      ,1.010535471033,1.01067471386,1.010828056856,1.010994454121
      ,1.011172804347,1.011686807965,1.012043760895,1.01243012598
      ,1.01284279126,1.013278719314,1.013735244466,1.014210205322
      ,1.014701938896,1.015209163852,1.01573077894,1.016265604125
      ,1.016812090714,1.017996697227,1.018637870495,1.019287294737
      ,1.019940916676,1.020593891601,1.021238543952,1.021862121764
      ,1.022445190176,1.02296150549,1.023380215475,1.023671227534
      ,1.023814589743,1.023814864944,1.023671452013,1.023380816591
      ,1.022962561463,1.022446351661,1.021862968596,1.021238955844
      ,1.020594182482,1.019941648693,1.019288859697,1.018640092738
      ,1.017998883019,1.016971004822,1.016576808711,1.016188286522
      ,1.015806115211,1.01543086356,1.015063028916,1.014703072957
      ,1.014351458785,1.014008686507,1.013675330268,1.013352074105
      ,1.013039748609,1.012376845291,1.012030821,1.011711992609
      ,1.011377557636,1.011167856302,1.010804556391,1.010671023373
      ,1.010411939839,1.010280495578,1.01014819548,1.010067388432
      ,1.010025407662,1.010025407661)
    ,(0.997924642725,0.997924642725,0.997920636485,0.997912646726
      ,0.997900729718,0.997884972593,0.997865490793,0.997842425302
      ,0.99781594017,0.997786219703,0.997753465974,0.997717896075
      ,0.997679739547,0.997569678787,0.997493150512,0.997410200331
      ,0.997321470096,0.99722759105,0.997129120623,0.997026514014
      ,0.996920124642,0.996810228763,0.996697068166,0.996580906197
      ,0.996462091266,0.996204328048,0.996064683251,0.99592315593
      ,0.995780646352,0.995638244163,0.995497678965,0.995361792302
      ,0.995234860993,0.995122598518,0.995031664816,0.994968511328
      ,0.994937391033,0.9949373313,0.994968462882,0.995031534291
      ,0.995122368751,0.995234608064,0.995361607881,0.995497589214
      ,0.99563818073,0.99578048664,0.99592281467,0.996064198903
      ,0.996203852062,0.99642751275,0.996513237327,0.996597670705
      ,0.996680660665,0.996762079659,0.996841817294,0.996919771942
      ,0.996995843528,0.997069924977,0.997141894957,0.997211609561
      ,0.99727889472,0.997421554559,0.997495916054,0.997564342076
      ,0.997636007695,0.997680873068,0.997758594743,0.997786999942
      ,0.997842344062,0.997870303836,0.997898501572,0.997915703229
      ,0.997924642725,0.997924642725)
    ,(0.993958444137,0.993958444137,0.993947002733,0.993924184416
      ,0.99389015148,0.993845155935,0.993789531592,0.993723685854
      ,0.993648091912,0.993563280479,0.993469831967,0.993368368306
      ,0.993259545004,0.99294569257,0.992727506327,0.992491048827
      ,0.992238128699,0.991970507056,0.991689717794,0.991396985644
      ,0.991093226663,0.990779117315,0.99045521663,0.990122127546
      ,0.989780682204,0.989037991733,0.988634514107,0.988224132745
      ,0.987809308054,0.987392947572,0.986979735219,0.986577734314
      ,0.986199627196,0.985862950452,0.985588689146,0.985397589127
      ,0.98530355014,0.985303369528,0.985397436686,0.985588294468
      ,0.985862266057,0.986198877456,0.986577187799,0.986979468098
      ,0.987392759244,0.987808840298,0.988223137796,0.988633107144
      ,0.989036616872,0.989681053642,0.989927590776,0.990170014549
      ,0.990407951169,0.990641093761,0.990869180028,0.991091969048
      ,0.991309219256,0.991520665067,0.991725994814,0.991924827605
      ,0.992116690935,0.992523432615,0.992735412414,0.99293046856
      ,0.993134786735,0.993262733031,0.993484386403,0.99356550012
      ,0.993723411976,0.99380327387,0.993883783986,0.993932913844
      ,0.993958444137,0.993958444137)
    ,(0.997924642725,0.997924642725,0.997920636485,0.997912646726
      ,0.997900729719,0.997884972591,0.997865490794,0.997842425301
      ,0.997815940171,0.997786219702,0.997753465974,0.997717896075
      ,0.997679739547,0.997569678787,0.997493150512,0.997410200331
      ,0.997321470096,0.99722759105,0.997129120623,0.997026514013
      ,0.996920124642,0.996810228763,0.996697068166,0.996580906197
      ,0.996462091266,0.996204328048,0.996064683251,0.995923155929
      ,0.995780646353,0.995638244161,0.995497678968,0.995361792299
      ,0.995234860995,0.995122598517,0.995031664817,0.994968511328
      ,0.994937391033,0.9949373313,0.994968462882,0.995031534291
      ,0.995122368752,0.995234608062,0.995361607883,0.995497589212
      ,0.995638180731,0.995780486639,0.995922814671,0.996064198903
      ,0.996203852062,0.99642751275,0.996513237327,0.996597670705
      ,0.996680660665,0.996762079659,0.996841817294,0.996919771942
      ,0.996995843528,0.997069924977,0.997141894957,0.997211609561
      ,0.99727889472,0.997421554559,0.997495916054,0.997564342076
      ,0.997636007695,0.997680873068,0.997758594744,0.997786999942
      ,0.997842344062,0.997870303836,0.997898501571,0.997915703229
      ,0.997924642725,0.997924642725)
    ,(1.010025407661,1.010025407661,1.010044221686,1.010081744617
      ,1.010137705397,1.01021168081,1.010303109361,1.010411304994
      ,1.010535471033,1.01067471386,1.010828056856,1.010994454121
      ,1.011172804347,1.011686807965,1.012043760895,1.012430125981
      ,1.01284279126,1.013278719315,1.013735244464,1.014210205323
      ,1.014701938895,1.015209163853,1.01573077894,1.016265604126
      ,1.016812090714,1.017996697227,1.018637870495,1.019287294737
      ,1.019940916674,1.020593891604,1.021238543949,1.021862121767
      ,1.022445190173,1.022961505492,1.023380215474,1.023671227534
      ,1.023814589743,1.023814864944,1.023671452013,1.023380816592
      ,1.022962561461,1.022446351664,1.021862968592,1.021238955848
      ,1.020594182479,1.019941648695,1.019288859696,1.018640092739
      ,1.017998883019,1.016971004822,1.016576808711,1.016188286521
      ,1.015806115213,1.015430863557,1.01506302892,1.014703072952
      ,1.014351458789,1.014008686504,1.01367533027,1.013352074105
      ,1.013039748609,1.012376845291,1.012030821,1.011711992609
      ,1.011377557635,1.011167856303,1.01080455639,1.010671023373
      ,1.010411939838,1.010280495579,1.010148195479,1.010067388432
      ,1.010025407662,1.010025407661)
    ,(1.031393471788,1.031393471787,1.031455095302,1.031577987192
      ,1.031761307166,1.032003766727,1.032303666231,1.032658931769
      ,1.033067152283,1.033525616419,1.034031349629,1.034581151077
      ,1.035171630671,1.036877044706,1.038065113658,1.039355750944
      ,1.040739913884,1.042208747995,1.043754545698,1.04537120164
      ,1.0470542302,1.048800412388,1.050607137529,1.052471506849
      ,1.054389264697,1.058574978575,1.060857387255,1.063187565014
      ,1.065551724456,1.067933511712,1.070306200227,1.072623041168
      ,1.074809672541,1.076762484493,1.078356843579,1.079469073554
      ,1.080016094657,1.080017145553,1.079469977842,1.078359141397
      ,1.076766439396,1.074813994515,1.072626192213,1.070307745757
      ,1.067934601716,1.065554405254,1.063193243819,1.060865388567
      ,1.058582752237,1.054950743379,1.05356468014,1.052205074574
      ,1.050873887519,1.049572685481,1.048302767614,1.047065291894
      ,1.045861402387,1.044692355273,1.043559646061,1.042465135844
      ,1.041411178205,1.039181283707,1.038022209062,1.036958227566
      ,1.0358466715,1.035152435726,1.033949876634,1.033513859268
      ,1.032659080394,1.032229730207,1.031795463723,1.031530982526
,1.031393471787,1.031393471788))) REPRESENTATION_ITEM('') SURFACE() );
#1590 = CARTESIAN_POINT('',(5.108815909778,-1.25E-15,29.2));
#1591 = CARTESIAN_POINT('',(5.108815909781,-0.119129353993,
    29.200000000002));
#1592 = CARTESIAN_POINT('',(5.105802784928,-0.238106222294,
    29.196467540379));
#1593 = CARTESIAN_POINT('',(5.099795967856,-0.356578915711,
    29.189426794148));
#1594 = CARTESIAN_POINT('',(5.090843738273,-0.47422836859,
    29.178929062919));
#1595 = CARTESIAN_POINT('',(5.079020966864,-0.590765274919,
    29.165050943071));
#1596 = CARTESIAN_POINT('',(5.064426821772,-0.705927164272,
    29.147892452242));
#1597 = CARTESIAN_POINT('',(5.047182444604,-0.819475418668,
    29.127575122969));
#1598 = CARTESIAN_POINT('',(5.027428603828,-0.931192232963,
    29.104240071196));
#1599 = CARTESIAN_POINT('',(5.005323332761,-1.040877521982,
    29.078046046748));
#1600 = CARTESIAN_POINT('',(4.981039560217,-1.148345778519,
    29.049167473829));
#1601 = CARTESIAN_POINT('',(4.95476274059,-1.253422886532,29.01779248828
    ));
#1602 = CARTESIAN_POINT('',(4.926688490615,-1.355942894196,
    28.984120979008));
#1603 = CARTESIAN_POINT('',(4.846154993681,-1.626851763344,
    28.887056139269));
#1604 = CARTESIAN_POINT('',(4.790536397024,-1.7902761928,28.819528522094
    ));
#1605 = CARTESIAN_POINT('',(4.730716516854,-1.946639913482,
    28.746269903065));
#1606 = CARTESIAN_POINT('',(4.667280357804,-2.096190821301,
    28.667789919982));
#1607 = CARTESIAN_POINT('',(4.60078834979,-2.239065848643,
    28.584556352952));
#1608 = CARTESIAN_POINT('',(4.531740992316,-2.375433330918,
    28.49695392301));
#1609 = CARTESIAN_POINT('',(4.460562871278,-2.505542967545,
    28.405260440449));
#1610 = CARTESIAN_POINT('',(4.387603213936,-2.629711397026,
    28.309637416149));
#1611 = CARTESIAN_POINT('',(4.313150146452,-2.748271073928,28.2101322404
    ));
#1612 = CARTESIAN_POINT('',(4.23745585121,-2.861509735352,
    28.106689062715));
#1613 = CARTESIAN_POINT('',(4.160769875245,-2.969627302892,
    27.999165552036));
#1614 = CARTESIAN_POINT('',(4.083377907607,-3.072736596633,
    27.887352773992));
#1615 = CARTESIAN_POINT('',(3.918086596213,-3.281538832543,
    27.639935564555));
#1616 = CARTESIAN_POINT('',(3.83008486864,-3.385903182235,
    27.503212114094));
#1617 = CARTESIAN_POINT('',(3.742186395613,-3.484054038651,
    27.36017115879));
#1618 = CARTESIAN_POINT('',(3.655026117226,-3.575996532213,
    27.210522125614));
#1619 = CARTESIAN_POINT('',(3.569271412772,-3.66164210575,
    27.053729111483));
#1620 = CARTESIAN_POINT('',(3.485810497525,-3.740682631241,
    26.888894784499));
#1621 = CARTESIAN_POINT('',(3.406040483069,-3.812462887954,
    26.714979886932));
#1622 = CARTESIAN_POINT('',(3.332117902292,-3.875899856354,
    26.531207681031));
#1623 = CARTESIAN_POINT('',(3.26704076138,-3.929493651974,
    26.337510729991));
#1624 = CARTESIAN_POINT('',(3.214436615979,-3.97147249049,
    26.134887800009));
#1625 = CARTESIAN_POINT('',(3.177932676171,-4.000114317334,
    25.925550790618));
#1626 = CARTESIAN_POINT('',(3.159977051436,-4.01429259456,
    25.712752350953));
#1627 = CARTESIAN_POINT('',(3.15994791971,-4.014315526346,
    25.287673968046));
#1628 = CARTESIAN_POINT('',(3.177902024357,-4.000131643824,
    25.074764471563));
#1629 = CARTESIAN_POINT('',(3.214350130711,-3.971540020829,
    24.865444336698));
#1630 = CARTESIAN_POINT('',(3.266892710806,-3.929621379483,
    24.662889491277));
#1631 = CARTESIAN_POINT('',(3.331956828764,-3.876043735092,
    24.469186431751));
#1632 = CARTESIAN_POINT('',(3.405922538878,-3.812568986202,
    24.28530083635));
#1633 = CARTESIAN_POINT('',(3.485751878032,-3.740733948816,
    24.111239313403));
#1634 = CARTESIAN_POINT('',(3.569231185104,-3.661677423849,
    23.946342884521));
#1635 = CARTESIAN_POINT('',(3.654930219699,-3.576089981825,
    23.789641570021));
#1636 = CARTESIAN_POINT('',(3.74198216154,-3.484264138815,
    23.640189282308));
#1637 = CARTESIAN_POINT('',(3.829793089739,-3.386221031222,
    23.497289583854));
#1638 = CARTESIAN_POINT('',(3.917794983357,-3.281886963304,
    23.360516286659));
#1639 = CARTESIAN_POINT('',(4.061121463288,-3.100864617462,
    23.145953973577));
#1640 = CARTESIAN_POINT('',(4.116708260648,-3.027896047018,
    23.064811303993));
#1641 = CARTESIAN_POINT('',(4.171990195496,-2.952370827265,
    22.985909040585));
#1642 = CARTESIAN_POINT('',(4.226849464404,-2.87425145504,
    22.909171879803));
#1643 = CARTESIAN_POINT('',(4.281177963622,-2.793479593057,
    22.834541440123));
#1644 = CARTESIAN_POINT('',(4.334873124972,-2.709979382569,
    22.761977818761));
#1645 = CARTESIAN_POINT('',(4.387833679252,-2.623660837808,
    22.691461216666));
#1646 = CARTESIAN_POINT('',(4.439955349918,-2.534423328035,
    22.622993624901));
#1647 = CARTESIAN_POINT('',(4.491126480555,-2.442159152785,
    22.556600565604));
#1648 = CARTESIAN_POINT('',(4.541223600974,-2.346757216978,
    22.492332880831));
#1649 = CARTESIAN_POINT('',(4.5901069379,-2.248106812106,22.430268561661
    ));
#1650 = CARTESIAN_POINT('',(4.637615877617,-2.146101511148,
    22.370514609502));
#1651 = CARTESIAN_POINT('',(4.739137330289,-1.913095435319,
    22.243899914394));
#1652 = CARTESIAN_POINT('',(4.792562563475,-1.78005482232,
    22.178013635421));
#1653 = CARTESIAN_POINT('',(4.842061421444,-1.646110056599,
    22.117553746399));
#1654 = CARTESIAN_POINT('',(4.89435256788,-1.488705839922,22.05428257287
    ));
#1655 = CARTESIAN_POINT('',(4.927611696237,-1.372979758541,
    22.014387271071));
#1656 = CARTESIAN_POINT('',(4.983917819945,-1.176192797762,
    21.947002355675));
#1657 = CARTESIAN_POINT('',(5.006725638696,-1.049016039216,
    21.920239488911));
#1658 = CARTESIAN_POINT('',(5.04638939602,-0.865275207706,
    21.873214946998));
#1659 = CARTESIAN_POINT('',(5.068334559934,-0.703051520002,
    21.847500430606));
#1660 = CARTESIAN_POINT('',(5.089069189218,-0.52893182465,
    21.823140667381));
#1661 = CARTESIAN_POINT('',(5.102108992107,-0.354224074035,
    21.80786142622));
#1662 = CARTESIAN_POINT('',(5.108815909778,-0.177587490714,21.8));
#1663 = CARTESIAN_POINT('',(5.108815909778,-1.25E-15,21.8));
#1664 = CARTESIAN_POINT('',(5.108815909778,1.020406E-10,29.093065286739)
  );
#1665 = CARTESIAN_POINT('',(5.10881590978,-0.115660684996,
    29.093065286741));
#1666 = CARTESIAN_POINT('',(5.105977551595,-0.231210630942,
    29.089546445234));
#1667 = CARTESIAN_POINT('',(5.100317229444,-0.346291091071,
    29.082530224183));
#1668 = CARTESIAN_POINT('',(5.091880022651,-0.460580084808,
    29.072067205315));
#1669 = CARTESIAN_POINT('',(5.080737232541,-0.573788803531,
    29.058234808214));
#1670 = CARTESIAN_POINT('',(5.066983907642,-0.68565799502,
    29.041134995224));
#1671 = CARTESIAN_POINT('',(5.050736359497,-0.795954327461,
    29.020891965484));
#1672 = CARTESIAN_POINT('',(5.032129671818,-0.904466733549,
    28.997649841213));
#1673 = CARTESIAN_POINT('',(5.011315205297,-1.011002736623,
    28.971570348488));
#1674 = CARTESIAN_POINT('',(4.98845810082,-1.115384759735,
    28.942830495707));
#1675 = CARTESIAN_POINT('',(4.963734783265,-1.217446419857,
    28.911620251917));
#1676 = CARTESIAN_POINT('',(4.937330468249,-1.317028808495,
    28.87814022771));
#1677 = CARTESIAN_POINT('',(4.861559227913,-1.580380091695,
    28.781596332631));
#1678 = CARTESIAN_POINT('',(4.809241353584,-1.739296234999,
    28.714456073617));
#1679 = CARTESIAN_POINT('',(4.752996798349,-1.891377174863,
    28.641656689562));
#1680 = CARTESIAN_POINT('',(4.693391484694,-2.036855376653,
    28.563729246376));
#1681 = CARTESIAN_POINT('',(4.630973307993,-2.175841438781,
    28.481172452151));
#1682 = CARTESIAN_POINT('',(4.566230891393,-2.308484050025,
    28.39439985198));
#1683 = CARTESIAN_POINT('',(4.499576462861,-2.435024722303,
    28.303713449438));
#1684 = CARTESIAN_POINT('',(4.431348010048,-2.555779685016,
    28.209297657378));
#1685 = CARTESIAN_POINT('',(4.361825878136,-2.671081203989,
    28.111227490968));
#1686 = CARTESIAN_POINT('',(4.291258997547,-2.781210441199,
    28.009484941504));
#1687 = CARTESIAN_POINT('',(4.219895958617,-2.886353811036,
    27.903977503622));
#1688 = CARTESIAN_POINT('',(4.14801618474,-2.986614620725,
    27.794552868445));
#1689 = CARTESIAN_POINT('',(3.994564131294,-3.189976701465,
    27.552748722161));
#1690 = CARTESIAN_POINT('',(3.912926668169,-3.291761749341,
    27.419309515906));
#1691 = CARTESIAN_POINT('',(3.831547087409,-3.387516858884,
    27.280124251821));
#1692 = CARTESIAN_POINT('',(3.751024060539,-3.477247565575,
    27.134954332705));
#1693 = CARTESIAN_POINT('',(3.671984476156,-3.560870823448,
    26.983350094146));
#1694 = CARTESIAN_POINT('',(3.595239806939,-3.638101137811,
    26.824534471366));
#1695 = CARTESIAN_POINT('',(3.52204202648,-3.708320295955,
    26.657581515018));
#1696 = CARTESIAN_POINT('',(3.454316159111,-3.770483164078,
    26.481767992499));
#1697 = CARTESIAN_POINT('',(3.394747994282,-3.823111144563,
    26.296978188167));
#1698 = CARTESIAN_POINT('',(3.346606729106,-3.864424293681,
    26.104044421531));
#1699 = CARTESIAN_POINT('',(3.313182594004,-3.892663173632,
    25.904908584249));
#1700 = CARTESIAN_POINT('',(3.296717836463,-3.906652771967,
    25.702492433556));
#1701 = CARTESIAN_POINT('',(3.296692647182,-3.906674207594,
    25.297883696205));
#1702 = CARTESIAN_POINT('',(3.313154776275,-3.892680557493,
    25.095403010393));
#1703 = CARTESIAN_POINT('',(3.346524635791,-3.864493234988,
    24.896307054685));
#1704 = CARTESIAN_POINT('',(3.39460707416,-3.823240576884,
    24.703436205009));
#1705 = CARTESIAN_POINT('',(3.454163025881,-3.770628418892,
    24.518625681688));
#1706 = CARTESIAN_POINT('',(3.521929876312,-3.708427562401,
    24.342691090327));
#1707 = CARTESIAN_POINT('',(3.595183887939,-3.63815365848,
    24.175594326867));
#1708 = CARTESIAN_POINT('',(3.671946654221,-3.560906771798,
    24.016722151769));
#1709 = CARTESIAN_POINT('',(3.750935773245,-3.477339212695,
    23.86520771525));
#1710 = CARTESIAN_POINT('',(3.831359991458,-3.387720504569,
    23.720223047427));
#1711 = CARTESIAN_POINT('',(3.912660056956,-3.292068004207,
    23.581168576873));
#1712 = CARTESIAN_POINT('',(3.994297751108,-3.190311068341,23.4476842569
    ));
#1713 = CARTESIAN_POINT('',(4.127403907775,-3.013943011379,
    23.237919208441));
#1714 = CARTESIAN_POINT('',(4.179022350093,-2.942959110201,
    23.158547674913));
#1715 = CARTESIAN_POINT('',(4.230427054696,-2.869488793143,
    23.081221749751));
#1716 = CARTESIAN_POINT('',(4.281505107868,-2.793493766316,
    23.005885583131));
#1717 = CARTESIAN_POINT('',(4.332151862872,-2.714916108186,
    22.932498554931));
#1718 = CARTESIAN_POINT('',(4.382267094486,-2.633681505832,22.861036997)
  );
#1719 = CARTESIAN_POINT('',(4.431751134186,-2.549702514835,
    22.791495935784));
#1720 = CARTESIAN_POINT('',(4.480500986645,-2.46288184421,
    22.723890853761));
#1721 = CARTESIAN_POINT('',(4.528406428577,-2.373115668285,
    22.658259466924));
#1722 = CARTESIAN_POINT('',(4.575346091057,-2.280296967312,
    22.594663517184));
#1723 = CARTESIAN_POINT('',(4.621183527178,-2.184318898627,
    22.533190576426));
#1724 = CARTESIAN_POINT('',(4.665763266872,-2.085078200624,
    22.473955860566));
#1725 = CARTESIAN_POINT('',(4.761009727779,-1.858573063556,
    22.348446296989));
#1726 = CARTESIAN_POINT('',(4.811147863058,-1.729329327956,
    22.283103142256));
#1727 = CARTESIAN_POINT('',(4.857656730085,-1.599188743043,
    22.223055075875));
#1728 = CARTESIAN_POINT('',(4.906835035037,-1.446097236542,
    22.160156084588));
#1729 = CARTESIAN_POINT('',(4.937954923413,-1.334493032779,
    22.12072332595));
#1730 = CARTESIAN_POINT('',(4.991421754722,-1.141339523755,
    22.052961311003));
#1731 = CARTESIAN_POINT('',(5.012225565313,-1.020486727553,
    22.027337834817));
#1732 = CARTESIAN_POINT('',(5.050250234332,-0.839495637549,
    21.979492968264));
#1733 = CARTESIAN_POINT('',(5.070525228235,-0.683388016233,
    21.954487613626));
#1734 = CARTESIAN_POINT('',(5.090246363947,-0.513588739098,
    21.929936021067));
#1735 = CARTESIAN_POINT('',(5.102489995669,-0.344039290123,
    21.914777869428));
#1736 = CARTESIAN_POINT('',(5.108815909778,-0.172454939526,
    21.906934713261));
#1737 = CARTESIAN_POINT('',(5.108815909778,5.77E-15,21.906934713261));
#1738 = CARTESIAN_POINT('',(5.074814169524,1.0778667E-10,28.988916570967
    ));
#1739 = CARTESIAN_POINT('',(5.074814169527,-0.111569950214,
    28.98891657097));
#1740 = CARTESIAN_POINT('',(5.072094363974,-0.223071791652,
    28.985410813999));
#1741 = CARTESIAN_POINT('',(5.066668734181,-0.334135397455,
    28.978418382092));
#1742 = CARTESIAN_POINT('',(5.058580275658,-0.444432335488,
    28.96798923313));
#1743 = CARTESIAN_POINT('',(5.047898298088,-0.553671507167,
    28.954201508368));
#1744 = CARTESIAN_POINT('',(5.034715727763,-0.661594790917,
    28.937158842731));
#1745 = CARTESIAN_POINT('',(5.019146411892,-0.767972689839,
    28.916987677552));
#1746 = CARTESIAN_POINT('',(5.001322424367,-0.87259998343,
    28.893834574802));
#1747 = CARTESIAN_POINT('',(4.981391372313,-0.975291382897,
    28.867863532676));
#1748 = CARTESIAN_POINT('',(4.959513703043,-1.075877189752,
    28.839253301456));
#1749 = CARTESIAN_POINT('',(4.935860010791,-1.17419895729,
    28.808194699543));
#1750 = CARTESIAN_POINT('',(4.910608342866,-1.27010515452,
    28.774887928792));
#1751 = CARTESIAN_POINT('',(4.838141711292,-1.523759409903,
    28.67883029447));
#1752 = CARTESIAN_POINT('',(4.788140973227,-1.6767136255,28.612067409387
    ));
#1753 = CARTESIAN_POINT('',(4.734421009722,-1.822997262796,
    28.539709898901));
#1754 = CARTESIAN_POINT('',(4.67753850746,-1.962825730237,28.46230571396
    ));
#1755 = CARTESIAN_POINT('',(4.618039076259,-2.096280135659,
    28.380380986991));
#1756 = CARTESIAN_POINT('',(4.556408356077,-2.223487406242,
    28.294374489237));
#1757 = CARTESIAN_POINT('',(4.493053143229,-2.344680145528,
    28.204608225551));
#1758 = CARTESIAN_POINT('',(4.428305405269,-2.460173937306,
    28.111284742383));
#1759 = CARTESIAN_POINT('',(4.362442050947,-2.570299835047,
    28.014501723903));
#1760 = CARTESIAN_POINT('',(4.295713315241,-2.67532981091,
    27.914274440039));
#1761 = CARTESIAN_POINT('',(4.228372611419,-2.775432977957,
    27.810556603521));
#1762 = CARTESIAN_POINT('',(4.160700692114,-2.870700441923,
    27.70325017817));
#1763 = CARTESIAN_POINT('',(4.0164584092,-3.0637294278,27.466577386));
#1764 = CARTESIAN_POINT('',(3.939872688007,-3.160170673612,
    27.336234720368));
#1765 = CARTESIAN_POINT('',(3.863727965942,-3.250684104631,
    27.200680800857));
#1766 = CARTESIAN_POINT('',(3.78860059457,-3.335285290101,
    27.059744613576));
#1767 = CARTESIAN_POINT('',(3.715090847762,-3.413909908165,
    26.913077123336));
#1768 = CARTESIAN_POINT('',(3.64395042307,-3.486322442103,
    26.760030164084));
#1769 = CARTESIAN_POINT('',(3.576309549968,-3.551997120217,
    26.599802323955));
#1770 = CARTESIAN_POINT('',(3.513891287055,-3.610023067223,
    26.431746751788));
#1771 = CARTESIAN_POINT('',(3.45910030285,-3.659085809517,
    26.255735436415));
#1772 = CARTESIAN_POINT('',(3.414873190534,-3.697577398052,
    26.07247403105));
#1773 = CARTESIAN_POINT('',(3.384177310858,-3.72388739875,
    25.883660737965));
#1774 = CARTESIAN_POINT('',(3.369045495739,-3.73692674618,
    25.691882282984));
#1775 = CARTESIAN_POINT('',(3.369024077291,-3.73694507443,
    25.308440505892));
#1776 = CARTESIAN_POINT('',(3.384152233545,-3.723903344126,
    25.116646777511));
#1777 = CARTESIAN_POINT('',(3.414794670877,-3.697644687327,
    24.927898316101));
#1778 = CARTESIAN_POINT('',(3.458964696031,-3.659212151864,
    24.744695483512));
#1779 = CARTESIAN_POINT('',(3.513743826815,-3.610164726488,
    24.568648742524));
#1780 = CARTESIAN_POINT('',(3.576201409121,-3.552102018244,
    24.400463517866));
#1781 = CARTESIAN_POINT('',(3.643896417552,-3.486374283096,
    24.240093388927));
#1782 = CARTESIAN_POINT('',(3.715055122043,-3.41394484644,24.08699465564
    ));
#1783 = CARTESIAN_POINT('',(3.788518660426,-3.335371680477,
    23.940415715367));
#1784 = CARTESIAN_POINT('',(3.86355454999,-3.250874849713,
    23.799655138051));
#1785 = CARTESIAN_POINT('',(3.939625977426,-3.160456603851,
    23.664222713044));
#1786 = CARTESIAN_POINT('',(4.016212465074,-3.064041020784,
    23.533838037023));
#1787 = CARTESIAN_POINT('',(4.141350358001,-2.89660695773,
    23.328491634255));
#1788 = CARTESIAN_POINT('',(4.189924877662,-2.829175728414,
    23.250701945488));
#1789 = CARTESIAN_POINT('',(4.238376802687,-2.759289002735,
    23.174784326399));
#1790 = CARTESIAN_POINT('',(4.286595042398,-2.686908003436,
    23.100701859593));
#1791 = CARTESIAN_POINT('',(4.334475845804,-2.611975760501,
    23.028430711441));
#1792 = CARTESIAN_POINT('',(4.381919198359,-2.534420141499,
    22.957962080165));
#1793 = CARTESIAN_POINT('',(4.428825222627,-2.454156877118,
    22.889304139157));
#1794 = CARTESIAN_POINT('',(4.475090582847,-2.371092581516,
    22.822483976485));
#1795 = CARTESIAN_POINT('',(4.520604893117,-2.285127767039,
    22.757549530245));
#1796 = CARTESIAN_POINT('',(4.56524712893,-2.196159853179,
    22.694571521185));
#1797 = CARTESIAN_POINT('',(4.608882041793,-2.104086169021,
    22.633645382098));
#1798 = CARTESIAN_POINT('',(4.651356576393,-2.008806949105,
    22.57489318539));
#1799 = CARTESIAN_POINT('',(4.742139532929,-1.791273610583,
    22.450374431523));
#1800 = CARTESIAN_POINT('',(4.789960599183,-1.667094934883,
    22.385511820919));
#1801 = CARTESIAN_POINT('',(4.834383831822,-1.541936832548,
    22.325824788939));
#1802 = CARTESIAN_POINT('',(4.881395268042,-1.394440533281,
    22.263271985744));
#1803 = CARTESIAN_POINT('',(4.910951294688,-1.287959283656,
    22.224315334985));
#1804 = CARTESIAN_POINT('',(4.962711485041,-1.099514738374,
    22.15604900108));
#1805 = CARTESIAN_POINT('',(4.981756646535,-0.986325017322,
    22.131746813024));
#1806 = CARTESIAN_POINT('',(5.019027151745,-0.808777881316,
    22.082909701441));
#1807 = CARTESIAN_POINT('',(5.037933066429,-0.660035347468,
    22.058724100831));
#1808 = CARTESIAN_POINT('',(5.057064856613,-0.495417677699,
    22.033936432027));
#1809 = CARTESIAN_POINT('',(5.068742731748,-0.33200691569,
    22.018910947034));
#1810 = CARTESIAN_POINT('',(5.074814169524,-0.166401924601,
    22.011083429033));
#1811 = CARTESIAN_POINT('',(5.074814169524,4.88E-15,22.011083429033));
#1812 = CARTESIAN_POINT('',(5.009583715059,1.5715296E-10,28.899232194719
    ));
#1813 = CARTESIAN_POINT('',(5.009583715063,-0.107294066061,
    28.899232194724));
#1814 = CARTESIAN_POINT('',(5.0069167654,-0.214560623682,28.895760046955
    ));
#1815 = CARTESIAN_POINT('',(5.001595160762,-0.321417434744,
    28.888832773026));
#1816 = CARTESIAN_POINT('',(4.993660790118,-0.427529060868,
    28.878499470066));
#1817 = CARTESIAN_POINT('',(4.98318221447,-0.532601750193,
    28.864838289436));
#1818 = CARTESIAN_POINT('',(4.970251751543,-0.636378338086,
    28.847953423728));
#1819 = CARTESIAN_POINT('',(4.954982565968,-0.73863316039,
    28.827972100323));
#1820 = CARTESIAN_POINT('',(4.937505763243,-0.839166978793,
    28.805041579747));
#1821 = CARTESIAN_POINT('',(4.917967486021,-0.93780191642,28.77932615687
    ));
#1822 = CARTESIAN_POINT('',(4.896526011041,-1.034376403037,
    28.751004163453));
#1823 = CARTESIAN_POINT('',(4.87334884535,-1.128740127981,
    28.720264970024));
#1824 = CARTESIAN_POINT('',(4.848609820378,-1.22074899992,
    28.687305985845));
#1825 = CARTESIAN_POINT('',(4.777610095365,-1.464025392856,
    28.592246106325));
#1826 = CARTESIAN_POINT('',(4.728650953614,-1.610540915538,
    28.526216667872));
#1827 = CARTESIAN_POINT('',(4.676063076688,-1.750533704234,
    28.45467170548));
#1828 = CARTESIAN_POINT('',(4.620399362341,-1.884203684113,
    28.378164925665));
#1829 = CARTESIAN_POINT('',(4.562208341971,-2.011603334983,
    28.29723814898));
#1830 = CARTESIAN_POINT('',(4.501976860713,-2.132838385681,
    28.212343719145));
#1831 = CARTESIAN_POINT('',(4.440108998184,-2.248132799604,
    28.123812042524));
#1832 = CARTESIAN_POINT('',(4.376931848392,-2.357801355975,
    28.03185175666));
#1833 = CARTESIAN_POINT('',(4.312718765454,-2.46217322058,
    27.936570010623));
#1834 = CARTESIAN_POINT('',(4.247720659114,-2.561510011906,
    27.83800031269));
#1835 = CARTESIAN_POINT('',(4.182195895466,-2.655961995066,
    27.736125363571));
#1836 = CARTESIAN_POINT('',(4.116429324089,-2.745606174397,
    27.630882251769));
#1837 = CARTESIAN_POINT('',(3.976381460538,-2.926807408782,
    27.399073098437));
#1838 = CARTESIAN_POINT('',(3.902110229019,-3.017043110429,
    27.271595321323));
#1839 = CARTESIAN_POINT('',(3.828366714268,-3.101430546887,
    27.139255055336));
#1840 = CARTESIAN_POINT('',(3.755719345176,-3.179997501466,
    27.001927467527));
#1841 = CARTESIAN_POINT('',(3.684760905266,-3.252698663071,
    26.859334441909));
#1842 = CARTESIAN_POINT('',(3.616220399755,-3.319348229669,
    26.710916807436));
#1843 = CARTESIAN_POINT('',(3.551174800539,-3.37951959521,
    26.555959798608));
#1844 = CARTESIAN_POINT('',(3.491253245194,-3.432459604938,
    26.393874402586));
#1845 = CARTESIAN_POINT('',(3.438725357593,-3.477065426955,
    26.224536064556));
#1846 = CARTESIAN_POINT('',(3.396364560458,-3.511972483709,
    26.048580706523));
#1847 = CARTESIAN_POINT('',(3.366977004819,-3.535801901645,
    25.867556217313));
#1848 = CARTESIAN_POINT('',(3.3524877148,-3.547615240301,25.683825915515
    ));
#1849 = CARTESIAN_POINT('',(3.352468542123,-3.547630130185,
    25.316454816072));
#1850 = CARTESIAN_POINT('',(3.366953614445,-3.535815607327,
    25.132747506286));
#1851 = CARTESIAN_POINT('',(3.39628716429,-3.512036429989,24.95180811299
    ));
#1852 = CARTESIAN_POINT('',(3.438590668329,-3.477186358416,
    24.775909101866));
#1853 = CARTESIAN_POINT('',(3.491106508519,-3.432595410064,
    24.606524392671));
#1854 = CARTESIAN_POINT('',(3.551067052575,-3.37962044692,
    24.444302067174));
#1855 = CARTESIAN_POINT('',(3.616166663163,-3.319398288273,
    24.289202672838));
#1856 = CARTESIAN_POINT('',(3.684726181835,-3.252731641623,
    24.140736011359));
#1857 = CARTESIAN_POINT('',(3.755640467378,-3.180077407538,
    23.998230687768));
#1858 = CARTESIAN_POINT('',(3.828199466114,-3.1016068045,23.861072190872
    ));
#1859 = CARTESIAN_POINT('',(3.901872639791,-3.01730701726,
    23.728846537977));
#1860 = CARTESIAN_POINT('',(3.976145798503,-2.927094488785,
    23.601327485629));
#1861 = CARTESIAN_POINT('',(4.097651493306,-2.769912803305,
    23.400190716568));
#1862 = CARTESIAN_POINT('',(4.144846616651,-2.706499481015,
    23.32392612386));
#1863 = CARTESIAN_POINT('',(4.191962252256,-2.640651975786,
    23.249418149002));
#1864 = CARTESIAN_POINT('',(4.238887380795,-2.572331944253,
    23.176641808162));
#1865 = CARTESIAN_POINT('',(4.28551818619,-2.501484045046,23.10558343341
    ));
#1866 = CARTESIAN_POINT('',(4.331754518324,-2.428038753191,
    23.03624281623));
#1867 = CARTESIAN_POINT('',(4.377496367007,-2.35191516137,
    22.968635337949));
#1868 = CARTESIAN_POINT('',(4.422640346886,-2.273023766873,
    22.902794088198));
#1869 = CARTESIAN_POINT('',(4.467076192661,-2.191269243358,
    22.838771972601));
#1870 = CARTESIAN_POINT('',(4.510683263796,-2.106553196364,
    22.776643811181));
#1871 = CARTESIAN_POINT('',(4.553327057856,-2.018776901291,
    22.716508428545));
#1872 = CARTESIAN_POINT('',(4.594855731123,-1.927844022789,
    22.658490737818));
#1873 = CARTESIAN_POINT('',(4.683642307536,-1.720045888479,
    22.535492029249));
#1874 = CARTESIAN_POINT('',(4.73042758632,-1.60131071686,22.471397280662
    ));
#1875 = CARTESIAN_POINT('',(4.773932430113,-1.481486864264,
    22.412354662604));
#1876 = CARTESIAN_POINT('',(4.819979513232,-1.339987982899,
    22.350474235764));
#1877 = CARTESIAN_POINT('',(4.848721302503,-1.238911253896,
    22.312197547551));
#1878 = CARTESIAN_POINT('',(4.90007668471,-1.055536361434,
    22.243797010044));
#1879 = CARTESIAN_POINT('',(4.917798749607,-0.950402931975,22.2209852032
    ));
#1880 = CARTESIAN_POINT('',(4.955246818904,-0.776539618923,
    22.171419567841));
#1881 = CARTESIAN_POINT('',(4.973221427944,-0.635544901119,
    22.148215404813));
#1882 = CARTESIAN_POINT('',(4.99222931974,-0.476385264221,
    22.123335074708));
#1883 = CARTESIAN_POINT('',(5.003620188796,-0.31941719915,
    22.108533746982));
#1884 = CARTESIAN_POINT('',(5.009583715059,-0.160074946316,
    22.100767805281));
#1885 = CARTESIAN_POINT('',(5.009583715059,3.11E-15,22.100767805281));
#1886 = CARTESIAN_POINT('',(4.919899338811,2.4524693E-10,28.834001740253
    ));
#1887 = CARTESIAN_POINT('',(4.919899338818,-0.103299018921,
    28.834001740261));
#1888 = CARTESIAN_POINT('',(4.917225765191,-0.206605266092,
    28.830599330783));
#1889 = CARTESIAN_POINT('',(4.911890055584,-0.309527911468,
    28.823809902057));
#1890 = CARTESIAN_POINT('',(4.903933797002,-0.411727584811,
    28.813681215347));
#1891 = CARTESIAN_POINT('',(4.893425641433,-0.512910562268,
    28.800290188198));
#1892 = CARTESIAN_POINT('',(4.880458223841,-0.612822957866,
    28.783739682655));
#1893 = CARTESIAN_POINT('',(4.865145082172,-0.711244919535,
    28.764155295504));
#1894 = CARTESIAN_POINT('',(4.847617578538,-0.807984828893,
    28.741682150471));
#1895 = CARTESIAN_POINT('',(4.82802182136,-0.902873504813,
    28.716481690953));
#1896 = CARTESIAN_POINT('',(4.806515587575,-0.995758409631,
    28.688728473641));
#1897 = CARTESIAN_POINT('',(4.783265244697,-1.086497858144,
    28.658606961459));
#1898 = CARTESIAN_POINT('',(4.758442672036,-1.174955228326,
    28.62630831614));
#1899 = CARTESIAN_POINT('',(4.687188979713,-1.408761728413,
    28.533149998136));
#1900 = CARTESIAN_POINT('',(4.638064170967,-1.549425067225,
    28.468471960088));
#1901 = CARTESIAN_POINT('',(4.585278550039,-1.683752191908,
    28.398385660998));
#1902 = CARTESIAN_POINT('',(4.529382523668,-1.81193417455,
    28.323433743105));
#1903 = CARTESIAN_POINT('',(4.470927803555,-1.934001507103,
    28.24415481716));
#1904 = CARTESIAN_POINT('',(4.410402182507,-2.050043488123,
    28.160996349959));
#1905 = CARTESIAN_POINT('',(4.348206125325,-2.160278032755,
    28.074279592177));
#1906 = CARTESIAN_POINT('',(4.284659907398,-2.265020311933,
    27.984201611695));
#1907 = CARTESIAN_POINT('',(4.220030028732,-2.364598660531,
    27.890859491571));
#1908 = CARTESIAN_POINT('',(4.154563621827,-2.459266237084,
    27.794281739279));
#1909 = CARTESIAN_POINT('',(4.088519560051,-2.549156966064,
    27.694451939793));
#1910 = CARTESIAN_POINT('',(4.022184959275,-2.634334346739,
    27.591309667009));
#1911 = CARTESIAN_POINT('',(3.880850660974,-2.80620380985,
    27.364140592411));
#1912 = CARTESIAN_POINT('',(3.805849260026,-2.891600626027,
    27.239230907124));
#1913 = CARTESIAN_POINT('',(3.731305564193,-2.971301155448,
    27.109504104253));
#1914 = CARTESIAN_POINT('',(3.657793131501,-3.045337940945,
    26.974843171943));
#1915 = CARTESIAN_POINT('',(3.585913699613,-3.113673258626,
    26.834983790769));
#1916 = CARTESIAN_POINT('',(3.516410529479,-3.176146058623,
    26.689372990615));
#1917 = CARTESIAN_POINT('',(3.45038537863,-3.232384147661,
    26.537293799241));
#1918 = CARTESIAN_POINT('',(3.389507760436,-3.281726211123,
    26.378152143882));
#1919 = CARTESIAN_POINT('',(3.336104864071,-3.323198416854,
    26.211821907987));
#1920 = CARTESIAN_POINT('',(3.293020270128,-3.355590441661,
    26.03894359064));
#1921 = CARTESIAN_POINT('',(3.263129540086,-3.377675751573,
    25.861071490822));
#1922 = CARTESIAN_POINT('',(3.248401084771,-3.388620764272,
    25.680563883873));
#1923 = CARTESIAN_POINT('',(3.248381986003,-3.388633401301,
    25.319697693733));
#1924 = CARTESIAN_POINT('',(3.263106223667,-3.377687655055,
    25.139229828985));
#1925 = CARTESIAN_POINT('',(3.29294117591,-3.355651530583,
    24.961452619634));
#1926 = CARTESIAN_POINT('',(3.335966464714,-3.323315033722,
    24.788630900335));
#1927 = CARTESIAN_POINT('',(3.389356666848,-3.281857535319,
    24.622250030656));
#1928 = CARTESIAN_POINT('',(3.450274339558,-3.232481873415,
    24.462967613945));
#1929 = CARTESIAN_POINT('',(3.516355322903,-3.176194521995,
    24.310744561347));
#1930 = CARTESIAN_POINT('',(3.58587860292,-3.113704435431,
    24.165084672668));
#1931 = CARTESIAN_POINT('',(3.657713366384,-3.04541296364,
    24.025312273703));
#1932 = CARTESIAN_POINT('',(3.731135869841,-2.971467184127,
    23.890817874778));
#1933 = CARTESIAN_POINT('',(3.805608556809,-2.891849051005,
    23.761202186339));
#1934 = CARTESIAN_POINT('',(3.880613620949,-2.806472857654,
    23.636249114493));
#1935 = CARTESIAN_POINT('',(4.003228827608,-2.657396168698,
    23.439150242242));
#1936 = CARTESIAN_POINT('',(4.050841161968,-2.597166728114,
    23.364405842094));
#1937 = CARTESIAN_POINT('',(4.098347265585,-2.534557497245,
    23.291391781541));
#1938 = CARTESIAN_POINT('',(4.145635907884,-2.469531518755,
    23.220082896571));
#1939 = CARTESIAN_POINT('',(4.192603698689,-2.402035367894,
    23.150464673118));
#1940 = CARTESIAN_POINT('',(4.239151437556,-2.332001832135,
    23.08253545284));
#1941 = CARTESIAN_POINT('',(4.28518046703,-2.259352586577,
    23.016308634417));
#1942 = CARTESIAN_POINT('',(4.330589029752,-2.184000864681,
    22.951814870608));
#1943 = CARTESIAN_POINT('',(4.375268629229,-2.10585412397,
    22.889104261614));
#1944 = CARTESIAN_POINT('',(4.419100393892,-2.024816706471,
    22.828248545149));
#1945 = CARTESIAN_POINT('',(4.461951444295,-1.940792493261,
    22.769343283661));
#1946 = CARTESIAN_POINT('',(4.503671262818,-1.853687552971,
    22.712510049335));
#1947 = CARTESIAN_POINT('',(4.592858972991,-1.654478327324,
    22.591999045833));
#1948 = CARTESIAN_POINT('',(4.639839997539,-1.54056928765,
    22.529199488319));
#1949 = CARTESIAN_POINT('',(4.683534206149,-1.425512638324,
    22.471319219999));
#1950 = CARTESIAN_POINT('',(4.729749116316,-1.28944162284,
    22.410687014315));
#1951 = CARTESIAN_POINT('',(4.758400175082,-1.193279141068,
    22.373424802513));
#1952 = CARTESIAN_POINT('',(4.81048593237,-1.014522839943,
    22.305642353512));
#1953 = CARTESIAN_POINT('',(4.827391384912,-0.916864687179,
    22.284449418202));
#1954 = CARTESIAN_POINT('',(4.865765953917,-0.746403357193,
    22.234772128656));
#1955 = CARTESIAN_POINT('',(4.883271268963,-0.612635189398,
    22.21272973174));
#1956 = CARTESIAN_POINT('',(4.902549085302,-0.458581553389,
    22.188048628269));
#1957 = CARTESIAN_POINT('',(4.913912213456,-0.307643985057,
    22.173620267826));
#1958 = CARTESIAN_POINT('',(4.919899338811,-0.154163519548,
    22.165998259746));
#1959 = CARTESIAN_POINT('',(4.919899338811,2.66E-15,22.165998259747));
#1960 = CARTESIAN_POINT('',(4.815750623039,3.6208547E-10,28.8));
#1961 = CARTESIAN_POINT('',(4.815750623049,-0.100013875455,
    28.800000000011));
#1962 = CARTESIAN_POINT('',(4.813031185793,-0.200060223135,
    28.796708112561));
#1963 = CARTESIAN_POINT('',(4.807603741854,-0.299746883958,
    28.790138673982));
#1964 = CARTESIAN_POINT('',(4.799510177678,-0.398736788196,
    28.780337480297));
#1965 = CARTESIAN_POINT('',(4.78881968395,-0.496741528097,
    28.767378569334));
#1966 = CARTESIAN_POINT('',(4.775625592375,-0.593514907559,
    28.75136099025));
#1967 = CARTESIAN_POINT('',(4.760042203404,-0.688846470426,
    28.732405562241));
#1968 = CARTESIAN_POINT('',(4.742201607838,-0.782555009629,
    28.710651627068));
#1969 = CARTESIAN_POINT('',(4.722250504829,-0.874482059862,
    28.686253796297));
#1970 = CARTESIAN_POINT('',(4.700347019164,-0.964485376385,
    28.659378698345));
#1971 = CARTESIAN_POINT('',(4.676657520136,-1.052432402744,
    28.630201726053));
#1972 = CARTESIAN_POINT('',(4.651353444437,-1.138193729894,
    28.59890378882));
#1973 = CARTESIAN_POINT('',(4.578701943901,-1.364859410092,
    28.508621643985));
#1974 = CARTESIAN_POINT('',(4.528607197087,-1.501201481877,
    28.445948646929));
#1975 = CARTESIAN_POINT('',(4.474735957352,-1.631474767433,
    28.377994346849));
#1976 = CARTESIAN_POINT('',(4.417635459986,-1.755871108544,
    28.305269956887));
#1977 = CARTESIAN_POINT('',(4.357858327498,-1.874409089229,
    28.228287730577));
#1978 = CARTESIAN_POINT('',(4.29589128444,-1.98716826839,28.147468310737
    ));
#1979 = CARTESIAN_POINT('',(4.232129790727,-2.094363226771,
    28.063103931344));
#1980 = CARTESIAN_POINT('',(4.166886020922,-2.196309814244,
    27.975361071471));
#1981 = CARTESIAN_POINT('',(4.100417644885,-2.2933358174,27.884306195566
    ));
#1982 = CARTESIAN_POINT('',(4.03296491276,-2.385688058509,
    27.789938274009));
#1983 = CARTESIAN_POINT('',(3.964783607191,-2.473487702048,
    27.692211852064));
#1984 = CARTESIAN_POINT('',(3.896161493729,-2.556785292291,
    27.591034519648));
#1985 = CARTESIAN_POINT('',(3.749745717552,-2.724977398972,
    27.367836432924));
#1986 = CARTESIAN_POINT('',(3.671911236329,-2.808644833797,
    27.244912944742));
#1987 = CARTESIAN_POINT('',(3.59435409913,-2.886890072988,27.11687746346
    ));
#1988 = CARTESIAN_POINT('',(3.517661636925,-2.959734033526,
    26.983578426486));
#1989 = CARTESIAN_POINT('',(3.442455602271,-3.027124556331,
    26.844703940204));
#1990 = CARTESIAN_POINT('',(3.369520588101,-3.088881224767,
    26.699623429425));
#1991 = CARTESIAN_POINT('',(3.300040202265,-3.144605206748,
    26.547530896067));
#1992 = CARTESIAN_POINT('',(3.235820313674,-3.193600519871,
    26.387767598086));
#1993 = CARTESIAN_POINT('',(3.179380076681,-3.234852421213,
    26.220203719237));
#1994 = CARTESIAN_POINT('',(3.133792628269,-3.267108147055,
    26.045560831863));
#1995 = CARTESIAN_POINT('',(3.10215765198,-3.289105250311,
    25.865559516715));
#1996 = CARTESIAN_POINT('',(3.086586431308,-3.299993708231,
    25.682778719368));
#1997 = CARTESIAN_POINT('',(3.086565647809,-3.300006286468,
    25.317490789797));
#1998 = CARTESIAN_POINT('',(3.102133168288,-3.289116731917,
    25.134741410194));
#1999 = CARTESIAN_POINT('',(3.133710327316,-3.267168612394,
    24.954832051142));
#2000 = CARTESIAN_POINT('',(3.179235732603,-3.234968503775,
    24.780248239683));
#2001 = CARTESIAN_POINT('',(3.235662438486,-3.193731545914,
    24.612637004491));
#2002 = CARTESIAN_POINT('',(3.299924129937,-3.1447027482,24.452733500652
    ));
#2003 = CARTESIAN_POINT('',(3.369463072817,-3.08892933897,
    24.300494749748));
#2004 = CARTESIAN_POINT('',(3.442419217917,-3.02715501545,
    24.155362354676));
#2005 = CARTESIAN_POINT('',(3.517578182247,-2.959807928802,
    24.016574233306));
#2006 = CARTESIAN_POINT('',(3.594175900611,-2.887054433999,
    23.883443302211));
#2007 = CARTESIAN_POINT('',(3.671658689571,-2.808890358692,
    23.755519194465));
#2008 = CARTESIAN_POINT('',(3.749498640669,-2.725241060962,
    23.632547664742));
#2009 = CARTESIAN_POINT('',(3.876501713564,-2.579378301017,
    23.438925729937));
#2010 = CARTESIAN_POINT('',(3.925778845865,-2.520462230603,
    23.365565533021));
#2011 = CARTESIAN_POINT('',(3.974872149658,-2.459278391566,
    23.294013594676));
#2012 = CARTESIAN_POINT('',(4.023669893001,-2.395792889519,
    23.224231936711));
#2013 = CARTESIAN_POINT('',(4.07206938512,-2.329954964696,
    23.156193710226));
#2014 = CARTESIAN_POINT('',(4.1199731044,-2.26169966447,23.089885304658)
  );
#2015 = CARTESIAN_POINT('',(4.167284807395,-2.190950535456,
    23.025308476648));
#2016 = CARTESIAN_POINT('',(4.213905619449,-2.117622336488,
    22.962482497997));
#2017 = CARTESIAN_POINT('',(4.259730108022,-2.041623774276,
    22.901446319237));
#2018 = CARTESIAN_POINT('',(4.304642339679,-1.962860263357,
    22.842260748772));
#2019 = CARTESIAN_POINT('',(4.34851192269,-1.88123671208,22.785010643511
    ));
#2020 = CARTESIAN_POINT('',(4.391190036886,-1.796660336681,
    22.729807110192));
#2021 = CARTESIAN_POINT('',(4.482400499006,-1.603232015631,
    22.612762634971));
#2022 = CARTESIAN_POINT('',(4.530410431171,-1.492657613952,
    22.551803824394));
#2023 = CARTESIAN_POINT('',(4.575036347586,-1.380988725082,
    22.49563458952));
#2024 = CARTESIAN_POINT('',(4.622175711603,-1.248908402859,
    22.436864931148));
#2025 = CARTESIAN_POINT('',(4.65124646245,-1.156481625538,
    22.400958364212));
#2026 = CARTESIAN_POINT('',(4.704730684548,-0.981155144428,
    22.33468667406));
#2027 = CARTESIAN_POINT('',(4.72128073215,-0.889515024795,
    22.315146975095));
#2028 = CARTESIAN_POINT('',(4.760951891551,-0.721691588687,
    22.266147905924));
#2029 = CARTESIAN_POINT('',(4.7783678719,-0.593807215348,22.245404290926
    ));
#2030 = CARTESIAN_POINT('',(4.798140458156,-0.443928952497,
    22.221278655549));
#2031 = CARTESIAN_POINT('',(4.809654602032,-0.297952083299,
    22.207383975313));
#2032 = CARTESIAN_POINT('',(4.815750623039,-0.14930252946,22.2));
#2033 = CARTESIAN_POINT('',(4.815750623039,1.33E-15,22.2));
#2034 = CARTESIAN_POINT('',(4.708815909778,1.E-16,28.8));
#2035 = CARTESIAN_POINT('',(4.708815909791,-9.777328045187E-02,
    28.800000000015));
#2036 = CARTESIAN_POINT('',(4.706039358423,-0.195591229407,
    28.796851526081));
#2037 = CARTESIAN_POINT('',(4.700498530325,-0.293070149071,
    28.790568664172));
#2038 = CARTESIAN_POINT('',(4.692236014886,-0.389883577082,
    28.781194609651));
#2039 = CARTESIAN_POINT('',(4.681321619186,-0.48575534937,
    28.768798687373));
#2040 = CARTESIAN_POINT('',(4.667849234869,-0.58045259434,
    28.753473334261));
#2041 = CARTESIAN_POINT('',(4.651933676859,-0.673778665272,
    28.735331052602));
#2042 = CARTESIAN_POINT('',(4.633707502206,-0.765566018835,
    28.714501342068));
#2043 = CARTESIAN_POINT('',(4.613317817246,-0.855669049352,
    28.691127619166));
#2044 = CARTESIAN_POINT('',(4.590923081186,-0.943956887435,
    28.665364131831));
#2045 = CARTESIAN_POINT('',(4.566689913627,-1.03030617267,
    28.637372877171));
#2046 = CARTESIAN_POINT('',(4.540789913059,-1.11459380838,
    28.607320529197));
#2047 = CARTESIAN_POINT('',(4.466431371102,-1.337440431976,
    28.520606477295));
#2048 = CARTESIAN_POINT('',(4.415155927073,-1.471628528618,
    28.460385094658));
#2049 = CARTESIAN_POINT('',(4.359969671275,-1.600106487771,
    28.395000650788));
#2050 = CARTESIAN_POINT('',(4.30141504277,-1.723076174851,28.32491193952
    ));
#2051 = CARTESIAN_POINT('',(4.240042024929,-1.840554153126,
    28.250581187055));
#2052 = CARTESIAN_POINT('',(4.176333781839,-1.952615524356,
    28.172380712116));
#2053 = CARTESIAN_POINT('',(4.110680185769,-2.059471395596,
    28.090555550203));
#2054 = CARTESIAN_POINT('',(4.043386092232,-2.161434798954,
    28.005225389627));
#2055 = CARTESIAN_POINT('',(3.974701297344,-2.258829378398,
    27.916409267772));
#2056 = CARTESIAN_POINT('',(3.904859254769,-2.351894489868,
    27.824056647672));
#2057 = CARTESIAN_POINT('',(3.834111813604,-2.440739592389,
    27.728068718498));
#2058 = CARTESIAN_POINT('',(3.762747452861,-2.525399960526,
    27.628294015427));
#2059 = CARTESIAN_POINT('',(3.610358372416,-2.696879789617,
    27.407554112773));
#2060 = CARTESIAN_POINT('',(3.529257159615,-2.782573345939,
    27.285636960325));
#2061 = CARTESIAN_POINT('',(3.448243038871,-2.863210115365,
    27.158014017798));
#2062 = CARTESIAN_POINT('',(3.367922549883,-2.938775742587,
    27.024481035087));
#2063 = CARTESIAN_POINT('',(3.288939701143,-3.009177027077,
    26.884642916571));
#2064 = CARTESIAN_POINT('',(3.212124321458,-3.07416752497,
    26.737734180575));
#2065 = CARTESIAN_POINT('',(3.138752547422,-3.133237634677,
    26.582800794621));
#2066 = CARTESIAN_POINT('',(3.070785630014,-3.185524466172,
    26.419086449352));
#2067 = CARTESIAN_POINT('',(3.010959125075,-3.2297935242,26.246473878899
    ));
#2068 = CARTESIAN_POINT('',(2.962599675614,-3.264541887983,
    26.065841549179));
#2069 = CARTESIAN_POINT('',(2.929048136344,-3.288272437255,
    25.879207348847));
#2070 = CARTESIAN_POINT('',(2.912561539655,-3.299992594405,
    25.689540815505));
#2071 = CARTESIAN_POINT('',(2.912538392649,-3.300007398881,
    25.310759948855));
#2072 = CARTESIAN_POINT('',(2.9290219812,-3.288285254319,25.121095624652
    ));
#2073 = CARTESIAN_POINT('',(2.962514680655,-3.264604519546,
    24.934539007652));
#2074 = CARTESIAN_POINT('',(3.01081022353,-3.229913479711,
    24.753969353513));
#2075 = CARTESIAN_POINT('',(3.070622498609,-3.185659999044,
    24.581318961821));
#2076 = CARTESIAN_POINT('',(3.138632500006,-3.1333384707,24.41746914353)
  );
#2077 = CARTESIAN_POINT('',(3.212064934873,-3.074216952695,
    24.262387024644));
#2078 = CARTESIAN_POINT('',(3.288901939579,-3.009208266343,
    24.115421675368));
#2079 = CARTESIAN_POINT('',(3.367834745648,-2.938852974169,
    23.975669618737));
#2080 = CARTESIAN_POINT('',(3.448054817235,-2.863382675679,
    23.842310133005));
#2081 = CARTESIAN_POINT('',(3.528990248278,-2.78283045646,
    23.714802469882));
#2082 = CARTESIAN_POINT('',(3.610098305693,-2.69715282176,
    23.592830760292));
#2083 = CARTESIAN_POINT('',(3.742237558095,-2.548487459221,
    23.40140451328));
#2084 = CARTESIAN_POINT('',(3.793499908479,-2.488551877143,
    23.328991819678));
#2085 = CARTESIAN_POINT('',(3.844489544706,-2.426510933489,
    23.258568556128));
#2086 = CARTESIAN_POINT('',(3.895093580775,-2.362336874518,
    23.190074470402));
#2087 = CARTESIAN_POINT('',(3.945209552934,-2.295983774904,
    23.123461643604));
#2088 = CARTESIAN_POINT('',(3.994741354594,-2.227390285695,
    23.058696359934));
#2089 = CARTESIAN_POINT('',(4.04359510231,-2.156482450076,
    22.995761042067));
#2090 = CARTESIAN_POINT('',(4.091674935242,-2.083176591706,
    22.93465624546));
#2091 = CARTESIAN_POINT('',(4.13887875164,-2.007382280314,
    22.875402705777));
#2092 = CARTESIAN_POINT('',(4.185093886712,-1.929005379998,
    22.818043432684));
#2093 = CARTESIAN_POINT('',(4.230192737677,-1.847951185427,
    22.762645843408));
#2094 = CARTESIAN_POINT('',(4.274028342785,-1.764127652242,
    22.70930392819));
#2095 = CARTESIAN_POINT('',(4.367712987217,-1.572613936082,
    22.596260186029));
#2096 = CARTESIAN_POINT('',(4.416993826272,-1.46330245487,
    22.537464447777));
#2097 = CARTESIAN_POINT('',(4.462759220102,-1.353090065498,
    22.483362298361));
#2098 = CARTESIAN_POINT('',(4.511033401681,-1.222960480071,
    22.42687699131));
#2099 = CARTESIAN_POINT('',(4.54071109119,-1.132605987803,
    22.392540493236));
#2100 = CARTESIAN_POINT('',(4.595644290914,-0.958981019524,
    22.328531230521));
#2101 = CARTESIAN_POINT('',(4.612162065887,-0.871273000119,
    22.310546027713));
#2102 = CARTESIAN_POINT('',(4.653036643577,-0.704949045189,
    22.262966420002));
#2103 = CARTESIAN_POINT('',(4.670585631153,-0.580997493202,
    22.243557522248));
#2104 = CARTESIAN_POINT('',(4.690861167662,-0.433916883246,
    22.220307410553));
#2105 = CARTESIAN_POINT('',(4.702588901676,-0.291325812277,
    22.20706854747));
#2106 = CARTESIAN_POINT('',(4.708815909778,-0.145987146199,22.2));
#2107 = CARTESIAN_POINT('',(4.708815909778,7.6E-16,22.2));
#2108 = ADVANCED_FACE('',(#2109),#2112,.T.);
#2109 = FACE_BOUND('',#2110,.T.);
#2110 = EDGE_LOOP('',(#2111));
#2111 = ORIENTED_EDGE('',*,*,#339,.T.);
#2112 = PLANE('',#2113);
#2113 = AXIS2_PLACEMENT_3D('',#2114,#2115,#2116);
#2114 = CARTESIAN_POINT('',(-1.3E-16,3.3E-16,29.8));
#2115 = DIRECTION('',(0.,0.,1.));
#2116 = DIRECTION('',(1.,0.,0.));
#2117 = ADVANCED_FACE('',(#2118),#2157,.F.);
#2118 = FACE_BOUND('',#2119,.F.);
#2119 = EDGE_LOOP('',(#2120,#2132,#2155,#2156));
#2120 = ORIENTED_EDGE('',*,*,#2121,.T.);
#2121 = EDGE_CURVE('',#282,#2122,#2124,.T.);
#2122 = VERTEX_POINT('',#2123);
#2123 = CARTESIAN_POINT('',(2.912549960518,3.3,25.5));
#2124 = ( BOUNDED_CURVE() B_SPLINE_CURVE(6,(#2125,#2126,#2127,#2128,
#2129,#2130,#2131),.UNSPECIFIED.,.F.,.F.) B_SPLINE_CURVE_WITH_KNOTS((7,7
),(0.,5.353500553427),.PIECEWISE_BEZIER_KNOTS.) CURVE() 
GEOMETRIC_REPRESENTATION_ITEM() RATIONAL_B_SPLINE_CURVE((1.080016620298,
    1.023814727394,0.994937361155,0.985303459801,0.994937361155,
1.023814727394,1.080016620298)) REPRESENTATION_ITEM('') );
#2125 = CARTESIAN_POINT('',(3.159962477878,4.014304066511,25.5));
#2126 = CARTESIAN_POINT('',(3.296705237332,3.906663493604,
    25.499894967566));
#2127 = CARTESIAN_POINT('',(3.369034782745,3.736935913529,
    25.499917262674));
#2128 = CARTESIAN_POINT('',(3.352478125126,3.547622687812,
    25.499934983348));
#2129 = CARTESIAN_POINT('',(3.248391532076,3.388627084929,
    25.499943237279));
#2130 = CARTESIAN_POINT('',(3.086576035935,3.299999999483,
    25.499940208582));
#2131 = CARTESIAN_POINT('',(2.912549960518,3.3,25.5));
#2132 = ORIENTED_EDGE('',*,*,#2133,.T.);
#2133 = EDGE_CURVE('',#2122,#1489,#2134,.T.);
#2134 = ( BOUNDED_CURVE() B_SPLINE_CURVE(7,(#2135,#2136,#2137,#2138,
    #2139,#2140,#2141,#2142,#2143,#2144,#2145,#2146,#2147,#2148,#2149,
    #2150,#2151,#2152,#2153,#2154),.UNSPECIFIED.,.F.,.F.) 
B_SPLINE_CURVE_WITH_KNOTS((8,6,6,8),(5.353500553427,7.584248771599,
9.553074211168,10.70666230282),.UNSPECIFIED.) CURVE() 
GEOMETRIC_REPRESENTATION_ITEM() RATIONAL_B_SPLINE_CURVE((1.080016620298,
    1.080017314433,1.0779837417,1.073785872208,1.069289846073,
    1.064838138794,1.060486438694,1.052719772226,1.049250277187,
    1.04601504489,1.042998516767,1.040248859325,1.037837299387,
    1.034659704342,1.033624193227,1.032756519639,1.03208293956,
1.031624254039,1.031393471788,1.031393471788)) REPRESENTATION_ITEM('') 
  );
#2135 = CARTESIAN_POINT('',(2.912549960517,3.3,25.5));
#2136 = CARTESIAN_POINT('',(2.912536946521,3.300007734327,
    25.851604650029));
#2137 = CARTESIAN_POINT('',(2.973869905471,3.256395754485,
    26.204984247172));
#2138 = CARTESIAN_POINT('',(3.101088849784,3.167036059828,
    26.531886081968));
#2139 = CARTESIAN_POINT('',(3.241878237026,3.054731656444,
    26.813381896386));
#2140 = CARTESIAN_POINT('',(3.39009507462,2.924055562036,27.071922879066
    ));
#2141 = CARTESIAN_POINT('',(3.541211057243,2.774652681389,27.30737770971
    ));
#2142 = CARTESIAN_POINT('',(3.823852822454,2.456666725527,
    27.716827002049));
#2143 = CARTESIAN_POINT('',(3.955671929688,2.292219893059,27.89442545528
    ));
#2144 = CARTESIAN_POINT('',(4.08367828569,2.111615942695,28.058978412259
    ));
#2145 = CARTESIAN_POINT('',(4.205975242147,1.916323273615,
    28.210584159701));
#2146 = CARTESIAN_POINT('',(4.321647418405,1.697483801806,28.35013760962
    ));
#2147 = CARTESIAN_POINT('',(4.424687720007,1.461470288296,
    28.471902352828));
#2148 = CARTESIAN_POINT('',(4.563149613709,1.048198904167,28.63340967734
    ));
#2149 = CARTESIAN_POINT('',(4.608820254372,0.887033339073,28.68611038786
    ));
#2150 = CARTESIAN_POINT('',(4.647477967563,0.71874360752,28.730341952258
    ));
#2151 = CARTESIAN_POINT('',(4.677730691157,0.54425518546,28.764752275271
    ));
#2152 = CARTESIAN_POINT('',(4.698419643571,0.364795940623,
    28.788211178051));
#2153 = CARTESIAN_POINT('',(4.708815909753,0.182332115128,
    28.799999999973));
#2154 = CARTESIAN_POINT('',(4.708815909778,1.E-16,28.8));
#2155 = ORIENTED_EDGE('',*,*,#1488,.F.);
#2156 = ORIENTED_EDGE('',*,*,#306,.F.);
#2157 = ( BOUNDED_SURFACE() B_SPLINE_SURFACE(6,7,(
    (#2158,#2159,#2160,#2161,#2162,#2163,#2164,#2165,#2166,#2167,#2168
      ,#2169,#2170,#2171,#2172,#2173,#2174,#2175,#2176,#2177)
    ,(#2178,#2179,#2180,#2181,#2182,#2183,#2184,#2185,#2186,#2187,#2188
      ,#2189,#2190,#2191,#2192,#2193,#2194,#2195,#2196,#2197)
    ,(#2198,#2199,#2200,#2201,#2202,#2203,#2204,#2205,#2206,#2207,#2208
      ,#2209,#2210,#2211,#2212,#2213,#2214,#2215,#2216,#2217)
    ,(#2218,#2219,#2220,#2221,#2222,#2223,#2224,#2225,#2226,#2227,#2228
      ,#2229,#2230,#2231,#2232,#2233,#2234,#2235,#2236,#2237)
    ,(#2238,#2239,#2240,#2241,#2242,#2243,#2244,#2245,#2246,#2247,#2248
      ,#2249,#2250,#2251,#2252,#2253,#2254,#2255,#2256,#2257)
    ,(#2258,#2259,#2260,#2261,#2262,#2263,#2264,#2265,#2266,#2267,#2268
      ,#2269,#2270,#2271,#2272,#2273,#2274,#2275,#2276,#2277)
    ,(#2278,#2279,#2280,#2281,#2282,#2283,#2284,#2285,#2286,#2287,#2288
      ,#2289,#2290,#2291,#2292,#2293,#2294,#2295,#2296,#2297
)),.UNSPECIFIED.,.F.,.F.,.F.) B_SPLINE_SURFACE_WITH_KNOTS((7,7),(8,6,6,8
    ),(0.,5.353161749393),(5.353500553427,7.584248771599,9.553074211168,
10.70666230282),.UNSPECIFIED.) GEOMETRIC_REPRESENTATION_ITEM() 
RATIONAL_B_SPLINE_SURFACE((
    (1.080016620298,1.080017314433,1.0779837417,1.073785872208
      ,1.069289846073,1.064838138794,1.060486438694,1.052719772226
      ,1.049250277187,1.04601504489,1.042998516767,1.040248859325
      ,1.037837299387,1.034659704342,1.033624193227,1.032756519639
      ,1.03208293956,1.031624254039,1.031393471788,1.031393471788)
    ,(1.023814727394,1.023814909169,1.023281909522,1.022185850663
      ,1.020972010281,1.019751413005,1.01853763615,1.016339628295
      ,1.015343899875,1.014403054264,1.013515982675,1.012698721278
      ,1.011976161902,1.011018547821,1.010705040336,1.010441293612
      ,1.010235933665,1.010095866774,1.010025407662,1.010025407661)
    ,(0.994937361155,0.994937321701,0.995053023413,0.995290799233
      ,0.995555823012,0.995822030627,0.996086622308,0.99656489685
      ,0.996781201942,0.996985059358,0.997176693643,0.997352634525
      ,0.997507715714,0.997712772686,0.997779782285,0.997836058216
      ,0.997879816347,0.997909639223,0.997924642725,0.997924642725)
    ,(0.985303459801,0.985303340504,0.985652944997,0.986373703532
      ,0.987154074707,0.987932292377,0.988698840979,0.990076900526
      ,0.990696829444,0.991279073915,0.991825518254,0.992326929514
      ,0.992768999349,0.993353741844,0.993544883049,0.993705484545
      ,0.993830421325,0.993915595697,0.993958444137,0.993958444137)
    ,(0.994937361155,0.994937321701,0.995053023413,0.995290799233
      ,0.995555823012,0.995822030627,0.996086622308,0.99656489685
      ,0.996781201942,0.996985059358,0.997176693643,0.997352634525
      ,0.997507715714,0.997712772686,0.997779782285,0.997836058216
      ,0.997879816347,0.997909639223,0.997924642725,0.997924642725)
    ,(1.023814727394,1.023814909169,1.023281909522,1.022185850663
      ,1.020972010281,1.019751413005,1.01853763615,1.016339628295
      ,1.015343899875,1.014403054264,1.013515982675,1.012698721278
      ,1.011976161902,1.011018547821,1.010705040336,1.010441293612
      ,1.010235933665,1.010095866774,1.010025407662,1.010025407661)
    ,(1.080016620298,1.080017314433,1.0779837417,1.073785872208
      ,1.069289846073,1.064838138794,1.060486438694,1.052719772226
      ,1.049250277187,1.04601504489,1.042998516767,1.040248859325
      ,1.037837299387,1.034659704342,1.033624193227,1.032756519639
      ,1.03208293956,1.031624254039,1.031393471788,1.031393471788
))) REPRESENTATION_ITEM('') SURFACE() );
#2158 = CARTESIAN_POINT('',(3.159962477877,4.014304066511,25.5));
#2159 = CARTESIAN_POINT('',(3.159944658678,4.014318093351,
    25.894536099436));
#2160 = CARTESIAN_POINT('',(3.226756903977,3.961536883722,
    26.291351481642));
#2161 = CARTESIAN_POINT('',(3.365035089939,3.853953388438,
    26.657285609221));
#2162 = CARTESIAN_POINT('',(3.518370035045,3.716885836166,
    26.974441983878));
#2163 = CARTESIAN_POINT('',(3.679058779184,3.558214549235,
    27.263474334129));
#2164 = CARTESIAN_POINT('',(3.843065749288,3.376270383085,
    27.527611709898));
#2165 = CARTESIAN_POINT('',(4.149656141581,2.989044811264,
    27.986585993372));
#2166 = CARTESIAN_POINT('',(4.292614566345,2.788641225467,
    28.185625005861));
#2167 = CARTESIAN_POINT('',(4.431057461221,2.569755479859,
    28.369535244989));
#2168 = CARTESIAN_POINT('',(4.564196128403,2.330221043661,
    28.540224364376));
#2169 = CARTESIAN_POINT('',(4.68898123953,2.065786701274,28.695726150548
    ));
#2170 = CARTESIAN_POINT('',(4.80094602237,1.777627662862,28.832540019891
    ));
#2171 = CARTESIAN_POINT('',(4.950902592314,1.275236982112,
    29.013320987021));
#2172 = CARTESIAN_POINT('',(5.00045523849,1.079105900292,29.072434147419
    ));
#2173 = CARTESIAN_POINT('',(5.042370541206,0.874141137254,
    29.122009526649));
#2174 = CARTESIAN_POINT('',(5.075132601568,0.661768201507,
    29.160522626746));
#2175 = CARTESIAN_POINT('',(5.09753339338,0.443705851795,29.1867727953)
  );
#2176 = CARTESIAN_POINT('',(5.108815909772,0.222157903033,
    29.199999999995));
#2177 = CARTESIAN_POINT('',(5.108815909778,0.,29.2));
#2178 = CARTESIAN_POINT('',(3.296705237332,3.906663493604,
    25.499894967566));
#2179 = CARTESIAN_POINT('',(3.29669031113,3.906676226393,25.875552144879
    ));
#2180 = CARTESIAN_POINT('',(3.357886837126,3.854657093749,
    26.252126841458));
#2181 = CARTESIAN_POINT('',(3.483924117153,3.74897539376,26.600213999582
    ));
#2182 = CARTESIAN_POINT('',(3.624391101522,3.615211028899,
    26.905234700888));
#2183 = CARTESIAN_POINT('',(3.772648733443,3.460213942873,
    27.185104129985));
#2184 = CARTESIAN_POINT('',(3.924642709973,3.282605382065,
    27.442544821889));
#2185 = CARTESIAN_POINT('',(4.2093029749,2.905425251242,27.891148715041)
  );
#2186 = CARTESIAN_POINT('',(4.342240376418,2.710753861021,
    28.086417166973));
#2187 = CARTESIAN_POINT('',(4.471628714971,2.497772179869,
    28.267915407558));
#2188 = CARTESIAN_POINT('',(4.596249234639,2.26513056424,28.436668941981
    ));
#2189 = CARTESIAN_POINT('',(4.713624161415,2.007512162669,
    28.591261510259));
#2190 = CARTESIAN_POINT('',(4.818953292283,1.727199224535,
    28.727283482144));
#2191 = CARTESIAN_POINT('',(4.960076189923,1.238696893046,28.90713685842
    ));
#2192 = CARTESIAN_POINT('',(5.006694250706,1.048231747178,28.96593387168
    ));
#2193 = CARTESIAN_POINT('',(5.046175171944,0.849162248981,29.01531062611
    ));
#2194 = CARTESIAN_POINT('',(5.077062962674,0.642847612511,
    29.053709131234));
#2195 = CARTESIAN_POINT('',(5.098186675874,0.430956436381,
    29.079887703575));
#2196 = CARTESIAN_POINT('',(5.108815909774,0.215689369323,
    29.093065286735));
#2197 = CARTESIAN_POINT('',(5.108815909778,1.0204237E-10,29.093065286739
    ));
#2198 = CARTESIAN_POINT('',(3.369034782745,3.736935913529,
    25.499917262674));
#2199 = CARTESIAN_POINT('',(3.369022672643,3.736946247153,
    25.855922140951));
#2200 = CARTESIAN_POINT('',(3.425231109766,3.688491374401,
    26.212234013934));
#2201 = CARTESIAN_POINT('',(3.540723601178,3.590208036382,
    26.543247744637));
#2202 = CARTESIAN_POINT('',(3.670302079174,3.46548218398,26.836383207735
    ));
#2203 = CARTESIAN_POINT('',(3.808318459689,3.319713558757,
    27.107532114572));
#2204 = CARTESIAN_POINT('',(3.950606595031,3.151821679487,
    27.358506105834));
#2205 = CARTESIAN_POINT('',(4.218191966624,2.793792903195,
    27.797603072602));
#2206 = CARTESIAN_POINT('',(4.343584025243,2.608611949135,
    27.989566107279));
#2207 = CARTESIAN_POINT('',(4.466285737178,2.405027071783,
    28.168900701011));
#2208 = CARTESIAN_POINT('',(4.584652544497,2.182598379824,
    28.335838331731));
#2209 = CARTESIAN_POINT('',(4.696748385611,1.934858000882,
    28.489544110268));
#2210 = CARTESIAN_POINT('',(4.797358262531,1.665297676531,
    28.624743176104));
#2211 = CARTESIAN_POINT('',(4.932342759202,1.194724166679,28.80371323945
    ));
#2212 = CARTESIAN_POINT('',(4.976939774563,1.011261208436,
    28.862218595232));
#2213 = CARTESIAN_POINT('',(5.014755048879,0.819385976987,
    28.911401605381));
#2214 = CARTESIAN_POINT('',(5.044369212278,0.620385198909,28.94968261426
    ));
#2215 = CARTESIAN_POINT('',(5.064628355296,0.415874828768,
    28.975787299581));
#2216 = CARTESIAN_POINT('',(5.07481416952,0.20806077883,28.988916570962)
  );
#2217 = CARTESIAN_POINT('',(5.074814169524,1.0778978E-10,28.988916570967
    ));
#2218 = CARTESIAN_POINT('',(3.352478125126,3.547622687812,
    25.499934983348));
#2219 = CARTESIAN_POINT('',(3.352467770357,3.547630457669,
    25.841019132041));
#2220 = CARTESIAN_POINT('',(3.406275044591,3.503746010533,
    26.182141561752));
#2221 = CARTESIAN_POINT('',(3.51676011107,3.414814430847,26.500452387451
    ));
#2222 = CARTESIAN_POINT('',(3.641271856377,3.300848496367,
    26.784141818551));
#2223 = CARTESIAN_POINT('',(3.774581161153,3.166042914829,
    27.048038193353));
#2224 = CARTESIAN_POINT('',(3.912405150227,3.009550171584,
    27.293159680814));
#2225 = CARTESIAN_POINT('',(4.172209428541,2.673463153815,
    27.723230264121));
#2226 = CARTESIAN_POINT('',(4.294195150339,2.498841201129,
    27.911794192904));
#2227 = CARTESIAN_POINT('',(4.413914581752,2.305707065281,28.08850359875
    ));
#2228 = CARTESIAN_POINT('',(4.529401119039,2.094485210587,
    28.253017740441));
#2229 = CARTESIAN_POINT('',(4.639182897556,1.857635016809,
    28.405068224676));
#2230 = CARTESIAN_POINT('',(4.737640739619,1.599807419925,
    28.538705449231));
#2231 = CARTESIAN_POINT('',(4.869898132785,1.148475626662,28.71582365017
    ));
#2232 = CARTESIAN_POINT('',(4.91359175247,0.972408599262,28.77372113926)
  );
#2233 = CARTESIAN_POINT('',(4.950665576794,0.788123980944,
    28.822425198378));
#2234 = CARTESIAN_POINT('',(4.979717424958,0.596830524624,
    28.860357164304));
#2235 = CARTESIAN_POINT('',(4.999595734804,0.400083283725,
    28.886228649765));
#2236 = CARTESIAN_POINT('',(5.009583715051,0.200086913391,28.89923219471
    ));
#2237 = CARTESIAN_POINT('',(5.009583715059,1.5715473E-10,28.899232194719
    ));
#2238 = CARTESIAN_POINT('',(3.248391532076,3.388627084929,
    25.499943237279));
#2239 = CARTESIAN_POINT('',(3.248381370145,3.38863320815,25.834987900572
    ));
#2240 = CARTESIAN_POINT('',(3.303085684855,3.34797102077,26.170192252046
    ));
#2241 = CARTESIAN_POINT('',(3.415591749365,3.26548683983,26.483192843285
    ));
#2242 = CARTESIAN_POINT('',(3.54200583014,3.159101615727,26.761313871209
    ));
#2243 = CARTESIAN_POINT('',(3.677052923665,3.032370850766,
    27.020258527398));
#2244 = CARTESIAN_POINT('',(3.816334344897,2.884622899997,
    27.260426912301));
#2245 = CARTESIAN_POINT('',(4.078517366821,2.565859758726,
    27.681872450552));
#2246 = CARTESIAN_POINT('',(4.201468486735,2.399706373622,
    27.866642038975));
#2247 = CARTESIAN_POINT('',(4.321995507771,2.215269773539,28.03981120802
    ));
#2248 = CARTESIAN_POINT('',(4.437990272779,2.013633724615,
    28.200807278686));
#2249 = CARTESIAN_POINT('',(4.54832756771,1.786419124706,28.349868418296
    ));
#2250 = CARTESIAN_POINT('',(4.647088089431,1.539214310369,
    28.480696225482));
#2251 = CARTESIAN_POINT('',(4.779813988859,1.105476510151,
    28.654263984645));
#2252 = CARTESIAN_POINT('',(4.823639720976,0.936169387567,
    28.710991583161));
#2253 = CARTESIAN_POINT('',(4.86081834757,0.758898359744,28.758717890042
    ));
#2254 = CARTESIAN_POINT('',(4.8899528307,0.574785877647,28.795898510071)
  );
#2255 = CARTESIAN_POINT('',(4.909886833771,0.385306860265,
    28.821259743967));
#2256 = CARTESIAN_POINT('',(4.919899338798,0.192636765851,
    28.834001740239));
#2257 = CARTESIAN_POINT('',(4.919899338811,2.4524871E-10,28.834001740253
    ));
#2258 = CARTESIAN_POINT('',(3.086576035935,3.299999999483,
    25.499940208582));
#2259 = CARTESIAN_POINT('',(3.086564744361,3.300006095848,
    25.839090144412));
#2260 = CARTESIAN_POINT('',(3.144429740999,3.259534076363,26.17886211604
    ));
#2261 = CARTESIAN_POINT('',(3.2638050723,3.177161027121,26.494957979548)
  );
#2262 = CARTESIAN_POINT('',(3.396985518917,3.071596803345,
    26.772385961002));
#2263 = CARTESIAN_POINT('',(3.538220203234,2.946573633451,
    27.029408301418));
#2264 = CARTESIAN_POINT('',(3.683044612025,2.801560998605,
    27.266143305025));
#2265 = CARTESIAN_POINT('',(3.954638449874,2.489639362352,
    27.680195934474));
#2266 = CARTESIAN_POINT('',(4.081598533808,2.327298543167,
    27.861041315694));
#2267 = CARTESIAN_POINT('',(4.205529334154,2.147458186472,
    28.029912664317));
#2268 = CARTESIAN_POINT('',(4.324358051602,1.951559202994,
    28.186388042078));
#2269 = CARTESIAN_POINT('',(4.437151295309,1.730750856579,
    28.331106719433));
#2270 = CARTESIAN_POINT('',(4.537849915013,1.491214923072,
    28.457832131591));
#2271 = CARTESIAN_POINT('',(4.673164037456,1.070776146587,28.62602095257
    ));
#2272 = CARTESIAN_POINT('',(4.717812375093,0.906662920333,
    28.680962626258));
#2273 = CARTESIAN_POINT('',(4.755654101289,0.734943198048,
    28.727157195162));
#2274 = CARTESIAN_POINT('',(4.78529270835,0.556644249914,28.76313474331)
  );
#2275 = CARTESIAN_POINT('',(4.805567042283,0.373133311002,
    28.787672756278));
#2276 = CARTESIAN_POINT('',(4.81575062302,0.186510479443,28.799999999979
    ));
#2277 = CARTESIAN_POINT('',(4.815750623039,3.6208636E-10,28.8));
#2278 = CARTESIAN_POINT('',(2.912549960517,3.3,25.5));
#2279 = CARTESIAN_POINT('',(2.912536946521,3.300007734327,
    25.851604650029));
#2280 = CARTESIAN_POINT('',(2.973869905471,3.256395754485,
    26.204984247172));
#2281 = CARTESIAN_POINT('',(3.101088849784,3.167036059828,
    26.531886081968));
#2282 = CARTESIAN_POINT('',(3.241878237026,3.054731656444,
    26.813381896386));
#2283 = CARTESIAN_POINT('',(3.39009507462,2.924055562036,27.071922879066
    ));
#2284 = CARTESIAN_POINT('',(3.541211057243,2.774652681389,27.30737770971
    ));
#2285 = CARTESIAN_POINT('',(3.823852822454,2.456666725527,
    27.716827002049));
#2286 = CARTESIAN_POINT('',(3.955671929688,2.292219893059,27.89442545528
    ));
#2287 = CARTESIAN_POINT('',(4.08367828569,2.111615942695,28.058978412259
    ));
#2288 = CARTESIAN_POINT('',(4.205975242147,1.916323273615,
    28.210584159701));
#2289 = CARTESIAN_POINT('',(4.321647418405,1.697483801806,28.35013760962
    ));
#2290 = CARTESIAN_POINT('',(4.424687720007,1.461470288296,
    28.471902352828));
#2291 = CARTESIAN_POINT('',(4.563149613709,1.048198904167,28.63340967734
    ));
#2292 = CARTESIAN_POINT('',(4.608820254372,0.887033339073,28.68611038786
    ));
#2293 = CARTESIAN_POINT('',(4.647477967563,0.71874360752,28.730341952258
    ));
#2294 = CARTESIAN_POINT('',(4.677730691157,0.54425518546,28.764752275271
    ));
#2295 = CARTESIAN_POINT('',(4.698419643571,0.364795940623,
    28.788211178051));
#2296 = CARTESIAN_POINT('',(4.708815909753,0.182332115128,
    28.799999999973));
#2297 = CARTESIAN_POINT('',(4.708815909778,1.E-16,28.8));
#2298 = ADVANCED_FACE('',(#2299),#2327,.F.);
#2299 = FACE_BOUND('',#2300,.F.);
#2300 = EDGE_LOOP('',(#2301,#2302,#2325,#2326));
#2301 = ORIENTED_EDGE('',*,*,#1579,.T.);
#2302 = ORIENTED_EDGE('',*,*,#2303,.T.);
#2303 = EDGE_CURVE('',#1501,#2122,#2304,.T.);
#2304 = ( BOUNDED_CURVE() B_SPLINE_CURVE(7,(#2305,#2306,#2307,#2308,
    #2309,#2310,#2311,#2312,#2313,#2314,#2315,#2316,#2317,#2318,#2319,
    #2320,#2321,#2322,#2323,#2324),.UNSPECIFIED.,.F.,.F.) 
B_SPLINE_CURVE_WITH_KNOTS((8,6,6,8),(-3.2E-16,1.148992572577,
3.122148032049,5.353500553427),.UNSPECIFIED.) CURVE() 
GEOMETRIC_REPRESENTATION_ITEM() RATIONAL_B_SPLINE_CURVE((1.031393471788,
    1.031393471788,1.031623618933,1.032078076951,1.032745180968,
    1.033605852418,1.034633674649,1.037800872141,1.040212073572,
    1.04296991439,1.045984069818,1.049230523473,1.052705528109,
    1.060479091224,1.064831343869,1.06930180092,1.073771676665,
1.077985301682,1.080015925975,1.080016620298)) REPRESENTATION_ITEM('') 
  );
#2305 = CARTESIAN_POINT('',(4.708815909778,7.6E-16,22.2));
#2306 = CARTESIAN_POINT('',(4.708815909778,0.18235878206,22.2));
#2307 = CARTESIAN_POINT('',(4.698437232268,0.363873647443,
    22.211768652918));
#2308 = CARTESIAN_POINT('',(4.677957959281,0.541465192571,
    22.234991898231));
#2309 = CARTESIAN_POINT('',(4.648008442402,0.715969563276,22.26905091425
    ));
#2310 = CARTESIAN_POINT('',(4.609628869135,0.883545471151,
    22.312965055044));
#2311 = CARTESIAN_POINT('',(4.564296439423,1.044146622426,
    22.365267070109));
#2312 = CARTESIAN_POINT('',(4.426253194924,1.45785122363,22.526247755759
    ));
#2313 = CARTESIAN_POINT('',(4.323138691279,1.694671028814,
    22.648074714768));
#2314 = CARTESIAN_POINT('',(4.207275846583,1.914163992862,
    22.787784594362));
#2315 = CARTESIAN_POINT('',(4.084778077091,2.110086234908,
    22.939635608939));
#2316 = CARTESIAN_POINT('',(3.956480589783,2.29116820417,23.104485546332
    ));
#2317 = CARTESIAN_POINT('',(3.824388950328,2.456036240898,
    23.282416528199));
#2318 = CARTESIAN_POINT('',(3.541433524968,2.774439290769,
    23.692285482503));
#2319 = CARTESIAN_POINT('',(3.390322179089,2.923877402899,
    23.927604115371));
#2320 = CARTESIAN_POINT('',(3.241492402204,3.055053198285,
    24.187391326963));
#2321 = CARTESIAN_POINT('',(3.101577172747,3.166617825625,
    24.467186836767));
#2322 = CARTESIAN_POINT('',(2.973855839671,3.256418192909,24.79481984396
    ));
#2323 = CARTESIAN_POINT('',(2.912562981176,3.299992261971,25.14815446269
    ));
#2324 = CARTESIAN_POINT('',(2.912549960518,3.3,25.5));
#2325 = ORIENTED_EDGE('',*,*,#2121,.F.);
#2326 = ORIENTED_EDGE('',*,*,#281,.F.);
#2327 = ( BOUNDED_SURFACE() B_SPLINE_SURFACE(6,7,(
    (#2328,#2329,#2330,#2331,#2332,#2333,#2334,#2335,#2336,#2337,#2338
      ,#2339,#2340,#2341,#2342,#2343,#2344,#2345,#2346,#2347)
    ,(#2348,#2349,#2350,#2351,#2352,#2353,#2354,#2355,#2356,#2357,#2358
      ,#2359,#2360,#2361,#2362,#2363,#2364,#2365,#2366,#2367)
    ,(#2368,#2369,#2370,#2371,#2372,#2373,#2374,#2375,#2376,#2377,#2378
      ,#2379,#2380,#2381,#2382,#2383,#2384,#2385,#2386,#2387)
    ,(#2388,#2389,#2390,#2391,#2392,#2393,#2394,#2395,#2396,#2397,#2398
      ,#2399,#2400,#2401,#2402,#2403,#2404,#2405,#2406,#2407)
    ,(#2408,#2409,#2410,#2411,#2412,#2413,#2414,#2415,#2416,#2417,#2418
      ,#2419,#2420,#2421,#2422,#2423,#2424,#2425,#2426,#2427)
    ,(#2428,#2429,#2430,#2431,#2432,#2433,#2434,#2435,#2436,#2437,#2438
      ,#2439,#2440,#2441,#2442,#2443,#2444,#2445,#2446,#2447)
    ,(#2448,#2449,#2450,#2451,#2452,#2453,#2454,#2455,#2456,#2457,#2458
      ,#2459,#2460,#2461,#2462,#2463,#2464,#2465,#2466,#2467
)),.UNSPECIFIED.,.F.,.F.,.F.) B_SPLINE_SURFACE_WITH_KNOTS((7,7),(8,6,6,8
    ),(0.,5.353500553427),(-3.2E-16,1.148992572577,3.122148032049,
5.353500553427),.UNSPECIFIED.) GEOMETRIC_REPRESENTATION_ITEM() 
RATIONAL_B_SPLINE_SURFACE((
    (1.031393471788,1.031393471788,1.031623618933,1.032078076951
      ,1.032745180968,1.033605852418,1.034633674649,1.037800872141
      ,1.040212073572,1.04296991439,1.045984069818,1.049230523473
      ,1.052705528109,1.060479091224,1.064831343869,1.06930180092
      ,1.073771676665,1.077985301682,1.080015925975,1.080016620298)
    ,(1.010025407661,1.010025407661,1.010095679646,1.010234440257
      ,1.010437834527,1.010699469192,1.01101066698,1.011965245127
      ,1.012687789781,1.01350755677,1.014394036121,1.015338220304
      ,1.016335573354,1.018535583618,1.019749584555,1.020975273703
      ,1.02218198207,1.02328236315,1.02381454557,1.023814727394)
    ,(0.997924642725,0.997924642725,0.997909679722,0.997880133308
      ,0.997836795445,0.997780971168,0.997714457127,0.997510058573
      ,0.997354987827,0.99717851325,0.996987012495,0.996782435352
      ,0.996565778563,0.996087069627,0.995822429816,0.995555111192
      ,0.995291642722,0.995052923934,0.994937400621,0.994937361155)
    ,(0.993958444137,0.993958444137,0.993915710737,0.993831328189
      ,0.99370758802,0.993548276492,0.993358546656,0.99277567785
      ,0.992333637033,0.991830704625,0.991284652604,0.990700362442
      ,0.990079435333,0.988700136266,0.987933470156,0.987151988898
      ,0.986376179009,0.985652666041,0.98530357913,0.985303459801)
    ,(0.997924642725,0.997924642725,0.997909679722,0.997880133308
      ,0.997836795445,0.997780971168,0.997714457127,0.997510058573
      ,0.997354987827,0.99717851325,0.996987012495,0.996782435352
      ,0.996565778563,0.996087069627,0.995822429816,0.995555111192
      ,0.995291642722,0.995052923934,0.994937400621,0.994937361155)
    ,(1.010025407661,1.010025407661,1.010095679646,1.010234440257
      ,1.010437834527,1.010699469192,1.01101066698,1.011965245127
      ,1.012687789781,1.01350755677,1.014394036121,1.015338220304
      ,1.016335573354,1.018535583618,1.019749584555,1.020975273703
      ,1.02218198207,1.02328236315,1.02381454557,1.023814727394)
    ,(1.031393471788,1.031393471788,1.031623618933,1.032078076951
      ,1.032745180968,1.033605852418,1.034633674649,1.037800872141
      ,1.040212073572,1.04296991439,1.045984069818,1.049230523473
      ,1.052705528109,1.060479091224,1.064831343869,1.06930180092
      ,1.073771676665,1.077985301682,1.080015925975,1.080016620298
))) REPRESENTATION_ITEM('') SURFACE() );
#2328 = CARTESIAN_POINT('',(5.108815909778,0.,21.8));
#2329 = CARTESIAN_POINT('',(5.108815909778,0.221832122614,21.8));
#2330 = CARTESIAN_POINT('',(5.097567153368,0.442634054538,
    21.813184592345));
#2331 = CARTESIAN_POINT('',(5.075368282459,0.658671103471,
    21.839203813239));
#2332 = CARTESIAN_POINT('',(5.042912882052,0.870868341988,
    21.877356758813));
#2333 = CARTESIAN_POINT('',(5.001341052319,1.074737457219,
    21.926515472961));
#2334 = CARTESIAN_POINT('',(4.952147068998,1.270302074631,
    21.985194486919));
#2335 = CARTESIAN_POINT('',(4.802640301987,1.773232044431,
    22.165390938485));
#2336 = CARTESIAN_POINT('',(4.690647477779,2.062222815551,
    22.302196624053));
#2337 = CARTESIAN_POINT('',(4.565504318086,2.327869996031,22.45810358918
    ));
#2338 = CARTESIAN_POINT('',(4.432328240543,2.567679328104,22.62878699527
    ));
#2339 = CARTESIAN_POINT('',(4.293459499191,2.787440025198,
    22.813207008582));
#2340 = CARTESIAN_POINT('',(4.150238367185,2.988275935415,
    23.012566779002));
#2341 = CARTESIAN_POINT('',(3.843326131819,3.375979078624,
    23.471970048151));
#2342 = CARTESIAN_POINT('',(3.679295032822,3.558015061692,
    23.735994780963));
#2343 = CARTESIAN_POINT('',(3.517960135958,3.717271203233,
    24.026493983301));
#2344 = CARTESIAN_POINT('',(3.365532789623,3.853480856482,24.34153425638
    ));
#2345 = CARTESIAN_POINT('',(3.226731000893,3.961581617928,
    24.708771007033));
#2346 = CARTESIAN_POINT('',(3.159980306832,4.014290031992,
    25.105104777275));
#2347 = CARTESIAN_POINT('',(3.159962477878,4.014304066511,25.5));
#2348 = CARTESIAN_POINT('',(5.108815909778,5.33E-15,21.906934713261));
#2349 = CARTESIAN_POINT('',(5.108815909778,0.215420833621,
    21.906934713261));
#2350 = CARTESIAN_POINT('',(5.098215665416,0.429907559986,
    21.920073931223));
#2351 = CARTESIAN_POINT('',(5.077287531771,0.63979842568,21.946015002173
    ));
#2352 = CARTESIAN_POINT('',(5.046691772667,0.845968533912,
    21.984049262798));
#2353 = CARTESIAN_POINT('',(5.007527250342,1.044001565216,22.03302231068
    ));
#2354 = CARTESIAN_POINT('',(4.961247742678,1.2339016895,22.091385586795)
  );
#2355 = CARTESIAN_POINT('',(4.820545881805,1.722926488958,
    22.270660805645));
#2356 = CARTESIAN_POINT('',(4.71517404065,2.00407919738,22.406700015702)
  );
#2357 = CARTESIAN_POINT('',(4.597504754776,2.262783817379,
    22.561628498819));
#2358 = CARTESIAN_POINT('',(4.472782010325,2.495817818991,
    22.730482793341));
#2359 = CARTESIAN_POINT('',(4.343038308842,2.709565086986,
    22.912417576451));
#2360 = CARTESIAN_POINT('',(4.209844378301,2.904676909182,
    23.108020520281));
#2361 = CARTESIAN_POINT('',(3.924875762373,3.282331097439,
    23.557063666623));
#2362 = CARTESIAN_POINT('',(3.772865088924,3.46001829248,23.814398464279
    ));
#2363 = CARTESIAN_POINT('',(3.624017009344,3.615582621248,
    24.095614228319));
#2364 = CARTESIAN_POINT('',(3.484388306233,3.7485098538,24.398731160364)
  );
#2365 = CARTESIAN_POINT('',(3.357869024566,3.854694411562,
    24.747862828686));
#2366 = CARTESIAN_POINT('',(3.296720167583,3.906650757362,
    25.124135892368));
#2367 = CARTESIAN_POINT('',(3.296705237332,3.906663493604,
    25.499894967566));
#2368 = CARTESIAN_POINT('',(5.074814169524,3.11E-15,22.011083429033));
#2369 = CARTESIAN_POINT('',(5.074814169524,0.207859754045,
    22.011083429033));
#2370 = CARTESIAN_POINT('',(5.064652946558,0.414853717834,
    22.024178767113));
#2371 = CARTESIAN_POINT('',(5.04458701963,0.617394278312,22.050039368643
    ));
#2372 = CARTESIAN_POINT('',(5.015256746979,0.816288395053,
    22.087950978136));
#2373 = CARTESIAN_POINT('',(4.977735770448,1.007201503534,
    22.136744530544));
#2374 = CARTESIAN_POINT('',(4.933463909391,1.19010403425,22.194816035588
    ));
#2375 = CARTESIAN_POINT('',(4.798879661715,1.66118798543,22.373213239487
    ));
#2376 = CARTESIAN_POINT('',(4.698211803448,1.931595501335,
    22.508453591038));
#2377 = CARTESIAN_POINT('',(4.585877212618,2.180285218507,
    22.662429615594));
#2378 = CARTESIAN_POINT('',(4.467348029068,2.403222670138,
    22.829563665553));
#2379 = CARTESIAN_POINT('',(4.344348941609,2.607457543551,
    23.009270021044));
#2380 = CARTESIAN_POINT('',(4.218702249273,2.79308116461,23.201580844982
    ));
#2381 = CARTESIAN_POINT('',(3.950816808034,3.151572821904,
    23.641127377935));
#2382 = CARTESIAN_POINT('',(3.808519806835,3.319528526102,
    23.891999032421));
#2383 = CARTESIAN_POINT('',(3.669956060973,3.465827456008,
    24.164386233224));
#2384 = CARTESIAN_POINT('',(3.541162198493,3.589765288212,
    24.455819010388));
#2385 = CARTESIAN_POINT('',(3.425220801607,3.688519365906,24.78761647546
    ));
#2386 = CARTESIAN_POINT('',(3.369046896127,3.736925577106,
    25.143815971957));
#2387 = CARTESIAN_POINT('',(3.369034782745,3.736935913529,
    25.499917262674));
#2388 = CARTESIAN_POINT('',(5.009583715059,1.78E-15,22.100767805281));
#2389 = CARTESIAN_POINT('',(5.009583715059,0.19995645513,22.100767805281
    ));
#2390 = CARTESIAN_POINT('',(4.999616773355,0.399091780458,
    22.113741818068));
#2391 = CARTESIAN_POINT('',(4.979933335978,0.593901334182,
    22.139364686363));
#2392 = CARTESIAN_POINT('',(4.951164316311,0.785127943269,
    22.176924109198));
#2393 = CARTESIAN_POINT('',(4.914370203855,0.968530048023,
    22.225255001014));
#2394 = CARTESIAN_POINT('',(4.870996674594,1.144041757155,
    22.282720776031));
#2395 = CARTESIAN_POINT('',(4.739130605276,1.595873108447,
    22.459273187462));
#2396 = CARTESIAN_POINT('',(4.640602412961,1.854551049576,
    22.592970819983));
#2397 = CARTESIAN_POINT('',(4.530622209787,2.092223277118,
    22.745236482647));
#2398 = CARTESIAN_POINT('',(4.414928719793,2.304048972825,
    22.910017131576));
#2399 = CARTESIAN_POINT('',(4.29494827965,2.497731632081,23.087048620833
    ));
#2400 = CARTESIAN_POINT('',(4.172705429403,2.672793212522,
    23.275968763341));
#2401 = CARTESIAN_POINT('',(3.912603009547,3.009327297011,
    23.706493872386));
#2402 = CARTESIAN_POINT('',(3.774777011148,3.165870480078,
    23.951512037883));
#2403 = CARTESIAN_POINT('',(3.640936925119,3.301165620048,
    24.216573322816));
#2404 = CARTESIAN_POINT('',(3.5171914224,3.414398641004,24.49870073002)
  );
#2405 = CARTESIAN_POINT('',(3.406269020974,3.503766078234,
    24.817601659319));
#2406 = CARTESIAN_POINT('',(3.352488482698,3.547614915851,
    25.158758518579));
#2407 = CARTESIAN_POINT('',(3.352478125126,3.547622687812,
    25.499934983348));
#2408 = CARTESIAN_POINT('',(4.919899338811,4.4E-16,22.165998259747));
#2409 = CARTESIAN_POINT('',(4.919899338811,0.192572239371,
    22.165998259747));
#2410 = CARTESIAN_POINT('',(4.909905487365,0.384343546061,
    22.178714764256));
#2411 = CARTESIAN_POINT('',(4.890170974699,0.5719148052,22.203826724685)
  );
#2412 = CARTESIAN_POINT('',(4.861324101921,0.755997084628,
    22.240636241962));
#2413 = CARTESIAN_POINT('',(4.824418768164,0.932459573476,
    22.288007705275));
#2414 = CARTESIAN_POINT('',(4.780915684368,1.101213978037,
    22.344310076241));
#2415 = CARTESIAN_POINT('',(4.648584094405,1.535436891845,
    22.517322701099));
#2416 = CARTESIAN_POINT('',(4.549746163467,1.783487265743,22.64822202254
    ));
#2417 = CARTESIAN_POINT('',(4.439231418037,2.011424418152,
    22.797459400839));
#2418 = CARTESIAN_POINT('',(4.323008072695,2.213720880016,
    22.958755508631));
#2419 = CARTESIAN_POINT('',(4.202230958264,2.398636899262,
    23.132216740896));
#2420 = CARTESIAN_POINT('',(4.079017180837,2.565223568076,23.31734291531
    ));
#2421 = CARTESIAN_POINT('',(3.816532421879,2.884417954289,
    23.739239231388));
#2422 = CARTESIAN_POINT('',(3.677253990822,3.032206384114,
    23.979297632642));
#2423 = CARTESIAN_POINT('',(3.541662974205,3.159400976631,
    24.239383851517));
#2424 = CARTESIAN_POINT('',(3.416035300969,3.26508898001,24.515990402757
    ));
#2425 = CARTESIAN_POINT('',(3.303079824906,3.347987039697,
    24.829504629803));
#2426 = CARTESIAN_POINT('',(3.248401696759,3.38862096005,25.164807837945
    ));
#2427 = CARTESIAN_POINT('',(3.248391532076,3.388627084929,
    25.499943237279));
#2428 = CARTESIAN_POINT('',(4.815750623039,8.9E-16,22.2));
#2429 = CARTESIAN_POINT('',(4.815750623039,0.186500168951,22.2));
#2430 = CARTESIAN_POINT('',(4.805584571151,0.372193821777,
    22.212305023879));
#2431 = CARTESIAN_POINT('',(4.7855154263,0.553821179991,22.236598043797)
  );
#2432 = CARTESIAN_POINT('',(4.756172361534,0.732118704492,
    22.272211705533));
#2433 = CARTESIAN_POINT('',(4.718604297846,0.903088481766,
    22.318070715068));
#2434 = CARTESIAN_POINT('',(4.674285969605,1.066646461393,
    22.372598553962));
#2435 = CARTESIAN_POINT('',(4.539377245988,1.487548677833,
    22.540246143279));
#2436 = CARTESIAN_POINT('',(4.438600152165,1.727915409356,
    22.667043990884));
#2437 = CARTESIAN_POINT('',(4.32563093726,1.949387963925,22.811919153322
    ));
#2438 = CARTESIAN_POINT('',(4.206576700001,2.145955973163,
    22.968686877352));
#2439 = CARTESIAN_POINT('',(4.082383461955,2.326251033386,
    23.137842039827));
#2440 = CARTESIAN_POINT('',(3.955154662906,2.489018104474,
    23.319035536779));
#2441 = CARTESIAN_POINT('',(3.683252787698,2.801359782371,
    23.733526241998));
#2442 = CARTESIAN_POINT('',(3.538433578983,2.946407765552,
    23.970139773988));
#2443 = CARTESIAN_POINT('',(3.396622064991,3.071897200318,
    24.228333485471));
#2444 = CARTESIAN_POINT('',(3.264272159769,3.176762673436,
    24.504194206535));
#2445 = CARTESIAN_POINT('',(3.144420469515,3.259551163564,
    24.820859025684));
#2446 = CARTESIAN_POINT('',(3.086587330573,3.299993901464,
    25.160698277541));
#2447 = CARTESIAN_POINT('',(3.086576035935,3.299999999483,
    25.499940208582));
#2448 = CARTESIAN_POINT('',(4.708815909778,7.6E-16,22.2));
#2449 = CARTESIAN_POINT('',(4.708815909778,0.18235878206,22.2));
#2450 = CARTESIAN_POINT('',(4.698437232268,0.363873647443,
    22.211768652918));
#2451 = CARTESIAN_POINT('',(4.677957959281,0.541465192571,
    22.234991898231));
#2452 = CARTESIAN_POINT('',(4.648008442402,0.715969563276,22.26905091425
    ));
#2453 = CARTESIAN_POINT('',(4.609628869135,0.883545471151,
    22.312965055044));
#2454 = CARTESIAN_POINT('',(4.564296439423,1.044146622426,
    22.365267070109));
#2455 = CARTESIAN_POINT('',(4.426253194924,1.45785122363,22.526247755759
    ));
#2456 = CARTESIAN_POINT('',(4.323138691279,1.694671028814,
    22.648074714768));
#2457 = CARTESIAN_POINT('',(4.207275846583,1.914163992862,
    22.787784594362));
#2458 = CARTESIAN_POINT('',(4.084778077091,2.110086234908,
    22.939635608939));
#2459 = CARTESIAN_POINT('',(3.956480589783,2.29116820417,23.104485546332
    ));
#2460 = CARTESIAN_POINT('',(3.824388950328,2.456036240898,
    23.282416528199));
#2461 = CARTESIAN_POINT('',(3.541433524968,2.774439290769,
    23.692285482503));
#2462 = CARTESIAN_POINT('',(3.390322179089,2.923877402899,
    23.927604115371));
#2463 = CARTESIAN_POINT('',(3.241492402204,3.055053198285,
    24.187391326963));
#2464 = CARTESIAN_POINT('',(3.101577172747,3.166617825625,
    24.467186836767));
#2465 = CARTESIAN_POINT('',(2.973855839671,3.256418192909,24.79481984396
    ));
#2466 = CARTESIAN_POINT('',(2.912562981176,3.299992261971,25.14815446269
    ));
#2467 = CARTESIAN_POINT('',(2.912549960518,3.3,25.5));
#2468 = ADVANCED_FACE('',(#2469),#2508,.F.);
#2469 = FACE_BOUND('',#2470,.F.);
#2470 = EDGE_LOOP('',(#2471,#2483,#2506,#2507));
#2471 = ORIENTED_EDGE('',*,*,#2472,.T.);
#2472 = EDGE_CURVE('',#224,#2473,#2475,.T.);
#2473 = VERTEX_POINT('',#2474);
#2474 = CARTESIAN_POINT('',(2.912549960517,3.3,17.9));
#2475 = ( BOUNDED_CURVE() B_SPLINE_CURVE(6,(#2476,#2477,#2478,#2479,
#2480,#2481,#2482),.UNSPECIFIED.,.F.,.F.) B_SPLINE_CURVE_WITH_KNOTS((7,7
),(0.,5.355072713149),.PIECEWISE_BEZIER_KNOTS.) CURVE() 
GEOMETRIC_REPRESENTATION_ITEM() RATIONAL_B_SPLINE_CURVE((1.080016620298,
    1.023814727394,0.994937361155,0.985303459801,0.994937361155,
1.023814727394,1.080016620298)) REPRESENTATION_ITEM('') );
#2476 = CARTESIAN_POINT('',(3.159962477875,4.014304066513,17.9));
#2477 = CARTESIAN_POINT('',(3.29670523733,3.906663493606,17.899894991173
    ));
#2478 = CARTESIAN_POINT('',(3.369034782744,3.73693591353,17.899917280933
    ));
#2479 = CARTESIAN_POINT('',(3.352478125125,3.547622687812,
    17.899934996909));
#2480 = CARTESIAN_POINT('',(3.248391532076,3.388627084929,17.89994324807
    ));
#2481 = CARTESIAN_POINT('',(3.086576035935,3.299999999483,17.89994021918
    ));
#2482 = CARTESIAN_POINT('',(2.912549960517,3.3,17.9));
#2483 = ORIENTED_EDGE('',*,*,#2484,.T.);
#2484 = EDGE_CURVE('',#2473,#865,#2485,.T.);
#2485 = ( BOUNDED_CURVE() B_SPLINE_CURVE(7,(#2486,#2487,#2488,#2489,
    #2490,#2491,#2492,#2493,#2494,#2495,#2496,#2497,#2498,#2499,#2500,
    #2501,#2502,#2503,#2504,#2505),.UNSPECIFIED.,.F.,.F.) 
B_SPLINE_CURVE_WITH_KNOTS((8,6,6,8),(16.058737202627,18.290140561452,
20.259544149868,21.413471035286),.UNSPECIFIED.) CURVE() 
GEOMETRIC_REPRESENTATION_ITEM() RATIONAL_B_SPLINE_CURVE((1.080016620298,
    1.08001731429,1.077983744964,1.073785862926,1.06928985614,
    1.064838136078,1.06048643783,1.052719772471,1.049250277972,
    1.046015042277,1.042998518009,1.040248858196,1.037837299316,
    1.034659704342,1.033623769131,1.032756643982,1.032083951619,
1.031625309469,1.031393471788,1.031393471788)) REPRESENTATION_ITEM('') 
  );
#2486 = CARTESIAN_POINT('',(2.912549960517,3.3,17.9));
#2487 = CARTESIAN_POINT('',(2.912536949042,3.300007732955,
    18.251604625052));
#2488 = CARTESIAN_POINT('',(2.973869853098,3.256395786927,
    18.604984171901));
#2489 = CARTESIAN_POINT('',(3.101089000937,3.167035964046,
    18.931886348451));
#2490 = CARTESIAN_POINT('',(3.241878067689,3.05473176597,19.213381597512
    ));
#2491 = CARTESIAN_POINT('',(3.390095125321,2.9240555292,19.471922977477)
  );
#2492 = CARTESIAN_POINT('',(3.541211068923,2.77465267321,19.707377721637
    ));
#2493 = CARTESIAN_POINT('',(3.823852820017,2.456666726244,
    20.116826999885));
#2494 = CARTESIAN_POINT('',(3.955671932231,2.292219878247,20.29442546589
    ));
#2495 = CARTESIAN_POINT('',(4.08367829849,2.111615962199,20.458978412562
    ));
#2496 = CARTESIAN_POINT('',(4.205975276712,1.91632318731,20.610584217709
    ));
#2497 = CARTESIAN_POINT('',(4.321647433975,1.697483771195,
    20.750137621831));
#2498 = CARTESIAN_POINT('',(4.424687723078,1.46147027913,20.87190235641)
  );
#2499 = CARTESIAN_POINT('',(4.563149613709,1.048198904167,21.03340967734
    ));
#2500 = CARTESIAN_POINT('',(4.608844740899,0.887129011345,
    21.086138992782));
#2501 = CARTESIAN_POINT('',(4.647478616478,0.718664575617,
    21.130343559722));
#2502 = CARTESIAN_POINT('',(4.677687790074,0.544102858272,
    21.164703860162));
#2503 = CARTESIAN_POINT('',(4.698371574475,0.365066495651,
    21.188156443872));
#2504 = CARTESIAN_POINT('',(4.708815909778,0.183222766256,21.2));
#2505 = CARTESIAN_POINT('',(4.708815909778,-1.8E-16,21.2));
#2506 = ORIENTED_EDGE('',*,*,#864,.F.);
#2507 = ORIENTED_EDGE('',*,*,#248,.F.);
#2508 = ( BOUNDED_SURFACE() B_SPLINE_SURFACE(6,7,(
    (#2509,#2510,#2511,#2512,#2513,#2514,#2515,#2516,#2517,#2518,#2519
      ,#2520,#2521,#2522,#2523,#2524,#2525,#2526,#2527,#2528)
    ,(#2529,#2530,#2531,#2532,#2533,#2534,#2535,#2536,#2537,#2538,#2539
      ,#2540,#2541,#2542,#2543,#2544,#2545,#2546,#2547,#2548)
    ,(#2549,#2550,#2551,#2552,#2553,#2554,#2555,#2556,#2557,#2558,#2559
      ,#2560,#2561,#2562,#2563,#2564,#2565,#2566,#2567,#2568)
    ,(#2569,#2570,#2571,#2572,#2573,#2574,#2575,#2576,#2577,#2578,#2579
      ,#2580,#2581,#2582,#2583,#2584,#2585,#2586,#2587,#2588)
    ,(#2589,#2590,#2591,#2592,#2593,#2594,#2595,#2596,#2597,#2598,#2599
      ,#2600,#2601,#2602,#2603,#2604,#2605,#2606,#2607,#2608)
    ,(#2609,#2610,#2611,#2612,#2613,#2614,#2615,#2616,#2617,#2618,#2619
      ,#2620,#2621,#2622,#2623,#2624,#2625,#2626,#2627,#2628)
    ,(#2629,#2630,#2631,#2632,#2633,#2634,#2635,#2636,#2637,#2638,#2639
      ,#2640,#2641,#2642,#2643,#2644,#2645,#2646,#2647,#2648
)),.UNSPECIFIED.,.F.,.F.,.F.) B_SPLINE_SURFACE_WITH_KNOTS((7,7),(8,6,6,8
    ),(0.,5.354733832659),(16.058737202627,18.290140561452,
    20.259544149868,21.413471035286),.UNSPECIFIED.) 
GEOMETRIC_REPRESENTATION_ITEM() RATIONAL_B_SPLINE_SURFACE((
    (1.080016620298,1.08001731429,1.077983744964,1.073785862926
      ,1.06928985614,1.064838136078,1.06048643783,1.052719772471
      ,1.049250277972,1.046015042277,1.042998518009,1.040248858196
      ,1.037837299316,1.034659704342,1.033623769131,1.032756643982
      ,1.032083951619,1.031625309469,1.031393471788,1.031393471788)
    ,(1.023814727394,1.023814909132,1.023281910402,1.022185848153
      ,1.020972013006,1.019751412279,1.018537635907,1.016339628363
      ,1.015343900105,1.014403053507,1.013515983034,1.012698720944
      ,1.011976161881,1.011018547821,1.010704910735,1.010441331237
      ,1.010236242195,1.010096188683,1.010025407661,1.010025407661)
    ,(0.994937361155,0.994937321709,0.995053023222,0.99529079978
      ,0.995555822418,0.995822030786,0.996086622361,0.996564896835
      ,0.996781201892,0.996985059522,0.997176693566,0.997352634597
      ,0.997507715719,0.997712772686,0.997779809871,0.997836050172
      ,0.997879750604,0.997909570644,0.997924642725,0.997924642725)
    ,(0.985303459801,0.985303340529,0.98565294443,0.986373705146
      ,0.987154072955,0.987932292846,0.988698841132,0.990076900483
      ,0.990696829302,0.991279074385,0.991825518031,0.992326929719
      ,0.992768999362,0.993353741844,0.99354496184,0.993705461602
      ,0.993830233615,0.993915399877,0.993958444137,0.993958444137)
    ,(0.994937361155,0.994937321709,0.995053023222,0.99529079978
      ,0.995555822418,0.995822030786,0.996086622361,0.996564896835
      ,0.996781201892,0.996985059522,0.997176693566,0.997352634597
      ,0.997507715719,0.997712772686,0.997779809871,0.997836050172
      ,0.997879750604,0.997909570644,0.997924642725,0.997924642725)
    ,(1.023814727394,1.023814909132,1.023281910402,1.022185848153
      ,1.020972013006,1.019751412279,1.018537635907,1.016339628363
      ,1.015343900105,1.014403053507,1.013515983034,1.012698720944
      ,1.011976161881,1.011018547821,1.010704910735,1.010441331237
      ,1.010236242195,1.010096188683,1.010025407661,1.010025407661)
    ,(1.080016620298,1.08001731429,1.077983744964,1.073785862926
      ,1.06928985614,1.064838136078,1.06048643783,1.052719772471
      ,1.049250277972,1.046015042277,1.042998518009,1.040248858196
      ,1.037837299316,1.034659704342,1.033623769131,1.032756643982
      ,1.032083951619,1.031625309469,1.031393471788,1.031393471788
))) REPRESENTATION_ITEM('') SURFACE() );
#2509 = CARTESIAN_POINT('',(3.159962477875,4.014304066513,17.9));
#2510 = CARTESIAN_POINT('',(3.159944662569,4.014318090289,
    18.294536056384));
#2511 = CARTESIAN_POINT('',(3.226756816837,3.96153696438,18.69135128269)
  );
#2512 = CARTESIAN_POINT('',(3.365035340719,3.85395315353,19.057286245107
    ));
#2513 = CARTESIAN_POINT('',(3.518369759366,3.716886093729,
    19.374441300705));
#2514 = CARTESIAN_POINT('',(3.679058854062,3.558214486334,
    19.663474539678));
#2515 = CARTESIAN_POINT('',(3.843065774158,3.376270353141,
    19.927611748729));
#2516 = CARTESIAN_POINT('',(4.149656135168,2.989044818059,
    20.386585982609));
#2517 = CARTESIAN_POINT('',(4.292614542172,2.788641270703,
    20.585624975367));
#2518 = CARTESIAN_POINT('',(4.431057549852,2.569755326002,
    20.769535364338));
#2519 = CARTESIAN_POINT('',(4.56419608928,2.330221127199,20.940224309588
    ));
#2520 = CARTESIAN_POINT('',(4.68898128689,2.065786585002,21.095726211011
    ));
#2521 = CARTESIAN_POINT('',(4.800946025696,1.777627651719,
    21.232540023901));
#2522 = CARTESIAN_POINT('',(4.950902592314,1.275236982112,
    21.413320987021));
#2523 = CARTESIAN_POINT('',(5.000472523371,1.079124939686,
    21.472453936309));
#2524 = CARTESIAN_POINT('',(5.042360716245,0.874123310141,
    21.521997402772));
#2525 = CARTESIAN_POINT('',(5.075081716507,0.661843509148,
    21.560462615608));
#2526 = CARTESIAN_POINT('',(5.097482272863,0.444121936124,
    21.586712805212));
#2527 = CARTESIAN_POINT('',(5.108815909778,0.222883124632,21.6));
#2528 = CARTESIAN_POINT('',(5.108815909778,0.,21.6));
#2529 = CARTESIAN_POINT('',(3.29670523733,3.906663493606,17.899894991173
    ));
#2530 = CARTESIAN_POINT('',(3.296690314393,3.90667622361,18.275552107363
    ));
#2531 = CARTESIAN_POINT('',(3.357886766035,3.854657164343,
    18.652126682931));
#2532 = CARTESIAN_POINT('',(3.483924320618,3.748975189219,
    19.000214512763));
#2533 = CARTESIAN_POINT('',(3.624390878444,3.615211252822,
    19.305234148783));
#2534 = CARTESIAN_POINT('',(3.772648794886,3.46021388663,19.585104297511
    ));
#2535 = CARTESIAN_POINT('',(3.92464272891,3.282605357927,19.842544851613
    ));
#2536 = CARTESIAN_POINT('',(4.209302970405,2.905425256207,
    20.291148707495));
#2537 = CARTESIAN_POINT('',(4.34224036186,2.710753890131,20.486417149551
    ));
#2538 = CARTESIAN_POINT('',(4.471628775893,2.497772070839,
    20.667915490028));
#2539 = CARTESIAN_POINT('',(4.596249218343,2.26513060584,20.836668920522
    ));
#2540 = CARTESIAN_POINT('',(4.713624198258,2.007512065564,
    20.991261558091));
#2541 = CARTESIAN_POINT('',(4.81895329542,1.727199213677,21.127283486142
    ));
#2542 = CARTESIAN_POINT('',(4.960076189923,1.238696893045,21.30713685842
    ));
#2543 = CARTESIAN_POINT('',(5.006711928756,1.048263102458,21.36595565746
    ));
#2544 = CARTESIAN_POINT('',(5.046167440354,0.849134453725,
    21.415300823712));
#2545 = CARTESIAN_POINT('',(5.077015642555,0.642886040767,
    21.453650266734));
#2546 = CARTESIAN_POINT('',(5.098138381378,0.431348889845,
    21.479827729597));
#2547 = CARTESIAN_POINT('',(5.108815909778,0.216441460067,
    21.493065286739));
#2548 = CARTESIAN_POINT('',(5.108815909778,1.865E-14,21.493065286739));
#2549 = CARTESIAN_POINT('',(3.369034782744,3.73693591353,17.899917280933
    ));
#2550 = CARTESIAN_POINT('',(3.369022675255,3.736946244922,
    18.255922109861));
#2551 = CARTESIAN_POINT('',(3.4252310548,3.688491429063,18.612233899583)
  );
#2552 = CARTESIAN_POINT('',(3.540723758158,3.590207878073,
    18.943248126121));
#2553 = CARTESIAN_POINT('',(3.670301906556,3.465482358137,
    19.236382793243));
#2554 = CARTESIAN_POINT('',(3.808318508595,3.319713513215,
    19.507532242735));
#2555 = CARTESIAN_POINT('',(3.950606608447,3.151821662332,
    19.758506126581));
#2556 = CARTESIAN_POINT('',(4.218191963864,2.793792906076,
    20.197603068117));
#2557 = CARTESIAN_POINT('',(4.343584019688,2.608611961128,
    20.389566102389));
#2558 = CARTESIAN_POINT('',(4.466285772453,2.405027010928,
    20.568900748138));
#2559 = CARTESIAN_POINT('',(4.584652550375,2.182598376619,
    20.735838342953));
#2560 = CARTESIAN_POINT('',(4.69674841265,1.934857924985,20.88954414559)
  );
#2561 = CARTESIAN_POINT('',(4.797358265535,1.665297666059,
    21.024743180087));
#2562 = CARTESIAN_POINT('',(4.932342759202,1.194724166679,21.20371323945
    ));
#2563 = CARTESIAN_POINT('',(4.976958440373,1.011307181109,
    21.262242648231));
#2564 = CARTESIAN_POINT('',(5.014749566061,0.819346330018,
    21.311394455761));
#2565 = CARTESIAN_POINT('',(5.044324655863,0.620379906034,
    21.349625029553));
#2566 = CARTESIAN_POINT('',(5.064581896694,0.416239310586,
    21.375727291829));
#2567 = CARTESIAN_POINT('',(5.074814169524,0.208844557411,
    21.388916570967));
#2568 = CARTESIAN_POINT('',(5.074814169524,1.51E-14,21.388916570967));
#2569 = CARTESIAN_POINT('',(3.352478125125,3.547622687812,
    17.899934996909));
#2570 = CARTESIAN_POINT('',(3.352467772514,3.547630456058,
    18.241019106541));
#2571 = CARTESIAN_POINT('',(3.406275000726,3.503746048792,
    18.582141484336));
#2572 = CARTESIAN_POINT('',(3.516760236345,3.414814319542,18.90045265936
    ));
#2573 = CARTESIAN_POINT('',(3.641271717716,3.300848620358,
    19.184141517503));
#2574 = CARTESIAN_POINT('',(3.774581201917,3.166042880461,
    19.448038289287));
#2575 = CARTESIAN_POINT('',(3.912405159814,3.009550160855,
    19.693159694335));
#2576 = CARTESIAN_POINT('',(4.172209426964,2.673463154843,
    20.123230262023));
#2577 = CARTESIAN_POINT('',(4.29419515163,2.498841198018,20.311794198176
    ));
#2578 = CARTESIAN_POINT('',(4.413914597693,2.3057070477,20.488503616862)
  );
#2579 = CARTESIAN_POINT('',(4.529401142989,2.094485166732,
    20.653017779087));
#2580 = CARTESIAN_POINT('',(4.639182916957,1.857634960879,
    20.805068249077));
#2581 = CARTESIAN_POINT('',(4.737640742563,1.599807409878,
    20.938705453173));
#2582 = CARTESIAN_POINT('',(4.869898132785,1.148475626662,21.11582365017
    ));
#2583 = CARTESIAN_POINT('',(4.913611874139,0.972469901556,
    21.173747328606));
#2584 = CARTESIAN_POINT('',(4.950662250456,0.788071923014,
    21.222420781138));
#2585 = CARTESIAN_POINT('',(4.979674575287,0.596779448166,
    21.260301217757));
#2586 = CARTESIAN_POINT('',(4.999549979261,0.400418498312,21.28616895038
    ));
#2587 = CARTESIAN_POINT('',(5.009583715059,0.20090381404,21.299232194719
    ));
#2588 = CARTESIAN_POINT('',(5.009583715059,1.11E-14,21.299232194719));
#2589 = CARTESIAN_POINT('',(3.248391532076,3.388627084929,17.89994324807
    ));
#2590 = CARTESIAN_POINT('',(3.248381372171,3.388633206979,
    18.234987878299));
#2591 = CARTESIAN_POINT('',(3.303085644312,3.347971047882,
    18.570192195348));
#2592 = CARTESIAN_POINT('',(3.415591865346,3.265486760203,
    18.883193053795));
#2593 = CARTESIAN_POINT('',(3.54200570094,3.159101706227,19.16131363314)
  );
#2594 = CARTESIAN_POINT('',(3.677052962705,3.03237082379,19.42025860589)
  );
#2595 = CARTESIAN_POINT('',(3.816334353062,2.884622893472,
    19.660426921629));
#2596 = CARTESIAN_POINT('',(4.078517365655,2.565859758614,
    20.081872449736));
#2597 = CARTESIAN_POINT('',(4.201468491713,2.399706360076,
    20.266642050616));
#2598 = CARTESIAN_POINT('',(4.321995513455,2.215269786662,
    20.439811207405));
#2599 = CARTESIAN_POINT('',(4.43799030807,2.013633650799,20.600807335566
    ));
#2600 = CARTESIAN_POINT('',(4.548327582596,1.786419084342,
    20.749868434677));
#2601 = CARTESIAN_POINT('',(4.647088092384,1.539214300717,
    20.880696229344));
#2602 = CARTESIAN_POINT('',(4.779813988859,1.105476510151,
    21.054263984645));
#2603 = CARTESIAN_POINT('',(4.823661516498,0.936245053702,21.11101939912
    ));
#2604 = CARTESIAN_POINT('',(4.860816861441,0.758834768346,
    21.158716010187));
#2605 = CARTESIAN_POINT('',(4.889910634333,0.574692071171,
    21.195844691641));
#2606 = CARTESIAN_POINT('',(4.909840777132,0.385614774449,
    21.221200993367));
#2607 = CARTESIAN_POINT('',(4.919899338811,0.193484613151,
    21.234001740253));
#2608 = CARTESIAN_POINT('',(4.919899338811,9.33E-15,21.234001740253));
#2609 = CARTESIAN_POINT('',(3.086576035935,3.299999999483,17.89994021918
    ));
#2610 = CARTESIAN_POINT('',(3.086564746553,3.300006094767,18.23909012225
    ));
#2611 = CARTESIAN_POINT('',(3.144429696564,3.259534101404,
    18.578862059553));
#2612 = CARTESIAN_POINT('',(3.263805199784,3.177160953134,
    18.894958189404));
#2613 = CARTESIAN_POINT('',(3.396985376515,3.071596888393,
    19.172385722754));
#2614 = CARTESIAN_POINT('',(3.538220246349,2.946573607216,
    19.429408380903));
#2615 = CARTESIAN_POINT('',(3.683044621118,2.801560992987,
    19.666143313849));
#2616 = CARTESIAN_POINT('',(3.954638448359,2.489639362116,
    20.080195933629));
#2617 = CARTESIAN_POINT('',(4.081598539055,2.327298525574,
    20.261041329124));
#2618 = CARTESIAN_POINT('',(4.205529339232,2.147458212549,
    20.429912657604));
#2619 = CARTESIAN_POINT('',(4.324358090341,1.951559114429,20.58638810561
    ));
#2620 = CARTESIAN_POINT('',(4.437151309047,1.730750825034,20.73110673161
    ));
#2621 = CARTESIAN_POINT('',(4.537849918021,1.491214913727,20.85783213533
    ));
#2622 = CARTESIAN_POINT('',(4.673164037456,1.070776146586,21.02602095257
    ));
#2623 = CARTESIAN_POINT('',(4.717835737181,0.90675044195,21.080991288442
    ));
#2624 = CARTESIAN_POINT('',(4.755653972159,0.734870272575,
    21.127157395604));
#2625 = CARTESIAN_POINT('',(4.785250360983,0.556515474013,
    21.163083506761));
#2626 = CARTESIAN_POINT('',(4.805520049053,0.373418893502,
    21.187615700424));
#2627 = CARTESIAN_POINT('',(4.815750623039,0.187383774318,21.2));
#2628 = CARTESIAN_POINT('',(4.815750623039,7.99E-15,21.2));
#2629 = CARTESIAN_POINT('',(2.912549960517,3.3,17.9));
#2630 = CARTESIAN_POINT('',(2.912536949042,3.300007732955,
    18.251604625052));
#2631 = CARTESIAN_POINT('',(2.973869853098,3.256395786927,
    18.604984171901));
#2632 = CARTESIAN_POINT('',(3.101089000937,3.167035964046,
    18.931886348451));
#2633 = CARTESIAN_POINT('',(3.241878067689,3.05473176597,19.213381597512
    ));
#2634 = CARTESIAN_POINT('',(3.390095125321,2.9240555292,19.471922977477)
  );
#2635 = CARTESIAN_POINT('',(3.541211068923,2.77465267321,19.707377721637
    ));
#2636 = CARTESIAN_POINT('',(3.823852820017,2.456666726244,
    20.116826999885));
#2637 = CARTESIAN_POINT('',(3.955671932231,2.292219878247,20.29442546589
    ));
#2638 = CARTESIAN_POINT('',(4.08367829849,2.111615962199,20.458978412562
    ));
#2639 = CARTESIAN_POINT('',(4.205975276712,1.91632318731,20.610584217709
    ));
#2640 = CARTESIAN_POINT('',(4.321647433975,1.697483771195,
    20.750137621831));
#2641 = CARTESIAN_POINT('',(4.424687723078,1.46147027913,20.87190235641)
  );
#2642 = CARTESIAN_POINT('',(4.563149613709,1.048198904167,21.03340967734
    ));
#2643 = CARTESIAN_POINT('',(4.608844740899,0.887129011345,
    21.086138992782));
#2644 = CARTESIAN_POINT('',(4.647478616478,0.718664575617,
    21.130343559722));
#2645 = CARTESIAN_POINT('',(4.677687790074,0.544102858272,
    21.164703860162));
#2646 = CARTESIAN_POINT('',(4.698371574475,0.365066495651,
    21.188156443872));
#2647 = CARTESIAN_POINT('',(4.708815909778,0.183222766256,21.2));
#2648 = CARTESIAN_POINT('',(4.708815909778,-1.8E-16,21.2));
#2649 = ADVANCED_FACE('',(#2650),#2678,.F.);
#2650 = FACE_BOUND('',#2651,.F.);
#2651 = EDGE_LOOP('',(#2652,#2653,#2676,#2677));
#2652 = ORIENTED_EDGE('',*,*,#955,.T.);
#2653 = ORIENTED_EDGE('',*,*,#2654,.T.);
#2654 = EDGE_CURVE('',#877,#2473,#2655,.T.);
#2655 = ( BOUNDED_CURVE() B_SPLINE_CURVE(7,(#2656,#2657,#2658,#2659,
    #2660,#2661,#2662,#2663,#2664,#2665,#2666,#2667,#2668,#2669,#2670,
    #2671,#2672,#2673,#2674,#2675),.UNSPECIFIED.,.F.,.F.) 
B_SPLINE_CURVE_WITH_KNOTS((8,6,6,8),(10.703664489478,11.852994506996,
13.826729382933,16.058737202627),.UNSPECIFIED.) CURVE() 
GEOMETRIC_REPRESENTATION_ITEM() RATIONAL_B_SPLINE_CURVE((1.031393471788,
    1.031393471787,1.031622359125,1.032077231834,1.032745276717,
    1.03360603611,1.034633674649,1.037800872065,1.040212073412,
    1.042969913987,1.045984069373,1.049230523177,1.052705527918,
    1.06047909142,1.064831343392,1.069301806095,1.073771670093,
1.077985304286,1.080015926118,1.080016620298)) REPRESENTATION_ITEM('') 
  );
#2656 = CARTESIAN_POINT('',(4.708815909778,-9.9E-16,14.6));
#2657 = CARTESIAN_POINT('',(4.708815909803,0.181578949834,
    14.599999999973));
#2658 = CARTESIAN_POINT('',(4.698504676795,0.363286594874,
    14.611692435674));
#2659 = CARTESIAN_POINT('',(4.677987992569,0.542012066388,
    14.634955990779));
#2660 = CARTESIAN_POINT('',(4.64798309705,0.715817765708,14.669083461479
    ));
#2661 = CARTESIAN_POINT('',(4.609629124572,0.883500192627,
    14.712964088345));
#2662 = CARTESIAN_POINT('',(4.564296439425,1.04414662242,14.765267070107
    ));
#2663 = CARTESIAN_POINT('',(4.426253198224,1.457851213742,
    14.926247751911));
#2664 = CARTESIAN_POINT('',(4.32313869622,1.694671016033,15.048074709593
    ));
#2665 = CARTESIAN_POINT('',(4.207275869341,1.914163949179,
    15.187784565308));
#2666 = CARTESIAN_POINT('',(4.084778088869,2.110086222063,
    15.339635595336));
#2667 = CARTESIAN_POINT('',(3.956480603918,2.291168184461,
    15.504485527047));
#2668 = CARTESIAN_POINT('',(3.824388958623,2.456036231265,
    15.682416515644));
#2669 = CARTESIAN_POINT('',(3.541433511252,2.774439307909,
    16.092285504742));
#2670 = CARTESIAN_POINT('',(3.390322154359,2.923877439225,
    16.327604149085));
#2671 = CARTESIAN_POINT('',(3.241492356156,3.055053194798,
    16.587391434617));
#2672 = CARTESIAN_POINT('',(3.101577261372,3.166617792446,16.86718665196
    ));
#2673 = CARTESIAN_POINT('',(2.973855792293,3.25641821878,17.194819924366
    ));
#2674 = CARTESIAN_POINT('',(2.912562978653,3.299992263344,
    17.548154516626));
#2675 = CARTESIAN_POINT('',(2.912549960517,3.3,17.9));
#2676 = ORIENTED_EDGE('',*,*,#2472,.F.);
#2677 = ORIENTED_EDGE('',*,*,#223,.F.);
#2678 = ( BOUNDED_SURFACE() B_SPLINE_SURFACE(6,7,(
    (#2679,#2680,#2681,#2682,#2683,#2684,#2685,#2686,#2687,#2688,#2689
      ,#2690,#2691,#2692,#2693,#2694,#2695,#2696,#2697,#2698)
    ,(#2699,#2700,#2701,#2702,#2703,#2704,#2705,#2706,#2707,#2708,#2709
      ,#2710,#2711,#2712,#2713,#2714,#2715,#2716,#2717,#2718)
    ,(#2719,#2720,#2721,#2722,#2723,#2724,#2725,#2726,#2727,#2728,#2729
      ,#2730,#2731,#2732,#2733,#2734,#2735,#2736,#2737,#2738)
    ,(#2739,#2740,#2741,#2742,#2743,#2744,#2745,#2746,#2747,#2748,#2749
      ,#2750,#2751,#2752,#2753,#2754,#2755,#2756,#2757,#2758)
    ,(#2759,#2760,#2761,#2762,#2763,#2764,#2765,#2766,#2767,#2768,#2769
      ,#2770,#2771,#2772,#2773,#2774,#2775,#2776,#2777,#2778)
    ,(#2779,#2780,#2781,#2782,#2783,#2784,#2785,#2786,#2787,#2788,#2789
      ,#2790,#2791,#2792,#2793,#2794,#2795,#2796,#2797,#2798)
    ,(#2799,#2800,#2801,#2802,#2803,#2804,#2805,#2806,#2807,#2808,#2809
      ,#2810,#2811,#2812,#2813,#2814,#2815,#2816,#2817,#2818
)),.UNSPECIFIED.,.F.,.F.,.F.) B_SPLINE_SURFACE_WITH_KNOTS((7,7),(8,6,6,8
    ),(0.,5.355072713149),(10.703664489478,11.852994506996,
    13.826729382933,16.058737202627),.UNSPECIFIED.) 
GEOMETRIC_REPRESENTATION_ITEM() RATIONAL_B_SPLINE_SURFACE((
    (1.031393471788,1.031393471787,1.031622359125,1.032077231834
      ,1.032745276717,1.03360603611,1.034633674649,1.037800872065
      ,1.040212073412,1.042969913987,1.045984069373,1.049230523177
      ,1.052705527918,1.06047909142,1.064831343392,1.069301806095
      ,1.073771670093,1.077985304286,1.080015926118,1.080016620298)
    ,(1.010025407661,1.010025407661,1.010095288323,1.010234190702
      ,1.010437865732,1.010699520911,1.01101066698,1.011965245104
      ,1.012687789733,1.013507556649,1.014394035991,1.015338220219
      ,1.0163355733,1.018535583674,1.019749584441,1.020975275075
      ,1.02218198032,1.023282363843,1.023814545607,1.023814727394)
    ,(0.997924642725,0.997924642725,0.997909762402,0.997880187454
      ,0.997836788618,0.997780959953,0.997714457127,0.997510058578
      ,0.997354987838,0.997178513276,0.996987012523,0.996782435371
      ,0.996565778575,0.996087069615,0.995822429841,0.995555110893
      ,0.995291643103,0.995052923783,0.994937400613,0.994937361155)
    ,(0.993958444137,0.993958444137,0.993915947491,0.993831481214
      ,0.993707569962,0.993548243912,0.993358546656,0.992775677864
      ,0.992333637062,0.991830704698,0.991284652684,0.990700362495
      ,0.990079435366,0.988700136231,0.987933470235,0.987151988006
      ,0.986376180145,0.985652665591,0.985303579105,0.985303459801)
    ,(0.997924642725,0.997924642725,0.997909762402,0.997880187454
      ,0.997836788618,0.997780959953,0.997714457127,0.997510058578
      ,0.997354987838,0.997178513276,0.996987012523,0.996782435371
      ,0.996565778575,0.996087069615,0.995822429841,0.995555110893
      ,0.995291643103,0.995052923783,0.994937400613,0.994937361155)
    ,(1.010025407661,1.010025407661,1.010095288323,1.010234190702
      ,1.010437865732,1.010699520911,1.01101066698,1.011965245104
      ,1.012687789733,1.013507556649,1.014394035991,1.015338220219
      ,1.0163355733,1.018535583674,1.019749584441,1.020975275075
      ,1.02218198032,1.023282363843,1.023814545607,1.023814727394)
    ,(1.031393471788,1.031393471787,1.031622359125,1.032077231834
      ,1.032745276717,1.03360603611,1.034633674649,1.037800872065
      ,1.040212073412,1.042969913987,1.045984069373,1.049230523177
      ,1.052705527918,1.06047909142,1.064831343392,1.069301806095
      ,1.073771670093,1.077985304286,1.080015926118,1.080016620298
))) REPRESENTATION_ITEM('') SURFACE() );
#2679 = CARTESIAN_POINT('',(5.108815909778,0.,14.2));
#2680 = CARTESIAN_POINT('',(5.108815909784,0.221240228964,
    14.199999999995));
#2681 = CARTESIAN_POINT('',(5.09762611775,0.441868863017,14.213118436993
    ));
#2682 = CARTESIAN_POINT('',(5.075411249257,0.659041889664,
    14.239150844322));
#2683 = CARTESIAN_POINT('',(5.042916866819,0.870586091322,
    14.277348351115));
#2684 = CARTESIAN_POINT('',(5.001331446153,1.074808681207,
    14.326529641922));
#2685 = CARTESIAN_POINT('',(4.952147069,1.270302074626,14.385194486917)
  );
#2686 = CARTESIAN_POINT('',(4.802640305562,1.773232032406,
    14.565390934177));
#2687 = CARTESIAN_POINT('',(4.690647485472,2.06222279522,14.702196614424
    ));
#2688 = CARTESIAN_POINT('',(4.565504335744,2.327869957104,
    14.858103568119));
#2689 = CARTESIAN_POINT('',(4.432328260429,2.567679298687,
    15.028786968235));
#2690 = CARTESIAN_POINT('',(4.293459511037,2.787440007866,
    15.213206992428));
#2691 = CARTESIAN_POINT('',(4.15023837513,2.988275925106,15.412566767487
    ));
#2692 = CARTESIAN_POINT('',(3.843326123327,3.375979089658,
    15.871970059858));
#2693 = CARTESIAN_POINT('',(3.679295032064,3.558015072866,
    16.135994717778));
#2694 = CARTESIAN_POINT('',(3.517959998385,3.717271313304,
    16.426494412481));
#2695 = CARTESIAN_POINT('',(3.36553297446,3.853480700679,16.741533761728
    ));
#2696 = CARTESIAN_POINT('',(3.226730922767,3.961581684073,
    17.108771126682));
#2697 = CARTESIAN_POINT('',(3.159980302935,4.014290035059,
    17.505104880321));
#2698 = CARTESIAN_POINT('',(3.159962477875,4.014304066513,17.9));
#2699 = CARTESIAN_POINT('',(5.108815909778,-1.020406E-10,14.306934713261
    ));
#2700 = CARTESIAN_POINT('',(5.108815909782,0.214798415079,
    14.306934713258));
#2701 = CARTESIAN_POINT('',(5.098273969506,0.429171817069,
    14.320004035231));
#2702 = CARTESIAN_POINT('',(5.077325796942,0.640197731946,
    14.345965143822));
#2703 = CARTESIAN_POINT('',(5.046690592729,0.84570626797,14.384048694974
    ));
#2704 = CARTESIAN_POINT('',(5.007520180151,1.044054925529,14.43303327024
    ));
#2705 = CARTESIAN_POINT('',(4.96124774268,1.233901689495,14.491385586793
    ));
#2706 = CARTESIAN_POINT('',(4.820545885176,1.722926477242,14.67066080135
    ));
#2707 = CARTESIAN_POINT('',(4.715174047481,2.004079178278,
    14.806700006838));
#2708 = CARTESIAN_POINT('',(4.597504772722,2.262783777192,
    14.961628475597));
#2709 = CARTESIAN_POINT('',(4.472782027576,2.495817792581,
    15.130482768948));
#2710 = CARTESIAN_POINT('',(4.343038320473,2.709565069131,
    15.312417559598));
#2711 = CARTESIAN_POINT('',(4.2098443859,2.90467689893,15.508020508491)
  );
#2712 = CARTESIAN_POINT('',(3.924875753088,3.282331109883,
    15.957063680927));
#2713 = CARTESIAN_POINT('',(3.772865080467,3.46001830976,16.214398429809
    ));
#2714 = CARTESIAN_POINT('',(3.62401690581,3.615582708754,16.49561456727)
  );
#2715 = CARTESIAN_POINT('',(3.484388454261,3.748509720499,
    16.798730749181));
#2716 = CARTESIAN_POINT('',(3.357868958648,3.85469447116,17.147862941431
    ));
#2717 = CARTESIAN_POINT('',(3.296720164314,3.906650760149,
    17.524135980478));
#2718 = CARTESIAN_POINT('',(3.29670523733,3.906663493606,17.899894991173
    ));
#2719 = CARTESIAN_POINT('',(5.074814169524,-1.0778711E-10,
    14.411083429033));
#2720 = CARTESIAN_POINT('',(5.074814169529,0.207201336204,
    14.411083429028));
#2721 = CARTESIAN_POINT('',(5.064711924531,0.414152545919,
    14.424104953958));
#2722 = CARTESIAN_POINT('',(5.04462132119,0.617827292832,14.449992540948
    ));
#2723 = CARTESIAN_POINT('',(5.015249481155,0.816050694233,
    14.487959319855));
#2724 = CARTESIAN_POINT('',(4.977731273882,1.007233070502,
    14.536752046554));
#2725 = CARTESIAN_POINT('',(4.933463909392,1.190104034244,
    14.594816035586));
#2726 = CARTESIAN_POINT('',(4.798879664942,1.661187974132,
    14.773213235209));
#2727 = CARTESIAN_POINT('',(4.698211809469,1.931595483822,
    14.908453583047));
#2728 = CARTESIAN_POINT('',(4.585877231341,2.180285177141,
    15.062429589953));
#2729 = CARTESIAN_POINT('',(4.467348043807,2.403222647607,
    15.229563644071));
#2730 = CARTESIAN_POINT('',(4.344348953356,2.607457525274,
    15.409270003296));
#2731 = CARTESIAN_POINT('',(4.218702256704,2.793081154564,
    15.601580832792));
#2732 = CARTESIAN_POINT('',(3.950816797625,3.151572835855,
    16.041127395244));
#2733 = CARTESIAN_POINT('',(3.808519789965,3.319528551294,
    16.291999029935));
#2734 = CARTESIAN_POINT('',(3.669955992828,3.465827509519,
    16.564386470497));
#2735 = CARTESIAN_POINT('',(3.541162308067,3.589765191468,
    16.855818695137));
#2736 = CARTESIAN_POINT('',(3.42522074849,3.688519413604,17.187616579442
    ));
#2737 = CARTESIAN_POINT('',(3.369046893511,3.73692557934,17.543816042733
    ));
#2738 = CARTESIAN_POINT('',(3.369034782744,3.73693591353,17.899917280933
    ));
#2739 = CARTESIAN_POINT('',(5.009583715059,-1.5715296E-10,
    14.500767805281));
#2740 = CARTESIAN_POINT('',(5.009583715067,0.199260408534,
    14.500767805272));
#2741 = CARTESIAN_POINT('',(4.999677592517,0.398426503607,
    14.513664757092));
#2742 = CARTESIAN_POINT('',(4.979964797266,0.59436968967,14.539320890951
    ));
#2743 = CARTESIAN_POINT('',(4.951150804224,0.784916526798,14.57694130717
    ));
#2744 = CARTESIAN_POINT('',(4.914367981811,0.968538329108,
    14.625259194516));
#2745 = CARTESIAN_POINT('',(4.870996674596,1.144041757149,
    14.682720776029));
#2746 = CARTESIAN_POINT('',(4.73913060844,1.595873097607,14.859273183226
    ));
#2747 = CARTESIAN_POINT('',(4.64060241835,1.854551033744,14.99297081289)
  );
#2748 = CARTESIAN_POINT('',(4.530622229662,2.092223234745,
    15.145236454832));
#2749 = CARTESIAN_POINT('',(4.414928732576,2.304048954315,
    15.310017112965));
#2750 = CARTESIAN_POINT('',(4.294948291853,2.497731613459,
    15.487048602231));
#2751 = CARTESIAN_POINT('',(4.172705436887,2.672793202745,
    15.675968750782));
#2752 = CARTESIAN_POINT('',(3.912602997863,3.009327312355,
    16.106493892478));
#2753 = CARTESIAN_POINT('',(3.774776987181,3.165870512997,
    16.351512063577));
#2754 = CARTESIAN_POINT('',(3.640936884257,3.301165637959,
    16.616573469191));
#2755 = CARTESIAN_POINT('',(3.517191502951,3.414398583487,
    16.898700501582));
#2756 = CARTESIAN_POINT('',(3.406268977247,3.503766112702,
    17.217601754188));
#2757 = CARTESIAN_POINT('',(3.352488480538,3.547614917465,
    17.558758574224));
#2758 = CARTESIAN_POINT('',(3.352478125125,3.547622687812,
    17.899934996909));
#2759 = CARTESIAN_POINT('',(4.919899338811,-2.452456E-10,14.565998259747
    ));
#2760 = CARTESIAN_POINT('',(4.919899338823,0.191841035348,
    14.565998259732));
#2761 = CARTESIAN_POINT('',(4.909968814275,0.3837115587,14.578635918376)
  );
#2762 = CARTESIAN_POINT('',(4.89020087196,0.572416195488,14.60378592717)
  );
#2763 = CARTESIAN_POINT('',(4.861305035866,0.755810514991,
    14.640661043974));
#2764 = CARTESIAN_POINT('',(4.824418204853,0.932445772642,
    14.688009126862));
#2765 = CARTESIAN_POINT('',(4.780915684369,1.101213978031,
    14.744310076239));
#2766 = CARTESIAN_POINT('',(4.648584097579,1.535436881431,14.91732269695
    ));
#2767 = CARTESIAN_POINT('',(4.54974616847,1.783487251403,15.048222016274
    ));
#2768 = CARTESIAN_POINT('',(4.439231439185,2.011424375029,15.19745937157
    ));
#2769 = CARTESIAN_POINT('',(4.323008084339,2.21372086486,15.358755492502
    ));
#2770 = CARTESIAN_POINT('',(4.20223097116,2.398636880313,15.532216721694
    ));
#2771 = CARTESIAN_POINT('',(4.07901718856,2.565223558517,15.71734290254)
  );
#2772 = CARTESIAN_POINT('',(3.81653240904,2.884417970711,16.139239253439
    ));
#2773 = CARTESIAN_POINT('',(3.677253962887,3.032206422279,
    16.379297675767));
#2774 = CARTESIAN_POINT('',(3.541662945869,3.159400968763,
    16.639383939348));
#2775 = CARTESIAN_POINT('',(3.416035369123,3.265088951244,
    16.915990231477));
#2776 = CARTESIAN_POINT('',(3.303079784793,3.347987064285,
    17.229504716756));
#2777 = CARTESIAN_POINT('',(3.248401694731,3.388620961222,
    17.564807884778));
#2778 = CARTESIAN_POINT('',(3.248391532076,3.388627084929,17.89994324807
    ));
#2779 = CARTESIAN_POINT('',(4.815750623039,-3.6208325E-10,14.6));
#2780 = CARTESIAN_POINT('',(4.815750623058,0.185740054727,
    14.599999999979));
#2781 = CARTESIAN_POINT('',(4.805650366746,0.371588852035,
    14.612226392383));
#2782 = CARTESIAN_POINT('',(4.785544934286,0.554349697428,
    14.636560000635));
#2783 = CARTESIAN_POINT('',(4.75614916828,0.731952717295,14.672241854757
    ));
#2784 = CARTESIAN_POINT('',(4.718604588468,0.90305621379,14.718070309151
    ));
#2785 = CARTESIAN_POINT('',(4.674285969607,1.066646461387,14.77259855396
    ));
#2786 = CARTESIAN_POINT('',(4.539377249219,1.487548667752,
    14.940246139264));
#2787 = CARTESIAN_POINT('',(4.438600157035,1.727915396081,
    15.067043985284));
#2788 = CARTESIAN_POINT('',(4.325630959474,1.949387920355,
    15.211919123614));
#2789 = CARTESIAN_POINT('',(4.206576711361,2.145955960025,
    15.368686862983));
#2790 = CARTESIAN_POINT('',(4.082383475573,2.326251014078,
    15.537842020394));
#2791 = CARTESIAN_POINT('',(3.955154670944,2.48901809498,15.719035524019
    ));
#2792 = CARTESIAN_POINT('',(3.683252774107,2.801359799417,
    16.133526264799));
#2793 = CARTESIAN_POINT('',(3.538433550879,2.946407804989,
    16.370139819933));
#2794 = CARTESIAN_POINT('',(3.396622033689,3.071897184532,
    16.628333559733));
#2795 = CARTESIAN_POINT('',(3.264272232335,3.176762653603,
    16.904194050423));
#2796 = CARTESIAN_POINT('',(3.144420427457,3.25955118501,17.220859107471
    ));
#2797 = CARTESIAN_POINT('',(3.086587328379,3.299993902546,
    17.560698323945));
#2798 = CARTESIAN_POINT('',(3.086576035935,3.299999999483,17.89994021918
    ));
#2799 = CARTESIAN_POINT('',(4.708815909778,-9.9E-16,14.6));
#2800 = CARTESIAN_POINT('',(4.708815909803,0.181578949834,
    14.599999999973));
#2801 = CARTESIAN_POINT('',(4.698504676795,0.363286594874,
    14.611692435674));
#2802 = CARTESIAN_POINT('',(4.677987992569,0.542012066388,
    14.634955990779));
#2803 = CARTESIAN_POINT('',(4.64798309705,0.715817765708,14.669083461479
    ));
#2804 = CARTESIAN_POINT('',(4.609629124572,0.883500192627,
    14.712964088345));
#2805 = CARTESIAN_POINT('',(4.564296439425,1.04414662242,14.765267070107
    ));
#2806 = CARTESIAN_POINT('',(4.426253198224,1.457851213742,
    14.926247751911));
#2807 = CARTESIAN_POINT('',(4.32313869622,1.694671016033,15.048074709593
    ));
#2808 = CARTESIAN_POINT('',(4.207275869341,1.914163949179,
    15.187784565308));
#2809 = CARTESIAN_POINT('',(4.084778088869,2.110086222063,
    15.339635595336));
#2810 = CARTESIAN_POINT('',(3.956480603918,2.291168184461,
    15.504485527047));
#2811 = CARTESIAN_POINT('',(3.824388958623,2.456036231265,
    15.682416515644));
#2812 = CARTESIAN_POINT('',(3.541433511252,2.774439307909,
    16.092285504742));
#2813 = CARTESIAN_POINT('',(3.390322154359,2.923877439225,
    16.327604149085));
#2814 = CARTESIAN_POINT('',(3.241492356156,3.055053194798,
    16.587391434617));
#2815 = CARTESIAN_POINT('',(3.101577261372,3.166617792446,16.86718665196
    ));
#2816 = CARTESIAN_POINT('',(2.973855792293,3.25641821878,17.194819924366
    ));
#2817 = CARTESIAN_POINT('',(2.912562978653,3.299992263344,
    17.548154516626));
#2818 = CARTESIAN_POINT('',(2.912549960517,3.3,17.9));
#2819 = ADVANCED_FACE('',(#2820),#2870,.T.);
#2820 = FACE_BOUND('',#2821,.T.);
#2821 = EDGE_LOOP('',(#2822,#2834,#2859,#2869));
#2822 = ORIENTED_EDGE('',*,*,#2823,.T.);
#2823 = EDGE_CURVE('',#505,#2824,#2826,.T.);
#2824 = VERTEX_POINT('',#2825);
#2825 = CARTESIAN_POINT('',(-4.708815909778,2.E-15,22.2));
#2826 = ( BOUNDED_CURVE() B_SPLINE_CURVE(6,(#2827,#2828,#2829,#2830,
#2831,#2832,#2833),.UNSPECIFIED.,.F.,.F.) B_SPLINE_CURVE_WITH_KNOTS((7,7
),(0.,5.353500553427),.PIECEWISE_BEZIER_KNOTS.) CURVE() 
GEOMETRIC_REPRESENTATION_ITEM() RATIONAL_B_SPLINE_CURVE((1.031393471788,
    1.010025407661,0.997924642725,0.993958444137,0.997924642725,
1.010025407661,1.031393471788)) REPRESENTATION_ITEM('') );
#2827 = CARTESIAN_POINT('',(-5.108815909778,1.13E-15,21.8));
#2828 = CARTESIAN_POINT('',(-5.108815909778,6.46E-15,21.906934713261));
#2829 = CARTESIAN_POINT('',(-5.074814169524,4.24E-15,22.011083429033));
#2830 = CARTESIAN_POINT('',(-5.009583715059,2.89E-15,22.100767805281));
#2831 = CARTESIAN_POINT('',(-4.919899338811,1.54E-15,22.165998259747));
#2832 = CARTESIAN_POINT('',(-4.815750623039,1.96E-15,22.2));
#2833 = CARTESIAN_POINT('',(-4.708815909778,1.81E-15,22.2));
#2834 = ORIENTED_EDGE('',*,*,#2835,.T.);
#2835 = EDGE_CURVE('',#2824,#2836,#2838,.T.);
#2836 = VERTEX_POINT('',#2837);
#2837 = CARTESIAN_POINT('',(-2.912549960518,3.3,25.5));
#2838 = ( BOUNDED_CURVE() B_SPLINE_CURVE(7,(#2839,#2840,#2841,#2842,
    #2843,#2844,#2845,#2846,#2847,#2848,#2849,#2850,#2851,#2852,#2853,
    #2854,#2855,#2856,#2857,#2858),.UNSPECIFIED.,.F.,.F.) 
B_SPLINE_CURVE_WITH_KNOTS((8,6,6,8),(-3.2E-16,1.148992572577,
3.122148032049,5.353500553427),.UNSPECIFIED.) CURVE() 
GEOMETRIC_REPRESENTATION_ITEM() RATIONAL_B_SPLINE_CURVE((1.031393471788,
    1.031393471788,1.031623618933,1.032078076951,1.032745180968,
    1.033605852418,1.034633674649,1.037800872141,1.040212073572,
    1.04296991439,1.045984069818,1.049230523473,1.052705528109,
    1.060479091224,1.064831343869,1.06930180092,1.073771676665,
1.077985301682,1.080015925975,1.080016620298)) REPRESENTATION_ITEM('') 
  );
#2839 = CARTESIAN_POINT('',(-4.708815909778,1.81E-15,22.2));
#2840 = CARTESIAN_POINT('',(-4.708815909778,0.18235878206,22.2));
#2841 = CARTESIAN_POINT('',(-4.698437232268,0.363873647443,
    22.211768652918));
#2842 = CARTESIAN_POINT('',(-4.677957959281,0.541465192571,
    22.234991898231));
#2843 = CARTESIAN_POINT('',(-4.648008442402,0.715969563276,
    22.26905091425));
#2844 = CARTESIAN_POINT('',(-4.609628869135,0.883545471151,
    22.312965055044));
#2845 = CARTESIAN_POINT('',(-4.564296439423,1.044146622426,
    22.365267070109));
#2846 = CARTESIAN_POINT('',(-4.426253194924,1.45785122363,
    22.526247755759));
#2847 = CARTESIAN_POINT('',(-4.323138691279,1.694671028814,
    22.648074714768));
#2848 = CARTESIAN_POINT('',(-4.207275846583,1.914163992862,
    22.787784594362));
#2849 = CARTESIAN_POINT('',(-4.084778077091,2.110086234908,
    22.939635608939));
#2850 = CARTESIAN_POINT('',(-3.956480589783,2.29116820417,
    23.104485546332));
#2851 = CARTESIAN_POINT('',(-3.824388950328,2.456036240898,
    23.282416528199));
#2852 = CARTESIAN_POINT('',(-3.541433524968,2.774439290769,
    23.692285482503));
#2853 = CARTESIAN_POINT('',(-3.390322179089,2.923877402899,
    23.927604115371));
#2854 = CARTESIAN_POINT('',(-3.241492402204,3.055053198285,
    24.187391326963));
#2855 = CARTESIAN_POINT('',(-3.101577172747,3.166617825625,
    24.467186836767));
#2856 = CARTESIAN_POINT('',(-2.973855839671,3.256418192909,
    24.79481984396));
#2857 = CARTESIAN_POINT('',(-2.912562981176,3.299992261971,
    25.14815446269));
#2858 = CARTESIAN_POINT('',(-2.912549960518,3.3,25.5));
#2859 = ORIENTED_EDGE('',*,*,#2860,.F.);
#2860 = EDGE_CURVE('',#507,#2836,#2861,.T.);
#2861 = ( BOUNDED_CURVE() B_SPLINE_CURVE(6,(#2862,#2863,#2864,#2865,
#2866,#2867,#2868),.UNSPECIFIED.,.F.,.F.) B_SPLINE_CURVE_WITH_KNOTS((7,7
),(0.,5.353500553427),.PIECEWISE_BEZIER_KNOTS.) CURVE() 
GEOMETRIC_REPRESENTATION_ITEM() RATIONAL_B_SPLINE_CURVE((1.080016620298,
    1.023814727394,0.994937361155,0.985303459801,0.994937361155,
1.023814727394,1.080016620298)) REPRESENTATION_ITEM('') );
#2862 = CARTESIAN_POINT('',(-3.159962477878,4.014304066511,25.5));
#2863 = CARTESIAN_POINT('',(-3.296705237332,3.906663493604,
    25.499894967566));
#2864 = CARTESIAN_POINT('',(-3.369034782745,3.736935913529,
    25.499917262674));
#2865 = CARTESIAN_POINT('',(-3.352478125126,3.547622687812,
    25.499934983348));
#2866 = CARTESIAN_POINT('',(-3.248391532076,3.388627084929,
    25.499943237279));
#2867 = CARTESIAN_POINT('',(-3.086576035935,3.299999999483,
    25.499940208582));
#2868 = CARTESIAN_POINT('',(-2.912549960518,3.3,25.5));
#2869 = ORIENTED_EDGE('',*,*,#504,.F.);
#2870 = ( BOUNDED_SURFACE() B_SPLINE_SURFACE(6,7,(
    (#2871,#2872,#2873,#2874,#2875,#2876,#2877,#2878,#2879,#2880,#2881
      ,#2882,#2883,#2884,#2885,#2886,#2887,#2888,#2889,#2890)
    ,(#2891,#2892,#2893,#2894,#2895,#2896,#2897,#2898,#2899,#2900,#2901
      ,#2902,#2903,#2904,#2905,#2906,#2907,#2908,#2909,#2910)
    ,(#2911,#2912,#2913,#2914,#2915,#2916,#2917,#2918,#2919,#2920,#2921
      ,#2922,#2923,#2924,#2925,#2926,#2927,#2928,#2929,#2930)
    ,(#2931,#2932,#2933,#2934,#2935,#2936,#2937,#2938,#2939,#2940,#2941
      ,#2942,#2943,#2944,#2945,#2946,#2947,#2948,#2949,#2950)
    ,(#2951,#2952,#2953,#2954,#2955,#2956,#2957,#2958,#2959,#2960,#2961
      ,#2962,#2963,#2964,#2965,#2966,#2967,#2968,#2969,#2970)
    ,(#2971,#2972,#2973,#2974,#2975,#2976,#2977,#2978,#2979,#2980,#2981
      ,#2982,#2983,#2984,#2985,#2986,#2987,#2988,#2989,#2990)
    ,(#2991,#2992,#2993,#2994,#2995,#2996,#2997,#2998,#2999,#3000,#3001
      ,#3002,#3003,#3004,#3005,#3006,#3007,#3008,#3009,#3010
)),.UNSPECIFIED.,.F.,.F.,.F.) B_SPLINE_SURFACE_WITH_KNOTS((7,7),(8,6,6,8
    ),(0.,5.353500553427),(-3.2E-16,1.148992572577,3.122148032049,
5.353500553427),.UNSPECIFIED.) GEOMETRIC_REPRESENTATION_ITEM() 
RATIONAL_B_SPLINE_SURFACE((
    (1.031393471788,1.031393471788,1.031623618933,1.032078076951
      ,1.032745180968,1.033605852418,1.034633674649,1.037800872141
      ,1.040212073572,1.04296991439,1.045984069818,1.049230523473
      ,1.052705528109,1.060479091224,1.064831343869,1.06930180092
      ,1.073771676665,1.077985301682,1.080015925975,1.080016620298)
    ,(1.010025407661,1.010025407661,1.010095679646,1.010234440257
      ,1.010437834527,1.010699469192,1.01101066698,1.011965245127
      ,1.012687789781,1.01350755677,1.014394036121,1.015338220304
      ,1.016335573354,1.018535583618,1.019749584555,1.020975273703
      ,1.02218198207,1.02328236315,1.02381454557,1.023814727394)
    ,(0.997924642725,0.997924642725,0.997909679722,0.997880133308
      ,0.997836795445,0.997780971168,0.997714457127,0.997510058573
      ,0.997354987827,0.99717851325,0.996987012495,0.996782435352
      ,0.996565778563,0.996087069627,0.995822429816,0.995555111192
      ,0.995291642722,0.995052923934,0.994937400621,0.994937361155)
    ,(0.993958444137,0.993958444137,0.993915710737,0.993831328189
      ,0.99370758802,0.993548276492,0.993358546656,0.99277567785
      ,0.992333637033,0.991830704625,0.991284652604,0.990700362442
      ,0.990079435333,0.988700136266,0.987933470156,0.987151988898
      ,0.986376179009,0.985652666041,0.98530357913,0.985303459801)
    ,(0.997924642725,0.997924642725,0.997909679722,0.997880133308
      ,0.997836795445,0.997780971168,0.997714457127,0.997510058573
      ,0.997354987827,0.99717851325,0.996987012495,0.996782435352
      ,0.996565778563,0.996087069627,0.995822429816,0.995555111192
      ,0.995291642722,0.995052923934,0.994937400621,0.994937361155)
    ,(1.010025407661,1.010025407661,1.010095679646,1.010234440257
      ,1.010437834527,1.010699469192,1.01101066698,1.011965245127
      ,1.012687789781,1.01350755677,1.014394036121,1.015338220304
      ,1.016335573354,1.018535583618,1.019749584555,1.020975273703
      ,1.02218198207,1.02328236315,1.02381454557,1.023814727394)
    ,(1.031393471788,1.031393471788,1.031623618933,1.032078076951
      ,1.032745180968,1.033605852418,1.034633674649,1.037800872141
      ,1.040212073572,1.04296991439,1.045984069818,1.049230523473
      ,1.052705528109,1.060479091224,1.064831343869,1.06930180092
      ,1.073771676665,1.077985301682,1.080015925975,1.080016620298
))) REPRESENTATION_ITEM('') SURFACE() );
#2871 = CARTESIAN_POINT('',(-5.108815909778,1.13E-15,21.8));
#2872 = CARTESIAN_POINT('',(-5.108815909778,0.221832122614,21.8));
#2873 = CARTESIAN_POINT('',(-5.097567153368,0.442634054538,
    21.813184592345));
#2874 = CARTESIAN_POINT('',(-5.075368282459,0.658671103471,
    21.839203813239));
#2875 = CARTESIAN_POINT('',(-5.042912882052,0.870868341988,
    21.877356758813));
#2876 = CARTESIAN_POINT('',(-5.001341052319,1.074737457219,
    21.926515472961));
#2877 = CARTESIAN_POINT('',(-4.952147068998,1.270302074631,
    21.985194486919));
#2878 = CARTESIAN_POINT('',(-4.802640301987,1.773232044431,
    22.165390938485));
#2879 = CARTESIAN_POINT('',(-4.690647477779,2.062222815551,
    22.302196624053));
#2880 = CARTESIAN_POINT('',(-4.565504318086,2.327869996031,
    22.45810358918));
#2881 = CARTESIAN_POINT('',(-4.432328240543,2.567679328104,
    22.62878699527));
#2882 = CARTESIAN_POINT('',(-4.293459499191,2.787440025198,
    22.813207008582));
#2883 = CARTESIAN_POINT('',(-4.150238367185,2.988275935415,
    23.012566779002));
#2884 = CARTESIAN_POINT('',(-3.843326131819,3.375979078624,
    23.471970048151));
#2885 = CARTESIAN_POINT('',(-3.679295032822,3.558015061692,
    23.735994780963));
#2886 = CARTESIAN_POINT('',(-3.517960135958,3.717271203233,
    24.026493983301));
#2887 = CARTESIAN_POINT('',(-3.365532789623,3.853480856482,
    24.34153425638));
#2888 = CARTESIAN_POINT('',(-3.226731000893,3.961581617928,
    24.708771007033));
#2889 = CARTESIAN_POINT('',(-3.159980306832,4.014290031992,
    25.105104777275));
#2890 = CARTESIAN_POINT('',(-3.159962477878,4.014304066511,25.5));
#2891 = CARTESIAN_POINT('',(-5.108815909778,6.46E-15,21.906934713261));
#2892 = CARTESIAN_POINT('',(-5.108815909778,0.215420833621,
    21.906934713261));
#2893 = CARTESIAN_POINT('',(-5.098215665416,0.429907559986,
    21.920073931223));
#2894 = CARTESIAN_POINT('',(-5.077287531771,0.63979842568,
    21.946015002173));
#2895 = CARTESIAN_POINT('',(-5.046691772667,0.845968533912,
    21.984049262798));
#2896 = CARTESIAN_POINT('',(-5.007527250342,1.044001565216,
    22.03302231068));
#2897 = CARTESIAN_POINT('',(-4.961247742678,1.2339016895,22.091385586795
    ));
#2898 = CARTESIAN_POINT('',(-4.820545881805,1.722926488958,
    22.270660805645));
#2899 = CARTESIAN_POINT('',(-4.71517404065,2.00407919738,22.406700015702
    ));
#2900 = CARTESIAN_POINT('',(-4.597504754776,2.262783817379,
    22.561628498819));
#2901 = CARTESIAN_POINT('',(-4.472782010325,2.495817818991,
    22.730482793341));
#2902 = CARTESIAN_POINT('',(-4.343038308842,2.709565086986,
    22.912417576451));
#2903 = CARTESIAN_POINT('',(-4.209844378301,2.904676909182,
    23.108020520281));
#2904 = CARTESIAN_POINT('',(-3.924875762373,3.282331097439,
    23.557063666623));
#2905 = CARTESIAN_POINT('',(-3.772865088924,3.46001829248,
    23.814398464279));
#2906 = CARTESIAN_POINT('',(-3.624017009344,3.615582621248,
    24.095614228319));
#2907 = CARTESIAN_POINT('',(-3.484388306233,3.7485098538,24.398731160364
    ));
#2908 = CARTESIAN_POINT('',(-3.357869024566,3.854694411562,
    24.747862828686));
#2909 = CARTESIAN_POINT('',(-3.296720167583,3.906650757362,
    25.124135892368));
#2910 = CARTESIAN_POINT('',(-3.296705237332,3.906663493604,
    25.499894967566));
#2911 = CARTESIAN_POINT('',(-5.074814169524,4.24E-15,22.011083429033));
#2912 = CARTESIAN_POINT('',(-5.074814169524,0.207859754045,
    22.011083429033));
#2913 = CARTESIAN_POINT('',(-5.064652946558,0.414853717834,
    22.024178767113));
#2914 = CARTESIAN_POINT('',(-5.04458701963,0.617394278312,
    22.050039368643));
#2915 = CARTESIAN_POINT('',(-5.015256746979,0.816288395053,
    22.087950978136));
#2916 = CARTESIAN_POINT('',(-4.977735770448,1.007201503534,
    22.136744530544));
#2917 = CARTESIAN_POINT('',(-4.933463909391,1.19010403425,
    22.194816035588));
#2918 = CARTESIAN_POINT('',(-4.798879661715,1.66118798543,
    22.373213239487));
#2919 = CARTESIAN_POINT('',(-4.698211803448,1.931595501335,
    22.508453591038));
#2920 = CARTESIAN_POINT('',(-4.585877212618,2.180285218507,
    22.662429615594));
#2921 = CARTESIAN_POINT('',(-4.467348029068,2.403222670138,
    22.829563665553));
#2922 = CARTESIAN_POINT('',(-4.344348941609,2.607457543551,
    23.009270021044));
#2923 = CARTESIAN_POINT('',(-4.218702249273,2.79308116461,
    23.201580844982));
#2924 = CARTESIAN_POINT('',(-3.950816808034,3.151572821904,
    23.641127377935));
#2925 = CARTESIAN_POINT('',(-3.808519806835,3.319528526102,
    23.891999032421));
#2926 = CARTESIAN_POINT('',(-3.669956060973,3.465827456008,
    24.164386233224));
#2927 = CARTESIAN_POINT('',(-3.541162198493,3.589765288212,
    24.455819010388));
#2928 = CARTESIAN_POINT('',(-3.425220801607,3.688519365906,
    24.78761647546));
#2929 = CARTESIAN_POINT('',(-3.369046896127,3.736925577106,
    25.143815971957));
#2930 = CARTESIAN_POINT('',(-3.369034782745,3.736935913529,
    25.499917262674));
#2931 = CARTESIAN_POINT('',(-5.009583715059,2.89E-15,22.100767805281));
#2932 = CARTESIAN_POINT('',(-5.009583715059,0.19995645513,
    22.100767805281));
#2933 = CARTESIAN_POINT('',(-4.999616773355,0.399091780458,
    22.113741818068));
#2934 = CARTESIAN_POINT('',(-4.979933335978,0.593901334182,
    22.139364686363));
#2935 = CARTESIAN_POINT('',(-4.951164316311,0.785127943269,
    22.176924109198));
#2936 = CARTESIAN_POINT('',(-4.914370203855,0.968530048023,
    22.225255001014));
#2937 = CARTESIAN_POINT('',(-4.870996674594,1.144041757155,
    22.282720776031));
#2938 = CARTESIAN_POINT('',(-4.739130605276,1.595873108447,
    22.459273187462));
#2939 = CARTESIAN_POINT('',(-4.640602412961,1.854551049576,
    22.592970819983));
#2940 = CARTESIAN_POINT('',(-4.530622209787,2.092223277118,
    22.745236482647));
#2941 = CARTESIAN_POINT('',(-4.414928719793,2.304048972825,
    22.910017131576));
#2942 = CARTESIAN_POINT('',(-4.29494827965,2.497731632081,
    23.087048620833));
#2943 = CARTESIAN_POINT('',(-4.172705429403,2.672793212522,
    23.275968763341));
#2944 = CARTESIAN_POINT('',(-3.912603009547,3.009327297011,
    23.706493872386));
#2945 = CARTESIAN_POINT('',(-3.774777011148,3.165870480078,
    23.951512037883));
#2946 = CARTESIAN_POINT('',(-3.640936925119,3.301165620048,
    24.216573322816));
#2947 = CARTESIAN_POINT('',(-3.5171914224,3.414398641004,24.49870073002)
  );
#2948 = CARTESIAN_POINT('',(-3.406269020974,3.503766078234,
    24.817601659319));
#2949 = CARTESIAN_POINT('',(-3.352488482698,3.547614915851,
    25.158758518579));
#2950 = CARTESIAN_POINT('',(-3.352478125126,3.547622687812,
    25.499934983348));
#2951 = CARTESIAN_POINT('',(-4.919899338811,1.54E-15,22.165998259747));
#2952 = CARTESIAN_POINT('',(-4.919899338811,0.192572239371,
    22.165998259747));
#2953 = CARTESIAN_POINT('',(-4.909905487365,0.384343546061,
    22.178714764256));
#2954 = CARTESIAN_POINT('',(-4.890170974699,0.5719148052,22.203826724685
    ));
#2955 = CARTESIAN_POINT('',(-4.861324101921,0.755997084628,
    22.240636241962));
#2956 = CARTESIAN_POINT('',(-4.824418768164,0.932459573476,
    22.288007705275));
#2957 = CARTESIAN_POINT('',(-4.780915684368,1.101213978037,
    22.344310076241));
#2958 = CARTESIAN_POINT('',(-4.648584094405,1.535436891845,
    22.517322701099));
#2959 = CARTESIAN_POINT('',(-4.549746163467,1.783487265743,
    22.64822202254));
#2960 = CARTESIAN_POINT('',(-4.439231418037,2.011424418152,
    22.797459400839));
#2961 = CARTESIAN_POINT('',(-4.323008072695,2.213720880016,
    22.958755508631));
#2962 = CARTESIAN_POINT('',(-4.202230958264,2.398636899262,
    23.132216740896));
#2963 = CARTESIAN_POINT('',(-4.079017180837,2.565223568076,
    23.31734291531));
#2964 = CARTESIAN_POINT('',(-3.816532421879,2.884417954289,
    23.739239231388));
#2965 = CARTESIAN_POINT('',(-3.677253990822,3.032206384114,
    23.979297632642));
#2966 = CARTESIAN_POINT('',(-3.541662974205,3.159400976631,
    24.239383851517));
#2967 = CARTESIAN_POINT('',(-3.416035300969,3.26508898001,
    24.515990402757));
#2968 = CARTESIAN_POINT('',(-3.303079824906,3.347987039697,
    24.829504629803));
#2969 = CARTESIAN_POINT('',(-3.248401696759,3.38862096005,
    25.164807837945));
#2970 = CARTESIAN_POINT('',(-3.248391532076,3.388627084929,
    25.499943237279));
#2971 = CARTESIAN_POINT('',(-4.815750623039,1.96E-15,22.2));
#2972 = CARTESIAN_POINT('',(-4.815750623039,0.186500168951,22.2));
#2973 = CARTESIAN_POINT('',(-4.805584571151,0.372193821777,
    22.212305023879));
#2974 = CARTESIAN_POINT('',(-4.7855154263,0.553821179991,22.236598043797
    ));
#2975 = CARTESIAN_POINT('',(-4.756172361534,0.732118704492,
    22.272211705533));
#2976 = CARTESIAN_POINT('',(-4.718604297846,0.903088481766,
    22.318070715068));
#2977 = CARTESIAN_POINT('',(-4.674285969605,1.066646461393,
    22.372598553962));
#2978 = CARTESIAN_POINT('',(-4.539377245988,1.487548677834,
    22.540246143279));
#2979 = CARTESIAN_POINT('',(-4.438600152165,1.727915409356,
    22.667043990884));
#2980 = CARTESIAN_POINT('',(-4.32563093726,1.949387963925,
    22.811919153322));
#2981 = CARTESIAN_POINT('',(-4.206576700001,2.145955973163,
    22.968686877352));
#2982 = CARTESIAN_POINT('',(-4.082383461955,2.326251033386,
    23.137842039827));
#2983 = CARTESIAN_POINT('',(-3.955154662906,2.489018104474,
    23.319035536779));
#2984 = CARTESIAN_POINT('',(-3.683252787698,2.801359782371,
    23.733526241998));
#2985 = CARTESIAN_POINT('',(-3.538433578983,2.946407765552,
    23.970139773988));
#2986 = CARTESIAN_POINT('',(-3.396622064991,3.071897200318,
    24.228333485471));
#2987 = CARTESIAN_POINT('',(-3.264272159769,3.176762673436,
    24.504194206535));
#2988 = CARTESIAN_POINT('',(-3.144420469515,3.259551163564,
    24.820859025684));
#2989 = CARTESIAN_POINT('',(-3.086587330573,3.299993901464,
    25.160698277541));
#2990 = CARTESIAN_POINT('',(-3.086576035935,3.299999999483,
    25.499940208582));
#2991 = CARTESIAN_POINT('',(-4.708815909778,1.81E-15,22.2));
#2992 = CARTESIAN_POINT('',(-4.708815909778,0.18235878206,22.2));
#2993 = CARTESIAN_POINT('',(-4.698437232268,0.363873647443,
    22.211768652918));
#2994 = CARTESIAN_POINT('',(-4.677957959281,0.541465192571,
    22.234991898231));
#2995 = CARTESIAN_POINT('',(-4.648008442402,0.715969563276,
    22.26905091425));
#2996 = CARTESIAN_POINT('',(-4.609628869135,0.883545471151,
    22.312965055044));
#2997 = CARTESIAN_POINT('',(-4.564296439423,1.044146622426,
    22.365267070109));
#2998 = CARTESIAN_POINT('',(-4.426253194924,1.45785122363,
    22.526247755759));
#2999 = CARTESIAN_POINT('',(-4.323138691279,1.694671028814,
    22.648074714768));
#3000 = CARTESIAN_POINT('',(-4.207275846583,1.914163992862,
    22.787784594362));
#3001 = CARTESIAN_POINT('',(-4.084778077091,2.110086234908,
    22.939635608939));
#3002 = CARTESIAN_POINT('',(-3.956480589783,2.29116820417,
    23.104485546332));
#3003 = CARTESIAN_POINT('',(-3.824388950328,2.456036240898,
    23.282416528199));
#3004 = CARTESIAN_POINT('',(-3.541433524968,2.774439290769,
    23.692285482503));
#3005 = CARTESIAN_POINT('',(-3.390322179089,2.923877402899,
    23.927604115371));
#3006 = CARTESIAN_POINT('',(-3.241492402204,3.055053198285,
    24.187391326963));
#3007 = CARTESIAN_POINT('',(-3.101577172747,3.166617825625,
    24.467186836767));
#3008 = CARTESIAN_POINT('',(-2.973855839671,3.256418192909,
    24.79481984396));
#3009 = CARTESIAN_POINT('',(-2.912562981176,3.299992261971,
    25.14815446269));
#3010 = CARTESIAN_POINT('',(-2.912549960518,3.3,25.5));
#3011 = ADVANCED_FACE('',(#3012),#3105,.T.);
#3012 = FACE_BOUND('',#3013,.T.);
#3013 = EDGE_LOOP('',(#3014,#3026,#3103,#3104));
#3014 = ORIENTED_EDGE('',*,*,#3015,.T.);
#3015 = EDGE_CURVE('',#532,#3016,#3018,.T.);
#3016 = VERTEX_POINT('',#3017);
#3017 = CARTESIAN_POINT('',(-4.708815909778,1.E-15,28.8));
#3018 = ( BOUNDED_CURVE() B_SPLINE_CURVE(6,(#3019,#3020,#3021,#3022,
#3023,#3024,#3025),.UNSPECIFIED.,.F.,.F.) B_SPLINE_CURVE_WITH_KNOTS((7,7
),(0.,5.353161749393),.PIECEWISE_BEZIER_KNOTS.) CURVE() 
GEOMETRIC_REPRESENTATION_ITEM() RATIONAL_B_SPLINE_CURVE((1.031393471788,
    1.010025407661,0.997924642725,0.993958444137,0.997924642725,
1.010025407661,1.031393471788)) REPRESENTATION_ITEM('') );
#3019 = CARTESIAN_POINT('',(-5.108815909778,1.13E-15,29.2));
#3020 = CARTESIAN_POINT('',(-5.108815909778,1.0204351E-10,
    29.093065286739));
#3021 = CARTESIAN_POINT('',(-5.074814169524,1.077909E-10,28.988916570967
    ));
#3022 = CARTESIAN_POINT('',(-5.009583715059,1.5715585E-10,
    28.899232194719));
#3023 = CARTESIAN_POINT('',(-4.919899338811,2.452498E-10,28.834001740253
    ));
#3024 = CARTESIAN_POINT('',(-4.815750623039,3.6208743E-10,28.8));
#3025 = CARTESIAN_POINT('',(-4.708815909778,1.15E-15,28.8));
#3026 = ORIENTED_EDGE('',*,*,#3027,.T.);
#3027 = EDGE_CURVE('',#3016,#2824,#3028,.T.);
#3028 = ( BOUNDED_CURVE() B_SPLINE_CURVE(13,(#3029,#3030,#3031,#3032,
    #3033,#3034,#3035,#3036,#3037,#3038,#3039,#3040,#3041,#3042,#3043,
    #3044,#3045,#3046,#3047,#3048,#3049,#3050,#3051,#3052,#3053,#3054,
    #3055,#3056,#3057,#3058,#3059,#3060,#3061,#3062,#3063,#3064,#3065,
    #3066,#3067,#3068,#3069,#3070,#3071,#3072,#3073,#3074,#3075,#3076,
    #3077,#3078,#3079,#3080,#3081,#3082,#3083,#3084,#3085,#3086,#3087,
    #3088,#3089,#3090,#3091,#3092,#3093,#3094,#3095,#3096,#3097,#3098,
    #3099,#3100,#3101,#3102),.UNSPECIFIED.,.F.,.F.) 
B_SPLINE_CURVE_WITH_KNOTS((14,12,12,12,12,12,14),(10.70666230282,
    11.855485236254,13.82834937564,16.059321359918,18.289791322762,
19.705224810793,21.413471035337),.UNSPECIFIED.) CURVE() 
GEOMETRIC_REPRESENTATION_ITEM() RATIONAL_B_SPLINE_CURVE((1.031393471788,
    1.031393471787,1.031455095302,1.031577987192,1.031761307166,
    1.032003766727,1.032303666231,1.032658931769,1.033067152283,
    1.033525616419,1.034031349629,1.034581151077,1.035171630671,
    1.036877044706,1.038065113658,1.039355750944,1.040739913884,
    1.042208747995,1.043754545698,1.04537120164,1.0470542302,
    1.048800412388,1.050607137529,1.052471506849,1.054389264697,
    1.058574978575,1.060857387255,1.063187565014,1.065551724456,
    1.067933511712,1.070306200227,1.072623041168,1.074809672541,
    1.076762484493,1.078356843579,1.079469073554,1.080016094657,
    1.080017145553,1.079469977842,1.078359141397,1.076766439396,
    1.074813994515,1.072626192213,1.070307745757,1.067934601716,
    1.065554405254,1.063193243819,1.060865388567,1.058582752237,
    1.054950743379,1.05356468014,1.052205074574,1.050873887519,
    1.049572685481,1.048302767614,1.047065291894,1.045861402387,
    1.044692355273,1.043559646061,1.042465135844,1.041411178205,
    1.039181283707,1.038022209062,1.036958227566,1.0358466715,
    1.035152435726,1.033949876634,1.033513859268,1.032659080394,
    1.032229730207,1.031795463723,1.031530982526,1.031393471787,
1.031393471788)) REPRESENTATION_ITEM('') );
#3029 = CARTESIAN_POINT('',(-4.708815909778,1.15E-15,28.8));
#3030 = CARTESIAN_POINT('',(-4.708815909791,-9.777328045187E-02,
    28.800000000015));
#3031 = CARTESIAN_POINT('',(-4.706039358423,-0.195591229407,
    28.796851526081));
#3032 = CARTESIAN_POINT('',(-4.700498530325,-0.293070149071,
    28.790568664172));
#3033 = CARTESIAN_POINT('',(-4.692236014886,-0.389883577082,
    28.781194609651));
#3034 = CARTESIAN_POINT('',(-4.681321619186,-0.48575534937,
    28.768798687373));
#3035 = CARTESIAN_POINT('',(-4.667849234869,-0.58045259434,
    28.753473334261));
#3036 = CARTESIAN_POINT('',(-4.651933676859,-0.673778665272,
    28.735331052602));
#3037 = CARTESIAN_POINT('',(-4.633707502206,-0.765566018835,
    28.714501342068));
#3038 = CARTESIAN_POINT('',(-4.613317817246,-0.855669049352,
    28.691127619166));
#3039 = CARTESIAN_POINT('',(-4.590923081186,-0.943956887435,
    28.665364131831));
#3040 = CARTESIAN_POINT('',(-4.566689913627,-1.03030617267,
    28.637372877171));
#3041 = CARTESIAN_POINT('',(-4.540789913059,-1.11459380838,
    28.607320529197));
#3042 = CARTESIAN_POINT('',(-4.466431371102,-1.337440431976,
    28.520606477295));
#3043 = CARTESIAN_POINT('',(-4.415155927073,-1.471628528618,
    28.460385094658));
#3044 = CARTESIAN_POINT('',(-4.359969671275,-1.600106487771,
    28.395000650788));
#3045 = CARTESIAN_POINT('',(-4.30141504277,-1.723076174851,
    28.32491193952));
#3046 = CARTESIAN_POINT('',(-4.240042024929,-1.840554153126,
    28.250581187055));
#3047 = CARTESIAN_POINT('',(-4.176333781839,-1.952615524356,
    28.172380712116));
#3048 = CARTESIAN_POINT('',(-4.110680185769,-2.059471395596,
    28.090555550203));
#3049 = CARTESIAN_POINT('',(-4.043386092232,-2.161434798954,
    28.005225389627));
#3050 = CARTESIAN_POINT('',(-3.974701297345,-2.258829378398,
    27.916409267772));
#3051 = CARTESIAN_POINT('',(-3.904859254769,-2.351894489868,
    27.824056647672));
#3052 = CARTESIAN_POINT('',(-3.834111813604,-2.440739592389,
    27.728068718498));
#3053 = CARTESIAN_POINT('',(-3.762747452861,-2.525399960526,
    27.628294015427));
#3054 = CARTESIAN_POINT('',(-3.610358372416,-2.696879789617,
    27.407554112773));
#3055 = CARTESIAN_POINT('',(-3.529257159615,-2.782573345939,
    27.285636960325));
#3056 = CARTESIAN_POINT('',(-3.448243038871,-2.863210115365,
    27.158014017798));
#3057 = CARTESIAN_POINT('',(-3.367922549883,-2.938775742587,
    27.024481035087));
#3058 = CARTESIAN_POINT('',(-3.288939701143,-3.009177027077,
    26.884642916571));
#3059 = CARTESIAN_POINT('',(-3.212124321458,-3.07416752497,
    26.737734180575));
#3060 = CARTESIAN_POINT('',(-3.138752547422,-3.133237634677,
    26.582800794621));
#3061 = CARTESIAN_POINT('',(-3.070785630014,-3.185524466172,
    26.419086449352));
#3062 = CARTESIAN_POINT('',(-3.010959125075,-3.2297935242,
    26.246473878899));
#3063 = CARTESIAN_POINT('',(-2.962599675614,-3.264541887983,
    26.065841549179));
#3064 = CARTESIAN_POINT('',(-2.929048136344,-3.288272437255,
    25.879207348847));
#3065 = CARTESIAN_POINT('',(-2.912561539655,-3.299992594405,
    25.689540815505));
#3066 = CARTESIAN_POINT('',(-2.912538392649,-3.300007398881,
    25.310759948855));
#3067 = CARTESIAN_POINT('',(-2.9290219812,-3.288285254319,
    25.121095624652));
#3068 = CARTESIAN_POINT('',(-2.962514680655,-3.264604519546,
    24.934539007652));
#3069 = CARTESIAN_POINT('',(-3.01081022353,-3.229913479711,
    24.753969353513));
#3070 = CARTESIAN_POINT('',(-3.070622498609,-3.185659999044,
    24.581318961821));
#3071 = CARTESIAN_POINT('',(-3.138632500006,-3.1333384707,24.41746914353
    ));
#3072 = CARTESIAN_POINT('',(-3.212064934873,-3.074216952695,
    24.262387024644));
#3073 = CARTESIAN_POINT('',(-3.288901939579,-3.009208266343,
    24.115421675368));
#3074 = CARTESIAN_POINT('',(-3.367834745648,-2.938852974169,
    23.975669618737));
#3075 = CARTESIAN_POINT('',(-3.448054817235,-2.863382675679,
    23.842310133005));
#3076 = CARTESIAN_POINT('',(-3.528990248278,-2.78283045646,
    23.714802469882));
#3077 = CARTESIAN_POINT('',(-3.610098305693,-2.69715282176,
    23.592830760292));
#3078 = CARTESIAN_POINT('',(-3.742237558095,-2.548487459221,
    23.40140451328));
#3079 = CARTESIAN_POINT('',(-3.793499908479,-2.488551877143,
    23.328991819678));
#3080 = CARTESIAN_POINT('',(-3.844489544706,-2.426510933489,
    23.258568556128));
#3081 = CARTESIAN_POINT('',(-3.895093580775,-2.362336874518,
    23.190074470402));
#3082 = CARTESIAN_POINT('',(-3.945209552934,-2.295983774904,
    23.123461643604));
#3083 = CARTESIAN_POINT('',(-3.994741354594,-2.227390285695,
    23.058696359934));
#3084 = CARTESIAN_POINT('',(-4.04359510231,-2.156482450076,
    22.995761042067));
#3085 = CARTESIAN_POINT('',(-4.091674935242,-2.083176591706,
    22.93465624546));
#3086 = CARTESIAN_POINT('',(-4.13887875164,-2.007382280314,
    22.875402705777));
#3087 = CARTESIAN_POINT('',(-4.185093886712,-1.929005379998,
    22.818043432684));
#3088 = CARTESIAN_POINT('',(-4.230192737677,-1.847951185427,
    22.762645843408));
#3089 = CARTESIAN_POINT('',(-4.274028342785,-1.764127652242,
    22.70930392819));
#3090 = CARTESIAN_POINT('',(-4.367712987217,-1.572613936082,
    22.596260186029));
#3091 = CARTESIAN_POINT('',(-4.416993826272,-1.46330245487,
    22.537464447777));
#3092 = CARTESIAN_POINT('',(-4.462759220102,-1.353090065498,
    22.483362298361));
#3093 = CARTESIAN_POINT('',(-4.511033401681,-1.222960480071,
    22.42687699131));
#3094 = CARTESIAN_POINT('',(-4.54071109119,-1.132605987803,
    22.392540493236));
#3095 = CARTESIAN_POINT('',(-4.595644290914,-0.958981019524,
    22.328531230521));
#3096 = CARTESIAN_POINT('',(-4.612162065887,-0.871273000119,
    22.310546027713));
#3097 = CARTESIAN_POINT('',(-4.653036643577,-0.704949045189,
    22.262966420002));
#3098 = CARTESIAN_POINT('',(-4.670585631153,-0.580997493202,
    22.243557522248));
#3099 = CARTESIAN_POINT('',(-4.690861167662,-0.433916883246,
    22.220307410553));
#3100 = CARTESIAN_POINT('',(-4.702588901676,-0.291325812277,
    22.20706854747));
#3101 = CARTESIAN_POINT('',(-4.708815909778,-0.145987146199,22.2));
#3102 = CARTESIAN_POINT('',(-4.708815909778,1.81E-15,22.2));
#3103 = ORIENTED_EDGE('',*,*,#2823,.F.);
#3104 = ORIENTED_EDGE('',*,*,#531,.F.);
#3105 = ( BOUNDED_SURFACE() B_SPLINE_SURFACE(6,13,(
    (#3106,#3107,#3108,#3109,#3110,#3111,#3112,#3113,#3114,#3115,#3116
      ,#3117,#3118,#3119,#3120,#3121,#3122,#3123,#3124,#3125,#3126,#3127
      ,#3128,#3129,#3130,#3131,#3132,#3133,#3134,#3135,#3136,#3137,#3138
      ,#3139,#3140,#3141,#3142,#3143,#3144,#3145,#3146,#3147,#3148,#3149
      ,#3150,#3151,#3152,#3153,#3154,#3155,#3156,#3157,#3158,#3159,#3160
      ,#3161,#3162,#3163,#3164,#3165,#3166,#3167,#3168,#3169,#3170,#3171
      ,#3172,#3173,#3174,#3175,#3176,#3177,#3178,#3179)
    ,(#3180,#3181,#3182,#3183,#3184,#3185,#3186,#3187,#3188,#3189,#3190
      ,#3191,#3192,#3193,#3194,#3195,#3196,#3197,#3198,#3199,#3200,#3201
      ,#3202,#3203,#3204,#3205,#3206,#3207,#3208,#3209,#3210,#3211,#3212
      ,#3213,#3214,#3215,#3216,#3217,#3218,#3219,#3220,#3221,#3222,#3223
      ,#3224,#3225,#3226,#3227,#3228,#3229,#3230,#3231,#3232,#3233,#3234
      ,#3235,#3236,#3237,#3238,#3239,#3240,#3241,#3242,#3243,#3244,#3245
      ,#3246,#3247,#3248,#3249,#3250,#3251,#3252,#3253)
    ,(#3254,#3255,#3256,#3257,#3258,#3259,#3260,#3261,#3262,#3263,#3264
      ,#3265,#3266,#3267,#3268,#3269,#3270,#3271,#3272,#3273,#3274,#3275
      ,#3276,#3277,#3278,#3279,#3280,#3281,#3282,#3283,#3284,#3285,#3286
      ,#3287,#3288,#3289,#3290,#3291,#3292,#3293,#3294,#3295,#3296,#3297
      ,#3298,#3299,#3300,#3301,#3302,#3303,#3304,#3305,#3306,#3307,#3308
      ,#3309,#3310,#3311,#3312,#3313,#3314,#3315,#3316,#3317,#3318,#3319
      ,#3320,#3321,#3322,#3323,#3324,#3325,#3326,#3327)
    ,(#3328,#3329,#3330,#3331,#3332,#3333,#3334,#3335,#3336,#3337,#3338
      ,#3339,#3340,#3341,#3342,#3343,#3344,#3345,#3346,#3347,#3348,#3349
      ,#3350,#3351,#3352,#3353,#3354,#3355,#3356,#3357,#3358,#3359,#3360
      ,#3361,#3362,#3363,#3364,#3365,#3366,#3367,#3368,#3369,#3370,#3371
      ,#3372,#3373,#3374,#3375,#3376,#3377,#3378,#3379,#3380,#3381,#3382
      ,#3383,#3384,#3385,#3386,#3387,#3388,#3389,#3390,#3391,#3392,#3393
      ,#3394,#3395,#3396,#3397,#3398,#3399,#3400,#3401)
    ,(#3402,#3403,#3404,#3405,#3406,#3407,#3408,#3409,#3410,#3411,#3412
      ,#3413,#3414,#3415,#3416,#3417,#3418,#3419,#3420,#3421,#3422,#3423
      ,#3424,#3425,#3426,#3427,#3428,#3429,#3430,#3431,#3432,#3433,#3434
      ,#3435,#3436,#3437,#3438,#3439,#3440,#3441,#3442,#3443,#3444,#3445
      ,#3446,#3447,#3448,#3449,#3450,#3451,#3452,#3453,#3454,#3455,#3456
      ,#3457,#3458,#3459,#3460,#3461,#3462,#3463,#3464,#3465,#3466,#3467
      ,#3468,#3469,#3470,#3471,#3472,#3473,#3474,#3475)
    ,(#3476,#3477,#3478,#3479,#3480,#3481,#3482,#3483,#3484,#3485,#3486
      ,#3487,#3488,#3489,#3490,#3491,#3492,#3493,#3494,#3495,#3496,#3497
      ,#3498,#3499,#3500,#3501,#3502,#3503,#3504,#3505,#3506,#3507,#3508
      ,#3509,#3510,#3511,#3512,#3513,#3514,#3515,#3516,#3517,#3518,#3519
      ,#3520,#3521,#3522,#3523,#3524,#3525,#3526,#3527,#3528,#3529,#3530
      ,#3531,#3532,#3533,#3534,#3535,#3536,#3537,#3538,#3539,#3540,#3541
      ,#3542,#3543,#3544,#3545,#3546,#3547,#3548,#3549)
    ,(#3550,#3551,#3552,#3553,#3554,#3555,#3556,#3557,#3558,#3559,#3560
      ,#3561,#3562,#3563,#3564,#3565,#3566,#3567,#3568,#3569,#3570,#3571
      ,#3572,#3573,#3574,#3575,#3576,#3577,#3578,#3579,#3580,#3581,#3582
      ,#3583,#3584,#3585,#3586,#3587,#3588,#3589,#3590,#3591,#3592,#3593
      ,#3594,#3595,#3596,#3597,#3598,#3599,#3600,#3601,#3602,#3603,#3604
      ,#3605,#3606,#3607,#3608,#3609,#3610,#3611,#3612,#3613,#3614,#3615
      ,#3616,#3617,#3618,#3619,#3620,#3621,#3622,#3623
)),.UNSPECIFIED.,.F.,.F.,.F.) B_SPLINE_SURFACE_WITH_KNOTS((7,7),(14,12,
    12,12,12,12,14),(0.,10.706808732517),(10.70666230282,11.855485236254
    ,13.82834937564,16.059321359918,18.289791322762,19.705224810793,
21.413471035337),.UNSPECIFIED.) GEOMETRIC_REPRESENTATION_ITEM() 
RATIONAL_B_SPLINE_SURFACE((
    (1.031393471788,1.031393471787,1.031455095302,1.031577987192
      ,1.031761307166,1.032003766727,1.032303666231,1.032658931769
      ,1.033067152283,1.033525616419,1.034031349629,1.034581151077
      ,1.035171630671,1.036877044706,1.038065113658,1.039355750944
      ,1.040739913884,1.042208747995,1.043754545698,1.04537120164
      ,1.0470542302,1.048800412388,1.050607137529,1.052471506849
      ,1.054389264697,1.058574978575,1.060857387255,1.063187565014
      ,1.065551724456,1.067933511712,1.070306200227,1.072623041168
      ,1.074809672541,1.076762484493,1.078356843579,1.079469073554
      ,1.080016094657,1.080017145553,1.079469977842,1.078359141397
      ,1.076766439396,1.074813994515,1.072626192213,1.070307745757
      ,1.067934601716,1.065554405254,1.063193243819,1.060865388567
      ,1.058582752237,1.054950743379,1.05356468014,1.052205074574
      ,1.050873887519,1.049572685481,1.048302767614,1.047065291894
      ,1.045861402387,1.044692355273,1.043559646061,1.042465135844
      ,1.041411178205,1.039181283707,1.038022209062,1.036958227566
      ,1.0358466715,1.035152435726,1.033949876634,1.033513859268
      ,1.032659080394,1.032229730207,1.031795463723,1.031530982526
      ,1.031393471787,1.031393471788)
    ,(1.010025407661,1.010025407661,1.010044221686,1.010081744617
      ,1.010137705397,1.01021168081,1.010303109361,1.010411304994
      ,1.010535471033,1.01067471386,1.010828056856,1.010994454121
      ,1.011172804347,1.011686807965,1.012043760895,1.01243012598
      ,1.01284279126,1.013278719314,1.013735244466,1.014210205322
      ,1.014701938896,1.015209163852,1.01573077894,1.016265604125
      ,1.016812090714,1.017996697227,1.018637870495,1.019287294737
      ,1.019940916676,1.020593891601,1.021238543952,1.021862121764
      ,1.022445190176,1.02296150549,1.023380215475,1.023671227534
      ,1.023814589743,1.023814864944,1.023671452013,1.023380816591
      ,1.022962561463,1.022446351661,1.021862968596,1.021238955844
      ,1.020594182482,1.019941648693,1.019288859697,1.018640092738
      ,1.017998883019,1.016971004822,1.016576808711,1.016188286522
      ,1.015806115211,1.01543086356,1.015063028916,1.014703072957
      ,1.014351458785,1.014008686507,1.013675330268,1.013352074105
      ,1.013039748609,1.012376845291,1.012030821,1.011711992609
      ,1.011377557636,1.011167856302,1.010804556391,1.010671023373
      ,1.010411939839,1.010280495578,1.01014819548,1.010067388432
      ,1.010025407662,1.010025407661)
    ,(0.997924642725,0.997924642725,0.997920636485,0.997912646726
      ,0.997900729718,0.997884972593,0.997865490793,0.997842425302
      ,0.99781594017,0.997786219703,0.997753465974,0.997717896075
      ,0.997679739547,0.997569678787,0.997493150512,0.997410200331
      ,0.997321470096,0.99722759105,0.997129120623,0.997026514014
      ,0.996920124642,0.996810228763,0.996697068166,0.996580906197
      ,0.996462091266,0.996204328048,0.996064683251,0.99592315593
      ,0.995780646352,0.995638244163,0.995497678965,0.995361792302
      ,0.995234860993,0.995122598518,0.995031664816,0.994968511328
      ,0.994937391033,0.9949373313,0.994968462882,0.995031534291
      ,0.995122368751,0.995234608064,0.995361607881,0.995497589214
      ,0.99563818073,0.99578048664,0.99592281467,0.996064198903
      ,0.996203852062,0.99642751275,0.996513237327,0.996597670705
      ,0.996680660665,0.996762079659,0.996841817294,0.996919771942
      ,0.996995843528,0.997069924977,0.997141894957,0.997211609561
      ,0.99727889472,0.997421554559,0.997495916054,0.997564342076
      ,0.997636007695,0.997680873068,0.997758594743,0.997786999942
      ,0.997842344062,0.997870303836,0.997898501572,0.997915703229
      ,0.997924642725,0.997924642725)
    ,(0.993958444137,0.993958444137,0.993947002733,0.993924184416
      ,0.99389015148,0.993845155935,0.993789531592,0.993723685854
      ,0.993648091912,0.993563280479,0.993469831967,0.993368368306
      ,0.993259545004,0.99294569257,0.992727506327,0.992491048827
      ,0.992238128699,0.991970507056,0.991689717794,0.991396985644
      ,0.991093226663,0.990779117315,0.99045521663,0.990122127546
      ,0.989780682204,0.989037991733,0.988634514107,0.988224132745
      ,0.987809308054,0.987392947572,0.986979735219,0.986577734314
      ,0.986199627196,0.985862950452,0.985588689146,0.985397589127
      ,0.98530355014,0.985303369528,0.985397436686,0.985588294468
      ,0.985862266057,0.986198877456,0.986577187799,0.986979468098
      ,0.987392759244,0.987808840298,0.988223137796,0.988633107144
      ,0.989036616872,0.989681053642,0.989927590776,0.990170014549
      ,0.990407951169,0.990641093761,0.990869180028,0.991091969048
      ,0.991309219256,0.991520665067,0.991725994814,0.991924827605
      ,0.992116690935,0.992523432615,0.992735412414,0.99293046856
      ,0.993134786735,0.993262733031,0.993484386403,0.99356550012
      ,0.993723411976,0.99380327387,0.993883783986,0.993932913844
      ,0.993958444137,0.993958444137)
    ,(0.997924642725,0.997924642725,0.997920636485,0.997912646726
      ,0.997900729719,0.997884972591,0.997865490794,0.997842425301
      ,0.997815940171,0.997786219702,0.997753465974,0.997717896075
      ,0.997679739547,0.997569678787,0.997493150512,0.997410200331
      ,0.997321470096,0.99722759105,0.997129120623,0.997026514013
      ,0.996920124642,0.996810228763,0.996697068166,0.996580906197
      ,0.996462091266,0.996204328048,0.996064683251,0.995923155929
      ,0.995780646353,0.995638244161,0.995497678968,0.995361792299
      ,0.995234860995,0.995122598517,0.995031664817,0.994968511328
      ,0.994937391033,0.9949373313,0.994968462882,0.995031534291
      ,0.995122368752,0.995234608062,0.995361607883,0.995497589212
      ,0.995638180731,0.995780486639,0.995922814671,0.996064198903
      ,0.996203852062,0.99642751275,0.996513237327,0.996597670705
      ,0.996680660665,0.996762079659,0.996841817294,0.996919771942
      ,0.996995843528,0.997069924977,0.997141894957,0.997211609561
      ,0.99727889472,0.997421554559,0.997495916054,0.997564342076
      ,0.997636007695,0.997680873068,0.997758594744,0.997786999942
      ,0.997842344062,0.997870303836,0.997898501571,0.997915703229
      ,0.997924642725,0.997924642725)
    ,(1.010025407661,1.010025407661,1.010044221686,1.010081744617
      ,1.010137705397,1.01021168081,1.010303109361,1.010411304994
      ,1.010535471033,1.01067471386,1.010828056856,1.010994454121
      ,1.011172804347,1.011686807965,1.012043760895,1.012430125981
      ,1.01284279126,1.013278719315,1.013735244464,1.014210205323
      ,1.014701938895,1.015209163853,1.01573077894,1.016265604126
      ,1.016812090714,1.017996697227,1.018637870495,1.019287294737
      ,1.019940916674,1.020593891604,1.021238543949,1.021862121767
      ,1.022445190173,1.022961505492,1.023380215474,1.023671227534
      ,1.023814589743,1.023814864944,1.023671452013,1.023380816592
      ,1.022962561461,1.022446351664,1.021862968592,1.021238955848
      ,1.020594182479,1.019941648695,1.019288859696,1.018640092739
      ,1.017998883019,1.016971004822,1.016576808711,1.016188286521
      ,1.015806115213,1.015430863557,1.01506302892,1.014703072952
      ,1.014351458789,1.014008686504,1.01367533027,1.013352074105
      ,1.013039748609,1.012376845291,1.012030821,1.011711992609
      ,1.011377557635,1.011167856303,1.01080455639,1.010671023373
      ,1.010411939838,1.010280495579,1.010148195479,1.010067388432
      ,1.010025407662,1.010025407661)
    ,(1.031393471788,1.031393471787,1.031455095302,1.031577987192
      ,1.031761307166,1.032003766727,1.032303666231,1.032658931769
      ,1.033067152283,1.033525616419,1.034031349629,1.034581151077
      ,1.035171630671,1.036877044706,1.038065113658,1.039355750944
      ,1.040739913884,1.042208747995,1.043754545698,1.04537120164
      ,1.0470542302,1.048800412388,1.050607137529,1.052471506849
      ,1.054389264697,1.058574978575,1.060857387255,1.063187565014
      ,1.065551724456,1.067933511712,1.070306200227,1.072623041168
      ,1.074809672541,1.076762484493,1.078356843579,1.079469073554
      ,1.080016094657,1.080017145553,1.079469977842,1.078359141397
      ,1.076766439396,1.074813994515,1.072626192213,1.070307745757
      ,1.067934601716,1.065554405254,1.063193243819,1.060865388567
      ,1.058582752237,1.054950743379,1.05356468014,1.052205074574
      ,1.050873887519,1.049572685481,1.048302767614,1.047065291894
      ,1.045861402387,1.044692355273,1.043559646061,1.042465135844
      ,1.041411178205,1.039181283707,1.038022209062,1.036958227566
      ,1.0358466715,1.035152435726,1.033949876634,1.033513859268
      ,1.032659080394,1.032229730207,1.031795463723,1.031530982526
,1.031393471787,1.031393471788))) REPRESENTATION_ITEM('') SURFACE() );
#3106 = CARTESIAN_POINT('',(-5.108815909778,-1.2E-16,29.2));
#3107 = CARTESIAN_POINT('',(-5.108815909781,-0.119129353993,
    29.200000000002));
#3108 = CARTESIAN_POINT('',(-5.105802784928,-0.238106222294,
    29.196467540379));
#3109 = CARTESIAN_POINT('',(-5.099795967856,-0.356578915711,
    29.189426794148));
#3110 = CARTESIAN_POINT('',(-5.090843738273,-0.47422836859,
    29.178929062919));
#3111 = CARTESIAN_POINT('',(-5.079020966864,-0.590765274919,
    29.165050943071));
#3112 = CARTESIAN_POINT('',(-5.064426821772,-0.705927164272,
    29.147892452242));
#3113 = CARTESIAN_POINT('',(-5.047182444604,-0.819475418668,
    29.127575122969));
#3114 = CARTESIAN_POINT('',(-5.027428603828,-0.931192232963,
    29.104240071196));
#3115 = CARTESIAN_POINT('',(-5.005323332761,-1.040877521982,
    29.078046046748));
#3116 = CARTESIAN_POINT('',(-4.981039560217,-1.148345778519,
    29.049167473829));
#3117 = CARTESIAN_POINT('',(-4.95476274059,-1.253422886532,
    29.01779248828));
#3118 = CARTESIAN_POINT('',(-4.926688490615,-1.355942894196,
    28.984120979008));
#3119 = CARTESIAN_POINT('',(-4.846154993681,-1.626851763344,
    28.887056139269));
#3120 = CARTESIAN_POINT('',(-4.790536397024,-1.7902761928,
    28.819528522094));
#3121 = CARTESIAN_POINT('',(-4.730716516854,-1.946639913482,
    28.746269903065));
#3122 = CARTESIAN_POINT('',(-4.667280357804,-2.096190821301,
    28.667789919982));
#3123 = CARTESIAN_POINT('',(-4.60078834979,-2.239065848643,
    28.584556352952));
#3124 = CARTESIAN_POINT('',(-4.531740992316,-2.375433330918,
    28.49695392301));
#3125 = CARTESIAN_POINT('',(-4.460562871278,-2.505542967545,
    28.405260440449));
#3126 = CARTESIAN_POINT('',(-4.387603213936,-2.629711397026,
    28.309637416149));
#3127 = CARTESIAN_POINT('',(-4.313150146452,-2.748271073928,
    28.2101322404));
#3128 = CARTESIAN_POINT('',(-4.23745585121,-2.861509735352,
    28.106689062715));
#3129 = CARTESIAN_POINT('',(-4.160769875245,-2.969627302892,
    27.999165552036));
#3130 = CARTESIAN_POINT('',(-4.083377907607,-3.072736596633,
    27.887352773992));
#3131 = CARTESIAN_POINT('',(-3.918086596213,-3.281538832543,
    27.639935564555));
#3132 = CARTESIAN_POINT('',(-3.83008486864,-3.385903182235,
    27.503212114094));
#3133 = CARTESIAN_POINT('',(-3.742186395613,-3.484054038651,
    27.36017115879));
#3134 = CARTESIAN_POINT('',(-3.655026117226,-3.575996532213,
    27.210522125614));
#3135 = CARTESIAN_POINT('',(-3.569271412772,-3.66164210575,
    27.053729111483));
#3136 = CARTESIAN_POINT('',(-3.485810497525,-3.740682631241,
    26.888894784499));
#3137 = CARTESIAN_POINT('',(-3.406040483069,-3.812462887954,
    26.714979886932));
#3138 = CARTESIAN_POINT('',(-3.332117902292,-3.875899856354,
    26.531207681031));
#3139 = CARTESIAN_POINT('',(-3.26704076138,-3.929493651974,
    26.337510729991));
#3140 = CARTESIAN_POINT('',(-3.214436615979,-3.97147249049,
    26.134887800009));
#3141 = CARTESIAN_POINT('',(-3.177932676171,-4.000114317334,
    25.925550790618));
#3142 = CARTESIAN_POINT('',(-3.159977051436,-4.01429259456,
    25.712752350953));
#3143 = CARTESIAN_POINT('',(-3.15994791971,-4.014315526346,
    25.287673968046));
#3144 = CARTESIAN_POINT('',(-3.177902024357,-4.000131643824,
    25.074764471563));
#3145 = CARTESIAN_POINT('',(-3.214350130711,-3.971540020829,
    24.865444336698));
#3146 = CARTESIAN_POINT('',(-3.266892710806,-3.929621379483,
    24.662889491277));
#3147 = CARTESIAN_POINT('',(-3.331956828764,-3.876043735092,
    24.469186431751));
#3148 = CARTESIAN_POINT('',(-3.405922538878,-3.812568986202,
    24.28530083635));
#3149 = CARTESIAN_POINT('',(-3.485751878032,-3.740733948816,
    24.111239313403));
#3150 = CARTESIAN_POINT('',(-3.569231185104,-3.661677423849,
    23.946342884521));
#3151 = CARTESIAN_POINT('',(-3.654930219699,-3.576089981825,
    23.789641570021));
#3152 = CARTESIAN_POINT('',(-3.74198216154,-3.484264138815,
    23.640189282308));
#3153 = CARTESIAN_POINT('',(-3.829793089739,-3.386221031222,
    23.497289583854));
#3154 = CARTESIAN_POINT('',(-3.917794983357,-3.281886963304,
    23.360516286659));
#3155 = CARTESIAN_POINT('',(-4.061121463288,-3.100864617462,
    23.145953973577));
#3156 = CARTESIAN_POINT('',(-4.116708260648,-3.027896047018,
    23.064811303993));
#3157 = CARTESIAN_POINT('',(-4.171990195496,-2.952370827265,
    22.985909040585));
#3158 = CARTESIAN_POINT('',(-4.226849464404,-2.87425145504,
    22.909171879803));
#3159 = CARTESIAN_POINT('',(-4.281177963622,-2.793479593057,
    22.834541440123));
#3160 = CARTESIAN_POINT('',(-4.334873124972,-2.709979382569,
    22.761977818761));
#3161 = CARTESIAN_POINT('',(-4.387833679252,-2.623660837808,
    22.691461216666));
#3162 = CARTESIAN_POINT('',(-4.439955349918,-2.534423328035,
    22.622993624901));
#3163 = CARTESIAN_POINT('',(-4.491126480555,-2.442159152785,
    22.556600565604));
#3164 = CARTESIAN_POINT('',(-4.541223600974,-2.346757216978,
    22.492332880831));
#3165 = CARTESIAN_POINT('',(-4.5901069379,-2.248106812106,
    22.430268561661));
#3166 = CARTESIAN_POINT('',(-4.637615877617,-2.146101511148,
    22.370514609502));
#3167 = CARTESIAN_POINT('',(-4.739137330289,-1.913095435319,
    22.243899914394));
#3168 = CARTESIAN_POINT('',(-4.792562563475,-1.78005482232,
    22.178013635421));
#3169 = CARTESIAN_POINT('',(-4.842061421444,-1.646110056599,
    22.117553746399));
#3170 = CARTESIAN_POINT('',(-4.89435256788,-1.488705839922,
    22.05428257287));
#3171 = CARTESIAN_POINT('',(-4.927611696237,-1.372979758541,
    22.014387271071));
#3172 = CARTESIAN_POINT('',(-4.983917819945,-1.176192797762,
    21.947002355675));
#3173 = CARTESIAN_POINT('',(-5.006725638696,-1.049016039216,
    21.920239488911));
#3174 = CARTESIAN_POINT('',(-5.04638939602,-0.865275207706,
    21.873214946998));
#3175 = CARTESIAN_POINT('',(-5.068334559934,-0.703051520002,
    21.847500430606));
#3176 = CARTESIAN_POINT('',(-5.089069189218,-0.52893182465,
    21.823140667381));
#3177 = CARTESIAN_POINT('',(-5.102108992107,-0.354224074035,
    21.80786142622));
#3178 = CARTESIAN_POINT('',(-5.108815909778,-0.177587490714,21.8));
#3179 = CARTESIAN_POINT('',(-5.108815909778,-1.2E-16,21.8));
#3180 = CARTESIAN_POINT('',(-5.108815909778,1.0204173E-10,
    29.093065286739));
#3181 = CARTESIAN_POINT('',(-5.10881590978,-0.115660684996,
    29.093065286741));
#3182 = CARTESIAN_POINT('',(-5.105977551595,-0.231210630942,
    29.089546445234));
#3183 = CARTESIAN_POINT('',(-5.100317229444,-0.346291091071,
    29.082530224183));
#3184 = CARTESIAN_POINT('',(-5.091880022651,-0.460580084808,
    29.072067205315));
#3185 = CARTESIAN_POINT('',(-5.080737232541,-0.573788803531,
    29.058234808214));
#3186 = CARTESIAN_POINT('',(-5.066983907642,-0.68565799502,
    29.041134995224));
#3187 = CARTESIAN_POINT('',(-5.050736359497,-0.795954327461,
    29.020891965484));
#3188 = CARTESIAN_POINT('',(-5.032129671818,-0.904466733549,
    28.997649841213));
#3189 = CARTESIAN_POINT('',(-5.011315205297,-1.011002736623,
    28.971570348488));
#3190 = CARTESIAN_POINT('',(-4.98845810082,-1.115384759735,
    28.942830495707));
#3191 = CARTESIAN_POINT('',(-4.963734783265,-1.217446419857,
    28.911620251917));
#3192 = CARTESIAN_POINT('',(-4.937330468249,-1.317028808495,
    28.87814022771));
#3193 = CARTESIAN_POINT('',(-4.861559227913,-1.580380091695,
    28.781596332631));
#3194 = CARTESIAN_POINT('',(-4.809241353584,-1.739296234999,
    28.714456073617));
#3195 = CARTESIAN_POINT('',(-4.75299679835,-1.891377174863,
    28.641656689562));
#3196 = CARTESIAN_POINT('',(-4.693391484694,-2.036855376653,
    28.563729246376));
#3197 = CARTESIAN_POINT('',(-4.630973307993,-2.175841438781,
    28.481172452151));
#3198 = CARTESIAN_POINT('',(-4.566230891393,-2.308484050025,
    28.39439985198));
#3199 = CARTESIAN_POINT('',(-4.499576462861,-2.435024722303,
    28.303713449438));
#3200 = CARTESIAN_POINT('',(-4.431348010048,-2.555779685016,
    28.209297657378));
#3201 = CARTESIAN_POINT('',(-4.361825878136,-2.671081203989,
    28.111227490968));
#3202 = CARTESIAN_POINT('',(-4.291258997547,-2.781210441199,
    28.009484941504));
#3203 = CARTESIAN_POINT('',(-4.219895958617,-2.886353811036,
    27.903977503622));
#3204 = CARTESIAN_POINT('',(-4.14801618474,-2.986614620725,
    27.794552868445));
#3205 = CARTESIAN_POINT('',(-3.994564131294,-3.189976701465,
    27.552748722161));
#3206 = CARTESIAN_POINT('',(-3.912926668169,-3.291761749341,
    27.419309515906));
#3207 = CARTESIAN_POINT('',(-3.831547087409,-3.387516858884,
    27.280124251821));
#3208 = CARTESIAN_POINT('',(-3.751024060539,-3.477247565575,
    27.134954332705));
#3209 = CARTESIAN_POINT('',(-3.671984476156,-3.560870823448,
    26.983350094146));
#3210 = CARTESIAN_POINT('',(-3.595239806939,-3.638101137811,
    26.824534471366));
#3211 = CARTESIAN_POINT('',(-3.52204202648,-3.708320295955,
    26.657581515018));
#3212 = CARTESIAN_POINT('',(-3.454316159111,-3.770483164078,
    26.481767992499));
#3213 = CARTESIAN_POINT('',(-3.394747994282,-3.823111144563,
    26.296978188167));
#3214 = CARTESIAN_POINT('',(-3.346606729106,-3.864424293681,
    26.104044421531));
#3215 = CARTESIAN_POINT('',(-3.313182594004,-3.892663173632,
    25.904908584249));
#3216 = CARTESIAN_POINT('',(-3.296717836463,-3.906652771967,
    25.702492433556));
#3217 = CARTESIAN_POINT('',(-3.296692647182,-3.906674207594,
    25.297883696205));
#3218 = CARTESIAN_POINT('',(-3.313154776275,-3.892680557493,
    25.095403010393));
#3219 = CARTESIAN_POINT('',(-3.346524635791,-3.864493234988,
    24.896307054685));
#3220 = CARTESIAN_POINT('',(-3.39460707416,-3.823240576884,
    24.703436205009));
#3221 = CARTESIAN_POINT('',(-3.454163025881,-3.770628418892,
    24.518625681688));
#3222 = CARTESIAN_POINT('',(-3.521929876312,-3.708427562401,
    24.342691090327));
#3223 = CARTESIAN_POINT('',(-3.595183887939,-3.63815365848,
    24.175594326867));
#3224 = CARTESIAN_POINT('',(-3.671946654221,-3.560906771798,
    24.016722151769));
#3225 = CARTESIAN_POINT('',(-3.750935773245,-3.477339212695,
    23.86520771525));
#3226 = CARTESIAN_POINT('',(-3.831359991458,-3.387720504569,
    23.720223047427));
#3227 = CARTESIAN_POINT('',(-3.912660056956,-3.292068004207,
    23.581168576873));
#3228 = CARTESIAN_POINT('',(-3.994297751108,-3.190311068341,
    23.4476842569));
#3229 = CARTESIAN_POINT('',(-4.127403907775,-3.013943011379,
    23.237919208441));
#3230 = CARTESIAN_POINT('',(-4.179022350093,-2.942959110201,
    23.158547674913));
#3231 = CARTESIAN_POINT('',(-4.230427054696,-2.869488793143,
    23.081221749751));
#3232 = CARTESIAN_POINT('',(-4.281505107868,-2.793493766316,
    23.005885583131));
#3233 = CARTESIAN_POINT('',(-4.332151862872,-2.714916108186,
    22.932498554931));
#3234 = CARTESIAN_POINT('',(-4.382267094486,-2.633681505832,22.861036997
    ));
#3235 = CARTESIAN_POINT('',(-4.431751134186,-2.549702514835,
    22.791495935784));
#3236 = CARTESIAN_POINT('',(-4.480500986645,-2.46288184421,
    22.723890853761));
#3237 = CARTESIAN_POINT('',(-4.528406428577,-2.373115668285,
    22.658259466924));
#3238 = CARTESIAN_POINT('',(-4.575346091057,-2.280296967312,
    22.594663517184));
#3239 = CARTESIAN_POINT('',(-4.621183527178,-2.184318898627,
    22.533190576426));
#3240 = CARTESIAN_POINT('',(-4.665763266872,-2.085078200624,
    22.473955860566));
#3241 = CARTESIAN_POINT('',(-4.761009727779,-1.858573063556,
    22.348446296989));
#3242 = CARTESIAN_POINT('',(-4.811147863058,-1.729329327956,
    22.283103142256));
#3243 = CARTESIAN_POINT('',(-4.857656730085,-1.599188743043,
    22.223055075875));
#3244 = CARTESIAN_POINT('',(-4.906835035037,-1.446097236542,
    22.160156084588));
#3245 = CARTESIAN_POINT('',(-4.937954923413,-1.334493032779,
    22.12072332595));
#3246 = CARTESIAN_POINT('',(-4.991421754722,-1.141339523755,
    22.052961311003));
#3247 = CARTESIAN_POINT('',(-5.012225565313,-1.020486727553,
    22.027337834817));
#3248 = CARTESIAN_POINT('',(-5.050250234332,-0.839495637549,
    21.979492968264));
#3249 = CARTESIAN_POINT('',(-5.070525228235,-0.683388016233,
    21.954487613626));
#3250 = CARTESIAN_POINT('',(-5.090246363947,-0.513588739098,
    21.929936021067));
#3251 = CARTESIAN_POINT('',(-5.102489995669,-0.344039290123,
    21.914777869428));
#3252 = CARTESIAN_POINT('',(-5.108815909778,-0.172454939526,
    21.906934713261));
#3253 = CARTESIAN_POINT('',(-5.108815909778,6.91E-15,21.906934713261));
#3254 = CARTESIAN_POINT('',(-5.074814169524,1.077878E-10,28.988916570967
    ));
#3255 = CARTESIAN_POINT('',(-5.074814169527,-0.111569950214,
    28.98891657097));
#3256 = CARTESIAN_POINT('',(-5.072094363974,-0.223071791652,
    28.985410813999));
#3257 = CARTESIAN_POINT('',(-5.066668734181,-0.334135397455,
    28.978418382092));
#3258 = CARTESIAN_POINT('',(-5.058580275658,-0.444432335488,
    28.96798923313));
#3259 = CARTESIAN_POINT('',(-5.047898298089,-0.553671507167,
    28.954201508368));
#3260 = CARTESIAN_POINT('',(-5.034715727763,-0.661594790917,
    28.937158842731));
#3261 = CARTESIAN_POINT('',(-5.019146411892,-0.767972689839,
    28.916987677552));
#3262 = CARTESIAN_POINT('',(-5.001322424367,-0.87259998343,
    28.893834574802));
#3263 = CARTESIAN_POINT('',(-4.981391372313,-0.975291382897,
    28.867863532676));
#3264 = CARTESIAN_POINT('',(-4.959513703043,-1.075877189752,
    28.839253301456));
#3265 = CARTESIAN_POINT('',(-4.935860010791,-1.17419895729,
    28.808194699543));
#3266 = CARTESIAN_POINT('',(-4.910608342866,-1.27010515452,
    28.774887928792));
#3267 = CARTESIAN_POINT('',(-4.838141711292,-1.523759409903,
    28.67883029447));
#3268 = CARTESIAN_POINT('',(-4.788140973227,-1.6767136255,
    28.612067409387));
#3269 = CARTESIAN_POINT('',(-4.734421009722,-1.822997262796,
    28.539709898901));
#3270 = CARTESIAN_POINT('',(-4.67753850746,-1.962825730237,
    28.46230571396));
#3271 = CARTESIAN_POINT('',(-4.618039076259,-2.096280135659,
    28.380380986991));
#3272 = CARTESIAN_POINT('',(-4.556408356077,-2.223487406242,
    28.294374489237));
#3273 = CARTESIAN_POINT('',(-4.493053143229,-2.344680145528,
    28.204608225551));
#3274 = CARTESIAN_POINT('',(-4.428305405269,-2.460173937306,
    28.111284742383));
#3275 = CARTESIAN_POINT('',(-4.362442050947,-2.570299835047,
    28.014501723903));
#3276 = CARTESIAN_POINT('',(-4.295713315241,-2.67532981091,
    27.914274440039));
#3277 = CARTESIAN_POINT('',(-4.228372611419,-2.775432977957,
    27.810556603521));
#3278 = CARTESIAN_POINT('',(-4.160700692114,-2.870700441923,
    27.70325017817));
#3279 = CARTESIAN_POINT('',(-4.0164584092,-3.0637294278,27.466577386));
#3280 = CARTESIAN_POINT('',(-3.939872688007,-3.160170673612,
    27.336234720368));
#3281 = CARTESIAN_POINT('',(-3.863727965942,-3.250684104631,
    27.200680800857));
#3282 = CARTESIAN_POINT('',(-3.78860059457,-3.335285290101,
    27.059744613576));
#3283 = CARTESIAN_POINT('',(-3.715090847762,-3.413909908165,
    26.913077123336));
#3284 = CARTESIAN_POINT('',(-3.64395042307,-3.486322442103,
    26.760030164084));
#3285 = CARTESIAN_POINT('',(-3.576309549968,-3.551997120217,
    26.599802323955));
#3286 = CARTESIAN_POINT('',(-3.513891287055,-3.610023067223,
    26.431746751788));
#3287 = CARTESIAN_POINT('',(-3.45910030285,-3.659085809517,
    26.255735436415));
#3288 = CARTESIAN_POINT('',(-3.414873190534,-3.697577398052,
    26.07247403105));
#3289 = CARTESIAN_POINT('',(-3.384177310858,-3.72388739875,
    25.883660737965));
#3290 = CARTESIAN_POINT('',(-3.369045495739,-3.73692674618,
    25.691882282984));
#3291 = CARTESIAN_POINT('',(-3.369024077291,-3.73694507443,
    25.308440505892));
#3292 = CARTESIAN_POINT('',(-3.384152233545,-3.723903344126,
    25.116646777511));
#3293 = CARTESIAN_POINT('',(-3.414794670877,-3.697644687327,
    24.927898316101));
#3294 = CARTESIAN_POINT('',(-3.458964696031,-3.659212151864,
    24.744695483512));
#3295 = CARTESIAN_POINT('',(-3.513743826815,-3.610164726488,
    24.568648742524));
#3296 = CARTESIAN_POINT('',(-3.576201409121,-3.552102018244,
    24.400463517866));
#3297 = CARTESIAN_POINT('',(-3.643896417552,-3.486374283096,
    24.240093388927));
#3298 = CARTESIAN_POINT('',(-3.715055122043,-3.41394484644,
    24.08699465564));
#3299 = CARTESIAN_POINT('',(-3.788518660426,-3.335371680477,
    23.940415715367));
#3300 = CARTESIAN_POINT('',(-3.86355454999,-3.250874849713,
    23.799655138051));
#3301 = CARTESIAN_POINT('',(-3.939625977426,-3.160456603851,
    23.664222713044));
#3302 = CARTESIAN_POINT('',(-4.016212465074,-3.064041020784,
    23.533838037023));
#3303 = CARTESIAN_POINT('',(-4.141350358002,-2.89660695773,
    23.328491634255));
#3304 = CARTESIAN_POINT('',(-4.189924877662,-2.829175728414,
    23.250701945488));
#3305 = CARTESIAN_POINT('',(-4.238376802687,-2.759289002735,
    23.174784326399));
#3306 = CARTESIAN_POINT('',(-4.286595042398,-2.686908003436,
    23.100701859593));
#3307 = CARTESIAN_POINT('',(-4.334475845804,-2.611975760501,
    23.028430711441));
#3308 = CARTESIAN_POINT('',(-4.381919198359,-2.534420141499,
    22.957962080165));
#3309 = CARTESIAN_POINT('',(-4.428825222627,-2.454156877118,
    22.889304139157));
#3310 = CARTESIAN_POINT('',(-4.475090582847,-2.371092581516,
    22.822483976485));
#3311 = CARTESIAN_POINT('',(-4.520604893117,-2.285127767039,
    22.757549530245));
#3312 = CARTESIAN_POINT('',(-4.56524712893,-2.196159853179,
    22.694571521185));
#3313 = CARTESIAN_POINT('',(-4.608882041793,-2.104086169021,
    22.633645382098));
#3314 = CARTESIAN_POINT('',(-4.651356576393,-2.008806949105,
    22.57489318539));
#3315 = CARTESIAN_POINT('',(-4.742139532929,-1.791273610583,
    22.450374431523));
#3316 = CARTESIAN_POINT('',(-4.789960599183,-1.667094934883,
    22.385511820919));
#3317 = CARTESIAN_POINT('',(-4.834383831822,-1.541936832548,
    22.325824788939));
#3318 = CARTESIAN_POINT('',(-4.881395268042,-1.394440533281,
    22.263271985744));
#3319 = CARTESIAN_POINT('',(-4.910951294688,-1.287959283656,
    22.224315334985));
#3320 = CARTESIAN_POINT('',(-4.962711485041,-1.099514738374,
    22.15604900108));
#3321 = CARTESIAN_POINT('',(-4.981756646535,-0.986325017322,
    22.131746813024));
#3322 = CARTESIAN_POINT('',(-5.019027151745,-0.808777881316,
    22.082909701441));
#3323 = CARTESIAN_POINT('',(-5.037933066429,-0.660035347468,
    22.058724100831));
#3324 = CARTESIAN_POINT('',(-5.057064856613,-0.495417677699,
    22.033936432027));
#3325 = CARTESIAN_POINT('',(-5.068742731748,-0.33200691569,
    22.018910947034));
#3326 = CARTESIAN_POINT('',(-5.074814169524,-0.166401924601,
    22.011083429033));
#3327 = CARTESIAN_POINT('',(-5.074814169524,6.01E-15,22.011083429033));
#3328 = CARTESIAN_POINT('',(-5.009583715059,1.5715407E-10,
    28.899232194719));
#3329 = CARTESIAN_POINT('',(-5.009583715063,-0.107294066061,
    28.899232194724));
#3330 = CARTESIAN_POINT('',(-5.0069167654,-0.214560623682,
    28.895760046955));
#3331 = CARTESIAN_POINT('',(-5.001595160762,-0.321417434744,
    28.888832773026));
#3332 = CARTESIAN_POINT('',(-4.993660790118,-0.427529060868,
    28.878499470066));
#3333 = CARTESIAN_POINT('',(-4.98318221447,-0.532601750193,
    28.864838289436));
#3334 = CARTESIAN_POINT('',(-4.970251751543,-0.636378338086,
    28.847953423728));
#3335 = CARTESIAN_POINT('',(-4.954982565968,-0.73863316039,
    28.827972100323));
#3336 = CARTESIAN_POINT('',(-4.937505763243,-0.839166978793,
    28.805041579747));
#3337 = CARTESIAN_POINT('',(-4.917967486021,-0.93780191642,
    28.77932615687));
#3338 = CARTESIAN_POINT('',(-4.896526011041,-1.034376403037,
    28.751004163453));
#3339 = CARTESIAN_POINT('',(-4.87334884535,-1.128740127981,
    28.720264970024));
#3340 = CARTESIAN_POINT('',(-4.848609820378,-1.22074899992,
    28.687305985845));
#3341 = CARTESIAN_POINT('',(-4.777610095365,-1.464025392856,
    28.592246106325));
#3342 = CARTESIAN_POINT('',(-4.728650953614,-1.610540915538,
    28.526216667872));
#3343 = CARTESIAN_POINT('',(-4.676063076688,-1.750533704234,
    28.45467170548));
#3344 = CARTESIAN_POINT('',(-4.620399362341,-1.884203684113,
    28.378164925665));
#3345 = CARTESIAN_POINT('',(-4.562208341971,-2.011603334983,
    28.29723814898));
#3346 = CARTESIAN_POINT('',(-4.501976860713,-2.132838385681,
    28.212343719145));
#3347 = CARTESIAN_POINT('',(-4.440108998184,-2.248132799604,
    28.123812042524));
#3348 = CARTESIAN_POINT('',(-4.376931848392,-2.357801355975,
    28.03185175666));
#3349 = CARTESIAN_POINT('',(-4.312718765454,-2.46217322058,
    27.936570010623));
#3350 = CARTESIAN_POINT('',(-4.247720659114,-2.561510011906,
    27.83800031269));
#3351 = CARTESIAN_POINT('',(-4.182195895466,-2.655961995066,
    27.736125363571));
#3352 = CARTESIAN_POINT('',(-4.116429324089,-2.745606174397,
    27.630882251769));
#3353 = CARTESIAN_POINT('',(-3.976381460538,-2.926807408782,
    27.399073098437));
#3354 = CARTESIAN_POINT('',(-3.902110229019,-3.017043110429,
    27.271595321323));
#3355 = CARTESIAN_POINT('',(-3.828366714268,-3.101430546887,
    27.139255055336));
#3356 = CARTESIAN_POINT('',(-3.755719345176,-3.179997501466,
    27.001927467527));
#3357 = CARTESIAN_POINT('',(-3.684760905266,-3.252698663071,
    26.859334441909));
#3358 = CARTESIAN_POINT('',(-3.616220399755,-3.319348229669,
    26.710916807436));
#3359 = CARTESIAN_POINT('',(-3.551174800539,-3.37951959521,
    26.555959798608));
#3360 = CARTESIAN_POINT('',(-3.491253245194,-3.432459604938,
    26.393874402586));
#3361 = CARTESIAN_POINT('',(-3.438725357593,-3.477065426955,
    26.224536064556));
#3362 = CARTESIAN_POINT('',(-3.396364560458,-3.511972483709,
    26.048580706523));
#3363 = CARTESIAN_POINT('',(-3.366977004819,-3.535801901645,
    25.867556217313));
#3364 = CARTESIAN_POINT('',(-3.3524877148,-3.547615240301,
    25.683825915515));
#3365 = CARTESIAN_POINT('',(-3.352468542123,-3.547630130185,
    25.316454816072));
#3366 = CARTESIAN_POINT('',(-3.366953614445,-3.535815607327,
    25.132747506286));
#3367 = CARTESIAN_POINT('',(-3.39628716429,-3.512036429989,
    24.95180811299));
#3368 = CARTESIAN_POINT('',(-3.438590668329,-3.477186358416,
    24.775909101866));
#3369 = CARTESIAN_POINT('',(-3.491106508519,-3.432595410064,
    24.606524392671));
#3370 = CARTESIAN_POINT('',(-3.551067052575,-3.37962044692,
    24.444302067174));
#3371 = CARTESIAN_POINT('',(-3.616166663163,-3.319398288273,
    24.289202672838));
#3372 = CARTESIAN_POINT('',(-3.684726181835,-3.252731641623,
    24.140736011359));
#3373 = CARTESIAN_POINT('',(-3.755640467378,-3.180077407538,
    23.998230687768));
#3374 = CARTESIAN_POINT('',(-3.828199466114,-3.1016068045,
    23.861072190872));
#3375 = CARTESIAN_POINT('',(-3.901872639791,-3.01730701726,
    23.728846537977));
#3376 = CARTESIAN_POINT('',(-3.976145798503,-2.927094488785,
    23.601327485629));
#3377 = CARTESIAN_POINT('',(-4.097651493306,-2.769912803305,
    23.400190716568));
#3378 = CARTESIAN_POINT('',(-4.144846616651,-2.706499481015,
    23.32392612386));
#3379 = CARTESIAN_POINT('',(-4.191962252256,-2.640651975786,
    23.249418149002));
#3380 = CARTESIAN_POINT('',(-4.238887380795,-2.572331944253,
    23.176641808162));
#3381 = CARTESIAN_POINT('',(-4.28551818619,-2.501484045046,
    23.10558343341));
#3382 = CARTESIAN_POINT('',(-4.331754518324,-2.428038753191,
    23.03624281623));
#3383 = CARTESIAN_POINT('',(-4.377496367007,-2.35191516137,
    22.968635337949));
#3384 = CARTESIAN_POINT('',(-4.422640346886,-2.273023766873,
    22.902794088198));
#3385 = CARTESIAN_POINT('',(-4.467076192661,-2.191269243358,
    22.838771972601));
#3386 = CARTESIAN_POINT('',(-4.510683263796,-2.106553196364,
    22.776643811181));
#3387 = CARTESIAN_POINT('',(-4.553327057856,-2.018776901291,
    22.716508428545));
#3388 = CARTESIAN_POINT('',(-4.594855731123,-1.927844022789,
    22.658490737818));
#3389 = CARTESIAN_POINT('',(-4.683642307536,-1.720045888479,
    22.535492029249));
#3390 = CARTESIAN_POINT('',(-4.73042758632,-1.60131071686,
    22.471397280662));
#3391 = CARTESIAN_POINT('',(-4.773932430113,-1.481486864264,
    22.412354662604));
#3392 = CARTESIAN_POINT('',(-4.819979513232,-1.339987982899,
    22.350474235764));
#3393 = CARTESIAN_POINT('',(-4.848721302503,-1.238911253896,
    22.312197547551));
#3394 = CARTESIAN_POINT('',(-4.90007668471,-1.055536361434,
    22.243797010044));
#3395 = CARTESIAN_POINT('',(-4.917798749607,-0.950402931975,
    22.2209852032));
#3396 = CARTESIAN_POINT('',(-4.955246818904,-0.776539618923,
    22.171419567841));
#3397 = CARTESIAN_POINT('',(-4.973221427944,-0.635544901119,
    22.148215404813));
#3398 = CARTESIAN_POINT('',(-4.99222931974,-0.476385264221,
    22.123335074708));
#3399 = CARTESIAN_POINT('',(-5.003620188796,-0.31941719915,
    22.108533746982));
#3400 = CARTESIAN_POINT('',(-5.009583715059,-0.160074946316,
    22.100767805281));
#3401 = CARTESIAN_POINT('',(-5.009583715059,4.22E-15,22.100767805281));
#3402 = CARTESIAN_POINT('',(-4.919899338811,2.4524803E-10,
    28.834001740253));
#3403 = CARTESIAN_POINT('',(-4.919899338818,-0.103299018921,
    28.834001740261));
#3404 = CARTESIAN_POINT('',(-4.917225765191,-0.206605266092,
    28.830599330783));
#3405 = CARTESIAN_POINT('',(-4.911890055584,-0.309527911468,
    28.823809902057));
#3406 = CARTESIAN_POINT('',(-4.903933797002,-0.411727584811,
    28.813681215347));
#3407 = CARTESIAN_POINT('',(-4.893425641433,-0.512910562268,
    28.800290188198));
#3408 = CARTESIAN_POINT('',(-4.880458223841,-0.612822957866,
    28.783739682655));
#3409 = CARTESIAN_POINT('',(-4.865145082172,-0.711244919535,
    28.764155295504));
#3410 = CARTESIAN_POINT('',(-4.847617578538,-0.807984828893,
    28.741682150471));
#3411 = CARTESIAN_POINT('',(-4.82802182136,-0.902873504813,
    28.716481690953));
#3412 = CARTESIAN_POINT('',(-4.806515587575,-0.995758409631,
    28.688728473641));
#3413 = CARTESIAN_POINT('',(-4.783265244697,-1.086497858144,
    28.658606961459));
#3414 = CARTESIAN_POINT('',(-4.758442672036,-1.174955228326,
    28.62630831614));
#3415 = CARTESIAN_POINT('',(-4.687188979713,-1.408761728413,
    28.533149998136));
#3416 = CARTESIAN_POINT('',(-4.638064170967,-1.549425067225,
    28.468471960088));
#3417 = CARTESIAN_POINT('',(-4.585278550039,-1.683752191908,
    28.398385660998));
#3418 = CARTESIAN_POINT('',(-4.529382523668,-1.81193417455,
    28.323433743105));
#3419 = CARTESIAN_POINT('',(-4.470927803555,-1.934001507103,
    28.24415481716));
#3420 = CARTESIAN_POINT('',(-4.410402182507,-2.050043488123,
    28.160996349959));
#3421 = CARTESIAN_POINT('',(-4.348206125325,-2.160278032755,
    28.074279592177));
#3422 = CARTESIAN_POINT('',(-4.284659907398,-2.265020311933,
    27.984201611695));
#3423 = CARTESIAN_POINT('',(-4.220030028732,-2.364598660531,
    27.890859491571));
#3424 = CARTESIAN_POINT('',(-4.154563621827,-2.459266237084,
    27.794281739279));
#3425 = CARTESIAN_POINT('',(-4.088519560051,-2.549156966064,
    27.694451939793));
#3426 = CARTESIAN_POINT('',(-4.022184959275,-2.634334346739,
    27.591309667009));
#3427 = CARTESIAN_POINT('',(-3.880850660974,-2.80620380985,
    27.364140592411));
#3428 = CARTESIAN_POINT('',(-3.805849260026,-2.891600626027,
    27.239230907124));
#3429 = CARTESIAN_POINT('',(-3.731305564193,-2.971301155448,
    27.109504104253));
#3430 = CARTESIAN_POINT('',(-3.657793131501,-3.045337940945,
    26.974843171943));
#3431 = CARTESIAN_POINT('',(-3.585913699613,-3.113673258626,
    26.834983790769));
#3432 = CARTESIAN_POINT('',(-3.516410529479,-3.176146058623,
    26.689372990615));
#3433 = CARTESIAN_POINT('',(-3.450385378631,-3.232384147661,
    26.537293799241));
#3434 = CARTESIAN_POINT('',(-3.389507760436,-3.281726211123,
    26.378152143882));
#3435 = CARTESIAN_POINT('',(-3.336104864071,-3.323198416854,
    26.211821907987));
#3436 = CARTESIAN_POINT('',(-3.293020270128,-3.355590441661,
    26.03894359064));
#3437 = CARTESIAN_POINT('',(-3.263129540086,-3.377675751573,
    25.861071490822));
#3438 = CARTESIAN_POINT('',(-3.248401084771,-3.388620764272,
    25.680563883873));
#3439 = CARTESIAN_POINT('',(-3.248381986003,-3.388633401301,
    25.319697693733));
#3440 = CARTESIAN_POINT('',(-3.263106223667,-3.377687655055,
    25.139229828985));
#3441 = CARTESIAN_POINT('',(-3.29294117591,-3.355651530583,
    24.961452619634));
#3442 = CARTESIAN_POINT('',(-3.335966464714,-3.323315033722,
    24.788630900335));
#3443 = CARTESIAN_POINT('',(-3.389356666848,-3.281857535319,
    24.622250030656));
#3444 = CARTESIAN_POINT('',(-3.450274339558,-3.232481873415,
    24.462967613945));
#3445 = CARTESIAN_POINT('',(-3.516355322903,-3.176194521995,
    24.310744561347));
#3446 = CARTESIAN_POINT('',(-3.58587860292,-3.113704435431,
    24.165084672668));
#3447 = CARTESIAN_POINT('',(-3.657713366384,-3.04541296364,
    24.025312273703));
#3448 = CARTESIAN_POINT('',(-3.731135869841,-2.971467184127,
    23.890817874778));
#3449 = CARTESIAN_POINT('',(-3.805608556809,-2.891849051005,
    23.761202186339));
#3450 = CARTESIAN_POINT('',(-3.880613620949,-2.806472857654,
    23.636249114493));
#3451 = CARTESIAN_POINT('',(-4.003228827608,-2.657396168698,
    23.439150242242));
#3452 = CARTESIAN_POINT('',(-4.050841161968,-2.597166728114,
    23.364405842094));
#3453 = CARTESIAN_POINT('',(-4.098347265585,-2.534557497245,
    23.291391781541));
#3454 = CARTESIAN_POINT('',(-4.145635907884,-2.469531518755,
    23.220082896571));
#3455 = CARTESIAN_POINT('',(-4.192603698689,-2.402035367894,
    23.150464673118));
#3456 = CARTESIAN_POINT('',(-4.239151437556,-2.332001832135,
    23.08253545284));
#3457 = CARTESIAN_POINT('',(-4.28518046703,-2.259352586577,
    23.016308634417));
#3458 = CARTESIAN_POINT('',(-4.330589029752,-2.184000864681,
    22.951814870608));
#3459 = CARTESIAN_POINT('',(-4.375268629229,-2.10585412397,
    22.889104261614));
#3460 = CARTESIAN_POINT('',(-4.419100393892,-2.024816706471,
    22.828248545149));
#3461 = CARTESIAN_POINT('',(-4.461951444295,-1.940792493261,
    22.769343283661));
#3462 = CARTESIAN_POINT('',(-4.503671262818,-1.853687552971,
    22.712510049335));
#3463 = CARTESIAN_POINT('',(-4.592858972991,-1.654478327324,
    22.591999045833));
#3464 = CARTESIAN_POINT('',(-4.639839997539,-1.54056928765,
    22.529199488319));
#3465 = CARTESIAN_POINT('',(-4.683534206149,-1.425512638324,
    22.471319219999));
#3466 = CARTESIAN_POINT('',(-4.729749116316,-1.28944162284,
    22.410687014315));
#3467 = CARTESIAN_POINT('',(-4.758400175082,-1.193279141068,
    22.373424802513));
#3468 = CARTESIAN_POINT('',(-4.81048593237,-1.014522839943,
    22.305642353512));
#3469 = CARTESIAN_POINT('',(-4.827391384912,-0.916864687179,
    22.284449418202));
#3470 = CARTESIAN_POINT('',(-4.865765953917,-0.746403357193,
    22.234772128656));
#3471 = CARTESIAN_POINT('',(-4.883271268963,-0.612635189398,
    22.21272973174));
#3472 = CARTESIAN_POINT('',(-4.902549085302,-0.458581553389,
    22.188048628269));
#3473 = CARTESIAN_POINT('',(-4.913912213456,-0.307643985057,
    22.173620267826));
#3474 = CARTESIAN_POINT('',(-4.919899338811,-0.154163519548,
    22.165998259746));
#3475 = CARTESIAN_POINT('',(-4.919899338811,3.76E-15,22.165998259747));
#3476 = CARTESIAN_POINT('',(-4.815750623039,3.6208654E-10,28.8));
#3477 = CARTESIAN_POINT('',(-4.815750623049,-0.100013875455,
    28.800000000011));
#3478 = CARTESIAN_POINT('',(-4.813031185794,-0.200060223135,
    28.796708112561));
#3479 = CARTESIAN_POINT('',(-4.807603741854,-0.299746883958,
    28.790138673982));
#3480 = CARTESIAN_POINT('',(-4.799510177678,-0.398736788196,
    28.780337480297));
#3481 = CARTESIAN_POINT('',(-4.78881968395,-0.496741528097,
    28.767378569334));
#3482 = CARTESIAN_POINT('',(-4.775625592375,-0.593514907559,
    28.75136099025));
#3483 = CARTESIAN_POINT('',(-4.760042203404,-0.688846470426,
    28.732405562241));
#3484 = CARTESIAN_POINT('',(-4.742201607838,-0.782555009629,
    28.710651627068));
#3485 = CARTESIAN_POINT('',(-4.722250504829,-0.874482059862,
    28.686253796297));
#3486 = CARTESIAN_POINT('',(-4.700347019164,-0.964485376385,
    28.659378698345));
#3487 = CARTESIAN_POINT('',(-4.676657520136,-1.052432402744,
    28.630201726053));
#3488 = CARTESIAN_POINT('',(-4.651353444437,-1.138193729894,
    28.59890378882));
#3489 = CARTESIAN_POINT('',(-4.578701943901,-1.364859410092,
    28.508621643985));
#3490 = CARTESIAN_POINT('',(-4.528607197087,-1.501201481877,
    28.445948646929));
#3491 = CARTESIAN_POINT('',(-4.474735957352,-1.631474767433,
    28.377994346849));
#3492 = CARTESIAN_POINT('',(-4.417635459986,-1.755871108544,
    28.305269956887));
#3493 = CARTESIAN_POINT('',(-4.357858327498,-1.874409089229,
    28.228287730577));
#3494 = CARTESIAN_POINT('',(-4.29589128444,-1.98716826839,
    28.147468310737));
#3495 = CARTESIAN_POINT('',(-4.232129790727,-2.094363226771,
    28.063103931344));
#3496 = CARTESIAN_POINT('',(-4.166886020922,-2.196309814244,
    27.975361071471));
#3497 = CARTESIAN_POINT('',(-4.100417644885,-2.2933358174,
    27.884306195566));
#3498 = CARTESIAN_POINT('',(-4.03296491276,-2.385688058509,
    27.789938274009));
#3499 = CARTESIAN_POINT('',(-3.964783607191,-2.473487702048,
    27.692211852064));
#3500 = CARTESIAN_POINT('',(-3.896161493729,-2.556785292291,
    27.591034519648));
#3501 = CARTESIAN_POINT('',(-3.749745717552,-2.724977398972,
    27.367836432924));
#3502 = CARTESIAN_POINT('',(-3.671911236329,-2.808644833797,
    27.244912944742));
#3503 = CARTESIAN_POINT('',(-3.59435409913,-2.886890072988,
    27.11687746346));
#3504 = CARTESIAN_POINT('',(-3.517661636925,-2.959734033526,
    26.983578426486));
#3505 = CARTESIAN_POINT('',(-3.442455602271,-3.027124556331,
    26.844703940204));
#3506 = CARTESIAN_POINT('',(-3.369520588101,-3.088881224767,
    26.699623429425));
#3507 = CARTESIAN_POINT('',(-3.300040202265,-3.144605206748,
    26.547530896067));
#3508 = CARTESIAN_POINT('',(-3.235820313674,-3.193600519871,
    26.387767598086));
#3509 = CARTESIAN_POINT('',(-3.179380076681,-3.234852421213,
    26.220203719237));
#3510 = CARTESIAN_POINT('',(-3.133792628269,-3.267108147055,
    26.045560831863));
#3511 = CARTESIAN_POINT('',(-3.10215765198,-3.289105250311,
    25.865559516715));
#3512 = CARTESIAN_POINT('',(-3.086586431308,-3.299993708231,
    25.682778719368));
#3513 = CARTESIAN_POINT('',(-3.086565647809,-3.300006286468,
    25.317490789797));
#3514 = CARTESIAN_POINT('',(-3.102133168288,-3.289116731917,
    25.134741410194));
#3515 = CARTESIAN_POINT('',(-3.133710327316,-3.267168612394,
    24.954832051142));
#3516 = CARTESIAN_POINT('',(-3.179235732603,-3.234968503775,
    24.780248239683));
#3517 = CARTESIAN_POINT('',(-3.235662438486,-3.193731545914,
    24.612637004491));
#3518 = CARTESIAN_POINT('',(-3.299924129937,-3.1447027482,
    24.452733500652));
#3519 = CARTESIAN_POINT('',(-3.369463072817,-3.08892933897,
    24.300494749748));
#3520 = CARTESIAN_POINT('',(-3.442419217917,-3.02715501545,
    24.155362354676));
#3521 = CARTESIAN_POINT('',(-3.517578182247,-2.959807928802,
    24.016574233306));
#3522 = CARTESIAN_POINT('',(-3.594175900611,-2.887054433999,
    23.883443302211));
#3523 = CARTESIAN_POINT('',(-3.671658689571,-2.808890358692,
    23.755519194465));
#3524 = CARTESIAN_POINT('',(-3.749498640669,-2.725241060962,
    23.632547664742));
#3525 = CARTESIAN_POINT('',(-3.876501713564,-2.579378301017,
    23.438925729937));
#3526 = CARTESIAN_POINT('',(-3.925778845865,-2.520462230603,
    23.365565533021));
#3527 = CARTESIAN_POINT('',(-3.974872149658,-2.459278391566,
    23.294013594676));
#3528 = CARTESIAN_POINT('',(-4.023669893001,-2.395792889519,
    23.224231936711));
#3529 = CARTESIAN_POINT('',(-4.07206938512,-2.329954964696,
    23.156193710226));
#3530 = CARTESIAN_POINT('',(-4.1199731044,-2.26169966447,23.089885304658
    ));
#3531 = CARTESIAN_POINT('',(-4.167284807395,-2.190950535456,
    23.025308476648));
#3532 = CARTESIAN_POINT('',(-4.213905619449,-2.117622336488,
    22.962482497997));
#3533 = CARTESIAN_POINT('',(-4.259730108022,-2.041623774276,
    22.901446319237));
#3534 = CARTESIAN_POINT('',(-4.304642339679,-1.962860263357,
    22.842260748772));
#3535 = CARTESIAN_POINT('',(-4.34851192269,-1.88123671208,
    22.785010643511));
#3536 = CARTESIAN_POINT('',(-4.391190036886,-1.796660336681,
    22.729807110192));
#3537 = CARTESIAN_POINT('',(-4.482400499006,-1.603232015631,
    22.612762634971));
#3538 = CARTESIAN_POINT('',(-4.530410431171,-1.492657613952,
    22.551803824394));
#3539 = CARTESIAN_POINT('',(-4.575036347586,-1.380988725082,
    22.49563458952));
#3540 = CARTESIAN_POINT('',(-4.622175711603,-1.248908402859,
    22.436864931148));
#3541 = CARTESIAN_POINT('',(-4.65124646245,-1.156481625538,
    22.400958364212));
#3542 = CARTESIAN_POINT('',(-4.704730684548,-0.981155144428,
    22.33468667406));
#3543 = CARTESIAN_POINT('',(-4.72128073215,-0.889515024795,
    22.315146975095));
#3544 = CARTESIAN_POINT('',(-4.760951891551,-0.721691588687,
    22.266147905924));
#3545 = CARTESIAN_POINT('',(-4.7783678719,-0.593807215348,
    22.245404290926));
#3546 = CARTESIAN_POINT('',(-4.798140458156,-0.443928952497,
    22.221278655549));
#3547 = CARTESIAN_POINT('',(-4.809654602032,-0.297952083299,
    22.207383975313));
#3548 = CARTESIAN_POINT('',(-4.815750623039,-0.14930252946,22.2));
#3549 = CARTESIAN_POINT('',(-4.815750623039,2.4E-15,22.2));
#3550 = CARTESIAN_POINT('',(-4.708815909778,1.15E-15,28.8));
#3551 = CARTESIAN_POINT('',(-4.708815909791,-9.777328045187E-02,
    28.800000000015));
#3552 = CARTESIAN_POINT('',(-4.706039358423,-0.195591229407,
    28.796851526081));
#3553 = CARTESIAN_POINT('',(-4.700498530325,-0.293070149071,
    28.790568664172));
#3554 = CARTESIAN_POINT('',(-4.692236014886,-0.389883577082,
    28.781194609651));
#3555 = CARTESIAN_POINT('',(-4.681321619186,-0.48575534937,
    28.768798687373));
#3556 = CARTESIAN_POINT('',(-4.667849234869,-0.58045259434,
    28.753473334261));
#3557 = CARTESIAN_POINT('',(-4.651933676859,-0.673778665272,
    28.735331052602));
#3558 = CARTESIAN_POINT('',(-4.633707502206,-0.765566018835,
    28.714501342068));
#3559 = CARTESIAN_POINT('',(-4.613317817246,-0.855669049352,
    28.691127619166));
#3560 = CARTESIAN_POINT('',(-4.590923081186,-0.943956887435,
    28.665364131831));
#3561 = CARTESIAN_POINT('',(-4.566689913627,-1.03030617267,
    28.637372877171));
#3562 = CARTESIAN_POINT('',(-4.540789913059,-1.11459380838,
    28.607320529197));
#3563 = CARTESIAN_POINT('',(-4.466431371102,-1.337440431976,
    28.520606477295));
#3564 = CARTESIAN_POINT('',(-4.415155927073,-1.471628528618,
    28.460385094658));
#3565 = CARTESIAN_POINT('',(-4.359969671275,-1.600106487771,
    28.395000650788));
#3566 = CARTESIAN_POINT('',(-4.30141504277,-1.723076174851,
    28.32491193952));
#3567 = CARTESIAN_POINT('',(-4.240042024929,-1.840554153126,
    28.250581187055));
#3568 = CARTESIAN_POINT('',(-4.176333781839,-1.952615524356,
    28.172380712116));
#3569 = CARTESIAN_POINT('',(-4.110680185769,-2.059471395596,
    28.090555550203));
#3570 = CARTESIAN_POINT('',(-4.043386092232,-2.161434798954,
    28.005225389627));
#3571 = CARTESIAN_POINT('',(-3.974701297345,-2.258829378398,
    27.916409267772));
#3572 = CARTESIAN_POINT('',(-3.904859254769,-2.351894489868,
    27.824056647672));
#3573 = CARTESIAN_POINT('',(-3.834111813604,-2.440739592389,
    27.728068718498));
#3574 = CARTESIAN_POINT('',(-3.762747452861,-2.525399960526,
    27.628294015427));
#3575 = CARTESIAN_POINT('',(-3.610358372416,-2.696879789617,
    27.407554112773));
#3576 = CARTESIAN_POINT('',(-3.529257159615,-2.782573345939,
    27.285636960325));
#3577 = CARTESIAN_POINT('',(-3.448243038871,-2.863210115365,
    27.158014017798));
#3578 = CARTESIAN_POINT('',(-3.367922549883,-2.938775742587,
    27.024481035087));
#3579 = CARTESIAN_POINT('',(-3.288939701143,-3.009177027077,
    26.884642916571));
#3580 = CARTESIAN_POINT('',(-3.212124321458,-3.07416752497,
    26.737734180575));
#3581 = CARTESIAN_POINT('',(-3.138752547422,-3.133237634677,
    26.582800794621));
#3582 = CARTESIAN_POINT('',(-3.070785630014,-3.185524466172,
    26.419086449352));
#3583 = CARTESIAN_POINT('',(-3.010959125075,-3.2297935242,
    26.246473878899));
#3584 = CARTESIAN_POINT('',(-2.962599675614,-3.264541887983,
    26.065841549179));
#3585 = CARTESIAN_POINT('',(-2.929048136344,-3.288272437255,
    25.879207348847));
#3586 = CARTESIAN_POINT('',(-2.912561539655,-3.299992594405,
    25.689540815505));
#3587 = CARTESIAN_POINT('',(-2.912538392649,-3.300007398881,
    25.310759948855));
#3588 = CARTESIAN_POINT('',(-2.9290219812,-3.288285254319,
    25.121095624652));
#3589 = CARTESIAN_POINT('',(-2.962514680655,-3.264604519546,
    24.934539007652));
#3590 = CARTESIAN_POINT('',(-3.01081022353,-3.229913479711,
    24.753969353513));
#3591 = CARTESIAN_POINT('',(-3.070622498609,-3.185659999044,
    24.581318961821));
#3592 = CARTESIAN_POINT('',(-3.138632500006,-3.1333384707,24.41746914353
    ));
#3593 = CARTESIAN_POINT('',(-3.212064934873,-3.074216952695,
    24.262387024644));
#3594 = CARTESIAN_POINT('',(-3.288901939579,-3.009208266343,
    24.115421675368));
#3595 = CARTESIAN_POINT('',(-3.367834745648,-2.938852974169,
    23.975669618737));
#3596 = CARTESIAN_POINT('',(-3.448054817235,-2.863382675679,
    23.842310133005));
#3597 = CARTESIAN_POINT('',(-3.528990248278,-2.78283045646,
    23.714802469882));
#3598 = CARTESIAN_POINT('',(-3.610098305693,-2.69715282176,
    23.592830760292));
#3599 = CARTESIAN_POINT('',(-3.742237558095,-2.548487459221,
    23.40140451328));
#3600 = CARTESIAN_POINT('',(-3.793499908479,-2.488551877143,
    23.328991819678));
#3601 = CARTESIAN_POINT('',(-3.844489544706,-2.426510933489,
    23.258568556128));
#3602 = CARTESIAN_POINT('',(-3.895093580775,-2.362336874518,
    23.190074470402));
#3603 = CARTESIAN_POINT('',(-3.945209552934,-2.295983774904,
    23.123461643604));
#3604 = CARTESIAN_POINT('',(-3.994741354594,-2.227390285695,
    23.058696359934));
#3605 = CARTESIAN_POINT('',(-4.04359510231,-2.156482450076,
    22.995761042067));
#3606 = CARTESIAN_POINT('',(-4.091674935242,-2.083176591706,
    22.93465624546));
#3607 = CARTESIAN_POINT('',(-4.13887875164,-2.007382280314,
    22.875402705777));
#3608 = CARTESIAN_POINT('',(-4.185093886712,-1.929005379998,
    22.818043432684));
#3609 = CARTESIAN_POINT('',(-4.230192737677,-1.847951185427,
    22.762645843408));
#3610 = CARTESIAN_POINT('',(-4.274028342785,-1.764127652242,
    22.70930392819));
#3611 = CARTESIAN_POINT('',(-4.367712987217,-1.572613936082,
    22.596260186029));
#3612 = CARTESIAN_POINT('',(-4.416993826272,-1.46330245487,
    22.537464447777));
#3613 = CARTESIAN_POINT('',(-4.462759220102,-1.353090065498,
    22.483362298361));
#3614 = CARTESIAN_POINT('',(-4.511033401681,-1.222960480071,
    22.42687699131));
#3615 = CARTESIAN_POINT('',(-4.54071109119,-1.132605987803,
    22.392540493236));
#3616 = CARTESIAN_POINT('',(-4.595644290914,-0.958981019524,
    22.328531230521));
#3617 = CARTESIAN_POINT('',(-4.612162065887,-0.871273000119,
    22.310546027713));
#3618 = CARTESIAN_POINT('',(-4.653036643577,-0.704949045189,
    22.262966420002));
#3619 = CARTESIAN_POINT('',(-4.670585631153,-0.580997493202,
    22.243557522248));
#3620 = CARTESIAN_POINT('',(-4.690861167662,-0.433916883246,
    22.220307410553));
#3621 = CARTESIAN_POINT('',(-4.702588901676,-0.291325812277,
    22.20706854747));
#3622 = CARTESIAN_POINT('',(-4.708815909778,-0.145987146199,22.2));
#3623 = CARTESIAN_POINT('',(-4.708815909778,1.81E-15,22.2));
#3624 = ADVANCED_FACE('',(#3625),#3653,.T.);
#3625 = FACE_BOUND('',#3626,.T.);
#3626 = EDGE_LOOP('',(#3627,#3628,#3651,#3652));
#3627 = ORIENTED_EDGE('',*,*,#2860,.T.);
#3628 = ORIENTED_EDGE('',*,*,#3629,.T.);
#3629 = EDGE_CURVE('',#2836,#3016,#3630,.T.);
#3630 = ( BOUNDED_CURVE() B_SPLINE_CURVE(7,(#3631,#3632,#3633,#3634,
    #3635,#3636,#3637,#3638,#3639,#3640,#3641,#3642,#3643,#3644,#3645,
    #3646,#3647,#3648,#3649,#3650),.UNSPECIFIED.,.F.,.F.) 
B_SPLINE_CURVE_WITH_KNOTS((8,6,6,8),(5.353500553427,7.584248771599,
9.553074211168,10.70666230282),.UNSPECIFIED.) CURVE() 
GEOMETRIC_REPRESENTATION_ITEM() RATIONAL_B_SPLINE_CURVE((1.080016620298,
    1.080017314433,1.0779837417,1.073785872208,1.069289846073,
    1.064838138794,1.060486438694,1.052719772226,1.049250277187,
    1.04601504489,1.042998516767,1.040248859325,1.037837299387,
    1.034659704342,1.033624193227,1.032756519639,1.03208293956,
1.031624254039,1.031393471788,1.031393471788)) REPRESENTATION_ITEM('') 
  );
#3631 = CARTESIAN_POINT('',(-2.912549960517,3.3,25.5));
#3632 = CARTESIAN_POINT('',(-2.912536946521,3.300007734327,
    25.851604650029));
#3633 = CARTESIAN_POINT('',(-2.973869905471,3.256395754485,
    26.204984247172));
#3634 = CARTESIAN_POINT('',(-3.101088849784,3.167036059828,
    26.531886081968));
#3635 = CARTESIAN_POINT('',(-3.241878237026,3.054731656444,
    26.813381896386));
#3636 = CARTESIAN_POINT('',(-3.39009507462,2.924055562036,
    27.071922879066));
#3637 = CARTESIAN_POINT('',(-3.541211057243,2.774652681389,
    27.30737770971));
#3638 = CARTESIAN_POINT('',(-3.823852822454,2.456666725527,
    27.716827002049));
#3639 = CARTESIAN_POINT('',(-3.955671929688,2.292219893059,
    27.89442545528));
#3640 = CARTESIAN_POINT('',(-4.08367828569,2.111615942695,
    28.058978412259));
#3641 = CARTESIAN_POINT('',(-4.205975242147,1.916323273615,
    28.210584159701));
#3642 = CARTESIAN_POINT('',(-4.321647418405,1.697483801806,
    28.35013760962));
#3643 = CARTESIAN_POINT('',(-4.424687720007,1.461470288296,
    28.471902352828));
#3644 = CARTESIAN_POINT('',(-4.563149613709,1.048198904167,
    28.63340967734));
#3645 = CARTESIAN_POINT('',(-4.608820254372,0.887033339073,
    28.68611038786));
#3646 = CARTESIAN_POINT('',(-4.647477967563,0.71874360752,
    28.730341952258));
#3647 = CARTESIAN_POINT('',(-4.677730691157,0.54425518546,
    28.764752275271));
#3648 = CARTESIAN_POINT('',(-4.698419643571,0.364795940623,
    28.788211178051));
#3649 = CARTESIAN_POINT('',(-4.708815909753,0.182332115128,
    28.799999999973));
#3650 = CARTESIAN_POINT('',(-4.708815909778,1.15E-15,28.8));
#3651 = ORIENTED_EDGE('',*,*,#3015,.F.);
#3652 = ORIENTED_EDGE('',*,*,#610,.F.);
#3653 = ( BOUNDED_SURFACE() B_SPLINE_SURFACE(6,7,(
    (#3654,#3655,#3656,#3657,#3658,#3659,#3660,#3661,#3662,#3663,#3664
      ,#3665,#3666,#3667,#3668,#3669,#3670,#3671,#3672,#3673)
    ,(#3674,#3675,#3676,#3677,#3678,#3679,#3680,#3681,#3682,#3683,#3684
      ,#3685,#3686,#3687,#3688,#3689,#3690,#3691,#3692,#3693)
    ,(#3694,#3695,#3696,#3697,#3698,#3699,#3700,#3701,#3702,#3703,#3704
      ,#3705,#3706,#3707,#3708,#3709,#3710,#3711,#3712,#3713)
    ,(#3714,#3715,#3716,#3717,#3718,#3719,#3720,#3721,#3722,#3723,#3724
      ,#3725,#3726,#3727,#3728,#3729,#3730,#3731,#3732,#3733)
    ,(#3734,#3735,#3736,#3737,#3738,#3739,#3740,#3741,#3742,#3743,#3744
      ,#3745,#3746,#3747,#3748,#3749,#3750,#3751,#3752,#3753)
    ,(#3754,#3755,#3756,#3757,#3758,#3759,#3760,#3761,#3762,#3763,#3764
      ,#3765,#3766,#3767,#3768,#3769,#3770,#3771,#3772,#3773)
    ,(#3774,#3775,#3776,#3777,#3778,#3779,#3780,#3781,#3782,#3783,#3784
      ,#3785,#3786,#3787,#3788,#3789,#3790,#3791,#3792,#3793
)),.UNSPECIFIED.,.F.,.F.,.F.) B_SPLINE_SURFACE_WITH_KNOTS((7,7),(8,6,6,8
    ),(0.,5.353161749393),(5.353500553427,7.584248771599,9.553074211168,
10.70666230282),.UNSPECIFIED.) GEOMETRIC_REPRESENTATION_ITEM() 
RATIONAL_B_SPLINE_SURFACE((
    (1.080016620298,1.080017314433,1.0779837417,1.073785872208
      ,1.069289846073,1.064838138794,1.060486438694,1.052719772226
      ,1.049250277187,1.04601504489,1.042998516767,1.040248859325
      ,1.037837299387,1.034659704342,1.033624193227,1.032756519639
      ,1.03208293956,1.031624254039,1.031393471788,1.031393471788)
    ,(1.023814727394,1.023814909169,1.023281909522,1.022185850663
      ,1.020972010281,1.019751413005,1.01853763615,1.016339628295
      ,1.015343899875,1.014403054264,1.013515982675,1.012698721278
      ,1.011976161902,1.011018547821,1.010705040336,1.010441293612
      ,1.010235933665,1.010095866774,1.010025407662,1.010025407661)
    ,(0.994937361155,0.994937321701,0.995053023413,0.995290799233
      ,0.995555823012,0.995822030627,0.996086622308,0.99656489685
      ,0.996781201942,0.996985059358,0.997176693643,0.997352634525
      ,0.997507715714,0.997712772686,0.997779782285,0.997836058216
      ,0.997879816347,0.997909639223,0.997924642725,0.997924642725)
    ,(0.985303459801,0.985303340504,0.985652944997,0.986373703532
      ,0.987154074707,0.987932292377,0.988698840979,0.990076900526
      ,0.990696829444,0.991279073915,0.991825518254,0.992326929514
      ,0.992768999349,0.993353741844,0.993544883049,0.993705484545
      ,0.993830421325,0.993915595697,0.993958444137,0.993958444137)
    ,(0.994937361155,0.994937321701,0.995053023413,0.995290799233
      ,0.995555823012,0.995822030627,0.996086622308,0.99656489685
      ,0.996781201942,0.996985059358,0.997176693643,0.997352634525
      ,0.997507715714,0.997712772686,0.997779782285,0.997836058216
      ,0.997879816347,0.997909639223,0.997924642725,0.997924642725)
    ,(1.023814727394,1.023814909169,1.023281909522,1.022185850663
      ,1.020972010281,1.019751413005,1.01853763615,1.016339628295
      ,1.015343899875,1.014403054264,1.013515982675,1.012698721278
      ,1.011976161902,1.011018547821,1.010705040336,1.010441293612
      ,1.010235933665,1.010095866774,1.010025407662,1.010025407661)
    ,(1.080016620298,1.080017314433,1.0779837417,1.073785872208
      ,1.069289846073,1.064838138794,1.060486438694,1.052719772226
      ,1.049250277187,1.04601504489,1.042998516767,1.040248859325
      ,1.037837299387,1.034659704342,1.033624193227,1.032756519639
      ,1.03208293956,1.031624254039,1.031393471788,1.031393471788
))) REPRESENTATION_ITEM('') SURFACE() );
#3654 = CARTESIAN_POINT('',(-3.159962477877,4.014304066511,25.5));
#3655 = CARTESIAN_POINT('',(-3.159944658678,4.014318093351,
    25.894536099436));
#3656 = CARTESIAN_POINT('',(-3.226756903977,3.961536883722,
    26.291351481642));
#3657 = CARTESIAN_POINT('',(-3.365035089939,3.853953388438,
    26.657285609221));
#3658 = CARTESIAN_POINT('',(-3.518370035045,3.716885836166,
    26.974441983878));
#3659 = CARTESIAN_POINT('',(-3.679058779184,3.558214549235,
    27.263474334129));
#3660 = CARTESIAN_POINT('',(-3.843065749288,3.376270383085,
    27.527611709898));
#3661 = CARTESIAN_POINT('',(-4.149656141581,2.989044811264,
    27.986585993372));
#3662 = CARTESIAN_POINT('',(-4.292614566345,2.788641225467,
    28.185625005861));
#3663 = CARTESIAN_POINT('',(-4.431057461221,2.569755479859,
    28.369535244989));
#3664 = CARTESIAN_POINT('',(-4.564196128403,2.330221043661,
    28.540224364376));
#3665 = CARTESIAN_POINT('',(-4.68898123953,2.065786701274,
    28.695726150548));
#3666 = CARTESIAN_POINT('',(-4.80094602237,1.777627662862,
    28.832540019891));
#3667 = CARTESIAN_POINT('',(-4.950902592314,1.275236982112,
    29.013320987021));
#3668 = CARTESIAN_POINT('',(-5.00045523849,1.079105900292,
    29.072434147419));
#3669 = CARTESIAN_POINT('',(-5.042370541206,0.874141137254,
    29.122009526649));
#3670 = CARTESIAN_POINT('',(-5.075132601568,0.661768201507,
    29.160522626746));
#3671 = CARTESIAN_POINT('',(-5.09753339338,0.443705851795,29.1867727953)
  );
#3672 = CARTESIAN_POINT('',(-5.108815909772,0.222157903033,
    29.199999999995));
#3673 = CARTESIAN_POINT('',(-5.108815909778,1.13E-15,29.2));
#3674 = CARTESIAN_POINT('',(-3.296705237332,3.906663493604,
    25.499894967566));
#3675 = CARTESIAN_POINT('',(-3.29669031113,3.906676226393,
    25.875552144879));
#3676 = CARTESIAN_POINT('',(-3.357886837126,3.854657093749,
    26.252126841458));
#3677 = CARTESIAN_POINT('',(-3.483924117153,3.74897539376,
    26.600213999582));
#3678 = CARTESIAN_POINT('',(-3.624391101522,3.615211028899,
    26.905234700888));
#3679 = CARTESIAN_POINT('',(-3.772648733443,3.460213942873,
    27.185104129985));
#3680 = CARTESIAN_POINT('',(-3.924642709973,3.282605382065,
    27.442544821889));
#3681 = CARTESIAN_POINT('',(-4.2093029749,2.905425251242,27.891148715041
    ));
#3682 = CARTESIAN_POINT('',(-4.342240376418,2.710753861021,
    28.086417166973));
#3683 = CARTESIAN_POINT('',(-4.471628714971,2.497772179869,
    28.267915407558));
#3684 = CARTESIAN_POINT('',(-4.596249234639,2.26513056424,
    28.436668941981));
#3685 = CARTESIAN_POINT('',(-4.713624161415,2.007512162669,
    28.591261510259));
#3686 = CARTESIAN_POINT('',(-4.818953292283,1.727199224535,
    28.727283482144));
#3687 = CARTESIAN_POINT('',(-4.960076189923,1.238696893046,
    28.90713685842));
#3688 = CARTESIAN_POINT('',(-5.006694250706,1.048231747178,
    28.96593387168));
#3689 = CARTESIAN_POINT('',(-5.046175171944,0.849162248981,
    29.01531062611));
#3690 = CARTESIAN_POINT('',(-5.077062962674,0.642847612511,
    29.053709131234));
#3691 = CARTESIAN_POINT('',(-5.098186675874,0.430956436381,
    29.079887703575));
#3692 = CARTESIAN_POINT('',(-5.108815909774,0.215689369323,
    29.093065286735));
#3693 = CARTESIAN_POINT('',(-5.108815909778,1.0204351E-10,
    29.093065286739));
#3694 = CARTESIAN_POINT('',(-3.369034782745,3.736935913529,
    25.499917262674));
#3695 = CARTESIAN_POINT('',(-3.369022672643,3.736946247153,
    25.855922140951));
#3696 = CARTESIAN_POINT('',(-3.425231109766,3.688491374401,
    26.212234013934));
#3697 = CARTESIAN_POINT('',(-3.540723601178,3.590208036382,
    26.543247744637));
#3698 = CARTESIAN_POINT('',(-3.670302079174,3.46548218398,
    26.836383207735));
#3699 = CARTESIAN_POINT('',(-3.808318459689,3.319713558757,
    27.107532114572));
#3700 = CARTESIAN_POINT('',(-3.950606595031,3.151821679487,
    27.358506105834));
#3701 = CARTESIAN_POINT('',(-4.218191966624,2.793792903195,
    27.797603072602));
#3702 = CARTESIAN_POINT('',(-4.343584025243,2.608611949135,
    27.989566107279));
#3703 = CARTESIAN_POINT('',(-4.466285737178,2.405027071783,
    28.168900701011));
#3704 = CARTESIAN_POINT('',(-4.584652544497,2.182598379824,
    28.335838331731));
#3705 = CARTESIAN_POINT('',(-4.696748385611,1.934858000882,
    28.489544110268));
#3706 = CARTESIAN_POINT('',(-4.797358262531,1.665297676531,
    28.624743176104));
#3707 = CARTESIAN_POINT('',(-4.932342759202,1.194724166679,
    28.80371323945));
#3708 = CARTESIAN_POINT('',(-4.976939774563,1.011261208436,
    28.862218595232));
#3709 = CARTESIAN_POINT('',(-5.014755048879,0.819385976987,
    28.911401605381));
#3710 = CARTESIAN_POINT('',(-5.044369212278,0.620385198909,
    28.94968261426));
#3711 = CARTESIAN_POINT('',(-5.064628355296,0.415874828768,
    28.975787299581));
#3712 = CARTESIAN_POINT('',(-5.07481416952,0.20806077883,28.988916570962
    ));
#3713 = CARTESIAN_POINT('',(-5.074814169524,1.077909E-10,28.988916570967
    ));
#3714 = CARTESIAN_POINT('',(-3.352478125126,3.547622687812,
    25.499934983348));
#3715 = CARTESIAN_POINT('',(-3.352467770357,3.547630457669,
    25.841019132041));
#3716 = CARTESIAN_POINT('',(-3.406275044591,3.503746010533,
    26.182141561752));
#3717 = CARTESIAN_POINT('',(-3.51676011107,3.414814430847,
    26.500452387451));
#3718 = CARTESIAN_POINT('',(-3.641271856377,3.300848496367,
    26.784141818551));
#3719 = CARTESIAN_POINT('',(-3.774581161153,3.166042914829,
    27.048038193353));
#3720 = CARTESIAN_POINT('',(-3.912405150227,3.009550171584,
    27.293159680814));
#3721 = CARTESIAN_POINT('',(-4.172209428541,2.673463153815,
    27.723230264121));
#3722 = CARTESIAN_POINT('',(-4.294195150339,2.498841201129,
    27.911794192904));
#3723 = CARTESIAN_POINT('',(-4.413914581752,2.305707065281,
    28.08850359875));
#3724 = CARTESIAN_POINT('',(-4.529401119039,2.094485210587,
    28.253017740441));
#3725 = CARTESIAN_POINT('',(-4.639182897556,1.857635016809,
    28.405068224676));
#3726 = CARTESIAN_POINT('',(-4.737640739619,1.599807419925,
    28.538705449231));
#3727 = CARTESIAN_POINT('',(-4.869898132785,1.148475626662,
    28.71582365017));
#3728 = CARTESIAN_POINT('',(-4.91359175247,0.972408599262,28.77372113926
    ));
#3729 = CARTESIAN_POINT('',(-4.950665576794,0.788123980944,
    28.822425198378));
#3730 = CARTESIAN_POINT('',(-4.979717424958,0.596830524624,
    28.860357164304));
#3731 = CARTESIAN_POINT('',(-4.999595734804,0.400083283725,
    28.886228649765));
#3732 = CARTESIAN_POINT('',(-5.009583715051,0.200086913391,
    28.89923219471));
#3733 = CARTESIAN_POINT('',(-5.009583715059,1.5715585E-10,
    28.899232194719));
#3734 = CARTESIAN_POINT('',(-3.248391532076,3.388627084929,
    25.499943237279));
#3735 = CARTESIAN_POINT('',(-3.248381370145,3.38863320815,
    25.834987900572));
#3736 = CARTESIAN_POINT('',(-3.303085684855,3.34797102077,
    26.170192252046));
#3737 = CARTESIAN_POINT('',(-3.415591749365,3.26548683983,
    26.483192843285));
#3738 = CARTESIAN_POINT('',(-3.54200583014,3.159101615727,
    26.761313871209));
#3739 = CARTESIAN_POINT('',(-3.677052923665,3.032370850766,
    27.020258527398));
#3740 = CARTESIAN_POINT('',(-3.816334344897,2.884622899997,
    27.260426912301));
#3741 = CARTESIAN_POINT('',(-4.078517366821,2.565859758726,
    27.681872450552));
#3742 = CARTESIAN_POINT('',(-4.201468486735,2.399706373622,
    27.866642038975));
#3743 = CARTESIAN_POINT('',(-4.321995507771,2.215269773539,
    28.03981120802));
#3744 = CARTESIAN_POINT('',(-4.437990272779,2.013633724615,
    28.200807278686));
#3745 = CARTESIAN_POINT('',(-4.54832756771,1.786419124706,
    28.349868418296));
#3746 = CARTESIAN_POINT('',(-4.647088089431,1.539214310369,
    28.480696225482));
#3747 = CARTESIAN_POINT('',(-4.779813988859,1.105476510151,
    28.654263984645));
#3748 = CARTESIAN_POINT('',(-4.823639720976,0.936169387567,
    28.710991583161));
#3749 = CARTESIAN_POINT('',(-4.86081834757,0.758898359744,
    28.758717890042));
#3750 = CARTESIAN_POINT('',(-4.8899528307,0.574785877647,28.795898510071
    ));
#3751 = CARTESIAN_POINT('',(-4.909886833771,0.385306860265,
    28.821259743967));
#3752 = CARTESIAN_POINT('',(-4.919899338798,0.192636765851,
    28.834001740239));
#3753 = CARTESIAN_POINT('',(-4.919899338811,2.452498E-10,28.834001740253
    ));
#3754 = CARTESIAN_POINT('',(-3.086576035935,3.299999999483,
    25.499940208582));
#3755 = CARTESIAN_POINT('',(-3.086564744361,3.300006095848,
    25.839090144412));
#3756 = CARTESIAN_POINT('',(-3.144429740999,3.259534076363,
    26.17886211604));
#3757 = CARTESIAN_POINT('',(-3.2638050723,3.177161027121,26.494957979548
    ));
#3758 = CARTESIAN_POINT('',(-3.396985518917,3.071596803345,
    26.772385961002));
#3759 = CARTESIAN_POINT('',(-3.538220203234,2.946573633451,
    27.029408301418));
#3760 = CARTESIAN_POINT('',(-3.683044612025,2.801560998605,
    27.266143305025));
#3761 = CARTESIAN_POINT('',(-3.954638449874,2.489639362352,
    27.680195934474));
#3762 = CARTESIAN_POINT('',(-4.081598533808,2.327298543167,
    27.861041315694));
#3763 = CARTESIAN_POINT('',(-4.205529334154,2.147458186472,
    28.029912664317));
#3764 = CARTESIAN_POINT('',(-4.324358051602,1.951559202994,
    28.186388042078));
#3765 = CARTESIAN_POINT('',(-4.437151295309,1.730750856579,
    28.331106719433));
#3766 = CARTESIAN_POINT('',(-4.537849915013,1.491214923072,
    28.457832131591));
#3767 = CARTESIAN_POINT('',(-4.673164037456,1.070776146587,
    28.62602095257));
#3768 = CARTESIAN_POINT('',(-4.717812375093,0.906662920333,
    28.680962626258));
#3769 = CARTESIAN_POINT('',(-4.755654101289,0.734943198048,
    28.727157195162));
#3770 = CARTESIAN_POINT('',(-4.78529270835,0.556644249914,28.76313474331
    ));
#3771 = CARTESIAN_POINT('',(-4.805567042283,0.373133311002,
    28.787672756278));
#3772 = CARTESIAN_POINT('',(-4.81575062302,0.186510479443,
    28.799999999979));
#3773 = CARTESIAN_POINT('',(-4.815750623039,3.6208743E-10,28.8));
#3774 = CARTESIAN_POINT('',(-2.912549960517,3.3,25.5));
#3775 = CARTESIAN_POINT('',(-2.912536946521,3.300007734327,
    25.851604650029));
#3776 = CARTESIAN_POINT('',(-2.973869905471,3.256395754485,
    26.204984247172));
#3777 = CARTESIAN_POINT('',(-3.101088849784,3.167036059828,
    26.531886081968));
#3778 = CARTESIAN_POINT('',(-3.241878237026,3.054731656444,
    26.813381896386));
#3779 = CARTESIAN_POINT('',(-3.39009507462,2.924055562036,
    27.071922879066));
#3780 = CARTESIAN_POINT('',(-3.541211057243,2.774652681389,
    27.30737770971));
#3781 = CARTESIAN_POINT('',(-3.823852822454,2.456666725527,
    27.716827002049));
#3782 = CARTESIAN_POINT('',(-3.955671929688,2.292219893059,
    27.89442545528));
#3783 = CARTESIAN_POINT('',(-4.08367828569,2.111615942695,
    28.058978412259));
#3784 = CARTESIAN_POINT('',(-4.205975242147,1.916323273615,
    28.210584159701));
#3785 = CARTESIAN_POINT('',(-4.321647418405,1.697483801806,
    28.35013760962));
#3786 = CARTESIAN_POINT('',(-4.424687720007,1.461470288296,
    28.471902352828));
#3787 = CARTESIAN_POINT('',(-4.563149613709,1.048198904167,
    28.63340967734));
#3788 = CARTESIAN_POINT('',(-4.608820254372,0.887033339073,
    28.68611038786));
#3789 = CARTESIAN_POINT('',(-4.647477967563,0.71874360752,
    28.730341952258));
#3790 = CARTESIAN_POINT('',(-4.677730691157,0.54425518546,
    28.764752275271));
#3791 = CARTESIAN_POINT('',(-4.698419643571,0.364795940623,
    28.788211178051));
#3792 = CARTESIAN_POINT('',(-4.708815909753,0.182332115128,
    28.799999999973));
#3793 = CARTESIAN_POINT('',(-4.708815909778,1.15E-15,28.8));
#3794 = ADVANCED_FACE('',(#3795),#3820,.F.);
#3795 = FACE_BOUND('',#3796,.T.);
#3796 = EDGE_LOOP('',(#3797,#3798,#3806,#3814));
#3797 = ORIENTED_EDGE('',*,*,#635,.F.);
#3798 = ORIENTED_EDGE('',*,*,#3799,.T.);
#3799 = EDGE_CURVE('',#636,#3800,#3802,.T.);
#3800 = VERTEX_POINT('',#3801);
#3801 = CARTESIAN_POINT('',(-2.1,1.,8.468787165189));
#3802 = LINE('',#3803,#3804);
#3803 = CARTESIAN_POINT('',(-2.1,6.,8.468787165189));
#3804 = VECTOR('',#3805,1.);
#3805 = DIRECTION('',(-0.,-1.,-6.7E-16));
#3806 = ORIENTED_EDGE('',*,*,#3807,.T.);
#3807 = EDGE_CURVE('',#3800,#3808,#3810,.T.);
#3808 = VERTEX_POINT('',#3809);
#3809 = CARTESIAN_POINT('',(2.1,1.,8.468787165189));
#3810 = LINE('',#3811,#3812);
#3811 = CARTESIAN_POINT('',(-2.1,1.,8.468787165189));
#3812 = VECTOR('',#3813,1.);
#3813 = DIRECTION('',(1.,0.,0.));
#3814 = ORIENTED_EDGE('',*,*,#3815,.F.);
#3815 = EDGE_CURVE('',#638,#3808,#3816,.T.);
#3816 = LINE('',#3817,#3818);
#3817 = CARTESIAN_POINT('',(2.1,6.,8.468787165189));
#3818 = VECTOR('',#3819,1.);
#3819 = DIRECTION('',(-0.,-1.,-6.7E-16));
#3820 = PLANE('',#3821);
#3821 = AXIS2_PLACEMENT_3D('',#3822,#3823,#3824);
#3822 = CARTESIAN_POINT('',(-2.1,6.,8.468787165189));
#3823 = DIRECTION('',(0.,6.7E-16,-1.));
#3824 = DIRECTION('',(-1.,-0.,-0.));
#3825 = ADVANCED_FACE('',(#3826),#3844,.F.);
#3826 = FACE_BOUND('',#3827,.T.);
#3827 = EDGE_LOOP('',(#3828,#3829,#3830,#3838));
#3828 = ORIENTED_EDGE('',*,*,#663,.T.);
#3829 = ORIENTED_EDGE('',*,*,#3815,.T.);
#3830 = ORIENTED_EDGE('',*,*,#3831,.T.);
#3831 = EDGE_CURVE('',#3808,#3832,#3834,.T.);
#3832 = VERTEX_POINT('',#3833);
#3833 = CARTESIAN_POINT('',(2.1,1.,12.668787165189));
#3834 = LINE('',#3835,#3836);
#3835 = CARTESIAN_POINT('',(2.1,1.,8.468787165189));
#3836 = VECTOR('',#3837,1.);
#3837 = DIRECTION('',(0.,-8.9E-16,1.));
#3838 = ORIENTED_EDGE('',*,*,#3839,.F.);
#3839 = EDGE_CURVE('',#655,#3832,#3840,.T.);
#3840 = LINE('',#3841,#3842);
#3841 = CARTESIAN_POINT('',(2.1,6.,12.668787165189));
#3842 = VECTOR('',#3843,1.);
#3843 = DIRECTION('',(-0.,-1.,-6.7E-16));
#3844 = PLANE('',#3845);
#3845 = AXIS2_PLACEMENT_3D('',#3846,#3847,#3848);
#3846 = CARTESIAN_POINT('',(2.1,6.,8.468787165189));
#3847 = DIRECTION('',(1.,0.,0.));
#3848 = DIRECTION('',(0.,6.7E-16,-1.));
#3849 = ADVANCED_FACE('',(#3850),#3868,.F.);
#3850 = FACE_BOUND('',#3851,.T.);
#3851 = EDGE_LOOP('',(#3852,#3853,#3854,#3862));
#3852 = ORIENTED_EDGE('',*,*,#654,.T.);
#3853 = ORIENTED_EDGE('',*,*,#3839,.T.);
#3854 = ORIENTED_EDGE('',*,*,#3855,.T.);
#3855 = EDGE_CURVE('',#3832,#3856,#3858,.T.);
#3856 = VERTEX_POINT('',#3857);
#3857 = CARTESIAN_POINT('',(-2.1,1.,12.668787165189));
#3858 = LINE('',#3859,#3860);
#3859 = CARTESIAN_POINT('',(2.1,1.,12.668787165189));
#3860 = VECTOR('',#3861,1.);
#3861 = DIRECTION('',(-1.,0.,0.));
#3862 = ORIENTED_EDGE('',*,*,#3863,.F.);
#3863 = EDGE_CURVE('',#647,#3856,#3864,.T.);
#3864 = LINE('',#3865,#3866);
#3865 = CARTESIAN_POINT('',(-2.1,6.,12.668787165189));
#3866 = VECTOR('',#3867,1.);
#3867 = DIRECTION('',(-0.,-1.,-6.7E-16));
#3868 = PLANE('',#3869);
#3869 = AXIS2_PLACEMENT_3D('',#3870,#3871,#3872);
#3870 = CARTESIAN_POINT('',(2.1,6.,12.668787165189));
#3871 = DIRECTION('',(0.,-6.7E-16,1.));
#3872 = DIRECTION('',(1.,0.,0.));
#3873 = ADVANCED_FACE('',(#3874),#3885,.F.);
#3874 = FACE_BOUND('',#3875,.T.);
#3875 = EDGE_LOOP('',(#3876,#3877,#3878,#3884));
#3876 = ORIENTED_EDGE('',*,*,#646,.F.);
#3877 = ORIENTED_EDGE('',*,*,#3863,.T.);
#3878 = ORIENTED_EDGE('',*,*,#3879,.T.);
#3879 = EDGE_CURVE('',#3856,#3800,#3880,.T.);
#3880 = LINE('',#3881,#3882);
#3881 = CARTESIAN_POINT('',(-2.1,1.,12.668787165189));
#3882 = VECTOR('',#3883,1.);
#3883 = DIRECTION('',(-0.,8.9E-16,-1.));
#3884 = ORIENTED_EDGE('',*,*,#3799,.F.);
#3885 = PLANE('',#3886);
#3886 = AXIS2_PLACEMENT_3D('',#3887,#3888,#3889);
#3887 = CARTESIAN_POINT('',(-2.1,6.,12.668787165189));
#3888 = DIRECTION('',(-1.,-0.,-0.));
#3889 = DIRECTION('',(0.,-6.7E-16,1.));
#3890 = ADVANCED_FACE('',(#3891),#3941,.T.);
#3891 = FACE_BOUND('',#3892,.T.);
#3892 = EDGE_LOOP('',(#3893,#3905,#3930,#3940));
#3893 = ORIENTED_EDGE('',*,*,#3894,.T.);
#3894 = EDGE_CURVE('',#672,#3895,#3897,.T.);
#3895 = VERTEX_POINT('',#3896);
#3896 = CARTESIAN_POINT('',(-4.708815909778,0.,14.6));
#3897 = ( BOUNDED_CURVE() B_SPLINE_CURVE(6,(#3898,#3899,#3900,#3901,
#3902,#3903,#3904),.UNSPECIFIED.,.F.,.F.) B_SPLINE_CURVE_WITH_KNOTS((7,7
),(0.,10.703664489478),.PIECEWISE_BEZIER_KNOTS.) CURVE() 
GEOMETRIC_REPRESENTATION_ITEM() RATIONAL_B_SPLINE_CURVE((1.031393471788,
    1.010025407661,0.997924642725,0.993958444137,0.997924642725,
1.010025407661,1.031393471788)) REPRESENTATION_ITEM('') );
#3898 = CARTESIAN_POINT('',(-5.108815909778,-1.2E-16,14.2));
#3899 = CARTESIAN_POINT('',(-5.108815909778,-1.0203813E-10,
    14.306934713261));
#3900 = CARTESIAN_POINT('',(-5.074814169524,-1.0778465E-10,
    14.411083429033));
#3901 = CARTESIAN_POINT('',(-5.009583715059,-1.5715051E-10,
    14.500767805281));
#3902 = CARTESIAN_POINT('',(-4.919899338811,-2.4524407E-10,
    14.565998259747));
#3903 = CARTESIAN_POINT('',(-4.815750623039,-3.6208085E-10,14.6));
#3904 = CARTESIAN_POINT('',(-4.708815909778,5.E-17,14.6));
#3905 = ORIENTED_EDGE('',*,*,#3906,.T.);
#3906 = EDGE_CURVE('',#3895,#3907,#3909,.T.);
#3907 = VERTEX_POINT('',#3908);
#3908 = CARTESIAN_POINT('',(-2.912549960517,3.3,17.9));
#3909 = ( BOUNDED_CURVE() B_SPLINE_CURVE(7,(#3910,#3911,#3912,#3913,
    #3914,#3915,#3916,#3917,#3918,#3919,#3920,#3921,#3922,#3923,#3924,
    #3925,#3926,#3927,#3928,#3929),.UNSPECIFIED.,.F.,.F.) 
B_SPLINE_CURVE_WITH_KNOTS((8,6,6,8),(10.703664489478,11.852994506996,
13.826729382933,16.058737202627),.UNSPECIFIED.) CURVE() 
GEOMETRIC_REPRESENTATION_ITEM() RATIONAL_B_SPLINE_CURVE((1.031393471788,
    1.031393471787,1.031622359125,1.032077231834,1.032745276717,
    1.03360603611,1.034633674649,1.037800872065,1.040212073412,
    1.042969913987,1.045984069373,1.049230523177,1.052705527918,
    1.06047909142,1.064831343392,1.069301806095,1.073771670093,
1.077985304286,1.080015926118,1.080016620298)) REPRESENTATION_ITEM('') 
  );
#3910 = CARTESIAN_POINT('',(-4.708815909778,5.E-17,14.6));
#3911 = CARTESIAN_POINT('',(-4.708815909803,0.181578949834,
    14.599999999973));
#3912 = CARTESIAN_POINT('',(-4.698504676795,0.363286594874,
    14.611692435674));
#3913 = CARTESIAN_POINT('',(-4.677987992569,0.542012066388,
    14.634955990779));
#3914 = CARTESIAN_POINT('',(-4.64798309705,0.715817765708,
    14.669083461479));
#3915 = CARTESIAN_POINT('',(-4.609629124572,0.883500192627,
    14.712964088345));
#3916 = CARTESIAN_POINT('',(-4.564296439425,1.04414662242,
    14.765267070107));
#3917 = CARTESIAN_POINT('',(-4.426253198224,1.457851213742,
    14.926247751911));
#3918 = CARTESIAN_POINT('',(-4.32313869622,1.694671016033,
    15.048074709593));
#3919 = CARTESIAN_POINT('',(-4.207275869341,1.914163949179,
    15.187784565308));
#3920 = CARTESIAN_POINT('',(-4.084778088869,2.110086222063,
    15.339635595336));
#3921 = CARTESIAN_POINT('',(-3.956480603918,2.291168184461,
    15.504485527047));
#3922 = CARTESIAN_POINT('',(-3.824388958623,2.456036231265,
    15.682416515644));
#3923 = CARTESIAN_POINT('',(-3.541433511252,2.774439307909,
    16.092285504742));
#3924 = CARTESIAN_POINT('',(-3.390322154359,2.923877439225,
    16.327604149085));
#3925 = CARTESIAN_POINT('',(-3.241492356156,3.055053194798,
    16.587391434617));
#3926 = CARTESIAN_POINT('',(-3.101577261372,3.166617792446,
    16.86718665196));
#3927 = CARTESIAN_POINT('',(-2.973855792293,3.25641821878,
    17.194819924366));
#3928 = CARTESIAN_POINT('',(-2.912562978653,3.299992263344,
    17.548154516626));
#3929 = CARTESIAN_POINT('',(-2.912549960517,3.3,17.9));
#3930 = ORIENTED_EDGE('',*,*,#3931,.F.);
#3931 = EDGE_CURVE('',#674,#3907,#3932,.T.);
#3932 = ( BOUNDED_CURVE() B_SPLINE_CURVE(6,(#3933,#3934,#3935,#3936,
#3937,#3938,#3939),.UNSPECIFIED.,.F.,.F.) B_SPLINE_CURVE_WITH_KNOTS((7,7
),(0.,5.355072713149),.PIECEWISE_BEZIER_KNOTS.) CURVE() 
GEOMETRIC_REPRESENTATION_ITEM() RATIONAL_B_SPLINE_CURVE((1.080016620298,
    1.023814727394,0.994937361155,0.985303459801,0.994937361155,
1.023814727394,1.080016620298)) REPRESENTATION_ITEM('') );
#3933 = CARTESIAN_POINT('',(-3.159962477875,4.014304066513,17.9));
#3934 = CARTESIAN_POINT('',(-3.29670523733,3.906663493606,
    17.899894991173));
#3935 = CARTESIAN_POINT('',(-3.369034782744,3.73693591353,
    17.899917280933));
#3936 = CARTESIAN_POINT('',(-3.352478125125,3.547622687812,
    17.899934996909));
#3937 = CARTESIAN_POINT('',(-3.248391532076,3.388627084929,
    17.89994324807));
#3938 = CARTESIAN_POINT('',(-3.086576035935,3.299999999483,
    17.89994021918));
#3939 = CARTESIAN_POINT('',(-2.912549960517,3.3,17.9));
#3940 = ORIENTED_EDGE('',*,*,#671,.F.);
#3941 = ( BOUNDED_SURFACE() B_SPLINE_SURFACE(6,7,(
    (#3942,#3943,#3944,#3945,#3946,#3947,#3948,#3949,#3950,#3951,#3952
      ,#3953,#3954,#3955,#3956,#3957,#3958,#3959,#3960,#3961)
    ,(#3962,#3963,#3964,#3965,#3966,#3967,#3968,#3969,#3970,#3971,#3972
      ,#3973,#3974,#3975,#3976,#3977,#3978,#3979,#3980,#3981)
    ,(#3982,#3983,#3984,#3985,#3986,#3987,#3988,#3989,#3990,#3991,#3992
      ,#3993,#3994,#3995,#3996,#3997,#3998,#3999,#4000,#4001)
    ,(#4002,#4003,#4004,#4005,#4006,#4007,#4008,#4009,#4010,#4011,#4012
      ,#4013,#4014,#4015,#4016,#4017,#4018,#4019,#4020,#4021)
    ,(#4022,#4023,#4024,#4025,#4026,#4027,#4028,#4029,#4030,#4031,#4032
      ,#4033,#4034,#4035,#4036,#4037,#4038,#4039,#4040,#4041)
    ,(#4042,#4043,#4044,#4045,#4046,#4047,#4048,#4049,#4050,#4051,#4052
      ,#4053,#4054,#4055,#4056,#4057,#4058,#4059,#4060,#4061)
    ,(#4062,#4063,#4064,#4065,#4066,#4067,#4068,#4069,#4070,#4071,#4072
      ,#4073,#4074,#4075,#4076,#4077,#4078,#4079,#4080,#4081
)),.UNSPECIFIED.,.F.,.F.,.F.) B_SPLINE_SURFACE_WITH_KNOTS((7,7),(8,6,6,8
    ),(0.,5.355072713149),(10.703664489478,11.852994506996,
    13.826729382933,16.058737202627),.UNSPECIFIED.) 
GEOMETRIC_REPRESENTATION_ITEM() RATIONAL_B_SPLINE_SURFACE((
    (1.031393471788,1.031393471787,1.031622359125,1.032077231834
      ,1.032745276717,1.03360603611,1.034633674649,1.037800872065
      ,1.040212073412,1.042969913987,1.045984069373,1.049230523177
      ,1.052705527918,1.06047909142,1.064831343392,1.069301806095
      ,1.073771670093,1.077985304286,1.080015926118,1.080016620298)
    ,(1.010025407661,1.010025407661,1.010095288323,1.010234190702
      ,1.010437865732,1.010699520911,1.01101066698,1.011965245104
      ,1.012687789733,1.013507556649,1.014394035991,1.015338220219
      ,1.0163355733,1.018535583674,1.019749584441,1.020975275075
      ,1.02218198032,1.023282363843,1.023814545607,1.023814727394)
    ,(0.997924642725,0.997924642725,0.997909762402,0.997880187454
      ,0.997836788618,0.997780959953,0.997714457127,0.997510058578
      ,0.997354987838,0.997178513276,0.996987012523,0.996782435371
      ,0.996565778575,0.996087069615,0.995822429841,0.995555110893
      ,0.995291643103,0.995052923783,0.994937400613,0.994937361155)
    ,(0.993958444137,0.993958444137,0.993915947491,0.993831481214
      ,0.993707569962,0.993548243912,0.993358546656,0.992775677864
      ,0.992333637062,0.991830704698,0.991284652684,0.990700362495
      ,0.990079435366,0.988700136231,0.987933470235,0.987151988006
      ,0.986376180145,0.985652665591,0.985303579105,0.985303459801)
    ,(0.997924642725,0.997924642725,0.997909762402,0.997880187454
      ,0.997836788618,0.997780959953,0.997714457127,0.997510058578
      ,0.997354987838,0.997178513276,0.996987012523,0.996782435371
      ,0.996565778575,0.996087069615,0.995822429841,0.995555110893
      ,0.995291643103,0.995052923783,0.994937400613,0.994937361155)
    ,(1.010025407661,1.010025407661,1.010095288323,1.010234190702
      ,1.010437865732,1.010699520911,1.01101066698,1.011965245104
      ,1.012687789733,1.013507556649,1.014394035991,1.015338220219
      ,1.0163355733,1.018535583674,1.019749584441,1.020975275075
      ,1.02218198032,1.023282363843,1.023814545607,1.023814727394)
    ,(1.031393471788,1.031393471787,1.031622359125,1.032077231834
      ,1.032745276717,1.03360603611,1.034633674649,1.037800872065
      ,1.040212073412,1.042969913987,1.045984069373,1.049230523177
      ,1.052705527918,1.06047909142,1.064831343392,1.069301806095
      ,1.073771670093,1.077985304286,1.080015926118,1.080016620298
))) REPRESENTATION_ITEM('') SURFACE() );
#3942 = CARTESIAN_POINT('',(-5.108815909778,1.13E-15,14.2));
#3943 = CARTESIAN_POINT('',(-5.108815909784,0.221240228964,
    14.199999999995));
#3944 = CARTESIAN_POINT('',(-5.09762611775,0.441868863017,
    14.213118436993));
#3945 = CARTESIAN_POINT('',(-5.075411249257,0.659041889664,
    14.239150844322));
#3946 = CARTESIAN_POINT('',(-5.042916866819,0.870586091322,
    14.277348351115));
#3947 = CARTESIAN_POINT('',(-5.001331446153,1.074808681207,
    14.326529641922));
#3948 = CARTESIAN_POINT('',(-4.952147069,1.270302074626,14.385194486917)
  );
#3949 = CARTESIAN_POINT('',(-4.802640305562,1.773232032406,
    14.565390934177));
#3950 = CARTESIAN_POINT('',(-4.690647485472,2.06222279522,
    14.702196614424));
#3951 = CARTESIAN_POINT('',(-4.565504335744,2.327869957104,
    14.858103568119));
#3952 = CARTESIAN_POINT('',(-4.432328260429,2.567679298687,
    15.028786968235));
#3953 = CARTESIAN_POINT('',(-4.293459511037,2.787440007866,
    15.213206992428));
#3954 = CARTESIAN_POINT('',(-4.15023837513,2.988275925106,
    15.412566767487));
#3955 = CARTESIAN_POINT('',(-3.843326123327,3.375979089658,
    15.871970059858));
#3956 = CARTESIAN_POINT('',(-3.679295032064,3.558015072866,
    16.135994717778));
#3957 = CARTESIAN_POINT('',(-3.517959998385,3.717271313304,
    16.426494412481));
#3958 = CARTESIAN_POINT('',(-3.36553297446,3.853480700679,
    16.741533761728));
#3959 = CARTESIAN_POINT('',(-3.226730922767,3.961581684073,
    17.108771126682));
#3960 = CARTESIAN_POINT('',(-3.159980302935,4.014290035059,
    17.505104880321));
#3961 = CARTESIAN_POINT('',(-3.159962477875,4.014304066513,17.9));
#3962 = CARTESIAN_POINT('',(-5.108815909778,-1.0203946E-10,
    14.306934713261));
#3963 = CARTESIAN_POINT('',(-5.108815909782,0.214798415079,
    14.306934713258));
#3964 = CARTESIAN_POINT('',(-5.098273969506,0.429171817069,
    14.320004035231));
#3965 = CARTESIAN_POINT('',(-5.077325796942,0.640197731946,
    14.345965143822));
#3966 = CARTESIAN_POINT('',(-5.046690592729,0.84570626797,
    14.384048694974));
#3967 = CARTESIAN_POINT('',(-5.007520180151,1.044054925529,
    14.43303327024));
#3968 = CARTESIAN_POINT('',(-4.96124774268,1.233901689495,
    14.491385586793));
#3969 = CARTESIAN_POINT('',(-4.820545885176,1.722926477242,
    14.67066080135));
#3970 = CARTESIAN_POINT('',(-4.715174047481,2.004079178278,
    14.806700006838));
#3971 = CARTESIAN_POINT('',(-4.597504772722,2.262783777192,
    14.961628475597));
#3972 = CARTESIAN_POINT('',(-4.472782027576,2.495817792581,
    15.130482768948));
#3973 = CARTESIAN_POINT('',(-4.343038320473,2.709565069131,
    15.312417559598));
#3974 = CARTESIAN_POINT('',(-4.2098443859,2.90467689893,15.508020508491)
  );
#3975 = CARTESIAN_POINT('',(-3.924875753088,3.282331109883,
    15.957063680927));
#3976 = CARTESIAN_POINT('',(-3.772865080467,3.46001830976,
    16.214398429809));
#3977 = CARTESIAN_POINT('',(-3.62401690581,3.615582708754,16.49561456727
    ));
#3978 = CARTESIAN_POINT('',(-3.484388454261,3.748509720499,
    16.798730749181));
#3979 = CARTESIAN_POINT('',(-3.357868958648,3.85469447116,
    17.147862941431));
#3980 = CARTESIAN_POINT('',(-3.296720164314,3.906650760149,
    17.524135980478));
#3981 = CARTESIAN_POINT('',(-3.29670523733,3.906663493606,
    17.899894991173));
#3982 = CARTESIAN_POINT('',(-5.074814169524,-1.0778599E-10,
    14.411083429033));
#3983 = CARTESIAN_POINT('',(-5.074814169529,0.207201336204,
    14.411083429028));
#3984 = CARTESIAN_POINT('',(-5.064711924531,0.414152545919,
    14.424104953958));
#3985 = CARTESIAN_POINT('',(-5.04462132119,0.617827292832,
    14.449992540948));
#3986 = CARTESIAN_POINT('',(-5.015249481155,0.816050694233,
    14.487959319855));
#3987 = CARTESIAN_POINT('',(-4.977731273882,1.007233070502,
    14.536752046554));
#3988 = CARTESIAN_POINT('',(-4.933463909392,1.190104034244,
    14.594816035586));
#3989 = CARTESIAN_POINT('',(-4.798879664942,1.661187974132,
    14.773213235209));
#3990 = CARTESIAN_POINT('',(-4.698211809469,1.931595483822,
    14.908453583047));
#3991 = CARTESIAN_POINT('',(-4.585877231341,2.180285177141,
    15.062429589953));
#3992 = CARTESIAN_POINT('',(-4.467348043807,2.403222647607,
    15.229563644071));
#3993 = CARTESIAN_POINT('',(-4.344348953356,2.607457525274,
    15.409270003296));
#3994 = CARTESIAN_POINT('',(-4.218702256704,2.793081154564,
    15.601580832792));
#3995 = CARTESIAN_POINT('',(-3.950816797625,3.151572835855,
    16.041127395244));
#3996 = CARTESIAN_POINT('',(-3.808519789965,3.319528551294,
    16.291999029935));
#3997 = CARTESIAN_POINT('',(-3.669955992828,3.465827509519,
    16.564386470497));
#3998 = CARTESIAN_POINT('',(-3.541162308067,3.589765191468,
    16.855818695137));
#3999 = CARTESIAN_POINT('',(-3.42522074849,3.688519413604,
    17.187616579442));
#4000 = CARTESIAN_POINT('',(-3.369046893511,3.73692557934,
    17.543816042733));
#4001 = CARTESIAN_POINT('',(-3.369034782744,3.73693591353,
    17.899917280933));
#4002 = CARTESIAN_POINT('',(-5.009583715059,-1.5715184E-10,
    14.500767805281));
#4003 = CARTESIAN_POINT('',(-5.009583715067,0.199260408534,
    14.500767805272));
#4004 = CARTESIAN_POINT('',(-4.999677592517,0.398426503607,
    14.513664757092));
#4005 = CARTESIAN_POINT('',(-4.979964797266,0.59436968967,
    14.539320890951));
#4006 = CARTESIAN_POINT('',(-4.951150804224,0.784916526798,
    14.57694130717));
#4007 = CARTESIAN_POINT('',(-4.914367981811,0.968538329108,
    14.625259194516));
#4008 = CARTESIAN_POINT('',(-4.870996674596,1.144041757149,
    14.682720776029));
#4009 = CARTESIAN_POINT('',(-4.73913060844,1.595873097607,
    14.859273183226));
#4010 = CARTESIAN_POINT('',(-4.64060241835,1.854551033744,14.99297081289
    ));
#4011 = CARTESIAN_POINT('',(-4.530622229662,2.092223234745,
    15.145236454832));
#4012 = CARTESIAN_POINT('',(-4.414928732576,2.304048954315,
    15.310017112965));
#4013 = CARTESIAN_POINT('',(-4.294948291853,2.497731613459,
    15.487048602231));
#4014 = CARTESIAN_POINT('',(-4.172705436887,2.672793202745,
    15.675968750782));
#4015 = CARTESIAN_POINT('',(-3.912602997863,3.009327312355,
    16.106493892478));
#4016 = CARTESIAN_POINT('',(-3.774776987181,3.165870512997,
    16.351512063577));
#4017 = CARTESIAN_POINT('',(-3.640936884258,3.301165637959,
    16.616573469191));
#4018 = CARTESIAN_POINT('',(-3.517191502951,3.414398583487,
    16.898700501582));
#4019 = CARTESIAN_POINT('',(-3.406268977247,3.503766112702,
    17.217601754188));
#4020 = CARTESIAN_POINT('',(-3.352488480538,3.547614917465,
    17.558758574224));
#4021 = CARTESIAN_POINT('',(-3.352478125125,3.547622687812,
    17.899934996909));
#4022 = CARTESIAN_POINT('',(-4.919899338811,-2.4524451E-10,
    14.565998259747));
#4023 = CARTESIAN_POINT('',(-4.919899338823,0.191841035348,
    14.565998259732));
#4024 = CARTESIAN_POINT('',(-4.909968814275,0.3837115587,14.578635918376
    ));
#4025 = CARTESIAN_POINT('',(-4.89020087196,0.572416195488,14.60378592717
    ));
#4026 = CARTESIAN_POINT('',(-4.861305035866,0.755810514991,
    14.640661043974));
#4027 = CARTESIAN_POINT('',(-4.824418204853,0.932445772642,
    14.688009126862));
#4028 = CARTESIAN_POINT('',(-4.780915684369,1.101213978031,
    14.744310076239));
#4029 = CARTESIAN_POINT('',(-4.648584097579,1.535436881431,
    14.91732269695));
#4030 = CARTESIAN_POINT('',(-4.54974616847,1.783487251403,
    15.048222016274));
#4031 = CARTESIAN_POINT('',(-4.439231439185,2.011424375029,
    15.19745937157));
#4032 = CARTESIAN_POINT('',(-4.323008084339,2.21372086486,
    15.358755492502));
#4033 = CARTESIAN_POINT('',(-4.20223097116,2.398636880313,
    15.532216721694));
#4034 = CARTESIAN_POINT('',(-4.07901718856,2.565223558517,15.71734290254
    ));
#4035 = CARTESIAN_POINT('',(-3.81653240904,2.884417970711,
    16.139239253439));
#4036 = CARTESIAN_POINT('',(-3.677253962887,3.032206422279,
    16.379297675767));
#4037 = CARTESIAN_POINT('',(-3.541662945869,3.159400968763,
    16.639383939348));
#4038 = CARTESIAN_POINT('',(-3.416035369123,3.265088951244,
    16.915990231477));
#4039 = CARTESIAN_POINT('',(-3.303079784793,3.347987064285,
    17.229504716756));
#4040 = CARTESIAN_POINT('',(-3.248401694731,3.388620961222,
    17.564807884778));
#4041 = CARTESIAN_POINT('',(-3.248391532076,3.388627084929,
    17.89994324807));
#4042 = CARTESIAN_POINT('',(-4.815750623039,-3.6208218E-10,14.6));
#4043 = CARTESIAN_POINT('',(-4.815750623058,0.185740054727,
    14.599999999979));
#4044 = CARTESIAN_POINT('',(-4.805650366746,0.371588852035,
    14.612226392383));
#4045 = CARTESIAN_POINT('',(-4.785544934286,0.554349697428,
    14.636560000635));
#4046 = CARTESIAN_POINT('',(-4.75614916828,0.731952717295,
    14.672241854757));
#4047 = CARTESIAN_POINT('',(-4.718604588468,0.90305621379,
    14.718070309151));
#4048 = CARTESIAN_POINT('',(-4.674285969607,1.066646461387,
    14.77259855396));
#4049 = CARTESIAN_POINT('',(-4.539377249219,1.487548667752,
    14.940246139264));
#4050 = CARTESIAN_POINT('',(-4.438600157035,1.727915396081,
    15.067043985284));
#4051 = CARTESIAN_POINT('',(-4.325630959474,1.949387920355,
    15.211919123614));
#4052 = CARTESIAN_POINT('',(-4.206576711361,2.145955960025,
    15.368686862983));
#4053 = CARTESIAN_POINT('',(-4.082383475573,2.326251014078,
    15.537842020394));
#4054 = CARTESIAN_POINT('',(-3.955154670944,2.48901809498,
    15.719035524019));
#4055 = CARTESIAN_POINT('',(-3.683252774107,2.801359799417,
    16.133526264799));
#4056 = CARTESIAN_POINT('',(-3.538433550879,2.946407804989,
    16.370139819933));
#4057 = CARTESIAN_POINT('',(-3.396622033689,3.071897184532,
    16.628333559733));
#4058 = CARTESIAN_POINT('',(-3.264272232335,3.176762653603,
    16.904194050423));
#4059 = CARTESIAN_POINT('',(-3.144420427457,3.25955118501,
    17.220859107471));
#4060 = CARTESIAN_POINT('',(-3.086587328379,3.299993902546,
    17.560698323945));
#4061 = CARTESIAN_POINT('',(-3.086576035935,3.299999999483,
    17.89994021918));
#4062 = CARTESIAN_POINT('',(-4.708815909778,5.E-17,14.6));
#4063 = CARTESIAN_POINT('',(-4.708815909803,0.181578949834,
    14.599999999973));
#4064 = CARTESIAN_POINT('',(-4.698504676795,0.363286594874,
    14.611692435674));
#4065 = CARTESIAN_POINT('',(-4.677987992569,0.542012066388,
    14.634955990779));
#4066 = CARTESIAN_POINT('',(-4.64798309705,0.715817765708,
    14.669083461479));
#4067 = CARTESIAN_POINT('',(-4.609629124572,0.883500192627,
    14.712964088345));
#4068 = CARTESIAN_POINT('',(-4.564296439425,1.04414662242,
    14.765267070107));
#4069 = CARTESIAN_POINT('',(-4.426253198224,1.457851213742,
    14.926247751911));
#4070 = CARTESIAN_POINT('',(-4.32313869622,1.694671016033,
    15.048074709593));
#4071 = CARTESIAN_POINT('',(-4.207275869341,1.914163949179,
    15.187784565308));
#4072 = CARTESIAN_POINT('',(-4.084778088869,2.110086222063,
    15.339635595336));
#4073 = CARTESIAN_POINT('',(-3.956480603918,2.291168184461,
    15.504485527047));
#4074 = CARTESIAN_POINT('',(-3.824388958623,2.456036231265,
    15.682416515644));
#4075 = CARTESIAN_POINT('',(-3.541433511252,2.774439307909,
    16.092285504742));
#4076 = CARTESIAN_POINT('',(-3.390322154359,2.923877439225,
    16.327604149085));
#4077 = CARTESIAN_POINT('',(-3.241492356156,3.055053194798,
    16.587391434617));
#4078 = CARTESIAN_POINT('',(-3.101577261372,3.166617792446,
    16.86718665196));
#4079 = CARTESIAN_POINT('',(-2.973855792293,3.25641821878,
    17.194819924366));
#4080 = CARTESIAN_POINT('',(-2.912562978653,3.299992263344,
    17.548154516626));
#4081 = CARTESIAN_POINT('',(-2.912549960517,3.3,17.9));
#4082 = ADVANCED_FACE('',(#4083),#4176,.T.);
#4083 = FACE_BOUND('',#4084,.T.);
#4084 = EDGE_LOOP('',(#4085,#4097,#4174,#4175));
#4085 = ORIENTED_EDGE('',*,*,#4086,.T.);
#4086 = EDGE_CURVE('',#699,#4087,#4089,.T.);
#4087 = VERTEX_POINT('',#4088);
#4088 = CARTESIAN_POINT('',(-4.708815909778,1.E-15,21.2));
#4089 = ( BOUNDED_CURVE() B_SPLINE_CURVE(6,(#4090,#4091,#4092,#4093,
#4094,#4095,#4096),.UNSPECIFIED.,.F.,.F.) B_SPLINE_CURVE_WITH_KNOTS((7,7
),(0.,10.703664489478),.PIECEWISE_BEZIER_KNOTS.) CURVE() 
GEOMETRIC_REPRESENTATION_ITEM() RATIONAL_B_SPLINE_CURVE((1.031393471788,
    1.010025407661,0.997924642725,0.993958444137,0.997924642725,
1.010025407661,1.031393471788)) REPRESENTATION_ITEM('') );
#4090 = CARTESIAN_POINT('',(-5.108815909778,-1.2E-16,21.6));
#4091 = CARTESIAN_POINT('',(-5.108815909778,1.002E-14,21.493065286739));
#4092 = CARTESIAN_POINT('',(-5.074814169524,6.9E-15,21.388916570967));
#4093 = CARTESIAN_POINT('',(-5.009583715059,4.22E-15,21.299232194719));
#4094 = CARTESIAN_POINT('',(-4.919899338811,1.98E-15,21.234001740253));
#4095 = CARTESIAN_POINT('',(-4.815750623039,6.3E-16,21.2));
#4096 = CARTESIAN_POINT('',(-4.708815909778,8.6E-16,21.2));
#4097 = ORIENTED_EDGE('',*,*,#4098,.T.);
#4098 = EDGE_CURVE('',#4087,#3895,#4099,.T.);
#4099 = ( BOUNDED_CURVE() B_SPLINE_CURVE(13,(#4100,#4101,#4102,#4103,
    #4104,#4105,#4106,#4107,#4108,#4109,#4110,#4111,#4112,#4113,#4114,
    #4115,#4116,#4117,#4118,#4119,#4120,#4121,#4122,#4123,#4124,#4125,
    #4126,#4127,#4128,#4129,#4130,#4131,#4132,#4133,#4134,#4135,#4136,
    #4137,#4138,#4139,#4140,#4141,#4142,#4143,#4144,#4145,#4146,#4147,
    #4148,#4149,#4150,#4151,#4152,#4153,#4154,#4155,#4156,#4157,#4158,
    #4159,#4160,#4161,#4162,#4163,#4164,#4165,#4166,#4167,#4168,#4169,
    #4170,#4171,#4172,#4173),.UNSPECIFIED.,.F.,.F.) 
B_SPLINE_CURVE_WITH_KNOTS((14,12,12,12,12,12,14),(-6.9E-16,
    1.148485561321,3.120770334367,5.351087154399,7.580902100434,
8.99591992148,10.703664489478),.UNSPECIFIED.) CURVE() 
GEOMETRIC_REPRESENTATION_ITEM() RATIONAL_B_SPLINE_CURVE((1.031393471788,
    1.031393471788,1.031455434479,1.031578645643,1.031762105702,
    1.032004503998,1.032304199427,1.032659210078,1.033067211713,
    1.033525548751,1.034031256979,1.034581101624,1.035171630671,
    1.036877044706,1.03806511366,1.039355750938,1.040739913895,
    1.042208747979,1.043754545717,1.045371201622,1.047054230214,
    1.04880041238,1.050607137532,1.052471506848,1.054389264697,
    1.058574978575,1.060857387254,1.063187565018,1.065551724449,
    1.067933511724,1.070306200214,1.072623041182,1.074809672531,
    1.0767624845,1.078356843576,1.079469073555,1.080016094656,
    1.080017145553,1.079469977843,1.078359141395,1.076766439399,
    1.074813994511,1.072626192218,1.070307745752,1.067934601719,
    1.065554405252,1.063193243819,1.060865388567,1.058582752237,
    1.054950743379,1.053564680138,1.052205074582,1.050873887504,
    1.049572685503,1.048302767587,1.047065291919,1.045861402369,
    1.044692355284,1.043559646056,1.042465135845,1.041411178205,
    1.039181283706,1.03802221338,1.036958204497,1.035846712785,
    1.035152476048,1.033949557547,1.033514382296,1.032659010183,
    1.032229390447,1.031794344181,1.031529937987,1.031393471788,
1.031393471788)) REPRESENTATION_ITEM('') );
#4100 = CARTESIAN_POINT('',(-4.708815909778,8.6E-16,21.2));
#4101 = CARTESIAN_POINT('',(-4.708815909778,-9.819319040508E-02,21.2));
#4102 = CARTESIAN_POINT('',(-4.706021194829,-0.196169247445,
    21.196830999884));
#4103 = CARTESIAN_POINT('',(-4.700465135185,-0.29354814775,
    21.190530684298));
#4104 = CARTESIAN_POINT('',(-4.69219872389,-0.390141602855,
    21.181152081365));
#4105 = CARTESIAN_POINT('',(-4.681291506066,-0.485812834925,
    21.168764481255));
#4106 = CARTESIAN_POINT('',(-4.667832364195,-0.580406042539,
    21.153454612204));
#4107 = CARTESIAN_POINT('',(-4.651929851435,-0.673727863129,
    21.135327596602));
#4108 = CARTESIAN_POINT('',(-4.633711767853,-0.765563080217,
    21.114507213017));
#4109 = CARTESIAN_POINT('',(-4.613323677002,-0.855706805506,
    21.091134992297));
#4110 = CARTESIAN_POINT('',(-4.590926064433,-0.943995387952,
    21.06536768178));
#4111 = CARTESIAN_POINT('',(-4.566689842868,-1.030318358589,
    21.037372614776));
#4112 = CARTESIAN_POINT('',(-4.540789913059,-1.114593808381,
    21.007320529197));
#4113 = CARTESIAN_POINT('',(-4.466431371102,-1.337440431976,
    20.920606477295));
#4114 = CARTESIAN_POINT('',(-4.415155927072,-1.471628528619,
    20.860385094657));
#4115 = CARTESIAN_POINT('',(-4.359969671277,-1.600106487769,
    20.795000650791));
#4116 = CARTESIAN_POINT('',(-4.301415042768,-1.723076174855,
    20.724911939513));
#4117 = CARTESIAN_POINT('',(-4.24004202493,-1.840554153125,
    20.650581187064));
#4118 = CARTESIAN_POINT('',(-4.176333781838,-1.952615524357,
    20.572380712105));
#4119 = CARTESIAN_POINT('',(-4.110680185769,-2.059471395599,
    20.490555550213));
#4120 = CARTESIAN_POINT('',(-4.043386092233,-2.161434798951,
    20.405225389619));
#4121 = CARTESIAN_POINT('',(-3.974701297343,-2.258829378401,
    20.316409267776));
#4122 = CARTESIAN_POINT('',(-3.90485925477,-2.351894489866,
    20.22405664767));
#4123 = CARTESIAN_POINT('',(-3.834111813603,-2.44073959239,
    20.128068718499));
#4124 = CARTESIAN_POINT('',(-3.762747452861,-2.525399960526,
    20.028294015427));
#4125 = CARTESIAN_POINT('',(-3.610358372415,-2.696879789617,
    19.807554112772));
#4126 = CARTESIAN_POINT('',(-3.529257159614,-2.782573345939,
    19.685636960326));
#4127 = CARTESIAN_POINT('',(-3.44824303887,-2.863210115367,
    19.558014017794));
#4128 = CARTESIAN_POINT('',(-3.367922549883,-2.938775742585,
    19.424481035091));
#4129 = CARTESIAN_POINT('',(-3.288939701144,-3.00917702708,
    19.284642916565));
#4130 = CARTESIAN_POINT('',(-3.212124321454,-3.074167524968,
    19.137734180578));
#4131 = CARTESIAN_POINT('',(-3.138752547426,-3.133237634679,
    18.982800794618));
#4132 = CARTESIAN_POINT('',(-3.070785630009,-3.185524466173,
    18.81908644935));
#4133 = CARTESIAN_POINT('',(-3.010959125077,-3.2297935242,
    18.646473878898));
#4134 = CARTESIAN_POINT('',(-2.962599675611,-3.264541887984,
    18.465841549176));
#4135 = CARTESIAN_POINT('',(-2.929048136345,-3.288272437255,
    18.279207348846));
#4136 = CARTESIAN_POINT('',(-2.912561539655,-3.299992594405,
    18.089540815503));
#4137 = CARTESIAN_POINT('',(-2.912538392649,-3.300007398881,
    17.710759948855));
#4138 = CARTESIAN_POINT('',(-2.9290219812,-3.288285254319,
    17.521095624651));
#4139 = CARTESIAN_POINT('',(-2.962514680656,-3.264604519547,
    17.334539007652));
#4140 = CARTESIAN_POINT('',(-3.01081022353,-3.229913479708,
    17.153969353506));
#4141 = CARTESIAN_POINT('',(-3.070622498613,-3.185659999045,
    16.981318961824));
#4142 = CARTESIAN_POINT('',(-3.138632500004,-3.133338470698,
    16.817469143524));
#4143 = CARTESIAN_POINT('',(-3.212064934876,-3.074216952698,
    16.66238702465));
#4144 = CARTESIAN_POINT('',(-3.288901939574,-3.009208266343,
    16.515421675366));
#4145 = CARTESIAN_POINT('',(-3.36783474565,-2.938852974169,
    16.375669618739));
#4146 = CARTESIAN_POINT('',(-3.448054817235,-2.863382675678,
    16.242310133002));
#4147 = CARTESIAN_POINT('',(-3.528990248281,-2.782830456458,
    16.114802469879));
#4148 = CARTESIAN_POINT('',(-3.610098305694,-2.697152821759,
    15.992830760291));
#4149 = CARTESIAN_POINT('',(-3.742237558095,-2.548487459221,
    15.80140451328));
#4150 = CARTESIAN_POINT('',(-3.793499908479,-2.488551877144,
    15.728991819679));
#4151 = CARTESIAN_POINT('',(-3.844489544706,-2.426510933488,
    15.658568556126));
#4152 = CARTESIAN_POINT('',(-3.895093580775,-2.362336874517,
    15.590074470403));
#4153 = CARTESIAN_POINT('',(-3.945209552935,-2.295983774903,
    15.5234616436));
#4154 = CARTESIAN_POINT('',(-3.994741354597,-2.227390285689,
    15.458696359933));
#4155 = CARTESIAN_POINT('',(-4.043595102311,-2.156482450077,
    15.395761042062));
#4156 = CARTESIAN_POINT('',(-4.091674935248,-2.083176591696,
    15.334656245456));
#4157 = CARTESIAN_POINT('',(-4.138878751642,-2.007382280312,
    15.275402705773));
#4158 = CARTESIAN_POINT('',(-4.185093886716,-1.929005379991,
    15.21804343268));
#4159 = CARTESIAN_POINT('',(-4.230192737678,-1.847951185424,
    15.162645843405));
#4160 = CARTESIAN_POINT('',(-4.274028342787,-1.764127652239,
    15.109303928188));
#4161 = CARTESIAN_POINT('',(-4.367712987218,-1.57261393608,
    14.996260186028));
#4162 = CARTESIAN_POINT('',(-4.416994505165,-1.463300044912,
    14.937463525707));
#4163 = CARTESIAN_POINT('',(-4.462754018937,-1.353107548844,
    14.883369323064));
#4164 = CARTESIAN_POINT('',(-4.511053097596,-1.222898956088,
    14.826850570979));
#4165 = CARTESIAN_POINT('',(-4.540665863176,-1.1327325346,
    14.792600663935));
#4166 = CARTESIAN_POINT('',(-4.595707209478,-0.958837697979,
    14.728448283428));
#4167 = CARTESIAN_POINT('',(-4.612120597668,-0.871317114258,
    14.710600659044));
#4168 = CARTESIAN_POINT('',(-4.653030618594,-0.705000474337,
    14.66297171387));
#4169 = CARTESIAN_POINT('',(-4.670583594619,-0.581081131265,
    14.643562961007));
#4170 = CARTESIAN_POINT('',(-4.690911647733,-0.433812503592,
    14.62024965019));
#4171 = CARTESIAN_POINT('',(-4.702647330598,-0.290845780495,
    14.607000848803));
#4172 = CARTESIAN_POINT('',(-4.708815909758,-0.14527749859,
    14.600000000022));
#4173 = CARTESIAN_POINT('',(-4.708815909778,5.E-17,14.6));
#4174 = ORIENTED_EDGE('',*,*,#3894,.F.);
#4175 = ORIENTED_EDGE('',*,*,#698,.F.);
#4176 = ( BOUNDED_SURFACE() B_SPLINE_SURFACE(6,13,(
    (#4177,#4178,#4179,#4180,#4181,#4182,#4183,#4184,#4185,#4186,#4187
      ,#4188,#4189,#4190,#4191,#4192,#4193,#4194,#4195,#4196,#4197,#4198
      ,#4199,#4200,#4201,#4202,#4203,#4204,#4205,#4206,#4207,#4208,#4209
      ,#4210,#4211,#4212,#4213,#4214,#4215,#4216,#4217,#4218,#4219,#4220
      ,#4221,#4222,#4223,#4224,#4225,#4226,#4227,#4228,#4229,#4230,#4231
      ,#4232,#4233,#4234,#4235,#4236,#4237,#4238,#4239,#4240,#4241,#4242
      ,#4243,#4244,#4245,#4246,#4247,#4248,#4249,#4250)
    ,(#4251,#4252,#4253,#4254,#4255,#4256,#4257,#4258,#4259,#4260,#4261
      ,#4262,#4263,#4264,#4265,#4266,#4267,#4268,#4269,#4270,#4271,#4272
      ,#4273,#4274,#4275,#4276,#4277,#4278,#4279,#4280,#4281,#4282,#4283
      ,#4284,#4285,#4286,#4287,#4288,#4289,#4290,#4291,#4292,#4293,#4294
      ,#4295,#4296,#4297,#4298,#4299,#4300,#4301,#4302,#4303,#4304,#4305
      ,#4306,#4307,#4308,#4309,#4310,#4311,#4312,#4313,#4314,#4315,#4316
      ,#4317,#4318,#4319,#4320,#4321,#4322,#4323,#4324)
    ,(#4325,#4326,#4327,#4328,#4329,#4330,#4331,#4332,#4333,#4334,#4335
      ,#4336,#4337,#4338,#4339,#4340,#4341,#4342,#4343,#4344,#4345,#4346
      ,#4347,#4348,#4349,#4350,#4351,#4352,#4353,#4354,#4355,#4356,#4357
      ,#4358,#4359,#4360,#4361,#4362,#4363,#4364,#4365,#4366,#4367,#4368
      ,#4369,#4370,#4371,#4372,#4373,#4374,#4375,#4376,#4377,#4378,#4379
      ,#4380,#4381,#4382,#4383,#4384,#4385,#4386,#4387,#4388,#4389,#4390
      ,#4391,#4392,#4393,#4394,#4395,#4396,#4397,#4398)
    ,(#4399,#4400,#4401,#4402,#4403,#4404,#4405,#4406,#4407,#4408,#4409
      ,#4410,#4411,#4412,#4413,#4414,#4415,#4416,#4417,#4418,#4419,#4420
      ,#4421,#4422,#4423,#4424,#4425,#4426,#4427,#4428,#4429,#4430,#4431
      ,#4432,#4433,#4434,#4435,#4436,#4437,#4438,#4439,#4440,#4441,#4442
      ,#4443,#4444,#4445,#4446,#4447,#4448,#4449,#4450,#4451,#4452,#4453
      ,#4454,#4455,#4456,#4457,#4458,#4459,#4460,#4461,#4462,#4463,#4464
      ,#4465,#4466,#4467,#4468,#4469,#4470,#4471,#4472)
    ,(#4473,#4474,#4475,#4476,#4477,#4478,#4479,#4480,#4481,#4482,#4483
      ,#4484,#4485,#4486,#4487,#4488,#4489,#4490,#4491,#4492,#4493,#4494
      ,#4495,#4496,#4497,#4498,#4499,#4500,#4501,#4502,#4503,#4504,#4505
      ,#4506,#4507,#4508,#4509,#4510,#4511,#4512,#4513,#4514,#4515,#4516
      ,#4517,#4518,#4519,#4520,#4521,#4522,#4523,#4524,#4525,#4526,#4527
      ,#4528,#4529,#4530,#4531,#4532,#4533,#4534,#4535,#4536,#4537,#4538
      ,#4539,#4540,#4541,#4542,#4543,#4544,#4545,#4546)
    ,(#4547,#4548,#4549,#4550,#4551,#4552,#4553,#4554,#4555,#4556,#4557
      ,#4558,#4559,#4560,#4561,#4562,#4563,#4564,#4565,#4566,#4567,#4568
      ,#4569,#4570,#4571,#4572,#4573,#4574,#4575,#4576,#4577,#4578,#4579
      ,#4580,#4581,#4582,#4583,#4584,#4585,#4586,#4587,#4588,#4589,#4590
      ,#4591,#4592,#4593,#4594,#4595,#4596,#4597,#4598,#4599,#4600,#4601
      ,#4602,#4603,#4604,#4605,#4606,#4607,#4608,#4609,#4610,#4611,#4612
      ,#4613,#4614,#4615,#4616,#4617,#4618,#4619,#4620)
    ,(#4621,#4622,#4623,#4624,#4625,#4626,#4627,#4628,#4629,#4630,#4631
      ,#4632,#4633,#4634,#4635,#4636,#4637,#4638,#4639,#4640,#4641,#4642
      ,#4643,#4644,#4645,#4646,#4647,#4648,#4649,#4650,#4651,#4652,#4653
      ,#4654,#4655,#4656,#4657,#4658,#4659,#4660,#4661,#4662,#4663,#4664
      ,#4665,#4666,#4667,#4668,#4669,#4670,#4671,#4672,#4673,#4674,#4675
      ,#4676,#4677,#4678,#4679,#4680,#4681,#4682,#4683,#4684,#4685,#4686
      ,#4687,#4688,#4689,#4690,#4691,#4692,#4693,#4694
)),.UNSPECIFIED.,.F.,.F.,.F.) B_SPLINE_SURFACE_WITH_KNOTS((7,7),(14,12,
    12,12,12,12,14),(0.,10.703664489478),(-6.9E-16,1.148485561321,
    3.120770334367,5.351087154399,7.580902100434,8.99591992148,
10.703664489478),.UNSPECIFIED.) GEOMETRIC_REPRESENTATION_ITEM() 
RATIONAL_B_SPLINE_SURFACE((
    (1.031393471788,1.031393471788,1.031455434479,1.031578645643
      ,1.031762105702,1.032004503998,1.032304199427,1.032659210078
      ,1.033067211713,1.033525548751,1.034031256979,1.034581101624
      ,1.035171630671,1.036877044706,1.03806511366,1.039355750938
      ,1.040739913895,1.042208747979,1.043754545717,1.045371201622
      ,1.047054230214,1.04880041238,1.050607137532,1.052471506848
      ,1.054389264697,1.058574978575,1.060857387254,1.063187565018
      ,1.065551724449,1.067933511724,1.070306200214,1.072623041182
      ,1.074809672531,1.0767624845,1.078356843576,1.079469073555
      ,1.080016094656,1.080017145553,1.079469977843,1.078359141395
      ,1.076766439399,1.074813994511,1.072626192218,1.070307745752
      ,1.067934601719,1.065554405252,1.063193243819,1.060865388567
      ,1.058582752237,1.054950743379,1.053564680138,1.052205074582
      ,1.050873887504,1.049572685503,1.048302767587,1.047065291919
      ,1.045861402369,1.044692355284,1.043559646056,1.042465135845
      ,1.041411178205,1.039181283706,1.03802221338,1.036958204497
      ,1.035846712785,1.035152476048,1.033949557547,1.033514382296
      ,1.032659010183,1.032229390447,1.031794344181,1.031529937987
      ,1.031393471788,1.031393471788)
    ,(1.010025407661,1.010025407662,1.01004432704,1.010081947565
      ,1.010137949553,1.0102119044,1.010303269624,1.01041138788
      ,1.010535488511,1.010674694138,1.010828030246,1.010994440198
      ,1.011172804347,1.011686807965,1.012043760896,1.012430125978
      ,1.012842791266,1.013278719305,1.013735244476,1.014210205313
      ,1.014701938903,1.015209163848,1.015730778942,1.016265604125
      ,1.016812090714,1.017996697227,1.018637870493,1.019287294741
      ,1.019940916667,1.020593891615,1.021238543936,1.021862121779
      ,1.022445190164,1.022961505497,1.023380215471,1.023671227535
      ,1.023814589743,1.023814864944,1.023671452013,1.023380816591
      ,1.022962561464,1.022446351659,1.021862968599,1.021238955841
      ,1.020594182484,1.019941648692,1.019288859697,1.018640092739
      ,1.017998883019,1.016971004823,1.016576808708,1.01618828653
      ,1.015806115195,1.015430863584,1.015063028888,1.014703072983
      ,1.014351458765,1.014008686519,1.013675330263,1.013352074107
      ,1.013039748609,1.012376845291,1.012030822285,1.011711985791
      ,1.011377569541,1.011167869727,1.010804458496,1.010671181676
      ,1.010411920238,1.010280392543,1.010147853762,1.01006706948
      ,1.010025407662,1.010025407661)
    ,(0.997924642725,0.997924642725,0.997920614223,0.99791260368
      ,0.997900677713,0.997884924837,0.99786545642,0.997842407528
      ,0.997815936416,0.997786224007,0.997753471746,0.997717899096
      ,0.997679739547,0.997569678787,0.997493150514,0.997410200327
      ,0.997321470104,0.997227591038,0.997129120637,0.997026514001
      ,0.996920124652,0.996810228757,0.996697068169,0.996580906196
      ,0.996462091266,0.996204328048,0.99606468325,0.995923155933
      ,0.995780646345,0.995638244173,0.995497678954,0.995361792312
      ,0.995234860985,0.995122598523,0.995031664814,0.994968511329
      ,0.994937391033,0.9949373313,0.994968462883,0.995031534288
      ,0.995122368758,0.995234608054,0.995361607894,0.995497589202
      ,0.995638180739,0.995780486634,0.995922814673,0.996064198903
      ,0.996203852062,0.996427512751,0.996513237325,0.996597670713
      ,0.99668066065,0.996762079681,0.996841817267,0.996919771967
      ,0.996995843509,0.997069924989,0.997141894952,0.997211609563
      ,0.99727889472,0.997421554559,0.997495915779,0.997564343542
      ,0.99763600511,0.997680870283,0.99775861559,0.997786966058
      ,0.997842348436,0.997870325835,0.99789857435,0.997915771139
      ,0.997924642725,0.997924642725)
    ,(0.993958444137,0.993958444137,0.993946938989,0.993924061391
      ,0.993890003102,0.993845019747,0.993789433603,0.993723635021
      ,0.993648081061,0.993563292655,0.993469848525,0.993368377078
      ,0.993259545004,0.99294569257,0.992727506328,0.992491048823
      ,0.992238128706,0.991970507045,0.991689717806,0.991396985632
      ,0.991093226672,0.99077911731,0.990455216632,0.990122127545
      ,0.989780682204,0.989037991733,0.988634514106,0.988224132749
      ,0.987809308047,0.987392947583,0.986979735206,0.986577734326
      ,0.986199627186,0.985862950458,0.985588689143,0.985397589128
      ,0.98530355014,0.985303369528,0.985397436687,0.985588294465
      ,0.985862266063,0.986198877445,0.986577187812,0.986979468084
      ,0.987392759255,0.987808840292,0.988223137799,0.988633107143
      ,0.989036616872,0.989681053642,0.989927590774,0.990170014556
      ,0.990407951155,0.990641093783,0.990869180002,0.991091969072
      ,0.991309219237,0.991520665079,0.991725994808,0.991924827606
      ,0.992116690935,0.992523432615,0.992735411629,0.992930472744
      ,0.993134779369,0.993262725078,0.993484445833,0.993565403611
      ,0.993723424238,0.993803336643,0.993883991817,0.993933107798
      ,0.993958444137,0.993958444137)
    ,(0.997924642725,0.997924642725,0.997920614223,0.99791260368
      ,0.997900677713,0.997884924836,0.997865456421,0.997842407527
      ,0.997815936416,0.997786224006,0.997753471746,0.997717899096
      ,0.997679739547,0.997569678787,0.997493150514,0.997410200327
      ,0.997321470104,0.997227591038,0.997129120636,0.997026514001
      ,0.996920124651,0.996810228758,0.996697068168,0.996580906196
      ,0.996462091266,0.996204328048,0.99606468325,0.995923155933
      ,0.995780646346,0.995638244172,0.995497678954,0.995361792312
      ,0.995234860986,0.995122598522,0.995031664814,0.994968511329
      ,0.994937391033,0.9949373313,0.994968462883,0.995031534288
      ,0.995122368759,0.995234608052,0.995361607896,0.9954975892
      ,0.995638180741,0.995780486633,0.995922814673,0.996064198903
      ,0.996203852062,0.996427512751,0.996513237325,0.996597670713
      ,0.99668066065,0.996762079682,0.996841817267,0.996919771968
      ,0.996995843508,0.997069924989,0.997141894952,0.997211609563
      ,0.99727889472,0.997421554559,0.99749591578,0.997564343541
      ,0.997636005112,0.997680870279,0.997758615594,0.997786966054
      ,0.997842348439,0.997870325833,0.997898574351,0.997915771139
      ,0.997924642725,0.997924642725)
    ,(1.010025407661,1.010025407662,1.01004432704,1.010081947565
      ,1.010137949553,1.0102119044,1.010303269624,1.01041138788
      ,1.010535488511,1.010674694138,1.010828030246,1.010994440198
      ,1.011172804347,1.011686807965,1.012043760896,1.012430125978
      ,1.012842791265,1.013278719308,1.013735244472,1.014210205316
      ,1.0147019389,1.01520916385,1.015730778941,1.016265604125
      ,1.016812090714,1.017996697227,1.018637870493,1.019287294741
      ,1.019940916668,1.020593891614,1.021238543938,1.021862121777
      ,1.022445190166,1.022961505496,1.023380215472,1.023671227535
      ,1.023814589743,1.023814864944,1.023671452014,1.02338081659
      ,1.022962561464,1.022446351658,1.0218629686,1.02123895584
      ,1.020594182485,1.019941648692,1.019288859697,1.018640092738
      ,1.017998883019,1.016971004823,1.016576808709,1.016188286529
      ,1.015806115195,1.015430863583,1.015063028889,1.014703072982
      ,1.014351458766,1.014008686519,1.013675330263,1.013352074107
      ,1.013039748609,1.012376845291,1.012030822285,1.011711985791
      ,1.011377569542,1.011167869725,1.010804458498,1.010671181673
      ,1.01041192024,1.010280392541,1.010147853763,1.01006706948
      ,1.010025407662,1.010025407661)
    ,(1.031393471788,1.031393471788,1.031455434479,1.031578645643
      ,1.031762105702,1.032004503998,1.032304199427,1.032659210078
      ,1.033067211713,1.033525548751,1.034031256979,1.034581101624
      ,1.035171630671,1.036877044706,1.03806511366,1.039355750938
      ,1.040739913895,1.042208747979,1.043754545717,1.045371201622
      ,1.047054230214,1.04880041238,1.050607137532,1.052471506848
      ,1.054389264697,1.058574978575,1.060857387254,1.063187565018
      ,1.065551724449,1.067933511724,1.070306200214,1.072623041182
      ,1.074809672531,1.0767624845,1.078356843576,1.079469073555
      ,1.080016094656,1.080017145553,1.079469977843,1.078359141395
      ,1.076766439399,1.074813994511,1.072626192218,1.070307745752
      ,1.067934601719,1.065554405252,1.063193243819,1.060865388567
      ,1.058582752237,1.054950743379,1.053564680138,1.052205074582
      ,1.050873887504,1.049572685503,1.048302767587,1.047065291919
      ,1.045861402369,1.044692355284,1.043559646056,1.042465135845
      ,1.041411178205,1.039181283706,1.03802221338,1.036958204497
      ,1.035846712785,1.035152476048,1.033949557547,1.033514382296
      ,1.032659010183,1.032229390447,1.031794344181,1.031529937987
,1.031393471788,1.031393471788))) REPRESENTATION_ITEM('') SURFACE() );
#4177 = CARTESIAN_POINT('',(-5.108815909778,-1.2E-16,21.6));
#4178 = CARTESIAN_POINT('',(-5.108815909778,-0.119448066102,21.6));
#4179 = CARTESIAN_POINT('',(-5.105786904622,-0.23863102881,
    21.596449723264));
#4180 = CARTESIAN_POINT('',(-5.099764725074,-0.357087985629,
    21.589391157926));
#4181 = CARTESIAN_POINT('',(-5.09080494587,-0.474586208819,
    21.578883947627));
#4182 = CARTESIAN_POINT('',(-5.078983716314,-0.590956774682,
    21.56500661985));
#4183 = CARTESIAN_POINT('',(-5.064397980759,-0.706011858494,
    21.547857196777));
#4184 = CARTESIAN_POINT('',(-5.047165133962,-0.819522559477,
    21.527553262792));
#4185 = CARTESIAN_POINT('',(-5.027422159127,-0.931236051653,
    21.504231566542));
#4186 = CARTESIAN_POINT('',(-5.00532429748,-1.040910839057,
    21.478047235174));
#4187 = CARTESIAN_POINT('',(-4.981043301233,-1.148348920137,
    21.449172683163));
#4188 = CARTESIAN_POINT('',(-4.954765322202,-1.253403737482,
    21.417796296742));
#4189 = CARTESIAN_POINT('',(-4.926688490615,-1.355942894197,
    21.384120979008));
#4190 = CARTESIAN_POINT('',(-4.846154993681,-1.626851763344,
    21.287056139269));
#4191 = CARTESIAN_POINT('',(-4.790536397023,-1.790276192801,
    21.21952852209));
#4192 = CARTESIAN_POINT('',(-4.730716516855,-1.946639913481,
    21.146269903073));
#4193 = CARTESIAN_POINT('',(-4.667280357802,-2.096190821303,
    21.067789919965));
#4194 = CARTESIAN_POINT('',(-4.600788349793,-2.239065848645,
    20.984556352975));
#4195 = CARTESIAN_POINT('',(-4.531740992313,-2.375433330915,
    20.896953922982));
#4196 = CARTESIAN_POINT('',(-4.460562871278,-2.505542967553,
    20.805260440473));
#4197 = CARTESIAN_POINT('',(-4.387603213936,-2.629711397019,
    20.70963741613));
#4198 = CARTESIAN_POINT('',(-4.313150146451,-2.748271073935,
    20.61013224041));
#4199 = CARTESIAN_POINT('',(-4.237455851211,-2.861509735349,
    20.50668906271));
#4200 = CARTESIAN_POINT('',(-4.160769875244,-2.969627302893,
    20.399165552037));
#4201 = CARTESIAN_POINT('',(-4.083377907607,-3.072736596632,
    20.287352773992));
#4202 = CARTESIAN_POINT('',(-3.918086596212,-3.281538832544,
    20.039935564554));
#4203 = CARTESIAN_POINT('',(-3.83008486864,-3.385903182235,
    19.903212114094));
#4204 = CARTESIAN_POINT('',(-3.742186395612,-3.484054038654,
    19.760171158786));
#4205 = CARTESIAN_POINT('',(-3.655026117226,-3.575996532209,
    19.610522125618));
#4206 = CARTESIAN_POINT('',(-3.569271412772,-3.661642105755,
    19.453729111478));
#4207 = CARTESIAN_POINT('',(-3.485810497523,-3.740682631236,
    19.288894784502));
#4208 = CARTESIAN_POINT('',(-3.406040483071,-3.81246288796,
    19.114979886928));
#4209 = CARTESIAN_POINT('',(-3.332117902288,-3.875899856352,
    18.931207681028));
#4210 = CARTESIAN_POINT('',(-3.267040761381,-3.929493651976,
    18.737510729989));
#4211 = CARTESIAN_POINT('',(-3.214436615977,-3.971472490491,
    18.534887800005));
#4212 = CARTESIAN_POINT('',(-3.177932676171,-4.000114317334,
    18.325550790617));
#4213 = CARTESIAN_POINT('',(-3.159977051436,-4.01429259456,
    18.112752350951));
#4214 = CARTESIAN_POINT('',(-3.159947919711,-4.014315526346,
    17.687673968046));
#4215 = CARTESIAN_POINT('',(-3.177902024356,-4.000131643826,
    17.474764471562));
#4216 = CARTESIAN_POINT('',(-3.214350130713,-3.971540020827,
    17.265444336698));
#4217 = CARTESIAN_POINT('',(-3.266892710804,-3.929621379486,
    17.062889491267));
#4218 = CARTESIAN_POINT('',(-3.331956828772,-3.876043735081,
    16.869186431754));
#4219 = CARTESIAN_POINT('',(-3.405922538871,-3.812568986213,
    16.685300836341));
#4220 = CARTESIAN_POINT('',(-3.485751878039,-3.740733948805,
    16.511239313414));
#4221 = CARTESIAN_POINT('',(-3.569231185094,-3.661677423862,
    16.346342884519));
#4222 = CARTESIAN_POINT('',(-3.654930219704,-3.576089981817,
    16.189641570026));
#4223 = CARTESIAN_POINT('',(-3.741982161539,-3.484264138817,
    16.040189282303));
#4224 = CARTESIAN_POINT('',(-3.829793089743,-3.386221031218,
    15.897289583849));
#4225 = CARTESIAN_POINT('',(-3.917794983358,-3.281886963303,
    15.760516286657));
#4226 = CARTESIAN_POINT('',(-4.061121463288,-3.100864617462,
    15.545953973578));
#4227 = CARTESIAN_POINT('',(-4.116708260647,-3.027896047019,
    15.464811303993));
#4228 = CARTESIAN_POINT('',(-4.171990195497,-2.952370827264,
    15.385909040587));
#4229 = CARTESIAN_POINT('',(-4.226849464403,-2.87425145504,
    15.309171879798));
#4230 = CARTESIAN_POINT('',(-4.281177963624,-2.793479593057,
    15.23454144013));
#4231 = CARTESIAN_POINT('',(-4.334873124975,-2.709979382561,
    15.161977818746));
#4232 = CARTESIAN_POINT('',(-4.387833679253,-2.623660837808,
    15.091461216675));
#4233 = CARTESIAN_POINT('',(-4.439955349925,-2.534423328022,
    15.022993624884));
#4234 = CARTESIAN_POINT('',(-4.491126480557,-2.442159152782,
    14.956600565606));
#4235 = CARTESIAN_POINT('',(-4.541223600979,-2.346757216968,
    14.892332880822));
#4236 = CARTESIAN_POINT('',(-4.590106937903,-2.248106812102,
    14.830268561659));
#4237 = CARTESIAN_POINT('',(-4.637615877619,-2.146101511144,
    14.7705146095));
#4238 = CARTESIAN_POINT('',(-4.73913733029,-1.913095435317,
    14.643899914393));
#4239 = CARTESIAN_POINT('',(-4.792561847458,-1.780056708683,
    14.578014571015));
#4240 = CARTESIAN_POINT('',(-4.84206614857,-1.646098481969,
    14.517547503796));
#4241 = CARTESIAN_POINT('',(-4.894338187117,-1.488736456449,
    14.454301915447));
#4242 = CARTESIAN_POINT('',(-4.927634295075,-1.372947910619,
    14.414355582855));
#4243 = CARTESIAN_POINT('',(-4.98390699667,-1.176163344984,
    14.347021286053));
#4244 = CARTESIAN_POINT('',(-5.006707290237,-1.04912153609,
    14.320257987493));
#4245 = CARTESIAN_POINT('',(-5.046401739709,-0.865243862369,
    14.273199666287));
#4246 = CARTESIAN_POINT('',(-5.068358907434,-0.703002458287,
    14.247470899191));
#4247 = CARTESIAN_POINT('',(-5.08912577236,-0.528630850165,
    14.223073923403));
#4248 = CARTESIAN_POINT('',(-5.10215211595,-0.353683519191,
    14.207811771915));
#4249 = CARTESIAN_POINT('',(-5.108815909773,-0.177009652988,
    14.200000000004));
#4250 = CARTESIAN_POINT('',(-5.108815909778,-1.2E-16,14.2));
#4251 = CARTESIAN_POINT('',(-5.108815909778,1.002E-14,21.493065286739));
#4252 = CARTESIAN_POINT('',(-5.108815909778,-0.115995833565,
    21.493065286739));
#4253 = CARTESIAN_POINT('',(-5.105961852736,-0.231743888455,
    21.489527625128));
#4254 = CARTESIAN_POINT('',(-5.100286858123,-0.346794880934,
    21.482493326662));
#4255 = CARTESIAN_POINT('',(-5.091843155393,-0.460921627429,
    21.472021740482));
#4256 = CARTESIAN_POINT('',(-5.080702908167,-0.573958677507,
    21.45819175087));
#4257 = CARTESIAN_POINT('',(-5.066958482966,-0.685721682881,
    21.441102466078));
#4258 = CARTESIAN_POINT('',(-5.050722158188,-0.795985892345,
    21.420873369163));
#4259 = CARTESIAN_POINT('',(-5.032125270421,-0.904503140881,
    21.397643916843));
#4260 = CARTESIAN_POINT('',(-5.011316794943,-1.011036697056,
    21.371572571349));
#4261 = CARTESIAN_POINT('',(-4.988461358956,-1.115393340058,
    21.34283525315));
#4262 = CARTESIAN_POINT('',(-4.96373668562,-1.217432060222,
    21.311623200944));
#4263 = CARTESIAN_POINT('',(-4.937330468249,-1.317028808495,
    21.27814022771));
#4264 = CARTESIAN_POINT('',(-4.861559227913,-1.580380091695,
    21.181596332631));
#4265 = CARTESIAN_POINT('',(-4.809241353584,-1.739296235,21.114456073617
    ));
#4266 = CARTESIAN_POINT('',(-4.752996798349,-1.891377174862,
    21.041656689562));
#4267 = CARTESIAN_POINT('',(-4.693391484695,-2.036855376654,
    20.963729246376));
#4268 = CARTESIAN_POINT('',(-4.63097330799,-2.175841438782,
    20.881172452149));
#4269 = CARTESIAN_POINT('',(-4.566230891396,-2.308484050024,
    20.794399851982));
#4270 = CARTESIAN_POINT('',(-4.499576462856,-2.435024722308,
    20.703713449435));
#4271 = CARTESIAN_POINT('',(-4.431348010051,-2.555779685012,
    20.60929765738));
#4272 = CARTESIAN_POINT('',(-4.361825878134,-2.671081203993,
    20.511227490966));
#4273 = CARTESIAN_POINT('',(-4.291258997548,-2.781210441197,
    20.409484941506));
#4274 = CARTESIAN_POINT('',(-4.219895958616,-2.886353811036,
    20.303977503622));
#4275 = CARTESIAN_POINT('',(-4.14801618474,-2.986614620725,
    20.194552868446));
#4276 = CARTESIAN_POINT('',(-3.994564131293,-3.189976701465,
    19.95274872216));
#4277 = CARTESIAN_POINT('',(-3.912926668169,-3.291761749342,
    19.819309515906));
#4278 = CARTESIAN_POINT('',(-3.831547087408,-3.387516858884,
    19.680124251816));
#4279 = CARTESIAN_POINT('',(-3.751024060539,-3.477247565577,
    19.534954332711));
#4280 = CARTESIAN_POINT('',(-3.671984476156,-3.560870823444,
    19.383350094139));
#4281 = CARTESIAN_POINT('',(-3.595239806938,-3.638101137818,
    19.224534471371));
#4282 = CARTESIAN_POINT('',(-3.52204202648,-3.708320295948,
    19.057581515014));
#4283 = CARTESIAN_POINT('',(-3.454316159108,-3.770483164086,
    18.881767992496));
#4284 = CARTESIAN_POINT('',(-3.394747994283,-3.823111144558,
    18.696978188166));
#4285 = CARTESIAN_POINT('',(-3.346606729104,-3.864424293684,
    18.504044421528));
#4286 = CARTESIAN_POINT('',(-3.313182594004,-3.892663173631,
    18.304908584248));
#4287 = CARTESIAN_POINT('',(-3.296717836463,-3.906652771967,
    18.102492433554));
#4288 = CARTESIAN_POINT('',(-3.296692647182,-3.906674207594,
    17.697883696205));
#4289 = CARTESIAN_POINT('',(-3.313154776274,-3.892680557495,
    17.495403010391));
#4290 = CARTESIAN_POINT('',(-3.346524635792,-3.864493234983,
    17.296307054687));
#4291 = CARTESIAN_POINT('',(-3.39460707416,-3.82324057689,
    17.103436204997));
#4292 = CARTESIAN_POINT('',(-3.454163025884,-3.770628418878,
    16.918625681696));
#4293 = CARTESIAN_POINT('',(-3.52192987631,-3.708427562416,
    16.742691090313));
#4294 = CARTESIAN_POINT('',(-3.59518388794,-3.638153658466,
    16.575594326882));
#4295 = CARTESIAN_POINT('',(-3.671946654217,-3.560906771812,
    16.416722151762));
#4296 = CARTESIAN_POINT('',(-3.750935773246,-3.477339212687,
    16.265207715257));
#4297 = CARTESIAN_POINT('',(-3.831359991459,-3.387720504571,
    16.120223047421));
#4298 = CARTESIAN_POINT('',(-3.912660056959,-3.292068004203,
    15.981168576869));
#4299 = CARTESIAN_POINT('',(-3.994297751109,-3.19031106834,
    15.847684256899));
#4300 = CARTESIAN_POINT('',(-4.127403907775,-3.013943011379,
    15.637919208441));
#4301 = CARTESIAN_POINT('',(-4.179022350092,-2.942959110202,
    15.558547674913));
#4302 = CARTESIAN_POINT('',(-4.230427054697,-2.869488793142,
    15.481221749753));
#4303 = CARTESIAN_POINT('',(-4.281505107868,-2.793493766317,
    15.405885583126));
#4304 = CARTESIAN_POINT('',(-4.332151862874,-2.714916108185,
    15.332498554937));
#4305 = CARTESIAN_POINT('',(-4.382267094489,-2.633681505825,
    15.261036996983));
#4306 = CARTESIAN_POINT('',(-4.431751134188,-2.549702514835,
    15.191495935795));
#4307 = CARTESIAN_POINT('',(-4.480500986651,-2.462881844197,
    15.123890853742));
#4308 = CARTESIAN_POINT('',(-4.528406428578,-2.373115668283,
    15.058259466929));
#4309 = CARTESIAN_POINT('',(-4.575346091061,-2.280296967302,
    14.994663517174));
#4310 = CARTESIAN_POINT('',(-4.62118352718,-2.184318898623,
    14.933190576425));
#4311 = CARTESIAN_POINT('',(-4.665763266873,-2.08507820062,
    14.873955860564));
#4312 = CARTESIAN_POINT('',(-4.76100972778,-1.858573063554,
    14.748446296988));
#4313 = CARTESIAN_POINT('',(-4.8111473963,-1.729330536769,
    14.683103756971));
#4314 = CARTESIAN_POINT('',(-4.857659695529,-1.59918175385,
    14.623051136201));
#4315 = CARTESIAN_POINT('',(-4.906826629906,-1.44611332758,
    14.560167439603));
#4316 = CARTESIAN_POINT('',(-4.937965889608,-1.334486006331,
    14.520707773277));
#4317 = CARTESIAN_POINT('',(-4.991422943751,-1.141292805511,
    14.452962176727));
#4318 = CARTESIAN_POINT('',(-5.012204497771,-1.020581248868,
    14.427362892485));
#4319 = CARTESIAN_POINT('',(-5.050259077129,-0.839478091038,
    14.379481493473));
#4320 = CARTESIAN_POINT('',(-5.070544245182,-0.683360653458,
    14.354463967004));
#4321 = CARTESIAN_POINT('',(-5.09029947673,-0.513319899405,
    14.329869861309));
#4322 = CARTESIAN_POINT('',(-5.102533524517,-0.343508270475,
    14.31472410521));
#4323 = CARTESIAN_POINT('',(-5.108815909775,-0.171855693154,
    14.306934713264));
#4324 = CARTESIAN_POINT('',(-5.108815909778,-1.0203813E-10,
    14.306934713261));
#4325 = CARTESIAN_POINT('',(-5.074814169524,6.9E-15,21.388916570967));
#4326 = CARTESIAN_POINT('',(-5.074814169524,-0.111924483021,
    21.388916570968));
#4327 = CARTESIAN_POINT('',(-5.072078485625,-0.223615096486,
    21.385390941652));
#4328 = CARTESIAN_POINT('',(-5.066638553564,-0.334633039789,
    21.378380132912));
#4329 = CARTESIAN_POINT('',(-5.058544573372,-0.444754627195,
    21.367943368728));
#4330 = CARTESIAN_POINT('',(-5.047866316752,-0.553815687496,
    21.354159800581));
#4331 = CARTESIAN_POINT('',(-5.034693460467,-0.66163339289,
    21.337129292876));
#4332 = CARTESIAN_POINT('',(-5.019135374768,-0.767985555463,
    21.31697271151));
#4333 = CARTESIAN_POINT('',(-5.001320295396,-0.87262743415,
    21.293831583783));
#4334 = CARTESIAN_POINT('',(-4.981393808063,-0.975326095854,
    21.267867001423));
#4335 = CARTESIAN_POINT('',(-4.959516573487,-1.07589237338,
    21.239257633896));
#4336 = CARTESIAN_POINT('',(-4.935861221609,-1.174190457471,
    21.208196723381));
#4337 = CARTESIAN_POINT('',(-4.910608342866,-1.27010515452,
    21.174887928792));
#4338 = CARTESIAN_POINT('',(-4.838141711293,-1.523759409903,
    21.078830294471));
#4339 = CARTESIAN_POINT('',(-4.788140973226,-1.676713625501,
    21.012067409385));
#4340 = CARTESIAN_POINT('',(-4.734421009724,-1.822997262794,
    20.939709898905));
#4341 = CARTESIAN_POINT('',(-4.677538507456,-1.96282573024,
    20.862305713953));
#4342 = CARTESIAN_POINT('',(-4.618039076262,-2.096280135659,
    20.780380987001));
#4343 = CARTESIAN_POINT('',(-4.556408356074,-2.223487406242,
    20.694374489224));
#4344 = CARTESIAN_POINT('',(-4.49305314323,-2.344680145531,
    20.604608225562));
#4345 = CARTESIAN_POINT('',(-4.428305405268,-2.460173937304,
    20.511284742375));
#4346 = CARTESIAN_POINT('',(-4.362442050946,-2.57029983505,
    20.414501723908));
#4347 = CARTESIAN_POINT('',(-4.295713315241,-2.675329810908,
    20.314274440037));
#4348 = CARTESIAN_POINT('',(-4.228372611419,-2.775432977957,
    20.210556603521));
#4349 = CARTESIAN_POINT('',(-4.160700692114,-2.870700441923,
    20.10325017817));
#4350 = CARTESIAN_POINT('',(-4.0164584092,-3.0637294278,19.866577385999)
  );
#4351 = CARTESIAN_POINT('',(-3.939872688007,-3.160170673612,
    19.736234720368));
#4352 = CARTESIAN_POINT('',(-3.863727965941,-3.250684104632,
    19.600680800856));
#4353 = CARTESIAN_POINT('',(-3.788600594571,-3.335285290102,
    19.459744613575));
#4354 = CARTESIAN_POINT('',(-3.715090847761,-3.413909908164,
    19.313077123338));
#4355 = CARTESIAN_POINT('',(-3.64395042307,-3.486322442106,
    19.160030164078));
#4356 = CARTESIAN_POINT('',(-3.576309549967,-3.551997120214,
    18.99980232396));
#4357 = CARTESIAN_POINT('',(-3.513891287054,-3.610023067228,
    18.831746751778));
#4358 = CARTESIAN_POINT('',(-3.459100302849,-3.659085809515,
    18.655735436418));
#4359 = CARTESIAN_POINT('',(-3.414873190534,-3.697577398054,
    18.472474031044));
#4360 = CARTESIAN_POINT('',(-3.384177310858,-3.72388739875,
    18.283660737965));
#4361 = CARTESIAN_POINT('',(-3.369045495739,-3.73692674618,
    18.091882282983));
#4362 = CARTESIAN_POINT('',(-3.369024077291,-3.73694507443,
    17.708440505892));
#4363 = CARTESIAN_POINT('',(-3.384152233545,-3.723903344125,
    17.51664677751));
#4364 = CARTESIAN_POINT('',(-3.414794670877,-3.69764468733,
    17.327898316099));
#4365 = CARTESIAN_POINT('',(-3.458964696034,-3.659212151855,
    17.144695483508));
#4366 = CARTESIAN_POINT('',(-3.513743826814,-3.610164726498,
    16.968648742521));
#4367 = CARTESIAN_POINT('',(-3.576201409122,-3.55210201823,
    16.800463517869));
#4368 = CARTESIAN_POINT('',(-3.643896417551,-3.48637428311,
    16.640093388922));
#4369 = CARTESIAN_POINT('',(-3.715055122041,-3.413944846432,
    16.486994655649));
#4370 = CARTESIAN_POINT('',(-3.788518660427,-3.335371680482,
    16.340415715361));
#4371 = CARTESIAN_POINT('',(-3.863554549991,-3.250874849709,
    16.199655138052));
#4372 = CARTESIAN_POINT('',(-3.939625977429,-3.160456603849,
    16.064222713039));
#4373 = CARTESIAN_POINT('',(-4.016212465074,-3.064041020783,
    15.933838037022));
#4374 = CARTESIAN_POINT('',(-4.141350358002,-2.89660695773,
    15.728491634254));
#4375 = CARTESIAN_POINT('',(-4.189924877661,-2.829175728415,
    15.650701945488));
#4376 = CARTESIAN_POINT('',(-4.238376802688,-2.759289002734,
    15.5747843264));
#4377 = CARTESIAN_POINT('',(-4.286595042398,-2.686908003437,
    15.500701859588));
#4378 = CARTESIAN_POINT('',(-4.334475845805,-2.611975760497,
    15.428430711446));
#4379 = CARTESIAN_POINT('',(-4.381919198362,-2.534420141495,
    15.35796208015));
#4380 = CARTESIAN_POINT('',(-4.428825222627,-2.454156877115,
    15.289304139168));
#4381 = CARTESIAN_POINT('',(-4.475090582853,-2.371092581506,
    15.222483976467));
#4382 = CARTESIAN_POINT('',(-4.520604893118,-2.285127767035,
    15.157549530249));
#4383 = CARTESIAN_POINT('',(-4.565247128934,-2.196159853171,
    15.094571521176));
#4384 = CARTESIAN_POINT('',(-4.608882041794,-2.104086169017,
    15.033645382097));
#4385 = CARTESIAN_POINT('',(-4.651356576394,-2.008806949102,
    14.974893185388));
#4386 = CARTESIAN_POINT('',(-4.742139532929,-1.791273610581,
    14.850374431522));
#4387 = CARTESIAN_POINT('',(-4.789960419959,-1.667095310294,
    14.785512060968));
#4388 = CARTESIAN_POINT('',(-4.834384757228,-1.541935483115,
    14.725823535981));
#4389 = CARTESIAN_POINT('',(-4.881393831081,-1.394438728331,
    14.663274021805));
#4390 = CARTESIAN_POINT('',(-4.910948499077,-1.287983068698,
    14.624318656624));
#4391 = CARTESIAN_POINT('',(-4.962727385824,-1.099445794212,
    14.556028569908));
#4392 = CARTESIAN_POINT('',(-4.981731311772,-0.986407748724,
    14.531780015375));
#4393 = CARTESIAN_POINT('',(-5.019032287384,-0.808776436295,
    14.482902241109));
#4394 = CARTESIAN_POINT('',(-5.037946381844,-0.660033736069,
    14.458707196185));
#4395 = CARTESIAN_POINT('',(-5.057115477231,-0.495186678881,
    14.433870886079));
#4396 = CARTESIAN_POINT('',(-5.068788100007,-0.331487341164,
    14.418852472463));
#4397 = CARTESIAN_POINT('',(-5.074814169521,-0.165777430185,
    14.411083429037));
#4398 = CARTESIAN_POINT('',(-5.074814169524,-1.0778465E-10,
    14.411083429033));
#4399 = CARTESIAN_POINT('',(-5.009583715059,4.22E-15,21.299232194719));
#4400 = CARTESIAN_POINT('',(-5.009583715059,-0.107668860526,
    21.299232194719));
#4401 = CARTESIAN_POINT('',(-5.006900391986,-0.215114517926,
    21.29573930102));
#4402 = CARTESIAN_POINT('',(-5.001564517338,-0.321908752555,
    21.288793465084));
#4403 = CARTESIAN_POINT('',(-4.993625416396,-0.427831252813,
    21.278453498652));
#4404 = CARTESIAN_POINT('',(-4.983151771128,-0.532718978903,
    21.264798147165));
#4405 = CARTESIAN_POINT('',(-4.970232045953,-0.636390536031,
    21.247926976329));
#4406 = CARTESIAN_POINT('',(-4.954974390347,-0.738626288125,
    21.227960822628));
#4407 = CARTESIAN_POINT('',(-4.937505871968,-0.839184955271,
    21.205041556947));
#4408 = CARTESIAN_POINT('',(-4.917970893289,-0.937837441043,
    21.179330911366));
#4409 = CARTESIAN_POINT('',(-4.896528644413,-1.034398631772,
    21.151008116736));
#4410 = CARTESIAN_POINT('',(-4.873349444064,-1.128737896662,
    21.12026609973));
#4411 = CARTESIAN_POINT('',(-4.848609820378,-1.22074899992,
    21.087305985845));
#4412 = CARTESIAN_POINT('',(-4.777610095365,-1.464025392856,
    20.992246106325));
#4413 = CARTESIAN_POINT('',(-4.728650953614,-1.610540915539,
    20.926216667871));
#4414 = CARTESIAN_POINT('',(-4.676063076688,-1.750533704233,
    20.854671705482));
#4415 = CARTESIAN_POINT('',(-4.62039936234,-1.884203684115,
    20.77816492566));
#4416 = CARTESIAN_POINT('',(-4.56220834197,-2.011603334983,
    20.697238148986));
#4417 = CARTESIAN_POINT('',(-4.501976860715,-2.132838385681,
    20.612343719138));
#4418 = CARTESIAN_POINT('',(-4.440108998181,-2.248132799608,
    20.523812042529));
#4419 = CARTESIAN_POINT('',(-4.376931848395,-2.357801355973,
    20.431851756656));
#4420 = CARTESIAN_POINT('',(-4.312718765451,-2.462173220582,
    20.336570010625));
#4421 = CARTESIAN_POINT('',(-4.247720659116,-2.561510011905,
    20.238000312689));
#4422 = CARTESIAN_POINT('',(-4.182195895466,-2.655961995066,
    20.136125363571));
#4423 = CARTESIAN_POINT('',(-4.116429324089,-2.745606174397,
    20.030882251769));
#4424 = CARTESIAN_POINT('',(-3.976381460538,-2.926807408783,
    19.799073098436));
#4425 = CARTESIAN_POINT('',(-3.902110229019,-3.01704311043,
    19.671595321322));
#4426 = CARTESIAN_POINT('',(-3.828366714266,-3.101430546886,
    19.539255055335));
#4427 = CARTESIAN_POINT('',(-3.755719345176,-3.17999750147,
    19.401927467526));
#4428 = CARTESIAN_POINT('',(-3.684760905265,-3.252698663065,
    19.259334441911));
#4429 = CARTESIAN_POINT('',(-3.616220399755,-3.319348229679,
    19.110916807431));
#4430 = CARTESIAN_POINT('',(-3.551174800539,-3.3795195952,
    18.955959798613));
#4431 = CARTESIAN_POINT('',(-3.491253245192,-3.432459604948,
    18.793874402577));
#4432 = CARTESIAN_POINT('',(-3.438725357593,-3.47706542695,
    18.624536064559));
#4433 = CARTESIAN_POINT('',(-3.396364560457,-3.511972483712,
    18.448580706517));
#4434 = CARTESIAN_POINT('',(-3.366977004819,-3.535801901644,
    18.267556217313));
#4435 = CARTESIAN_POINT('',(-3.3524877148,-3.547615240302,
    18.083825915513));
#4436 = CARTESIAN_POINT('',(-3.352468542123,-3.547630130185,
    17.716454816072));
#4437 = CARTESIAN_POINT('',(-3.366953614445,-3.535815607327,
    17.532747506283));
#4438 = CARTESIAN_POINT('',(-3.396287164289,-3.512036429991,
    17.351808112991));
#4439 = CARTESIAN_POINT('',(-3.438590668332,-3.477186358411,
    17.175909101859));
#4440 = CARTESIAN_POINT('',(-3.491106508517,-3.432595410069,
    17.006524392674));
#4441 = CARTESIAN_POINT('',(-3.551067052578,-3.379620446913,
    16.84430206717));
#4442 = CARTESIAN_POINT('',(-3.616166663161,-3.319398288279,
    16.689202672841));
#4443 = CARTESIAN_POINT('',(-3.684726181834,-3.25273164162,
    16.540736011361));
#4444 = CARTESIAN_POINT('',(-3.755640467379,-3.18007740754,
    16.398230687767));
#4445 = CARTESIAN_POINT('',(-3.828199466114,-3.101606804499,
    16.261072190871));
#4446 = CARTESIAN_POINT('',(-3.901872639793,-3.017307017258,
    16.128846537973));
#4447 = CARTESIAN_POINT('',(-3.976145798503,-2.927094488784,
    16.001327485628));
#4448 = CARTESIAN_POINT('',(-4.097651493306,-2.769912803305,
    15.800190716567));
#4449 = CARTESIAN_POINT('',(-4.14484661665,-2.706499481015,
    15.72392612386));
#4450 = CARTESIAN_POINT('',(-4.191962252258,-2.640651975784,
    15.649418149001));
#4451 = CARTESIAN_POINT('',(-4.238887380794,-2.572331944254,
    15.576641808159));
#4452 = CARTESIAN_POINT('',(-4.285518186192,-2.501484045042,
    15.505583433412));
#4453 = CARTESIAN_POINT('',(-4.331754518326,-2.428038753188,
    15.43624281622));
#4454 = CARTESIAN_POINT('',(-4.377496367008,-2.351915161367,
    15.368635337954));
#4455 = CARTESIAN_POINT('',(-4.422640346891,-2.273023766865,
    15.302794088185));
#4456 = CARTESIAN_POINT('',(-4.467076192663,-2.191269243355,
    15.238771972603));
#4457 = CARTESIAN_POINT('',(-4.5106832638,-2.106553196357,
    15.176643811174));
#4458 = CARTESIAN_POINT('',(-4.553327057857,-2.018776901288,
    15.116508428544));
#4459 = CARTESIAN_POINT('',(-4.594855731124,-1.927844022786,
    15.058490737816));
#4460 = CARTESIAN_POINT('',(-4.683642307536,-1.720045888477,
    14.935492029248));
#4461 = CARTESIAN_POINT('',(-4.730427697748,-1.601310206715,
    14.871397136343));
#4462 = CARTESIAN_POINT('',(-4.773931286236,-1.48149150753,
    14.812356161788));
#4463 = CARTESIAN_POINT('',(-4.819985183887,-1.339967147333,
    14.750466741136));
#4464 = CARTESIAN_POINT('',(-4.848704325177,-1.238967907721,
    14.71222014428));
#4465 = CARTESIAN_POINT('',(-4.900108095358,-1.055443345207,
    14.643754864226));
#4466 = CARTESIAN_POINT('',(-4.917768323434,-0.950473918771,
    14.621026723219));
#4467 = CARTESIAN_POINT('',(-4.955248350787,-0.776554874984,
    14.571416064602));
#4468 = CARTESIAN_POINT('',(-4.973229300356,-0.635570223334,
    14.54820545851));
#4469 = CARTESIAN_POINT('',(-4.992278632167,-0.476193754653,
    14.523270522804));
#4470 = CARTESIAN_POINT('',(-5.003668579581,-0.318909707342,
    14.50847084741));
#4471 = CARTESIAN_POINT('',(-5.009583715053,-0.159424061106,
    14.500767805288));
#4472 = CARTESIAN_POINT('',(-5.009583715059,-1.5715051E-10,
    14.500767805281));
#4473 = CARTESIAN_POINT('',(-4.919899338811,1.98E-15,21.234001740253));
#4474 = CARTESIAN_POINT('',(-4.919899338811,-0.103692744345,
    21.234001740254));
#4475 = CARTESIAN_POINT('',(-4.91720871598,-0.207169137577,
    21.230578103476));
#4476 = CARTESIAN_POINT('',(-4.911858497971,-0.310013429477,
    21.223770173591));
#4477 = CARTESIAN_POINT('',(-4.903898049873,-0.412011063889,
    21.213635710475));
#4478 = CARTESIAN_POINT('',(-4.89339589863,-0.51300260805,21.20025188412
    ));
#4479 = CARTESIAN_POINT('',(-4.880440276182,-0.612810435969,
    21.183716257179));
#4480 = CARTESIAN_POINT('',(-4.865139164849,-0.711219551319,
    21.164147400771));
#4481 = CARTESIAN_POINT('',(-4.847619627484,-0.807993939464,
    21.141684787277));
#4482 = CARTESIAN_POINT('',(-4.828026205881,-0.902909839127,
    21.116487604714));
#4483 = CARTESIAN_POINT('',(-4.80651816934,-0.995787323233,
    21.088732135585));
#4484 = CARTESIAN_POINT('',(-4.783265396492,-1.086501573542,
    21.058607344382));
#4485 = CARTESIAN_POINT('',(-4.758442672036,-1.174955228327,
    21.026308316139));
#4486 = CARTESIAN_POINT('',(-4.687188979713,-1.408761728413,
    20.933149998136));
#4487 = CARTESIAN_POINT('',(-4.638064170966,-1.549425067226,
    20.868471960086));
#4488 = CARTESIAN_POINT('',(-4.58527855004,-1.683752191907,20.798385661)
  );
#4489 = CARTESIAN_POINT('',(-4.529382523667,-1.811934174552,
    20.723433743102));
#4490 = CARTESIAN_POINT('',(-4.470927803556,-1.934001507104,
    20.644154817162));
#4491 = CARTESIAN_POINT('',(-4.410402182506,-2.050043488122,
    20.560996349958));
#4492 = CARTESIAN_POINT('',(-4.348206125324,-2.160278032759,
    20.474279592175));
#4493 = CARTESIAN_POINT('',(-4.284659907399,-2.26502031193,
    20.384201611698));
#4494 = CARTESIAN_POINT('',(-4.220030028731,-2.364598660534,
    20.290859491568));
#4495 = CARTESIAN_POINT('',(-4.154563621828,-2.459266237083,
    20.194281739281));
#4496 = CARTESIAN_POINT('',(-4.08851956005,-2.549156966065,
    20.094451939792));
#4497 = CARTESIAN_POINT('',(-4.022184959275,-2.634334346738,
    19.991309667009));
#4498 = CARTESIAN_POINT('',(-3.880850660974,-2.80620380985,
    19.76414059241));
#4499 = CARTESIAN_POINT('',(-3.805849260026,-2.891600626027,
    19.639230907123));
#4500 = CARTESIAN_POINT('',(-3.731305564192,-2.97130115545,
    19.509504104251));
#4501 = CARTESIAN_POINT('',(-3.657793131501,-3.045337940943,
    19.374843171942));
#4502 = CARTESIAN_POINT('',(-3.585913699613,-3.11367325863,
    19.23498379077));
#4503 = CARTESIAN_POINT('',(-3.516410529477,-3.17614605862,
    19.089372990609));
#4504 = CARTESIAN_POINT('',(-3.450385378632,-3.232384147666,
    18.937293799247));
#4505 = CARTESIAN_POINT('',(-3.389507760433,-3.281726211121,
    18.778152143872));
#4506 = CARTESIAN_POINT('',(-3.336104864071,-3.323198416857,
    18.611821907991));
#4507 = CARTESIAN_POINT('',(-3.293020270126,-3.35559044166,
    18.438943590634));
#4508 = CARTESIAN_POINT('',(-3.263129540086,-3.377675751574,
    18.261071490822));
#4509 = CARTESIAN_POINT('',(-3.248401084771,-3.388620764272,
    18.080563883871));
#4510 = CARTESIAN_POINT('',(-3.248381986003,-3.388633401301,
    17.719697693733));
#4511 = CARTESIAN_POINT('',(-3.263106223667,-3.377687655054,
    17.539229828983));
#4512 = CARTESIAN_POINT('',(-3.292941175909,-3.355651530584,
    17.361452619634));
#4513 = CARTESIAN_POINT('',(-3.335966464717,-3.323315033718,
    17.188630900329));
#4514 = CARTESIAN_POINT('',(-3.389356666847,-3.281857535322,
    17.022250030657));
#4515 = CARTESIAN_POINT('',(-3.45027433956,-3.232481873411,
    16.862967613943));
#4516 = CARTESIAN_POINT('',(-3.516355322901,-3.176194521999,
    16.710744561347));
#4517 = CARTESIAN_POINT('',(-3.585878602919,-3.11370443543,
    16.565084672671));
#4518 = CARTESIAN_POINT('',(-3.657713366385,-3.04541296364,16.4253122737
    ));
#4519 = CARTESIAN_POINT('',(-3.731135869842,-2.971467184127,
    16.290817874777));
#4520 = CARTESIAN_POINT('',(-3.805608556812,-2.891849051002,
    16.161202186336));
#4521 = CARTESIAN_POINT('',(-3.880613620949,-2.806472857654,
    16.036249114493));
#4522 = CARTESIAN_POINT('',(-4.003228827608,-2.657396168698,
    15.839150242241));
#4523 = CARTESIAN_POINT('',(-4.050841161968,-2.597166728115,
    15.764405842094));
#4524 = CARTESIAN_POINT('',(-4.098347265587,-2.534557497243,
    15.691391781538));
#4525 = CARTESIAN_POINT('',(-4.145635907884,-2.469531518756,
    15.620082896571));
#4526 = CARTESIAN_POINT('',(-4.192603698691,-2.402035367891,
    15.550464673114));
#4527 = CARTESIAN_POINT('',(-4.239151437558,-2.332001832131,
    15.482535452837));
#4528 = CARTESIAN_POINT('',(-4.28518046703,-2.259352586575,
    15.416308634415));
#4529 = CARTESIAN_POINT('',(-4.330589029758,-2.184000864673,
    15.351814870601));
#4530 = CARTESIAN_POINT('',(-4.375268629229,-2.105854123968,
    15.289104261612));
#4531 = CARTESIAN_POINT('',(-4.419100393896,-2.024816706463,
    15.228248545144));
#4532 = CARTESIAN_POINT('',(-4.461951444297,-1.940792493258,
    15.169343283659));
#4533 = CARTESIAN_POINT('',(-4.503671262819,-1.853687552968,
    15.112510049334));
#4534 = CARTESIAN_POINT('',(-4.592858972992,-1.654478327322,
    14.991999045832));
#4535 = CARTESIAN_POINT('',(-4.6398403673,-1.540567953024,
    14.929198996329));
#4536 = CARTESIAN_POINT('',(-4.683531217702,-1.425522859331,
    14.871323201755));
#4537 = CARTESIAN_POINT('',(-4.729761151013,-1.28940307863,
    14.810670953912));
#4538 = CARTESIAN_POINT('',(-4.758370406061,-1.193366373882,
    14.773464625321));
#4539 = CARTESIAN_POINT('',(-4.810531550483,-1.014407404965,
    14.705581005858));
#4540 = CARTESIAN_POINT('',(-4.827355973883,-0.916924814527,
    14.684497981513));
#4541 = CARTESIAN_POINT('',(-4.865764274216,-0.74643406894,
    14.634772249259));
#4542 = CARTESIAN_POINT('',(-4.883274522288,-0.612685506336,
    14.612726257032));
#4543 = CARTESIAN_POINT('',(-4.902598190649,-0.458426833139,
    14.587985704728));
#4544 = CARTESIAN_POINT('',(-4.913964277121,-0.307147879731,
    14.57355403807));
#4545 = CARTESIAN_POINT('',(-4.919899338801,-0.153487976868,
    14.565998259758));
#4546 = CARTESIAN_POINT('',(-4.919899338811,-2.4524407E-10,
    14.565998259747));
#4547 = CARTESIAN_POINT('',(-4.815750623039,6.3E-16,21.2));
#4548 = CARTESIAN_POINT('',(-4.815750623039,-0.100423167964,21.2));
#4549 = CARTESIAN_POINT('',(-4.813013469915,-0.200632410431,
    21.196686940524));
#4550 = CARTESIAN_POINT('',(-4.80757114192,-0.300227791475,
    21.19009937411));
#4551 = CARTESIAN_POINT('',(-4.799473660281,-0.399005009222,
    21.18029314171));
#4552 = CARTESIAN_POINT('',(-4.788789959906,-0.496812938925,
    21.167342308916));
#4553 = CARTESIAN_POINT('',(-4.775608559727,-0.593482092594,
    21.151340241079));
#4554 = CARTESIAN_POINT('',(-4.760037759218,-0.688805923914,
    21.132400382233));
#4555 = CARTESIAN_POINT('',(-4.742205089043,-0.782556886753,
    21.110656306775));
#4556 = CARTESIAN_POINT('',(-4.722255743919,-0.874519152775,
    21.086260609614));
#4557 = CARTESIAN_POINT('',(-4.700349727761,-0.964519898079,
    21.059382206938));
#4558 = CARTESIAN_POINT('',(-4.676657441337,-1.052441089821,
    21.030201616086));
#4559 = CARTESIAN_POINT('',(-4.651353444437,-1.138193729894,
    20.99890378882));
#4560 = CARTESIAN_POINT('',(-4.578701943901,-1.364859410092,
    20.908621643985));
#4561 = CARTESIAN_POINT('',(-4.528607197087,-1.501201481878,
    20.845948646929));
#4562 = CARTESIAN_POINT('',(-4.474735957352,-1.631474767432,
    20.777994346848));
#4563 = CARTESIAN_POINT('',(-4.417635459986,-1.755871108545,
    20.705269956887));
#4564 = CARTESIAN_POINT('',(-4.357858327497,-1.874409089231,
    20.628287730575));
#4565 = CARTESIAN_POINT('',(-4.295891284441,-1.98716826839,
    20.547468310739));
#4566 = CARTESIAN_POINT('',(-4.232129790724,-2.094363226773,
    20.463103931341));
#4567 = CARTESIAN_POINT('',(-4.166886020924,-2.196309814242,
    20.375361071473));
#4568 = CARTESIAN_POINT('',(-4.100417644883,-2.293335817402,
    20.284306195564));
#4569 = CARTESIAN_POINT('',(-4.032964912761,-2.385688058508,
    20.18993827401));
#4570 = CARTESIAN_POINT('',(-3.964783607191,-2.473487702048,
    20.092211852063));
#4571 = CARTESIAN_POINT('',(-3.896161493729,-2.55678529229,
    19.991034519648));
#4572 = CARTESIAN_POINT('',(-3.749745717552,-2.724977398972,
    19.767836432924));
#4573 = CARTESIAN_POINT('',(-3.671911236329,-2.808644833797,
    19.644912944741));
#4574 = CARTESIAN_POINT('',(-3.594354099129,-2.886890072989,
    19.516877463459));
#4575 = CARTESIAN_POINT('',(-3.517661636925,-2.959734033525,
    19.383578426485));
#4576 = CARTESIAN_POINT('',(-3.442455602271,-3.027124556333,
    19.244703940206));
#4577 = CARTESIAN_POINT('',(-3.3695205881,-3.088881224766,19.09962342942
    ));
#4578 = CARTESIAN_POINT('',(-3.300040202265,-3.144605206749,
    18.947530896071));
#4579 = CARTESIAN_POINT('',(-3.235820313672,-3.193600519871,
    18.787767598078));
#4580 = CARTESIAN_POINT('',(-3.179380076681,-3.234852421214,
    18.620203719239));
#4581 = CARTESIAN_POINT('',(-3.133792628268,-3.267108147056,
    18.445560831858));
#4582 = CARTESIAN_POINT('',(-3.10215765198,-3.289105250311,
    18.265559516715));
#4583 = CARTESIAN_POINT('',(-3.086586431308,-3.299993708231,
    18.082778719366));
#4584 = CARTESIAN_POINT('',(-3.086565647809,-3.300006286468,
    17.717490789797));
#4585 = CARTESIAN_POINT('',(-3.102133168288,-3.289116731918,
    17.534741410192));
#4586 = CARTESIAN_POINT('',(-3.133710327316,-3.267168612392,
    17.354832051143));
#4587 = CARTESIAN_POINT('',(-3.179235732604,-3.234968503777,
    17.180248239674));
#4588 = CARTESIAN_POINT('',(-3.235662438487,-3.193731545909,
    17.012637004497));
#4589 = CARTESIAN_POINT('',(-3.299924129937,-3.144702748205,
    16.852733500644));
#4590 = CARTESIAN_POINT('',(-3.369463072817,-3.088929338966,
    16.700494749755));
#4591 = CARTESIAN_POINT('',(-3.442419217915,-3.027155015455,
    16.555362354673));
#4592 = CARTESIAN_POINT('',(-3.517578182248,-2.959807928799,
    16.416574233307));
#4593 = CARTESIAN_POINT('',(-3.594175900612,-2.887054434,16.283443302208
    ));
#4594 = CARTESIAN_POINT('',(-3.671658689573,-2.80889035869,
    16.155519194462));
#4595 = CARTESIAN_POINT('',(-3.749498640669,-2.725241060962,
    16.032547664741));
#4596 = CARTESIAN_POINT('',(-3.876501713564,-2.579378301017,
    15.838925729937));
#4597 = CARTESIAN_POINT('',(-3.925778845864,-2.520462230604,
    15.765565533021));
#4598 = CARTESIAN_POINT('',(-3.974872149659,-2.459278391564,
    15.694013594677));
#4599 = CARTESIAN_POINT('',(-4.023669893001,-2.39579288952,
    15.624231936704));
#4600 = CARTESIAN_POINT('',(-4.07206938512,-2.329954964693,
    15.556193710234));
#4601 = CARTESIAN_POINT('',(-4.119973104405,-2.261699664467,
    15.489885304639));
#4602 = CARTESIAN_POINT('',(-4.167284807394,-2.190950535454,
    15.425308476662));
#4603 = CARTESIAN_POINT('',(-4.213905619456,-2.11762233648,
    15.362482497977));
#4604 = CARTESIAN_POINT('',(-4.259730108022,-2.041623774274,
    15.301446319244));
#4605 = CARTESIAN_POINT('',(-4.304642339684,-1.96286026335,
    15.242260748763));
#4606 = CARTESIAN_POINT('',(-4.348511922691,-1.881236712077,
    15.18501064351));
#4607 = CARTESIAN_POINT('',(-4.391190036887,-1.796660336678,
    15.12980711019));
#4608 = CARTESIAN_POINT('',(-4.482400499007,-1.603232015629,
    15.01276263497));
#4609 = CARTESIAN_POINT('',(-4.530410996949,-1.492655619815,
    14.951803062926));
#4610 = CARTESIAN_POINT('',(-4.575031956415,-1.381003404029,
    14.895640486023));
#4611 = CARTESIAN_POINT('',(-4.622192601452,-1.248855727584,
    14.836842310841));
#4612 = CARTESIAN_POINT('',(-4.651206892023,-1.156593155838,
    14.801011218891));
#4613 = CARTESIAN_POINT('',(-4.704787283093,-0.981022156141,
    14.734611155582));
#4614 = CARTESIAN_POINT('',(-4.7212413884,-0.88956595527,14.715200134636
    ));
#4615 = CARTESIAN_POINT('',(-4.760947630045,-0.721734811355,
    14.666151046296));
#4616 = CARTESIAN_POINT('',(-4.778367745703,-0.593877715587,
    14.645406128851));
#4617 = CARTESIAN_POINT('',(-4.798190115715,-0.443804319831,
    14.621218051459));
#4618 = CARTESIAN_POINT('',(-4.809710264864,-0.297465442501,
    14.607316071459));
#4619 = CARTESIAN_POINT('',(-4.815750623024,-0.148606710836,
    14.600000000016));
#4620 = CARTESIAN_POINT('',(-4.815750623039,-3.6208085E-10,14.6));
#4621 = CARTESIAN_POINT('',(-4.708815909778,8.6E-16,21.2));
#4622 = CARTESIAN_POINT('',(-4.708815909778,-9.819319040508E-02,21.2));
#4623 = CARTESIAN_POINT('',(-4.706021194829,-0.196169247445,
    21.196830999884));
#4624 = CARTESIAN_POINT('',(-4.700465135185,-0.29354814775,
    21.190530684298));
#4625 = CARTESIAN_POINT('',(-4.69219872389,-0.390141602855,
    21.181152081365));
#4626 = CARTESIAN_POINT('',(-4.681291506066,-0.485812834925,
    21.168764481255));
#4627 = CARTESIAN_POINT('',(-4.667832364195,-0.580406042539,
    21.153454612204));
#4628 = CARTESIAN_POINT('',(-4.651929851435,-0.673727863129,
    21.135327596602));
#4629 = CARTESIAN_POINT('',(-4.633711767853,-0.765563080217,
    21.114507213017));
#4630 = CARTESIAN_POINT('',(-4.613323677002,-0.855706805506,
    21.091134992297));
#4631 = CARTESIAN_POINT('',(-4.590926064433,-0.943995387952,
    21.06536768178));
#4632 = CARTESIAN_POINT('',(-4.566689842868,-1.030318358589,
    21.037372614776));
#4633 = CARTESIAN_POINT('',(-4.540789913059,-1.114593808381,
    21.007320529197));
#4634 = CARTESIAN_POINT('',(-4.466431371102,-1.337440431976,
    20.920606477295));
#4635 = CARTESIAN_POINT('',(-4.415155927072,-1.471628528619,
    20.860385094657));
#4636 = CARTESIAN_POINT('',(-4.359969671277,-1.600106487769,
    20.795000650791));
#4637 = CARTESIAN_POINT('',(-4.301415042768,-1.723076174855,
    20.724911939513));
#4638 = CARTESIAN_POINT('',(-4.24004202493,-1.840554153125,
    20.650581187064));
#4639 = CARTESIAN_POINT('',(-4.176333781838,-1.952615524357,
    20.572380712105));
#4640 = CARTESIAN_POINT('',(-4.110680185769,-2.059471395599,
    20.490555550213));
#4641 = CARTESIAN_POINT('',(-4.043386092233,-2.161434798951,
    20.405225389619));
#4642 = CARTESIAN_POINT('',(-3.974701297343,-2.258829378401,
    20.316409267776));
#4643 = CARTESIAN_POINT('',(-3.90485925477,-2.351894489866,
    20.22405664767));
#4644 = CARTESIAN_POINT('',(-3.834111813603,-2.44073959239,
    20.128068718499));
#4645 = CARTESIAN_POINT('',(-3.762747452861,-2.525399960526,
    20.028294015427));
#4646 = CARTESIAN_POINT('',(-3.610358372415,-2.696879789617,
    19.807554112772));
#4647 = CARTESIAN_POINT('',(-3.529257159614,-2.782573345939,
    19.685636960326));
#4648 = CARTESIAN_POINT('',(-3.44824303887,-2.863210115367,
    19.558014017794));
#4649 = CARTESIAN_POINT('',(-3.367922549883,-2.938775742585,
    19.424481035091));
#4650 = CARTESIAN_POINT('',(-3.288939701144,-3.00917702708,
    19.284642916565));
#4651 = CARTESIAN_POINT('',(-3.212124321454,-3.074167524968,
    19.137734180578));
#4652 = CARTESIAN_POINT('',(-3.138752547426,-3.133237634679,
    18.982800794618));
#4653 = CARTESIAN_POINT('',(-3.070785630009,-3.185524466173,
    18.81908644935));
#4654 = CARTESIAN_POINT('',(-3.010959125077,-3.2297935242,
    18.646473878898));
#4655 = CARTESIAN_POINT('',(-2.962599675611,-3.264541887984,
    18.465841549176));
#4656 = CARTESIAN_POINT('',(-2.929048136345,-3.288272437255,
    18.279207348846));
#4657 = CARTESIAN_POINT('',(-2.912561539655,-3.299992594405,
    18.089540815503));
#4658 = CARTESIAN_POINT('',(-2.912538392649,-3.300007398881,
    17.710759948855));
#4659 = CARTESIAN_POINT('',(-2.9290219812,-3.288285254319,
    17.521095624651));
#4660 = CARTESIAN_POINT('',(-2.962514680656,-3.264604519547,
    17.334539007652));
#4661 = CARTESIAN_POINT('',(-3.01081022353,-3.229913479708,
    17.153969353506));
#4662 = CARTESIAN_POINT('',(-3.070622498613,-3.185659999045,
    16.981318961824));
#4663 = CARTESIAN_POINT('',(-3.138632500004,-3.133338470698,
    16.817469143524));
#4664 = CARTESIAN_POINT('',(-3.212064934876,-3.074216952698,
    16.66238702465));
#4665 = CARTESIAN_POINT('',(-3.288901939574,-3.009208266343,
    16.515421675366));
#4666 = CARTESIAN_POINT('',(-3.36783474565,-2.938852974169,
    16.375669618739));
#4667 = CARTESIAN_POINT('',(-3.448054817235,-2.863382675678,
    16.242310133002));
#4668 = CARTESIAN_POINT('',(-3.528990248281,-2.782830456458,
    16.114802469879));
#4669 = CARTESIAN_POINT('',(-3.610098305694,-2.697152821759,
    15.992830760291));
#4670 = CARTESIAN_POINT('',(-3.742237558095,-2.548487459221,
    15.80140451328));
#4671 = CARTESIAN_POINT('',(-3.793499908479,-2.488551877144,
    15.728991819679));
#4672 = CARTESIAN_POINT('',(-3.844489544706,-2.426510933488,
    15.658568556126));
#4673 = CARTESIAN_POINT('',(-3.895093580775,-2.362336874517,
    15.590074470403));
#4674 = CARTESIAN_POINT('',(-3.945209552935,-2.295983774903,
    15.5234616436));
#4675 = CARTESIAN_POINT('',(-3.994741354597,-2.227390285689,
    15.458696359933));
#4676 = CARTESIAN_POINT('',(-4.043595102311,-2.156482450077,
    15.395761042062));
#4677 = CARTESIAN_POINT('',(-4.091674935248,-2.083176591696,
    15.334656245456));
#4678 = CARTESIAN_POINT('',(-4.138878751642,-2.007382280312,
    15.275402705773));
#4679 = CARTESIAN_POINT('',(-4.185093886716,-1.929005379991,
    15.21804343268));
#4680 = CARTESIAN_POINT('',(-4.230192737678,-1.847951185424,
    15.162645843405));
#4681 = CARTESIAN_POINT('',(-4.274028342787,-1.764127652239,
    15.109303928188));
#4682 = CARTESIAN_POINT('',(-4.367712987218,-1.57261393608,
    14.996260186028));
#4683 = CARTESIAN_POINT('',(-4.416994505165,-1.463300044912,
    14.937463525707));
#4684 = CARTESIAN_POINT('',(-4.462754018937,-1.353107548844,
    14.883369323064));
#4685 = CARTESIAN_POINT('',(-4.511053097596,-1.222898956088,
    14.826850570979));
#4686 = CARTESIAN_POINT('',(-4.540665863176,-1.1327325346,
    14.792600663935));
#4687 = CARTESIAN_POINT('',(-4.595707209478,-0.958837697979,
    14.728448283428));
#4688 = CARTESIAN_POINT('',(-4.612120597668,-0.871317114258,
    14.710600659044));
#4689 = CARTESIAN_POINT('',(-4.653030618594,-0.705000474337,
    14.66297171387));
#4690 = CARTESIAN_POINT('',(-4.670583594619,-0.581081131265,
    14.643562961007));
#4691 = CARTESIAN_POINT('',(-4.690911647733,-0.433812503592,
    14.62024965019));
#4692 = CARTESIAN_POINT('',(-4.702647330598,-0.290845780495,
    14.607000848803));
#4693 = CARTESIAN_POINT('',(-4.708815909758,-0.14527749859,
    14.600000000022));
#4694 = CARTESIAN_POINT('',(-4.708815909778,5.E-17,14.6));
#4695 = ADVANCED_FACE('',(#4696),#4724,.T.);
#4696 = FACE_BOUND('',#4697,.T.);
#4697 = EDGE_LOOP('',(#4698,#4699,#4722,#4723));
#4698 = ORIENTED_EDGE('',*,*,#3931,.T.);
#4699 = ORIENTED_EDGE('',*,*,#4700,.T.);
#4700 = EDGE_CURVE('',#3907,#4087,#4701,.T.);
#4701 = ( BOUNDED_CURVE() B_SPLINE_CURVE(7,(#4702,#4703,#4704,#4705,
    #4706,#4707,#4708,#4709,#4710,#4711,#4712,#4713,#4714,#4715,#4716,
    #4717,#4718,#4719,#4720,#4721),.UNSPECIFIED.,.F.,.F.) 
B_SPLINE_CURVE_WITH_KNOTS((8,6,6,8),(16.058737202627,18.290140561452,
20.259544149868,21.413471035286),.UNSPECIFIED.) CURVE() 
GEOMETRIC_REPRESENTATION_ITEM() RATIONAL_B_SPLINE_CURVE((1.080016620298,
    1.08001731429,1.077983744964,1.073785862926,1.06928985614,
    1.064838136078,1.06048643783,1.052719772471,1.049250277972,
    1.046015042277,1.042998518009,1.040248858196,1.037837299316,
    1.034659704342,1.033623769131,1.032756643982,1.032083951619,
1.031625309469,1.031393471788,1.031393471788)) REPRESENTATION_ITEM('') 
  );
#4702 = CARTESIAN_POINT('',(-2.912549960517,3.3,17.9));
#4703 = CARTESIAN_POINT('',(-2.912536949042,3.300007732955,
    18.251604625052));
#4704 = CARTESIAN_POINT('',(-2.973869853098,3.256395786927,
    18.604984171901));
#4705 = CARTESIAN_POINT('',(-3.101089000937,3.167035964046,
    18.931886348451));
#4706 = CARTESIAN_POINT('',(-3.241878067689,3.05473176597,
    19.213381597512));
#4707 = CARTESIAN_POINT('',(-3.390095125321,2.9240555292,19.471922977477
    ));
#4708 = CARTESIAN_POINT('',(-3.541211068923,2.77465267321,
    19.707377721637));
#4709 = CARTESIAN_POINT('',(-3.823852820017,2.456666726244,
    20.116826999885));
#4710 = CARTESIAN_POINT('',(-3.955671932231,2.292219878247,
    20.29442546589));
#4711 = CARTESIAN_POINT('',(-4.08367829849,2.111615962199,
    20.458978412562));
#4712 = CARTESIAN_POINT('',(-4.205975276712,1.91632318731,
    20.610584217709));
#4713 = CARTESIAN_POINT('',(-4.321647433975,1.697483771195,
    20.750137621831));
#4714 = CARTESIAN_POINT('',(-4.424687723078,1.46147027913,20.87190235641
    ));
#4715 = CARTESIAN_POINT('',(-4.563149613709,1.048198904167,
    21.03340967734));
#4716 = CARTESIAN_POINT('',(-4.608844740899,0.887129011345,
    21.086138992782));
#4717 = CARTESIAN_POINT('',(-4.647478616478,0.718664575617,
    21.130343559722));
#4718 = CARTESIAN_POINT('',(-4.677687790074,0.544102858272,
    21.164703860162));
#4719 = CARTESIAN_POINT('',(-4.698371574475,0.365066495651,
    21.188156443872));
#4720 = CARTESIAN_POINT('',(-4.708815909778,0.183222766256,21.2));
#4721 = CARTESIAN_POINT('',(-4.708815909778,8.6E-16,21.2));
#4722 = ORIENTED_EDGE('',*,*,#4086,.F.);
#4723 = ORIENTED_EDGE('',*,*,#777,.F.);
#4724 = ( BOUNDED_SURFACE() B_SPLINE_SURFACE(6,7,(
    (#4725,#4726,#4727,#4728,#4729,#4730,#4731,#4732,#4733,#4734,#4735
      ,#4736,#4737,#4738,#4739,#4740,#4741,#4742,#4743,#4744)
    ,(#4745,#4746,#4747,#4748,#4749,#4750,#4751,#4752,#4753,#4754,#4755
      ,#4756,#4757,#4758,#4759,#4760,#4761,#4762,#4763,#4764)
    ,(#4765,#4766,#4767,#4768,#4769,#4770,#4771,#4772,#4773,#4774,#4775
      ,#4776,#4777,#4778,#4779,#4780,#4781,#4782,#4783,#4784)
    ,(#4785,#4786,#4787,#4788,#4789,#4790,#4791,#4792,#4793,#4794,#4795
      ,#4796,#4797,#4798,#4799,#4800,#4801,#4802,#4803,#4804)
    ,(#4805,#4806,#4807,#4808,#4809,#4810,#4811,#4812,#4813,#4814,#4815
      ,#4816,#4817,#4818,#4819,#4820,#4821,#4822,#4823,#4824)
    ,(#4825,#4826,#4827,#4828,#4829,#4830,#4831,#4832,#4833,#4834,#4835
      ,#4836,#4837,#4838,#4839,#4840,#4841,#4842,#4843,#4844)
    ,(#4845,#4846,#4847,#4848,#4849,#4850,#4851,#4852,#4853,#4854,#4855
      ,#4856,#4857,#4858,#4859,#4860,#4861,#4862,#4863,#4864
)),.UNSPECIFIED.,.F.,.F.,.F.) B_SPLINE_SURFACE_WITH_KNOTS((7,7),(8,6,6,8
    ),(0.,5.354733832659),(16.058737202627,18.290140561452,
    20.259544149868,21.413471035286),.UNSPECIFIED.) 
GEOMETRIC_REPRESENTATION_ITEM() RATIONAL_B_SPLINE_SURFACE((
    (1.080016620298,1.08001731429,1.077983744964,1.073785862926
      ,1.06928985614,1.064838136078,1.06048643783,1.052719772471
      ,1.049250277972,1.046015042277,1.042998518009,1.040248858196
      ,1.037837299316,1.034659704342,1.033623769131,1.032756643982
      ,1.032083951619,1.031625309469,1.031393471788,1.031393471788)
    ,(1.023814727394,1.023814909132,1.023281910402,1.022185848153
      ,1.020972013006,1.019751412279,1.018537635907,1.016339628363
      ,1.015343900105,1.014403053507,1.013515983034,1.012698720944
      ,1.011976161881,1.011018547821,1.010704910735,1.010441331237
      ,1.010236242195,1.010096188683,1.010025407661,1.010025407661)
    ,(0.994937361155,0.994937321709,0.995053023222,0.99529079978
      ,0.995555822418,0.995822030786,0.996086622361,0.996564896835
      ,0.996781201892,0.996985059522,0.997176693566,0.997352634597
      ,0.997507715719,0.997712772686,0.997779809871,0.997836050172
      ,0.997879750604,0.997909570644,0.997924642725,0.997924642725)
    ,(0.985303459801,0.985303340529,0.98565294443,0.986373705146
      ,0.987154072955,0.987932292846,0.988698841132,0.990076900483
      ,0.990696829302,0.991279074385,0.991825518031,0.992326929719
      ,0.992768999362,0.993353741844,0.99354496184,0.993705461602
      ,0.993830233615,0.993915399877,0.993958444137,0.993958444137)
    ,(0.994937361155,0.994937321709,0.995053023222,0.99529079978
      ,0.995555822418,0.995822030786,0.996086622361,0.996564896835
      ,0.996781201892,0.996985059522,0.997176693566,0.997352634597
      ,0.997507715719,0.997712772686,0.997779809871,0.997836050172
      ,0.997879750604,0.997909570644,0.997924642725,0.997924642725)
    ,(1.023814727394,1.023814909132,1.023281910402,1.022185848153
      ,1.020972013006,1.019751412279,1.018537635907,1.016339628363
      ,1.015343900105,1.014403053507,1.013515983034,1.012698720944
      ,1.011976161881,1.011018547821,1.010704910735,1.010441331237
      ,1.010236242195,1.010096188683,1.010025407661,1.010025407661)
    ,(1.080016620298,1.08001731429,1.077983744964,1.073785862926
      ,1.06928985614,1.064838136078,1.06048643783,1.052719772471
      ,1.049250277972,1.046015042277,1.042998518009,1.040248858196
      ,1.037837299316,1.034659704342,1.033623769131,1.032756643982
      ,1.032083951619,1.031625309469,1.031393471788,1.031393471788
))) REPRESENTATION_ITEM('') SURFACE() );
#4725 = CARTESIAN_POINT('',(-3.159962477875,4.014304066513,17.9));
#4726 = CARTESIAN_POINT('',(-3.159944662569,4.014318090289,
    18.294536056384));
#4727 = CARTESIAN_POINT('',(-3.226756816837,3.96153696438,18.69135128269
    ));
#4728 = CARTESIAN_POINT('',(-3.365035340719,3.85395315353,
    19.057286245107));
#4729 = CARTESIAN_POINT('',(-3.518369759366,3.716886093729,
    19.374441300705));
#4730 = CARTESIAN_POINT('',(-3.679058854062,3.558214486334,
    19.663474539678));
#4731 = CARTESIAN_POINT('',(-3.843065774158,3.376270353141,
    19.927611748729));
#4732 = CARTESIAN_POINT('',(-4.149656135168,2.989044818059,
    20.386585982609));
#4733 = CARTESIAN_POINT('',(-4.292614542172,2.788641270703,
    20.585624975367));
#4734 = CARTESIAN_POINT('',(-4.431057549852,2.569755326002,
    20.769535364338));
#4735 = CARTESIAN_POINT('',(-4.56419608928,2.330221127199,
    20.940224309588));
#4736 = CARTESIAN_POINT('',(-4.68898128689,2.065786585002,
    21.095726211011));
#4737 = CARTESIAN_POINT('',(-4.800946025696,1.777627651719,
    21.232540023901));
#4738 = CARTESIAN_POINT('',(-4.950902592314,1.275236982112,
    21.413320987021));
#4739 = CARTESIAN_POINT('',(-5.000472523371,1.079124939686,
    21.472453936309));
#4740 = CARTESIAN_POINT('',(-5.042360716245,0.874123310141,
    21.521997402772));
#4741 = CARTESIAN_POINT('',(-5.075081716507,0.661843509148,
    21.560462615608));
#4742 = CARTESIAN_POINT('',(-5.097482272863,0.444121936124,
    21.586712805212));
#4743 = CARTESIAN_POINT('',(-5.108815909778,0.222883124632,21.6));
#4744 = CARTESIAN_POINT('',(-5.108815909778,1.13E-15,21.6));
#4745 = CARTESIAN_POINT('',(-3.29670523733,3.906663493606,
    17.899894991173));
#4746 = CARTESIAN_POINT('',(-3.296690314393,3.90667622361,
    18.275552107363));
#4747 = CARTESIAN_POINT('',(-3.357886766035,3.854657164343,
    18.652126682931));
#4748 = CARTESIAN_POINT('',(-3.483924320618,3.748975189219,
    19.000214512763));
#4749 = CARTESIAN_POINT('',(-3.624390878444,3.615211252822,
    19.305234148783));
#4750 = CARTESIAN_POINT('',(-3.772648794886,3.46021388663,
    19.585104297511));
#4751 = CARTESIAN_POINT('',(-3.92464272891,3.282605357927,
    19.842544851613));
#4752 = CARTESIAN_POINT('',(-4.209302970405,2.905425256207,
    20.291148707495));
#4753 = CARTESIAN_POINT('',(-4.34224036186,2.710753890131,
    20.486417149551));
#4754 = CARTESIAN_POINT('',(-4.471628775893,2.497772070839,
    20.667915490028));
#4755 = CARTESIAN_POINT('',(-4.596249218343,2.26513060584,
    20.836668920522));
#4756 = CARTESIAN_POINT('',(-4.713624198258,2.007512065564,
    20.991261558091));
#4757 = CARTESIAN_POINT('',(-4.81895329542,1.727199213677,
    21.127283486142));
#4758 = CARTESIAN_POINT('',(-4.960076189923,1.238696893045,
    21.30713685842));
#4759 = CARTESIAN_POINT('',(-5.006711928756,1.048263102458,
    21.36595565746));
#4760 = CARTESIAN_POINT('',(-5.046167440354,0.849134453725,
    21.415300823712));
#4761 = CARTESIAN_POINT('',(-5.077015642555,0.642886040767,
    21.453650266734));
#4762 = CARTESIAN_POINT('',(-5.098138381378,0.431348889845,
    21.479827729597));
#4763 = CARTESIAN_POINT('',(-5.108815909778,0.216441460067,
    21.493065286739));
#4764 = CARTESIAN_POINT('',(-5.108815909778,1.979E-14,21.493065286739));
#4765 = CARTESIAN_POINT('',(-3.369034782744,3.73693591353,
    17.899917280933));
#4766 = CARTESIAN_POINT('',(-3.369022675255,3.736946244922,
    18.255922109861));
#4767 = CARTESIAN_POINT('',(-3.4252310548,3.688491429063,18.612233899583
    ));
#4768 = CARTESIAN_POINT('',(-3.540723758158,3.590207878073,
    18.943248126121));
#4769 = CARTESIAN_POINT('',(-3.670301906556,3.465482358137,
    19.236382793243));
#4770 = CARTESIAN_POINT('',(-3.808318508595,3.319713513215,
    19.507532242735));
#4771 = CARTESIAN_POINT('',(-3.950606608447,3.151821662332,
    19.758506126581));
#4772 = CARTESIAN_POINT('',(-4.218191963864,2.793792906076,
    20.197603068117));
#4773 = CARTESIAN_POINT('',(-4.343584019688,2.608611961128,
    20.389566102389));
#4774 = CARTESIAN_POINT('',(-4.466285772453,2.405027010928,
    20.568900748138));
#4775 = CARTESIAN_POINT('',(-4.584652550375,2.182598376619,
    20.735838342953));
#4776 = CARTESIAN_POINT('',(-4.69674841265,1.934857924985,20.88954414559
    ));
#4777 = CARTESIAN_POINT('',(-4.797358265535,1.665297666059,
    21.024743180087));
#4778 = CARTESIAN_POINT('',(-4.932342759202,1.194724166679,
    21.20371323945));
#4779 = CARTESIAN_POINT('',(-4.976958440373,1.011307181109,
    21.262242648231));
#4780 = CARTESIAN_POINT('',(-5.014749566061,0.819346330018,
    21.311394455761));
#4781 = CARTESIAN_POINT('',(-5.044324655863,0.620379906034,
    21.349625029553));
#4782 = CARTESIAN_POINT('',(-5.064581896694,0.416239310586,
    21.375727291829));
#4783 = CARTESIAN_POINT('',(-5.074814169524,0.208844557411,
    21.388916570967));
#4784 = CARTESIAN_POINT('',(-5.074814169524,1.623E-14,21.388916570967));
#4785 = CARTESIAN_POINT('',(-3.352478125125,3.547622687812,
    17.899934996909));
#4786 = CARTESIAN_POINT('',(-3.352467772514,3.547630456058,
    18.241019106541));
#4787 = CARTESIAN_POINT('',(-3.406275000726,3.503746048792,
    18.582141484336));
#4788 = CARTESIAN_POINT('',(-3.516760236345,3.414814319542,
    18.90045265936));
#4789 = CARTESIAN_POINT('',(-3.641271717716,3.300848620358,
    19.184141517503));
#4790 = CARTESIAN_POINT('',(-3.774581201917,3.166042880461,
    19.448038289287));
#4791 = CARTESIAN_POINT('',(-3.912405159814,3.009550160855,
    19.693159694335));
#4792 = CARTESIAN_POINT('',(-4.172209426964,2.673463154843,
    20.123230262023));
#4793 = CARTESIAN_POINT('',(-4.29419515163,2.498841198018,
    20.311794198176));
#4794 = CARTESIAN_POINT('',(-4.413914597693,2.3057070477,20.488503616862
    ));
#4795 = CARTESIAN_POINT('',(-4.529401142989,2.094485166732,
    20.653017779087));
#4796 = CARTESIAN_POINT('',(-4.639182916957,1.857634960879,
    20.805068249077));
#4797 = CARTESIAN_POINT('',(-4.737640742563,1.599807409878,
    20.938705453173));
#4798 = CARTESIAN_POINT('',(-4.869898132785,1.148475626662,
    21.11582365017));
#4799 = CARTESIAN_POINT('',(-4.913611874139,0.972469901556,
    21.173747328606));
#4800 = CARTESIAN_POINT('',(-4.950662250456,0.788071923014,
    21.222420781138));
#4801 = CARTESIAN_POINT('',(-4.979674575287,0.596779448166,
    21.260301217757));
#4802 = CARTESIAN_POINT('',(-4.999549979261,0.400418498312,
    21.28616895038));
#4803 = CARTESIAN_POINT('',(-5.009583715059,0.20090381404,
    21.299232194719));
#4804 = CARTESIAN_POINT('',(-5.009583715059,1.221E-14,21.299232194719));
#4805 = CARTESIAN_POINT('',(-3.248391532076,3.388627084929,
    17.89994324807));
#4806 = CARTESIAN_POINT('',(-3.248381372171,3.388633206979,
    18.234987878299));
#4807 = CARTESIAN_POINT('',(-3.303085644312,3.347971047882,
    18.570192195348));
#4808 = CARTESIAN_POINT('',(-3.415591865346,3.265486760203,
    18.883193053795));
#4809 = CARTESIAN_POINT('',(-3.54200570094,3.159101706227,19.16131363314
    ));
#4810 = CARTESIAN_POINT('',(-3.677052962705,3.03237082379,19.42025860589
    ));
#4811 = CARTESIAN_POINT('',(-3.816334353062,2.884622893472,
    19.660426921629));
#4812 = CARTESIAN_POINT('',(-4.078517365655,2.565859758614,
    20.081872449736));
#4813 = CARTESIAN_POINT('',(-4.201468491713,2.399706360076,
    20.266642050616));
#4814 = CARTESIAN_POINT('',(-4.321995513455,2.215269786662,
    20.439811207405));
#4815 = CARTESIAN_POINT('',(-4.43799030807,2.013633650799,
    20.600807335566));
#4816 = CARTESIAN_POINT('',(-4.548327582596,1.786419084342,
    20.749868434677));
#4817 = CARTESIAN_POINT('',(-4.647088092384,1.539214300717,
    20.880696229344));
#4818 = CARTESIAN_POINT('',(-4.779813988859,1.105476510151,
    21.054263984645));
#4819 = CARTESIAN_POINT('',(-4.823661516498,0.936245053702,
    21.11101939912));
#4820 = CARTESIAN_POINT('',(-4.860816861441,0.758834768346,
    21.158716010187));
#4821 = CARTESIAN_POINT('',(-4.889910634333,0.574692071171,
    21.195844691641));
#4822 = CARTESIAN_POINT('',(-4.909840777132,0.385614774449,
    21.221200993367));
#4823 = CARTESIAN_POINT('',(-4.919899338811,0.193484613151,
    21.234001740253));
#4824 = CARTESIAN_POINT('',(-4.919899338811,1.042E-14,21.234001740253));
#4825 = CARTESIAN_POINT('',(-3.086576035935,3.299999999483,
    17.89994021918));
#4826 = CARTESIAN_POINT('',(-3.086564746553,3.300006094767,
    18.23909012225));
#4827 = CARTESIAN_POINT('',(-3.144429696564,3.259534101404,
    18.578862059553));
#4828 = CARTESIAN_POINT('',(-3.263805199784,3.177160953134,
    18.894958189404));
#4829 = CARTESIAN_POINT('',(-3.396985376515,3.071596888393,
    19.172385722754));
#4830 = CARTESIAN_POINT('',(-3.538220246349,2.946573607216,
    19.429408380903));
#4831 = CARTESIAN_POINT('',(-3.683044621118,2.801560992987,
    19.666143313849));
#4832 = CARTESIAN_POINT('',(-3.954638448359,2.489639362116,
    20.080195933629));
#4833 = CARTESIAN_POINT('',(-4.081598539055,2.327298525574,
    20.261041329124));
#4834 = CARTESIAN_POINT('',(-4.205529339232,2.147458212549,
    20.429912657604));
#4835 = CARTESIAN_POINT('',(-4.324358090341,1.951559114429,
    20.58638810561));
#4836 = CARTESIAN_POINT('',(-4.437151309047,1.730750825034,
    20.73110673161));
#4837 = CARTESIAN_POINT('',(-4.537849918021,1.491214913727,
    20.85783213533));
#4838 = CARTESIAN_POINT('',(-4.673164037456,1.070776146586,
    21.02602095257));
#4839 = CARTESIAN_POINT('',(-4.717835737181,0.90675044195,
    21.080991288442));
#4840 = CARTESIAN_POINT('',(-4.755653972159,0.734870272575,
    21.127157395604));
#4841 = CARTESIAN_POINT('',(-4.785250360983,0.556515474013,
    21.163083506761));
#4842 = CARTESIAN_POINT('',(-4.805520049053,0.373418893502,
    21.187615700424));
#4843 = CARTESIAN_POINT('',(-4.815750623039,0.187383774318,21.2));
#4844 = CARTESIAN_POINT('',(-4.815750623039,9.06E-15,21.2));
#4845 = CARTESIAN_POINT('',(-2.912549960517,3.3,17.9));
#4846 = CARTESIAN_POINT('',(-2.912536949042,3.300007732955,
    18.251604625052));
#4847 = CARTESIAN_POINT('',(-2.973869853098,3.256395786927,
    18.604984171901));
#4848 = CARTESIAN_POINT('',(-3.101089000937,3.167035964046,
    18.931886348451));
#4849 = CARTESIAN_POINT('',(-3.241878067689,3.05473176597,
    19.213381597512));
#4850 = CARTESIAN_POINT('',(-3.390095125321,2.9240555292,19.471922977477
    ));
#4851 = CARTESIAN_POINT('',(-3.541211068923,2.77465267321,
    19.707377721637));
#4852 = CARTESIAN_POINT('',(-3.823852820017,2.456666726244,
    20.116826999885));
#4853 = CARTESIAN_POINT('',(-3.955671932231,2.292219878247,
    20.29442546589));
#4854 = CARTESIAN_POINT('',(-4.08367829849,2.111615962199,
    20.458978412562));
#4855 = CARTESIAN_POINT('',(-4.205975276712,1.91632318731,
    20.610584217709));
#4856 = CARTESIAN_POINT('',(-4.321647433975,1.697483771195,
    20.750137621831));
#4857 = CARTESIAN_POINT('',(-4.424687723078,1.46147027913,20.87190235641
    ));
#4858 = CARTESIAN_POINT('',(-4.563149613709,1.048198904167,
    21.03340967734));
#4859 = CARTESIAN_POINT('',(-4.608844740899,0.887129011345,
    21.086138992782));
#4860 = CARTESIAN_POINT('',(-4.647478616478,0.718664575617,
    21.130343559722));
#4861 = CARTESIAN_POINT('',(-4.677687790074,0.544102858272,
    21.164703860162));
#4862 = CARTESIAN_POINT('',(-4.698371574475,0.365066495651,
    21.188156443872));
#4863 = CARTESIAN_POINT('',(-4.708815909778,0.183222766256,21.2));
#4864 = CARTESIAN_POINT('',(-4.708815909778,8.6E-16,21.2));
#4865 = ADVANCED_FACE('',(#4866),#4891,.F.);
#4866 = FACE_BOUND('',#4867,.F.);
#4867 = EDGE_LOOP('',(#4868,#4869,#4877,#4885));
#4868 = ORIENTED_EDGE('',*,*,#802,.T.);
#4869 = ORIENTED_EDGE('',*,*,#4870,.T.);
#4870 = EDGE_CURVE('',#805,#4871,#4873,.T.);
#4871 = VERTEX_POINT('',#4872);
#4872 = CARTESIAN_POINT('',(-2.1,-1.,8.468787165189));
#4873 = LINE('',#4874,#4875);
#4874 = CARTESIAN_POINT('',(-2.1,-6.,8.468787165189));
#4875 = VECTOR('',#4876,1.);
#4876 = DIRECTION('',(0.,1.,-2.2E-16));
#4877 = ORIENTED_EDGE('',*,*,#4878,.T.);
#4878 = EDGE_CURVE('',#4871,#4879,#4881,.T.);
#4879 = VERTEX_POINT('',#4880);
#4880 = CARTESIAN_POINT('',(2.1,-1.,8.468787165189));
#4881 = LINE('',#4882,#4883);
#4882 = CARTESIAN_POINT('',(-2.1,-1.,8.468787165189));
#4883 = VECTOR('',#4884,1.);
#4884 = DIRECTION('',(1.,0.,0.));
#4885 = ORIENTED_EDGE('',*,*,#4886,.F.);
#4886 = EDGE_CURVE('',#803,#4879,#4887,.T.);
#4887 = LINE('',#4888,#4889);
#4888 = CARTESIAN_POINT('',(2.1,-6.,8.468787165189));
#4889 = VECTOR('',#4890,1.);
#4890 = DIRECTION('',(0.,1.,-2.2E-16));
#4891 = PLANE('',#4892);
#4892 = AXIS2_PLACEMENT_3D('',#4893,#4894,#4895);
#4893 = CARTESIAN_POINT('',(-2.1,-6.,8.468787165189));
#4894 = DIRECTION('',(0.,-2.2E-16,-1.));
#4895 = DIRECTION('',(1.,0.,0.));
#4896 = ADVANCED_FACE('',(#4897),#4915,.F.);
#4897 = FACE_BOUND('',#4898,.F.);
#4898 = EDGE_LOOP('',(#4899,#4900,#4901,#4909));
#4899 = ORIENTED_EDGE('',*,*,#813,.T.);
#4900 = ORIENTED_EDGE('',*,*,#4886,.T.);
#4901 = ORIENTED_EDGE('',*,*,#4902,.T.);
#4902 = EDGE_CURVE('',#4879,#4903,#4905,.T.);
#4903 = VERTEX_POINT('',#4904);
#4904 = CARTESIAN_POINT('',(2.1,-1.,12.668787165189));
#4905 = LINE('',#4906,#4907);
#4906 = CARTESIAN_POINT('',(2.1,-1.,8.468787165189));
#4907 = VECTOR('',#4908,1.);
#4908 = DIRECTION('',(0.,0.,1.));
#4909 = ORIENTED_EDGE('',*,*,#4910,.F.);
#4910 = EDGE_CURVE('',#814,#4903,#4911,.T.);
#4911 = LINE('',#4912,#4913);
#4912 = CARTESIAN_POINT('',(2.1,-6.,12.668787165189));
#4913 = VECTOR('',#4914,1.);
#4914 = DIRECTION('',(0.,1.,-2.2E-16));
#4915 = PLANE('',#4916);
#4916 = AXIS2_PLACEMENT_3D('',#4917,#4918,#4919);
#4917 = CARTESIAN_POINT('',(2.1,-6.,8.468787165189));
#4918 = DIRECTION('',(1.,0.,0.));
#4919 = DIRECTION('',(0.,2.2E-16,1.));
#4920 = ADVANCED_FACE('',(#4921),#4939,.F.);
#4921 = FACE_BOUND('',#4922,.F.);
#4922 = EDGE_LOOP('',(#4923,#4924,#4932,#4938));
#4923 = ORIENTED_EDGE('',*,*,#830,.F.);
#4924 = ORIENTED_EDGE('',*,*,#4925,.T.);
#4925 = EDGE_CURVE('',#822,#4926,#4928,.T.);
#4926 = VERTEX_POINT('',#4927);
#4927 = CARTESIAN_POINT('',(-2.1,-1.,12.668787165189));
#4928 = LINE('',#4929,#4930);
#4929 = CARTESIAN_POINT('',(-2.1,-6.,12.668787165189));
#4930 = VECTOR('',#4931,1.);
#4931 = DIRECTION('',(0.,1.,-2.2E-16));
#4932 = ORIENTED_EDGE('',*,*,#4933,.T.);
#4933 = EDGE_CURVE('',#4926,#4871,#4934,.T.);
#4934 = LINE('',#4935,#4936);
#4935 = CARTESIAN_POINT('',(-2.1,-1.,12.668787165189));
#4936 = VECTOR('',#4937,1.);
#4937 = DIRECTION('',(0.,0.,-1.));
#4938 = ORIENTED_EDGE('',*,*,#4870,.F.);
#4939 = PLANE('',#4940);
#4940 = AXIS2_PLACEMENT_3D('',#4941,#4942,#4943);
#4941 = CARTESIAN_POINT('',(-2.1,-6.,12.668787165189));
#4942 = DIRECTION('',(-1.,0.,0.));
#4943 = DIRECTION('',(-0.,-2.2E-16,-1.));
#4944 = ADVANCED_FACE('',(#4945),#4956,.F.);
#4945 = FACE_BOUND('',#4946,.F.);
#4946 = EDGE_LOOP('',(#4947,#4948,#4949,#4955));
#4947 = ORIENTED_EDGE('',*,*,#821,.F.);
#4948 = ORIENTED_EDGE('',*,*,#4910,.T.);
#4949 = ORIENTED_EDGE('',*,*,#4950,.T.);
#4950 = EDGE_CURVE('',#4903,#4926,#4951,.T.);
#4951 = LINE('',#4952,#4953);
#4952 = CARTESIAN_POINT('',(2.1,-1.,12.668787165189));
#4953 = VECTOR('',#4954,1.);
#4954 = DIRECTION('',(-1.,0.,0.));
#4955 = ORIENTED_EDGE('',*,*,#4925,.F.);
#4956 = PLANE('',#4957);
#4957 = AXIS2_PLACEMENT_3D('',#4958,#4959,#4960);
#4958 = CARTESIAN_POINT('',(2.1,-6.,12.668787165189));
#4959 = DIRECTION('',(0.,2.2E-16,1.));
#4960 = DIRECTION('',(-1.,0.,0.));
#4961 = ADVANCED_FACE('',(#4962),#4981,.F.);
#4962 = FACE_BOUND('',#4963,.T.);
#4963 = EDGE_LOOP('',(#4964,#4972,#4973,#4974));
#4964 = ORIENTED_EDGE('',*,*,#4965,.F.);
#4965 = EDGE_CURVE('',#848,#4966,#4968,.T.);
#4966 = VERTEX_POINT('',#4967);
#4967 = CARTESIAN_POINT('',(5.5,0.,3.));
#4968 = LINE('',#4969,#4970);
#4969 = CARTESIAN_POINT('',(5.5,0.,0.));
#4970 = VECTOR('',#4971,1.);
#4971 = DIRECTION('',(0.,0.,1.));
#4972 = ORIENTED_EDGE('',*,*,#847,.F.);
#4973 = ORIENTED_EDGE('',*,*,#4965,.T.);
#4974 = ORIENTED_EDGE('',*,*,#4975,.F.);
#4975 = EDGE_CURVE('',#4966,#4966,#4976,.T.);
#4976 = CIRCLE('',#4977,5.5);
#4977 = AXIS2_PLACEMENT_3D('',#4978,#4979,#4980);
#4978 = CARTESIAN_POINT('',(0.,0.,3.));
#4979 = DIRECTION('',(0.,0.,-1.));
#4980 = DIRECTION('',(1.,0.,0.));
#4981 = CYLINDRICAL_SURFACE('',#4982,5.5);
#4982 = AXIS2_PLACEMENT_3D('',#4983,#4984,#4985);
#4983 = CARTESIAN_POINT('',(0.,0.,0.));
#4984 = DIRECTION('',(-0.,-0.,-1.));
#4985 = DIRECTION('',(1.,0.,0.));
#4986 = ADVANCED_FACE('',(#4987),#5008,.F.);
#4987 = FACE_BOUND('',#4988,.F.);
#4988 = EDGE_LOOP('',(#4989,#4997,#4998,#4999,#5000,#5001));
#4989 = ORIENTED_EDGE('',*,*,#4990,.F.);
#4990 = EDGE_CURVE('',#2473,#4991,#4993,.T.);
#4991 = VERTEX_POINT('',#4992);
#4992 = CARTESIAN_POINT('',(0.5,3.3,17.9));
#4993 = LINE('',#4994,#4995);
#4994 = CARTESIAN_POINT('',(5.108815909778,3.3,17.9));
#4995 = VECTOR('',#4996,1.);
#4996 = DIRECTION('',(-1.,-0.,-0.));
#4997 = ORIENTED_EDGE('',*,*,#2654,.F.);
#4998 = ORIENTED_EDGE('',*,*,#876,.F.);
#4999 = ORIENTED_EDGE('',*,*,#2484,.F.);
#5000 = ORIENTED_EDGE('',*,*,#4990,.T.);
#5001 = ORIENTED_EDGE('',*,*,#5002,.T.);
#5002 = EDGE_CURVE('',#4991,#4991,#5003,.T.);
#5003 = CIRCLE('',#5004,3.3);
#5004 = AXIS2_PLACEMENT_3D('',#5005,#5006,#5007);
#5005 = CARTESIAN_POINT('',(0.5,-1.1176E-13,17.9));
#5006 = DIRECTION('',(1.,0.,0.));
#5007 = DIRECTION('',(0.,1.,0.));
#5008 = CYLINDRICAL_SURFACE('',#5009,3.3);
#5009 = AXIS2_PLACEMENT_3D('',#5010,#5011,#5012);
#5010 = CARTESIAN_POINT('',(5.108815909778,-1.1176E-13,17.9));
#5011 = DIRECTION('',(1.,0.,0.));
#5012 = DIRECTION('',(0.,1.,0.));
#5013 = ADVANCED_FACE('',(#5014),#5035,.F.);
#5014 = FACE_BOUND('',#5015,.F.);
#5015 = EDGE_LOOP('',(#5016,#5024,#5025,#5026,#5027,#5028));
#5016 = ORIENTED_EDGE('',*,*,#5017,.F.);
#5017 = EDGE_CURVE('',#2122,#5018,#5020,.T.);
#5018 = VERTEX_POINT('',#5019);
#5019 = CARTESIAN_POINT('',(0.5,3.3,25.5));
#5020 = LINE('',#5021,#5022);
#5021 = CARTESIAN_POINT('',(5.108815909778,3.3,25.5));
#5022 = VECTOR('',#5023,1.);
#5023 = DIRECTION('',(-1.,-0.,-0.));
#5024 = ORIENTED_EDGE('',*,*,#2303,.F.);
#5025 = ORIENTED_EDGE('',*,*,#1500,.F.);
#5026 = ORIENTED_EDGE('',*,*,#2133,.F.);
#5027 = ORIENTED_EDGE('',*,*,#5017,.T.);
#5028 = ORIENTED_EDGE('',*,*,#5029,.T.);
#5029 = EDGE_CURVE('',#5018,#5018,#5030,.T.);
#5030 = CIRCLE('',#5031,3.3);
#5031 = AXIS2_PLACEMENT_3D('',#5032,#5033,#5034);
#5032 = CARTESIAN_POINT('',(0.5,-4.553E-14,25.5));
#5033 = DIRECTION('',(1.,0.,0.));
#5034 = DIRECTION('',(0.,1.,0.));
#5035 = CYLINDRICAL_SURFACE('',#5036,3.3);
#5036 = AXIS2_PLACEMENT_3D('',#5037,#5038,#5039);
#5037 = CARTESIAN_POINT('',(5.108815909778,-4.553E-14,25.5));
#5038 = DIRECTION('',(1.,0.,0.));
#5039 = DIRECTION('',(0.,1.,0.));
#5040 = ADVANCED_FACE('',(#5041),#5062,.F.);
#5041 = FACE_BOUND('',#5042,.T.);
#5042 = EDGE_LOOP('',(#5043,#5044,#5052,#5059,#5060,#5061));
#5043 = ORIENTED_EDGE('',*,*,#3629,.F.);
#5044 = ORIENTED_EDGE('',*,*,#5045,.T.);
#5045 = EDGE_CURVE('',#2836,#5046,#5048,.T.);
#5046 = VERTEX_POINT('',#5047);
#5047 = CARTESIAN_POINT('',(-0.5,3.3,25.5));
#5048 = LINE('',#5049,#5050);
#5049 = CARTESIAN_POINT('',(-5.108815909778,3.3,25.5));
#5050 = VECTOR('',#5051,1.);
#5051 = DIRECTION('',(1.,-2.2E-16,2.2E-16));
#5052 = ORIENTED_EDGE('',*,*,#5053,.T.);
#5053 = EDGE_CURVE('',#5046,#5046,#5054,.T.);
#5054 = CIRCLE('',#5055,3.3);
#5055 = AXIS2_PLACEMENT_3D('',#5056,#5057,#5058);
#5056 = CARTESIAN_POINT('',(-0.5,-4.542E-14,25.5));
#5057 = DIRECTION('',(1.,-2.2E-16,2.2E-16));
#5058 = DIRECTION('',(2.2E-16,1.,0.));
#5059 = ORIENTED_EDGE('',*,*,#5045,.F.);
#5060 = ORIENTED_EDGE('',*,*,#2835,.F.);
#5061 = ORIENTED_EDGE('',*,*,#3027,.F.);
#5062 = CYLINDRICAL_SURFACE('',#5063,3.3);
#5063 = AXIS2_PLACEMENT_3D('',#5064,#5065,#5066);
#5064 = CARTESIAN_POINT('',(-5.108815909778,-4.439E-14,25.5));
#5065 = DIRECTION('',(-1.,2.2E-16,-2.2E-16));
#5066 = DIRECTION('',(2.2E-16,1.,0.));
#5067 = ADVANCED_FACE('',(#5068),#5074,.F.);
#5068 = FACE_BOUND('',#5069,.F.);
#5069 = EDGE_LOOP('',(#5070,#5071,#5072,#5073));
#5070 = ORIENTED_EDGE('',*,*,#3807,.T.);
#5071 = ORIENTED_EDGE('',*,*,#3831,.T.);
#5072 = ORIENTED_EDGE('',*,*,#3855,.T.);
#5073 = ORIENTED_EDGE('',*,*,#3879,.T.);
#5074 = PLANE('',#5075);
#5075 = AXIS2_PLACEMENT_3D('',#5076,#5077,#5078);
#5076 = CARTESIAN_POINT('',(4.2E-16,1.,10.568787165189));
#5077 = DIRECTION('',(-0.,-1.,-4.4E-16));
#5078 = DIRECTION('',(0.,4.4E-16,-1.));
#5079 = ADVANCED_FACE('',(#5080),#5101,.F.);
#5080 = FACE_BOUND('',#5081,.T.);
#5081 = EDGE_LOOP('',(#5082,#5083,#5091,#5098,#5099,#5100));
#5082 = ORIENTED_EDGE('',*,*,#4700,.F.);
#5083 = ORIENTED_EDGE('',*,*,#5084,.T.);
#5084 = EDGE_CURVE('',#3907,#5085,#5087,.T.);
#5085 = VERTEX_POINT('',#5086);
#5086 = CARTESIAN_POINT('',(-0.5,3.3,17.9));
#5087 = LINE('',#5088,#5089);
#5088 = CARTESIAN_POINT('',(-5.108815909778,3.3,17.9));
#5089 = VECTOR('',#5090,1.);
#5090 = DIRECTION('',(1.,-2.2E-16,2.2E-16));
#5091 = ORIENTED_EDGE('',*,*,#5092,.T.);
#5092 = EDGE_CURVE('',#5085,#5085,#5093,.T.);
#5093 = CIRCLE('',#5094,3.3);
#5094 = AXIS2_PLACEMENT_3D('',#5095,#5096,#5097);
#5095 = CARTESIAN_POINT('',(-0.5,-1.1165E-13,17.9));
#5096 = DIRECTION('',(1.,-2.2E-16,2.2E-16));
#5097 = DIRECTION('',(2.2E-16,1.,0.));
#5098 = ORIENTED_EDGE('',*,*,#5084,.F.);
#5099 = ORIENTED_EDGE('',*,*,#3906,.F.);
#5100 = ORIENTED_EDGE('',*,*,#4098,.F.);
#5101 = CYLINDRICAL_SURFACE('',#5102,3.3);
#5102 = AXIS2_PLACEMENT_3D('',#5103,#5104,#5105);
#5103 = CARTESIAN_POINT('',(-5.108815909778,-1.1063E-13,17.9));
#5104 = DIRECTION('',(-1.,2.2E-16,-2.2E-16));
#5105 = DIRECTION('',(2.2E-16,1.,0.));
#5106 = ADVANCED_FACE('',(#5107),#5113,.F.);
#5107 = FACE_BOUND('',#5108,.T.);
#5108 = EDGE_LOOP('',(#5109,#5110,#5111,#5112));
#5109 = ORIENTED_EDGE('',*,*,#4878,.T.);
#5110 = ORIENTED_EDGE('',*,*,#4902,.T.);
#5111 = ORIENTED_EDGE('',*,*,#4950,.T.);
#5112 = ORIENTED_EDGE('',*,*,#4933,.T.);
#5113 = PLANE('',#5114);
#5114 = AXIS2_PLACEMENT_3D('',#5115,#5116,#5117);
#5115 = CARTESIAN_POINT('',(4.2E-16,-1.,10.568787165189));
#5116 = DIRECTION('',(0.,1.,0.));
#5117 = DIRECTION('',(0.,0.,1.));
#5118 = ADVANCED_FACE('',(#5119,#5122),#5133,.F.);
#5119 = FACE_BOUND('',#5120,.F.);
#5120 = EDGE_LOOP('',(#5121));
#5121 = ORIENTED_EDGE('',*,*,#4975,.F.);
#5122 = FACE_BOUND('',#5123,.F.);
#5123 = EDGE_LOOP('',(#5124));
#5124 = ORIENTED_EDGE('',*,*,#5125,.F.);
#5125 = EDGE_CURVE('',#5126,#5126,#5128,.T.);
#5126 = VERTEX_POINT('',#5127);
#5127 = CARTESIAN_POINT('',(4.25,0.,3.));
#5128 = CIRCLE('',#5129,4.25);
#5129 = AXIS2_PLACEMENT_3D('',#5130,#5131,#5132);
#5130 = CARTESIAN_POINT('',(0.,0.,3.));
#5131 = DIRECTION('',(0.,0.,1.));
#5132 = DIRECTION('',(1.,0.,0.));
#5133 = PLANE('',#5134);
#5134 = AXIS2_PLACEMENT_3D('',#5135,#5136,#5137);
#5135 = CARTESIAN_POINT('',(-3.5E-16,4.E-17,3.));
#5136 = DIRECTION('',(0.,0.,1.));
#5137 = DIRECTION('',(1.,0.,0.));
#5138 = ADVANCED_FACE('',(#5139),#5142,.T.);
#5139 = FACE_BOUND('',#5140,.T.);
#5140 = EDGE_LOOP('',(#5141));
#5141 = ORIENTED_EDGE('',*,*,#5002,.T.);
#5142 = PLANE('',#5143);
#5143 = AXIS2_PLACEMENT_3D('',#5144,#5145,#5146);
#5144 = CARTESIAN_POINT('',(0.5,-7.894E-14,21.7));
#5145 = DIRECTION('',(1.,0.,0.));
#5146 = DIRECTION('',(0.,0.,1.));
#5147 = ADVANCED_FACE('',(#5148),#5151,.T.);
#5148 = FACE_BOUND('',#5149,.T.);
#5149 = EDGE_LOOP('',(#5150));
#5150 = ORIENTED_EDGE('',*,*,#5029,.T.);
#5151 = PLANE('',#5152);
#5152 = AXIS2_PLACEMENT_3D('',#5153,#5154,#5155);
#5153 = CARTESIAN_POINT('',(0.5,-7.894E-14,21.7));
#5154 = DIRECTION('',(1.,0.,0.));
#5155 = DIRECTION('',(0.,0.,1.));
#5156 = ADVANCED_FACE('',(#5157),#5160,.T.);
#5157 = FACE_BOUND('',#5158,.F.);
#5158 = EDGE_LOOP('',(#5159));
#5159 = ORIENTED_EDGE('',*,*,#5053,.T.);
#5160 = PLANE('',#5161);
#5161 = AXIS2_PLACEMENT_3D('',#5162,#5163,#5164);
#5162 = CARTESIAN_POINT('',(-0.5,-7.883E-14,21.7));
#5163 = DIRECTION('',(-1.,2.2E-16,-2.2E-16));
#5164 = DIRECTION('',(2.2E-16,0.,-1.));
#5165 = ADVANCED_FACE('',(#5166),#5169,.T.);
#5166 = FACE_BOUND('',#5167,.F.);
#5167 = EDGE_LOOP('',(#5168));
#5168 = ORIENTED_EDGE('',*,*,#5092,.T.);
#5169 = PLANE('',#5170);
#5170 = AXIS2_PLACEMENT_3D('',#5171,#5172,#5173);
#5171 = CARTESIAN_POINT('',(-0.5,-7.883E-14,21.7));
#5172 = DIRECTION('',(-1.,2.2E-16,-2.2E-16));
#5173 = DIRECTION('',(2.2E-16,0.,-1.));
#5174 = ADVANCED_FACE('',(#5175),#5194,.F.);
#5175 = FACE_BOUND('',#5176,.T.);
#5176 = EDGE_LOOP('',(#5177,#5185,#5192,#5193));
#5177 = ORIENTED_EDGE('',*,*,#5178,.T.);
#5178 = EDGE_CURVE('',#5126,#5179,#5181,.T.);
#5179 = VERTEX_POINT('',#5180);
#5180 = CARTESIAN_POINT('',(4.25,0.,4.));
#5181 = LINE('',#5182,#5183);
#5182 = CARTESIAN_POINT('',(4.25,0.,3.));
#5183 = VECTOR('',#5184,1.);
#5184 = DIRECTION('',(0.,0.,1.));
#5185 = ORIENTED_EDGE('',*,*,#5186,.T.);
#5186 = EDGE_CURVE('',#5179,#5179,#5187,.T.);
#5187 = CIRCLE('',#5188,4.25);
#5188 = AXIS2_PLACEMENT_3D('',#5189,#5190,#5191);
#5189 = CARTESIAN_POINT('',(0.,0.,4.));
#5190 = DIRECTION('',(0.,0.,1.));
#5191 = DIRECTION('',(1.,0.,0.));
#5192 = ORIENTED_EDGE('',*,*,#5178,.F.);
#5193 = ORIENTED_EDGE('',*,*,#5125,.F.);
#5194 = CYLINDRICAL_SURFACE('',#5195,4.25);
#5195 = AXIS2_PLACEMENT_3D('',#5196,#5197,#5198);
#5196 = CARTESIAN_POINT('',(0.,0.,3.));
#5197 = DIRECTION('',(-0.,-0.,-1.));
#5198 = DIRECTION('',(1.,0.,0.));
#5199 = ADVANCED_FACE('',(#5200),#5203,.F.);
#5200 = FACE_BOUND('',#5201,.F.);
#5201 = EDGE_LOOP('',(#5202));
#5202 = ORIENTED_EDGE('',*,*,#5186,.T.);
#5203 = PLANE('',#5204);
#5204 = AXIS2_PLACEMENT_3D('',#5205,#5206,#5207);
#5205 = CARTESIAN_POINT('',(-3.6E-16,6.E-17,4.));
#5206 = DIRECTION('',(0.,0.,1.));
#5207 = DIRECTION('',(1.,0.,0.));
#5208 = ( GEOMETRIC_REPRESENTATION_CONTEXT(3) 
GLOBAL_UNCERTAINTY_ASSIGNED_CONTEXT((#5212)) 
GLOBAL_UNIT_ASSIGNED_CONTEXT((#5209,#5210,#5211)) REPRESENTATION_CONTEXT
('Context #1','3D Context with UNIT and UNCERTAINTY') );
#5209 = ( LENGTH_UNIT() NAMED_UNIT(*) SI_UNIT(.MILLI.,.METRE.) );
#5210 = ( NAMED_UNIT(*) PLANE_ANGLE_UNIT() SI_UNIT($,.RADIAN.) );
#5211 = ( NAMED_UNIT(*) SI_UNIT($,.STERADIAN.) SOLID_ANGLE_UNIT() );
#5212 = UNCERTAINTY_MEASURE_WITH_UNIT(LENGTH_MEASURE(5.E-05),#5209,
  'distance_accuracy_value','confusion accuracy');
#5213 = CONTEXT_DEPENDENT_SHAPE_REPRESENTATION(#5214,#5216);
#5214 = ( REPRESENTATION_RELATIONSHIP('','',#60,#10) 
REPRESENTATION_RELATIONSHIP_WITH_TRANSFORMATION(#5215) 
SHAPE_REPRESENTATION_RELATIONSHIP() );
#5215 = ITEM_DEFINED_TRANSFORMATION('','',#11,#15);
#5216 = PRODUCT_DEFINITION_SHAPE('Placement','Placement of an item',
  #5217);
#5217 = NEXT_ASSEMBLY_USAGE_OCCURRENCE('1','design6-rotor001','',#5,#55,
  $);
#5218 = PRODUCT_RELATED_PRODUCT_CATEGORY('part',$,(#57));
#5219 = SHAPE_DEFINITION_REPRESENTATION(#5220,#5226);
#5220 = PRODUCT_DEFINITION_SHAPE('','',#5221);
#5221 = PRODUCT_DEFINITION('design','',#5222,#5225);
#5222 = PRODUCT_DEFINITION_FORMATION('','',#5223);
#5223 = PRODUCT('design6-casing','design6-casing','',(#5224));
#5224 = PRODUCT_CONTEXT('',#2,'mechanical');
#5225 = PRODUCT_DEFINITION_CONTEXT('part definition',#2,'design');
#5226 = ADVANCED_BREP_SHAPE_REPRESENTATION('',(#11,#5227),#7164);
#5227 = MANIFOLD_SOLID_BREP('',#5228);
#5228 = CLOSED_SHELL('',(#5229,#5301,#5348,#5372,#5522,#5573,#5638,#5662
    ,#5686,#5760,#5785,#5826,#5851,#5916,#5963,#5988,#6028,#6045,#6078,
    #6102,#6133,#6150,#6175,#6192,#6209,#6221,#6242,#6274,#6298,#6323,
    #6347,#6412,#6434,#6465,#6496,#6527,#6555,#6586,#6617,#6654,#6679,
    #6737,#6766,#6790,#6815,#6873,#6902,#6926,#6951,#6986,#7002,#7018,
    #7042,#7063,#7084,#7112,#7140,#7152));
#5229 = ADVANCED_FACE('',(#5230),#5296,.T.);
#5230 = FACE_BOUND('',#5231,.T.);
#5231 = EDGE_LOOP('',(#5232,#5242,#5250,#5258,#5266,#5274,#5282,#5290));
#5232 = ORIENTED_EDGE('',*,*,#5233,.F.);
#5233 = EDGE_CURVE('',#5234,#5236,#5238,.T.);
#5234 = VERTEX_POINT('',#5235);
#5235 = CARTESIAN_POINT('',(13.,-7.499999999999,-3.));
#5236 = VERTEX_POINT('',#5237);
#5237 = CARTESIAN_POINT('',(13.,-7.499999999999,6.41));
#5238 = LINE('',#5239,#5240);
#5239 = CARTESIAN_POINT('',(13.,-7.499999999999,-3.));
#5240 = VECTOR('',#5241,1.);
#5241 = DIRECTION('',(0.,0.,1.));
#5242 = ORIENTED_EDGE('',*,*,#5243,.F.);
#5243 = EDGE_CURVE('',#5244,#5234,#5246,.T.);
#5244 = VERTEX_POINT('',#5245);
#5245 = CARTESIAN_POINT('',(13.,-5.499999999973,-3.));
#5246 = LINE('',#5247,#5248);
#5247 = CARTESIAN_POINT('',(13.,-5.499999999973,-3.));
#5248 = VECTOR('',#5249,1.);
#5249 = DIRECTION('',(0.,-1.,0.));
#5250 = ORIENTED_EDGE('',*,*,#5251,.T.);
#5251 = EDGE_CURVE('',#5244,#5252,#5254,.T.);
#5252 = VERTEX_POINT('',#5253);
#5253 = CARTESIAN_POINT('',(13.,-5.499999999973,35.8));
#5254 = LINE('',#5255,#5256);
#5255 = CARTESIAN_POINT('',(13.,-5.499999999973,33.8));
#5256 = VECTOR('',#5257,1.);
#5257 = DIRECTION('',(0.,0.,1.));
#5258 = ORIENTED_EDGE('',*,*,#5259,.T.);
#5259 = EDGE_CURVE('',#5252,#5260,#5262,.T.);
#5260 = VERTEX_POINT('',#5261);
#5261 = CARTESIAN_POINT('',(13.,-7.499999999999,35.8));
#5262 = LINE('',#5263,#5264);
#5263 = CARTESIAN_POINT('',(13.,-5.499999999973,35.8));
#5264 = VECTOR('',#5265,1.);
#5265 = DIRECTION('',(-0.,-1.,-0.));
#5266 = ORIENTED_EDGE('',*,*,#5267,.F.);
#5267 = EDGE_CURVE('',#5268,#5260,#5270,.T.);
#5268 = VERTEX_POINT('',#5269);
#5269 = CARTESIAN_POINT('',(13.,-7.5,18.4));
#5270 = LINE('',#5271,#5272);
#5271 = CARTESIAN_POINT('',(13.,-7.499999999999,-3.));
#5272 = VECTOR('',#5273,1.);
#5273 = DIRECTION('',(0.,0.,1.));
#5274 = ORIENTED_EDGE('',*,*,#5275,.F.);
#5275 = EDGE_CURVE('',#5276,#5268,#5278,.T.);
#5276 = VERTEX_POINT('',#5277);
#5277 = CARTESIAN_POINT('',(13.,-7.5,14.4));
#5278 = LINE('',#5279,#5280);
#5279 = CARTESIAN_POINT('',(13.,-7.5,14.4));
#5280 = VECTOR('',#5281,1.);
#5281 = DIRECTION('',(0.,0.,1.));
#5282 = ORIENTED_EDGE('',*,*,#5283,.T.);
#5283 = EDGE_CURVE('',#5276,#5284,#5286,.T.);
#5284 = VERTEX_POINT('',#5285);
#5285 = CARTESIAN_POINT('',(13.,-15.48999999999,14.4));
#5286 = LINE('',#5287,#5288);
#5287 = CARTESIAN_POINT('',(13.,-9.573770491797,14.4));
#5288 = VECTOR('',#5289,1.);
#5289 = DIRECTION('',(3.693534378507E-16,-1.,4.144832625267E-15));
#5290 = ORIENTED_EDGE('',*,*,#5291,.F.);
#5291 = EDGE_CURVE('',#5236,#5284,#5292,.T.);
#5292 = LINE('',#5293,#5294);
#5293 = CARTESIAN_POINT('',(13.,-12.03188524589,10.941885245899));
#5294 = VECTOR('',#5295,1.);
#5295 = DIRECTION('',(2.611723205588E-16,-0.707106781187,0.707106781187)
  );
#5296 = PLANE('',#5297);
#5297 = AXIS2_PLACEMENT_3D('',#5298,#5299,#5300);
#5298 = CARTESIAN_POINT('',(13.,-7.647540983594,16.4));
#5299 = DIRECTION('',(1.,3.693534378507E-16,0.));
#5300 = DIRECTION('',(-3.693534378507E-16,1.,0.));
#5301 = ADVANCED_FACE('',(#5302),#5343,.T.);
#5302 = FACE_BOUND('',#5303,.T.);
#5303 = EDGE_LOOP('',(#5304,#5305,#5313,#5321,#5329,#5337));
#5304 = ORIENTED_EDGE('',*,*,#5233,.T.);
#5305 = ORIENTED_EDGE('',*,*,#5306,.F.);
#5306 = EDGE_CURVE('',#5307,#5236,#5309,.T.);
#5307 = VERTEX_POINT('',#5308);
#5308 = CARTESIAN_POINT('',(9.,-7.499999999999,6.41));
#5309 = LINE('',#5310,#5311);
#5310 = CARTESIAN_POINT('',(9.,-7.499999999999,6.41));
#5311 = VECTOR('',#5312,1.);
#5312 = DIRECTION('',(1.,1.28E-15,-5.916456789158E-30));
#5313 = ORIENTED_EDGE('',*,*,#5314,.F.);
#5314 = EDGE_CURVE('',#5315,#5307,#5317,.T.);
#5315 = VERTEX_POINT('',#5316);
#5316 = CARTESIAN_POINT('',(9.,-7.5,-1.));
#5317 = LINE('',#5318,#5319);
#5318 = CARTESIAN_POINT('',(9.,-7.5,-1.));
#5319 = VECTOR('',#5320,1.);
#5320 = DIRECTION('',(0.,0.,1.));
#5321 = ORIENTED_EDGE('',*,*,#5322,.F.);
#5322 = EDGE_CURVE('',#5323,#5315,#5325,.T.);
#5323 = VERTEX_POINT('',#5324);
#5324 = CARTESIAN_POINT('',(8.046738469716,-7.5,-1.));
#5325 = LINE('',#5326,#5327);
#5326 = CARTESIAN_POINT('',(4.023369234858,-7.5,-1.));
#5327 = VECTOR('',#5328,1.);
#5328 = DIRECTION('',(1.,0.,0.));
#5329 = ORIENTED_EDGE('',*,*,#5330,.F.);
#5330 = EDGE_CURVE('',#5331,#5323,#5333,.T.);
#5331 = VERTEX_POINT('',#5332);
#5332 = CARTESIAN_POINT('',(8.046738469716,-7.5,-3.));
#5333 = LINE('',#5334,#5335);
#5334 = CARTESIAN_POINT('',(8.046738469716,-7.5,-3.));
#5335 = VECTOR('',#5336,1.);
#5336 = DIRECTION('',(-1.2E-16,0.,1.));
#5337 = ORIENTED_EDGE('',*,*,#5338,.T.);
#5338 = EDGE_CURVE('',#5331,#5234,#5339,.T.);
#5339 = LINE('',#5340,#5341);
#5340 = CARTESIAN_POINT('',(11.,-7.499999999999,-3.));
#5341 = VECTOR('',#5342,1.);
#5342 = DIRECTION('',(1.,0.,0.));
#5343 = PLANE('',#5344);
#5344 = AXIS2_PLACEMENT_3D('',#5345,#5346,#5347);
#5345 = CARTESIAN_POINT('',(8.4E-16,-7.499999999999,18.454251977098));
#5346 = DIRECTION('',(1.28E-15,-1.,9.13E-15));
#5347 = DIRECTION('',(0.,-9.13E-15,-1.));
#5348 = ADVANCED_FACE('',(#5349),#5367,.F.);
#5349 = FACE_BOUND('',#5350,.T.);
#5350 = EDGE_LOOP('',(#5351,#5359,#5360,#5361));
#5351 = ORIENTED_EDGE('',*,*,#5352,.F.);
#5352 = EDGE_CURVE('',#5307,#5353,#5355,.T.);
#5353 = VERTEX_POINT('',#5354);
#5354 = CARTESIAN_POINT('',(9.,-15.48999999999,14.4));
#5355 = LINE('',#5356,#5357);
#5356 = CARTESIAN_POINT('',(9.,-10.10106060606,9.011060606061));
#5357 = VECTOR('',#5358,1.);
#5358 = DIRECTION('',(2.018239141845E-16,-0.707106781187,0.707106781187)
  );
#5359 = ORIENTED_EDGE('',*,*,#5306,.T.);
#5360 = ORIENTED_EDGE('',*,*,#5291,.T.);
#5361 = ORIENTED_EDGE('',*,*,#5362,.F.);
#5362 = EDGE_CURVE('',#5353,#5284,#5363,.T.);
#5363 = LINE('',#5364,#5365);
#5364 = CARTESIAN_POINT('',(9.,-15.48999999999,14.4));
#5365 = VECTOR('',#5366,1.);
#5366 = DIRECTION('',(1.,1.28E-15,-5.916456789158E-30));
#5367 = PLANE('',#5368);
#5368 = AXIS2_PLACEMENT_3D('',#5369,#5370,#5371);
#5369 = CARTESIAN_POINT('',(9.,-11.49499999999,10.405));
#5370 = DIRECTION('',(5.863283671293E-16,0.707106781187,0.707106781187)
  );
#5371 = DIRECTION('',(-1.,-2.254032356008E-16,1.054596764399E-15));
#5372 = ADVANCED_FACE('',(#5373,#5497),#5517,.T.);
#5373 = FACE_BOUND('',#5374,.T.);
#5374 = EDGE_LOOP('',(#5375,#5385,#5393,#5401,#5409,#5417,#5426,#5434,
    #5442,#5450,#5458,#5464,#5465,#5466,#5475,#5483,#5491));
#5375 = ORIENTED_EDGE('',*,*,#5376,.T.);
#5376 = EDGE_CURVE('',#5377,#5379,#5381,.T.);
#5377 = VERTEX_POINT('',#5378);
#5378 = CARTESIAN_POINT('',(-11.,-5.499999999973,-3.));
#5379 = VERTEX_POINT('',#5380);
#5380 = CARTESIAN_POINT('',(-11.,8.E-15,-3.));
#5381 = LINE('',#5382,#5383);
#5382 = CARTESIAN_POINT('',(-11.,-7.5,-3.));
#5383 = VECTOR('',#5384,1.);
#5384 = DIRECTION('',(0.,1.,0.));
#5385 = ORIENTED_EDGE('',*,*,#5386,.T.);
#5386 = EDGE_CURVE('',#5379,#5387,#5389,.T.);
#5387 = VERTEX_POINT('',#5388);
#5388 = CARTESIAN_POINT('',(-11.,5.5,-3.));
#5389 = LINE('',#5390,#5391);
#5390 = CARTESIAN_POINT('',(-11.,-7.5,-3.));
#5391 = VECTOR('',#5392,1.);
#5392 = DIRECTION('',(0.,1.,0.));
#5393 = ORIENTED_EDGE('',*,*,#5394,.T.);
#5394 = EDGE_CURVE('',#5387,#5395,#5397,.T.);
#5395 = VERTEX_POINT('',#5396);
#5396 = CARTESIAN_POINT('',(-13.,5.5,-3.));
#5397 = LINE('',#5398,#5399);
#5398 = CARTESIAN_POINT('',(-11.,5.5,-3.));
#5399 = VECTOR('',#5400,1.);
#5400 = DIRECTION('',(-1.,0.,0.));
#5401 = ORIENTED_EDGE('',*,*,#5402,.F.);
#5402 = EDGE_CURVE('',#5403,#5395,#5405,.T.);
#5403 = VERTEX_POINT('',#5404);
#5404 = CARTESIAN_POINT('',(-13.,7.5,-3.));
#5405 = LINE('',#5406,#5407);
#5406 = CARTESIAN_POINT('',(-13.,7.5,-3.));
#5407 = VECTOR('',#5408,1.);
#5408 = DIRECTION('',(0.,-1.,0.));
#5409 = ORIENTED_EDGE('',*,*,#5410,.F.);
#5410 = EDGE_CURVE('',#5411,#5403,#5413,.T.);
#5411 = VERTEX_POINT('',#5412);
#5412 = CARTESIAN_POINT('',(-8.046738469716,7.5,-3.));
#5413 = LINE('',#5414,#5415);
#5414 = CARTESIAN_POINT('',(-11.,7.5,-3.));
#5415 = VECTOR('',#5416,1.);
#5416 = DIRECTION('',(-1.,0.,0.));
#5417 = ORIENTED_EDGE('',*,*,#5418,.F.);
#5418 = EDGE_CURVE('',#5419,#5411,#5421,.T.);
#5419 = VERTEX_POINT('',#5420);
#5420 = CARTESIAN_POINT('',(8.046738469716,7.5,-3.));
#5421 = CIRCLE('',#5422,11.);
#5422 = AXIS2_PLACEMENT_3D('',#5423,#5424,#5425);
#5423 = CARTESIAN_POINT('',(-2.4E-16,0.,-3.));
#5424 = DIRECTION('',(0.,0.,1.));
#5425 = DIRECTION('',(-1.,0.,0.));
#5426 = ORIENTED_EDGE('',*,*,#5427,.F.);
#5427 = EDGE_CURVE('',#5428,#5419,#5430,.T.);
#5428 = VERTEX_POINT('',#5429);
#5429 = CARTESIAN_POINT('',(13.,7.5,-3.));
#5430 = LINE('',#5431,#5432);
#5431 = CARTESIAN_POINT('',(11.,7.5,-3.));
#5432 = VECTOR('',#5433,1.);
#5433 = DIRECTION('',(-1.,0.,0.));
#5434 = ORIENTED_EDGE('',*,*,#5435,.T.);
#5435 = EDGE_CURVE('',#5428,#5436,#5438,.T.);
#5436 = VERTEX_POINT('',#5437);
#5437 = CARTESIAN_POINT('',(13.,5.5,-3.));
#5438 = LINE('',#5439,#5440);
#5439 = CARTESIAN_POINT('',(13.,7.5,-3.));
#5440 = VECTOR('',#5441,1.);
#5441 = DIRECTION('',(0.,-1.,0.));
#5442 = ORIENTED_EDGE('',*,*,#5443,.F.);
#5443 = EDGE_CURVE('',#5444,#5436,#5446,.T.);
#5444 = VERTEX_POINT('',#5445);
#5445 = CARTESIAN_POINT('',(11.,5.5,-3.));
#5446 = LINE('',#5447,#5448);
#5447 = CARTESIAN_POINT('',(11.,5.5,-3.));
#5448 = VECTOR('',#5449,1.);
#5449 = DIRECTION('',(1.,0.,0.));
#5450 = ORIENTED_EDGE('',*,*,#5451,.F.);
#5451 = EDGE_CURVE('',#5452,#5444,#5454,.T.);
#5452 = VERTEX_POINT('',#5453);
#5453 = CARTESIAN_POINT('',(11.,-5.499999999973,-3.));
#5454 = LINE('',#5455,#5456);
#5455 = CARTESIAN_POINT('',(11.,-7.5,-3.));
#5456 = VECTOR('',#5457,1.);
#5457 = DIRECTION('',(0.,1.,0.));
#5458 = ORIENTED_EDGE('',*,*,#5459,.T.);
#5459 = EDGE_CURVE('',#5452,#5244,#5460,.T.);
#5460 = LINE('',#5461,#5462);
#5461 = CARTESIAN_POINT('',(11.,-5.499999999973,-3.));
#5462 = VECTOR('',#5463,1.);
#5463 = DIRECTION('',(1.,0.,0.));
#5464 = ORIENTED_EDGE('',*,*,#5243,.T.);
#5465 = ORIENTED_EDGE('',*,*,#5338,.F.);
#5466 = ORIENTED_EDGE('',*,*,#5467,.F.);
#5467 = EDGE_CURVE('',#5468,#5331,#5470,.T.);
#5468 = VERTEX_POINT('',#5469);
#5469 = CARTESIAN_POINT('',(-8.046738469716,-7.5,-3.));
#5470 = CIRCLE('',#5471,11.);
#5471 = AXIS2_PLACEMENT_3D('',#5472,#5473,#5474);
#5472 = CARTESIAN_POINT('',(-2.4E-16,0.,-3.));
#5473 = DIRECTION('',(0.,0.,1.));
#5474 = DIRECTION('',(-1.,0.,0.));
#5475 = ORIENTED_EDGE('',*,*,#5476,.T.);
#5476 = EDGE_CURVE('',#5468,#5477,#5479,.T.);
#5477 = VERTEX_POINT('',#5478);
#5478 = CARTESIAN_POINT('',(-13.,-7.499999999999,-3.));
#5479 = LINE('',#5480,#5481);
#5480 = CARTESIAN_POINT('',(-8.046738469716,-7.5,-3.));
#5481 = VECTOR('',#5482,1.);
#5482 = DIRECTION('',(-1.,0.,0.));
#5483 = ORIENTED_EDGE('',*,*,#5484,.F.);
#5484 = EDGE_CURVE('',#5485,#5477,#5487,.T.);
#5485 = VERTEX_POINT('',#5486);
#5486 = CARTESIAN_POINT('',(-13.,-5.499999999973,-3.));
#5487 = LINE('',#5488,#5489);
#5488 = CARTESIAN_POINT('',(-13.,-5.499999999973,-3.));
#5489 = VECTOR('',#5490,1.);
#5490 = DIRECTION('',(0.,-1.,0.));
#5491 = ORIENTED_EDGE('',*,*,#5492,.F.);
#5492 = EDGE_CURVE('',#5377,#5485,#5493,.T.);
#5493 = LINE('',#5494,#5495);
#5494 = CARTESIAN_POINT('',(-11.,-5.499999999973,-3.));
#5495 = VECTOR('',#5496,1.);
#5496 = DIRECTION('',(-1.,0.,0.));
#5497 = FACE_BOUND('',#5498,.T.);
#5498 = EDGE_LOOP('',(#5499,#5510));
#5499 = ORIENTED_EDGE('',*,*,#5500,.T.);
#5500 = EDGE_CURVE('',#5501,#5503,#5505,.T.);
#5501 = VERTEX_POINT('',#5502);
#5502 = CARTESIAN_POINT('',(-9.,0.,-3.));
#5503 = VERTEX_POINT('',#5504);
#5504 = CARTESIAN_POINT('',(9.,0.,-3.));
#5505 = CIRCLE('',#5506,9.);
#5506 = AXIS2_PLACEMENT_3D('',#5507,#5508,#5509);
#5507 = CARTESIAN_POINT('',(-2.4E-16,0.,-3.));
#5508 = DIRECTION('',(0.,0.,1.));
#5509 = DIRECTION('',(-1.,0.,0.));
#5510 = ORIENTED_EDGE('',*,*,#5511,.T.);
#5511 = EDGE_CURVE('',#5503,#5501,#5512,.T.);
#5512 = CIRCLE('',#5513,9.);
#5513 = AXIS2_PLACEMENT_3D('',#5514,#5515,#5516);
#5514 = CARTESIAN_POINT('',(-2.4E-16,0.,-3.));
#5515 = DIRECTION('',(0.,0.,1.));
#5516 = DIRECTION('',(-1.,0.,0.));
#5517 = PLANE('',#5518);
#5518 = AXIS2_PLACEMENT_3D('',#5519,#5520,#5521);
#5519 = CARTESIAN_POINT('',(-8.E-17,1.35485E-12,-3.));
#5520 = DIRECTION('',(-0.,-0.,-1.));
#5521 = DIRECTION('',(-1.,0.,0.));
#5522 = ADVANCED_FACE('',(#5523,#5557),#5568,.T.);
#5523 = FACE_BOUND('',#5524,.T.);
#5524 = EDGE_LOOP('',(#5525,#5533,#5534,#5535,#5543,#5551));
#5525 = ORIENTED_EDGE('',*,*,#5526,.F.);
#5526 = EDGE_CURVE('',#5353,#5527,#5529,.T.);
#5527 = VERTEX_POINT('',#5528);
#5528 = CARTESIAN_POINT('',(9.,-15.49999999999,14.4));
#5529 = LINE('',#5530,#5531);
#5530 = CARTESIAN_POINT('',(9.,-7.499999999999,14.4));
#5531 = VECTOR('',#5532,1.);
#5532 = DIRECTION('',(1.28E-15,-1.,9.325873406851E-15));
#5533 = ORIENTED_EDGE('',*,*,#5362,.T.);
#5534 = ORIENTED_EDGE('',*,*,#5283,.F.);
#5535 = ORIENTED_EDGE('',*,*,#5536,.T.);
#5536 = EDGE_CURVE('',#5276,#5537,#5539,.T.);
#5537 = VERTEX_POINT('',#5538);
#5538 = CARTESIAN_POINT('',(19.,-7.5,14.4));
#5539 = LINE('',#5540,#5541);
#5540 = CARTESIAN_POINT('',(13.,-7.5,14.4));
#5541 = VECTOR('',#5542,1.);
#5542 = DIRECTION('',(1.,0.,0.));
#5543 = ORIENTED_EDGE('',*,*,#5544,.F.);
#5544 = EDGE_CURVE('',#5545,#5537,#5547,.T.);
#5545 = VERTEX_POINT('',#5546);
#5546 = CARTESIAN_POINT('',(19.,-15.5,14.4));
#5547 = LINE('',#5548,#5549);
#5548 = CARTESIAN_POINT('',(19.,-15.5,14.4));
#5549 = VECTOR('',#5550,1.);
#5550 = DIRECTION('',(0.,1.,0.));
#5551 = ORIENTED_EDGE('',*,*,#5552,.F.);
#5552 = EDGE_CURVE('',#5527,#5545,#5553,.T.);
#5553 = LINE('',#5554,#5555);
#5554 = CARTESIAN_POINT('',(13.,-15.5,14.4));
#5555 = VECTOR('',#5556,1.);
#5556 = DIRECTION('',(1.,0.,0.));
#5557 = FACE_BOUND('',#5558,.T.);
#5558 = EDGE_LOOP('',(#5559));
#5559 = ORIENTED_EDGE('',*,*,#5560,.F.);
#5560 = EDGE_CURVE('',#5561,#5561,#5563,.T.);
#5561 = VERTEX_POINT('',#5562);
#5562 = CARTESIAN_POINT('',(18.25,-11.5,14.4));
#5563 = CIRCLE('',#5564,2.25);
#5564 = AXIS2_PLACEMENT_3D('',#5565,#5566,#5567);
#5565 = CARTESIAN_POINT('',(16.,-11.5,14.4));
#5566 = DIRECTION('',(-2.583791766401E-15,-4.144832625267E-15,-1.));
#5567 = DIRECTION('',(1.,0.,-2.583791766401E-15));
#5568 = PLANE('',#5569);
#5569 = AXIS2_PLACEMENT_3D('',#5570,#5571,#5572);
#5570 = CARTESIAN_POINT('',(14.,-11.5,14.4));
#5571 = DIRECTION('',(-2.411538981974E-15,-4.144832625267E-15,-1.));
#5572 = DIRECTION('',(0.,-1.,4.144832625267E-15));
#5573 = ADVANCED_FACE('',(#5574),#5633,.T.);
#5574 = FACE_BOUND('',#5575,.T.);
#5575 = EDGE_LOOP('',(#5576,#5584,#5585,#5593,#5599,#5600,#5601,#5609,
    #5618,#5626));
#5576 = ORIENTED_EDGE('',*,*,#5577,.T.);
#5577 = EDGE_CURVE('',#5578,#5377,#5580,.T.);
#5578 = VERTEX_POINT('',#5579);
#5579 = CARTESIAN_POINT('',(-11.,-5.499999999973,30.8));
#5580 = LINE('',#5581,#5582);
#5581 = CARTESIAN_POINT('',(-11.,-5.499999999973,33.8));
#5582 = VECTOR('',#5583,1.);
#5583 = DIRECTION('',(0.,0.,-1.));
#5584 = ORIENTED_EDGE('',*,*,#5492,.T.);
#5585 = ORIENTED_EDGE('',*,*,#5586,.F.);
#5586 = EDGE_CURVE('',#5587,#5485,#5589,.T.);
#5587 = VERTEX_POINT('',#5588);
#5588 = CARTESIAN_POINT('',(-13.,-5.499999999973,35.8));
#5589 = LINE('',#5590,#5591);
#5590 = CARTESIAN_POINT('',(-13.,-5.499999999973,33.8));
#5591 = VECTOR('',#5592,1.);
#5592 = DIRECTION('',(0.,0.,-1.));
#5593 = ORIENTED_EDGE('',*,*,#5594,.F.);
#5594 = EDGE_CURVE('',#5252,#5587,#5595,.T.);
#5595 = LINE('',#5596,#5597);
#5596 = CARTESIAN_POINT('',(5.,-5.499999999973,35.8));
#5597 = VECTOR('',#5598,1.);
#5598 = DIRECTION('',(-1.,0.,0.));
#5599 = ORIENTED_EDGE('',*,*,#5251,.F.);
#5600 = ORIENTED_EDGE('',*,*,#5459,.F.);
#5601 = ORIENTED_EDGE('',*,*,#5602,.F.);
#5602 = EDGE_CURVE('',#5603,#5452,#5605,.T.);
#5603 = VERTEX_POINT('',#5604);
#5604 = CARTESIAN_POINT('',(11.,-5.499999999973,30.8));
#5605 = LINE('',#5606,#5607);
#5606 = CARTESIAN_POINT('',(11.,-5.499999999973,33.8));
#5607 = VECTOR('',#5608,1.);
#5608 = DIRECTION('',(0.,0.,-1.));
#5609 = ORIENTED_EDGE('',*,*,#5610,.F.);
#5610 = EDGE_CURVE('',#5611,#5603,#5613,.T.);
#5611 = VERTEX_POINT('',#5612);
#5612 = CARTESIAN_POINT('',(8.,-5.499999999973,33.8));
#5613 = CIRCLE('',#5614,3.);
#5614 = AXIS2_PLACEMENT_3D('',#5615,#5616,#5617);
#5615 = CARTESIAN_POINT('',(8.,-5.499999999973,30.8));
#5616 = DIRECTION('',(0.,1.,0.));
#5617 = DIRECTION('',(0.,0.,-1.));
#5618 = ORIENTED_EDGE('',*,*,#5619,.F.);
#5619 = EDGE_CURVE('',#5620,#5611,#5622,.T.);
#5620 = VERTEX_POINT('',#5621);
#5621 = CARTESIAN_POINT('',(-8.,-5.499999999973,33.8));
#5622 = LINE('',#5623,#5624);
#5623 = CARTESIAN_POINT('',(-5.,-5.499999999973,33.8));
#5624 = VECTOR('',#5625,1.);
#5625 = DIRECTION('',(1.,0.,0.));
#5626 = ORIENTED_EDGE('',*,*,#5627,.F.);
#5627 = EDGE_CURVE('',#5578,#5620,#5628,.T.);
#5628 = CIRCLE('',#5629,3.);
#5629 = AXIS2_PLACEMENT_3D('',#5630,#5631,#5632);
#5630 = CARTESIAN_POINT('',(-8.,-5.499999999973,30.8));
#5631 = DIRECTION('',(-0.,1.,0.));
#5632 = DIRECTION('',(0.,0.,-1.));
#5633 = PLANE('',#5634);
#5634 = AXIS2_PLACEMENT_3D('',#5635,#5636,#5637);
#5635 = CARTESIAN_POINT('',(1.96E-15,-5.499999999973,20.022047244094));
#5636 = DIRECTION('',(0.,1.,0.));
#5637 = DIRECTION('',(0.,0.,1.));
#5638 = ADVANCED_FACE('',(#5639),#5657,.F.);
#5639 = FACE_BOUND('',#5640,.F.);
#5640 = EDGE_LOOP('',(#5641,#5642,#5650,#5656));
#5641 = ORIENTED_EDGE('',*,*,#5536,.T.);
#5642 = ORIENTED_EDGE('',*,*,#5643,.T.);
#5643 = EDGE_CURVE('',#5537,#5644,#5646,.T.);
#5644 = VERTEX_POINT('',#5645);
#5645 = CARTESIAN_POINT('',(19.,-7.5,18.4));
#5646 = LINE('',#5647,#5648);
#5647 = CARTESIAN_POINT('',(19.,-7.5,14.4));
#5648 = VECTOR('',#5649,1.);
#5649 = DIRECTION('',(0.,0.,1.));
#5650 = ORIENTED_EDGE('',*,*,#5651,.F.);
#5651 = EDGE_CURVE('',#5268,#5644,#5652,.T.);
#5652 = LINE('',#5653,#5654);
#5653 = CARTESIAN_POINT('',(13.,-7.5,18.4));
#5654 = VECTOR('',#5655,1.);
#5655 = DIRECTION('',(1.,0.,0.));
#5656 = ORIENTED_EDGE('',*,*,#5275,.F.);
#5657 = PLANE('',#5658);
#5658 = AXIS2_PLACEMENT_3D('',#5659,#5660,#5661);
#5659 = CARTESIAN_POINT('',(13.,-7.5,14.4));
#5660 = DIRECTION('',(0.,-1.,0.));
#5661 = DIRECTION('',(0.,0.,1.));
#5662 = ADVANCED_FACE('',(#5663),#5681,.T.);
#5663 = FACE_BOUND('',#5664,.T.);
#5664 = EDGE_LOOP('',(#5665,#5666,#5674,#5680));
#5665 = ORIENTED_EDGE('',*,*,#5594,.T.);
#5666 = ORIENTED_EDGE('',*,*,#5667,.T.);
#5667 = EDGE_CURVE('',#5587,#5668,#5670,.T.);
#5668 = VERTEX_POINT('',#5669);
#5669 = CARTESIAN_POINT('',(-13.,-7.499999999999,35.8));
#5670 = LINE('',#5671,#5672);
#5671 = CARTESIAN_POINT('',(-13.,-5.499999999973,35.8));
#5672 = VECTOR('',#5673,1.);
#5673 = DIRECTION('',(0.,-1.,0.));
#5674 = ORIENTED_EDGE('',*,*,#5675,.F.);
#5675 = EDGE_CURVE('',#5260,#5668,#5676,.T.);
#5676 = LINE('',#5677,#5678);
#5677 = CARTESIAN_POINT('',(13.,-7.499999999999,35.8));
#5678 = VECTOR('',#5679,1.);
#5679 = DIRECTION('',(-1.,-0.,-0.));
#5680 = ORIENTED_EDGE('',*,*,#5259,.F.);
#5681 = PLANE('',#5682);
#5682 = AXIS2_PLACEMENT_3D('',#5683,#5684,#5685);
#5683 = CARTESIAN_POINT('',(0.,-6.499999999986,35.8));
#5684 = DIRECTION('',(0.,0.,1.));
#5685 = DIRECTION('',(1.,0.,0.));
#5686 = ADVANCED_FACE('',(#5687),#5755,.T.);
#5687 = FACE_BOUND('',#5688,.T.);
#5688 = EDGE_LOOP('',(#5689,#5699,#5707,#5716,#5724,#5733,#5741,#5747,
    #5748,#5749));
#5689 = ORIENTED_EDGE('',*,*,#5690,.T.);
#5690 = EDGE_CURVE('',#5691,#5693,#5695,.T.);
#5691 = VERTEX_POINT('',#5692);
#5692 = CARTESIAN_POINT('',(-13.,-7.5,18.4));
#5693 = VERTEX_POINT('',#5694);
#5694 = CARTESIAN_POINT('',(-9.,-7.499999999999,18.4));
#5695 = LINE('',#5696,#5697);
#5696 = CARTESIAN_POINT('',(-13.,-7.499999999999,18.4));
#5697 = VECTOR('',#5698,1.);
#5698 = DIRECTION('',(1.,-1.502044604925E-15,2.22044604925E-16));
#5699 = ORIENTED_EDGE('',*,*,#5700,.T.);
#5700 = EDGE_CURVE('',#5693,#5701,#5703,.T.);
#5701 = VERTEX_POINT('',#5702);
#5702 = CARTESIAN_POINT('',(-9.,-7.5,28.8));
#5703 = LINE('',#5704,#5705);
#5704 = CARTESIAN_POINT('',(-9.,-7.5,-1.));
#5705 = VECTOR('',#5706,1.);
#5706 = DIRECTION('',(0.,0.,1.));
#5707 = ORIENTED_EDGE('',*,*,#5708,.T.);
#5708 = EDGE_CURVE('',#5701,#5709,#5711,.T.);
#5709 = VERTEX_POINT('',#5710);
#5710 = CARTESIAN_POINT('',(-6.,-7.499999999999,31.8));
#5711 = CIRCLE('',#5712,3.);
#5712 = AXIS2_PLACEMENT_3D('',#5713,#5714,#5715);
#5713 = CARTESIAN_POINT('',(-6.,-7.499999999999,28.8));
#5714 = DIRECTION('',(0.,1.,0.));
#5715 = DIRECTION('',(0.,0.,1.));
#5716 = ORIENTED_EDGE('',*,*,#5717,.T.);
#5717 = EDGE_CURVE('',#5709,#5718,#5720,.T.);
#5718 = VERTEX_POINT('',#5719);
#5719 = CARTESIAN_POINT('',(6.,-7.499999999999,31.8));
#5720 = LINE('',#5721,#5722);
#5721 = CARTESIAN_POINT('',(-9.,-7.499999999999,31.8));
#5722 = VECTOR('',#5723,1.);
#5723 = DIRECTION('',(1.,0.,0.));
#5724 = ORIENTED_EDGE('',*,*,#5725,.F.);
#5725 = EDGE_CURVE('',#5726,#5718,#5728,.T.);
#5726 = VERTEX_POINT('',#5727);
#5727 = CARTESIAN_POINT('',(9.,-7.5,28.8));
#5728 = CIRCLE('',#5729,3.);
#5729 = AXIS2_PLACEMENT_3D('',#5730,#5731,#5732);
#5730 = CARTESIAN_POINT('',(6.,-7.499999999999,28.8));
#5731 = DIRECTION('',(0.,-1.,0.));
#5732 = DIRECTION('',(0.,0.,1.));
#5733 = ORIENTED_EDGE('',*,*,#5734,.F.);
#5734 = EDGE_CURVE('',#5735,#5726,#5737,.T.);
#5735 = VERTEX_POINT('',#5736);
#5736 = CARTESIAN_POINT('',(9.,-7.499999999999,18.4));
#5737 = LINE('',#5738,#5739);
#5738 = CARTESIAN_POINT('',(9.,-7.5,-1.));
#5739 = VECTOR('',#5740,1.);
#5740 = DIRECTION('',(0.,0.,1.));
#5741 = ORIENTED_EDGE('',*,*,#5742,.F.);
#5742 = EDGE_CURVE('',#5268,#5735,#5743,.T.);
#5743 = LINE('',#5744,#5745);
#5744 = CARTESIAN_POINT('',(13.,-7.499999999999,18.4));
#5745 = VECTOR('',#5746,1.);
#5746 = DIRECTION('',(-1.,-1.28E-15,5.916456789158E-30));
#5747 = ORIENTED_EDGE('',*,*,#5267,.T.);
#5748 = ORIENTED_EDGE('',*,*,#5675,.T.);
#5749 = ORIENTED_EDGE('',*,*,#5750,.F.);
#5750 = EDGE_CURVE('',#5691,#5668,#5751,.T.);
#5751 = LINE('',#5752,#5753);
#5752 = CARTESIAN_POINT('',(-13.,-7.499999999999,33.8));
#5753 = VECTOR('',#5754,1.);
#5754 = DIRECTION('',(0.,0.,1.));
#5755 = PLANE('',#5756);
#5756 = AXIS2_PLACEMENT_3D('',#5757,#5758,#5759);
#5757 = CARTESIAN_POINT('',(8.4E-16,-7.499999999999,18.454251977098));
#5758 = DIRECTION('',(1.28E-15,-1.,9.13E-15));
#5759 = DIRECTION('',(0.,-9.13E-15,-1.));
#5760 = ADVANCED_FACE('',(#5761),#5780,.T.);
#5761 = FACE_BOUND('',#5762,.F.);
#5762 = EDGE_LOOP('',(#5763,#5764,#5772,#5779));
#5763 = ORIENTED_EDGE('',*,*,#5467,.F.);
#5764 = ORIENTED_EDGE('',*,*,#5765,.T.);
#5765 = EDGE_CURVE('',#5468,#5766,#5768,.T.);
#5766 = VERTEX_POINT('',#5767);
#5767 = CARTESIAN_POINT('',(-8.046738469716,-7.5,-1.));
#5768 = LINE('',#5769,#5770);
#5769 = CARTESIAN_POINT('',(-8.046738469716,-7.5,-3.));
#5770 = VECTOR('',#5771,1.);
#5771 = DIRECTION('',(1.2E-16,0.,1.));
#5772 = ORIENTED_EDGE('',*,*,#5773,.F.);
#5773 = EDGE_CURVE('',#5323,#5766,#5774,.T.);
#5774 = CIRCLE('',#5775,11.);
#5775 = AXIS2_PLACEMENT_3D('',#5776,#5777,#5778);
#5776 = CARTESIAN_POINT('',(0.,0.,-1.));
#5777 = DIRECTION('',(-1.2E-16,0.,-1.));
#5778 = DIRECTION('',(-1.,0.,1.2E-16));
#5779 = ORIENTED_EDGE('',*,*,#5330,.F.);
#5780 = CYLINDRICAL_SURFACE('',#5781,11.);
#5781 = AXIS2_PLACEMENT_3D('',#5782,#5783,#5784);
#5782 = CARTESIAN_POINT('',(-2.4E-16,0.,-3.));
#5783 = DIRECTION('',(-1.2E-16,-0.,-1.));
#5784 = DIRECTION('',(-1.,0.,1.2E-16));
#5785 = ADVANCED_FACE('',(#5786),#5821,.T.);
#5786 = FACE_BOUND('',#5787,.T.);
#5787 = EDGE_LOOP('',(#5788,#5796,#5797,#5798,#5806,#5815));
#5788 = ORIENTED_EDGE('',*,*,#5789,.F.);
#5789 = EDGE_CURVE('',#5766,#5790,#5792,.T.);
#5790 = VERTEX_POINT('',#5791);
#5791 = CARTESIAN_POINT('',(-9.,-7.5,-1.));
#5792 = LINE('',#5793,#5794);
#5793 = CARTESIAN_POINT('',(-4.023369234858,-7.5,-1.));
#5794 = VECTOR('',#5795,1.);
#5795 = DIRECTION('',(-1.,0.,0.));
#5796 = ORIENTED_EDGE('',*,*,#5773,.F.);
#5797 = ORIENTED_EDGE('',*,*,#5322,.T.);
#5798 = ORIENTED_EDGE('',*,*,#5799,.T.);
#5799 = EDGE_CURVE('',#5315,#5800,#5802,.T.);
#5800 = VERTEX_POINT('',#5801);
#5801 = CARTESIAN_POINT('',(9.,0.,-1.));
#5802 = LINE('',#5803,#5804);
#5803 = CARTESIAN_POINT('',(9.,-7.5,-1.));
#5804 = VECTOR('',#5805,1.);
#5805 = DIRECTION('',(0.,1.,0.));
#5806 = ORIENTED_EDGE('',*,*,#5807,.T.);
#5807 = EDGE_CURVE('',#5800,#5808,#5810,.T.);
#5808 = VERTEX_POINT('',#5809);
#5809 = CARTESIAN_POINT('',(-9.,0.,-1.));
#5810 = CIRCLE('',#5811,9.);
#5811 = AXIS2_PLACEMENT_3D('',#5812,#5813,#5814);
#5812 = CARTESIAN_POINT('',(0.,0.,-1.));
#5813 = DIRECTION('',(-1.2E-16,0.,-1.));
#5814 = DIRECTION('',(-1.,0.,1.2E-16));
#5815 = ORIENTED_EDGE('',*,*,#5816,.F.);
#5816 = EDGE_CURVE('',#5790,#5808,#5817,.T.);
#5817 = LINE('',#5818,#5819);
#5818 = CARTESIAN_POINT('',(-9.,-7.5,-1.));
#5819 = VECTOR('',#5820,1.);
#5820 = DIRECTION('',(0.,1.,0.));
#5821 = PLANE('',#5822);
#5822 = AXIS2_PLACEMENT_3D('',#5823,#5824,#5825);
#5823 = CARTESIAN_POINT('',(1.32E-15,-6.176338763986,-1.));
#5824 = DIRECTION('',(0.,0.,1.));
#5825 = DIRECTION('',(1.,0.,0.));
#5826 = ADVANCED_FACE('',(#5827),#5846,.T.);
#5827 = FACE_BOUND('',#5828,.T.);
#5828 = EDGE_LOOP('',(#5829,#5830,#5838,#5844,#5845));
#5829 = ORIENTED_EDGE('',*,*,#5577,.F.);
#5830 = ORIENTED_EDGE('',*,*,#5831,.F.);
#5831 = EDGE_CURVE('',#5832,#5578,#5834,.T.);
#5832 = VERTEX_POINT('',#5833);
#5833 = CARTESIAN_POINT('',(-11.,5.5,30.8));
#5834 = LINE('',#5835,#5836);
#5835 = CARTESIAN_POINT('',(-11.,5.5,30.8));
#5836 = VECTOR('',#5837,1.);
#5837 = DIRECTION('',(0.,-1.,0.));
#5838 = ORIENTED_EDGE('',*,*,#5839,.F.);
#5839 = EDGE_CURVE('',#5387,#5832,#5840,.T.);
#5840 = LINE('',#5841,#5842);
#5841 = CARTESIAN_POINT('',(-11.,5.5,-3.));
#5842 = VECTOR('',#5843,1.);
#5843 = DIRECTION('',(0.,0.,1.));
#5844 = ORIENTED_EDGE('',*,*,#5386,.F.);
#5845 = ORIENTED_EDGE('',*,*,#5376,.F.);
#5846 = PLANE('',#5847);
#5847 = AXIS2_PLACEMENT_3D('',#5848,#5849,#5850);
#5848 = CARTESIAN_POINT('',(-11.,-6.2E-16,15.4));
#5849 = DIRECTION('',(-1.,-0.,-0.));
#5850 = DIRECTION('',(0.,0.,-1.));
#5851 = ADVANCED_FACE('',(#5852),#5911,.T.);
#5852 = FACE_BOUND('',#5853,.T.);
#5853 = EDGE_LOOP('',(#5854,#5855,#5864,#5872,#5881,#5887,#5888,#5896,
    #5904,#5910));
#5854 = ORIENTED_EDGE('',*,*,#5839,.T.);
#5855 = ORIENTED_EDGE('',*,*,#5856,.T.);
#5856 = EDGE_CURVE('',#5832,#5857,#5859,.T.);
#5857 = VERTEX_POINT('',#5858);
#5858 = CARTESIAN_POINT('',(-8.,5.5,33.8));
#5859 = CIRCLE('',#5860,3.);
#5860 = AXIS2_PLACEMENT_3D('',#5861,#5862,#5863);
#5861 = CARTESIAN_POINT('',(-8.,5.5,30.8));
#5862 = DIRECTION('',(-0.,1.,0.));
#5863 = DIRECTION('',(0.,0.,-1.));
#5864 = ORIENTED_EDGE('',*,*,#5865,.F.);
#5865 = EDGE_CURVE('',#5866,#5857,#5868,.T.);
#5866 = VERTEX_POINT('',#5867);
#5867 = CARTESIAN_POINT('',(8.,5.5,33.8));
#5868 = LINE('',#5869,#5870);
#5869 = CARTESIAN_POINT('',(13.,5.5,33.8));
#5870 = VECTOR('',#5871,1.);
#5871 = DIRECTION('',(-1.,-0.,-0.));
#5872 = ORIENTED_EDGE('',*,*,#5873,.T.);
#5873 = EDGE_CURVE('',#5866,#5874,#5876,.T.);
#5874 = VERTEX_POINT('',#5875);
#5875 = CARTESIAN_POINT('',(11.,5.5,30.8));
#5876 = CIRCLE('',#5877,3.);
#5877 = AXIS2_PLACEMENT_3D('',#5878,#5879,#5880);
#5878 = CARTESIAN_POINT('',(8.,5.5,30.8));
#5879 = DIRECTION('',(0.,1.,0.));
#5880 = DIRECTION('',(0.,0.,-1.));
#5881 = ORIENTED_EDGE('',*,*,#5882,.F.);
#5882 = EDGE_CURVE('',#5444,#5874,#5883,.T.);
#5883 = LINE('',#5884,#5885);
#5884 = CARTESIAN_POINT('',(11.,5.5,-3.));
#5885 = VECTOR('',#5886,1.);
#5886 = DIRECTION('',(0.,0.,1.));
#5887 = ORIENTED_EDGE('',*,*,#5443,.T.);
#5888 = ORIENTED_EDGE('',*,*,#5889,.T.);
#5889 = EDGE_CURVE('',#5436,#5890,#5892,.T.);
#5890 = VERTEX_POINT('',#5891);
#5891 = CARTESIAN_POINT('',(13.,5.5,35.8));
#5892 = LINE('',#5893,#5894);
#5893 = CARTESIAN_POINT('',(13.,5.5,-3.));
#5894 = VECTOR('',#5895,1.);
#5895 = DIRECTION('',(0.,0.,1.));
#5896 = ORIENTED_EDGE('',*,*,#5897,.T.);
#5897 = EDGE_CURVE('',#5890,#5898,#5900,.T.);
#5898 = VERTEX_POINT('',#5899);
#5899 = CARTESIAN_POINT('',(-13.,5.5,35.8));
#5900 = LINE('',#5901,#5902);
#5901 = CARTESIAN_POINT('',(13.,5.5,35.8));
#5902 = VECTOR('',#5903,1.);
#5903 = DIRECTION('',(-1.,-0.,-0.));
#5904 = ORIENTED_EDGE('',*,*,#5905,.F.);
#5905 = EDGE_CURVE('',#5395,#5898,#5906,.T.);
#5906 = LINE('',#5907,#5908);
#5907 = CARTESIAN_POINT('',(-13.,5.5,33.8));
#5908 = VECTOR('',#5909,1.);
#5909 = DIRECTION('',(0.,0.,1.));
#5910 = ORIENTED_EDGE('',*,*,#5394,.F.);
#5911 = PLANE('',#5912);
#5912 = AXIS2_PLACEMENT_3D('',#5913,#5914,#5915);
#5913 = CARTESIAN_POINT('',(1.4E-15,5.5,20.022047244094));
#5914 = DIRECTION('',(-0.,-1.,-0.));
#5915 = DIRECTION('',(0.,0.,-1.));
#5916 = ADVANCED_FACE('',(#5917),#5958,.T.);
#5917 = FACE_BOUND('',#5918,.T.);
#5918 = EDGE_LOOP('',(#5919,#5920,#5928,#5936,#5944,#5952));
#5919 = ORIENTED_EDGE('',*,*,#5410,.T.);
#5920 = ORIENTED_EDGE('',*,*,#5921,.T.);
#5921 = EDGE_CURVE('',#5403,#5922,#5924,.T.);
#5922 = VERTEX_POINT('',#5923);
#5923 = CARTESIAN_POINT('',(-13.,7.499999999999,6.41));
#5924 = LINE('',#5925,#5926);
#5925 = CARTESIAN_POINT('',(-13.,7.5,33.8));
#5926 = VECTOR('',#5927,1.);
#5927 = DIRECTION('',(0.,0.,1.));
#5928 = ORIENTED_EDGE('',*,*,#5929,.F.);
#5929 = EDGE_CURVE('',#5930,#5922,#5932,.T.);
#5930 = VERTEX_POINT('',#5931);
#5931 = CARTESIAN_POINT('',(-9.,7.499999999999,6.41));
#5932 = LINE('',#5933,#5934);
#5933 = CARTESIAN_POINT('',(-9.,7.499999999999,6.41));
#5934 = VECTOR('',#5935,1.);
#5935 = DIRECTION('',(-1.,-1.502044604925E-15,-2.22044604925E-16));
#5936 = ORIENTED_EDGE('',*,*,#5937,.F.);
#5937 = EDGE_CURVE('',#5938,#5930,#5940,.T.);
#5938 = VERTEX_POINT('',#5939);
#5939 = CARTESIAN_POINT('',(-9.,7.5,-1.));
#5940 = LINE('',#5941,#5942);
#5941 = CARTESIAN_POINT('',(-9.,7.5,-1.));
#5942 = VECTOR('',#5943,1.);
#5943 = DIRECTION('',(0.,0.,1.));
#5944 = ORIENTED_EDGE('',*,*,#5945,.T.);
#5945 = EDGE_CURVE('',#5938,#5946,#5948,.T.);
#5946 = VERTEX_POINT('',#5947);
#5947 = CARTESIAN_POINT('',(-8.046738469716,7.5,-1.));
#5948 = LINE('',#5949,#5950);
#5949 = CARTESIAN_POINT('',(-5.5,7.5,-1.));
#5950 = VECTOR('',#5951,1.);
#5951 = DIRECTION('',(1.,0.,0.));
#5952 = ORIENTED_EDGE('',*,*,#5953,.F.);
#5953 = EDGE_CURVE('',#5411,#5946,#5954,.T.);
#5954 = LINE('',#5955,#5956);
#5955 = CARTESIAN_POINT('',(-8.046738469716,7.5,-3.));
#5956 = VECTOR('',#5957,1.);
#5957 = DIRECTION('',(1.2E-16,0.,1.));
#5958 = PLANE('',#5959);
#5959 = AXIS2_PLACEMENT_3D('',#5960,#5961,#5962);
#5960 = CARTESIAN_POINT('',(1.89E-15,7.5,18.454251977098));
#5961 = DIRECTION('',(0.,1.,0.));
#5962 = DIRECTION('',(0.,0.,1.));
#5963 = ADVANCED_FACE('',(#5964),#5983,.T.);
#5964 = FACE_BOUND('',#5965,.F.);
#5965 = EDGE_LOOP('',(#5966,#5967,#5975,#5982));
#5966 = ORIENTED_EDGE('',*,*,#5418,.F.);
#5967 = ORIENTED_EDGE('',*,*,#5968,.T.);
#5968 = EDGE_CURVE('',#5419,#5969,#5971,.T.);
#5969 = VERTEX_POINT('',#5970);
#5970 = CARTESIAN_POINT('',(8.046738469716,7.5,-1.));
#5971 = LINE('',#5972,#5973);
#5972 = CARTESIAN_POINT('',(8.046738469716,7.5,-3.));
#5973 = VECTOR('',#5974,1.);
#5974 = DIRECTION('',(-1.2E-16,0.,1.));
#5975 = ORIENTED_EDGE('',*,*,#5976,.F.);
#5976 = EDGE_CURVE('',#5946,#5969,#5977,.T.);
#5977 = CIRCLE('',#5978,11.);
#5978 = AXIS2_PLACEMENT_3D('',#5979,#5980,#5981);
#5979 = CARTESIAN_POINT('',(0.,0.,-1.));
#5980 = DIRECTION('',(-1.2E-16,0.,-1.));
#5981 = DIRECTION('',(-1.,0.,1.2E-16));
#5982 = ORIENTED_EDGE('',*,*,#5953,.F.);
#5983 = CYLINDRICAL_SURFACE('',#5984,11.);
#5984 = AXIS2_PLACEMENT_3D('',#5985,#5986,#5987);
#5985 = CARTESIAN_POINT('',(-2.4E-16,0.,-3.));
#5986 = DIRECTION('',(-1.2E-16,-0.,-1.));
#5987 = DIRECTION('',(-1.,0.,1.2E-16));
#5988 = ADVANCED_FACE('',(#5989),#6023,.T.);
#5989 = FACE_BOUND('',#5990,.T.);
#5990 = EDGE_LOOP('',(#5991,#5999,#6007,#6015,#6021,#6022));
#5991 = ORIENTED_EDGE('',*,*,#5992,.F.);
#5992 = EDGE_CURVE('',#5993,#5969,#5995,.T.);
#5993 = VERTEX_POINT('',#5994);
#5994 = CARTESIAN_POINT('',(9.,7.5,-1.));
#5995 = LINE('',#5996,#5997);
#5996 = CARTESIAN_POINT('',(5.5,7.5,-1.));
#5997 = VECTOR('',#5998,1.);
#5998 = DIRECTION('',(-1.,-0.,-0.));
#5999 = ORIENTED_EDGE('',*,*,#6000,.T.);
#6000 = EDGE_CURVE('',#5993,#6001,#6003,.T.);
#6001 = VERTEX_POINT('',#6002);
#6002 = CARTESIAN_POINT('',(9.,7.499999999999,6.41));
#6003 = LINE('',#6004,#6005);
#6004 = CARTESIAN_POINT('',(9.,7.5,-1.));
#6005 = VECTOR('',#6006,1.);
#6006 = DIRECTION('',(0.,0.,1.));
#6007 = ORIENTED_EDGE('',*,*,#6008,.T.);
#6008 = EDGE_CURVE('',#6001,#6009,#6011,.T.);
#6009 = VERTEX_POINT('',#6010);
#6010 = CARTESIAN_POINT('',(13.,7.499999999999,6.41));
#6011 = LINE('',#6012,#6013);
#6012 = CARTESIAN_POINT('',(9.,7.499999999999,6.41));
#6013 = VECTOR('',#6014,1.);
#6014 = DIRECTION('',(1.,-1.28E-15,-6.484890977766E-30));
#6015 = ORIENTED_EDGE('',*,*,#6016,.F.);
#6016 = EDGE_CURVE('',#5428,#6009,#6017,.T.);
#6017 = LINE('',#6018,#6019);
#6018 = CARTESIAN_POINT('',(13.,7.5,33.8));
#6019 = VECTOR('',#6020,1.);
#6020 = DIRECTION('',(0.,0.,1.));
#6021 = ORIENTED_EDGE('',*,*,#5427,.T.);
#6022 = ORIENTED_EDGE('',*,*,#5968,.T.);
#6023 = PLANE('',#6024);
#6024 = AXIS2_PLACEMENT_3D('',#6025,#6026,#6027);
#6025 = CARTESIAN_POINT('',(1.89E-15,7.5,18.454251977098));
#6026 = DIRECTION('',(0.,1.,0.));
#6027 = DIRECTION('',(0.,0.,1.));
#6028 = ADVANCED_FACE('',(#6029),#6040,.T.);
#6029 = FACE_BOUND('',#6030,.T.);
#6030 = EDGE_LOOP('',(#6031,#6032,#6038,#6039));
#6031 = ORIENTED_EDGE('',*,*,#5882,.T.);
#6032 = ORIENTED_EDGE('',*,*,#6033,.T.);
#6033 = EDGE_CURVE('',#5874,#5603,#6034,.T.);
#6034 = LINE('',#6035,#6036);
#6035 = CARTESIAN_POINT('',(11.,5.5,30.8));
#6036 = VECTOR('',#6037,1.);
#6037 = DIRECTION('',(-0.,-1.,-0.));
#6038 = ORIENTED_EDGE('',*,*,#5602,.T.);
#6039 = ORIENTED_EDGE('',*,*,#5451,.T.);
#6040 = PLANE('',#6041);
#6041 = AXIS2_PLACEMENT_3D('',#6042,#6043,#6044);
#6042 = CARTESIAN_POINT('',(11.,1.32943E-11,15.4));
#6043 = DIRECTION('',(1.,0.,0.));
#6044 = DIRECTION('',(0.,0.,1.));
#6045 = ADVANCED_FACE('',(#6046),#6073,.T.);
#6046 = FACE_BOUND('',#6047,.T.);
#6047 = EDGE_LOOP('',(#6048,#6049,#6050,#6058,#6066,#6072));
#6048 = ORIENTED_EDGE('',*,*,#5765,.T.);
#6049 = ORIENTED_EDGE('',*,*,#5789,.T.);
#6050 = ORIENTED_EDGE('',*,*,#6051,.T.);
#6051 = EDGE_CURVE('',#5790,#6052,#6054,.T.);
#6052 = VERTEX_POINT('',#6053);
#6053 = CARTESIAN_POINT('',(-9.,-7.499999999999,6.41));
#6054 = LINE('',#6055,#6056);
#6055 = CARTESIAN_POINT('',(-9.,-7.5,-1.));
#6056 = VECTOR('',#6057,1.);
#6057 = DIRECTION('',(0.,0.,1.));
#6058 = ORIENTED_EDGE('',*,*,#6059,.T.);
#6059 = EDGE_CURVE('',#6052,#6060,#6062,.T.);
#6060 = VERTEX_POINT('',#6061);
#6061 = CARTESIAN_POINT('',(-13.,-7.499999999999,6.41));
#6062 = LINE('',#6063,#6064);
#6063 = CARTESIAN_POINT('',(-9.,-7.499999999999,6.41));
#6064 = VECTOR('',#6065,1.);
#6065 = DIRECTION('',(-1.,1.502044604925E-15,-2.22044604925E-16));
#6066 = ORIENTED_EDGE('',*,*,#6067,.F.);
#6067 = EDGE_CURVE('',#5477,#6060,#6068,.T.);
#6068 = LINE('',#6069,#6070);
#6069 = CARTESIAN_POINT('',(-13.,-7.499999999999,33.8));
#6070 = VECTOR('',#6071,1.);
#6071 = DIRECTION('',(0.,0.,1.));
#6072 = ORIENTED_EDGE('',*,*,#5476,.F.);
#6073 = PLANE('',#6074);
#6074 = AXIS2_PLACEMENT_3D('',#6075,#6076,#6077);
#6075 = CARTESIAN_POINT('',(8.4E-16,-7.499999999999,18.454251977098));
#6076 = DIRECTION('',(1.28E-15,-1.,9.13E-15));
#6077 = DIRECTION('',(0.,-9.13E-15,-1.));
#6078 = ADVANCED_FACE('',(#6079),#6097,.F.);
#6079 = FACE_BOUND('',#6080,.T.);
#6080 = EDGE_LOOP('',(#6081,#6088,#6093,#6094,#6095,#6096));
#6081 = ORIENTED_EDGE('',*,*,#6082,.F.);
#6082 = EDGE_CURVE('',#5808,#5800,#6083,.T.);
#6083 = CIRCLE('',#6084,9.);
#6084 = AXIS2_PLACEMENT_3D('',#6085,#6086,#6087);
#6085 = CARTESIAN_POINT('',(0.,0.,-1.));
#6086 = DIRECTION('',(-1.2E-16,0.,-1.));
#6087 = DIRECTION('',(-1.,0.,1.2E-16));
#6088 = ORIENTED_EDGE('',*,*,#6089,.T.);
#6089 = EDGE_CURVE('',#5808,#5501,#6090,.T.);
#6090 = B_SPLINE_CURVE_WITH_KNOTS('',1,(#6091,#6092),.UNSPECIFIED.,.F.,
  .F.,(2,2),(-2.,8.9E-16),.PIECEWISE_BEZIER_KNOTS.);
#6091 = CARTESIAN_POINT('',(-9.,0.,-1.));
#6092 = CARTESIAN_POINT('',(-9.,0.,-3.));
#6093 = ORIENTED_EDGE('',*,*,#5511,.F.);
#6094 = ORIENTED_EDGE('',*,*,#5500,.F.);
#6095 = ORIENTED_EDGE('',*,*,#6089,.F.);
#6096 = ORIENTED_EDGE('',*,*,#5807,.F.);
#6097 = CYLINDRICAL_SURFACE('',#6098,9.);
#6098 = AXIS2_PLACEMENT_3D('',#6099,#6100,#6101);
#6099 = CARTESIAN_POINT('',(-2.4E-16,0.,-3.));
#6100 = DIRECTION('',(-1.2E-16,-0.,-1.));
#6101 = DIRECTION('',(-1.,0.,1.2E-16));
#6102 = ADVANCED_FACE('',(#6103),#6128,.T.);
#6103 = FACE_BOUND('',#6104,.T.);
#6104 = EDGE_LOOP('',(#6105,#6113,#6114,#6122));
#6105 = ORIENTED_EDGE('',*,*,#6106,.T.);
#6106 = EDGE_CURVE('',#6107,#5527,#6109,.T.);
#6107 = VERTEX_POINT('',#6108);
#6108 = CARTESIAN_POINT('',(9.,-15.49999999999,18.4));
#6109 = LINE('',#6110,#6111);
#6110 = CARTESIAN_POINT('',(9.,-15.49999999999,18.4));
#6111 = VECTOR('',#6112,1.);
#6112 = DIRECTION('',(6.020661171612E-30,-9.325873406851E-15,-1.));
#6113 = ORIENTED_EDGE('',*,*,#5552,.T.);
#6114 = ORIENTED_EDGE('',*,*,#6115,.F.);
#6115 = EDGE_CURVE('',#6116,#5545,#6118,.T.);
#6116 = VERTEX_POINT('',#6117);
#6117 = CARTESIAN_POINT('',(19.,-15.5,18.4));
#6118 = LINE('',#6119,#6120);
#6119 = CARTESIAN_POINT('',(19.,-15.5,18.4));
#6120 = VECTOR('',#6121,1.);
#6121 = DIRECTION('',(0.,0.,-1.));
#6122 = ORIENTED_EDGE('',*,*,#6123,.T.);
#6123 = EDGE_CURVE('',#6116,#6107,#6124,.T.);
#6124 = LINE('',#6125,#6126);
#6125 = CARTESIAN_POINT('',(13.,-15.49999999999,18.4));
#6126 = VECTOR('',#6127,1.);
#6127 = DIRECTION('',(-1.,-1.28E-15,5.916456789158E-30));
#6128 = PLANE('',#6129);
#6129 = AXIS2_PLACEMENT_3D('',#6130,#6131,#6132);
#6130 = CARTESIAN_POINT('',(14.,-15.5,16.4));
#6131 = DIRECTION('',(-6.894581524055E-14,-1.,3.996802888652E-15));
#6132 = DIRECTION('',(-1.,6.894581524055E-14,0.));
#6133 = ADVANCED_FACE('',(#6134),#6145,.T.);
#6134 = FACE_BOUND('',#6135,.T.);
#6135 = EDGE_LOOP('',(#6136,#6137,#6138,#6139));
#6136 = ORIENTED_EDGE('',*,*,#6115,.T.);
#6137 = ORIENTED_EDGE('',*,*,#5544,.T.);
#6138 = ORIENTED_EDGE('',*,*,#5643,.T.);
#6139 = ORIENTED_EDGE('',*,*,#6140,.T.);
#6140 = EDGE_CURVE('',#5644,#6116,#6141,.T.);
#6141 = LINE('',#6142,#6143);
#6142 = CARTESIAN_POINT('',(19.,-7.5,18.4));
#6143 = VECTOR('',#6144,1.);
#6144 = DIRECTION('',(0.,-1.,0.));
#6145 = PLANE('',#6146);
#6146 = AXIS2_PLACEMENT_3D('',#6147,#6148,#6149);
#6147 = CARTESIAN_POINT('',(19.,-11.5,16.4));
#6148 = DIRECTION('',(1.,0.,0.));
#6149 = DIRECTION('',(0.,0.,1.));
#6150 = ADVANCED_FACE('',(#6151),#6170,.F.);
#6151 = FACE_BOUND('',#6152,.T.);
#6152 = EDGE_LOOP('',(#6153,#6161,#6168,#6169));
#6153 = ORIENTED_EDGE('',*,*,#6154,.F.);
#6154 = EDGE_CURVE('',#6155,#5561,#6157,.T.);
#6155 = VERTEX_POINT('',#6156);
#6156 = CARTESIAN_POINT('',(18.25,-11.5,18.4));
#6157 = LINE('',#6158,#6159);
#6158 = CARTESIAN_POINT('',(18.25,-11.5,18.4));
#6159 = VECTOR('',#6160,1.);
#6160 = DIRECTION('',(-2.645209697704E-15,-4.144832625267E-15,-1.));
#6161 = ORIENTED_EDGE('',*,*,#6162,.T.);
#6162 = EDGE_CURVE('',#6155,#6155,#6163,.T.);
#6163 = CIRCLE('',#6164,2.25);
#6164 = AXIS2_PLACEMENT_3D('',#6165,#6166,#6167);
#6165 = CARTESIAN_POINT('',(16.,-11.5,18.4));
#6166 = DIRECTION('',(2.583791766401E-15,4.144832625267E-15,1.));
#6167 = DIRECTION('',(1.,0.,-2.583791766401E-15));
#6168 = ORIENTED_EDGE('',*,*,#6154,.T.);
#6169 = ORIENTED_EDGE('',*,*,#5560,.T.);
#6170 = CYLINDRICAL_SURFACE('',#6171,2.25);
#6171 = AXIS2_PLACEMENT_3D('',#6172,#6173,#6174);
#6172 = CARTESIAN_POINT('',(16.,-11.5,18.4));
#6173 = DIRECTION('',(-2.583791766401E-15,-4.144832625267E-15,-1.));
#6174 = DIRECTION('',(1.,0.,-2.583791766401E-15));
#6175 = ADVANCED_FACE('',(#6176),#6187,.T.);
#6176 = FACE_BOUND('',#6177,.F.);
#6177 = EDGE_LOOP('',(#6178,#6179,#6185,#6186));
#6178 = ORIENTED_EDGE('',*,*,#5856,.T.);
#6179 = ORIENTED_EDGE('',*,*,#6180,.T.);
#6180 = EDGE_CURVE('',#5857,#5620,#6181,.T.);
#6181 = LINE('',#6182,#6183);
#6182 = CARTESIAN_POINT('',(-8.,5.5,33.8));
#6183 = VECTOR('',#6184,1.);
#6184 = DIRECTION('',(0.,-1.,0.));
#6185 = ORIENTED_EDGE('',*,*,#5627,.F.);
#6186 = ORIENTED_EDGE('',*,*,#5831,.F.);
#6187 = CYLINDRICAL_SURFACE('',#6188,3.);
#6188 = AXIS2_PLACEMENT_3D('',#6189,#6190,#6191);
#6189 = CARTESIAN_POINT('',(-8.,5.5,30.8));
#6190 = DIRECTION('',(0.,-1.,0.));
#6191 = DIRECTION('',(-1.,0.,0.));
#6192 = ADVANCED_FACE('',(#6193),#6204,.T.);
#6193 = FACE_BOUND('',#6194,.T.);
#6194 = EDGE_LOOP('',(#6195,#6196,#6202,#6203));
#6195 = ORIENTED_EDGE('',*,*,#5619,.T.);
#6196 = ORIENTED_EDGE('',*,*,#6197,.F.);
#6197 = EDGE_CURVE('',#5866,#5611,#6198,.T.);
#6198 = LINE('',#6199,#6200);
#6199 = CARTESIAN_POINT('',(8.,5.5,33.8));
#6200 = VECTOR('',#6201,1.);
#6201 = DIRECTION('',(-0.,-1.,-0.));
#6202 = ORIENTED_EDGE('',*,*,#5865,.T.);
#6203 = ORIENTED_EDGE('',*,*,#6180,.T.);
#6204 = PLANE('',#6205);
#6205 = AXIS2_PLACEMENT_3D('',#6206,#6207,#6208);
#6206 = CARTESIAN_POINT('',(0.,1.329495E-11,33.8));
#6207 = DIRECTION('',(0.,0.,1.));
#6208 = DIRECTION('',(1.,0.,0.));
#6209 = ADVANCED_FACE('',(#6210),#6216,.T.);
#6210 = FACE_BOUND('',#6211,.F.);
#6211 = EDGE_LOOP('',(#6212,#6213,#6214,#6215));
#6212 = ORIENTED_EDGE('',*,*,#5873,.T.);
#6213 = ORIENTED_EDGE('',*,*,#6033,.T.);
#6214 = ORIENTED_EDGE('',*,*,#5610,.F.);
#6215 = ORIENTED_EDGE('',*,*,#6197,.F.);
#6216 = CYLINDRICAL_SURFACE('',#6217,3.);
#6217 = AXIS2_PLACEMENT_3D('',#6218,#6219,#6220);
#6218 = CARTESIAN_POINT('',(8.,5.5,30.8));
#6219 = DIRECTION('',(-0.,-1.,-0.));
#6220 = DIRECTION('',(0.,0.,1.));
#6221 = ADVANCED_FACE('',(#6222,#6234),#6237,.T.);
#6222 = FACE_BOUND('',#6223,.T.);
#6223 = EDGE_LOOP('',(#6224,#6230,#6231,#6232,#6233));
#6224 = ORIENTED_EDGE('',*,*,#6225,.T.);
#6225 = EDGE_CURVE('',#5735,#6107,#6226,.T.);
#6226 = LINE('',#6227,#6228);
#6227 = CARTESIAN_POINT('',(9.,-7.499999999999,18.4));
#6228 = VECTOR('',#6229,1.);
#6229 = DIRECTION('',(1.28E-15,-1.,9.325873406851E-15));
#6230 = ORIENTED_EDGE('',*,*,#6123,.F.);
#6231 = ORIENTED_EDGE('',*,*,#6140,.F.);
#6232 = ORIENTED_EDGE('',*,*,#5651,.F.);
#6233 = ORIENTED_EDGE('',*,*,#5742,.T.);
#6234 = FACE_BOUND('',#6235,.T.);
#6235 = EDGE_LOOP('',(#6236));
#6236 = ORIENTED_EDGE('',*,*,#6162,.F.);
#6237 = PLANE('',#6238);
#6238 = AXIS2_PLACEMENT_3D('',#6239,#6240,#6241);
#6239 = CARTESIAN_POINT('',(14.,-11.5,18.4));
#6240 = DIRECTION('',(2.583791766401E-15,4.144832625267E-15,1.));
#6241 = DIRECTION('',(0.,1.,-4.144832625267E-15));
#6242 = ADVANCED_FACE('',(#6243),#6269,.F.);
#6243 = FACE_BOUND('',#6244,.T.);
#6244 = EDGE_LOOP('',(#6245,#6246,#6254,#6263));
#6245 = ORIENTED_EDGE('',*,*,#5725,.T.);
#6246 = ORIENTED_EDGE('',*,*,#6247,.T.);
#6247 = EDGE_CURVE('',#5718,#6248,#6250,.T.);
#6248 = VERTEX_POINT('',#6249);
#6249 = CARTESIAN_POINT('',(6.,7.5,31.8));
#6250 = LINE('',#6251,#6252);
#6251 = CARTESIAN_POINT('',(6.,-7.499999999999,31.8));
#6252 = VECTOR('',#6253,1.);
#6253 = DIRECTION('',(0.,1.,0.));
#6254 = ORIENTED_EDGE('',*,*,#6255,.F.);
#6255 = EDGE_CURVE('',#6256,#6248,#6258,.T.);
#6256 = VERTEX_POINT('',#6257);
#6257 = CARTESIAN_POINT('',(9.,7.5,28.8));
#6258 = CIRCLE('',#6259,3.);
#6259 = AXIS2_PLACEMENT_3D('',#6260,#6261,#6262);
#6260 = CARTESIAN_POINT('',(6.,7.5,28.8));
#6261 = DIRECTION('',(0.,-1.,0.));
#6262 = DIRECTION('',(0.,0.,1.));
#6263 = ORIENTED_EDGE('',*,*,#6264,.F.);
#6264 = EDGE_CURVE('',#5726,#6256,#6265,.T.);
#6265 = LINE('',#6266,#6267);
#6266 = CARTESIAN_POINT('',(9.,-7.499999999999,28.8));
#6267 = VECTOR('',#6268,1.);
#6268 = DIRECTION('',(0.,1.,0.));
#6269 = CYLINDRICAL_SURFACE('',#6270,3.);
#6270 = AXIS2_PLACEMENT_3D('',#6271,#6272,#6273);
#6271 = CARTESIAN_POINT('',(6.,-7.499999999999,28.8));
#6272 = DIRECTION('',(0.,1.,0.));
#6273 = DIRECTION('',(1.,0.,0.));
#6274 = ADVANCED_FACE('',(#6275),#6293,.T.);
#6275 = FACE_BOUND('',#6276,.T.);
#6276 = EDGE_LOOP('',(#6277,#6285,#6286,#6287));
#6277 = ORIENTED_EDGE('',*,*,#6278,.F.);
#6278 = EDGE_CURVE('',#6248,#6279,#6281,.T.);
#6279 = VERTEX_POINT('',#6280);
#6280 = CARTESIAN_POINT('',(-6.,7.5,31.8));
#6281 = LINE('',#6282,#6283);
#6282 = CARTESIAN_POINT('',(9.,7.5,31.8));
#6283 = VECTOR('',#6284,1.);
#6284 = DIRECTION('',(-1.,-0.,-0.));
#6285 = ORIENTED_EDGE('',*,*,#6247,.F.);
#6286 = ORIENTED_EDGE('',*,*,#5717,.F.);
#6287 = ORIENTED_EDGE('',*,*,#6288,.T.);
#6288 = EDGE_CURVE('',#5709,#6279,#6289,.T.);
#6289 = LINE('',#6290,#6291);
#6290 = CARTESIAN_POINT('',(-6.,-7.499999999999,31.8));
#6291 = VECTOR('',#6292,1.);
#6292 = DIRECTION('',(0.,1.,0.));
#6293 = PLANE('',#6294);
#6294 = AXIS2_PLACEMENT_3D('',#6295,#6296,#6297);
#6295 = CARTESIAN_POINT('',(0.,5.9939E-13,31.8));
#6296 = DIRECTION('',(-0.,-0.,-1.));
#6297 = DIRECTION('',(-1.,0.,0.));
#6298 = ADVANCED_FACE('',(#6299),#6318,.F.);
#6299 = FACE_BOUND('',#6300,.F.);
#6300 = EDGE_LOOP('',(#6301,#6302,#6303,#6312));
#6301 = ORIENTED_EDGE('',*,*,#5708,.T.);
#6302 = ORIENTED_EDGE('',*,*,#6288,.T.);
#6303 = ORIENTED_EDGE('',*,*,#6304,.F.);
#6304 = EDGE_CURVE('',#6305,#6279,#6307,.T.);
#6305 = VERTEX_POINT('',#6306);
#6306 = CARTESIAN_POINT('',(-9.,7.5,28.8));
#6307 = CIRCLE('',#6308,3.);
#6308 = AXIS2_PLACEMENT_3D('',#6309,#6310,#6311);
#6309 = CARTESIAN_POINT('',(-6.,7.5,28.8));
#6310 = DIRECTION('',(0.,1.,0.));
#6311 = DIRECTION('',(0.,0.,1.));
#6312 = ORIENTED_EDGE('',*,*,#6313,.F.);
#6313 = EDGE_CURVE('',#5701,#6305,#6314,.T.);
#6314 = LINE('',#6315,#6316);
#6315 = CARTESIAN_POINT('',(-9.,-7.499999999999,28.8));
#6316 = VECTOR('',#6317,1.);
#6317 = DIRECTION('',(0.,1.,0.));
#6318 = CYLINDRICAL_SURFACE('',#6319,3.);
#6319 = AXIS2_PLACEMENT_3D('',#6320,#6321,#6322);
#6320 = CARTESIAN_POINT('',(-6.,-7.499999999999,28.8));
#6321 = DIRECTION('',(0.,1.,0.));
#6322 = DIRECTION('',(-1.,0.,0.));
#6323 = ADVANCED_FACE('',(#6324),#6342,.T.);
#6324 = FACE_BOUND('',#6325,.T.);
#6325 = EDGE_LOOP('',(#6326,#6332,#6333,#6339,#6340,#6341));
#6326 = ORIENTED_EDGE('',*,*,#6327,.F.);
#6327 = EDGE_CURVE('',#5808,#5938,#6328,.T.);
#6328 = LINE('',#6329,#6330);
#6329 = CARTESIAN_POINT('',(-9.,-7.5,-1.));
#6330 = VECTOR('',#6331,1.);
#6331 = DIRECTION('',(0.,1.,0.));
#6332 = ORIENTED_EDGE('',*,*,#6082,.T.);
#6333 = ORIENTED_EDGE('',*,*,#6334,.T.);
#6334 = EDGE_CURVE('',#5800,#5993,#6335,.T.);
#6335 = LINE('',#6336,#6337);
#6336 = CARTESIAN_POINT('',(9.,-7.5,-1.));
#6337 = VECTOR('',#6338,1.);
#6338 = DIRECTION('',(0.,1.,0.));
#6339 = ORIENTED_EDGE('',*,*,#5992,.T.);
#6340 = ORIENTED_EDGE('',*,*,#5976,.F.);
#6341 = ORIENTED_EDGE('',*,*,#5945,.F.);
#6342 = PLANE('',#6343);
#6343 = AXIS2_PLACEMENT_3D('',#6344,#6345,#6346);
#6344 = CARTESIAN_POINT('',(-6.3E-16,6.176338763986,-1.));
#6345 = DIRECTION('',(0.,0.,1.));
#6346 = DIRECTION('',(1.,0.,0.));
#6347 = ADVANCED_FACE('',(#6348),#6407,.T.);
#6348 = FACE_BOUND('',#6349,.T.);
#6349 = EDGE_LOOP('',(#6350,#6360,#6366,#6367,#6368,#6369,#6377,#6385,
    #6393,#6401));
#6350 = ORIENTED_EDGE('',*,*,#6351,.T.);
#6351 = EDGE_CURVE('',#6352,#6354,#6356,.T.);
#6352 = VERTEX_POINT('',#6353);
#6353 = CARTESIAN_POINT('',(13.,7.5,18.4));
#6354 = VERTEX_POINT('',#6355);
#6355 = CARTESIAN_POINT('',(9.,7.499999999999,18.4));
#6356 = LINE('',#6357,#6358);
#6357 = CARTESIAN_POINT('',(13.,7.499999999999,18.4));
#6358 = VECTOR('',#6359,1.);
#6359 = DIRECTION('',(-1.,1.28E-15,6.484890977766E-30));
#6360 = ORIENTED_EDGE('',*,*,#6361,.T.);
#6361 = EDGE_CURVE('',#6354,#6256,#6362,.T.);
#6362 = LINE('',#6363,#6364);
#6363 = CARTESIAN_POINT('',(9.,7.5,-1.));
#6364 = VECTOR('',#6365,1.);
#6365 = DIRECTION('',(0.,0.,1.));
#6366 = ORIENTED_EDGE('',*,*,#6255,.T.);
#6367 = ORIENTED_EDGE('',*,*,#6278,.T.);
#6368 = ORIENTED_EDGE('',*,*,#6304,.F.);
#6369 = ORIENTED_EDGE('',*,*,#6370,.F.);
#6370 = EDGE_CURVE('',#6371,#6305,#6373,.T.);
#6371 = VERTEX_POINT('',#6372);
#6372 = CARTESIAN_POINT('',(-9.,7.499999999999,18.4));
#6373 = LINE('',#6374,#6375);
#6374 = CARTESIAN_POINT('',(-9.,7.5,-1.));
#6375 = VECTOR('',#6376,1.);
#6376 = DIRECTION('',(0.,0.,1.));
#6377 = ORIENTED_EDGE('',*,*,#6378,.F.);
#6378 = EDGE_CURVE('',#6379,#6371,#6381,.T.);
#6379 = VERTEX_POINT('',#6380);
#6380 = CARTESIAN_POINT('',(-13.,7.5,18.4));
#6381 = LINE('',#6382,#6383);
#6382 = CARTESIAN_POINT('',(-13.,7.499999999999,18.4));
#6383 = VECTOR('',#6384,1.);
#6384 = DIRECTION('',(1.,1.502044604925E-15,2.22044604925E-16));
#6385 = ORIENTED_EDGE('',*,*,#6386,.T.);
#6386 = EDGE_CURVE('',#6379,#6387,#6389,.T.);
#6387 = VERTEX_POINT('',#6388);
#6388 = CARTESIAN_POINT('',(-13.,7.5,35.8));
#6389 = LINE('',#6390,#6391);
#6390 = CARTESIAN_POINT('',(-13.,7.5,33.8));
#6391 = VECTOR('',#6392,1.);
#6392 = DIRECTION('',(0.,0.,1.));
#6393 = ORIENTED_EDGE('',*,*,#6394,.F.);
#6394 = EDGE_CURVE('',#6395,#6387,#6397,.T.);
#6395 = VERTEX_POINT('',#6396);
#6396 = CARTESIAN_POINT('',(13.,7.5,35.8));
#6397 = LINE('',#6398,#6399);
#6398 = CARTESIAN_POINT('',(13.,7.5,35.8));
#6399 = VECTOR('',#6400,1.);
#6400 = DIRECTION('',(-1.,-0.,-0.));
#6401 = ORIENTED_EDGE('',*,*,#6402,.F.);
#6402 = EDGE_CURVE('',#6352,#6395,#6403,.T.);
#6403 = LINE('',#6404,#6405);
#6404 = CARTESIAN_POINT('',(13.,7.5,33.8));
#6405 = VECTOR('',#6406,1.);
#6406 = DIRECTION('',(0.,0.,1.));
#6407 = PLANE('',#6408);
#6408 = AXIS2_PLACEMENT_3D('',#6409,#6410,#6411);
#6409 = CARTESIAN_POINT('',(1.89E-15,7.5,18.454251977098));
#6410 = DIRECTION('',(0.,1.,0.));
#6411 = DIRECTION('',(0.,0.,1.));
#6412 = ADVANCED_FACE('',(#6413),#6429,.T.);
#6413 = FACE_BOUND('',#6414,.T.);
#6414 = EDGE_LOOP('',(#6415,#6421,#6422,#6428));
#6415 = ORIENTED_EDGE('',*,*,#6416,.F.);
#6416 = EDGE_CURVE('',#5898,#6387,#6417,.T.);
#6417 = LINE('',#6418,#6419);
#6418 = CARTESIAN_POINT('',(-13.,5.5,35.8));
#6419 = VECTOR('',#6420,1.);
#6420 = DIRECTION('',(0.,1.,0.));
#6421 = ORIENTED_EDGE('',*,*,#5897,.F.);
#6422 = ORIENTED_EDGE('',*,*,#6423,.T.);
#6423 = EDGE_CURVE('',#5890,#6395,#6424,.T.);
#6424 = LINE('',#6425,#6426);
#6425 = CARTESIAN_POINT('',(13.,5.5,35.8));
#6426 = VECTOR('',#6427,1.);
#6427 = DIRECTION('',(0.,1.,0.));
#6428 = ORIENTED_EDGE('',*,*,#6394,.T.);
#6429 = PLANE('',#6430);
#6430 = AXIS2_PLACEMENT_3D('',#6431,#6432,#6433);
#6431 = CARTESIAN_POINT('',(0.,6.5,35.8));
#6432 = DIRECTION('',(0.,0.,1.));
#6433 = DIRECTION('',(1.,0.,0.));
#6434 = ADVANCED_FACE('',(#6435),#6460,.F.);
#6435 = FACE_BOUND('',#6436,.T.);
#6436 = EDGE_LOOP('',(#6437,#6445,#6446,#6454));
#6437 = ORIENTED_EDGE('',*,*,#6438,.F.);
#6438 = EDGE_CURVE('',#5930,#6439,#6441,.T.);
#6439 = VERTEX_POINT('',#6440);
#6440 = CARTESIAN_POINT('',(-9.,15.489999999999,14.4));
#6441 = LINE('',#6442,#6443);
#6442 = CARTESIAN_POINT('',(-9.,10.10106060606,9.011060606061));
#6443 = VECTOR('',#6444,1.);
#6444 = DIRECTION('',(-5.158424059213E-16,0.707106781187,0.707106781187)
  );
#6445 = ORIENTED_EDGE('',*,*,#5929,.T.);
#6446 = ORIENTED_EDGE('',*,*,#6447,.T.);
#6447 = EDGE_CURVE('',#5922,#6448,#6450,.T.);
#6448 = VERTEX_POINT('',#6449);
#6449 = CARTESIAN_POINT('',(-13.,15.489999999999,14.4));
#6450 = LINE('',#6451,#6452);
#6451 = CARTESIAN_POINT('',(-13.,12.031885245898,10.941885245899));
#6452 = VECTOR('',#6453,1.);
#6453 = DIRECTION('',(-5.751908122956E-16,0.707106781187,0.707106781187)
  );
#6454 = ORIENTED_EDGE('',*,*,#6455,.F.);
#6455 = EDGE_CURVE('',#6439,#6448,#6456,.T.);
#6456 = LINE('',#6457,#6458);
#6457 = CARTESIAN_POINT('',(-9.,15.489999999999,14.4));
#6458 = VECTOR('',#6459,1.);
#6459 = DIRECTION('',(-1.,-1.502044604925E-15,-2.22044604925E-16));
#6460 = PLANE('',#6461);
#6461 = AXIS2_PLACEMENT_3D('',#6462,#6463,#6464);
#6462 = CARTESIAN_POINT('',(-9.,11.494999999999,10.405));
#6463 = DIRECTION('',(-5.863283671293E-16,-0.707106781187,0.707106781187
    ));
#6464 = DIRECTION('',(1.,4.474478405259E-16,1.276641369324E-15));
#6465 = ADVANCED_FACE('',(#6466),#6491,.F.);
#6466 = FACE_BOUND('',#6467,.F.);
#6467 = EDGE_LOOP('',(#6468,#6476,#6477,#6485));
#6468 = ORIENTED_EDGE('',*,*,#6469,.F.);
#6469 = EDGE_CURVE('',#6001,#6470,#6472,.T.);
#6470 = VERTEX_POINT('',#6471);
#6471 = CARTESIAN_POINT('',(9.,15.489999999999,14.4));
#6472 = LINE('',#6473,#6474);
#6473 = CARTESIAN_POINT('',(9.,10.10106060606,9.011060606061));
#6474 = VECTOR('',#6475,1.);
#6475 = DIRECTION('',(2.018239141845E-16,0.707106781187,0.707106781187)
  );
#6476 = ORIENTED_EDGE('',*,*,#6008,.T.);
#6477 = ORIENTED_EDGE('',*,*,#6478,.T.);
#6478 = EDGE_CURVE('',#6009,#6479,#6481,.T.);
#6479 = VERTEX_POINT('',#6480);
#6480 = CARTESIAN_POINT('',(13.,15.489999999999,14.4));
#6481 = LINE('',#6482,#6483);
#6482 = CARTESIAN_POINT('',(13.,12.031885245898,10.941885245899));
#6483 = VECTOR('',#6484,1.);
#6484 = DIRECTION('',(2.611723205588E-16,0.707106781187,0.707106781187)
  );
#6485 = ORIENTED_EDGE('',*,*,#6486,.F.);
#6486 = EDGE_CURVE('',#6470,#6479,#6487,.T.);
#6487 = LINE('',#6488,#6489);
#6488 = CARTESIAN_POINT('',(9.,15.489999999999,14.4));
#6489 = VECTOR('',#6490,1.);
#6490 = DIRECTION('',(1.,-1.28E-15,-6.484890977766E-30));
#6491 = PLANE('',#6492);
#6492 = AXIS2_PLACEMENT_3D('',#6493,#6494,#6495);
#6493 = CARTESIAN_POINT('',(9.,11.494999999999,10.405));
#6494 = DIRECTION('',(5.863283671293E-16,-0.707106781187,0.707106781187)
  );
#6495 = DIRECTION('',(1.,-2.254032356008E-16,-1.054596764399E-15));
#6496 = ADVANCED_FACE('',(#6497),#6522,.F.);
#6497 = FACE_BOUND('',#6498,.F.);
#6498 = EDGE_LOOP('',(#6499,#6507,#6508,#6516));
#6499 = ORIENTED_EDGE('',*,*,#6500,.F.);
#6500 = EDGE_CURVE('',#6052,#6501,#6503,.T.);
#6501 = VERTEX_POINT('',#6502);
#6502 = CARTESIAN_POINT('',(-9.,-15.48999999999,14.4));
#6503 = LINE('',#6504,#6505);
#6504 = CARTESIAN_POINT('',(-9.,-10.10106060606,9.011060606061));
#6505 = VECTOR('',#6506,1.);
#6506 = DIRECTION('',(-5.158424059213E-16,-0.707106781187,0.707106781187
    ));
#6507 = ORIENTED_EDGE('',*,*,#6059,.T.);
#6508 = ORIENTED_EDGE('',*,*,#6509,.T.);
#6509 = EDGE_CURVE('',#6060,#6510,#6512,.T.);
#6510 = VERTEX_POINT('',#6511);
#6511 = CARTESIAN_POINT('',(-13.,-15.48999999999,14.4));
#6512 = LINE('',#6513,#6514);
#6513 = CARTESIAN_POINT('',(-13.,-12.03188524589,10.941885245899));
#6514 = VECTOR('',#6515,1.);
#6515 = DIRECTION('',(-5.751908122956E-16,-0.707106781187,0.707106781187
    ));
#6516 = ORIENTED_EDGE('',*,*,#6517,.F.);
#6517 = EDGE_CURVE('',#6501,#6510,#6518,.T.);
#6518 = LINE('',#6519,#6520);
#6519 = CARTESIAN_POINT('',(-9.,-15.48999999999,14.4));
#6520 = VECTOR('',#6521,1.);
#6521 = DIRECTION('',(-1.,1.502044604925E-15,-2.22044604925E-16));
#6522 = PLANE('',#6523);
#6523 = AXIS2_PLACEMENT_3D('',#6524,#6525,#6526);
#6524 = CARTESIAN_POINT('',(-9.,-11.49499999999,10.405));
#6525 = DIRECTION('',(-5.863283671293E-16,0.707106781187,0.707106781187)
  );
#6526 = DIRECTION('',(-1.,4.474478405259E-16,-1.276641369324E-15));
#6527 = ADVANCED_FACE('',(#6528),#6550,.T.);
#6528 = FACE_BOUND('',#6529,.T.);
#6529 = EDGE_LOOP('',(#6530,#6531,#6532,#6533,#6534,#6542,#6548,#6549));
#6530 = ORIENTED_EDGE('',*,*,#5889,.F.);
#6531 = ORIENTED_EDGE('',*,*,#5435,.F.);
#6532 = ORIENTED_EDGE('',*,*,#6016,.T.);
#6533 = ORIENTED_EDGE('',*,*,#6478,.T.);
#6534 = ORIENTED_EDGE('',*,*,#6535,.F.);
#6535 = EDGE_CURVE('',#6536,#6479,#6538,.T.);
#6536 = VERTEX_POINT('',#6537);
#6537 = CARTESIAN_POINT('',(13.,7.5,14.4));
#6538 = LINE('',#6539,#6540);
#6539 = CARTESIAN_POINT('',(13.,7.499999999999,14.4));
#6540 = VECTOR('',#6541,1.);
#6541 = DIRECTION('',(1.28E-15,1.,9.769962616701E-15));
#6542 = ORIENTED_EDGE('',*,*,#6543,.T.);
#6543 = EDGE_CURVE('',#6536,#6352,#6544,.T.);
#6544 = LINE('',#6545,#6546);
#6545 = CARTESIAN_POINT('',(13.,7.5,33.8));
#6546 = VECTOR('',#6547,1.);
#6547 = DIRECTION('',(0.,0.,1.));
#6548 = ORIENTED_EDGE('',*,*,#6402,.T.);
#6549 = ORIENTED_EDGE('',*,*,#6423,.F.);
#6550 = PLANE('',#6551);
#6551 = AXIS2_PLACEMENT_3D('',#6552,#6553,#6554);
#6552 = CARTESIAN_POINT('',(13.,7.451149584912,16.014413158741));
#6553 = DIRECTION('',(1.,-4.557287800831E-16,0.));
#6554 = DIRECTION('',(4.557287800831E-16,1.,0.));
#6555 = ADVANCED_FACE('',(#6556),#6581,.F.);
#6556 = FACE_BOUND('',#6557,.T.);
#6557 = EDGE_LOOP('',(#6558,#6566,#6574,#6580));
#6558 = ORIENTED_EDGE('',*,*,#6559,.T.);
#6559 = EDGE_CURVE('',#6536,#6560,#6562,.T.);
#6560 = VERTEX_POINT('',#6561);
#6561 = CARTESIAN_POINT('',(19.,7.5,14.4));
#6562 = LINE('',#6563,#6564);
#6563 = CARTESIAN_POINT('',(13.,7.5,14.4));
#6564 = VECTOR('',#6565,1.);
#6565 = DIRECTION('',(1.,0.,0.));
#6566 = ORIENTED_EDGE('',*,*,#6567,.T.);
#6567 = EDGE_CURVE('',#6560,#6568,#6570,.T.);
#6568 = VERTEX_POINT('',#6569);
#6569 = CARTESIAN_POINT('',(19.,7.5,18.4));
#6570 = LINE('',#6571,#6572);
#6571 = CARTESIAN_POINT('',(19.,7.5,14.4));
#6572 = VECTOR('',#6573,1.);
#6573 = DIRECTION('',(0.,-4.440892098501E-16,1.));
#6574 = ORIENTED_EDGE('',*,*,#6575,.F.);
#6575 = EDGE_CURVE('',#6352,#6568,#6576,.T.);
#6576 = LINE('',#6577,#6578);
#6577 = CARTESIAN_POINT('',(13.,7.5,18.4));
#6578 = VECTOR('',#6579,1.);
#6579 = DIRECTION('',(1.,0.,0.));
#6580 = ORIENTED_EDGE('',*,*,#6543,.F.);
#6581 = PLANE('',#6582);
#6582 = AXIS2_PLACEMENT_3D('',#6583,#6584,#6585);
#6583 = CARTESIAN_POINT('',(13.,7.5,14.4));
#6584 = DIRECTION('',(0.,1.,4.440892098501E-16));
#6585 = DIRECTION('',(0.,4.440892098501E-16,-1.));
#6586 = ADVANCED_FACE('',(#6587),#6612,.T.);
#6587 = FACE_BOUND('',#6588,.F.);
#6588 = EDGE_LOOP('',(#6589,#6599,#6605,#6606));
#6589 = ORIENTED_EDGE('',*,*,#6590,.T.);
#6590 = EDGE_CURVE('',#6591,#6593,#6595,.T.);
#6591 = VERTEX_POINT('',#6592);
#6592 = CARTESIAN_POINT('',(19.,15.5,18.4));
#6593 = VERTEX_POINT('',#6594);
#6594 = CARTESIAN_POINT('',(19.,15.5,14.4));
#6595 = LINE('',#6596,#6597);
#6596 = CARTESIAN_POINT('',(19.,15.5,18.4));
#6597 = VECTOR('',#6598,1.);
#6598 = DIRECTION('',(0.,4.440892098501E-16,-1.));
#6599 = ORIENTED_EDGE('',*,*,#6600,.T.);
#6600 = EDGE_CURVE('',#6593,#6560,#6601,.T.);
#6601 = LINE('',#6602,#6603);
#6602 = CARTESIAN_POINT('',(19.,15.5,14.4));
#6603 = VECTOR('',#6604,1.);
#6604 = DIRECTION('',(-0.,-1.,-4.440892098501E-16));
#6605 = ORIENTED_EDGE('',*,*,#6567,.T.);
#6606 = ORIENTED_EDGE('',*,*,#6607,.T.);
#6607 = EDGE_CURVE('',#6568,#6591,#6608,.T.);
#6608 = LINE('',#6609,#6610);
#6609 = CARTESIAN_POINT('',(19.,7.5,18.4));
#6610 = VECTOR('',#6611,1.);
#6611 = DIRECTION('',(0.,1.,4.440892098501E-16));
#6612 = PLANE('',#6613);
#6613 = AXIS2_PLACEMENT_3D('',#6614,#6615,#6616);
#6614 = CARTESIAN_POINT('',(19.,11.5,16.4));
#6615 = DIRECTION('',(1.,0.,0.));
#6616 = DIRECTION('',(0.,4.440892098501E-16,-1.));
#6617 = ADVANCED_FACE('',(#6618,#6638),#6649,.T.);
#6618 = FACE_BOUND('',#6619,.T.);
#6619 = EDGE_LOOP('',(#6620,#6621,#6629,#6635,#6636,#6637));
#6620 = ORIENTED_EDGE('',*,*,#6486,.F.);
#6621 = ORIENTED_EDGE('',*,*,#6622,.T.);
#6622 = EDGE_CURVE('',#6470,#6623,#6625,.T.);
#6623 = VERTEX_POINT('',#6624);
#6624 = CARTESIAN_POINT('',(9.,15.499999999999,14.4));
#6625 = LINE('',#6626,#6627);
#6626 = CARTESIAN_POINT('',(9.,7.499999999999,14.4));
#6627 = VECTOR('',#6628,1.);
#6628 = DIRECTION('',(1.28E-15,1.,9.769962616701E-15));
#6629 = ORIENTED_EDGE('',*,*,#6630,.T.);
#6630 = EDGE_CURVE('',#6623,#6593,#6631,.T.);
#6631 = LINE('',#6632,#6633);
#6632 = CARTESIAN_POINT('',(9.,15.499999999999,14.4));
#6633 = VECTOR('',#6634,1.);
#6634 = DIRECTION('',(1.,-1.28E-15,-6.484890977766E-30));
#6635 = ORIENTED_EDGE('',*,*,#6600,.T.);
#6636 = ORIENTED_EDGE('',*,*,#6559,.F.);
#6637 = ORIENTED_EDGE('',*,*,#6535,.T.);
#6638 = FACE_BOUND('',#6639,.T.);
#6639 = EDGE_LOOP('',(#6640));
#6640 = ORIENTED_EDGE('',*,*,#6641,.F.);
#6641 = EDGE_CURVE('',#6642,#6642,#6644,.T.);
#6642 = VERTEX_POINT('',#6643);
#6643 = CARTESIAN_POINT('',(18.25,11.5,14.4));
#6644 = CIRCLE('',#6645,2.25);
#6645 = AXIS2_PLACEMENT_3D('',#6646,#6647,#6648);
#6646 = CARTESIAN_POINT('',(16.,11.5,14.4));
#6647 = DIRECTION('',(-2.583791766401E-15,4.588921835117E-15,-1.));
#6648 = DIRECTION('',(1.,1.147434043958E-30,-2.583791766401E-15));
#6649 = PLANE('',#6650);
#6650 = AXIS2_PLACEMENT_3D('',#6651,#6652,#6653);
#6651 = CARTESIAN_POINT('',(14.887777777778,12.387777777777,14.4));
#6652 = DIRECTION('',(-3.764183530392E-15,3.947256665081E-15,-1.));
#6653 = DIRECTION('',(0.,-1.,-3.947256665081E-15));
#6654 = ADVANCED_FACE('',(#6655),#6674,.F.);
#6655 = FACE_BOUND('',#6656,.F.);
#6656 = EDGE_LOOP('',(#6657,#6665,#6672,#6673));
#6657 = ORIENTED_EDGE('',*,*,#6658,.F.);
#6658 = EDGE_CURVE('',#6659,#6642,#6661,.T.);
#6659 = VERTEX_POINT('',#6660);
#6660 = CARTESIAN_POINT('',(18.25,11.5,18.4));
#6661 = LINE('',#6662,#6663);
#6662 = CARTESIAN_POINT('',(18.25,11.5,18.4));
#6663 = VECTOR('',#6664,1.);
#6664 = DIRECTION('',(-2.645209697704E-15,4.588921835117E-15,-1.));
#6665 = ORIENTED_EDGE('',*,*,#6666,.T.);
#6666 = EDGE_CURVE('',#6659,#6659,#6667,.T.);
#6667 = CIRCLE('',#6668,2.25);
#6668 = AXIS2_PLACEMENT_3D('',#6669,#6670,#6671);
#6669 = CARTESIAN_POINT('',(16.,11.5,18.4));
#6670 = DIRECTION('',(-2.583791766401E-15,4.588921835117E-15,-1.));
#6671 = DIRECTION('',(1.,1.147434043958E-30,-2.583791766401E-15));
#6672 = ORIENTED_EDGE('',*,*,#6658,.T.);
#6673 = ORIENTED_EDGE('',*,*,#6641,.F.);
#6674 = CYLINDRICAL_SURFACE('',#6675,2.25);
#6675 = AXIS2_PLACEMENT_3D('',#6676,#6677,#6678);
#6676 = CARTESIAN_POINT('',(16.,11.5,18.4));
#6677 = DIRECTION('',(-2.583791766401E-15,4.588921835117E-15,-1.));
#6678 = DIRECTION('',(1.,1.147434043958E-30,-2.583791766401E-15));
#6679 = ADVANCED_FACE('',(#6680,#6721),#6732,.T.);
#6680 = FACE_BOUND('',#6681,.T.);
#6681 = EDGE_LOOP('',(#6682,#6692,#6698,#6699,#6707,#6715));
#6682 = ORIENTED_EDGE('',*,*,#6683,.F.);
#6683 = EDGE_CURVE('',#6684,#6686,#6688,.T.);
#6684 = VERTEX_POINT('',#6685);
#6685 = CARTESIAN_POINT('',(-9.,15.499999999999,14.4));
#6686 = VERTEX_POINT('',#6687);
#6687 = CARTESIAN_POINT('',(-19.,15.5,14.4));
#6688 = LINE('',#6689,#6690);
#6689 = CARTESIAN_POINT('',(-13.,15.5,14.4));
#6690 = VECTOR('',#6691,1.);
#6691 = DIRECTION('',(-1.,-2.22044604925E-16,-2.22044604925E-16));
#6692 = ORIENTED_EDGE('',*,*,#6693,.F.);
#6693 = EDGE_CURVE('',#6439,#6684,#6694,.T.);
#6694 = LINE('',#6695,#6696);
#6695 = CARTESIAN_POINT('',(-9.,7.499999999999,14.4));
#6696 = VECTOR('',#6697,1.);
#6697 = DIRECTION('',(-1.502044604925E-15,1.,9.769962616701E-15));
#6698 = ORIENTED_EDGE('',*,*,#6455,.T.);
#6699 = ORIENTED_EDGE('',*,*,#6700,.F.);
#6700 = EDGE_CURVE('',#6701,#6448,#6703,.T.);
#6701 = VERTEX_POINT('',#6702);
#6702 = CARTESIAN_POINT('',(-13.,7.5,14.4));
#6703 = LINE('',#6704,#6705);
#6704 = CARTESIAN_POINT('',(-13.,7.499999999999,14.4));
#6705 = VECTOR('',#6706,1.);
#6706 = DIRECTION('',(-1.502044604925E-15,1.,9.769962616701E-15));
#6707 = ORIENTED_EDGE('',*,*,#6708,.T.);
#6708 = EDGE_CURVE('',#6701,#6709,#6711,.T.);
#6709 = VERTEX_POINT('',#6710);
#6710 = CARTESIAN_POINT('',(-19.,7.5,14.4));
#6711 = LINE('',#6712,#6713);
#6712 = CARTESIAN_POINT('',(-13.,7.5,14.4));
#6713 = VECTOR('',#6714,1.);
#6714 = DIRECTION('',(-1.,-2.22044604925E-16,-2.22044604925E-16));
#6715 = ORIENTED_EDGE('',*,*,#6716,.F.);
#6716 = EDGE_CURVE('',#6686,#6709,#6717,.T.);
#6717 = LINE('',#6718,#6719);
#6718 = CARTESIAN_POINT('',(-19.,15.5,14.4));
#6719 = VECTOR('',#6720,1.);
#6720 = DIRECTION('',(2.22044604925E-16,-1.,-4.440892098501E-16));
#6721 = FACE_BOUND('',#6722,.T.);
#6722 = EDGE_LOOP('',(#6723));
#6723 = ORIENTED_EDGE('',*,*,#6724,.F.);
#6724 = EDGE_CURVE('',#6725,#6725,#6727,.T.);
#6725 = VERTEX_POINT('',#6726);
#6726 = CARTESIAN_POINT('',(-18.25,11.5,14.4));
#6727 = CIRCLE('',#6728,2.25);
#6728 = AXIS2_PLACEMENT_3D('',#6729,#6730,#6731);
#6729 = CARTESIAN_POINT('',(-16.,11.5,14.4));
#6730 = DIRECTION('',(2.805836371326E-15,4.588921835117E-15,-1.));
#6731 = DIRECTION('',(-1.,-2.22044604925E-16,-2.805836371326E-15));
#6732 = PLANE('',#6733);
#6733 = AXIS2_PLACEMENT_3D('',#6734,#6735,#6736);
#6734 = CARTESIAN_POINT('',(-14.88777777777,12.387777777777,14.4));
#6735 = DIRECTION('',(3.900217830847E-15,3.933649897683E-15,-1.));
#6736 = DIRECTION('',(0.,-1.,-3.933649897683E-15));
#6737 = ADVANCED_FACE('',(#6738),#6761,.F.);
#6738 = FACE_BOUND('',#6739,.F.);
#6739 = EDGE_LOOP('',(#6740,#6741,#6749,#6755));
#6740 = ORIENTED_EDGE('',*,*,#6708,.T.);
#6741 = ORIENTED_EDGE('',*,*,#6742,.T.);
#6742 = EDGE_CURVE('',#6709,#6743,#6745,.T.);
#6743 = VERTEX_POINT('',#6744);
#6744 = CARTESIAN_POINT('',(-19.,7.5,18.4));
#6745 = LINE('',#6746,#6747);
#6746 = CARTESIAN_POINT('',(-19.,7.5,14.4));
#6747 = VECTOR('',#6748,1.);
#6748 = DIRECTION('',(-2.22044604925E-16,-4.440892098501E-16,1.));
#6749 = ORIENTED_EDGE('',*,*,#6750,.F.);
#6750 = EDGE_CURVE('',#6379,#6743,#6751,.T.);
#6751 = LINE('',#6752,#6753);
#6752 = CARTESIAN_POINT('',(-13.,7.5,18.4));
#6753 = VECTOR('',#6754,1.);
#6754 = DIRECTION('',(-1.,-2.22044604925E-16,-2.22044604925E-16));
#6755 = ORIENTED_EDGE('',*,*,#6756,.F.);
#6756 = EDGE_CURVE('',#6701,#6379,#6757,.T.);
#6757 = LINE('',#6758,#6759);
#6758 = CARTESIAN_POINT('',(-13.,7.5,33.8));
#6759 = VECTOR('',#6760,1.);
#6760 = DIRECTION('',(0.,0.,1.));
#6761 = PLANE('',#6762);
#6762 = AXIS2_PLACEMENT_3D('',#6763,#6764,#6765);
#6763 = CARTESIAN_POINT('',(-13.,7.5,14.4));
#6764 = DIRECTION('',(-2.22044604925E-16,1.,4.440892098501E-16));
#6765 = DIRECTION('',(-2.22044604925E-16,-4.440892098501E-16,1.));
#6766 = ADVANCED_FACE('',(#6767),#6785,.T.);
#6767 = FACE_BOUND('',#6768,.T.);
#6768 = EDGE_LOOP('',(#6769,#6777,#6778,#6779));
#6769 = ORIENTED_EDGE('',*,*,#6770,.T.);
#6770 = EDGE_CURVE('',#6771,#6686,#6773,.T.);
#6771 = VERTEX_POINT('',#6772);
#6772 = CARTESIAN_POINT('',(-19.,15.5,18.4));
#6773 = LINE('',#6774,#6775);
#6774 = CARTESIAN_POINT('',(-19.,15.5,18.4));
#6775 = VECTOR('',#6776,1.);
#6776 = DIRECTION('',(2.22044604925E-16,4.440892098501E-16,-1.));
#6777 = ORIENTED_EDGE('',*,*,#6716,.T.);
#6778 = ORIENTED_EDGE('',*,*,#6742,.T.);
#6779 = ORIENTED_EDGE('',*,*,#6780,.T.);
#6780 = EDGE_CURVE('',#6743,#6771,#6781,.T.);
#6781 = LINE('',#6782,#6783);
#6782 = CARTESIAN_POINT('',(-19.,7.5,18.4));
#6783 = VECTOR('',#6784,1.);
#6784 = DIRECTION('',(-2.22044604925E-16,1.,4.440892098501E-16));
#6785 = PLANE('',#6786);
#6786 = AXIS2_PLACEMENT_3D('',#6787,#6788,#6789);
#6787 = CARTESIAN_POINT('',(-19.,11.5,16.4));
#6788 = DIRECTION('',(-1.,-2.22044604925E-16,-2.22044604925E-16));
#6789 = DIRECTION('',(-2.22044604925E-16,-4.440892098501E-16,1.));
#6790 = ADVANCED_FACE('',(#6791),#6810,.F.);
#6791 = FACE_BOUND('',#6792,.T.);
#6792 = EDGE_LOOP('',(#6793,#6801,#6808,#6809));
#6793 = ORIENTED_EDGE('',*,*,#6794,.F.);
#6794 = EDGE_CURVE('',#6795,#6725,#6797,.T.);
#6795 = VERTEX_POINT('',#6796);
#6796 = CARTESIAN_POINT('',(-18.25,11.5,18.4));
#6797 = LINE('',#6798,#6799);
#6798 = CARTESIAN_POINT('',(-18.25,11.5,18.4));
#6799 = VECTOR('',#6800,1.);
#6800 = DIRECTION('',(2.867254302629E-15,4.588921835117E-15,-1.));
#6801 = ORIENTED_EDGE('',*,*,#6802,.T.);
#6802 = EDGE_CURVE('',#6795,#6795,#6803,.T.);
#6803 = CIRCLE('',#6804,2.25);
#6804 = AXIS2_PLACEMENT_3D('',#6805,#6806,#6807);
#6805 = CARTESIAN_POINT('',(-16.,11.5,18.4));
#6806 = DIRECTION('',(-2.805836371326E-15,-4.588921835117E-15,1.));
#6807 = DIRECTION('',(-1.,-2.22044604925E-16,-2.805836371326E-15));
#6808 = ORIENTED_EDGE('',*,*,#6794,.T.);
#6809 = ORIENTED_EDGE('',*,*,#6724,.T.);
#6810 = CYLINDRICAL_SURFACE('',#6811,2.25);
#6811 = AXIS2_PLACEMENT_3D('',#6812,#6813,#6814);
#6812 = CARTESIAN_POINT('',(-16.,11.5,18.4));
#6813 = DIRECTION('',(2.805836371326E-15,4.588921835117E-15,-1.));
#6814 = DIRECTION('',(-1.,-2.22044604925E-16,-2.805836371326E-15));
#6815 = ADVANCED_FACE('',(#6816,#6857),#6868,.T.);
#6816 = FACE_BOUND('',#6817,.T.);
#6817 = EDGE_LOOP('',(#6818,#6819,#6827,#6835,#6843,#6851));
#6818 = ORIENTED_EDGE('',*,*,#6517,.F.);
#6819 = ORIENTED_EDGE('',*,*,#6820,.T.);
#6820 = EDGE_CURVE('',#6501,#6821,#6823,.T.);
#6821 = VERTEX_POINT('',#6822);
#6822 = CARTESIAN_POINT('',(-9.,-15.49999999999,14.4));
#6823 = LINE('',#6824,#6825);
#6824 = CARTESIAN_POINT('',(-9.,-7.499999999999,14.4));
#6825 = VECTOR('',#6826,1.);
#6826 = DIRECTION('',(-1.502044604925E-15,-1.,9.325873406851E-15));
#6827 = ORIENTED_EDGE('',*,*,#6828,.T.);
#6828 = EDGE_CURVE('',#6821,#6829,#6831,.T.);
#6829 = VERTEX_POINT('',#6830);
#6830 = CARTESIAN_POINT('',(-19.,-15.5,14.4));
#6831 = LINE('',#6832,#6833);
#6832 = CARTESIAN_POINT('',(-9.,-15.49999999999,14.4));
#6833 = VECTOR('',#6834,1.);
#6834 = DIRECTION('',(-1.,1.502044604925E-15,-2.22044604925E-16));
#6835 = ORIENTED_EDGE('',*,*,#6836,.T.);
#6836 = EDGE_CURVE('',#6829,#6837,#6839,.T.);
#6837 = VERTEX_POINT('',#6838);
#6838 = CARTESIAN_POINT('',(-19.,-7.5,14.4));
#6839 = LINE('',#6840,#6841);
#6840 = CARTESIAN_POINT('',(-19.,-15.5,14.4));
#6841 = VECTOR('',#6842,1.);
#6842 = DIRECTION('',(2.22044604925E-16,1.,2.465190328816E-32));
#6843 = ORIENTED_EDGE('',*,*,#6844,.F.);
#6844 = EDGE_CURVE('',#6845,#6837,#6847,.T.);
#6845 = VERTEX_POINT('',#6846);
#6846 = CARTESIAN_POINT('',(-13.,-7.5,14.4));
#6847 = LINE('',#6848,#6849);
#6848 = CARTESIAN_POINT('',(-13.,-7.5,14.4));
#6849 = VECTOR('',#6850,1.);
#6850 = DIRECTION('',(-1.,2.22044604925E-16,-2.22044604925E-16));
#6851 = ORIENTED_EDGE('',*,*,#6852,.T.);
#6852 = EDGE_CURVE('',#6845,#6510,#6853,.T.);
#6853 = LINE('',#6854,#6855);
#6854 = CARTESIAN_POINT('',(-13.,-7.499999999999,14.4));
#6855 = VECTOR('',#6856,1.);
#6856 = DIRECTION('',(-1.502044604925E-15,-1.,9.325873406851E-15));
#6857 = FACE_BOUND('',#6858,.T.);
#6858 = EDGE_LOOP('',(#6859));
#6859 = ORIENTED_EDGE('',*,*,#6860,.F.);
#6860 = EDGE_CURVE('',#6861,#6861,#6863,.T.);
#6861 = VERTEX_POINT('',#6862);
#6862 = CARTESIAN_POINT('',(-18.25,-11.5,14.4));
#6863 = CIRCLE('',#6864,2.25);
#6864 = AXIS2_PLACEMENT_3D('',#6865,#6866,#6867);
#6865 = CARTESIAN_POINT('',(-16.,-11.5,14.4));
#6866 = DIRECTION('',(2.805836371326E-15,-4.144832625267E-15,-1.));
#6867 = DIRECTION('',(-1.,2.22044604925E-16,-2.805836371326E-15));
#6868 = PLANE('',#6869);
#6869 = AXIS2_PLACEMENT_3D('',#6870,#6871,#6872);
#6870 = CARTESIAN_POINT('',(-14.88777777777,-12.38777777777,14.4));
#6871 = DIRECTION('',(3.965112853707E-15,-3.535240886822E-15,-1.));
#6872 = DIRECTION('',(-1.,0.,-3.965112853707E-15));
#6873 = ADVANCED_FACE('',(#6874),#6897,.F.);
#6874 = FACE_BOUND('',#6875,.T.);
#6875 = EDGE_LOOP('',(#6876,#6877,#6885,#6891));
#6876 = ORIENTED_EDGE('',*,*,#6844,.T.);
#6877 = ORIENTED_EDGE('',*,*,#6878,.T.);
#6878 = EDGE_CURVE('',#6837,#6879,#6881,.T.);
#6879 = VERTEX_POINT('',#6880);
#6880 = CARTESIAN_POINT('',(-19.,-7.5,18.4));
#6881 = LINE('',#6882,#6883);
#6882 = CARTESIAN_POINT('',(-19.,-7.5,14.4));
#6883 = VECTOR('',#6884,1.);
#6884 = DIRECTION('',(-2.22044604925E-16,2.465190328816E-32,1.));
#6885 = ORIENTED_EDGE('',*,*,#6886,.F.);
#6886 = EDGE_CURVE('',#5691,#6879,#6887,.T.);
#6887 = LINE('',#6888,#6889);
#6888 = CARTESIAN_POINT('',(-13.,-7.5,18.4));
#6889 = VECTOR('',#6890,1.);
#6890 = DIRECTION('',(-1.,2.22044604925E-16,-2.22044604925E-16));
#6891 = ORIENTED_EDGE('',*,*,#6892,.F.);
#6892 = EDGE_CURVE('',#6845,#5691,#6893,.T.);
#6893 = LINE('',#6894,#6895);
#6894 = CARTESIAN_POINT('',(-13.,-7.499999999999,33.8));
#6895 = VECTOR('',#6896,1.);
#6896 = DIRECTION('',(0.,0.,1.));
#6897 = PLANE('',#6898);
#6898 = AXIS2_PLACEMENT_3D('',#6899,#6900,#6901);
#6899 = CARTESIAN_POINT('',(-13.,-7.5,14.4));
#6900 = DIRECTION('',(-2.22044604925E-16,-1.,-2.465190328816E-32));
#6901 = DIRECTION('',(2.22044604925E-16,-2.465190328816E-32,-1.));
#6902 = ADVANCED_FACE('',(#6903),#6921,.T.);
#6903 = FACE_BOUND('',#6904,.F.);
#6904 = EDGE_LOOP('',(#6905,#6913,#6914,#6915));
#6905 = ORIENTED_EDGE('',*,*,#6906,.T.);
#6906 = EDGE_CURVE('',#6907,#6829,#6909,.T.);
#6907 = VERTEX_POINT('',#6908);
#6908 = CARTESIAN_POINT('',(-19.,-15.5,18.4));
#6909 = LINE('',#6910,#6911);
#6910 = CARTESIAN_POINT('',(-19.,-15.5,18.4));
#6911 = VECTOR('',#6912,1.);
#6912 = DIRECTION('',(2.22044604925E-16,-2.465190328816E-32,-1.));
#6913 = ORIENTED_EDGE('',*,*,#6836,.T.);
#6914 = ORIENTED_EDGE('',*,*,#6878,.T.);
#6915 = ORIENTED_EDGE('',*,*,#6916,.T.);
#6916 = EDGE_CURVE('',#6879,#6907,#6917,.T.);
#6917 = LINE('',#6918,#6919);
#6918 = CARTESIAN_POINT('',(-19.,-7.5,18.4));
#6919 = VECTOR('',#6920,1.);
#6920 = DIRECTION('',(-2.22044604925E-16,-1.,-2.465190328816E-32));
#6921 = PLANE('',#6922);
#6922 = AXIS2_PLACEMENT_3D('',#6923,#6924,#6925);
#6923 = CARTESIAN_POINT('',(-19.,-11.5,16.4));
#6924 = DIRECTION('',(-1.,2.22044604925E-16,-2.22044604925E-16));
#6925 = DIRECTION('',(2.22044604925E-16,-2.465190328816E-32,-1.));
#6926 = ADVANCED_FACE('',(#6927),#6946,.F.);
#6927 = FACE_BOUND('',#6928,.F.);
#6928 = EDGE_LOOP('',(#6929,#6937,#6944,#6945));
#6929 = ORIENTED_EDGE('',*,*,#6930,.F.);
#6930 = EDGE_CURVE('',#6931,#6861,#6933,.T.);
#6931 = VERTEX_POINT('',#6932);
#6932 = CARTESIAN_POINT('',(-18.25,-11.5,18.4));
#6933 = LINE('',#6934,#6935);
#6934 = CARTESIAN_POINT('',(-18.25,-11.5,18.4));
#6935 = VECTOR('',#6936,1.);
#6936 = DIRECTION('',(2.867254302629E-15,-4.144832625267E-15,-1.));
#6937 = ORIENTED_EDGE('',*,*,#6938,.T.);
#6938 = EDGE_CURVE('',#6931,#6931,#6939,.T.);
#6939 = CIRCLE('',#6940,2.25);
#6940 = AXIS2_PLACEMENT_3D('',#6941,#6942,#6943);
#6941 = CARTESIAN_POINT('',(-16.,-11.5,18.4));
#6942 = DIRECTION('',(2.805836371326E-15,-4.144832625267E-15,-1.));
#6943 = DIRECTION('',(-1.,2.22044604925E-16,-2.805836371326E-15));
#6944 = ORIENTED_EDGE('',*,*,#6930,.T.);
#6945 = ORIENTED_EDGE('',*,*,#6860,.F.);
#6946 = CYLINDRICAL_SURFACE('',#6947,2.25);
#6947 = AXIS2_PLACEMENT_3D('',#6948,#6949,#6950);
#6948 = CARTESIAN_POINT('',(-16.,-11.5,18.4));
#6949 = DIRECTION('',(2.805836371326E-15,-4.144832625267E-15,-1.));
#6950 = DIRECTION('',(-1.,2.22044604925E-16,-2.805836371326E-15));
#6951 = ADVANCED_FACE('',(#6952),#6981,.T.);
#6952 = FACE_BOUND('',#6953,.T.);
#6953 = EDGE_LOOP('',(#6954,#6955,#6956,#6957,#6958,#6959,#6960,#6961,
    #6962,#6970,#6976,#6977,#6978,#6979,#6980));
#6954 = ORIENTED_EDGE('',*,*,#5314,.T.);
#6955 = ORIENTED_EDGE('',*,*,#5352,.T.);
#6956 = ORIENTED_EDGE('',*,*,#5526,.T.);
#6957 = ORIENTED_EDGE('',*,*,#6106,.F.);
#6958 = ORIENTED_EDGE('',*,*,#6225,.F.);
#6959 = ORIENTED_EDGE('',*,*,#5734,.T.);
#6960 = ORIENTED_EDGE('',*,*,#6264,.T.);
#6961 = ORIENTED_EDGE('',*,*,#6361,.F.);
#6962 = ORIENTED_EDGE('',*,*,#6963,.T.);
#6963 = EDGE_CURVE('',#6354,#6964,#6966,.T.);
#6964 = VERTEX_POINT('',#6965);
#6965 = CARTESIAN_POINT('',(9.,15.499999999999,18.4));
#6966 = LINE('',#6967,#6968);
#6967 = CARTESIAN_POINT('',(9.,7.499999999999,18.4));
#6968 = VECTOR('',#6969,1.);
#6969 = DIRECTION('',(1.28E-15,1.,9.769962616701E-15));
#6970 = ORIENTED_EDGE('',*,*,#6971,.T.);
#6971 = EDGE_CURVE('',#6964,#6623,#6972,.T.);
#6972 = LINE('',#6973,#6974);
#6973 = CARTESIAN_POINT('',(9.,15.499999999999,18.4));
#6974 = VECTOR('',#6975,1.);
#6975 = DIRECTION('',(6.020661171612E-30,9.769962616701E-15,-1.));
#6976 = ORIENTED_EDGE('',*,*,#6622,.F.);
#6977 = ORIENTED_EDGE('',*,*,#6469,.F.);
#6978 = ORIENTED_EDGE('',*,*,#6000,.F.);
#6979 = ORIENTED_EDGE('',*,*,#6334,.F.);
#6980 = ORIENTED_EDGE('',*,*,#5799,.F.);
#6981 = PLANE('',#6982);
#6982 = AXIS2_PLACEMENT_3D('',#6983,#6984,#6985);
#6983 = CARTESIAN_POINT('',(9.,5.30505535905E-14,14.335464262176));
#6984 = DIRECTION('',(-1.,-0.,-0.));
#6985 = DIRECTION('',(0.,0.,-1.));
#6986 = ADVANCED_FACE('',(#6987),#6997,.T.);
#6987 = FACE_BOUND('',#6988,.T.);
#6988 = EDGE_LOOP('',(#6989,#6990,#6991,#6992,#6993,#6994,#6995,#6996));
#6989 = ORIENTED_EDGE('',*,*,#5402,.T.);
#6990 = ORIENTED_EDGE('',*,*,#5905,.T.);
#6991 = ORIENTED_EDGE('',*,*,#6416,.T.);
#6992 = ORIENTED_EDGE('',*,*,#6386,.F.);
#6993 = ORIENTED_EDGE('',*,*,#6756,.F.);
#6994 = ORIENTED_EDGE('',*,*,#6700,.T.);
#6995 = ORIENTED_EDGE('',*,*,#6447,.F.);
#6996 = ORIENTED_EDGE('',*,*,#5921,.F.);
#6997 = PLANE('',#6998);
#6998 = AXIS2_PLACEMENT_3D('',#6999,#7000,#7001);
#6999 = CARTESIAN_POINT('',(-13.,7.451149584912,16.014413158741));
#7000 = DIRECTION('',(-1.,-1.163745495613E-15,-0.));
#7001 = DIRECTION('',(1.163745495613E-15,-1.,0.));
#7002 = ADVANCED_FACE('',(#7003),#7013,.T.);
#7003 = FACE_BOUND('',#7004,.T.);
#7004 = EDGE_LOOP('',(#7005,#7006,#7007,#7008,#7009,#7010,#7011,#7012));
#7005 = ORIENTED_EDGE('',*,*,#5586,.T.);
#7006 = ORIENTED_EDGE('',*,*,#5484,.T.);
#7007 = ORIENTED_EDGE('',*,*,#6067,.T.);
#7008 = ORIENTED_EDGE('',*,*,#6509,.T.);
#7009 = ORIENTED_EDGE('',*,*,#6852,.F.);
#7010 = ORIENTED_EDGE('',*,*,#6892,.T.);
#7011 = ORIENTED_EDGE('',*,*,#5750,.T.);
#7012 = ORIENTED_EDGE('',*,*,#5667,.F.);
#7013 = PLANE('',#7014);
#7014 = AXIS2_PLACEMENT_3D('',#7015,#7016,#7017);
#7015 = CARTESIAN_POINT('',(-13.,-7.451149584899,16.014413158742));
#7016 = DIRECTION('',(-1.,1.163745495609E-15,0.));
#7017 = DIRECTION('',(-1.163745495609E-15,-1.,0.));
#7018 = ADVANCED_FACE('',(#7019),#7037,.T.);
#7019 = FACE_BOUND('',#7020,.T.);
#7020 = EDGE_LOOP('',(#7021,#7029,#7035,#7036));
#7021 = ORIENTED_EDGE('',*,*,#7022,.F.);
#7022 = EDGE_CURVE('',#7023,#6821,#7025,.T.);
#7023 = VERTEX_POINT('',#7024);
#7024 = CARTESIAN_POINT('',(-9.,-15.49999999999,18.4));
#7025 = LINE('',#7026,#7027);
#7026 = CARTESIAN_POINT('',(-9.,-15.49999999999,18.4));
#7027 = VECTOR('',#7028,1.);
#7028 = DIRECTION('',(2.22044604925E-16,-9.325873406851E-15,-1.));
#7029 = ORIENTED_EDGE('',*,*,#7030,.F.);
#7030 = EDGE_CURVE('',#6907,#7023,#7031,.T.);
#7031 = LINE('',#7032,#7033);
#7032 = CARTESIAN_POINT('',(-13.,-15.49999999999,18.4));
#7033 = VECTOR('',#7034,1.);
#7034 = DIRECTION('',(1.,-1.502044604925E-15,2.22044604925E-16));
#7035 = ORIENTED_EDGE('',*,*,#6906,.T.);
#7036 = ORIENTED_EDGE('',*,*,#6828,.F.);
#7037 = PLANE('',#7038);
#7038 = AXIS2_PLACEMENT_3D('',#7039,#7040,#7041);
#7039 = CARTESIAN_POINT('',(-14.,-15.5,16.4));
#7040 = DIRECTION('',(6.867550006933E-14,-1.,3.996802888652E-15));
#7041 = DIRECTION('',(-1.,-6.867550006933E-14,0.));
#7042 = ADVANCED_FACE('',(#7043,#7055),#7058,.T.);
#7043 = FACE_BOUND('',#7044,.T.);
#7044 = EDGE_LOOP('',(#7045,#7051,#7052,#7053,#7054));
#7045 = ORIENTED_EDGE('',*,*,#7046,.F.);
#7046 = EDGE_CURVE('',#5693,#7023,#7047,.T.);
#7047 = LINE('',#7048,#7049);
#7048 = CARTESIAN_POINT('',(-9.,-7.499999999999,18.4));
#7049 = VECTOR('',#7050,1.);
#7050 = DIRECTION('',(-1.502044604925E-15,-1.,9.325873406851E-15));
#7051 = ORIENTED_EDGE('',*,*,#5690,.F.);
#7052 = ORIENTED_EDGE('',*,*,#6886,.T.);
#7053 = ORIENTED_EDGE('',*,*,#6916,.T.);
#7054 = ORIENTED_EDGE('',*,*,#7030,.T.);
#7055 = FACE_BOUND('',#7056,.T.);
#7056 = EDGE_LOOP('',(#7057));
#7057 = ORIENTED_EDGE('',*,*,#6938,.T.);
#7058 = PLANE('',#7059);
#7059 = AXIS2_PLACEMENT_3D('',#7060,#7061,#7062);
#7060 = CARTESIAN_POINT('',(-14.,-11.5,18.4));
#7061 = DIRECTION('',(-2.583791766401E-15,4.144832625267E-15,1.));
#7062 = DIRECTION('',(0.,1.,-4.144832625267E-15));
#7063 = ADVANCED_FACE('',(#7064,#7076),#7079,.T.);
#7064 = FACE_BOUND('',#7065,.T.);
#7065 = EDGE_LOOP('',(#7066,#7067,#7068,#7069,#7070));
#7066 = ORIENTED_EDGE('',*,*,#6963,.F.);
#7067 = ORIENTED_EDGE('',*,*,#6351,.F.);
#7068 = ORIENTED_EDGE('',*,*,#6575,.T.);
#7069 = ORIENTED_EDGE('',*,*,#6607,.T.);
#7070 = ORIENTED_EDGE('',*,*,#7071,.F.);
#7071 = EDGE_CURVE('',#6964,#6591,#7072,.T.);
#7072 = LINE('',#7073,#7074);
#7073 = CARTESIAN_POINT('',(13.,15.5,18.4));
#7074 = VECTOR('',#7075,1.);
#7075 = DIRECTION('',(1.,0.,0.));
#7076 = FACE_BOUND('',#7077,.T.);
#7077 = EDGE_LOOP('',(#7078));
#7078 = ORIENTED_EDGE('',*,*,#6666,.T.);
#7079 = PLANE('',#7080);
#7080 = AXIS2_PLACEMENT_3D('',#7081,#7082,#7083);
#7081 = CARTESIAN_POINT('',(14.,11.5,18.4));
#7082 = DIRECTION('',(2.583791766401E-15,-4.588921835117E-15,1.));
#7083 = DIRECTION('',(0.,1.,4.588921835117E-15));
#7084 = ADVANCED_FACE('',(#7085,#7104),#7107,.T.);
#7085 = FACE_BOUND('',#7086,.T.);
#7086 = EDGE_LOOP('',(#7087,#7095,#7101,#7102,#7103));
#7087 = ORIENTED_EDGE('',*,*,#7088,.T.);
#7088 = EDGE_CURVE('',#6371,#7089,#7091,.T.);
#7089 = VERTEX_POINT('',#7090);
#7090 = CARTESIAN_POINT('',(-9.,15.499999999999,18.4));
#7091 = LINE('',#7092,#7093);
#7092 = CARTESIAN_POINT('',(-9.,7.499999999999,18.4));
#7093 = VECTOR('',#7094,1.);
#7094 = DIRECTION('',(-1.502044604925E-15,1.,9.769962616701E-15));
#7095 = ORIENTED_EDGE('',*,*,#7096,.F.);
#7096 = EDGE_CURVE('',#6771,#7089,#7097,.T.);
#7097 = LINE('',#7098,#7099);
#7098 = CARTESIAN_POINT('',(-13.,15.499999999999,18.4));
#7099 = VECTOR('',#7100,1.);
#7100 = DIRECTION('',(1.,1.502044604925E-15,2.22044604925E-16));
#7101 = ORIENTED_EDGE('',*,*,#6780,.F.);
#7102 = ORIENTED_EDGE('',*,*,#6750,.F.);
#7103 = ORIENTED_EDGE('',*,*,#6378,.T.);
#7104 = FACE_BOUND('',#7105,.T.);
#7105 = EDGE_LOOP('',(#7106));
#7106 = ORIENTED_EDGE('',*,*,#6802,.F.);
#7107 = PLANE('',#7108);
#7108 = AXIS2_PLACEMENT_3D('',#7109,#7110,#7111);
#7109 = CARTESIAN_POINT('',(-14.,11.5,18.4));
#7110 = DIRECTION('',(-2.583791766401E-15,-4.588921835117E-15,1.));
#7111 = DIRECTION('',(0.,1.,4.588921835117E-15));
#7112 = ADVANCED_FACE('',(#7113),#7135,.T.);
#7113 = FACE_BOUND('',#7114,.T.);
#7114 = EDGE_LOOP('',(#7115,#7116,#7117,#7118,#7124,#7125,#7126,#7127,
    #7128,#7129,#7130,#7131,#7132,#7133,#7134));
#7115 = ORIENTED_EDGE('',*,*,#5937,.T.);
#7116 = ORIENTED_EDGE('',*,*,#6438,.T.);
#7117 = ORIENTED_EDGE('',*,*,#6693,.T.);
#7118 = ORIENTED_EDGE('',*,*,#7119,.F.);
#7119 = EDGE_CURVE('',#7089,#6684,#7120,.T.);
#7120 = LINE('',#7121,#7122);
#7121 = CARTESIAN_POINT('',(-9.,15.499999999999,18.4));
#7122 = VECTOR('',#7123,1.);
#7123 = DIRECTION('',(2.22044604925E-16,9.769962616701E-15,-1.));
#7124 = ORIENTED_EDGE('',*,*,#7088,.F.);
#7125 = ORIENTED_EDGE('',*,*,#6370,.T.);
#7126 = ORIENTED_EDGE('',*,*,#6313,.F.);
#7127 = ORIENTED_EDGE('',*,*,#5700,.F.);
#7128 = ORIENTED_EDGE('',*,*,#7046,.T.);
#7129 = ORIENTED_EDGE('',*,*,#7022,.T.);
#7130 = ORIENTED_EDGE('',*,*,#6820,.F.);
#7131 = ORIENTED_EDGE('',*,*,#6500,.F.);
#7132 = ORIENTED_EDGE('',*,*,#6051,.F.);
#7133 = ORIENTED_EDGE('',*,*,#5816,.T.);
#7134 = ORIENTED_EDGE('',*,*,#6327,.T.);
#7135 = PLANE('',#7136);
#7136 = AXIS2_PLACEMENT_3D('',#7137,#7138,#7139);
#7137 = CARTESIAN_POINT('',(-9.,5.279732899102E-14,14.335464262176));
#7138 = DIRECTION('',(1.,0.,0.));
#7139 = DIRECTION('',(0.,0.,1.));
#7140 = ADVANCED_FACE('',(#7141),#7147,.T.);
#7141 = FACE_BOUND('',#7142,.T.);
#7142 = EDGE_LOOP('',(#7143,#7144,#7145,#7146));
#7143 = ORIENTED_EDGE('',*,*,#6971,.F.);
#7144 = ORIENTED_EDGE('',*,*,#7071,.T.);
#7145 = ORIENTED_EDGE('',*,*,#6590,.T.);
#7146 = ORIENTED_EDGE('',*,*,#6630,.F.);
#7147 = PLANE('',#7148);
#7148 = AXIS2_PLACEMENT_3D('',#7149,#7150,#7151);
#7149 = CARTESIAN_POINT('',(14.,15.5,16.4));
#7150 = DIRECTION('',(-6.879134942843E-14,1.,4.18712683573E-15));
#7151 = DIRECTION('',(1.,6.879134942843E-14,0.));
#7152 = ADVANCED_FACE('',(#7153),#7159,.T.);
#7153 = FACE_BOUND('',#7154,.T.);
#7154 = EDGE_LOOP('',(#7155,#7156,#7157,#7158));
#7155 = ORIENTED_EDGE('',*,*,#7119,.T.);
#7156 = ORIENTED_EDGE('',*,*,#6683,.T.);
#7157 = ORIENTED_EDGE('',*,*,#6770,.F.);
#7158 = ORIENTED_EDGE('',*,*,#7096,.T.);
#7159 = PLANE('',#7160);
#7160 = AXIS2_PLACEMENT_3D('',#7161,#7162,#7163);
#7161 = CARTESIAN_POINT('',(-14.,15.5,16.4));
#7162 = DIRECTION('',(6.877590284721E-14,1.,4.440892098502E-15));
#7163 = DIRECTION('',(1.,-6.877590284721E-14,0.));
#7164 = ( GEOMETRIC_REPRESENTATION_CONTEXT(3) 
GLOBAL_UNCERTAINTY_ASSIGNED_CONTEXT((#7168)) 
GLOBAL_UNIT_ASSIGNED_CONTEXT((#7165,#7166,#7167)) REPRESENTATION_CONTEXT
('Context #1','3D Context with UNIT and UNCERTAINTY') );
#7165 = ( LENGTH_UNIT() NAMED_UNIT(*) SI_UNIT(.MILLI.,.METRE.) );
#7166 = ( NAMED_UNIT(*) PLANE_ANGLE_UNIT() SI_UNIT($,.RADIAN.) );
#7167 = ( NAMED_UNIT(*) SI_UNIT($,.STERADIAN.) SOLID_ANGLE_UNIT() );
#7168 = UNCERTAINTY_MEASURE_WITH_UNIT(LENGTH_MEASURE(1.E-07),#7165,
  'distance_accuracy_value','confusion accuracy');
#7169 = CONTEXT_DEPENDENT_SHAPE_REPRESENTATION(#7170,#7172);
#7170 = ( REPRESENTATION_RELATIONSHIP('','',#5226,#10) 
REPRESENTATION_RELATIONSHIP_WITH_TRANSFORMATION(#7171) 
SHAPE_REPRESENTATION_RELATIONSHIP() );
#7171 = ITEM_DEFINED_TRANSFORMATION('','',#11,#19);
#7172 = PRODUCT_DEFINITION_SHAPE('Placement','Placement of an item',
  #7173);
#7173 = NEXT_ASSEMBLY_USAGE_OCCURRENCE('2','design6-casing001','',#5,
  #5221,$);
#7174 = PRODUCT_RELATED_PRODUCT_CATEGORY('part',$,(#5223));
#7175 = SHAPE_DEFINITION_REPRESENTATION(#7176,#7182);
#7176 = PRODUCT_DEFINITION_SHAPE('','',#7177);
#7177 = PRODUCT_DEFINITION('design','',#7178,#7181);
#7178 = PRODUCT_DEFINITION_FORMATION('','',#7179);
#7179 = PRODUCT('design6-attachment','design6-attachment','',(#7180));
#7180 = PRODUCT_CONTEXT('',#2,'mechanical');
#7181 = PRODUCT_DEFINITION_CONTEXT('part definition',#2,'design');
#7182 = ADVANCED_BREP_SHAPE_REPRESENTATION('',(#11,#7183),#8162);
#7183 = MANIFOLD_SOLID_BREP('',#7184);
#7184 = CLOSED_SHELL('',(#7185,#7345,#7376,#7400,#7424,#7489,#7513,#7537
    ,#7561,#7626,#7650,#7674,#7739,#7763,#7787,#7811,#7876,#7900,#7924,
    #7948,#7965,#8002,#8019,#8036,#8053,#8070,#8082,#8104,#8121,#8133,
    #8150));
#7185 = ADVANCED_FACE('',(#7186),#7340,.T.);
#7186 = FACE_BOUND('',#7187,.T.);
#7187 = EDGE_LOOP('',(#7188,#7198,#7206,#7214,#7222,#7230,#7238,#7246,
    #7254,#7262,#7270,#7278,#7286,#7294,#7302,#7310,#7318,#7326,#7334));
#7188 = ORIENTED_EDGE('',*,*,#7189,.F.);
#7189 = EDGE_CURVE('',#7190,#7192,#7194,.T.);
#7190 = VERTEX_POINT('',#7191);
#7191 = CARTESIAN_POINT('',(1.9,-17.49999999999,-7.999999999999));
#7192 = VERTEX_POINT('',#7193);
#7193 = CARTESIAN_POINT('',(1.9,-17.49999999999,9.468787165188));
#7194 = LINE('',#7195,#7196);
#7195 = CARTESIAN_POINT('',(1.9,-17.49999999999,8.668787165189));
#7196 = VECTOR('',#7197,1.);
#7197 = DIRECTION('',(0.,2.22044604925E-16,1.));
#7198 = ORIENTED_EDGE('',*,*,#7199,.T.);
#7199 = EDGE_CURVE('',#7190,#7200,#7202,.T.);
#7200 = VERTEX_POINT('',#7201);
#7201 = CARTESIAN_POINT('',(1.9,-14.49999999999,-10.99999999999));
#7202 = LINE('',#7203,#7204);
#7203 = CARTESIAN_POINT('',(1.900000000009,-20.12331946352,
    -5.376680536473));
#7204 = VECTOR('',#7205,1.);
#7205 = DIRECTION('',(-2.73796045672E-14,0.707106781187,-0.707106781187)
  );
#7206 = ORIENTED_EDGE('',*,*,#7207,.F.);
#7207 = EDGE_CURVE('',#7208,#7200,#7210,.T.);
#7208 = VERTEX_POINT('',#7209);
#7209 = CARTESIAN_POINT('',(1.900000000002,-3.999999999994,
    -10.99999999999));
#7210 = LINE('',#7211,#7212);
#7211 = CARTESIAN_POINT('',(1.9,-6.849999999999,-11.));
#7212 = VECTOR('',#7213,1.);
#7213 = DIRECTION('',(0.,-1.,0.));
#7214 = ORIENTED_EDGE('',*,*,#7215,.F.);
#7215 = EDGE_CURVE('',#7216,#7208,#7218,.T.);
#7216 = VERTEX_POINT('',#7217);
#7217 = CARTESIAN_POINT('',(1.9,-3.999999999994,-7.199999999997));
#7218 = LINE('',#7219,#7220);
#7219 = CARTESIAN_POINT('',(1.9,-3.999999999994,-7.199999999997));
#7220 = VECTOR('',#7221,1.);
#7221 = DIRECTION('',(5.762057497805E-13,-2.220446045706E-16,-1.));
#7222 = ORIENTED_EDGE('',*,*,#7223,.F.);
#7223 = EDGE_CURVE('',#7224,#7216,#7226,.T.);
#7224 = VERTEX_POINT('',#7225);
#7225 = CARTESIAN_POINT('',(1.9,-10.69999999999,-7.2));
#7226 = LINE('',#7227,#7228);
#7227 = CARTESIAN_POINT('',(1.9,-13.69999999999,-7.2));
#7228 = VECTOR('',#7229,1.);
#7229 = DIRECTION('',(0.,1.,-2.22044604925E-16));
#7230 = ORIENTED_EDGE('',*,*,#7231,.T.);
#7231 = EDGE_CURVE('',#7224,#7232,#7234,.T.);
#7232 = VERTEX_POINT('',#7233);
#7233 = CARTESIAN_POINT('',(1.9,-13.69999999999,-4.2));
#7234 = LINE('',#7235,#7236);
#7235 = CARTESIAN_POINT('',(1.900000000004,-16.32331946352,
    -1.576680536473));
#7236 = VECTOR('',#7237,1.);
#7237 = DIRECTION('',(2.73796045672E-14,-0.707106781187,0.707106781187)
  );
#7238 = ORIENTED_EDGE('',*,*,#7239,.F.);
#7239 = EDGE_CURVE('',#7240,#7232,#7242,.T.);
#7240 = VERTEX_POINT('',#7241);
#7241 = CARTESIAN_POINT('',(1.9,-13.69999999999,5.668787165189));
#7242 = LINE('',#7243,#7244);
#7243 = CARTESIAN_POINT('',(1.9,-13.69999999999,8.668787165189));
#7244 = VECTOR('',#7245,1.);
#7245 = DIRECTION('',(0.,0.,-1.));
#7246 = ORIENTED_EDGE('',*,*,#7247,.T.);
#7247 = EDGE_CURVE('',#7240,#7248,#7250,.T.);
#7248 = VERTEX_POINT('',#7249);
#7249 = CARTESIAN_POINT('',(1.9,-10.69999999999,8.668787165189));
#7250 = LINE('',#7251,#7252);
#7251 = CARTESIAN_POINT('',(1.899999999994,-10.44122878583,
    8.927558379353));
#7252 = VECTOR('',#7253,1.);
#7253 = DIRECTION('',(-8.42432564768E-13,0.707106781187,0.707106781187)
  );
#7254 = ORIENTED_EDGE('',*,*,#7255,.F.);
#7255 = EDGE_CURVE('',#7256,#7248,#7258,.T.);
#7256 = VERTEX_POINT('',#7257);
#7257 = CARTESIAN_POINT('',(1.899999999999,-1.,8.668787165189));
#7258 = LINE('',#7259,#7260);
#7259 = CARTESIAN_POINT('',(1.9,-13.49999999999,8.668787165189));
#7260 = VECTOR('',#7261,1.);
#7261 = DIRECTION('',(0.,-1.,2.22044604925E-16));
#7262 = ORIENTED_EDGE('',*,*,#7263,.F.);
#7263 = EDGE_CURVE('',#7264,#7256,#7266,.T.);
#7264 = VERTEX_POINT('',#7265);
#7265 = CARTESIAN_POINT('',(1.899999999999,-1.,12.468787165188));
#7266 = LINE('',#7267,#7268);
#7267 = CARTESIAN_POINT('',(1.899999999999,-1.,12.468787165188));
#7268 = VECTOR('',#7269,1.);
#7269 = DIRECTION('',(0.,-2.22044604925E-16,-1.));
#7270 = ORIENTED_EDGE('',*,*,#7271,.T.);
#7271 = EDGE_CURVE('',#7264,#7272,#7274,.T.);
#7272 = VERTEX_POINT('',#7273);
#7273 = CARTESIAN_POINT('',(1.899999999999,-9.7,12.468787165188));
#7274 = LINE('',#7275,#7276);
#7275 = CARTESIAN_POINT('',(1.899999999999,-1.,12.468787165188));
#7276 = VECTOR('',#7277,1.);
#7277 = DIRECTION('',(0.,-1.,2.22044604925E-16));
#7278 = ORIENTED_EDGE('',*,*,#7279,.T.);
#7279 = EDGE_CURVE('',#7272,#7280,#7282,.T.);
#7280 = VERTEX_POINT('',#7281);
#7281 = CARTESIAN_POINT('',(1.899999999927,-9.7,38.000000000073));
#7282 = LINE('',#7283,#7284);
#7283 = CARTESIAN_POINT('',(1.899999999999,-9.7,12.468787165188));
#7284 = VECTOR('',#7285,1.);
#7285 = DIRECTION('',(0.,0.,1.));
#7286 = ORIENTED_EDGE('',*,*,#7287,.T.);
#7287 = EDGE_CURVE('',#7280,#7288,#7290,.T.);
#7288 = VERTEX_POINT('',#7289);
#7289 = CARTESIAN_POINT('',(1.899999999959,-3.999999999995,
    38.000000000075));
#7290 = LINE('',#7291,#7292);
#7291 = CARTESIAN_POINT('',(1.899999999927,-9.7,38.000000000073));
#7292 = VECTOR('',#7293,1.);
#7293 = DIRECTION('',(0.,1.,-2.22044604925E-16));
#7294 = ORIENTED_EDGE('',*,*,#7295,.F.);
#7295 = EDGE_CURVE('',#7296,#7288,#7298,.T.);
#7296 = VERTEX_POINT('',#7297);
#7297 = CARTESIAN_POINT('',(1.899999999956,-3.999999999995,
    41.800000000002));
#7298 = LINE('',#7299,#7300);
#7299 = CARTESIAN_POINT('',(1.899999999956,-3.999999999995,
    41.800000000002));
#7300 = VECTOR('',#7301,1.);
#7301 = DIRECTION('',(9.352518759442E-13,2.51319369819E-24,-1.));
#7302 = ORIENTED_EDGE('',*,*,#7303,.F.);
#7303 = EDGE_CURVE('',#7304,#7296,#7306,.T.);
#7304 = VERTEX_POINT('',#7305);
#7305 = CARTESIAN_POINT('',(1.899999999999,-13.49999999999,41.8));
#7306 = LINE('',#7307,#7308);
#7307 = CARTESIAN_POINT('',(1.899999999927,-9.7,41.8));
#7308 = VECTOR('',#7309,1.);
#7309 = DIRECTION('',(0.,1.,-2.22044604925E-16));
#7310 = ORIENTED_EDGE('',*,*,#7311,.F.);
#7311 = EDGE_CURVE('',#7312,#7304,#7314,.T.);
#7312 = VERTEX_POINT('',#7313);
#7313 = CARTESIAN_POINT('',(1.899999999999,-13.49999999999,
    13.458787165188));
#7314 = LINE('',#7315,#7316);
#7315 = CARTESIAN_POINT('',(1.899999999999,-13.49999999999,
    12.468787165188));
#7316 = VECTOR('',#7317,1.);
#7317 = DIRECTION('',(0.,0.,1.));
#7318 = ORIENTED_EDGE('',*,*,#7319,.T.);
#7319 = EDGE_CURVE('',#7312,#7320,#7322,.T.);
#7320 = VERTEX_POINT('',#7321);
#7321 = CARTESIAN_POINT('',(1.9,-14.48999999999,12.468787165188));
#7322 = LINE('',#7323,#7324);
#7323 = CARTESIAN_POINT('',(1.899999999993,-13.23622878583,
    13.722558379351));
#7324 = VECTOR('',#7325,1.);
#7325 = DIRECTION('',(8.42432564768E-13,-0.707106781187,-0.707106781187)
  );
#7326 = ORIENTED_EDGE('',*,*,#7327,.T.);
#7327 = EDGE_CURVE('',#7320,#7328,#7330,.T.);
#7328 = VERTEX_POINT('',#7329);
#7329 = CARTESIAN_POINT('',(1.9,-14.49999999999,12.468787165188));
#7330 = LINE('',#7331,#7332);
#7331 = CARTESIAN_POINT('',(1.9,-13.49999999999,12.468787165188));
#7332 = VECTOR('',#7333,1.);
#7333 = DIRECTION('',(0.,-1.,2.22044604925E-16));
#7334 = ORIENTED_EDGE('',*,*,#7335,.F.);
#7335 = EDGE_CURVE('',#7192,#7328,#7336,.T.);
#7336 = LINE('',#7337,#7338);
#7337 = CARTESIAN_POINT('',(1.899999999995,-14.24122878583,
    12.727558379351));
#7338 = VECTOR('',#7339,1.);
#7339 = DIRECTION('',(-8.42432564768E-13,0.707106781187,0.707106781187)
  );
#7340 = PLANE('',#7341);
#7341 = AXIS2_PLACEMENT_3D('',#7342,#7343,#7344);
#7342 = CARTESIAN_POINT('',(1.899999999992,-10.49470291613,
    12.498574937974));
#7343 = DIRECTION('',(1.,6.150500832955E-13,5.763294751842E-13));
#7344 = DIRECTION('',(-6.150500832955E-13,1.,0.));
#7345 = ADVANCED_FACE('',(#7346),#7371,.T.);
#7346 = FACE_BOUND('',#7347,.T.);
#7347 = EDGE_LOOP('',(#7348,#7358,#7364,#7365));
#7348 = ORIENTED_EDGE('',*,*,#7349,.T.);
#7349 = EDGE_CURVE('',#7350,#7352,#7354,.T.);
#7350 = VERTEX_POINT('',#7351);
#7351 = CARTESIAN_POINT('',(-1.9,-17.49999999999,9.468787165188));
#7352 = VERTEX_POINT('',#7353);
#7353 = CARTESIAN_POINT('',(-1.9,-17.5,-8.));
#7354 = LINE('',#7355,#7356);
#7355 = CARTESIAN_POINT('',(-1.9,-17.49999999999,8.668787165189));
#7356 = VECTOR('',#7357,1.);
#7357 = DIRECTION('',(0.,0.,-1.));
#7358 = ORIENTED_EDGE('',*,*,#7359,.F.);
#7359 = EDGE_CURVE('',#7190,#7352,#7360,.T.);
#7360 = LINE('',#7361,#7362);
#7361 = CARTESIAN_POINT('',(1.9,-17.49999999999,-7.999999999999));
#7362 = VECTOR('',#7363,1.);
#7363 = DIRECTION('',(-1.,0.,0.));
#7364 = ORIENTED_EDGE('',*,*,#7189,.T.);
#7365 = ORIENTED_EDGE('',*,*,#7366,.T.);
#7366 = EDGE_CURVE('',#7192,#7350,#7367,.T.);
#7367 = LINE('',#7368,#7369);
#7368 = CARTESIAN_POINT('',(1.9,-17.49999999999,9.468787165188));
#7369 = VECTOR('',#7370,1.);
#7370 = DIRECTION('',(-1.,0.,0.));
#7371 = PLANE('',#7372);
#7372 = AXIS2_PLACEMENT_3D('',#7373,#7374,#7375);
#7373 = CARTESIAN_POINT('',(-1.36473527627E-14,-17.49999999999,
    0.734393582594));
#7374 = DIRECTION('',(-0.,-1.,-0.));
#7375 = DIRECTION('',(0.,0.,-1.));
#7376 = ADVANCED_FACE('',(#7377),#7395,.T.);
#7377 = FACE_BOUND('',#7378,.T.);
#7378 = EDGE_LOOP('',(#7379,#7380,#7381,#7389));
#7379 = ORIENTED_EDGE('',*,*,#7199,.F.);
#7380 = ORIENTED_EDGE('',*,*,#7359,.T.);
#7381 = ORIENTED_EDGE('',*,*,#7382,.T.);
#7382 = EDGE_CURVE('',#7352,#7383,#7385,.T.);
#7383 = VERTEX_POINT('',#7384);
#7384 = CARTESIAN_POINT('',(-1.9,-14.5,-11.));
#7385 = LINE('',#7386,#7387);
#7386 = CARTESIAN_POINT('',(-1.9,-20.30677924935,-5.193220750649));
#7387 = VECTOR('',#7388,1.);
#7388 = DIRECTION('',(1.973859909136E-16,0.707106781187,-0.707106781187)
  );
#7389 = ORIENTED_EDGE('',*,*,#7390,.F.);
#7390 = EDGE_CURVE('',#7200,#7383,#7391,.T.);
#7391 = LINE('',#7392,#7393);
#7392 = CARTESIAN_POINT('',(1.9,-14.49999999999,-10.99999999999));
#7393 = VECTOR('',#7394,1.);
#7394 = DIRECTION('',(-1.,0.,0.));
#7395 = PLANE('',#7396);
#7396 = AXIS2_PLACEMENT_3D('',#7397,#7398,#7399);
#7397 = CARTESIAN_POINT('',(1.9,-15.99999999999,-9.499999999999));
#7398 = DIRECTION('',(2.268205002578E-13,-0.707106781187,-0.707106781187
    ));
#7399 = DIRECTION('',(-1.,-1.603863138444E-13,-1.603863138444E-13));
#7400 = ADVANCED_FACE('',(#7401),#7419,.F.);
#7401 = FACE_BOUND('',#7402,.F.);
#7402 = EDGE_LOOP('',(#7403,#7404,#7405,#7413));
#7403 = ORIENTED_EDGE('',*,*,#7335,.F.);
#7404 = ORIENTED_EDGE('',*,*,#7366,.T.);
#7405 = ORIENTED_EDGE('',*,*,#7406,.T.);
#7406 = EDGE_CURVE('',#7350,#7407,#7409,.T.);
#7407 = VERTEX_POINT('',#7408);
#7408 = CARTESIAN_POINT('',(-1.9,-14.49999999999,12.468787165188));
#7409 = LINE('',#7410,#7411);
#7410 = CARTESIAN_POINT('',(-1.9,-13.83350356492,13.135283600259));
#7411 = VECTOR('',#7412,1.);
#7412 = DIRECTION('',(1.973859909136E-16,0.707106781187,0.707106781187)
  );
#7413 = ORIENTED_EDGE('',*,*,#7414,.F.);
#7414 = EDGE_CURVE('',#7328,#7407,#7415,.T.);
#7415 = LINE('',#7416,#7417);
#7416 = CARTESIAN_POINT('',(1.9,-14.49999999999,12.468787165188));
#7417 = VECTOR('',#7418,1.);
#7418 = DIRECTION('',(-1.,0.,0.));
#7419 = PLANE('',#7420);
#7420 = AXIS2_PLACEMENT_3D('',#7421,#7422,#7423);
#7421 = CARTESIAN_POINT('',(1.9,-15.99999999999,10.968787165188));
#7422 = DIRECTION('',(0.,0.707106781187,-0.707106781187));
#7423 = DIRECTION('',(-1.,0.,0.));
#7424 = ADVANCED_FACE('',(#7425),#7484,.T.);
#7425 = FACE_BOUND('',#7426,.T.);
#7426 = EDGE_LOOP('',(#7427,#7435,#7443,#7451,#7460,#7468,#7476,#7482,
    #7483));
#7427 = ORIENTED_EDGE('',*,*,#7428,.T.);
#7428 = EDGE_CURVE('',#7383,#7429,#7431,.T.);
#7429 = VERTEX_POINT('',#7430);
#7430 = CARTESIAN_POINT('',(-1.9,1.7763568394E-15,-11.));
#7431 = LINE('',#7432,#7433);
#7432 = CARTESIAN_POINT('',(-1.9,-13.69999999999,-11.));
#7433 = VECTOR('',#7434,1.);
#7434 = DIRECTION('',(0.,1.,-2.22044604925E-16));
#7435 = ORIENTED_EDGE('',*,*,#7436,.T.);
#7436 = EDGE_CURVE('',#7429,#7437,#7439,.T.);
#7437 = VERTEX_POINT('',#7438);
#7438 = CARTESIAN_POINT('',(1.9,1.7763568394E-15,-11.));
#7439 = LINE('',#7440,#7441);
#7440 = CARTESIAN_POINT('',(0.95,2.109423746788E-15,-11.));
#7441 = VECTOR('',#7442,1.);
#7442 = DIRECTION('',(1.,0.,0.));
#7443 = ORIENTED_EDGE('',*,*,#7444,.T.);
#7444 = EDGE_CURVE('',#7437,#7445,#7447,.T.);
#7445 = VERTEX_POINT('',#7446);
#7446 = CARTESIAN_POINT('',(1.9,-0.499999999994,-11.));
#7447 = LINE('',#7448,#7449);
#7448 = CARTESIAN_POINT('',(1.9,-6.849999999999,-11.));
#7449 = VECTOR('',#7450,1.);
#7450 = DIRECTION('',(0.,-1.,0.));
#7451 = ORIENTED_EDGE('',*,*,#7452,.T.);
#7452 = EDGE_CURVE('',#7445,#7453,#7455,.T.);
#7453 = VERTEX_POINT('',#7454);
#7454 = CARTESIAN_POINT('',(3.400000000001,-1.999999999993,
    -10.99999999999));
#7455 = CIRCLE('',#7456,1.5);
#7456 = AXIS2_PLACEMENT_3D('',#7457,#7458,#7459);
#7457 = CARTESIAN_POINT('',(3.4,-0.499999999993,-10.99999999999));
#7458 = DIRECTION('',(-5.762057497805E-13,2.220446045706E-16,1.));
#7459 = DIRECTION('',(-1.,0.,-5.762057497805E-13));
#7460 = ORIENTED_EDGE('',*,*,#7461,.T.);
#7461 = EDGE_CURVE('',#7453,#7462,#7464,.T.);
#7462 = VERTEX_POINT('',#7463);
#7463 = CARTESIAN_POINT('',(5.9,-1.999999999992,-10.99999999999));
#7464 = LINE('',#7465,#7466);
#7465 = CARTESIAN_POINT('',(1.900000000001,-1.999999999994,
    -10.99999999999));
#7466 = VECTOR('',#7467,1.);
#7467 = DIRECTION('',(1.,6.148415110374E-13,5.762057497805E-13));
#7468 = ORIENTED_EDGE('',*,*,#7469,.F.);
#7469 = EDGE_CURVE('',#7470,#7462,#7472,.T.);
#7470 = VERTEX_POINT('',#7471);
#7471 = CARTESIAN_POINT('',(5.900000000005,-3.999999999992,
    -10.99999999999));
#7472 = LINE('',#7473,#7474);
#7473 = CARTESIAN_POINT('',(5.900000000004,-3.499999999984,
    -10.99999999999));
#7474 = VECTOR('',#7475,1.);
#7475 = DIRECTION('',(-2.687183808803E-12,1.,-2.22044606119E-16));
#7476 = ORIENTED_EDGE('',*,*,#7477,.F.);
#7477 = EDGE_CURVE('',#7208,#7470,#7478,.T.);
#7478 = LINE('',#7479,#7480);
#7479 = CARTESIAN_POINT('',(1.900000000002,-3.999999999994,
    -10.99999999999));
#7480 = VECTOR('',#7481,1.);
#7481 = DIRECTION('',(1.,6.148415110374E-13,5.762057497805E-13));
#7482 = ORIENTED_EDGE('',*,*,#7207,.T.);
#7483 = ORIENTED_EDGE('',*,*,#7390,.T.);
#7484 = PLANE('',#7485);
#7485 = AXIS2_PLACEMENT_3D('',#7486,#7487,#7488);
#7486 = CARTESIAN_POINT('',(0.774703557313,-7.840909090907,
    -10.99999999999));
#7487 = DIRECTION('',(3.207100554982E-13,2.094800917873E-14,-1.));
#7488 = DIRECTION('',(-1.,0.,-3.207100554982E-13));
#7489 = ADVANCED_FACE('',(#7490),#7508,.F.);
#7490 = FACE_BOUND('',#7491,.F.);
#7491 = EDGE_LOOP('',(#7492,#7493,#7494,#7502));
#7492 = ORIENTED_EDGE('',*,*,#7327,.T.);
#7493 = ORIENTED_EDGE('',*,*,#7414,.T.);
#7494 = ORIENTED_EDGE('',*,*,#7495,.F.);
#7495 = EDGE_CURVE('',#7496,#7407,#7498,.T.);
#7496 = VERTEX_POINT('',#7497);
#7497 = CARTESIAN_POINT('',(-1.9,-14.48999999999,12.468787165188));
#7498 = LINE('',#7499,#7500);
#7499 = CARTESIAN_POINT('',(-1.9,-13.49999999999,12.468787165188));
#7500 = VECTOR('',#7501,1.);
#7501 = DIRECTION('',(0.,-1.,2.22044604925E-16));
#7502 = ORIENTED_EDGE('',*,*,#7503,.F.);
#7503 = EDGE_CURVE('',#7320,#7496,#7504,.T.);
#7504 = LINE('',#7505,#7506);
#7505 = CARTESIAN_POINT('',(1.9,-14.48999999999,12.468787165188));
#7506 = VECTOR('',#7507,1.);
#7507 = DIRECTION('',(-1.,0.,0.));
#7508 = PLANE('',#7509);
#7509 = AXIS2_PLACEMENT_3D('',#7510,#7511,#7512);
#7510 = CARTESIAN_POINT('',(1.9,-13.49999999999,12.468787165188));
#7511 = DIRECTION('',(-0.,-2.22044604925E-16,-1.));
#7512 = DIRECTION('',(-1.,0.,0.));
#7513 = ADVANCED_FACE('',(#7514),#7532,.F.);
#7514 = FACE_BOUND('',#7515,.F.);
#7515 = EDGE_LOOP('',(#7516,#7517,#7525,#7531));
#7516 = ORIENTED_EDGE('',*,*,#7215,.F.);
#7517 = ORIENTED_EDGE('',*,*,#7518,.T.);
#7518 = EDGE_CURVE('',#7216,#7519,#7521,.T.);
#7519 = VERTEX_POINT('',#7520);
#7520 = CARTESIAN_POINT('',(5.900000000002,-3.999999999992,
    -7.199999999995));
#7521 = LINE('',#7522,#7523);
#7522 = CARTESIAN_POINT('',(1.9,-3.999999999994,-7.199999999997));
#7523 = VECTOR('',#7524,1.);
#7524 = DIRECTION('',(1.,6.148415110374E-13,5.762057497805E-13));
#7525 = ORIENTED_EDGE('',*,*,#7526,.T.);
#7526 = EDGE_CURVE('',#7519,#7470,#7527,.T.);
#7527 = LINE('',#7528,#7529);
#7528 = CARTESIAN_POINT('',(5.89999999998,-3.999999999992,
    16.350000000024));
#7529 = VECTOR('',#7530,1.);
#7530 = DIRECTION('',(9.352752490786E-13,-2.220446043499E-16,-1.));
#7531 = ORIENTED_EDGE('',*,*,#7477,.F.);
#7532 = PLANE('',#7533);
#7533 = AXIS2_PLACEMENT_3D('',#7534,#7535,#7536);
#7534 = CARTESIAN_POINT('',(1.9,-3.999999999994,-7.199999999997));
#7535 = DIRECTION('',(-6.148415110374E-13,1.,-2.220446049249E-16));
#7536 = DIRECTION('',(5.762057497805E-13,-2.220446045706E-16,-1.));
#7537 = ADVANCED_FACE('',(#7538),#7556,.T.);
#7538 = FACE_BOUND('',#7539,.T.);
#7539 = EDGE_LOOP('',(#7540,#7541,#7549,#7555));
#7540 = ORIENTED_EDGE('',*,*,#7319,.F.);
#7541 = ORIENTED_EDGE('',*,*,#7542,.T.);
#7542 = EDGE_CURVE('',#7312,#7543,#7545,.T.);
#7543 = VERTEX_POINT('',#7544);
#7544 = CARTESIAN_POINT('',(-1.9,-13.49999999999,13.458787165188));
#7545 = LINE('',#7546,#7547);
#7546 = CARTESIAN_POINT('',(1.9,-13.49999999999,13.458787165188));
#7547 = VECTOR('',#7548,1.);
#7548 = DIRECTION('',(-1.,0.,0.));
#7549 = ORIENTED_EDGE('',*,*,#7550,.T.);
#7550 = EDGE_CURVE('',#7543,#7496,#7551,.T.);
#7551 = LINE('',#7552,#7553);
#7552 = CARTESIAN_POINT('',(-1.9,-12.82850356492,14.130283600259));
#7553 = VECTOR('',#7554,1.);
#7554 = DIRECTION('',(-1.973859909136E-16,-0.707106781187,
    -0.707106781187));
#7555 = ORIENTED_EDGE('',*,*,#7503,.F.);
#7556 = PLANE('',#7557);
#7557 = AXIS2_PLACEMENT_3D('',#7558,#7559,#7560);
#7558 = CARTESIAN_POINT('',(1.9,-13.99499999999,12.963787165188));
#7559 = DIRECTION('',(0.,-0.707106781187,0.707106781187));
#7560 = DIRECTION('',(-1.,0.,0.));
#7561 = ADVANCED_FACE('',(#7562),#7621,.T.);
#7562 = FACE_BOUND('',#7563,.T.);
#7563 = EDGE_LOOP('',(#7564,#7565,#7566,#7574,#7582,#7591,#7599,#7607,
    #7615));
#7564 = ORIENTED_EDGE('',*,*,#7223,.T.);
#7565 = ORIENTED_EDGE('',*,*,#7518,.T.);
#7566 = ORIENTED_EDGE('',*,*,#7567,.F.);
#7567 = EDGE_CURVE('',#7568,#7519,#7570,.T.);
#7568 = VERTEX_POINT('',#7569);
#7569 = CARTESIAN_POINT('',(5.899999999996,-1.999999999992,
    -7.199999999997));
#7570 = LINE('',#7571,#7572);
#7571 = CARTESIAN_POINT('',(5.899999999998,-2.500000000005,
    -7.199999999996));
#7572 = VECTOR('',#7573,1.);
#7573 = DIRECTION('',(2.687183808802E-12,-1.,9.168221737366E-13));
#7574 = ORIENTED_EDGE('',*,*,#7575,.F.);
#7575 = EDGE_CURVE('',#7576,#7568,#7578,.T.);
#7576 = VERTEX_POINT('',#7577);
#7577 = CARTESIAN_POINT('',(3.399999999999,-1.999999999993,
    -7.199999999998));
#7578 = LINE('',#7579,#7580);
#7579 = CARTESIAN_POINT('',(1.899999999999,-1.999999999994,
    -7.199999999999));
#7580 = VECTOR('',#7581,1.);
#7581 = DIRECTION('',(1.,6.148415110374E-13,5.762057497805E-13));
#7582 = ORIENTED_EDGE('',*,*,#7583,.F.);
#7583 = EDGE_CURVE('',#7584,#7576,#7586,.T.);
#7584 = VERTEX_POINT('',#7585);
#7585 = CARTESIAN_POINT('',(1.899999999998,-0.499999999994,-7.2));
#7586 = CIRCLE('',#7587,1.5);
#7587 = AXIS2_PLACEMENT_3D('',#7588,#7589,#7590);
#7588 = CARTESIAN_POINT('',(3.399999999998,-0.499999999993,
    -7.199999999998));
#7589 = DIRECTION('',(-5.762057497805E-13,2.220446045706E-16,1.));
#7590 = DIRECTION('',(-1.,0.,-5.762057497805E-13));
#7591 = ORIENTED_EDGE('',*,*,#7592,.T.);
#7592 = EDGE_CURVE('',#7584,#7593,#7595,.T.);
#7593 = VERTEX_POINT('',#7594);
#7594 = CARTESIAN_POINT('',(1.9,1.7763568394E-15,-7.2));
#7595 = LINE('',#7596,#7597);
#7596 = CARTESIAN_POINT('',(1.9,-13.69999999999,-7.2));
#7597 = VECTOR('',#7598,1.);
#7598 = DIRECTION('',(0.,1.,-2.22044604925E-16));
#7599 = ORIENTED_EDGE('',*,*,#7600,.T.);
#7600 = EDGE_CURVE('',#7593,#7601,#7603,.T.);
#7601 = VERTEX_POINT('',#7602);
#7602 = CARTESIAN_POINT('',(-1.9,1.7763568394E-15,-7.2));
#7603 = LINE('',#7604,#7605);
#7604 = CARTESIAN_POINT('',(-0.95,1.68753899743E-15,-7.2));
#7605 = VECTOR('',#7606,1.);
#7606 = DIRECTION('',(-1.,0.,0.));
#7607 = ORIENTED_EDGE('',*,*,#7608,.F.);
#7608 = EDGE_CURVE('',#7609,#7601,#7611,.T.);
#7609 = VERTEX_POINT('',#7610);
#7610 = CARTESIAN_POINT('',(-1.9,-10.69999999999,-7.200000000001));
#7611 = LINE('',#7612,#7613);
#7612 = CARTESIAN_POINT('',(-1.9,-13.69999999999,-7.2));
#7613 = VECTOR('',#7614,1.);
#7614 = DIRECTION('',(0.,1.,-2.22044604925E-16));
#7615 = ORIENTED_EDGE('',*,*,#7616,.T.);
#7616 = EDGE_CURVE('',#7609,#7224,#7617,.T.);
#7617 = LINE('',#7618,#7619);
#7618 = CARTESIAN_POINT('',(-1.9,-10.69999999999,-7.200000000001));
#7619 = VECTOR('',#7620,1.);
#7620 = DIRECTION('',(1.,0.,0.));
#7621 = PLANE('',#7622);
#7622 = AXIS2_PLACEMENT_3D('',#7623,#7624,#7625);
#7623 = CARTESIAN_POINT('',(0.911627906977,-6.133720930231,
    -7.199999999999));
#7624 = DIRECTION('',(-4.447159721182E-13,-3.06080108464E-14,1.));
#7625 = DIRECTION('',(1.,0.,4.447159721182E-13));
#7626 = ADVANCED_FACE('',(#7627),#7645,.T.);
#7627 = FACE_BOUND('',#7628,.T.);
#7628 = EDGE_LOOP('',(#7629,#7637,#7638,#7639));
#7629 = ORIENTED_EDGE('',*,*,#7630,.F.);
#7630 = EDGE_CURVE('',#7543,#7631,#7633,.T.);
#7631 = VERTEX_POINT('',#7632);
#7632 = CARTESIAN_POINT('',(-1.9,-13.49999999999,41.8));
#7633 = LINE('',#7634,#7635);
#7634 = CARTESIAN_POINT('',(-1.9,-13.49999999999,12.468787165188));
#7635 = VECTOR('',#7636,1.);
#7636 = DIRECTION('',(0.,0.,1.));
#7637 = ORIENTED_EDGE('',*,*,#7542,.F.);
#7638 = ORIENTED_EDGE('',*,*,#7311,.T.);
#7639 = ORIENTED_EDGE('',*,*,#7640,.F.);
#7640 = EDGE_CURVE('',#7631,#7304,#7641,.T.);
#7641 = LINE('',#7642,#7643);
#7642 = CARTESIAN_POINT('',(-0.95,-13.49999999999,41.8));
#7643 = VECTOR('',#7644,1.);
#7644 = DIRECTION('',(1.,0.,0.));
#7645 = PLANE('',#7646);
#7646 = AXIS2_PLACEMENT_3D('',#7647,#7648,#7649);
#7647 = CARTESIAN_POINT('',(-4.324647137664E-13,-13.49999999999,
    25.234393582594));
#7648 = DIRECTION('',(0.,-1.,2.350482028644E-16));
#7649 = DIRECTION('',(0.,-2.350482028644E-16,-1.));
#7650 = ADVANCED_FACE('',(#7651),#7669,.T.);
#7651 = FACE_BOUND('',#7652,.F.);
#7652 = EDGE_LOOP('',(#7653,#7661,#7662,#7663));
#7653 = ORIENTED_EDGE('',*,*,#7654,.F.);
#7654 = EDGE_CURVE('',#7609,#7655,#7657,.T.);
#7655 = VERTEX_POINT('',#7656);
#7656 = CARTESIAN_POINT('',(-1.9,-13.69999999999,-4.200000000001));
#7657 = LINE('',#7658,#7659);
#7658 = CARTESIAN_POINT('',(-1.9,-16.50677924935,-1.393220750649));
#7659 = VECTOR('',#7660,1.);
#7660 = DIRECTION('',(-1.973859909136E-16,-0.707106781187,0.707106781187
    ));
#7661 = ORIENTED_EDGE('',*,*,#7616,.T.);
#7662 = ORIENTED_EDGE('',*,*,#7231,.T.);
#7663 = ORIENTED_EDGE('',*,*,#7664,.F.);
#7664 = EDGE_CURVE('',#7655,#7232,#7665,.T.);
#7665 = LINE('',#7666,#7667);
#7666 = CARTESIAN_POINT('',(-1.9,-13.69999999999,-4.200000000001));
#7667 = VECTOR('',#7668,1.);
#7668 = DIRECTION('',(1.,0.,0.));
#7669 = PLANE('',#7670);
#7670 = AXIS2_PLACEMENT_3D('',#7671,#7672,#7673);
#7671 = CARTESIAN_POINT('',(-1.9,-12.19999999999,-5.700000000001));
#7672 = DIRECTION('',(-3.144974927808E-13,0.707106781187,0.707106781187)
  );
#7673 = DIRECTION('',(-1.,-2.223833098115E-13,-2.223833098115E-13));
#7674 = ADVANCED_FACE('',(#7675),#7734,.T.);
#7675 = FACE_BOUND('',#7676,.T.);
#7676 = EDGE_LOOP('',(#7677,#7687,#7696,#7704,#7712,#7718,#7719,#7720,
    #7728));
#7677 = ORIENTED_EDGE('',*,*,#7678,.F.);
#7678 = EDGE_CURVE('',#7679,#7681,#7683,.T.);
#7679 = VERTEX_POINT('',#7680);
#7680 = CARTESIAN_POINT('',(3.39999999995,-1.999999999991,
    41.800000000003));
#7681 = VERTEX_POINT('',#7682);
#7682 = CARTESIAN_POINT('',(5.89999999995,-1.999999999984,
    41.800000000005));
#7683 = LINE('',#7684,#7685);
#7684 = CARTESIAN_POINT('',(1.89999999995,-1.999999999995,
    41.800000000002));
#7685 = VECTOR('',#7686,1.);
#7686 = DIRECTION('',(1.,2.687183808803E-12,9.352518759442E-13));
#7687 = ORIENTED_EDGE('',*,*,#7688,.F.);
#7688 = EDGE_CURVE('',#7689,#7679,#7691,.T.);
#7689 = VERTEX_POINT('',#7690);
#7690 = CARTESIAN_POINT('',(1.899999999946,-0.499999999995,41.8));
#7691 = CIRCLE('',#7692,1.5);
#7692 = AXIS2_PLACEMENT_3D('',#7693,#7694,#7695);
#7693 = CARTESIAN_POINT('',(3.399999999946,-0.499999999991,
    41.800000000002));
#7694 = DIRECTION('',(-9.352518759442E-13,-2.51319369819E-24,1.));
#7695 = DIRECTION('',(-1.,0.,-9.352518759442E-13));
#7696 = ORIENTED_EDGE('',*,*,#7697,.T.);
#7697 = EDGE_CURVE('',#7689,#7698,#7700,.T.);
#7698 = VERTEX_POINT('',#7699);
#7699 = CARTESIAN_POINT('',(1.899999999927,-8.881784197001E-15,41.8));
#7700 = LINE('',#7701,#7702);
#7701 = CARTESIAN_POINT('',(1.899999999927,-9.7,41.8));
#7702 = VECTOR('',#7703,1.);
#7703 = DIRECTION('',(0.,1.,-2.22044604925E-16));
#7704 = ORIENTED_EDGE('',*,*,#7705,.T.);
#7705 = EDGE_CURVE('',#7698,#7706,#7708,.T.);
#7706 = VERTEX_POINT('',#7707);
#7707 = CARTESIAN_POINT('',(-1.9,-8.881784197001E-15,41.8));
#7708 = LINE('',#7709,#7710);
#7709 = CARTESIAN_POINT('',(-0.95,-9.081624341434E-15,41.8));
#7710 = VECTOR('',#7711,1.);
#7711 = DIRECTION('',(-1.,0.,0.));
#7712 = ORIENTED_EDGE('',*,*,#7713,.T.);
#7713 = EDGE_CURVE('',#7706,#7631,#7714,.T.);
#7714 = LINE('',#7715,#7716);
#7715 = CARTESIAN_POINT('',(-1.9,-8.099999999993,41.8));
#7716 = VECTOR('',#7717,1.);
#7717 = DIRECTION('',(0.,-1.,0.));
#7718 = ORIENTED_EDGE('',*,*,#7640,.T.);
#7719 = ORIENTED_EDGE('',*,*,#7303,.T.);
#7720 = ORIENTED_EDGE('',*,*,#7721,.T.);
#7721 = EDGE_CURVE('',#7296,#7722,#7724,.T.);
#7722 = VERTEX_POINT('',#7723);
#7723 = CARTESIAN_POINT('',(5.899999999956,-3.999999999984,
    41.800000000005));
#7724 = LINE('',#7725,#7726);
#7725 = CARTESIAN_POINT('',(1.899999999956,-3.999999999995,
    41.800000000002));
#7726 = VECTOR('',#7727,1.);
#7727 = DIRECTION('',(1.,2.687183808803E-12,9.352518759442E-13));
#7728 = ORIENTED_EDGE('',*,*,#7729,.F.);
#7729 = EDGE_CURVE('',#7681,#7722,#7730,.T.);
#7730 = LINE('',#7731,#7732);
#7731 = CARTESIAN_POINT('',(5.89999999995,-1.999999999984,
    41.800000000005));
#7732 = VECTOR('',#7733,1.);
#7733 = DIRECTION('',(2.687183808803E-12,-1.,0.));
#7734 = PLANE('',#7735);
#7735 = AXIS2_PLACEMENT_3D('',#7736,#7737,#7738);
#7736 = CARTESIAN_POINT('',(0.920187793395,-6.045774647895,
    41.800000000001));
#7737 = DIRECTION('',(-5.475330355814E-13,-4.044071036133E-14,1.));
#7738 = DIRECTION('',(1.,0.,5.475330355814E-13));
#7739 = ADVANCED_FACE('',(#7740),#7758,.F.);
#7740 = FACE_BOUND('',#7741,.F.);
#7741 = EDGE_LOOP('',(#7742,#7743,#7751,#7757));
#7742 = ORIENTED_EDGE('',*,*,#7239,.F.);
#7743 = ORIENTED_EDGE('',*,*,#7744,.F.);
#7744 = EDGE_CURVE('',#7745,#7240,#7747,.T.);
#7745 = VERTEX_POINT('',#7746);
#7746 = CARTESIAN_POINT('',(-1.9,-13.69999999999,5.668787165189));
#7747 = LINE('',#7748,#7749);
#7748 = CARTESIAN_POINT('',(-1.9,-13.69999999999,5.668787165189));
#7749 = VECTOR('',#7750,1.);
#7750 = DIRECTION('',(1.,0.,0.));
#7751 = ORIENTED_EDGE('',*,*,#7752,.T.);
#7752 = EDGE_CURVE('',#7745,#7655,#7753,.T.);
#7753 = LINE('',#7754,#7755);
#7754 = CARTESIAN_POINT('',(-1.9,-13.69999999999,8.668787165189));
#7755 = VECTOR('',#7756,1.);
#7756 = DIRECTION('',(0.,0.,-1.));
#7757 = ORIENTED_EDGE('',*,*,#7664,.T.);
#7758 = PLANE('',#7759);
#7759 = AXIS2_PLACEMENT_3D('',#7760,#7761,#7762);
#7760 = CARTESIAN_POINT('',(-1.9,-13.69999999999,8.668787165189));
#7761 = DIRECTION('',(0.,-1.,0.));
#7762 = DIRECTION('',(1.,0.,0.));
#7763 = ADVANCED_FACE('',(#7764),#7782,.F.);
#7764 = FACE_BOUND('',#7765,.F.);
#7765 = EDGE_LOOP('',(#7766,#7767,#7775,#7781));
#7766 = ORIENTED_EDGE('',*,*,#7721,.T.);
#7767 = ORIENTED_EDGE('',*,*,#7768,.T.);
#7768 = EDGE_CURVE('',#7722,#7769,#7771,.T.);
#7769 = VERTEX_POINT('',#7770);
#7770 = CARTESIAN_POINT('',(5.899999999959,-3.999999999984,
    38.000000000079));
#7771 = LINE('',#7772,#7773);
#7772 = CARTESIAN_POINT('',(5.899999999956,-3.999999999984,
    41.800000000005));
#7773 = VECTOR('',#7774,1.);
#7774 = DIRECTION('',(9.352518759442E-13,2.51319369819E-24,-1.));
#7775 = ORIENTED_EDGE('',*,*,#7776,.F.);
#7776 = EDGE_CURVE('',#7288,#7769,#7777,.T.);
#7777 = LINE('',#7778,#7779);
#7778 = CARTESIAN_POINT('',(1.899999999959,-3.999999999995,
    38.000000000075));
#7779 = VECTOR('',#7780,1.);
#7780 = DIRECTION('',(1.,2.687183808803E-12,9.352518759442E-13));
#7781 = ORIENTED_EDGE('',*,*,#7295,.F.);
#7782 = PLANE('',#7783);
#7783 = AXIS2_PLACEMENT_3D('',#7784,#7785,#7786);
#7784 = CARTESIAN_POINT('',(1.899999999956,-3.999999999995,
    41.800000000002));
#7785 = DIRECTION('',(-2.687183808803E-12,1.,0.));
#7786 = DIRECTION('',(9.352518759442E-13,2.51319369819E-24,-1.));
#7787 = ADVANCED_FACE('',(#7788),#7806,.T.);
#7788 = FACE_BOUND('',#7789,.F.);
#7789 = EDGE_LOOP('',(#7790,#7798,#7799,#7800));
#7790 = ORIENTED_EDGE('',*,*,#7791,.F.);
#7791 = EDGE_CURVE('',#7745,#7792,#7794,.T.);
#7792 = VERTEX_POINT('',#7793);
#7793 = CARTESIAN_POINT('',(-1.9,-10.69999999999,8.668787165189));
#7794 = LINE('',#7795,#7796);
#7795 = CARTESIAN_POINT('',(-1.9,-10.03350356492,9.335283600259));
#7796 = VECTOR('',#7797,1.);
#7797 = DIRECTION('',(1.973859909136E-16,0.707106781187,0.707106781187)
  );
#7798 = ORIENTED_EDGE('',*,*,#7744,.T.);
#7799 = ORIENTED_EDGE('',*,*,#7247,.T.);
#7800 = ORIENTED_EDGE('',*,*,#7801,.F.);
#7801 = EDGE_CURVE('',#7792,#7248,#7802,.T.);
#7802 = LINE('',#7803,#7804);
#7803 = CARTESIAN_POINT('',(-1.9,-10.69999999999,8.668787165189));
#7804 = VECTOR('',#7805,1.);
#7805 = DIRECTION('',(1.,0.,0.));
#7806 = PLANE('',#7807);
#7807 = AXIS2_PLACEMENT_3D('',#7808,#7809,#7810);
#7808 = CARTESIAN_POINT('',(-1.9,-12.19999999999,7.168787165189));
#7809 = DIRECTION('',(0.,0.707106781187,-0.707106781187));
#7810 = DIRECTION('',(-1.,-0.,-0.));
#7811 = ADVANCED_FACE('',(#7812),#7871,.T.);
#7812 = FACE_BOUND('',#7813,.T.);
#7813 = EDGE_LOOP('',(#7814,#7824,#7833,#7841,#7847,#7848,#7849,#7857,
    #7865));
#7814 = ORIENTED_EDGE('',*,*,#7815,.F.);
#7815 = EDGE_CURVE('',#7816,#7818,#7820,.T.);
#7816 = VERTEX_POINT('',#7817);
#7817 = CARTESIAN_POINT('',(1.89999999995,-0.499999999995,
    38.000000000073));
#7818 = VERTEX_POINT('',#7819);
#7819 = CARTESIAN_POINT('',(1.899999999927,-8.881784197001E-15,
    38.000000000073));
#7820 = LINE('',#7821,#7822);
#7821 = CARTESIAN_POINT('',(1.899999999927,-9.7,38.000000000073));
#7822 = VECTOR('',#7823,1.);
#7823 = DIRECTION('',(0.,1.,-2.22044604925E-16));
#7824 = ORIENTED_EDGE('',*,*,#7825,.T.);
#7825 = EDGE_CURVE('',#7816,#7826,#7828,.T.);
#7826 = VERTEX_POINT('',#7827);
#7827 = CARTESIAN_POINT('',(3.399999999954,-1.999999999991,
    38.000000000077));
#7828 = CIRCLE('',#7829,1.5);
#7829 = AXIS2_PLACEMENT_3D('',#7830,#7831,#7832);
#7830 = CARTESIAN_POINT('',(3.39999999995,-0.499999999991,
    38.000000000076));
#7831 = DIRECTION('',(-9.352518759442E-13,-2.51319369819E-24,1.));
#7832 = DIRECTION('',(-1.,0.,-9.352518759442E-13));
#7833 = ORIENTED_EDGE('',*,*,#7834,.T.);
#7834 = EDGE_CURVE('',#7826,#7835,#7837,.T.);
#7835 = VERTEX_POINT('',#7836);
#7836 = CARTESIAN_POINT('',(5.899999999954,-1.999999999984,
    38.000000000079));
#7837 = LINE('',#7838,#7839);
#7838 = CARTESIAN_POINT('',(1.899999999954,-1.999999999995,
    38.000000000075));
#7839 = VECTOR('',#7840,1.);
#7840 = DIRECTION('',(1.,2.687183808803E-12,9.352518759442E-13));
#7841 = ORIENTED_EDGE('',*,*,#7842,.F.);
#7842 = EDGE_CURVE('',#7769,#7835,#7843,.T.);
#7843 = LINE('',#7844,#7845);
#7844 = CARTESIAN_POINT('',(5.899999999959,-3.999999999984,
    38.000000000079));
#7845 = VECTOR('',#7846,1.);
#7846 = DIRECTION('',(-2.687183808803E-12,1.,0.));
#7847 = ORIENTED_EDGE('',*,*,#7776,.F.);
#7848 = ORIENTED_EDGE('',*,*,#7287,.F.);
#7849 = ORIENTED_EDGE('',*,*,#7850,.T.);
#7850 = EDGE_CURVE('',#7280,#7851,#7853,.T.);
#7851 = VERTEX_POINT('',#7852);
#7852 = CARTESIAN_POINT('',(-1.9,-9.7,38.000000000073));
#7853 = LINE('',#7854,#7855);
#7854 = CARTESIAN_POINT('',(1.899999999927,-9.7,38.000000000073));
#7855 = VECTOR('',#7856,1.);
#7856 = DIRECTION('',(-1.,0.,0.));
#7857 = ORIENTED_EDGE('',*,*,#7858,.T.);
#7858 = EDGE_CURVE('',#7851,#7859,#7861,.T.);
#7859 = VERTEX_POINT('',#7860);
#7860 = CARTESIAN_POINT('',(-1.9,-8.881784197001E-15,38.000000000073));
#7861 = LINE('',#7862,#7863);
#7862 = CARTESIAN_POINT('',(-1.9,-9.7,38.000000000073));
#7863 = VECTOR('',#7864,1.);
#7864 = DIRECTION('',(0.,1.,-2.22044604925E-16));
#7865 = ORIENTED_EDGE('',*,*,#7866,.T.);
#7866 = EDGE_CURVE('',#7859,#7818,#7867,.T.);
#7867 = LINE('',#7868,#7869);
#7868 = CARTESIAN_POINT('',(0.949999999963,-8.659739592084E-15,
    38.000000000073));
#7869 = VECTOR('',#7870,1.);
#7870 = DIRECTION('',(1.,0.,0.));
#7871 = PLANE('',#7872);
#7872 = AXIS2_PLACEMENT_3D('',#7873,#7874,#7875);
#7873 = CARTESIAN_POINT('',(1.119999999968,-4.427142857138,
    38.000000000074));
#7874 = DIRECTION('',(6.096072636595E-13,4.524979986759E-14,-1.));
#7875 = DIRECTION('',(-1.,0.,-6.096072636595E-13));
#7876 = ADVANCED_FACE('',(#7877),#7895,.T.);
#7877 = FACE_BOUND('',#7878,.T.);
#7878 = EDGE_LOOP('',(#7879,#7887,#7893,#7894));
#7879 = ORIENTED_EDGE('',*,*,#7880,.F.);
#7880 = EDGE_CURVE('',#7881,#7792,#7883,.T.);
#7881 = VERTEX_POINT('',#7882);
#7882 = CARTESIAN_POINT('',(-1.9,-1.,8.668787165189));
#7883 = LINE('',#7884,#7885);
#7884 = CARTESIAN_POINT('',(-1.9,-1.,8.668787165189));
#7885 = VECTOR('',#7886,1.);
#7886 = DIRECTION('',(0.,-1.,2.22044604925E-16));
#7887 = ORIENTED_EDGE('',*,*,#7888,.F.);
#7888 = EDGE_CURVE('',#7256,#7881,#7889,.T.);
#7889 = LINE('',#7890,#7891);
#7890 = CARTESIAN_POINT('',(1.899999999999,-1.,8.668787165189));
#7891 = VECTOR('',#7892,1.);
#7892 = DIRECTION('',(-1.,0.,0.));
#7893 = ORIENTED_EDGE('',*,*,#7255,.T.);
#7894 = ORIENTED_EDGE('',*,*,#7801,.F.);
#7895 = PLANE('',#7896);
#7896 = AXIS2_PLACEMENT_3D('',#7897,#7898,#7899);
#7897 = CARTESIAN_POINT('',(-3.0898108374E-13,-9.25,8.668787165189));
#7898 = DIRECTION('',(-0.,-0.,-1.));
#7899 = DIRECTION('',(-1.,0.,0.));
#7900 = ADVANCED_FACE('',(#7901),#7919,.F.);
#7901 = FACE_BOUND('',#7902,.F.);
#7902 = EDGE_LOOP('',(#7903,#7911,#7912,#7913));
#7903 = ORIENTED_EDGE('',*,*,#7904,.F.);
#7904 = EDGE_CURVE('',#7272,#7905,#7907,.T.);
#7905 = VERTEX_POINT('',#7906);
#7906 = CARTESIAN_POINT('',(-1.9,-9.7,12.468787165188));
#7907 = LINE('',#7908,#7909);
#7908 = CARTESIAN_POINT('',(1.899999999999,-9.7,12.468787165188));
#7909 = VECTOR('',#7910,1.);
#7910 = DIRECTION('',(-1.,0.,0.));
#7911 = ORIENTED_EDGE('',*,*,#7279,.T.);
#7912 = ORIENTED_EDGE('',*,*,#7850,.T.);
#7913 = ORIENTED_EDGE('',*,*,#7914,.F.);
#7914 = EDGE_CURVE('',#7905,#7851,#7915,.T.);
#7915 = LINE('',#7916,#7917);
#7916 = CARTESIAN_POINT('',(-1.9,-9.7,12.468787165188));
#7917 = VECTOR('',#7918,1.);
#7918 = DIRECTION('',(0.,0.,1.));
#7919 = PLANE('',#7920);
#7920 = AXIS2_PLACEMENT_3D('',#7921,#7922,#7923);
#7921 = CARTESIAN_POINT('',(1.899999999999,-9.7,12.468787165188));
#7922 = DIRECTION('',(0.,-1.,0.));
#7923 = DIRECTION('',(-1.,0.,0.));
#7924 = ADVANCED_FACE('',(#7925),#7943,.T.);
#7925 = FACE_BOUND('',#7926,.T.);
#7926 = EDGE_LOOP('',(#7927,#7928,#7929,#7937));
#7927 = ORIENTED_EDGE('',*,*,#7263,.T.);
#7928 = ORIENTED_EDGE('',*,*,#7888,.T.);
#7929 = ORIENTED_EDGE('',*,*,#7930,.F.);
#7930 = EDGE_CURVE('',#7931,#7881,#7933,.T.);
#7931 = VERTEX_POINT('',#7932);
#7932 = CARTESIAN_POINT('',(-1.9,-1.,12.468787165188));
#7933 = LINE('',#7934,#7935);
#7934 = CARTESIAN_POINT('',(-1.9,-1.,12.468787165188));
#7935 = VECTOR('',#7936,1.);
#7936 = DIRECTION('',(0.,-2.22044604925E-16,-1.));
#7937 = ORIENTED_EDGE('',*,*,#7938,.F.);
#7938 = EDGE_CURVE('',#7264,#7931,#7939,.T.);
#7939 = LINE('',#7940,#7941);
#7940 = CARTESIAN_POINT('',(1.899999999999,-1.,12.468787165188));
#7941 = VECTOR('',#7942,1.);
#7942 = DIRECTION('',(-1.,0.,0.));
#7943 = PLANE('',#7944);
#7944 = AXIS2_PLACEMENT_3D('',#7945,#7946,#7947);
#7945 = CARTESIAN_POINT('',(-4.3117556309E-13,-1.,10.568787165188));
#7946 = DIRECTION('',(0.,1.,-2.33731163079E-16));
#7947 = DIRECTION('',(0.,2.33731163079E-16,1.));
#7948 = ADVANCED_FACE('',(#7949),#7960,.F.);
#7949 = FACE_BOUND('',#7950,.F.);
#7950 = EDGE_LOOP('',(#7951,#7952,#7953,#7954));
#7951 = ORIENTED_EDGE('',*,*,#7938,.F.);
#7952 = ORIENTED_EDGE('',*,*,#7271,.T.);
#7953 = ORIENTED_EDGE('',*,*,#7904,.T.);
#7954 = ORIENTED_EDGE('',*,*,#7955,.F.);
#7955 = EDGE_CURVE('',#7931,#7905,#7956,.T.);
#7956 = LINE('',#7957,#7958);
#7957 = CARTESIAN_POINT('',(-1.9,-1.,12.468787165188));
#7958 = VECTOR('',#7959,1.);
#7959 = DIRECTION('',(0.,-1.,2.22044604925E-16));
#7960 = PLANE('',#7961);
#7961 = AXIS2_PLACEMENT_3D('',#7962,#7963,#7964);
#7962 = CARTESIAN_POINT('',(1.899999999999,-1.,12.468787165188));
#7963 = DIRECTION('',(-0.,-2.22044604925E-16,-1.));
#7964 = DIRECTION('',(-1.,0.,0.));
#7965 = ADVANCED_FACE('',(#7966),#7997,.T.);
#7966 = FACE_BOUND('',#7967,.T.);
#7967 = EDGE_LOOP('',(#7968,#7969,#7970,#7971,#7972,#7973,#7974,#7980,
    #7981,#7982,#7983,#7984,#7985,#7986,#7987,#7988,#7989,#7995,#7996));
#7968 = ORIENTED_EDGE('',*,*,#7349,.F.);
#7969 = ORIENTED_EDGE('',*,*,#7406,.T.);
#7970 = ORIENTED_EDGE('',*,*,#7495,.F.);
#7971 = ORIENTED_EDGE('',*,*,#7550,.F.);
#7972 = ORIENTED_EDGE('',*,*,#7630,.T.);
#7973 = ORIENTED_EDGE('',*,*,#7713,.F.);
#7974 = ORIENTED_EDGE('',*,*,#7975,.T.);
#7975 = EDGE_CURVE('',#7706,#7859,#7976,.T.);
#7976 = LINE('',#7977,#7978);
#7977 = CARTESIAN_POINT('',(-1.9,-4.440892098501E-15,19.000000000037));
#7978 = VECTOR('',#7979,1.);
#7979 = DIRECTION('',(0.,2.22044604925E-16,-1.));
#7980 = ORIENTED_EDGE('',*,*,#7858,.F.);
#7981 = ORIENTED_EDGE('',*,*,#7914,.F.);
#7982 = ORIENTED_EDGE('',*,*,#7955,.F.);
#7983 = ORIENTED_EDGE('',*,*,#7930,.T.);
#7984 = ORIENTED_EDGE('',*,*,#7880,.T.);
#7985 = ORIENTED_EDGE('',*,*,#7791,.F.);
#7986 = ORIENTED_EDGE('',*,*,#7752,.T.);
#7987 = ORIENTED_EDGE('',*,*,#7654,.F.);
#7988 = ORIENTED_EDGE('',*,*,#7608,.T.);
#7989 = ORIENTED_EDGE('',*,*,#7990,.T.);
#7990 = EDGE_CURVE('',#7601,#7429,#7991,.T.);
#7991 = LINE('',#7992,#7993);
#7992 = CARTESIAN_POINT('',(-1.9,8.881784197001E-16,-5.5));
#7993 = VECTOR('',#7994,1.);
#7994 = DIRECTION('',(0.,2.22044604925E-16,-1.));
#7995 = ORIENTED_EDGE('',*,*,#7428,.F.);
#7996 = ORIENTED_EDGE('',*,*,#7382,.F.);
#7997 = PLANE('',#7998);
#7998 = AXIS2_PLACEMENT_3D('',#7999,#8000,#8001);
#7999 = CARTESIAN_POINT('',(-1.9,-10.04617204596,13.680944951437));
#8000 = DIRECTION('',(-1.,2.791459453724E-16,0.));
#8001 = DIRECTION('',(-2.791459453724E-16,-1.,0.));
#8002 = ADVANCED_FACE('',(#8003),#8014,.F.);
#8003 = FACE_BOUND('',#8004,.F.);
#8004 = EDGE_LOOP('',(#8005,#8006,#8007,#8013));
#8005 = ORIENTED_EDGE('',*,*,#7990,.T.);
#8006 = ORIENTED_EDGE('',*,*,#7436,.T.);
#8007 = ORIENTED_EDGE('',*,*,#8008,.T.);
#8008 = EDGE_CURVE('',#7437,#7593,#8009,.T.);
#8009 = LINE('',#8010,#8011);
#8010 = CARTESIAN_POINT('',(1.9,8.881784197001E-16,-3.6));
#8011 = VECTOR('',#8012,1.);
#8012 = DIRECTION('',(0.,-2.22044604925E-16,1.));
#8013 = ORIENTED_EDGE('',*,*,#7600,.T.);
#8014 = PLANE('',#8015);
#8015 = AXIS2_PLACEMENT_3D('',#8016,#8017,#8018);
#8016 = CARTESIAN_POINT('',(0.,0.,0.));
#8017 = DIRECTION('',(0.,-1.,-2.22044604925E-16));
#8018 = DIRECTION('',(0.,2.22044604925E-16,-1.));
#8019 = ADVANCED_FACE('',(#8020),#8031,.T.);
#8020 = FACE_BOUND('',#8021,.T.);
#8021 = EDGE_LOOP('',(#8022,#8023,#8029,#8030));
#8022 = ORIENTED_EDGE('',*,*,#7592,.F.);
#8023 = ORIENTED_EDGE('',*,*,#8024,.F.);
#8024 = EDGE_CURVE('',#7445,#7584,#8025,.T.);
#8025 = LINE('',#8026,#8027);
#8026 = CARTESIAN_POINT('',(1.9,-0.499999999994,-10.99999999999));
#8027 = VECTOR('',#8028,1.);
#8028 = DIRECTION('',(-5.762057497805E-13,2.220446045706E-16,1.));
#8029 = ORIENTED_EDGE('',*,*,#7444,.F.);
#8030 = ORIENTED_EDGE('',*,*,#8008,.T.);
#8031 = PLANE('',#8032);
#8032 = AXIS2_PLACEMENT_3D('',#8033,#8034,#8035);
#8033 = CARTESIAN_POINT('',(1.899999999992,-10.49470291613,
    12.498574937974));
#8034 = DIRECTION('',(1.,6.150500832955E-13,5.763294751842E-13));
#8035 = DIRECTION('',(-6.150500832955E-13,1.,0.));
#8036 = ADVANCED_FACE('',(#8037),#8048,.F.);
#8037 = FACE_BOUND('',#8038,.F.);
#8038 = EDGE_LOOP('',(#8039,#8040,#8046,#8047));
#8039 = ORIENTED_EDGE('',*,*,#7452,.T.);
#8040 = ORIENTED_EDGE('',*,*,#8041,.T.);
#8041 = EDGE_CURVE('',#7453,#7576,#8042,.T.);
#8042 = LINE('',#8043,#8044);
#8043 = CARTESIAN_POINT('',(3.400000000001,-1.999999999993,
    -10.99999999999));
#8044 = VECTOR('',#8045,1.);
#8045 = DIRECTION('',(-5.762057497805E-13,2.220446045706E-16,1.));
#8046 = ORIENTED_EDGE('',*,*,#7583,.F.);
#8047 = ORIENTED_EDGE('',*,*,#8024,.F.);
#8048 = CYLINDRICAL_SURFACE('',#8049,1.5);
#8049 = AXIS2_PLACEMENT_3D('',#8050,#8051,#8052);
#8050 = CARTESIAN_POINT('',(3.4,-0.499999999993,-10.99999999999));
#8051 = DIRECTION('',(-5.762057497805E-13,2.220446045706E-16,1.));
#8052 = DIRECTION('',(-1.,-6.150500832955E-13,-5.762057497805E-13));
#8053 = ADVANCED_FACE('',(#8054),#8065,.T.);
#8054 = FACE_BOUND('',#8055,.T.);
#8055 = EDGE_LOOP('',(#8056,#8057,#8058,#8059));
#8056 = ORIENTED_EDGE('',*,*,#7567,.T.);
#8057 = ORIENTED_EDGE('',*,*,#7526,.T.);
#8058 = ORIENTED_EDGE('',*,*,#7469,.T.);
#8059 = ORIENTED_EDGE('',*,*,#8060,.T.);
#8060 = EDGE_CURVE('',#7462,#7568,#8061,.T.);
#8061 = LINE('',#8062,#8063);
#8062 = CARTESIAN_POINT('',(5.899999999976,-1.999999999992,
    14.450000000024));
#8063 = VECTOR('',#8064,1.);
#8064 = DIRECTION('',(-9.352752490786E-13,2.220446043499E-16,1.));
#8065 = PLANE('',#8066);
#8066 = AXIS2_PLACEMENT_3D('',#8067,#8068,#8069);
#8067 = CARTESIAN_POINT('',(5.899999999955,-2.999999999984,
    39.900000000042));
#8068 = DIRECTION('',(1.,2.687183808803E-12,9.352752490786E-13));
#8069 = DIRECTION('',(-2.687183808803E-12,1.,0.));
#8070 = ADVANCED_FACE('',(#8071),#8077,.F.);
#8071 = FACE_BOUND('',#8072,.F.);
#8072 = EDGE_LOOP('',(#8073,#8074,#8075,#8076));
#8073 = ORIENTED_EDGE('',*,*,#7575,.F.);
#8074 = ORIENTED_EDGE('',*,*,#8041,.F.);
#8075 = ORIENTED_EDGE('',*,*,#7461,.T.);
#8076 = ORIENTED_EDGE('',*,*,#8060,.T.);
#8077 = PLANE('',#8078);
#8078 = AXIS2_PLACEMENT_3D('',#8079,#8080,#8081);
#8079 = CARTESIAN_POINT('',(1.900000000001,-1.999999999994,
    -10.99999999999));
#8080 = DIRECTION('',(6.148415110374E-13,-1.,2.220446049249E-16));
#8081 = DIRECTION('',(-5.762057497805E-13,2.220446045706E-16,1.));
#8082 = ADVANCED_FACE('',(#8083),#8099,.F.);
#8083 = FACE_BOUND('',#8084,.F.);
#8084 = EDGE_LOOP('',(#8085,#8086,#8092,#8093));
#8085 = ORIENTED_EDGE('',*,*,#7834,.T.);
#8086 = ORIENTED_EDGE('',*,*,#8087,.T.);
#8087 = EDGE_CURVE('',#7835,#7681,#8088,.T.);
#8088 = LINE('',#8089,#8090);
#8089 = CARTESIAN_POINT('',(5.899999999954,-1.999999999984,
    38.000000000079));
#8090 = VECTOR('',#8091,1.);
#8091 = DIRECTION('',(-9.352518759442E-13,-2.51319369819E-24,1.));
#8092 = ORIENTED_EDGE('',*,*,#7678,.F.);
#8093 = ORIENTED_EDGE('',*,*,#8094,.F.);
#8094 = EDGE_CURVE('',#7826,#7679,#8095,.T.);
#8095 = LINE('',#8096,#8097);
#8096 = CARTESIAN_POINT('',(3.399999999954,-1.999999999991,
    38.000000000077));
#8097 = VECTOR('',#8098,1.);
#8098 = DIRECTION('',(-9.352518759442E-13,-2.51319369819E-24,1.));
#8099 = PLANE('',#8100);
#8100 = AXIS2_PLACEMENT_3D('',#8101,#8102,#8103);
#8101 = CARTESIAN_POINT('',(1.899999999954,-1.999999999995,
    38.000000000075));
#8102 = DIRECTION('',(2.687183808803E-12,-1.,0.));
#8103 = DIRECTION('',(-9.352518759442E-13,-2.51319369819E-24,1.));
#8104 = ADVANCED_FACE('',(#8105),#8116,.F.);
#8105 = FACE_BOUND('',#8106,.F.);
#8106 = EDGE_LOOP('',(#8107,#8108,#8109,#8110));
#8107 = ORIENTED_EDGE('',*,*,#7825,.T.);
#8108 = ORIENTED_EDGE('',*,*,#8094,.T.);
#8109 = ORIENTED_EDGE('',*,*,#7688,.F.);
#8110 = ORIENTED_EDGE('',*,*,#8111,.F.);
#8111 = EDGE_CURVE('',#7816,#7689,#8112,.T.);
#8112 = LINE('',#8113,#8114);
#8113 = CARTESIAN_POINT('',(1.89999999995,-0.499999999995,
    38.000000000075));
#8114 = VECTOR('',#8115,1.);
#8115 = DIRECTION('',(-9.352518759442E-13,-2.51319369819E-24,1.));
#8116 = CYLINDRICAL_SURFACE('',#8117,1.5);
#8117 = AXIS2_PLACEMENT_3D('',#8118,#8119,#8120);
#8118 = CARTESIAN_POINT('',(3.39999999995,-0.499999999991,
    38.000000000077));
#8119 = DIRECTION('',(-9.352518759442E-13,-2.51319369819E-24,1.));
#8120 = DIRECTION('',(-1.,-2.687117131547E-12,-9.352518759442E-13));
#8121 = ADVANCED_FACE('',(#8122),#8128,.T.);
#8122 = FACE_BOUND('',#8123,.T.);
#8123 = EDGE_LOOP('',(#8124,#8125,#8126,#8127));
#8124 = ORIENTED_EDGE('',*,*,#7768,.T.);
#8125 = ORIENTED_EDGE('',*,*,#7842,.T.);
#8126 = ORIENTED_EDGE('',*,*,#8087,.T.);
#8127 = ORIENTED_EDGE('',*,*,#7729,.T.);
#8128 = PLANE('',#8129);
#8129 = AXIS2_PLACEMENT_3D('',#8130,#8131,#8132);
#8130 = CARTESIAN_POINT('',(5.899999999955,-2.999999999984,
    39.900000000042));
#8131 = DIRECTION('',(1.,2.687183808803E-12,9.352752490786E-13));
#8132 = DIRECTION('',(-2.687183808803E-12,1.,0.));
#8133 = ADVANCED_FACE('',(#8134),#8145,.T.);
#8134 = FACE_BOUND('',#8135,.T.);
#8135 = EDGE_LOOP('',(#8136,#8137,#8138,#8139));
#8136 = ORIENTED_EDGE('',*,*,#7697,.F.);
#8137 = ORIENTED_EDGE('',*,*,#8111,.F.);
#8138 = ORIENTED_EDGE('',*,*,#7815,.T.);
#8139 = ORIENTED_EDGE('',*,*,#8140,.T.);
#8140 = EDGE_CURVE('',#7818,#7698,#8141,.T.);
#8141 = LINE('',#8142,#8143);
#8142 = CARTESIAN_POINT('',(1.899999999927,-4.440892098501E-15,20.9));
#8143 = VECTOR('',#8144,1.);
#8144 = DIRECTION('',(0.,-2.22044604925E-16,1.));
#8145 = PLANE('',#8146);
#8146 = AXIS2_PLACEMENT_3D('',#8147,#8148,#8149);
#8147 = CARTESIAN_POINT('',(1.899999999984,-8.802121694642,
    25.499444819796));
#8148 = DIRECTION('',(1.,2.687117131547E-12,9.352735334952E-13));
#8149 = DIRECTION('',(-2.687117131547E-12,1.,0.));
#8150 = ADVANCED_FACE('',(#8151),#8157,.F.);
#8151 = FACE_BOUND('',#8152,.F.);
#8152 = EDGE_LOOP('',(#8153,#8154,#8155,#8156));
#8153 = ORIENTED_EDGE('',*,*,#7866,.T.);
#8154 = ORIENTED_EDGE('',*,*,#8140,.T.);
#8155 = ORIENTED_EDGE('',*,*,#7705,.T.);
#8156 = ORIENTED_EDGE('',*,*,#7975,.T.);
#8157 = PLANE('',#8158);
#8158 = AXIS2_PLACEMENT_3D('',#8159,#8160,#8161);
#8159 = CARTESIAN_POINT('',(0.,0.,0.));
#8160 = DIRECTION('',(0.,-1.,-2.22044604925E-16));
#8161 = DIRECTION('',(0.,2.22044604925E-16,-1.));
#8162 = ( GEOMETRIC_REPRESENTATION_CONTEXT(3) 
GLOBAL_UNCERTAINTY_ASSIGNED_CONTEXT((#8166)) 
GLOBAL_UNIT_ASSIGNED_CONTEXT((#8163,#8164,#8165)) REPRESENTATION_CONTEXT
('Context #1','3D Context with UNIT and UNCERTAINTY') );
#8163 = ( LENGTH_UNIT() NAMED_UNIT(*) SI_UNIT(.MILLI.,.METRE.) );
#8164 = ( NAMED_UNIT(*) PLANE_ANGLE_UNIT() SI_UNIT($,.RADIAN.) );
#8165 = ( NAMED_UNIT(*) SI_UNIT($,.STERADIAN.) SOLID_ANGLE_UNIT() );
#8166 = UNCERTAINTY_MEASURE_WITH_UNIT(LENGTH_MEASURE(2.E-07),#8163,
  'distance_accuracy_value','confusion accuracy');
#8167 = CONTEXT_DEPENDENT_SHAPE_REPRESENTATION(#8168,#8170);
#8168 = ( REPRESENTATION_RELATIONSHIP('','',#7182,#10) 
REPRESENTATION_RELATIONSHIP_WITH_TRANSFORMATION(#8169) 
SHAPE_REPRESENTATION_RELATIONSHIP() );
#8169 = ITEM_DEFINED_TRANSFORMATION('','',#11,#23);
#8170 = PRODUCT_DEFINITION_SHAPE('Placement','Placement of an item',
  #8171);
#8171 = NEXT_ASSEMBLY_USAGE_OCCURRENCE('3','design6-attachment001','',#5
  ,#7177,$);
#8172 = PRODUCT_RELATED_PRODUCT_CATEGORY('part',$,(#7179));
#8173 = SHAPE_DEFINITION_REPRESENTATION(#8174,#8180);
#8174 = PRODUCT_DEFINITION_SHAPE('','',#8175);
#8175 = PRODUCT_DEFINITION('design','',#8176,#8179);
#8176 = PRODUCT_DEFINITION_FORMATION('','',#8177);
#8177 = PRODUCT('design6-mirror-attachment-top',
  'design6-mirror-attachment-top','',(#8178));
#8178 = PRODUCT_CONTEXT('',#2,'mechanical');
#8179 = PRODUCT_DEFINITION_CONTEXT('part definition',#2,'design');
#8180 = ADVANCED_BREP_SHAPE_REPRESENTATION('',(#11,#8181),#9377);
#8181 = MANIFOLD_SOLID_BREP('',#8182);
#8182 = CLOSED_SHELL('',(#8183,#8329,#8360,#8385,#8409,#8433,#8465,#8489
    ,#8561,#8585,#8714,#8738,#8778,#8802,#8833,#8857,#8881,#8905,#8923,
    #8965,#8998,#9015,#9032,#9044,#9068,#9101,#9118,#9181,#9205,#9229,
    #9254,#9271,#9288,#9305,#9317,#9334,#9351,#9364));
#8183 = ADVANCED_FACE('',(#8184),#8324,.T.);
#8184 = FACE_BOUND('',#8185,.T.);
#8185 = EDGE_LOOP('',(#8186,#8196,#8204,#8212,#8220,#8228,#8236,#8244,
    #8252,#8261,#8269,#8277,#8285,#8293,#8301,#8309,#8317));
#8186 = ORIENTED_EDGE('',*,*,#8187,.F.);
#8187 = EDGE_CURVE('',#8188,#8190,#8192,.T.);
#8188 = VERTEX_POINT('',#8189);
#8189 = CARTESIAN_POINT('',(1.899999999972,1.999999999996,
    51.800000000002));
#8190 = VERTEX_POINT('',#8191);
#8191 = CARTESIAN_POINT('',(1.889999999972,1.999999999995,
    51.800000000002));
#8192 = LINE('',#8193,#8194);
#8193 = CARTESIAN_POINT('',(1.999999999972,1.999999999995,
    51.800000000002));
#8194 = VECTOR('',#8195,1.);
#8195 = DIRECTION('',(-1.,1.119186029534E-26,-5.478658462571E-13));
#8196 = ORIENTED_EDGE('',*,*,#8197,.F.);
#8197 = EDGE_CURVE('',#8198,#8188,#8200,.T.);
#8198 = VERTEX_POINT('',#8199);
#8199 = CARTESIAN_POINT('',(1.899999999976,1.999999999998,
    43.800000000002));
#8200 = LINE('',#8201,#8202);
#8201 = CARTESIAN_POINT('',(1.899999999976,1.999999999998,
    43.800000000002));
#8202 = VECTOR('',#8203,1.);
#8203 = DIRECTION('',(-5.474446822161E-13,-4.075102901527E-14,1.));
#8204 = ORIENTED_EDGE('',*,*,#8205,.F.);
#8205 = EDGE_CURVE('',#8206,#8198,#8208,.T.);
#8206 = VERTEX_POINT('',#8207);
#8207 = CARTESIAN_POINT('',(5.899999999955,1.999999999998,
    43.800000000004));
#8208 = LINE('',#8209,#8210);
#8209 = CARTESIAN_POINT('',(5.899999999955,1.999999999998,
    43.800000000004));
#8210 = VECTOR('',#8211,1.);
#8211 = DIRECTION('',(-1.,1.10713124526E-26,-5.475330355814E-13));
#8212 = ORIENTED_EDGE('',*,*,#8213,.F.);
#8213 = EDGE_CURVE('',#8214,#8206,#8216,.T.);
#8214 = VERTEX_POINT('',#8215);
#8215 = CARTESIAN_POINT('',(5.899999999956,1.999999999998,
    41.800000000004));
#8216 = LINE('',#8217,#8218);
#8217 = CARTESIAN_POINT('',(5.899999999956,1.999999999998,
    41.800000000004));
#8218 = VECTOR('',#8219,1.);
#8219 = DIRECTION('',(-5.475330355814E-13,-4.044071036133E-14,1.));
#8220 = ORIENTED_EDGE('',*,*,#8221,.T.);
#8221 = EDGE_CURVE('',#8214,#8222,#8224,.T.);
#8222 = VERTEX_POINT('',#8223);
#8223 = CARTESIAN_POINT('',(-1.9,1.999999999998,41.8));
#8224 = LINE('',#8225,#8226);
#8225 = CARTESIAN_POINT('',(1.899999999977,1.999999999998,
    41.800000000002));
#8226 = VECTOR('',#8227,1.);
#8227 = DIRECTION('',(-1.,1.10713124526E-26,-5.475330355814E-13));
#8228 = ORIENTED_EDGE('',*,*,#8229,.T.);
#8229 = EDGE_CURVE('',#8222,#8230,#8232,.T.);
#8230 = VERTEX_POINT('',#8231);
#8231 = CARTESIAN_POINT('',(-1.900000000001,1.999999999998,43.8));
#8232 = LINE('',#8233,#8234);
#8233 = CARTESIAN_POINT('',(-1.9,1.999999999998,41.8));
#8234 = VECTOR('',#8235,1.);
#8235 = DIRECTION('',(-5.475330355814E-13,-4.044071036133E-14,1.));
#8236 = ORIENTED_EDGE('',*,*,#8237,.T.);
#8237 = EDGE_CURVE('',#8230,#8238,#8240,.T.);
#8238 = VERTEX_POINT('',#8239);
#8239 = CARTESIAN_POINT('',(-1.900000000028,1.999999999996,51.8));
#8240 = LINE('',#8241,#8242);
#8241 = CARTESIAN_POINT('',(-1.900000000024,1.999999999998,43.8));
#8242 = VECTOR('',#8243,1.);
#8243 = DIRECTION('',(-5.474446822161E-13,-4.075102901527E-14,1.));
#8244 = ORIENTED_EDGE('',*,*,#8245,.F.);
#8245 = EDGE_CURVE('',#8246,#8238,#8248,.T.);
#8246 = VERTEX_POINT('',#8247);
#8247 = CARTESIAN_POINT('',(-1.890000000028,1.999999999995,51.8));
#8248 = LINE('',#8249,#8250);
#8249 = CARTESIAN_POINT('',(-1.400000000028,1.999999999995,51.8));
#8250 = VECTOR('',#8251,1.);
#8251 = DIRECTION('',(-1.,1.119186029534E-26,-5.478658462571E-13));
#8252 = ORIENTED_EDGE('',*,*,#8253,.F.);
#8253 = EDGE_CURVE('',#8254,#8246,#8256,.T.);
#8254 = VERTEX_POINT('',#8255);
#8255 = CARTESIAN_POINT('',(-1.400000000029,1.999999999994,52.29));
#8256 = CIRCLE('',#8257,0.49);
#8257 = AXIS2_PLACEMENT_3D('',#8258,#8259,#8260);
#8258 = CARTESIAN_POINT('',(-1.890000000029,1.999999999998,52.29));
#8259 = DIRECTION('',(-1.119186029534E-26,1.,4.085620730621E-14));
#8260 = DIRECTION('',(0.,-4.085620730621E-14,1.));
#8261 = ORIENTED_EDGE('',*,*,#8262,.F.);
#8262 = EDGE_CURVE('',#8263,#8254,#8265,.T.);
#8263 = VERTEX_POINT('',#8264);
#8264 = CARTESIAN_POINT('',(-1.400000000029,1.999999999994,53.8));
#8265 = LINE('',#8266,#8267);
#8266 = CARTESIAN_POINT('',(-1.400000000029,1.999999999994,53.8));
#8267 = VECTOR('',#8268,1.);
#8268 = DIRECTION('',(5.478658462571E-13,4.085620730621E-14,-1.));
#8269 = ORIENTED_EDGE('',*,*,#8270,.F.);
#8270 = EDGE_CURVE('',#8271,#8263,#8273,.T.);
#8271 = VERTEX_POINT('',#8272);
#8272 = CARTESIAN_POINT('',(-0.900000000029,1.999999999994,53.8));
#8273 = LINE('',#8274,#8275);
#8274 = CARTESIAN_POINT('',(1.899999999971,1.999999999998,
    53.800000000002));
#8275 = VECTOR('',#8276,1.);
#8276 = DIRECTION('',(-1.,1.115446706462E-26,-5.474446822161E-13));
#8277 = ORIENTED_EDGE('',*,*,#8278,.T.);
#8278 = EDGE_CURVE('',#8271,#8279,#8281,.T.);
#8279 = VERTEX_POINT('',#8280);
#8280 = CARTESIAN_POINT('',(-0.900000000028,1.999999999995,51.8));
#8281 = LINE('',#8282,#8283);
#8282 = CARTESIAN_POINT('',(-0.900000000029,1.999999999994,53.8));
#8283 = VECTOR('',#8284,1.);
#8284 = DIRECTION('',(5.478658462571E-13,4.085620730621E-14,-1.));
#8285 = ORIENTED_EDGE('',*,*,#8286,.F.);
#8286 = EDGE_CURVE('',#8287,#8279,#8289,.T.);
#8287 = VERTEX_POINT('',#8288);
#8288 = CARTESIAN_POINT('',(0.899999999972,1.999999999995,
    51.800000000001));
#8289 = LINE('',#8290,#8291);
#8290 = CARTESIAN_POINT('',(0.899999999972,1.999999999995,
    51.800000000001));
#8291 = VECTOR('',#8292,1.);
#8292 = DIRECTION('',(-1.,1.119186029534E-26,-5.478658462571E-13));
#8293 = ORIENTED_EDGE('',*,*,#8294,.F.);
#8294 = EDGE_CURVE('',#8295,#8287,#8297,.T.);
#8295 = VERTEX_POINT('',#8296);
#8296 = CARTESIAN_POINT('',(0.899999999971,1.999999999994,
    53.800000000001));
#8297 = LINE('',#8298,#8299);
#8298 = CARTESIAN_POINT('',(0.899999999971,1.999999999994,
    53.800000000001));
#8299 = VECTOR('',#8300,1.);
#8300 = DIRECTION('',(5.478658462571E-13,4.085620730621E-14,-1.));
#8301 = ORIENTED_EDGE('',*,*,#8302,.F.);
#8302 = EDGE_CURVE('',#8303,#8295,#8305,.T.);
#8303 = VERTEX_POINT('',#8304);
#8304 = CARTESIAN_POINT('',(1.399999999971,1.999999999994,
    53.800000000002));
#8305 = LINE('',#8306,#8307);
#8306 = CARTESIAN_POINT('',(1.899999999971,1.999999999998,
    53.800000000002));
#8307 = VECTOR('',#8308,1.);
#8308 = DIRECTION('',(-1.,1.115446706462E-26,-5.474446822161E-13));
#8309 = ORIENTED_EDGE('',*,*,#8310,.T.);
#8310 = EDGE_CURVE('',#8303,#8311,#8313,.T.);
#8311 = VERTEX_POINT('',#8312);
#8312 = CARTESIAN_POINT('',(1.399999999971,1.999999999994,
    52.290000000001));
#8313 = LINE('',#8314,#8315);
#8314 = CARTESIAN_POINT('',(1.399999999971,1.999999999994,
    53.800000000002));
#8315 = VECTOR('',#8316,1.);
#8316 = DIRECTION('',(5.478658462571E-13,4.085620730621E-14,-1.));
#8317 = ORIENTED_EDGE('',*,*,#8318,.F.);
#8318 = EDGE_CURVE('',#8190,#8311,#8319,.T.);
#8319 = CIRCLE('',#8320,0.49);
#8320 = AXIS2_PLACEMENT_3D('',#8321,#8322,#8323);
#8321 = CARTESIAN_POINT('',(1.889999999971,1.999999999998,
    52.290000000002));
#8322 = DIRECTION('',(-1.119186029534E-26,1.,4.085620730621E-14));
#8323 = DIRECTION('',(0.,4.085620730621E-14,-1.));
#8324 = PLANE('',#8325);
#8325 = AXIS2_PLACEMENT_3D('',#8326,#8327,#8328);
#8326 = CARTESIAN_POINT('',(0.98989898987,1.999999999998,46.789898989907
    ));
#8327 = DIRECTION('',(-5.625602957837E-16,1.,4.148747866366E-14));
#8328 = DIRECTION('',(0.,-4.148747866366E-14,1.));
#8329 = ADVANCED_FACE('',(#8330),#8355,.T.);
#8330 = FACE_BOUND('',#8331,.T.);
#8331 = EDGE_LOOP('',(#8332,#8333,#8341,#8349));
#8332 = ORIENTED_EDGE('',*,*,#8187,.T.);
#8333 = ORIENTED_EDGE('',*,*,#8334,.T.);
#8334 = EDGE_CURVE('',#8190,#8335,#8337,.T.);
#8335 = VERTEX_POINT('',#8336);
#8336 = CARTESIAN_POINT('',(1.889999999972,-1.999999999999,
    51.800000000002));
#8337 = LINE('',#8338,#8339);
#8338 = CARTESIAN_POINT('',(1.889999999972,1.999999999995,
    51.800000000002));
#8339 = VECTOR('',#8340,1.);
#8340 = DIRECTION('',(1.119186029534E-26,-1.,-4.085620730621E-14));
#8341 = ORIENTED_EDGE('',*,*,#8342,.T.);
#8342 = EDGE_CURVE('',#8335,#8343,#8345,.T.);
#8343 = VERTEX_POINT('',#8344);
#8344 = CARTESIAN_POINT('',(1.899999999972,-2.,51.800000000002));
#8345 = LINE('',#8346,#8347);
#8346 = CARTESIAN_POINT('',(1.399999999972,-1.999999999999,
    51.800000000001));
#8347 = VECTOR('',#8348,1.);
#8348 = DIRECTION('',(1.,-1.119186029534E-26,5.478658462571E-13));
#8349 = ORIENTED_EDGE('',*,*,#8350,.T.);
#8350 = EDGE_CURVE('',#8343,#8188,#8351,.T.);
#8351 = LINE('',#8352,#8353);
#8352 = CARTESIAN_POINT('',(1.899999999972,-1.000000000002,
    51.800000000002));
#8353 = VECTOR('',#8354,1.);
#8354 = DIRECTION('',(-1.121204636071E-26,1.,4.085620730627E-14));
#8355 = PLANE('',#8356);
#8356 = AXIS2_PLACEMENT_3D('',#8357,#8358,#8359);
#8357 = CARTESIAN_POINT('',(-2.834433350801E-11,-2.118083486383E-12,
    51.800000000001));
#8358 = DIRECTION('',(-5.479392102144E-13,-4.085620730627E-14,1.));
#8359 = DIRECTION('',(1.,0.,5.479392102144E-13));
#8360 = ADVANCED_FACE('',(#8361),#8380,.F.);
#8361 = FACE_BOUND('',#8362,.T.);
#8362 = EDGE_LOOP('',(#8363,#8364,#8372,#8379));
#8363 = ORIENTED_EDGE('',*,*,#8318,.T.);
#8364 = ORIENTED_EDGE('',*,*,#8365,.T.);
#8365 = EDGE_CURVE('',#8311,#8366,#8368,.T.);
#8366 = VERTEX_POINT('',#8367);
#8367 = CARTESIAN_POINT('',(1.399999999971,-1.999999999999,
    52.290000000001));
#8368 = LINE('',#8369,#8370);
#8369 = CARTESIAN_POINT('',(1.399999999971,1.999999999994,
    52.290000000001));
#8370 = VECTOR('',#8371,1.);
#8371 = DIRECTION('',(1.119186029534E-26,-1.,-4.085620730621E-14));
#8372 = ORIENTED_EDGE('',*,*,#8373,.F.);
#8373 = EDGE_CURVE('',#8335,#8366,#8374,.T.);
#8374 = CIRCLE('',#8375,0.49);
#8375 = AXIS2_PLACEMENT_3D('',#8376,#8377,#8378);
#8376 = CARTESIAN_POINT('',(1.889999999971,-2.000000000002,
    52.290000000002));
#8377 = DIRECTION('',(-1.119186029534E-26,1.,4.085620730621E-14));
#8378 = DIRECTION('',(0.,4.085620730621E-14,-1.));
#8379 = ORIENTED_EDGE('',*,*,#8334,.F.);
#8380 = CYLINDRICAL_SURFACE('',#8381,0.49);
#8381 = AXIS2_PLACEMENT_3D('',#8382,#8383,#8384);
#8382 = CARTESIAN_POINT('',(1.889999999971,1.999999999994,
    52.290000000002));
#8383 = DIRECTION('',(1.119186029534E-26,-1.,-4.085620730621E-14));
#8384 = DIRECTION('',(5.479392102144E-13,4.085620730621E-14,-1.));
#8385 = ADVANCED_FACE('',(#8386),#8404,.F.);
#8386 = FACE_BOUND('',#8387,.F.);
#8387 = EDGE_LOOP('',(#8388,#8396,#8402,#8403));
#8388 = ORIENTED_EDGE('',*,*,#8389,.F.);
#8389 = EDGE_CURVE('',#8390,#8198,#8392,.T.);
#8390 = VERTEX_POINT('',#8391);
#8391 = CARTESIAN_POINT('',(1.899999999926,-1.999999999998,
    43.800000000002));
#8392 = LINE('',#8393,#8394);
#8393 = CARTESIAN_POINT('',(1.899999999976,-2.000000000002,
    43.800000000002));
#8394 = VECTOR('',#8395,1.);
#8395 = DIRECTION('',(-1.115446706462E-26,1.,4.075102901527E-14));
#8396 = ORIENTED_EDGE('',*,*,#8397,.T.);
#8397 = EDGE_CURVE('',#8390,#8343,#8398,.T.);
#8398 = LINE('',#8399,#8400);
#8399 = CARTESIAN_POINT('',(1.899999999976,-2.000000000002,
    43.800000000002));
#8400 = VECTOR('',#8401,1.);
#8401 = DIRECTION('',(-5.474446822161E-13,-4.075102901527E-14,1.));
#8402 = ORIENTED_EDGE('',*,*,#8350,.T.);
#8403 = ORIENTED_EDGE('',*,*,#8197,.F.);
#8404 = PLANE('',#8405);
#8405 = AXIS2_PLACEMENT_3D('',#8406,#8407,#8408);
#8406 = CARTESIAN_POINT('',(1.899999999976,-2.000000000002,
    43.800000000002));
#8407 = DIRECTION('',(-1.,1.115446706462E-26,-5.474446822161E-13));
#8408 = DIRECTION('',(-1.115446706462E-26,1.,4.075102901527E-14));
#8409 = ADVANCED_FACE('',(#8410),#8428,.F.);
#8410 = FACE_BOUND('',#8411,.F.);
#8411 = EDGE_LOOP('',(#8412,#8413,#8414,#8422));
#8412 = ORIENTED_EDGE('',*,*,#8310,.T.);
#8413 = ORIENTED_EDGE('',*,*,#8365,.T.);
#8414 = ORIENTED_EDGE('',*,*,#8415,.F.);
#8415 = EDGE_CURVE('',#8416,#8366,#8418,.T.);
#8416 = VERTEX_POINT('',#8417);
#8417 = CARTESIAN_POINT('',(1.399999999971,-1.999999999999,
    53.800000000001));
#8418 = LINE('',#8419,#8420);
#8419 = CARTESIAN_POINT('',(1.399999999971,-1.999999999999,
    53.800000000001));
#8420 = VECTOR('',#8421,1.);
#8421 = DIRECTION('',(5.478658462571E-13,4.085620730621E-14,-1.));
#8422 = ORIENTED_EDGE('',*,*,#8423,.F.);
#8423 = EDGE_CURVE('',#8303,#8416,#8424,.T.);
#8424 = LINE('',#8425,#8426);
#8425 = CARTESIAN_POINT('',(1.399999999971,1.999999999994,
    53.800000000002));
#8426 = VECTOR('',#8427,1.);
#8427 = DIRECTION('',(1.119186029534E-26,-1.,-4.085620730621E-14));
#8428 = PLANE('',#8429);
#8429 = AXIS2_PLACEMENT_3D('',#8430,#8431,#8432);
#8430 = CARTESIAN_POINT('',(1.399999999971,1.999999999994,
    53.800000000002));
#8431 = DIRECTION('',(-1.,1.119186029534E-26,-5.478658462571E-13));
#8432 = DIRECTION('',(1.119186029534E-26,-1.,-4.085620730621E-14));
#8433 = ADVANCED_FACE('',(#8434),#8460,.T.);
#8434 = FACE_BOUND('',#8435,.T.);
#8435 = EDGE_LOOP('',(#8436,#8444,#8452,#8458,#8459));
#8436 = ORIENTED_EDGE('',*,*,#8437,.F.);
#8437 = EDGE_CURVE('',#8438,#8390,#8440,.T.);
#8438 = VERTEX_POINT('',#8439);
#8439 = CARTESIAN_POINT('',(1.899999999926,-5.999999999984,
    43.800000000001));
#8440 = LINE('',#8441,#8442);
#8441 = CARTESIAN_POINT('',(1.899999999926,-5.999999999984,
    43.800000000001));
#8442 = VECTOR('',#8443,1.);
#8443 = DIRECTION('',(-1.10713124526E-26,1.,4.044071036133E-14));
#8444 = ORIENTED_EDGE('',*,*,#8445,.T.);
#8445 = EDGE_CURVE('',#8438,#8446,#8448,.T.);
#8446 = VERTEX_POINT('',#8447);
#8447 = CARTESIAN_POINT('',(5.899999999955,-5.999999999984,
    43.800000000004));
#8448 = LINE('',#8449,#8450);
#8449 = CARTESIAN_POINT('',(1.899999999926,-5.999999999984,
    43.800000000001));
#8450 = VECTOR('',#8451,1.);
#8451 = DIRECTION('',(1.,-1.10713124526E-26,5.475330355814E-13));
#8452 = ORIENTED_EDGE('',*,*,#8453,.T.);
#8453 = EDGE_CURVE('',#8446,#8206,#8454,.T.);
#8454 = LINE('',#8455,#8456);
#8455 = CARTESIAN_POINT('',(5.899999999955,-5.999999999984,
    43.800000000004));
#8456 = VECTOR('',#8457,1.);
#8457 = DIRECTION('',(-1.10713124526E-26,1.,4.044071036133E-14));
#8458 = ORIENTED_EDGE('',*,*,#8205,.T.);
#8459 = ORIENTED_EDGE('',*,*,#8389,.F.);
#8460 = PLANE('',#8461);
#8461 = AXIS2_PLACEMENT_3D('',#8462,#8463,#8464);
#8462 = CARTESIAN_POINT('',(-2.574966749423E-11,-3.539226142441E-12,
    43.800000000001));
#8463 = DIRECTION('',(-5.474446822161E-13,-4.075102901527E-14,1.));
#8464 = DIRECTION('',(1.,0.,5.474446822161E-13));
#8465 = ADVANCED_FACE('',(#8466),#8484,.T.);
#8466 = FACE_BOUND('',#8467,.T.);
#8467 = EDGE_LOOP('',(#8468,#8469,#8477,#8483));
#8468 = ORIENTED_EDGE('',*,*,#8302,.T.);
#8469 = ORIENTED_EDGE('',*,*,#8470,.F.);
#8470 = EDGE_CURVE('',#8471,#8295,#8473,.T.);
#8471 = VERTEX_POINT('',#8472);
#8472 = CARTESIAN_POINT('',(0.899999999971,-1.999999999999,
    53.800000000001));
#8473 = LINE('',#8474,#8475);
#8474 = CARTESIAN_POINT('',(0.899999999971,-1.999999999999,
    53.800000000001));
#8475 = VECTOR('',#8476,1.);
#8476 = DIRECTION('',(-1.119186029534E-26,1.,4.085620730621E-14));
#8477 = ORIENTED_EDGE('',*,*,#8478,.T.);
#8478 = EDGE_CURVE('',#8471,#8416,#8479,.T.);
#8479 = LINE('',#8480,#8481);
#8480 = CARTESIAN_POINT('',(-1.900000000029,-2.000000000002,53.8));
#8481 = VECTOR('',#8482,1.);
#8482 = DIRECTION('',(1.,-1.115446706462E-26,5.474446822161E-13));
#8483 = ORIENTED_EDGE('',*,*,#8423,.F.);
#8484 = PLANE('',#8485);
#8485 = AXIS2_PLACEMENT_3D('',#8486,#8487,#8488);
#8486 = CARTESIAN_POINT('',(-2.945255976465E-11,-2.192350372151E-12,
    53.800000000001));
#8487 = DIRECTION('',(-5.478658462571E-13,-4.085620730621E-14,1.));
#8488 = DIRECTION('',(1.,0.,5.478658462571E-13));
#8489 = ADVANCED_FACE('',(#8490),#8556,.T.);
#8490 = FACE_BOUND('',#8491,.T.);
#8491 = EDGE_LOOP('',(#8492,#8500,#8508,#8516,#8524,#8532,#8540,#8548,
    #8554,#8555));
#8492 = ORIENTED_EDGE('',*,*,#8493,.T.);
#8493 = EDGE_CURVE('',#8446,#8494,#8496,.T.);
#8494 = VERTEX_POINT('',#8495);
#8495 = CARTESIAN_POINT('',(5.899999999978,-6.000000000002,
    38.000000000077));
#8496 = LINE('',#8497,#8498);
#8497 = CARTESIAN_POINT('',(5.899999999976,-6.000000000002,
    41.800000000004));
#8498 = VECTOR('',#8499,1.);
#8499 = DIRECTION('',(5.474446822161E-13,4.075102901527E-14,-1.));
#8500 = ORIENTED_EDGE('',*,*,#8501,.F.);
#8501 = EDGE_CURVE('',#8502,#8494,#8504,.T.);
#8502 = VERTEX_POINT('',#8503);
#8503 = CARTESIAN_POINT('',(5.899999999978,-3.999999999994,
    38.000000000077));
#8504 = LINE('',#8505,#8506);
#8505 = CARTESIAN_POINT('',(5.899999999978,-4.213571428566,
    38.000000000077));
#8506 = VECTOR('',#8507,1.);
#8507 = DIRECTION('',(1.361729524423E-26,-1.,-4.524979986759E-14));
#8508 = ORIENTED_EDGE('',*,*,#8509,.F.);
#8509 = EDGE_CURVE('',#8510,#8502,#8512,.T.);
#8510 = VERTEX_POINT('',#8511);
#8511 = CARTESIAN_POINT('',(5.899999999976,-3.999999999994,
    41.800000000004));
#8512 = LINE('',#8513,#8514);
#8513 = CARTESIAN_POINT('',(5.899999999976,-3.999999999994,
    41.800000000004));
#8514 = VECTOR('',#8515,1.);
#8515 = DIRECTION('',(5.474446822161E-13,4.075102901527E-14,-1.));
#8516 = ORIENTED_EDGE('',*,*,#8517,.T.);
#8517 = EDGE_CURVE('',#8510,#8518,#8520,.T.);
#8518 = VERTEX_POINT('',#8519);
#8519 = CARTESIAN_POINT('',(5.899999999971,-1.999999999994,
    41.800000000004));
#8520 = LINE('',#8521,#8522);
#8521 = CARTESIAN_POINT('',(5.899999999956,-5.999999999984,
    41.800000000004));
#8522 = VECTOR('',#8523,1.);
#8523 = DIRECTION('',(-1.10713124526E-26,1.,4.044071036133E-14));
#8524 = ORIENTED_EDGE('',*,*,#8525,.T.);
#8525 = EDGE_CURVE('',#8518,#8526,#8528,.T.);
#8526 = VERTEX_POINT('',#8527);
#8527 = CARTESIAN_POINT('',(5.899999999973,-1.999999999994,
    38.000000000078));
#8528 = LINE('',#8529,#8530);
#8529 = CARTESIAN_POINT('',(5.899999999971,-1.999999999994,
    41.800000000004));
#8530 = VECTOR('',#8531,1.);
#8531 = DIRECTION('',(5.474446822161E-13,4.075102901527E-14,-1.));
#8532 = ORIENTED_EDGE('',*,*,#8533,.T.);
#8533 = EDGE_CURVE('',#8526,#8534,#8536,.T.);
#8534 = VERTEX_POINT('',#8535);
#8535 = CARTESIAN_POINT('',(5.899999999958,-1.995292847693E-12,
    38.000000000078));
#8536 = LINE('',#8537,#8538);
#8537 = CARTESIAN_POINT('',(5.899999999982,-3.213571428548,
    38.000000000077));
#8538 = VECTOR('',#8539,1.);
#8539 = DIRECTION('',(-7.549516567482E-12,1.,4.524979986299E-14));
#8540 = ORIENTED_EDGE('',*,*,#8541,.F.);
#8541 = EDGE_CURVE('',#8542,#8534,#8544,.T.);
#8542 = VERTEX_POINT('',#8543);
#8543 = CARTESIAN_POINT('',(5.899999999956,-2.150146757948E-12,
    41.800000000004));
#8544 = LINE('',#8545,#8546);
#8545 = CARTESIAN_POINT('',(5.899999999956,-2.150146757948E-12,
    41.800000000004));
#8546 = VECTOR('',#8547,1.);
#8547 = DIRECTION('',(5.474446822161E-13,4.075102901527E-14,-1.));
#8548 = ORIENTED_EDGE('',*,*,#8549,.T.);
#8549 = EDGE_CURVE('',#8542,#8214,#8550,.T.);
#8550 = LINE('',#8551,#8552);
#8551 = CARTESIAN_POINT('',(5.899999999956,-5.999999999984,
    41.800000000004));
#8552 = VECTOR('',#8553,1.);
#8553 = DIRECTION('',(-1.10713124526E-26,1.,4.044071036133E-14));
#8554 = ORIENTED_EDGE('',*,*,#8213,.T.);
#8555 = ORIENTED_EDGE('',*,*,#8453,.F.);
#8556 = PLANE('',#8557);
#8557 = AXIS2_PLACEMENT_3D('',#8558,#8559,#8560);
#8558 = CARTESIAN_POINT('',(5.899999999964,-2.431818181811,
    41.115909090946));
#8559 = DIRECTION('',(1.,1.24562349521E-12,2.59748945325E-12));
#8560 = DIRECTION('',(-2.59748945325E-12,0.,1.));
#8561 = ADVANCED_FACE('',(#8562),#8580,.F.);
#8562 = FACE_BOUND('',#8563,.F.);
#8563 = EDGE_LOOP('',(#8564,#8572,#8578,#8579));
#8564 = ORIENTED_EDGE('',*,*,#8565,.T.);
#8565 = EDGE_CURVE('',#8471,#8566,#8568,.T.);
#8566 = VERTEX_POINT('',#8567);
#8567 = CARTESIAN_POINT('',(0.899999999972,-1.999999999999,
    51.800000000001));
#8568 = LINE('',#8569,#8570);
#8569 = CARTESIAN_POINT('',(0.899999999971,-1.999999999999,
    53.800000000001));
#8570 = VECTOR('',#8571,1.);
#8571 = DIRECTION('',(5.478658462571E-13,4.085620730621E-14,-1.));
#8572 = ORIENTED_EDGE('',*,*,#8573,.T.);
#8573 = EDGE_CURVE('',#8566,#8287,#8574,.T.);
#8574 = LINE('',#8575,#8576);
#8575 = CARTESIAN_POINT('',(0.899999999972,-1.999999999999,
    51.800000000001));
#8576 = VECTOR('',#8577,1.);
#8577 = DIRECTION('',(-1.119186029534E-26,1.,4.085620730621E-14));
#8578 = ORIENTED_EDGE('',*,*,#8294,.F.);
#8579 = ORIENTED_EDGE('',*,*,#8470,.F.);
#8580 = PLANE('',#8581);
#8581 = AXIS2_PLACEMENT_3D('',#8582,#8583,#8584);
#8582 = CARTESIAN_POINT('',(0.899999999971,-1.999999999999,
    53.800000000001));
#8583 = DIRECTION('',(1.,-1.119186029534E-26,5.478658462571E-13));
#8584 = DIRECTION('',(-1.119186029534E-26,1.,4.085620730621E-14));
#8585 = ADVANCED_FACE('',(#8586),#8709,.F.);
#8586 = FACE_BOUND('',#8587,.F.);
#8587 = EDGE_LOOP('',(#8588,#8598,#8604,#8605,#8613,#8622,#8630,#8636,
    #8637,#8638,#8646,#8654,#8662,#8670,#8679,#8687,#8695,#8703));
#8588 = ORIENTED_EDGE('',*,*,#8589,.F.);
#8589 = EDGE_CURVE('',#8590,#8592,#8594,.T.);
#8590 = VERTEX_POINT('',#8591);
#8591 = CARTESIAN_POINT('',(1.899999999977,-4.000000000002,
    41.800000000002));
#8592 = VERTEX_POINT('',#8593);
#8593 = CARTESIAN_POINT('',(1.899999999927,-1.999999999998,
    41.800000000002));
#8594 = LINE('',#8595,#8596);
#8595 = CARTESIAN_POINT('',(1.899999999927,-5.999999999984,
    41.800000000001));
#8596 = VECTOR('',#8597,1.);
#8597 = DIRECTION('',(-1.10713124526E-26,1.,4.044071036133E-14));
#8598 = ORIENTED_EDGE('',*,*,#8599,.T.);
#8599 = EDGE_CURVE('',#8590,#8510,#8600,.T.);
#8600 = LINE('',#8601,#8602);
#8601 = CARTESIAN_POINT('',(1.899999999977,-4.000000000002,
    41.800000000002));
#8602 = VECTOR('',#8603,1.);
#8603 = DIRECTION('',(1.,1.948774475125E-12,5.474446822161E-13));
#8604 = ORIENTED_EDGE('',*,*,#8517,.T.);
#8605 = ORIENTED_EDGE('',*,*,#8606,.F.);
#8606 = EDGE_CURVE('',#8607,#8518,#8609,.T.);
#8607 = VERTEX_POINT('',#8608);
#8608 = CARTESIAN_POINT('',(3.399999999972,-1.999999999995,
    41.800000000002));
#8609 = LINE('',#8610,#8611);
#8610 = CARTESIAN_POINT('',(3.399999999972,-1.999999999995,
    41.800000000002));
#8611 = VECTOR('',#8612,1.);
#8612 = DIRECTION('',(1.,6.147971021167E-13,5.474446822161E-13));
#8613 = ORIENTED_EDGE('',*,*,#8614,.F.);
#8614 = EDGE_CURVE('',#8615,#8607,#8617,.T.);
#8615 = VERTEX_POINT('',#8616);
#8616 = CARTESIAN_POINT('',(1.899999999971,-0.499999999996,
    41.800000000002));
#8617 = CIRCLE('',#8618,1.5);
#8618 = AXIS2_PLACEMENT_3D('',#8619,#8620,#8621);
#8619 = CARTESIAN_POINT('',(3.399999999971,-0.499999999995,
    41.800000000003));
#8620 = DIRECTION('',(-5.762057497805E-13,2.220446045706E-16,1.));
#8621 = DIRECTION('',(-1.,-1.614295830902E-42,-5.762057497805E-13));
#8622 = ORIENTED_EDGE('',*,*,#8623,.F.);
#8623 = EDGE_CURVE('',#8624,#8615,#8626,.T.);
#8624 = VERTEX_POINT('',#8625);
#8625 = CARTESIAN_POINT('',(1.899999999974,-2.150012366557E-12,
    41.800000000002));
#8626 = LINE('',#8627,#8628);
#8627 = CARTESIAN_POINT('',(1.899999999971,-2.149877975167E-12,
    41.800000000002));
#8628 = VECTOR('',#8629,1.);
#8629 = DIRECTION('',(1.115446706462E-26,-1.,-4.075102901527E-14));
#8630 = ORIENTED_EDGE('',*,*,#8631,.T.);
#8631 = EDGE_CURVE('',#8624,#8542,#8632,.T.);
#8632 = LINE('',#8633,#8634);
#8633 = CARTESIAN_POINT('',(1.899999999977,-2.150146757948E-12,
    41.800000000002));
#8634 = VECTOR('',#8635,1.);
#8635 = DIRECTION('',(1.,-1.115446706462E-26,5.474446822161E-13));
#8636 = ORIENTED_EDGE('',*,*,#8549,.T.);
#8637 = ORIENTED_EDGE('',*,*,#8221,.T.);
#8638 = ORIENTED_EDGE('',*,*,#8639,.T.);
#8639 = EDGE_CURVE('',#8222,#8640,#8642,.T.);
#8640 = VERTEX_POINT('',#8641);
#8641 = CARTESIAN_POINT('',(-1.899999999972,3.999999999992,41.8));
#8642 = LINE('',#8643,#8644);
#8643 = CARTESIAN_POINT('',(-1.9,1.999999999998,41.8));
#8644 = VECTOR('',#8645,1.);
#8645 = DIRECTION('',(-1.10713124526E-26,1.,4.044071036133E-14));
#8646 = ORIENTED_EDGE('',*,*,#8647,.T.);
#8647 = EDGE_CURVE('',#8640,#8648,#8650,.T.);
#8648 = VERTEX_POINT('',#8649);
#8649 = CARTESIAN_POINT('',(-5.900000000023,3.999999999992,
    41.799999999998));
#8650 = LINE('',#8651,#8652);
#8651 = CARTESIAN_POINT('',(-1.899999999972,3.999999999992,41.8));
#8652 = VECTOR('',#8653,1.);
#8653 = DIRECTION('',(-1.,1.115446706462E-26,-5.474446822161E-13));
#8654 = ORIENTED_EDGE('',*,*,#8655,.F.);
#8655 = EDGE_CURVE('',#8656,#8648,#8658,.T.);
#8656 = VERTEX_POINT('',#8657);
#8657 = CARTESIAN_POINT('',(-5.900000000002,1.999999509798,
    41.799999999998));
#8658 = LINE('',#8659,#8660);
#8659 = CARTESIAN_POINT('',(-5.900000000002,-1.999999999998,
    41.799999999997));
#8660 = VECTOR('',#8661,1.);
#8661 = DIRECTION('',(-1.10713124526E-26,1.,4.044071036133E-14));
#8662 = ORIENTED_EDGE('',*,*,#8663,.T.);
#8663 = EDGE_CURVE('',#8656,#8664,#8666,.T.);
#8664 = VERTEX_POINT('',#8665);
#8665 = CARTESIAN_POINT('',(-3.400000000003,1.999999509798,
    41.799999999999));
#8666 = LINE('',#8667,#8668);
#8667 = CARTESIAN_POINT('',(-5.900000000002,1.999999509798,
    41.799999999998));
#8668 = VECTOR('',#8669,1.);
#8669 = DIRECTION('',(1.,-1.115446706462E-26,5.474446822161E-13));
#8670 = ORIENTED_EDGE('',*,*,#8671,.T.);
#8671 = EDGE_CURVE('',#8664,#8672,#8674,.T.);
#8672 = VERTEX_POINT('',#8673);
#8673 = CARTESIAN_POINT('',(-1.9,0.499999999993,41.8));
#8674 = CIRCLE('',#8675,1.5);
#8675 = AXIS2_PLACEMENT_3D('',#8676,#8677,#8678);
#8676 = CARTESIAN_POINT('',(-3.4,0.499999509798,41.799999999999));
#8677 = DIRECTION('',(5.474446822161E-13,4.075102901527E-14,-1.));
#8678 = DIRECTION('',(1.,-1.115446706462E-26,5.474446822161E-13));
#8679 = ORIENTED_EDGE('',*,*,#8680,.T.);
#8680 = EDGE_CURVE('',#8672,#8681,#8683,.T.);
#8681 = VERTEX_POINT('',#8682);
#8682 = CARTESIAN_POINT('',(-1.9,-1.703393012838E-12,41.8));
#8683 = LINE('',#8684,#8685);
#8684 = CARTESIAN_POINT('',(-1.9,0.499999999993,41.8));
#8685 = VECTOR('',#8686,1.);
#8686 = DIRECTION('',(1.115446706462E-26,-1.,-4.075102901527E-14));
#8687 = ORIENTED_EDGE('',*,*,#8688,.F.);
#8688 = EDGE_CURVE('',#8689,#8681,#8691,.T.);
#8689 = VERTEX_POINT('',#8690);
#8690 = CARTESIAN_POINT('',(-5.900000000002,-1.703393012838E-12,
    41.799999999997));
#8691 = LINE('',#8692,#8693);
#8692 = CARTESIAN_POINT('',(-5.900000000002,-1.703393012838E-12,
    41.799999999997));
#8693 = VECTOR('',#8694,1.);
#8694 = DIRECTION('',(1.,-1.115446706462E-26,5.474446822161E-13));
#8695 = ORIENTED_EDGE('',*,*,#8696,.F.);
#8696 = EDGE_CURVE('',#8697,#8689,#8699,.T.);
#8697 = VERTEX_POINT('',#8698);
#8698 = CARTESIAN_POINT('',(-5.900000000002,-1.999999999998,
    41.799999999997));
#8699 = LINE('',#8700,#8701);
#8700 = CARTESIAN_POINT('',(-5.900000000002,-1.999999999998,
    41.799999999997));
#8701 = VECTOR('',#8702,1.);
#8702 = DIRECTION('',(-1.10713124526E-26,1.,4.044071036133E-14));
#8703 = ORIENTED_EDGE('',*,*,#8704,.F.);
#8704 = EDGE_CURVE('',#8592,#8697,#8705,.T.);
#8705 = LINE('',#8706,#8707);
#8706 = CARTESIAN_POINT('',(1.899999999927,-1.999999999998,
    41.800000000002));
#8707 = VECTOR('',#8708,1.);
#8708 = DIRECTION('',(-1.,1.10713124526E-26,-5.475330355814E-13));
#8709 = PLANE('',#8710);
#8710 = AXIS2_PLACEMENT_3D('',#8711,#8712,#8713);
#8711 = CARTESIAN_POINT('',(-2.465460142306E-11,-3.458344721719E-12,
    41.800000000001));
#8712 = DIRECTION('',(-5.474446822161E-13,-4.075102901527E-14,1.));
#8713 = DIRECTION('',(1.,0.,5.474446822161E-13));
#8714 = ADVANCED_FACE('',(#8715),#8733,.T.);
#8715 = FACE_BOUND('',#8716,.T.);
#8716 = EDGE_LOOP('',(#8717,#8725,#8731,#8732));
#8717 = ORIENTED_EDGE('',*,*,#8718,.T.);
#8718 = EDGE_CURVE('',#8279,#8719,#8721,.T.);
#8719 = VERTEX_POINT('',#8720);
#8720 = CARTESIAN_POINT('',(-0.900000000028,-1.999999999999,51.8));
#8721 = LINE('',#8722,#8723);
#8722 = CARTESIAN_POINT('',(-0.900000000028,1.999999999995,51.8));
#8723 = VECTOR('',#8724,1.);
#8724 = DIRECTION('',(1.119186029534E-26,-1.,-4.085620730621E-14));
#8725 = ORIENTED_EDGE('',*,*,#8726,.T.);
#8726 = EDGE_CURVE('',#8719,#8566,#8727,.T.);
#8727 = LINE('',#8728,#8729);
#8728 = CARTESIAN_POINT('',(-0.900000000028,-1.999999999999,51.8));
#8729 = VECTOR('',#8730,1.);
#8730 = DIRECTION('',(1.,-1.119186029534E-26,5.478658462571E-13));
#8731 = ORIENTED_EDGE('',*,*,#8573,.T.);
#8732 = ORIENTED_EDGE('',*,*,#8286,.T.);
#8733 = PLANE('',#8734);
#8734 = AXIS2_PLACEMENT_3D('',#8735,#8736,#8737);
#8735 = CARTESIAN_POINT('',(-2.834433350801E-11,-2.118083486383E-12,
    51.800000000001));
#8736 = DIRECTION('',(-5.479392102144E-13,-4.085620730627E-14,1.));
#8737 = DIRECTION('',(1.,0.,5.479392102144E-13));
#8738 = ADVANCED_FACE('',(#8739),#8773,.T.);
#8739 = FACE_BOUND('',#8740,.T.);
#8740 = EDGE_LOOP('',(#8741,#8742,#8743,#8751,#8759,#8767));
#8741 = ORIENTED_EDGE('',*,*,#8229,.F.);
#8742 = ORIENTED_EDGE('',*,*,#8639,.T.);
#8743 = ORIENTED_EDGE('',*,*,#8744,.T.);
#8744 = EDGE_CURVE('',#8640,#8745,#8747,.T.);
#8745 = VERTEX_POINT('',#8746);
#8746 = CARTESIAN_POINT('',(-1.89999999997,3.999999999992,
    38.000000000073));
#8747 = LINE('',#8748,#8749);
#8748 = CARTESIAN_POINT('',(-1.899999999972,3.999999999992,41.8));
#8749 = VECTOR('',#8750,1.);
#8750 = DIRECTION('',(5.474446822161E-13,4.075102901527E-14,-1.));
#8751 = ORIENTED_EDGE('',*,*,#8752,.F.);
#8752 = EDGE_CURVE('',#8753,#8745,#8755,.T.);
#8753 = VERTEX_POINT('',#8754);
#8754 = CARTESIAN_POINT('',(-1.89999999997,5.999999999998,
    38.000000000073));
#8755 = LINE('',#8756,#8757);
#8756 = CARTESIAN_POINT('',(-1.89999999997,0.78642857143,38.000000000073
    ));
#8757 = VECTOR('',#8758,1.);
#8758 = DIRECTION('',(1.361729524423E-26,-1.,-4.524979986759E-14));
#8759 = ORIENTED_EDGE('',*,*,#8760,.F.);
#8760 = EDGE_CURVE('',#8761,#8753,#8763,.T.);
#8761 = VERTEX_POINT('',#8762);
#8762 = CARTESIAN_POINT('',(-1.900000000001,5.999999999981,43.8));
#8763 = LINE('',#8764,#8765);
#8764 = CARTESIAN_POINT('',(-1.899999999972,5.999999999998,41.8));
#8765 = VECTOR('',#8766,1.);
#8766 = DIRECTION('',(5.474446822161E-13,4.075102901527E-14,-1.));
#8767 = ORIENTED_EDGE('',*,*,#8768,.F.);
#8768 = EDGE_CURVE('',#8230,#8761,#8769,.T.);
#8769 = LINE('',#8770,#8771);
#8770 = CARTESIAN_POINT('',(-1.900000000001,1.999999999998,43.8));
#8771 = VECTOR('',#8772,1.);
#8772 = DIRECTION('',(-1.10713124526E-26,1.,4.044071036133E-14));
#8773 = PLANE('',#8774);
#8774 = AXIS2_PLACEMENT_3D('',#8775,#8776,#8777);
#8775 = CARTESIAN_POINT('',(-1.899999999986,4.38775510203,
    41.287755102069));
#8776 = DIRECTION('',(1.,-1.600606510524E-12,4.861694577678E-12));
#8777 = DIRECTION('',(-4.861694577678E-12,0.,1.));
#8778 = ADVANCED_FACE('',(#8779),#8797,.F.);
#8779 = FACE_BOUND('',#8780,.F.);
#8780 = EDGE_LOOP('',(#8781,#8782,#8783,#8791));
#8781 = ORIENTED_EDGE('',*,*,#8278,.T.);
#8782 = ORIENTED_EDGE('',*,*,#8718,.T.);
#8783 = ORIENTED_EDGE('',*,*,#8784,.F.);
#8784 = EDGE_CURVE('',#8785,#8719,#8787,.T.);
#8785 = VERTEX_POINT('',#8786);
#8786 = CARTESIAN_POINT('',(-0.900000000029,-1.999999999999,53.8));
#8787 = LINE('',#8788,#8789);
#8788 = CARTESIAN_POINT('',(-0.900000000029,-1.999999999999,53.8));
#8789 = VECTOR('',#8790,1.);
#8790 = DIRECTION('',(5.478658462571E-13,4.085620730621E-14,-1.));
#8791 = ORIENTED_EDGE('',*,*,#8792,.F.);
#8792 = EDGE_CURVE('',#8271,#8785,#8793,.T.);
#8793 = LINE('',#8794,#8795);
#8794 = CARTESIAN_POINT('',(-0.900000000029,1.999999999994,53.8));
#8795 = VECTOR('',#8796,1.);
#8796 = DIRECTION('',(1.119186029534E-26,-1.,-4.085620730621E-14));
#8797 = PLANE('',#8798);
#8798 = AXIS2_PLACEMENT_3D('',#8799,#8800,#8801);
#8799 = CARTESIAN_POINT('',(-0.900000000029,1.999999999994,53.8));
#8800 = DIRECTION('',(-1.,1.119186029534E-26,-5.478658462571E-13));
#8801 = DIRECTION('',(1.119186029534E-26,-1.,-4.085620730621E-14));
#8802 = ADVANCED_FACE('',(#8803),#8828,.F.);
#8803 = FACE_BOUND('',#8804,.F.);
#8804 = EDGE_LOOP('',(#8805,#8813,#8814,#8822));
#8805 = ORIENTED_EDGE('',*,*,#8806,.F.);
#8806 = EDGE_CURVE('',#8230,#8807,#8809,.T.);
#8807 = VERTEX_POINT('',#8808);
#8808 = CARTESIAN_POINT('',(-1.900000000024,-2.000000000002,43.8));
#8809 = LINE('',#8810,#8811);
#8810 = CARTESIAN_POINT('',(-1.900000000024,1.999999999998,43.8));
#8811 = VECTOR('',#8812,1.);
#8812 = DIRECTION('',(1.115446706462E-26,-1.,-4.075102901527E-14));
#8813 = ORIENTED_EDGE('',*,*,#8237,.T.);
#8814 = ORIENTED_EDGE('',*,*,#8815,.T.);
#8815 = EDGE_CURVE('',#8238,#8816,#8818,.T.);
#8816 = VERTEX_POINT('',#8817);
#8817 = CARTESIAN_POINT('',(-1.900000000028,-2.,51.8));
#8818 = LINE('',#8819,#8820);
#8819 = CARTESIAN_POINT('',(-1.900000000028,0.999999999998,51.8));
#8820 = VECTOR('',#8821,1.);
#8821 = DIRECTION('',(1.121204636071E-26,-1.,-4.085620730627E-14));
#8822 = ORIENTED_EDGE('',*,*,#8823,.F.);
#8823 = EDGE_CURVE('',#8807,#8816,#8824,.T.);
#8824 = LINE('',#8825,#8826);
#8825 = CARTESIAN_POINT('',(-1.900000000024,-2.000000000002,43.8));
#8826 = VECTOR('',#8827,1.);
#8827 = DIRECTION('',(-5.474446822161E-13,-4.075102901527E-14,1.));
#8828 = PLANE('',#8829);
#8829 = AXIS2_PLACEMENT_3D('',#8830,#8831,#8832);
#8830 = CARTESIAN_POINT('',(-1.900000000024,1.999999999998,43.8));
#8831 = DIRECTION('',(1.,-1.115446706462E-26,5.474446822161E-13));
#8832 = DIRECTION('',(1.115446706462E-26,-1.,-4.075102901527E-14));
#8833 = ADVANCED_FACE('',(#8834),#8852,.T.);
#8834 = FACE_BOUND('',#8835,.T.);
#8835 = EDGE_LOOP('',(#8836,#8837,#8845,#8851));
#8836 = ORIENTED_EDGE('',*,*,#8270,.T.);
#8837 = ORIENTED_EDGE('',*,*,#8838,.F.);
#8838 = EDGE_CURVE('',#8839,#8263,#8841,.T.);
#8839 = VERTEX_POINT('',#8840);
#8840 = CARTESIAN_POINT('',(-1.400000000029,-1.999999999999,53.8));
#8841 = LINE('',#8842,#8843);
#8842 = CARTESIAN_POINT('',(-1.400000000029,-1.999999999999,53.8));
#8843 = VECTOR('',#8844,1.);
#8844 = DIRECTION('',(-1.119186029534E-26,1.,4.085620730621E-14));
#8845 = ORIENTED_EDGE('',*,*,#8846,.T.);
#8846 = EDGE_CURVE('',#8839,#8785,#8847,.T.);
#8847 = LINE('',#8848,#8849);
#8848 = CARTESIAN_POINT('',(-1.900000000029,-2.000000000002,53.8));
#8849 = VECTOR('',#8850,1.);
#8850 = DIRECTION('',(1.,-1.115446706462E-26,5.474446822161E-13));
#8851 = ORIENTED_EDGE('',*,*,#8792,.F.);
#8852 = PLANE('',#8853);
#8853 = AXIS2_PLACEMENT_3D('',#8854,#8855,#8856);
#8854 = CARTESIAN_POINT('',(-2.945255976465E-11,-2.192350372151E-12,
    53.800000000001));
#8855 = DIRECTION('',(-5.478658462571E-13,-4.085620730621E-14,1.));
#8856 = DIRECTION('',(1.,0.,5.478658462571E-13));
#8857 = ADVANCED_FACE('',(#8858),#8876,.T.);
#8858 = FACE_BOUND('',#8859,.T.);
#8859 = EDGE_LOOP('',(#8860,#8868,#8874,#8875));
#8860 = ORIENTED_EDGE('',*,*,#8861,.T.);
#8861 = EDGE_CURVE('',#8816,#8862,#8864,.T.);
#8862 = VERTEX_POINT('',#8863);
#8863 = CARTESIAN_POINT('',(-1.890000000028,-1.999999999999,51.8));
#8864 = LINE('',#8865,#8866);
#8865 = CARTESIAN_POINT('',(-2.000000000028,-1.999999999999,
    51.799999999999));
#8866 = VECTOR('',#8867,1.);
#8867 = DIRECTION('',(1.,-1.119186029534E-26,5.478658462571E-13));
#8868 = ORIENTED_EDGE('',*,*,#8869,.T.);
#8869 = EDGE_CURVE('',#8862,#8246,#8870,.T.);
#8870 = LINE('',#8871,#8872);
#8871 = CARTESIAN_POINT('',(-1.890000000028,-1.999999999999,51.8));
#8872 = VECTOR('',#8873,1.);
#8873 = DIRECTION('',(-1.119186029534E-26,1.,4.085620730621E-14));
#8874 = ORIENTED_EDGE('',*,*,#8245,.T.);
#8875 = ORIENTED_EDGE('',*,*,#8815,.T.);
#8876 = PLANE('',#8877);
#8877 = AXIS2_PLACEMENT_3D('',#8878,#8879,#8880);
#8878 = CARTESIAN_POINT('',(-2.834433350801E-11,-2.118083486383E-12,
    51.800000000001));
#8879 = DIRECTION('',(-5.479392102144E-13,-4.085620730627E-14,1.));
#8880 = DIRECTION('',(1.,0.,5.479392102144E-13));
#8881 = ADVANCED_FACE('',(#8882),#8900,.F.);
#8882 = FACE_BOUND('',#8883,.F.);
#8883 = EDGE_LOOP('',(#8884,#8892,#8898,#8899));
#8884 = ORIENTED_EDGE('',*,*,#8885,.T.);
#8885 = EDGE_CURVE('',#8839,#8886,#8888,.T.);
#8886 = VERTEX_POINT('',#8887);
#8887 = CARTESIAN_POINT('',(-1.400000000029,-1.999999999999,52.29));
#8888 = LINE('',#8889,#8890);
#8889 = CARTESIAN_POINT('',(-1.400000000029,-1.999999999999,53.8));
#8890 = VECTOR('',#8891,1.);
#8891 = DIRECTION('',(5.478658462571E-13,4.085620730621E-14,-1.));
#8892 = ORIENTED_EDGE('',*,*,#8893,.T.);
#8893 = EDGE_CURVE('',#8886,#8254,#8894,.T.);
#8894 = LINE('',#8895,#8896);
#8895 = CARTESIAN_POINT('',(-1.400000000029,-1.999999999999,52.29));
#8896 = VECTOR('',#8897,1.);
#8897 = DIRECTION('',(-1.119186029534E-26,1.,4.085620730621E-14));
#8898 = ORIENTED_EDGE('',*,*,#8262,.F.);
#8899 = ORIENTED_EDGE('',*,*,#8838,.F.);
#8900 = PLANE('',#8901);
#8901 = AXIS2_PLACEMENT_3D('',#8902,#8903,#8904);
#8902 = CARTESIAN_POINT('',(-1.400000000029,-1.999999999999,53.8));
#8903 = DIRECTION('',(1.,-1.119186029534E-26,5.478658462571E-13));
#8904 = DIRECTION('',(-1.119186029534E-26,1.,4.085620730621E-14));
#8905 = ADVANCED_FACE('',(#8906),#8918,.F.);
#8906 = FACE_BOUND('',#8907,.F.);
#8907 = EDGE_LOOP('',(#8908,#8915,#8916,#8917));
#8908 = ORIENTED_EDGE('',*,*,#8909,.T.);
#8909 = EDGE_CURVE('',#8886,#8862,#8910,.T.);
#8910 = CIRCLE('',#8911,0.49);
#8911 = AXIS2_PLACEMENT_3D('',#8912,#8913,#8914);
#8912 = CARTESIAN_POINT('',(-1.890000000029,-2.000000000002,52.29));
#8913 = DIRECTION('',(-1.119186029534E-26,1.,4.085620730621E-14));
#8914 = DIRECTION('',(0.,-4.085620730621E-14,1.));
#8915 = ORIENTED_EDGE('',*,*,#8869,.T.);
#8916 = ORIENTED_EDGE('',*,*,#8253,.F.);
#8917 = ORIENTED_EDGE('',*,*,#8893,.F.);
#8918 = CYLINDRICAL_SURFACE('',#8919,0.49);
#8919 = AXIS2_PLACEMENT_3D('',#8920,#8921,#8922);
#8920 = CARTESIAN_POINT('',(-1.890000000029,-1.999999999999,52.29));
#8921 = DIRECTION('',(-1.119186029534E-26,1.,4.085620730621E-14));
#8922 = DIRECTION('',(1.,-1.119186029534E-26,5.478658462571E-13));
#8923 = ADVANCED_FACE('',(#8924),#8960,.T.);
#8924 = FACE_BOUND('',#8925,.T.);
#8925 = EDGE_LOOP('',(#8926,#8927,#8928,#8936,#8942,#8943,#8949,#8950,
    #8951,#8952,#8953,#8954,#8955,#8956,#8957,#8958,#8959));
#8926 = ORIENTED_EDGE('',*,*,#8861,.F.);
#8927 = ORIENTED_EDGE('',*,*,#8823,.F.);
#8928 = ORIENTED_EDGE('',*,*,#8929,.T.);
#8929 = EDGE_CURVE('',#8807,#8930,#8932,.T.);
#8930 = VERTEX_POINT('',#8931);
#8931 = CARTESIAN_POINT('',(-5.900000000003,-1.999999999998,
    43.799999999997));
#8932 = LINE('',#8933,#8934);
#8933 = CARTESIAN_POINT('',(1.899999999926,-1.999999999998,
    43.800000000002));
#8934 = VECTOR('',#8935,1.);
#8935 = DIRECTION('',(-1.,1.10713124526E-26,-5.475330355814E-13));
#8936 = ORIENTED_EDGE('',*,*,#8937,.F.);
#8937 = EDGE_CURVE('',#8697,#8930,#8938,.T.);
#8938 = LINE('',#8939,#8940);
#8939 = CARTESIAN_POINT('',(-5.900000000002,-1.999999999998,
    41.799999999997));
#8940 = VECTOR('',#8941,1.);
#8941 = DIRECTION('',(-5.475330355814E-13,-4.044071036133E-14,1.));
#8942 = ORIENTED_EDGE('',*,*,#8704,.F.);
#8943 = ORIENTED_EDGE('',*,*,#8944,.T.);
#8944 = EDGE_CURVE('',#8592,#8390,#8945,.T.);
#8945 = LINE('',#8946,#8947);
#8946 = CARTESIAN_POINT('',(1.899999999927,-1.999999999998,
    41.800000000002));
#8947 = VECTOR('',#8948,1.);
#8948 = DIRECTION('',(-5.475330355814E-13,-4.044071036133E-14,1.));
#8949 = ORIENTED_EDGE('',*,*,#8397,.T.);
#8950 = ORIENTED_EDGE('',*,*,#8342,.F.);
#8951 = ORIENTED_EDGE('',*,*,#8373,.T.);
#8952 = ORIENTED_EDGE('',*,*,#8415,.F.);
#8953 = ORIENTED_EDGE('',*,*,#8478,.F.);
#8954 = ORIENTED_EDGE('',*,*,#8565,.T.);
#8955 = ORIENTED_EDGE('',*,*,#8726,.F.);
#8956 = ORIENTED_EDGE('',*,*,#8784,.F.);
#8957 = ORIENTED_EDGE('',*,*,#8846,.F.);
#8958 = ORIENTED_EDGE('',*,*,#8885,.T.);
#8959 = ORIENTED_EDGE('',*,*,#8909,.T.);
#8960 = PLANE('',#8961);
#8961 = AXIS2_PLACEMENT_3D('',#8962,#8963,#8964);
#8962 = CARTESIAN_POINT('',(-0.989898989924,-2.000000000001,
    46.78989898991));
#8963 = DIRECTION('',(-1.417525927597E-13,-1.,-2.319699001172E-13));
#8964 = DIRECTION('',(0.,2.319699001172E-13,-1.));
#8965 = ADVANCED_FACE('',(#8966),#8993,.T.);
#8966 = FACE_BOUND('',#8967,.T.);
#8967 = EDGE_LOOP('',(#8968,#8976,#8977,#8978,#8979,#8987));
#8968 = ORIENTED_EDGE('',*,*,#8969,.T.);
#8969 = EDGE_CURVE('',#8970,#8438,#8972,.T.);
#8970 = VERTEX_POINT('',#8971);
#8971 = CARTESIAN_POINT('',(1.899999999979,-6.000000000002,
    38.000000000075));
#8972 = LINE('',#8973,#8974);
#8973 = CARTESIAN_POINT('',(1.899999999927,-5.999999999984,
    41.800000000001));
#8974 = VECTOR('',#8975,1.);
#8975 = DIRECTION('',(-5.475330355814E-13,-4.044071036133E-14,1.));
#8976 = ORIENTED_EDGE('',*,*,#8437,.T.);
#8977 = ORIENTED_EDGE('',*,*,#8944,.F.);
#8978 = ORIENTED_EDGE('',*,*,#8589,.F.);
#8979 = ORIENTED_EDGE('',*,*,#8980,.T.);
#8980 = EDGE_CURVE('',#8590,#8981,#8983,.T.);
#8981 = VERTEX_POINT('',#8982);
#8982 = CARTESIAN_POINT('',(1.899999999979,-4.000000000002,
    38.000000000075));
#8983 = LINE('',#8984,#8985);
#8984 = CARTESIAN_POINT('',(1.899999999977,-4.000000000002,
    41.800000000002));
#8985 = VECTOR('',#8986,1.);
#8986 = DIRECTION('',(5.474446822161E-13,4.075102901527E-14,-1.));
#8987 = ORIENTED_EDGE('',*,*,#8988,.F.);
#8988 = EDGE_CURVE('',#8970,#8981,#8989,.T.);
#8989 = LINE('',#8990,#8991);
#8990 = CARTESIAN_POINT('',(1.899999999979,-5.21357142857,
    38.000000000075));
#8991 = VECTOR('',#8992,1.);
#8992 = DIRECTION('',(-1.361729524423E-26,1.,4.524979986759E-14));
#8993 = PLANE('',#8994);
#8994 = AXIS2_PLACEMENT_3D('',#8995,#8996,#8997);
#8995 = CARTESIAN_POINT('',(1.899999999952,-4.387755102034,
    41.287755102073));
#8996 = DIRECTION('',(-1.,-2.933246742037E-12,-8.453633020506E-12));
#8997 = DIRECTION('',(8.453633020506E-12,0.,-1.));
#8998 = ADVANCED_FACE('',(#8999),#9010,.T.);
#8999 = FACE_BOUND('',#9000,.T.);
#9000 = EDGE_LOOP('',(#9001,#9002,#9008,#9009));
#9001 = ORIENTED_EDGE('',*,*,#8969,.F.);
#9002 = ORIENTED_EDGE('',*,*,#9003,.F.);
#9003 = EDGE_CURVE('',#8494,#8970,#9004,.T.);
#9004 = LINE('',#9005,#9006);
#9005 = CARTESIAN_POINT('',(3.509999999973,-6.000000000002,
    38.000000000076));
#9006 = VECTOR('',#9007,1.);
#9007 = DIRECTION('',(-1.,1.368765622469E-26,-6.096072636595E-13));
#9008 = ORIENTED_EDGE('',*,*,#8493,.F.);
#9009 = ORIENTED_EDGE('',*,*,#8445,.F.);
#9010 = PLANE('',#9011);
#9011 = AXIS2_PLACEMENT_3D('',#9012,#9013,#9014);
#9012 = CARTESIAN_POINT('',(3.899999999963,-5.999999999995,
    40.900000000044));
#9013 = DIRECTION('',(0.,-1.,2.749466051772E-12));
#9014 = DIRECTION('',(0.,-2.749466051772E-12,-1.));
#9015 = ADVANCED_FACE('',(#9016),#9027,.T.);
#9016 = FACE_BOUND('',#9017,.T.);
#9017 = EDGE_LOOP('',(#9018,#9019,#9025,#9026));
#9018 = ORIENTED_EDGE('',*,*,#8988,.T.);
#9019 = ORIENTED_EDGE('',*,*,#9020,.T.);
#9020 = EDGE_CURVE('',#8981,#8502,#9021,.T.);
#9021 = LINE('',#9022,#9023);
#9022 = CARTESIAN_POINT('',(1.509999999973,-4.000000000002,
    38.000000000075));
#9023 = VECTOR('',#9024,1.);
#9024 = DIRECTION('',(1.,1.948774475125E-12,6.096072636595E-13));
#9025 = ORIENTED_EDGE('',*,*,#8501,.T.);
#9026 = ORIENTED_EDGE('',*,*,#9003,.T.);
#9027 = PLANE('',#9028);
#9028 = AXIS2_PLACEMENT_3D('',#9029,#9030,#9031);
#9029 = CARTESIAN_POINT('',(1.119999999968,-4.427142857138,
    38.000000000074));
#9030 = DIRECTION('',(6.096072636595E-13,4.524979986759E-14,-1.));
#9031 = DIRECTION('',(-1.,0.,-6.096072636595E-13));
#9032 = ADVANCED_FACE('',(#9033),#9039,.F.);
#9033 = FACE_BOUND('',#9034,.F.);
#9034 = EDGE_LOOP('',(#9035,#9036,#9037,#9038));
#9035 = ORIENTED_EDGE('',*,*,#8599,.F.);
#9036 = ORIENTED_EDGE('',*,*,#8980,.T.);
#9037 = ORIENTED_EDGE('',*,*,#9020,.T.);
#9038 = ORIENTED_EDGE('',*,*,#8509,.F.);
#9039 = PLANE('',#9040);
#9040 = AXIS2_PLACEMENT_3D('',#9041,#9042,#9043);
#9041 = CARTESIAN_POINT('',(1.899999999977,-4.000000000002,
    41.800000000002));
#9042 = DIRECTION('',(1.948774475125E-12,-1.,-4.075102901421E-14));
#9043 = DIRECTION('',(1.,1.948774475125E-12,5.474446822161E-13));
#9044 = ADVANCED_FACE('',(#9045),#9063,.T.);
#9045 = FACE_BOUND('',#9046,.T.);
#9046 = EDGE_LOOP('',(#9047,#9048,#9056,#9062));
#9047 = ORIENTED_EDGE('',*,*,#8606,.F.);
#9048 = ORIENTED_EDGE('',*,*,#9049,.T.);
#9049 = EDGE_CURVE('',#8607,#9050,#9052,.T.);
#9050 = VERTEX_POINT('',#9051);
#9051 = CARTESIAN_POINT('',(3.399999999974,-1.999999999995,
    38.000000000076));
#9052 = LINE('',#9053,#9054);
#9053 = CARTESIAN_POINT('',(3.399999999972,-1.999999999995,
    41.800000000002));
#9054 = VECTOR('',#9055,1.);
#9055 = DIRECTION('',(5.474446822161E-13,4.075102901527E-14,-1.));
#9056 = ORIENTED_EDGE('',*,*,#9057,.T.);
#9057 = EDGE_CURVE('',#9050,#8526,#9058,.T.);
#9058 = LINE('',#9059,#9060);
#9059 = CARTESIAN_POINT('',(2.25999999997,-1.999999999996,
    38.000000000075));
#9060 = VECTOR('',#9061,1.);
#9061 = DIRECTION('',(1.,6.147971021167E-13,6.096072636595E-13));
#9062 = ORIENTED_EDGE('',*,*,#8525,.F.);
#9063 = PLANE('',#9064);
#9064 = AXIS2_PLACEMENT_3D('',#9065,#9066,#9067);
#9065 = CARTESIAN_POINT('',(3.399999999972,-1.999999999995,
    41.800000000002));
#9066 = DIRECTION('',(6.147971021167E-13,-1.,-4.075102901494E-14));
#9067 = DIRECTION('',(1.,6.147971021167E-13,5.474446822161E-13));
#9068 = ADVANCED_FACE('',(#9069),#9096,.T.);
#9069 = FACE_BOUND('',#9070,.T.);
#9070 = EDGE_LOOP('',(#9071,#9081,#9087,#9088,#9089));
#9071 = ORIENTED_EDGE('',*,*,#9072,.F.);
#9072 = EDGE_CURVE('',#9073,#9075,#9077,.T.);
#9073 = VERTEX_POINT('',#9074);
#9074 = CARTESIAN_POINT('',(1.899999999976,-1.995158456302E-12,
    38.000000000075));
#9075 = VERTEX_POINT('',#9076);
#9076 = CARTESIAN_POINT('',(1.899999999973,-0.499999999996,
    38.000000000075));
#9077 = LINE('',#9078,#9079);
#9078 = CARTESIAN_POINT('',(1.899999999973,-2.21357142857,
    38.000000000075));
#9079 = VECTOR('',#9080,1.);
#9080 = DIRECTION('',(1.361729524423E-26,-1.,-4.524979986759E-14));
#9081 = ORIENTED_EDGE('',*,*,#9082,.T.);
#9082 = EDGE_CURVE('',#9073,#8534,#9083,.T.);
#9083 = LINE('',#9084,#9085);
#9084 = CARTESIAN_POINT('',(1.509999999974,-1.995514878379E-12,
    38.000000000075));
#9085 = VECTOR('',#9086,1.);
#9086 = DIRECTION('',(1.,-1.368765622469E-26,6.096072636595E-13));
#9087 = ORIENTED_EDGE('',*,*,#8533,.F.);
#9088 = ORIENTED_EDGE('',*,*,#9057,.F.);
#9089 = ORIENTED_EDGE('',*,*,#9090,.F.);
#9090 = EDGE_CURVE('',#9075,#9050,#9091,.T.);
#9091 = CIRCLE('',#9092,1.5);
#9092 = AXIS2_PLACEMENT_3D('',#9093,#9094,#9095);
#9093 = CARTESIAN_POINT('',(3.399999999973,-0.499999999995,
    38.000000000076));
#9094 = DIRECTION('',(-5.762057497805E-13,2.220446045706E-16,1.));
#9095 = DIRECTION('',(-1.,-1.614295830902E-42,-5.762057497805E-13));
#9096 = PLANE('',#9097);
#9097 = AXIS2_PLACEMENT_3D('',#9098,#9099,#9100);
#9098 = CARTESIAN_POINT('',(1.119999999968,-4.427142857138,
    38.000000000074));
#9099 = DIRECTION('',(6.096072636595E-13,4.524979986759E-14,-1.));
#9100 = DIRECTION('',(-1.,0.,-6.096072636595E-13));
#9101 = ADVANCED_FACE('',(#9102),#9113,.F.);
#9102 = FACE_BOUND('',#9103,.F.);
#9103 = EDGE_LOOP('',(#9104,#9105,#9111,#9112));
#9104 = ORIENTED_EDGE('',*,*,#8631,.F.);
#9105 = ORIENTED_EDGE('',*,*,#9106,.T.);
#9106 = EDGE_CURVE('',#8624,#9073,#9107,.T.);
#9107 = LINE('',#9108,#9109);
#9108 = CARTESIAN_POINT('',(1.899999999974,-2.150012366557E-12,
    41.800000000002));
#9109 = VECTOR('',#9110,1.);
#9110 = DIRECTION('',(5.474446822161E-13,4.075102901527E-14,-1.));
#9111 = ORIENTED_EDGE('',*,*,#9082,.T.);
#9112 = ORIENTED_EDGE('',*,*,#8541,.F.);
#9113 = PLANE('',#9114);
#9114 = AXIS2_PLACEMENT_3D('',#9115,#9116,#9117);
#9115 = CARTESIAN_POINT('',(1.899999999977,-2.150146757948E-12,
    41.800000000002));
#9116 = DIRECTION('',(1.115446706462E-26,-1.,-4.075102901527E-14));
#9117 = DIRECTION('',(1.,-1.115446706462E-26,5.474446822161E-13));
#9118 = ADVANCED_FACE('',(#9119),#9176,.T.);
#9119 = FACE_BOUND('',#9120,.T.);
#9120 = EDGE_LOOP('',(#9121,#9131,#9139,#9145,#9146,#9154,#9162,#9168,
    #9169,#9170));
#9121 = ORIENTED_EDGE('',*,*,#9122,.T.);
#9122 = EDGE_CURVE('',#9123,#9125,#9127,.T.);
#9123 = VERTEX_POINT('',#9124);
#9124 = CARTESIAN_POINT('',(-5.900000000003,5.999999999981,
    43.799999999998));
#9125 = VERTEX_POINT('',#9126);
#9126 = CARTESIAN_POINT('',(-5.900000000021,5.999999999998,
    38.000000000071));
#9127 = LINE('',#9128,#9129);
#9128 = CARTESIAN_POINT('',(-5.900000000023,5.999999999998,
    41.799999999998));
#9129 = VECTOR('',#9130,1.);
#9130 = DIRECTION('',(5.474446822161E-13,4.075102901527E-14,-1.));
#9131 = ORIENTED_EDGE('',*,*,#9132,.F.);
#9132 = EDGE_CURVE('',#9133,#9125,#9135,.T.);
#9133 = VERTEX_POINT('',#9134);
#9134 = CARTESIAN_POINT('',(-5.900000000021,3.999999999992,
    38.000000000071));
#9135 = LINE('',#9136,#9137);
#9136 = CARTESIAN_POINT('',(-5.900000000021,-0.213571428573,
    38.00000000007));
#9137 = VECTOR('',#9138,1.);
#9138 = DIRECTION('',(-1.361729524423E-26,1.,4.524979986759E-14));
#9139 = ORIENTED_EDGE('',*,*,#9140,.F.);
#9140 = EDGE_CURVE('',#8648,#9133,#9141,.T.);
#9141 = LINE('',#9142,#9143);
#9142 = CARTESIAN_POINT('',(-5.900000000023,3.999999999992,
    41.799999999998));
#9143 = VECTOR('',#9144,1.);
#9144 = DIRECTION('',(5.474446822161E-13,4.075102901527E-14,-1.));
#9145 = ORIENTED_EDGE('',*,*,#8655,.F.);
#9146 = ORIENTED_EDGE('',*,*,#9147,.T.);
#9147 = EDGE_CURVE('',#8656,#9148,#9150,.T.);
#9148 = VERTEX_POINT('',#9149);
#9149 = CARTESIAN_POINT('',(-5.899999999999,1.999999509798,
    38.000000000071));
#9150 = LINE('',#9151,#9152);
#9151 = CARTESIAN_POINT('',(-5.900000000002,1.999999509798,
    41.799999999998));
#9152 = VECTOR('',#9153,1.);
#9153 = DIRECTION('',(5.474446822161E-13,4.075102901527E-14,-1.));
#9154 = ORIENTED_EDGE('',*,*,#9155,.F.);
#9155 = EDGE_CURVE('',#9156,#9148,#9158,.T.);
#9156 = VERTEX_POINT('',#9157);
#9157 = CARTESIAN_POINT('',(-5.899999999999,-1.548539102583E-12,
    38.00000000007));
#9158 = LINE('',#9159,#9160);
#9159 = CARTESIAN_POINT('',(-5.899999999999,-2.21357142857,
    38.00000000007));
#9160 = VECTOR('',#9161,1.);
#9161 = DIRECTION('',(-1.361729524423E-26,1.,4.524979986759E-14));
#9162 = ORIENTED_EDGE('',*,*,#9163,.F.);
#9163 = EDGE_CURVE('',#8689,#9156,#9164,.T.);
#9164 = LINE('',#9165,#9166);
#9165 = CARTESIAN_POINT('',(-5.900000000002,-1.703393012838E-12,
    41.799999999997));
#9166 = VECTOR('',#9167,1.);
#9167 = DIRECTION('',(5.474446822161E-13,4.075102901527E-14,-1.));
#9168 = ORIENTED_EDGE('',*,*,#8696,.F.);
#9169 = ORIENTED_EDGE('',*,*,#8937,.T.);
#9170 = ORIENTED_EDGE('',*,*,#9171,.F.);
#9171 = EDGE_CURVE('',#9123,#8930,#9172,.T.);
#9172 = LINE('',#9173,#9174);
#9173 = CARTESIAN_POINT('',(-5.900000000003,5.999999999981,
    43.799999999998));
#9174 = VECTOR('',#9175,1.);
#9175 = DIRECTION('',(1.10713124526E-26,-1.,-4.044071036133E-14));
#9176 = PLANE('',#9177);
#9177 = AXIS2_PLACEMENT_3D('',#9178,#9179,#9180);
#9178 = CARTESIAN_POINT('',(-5.900000000007,2.43181812889,
    41.115909143858));
#9179 = DIRECTION('',(-1.,-1.466808712085E-12,9.207523768494E-13));
#9180 = DIRECTION('',(1.466808712085E-12,-1.,0.));
#9181 = ADVANCED_FACE('',(#9182),#9200,.T.);
#9182 = FACE_BOUND('',#9183,.T.);
#9183 = EDGE_LOOP('',(#9184,#9185,#9186,#9194));
#9184 = ORIENTED_EDGE('',*,*,#8688,.F.);
#9185 = ORIENTED_EDGE('',*,*,#9163,.T.);
#9186 = ORIENTED_EDGE('',*,*,#9187,.T.);
#9187 = EDGE_CURVE('',#9156,#9188,#9190,.T.);
#9188 = VERTEX_POINT('',#9189);
#9189 = CARTESIAN_POINT('',(-1.899999999998,-1.548539102583E-12,
    38.000000000073));
#9190 = LINE('',#9191,#9192);
#9191 = CARTESIAN_POINT('',(-2.390000000016,-1.54876113327E-12,
    38.000000000073));
#9192 = VECTOR('',#9193,1.);
#9193 = DIRECTION('',(1.,-1.368765622469E-26,6.096072636595E-13));
#9194 = ORIENTED_EDGE('',*,*,#9195,.F.);
#9195 = EDGE_CURVE('',#8681,#9188,#9196,.T.);
#9196 = LINE('',#9197,#9198);
#9197 = CARTESIAN_POINT('',(-1.9,-1.703393012838E-12,41.8));
#9198 = VECTOR('',#9199,1.);
#9199 = DIRECTION('',(5.474446822161E-13,4.075102901527E-14,-1.));
#9200 = PLANE('',#9201);
#9201 = AXIS2_PLACEMENT_3D('',#9202,#9203,#9204);
#9202 = CARTESIAN_POINT('',(-5.900000000002,-1.703393012838E-12,
    41.799999999997));
#9203 = DIRECTION('',(1.115446706462E-26,-1.,-4.075102901527E-14));
#9204 = DIRECTION('',(1.,-1.115446706462E-26,5.474446822161E-13));
#9205 = ADVANCED_FACE('',(#9206),#9224,.F.);
#9206 = FACE_BOUND('',#9207,.F.);
#9207 = EDGE_LOOP('',(#9208,#9209,#9217,#9223));
#9208 = ORIENTED_EDGE('',*,*,#8680,.F.);
#9209 = ORIENTED_EDGE('',*,*,#9210,.T.);
#9210 = EDGE_CURVE('',#8672,#9211,#9213,.T.);
#9211 = VERTEX_POINT('',#9212);
#9212 = CARTESIAN_POINT('',(-1.899999999998,0.499999999993,
    38.000000000073));
#9213 = LINE('',#9214,#9215);
#9214 = CARTESIAN_POINT('',(-1.9,0.499999999993,41.8));
#9215 = VECTOR('',#9216,1.);
#9216 = DIRECTION('',(5.474446822161E-13,4.075102901527E-14,-1.));
#9217 = ORIENTED_EDGE('',*,*,#9218,.T.);
#9218 = EDGE_CURVE('',#9211,#9188,#9219,.T.);
#9219 = LINE('',#9220,#9221);
#9220 = CARTESIAN_POINT('',(-1.899999999998,-1.963571428573,
    38.000000000073));
#9221 = VECTOR('',#9222,1.);
#9222 = DIRECTION('',(1.361729524423E-26,-1.,-4.524979986759E-14));
#9223 = ORIENTED_EDGE('',*,*,#9195,.F.);
#9224 = PLANE('',#9225);
#9225 = AXIS2_PLACEMENT_3D('',#9226,#9227,#9228);
#9226 = CARTESIAN_POINT('',(-1.9,0.499999999993,41.8));
#9227 = DIRECTION('',(-1.,1.115446706462E-26,-5.474446822161E-13));
#9228 = DIRECTION('',(1.115446706462E-26,-1.,-4.075102901527E-14));
#9229 = ADVANCED_FACE('',(#9230),#9249,.T.);
#9230 = FACE_BOUND('',#9231,.F.);
#9231 = EDGE_LOOP('',(#9232,#9233,#9241,#9248));
#9232 = ORIENTED_EDGE('',*,*,#8671,.F.);
#9233 = ORIENTED_EDGE('',*,*,#9234,.T.);
#9234 = EDGE_CURVE('',#8664,#9235,#9237,.T.);
#9235 = VERTEX_POINT('',#9236);
#9236 = CARTESIAN_POINT('',(-3.4,1.999999509798,38.000000000072));
#9237 = LINE('',#9238,#9239);
#9238 = CARTESIAN_POINT('',(-3.400000000003,1.999999509798,
    41.799999999999));
#9239 = VECTOR('',#9240,1.);
#9240 = DIRECTION('',(5.474446822161E-13,4.075102901527E-14,-1.));
#9241 = ORIENTED_EDGE('',*,*,#9242,.F.);
#9242 = EDGE_CURVE('',#9211,#9235,#9243,.T.);
#9243 = CIRCLE('',#9244,1.5);
#9244 = AXIS2_PLACEMENT_3D('',#9245,#9246,#9247);
#9245 = CARTESIAN_POINT('',(-3.399999999998,0.499999509798,
    38.000000000072));
#9246 = DIRECTION('',(-5.474446822161E-13,-4.075102901527E-14,1.));
#9247 = DIRECTION('',(1.,-1.115446706462E-26,5.474446822161E-13));
#9248 = ORIENTED_EDGE('',*,*,#9210,.F.);
#9249 = CYLINDRICAL_SURFACE('',#9250,1.5);
#9250 = AXIS2_PLACEMENT_3D('',#9251,#9252,#9253);
#9251 = CARTESIAN_POINT('',(-3.4,0.499999509798,41.799999999999));
#9252 = DIRECTION('',(-5.474446822161E-13,-4.075102901527E-14,1.));
#9253 = DIRECTION('',(1.,-1.115446706462E-26,5.474446822161E-13));
#9254 = ADVANCED_FACE('',(#9255),#9266,.F.);
#9255 = FACE_BOUND('',#9256,.F.);
#9256 = EDGE_LOOP('',(#9257,#9258,#9259,#9265));
#9257 = ORIENTED_EDGE('',*,*,#8663,.F.);
#9258 = ORIENTED_EDGE('',*,*,#9147,.T.);
#9259 = ORIENTED_EDGE('',*,*,#9260,.T.);
#9260 = EDGE_CURVE('',#9148,#9235,#9261,.T.);
#9261 = LINE('',#9262,#9263);
#9262 = CARTESIAN_POINT('',(-2.390000000016,1.999999509798,
    38.000000000073));
#9263 = VECTOR('',#9264,1.);
#9264 = DIRECTION('',(1.,-1.368765622469E-26,6.096072636595E-13));
#9265 = ORIENTED_EDGE('',*,*,#9234,.F.);
#9266 = PLANE('',#9267);
#9267 = AXIS2_PLACEMENT_3D('',#9268,#9269,#9270);
#9268 = CARTESIAN_POINT('',(-5.900000000002,1.999999509798,
    41.799999999998));
#9269 = DIRECTION('',(1.115446706462E-26,-1.,-4.075102901527E-14));
#9270 = DIRECTION('',(1.,-1.115446706462E-26,5.474446822161E-13));
#9271 = ADVANCED_FACE('',(#9272),#9283,.F.);
#9272 = FACE_BOUND('',#9273,.F.);
#9273 = EDGE_LOOP('',(#9274,#9275,#9276,#9282));
#9274 = ORIENTED_EDGE('',*,*,#8647,.F.);
#9275 = ORIENTED_EDGE('',*,*,#8744,.T.);
#9276 = ORIENTED_EDGE('',*,*,#9277,.T.);
#9277 = EDGE_CURVE('',#8745,#9133,#9278,.T.);
#9278 = LINE('',#9279,#9280);
#9279 = CARTESIAN_POINT('',(-0.390000000001,3.999999999992,
    38.000000000074));
#9280 = VECTOR('',#9281,1.);
#9281 = DIRECTION('',(-1.,1.368765622469E-26,-6.096072636595E-13));
#9282 = ORIENTED_EDGE('',*,*,#9140,.F.);
#9283 = PLANE('',#9284);
#9284 = AXIS2_PLACEMENT_3D('',#9285,#9286,#9287);
#9285 = CARTESIAN_POINT('',(-1.899999999972,3.999999999992,41.8));
#9286 = DIRECTION('',(-1.115446706462E-26,1.,4.075102901527E-14));
#9287 = DIRECTION('',(-1.,1.115446706462E-26,-5.474446822161E-13));
#9288 = ADVANCED_FACE('',(#9289),#9300,.T.);
#9289 = FACE_BOUND('',#9290,.T.);
#9290 = EDGE_LOOP('',(#9291,#9292,#9293,#9294));
#9291 = ORIENTED_EDGE('',*,*,#8623,.F.);
#9292 = ORIENTED_EDGE('',*,*,#9106,.T.);
#9293 = ORIENTED_EDGE('',*,*,#9072,.T.);
#9294 = ORIENTED_EDGE('',*,*,#9295,.F.);
#9295 = EDGE_CURVE('',#8615,#9075,#9296,.T.);
#9296 = LINE('',#9297,#9298);
#9297 = CARTESIAN_POINT('',(1.899999999971,-0.499999999996,
    41.800000000002));
#9298 = VECTOR('',#9299,1.);
#9299 = DIRECTION('',(5.474446822161E-13,4.075102901527E-14,-1.));
#9300 = PLANE('',#9301);
#9301 = AXIS2_PLACEMENT_3D('',#9302,#9303,#9304);
#9302 = CARTESIAN_POINT('',(1.899999999971,-2.149877975167E-12,
    41.800000000002));
#9303 = DIRECTION('',(-1.,1.115446706462E-26,-5.474446822161E-13));
#9304 = DIRECTION('',(1.115446706462E-26,-1.,-4.075102901527E-14));
#9305 = ADVANCED_FACE('',(#9306),#9312,.T.);
#9306 = FACE_BOUND('',#9307,.T.);
#9307 = EDGE_LOOP('',(#9308,#9309,#9310,#9311));
#9308 = ORIENTED_EDGE('',*,*,#8614,.F.);
#9309 = ORIENTED_EDGE('',*,*,#9295,.T.);
#9310 = ORIENTED_EDGE('',*,*,#9090,.T.);
#9311 = ORIENTED_EDGE('',*,*,#9049,.F.);
#9312 = CYLINDRICAL_SURFACE('',#9313,1.5);
#9313 = AXIS2_PLACEMENT_3D('',#9314,#9315,#9316);
#9314 = CARTESIAN_POINT('',(3.399999999971,-0.499999999995,
    41.800000000003));
#9315 = DIRECTION('',(-5.762057497805E-13,2.220446045706E-16,1.));
#9316 = DIRECTION('',(-1.,-1.614295830902E-42,-5.762057497805E-13));
#9317 = ADVANCED_FACE('',(#9318),#9329,.T.);
#9318 = FACE_BOUND('',#9319,.T.);
#9319 = EDGE_LOOP('',(#9320,#9321,#9322,#9323));
#9320 = ORIENTED_EDGE('',*,*,#8752,.T.);
#9321 = ORIENTED_EDGE('',*,*,#9277,.T.);
#9322 = ORIENTED_EDGE('',*,*,#9132,.T.);
#9323 = ORIENTED_EDGE('',*,*,#9324,.T.);
#9324 = EDGE_CURVE('',#9125,#8753,#9325,.T.);
#9325 = LINE('',#9326,#9327);
#9326 = CARTESIAN_POINT('',(-2.390000000026,5.999999999998,
    38.000000000073));
#9327 = VECTOR('',#9328,1.);
#9328 = DIRECTION('',(1.,-1.368765622469E-26,6.096072636595E-13));
#9329 = PLANE('',#9330);
#9330 = AXIS2_PLACEMENT_3D('',#9331,#9332,#9333);
#9331 = CARTESIAN_POINT('',(1.119999999968,-4.427142857138,
    38.000000000074));
#9332 = DIRECTION('',(6.096072636595E-13,4.524979986759E-14,-1.));
#9333 = DIRECTION('',(-1.,0.,-6.096072636595E-13));
#9334 = ADVANCED_FACE('',(#9335),#9346,.T.);
#9335 = FACE_BOUND('',#9336,.T.);
#9336 = EDGE_LOOP('',(#9337,#9338,#9339,#9340));
#9337 = ORIENTED_EDGE('',*,*,#8760,.T.);
#9338 = ORIENTED_EDGE('',*,*,#9324,.F.);
#9339 = ORIENTED_EDGE('',*,*,#9122,.F.);
#9340 = ORIENTED_EDGE('',*,*,#9341,.F.);
#9341 = EDGE_CURVE('',#8761,#9123,#9342,.T.);
#9342 = LINE('',#9343,#9344);
#9343 = CARTESIAN_POINT('',(-1.900000000001,5.999999999981,43.8));
#9344 = VECTOR('',#9345,1.);
#9345 = DIRECTION('',(-1.,1.10713124526E-26,-5.475330355814E-13));
#9346 = PLANE('',#9347);
#9347 = AXIS2_PLACEMENT_3D('',#9348,#9349,#9350);
#9348 = CARTESIAN_POINT('',(-3.899999999998,5.999999999991,
    40.900000000028));
#9349 = DIRECTION('',(0.,1.,2.826419743568E-12));
#9350 = DIRECTION('',(0.,-2.826419743568E-12,1.));
#9351 = ADVANCED_FACE('',(#9352),#9359,.T.);
#9352 = FACE_BOUND('',#9353,.T.);
#9353 = EDGE_LOOP('',(#9354,#9355,#9356,#9357,#9358));
#9354 = ORIENTED_EDGE('',*,*,#8929,.F.);
#9355 = ORIENTED_EDGE('',*,*,#8806,.F.);
#9356 = ORIENTED_EDGE('',*,*,#8768,.T.);
#9357 = ORIENTED_EDGE('',*,*,#9341,.T.);
#9358 = ORIENTED_EDGE('',*,*,#9171,.T.);
#9359 = PLANE('',#9360);
#9360 = AXIS2_PLACEMENT_3D('',#9361,#9362,#9363);
#9361 = CARTESIAN_POINT('',(-2.574966749423E-11,-3.539226142441E-12,
    43.800000000001));
#9362 = DIRECTION('',(-5.474446822161E-13,-4.075102901527E-14,1.));
#9363 = DIRECTION('',(1.,0.,5.474446822161E-13));
#9364 = ADVANCED_FACE('',(#9365),#9372,.T.);
#9365 = FACE_BOUND('',#9366,.T.);
#9366 = EDGE_LOOP('',(#9367,#9368,#9369,#9370,#9371));
#9367 = ORIENTED_EDGE('',*,*,#9187,.F.);
#9368 = ORIENTED_EDGE('',*,*,#9155,.T.);
#9369 = ORIENTED_EDGE('',*,*,#9260,.T.);
#9370 = ORIENTED_EDGE('',*,*,#9242,.F.);
#9371 = ORIENTED_EDGE('',*,*,#9218,.T.);
#9372 = PLANE('',#9373);
#9373 = AXIS2_PLACEMENT_3D('',#9374,#9375,#9376);
#9374 = CARTESIAN_POINT('',(1.119999999968,-4.427142857138,
    38.000000000074));
#9375 = DIRECTION('',(6.096072636595E-13,4.524979986759E-14,-1.));
#9376 = DIRECTION('',(-1.,0.,-6.096072636595E-13));
#9377 = ( GEOMETRIC_REPRESENTATION_CONTEXT(3) 
GLOBAL_UNCERTAINTY_ASSIGNED_CONTEXT((#9381)) 
GLOBAL_UNIT_ASSIGNED_CONTEXT((#9378,#9379,#9380)) REPRESENTATION_CONTEXT
('Context #1','3D Context with UNIT and UNCERTAINTY') );
#9378 = ( LENGTH_UNIT() NAMED_UNIT(*) SI_UNIT(.MILLI.,.METRE.) );
#9379 = ( NAMED_UNIT(*) PLANE_ANGLE_UNIT() SI_UNIT($,.RADIAN.) );
#9380 = ( NAMED_UNIT(*) SI_UNIT($,.STERADIAN.) SOLID_ANGLE_UNIT() );
#9381 = UNCERTAINTY_MEASURE_WITH_UNIT(LENGTH_MEASURE(5.E-07),#9378,
  'distance_accuracy_value','confusion accuracy');
#9382 = CONTEXT_DEPENDENT_SHAPE_REPRESENTATION(#9383,#9385);
#9383 = ( REPRESENTATION_RELATIONSHIP('','',#8180,#10) 
REPRESENTATION_RELATIONSHIP_WITH_TRANSFORMATION(#9384) 
SHAPE_REPRESENTATION_RELATIONSHIP() );
#9384 = ITEM_DEFINED_TRANSFORMATION('','',#11,#27);
#9385 = PRODUCT_DEFINITION_SHAPE('Placement','Placement of an item',
  #9386);
#9386 = NEXT_ASSEMBLY_USAGE_OCCURRENCE('4',
  'design6-mirror-attachment-top001','',#5,#8175,$);
#9387 = PRODUCT_RELATED_PRODUCT_CATEGORY('part',$,(#8177));
#9388 = SHAPE_DEFINITION_REPRESENTATION(#9389,#9395);
#9389 = PRODUCT_DEFINITION_SHAPE('','',#9390);
#9390 = PRODUCT_DEFINITION('design','',#9391,#9394);
#9391 = PRODUCT_DEFINITION_FORMATION('','',#9392);
#9392 = PRODUCT('design6-mirror-attachment-bottom',
  'design6-mirror-attachment-bottom','',(#9393));
#9393 = PRODUCT_CONTEXT('',#2,'mechanical');
#9394 = PRODUCT_DEFINITION_CONTEXT('part definition',#2,'design');
#9395 = ADVANCED_BREP_SHAPE_REPRESENTATION('',(#11,#9396),#10534);
#9396 = MANIFOLD_SOLID_BREP('',#9397);
#9397 = CLOSED_SHELL('',(#9398,#9570,#9611,#9636,#9660,#9686,#9733,#9757
    ,#9829,#9853,#9893,#9917,#9989,#10006,#10047,#10072,#10096,#10122,
    #10139,#10151,#10241,#10258,#10270,#10287,#10299,#10323,#10356,
    #10373,#10397,#10430,#10447,#10464,#10476,#10493,#10505,#10522));
#9398 = ADVANCED_FACE('',(#9399,#9449,#9515),#9565,.T.);
#9399 = FACE_BOUND('',#9400,.T.);
#9400 = EDGE_LOOP('',(#9401,#9411,#9419,#9427,#9435,#9443));
#9401 = ORIENTED_EDGE('',*,*,#9402,.T.);
#9402 = EDGE_CURVE('',#9403,#9405,#9407,.T.);
#9403 = VERTEX_POINT('',#9404);
#9404 = CARTESIAN_POINT('',(-1.899999999926,1.400000000023,
    11.489208841424));
#9405 = VERTEX_POINT('',#9406);
#9406 = CARTESIAN_POINT('',(-1.899999999926,1.990000000023,
    11.489208841424));
#9407 = LINE('',#9408,#9409);
#9408 = CARTESIAN_POINT('',(-1.899999999926,0.999999999997,
    11.489208841424));
#9409 = VECTOR('',#9410,1.);
#9410 = DIRECTION('',(1.088922195359E-26,1.,4.026206543626E-14));
#9411 = ORIENTED_EDGE('',*,*,#9412,.T.);
#9412 = EDGE_CURVE('',#9405,#9413,#9415,.T.);
#9413 = VERTEX_POINT('',#9414);
#9414 = CARTESIAN_POINT('',(1.900000000001,1.990000000023,
    11.489208841422));
#9415 = LINE('',#9416,#9417);
#9416 = CARTESIAN_POINT('',(-1.899999999926,1.990000000023,
    11.489208841424));
#9417 = VECTOR('',#9418,1.);
#9418 = DIRECTION('',(1.,1.119186029556E-26,-5.478658462677E-13));
#9419 = ORIENTED_EDGE('',*,*,#9420,.F.);
#9420 = EDGE_CURVE('',#9421,#9413,#9423,.T.);
#9421 = VERTEX_POINT('',#9422);
#9422 = CARTESIAN_POINT('',(1.900000000001,1.400000000023,
    11.489208841422));
#9423 = LINE('',#9424,#9425);
#9424 = CARTESIAN_POINT('',(1.900000000001,-1.000000000001,
    11.489208841421));
#9425 = VECTOR('',#9426,1.);
#9426 = DIRECTION('',(1.088922195359E-26,1.,4.026206543626E-14));
#9427 = ORIENTED_EDGE('',*,*,#9428,.F.);
#9428 = EDGE_CURVE('',#9429,#9421,#9431,.T.);
#9429 = VERTEX_POINT('',#9430);
#9430 = CARTESIAN_POINT('',(1.900000000001,0.900000000023,
    11.489208841421));
#9431 = LINE('',#9432,#9433);
#9432 = CARTESIAN_POINT('',(1.900000000001,-1.999999999998,
    11.489208841421));
#9433 = VECTOR('',#9434,1.);
#9434 = DIRECTION('',(1.115696234548E-26,1.,4.075102901527E-14));
#9435 = ORIENTED_EDGE('',*,*,#9436,.T.);
#9436 = EDGE_CURVE('',#9429,#9437,#9439,.T.);
#9437 = VERTEX_POINT('',#9438);
#9438 = CARTESIAN_POINT('',(-1.89999999999,0.900000000023,
    11.489208841424));
#9439 = LINE('',#9440,#9441);
#9440 = CARTESIAN_POINT('',(1.900000000001,0.900000000023,
    11.489208841421));
#9441 = VECTOR('',#9442,1.);
#9442 = DIRECTION('',(-1.,-1.119186029556E-26,5.478658462677E-13));
#9443 = ORIENTED_EDGE('',*,*,#9444,.F.);
#9444 = EDGE_CURVE('',#9403,#9437,#9445,.T.);
#9445 = LINE('',#9446,#9447);
#9446 = CARTESIAN_POINT('',(-1.899999999926,1.999999999998,
    11.489208841424));
#9447 = VECTOR('',#9448,1.);
#9448 = DIRECTION('',(-1.115696234548E-26,-1.,-4.075102901527E-14));
#9449 = FACE_BOUND('',#9450,.T.);
#9450 = EDGE_LOOP('',(#9451,#9461,#9469,#9477,#9485,#9493,#9501,#9509));
#9451 = ORIENTED_EDGE('',*,*,#9452,.T.);
#9452 = EDGE_CURVE('',#9453,#9455,#9457,.T.);
#9453 = VERTEX_POINT('',#9454);
#9454 = CARTESIAN_POINT('',(-1.899999999926,-5.999999999984,
    11.489208841423));
#9455 = VERTEX_POINT('',#9456);
#9456 = CARTESIAN_POINT('',(-1.899999999926,-1.999999999998,
    11.489208841423));
#9457 = LINE('',#9458,#9459);
#9458 = CARTESIAN_POINT('',(-1.899999999926,-5.999999999984,
    11.489208841423));
#9459 = VECTOR('',#9460,1.);
#9460 = DIRECTION('',(1.107626501125E-26,1.,4.044071036133E-14));
#9461 = ORIENTED_EDGE('',*,*,#9462,.T.);
#9462 = EDGE_CURVE('',#9455,#9463,#9465,.T.);
#9463 = VERTEX_POINT('',#9464);
#9464 = CARTESIAN_POINT('',(5.900000000003,-1.999999999998,
    11.489208841419));
#9465 = LINE('',#9466,#9467);
#9466 = CARTESIAN_POINT('',(-1.899999999926,-1.999999999998,
    11.489208841423));
#9467 = VECTOR('',#9468,1.);
#9468 = DIRECTION('',(1.,1.10713124526E-26,-5.476555002614E-13));
#9469 = ORIENTED_EDGE('',*,*,#9470,.F.);
#9470 = EDGE_CURVE('',#9471,#9463,#9473,.T.);
#9471 = VERTEX_POINT('',#9472);
#9472 = CARTESIAN_POINT('',(5.900000000003,5.999999999981,11.48920884142
    ));
#9473 = LINE('',#9474,#9475);
#9474 = CARTESIAN_POINT('',(5.900000000003,5.999999999981,11.48920884142
    ));
#9475 = VECTOR('',#9476,1.);
#9476 = DIRECTION('',(-1.107626501125E-26,-1.,-4.044071036133E-14));
#9477 = ORIENTED_EDGE('',*,*,#9478,.F.);
#9478 = EDGE_CURVE('',#9479,#9471,#9481,.T.);
#9479 = VERTEX_POINT('',#9480);
#9480 = CARTESIAN_POINT('',(1.900000000001,5.999999999981,
    11.489208841422));
#9481 = LINE('',#9482,#9483);
#9482 = CARTESIAN_POINT('',(1.900000000001,5.999999999981,
    11.489208841422));
#9483 = VECTOR('',#9484,1.);
#9484 = DIRECTION('',(1.,1.10713124526E-26,-5.476555002614E-13));
#9485 = ORIENTED_EDGE('',*,*,#9486,.F.);
#9486 = EDGE_CURVE('',#9487,#9479,#9489,.T.);
#9487 = VERTEX_POINT('',#9488);
#9488 = CARTESIAN_POINT('',(1.900000000001,1.999999999998,
    11.489208841422));
#9489 = LINE('',#9490,#9491);
#9490 = CARTESIAN_POINT('',(1.900000000001,1.999999999998,
    11.489208841422));
#9491 = VECTOR('',#9492,1.);
#9492 = DIRECTION('',(1.107626501125E-26,1.,4.044071036133E-14));
#9493 = ORIENTED_EDGE('',*,*,#9494,.F.);
#9494 = EDGE_CURVE('',#9495,#9487,#9497,.T.);
#9495 = VERTEX_POINT('',#9496);
#9496 = CARTESIAN_POINT('',(-5.899999999955,1.999999999998,
    11.489208841426));
#9497 = LINE('',#9498,#9499);
#9498 = CARTESIAN_POINT('',(-5.899999999955,1.999999999998,
    11.489208841426));
#9499 = VECTOR('',#9500,1.);
#9500 = DIRECTION('',(1.,1.10713124526E-26,-5.476555002614E-13));
#9501 = ORIENTED_EDGE('',*,*,#9502,.F.);
#9502 = EDGE_CURVE('',#9503,#9495,#9505,.T.);
#9503 = VERTEX_POINT('',#9504);
#9504 = CARTESIAN_POINT('',(-5.899999999955,-5.999999999984,
    11.489208841425));
#9505 = LINE('',#9506,#9507);
#9506 = CARTESIAN_POINT('',(-5.899999999955,-5.999999999984,
    11.489208841425));
#9507 = VECTOR('',#9508,1.);
#9508 = DIRECTION('',(1.107626501125E-26,1.,4.044071036133E-14));
#9509 = ORIENTED_EDGE('',*,*,#9510,.F.);
#9510 = EDGE_CURVE('',#9453,#9503,#9511,.T.);
#9511 = LINE('',#9512,#9513);
#9512 = CARTESIAN_POINT('',(-1.899999999926,-5.999999999984,
    11.489208841423));
#9513 = VECTOR('',#9514,1.);
#9514 = DIRECTION('',(-1.,-1.10713124526E-26,5.476555002614E-13));
#9515 = FACE_BOUND('',#9516,.T.);
#9516 = EDGE_LOOP('',(#9517,#9527,#9535,#9543,#9551,#9559));
#9517 = ORIENTED_EDGE('',*,*,#9518,.T.);
#9518 = EDGE_CURVE('',#9519,#9521,#9523,.T.);
#9519 = VERTEX_POINT('',#9520);
#9520 = CARTESIAN_POINT('',(1.900000000001,-1.399999999977,
    11.489208841421));
#9521 = VERTEX_POINT('',#9522);
#9522 = CARTESIAN_POINT('',(1.900000000001,-1.989999999977,
    11.489208841421));
#9523 = LINE('',#9524,#9525);
#9524 = CARTESIAN_POINT('',(1.900000000001,-1.000000000001,
    11.489208841421));
#9525 = VECTOR('',#9526,1.);
#9526 = DIRECTION('',(-1.088922195359E-26,-1.,-4.026206543626E-14));
#9527 = ORIENTED_EDGE('',*,*,#9528,.T.);
#9528 = EDGE_CURVE('',#9521,#9529,#9531,.T.);
#9529 = VERTEX_POINT('',#9530);
#9530 = CARTESIAN_POINT('',(-1.899999999926,-1.989999999977,
    11.489208841423));
#9531 = LINE('',#9532,#9533);
#9532 = CARTESIAN_POINT('',(1.900000000001,-1.989999999977,
    11.489208841421));
#9533 = VECTOR('',#9534,1.);
#9534 = DIRECTION('',(-1.,-1.119186029556E-26,5.478658462677E-13));
#9535 = ORIENTED_EDGE('',*,*,#9536,.F.);
#9536 = EDGE_CURVE('',#9537,#9529,#9539,.T.);
#9537 = VERTEX_POINT('',#9538);
#9538 = CARTESIAN_POINT('',(-1.899999999926,-1.399999999977,
    11.489208841423));
#9539 = LINE('',#9540,#9541);
#9540 = CARTESIAN_POINT('',(-1.899999999926,0.999999999997,
    11.489208841424));
#9541 = VECTOR('',#9542,1.);
#9542 = DIRECTION('',(-1.088922195359E-26,-1.,-4.026206543626E-14));
#9543 = ORIENTED_EDGE('',*,*,#9544,.F.);
#9544 = EDGE_CURVE('',#9545,#9537,#9547,.T.);
#9545 = VERTEX_POINT('',#9546);
#9546 = CARTESIAN_POINT('',(-1.89999999999,-0.899999999977,
    11.489208841424));
#9547 = LINE('',#9548,#9549);
#9548 = CARTESIAN_POINT('',(-1.899999999926,1.999999999998,
    11.489208841424));
#9549 = VECTOR('',#9550,1.);
#9550 = DIRECTION('',(-1.115696234548E-26,-1.,-4.075102901527E-14));
#9551 = ORIENTED_EDGE('',*,*,#9552,.T.);
#9552 = EDGE_CURVE('',#9545,#9553,#9555,.T.);
#9553 = VERTEX_POINT('',#9554);
#9554 = CARTESIAN_POINT('',(1.900000000001,-0.899999999977,
    11.489208841421));
#9555 = LINE('',#9556,#9557);
#9556 = CARTESIAN_POINT('',(-1.89999999999,-0.899999999977,
    11.489208841424));
#9557 = VECTOR('',#9558,1.);
#9558 = DIRECTION('',(1.,1.119186029556E-26,-5.478658462677E-13));
#9559 = ORIENTED_EDGE('',*,*,#9560,.F.);
#9560 = EDGE_CURVE('',#9519,#9553,#9561,.T.);
#9561 = LINE('',#9562,#9563);
#9562 = CARTESIAN_POINT('',(1.900000000001,-1.999999999998,
    11.489208841421));
#9563 = VECTOR('',#9564,1.);
#9564 = DIRECTION('',(1.115696234548E-26,1.,4.075102901527E-14));
#9565 = PLANE('',#9566);
#9566 = AXIS2_PLACEMENT_3D('',#9567,#9568,#9569);
#9567 = CARTESIAN_POINT('',(2.576049551086E-11,-3.538980499886E-12,
    11.489208841423));
#9568 = DIRECTION('',(5.472462669981E-13,-4.026206543626E-14,1.));
#9569 = DIRECTION('',(1.,0.,-5.472462669981E-13));
#9570 = ADVANCED_FACE('',(#9571),#9606,.F.);
#9571 = FACE_BOUND('',#9572,.F.);
#9572 = EDGE_LOOP('',(#9573,#9583,#9591,#9597,#9598,#9599));
#9573 = ORIENTED_EDGE('',*,*,#9574,.F.);
#9574 = EDGE_CURVE('',#9575,#9577,#9579,.T.);
#9575 = VERTEX_POINT('',#9576);
#9576 = CARTESIAN_POINT('',(-1.899999999924,1.400000000023,
    13.489208841424));
#9577 = VERTEX_POINT('',#9578);
#9578 = CARTESIAN_POINT('',(-1.899999999925,1.400000000023,
    12.079208841424));
#9579 = LINE('',#9580,#9581);
#9580 = CARTESIAN_POINT('',(-1.899999999924,1.400000000023,
    13.489208841424));
#9581 = VECTOR('',#9582,1.);
#9582 = DIRECTION('',(-5.478658462677E-13,4.085620730624E-14,-1.));
#9583 = ORIENTED_EDGE('',*,*,#9584,.T.);
#9584 = EDGE_CURVE('',#9575,#9585,#9587,.T.);
#9585 = VERTEX_POINT('',#9586);
#9586 = CARTESIAN_POINT('',(-1.899999999989,0.900000000023,
    13.489208841424));
#9587 = LINE('',#9588,#9589);
#9588 = CARTESIAN_POINT('',(-1.899999999924,1.999999999998,
    13.489208841424));
#9589 = VECTOR('',#9590,1.);
#9590 = DIRECTION('',(-1.115696234548E-26,-1.,-4.075102901527E-14));
#9591 = ORIENTED_EDGE('',*,*,#9592,.T.);
#9592 = EDGE_CURVE('',#9585,#9437,#9593,.T.);
#9593 = LINE('',#9594,#9595);
#9594 = CARTESIAN_POINT('',(-1.899999999989,0.900000000023,
    13.489208841424));
#9595 = VECTOR('',#9596,1.);
#9596 = DIRECTION('',(-5.478658462677E-13,4.085620730624E-14,-1.));
#9597 = ORIENTED_EDGE('',*,*,#9444,.F.);
#9598 = ORIENTED_EDGE('',*,*,#9402,.T.);
#9599 = ORIENTED_EDGE('',*,*,#9600,.T.);
#9600 = EDGE_CURVE('',#9405,#9577,#9601,.T.);
#9601 = CIRCLE('',#9602,0.59);
#9602 = AXIS2_PLACEMENT_3D('',#9603,#9604,#9605);
#9603 = CARTESIAN_POINT('',(-1.899999999925,1.990000000023,
    12.079208841424));
#9604 = DIRECTION('',(-1.,-1.119186029556E-26,5.478658462677E-13));
#9605 = DIRECTION('',(5.478658462677E-13,0.,1.));
#9606 = PLANE('',#9607);
#9607 = AXIS2_PLACEMENT_3D('',#9608,#9609,#9610);
#9608 = CARTESIAN_POINT('',(-1.899999999926,1.999999999998,
    11.489208841424));
#9609 = DIRECTION('',(1.,1.115696234548E-26,-5.47567146896E-13));
#9610 = DIRECTION('',(-1.115696234548E-26,-1.,-4.075102901527E-14));
#9611 = ADVANCED_FACE('',(#9612),#9631,.F.);
#9612 = FACE_BOUND('',#9613,.T.);
#9613 = EDGE_LOOP('',(#9614,#9615,#9623,#9630));
#9614 = ORIENTED_EDGE('',*,*,#9600,.T.);
#9615 = ORIENTED_EDGE('',*,*,#9616,.T.);
#9616 = EDGE_CURVE('',#9577,#9617,#9619,.T.);
#9617 = VERTEX_POINT('',#9618);
#9618 = CARTESIAN_POINT('',(1.900000000001,1.400000000023,
    12.079208841422));
#9619 = LINE('',#9620,#9621);
#9620 = CARTESIAN_POINT('',(-1.899999999925,1.400000000023,
    12.079208841424));
#9621 = VECTOR('',#9622,1.);
#9622 = DIRECTION('',(1.,1.119186029556E-26,-5.478658462677E-13));
#9623 = ORIENTED_EDGE('',*,*,#9624,.F.);
#9624 = EDGE_CURVE('',#9413,#9617,#9625,.T.);
#9625 = CIRCLE('',#9626,0.59);
#9626 = AXIS2_PLACEMENT_3D('',#9627,#9628,#9629);
#9627 = CARTESIAN_POINT('',(1.900000000001,1.990000000023,
    12.079208841422));
#9628 = DIRECTION('',(-1.,-1.119186029556E-26,5.478658462677E-13));
#9629 = DIRECTION('',(5.478658462677E-13,0.,1.));
#9630 = ORIENTED_EDGE('',*,*,#9412,.F.);
#9631 = CYLINDRICAL_SURFACE('',#9632,0.59);
#9632 = AXIS2_PLACEMENT_3D('',#9633,#9634,#9635);
#9633 = CARTESIAN_POINT('',(-1.899999999925,1.990000000023,
    12.079208841424));
#9634 = DIRECTION('',(1.,1.119186029556E-26,-5.478658462677E-13));
#9635 = DIRECTION('',(-5.478658462677E-13,4.026206543626E-14,-1.));
#9636 = ADVANCED_FACE('',(#9637),#9655,.F.);
#9637 = FACE_BOUND('',#9638,.F.);
#9638 = EDGE_LOOP('',(#9639,#9647,#9648,#9649));
#9639 = ORIENTED_EDGE('',*,*,#9640,.T.);
#9640 = EDGE_CURVE('',#9641,#9429,#9643,.T.);
#9641 = VERTEX_POINT('',#9642);
#9642 = CARTESIAN_POINT('',(1.900000000002,0.900000000023,
    13.489208841421));
#9643 = LINE('',#9644,#9645);
#9644 = CARTESIAN_POINT('',(1.900000000002,0.900000000023,
    13.489208841421));
#9645 = VECTOR('',#9646,1.);
#9646 = DIRECTION('',(-5.478658462677E-13,4.085620730624E-14,-1.));
#9647 = ORIENTED_EDGE('',*,*,#9436,.T.);
#9648 = ORIENTED_EDGE('',*,*,#9592,.F.);
#9649 = ORIENTED_EDGE('',*,*,#9650,.F.);
#9650 = EDGE_CURVE('',#9641,#9585,#9651,.T.);
#9651 = LINE('',#9652,#9653);
#9652 = CARTESIAN_POINT('',(1.900000000002,0.900000000023,
    13.489208841421));
#9653 = VECTOR('',#9654,1.);
#9654 = DIRECTION('',(-1.,-1.119186029556E-26,5.478658462677E-13));
#9655 = PLANE('',#9656);
#9656 = AXIS2_PLACEMENT_3D('',#9657,#9658,#9659);
#9657 = CARTESIAN_POINT('',(1.900000000002,0.900000000023,
    13.489208841421));
#9658 = DIRECTION('',(1.119186029556E-26,1.,4.085620730624E-14));
#9659 = DIRECTION('',(-1.,-1.119186029556E-26,5.478658462677E-13));
#9660 = ADVANCED_FACE('',(#9661),#9681,.F.);
#9661 = FACE_BOUND('',#9662,.F.);
#9662 = EDGE_LOOP('',(#9663,#9671,#9672,#9673,#9674,#9675));
#9663 = ORIENTED_EDGE('',*,*,#9664,.T.);
#9664 = EDGE_CURVE('',#9665,#9617,#9667,.T.);
#9665 = VERTEX_POINT('',#9666);
#9666 = CARTESIAN_POINT('',(1.900000000002,1.400000000023,
    13.489208841422));
#9667 = LINE('',#9668,#9669);
#9668 = CARTESIAN_POINT('',(1.900000000002,1.400000000023,
    13.489208841422));
#9669 = VECTOR('',#9670,1.);
#9670 = DIRECTION('',(-5.478658462677E-13,4.085620730624E-14,-1.));
#9671 = ORIENTED_EDGE('',*,*,#9624,.F.);
#9672 = ORIENTED_EDGE('',*,*,#9420,.F.);
#9673 = ORIENTED_EDGE('',*,*,#9428,.F.);
#9674 = ORIENTED_EDGE('',*,*,#9640,.F.);
#9675 = ORIENTED_EDGE('',*,*,#9676,.T.);
#9676 = EDGE_CURVE('',#9641,#9665,#9677,.T.);
#9677 = LINE('',#9678,#9679);
#9678 = CARTESIAN_POINT('',(1.900000000002,-1.999999999998,
    13.489208841421));
#9679 = VECTOR('',#9680,1.);
#9680 = DIRECTION('',(1.115696234548E-26,1.,4.075102901527E-14));
#9681 = PLANE('',#9682);
#9682 = AXIS2_PLACEMENT_3D('',#9683,#9684,#9685);
#9683 = CARTESIAN_POINT('',(1.900000000001,-1.999999999998,
    11.489208841421));
#9684 = DIRECTION('',(-1.,-1.115696234548E-26,5.47567146896E-13));
#9685 = DIRECTION('',(1.115696234548E-26,1.,4.075102901527E-14));
#9686 = ADVANCED_FACE('',(#9687),#9728,.T.);
#9687 = FACE_BOUND('',#9688,.F.);
#9688 = EDGE_LOOP('',(#9689,#9697,#9698,#9706,#9714,#9722));
#9689 = ORIENTED_EDGE('',*,*,#9690,.T.);
#9690 = EDGE_CURVE('',#9691,#9453,#9693,.T.);
#9691 = VERTEX_POINT('',#9692);
#9692 = CARTESIAN_POINT('',(-1.899999999979,-6.000000000002,
    5.689208841497));
#9693 = LINE('',#9694,#9695);
#9694 = CARTESIAN_POINT('',(-1.899999999927,-5.999999999984,
    9.489208841423));
#9695 = VECTOR('',#9696,1.);
#9696 = DIRECTION('',(5.476555002614E-13,-4.044071036133E-14,1.));
#9697 = ORIENTED_EDGE('',*,*,#9452,.T.);
#9698 = ORIENTED_EDGE('',*,*,#9699,.F.);
#9699 = EDGE_CURVE('',#9700,#9455,#9702,.T.);
#9700 = VERTEX_POINT('',#9701);
#9701 = CARTESIAN_POINT('',(-1.899999999927,-1.999999999998,
    9.489208841423));
#9702 = LINE('',#9703,#9704);
#9703 = CARTESIAN_POINT('',(-1.899999999927,-1.999999999998,
    9.489208841423));
#9704 = VECTOR('',#9705,1.);
#9705 = DIRECTION('',(5.476555002614E-13,-4.044071036133E-14,1.));
#9706 = ORIENTED_EDGE('',*,*,#9707,.F.);
#9707 = EDGE_CURVE('',#9708,#9700,#9710,.T.);
#9708 = VERTEX_POINT('',#9709);
#9709 = CARTESIAN_POINT('',(-1.899999999977,-4.000000000002,
    9.489208841423));
#9710 = LINE('',#9711,#9712);
#9711 = CARTESIAN_POINT('',(-1.899999999927,-5.999999999984,
    9.489208841423));
#9712 = VECTOR('',#9713,1.);
#9713 = DIRECTION('',(1.107626501125E-26,1.,4.044071036133E-14));
#9714 = ORIENTED_EDGE('',*,*,#9715,.T.);
#9715 = EDGE_CURVE('',#9708,#9716,#9718,.T.);
#9716 = VERTEX_POINT('',#9717);
#9717 = CARTESIAN_POINT('',(-1.899999999979,-4.000000000002,
    5.689208841497));
#9718 = LINE('',#9719,#9720);
#9719 = CARTESIAN_POINT('',(-1.899999999977,-4.000000000002,
    9.489208841423));
#9720 = VECTOR('',#9721,1.);
#9721 = DIRECTION('',(-5.47567146896E-13,4.075102901527E-14,-1.));
#9722 = ORIENTED_EDGE('',*,*,#9723,.F.);
#9723 = EDGE_CURVE('',#9691,#9716,#9724,.T.);
#9724 = LINE('',#9725,#9726);
#9725 = CARTESIAN_POINT('',(-1.899999999979,-5.21357142857,
    5.689208841497));
#9726 = VECTOR('',#9727,1.);
#9727 = DIRECTION('',(1.362283674649E-26,1.,4.524979986759E-14));
#9728 = PLANE('',#9729);
#9729 = AXIS2_PLACEMENT_3D('',#9730,#9731,#9732);
#9730 = CARTESIAN_POINT('',(-1.899999999952,-4.387755102034,
    8.976963943495));
#9731 = DIRECTION('',(1.,-2.933246742037E-12,-8.453755485186E-12));
#9732 = DIRECTION('',(8.453755485186E-12,0.,1.));
#9733 = ADVANCED_FACE('',(#9734),#9752,.T.);
#9734 = FACE_BOUND('',#9735,.T.);
#9735 = EDGE_LOOP('',(#9736,#9737,#9745,#9751));
#9736 = ORIENTED_EDGE('',*,*,#9699,.F.);
#9737 = ORIENTED_EDGE('',*,*,#9738,.T.);
#9738 = EDGE_CURVE('',#9700,#9739,#9741,.T.);
#9739 = VERTEX_POINT('',#9740);
#9740 = CARTESIAN_POINT('',(5.900000000002,-1.999999999998,
    9.489208841419));
#9741 = LINE('',#9742,#9743);
#9742 = CARTESIAN_POINT('',(-1.899999999927,-1.999999999998,
    9.489208841423));
#9743 = VECTOR('',#9744,1.);
#9744 = DIRECTION('',(1.,1.10713124526E-26,-5.476555002614E-13));
#9745 = ORIENTED_EDGE('',*,*,#9746,.T.);
#9746 = EDGE_CURVE('',#9739,#9463,#9747,.T.);
#9747 = LINE('',#9748,#9749);
#9748 = CARTESIAN_POINT('',(5.900000000002,-1.999999999998,
    9.489208841419));
#9749 = VECTOR('',#9750,1.);
#9750 = DIRECTION('',(5.476555002614E-13,-4.044071036133E-14,1.));
#9751 = ORIENTED_EDGE('',*,*,#9462,.F.);
#9752 = PLANE('',#9753);
#9753 = AXIS2_PLACEMENT_3D('',#9754,#9755,#9756);
#9754 = CARTESIAN_POINT('',(1.661016949189,-1.999999999998,
    11.150225790572));
#9755 = DIRECTION('',(-0.,-1.,-4.050884554989E-14));
#9756 = DIRECTION('',(0.,4.050884554989E-14,-1.));
#9757 = ADVANCED_FACE('',(#9758),#9824,.T.);
#9758 = FACE_BOUND('',#9759,.F.);
#9759 = EDGE_LOOP('',(#9760,#9768,#9776,#9784,#9792,#9800,#9808,#9816,
    #9822,#9823));
#9760 = ORIENTED_EDGE('',*,*,#9761,.T.);
#9761 = EDGE_CURVE('',#9471,#9762,#9764,.T.);
#9762 = VERTEX_POINT('',#9763);
#9763 = CARTESIAN_POINT('',(5.900000000021,5.999999999998,5.689208841493
    ));
#9764 = LINE('',#9765,#9766);
#9765 = CARTESIAN_POINT('',(5.900000000023,5.999999999998,9.48920884142)
  );
#9766 = VECTOR('',#9767,1.);
#9767 = DIRECTION('',(-5.47567146896E-13,4.075102901527E-14,-1.));
#9768 = ORIENTED_EDGE('',*,*,#9769,.F.);
#9769 = EDGE_CURVE('',#9770,#9762,#9772,.T.);
#9770 = VERTEX_POINT('',#9771);
#9771 = CARTESIAN_POINT('',(5.900000000021,3.999999999992,5.689208841492
    ));
#9772 = LINE('',#9773,#9774);
#9773 = CARTESIAN_POINT('',(5.900000000021,-0.213571428573,
    5.689208841492));
#9774 = VECTOR('',#9775,1.);
#9775 = DIRECTION('',(1.362283674649E-26,1.,4.524979986759E-14));
#9776 = ORIENTED_EDGE('',*,*,#9777,.F.);
#9777 = EDGE_CURVE('',#9778,#9770,#9780,.T.);
#9778 = VERTEX_POINT('',#9779);
#9779 = CARTESIAN_POINT('',(5.900000000023,3.999999999992,9.489208841419
    ));
#9780 = LINE('',#9781,#9782);
#9781 = CARTESIAN_POINT('',(5.900000000023,3.999999999992,9.489208841419
    ));
#9782 = VECTOR('',#9783,1.);
#9783 = DIRECTION('',(-5.47567146896E-13,4.075102901527E-14,-1.));
#9784 = ORIENTED_EDGE('',*,*,#9785,.F.);
#9785 = EDGE_CURVE('',#9786,#9778,#9788,.T.);
#9786 = VERTEX_POINT('',#9787);
#9787 = CARTESIAN_POINT('',(5.900000000002,1.999999509798,9.489208841419
    ));
#9788 = LINE('',#9789,#9790);
#9789 = CARTESIAN_POINT('',(5.900000000002,-1.999999999998,
    9.489208841419));
#9790 = VECTOR('',#9791,1.);
#9791 = DIRECTION('',(1.107626501125E-26,1.,4.044071036133E-14));
#9792 = ORIENTED_EDGE('',*,*,#9793,.T.);
#9793 = EDGE_CURVE('',#9786,#9794,#9796,.T.);
#9794 = VERTEX_POINT('',#9795);
#9795 = CARTESIAN_POINT('',(5.899999999999,1.999999509798,5.689208841492
    ));
#9796 = LINE('',#9797,#9798);
#9797 = CARTESIAN_POINT('',(5.900000000002,1.999999509798,9.489208841419
    ));
#9798 = VECTOR('',#9799,1.);
#9799 = DIRECTION('',(-5.47567146896E-13,4.075102901527E-14,-1.));
#9800 = ORIENTED_EDGE('',*,*,#9801,.F.);
#9801 = EDGE_CURVE('',#9802,#9794,#9804,.T.);
#9802 = VERTEX_POINT('',#9803);
#9803 = CARTESIAN_POINT('',(5.899999999999,-1.548539102583E-12,
    5.689208841492));
#9804 = LINE('',#9805,#9806);
#9805 = CARTESIAN_POINT('',(5.899999999999,-2.21357142857,5.689208841492
    ));
#9806 = VECTOR('',#9807,1.);
#9807 = DIRECTION('',(1.362283674649E-26,1.,4.524979986759E-14));
#9808 = ORIENTED_EDGE('',*,*,#9809,.F.);
#9809 = EDGE_CURVE('',#9810,#9802,#9812,.T.);
#9810 = VERTEX_POINT('',#9811);
#9811 = CARTESIAN_POINT('',(5.900000000002,-1.703393012838E-12,
    9.489208841419));
#9812 = LINE('',#9813,#9814);
#9813 = CARTESIAN_POINT('',(5.900000000002,-1.703393012838E-12,
    9.489208841419));
#9814 = VECTOR('',#9815,1.);
#9815 = DIRECTION('',(-5.47567146896E-13,4.075102901527E-14,-1.));
#9816 = ORIENTED_EDGE('',*,*,#9817,.F.);
#9817 = EDGE_CURVE('',#9739,#9810,#9818,.T.);
#9818 = LINE('',#9819,#9820);
#9819 = CARTESIAN_POINT('',(5.900000000002,-1.999999999998,
    9.489208841419));
#9820 = VECTOR('',#9821,1.);
#9821 = DIRECTION('',(1.107626501125E-26,1.,4.044071036133E-14));
#9822 = ORIENTED_EDGE('',*,*,#9746,.T.);
#9823 = ORIENTED_EDGE('',*,*,#9470,.F.);
#9824 = PLANE('',#9825);
#9825 = AXIS2_PLACEMENT_3D('',#9826,#9827,#9828);
#9826 = CARTESIAN_POINT('',(5.900000000007,2.43181812889,8.80511798528)
  );
#9827 = DIRECTION('',(1.,-1.466808712085E-12,9.206299121695E-13));
#9828 = DIRECTION('',(1.466808712085E-12,1.,-1.796322594216E-28));
#9829 = ADVANCED_FACE('',(#9830),#9848,.T.);
#9830 = FACE_BOUND('',#9831,.F.);
#9831 = EDGE_LOOP('',(#9832,#9840,#9846,#9847));
#9832 = ORIENTED_EDGE('',*,*,#9833,.T.);
#9833 = EDGE_CURVE('',#9479,#9834,#9836,.T.);
#9834 = VERTEX_POINT('',#9835);
#9835 = CARTESIAN_POINT('',(1.89999999997,5.999999999998,5.689208841495)
  );
#9836 = LINE('',#9837,#9838);
#9837 = CARTESIAN_POINT('',(1.899999999972,5.999999999998,9.489208841422
    ));
#9838 = VECTOR('',#9839,1.);
#9839 = DIRECTION('',(-5.47567146896E-13,4.075102901527E-14,-1.));
#9840 = ORIENTED_EDGE('',*,*,#9841,.F.);
#9841 = EDGE_CURVE('',#9762,#9834,#9842,.T.);
#9842 = LINE('',#9843,#9844);
#9843 = CARTESIAN_POINT('',(2.390000000026,5.999999999998,5.689208841495
    ));
#9844 = VECTOR('',#9845,1.);
#9845 = DIRECTION('',(-1.,-1.368765622469E-26,6.097297283394E-13));
#9846 = ORIENTED_EDGE('',*,*,#9761,.F.);
#9847 = ORIENTED_EDGE('',*,*,#9478,.F.);
#9848 = PLANE('',#9849);
#9849 = AXIS2_PLACEMENT_3D('',#9850,#9851,#9852);
#9850 = CARTESIAN_POINT('',(3.899999999998,5.999999999991,8.58920884145)
  );
#9851 = DIRECTION('',(3.461365892008E-28,1.,2.826419743568E-12));
#9852 = DIRECTION('',(-1.224646799147E-16,2.826419743568E-12,-1.));
#9853 = ADVANCED_FACE('',(#9854),#9888,.T.);
#9854 = FACE_BOUND('',#9855,.F.);
#9855 = EDGE_LOOP('',(#9856,#9864,#9872,#9880,#9886,#9887));
#9856 = ORIENTED_EDGE('',*,*,#9857,.F.);
#9857 = EDGE_CURVE('',#9858,#9487,#9860,.T.);
#9858 = VERTEX_POINT('',#9859);
#9859 = CARTESIAN_POINT('',(1.9,1.999999999998,9.489208841422));
#9860 = LINE('',#9861,#9862);
#9861 = CARTESIAN_POINT('',(1.9,1.999999999998,9.489208841422));
#9862 = VECTOR('',#9863,1.);
#9863 = DIRECTION('',(5.476555002614E-13,-4.044071036133E-14,1.));
#9864 = ORIENTED_EDGE('',*,*,#9865,.T.);
#9865 = EDGE_CURVE('',#9858,#9866,#9868,.T.);
#9866 = VERTEX_POINT('',#9867);
#9867 = CARTESIAN_POINT('',(1.899999999972,3.999999999992,9.489208841422
    ));
#9868 = LINE('',#9869,#9870);
#9869 = CARTESIAN_POINT('',(1.9,1.999999999998,9.489208841422));
#9870 = VECTOR('',#9871,1.);
#9871 = DIRECTION('',(1.107626501125E-26,1.,4.044071036133E-14));
#9872 = ORIENTED_EDGE('',*,*,#9873,.T.);
#9873 = EDGE_CURVE('',#9866,#9874,#9876,.T.);
#9874 = VERTEX_POINT('',#9875);
#9875 = CARTESIAN_POINT('',(1.89999999997,3.999999999992,5.689208841495)
  );
#9876 = LINE('',#9877,#9878);
#9877 = CARTESIAN_POINT('',(1.899999999972,3.999999999992,9.489208841422
    ));
#9878 = VECTOR('',#9879,1.);
#9879 = DIRECTION('',(-5.47567146896E-13,4.075102901527E-14,-1.));
#9880 = ORIENTED_EDGE('',*,*,#9881,.F.);
#9881 = EDGE_CURVE('',#9834,#9874,#9882,.T.);
#9882 = LINE('',#9883,#9884);
#9883 = CARTESIAN_POINT('',(1.89999999997,0.78642857143,5.689208841495)
  );
#9884 = VECTOR('',#9885,1.);
#9885 = DIRECTION('',(-1.362283674649E-26,-1.,-4.524979986759E-14));
#9886 = ORIENTED_EDGE('',*,*,#9833,.F.);
#9887 = ORIENTED_EDGE('',*,*,#9486,.F.);
#9888 = PLANE('',#9889);
#9889 = AXIS2_PLACEMENT_3D('',#9890,#9891,#9892);
#9890 = CARTESIAN_POINT('',(1.899999999986,4.38775510203,8.976963943491)
  );
#9891 = DIRECTION('',(-1.,-1.600606510524E-12,4.861817042358E-12));
#9892 = DIRECTION('',(-4.861817042358E-12,-0.,-1.));
#9893 = ADVANCED_FACE('',(#9894),#9912,.T.);
#9894 = FACE_BOUND('',#9895,.T.);
#9895 = EDGE_LOOP('',(#9896,#9904,#9910,#9911));
#9896 = ORIENTED_EDGE('',*,*,#9897,.F.);
#9897 = EDGE_CURVE('',#9898,#9858,#9900,.T.);
#9898 = VERTEX_POINT('',#9899);
#9899 = CARTESIAN_POINT('',(-5.899999999956,1.999999999998,
    9.489208841426));
#9900 = LINE('',#9901,#9902);
#9901 = CARTESIAN_POINT('',(-1.899999999977,1.999999999998,
    9.489208841424));
#9902 = VECTOR('',#9903,1.);
#9903 = DIRECTION('',(1.,1.10713124526E-26,-5.476555002614E-13));
#9904 = ORIENTED_EDGE('',*,*,#9905,.T.);
#9905 = EDGE_CURVE('',#9898,#9495,#9906,.T.);
#9906 = LINE('',#9907,#9908);
#9907 = CARTESIAN_POINT('',(-5.899999999956,1.999999999998,
    9.489208841426));
#9908 = VECTOR('',#9909,1.);
#9909 = DIRECTION('',(5.476555002614E-13,-4.044071036133E-14,1.));
#9910 = ORIENTED_EDGE('',*,*,#9494,.T.);
#9911 = ORIENTED_EDGE('',*,*,#9857,.F.);
#9912 = PLANE('',#9913);
#9913 = AXIS2_PLACEMENT_3D('',#9914,#9915,#9916);
#9914 = CARTESIAN_POINT('',(-1.661016949126,1.999999999998,
    11.150225790572));
#9915 = DIRECTION('',(0.,1.,4.050884554989E-14));
#9916 = DIRECTION('',(0.,-4.050884554989E-14,1.));
#9917 = ADVANCED_FACE('',(#9918),#9984,.T.);
#9918 = FACE_BOUND('',#9919,.F.);
#9919 = EDGE_LOOP('',(#9920,#9928,#9936,#9944,#9952,#9960,#9968,#9976,
    #9982,#9983));
#9920 = ORIENTED_EDGE('',*,*,#9921,.T.);
#9921 = EDGE_CURVE('',#9503,#9922,#9924,.T.);
#9922 = VERTEX_POINT('',#9923);
#9923 = CARTESIAN_POINT('',(-5.899999999978,-6.000000000002,
    5.689208841499));
#9924 = LINE('',#9925,#9926);
#9925 = CARTESIAN_POINT('',(-5.899999999976,-6.000000000002,
    9.489208841425));
#9926 = VECTOR('',#9927,1.);
#9927 = DIRECTION('',(-5.47567146896E-13,4.075102901527E-14,-1.));
#9928 = ORIENTED_EDGE('',*,*,#9929,.F.);
#9929 = EDGE_CURVE('',#9930,#9922,#9932,.T.);
#9930 = VERTEX_POINT('',#9931);
#9931 = CARTESIAN_POINT('',(-5.899999999978,-3.999999999994,
    5.689208841499));
#9932 = LINE('',#9933,#9934);
#9933 = CARTESIAN_POINT('',(-5.899999999978,-4.213571428566,
    5.689208841499));
#9934 = VECTOR('',#9935,1.);
#9935 = DIRECTION('',(-1.362283674649E-26,-1.,-4.524979986759E-14));
#9936 = ORIENTED_EDGE('',*,*,#9937,.F.);
#9937 = EDGE_CURVE('',#9938,#9930,#9940,.T.);
#9938 = VERTEX_POINT('',#9939);
#9939 = CARTESIAN_POINT('',(-5.899999999976,-3.999999999994,
    9.489208841426));
#9940 = LINE('',#9941,#9942);
#9941 = CARTESIAN_POINT('',(-5.899999999976,-3.999999999994,
    9.489208841426));
#9942 = VECTOR('',#9943,1.);
#9943 = DIRECTION('',(-5.47567146896E-13,4.075102901527E-14,-1.));
#9944 = ORIENTED_EDGE('',*,*,#9945,.T.);
#9945 = EDGE_CURVE('',#9938,#9946,#9948,.T.);
#9946 = VERTEX_POINT('',#9947);
#9947 = CARTESIAN_POINT('',(-5.899999999971,-1.999999999994,
    9.489208841426));
#9948 = LINE('',#9949,#9950);
#9949 = CARTESIAN_POINT('',(-5.899999999956,-5.999999999984,
    9.489208841425));
#9950 = VECTOR('',#9951,1.);
#9951 = DIRECTION('',(1.107626501125E-26,1.,4.044071036133E-14));
#9952 = ORIENTED_EDGE('',*,*,#9953,.T.);
#9953 = EDGE_CURVE('',#9946,#9954,#9956,.T.);
#9954 = VERTEX_POINT('',#9955);
#9955 = CARTESIAN_POINT('',(-5.899999999973,-1.999999999994,
    5.689208841499));
#9956 = LINE('',#9957,#9958);
#9957 = CARTESIAN_POINT('',(-5.899999999971,-1.999999999994,
    9.489208841426));
#9958 = VECTOR('',#9959,1.);
#9959 = DIRECTION('',(-5.47567146896E-13,4.075102901527E-14,-1.));
#9960 = ORIENTED_EDGE('',*,*,#9961,.T.);
#9961 = EDGE_CURVE('',#9954,#9962,#9964,.T.);
#9962 = VERTEX_POINT('',#9963);
#9963 = CARTESIAN_POINT('',(-5.899999999958,-1.995292847693E-12,
    5.689208841499));
#9964 = LINE('',#9965,#9966);
#9965 = CARTESIAN_POINT('',(-5.899999999982,-3.213571428548,
    5.689208841499));
#9966 = VECTOR('',#9967,1.);
#9967 = DIRECTION('',(7.549516567482E-12,1.,4.524979986299E-14));
#9968 = ORIENTED_EDGE('',*,*,#9969,.F.);
#9969 = EDGE_CURVE('',#9970,#9962,#9972,.T.);
#9970 = VERTEX_POINT('',#9971);
#9971 = CARTESIAN_POINT('',(-5.899999999956,-2.150146757948E-12,
    9.489208841426));
#9972 = LINE('',#9973,#9974);
#9973 = CARTESIAN_POINT('',(-5.899999999956,-2.150146757948E-12,
    9.489208841426));
#9974 = VECTOR('',#9975,1.);
#9975 = DIRECTION('',(-5.47567146896E-13,4.075102901527E-14,-1.));
#9976 = ORIENTED_EDGE('',*,*,#9977,.T.);
#9977 = EDGE_CURVE('',#9970,#9898,#9978,.T.);
#9978 = LINE('',#9979,#9980);
#9979 = CARTESIAN_POINT('',(-5.899999999956,-5.999999999984,
    9.489208841425));
#9980 = VECTOR('',#9981,1.);
#9981 = DIRECTION('',(1.107626501125E-26,1.,4.044071036133E-14));
#9982 = ORIENTED_EDGE('',*,*,#9905,.T.);
#9983 = ORIENTED_EDGE('',*,*,#9502,.F.);
#9984 = PLANE('',#9985);
#9985 = AXIS2_PLACEMENT_3D('',#9986,#9987,#9988);
#9986 = CARTESIAN_POINT('',(-5.899999999964,-2.431818181811,
    8.805117932368));
#9987 = DIRECTION('',(-1.,1.24562349521E-12,2.59761191793E-12));
#9988 = DIRECTION('',(-2.59761191793E-12,-0.,-1.));
#9989 = ADVANCED_FACE('',(#9990),#10001,.T.);
#9990 = FACE_BOUND('',#9991,.F.);
#9991 = EDGE_LOOP('',(#9992,#9993,#9999,#10000));
#9992 = ORIENTED_EDGE('',*,*,#9690,.F.);
#9993 = ORIENTED_EDGE('',*,*,#9994,.F.);
#9994 = EDGE_CURVE('',#9922,#9691,#9995,.T.);
#9995 = LINE('',#9996,#9997);
#9996 = CARTESIAN_POINT('',(-3.509999999973,-6.000000000002,
    5.689208841498));
#9997 = VECTOR('',#9998,1.);
#9998 = DIRECTION('',(1.,1.368765622469E-26,-6.097297283394E-13));
#9999 = ORIENTED_EDGE('',*,*,#9921,.F.);
#10000 = ORIENTED_EDGE('',*,*,#9510,.F.);
#10001 = PLANE('',#10002);
#10002 = AXIS2_PLACEMENT_3D('',#10003,#10004,#10005);
#10003 = CARTESIAN_POINT('',(-3.899999999963,-5.999999999995,
    8.589208841466));
#10004 = DIRECTION('',(3.367124799667E-28,-1.,2.749466051772E-12));
#10005 = DIRECTION('',(1.224646799147E-16,2.749466051772E-12,1.));
#10006 = ADVANCED_FACE('',(#10007),#10042,.F.);
#10007 = FACE_BOUND('',#10008,.F.);
#10008 = EDGE_LOOP('',(#10009,#10019,#10027,#10033,#10034,#10035));
#10009 = ORIENTED_EDGE('',*,*,#10010,.F.);
#10010 = EDGE_CURVE('',#10011,#10013,#10015,.T.);
#10011 = VERTEX_POINT('',#10012);
#10012 = CARTESIAN_POINT('',(1.900000000002,-1.399999999977,
    13.489208841421));
#10013 = VERTEX_POINT('',#10014);
#10014 = CARTESIAN_POINT('',(1.900000000001,-1.399999999977,
    12.079208841421));
#10015 = LINE('',#10016,#10017);
#10016 = CARTESIAN_POINT('',(1.900000000002,-1.399999999977,
    13.489208841421));
#10017 = VECTOR('',#10018,1.);
#10018 = DIRECTION('',(-5.478658462677E-13,4.085620730624E-14,-1.));
#10019 = ORIENTED_EDGE('',*,*,#10020,.T.);
#10020 = EDGE_CURVE('',#10011,#10021,#10023,.T.);
#10021 = VERTEX_POINT('',#10022);
#10022 = CARTESIAN_POINT('',(1.900000000002,-0.899999999977,
    13.489208841421));
#10023 = LINE('',#10024,#10025);
#10024 = CARTESIAN_POINT('',(1.900000000002,-1.999999999998,
    13.489208841421));
#10025 = VECTOR('',#10026,1.);
#10026 = DIRECTION('',(1.115696234548E-26,1.,4.075102901527E-14));
#10027 = ORIENTED_EDGE('',*,*,#10028,.T.);
#10028 = EDGE_CURVE('',#10021,#9553,#10029,.T.);
#10029 = LINE('',#10030,#10031);
#10030 = CARTESIAN_POINT('',(1.900000000002,-0.899999999977,
    13.489208841421));
#10031 = VECTOR('',#10032,1.);
#10032 = DIRECTION('',(-5.478658462677E-13,4.085620730624E-14,-1.));
#10033 = ORIENTED_EDGE('',*,*,#9560,.F.);
#10034 = ORIENTED_EDGE('',*,*,#9518,.T.);
#10035 = ORIENTED_EDGE('',*,*,#10036,.T.);
#10036 = EDGE_CURVE('',#9521,#10013,#10037,.T.);
#10037 = CIRCLE('',#10038,0.59);
#10038 = AXIS2_PLACEMENT_3D('',#10039,#10040,#10041);
#10039 = CARTESIAN_POINT('',(1.900000000001,-1.989999999977,
    12.079208841421));
#10040 = DIRECTION('',(1.,1.119186029556E-26,-5.478658462677E-13));
#10041 = DIRECTION('',(-5.478658462677E-13,0.,-1.));
#10042 = PLANE('',#10043);
#10043 = AXIS2_PLACEMENT_3D('',#10044,#10045,#10046);
#10044 = CARTESIAN_POINT('',(1.900000000001,-1.999999999998,
    11.489208841421));
#10045 = DIRECTION('',(-1.,-1.115696234548E-26,5.47567146896E-13));
#10046 = DIRECTION('',(1.115696234548E-26,1.,4.075102901527E-14));
#10047 = ADVANCED_FACE('',(#10048),#10067,.F.);
#10048 = FACE_BOUND('',#10049,.T.);
#10049 = EDGE_LOOP('',(#10050,#10051,#10059,#10066));
#10050 = ORIENTED_EDGE('',*,*,#10036,.T.);
#10051 = ORIENTED_EDGE('',*,*,#10052,.T.);
#10052 = EDGE_CURVE('',#10013,#10053,#10055,.T.);
#10053 = VERTEX_POINT('',#10054);
#10054 = CARTESIAN_POINT('',(-1.899999999925,-1.399999999977,
    12.079208841423));
#10055 = LINE('',#10056,#10057);
#10056 = CARTESIAN_POINT('',(1.900000000001,-1.399999999977,
    12.079208841421));
#10057 = VECTOR('',#10058,1.);
#10058 = DIRECTION('',(-1.,-1.119186029556E-26,5.478658462677E-13));
#10059 = ORIENTED_EDGE('',*,*,#10060,.F.);
#10060 = EDGE_CURVE('',#9529,#10053,#10061,.T.);
#10061 = CIRCLE('',#10062,0.59);
#10062 = AXIS2_PLACEMENT_3D('',#10063,#10064,#10065);
#10063 = CARTESIAN_POINT('',(-1.899999999925,-1.989999999977,
    12.079208841423));
#10064 = DIRECTION('',(1.,1.119186029556E-26,-5.478658462677E-13));
#10065 = DIRECTION('',(-5.478658462677E-13,0.,-1.));
#10066 = ORIENTED_EDGE('',*,*,#9528,.F.);
#10067 = CYLINDRICAL_SURFACE('',#10068,0.59);
#10068 = AXIS2_PLACEMENT_3D('',#10069,#10070,#10071);
#10069 = CARTESIAN_POINT('',(1.900000000001,-1.989999999977,
    12.079208841421));
#10070 = DIRECTION('',(-1.,-1.119186029556E-26,5.478658462677E-13));
#10071 = DIRECTION('',(-5.478658462677E-13,4.026206543626E-14,-1.));
#10072 = ADVANCED_FACE('',(#10073),#10091,.F.);
#10073 = FACE_BOUND('',#10074,.F.);
#10074 = EDGE_LOOP('',(#10075,#10083,#10084,#10085));
#10075 = ORIENTED_EDGE('',*,*,#10076,.T.);
#10076 = EDGE_CURVE('',#10077,#9545,#10079,.T.);
#10077 = VERTEX_POINT('',#10078);
#10078 = CARTESIAN_POINT('',(-1.899999999989,-0.899999999977,
    13.489208841424));
#10079 = LINE('',#10080,#10081);
#10080 = CARTESIAN_POINT('',(-1.899999999989,-0.899999999977,
    13.489208841424));
#10081 = VECTOR('',#10082,1.);
#10082 = DIRECTION('',(-5.478658462677E-13,4.085620730624E-14,-1.));
#10083 = ORIENTED_EDGE('',*,*,#9552,.T.);
#10084 = ORIENTED_EDGE('',*,*,#10028,.F.);
#10085 = ORIENTED_EDGE('',*,*,#10086,.F.);
#10086 = EDGE_CURVE('',#10077,#10021,#10087,.T.);
#10087 = LINE('',#10088,#10089);
#10088 = CARTESIAN_POINT('',(-1.899999999989,-0.899999999977,
    13.489208841424));
#10089 = VECTOR('',#10090,1.);
#10090 = DIRECTION('',(1.,1.119186029556E-26,-5.478658462677E-13));
#10091 = PLANE('',#10092);
#10092 = AXIS2_PLACEMENT_3D('',#10093,#10094,#10095);
#10093 = CARTESIAN_POINT('',(-1.899999999989,-0.899999999977,
    13.489208841424));
#10094 = DIRECTION('',(-1.119186029556E-26,-1.,-4.085620730624E-14));
#10095 = DIRECTION('',(1.,1.119186029556E-26,-5.478658462677E-13));
#10096 = ADVANCED_FACE('',(#10097),#10117,.F.);
#10097 = FACE_BOUND('',#10098,.F.);
#10098 = EDGE_LOOP('',(#10099,#10107,#10108,#10109,#10110,#10111));
#10099 = ORIENTED_EDGE('',*,*,#10100,.T.);
#10100 = EDGE_CURVE('',#10101,#10053,#10103,.T.);
#10101 = VERTEX_POINT('',#10102);
#10102 = CARTESIAN_POINT('',(-1.899999999924,-1.399999999977,
    13.489208841423));
#10103 = LINE('',#10104,#10105);
#10104 = CARTESIAN_POINT('',(-1.899999999924,-1.399999999977,
    13.489208841423));
#10105 = VECTOR('',#10106,1.);
#10106 = DIRECTION('',(-5.478658462677E-13,4.085620730624E-14,-1.));
#10107 = ORIENTED_EDGE('',*,*,#10060,.F.);
#10108 = ORIENTED_EDGE('',*,*,#9536,.F.);
#10109 = ORIENTED_EDGE('',*,*,#9544,.F.);
#10110 = ORIENTED_EDGE('',*,*,#10076,.F.);
#10111 = ORIENTED_EDGE('',*,*,#10112,.T.);
#10112 = EDGE_CURVE('',#10077,#10101,#10113,.T.);
#10113 = LINE('',#10114,#10115);
#10114 = CARTESIAN_POINT('',(-1.899999999924,1.999999999998,
    13.489208841424));
#10115 = VECTOR('',#10116,1.);
#10116 = DIRECTION('',(-1.115696234548E-26,-1.,-4.075102901527E-14));
#10117 = PLANE('',#10118);
#10118 = AXIS2_PLACEMENT_3D('',#10119,#10120,#10121);
#10119 = CARTESIAN_POINT('',(-1.899999999926,1.999999999998,
    11.489208841424));
#10120 = DIRECTION('',(1.,1.115696234548E-26,-5.47567146896E-13));
#10121 = DIRECTION('',(-1.115696234548E-26,-1.,-4.075102901527E-14));
#10122 = ADVANCED_FACE('',(#10123),#10134,.F.);
#10123 = FACE_BOUND('',#10124,.F.);
#10124 = EDGE_LOOP('',(#10125,#10126,#10127,#10128));
#10125 = ORIENTED_EDGE('',*,*,#9574,.T.);
#10126 = ORIENTED_EDGE('',*,*,#9616,.T.);
#10127 = ORIENTED_EDGE('',*,*,#9664,.F.);
#10128 = ORIENTED_EDGE('',*,*,#10129,.F.);
#10129 = EDGE_CURVE('',#9575,#9665,#10130,.T.);
#10130 = LINE('',#10131,#10132);
#10131 = CARTESIAN_POINT('',(-1.899999999924,1.400000000023,
    13.489208841424));
#10132 = VECTOR('',#10133,1.);
#10133 = DIRECTION('',(1.,1.119186029556E-26,-5.478658462677E-13));
#10134 = PLANE('',#10135);
#10135 = AXIS2_PLACEMENT_3D('',#10136,#10137,#10138);
#10136 = CARTESIAN_POINT('',(-1.899999999924,1.400000000023,
    13.489208841424));
#10137 = DIRECTION('',(-1.119186029556E-26,-1.,-4.085620730624E-14));
#10138 = DIRECTION('',(1.,1.119186029556E-26,-5.478658462677E-13));
#10139 = ADVANCED_FACE('',(#10140),#10146,.T.);
#10140 = FACE_BOUND('',#10141,.T.);
#10141 = EDGE_LOOP('',(#10142,#10143,#10144,#10145));
#10142 = ORIENTED_EDGE('',*,*,#9584,.T.);
#10143 = ORIENTED_EDGE('',*,*,#9650,.F.);
#10144 = ORIENTED_EDGE('',*,*,#9676,.T.);
#10145 = ORIENTED_EDGE('',*,*,#10129,.F.);
#10146 = PLANE('',#10147);
#10147 = AXIS2_PLACEMENT_3D('',#10148,#10149,#10150);
#10148 = CARTESIAN_POINT('',(3.888860634977E-11,-1.696366858324E-13,
    13.489208841423));
#10149 = DIRECTION('',(5.478658462677E-13,-4.085620730624E-14,1.));
#10150 = DIRECTION('',(1.,0.,-5.478658462677E-13));
#10151 = ADVANCED_FACE('',(#10152),#10236,.F.);
#10152 = FACE_BOUND('',#10153,.T.);
#10153 = EDGE_LOOP('',(#10154,#10155,#10161,#10162,#10170,#10179,#10187,
    #10193,#10194,#10195,#10196,#10202,#10203,#10211,#10220,#10228,
    #10234,#10235));
#10154 = ORIENTED_EDGE('',*,*,#9707,.F.);
#10155 = ORIENTED_EDGE('',*,*,#10156,.T.);
#10156 = EDGE_CURVE('',#9708,#9938,#10157,.T.);
#10157 = LINE('',#10158,#10159);
#10158 = CARTESIAN_POINT('',(-1.899999999977,-4.000000000002,
    9.489208841423));
#10159 = VECTOR('',#10160,1.);
#10160 = DIRECTION('',(-1.,1.948774475125E-12,5.475671468961E-13));
#10161 = ORIENTED_EDGE('',*,*,#9945,.T.);
#10162 = ORIENTED_EDGE('',*,*,#10163,.F.);
#10163 = EDGE_CURVE('',#10164,#9946,#10166,.T.);
#10164 = VERTEX_POINT('',#10165);
#10165 = CARTESIAN_POINT('',(-3.399999999972,-1.999999999995,
    9.489208841424));
#10166 = LINE('',#10167,#10168);
#10167 = CARTESIAN_POINT('',(-3.399999999972,-1.999999999995,
    9.489208841424));
#10168 = VECTOR('',#10169,1.);
#10169 = DIRECTION('',(-1.,6.147971021167E-13,5.47567146896E-13));
#10170 = ORIENTED_EDGE('',*,*,#10171,.F.);
#10171 = EDGE_CURVE('',#10172,#10164,#10174,.T.);
#10172 = VERTEX_POINT('',#10173);
#10173 = CARTESIAN_POINT('',(-1.899999999971,-0.499999999996,
    9.489208841423));
#10174 = CIRCLE('',#10175,1.5);
#10175 = AXIS2_PLACEMENT_3D('',#10176,#10177,#10178);
#10176 = CARTESIAN_POINT('',(-3.399999999971,-0.499999999995,
    9.489208841424));
#10177 = DIRECTION('',(-5.763282144604E-13,-2.220446045706E-16,-1.));
#10178 = DIRECTION('',(1.,0.,-5.763282144604E-13));
#10179 = ORIENTED_EDGE('',*,*,#10180,.F.);
#10180 = EDGE_CURVE('',#10181,#10172,#10183,.T.);
#10181 = VERTEX_POINT('',#10182);
#10182 = CARTESIAN_POINT('',(-1.899999999974,-2.150012366557E-12,
    9.489208841424));
#10183 = LINE('',#10184,#10185);
#10184 = CARTESIAN_POINT('',(-1.899999999971,-2.149877975167E-12,
    9.489208841424));
#10185 = VECTOR('',#10186,1.);
#10186 = DIRECTION('',(-1.115945762635E-26,-1.,-4.075102901527E-14));
#10187 = ORIENTED_EDGE('',*,*,#10188,.T.);
#10188 = EDGE_CURVE('',#10181,#9970,#10189,.T.);
#10189 = LINE('',#10190,#10191);
#10190 = CARTESIAN_POINT('',(-1.899999999977,-2.150146757948E-12,
    9.489208841424));
#10191 = VECTOR('',#10192,1.);
#10192 = DIRECTION('',(-1.,-1.115446706462E-26,5.47567146896E-13));
#10193 = ORIENTED_EDGE('',*,*,#9977,.T.);
#10194 = ORIENTED_EDGE('',*,*,#9897,.T.);
#10195 = ORIENTED_EDGE('',*,*,#9865,.T.);
#10196 = ORIENTED_EDGE('',*,*,#10197,.T.);
#10197 = EDGE_CURVE('',#9866,#9778,#10198,.T.);
#10198 = LINE('',#10199,#10200);
#10199 = CARTESIAN_POINT('',(1.899999999972,3.999999999992,
    9.489208841422));
#10200 = VECTOR('',#10201,1.);
#10201 = DIRECTION('',(1.,1.115446706462E-26,-5.47567146896E-13));
#10202 = ORIENTED_EDGE('',*,*,#9785,.F.);
#10203 = ORIENTED_EDGE('',*,*,#10204,.T.);
#10204 = EDGE_CURVE('',#9786,#10205,#10207,.T.);
#10205 = VERTEX_POINT('',#10206);
#10206 = CARTESIAN_POINT('',(3.400000000003,1.999999509798,
    9.489208841421));
#10207 = LINE('',#10208,#10209);
#10208 = CARTESIAN_POINT('',(5.900000000002,1.999999509798,
    9.489208841419));
#10209 = VECTOR('',#10210,1.);
#10210 = DIRECTION('',(-1.,-1.115446706462E-26,5.47567146896E-13));
#10211 = ORIENTED_EDGE('',*,*,#10212,.T.);
#10212 = EDGE_CURVE('',#10205,#10213,#10215,.T.);
#10213 = VERTEX_POINT('',#10214);
#10214 = CARTESIAN_POINT('',(1.9,0.499999999993,9.489208841421));
#10215 = CIRCLE('',#10216,1.5);
#10216 = AXIS2_PLACEMENT_3D('',#10217,#10218,#10219);
#10217 = CARTESIAN_POINT('',(3.4,0.499999509798,9.489208841421));
#10218 = DIRECTION('',(5.47567146896E-13,-4.075102901527E-14,1.));
#10219 = DIRECTION('',(-1.,-1.115446706462E-26,5.47567146896E-13));
#10220 = ORIENTED_EDGE('',*,*,#10221,.T.);
#10221 = EDGE_CURVE('',#10213,#10222,#10224,.T.);
#10222 = VERTEX_POINT('',#10223);
#10223 = CARTESIAN_POINT('',(1.9,-1.703393012838E-12,9.489208841421));
#10224 = LINE('',#10225,#10226);
#10225 = CARTESIAN_POINT('',(1.9,0.499999999993,9.489208841421));
#10226 = VECTOR('',#10227,1.);
#10227 = DIRECTION('',(-1.115945762635E-26,-1.,-4.075102901527E-14));
#10228 = ORIENTED_EDGE('',*,*,#10229,.F.);
#10229 = EDGE_CURVE('',#9810,#10222,#10230,.T.);
#10230 = LINE('',#10231,#10232);
#10231 = CARTESIAN_POINT('',(5.900000000002,-1.703393012838E-12,
    9.489208841419));
#10232 = VECTOR('',#10233,1.);
#10233 = DIRECTION('',(-1.,-1.115446706462E-26,5.47567146896E-13));
#10234 = ORIENTED_EDGE('',*,*,#9817,.F.);
#10235 = ORIENTED_EDGE('',*,*,#9738,.F.);
#10236 = PLANE('',#10237);
#10237 = AXIS2_PLACEMENT_3D('',#10238,#10239,#10240);
#10238 = CARTESIAN_POINT('',(2.466512044668E-11,-3.458344721719E-12,
    9.489208841423));
#10239 = DIRECTION('',(5.47567146896E-13,-4.075102901527E-14,1.));
#10240 = DIRECTION('',(1.,0.,-5.47567146896E-13));
#10241 = ADVANCED_FACE('',(#10242),#10253,.F.);
#10242 = FACE_BOUND('',#10243,.T.);
#10243 = EDGE_LOOP('',(#10244,#10245,#10246,#10252));
#10244 = ORIENTED_EDGE('',*,*,#10156,.F.);
#10245 = ORIENTED_EDGE('',*,*,#9715,.T.);
#10246 = ORIENTED_EDGE('',*,*,#10247,.T.);
#10247 = EDGE_CURVE('',#9716,#9930,#10248,.T.);
#10248 = LINE('',#10249,#10250);
#10249 = CARTESIAN_POINT('',(-1.509999999973,-4.000000000002,
    5.689208841497));
#10250 = VECTOR('',#10251,1.);
#10251 = DIRECTION('',(-1.,1.948774475125E-12,6.097297283395E-13));
#10252 = ORIENTED_EDGE('',*,*,#9937,.F.);
#10253 = PLANE('',#10254);
#10254 = AXIS2_PLACEMENT_3D('',#10255,#10256,#10257);
#10255 = CARTESIAN_POINT('',(-1.899999999977,-4.000000000002,
    9.489208841423));
#10256 = DIRECTION('',(-1.948774475125E-12,-1.,-4.07510290142E-14));
#10257 = DIRECTION('',(1.,-1.948774475125E-12,-5.475671468961E-13));
#10258 = ADVANCED_FACE('',(#10259),#10265,.T.);
#10259 = FACE_BOUND('',#10260,.F.);
#10260 = EDGE_LOOP('',(#10261,#10262,#10263,#10264));
#10261 = ORIENTED_EDGE('',*,*,#9723,.T.);
#10262 = ORIENTED_EDGE('',*,*,#10247,.T.);
#10263 = ORIENTED_EDGE('',*,*,#9929,.T.);
#10264 = ORIENTED_EDGE('',*,*,#9994,.T.);
#10265 = PLANE('',#10266);
#10266 = AXIS2_PLACEMENT_3D('',#10267,#10268,#10269);
#10267 = CARTESIAN_POINT('',(-1.119999999968,-4.427142857138,
    5.689208841496));
#10268 = DIRECTION('',(-6.097297283394E-13,4.524979986759E-14,-1.));
#10269 = DIRECTION('',(-1.,0.,6.097297283394E-13));
#10270 = ADVANCED_FACE('',(#10271),#10282,.T.);
#10271 = FACE_BOUND('',#10272,.F.);
#10272 = EDGE_LOOP('',(#10273,#10274,#10280,#10281));
#10273 = ORIENTED_EDGE('',*,*,#9881,.T.);
#10274 = ORIENTED_EDGE('',*,*,#10275,.T.);
#10275 = EDGE_CURVE('',#9874,#9770,#10276,.T.);
#10276 = LINE('',#10277,#10278);
#10277 = CARTESIAN_POINT('',(0.390000000001,3.999999999992,
    5.689208841496));
#10278 = VECTOR('',#10279,1.);
#10279 = DIRECTION('',(1.,1.368765622469E-26,-6.097297283394E-13));
#10280 = ORIENTED_EDGE('',*,*,#9769,.T.);
#10281 = ORIENTED_EDGE('',*,*,#9841,.T.);
#10282 = PLANE('',#10283);
#10283 = AXIS2_PLACEMENT_3D('',#10284,#10285,#10286);
#10284 = CARTESIAN_POINT('',(-1.119999999968,-4.427142857138,
    5.689208841496));
#10285 = DIRECTION('',(-6.097297283394E-13,4.524979986759E-14,-1.));
#10286 = DIRECTION('',(-1.,0.,6.097297283394E-13));
#10287 = ADVANCED_FACE('',(#10288),#10294,.F.);
#10288 = FACE_BOUND('',#10289,.T.);
#10289 = EDGE_LOOP('',(#10290,#10291,#10292,#10293));
#10290 = ORIENTED_EDGE('',*,*,#10197,.F.);
#10291 = ORIENTED_EDGE('',*,*,#9873,.T.);
#10292 = ORIENTED_EDGE('',*,*,#10275,.T.);
#10293 = ORIENTED_EDGE('',*,*,#9777,.F.);
#10294 = PLANE('',#10295);
#10295 = AXIS2_PLACEMENT_3D('',#10296,#10297,#10298);
#10296 = CARTESIAN_POINT('',(1.899999999972,3.999999999992,
    9.489208841422));
#10297 = DIRECTION('',(1.115945762635E-26,1.,4.075102901527E-14));
#10298 = DIRECTION('',(-1.,-1.115446706462E-26,5.47567146896E-13));
#10299 = ADVANCED_FACE('',(#10300),#10318,.F.);
#10300 = FACE_BOUND('',#10301,.T.);
#10301 = EDGE_LOOP('',(#10302,#10303,#10304,#10312));
#10302 = ORIENTED_EDGE('',*,*,#10204,.F.);
#10303 = ORIENTED_EDGE('',*,*,#9793,.T.);
#10304 = ORIENTED_EDGE('',*,*,#10305,.T.);
#10305 = EDGE_CURVE('',#9794,#10306,#10308,.T.);
#10306 = VERTEX_POINT('',#10307);
#10307 = CARTESIAN_POINT('',(3.4,1.999999509798,5.689208841494));
#10308 = LINE('',#10309,#10310);
#10309 = CARTESIAN_POINT('',(2.390000000016,1.999999509798,
    5.689208841494));
#10310 = VECTOR('',#10311,1.);
#10311 = DIRECTION('',(-1.,-1.368765622469E-26,6.097297283394E-13));
#10312 = ORIENTED_EDGE('',*,*,#10313,.F.);
#10313 = EDGE_CURVE('',#10205,#10306,#10314,.T.);
#10314 = LINE('',#10315,#10316);
#10315 = CARTESIAN_POINT('',(3.400000000003,1.999999509798,
    9.489208841421));
#10316 = VECTOR('',#10317,1.);
#10317 = DIRECTION('',(-5.47567146896E-13,4.075102901527E-14,-1.));
#10318 = PLANE('',#10319);
#10319 = AXIS2_PLACEMENT_3D('',#10320,#10321,#10322);
#10320 = CARTESIAN_POINT('',(5.900000000002,1.999999509798,
    9.489208841419));
#10321 = DIRECTION('',(-1.115945762635E-26,-1.,-4.075102901527E-14));
#10322 = DIRECTION('',(1.,1.115446706462E-26,-5.47567146896E-13));
#10323 = ADVANCED_FACE('',(#10324),#10351,.T.);
#10324 = FACE_BOUND('',#10325,.F.);
#10325 = EDGE_LOOP('',(#10326,#10334,#10335,#10336,#10345));
#10326 = ORIENTED_EDGE('',*,*,#10327,.F.);
#10327 = EDGE_CURVE('',#9802,#10328,#10330,.T.);
#10328 = VERTEX_POINT('',#10329);
#10329 = CARTESIAN_POINT('',(1.899999999998,-1.548539102583E-12,
    5.689208841495));
#10330 = LINE('',#10331,#10332);
#10331 = CARTESIAN_POINT('',(2.390000000016,-1.54876113327E-12,
    5.689208841494));
#10332 = VECTOR('',#10333,1.);
#10333 = DIRECTION('',(-1.,-1.368765622469E-26,6.097297283394E-13));
#10334 = ORIENTED_EDGE('',*,*,#9801,.T.);
#10335 = ORIENTED_EDGE('',*,*,#10305,.T.);
#10336 = ORIENTED_EDGE('',*,*,#10337,.F.);
#10337 = EDGE_CURVE('',#10338,#10306,#10340,.T.);
#10338 = VERTEX_POINT('',#10339);
#10339 = CARTESIAN_POINT('',(1.899999999998,0.499999999993,
    5.689208841495));
#10340 = CIRCLE('',#10341,1.5);
#10341 = AXIS2_PLACEMENT_3D('',#10342,#10343,#10344);
#10342 = CARTESIAN_POINT('',(3.399999999998,0.499999509798,
    5.689208841494));
#10343 = DIRECTION('',(-5.47567146896E-13,4.075102901527E-14,-1.));
#10344 = DIRECTION('',(-1.,-1.115446706462E-26,5.47567146896E-13));
#10345 = ORIENTED_EDGE('',*,*,#10346,.T.);
#10346 = EDGE_CURVE('',#10338,#10328,#10347,.T.);
#10347 = LINE('',#10348,#10349);
#10348 = CARTESIAN_POINT('',(1.899999999998,-1.963571428573,
    5.689208841495));
#10349 = VECTOR('',#10350,1.);
#10350 = DIRECTION('',(-1.362283674649E-26,-1.,-4.524979986759E-14));
#10351 = PLANE('',#10352);
#10352 = AXIS2_PLACEMENT_3D('',#10353,#10354,#10355);
#10353 = CARTESIAN_POINT('',(-1.119999999968,-4.427142857138,
    5.689208841496));
#10354 = DIRECTION('',(-6.097297283394E-13,4.524979986759E-14,-1.));
#10355 = DIRECTION('',(-1.,0.,6.097297283394E-13));
#10356 = ADVANCED_FACE('',(#10357),#10368,.T.);
#10357 = FACE_BOUND('',#10358,.F.);
#10358 = EDGE_LOOP('',(#10359,#10360,#10361,#10362));
#10359 = ORIENTED_EDGE('',*,*,#10229,.F.);
#10360 = ORIENTED_EDGE('',*,*,#9809,.T.);
#10361 = ORIENTED_EDGE('',*,*,#10327,.T.);
#10362 = ORIENTED_EDGE('',*,*,#10363,.F.);
#10363 = EDGE_CURVE('',#10222,#10328,#10364,.T.);
#10364 = LINE('',#10365,#10366);
#10365 = CARTESIAN_POINT('',(1.9,-1.703393012838E-12,9.489208841421));
#10366 = VECTOR('',#10367,1.);
#10367 = DIRECTION('',(-5.47567146896E-13,4.075102901527E-14,-1.));
#10368 = PLANE('',#10369);
#10369 = AXIS2_PLACEMENT_3D('',#10370,#10371,#10372);
#10370 = CARTESIAN_POINT('',(5.900000000002,-1.703393012838E-12,
    9.489208841419));
#10371 = DIRECTION('',(-1.115945762635E-26,-1.,-4.075102901527E-14));
#10372 = DIRECTION('',(1.,1.115446706462E-26,-5.47567146896E-13));
#10373 = ADVANCED_FACE('',(#10374),#10392,.T.);
#10374 = FACE_BOUND('',#10375,.F.);
#10375 = EDGE_LOOP('',(#10376,#10377,#10385,#10391));
#10376 = ORIENTED_EDGE('',*,*,#10163,.F.);
#10377 = ORIENTED_EDGE('',*,*,#10378,.T.);
#10378 = EDGE_CURVE('',#10164,#10379,#10381,.T.);
#10379 = VERTEX_POINT('',#10380);
#10380 = CARTESIAN_POINT('',(-3.399999999974,-1.999999999995,
    5.689208841498));
#10381 = LINE('',#10382,#10383);
#10382 = CARTESIAN_POINT('',(-3.399999999972,-1.999999999995,
    9.489208841424));
#10383 = VECTOR('',#10384,1.);
#10384 = DIRECTION('',(-5.47567146896E-13,4.075102901527E-14,-1.));
#10385 = ORIENTED_EDGE('',*,*,#10386,.T.);
#10386 = EDGE_CURVE('',#10379,#9954,#10387,.T.);
#10387 = LINE('',#10388,#10389);
#10388 = CARTESIAN_POINT('',(-2.25999999997,-1.999999999996,
    5.689208841497));
#10389 = VECTOR('',#10390,1.);
#10390 = DIRECTION('',(-1.,6.147971021167E-13,6.097297283394E-13));
#10391 = ORIENTED_EDGE('',*,*,#9953,.F.);
#10392 = PLANE('',#10393);
#10393 = AXIS2_PLACEMENT_3D('',#10394,#10395,#10396);
#10394 = CARTESIAN_POINT('',(-3.399999999972,-1.999999999995,
    9.489208841424));
#10395 = DIRECTION('',(-6.147971021167E-13,-1.,-4.075102901494E-14));
#10396 = DIRECTION('',(1.,-6.147971021167E-13,-5.47567146896E-13));
#10397 = ADVANCED_FACE('',(#10398),#10425,.T.);
#10398 = FACE_BOUND('',#10399,.F.);
#10399 = EDGE_LOOP('',(#10400,#10410,#10416,#10417,#10418));
#10400 = ORIENTED_EDGE('',*,*,#10401,.F.);
#10401 = EDGE_CURVE('',#10402,#10404,#10406,.T.);
#10402 = VERTEX_POINT('',#10403);
#10403 = CARTESIAN_POINT('',(-1.899999999976,-1.995158456302E-12,
    5.689208841497));
#10404 = VERTEX_POINT('',#10405);
#10405 = CARTESIAN_POINT('',(-1.899999999973,-0.499999999996,
    5.689208841497));
#10406 = LINE('',#10407,#10408);
#10407 = CARTESIAN_POINT('',(-1.899999999973,-2.21357142857,
    5.689208841497));
#10408 = VECTOR('',#10409,1.);
#10409 = DIRECTION('',(-1.362283674649E-26,-1.,-4.524979986759E-14));
#10410 = ORIENTED_EDGE('',*,*,#10411,.T.);
#10411 = EDGE_CURVE('',#10402,#9962,#10412,.T.);
#10412 = LINE('',#10413,#10414);
#10413 = CARTESIAN_POINT('',(-1.509999999974,-1.995514878379E-12,
    5.689208841497));
#10414 = VECTOR('',#10415,1.);
#10415 = DIRECTION('',(-1.,-1.368765622469E-26,6.097297283394E-13));
#10416 = ORIENTED_EDGE('',*,*,#9961,.F.);
#10417 = ORIENTED_EDGE('',*,*,#10386,.F.);
#10418 = ORIENTED_EDGE('',*,*,#10419,.F.);
#10419 = EDGE_CURVE('',#10404,#10379,#10420,.T.);
#10420 = CIRCLE('',#10421,1.5);
#10421 = AXIS2_PLACEMENT_3D('',#10422,#10423,#10424);
#10422 = CARTESIAN_POINT('',(-3.399999999973,-0.499999999995,
    5.689208841498));
#10423 = DIRECTION('',(-5.763282144604E-13,-2.220446045706E-16,-1.));
#10424 = DIRECTION('',(1.,-1.614295830902E-42,-5.763282144604E-13));
#10425 = PLANE('',#10426);
#10426 = AXIS2_PLACEMENT_3D('',#10427,#10428,#10429);
#10427 = CARTESIAN_POINT('',(-1.119999999968,-4.427142857138,
    5.689208841496));
#10428 = DIRECTION('',(-6.097297283394E-13,4.524979986759E-14,-1.));
#10429 = DIRECTION('',(-1.,0.,6.097297283394E-13));
#10430 = ADVANCED_FACE('',(#10431),#10442,.F.);
#10431 = FACE_BOUND('',#10432,.T.);
#10432 = EDGE_LOOP('',(#10433,#10434,#10440,#10441));
#10433 = ORIENTED_EDGE('',*,*,#10188,.F.);
#10434 = ORIENTED_EDGE('',*,*,#10435,.T.);
#10435 = EDGE_CURVE('',#10181,#10402,#10436,.T.);
#10436 = LINE('',#10437,#10438);
#10437 = CARTESIAN_POINT('',(-1.899999999974,-2.150012366557E-12,
    9.489208841424));
#10438 = VECTOR('',#10439,1.);
#10439 = DIRECTION('',(-5.47567146896E-13,4.075102901527E-14,-1.));
#10440 = ORIENTED_EDGE('',*,*,#10411,.T.);
#10441 = ORIENTED_EDGE('',*,*,#9969,.F.);
#10442 = PLANE('',#10443);
#10443 = AXIS2_PLACEMENT_3D('',#10444,#10445,#10446);
#10444 = CARTESIAN_POINT('',(-1.899999999977,-2.150146757948E-12,
    9.489208841424));
#10445 = DIRECTION('',(-1.115945762635E-26,-1.,-4.075102901527E-14));
#10446 = DIRECTION('',(1.,1.115446706462E-26,-5.47567146896E-13));
#10447 = ADVANCED_FACE('',(#10448),#10459,.F.);
#10448 = FACE_BOUND('',#10449,.F.);
#10449 = EDGE_LOOP('',(#10450,#10451,#10452,#10453));
#10450 = ORIENTED_EDGE('',*,*,#10010,.T.);
#10451 = ORIENTED_EDGE('',*,*,#10052,.T.);
#10452 = ORIENTED_EDGE('',*,*,#10100,.F.);
#10453 = ORIENTED_EDGE('',*,*,#10454,.F.);
#10454 = EDGE_CURVE('',#10011,#10101,#10455,.T.);
#10455 = LINE('',#10456,#10457);
#10456 = CARTESIAN_POINT('',(1.900000000002,-1.399999999977,
    13.489208841421));
#10457 = VECTOR('',#10458,1.);
#10458 = DIRECTION('',(-1.,-1.119186029556E-26,5.478658462677E-13));
#10459 = PLANE('',#10460);
#10460 = AXIS2_PLACEMENT_3D('',#10461,#10462,#10463);
#10461 = CARTESIAN_POINT('',(1.900000000002,-1.399999999977,
    13.489208841421));
#10462 = DIRECTION('',(1.119186029556E-26,1.,4.085620730624E-14));
#10463 = DIRECTION('',(-1.,-1.119186029556E-26,5.478658462677E-13));
#10464 = ADVANCED_FACE('',(#10465),#10471,.T.);
#10465 = FACE_BOUND('',#10466,.T.);
#10466 = EDGE_LOOP('',(#10467,#10468,#10469,#10470));
#10467 = ORIENTED_EDGE('',*,*,#10112,.T.);
#10468 = ORIENTED_EDGE('',*,*,#10454,.F.);
#10469 = ORIENTED_EDGE('',*,*,#10020,.T.);
#10470 = ORIENTED_EDGE('',*,*,#10086,.F.);
#10471 = PLANE('',#10472);
#10472 = AXIS2_PLACEMENT_3D('',#10473,#10474,#10475);
#10473 = CARTESIAN_POINT('',(3.888860634977E-11,-1.696366858324E-13,
    13.489208841423));
#10474 = DIRECTION('',(5.478658462677E-13,-4.085620730624E-14,1.));
#10475 = DIRECTION('',(1.,0.,-5.478658462677E-13));
#10476 = ADVANCED_FACE('',(#10477),#10488,.F.);
#10477 = FACE_BOUND('',#10478,.T.);
#10478 = EDGE_LOOP('',(#10479,#10480,#10486,#10487));
#10479 = ORIENTED_EDGE('',*,*,#10221,.F.);
#10480 = ORIENTED_EDGE('',*,*,#10481,.T.);
#10481 = EDGE_CURVE('',#10213,#10338,#10482,.T.);
#10482 = LINE('',#10483,#10484);
#10483 = CARTESIAN_POINT('',(1.9,0.499999999993,9.489208841421));
#10484 = VECTOR('',#10485,1.);
#10485 = DIRECTION('',(-5.47567146896E-13,4.075102901527E-14,-1.));
#10486 = ORIENTED_EDGE('',*,*,#10346,.T.);
#10487 = ORIENTED_EDGE('',*,*,#10363,.F.);
#10488 = PLANE('',#10489);
#10489 = AXIS2_PLACEMENT_3D('',#10490,#10491,#10492);
#10490 = CARTESIAN_POINT('',(1.9,0.499999999993,9.489208841421));
#10491 = DIRECTION('',(1.,1.115446706462E-26,-5.47567146896E-13));
#10492 = DIRECTION('',(1.115945762635E-26,1.,4.075102901527E-14));
#10493 = ADVANCED_FACE('',(#10494),#10500,.T.);
#10494 = FACE_BOUND('',#10495,.T.);
#10495 = EDGE_LOOP('',(#10496,#10497,#10498,#10499));
#10496 = ORIENTED_EDGE('',*,*,#10212,.F.);
#10497 = ORIENTED_EDGE('',*,*,#10313,.T.);
#10498 = ORIENTED_EDGE('',*,*,#10337,.F.);
#10499 = ORIENTED_EDGE('',*,*,#10481,.F.);
#10500 = CYLINDRICAL_SURFACE('',#10501,1.5);
#10501 = AXIS2_PLACEMENT_3D('',#10502,#10503,#10504);
#10502 = CARTESIAN_POINT('',(3.4,0.499999509798,9.489208841421));
#10503 = DIRECTION('',(5.47567146896E-13,-4.075102901527E-14,1.));
#10504 = DIRECTION('',(-1.,-1.115446706462E-26,5.47567146896E-13));
#10505 = ADVANCED_FACE('',(#10506),#10517,.T.);
#10506 = FACE_BOUND('',#10507,.F.);
#10507 = EDGE_LOOP('',(#10508,#10509,#10510,#10511));
#10508 = ORIENTED_EDGE('',*,*,#10180,.F.);
#10509 = ORIENTED_EDGE('',*,*,#10435,.T.);
#10510 = ORIENTED_EDGE('',*,*,#10401,.T.);
#10511 = ORIENTED_EDGE('',*,*,#10512,.F.);
#10512 = EDGE_CURVE('',#10172,#10404,#10513,.T.);
#10513 = LINE('',#10514,#10515);
#10514 = CARTESIAN_POINT('',(-1.899999999971,-0.499999999996,
    9.489208841423));
#10515 = VECTOR('',#10516,1.);
#10516 = DIRECTION('',(-5.47567146896E-13,4.075102901527E-14,-1.));
#10517 = PLANE('',#10518);
#10518 = AXIS2_PLACEMENT_3D('',#10519,#10520,#10521);
#10519 = CARTESIAN_POINT('',(-1.899999999971,-2.149877975167E-12,
    9.489208841424));
#10520 = DIRECTION('',(1.,1.115446706462E-26,-5.47567146896E-13));
#10521 = DIRECTION('',(1.115945762635E-26,1.,4.075102901527E-14));
#10522 = ADVANCED_FACE('',(#10523),#10529,.T.);
#10523 = FACE_BOUND('',#10524,.F.);
#10524 = EDGE_LOOP('',(#10525,#10526,#10527,#10528));
#10525 = ORIENTED_EDGE('',*,*,#10171,.F.);
#10526 = ORIENTED_EDGE('',*,*,#10512,.T.);
#10527 = ORIENTED_EDGE('',*,*,#10419,.T.);
#10528 = ORIENTED_EDGE('',*,*,#10378,.F.);
#10529 = CYLINDRICAL_SURFACE('',#10530,1.5);
#10530 = AXIS2_PLACEMENT_3D('',#10531,#10532,#10533);
#10531 = CARTESIAN_POINT('',(-3.399999999971,-0.499999999995,
    9.489208841424));
#10532 = DIRECTION('',(5.763282144604E-13,2.220446045706E-16,1.));
#10533 = DIRECTION('',(1.,-1.614295830902E-42,-5.763282144604E-13));
#10534 = ( GEOMETRIC_REPRESENTATION_CONTEXT(3) 
GLOBAL_UNCERTAINTY_ASSIGNED_CONTEXT((#10538)) 
GLOBAL_UNIT_ASSIGNED_CONTEXT((#10535,#10536,#10537)) 
REPRESENTATION_CONTEXT('Context #1',
  '3D Context with UNIT and UNCERTAINTY') );
#10535 = ( LENGTH_UNIT() NAMED_UNIT(*) SI_UNIT(.MILLI.,.METRE.) );
#10536 = ( NAMED_UNIT(*) PLANE_ANGLE_UNIT() SI_UNIT($,.RADIAN.) );
#10537 = ( NAMED_UNIT(*) SI_UNIT($,.STERADIAN.) SOLID_ANGLE_UNIT() );
#10538 = UNCERTAINTY_MEASURE_WITH_UNIT(LENGTH_MEASURE(1.E-07),#10535,
  'distance_accuracy_value','confusion accuracy');
#10539 = CONTEXT_DEPENDENT_SHAPE_REPRESENTATION(#10540,#10542);
#10540 = ( REPRESENTATION_RELATIONSHIP('','',#9395,#10) 
REPRESENTATION_RELATIONSHIP_WITH_TRANSFORMATION(#10541) 
SHAPE_REPRESENTATION_RELATIONSHIP() );
#10541 = ITEM_DEFINED_TRANSFORMATION('','',#11,#31);
#10542 = PRODUCT_DEFINITION_SHAPE('Placement','Placement of an item',
  #10543);
#10543 = NEXT_ASSEMBLY_USAGE_OCCURRENCE('5',
  'design6-mirror-attachment-bottom001','',#5,#9390,$);
#10544 = PRODUCT_RELATED_PRODUCT_CATEGORY('part',$,(#9392));
#10545 = SHAPE_DEFINITION_REPRESENTATION(#10546,#10552);
#10546 = PRODUCT_DEFINITION_SHAPE('','',#10547);
#10547 = PRODUCT_DEFINITION('design','',#10548,#10551);
#10548 = PRODUCT_DEFINITION_FORMATION('','',#10549);
#10549 = PRODUCT('design6-stator','design6-stator','',(#10550));
#10550 = PRODUCT_CONTEXT('',#2,'mechanical');
#10551 = PRODUCT_DEFINITION_CONTEXT('part definition',#2,'design');
#10552 = ADVANCED_BREP_SHAPE_REPRESENTATION('',(#11,#10553),#10721);
#10553 = MANIFOLD_SOLID_BREP('',#10554);
#10554 = CLOSED_SHELL('',(#10555,#10588,#10613,#10633,#10653,#10678,
    #10703,#10712));
#10555 = ADVANCED_FACE('',(#10556),#10583,.T.);
#10556 = FACE_BOUND('',#10557,.F.);
#10557 = EDGE_LOOP('',(#10558,#10568,#10575,#10576));
#10558 = ORIENTED_EDGE('',*,*,#10559,.T.);
#10559 = EDGE_CURVE('',#10560,#10562,#10564,.T.);
#10560 = VERTEX_POINT('',#10561);
#10561 = CARTESIAN_POINT('',(3.25,0.,0.));
#10562 = VERTEX_POINT('',#10563);
#10563 = CARTESIAN_POINT('',(3.25,0.,-1.E-02));
#10564 = LINE('',#10565,#10566);
#10565 = CARTESIAN_POINT('',(3.25,0.,0.));
#10566 = VECTOR('',#10567,1.);
#10567 = DIRECTION('',(0.,0.,-1.));
#10568 = ORIENTED_EDGE('',*,*,#10569,.T.);
#10569 = EDGE_CURVE('',#10562,#10562,#10570,.T.);
#10570 = CIRCLE('',#10571,3.25);
#10571 = AXIS2_PLACEMENT_3D('',#10572,#10573,#10574);
#10572 = CARTESIAN_POINT('',(0.,0.,-1.E-02));
#10573 = DIRECTION('',(0.,0.,-1.));
#10574 = DIRECTION('',(1.,0.,0.));
#10575 = ORIENTED_EDGE('',*,*,#10559,.F.);
#10576 = ORIENTED_EDGE('',*,*,#10577,.F.);
#10577 = EDGE_CURVE('',#10560,#10560,#10578,.T.);
#10578 = CIRCLE('',#10579,3.25);
#10579 = AXIS2_PLACEMENT_3D('',#10580,#10581,#10582);
#10580 = CARTESIAN_POINT('',(0.,0.,0.));
#10581 = DIRECTION('',(0.,0.,-1.));
#10582 = DIRECTION('',(1.,0.,0.));
#10583 = CYLINDRICAL_SURFACE('',#10584,3.25);
#10584 = AXIS2_PLACEMENT_3D('',#10585,#10586,#10587);
#10585 = CARTESIAN_POINT('',(0.,0.,0.));
#10586 = DIRECTION('',(0.,0.,1.));
#10587 = DIRECTION('',(1.,0.,0.));
#10588 = ADVANCED_FACE('',(#10589),#10608,.T.);
#10589 = FACE_BOUND('',#10590,.T.);
#10590 = EDGE_LOOP('',(#10591,#10599,#10600,#10601));
#10591 = ORIENTED_EDGE('',*,*,#10592,.F.);
#10592 = EDGE_CURVE('',#10562,#10593,#10595,.T.);
#10593 = VERTEX_POINT('',#10594);
#10594 = CARTESIAN_POINT('',(4.24,0.,-1.));
#10595 = LINE('',#10596,#10597);
#10596 = CARTESIAN_POINT('',(3.25,0.,-1.E-02));
#10597 = VECTOR('',#10598,1.);
#10598 = DIRECTION('',(0.707106781187,0.,-0.707106781187));
#10599 = ORIENTED_EDGE('',*,*,#10569,.T.);
#10600 = ORIENTED_EDGE('',*,*,#10592,.T.);
#10601 = ORIENTED_EDGE('',*,*,#10602,.F.);
#10602 = EDGE_CURVE('',#10593,#10593,#10603,.T.);
#10603 = CIRCLE('',#10604,4.24);
#10604 = AXIS2_PLACEMENT_3D('',#10605,#10606,#10607);
#10605 = CARTESIAN_POINT('',(0.,0.,-1.));
#10606 = DIRECTION('',(0.,0.,-1.));
#10607 = DIRECTION('',(1.,0.,0.));
#10608 = CONICAL_SURFACE('',#10609,3.25,0.785398163397);
#10609 = AXIS2_PLACEMENT_3D('',#10610,#10611,#10612);
#10610 = CARTESIAN_POINT('',(0.,0.,-1.E-02));
#10611 = DIRECTION('',(-0.,-0.,-1.));
#10612 = DIRECTION('',(1.,0.,0.));
#10613 = ADVANCED_FACE('',(#10614,#10617),#10628,.T.);
#10614 = FACE_BOUND('',#10615,.T.);
#10615 = EDGE_LOOP('',(#10616));
#10616 = ORIENTED_EDGE('',*,*,#10577,.F.);
#10617 = FACE_BOUND('',#10618,.T.);
#10618 = EDGE_LOOP('',(#10619));
#10619 = ORIENTED_EDGE('',*,*,#10620,.T.);
#10620 = EDGE_CURVE('',#10621,#10621,#10623,.T.);
#10621 = VERTEX_POINT('',#10622);
#10622 = CARTESIAN_POINT('',(2.6,0.,0.));
#10623 = CIRCLE('',#10624,2.6);
#10624 = AXIS2_PLACEMENT_3D('',#10625,#10626,#10627);
#10625 = CARTESIAN_POINT('',(0.,0.,0.));
#10626 = DIRECTION('',(0.,0.,-1.));
#10627 = DIRECTION('',(1.,0.,0.));
#10628 = PLANE('',#10629);
#10629 = AXIS2_PLACEMENT_3D('',#10630,#10631,#10632);
#10630 = CARTESIAN_POINT('',(-1.1E-16,-2.9E-16,0.));
#10631 = DIRECTION('',(0.,0.,1.));
#10632 = DIRECTION('',(1.,0.,0.));
#10633 = ADVANCED_FACE('',(#10634,#10637),#10648,.T.);
#10634 = FACE_BOUND('',#10635,.T.);
#10635 = EDGE_LOOP('',(#10636));
#10636 = ORIENTED_EDGE('',*,*,#10602,.T.);
#10637 = FACE_BOUND('',#10638,.T.);
#10638 = EDGE_LOOP('',(#10639));
#10639 = ORIENTED_EDGE('',*,*,#10640,.F.);
#10640 = EDGE_CURVE('',#10641,#10641,#10643,.T.);
#10641 = VERTEX_POINT('',#10642);
#10642 = CARTESIAN_POINT('',(9.,0.,-1.));
#10643 = CIRCLE('',#10644,9.);
#10644 = AXIS2_PLACEMENT_3D('',#10645,#10646,#10647);
#10645 = CARTESIAN_POINT('',(0.,0.,-1.));
#10646 = DIRECTION('',(0.,0.,-1.));
#10647 = DIRECTION('',(1.,0.,0.));
#10648 = PLANE('',#10649);
#10649 = AXIS2_PLACEMENT_3D('',#10650,#10651,#10652);
#10650 = CARTESIAN_POINT('',(-3.E-16,-2.4E-16,-1.));
#10651 = DIRECTION('',(0.,0.,1.));
#10652 = DIRECTION('',(1.,0.,0.));
#10653 = ADVANCED_FACE('',(#10654),#10673,.T.);
#10654 = FACE_BOUND('',#10655,.T.);
#10655 = EDGE_LOOP('',(#10656,#10664,#10665,#10666));
#10656 = ORIENTED_EDGE('',*,*,#10657,.F.);
#10657 = EDGE_CURVE('',#10621,#10658,#10660,.T.);
#10658 = VERTEX_POINT('',#10659);
#10659 = CARTESIAN_POINT('',(2.6,0.,3.));
#10660 = LINE('',#10661,#10662);
#10661 = CARTESIAN_POINT('',(2.6,0.,0.));
#10662 = VECTOR('',#10663,1.);
#10663 = DIRECTION('',(0.,0.,1.));
#10664 = ORIENTED_EDGE('',*,*,#10620,.F.);
#10665 = ORIENTED_EDGE('',*,*,#10657,.T.);
#10666 = ORIENTED_EDGE('',*,*,#10667,.T.);
#10667 = EDGE_CURVE('',#10658,#10658,#10668,.T.);
#10668 = CIRCLE('',#10669,2.6);
#10669 = AXIS2_PLACEMENT_3D('',#10670,#10671,#10672);
#10670 = CARTESIAN_POINT('',(0.,0.,3.));
#10671 = DIRECTION('',(0.,0.,-1.));
#10672 = DIRECTION('',(1.,0.,0.));
#10673 = CYLINDRICAL_SURFACE('',#10674,2.6);
#10674 = AXIS2_PLACEMENT_3D('',#10675,#10676,#10677);
#10675 = CARTESIAN_POINT('',(0.,0.,0.));
#10676 = DIRECTION('',(0.,0.,-1.));
#10677 = DIRECTION('',(1.,0.,0.));
#10678 = ADVANCED_FACE('',(#10679),#10698,.T.);
#10679 = FACE_BOUND('',#10680,.F.);
#10680 = EDGE_LOOP('',(#10681,#10689,#10696,#10697));
#10681 = ORIENTED_EDGE('',*,*,#10682,.T.);
#10682 = EDGE_CURVE('',#10641,#10683,#10685,.T.);
#10683 = VERTEX_POINT('',#10684);
#10684 = CARTESIAN_POINT('',(9.,0.,-3.));
#10685 = LINE('',#10686,#10687);
#10686 = CARTESIAN_POINT('',(9.,0.,-1.));
#10687 = VECTOR('',#10688,1.);
#10688 = DIRECTION('',(0.,0.,-1.));
#10689 = ORIENTED_EDGE('',*,*,#10690,.T.);
#10690 = EDGE_CURVE('',#10683,#10683,#10691,.T.);
#10691 = CIRCLE('',#10692,9.);
#10692 = AXIS2_PLACEMENT_3D('',#10693,#10694,#10695);
#10693 = CARTESIAN_POINT('',(0.,0.,-3.));
#10694 = DIRECTION('',(0.,0.,-1.));
#10695 = DIRECTION('',(1.,0.,0.));
#10696 = ORIENTED_EDGE('',*,*,#10682,.F.);
#10697 = ORIENTED_EDGE('',*,*,#10640,.F.);
#10698 = CYLINDRICAL_SURFACE('',#10699,9.);
#10699 = AXIS2_PLACEMENT_3D('',#10700,#10701,#10702);
#10700 = CARTESIAN_POINT('',(0.,0.,-1.));
#10701 = DIRECTION('',(0.,0.,1.));
#10702 = DIRECTION('',(1.,0.,0.));
#10703 = ADVANCED_FACE('',(#10704),#10707,.T.);
#10704 = FACE_BOUND('',#10705,.T.);
#10705 = EDGE_LOOP('',(#10706));
#10706 = ORIENTED_EDGE('',*,*,#10667,.F.);
#10707 = PLANE('',#10708);
#10708 = AXIS2_PLACEMENT_3D('',#10709,#10710,#10711);
#10709 = CARTESIAN_POINT('',(-3.7E-16,-2.2E-16,3.));
#10710 = DIRECTION('',(0.,0.,1.));
#10711 = DIRECTION('',(1.,0.,0.));
#10712 = ADVANCED_FACE('',(#10713),#10716,.F.);
#10713 = FACE_BOUND('',#10714,.T.);
#10714 = EDGE_LOOP('',(#10715));
#10715 = ORIENTED_EDGE('',*,*,#10690,.T.);
#10716 = PLANE('',#10717);
#10717 = AXIS2_PLACEMENT_3D('',#10718,#10719,#10720);
#10718 = CARTESIAN_POINT('',(-3.E-16,-2.4E-16,-3.));
#10719 = DIRECTION('',(0.,0.,1.));
#10720 = DIRECTION('',(1.,0.,0.));
#10721 = ( GEOMETRIC_REPRESENTATION_CONTEXT(3) 
GLOBAL_UNCERTAINTY_ASSIGNED_CONTEXT((#10725)) 
GLOBAL_UNIT_ASSIGNED_CONTEXT((#10722,#10723,#10724)) 
REPRESENTATION_CONTEXT('Context #1',
  '3D Context with UNIT and UNCERTAINTY') );
#10722 = ( LENGTH_UNIT() NAMED_UNIT(*) SI_UNIT(.MILLI.,.METRE.) );
#10723 = ( NAMED_UNIT(*) PLANE_ANGLE_UNIT() SI_UNIT($,.RADIAN.) );
#10724 = ( NAMED_UNIT(*) SI_UNIT($,.STERADIAN.) SOLID_ANGLE_UNIT() );
#10725 = UNCERTAINTY_MEASURE_WITH_UNIT(LENGTH_MEASURE(1.E-07),#10722,
  'distance_accuracy_value','confusion accuracy');
#10726 = CONTEXT_DEPENDENT_SHAPE_REPRESENTATION(#10727,#10729);
#10727 = ( REPRESENTATION_RELATIONSHIP('','',#10552,#10) 
REPRESENTATION_RELATIONSHIP_WITH_TRANSFORMATION(#10728) 
SHAPE_REPRESENTATION_RELATIONSHIP() );
#10728 = ITEM_DEFINED_TRANSFORMATION('','',#11,#35);
#10729 = PRODUCT_DEFINITION_SHAPE('Placement','Placement of an item',
  #10730);
#10730 = NEXT_ASSEMBLY_USAGE_OCCURRENCE('6','design6-stator001','',#5,
  #10547,$);
#10731 = PRODUCT_RELATED_PRODUCT_CATEGORY('part',$,(#10549));
#10732 = SHAPE_DEFINITION_REPRESENTATION(#10733,#10739);
#10733 = PRODUCT_DEFINITION_SHAPE('','',#10734);
#10734 = PRODUCT_DEFINITION('design','',#10735,#10738);
#10735 = PRODUCT_DEFINITION_FORMATION('','',#10736);
#10736 = PRODUCT('small_bearing','small_bearing','',(#10737));
#10737 = PRODUCT_CONTEXT('',#2,'mechanical');
#10738 = PRODUCT_DEFINITION_CONTEXT('part definition',#2,'design');
#10739 = ADVANCED_BREP_SHAPE_REPRESENTATION('',(#11,#10740),#10832);
#10740 = MANIFOLD_SOLID_BREP('',#10741);
#10741 = CLOSED_SHELL('',(#10742,#10775,#10795,#10815));
#10742 = ADVANCED_FACE('',(#10743),#10770,.T.);
#10743 = FACE_BOUND('',#10744,.F.);
#10744 = EDGE_LOOP('',(#10745,#10755,#10762,#10763));
#10745 = ORIENTED_EDGE('',*,*,#10746,.T.);
#10746 = EDGE_CURVE('',#10747,#10749,#10751,.T.);
#10747 = VERTEX_POINT('',#10748);
#10748 = CARTESIAN_POINT('',(5.5,0.,0.));
#10749 = VERTEX_POINT('',#10750);
#10750 = CARTESIAN_POINT('',(5.5,0.,3.));
#10751 = LINE('',#10752,#10753);
#10752 = CARTESIAN_POINT('',(5.5,0.,0.));
#10753 = VECTOR('',#10754,1.);
#10754 = DIRECTION('',(0.,0.,1.));
#10755 = ORIENTED_EDGE('',*,*,#10756,.T.);
#10756 = EDGE_CURVE('',#10749,#10749,#10757,.T.);
#10757 = CIRCLE('',#10758,5.5);
#10758 = AXIS2_PLACEMENT_3D('',#10759,#10760,#10761);
#10759 = CARTESIAN_POINT('',(0.,0.,3.));
#10760 = DIRECTION('',(0.,0.,1.));
#10761 = DIRECTION('',(1.,0.,0.));
#10762 = ORIENTED_EDGE('',*,*,#10746,.F.);
#10763 = ORIENTED_EDGE('',*,*,#10764,.F.);
#10764 = EDGE_CURVE('',#10747,#10747,#10765,.T.);
#10765 = CIRCLE('',#10766,5.5);
#10766 = AXIS2_PLACEMENT_3D('',#10767,#10768,#10769);
#10767 = CARTESIAN_POINT('',(0.,0.,0.));
#10768 = DIRECTION('',(0.,0.,1.));
#10769 = DIRECTION('',(1.,0.,0.));
#10770 = CYLINDRICAL_SURFACE('',#10771,5.5);
#10771 = AXIS2_PLACEMENT_3D('',#10772,#10773,#10774);
#10772 = CARTESIAN_POINT('',(0.,0.,0.));
#10773 = DIRECTION('',(-0.,-0.,-1.));
#10774 = DIRECTION('',(1.,0.,0.));
#10775 = ADVANCED_FACE('',(#10776,#10779),#10790,.F.);
#10776 = FACE_BOUND('',#10777,.F.);
#10777 = EDGE_LOOP('',(#10778));
#10778 = ORIENTED_EDGE('',*,*,#10764,.T.);
#10779 = FACE_BOUND('',#10780,.F.);
#10780 = EDGE_LOOP('',(#10781));
#10781 = ORIENTED_EDGE('',*,*,#10782,.F.);
#10782 = EDGE_CURVE('',#10783,#10783,#10785,.T.);
#10783 = VERTEX_POINT('',#10784);
#10784 = CARTESIAN_POINT('',(2.5,0.,0.));
#10785 = CIRCLE('',#10786,2.5);
#10786 = AXIS2_PLACEMENT_3D('',#10787,#10788,#10789);
#10787 = CARTESIAN_POINT('',(0.,0.,0.));
#10788 = DIRECTION('',(0.,0.,1.));
#10789 = DIRECTION('',(1.,0.,-0.));
#10790 = PLANE('',#10791);
#10791 = AXIS2_PLACEMENT_3D('',#10792,#10793,#10794);
#10792 = CARTESIAN_POINT('',(-3.7E-16,-2.2E-16,0.));
#10793 = DIRECTION('',(0.,0.,1.));
#10794 = DIRECTION('',(1.,0.,0.));
#10795 = ADVANCED_FACE('',(#10796,#10799),#10810,.T.);
#10796 = FACE_BOUND('',#10797,.T.);
#10797 = EDGE_LOOP('',(#10798));
#10798 = ORIENTED_EDGE('',*,*,#10756,.T.);
#10799 = FACE_BOUND('',#10800,.T.);
#10800 = EDGE_LOOP('',(#10801));
#10801 = ORIENTED_EDGE('',*,*,#10802,.F.);
#10802 = EDGE_CURVE('',#10803,#10803,#10805,.T.);
#10803 = VERTEX_POINT('',#10804);
#10804 = CARTESIAN_POINT('',(2.5,0.,3.));
#10805 = CIRCLE('',#10806,2.5);
#10806 = AXIS2_PLACEMENT_3D('',#10807,#10808,#10809);
#10807 = CARTESIAN_POINT('',(0.,0.,3.));
#10808 = DIRECTION('',(0.,0.,1.));
#10809 = DIRECTION('',(1.,0.,0.));
#10810 = PLANE('',#10811);
#10811 = AXIS2_PLACEMENT_3D('',#10812,#10813,#10814);
#10812 = CARTESIAN_POINT('',(-3.7E-16,-2.2E-16,3.));
#10813 = DIRECTION('',(0.,0.,1.));
#10814 = DIRECTION('',(1.,0.,0.));
#10815 = ADVANCED_FACE('',(#10816),#10827,.F.);
#10816 = FACE_BOUND('',#10817,.F.);
#10817 = EDGE_LOOP('',(#10818,#10819,#10825,#10826));
#10818 = ORIENTED_EDGE('',*,*,#10802,.F.);
#10819 = ORIENTED_EDGE('',*,*,#10820,.T.);
#10820 = EDGE_CURVE('',#10803,#10783,#10821,.T.);
#10821 = LINE('',#10822,#10823);
#10822 = CARTESIAN_POINT('',(2.5,0.,3.));
#10823 = VECTOR('',#10824,1.);
#10824 = DIRECTION('',(-0.,-0.,-1.));
#10825 = ORIENTED_EDGE('',*,*,#10782,.T.);
#10826 = ORIENTED_EDGE('',*,*,#10820,.F.);
#10827 = CYLINDRICAL_SURFACE('',#10828,2.5);
#10828 = AXIS2_PLACEMENT_3D('',#10829,#10830,#10831);
#10829 = CARTESIAN_POINT('',(0.,0.,3.));
#10830 = DIRECTION('',(0.,0.,1.));
#10831 = DIRECTION('',(1.,0.,-0.));
#10832 = ( GEOMETRIC_REPRESENTATION_CONTEXT(3) 
GLOBAL_UNCERTAINTY_ASSIGNED_CONTEXT((#10836)) 
GLOBAL_UNIT_ASSIGNED_CONTEXT((#10833,#10834,#10835)) 
REPRESENTATION_CONTEXT('Context #1',
  '3D Context with UNIT and UNCERTAINTY') );
#10833 = ( LENGTH_UNIT() NAMED_UNIT(*) SI_UNIT(.MILLI.,.METRE.) );
#10834 = ( NAMED_UNIT(*) PLANE_ANGLE_UNIT() SI_UNIT($,.RADIAN.) );
#10835 = ( NAMED_UNIT(*) SI_UNIT($,.STERADIAN.) SOLID_ANGLE_UNIT() );
#10836 = UNCERTAINTY_MEASURE_WITH_UNIT(LENGTH_MEASURE(1.E-07),#10833,
  'distance_accuracy_value','confusion accuracy');
#10837 = CONTEXT_DEPENDENT_SHAPE_REPRESENTATION(#10838,#10840);
#10838 = ( REPRESENTATION_RELATIONSHIP('','',#10739,#10) 
REPRESENTATION_RELATIONSHIP_WITH_TRANSFORMATION(#10839) 
SHAPE_REPRESENTATION_RELATIONSHIP() );
#10839 = ITEM_DEFINED_TRANSFORMATION('','',#11,#39);
#10840 = PRODUCT_DEFINITION_SHAPE('Placement','Placement of an item',
  #10841);
#10841 = NEXT_ASSEMBLY_USAGE_OCCURRENCE('7','small_bearing001','',#5,
  #10734,$);
#10842 = PRODUCT_RELATED_PRODUCT_CATEGORY('part',$,(#10736));
#10843 = CONTEXT_DEPENDENT_SHAPE_REPRESENTATION(#10844,#10846);
#10844 = ( REPRESENTATION_RELATIONSHIP('','',#7182,#10) 
REPRESENTATION_RELATIONSHIP_WITH_TRANSFORMATION(#10845) 
SHAPE_REPRESENTATION_RELATIONSHIP() );
#10845 = ITEM_DEFINED_TRANSFORMATION('','',#11,#43);
#10846 = PRODUCT_DEFINITION_SHAPE('Placement','Placement of an item',
  #10847);
#10847 = NEXT_ASSEMBLY_USAGE_OCCURRENCE('8','design6-attachment002','',
  #5,#7177,$);
#10848 = MECHANICAL_DESIGN_GEOMETRIC_PRESENTATION_REPRESENTATION('',(
    #10849),#5208);
#10849 = STYLED_ITEM('color',(#10850),#61);
#10850 = PRESENTATION_STYLE_ASSIGNMENT((#10851,#10857));
#10851 = SURFACE_STYLE_USAGE(.BOTH.,#10852);
#10852 = SURFACE_SIDE_STYLE('',(#10853));
#10853 = SURFACE_STYLE_FILL_AREA(#10854);
#10854 = FILL_AREA_STYLE('',(#10855));
#10855 = FILL_AREA_STYLE_COLOUR('',#10856);
#10856 = COLOUR_RGB('',0.447058818107,0.474509808674,0.501960817233);
#10857 = CURVE_STYLE('',#10858,POSITIVE_LENGTH_MEASURE(0.1),#10859);
#10858 = DRAUGHTING_PRE_DEFINED_CURVE_FONT('continuous');
#10859 = COLOUR_RGB('',9.803921802644E-02,9.803921802644E-02,
  9.803921802644E-02);
#10860 = MECHANICAL_DESIGN_GEOMETRIC_PRESENTATION_REPRESENTATION('',(
    #10861),#7164);
#10861 = STYLED_ITEM('color',(#10862),#5227);
#10862 = PRESENTATION_STYLE_ASSIGNMENT((#10863,#10868));
#10863 = SURFACE_STYLE_USAGE(.BOTH.,#10864);
#10864 = SURFACE_SIDE_STYLE('',(#10865));
#10865 = SURFACE_STYLE_FILL_AREA(#10866);
#10866 = FILL_AREA_STYLE('',(#10867));
#10867 = FILL_AREA_STYLE_COLOUR('',#10856);
#10868 = CURVE_STYLE('',#10869,POSITIVE_LENGTH_MEASURE(0.1),#10859);
#10869 = DRAUGHTING_PRE_DEFINED_CURVE_FONT('continuous');
#10870 = MECHANICAL_DESIGN_GEOMETRIC_PRESENTATION_REPRESENTATION('',(
    #10871),#9377);
#10871 = STYLED_ITEM('color',(#10872),#8181);
#10872 = PRESENTATION_STYLE_ASSIGNMENT((#10873,#10878));
#10873 = SURFACE_STYLE_USAGE(.BOTH.,#10874);
#10874 = SURFACE_SIDE_STYLE('',(#10875));
#10875 = SURFACE_STYLE_FILL_AREA(#10876);
#10876 = FILL_AREA_STYLE('',(#10877));
#10877 = FILL_AREA_STYLE_COLOUR('',#10856);
#10878 = CURVE_STYLE('',#10879,POSITIVE_LENGTH_MEASURE(0.1),#10859);
#10879 = DRAUGHTING_PRE_DEFINED_CURVE_FONT('continuous');
#10880 = MECHANICAL_DESIGN_GEOMETRIC_PRESENTATION_REPRESENTATION('',(
    #10881),#10721);
#10881 = STYLED_ITEM('color',(#10882),#10553);
#10882 = PRESENTATION_STYLE_ASSIGNMENT((#10883,#10888));
#10883 = SURFACE_STYLE_USAGE(.BOTH.,#10884);
#10884 = SURFACE_SIDE_STYLE('',(#10885));
#10885 = SURFACE_STYLE_FILL_AREA(#10886);
#10886 = FILL_AREA_STYLE('',(#10887));
#10887 = FILL_AREA_STYLE_COLOUR('',#10856);
#10888 = CURVE_STYLE('',#10889,POSITIVE_LENGTH_MEASURE(0.1),#10859);
#10889 = DRAUGHTING_PRE_DEFINED_CURVE_FONT('continuous');
#10890 = MECHANICAL_DESIGN_GEOMETRIC_PRESENTATION_REPRESENTATION('',(
    #10891),#10534);
#10891 = STYLED_ITEM('color',(#10892),#9396);
#10892 = PRESENTATION_STYLE_ASSIGNMENT((#10893,#10898));
#10893 = SURFACE_STYLE_USAGE(.BOTH.,#10894);
#10894 = SURFACE_SIDE_STYLE('',(#10895));
#10895 = SURFACE_STYLE_FILL_AREA(#10896);
#10896 = FILL_AREA_STYLE('',(#10897));
#10897 = FILL_AREA_STYLE_COLOUR('',#10856);
#10898 = CURVE_STYLE('',#10899,POSITIVE_LENGTH_MEASURE(0.1),#10859);
#10899 = DRAUGHTING_PRE_DEFINED_CURVE_FONT('continuous');
#10900 = MECHANICAL_DESIGN_GEOMETRIC_PRESENTATION_REPRESENTATION('',(
    #10901),#10832);
#10901 = STYLED_ITEM('color',(#10902),#10740);
#10902 = PRESENTATION_STYLE_ASSIGNMENT((#10903,#10908));
#10903 = SURFACE_STYLE_USAGE(.BOTH.,#10904);
#10904 = SURFACE_SIDE_STYLE('',(#10905));
#10905 = SURFACE_STYLE_FILL_AREA(#10906);
#10906 = FILL_AREA_STYLE('',(#10907));
#10907 = FILL_AREA_STYLE_COLOUR('',#10856);
#10908 = CURVE_STYLE('',#10909,POSITIVE_LENGTH_MEASURE(0.1),#10859);
#10909 = DRAUGHTING_PRE_DEFINED_CURVE_FONT('continuous');
#10910 = MECHANICAL_DESIGN_GEOMETRIC_PRESENTATION_REPRESENTATION('',(
    #10911),#8162);
#10911 = STYLED_ITEM('color',(#10912),#7183);
#10912 = PRESENTATION_STYLE_ASSIGNMENT((#10913,#10918));
#10913 = SURFACE_STYLE_USAGE(.BOTH.,#10914);
#10914 = SURFACE_SIDE_STYLE('',(#10915));
#10915 = SURFACE_STYLE_FILL_AREA(#10916);
#10916 = FILL_AREA_STYLE('',(#10917));
#10917 = FILL_AREA_STYLE_COLOUR('',#10856);
#10918 = CURVE_STYLE('',#10919,POSITIVE_LENGTH_MEASURE(0.1),#10859);
#10919 = DRAUGHTING_PRE_DEFINED_CURVE_FONT('continuous');
ENDSEC;
END-ISO-10303-21;
