ISO-10303-21;
HEADER;
FILE_DESCRIPTION(('FreeCAD Model'),'2;1');
FILE_NAME('Open CASCADE Shape Model','2026-02-11T14:32:17',(''),(''),
  'Open CASCADE STEP processor 7.8','FreeCAD','Unknown');
FILE_SCHEMA(('AUTOMOTIVE_DESIGN { 1 0 10303 214 1 1 1 1 }'));
ENDSEC;
DATA;
#1 = APPLICATION_PROTOCOL_DEFINITION('international standard',
  'automotive_design',2000,#2);
#2 = APPLICATION_CONTEXT(
  'core data for automotive mechanical design processes');
#3 = SHAPE_DEFINITION_REPRESENTATION(#4,#10);
#4 = PRODUCT_DEFINITION_SHAPE('','',#5);
#5 = PRODUCT_DEFINITION('design','',#6,#9);
#6 = PRODUCT_DEFINITION_FORMATION('','',#7);
#7 = PRODUCT('stator','stator','',(#8));
#8 = PRODUCT_CONTEXT('',#2,'mechanical');
#9 = PRODUCT_DEFINITION_CONTEXT('part definition',#2,'design');
#10 = ADVANCED_BREP_SHAPE_REPRESENTATION('',(#11,#15),#2409);
#11 = AXIS2_PLACEMENT_3D('',#12,#13,#14);
#12 = CARTESIAN_POINT('',(0.,0.,0.));
#13 = DIRECTION('',(0.,0.,1.));
#14 = DIRECTION('',(1.,0.,-0.));
#15 = MANIFOLD_SOLID_BREP('',#16);
#16 = CLOSED_SHELL('',(#17,#89,#141,#242,#276,#355,#459,#538,#628,#721,
    #746,#823,#853,#914,#939,#1032,#1057,#1125,#1142,#1212,#1279,#1304,
    #1397,#1409,#1434,#1493,#1505,#1533,#1626,#1716,#1733,#1767,#1784,
    #1801,#1837,#1854,#1866,#1892,#1909,#1946,#1958,#1979,#2072,#2162,
    #2179,#2213,#2230,#2242,#2259,#2271,#2307,#2327,#2361,#2395));
#17 = ADVANCED_FACE('',(#18),#84,.T.);
#18 = FACE_BOUND('',#19,.T.);
#19 = EDGE_LOOP('',(#20,#31,#45,#54,#68,#77));
#20 = ORIENTED_EDGE('',*,*,#21,.F.);
#21 = EDGE_CURVE('',#22,#24,#26,.T.);
#22 = VERTEX_POINT('',#23);
#23 = CARTESIAN_POINT('',(5.731250000009,0.,-0.664679896895));
#24 = VERTEX_POINT('',#25);
#25 = CARTESIAN_POINT('',(5.65,0.,-0.35));
#26 = CIRCLE('',#27,0.65);
#27 = AXIS2_PLACEMENT_3D('',#28,#29,#30);
#28 = CARTESIAN_POINT('',(6.3,0.,-0.35));
#29 = DIRECTION('',(-0.,1.,0.));
#30 = DIRECTION('',(1.,0.,0.));
#31 = ORIENTED_EDGE('',*,*,#32,.F.);
#32 = EDGE_CURVE('',#33,#22,#35,.T.);
#33 = VERTEX_POINT('',#34);
#34 = CARTESIAN_POINT('',(6.16,-1.320757358488,-1.));
#35 = ( BOUNDED_CURVE() B_SPLINE_CURVE(8,(#36,#37,#38,#39,#40,#41,#42,
#43,#44),.UNSPECIFIED.,.F.,.F.) B_SPLINE_CURVE_WITH_KNOTS((9,9),(
6.329242641512,7.65),.PIECEWISE_BEZIER_KNOTS.) CURVE() 
GEOMETRIC_REPRESENTATION_ITEM() RATIONAL_B_SPLINE_CURVE((1.031393471788,
    1.038977503911,1.047194453206,1.05597906276,1.066347529486,
    1.075375435373,1.086145986647,1.091352326546,1.091352326546)) 
REPRESENTATION_ITEM('') );
#36 = CARTESIAN_POINT('',(6.16,-1.320757358488,-1.));
#37 = CARTESIAN_POINT('',(6.069320789782,-1.156867799735,-1.));
#38 = CARTESIAN_POINT('',(5.984464957135,-0.992744927758,-0.973119109995
    ));
#39 = CARTESIAN_POINT('',(5.905560753214,-0.828828641,-0.928610905257));
#40 = CARTESIAN_POINT('',(5.83475379935,-0.663495059961,-0.858771635529)
  );
#41 = CARTESIAN_POINT('',(5.783173802995,-0.499130615745,-0.790681639778
    ));
#42 = CARTESIAN_POINT('',(5.748361804947,-0.331832749119,-0.705286866528
    ));
#43 = CARTESIAN_POINT('',(5.73125,-0.165094669811,-0.664679896879));
#44 = CARTESIAN_POINT('',(5.731250000009,0.,-0.664679896895));
#45 = ORIENTED_EDGE('',*,*,#46,.T.);
#46 = EDGE_CURVE('',#33,#47,#49,.T.);
#47 = VERTEX_POINT('',#48);
#48 = CARTESIAN_POINT('',(-6.16,-1.320757358488,-1.));
#49 = CIRCLE('',#50,6.3);
#50 = AXIS2_PLACEMENT_3D('',#51,#52,#53);
#51 = CARTESIAN_POINT('',(0.,0.,-1.));
#52 = DIRECTION('',(0.,0.,-1.));
#53 = DIRECTION('',(1.,0.,0.));
#54 = ORIENTED_EDGE('',*,*,#55,.F.);
#55 = EDGE_CURVE('',#56,#47,#58,.T.);
#56 = VERTEX_POINT('',#57);
#57 = CARTESIAN_POINT('',(-5.731250000009,0.,-0.664679896895));
#58 = ( BOUNDED_CURVE() B_SPLINE_CURVE(8,(#59,#60,#61,#62,#63,#64,#65,
#66,#67),.UNSPECIFIED.,.F.,.F.) B_SPLINE_CURVE_WITH_KNOTS((9,9),(7.65,
8.970757358488),.PIECEWISE_BEZIER_KNOTS.) CURVE() 
GEOMETRIC_REPRESENTATION_ITEM() RATIONAL_B_SPLINE_CURVE((1.091352326546,
    1.091352326546,1.086145986647,1.075375435373,1.066347529486,
    1.05597906276,1.047194453206,1.038977503911,1.031393471788)) 
REPRESENTATION_ITEM('') );
#59 = CARTESIAN_POINT('',(-5.73125,0.,-0.664679896879));
#60 = CARTESIAN_POINT('',(-5.73125,-0.165094669811,-0.664679896879));
#61 = CARTESIAN_POINT('',(-5.748361804947,-0.331832749119,
    -0.705286866528));
#62 = CARTESIAN_POINT('',(-5.783173802995,-0.499130615745,
    -0.790681639778));
#63 = CARTESIAN_POINT('',(-5.834753799349,-0.66349505996,-0.858771635529
    ));
#64 = CARTESIAN_POINT('',(-5.905560753214,-0.828828641,-0.928610905257)
  );
#65 = CARTESIAN_POINT('',(-5.984464957135,-0.992744927758,
    -0.973119109995));
#66 = CARTESIAN_POINT('',(-6.069320789782,-1.156867799735,-1.));
#67 = CARTESIAN_POINT('',(-6.16,-1.320757358488,-1.));
#68 = ORIENTED_EDGE('',*,*,#69,.T.);
#69 = EDGE_CURVE('',#56,#70,#72,.T.);
#70 = VERTEX_POINT('',#71);
#71 = CARTESIAN_POINT('',(-5.65,1.E-15,-0.35));
#72 = CIRCLE('',#73,0.65);
#73 = AXIS2_PLACEMENT_3D('',#74,#75,#76);
#74 = CARTESIAN_POINT('',(-6.3,1.4E-15,-0.35));
#75 = DIRECTION('',(-2.2E-16,-1.,0.));
#76 = DIRECTION('',(-1.,2.2E-16,-2.2E-16));
#77 = ORIENTED_EDGE('',*,*,#78,.F.);
#78 = EDGE_CURVE('',#24,#70,#79,.T.);
#79 = CIRCLE('',#80,5.65);
#80 = AXIS2_PLACEMENT_3D('',#81,#82,#83);
#81 = CARTESIAN_POINT('',(0.,0.,-0.35));
#82 = DIRECTION('',(0.,0.,-1.));
#83 = DIRECTION('',(1.,0.,0.));
#84 = TOROIDAL_SURFACE('',#85,6.3,0.65);
#85 = AXIS2_PLACEMENT_3D('',#86,#87,#88);
#86 = CARTESIAN_POINT('',(0.,0.,-0.35));
#87 = DIRECTION('',(-0.,-0.,-1.));
#88 = DIRECTION('',(1.,0.,0.));
#89 = ADVANCED_FACE('',(#90),#136,.T.);
#90 = FACE_BOUND('',#91,.T.);
#91 = EDGE_LOOP('',(#92,#103,#115,#116,#123,#124));
#92 = ORIENTED_EDGE('',*,*,#93,.T.);
#93 = EDGE_CURVE('',#94,#96,#98,.T.);
#94 = VERTEX_POINT('',#95);
#95 = CARTESIAN_POINT('',(-6.16,1.320757358488,-1.));
#96 = VERTEX_POINT('',#97);
#97 = CARTESIAN_POINT('',(6.16,1.320757358488,-1.));
#98 = CIRCLE('',#99,6.3);
#99 = AXIS2_PLACEMENT_3D('',#100,#101,#102);
#100 = CARTESIAN_POINT('',(0.,0.,-1.));
#101 = DIRECTION('',(0.,0.,-1.));
#102 = DIRECTION('',(1.,0.,0.));
#103 = ORIENTED_EDGE('',*,*,#104,.F.);
#104 = EDGE_CURVE('',#22,#96,#105,.T.);
#105 = ( BOUNDED_CURVE() B_SPLINE_CURVE(8,(#106,#107,#108,#109,#110,#111
,#112,#113,#114),.UNSPECIFIED.,.F.,.F.) B_SPLINE_CURVE_WITH_KNOTS((9,9),
(7.65,8.970757358488),.PIECEWISE_BEZIER_KNOTS.) CURVE() 
GEOMETRIC_REPRESENTATION_ITEM() RATIONAL_B_SPLINE_CURVE((1.091352326546,
    1.091352326546,1.086145986647,1.075375435373,1.066347529486,
    1.05597906276,1.047194453206,1.038977503911,1.031393471788)) 
REPRESENTATION_ITEM('') );
#106 = CARTESIAN_POINT('',(5.73125,0.,-0.664679896879));
#107 = CARTESIAN_POINT('',(5.73125,0.165094669811,-0.664679896879));
#108 = CARTESIAN_POINT('',(5.748361804947,0.331832749119,-0.705286866528
    ));
#109 = CARTESIAN_POINT('',(5.783173802995,0.499130615745,-0.790681639778
    ));
#110 = CARTESIAN_POINT('',(5.834753799349,0.66349505996,-0.858771635529)
  );
#111 = CARTESIAN_POINT('',(5.905560753214,0.828828641,-0.928610905257));
#112 = CARTESIAN_POINT('',(5.984464957135,0.992744927758,-0.973119109995
    ));
#113 = CARTESIAN_POINT('',(6.069320789782,1.156867799735,-1.));
#114 = CARTESIAN_POINT('',(6.16,1.320757358488,-1.));
#115 = ORIENTED_EDGE('',*,*,#21,.T.);
#116 = ORIENTED_EDGE('',*,*,#117,.F.);
#117 = EDGE_CURVE('',#70,#24,#118,.T.);
#118 = CIRCLE('',#119,5.65);
#119 = AXIS2_PLACEMENT_3D('',#120,#121,#122);
#120 = CARTESIAN_POINT('',(0.,0.,-0.35));
#121 = DIRECTION('',(0.,0.,-1.));
#122 = DIRECTION('',(1.,0.,0.));
#123 = ORIENTED_EDGE('',*,*,#69,.F.);
#124 = ORIENTED_EDGE('',*,*,#125,.F.);
#125 = EDGE_CURVE('',#94,#56,#126,.T.);
#126 = ( BOUNDED_CURVE() B_SPLINE_CURVE(8,(#127,#128,#129,#130,#131,#132
,#133,#134,#135),.UNSPECIFIED.,.F.,.F.) B_SPLINE_CURVE_WITH_KNOTS((9,9),
(6.329242641512,7.65),.PIECEWISE_BEZIER_KNOTS.) CURVE() 
GEOMETRIC_REPRESENTATION_ITEM() RATIONAL_B_SPLINE_CURVE((1.031393471788,
    1.038977503911,1.047194453206,1.05597906276,1.066347529486,
    1.075375435374,1.086145986647,1.091352326546,1.091352326546)) 
REPRESENTATION_ITEM('') );
#127 = CARTESIAN_POINT('',(-6.16,1.320757358488,-1.));
#128 = CARTESIAN_POINT('',(-6.069320789782,1.156867799735,-1.));
#129 = CARTESIAN_POINT('',(-5.984464957135,0.992744927758,
    -0.973119109995));
#130 = CARTESIAN_POINT('',(-5.905560753214,0.828828641,-0.928610905257)
  );
#131 = CARTESIAN_POINT('',(-5.83475379935,0.66349505996,-0.858771635529)
  );
#132 = CARTESIAN_POINT('',(-5.783173802995,0.499130615745,
    -0.790681639778));
#133 = CARTESIAN_POINT('',(-5.748361804947,0.331832749119,
    -0.705286866528));
#134 = CARTESIAN_POINT('',(-5.73125,0.165094669811,-0.664679896879));
#135 = CARTESIAN_POINT('',(-5.731250000009,0.,-0.664679896895));
#136 = TOROIDAL_SURFACE('',#137,6.3,0.65);
#137 = AXIS2_PLACEMENT_3D('',#138,#139,#140);
#138 = CARTESIAN_POINT('',(0.,0.,-0.35));
#139 = DIRECTION('',(-0.,-0.,-1.));
#140 = DIRECTION('',(1.,0.,0.));
#141 = ADVANCED_FACE('',(#142),#178,.F.);
#142 = FACE_BOUND('',#143,.F.);
#143 = EDGE_LOOP('',(#144,#153,#167,#177));
#144 = ORIENTED_EDGE('',*,*,#145,.T.);
#145 = EDGE_CURVE('',#33,#146,#148,.T.);
#146 = VERTEX_POINT('',#147);
#147 = CARTESIAN_POINT('',(6.65,-1.320757358488,-0.51));
#148 = CIRCLE('',#149,0.49);
#149 = AXIS2_PLACEMENT_3D('',#150,#151,#152);
#150 = CARTESIAN_POINT('',(6.16,-1.320757358488,-0.51));
#151 = DIRECTION('',(0.,-1.,0.));
#152 = DIRECTION('',(0.,0.,-1.));
#153 = ORIENTED_EDGE('',*,*,#154,.T.);
#154 = EDGE_CURVE('',#146,#155,#157,.T.);
#155 = VERTEX_POINT('',#156);
#156 = CARTESIAN_POINT('',(6.65,0.,-0.427459666929));
#157 = ( BOUNDED_CURVE() B_SPLINE_CURVE(8,(#158,#159,#160,#161,#162,#163
,#164,#165,#166),.UNSPECIFIED.,.F.,.F.) B_SPLINE_CURVE_WITH_KNOTS((9,9),
(6.329242641512,7.65),.PIECEWISE_BEZIER_KNOTS.) CURVE() 
GEOMETRIC_REPRESENTATION_ITEM() RATIONAL_B_SPLINE_CURVE((1.031393471788,
    1.038977503911,1.047194453206,1.05597906276,1.066347529486,
    1.075375435373,1.086145986647,1.091352326546,1.091352326546)) 
REPRESENTATION_ITEM('') );
#158 = CARTESIAN_POINT('',(6.65,-1.320757358488,-0.51));
#159 = CARTESIAN_POINT('',(6.65,-1.156867799735,-0.51));
#160 = CARTESIAN_POINT('',(6.65,-0.992744927758,-0.502516396631));
#161 = CARTESIAN_POINT('',(6.65,-0.828828641,-0.490694363834));
#162 = CARTESIAN_POINT('',(6.65,-0.663495059961,-0.473844411723));
#163 = CARTESIAN_POINT('',(6.65,-0.499130615745,-0.458049314485));
#164 = CARTESIAN_POINT('',(6.65,-0.331832749119,-0.437262625525));
#165 = CARTESIAN_POINT('',(6.65,-0.165094669811,-0.427459666924));
#166 = CARTESIAN_POINT('',(6.65,0.,-0.427459666929));
#167 = ORIENTED_EDGE('',*,*,#168,.F.);
#168 = EDGE_CURVE('',#22,#155,#169,.T.);
#169 = ( BOUNDED_CURVE() B_SPLINE_CURVE(6,(#170,#171,#172,#173,#174,#175
,#176),.UNSPECIFIED.,.F.,.F.) B_SPLINE_CURVE_WITH_KNOTS((7,7),(0.,
1.320757358488),.PIECEWISE_BEZIER_KNOTS.) CURVE() 
GEOMETRIC_REPRESENTATION_ITEM() RATIONAL_B_SPLINE_CURVE((1.091352326546,
    1.026725961763,0.994308237348,0.983366834266,0.994308237348,
1.026725961763,1.091352326546)) REPRESENTATION_ITEM('') );
#170 = CARTESIAN_POINT('',(5.731250000009,0.,-0.664679896895));
#171 = CARTESIAN_POINT('',(5.842027483477,3.3E-16,-0.864898259578));
#172 = CARTESIAN_POINT('',(6.052815386924,0.,-0.988572003797));
#173 = CARTESIAN_POINT('',(6.305505903393,0.,-0.991001607539));
#174 = CARTESIAN_POINT('',(6.525433878449,-1.1E-16,-0.866542434011));
#175 = CARTESIAN_POINT('',(6.65,3.3E-16,-0.656280652866));
#176 = CARTESIAN_POINT('',(6.65,0.,-0.427459666929));
#177 = ORIENTED_EDGE('',*,*,#32,.F.);
#178 = ( BOUNDED_SURFACE() B_SPLINE_SURFACE(6,8,(
    (#179,#180,#181,#182,#183,#184,#185,#186,#187)
    ,(#188,#189,#190,#191,#192,#193,#194,#195,#196)
    ,(#197,#198,#199,#200,#201,#202,#203,#204,#205)
    ,(#206,#207,#208,#209,#210,#211,#212,#213,#214)
    ,(#215,#216,#217,#218,#219,#220,#221,#222,#223)
    ,(#224,#225,#226,#227,#228,#229,#230,#231,#232)
    ,(#233,#234,#235,#236,#237,#238,#239,#240,#241
)),.UNSPECIFIED.,.F.,.F.,.F.) B_SPLINE_SURFACE_WITH_KNOTS((7,7),(9,9),(
    0.,1.320757358488),(6.329242641512,7.65),.PIECEWISE_BEZIER_KNOTS.) 
GEOMETRIC_REPRESENTATION_ITEM() RATIONAL_B_SPLINE_SURFACE((
    (1.031393471788,1.038977503911,1.047194453206,1.05597906276
      ,1.066347529486,1.075375435373,1.086145986647,1.091352326546
      ,1.091352326546)
    ,(1.010025407661,1.012341072408,1.014788571336,1.01735253488
      ,1.020238077432,1.02271306956,1.025414330094,1.026725961763
      ,1.026725961763)
    ,(0.997924642725,0.997431567986,0.996904707613,0.996347045079
      ,0.995717943013,0.995169721425,0.994590225371,0.994308237348
      ,0.994308237348)
    ,(0.993958444137,0.992550254185,0.991050350459,0.989470005177
      ,0.987645486073,0.986080032589,0.984251465222,0.983366834266
      ,0.983366834266)
    ,(0.997924642725,0.997431567986,0.996904707613,0.996347045079
      ,0.995717943013,0.995169721425,0.994590225371,0.994308237348
      ,0.994308237348)
    ,(1.010025407661,1.012341072408,1.014788571336,1.01735253488
      ,1.020238077432,1.02271306956,1.025414330094,1.026725961763
      ,1.026725961763)
    ,(1.031393471788,1.038977503911,1.047194453206,1.05597906276
      ,1.066347529486,1.075375435373,1.086145986647,1.091352326546
,1.091352326546))) REPRESENTATION_ITEM('') SURFACE() );
#179 = CARTESIAN_POINT('',(6.16,-1.320757358488,-1.));
#180 = CARTESIAN_POINT('',(6.069320789782,-1.156867799735,-1.));
#181 = CARTESIAN_POINT('',(5.984464957135,-0.992744927758,
    -0.973119109995));
#182 = CARTESIAN_POINT('',(5.905560753214,-0.828828641,-0.928610905257)
  );
#183 = CARTESIAN_POINT('',(5.83475379935,-0.663495059961,-0.858771635529
    ));
#184 = CARTESIAN_POINT('',(5.783173802995,-0.499130615745,
    -0.790681639778));
#185 = CARTESIAN_POINT('',(5.748361804947,-0.331832749119,
    -0.705286866528));
#186 = CARTESIAN_POINT('',(5.73125,-0.165094669811,-0.664679896879));
#187 = CARTESIAN_POINT('',(5.731250000009,0.,-0.664679896895));
#188 = CARTESIAN_POINT('',(6.290995023745,-1.320757358488,-1.));
#189 = CARTESIAN_POINT('',(6.21602972681,-1.156040332059,-1.024364284069
    ));
#190 = CARTESIAN_POINT('',(6.140953732614,-0.991239989388,
    -1.026934015147));
#191 = CARTESIAN_POINT('',(6.066115540813,-0.826459649545,
    -1.015116824361));
#192 = CARTESIAN_POINT('',(5.989474309836,-0.661308113521,
    -0.982689113037));
#193 = CARTESIAN_POINT('',(5.927319213635,-0.496306348359,
    -0.946584787223));
#194 = CARTESIAN_POINT('',(5.869993789134,-0.33062608013,-0.891271384788
    ));
#195 = CARTESIAN_POINT('',(5.842027483477,-0.165094669811,
    -0.864898259578));
#196 = CARTESIAN_POINT('',(5.842027483477,3.3E-16,-0.864898259578));
#197 = CARTESIAN_POINT('',(6.418577200565,-1.320757358488,
    -0.958347868189));
#198 = CARTESIAN_POINT('',(6.366111017264,-1.155581075047,-0.9963576664)
  );
#199 = CARTESIAN_POINT('',(6.311216101851,-0.99042021294,-1.018101471897
    ));
#200 = CARTESIAN_POINT('',(6.254208955891,-0.825255330016,-1.02968443128
    ));
#201 = CARTESIAN_POINT('',(6.191127264147,-0.660166577458,
    -1.028077211677));
#202 = CARTESIAN_POINT('',(6.137511999475,-0.495057367485,
    -1.020547581285));
#203 = CARTESIAN_POINT('',(6.08054063035,-0.330092807494,-0.998797169645
    ));
#204 = CARTESIAN_POINT('',(6.052815386924,-0.165094669811,
    -0.988572003797));
#205 = CARTESIAN_POINT('',(6.052815386924,0.,-0.988572003797));
#206 = CARTESIAN_POINT('',(6.528440561469,-1.320757358488,
    -0.878440561469));
#207 = CARTESIAN_POINT('',(6.49941143089,-1.155428459071,-0.918193711734
    ));
#208 = CARTESIAN_POINT('',(6.46819414564,-0.990148174547,-0.946017037664
    ));
#209 = CARTESIAN_POINT('',(6.43499646629,-0.824836111903,-0.967031062813
    ));
#210 = CARTESIAN_POINT('',(6.396447303403,-0.659786897366,-0.98119540985
    ));
#211 = CARTESIAN_POINT('',(6.36296299141,-0.494571420806,-0.989376797001
    ));
#212 = CARTESIAN_POINT('',(6.324286371663,-0.329881301085,
    -0.990319126136));
#213 = CARTESIAN_POINT('',(6.305505903393,-0.165094669811,
    -0.991001607539));
#214 = CARTESIAN_POINT('',(6.305505903393,0.,-0.991001607539));
#215 = CARTESIAN_POINT('',(6.608347868189,-1.320757358488,
    -0.768577200565));
#216 = CARTESIAN_POINT('',(6.598129774112,-1.155581075047,
    -0.799733520128));
#217 = CARTESIAN_POINT('',(6.586974072468,-0.99042021294,-0.821464615214
    ));
#218 = CARTESIAN_POINT('',(6.574971059643,-0.825255330016,
    -0.838114162862));
#219 = CARTESIAN_POINT('',(6.560626996473,-0.660166577458,
    -0.850827082521));
#220 = CARTESIAN_POINT('',(6.548073563115,-0.495057367485,
    -0.859120013279));
#221 = CARTESIAN_POINT('',(6.532811551867,-0.330092807494,
    -0.864023354932));
#222 = CARTESIAN_POINT('',(6.525433878449,-0.165094669811,
    -0.866542434011));
#223 = CARTESIAN_POINT('',(6.525433878449,-1.1E-16,-0.866542434011));
#224 = CARTESIAN_POINT('',(6.65,-1.320757358488,-0.640995023745));
#225 = CARTESIAN_POINT('',(6.65,-1.156040332059,-0.657166770437));
#226 = CARTESIAN_POINT('',(6.65,-0.991239989388,-0.665042389672));
#227 = CARTESIAN_POINT('',(6.65,-0.826459649545,-0.668322933915));
#228 = CARTESIAN_POINT('',(6.65,-0.661308113521,-0.66758999102));
#229 = CARTESIAN_POINT('',(6.65,-0.496306348359,-0.664985407761));
#230 = CARTESIAN_POINT('',(6.65,-0.33062608013,-0.659039553752));
#231 = CARTESIAN_POINT('',(6.65,-0.165094669811,-0.656280652866));
#232 = CARTESIAN_POINT('',(6.65,3.3E-16,-0.656280652866));
#233 = CARTESIAN_POINT('',(6.65,-1.320757358488,-0.51));
#234 = CARTESIAN_POINT('',(6.65,-1.156867799735,-0.51));
#235 = CARTESIAN_POINT('',(6.65,-0.992744927758,-0.502516396631));
#236 = CARTESIAN_POINT('',(6.65,-0.828828641,-0.490694363834));
#237 = CARTESIAN_POINT('',(6.65,-0.663495059961,-0.473844411723));
#238 = CARTESIAN_POINT('',(6.65,-0.499130615745,-0.458049314485));
#239 = CARTESIAN_POINT('',(6.65,-0.331832749119,-0.437262625525));
#240 = CARTESIAN_POINT('',(6.65,-0.165094669811,-0.427459666924));
#241 = CARTESIAN_POINT('',(6.65,0.,-0.427459666929));
#242 = ADVANCED_FACE('',(#243),#271,.F.);
#243 = FACE_BOUND('',#244,.T.);
#244 = EDGE_LOOP('',(#245,#256,#263,#268,#269,#270));
#245 = ORIENTED_EDGE('',*,*,#246,.F.);
#246 = EDGE_CURVE('',#247,#249,#251,.T.);
#247 = VERTEX_POINT('',#248);
#248 = CARTESIAN_POINT('',(-5.65,1.E-15,3.));
#249 = VERTEX_POINT('',#250);
#250 = CARTESIAN_POINT('',(5.65,0.,3.));
#251 = CIRCLE('',#252,5.65);
#252 = AXIS2_PLACEMENT_3D('',#253,#254,#255);
#253 = CARTESIAN_POINT('',(0.,0.,3.));
#254 = DIRECTION('',(0.,0.,-1.));
#255 = DIRECTION('',(1.,0.,0.));
#256 = ORIENTED_EDGE('',*,*,#257,.F.);
#257 = EDGE_CURVE('',#249,#247,#258,.T.);
#258 = CIRCLE('',#259,5.65);
#259 = AXIS2_PLACEMENT_3D('',#260,#261,#262);
#260 = CARTESIAN_POINT('',(0.,0.,3.));
#261 = DIRECTION('',(0.,0.,-1.));
#262 = DIRECTION('',(1.,0.,0.));
#263 = ORIENTED_EDGE('',*,*,#264,.F.);
#264 = EDGE_CURVE('',#24,#249,#265,.T.);
#265 = B_SPLINE_CURVE_WITH_KNOTS('',1,(#266,#267),.UNSPECIFIED.,.F.,.F.,
  (2,2),(-0.35,3.),.PIECEWISE_BEZIER_KNOTS.);
#266 = CARTESIAN_POINT('',(5.65,1.38E-15,-0.35));
#267 = CARTESIAN_POINT('',(5.65,1.38E-15,3.));
#268 = ORIENTED_EDGE('',*,*,#78,.T.);
#269 = ORIENTED_EDGE('',*,*,#117,.T.);
#270 = ORIENTED_EDGE('',*,*,#264,.T.);
#271 = CYLINDRICAL_SURFACE('',#272,5.65);
#272 = AXIS2_PLACEMENT_3D('',#273,#274,#275);
#273 = CARTESIAN_POINT('',(0.,0.,0.));
#274 = DIRECTION('',(0.,0.,1.));
#275 = DIRECTION('',(1.,0.,0.));
#276 = ADVANCED_FACE('',(#277),#350,.T.);
#277 = FACE_BOUND('',#278,.T.);
#278 = EDGE_LOOP('',(#279,#289,#297,#305,#313,#321,#329,#335,#336,#344)
  );
#279 = ORIENTED_EDGE('',*,*,#280,.T.);
#280 = EDGE_CURVE('',#281,#283,#285,.T.);
#281 = VERTEX_POINT('',#282);
#282 = CARTESIAN_POINT('',(6.65,-7.65,-1.));
#283 = VERTEX_POINT('',#284);
#284 = CARTESIAN_POINT('',(8.16,-7.65,-1.));
#285 = LINE('',#286,#287);
#286 = CARTESIAN_POINT('',(6.65,-7.65,-1.));
#287 = VECTOR('',#288,1.);
#288 = DIRECTION('',(1.,-2.2E-16,2.2E-16));
#289 = ORIENTED_EDGE('',*,*,#290,.T.);
#290 = EDGE_CURVE('',#283,#291,#293,.T.);
#291 = VERTEX_POINT('',#292);
#292 = CARTESIAN_POINT('',(8.16,-8.65,-1.));
#293 = LINE('',#294,#295);
#294 = CARTESIAN_POINT('',(8.16,-7.65,-1.));
#295 = VECTOR('',#296,1.);
#296 = DIRECTION('',(-2.2E-16,-1.,-0.));
#297 = ORIENTED_EDGE('',*,*,#298,.T.);
#298 = EDGE_CURVE('',#291,#299,#301,.T.);
#299 = VERTEX_POINT('',#300);
#300 = CARTESIAN_POINT('',(-8.16,-8.65,-1.));
#301 = LINE('',#302,#303);
#302 = CARTESIAN_POINT('',(8.65,-8.65,-1.));
#303 = VECTOR('',#304,1.);
#304 = DIRECTION('',(-1.,2.2E-16,-2.2E-16));
#305 = ORIENTED_EDGE('',*,*,#306,.F.);
#306 = EDGE_CURVE('',#307,#299,#309,.T.);
#307 = VERTEX_POINT('',#308);
#308 = CARTESIAN_POINT('',(-8.16,-7.65,-1.));
#309 = LINE('',#310,#311);
#310 = CARTESIAN_POINT('',(-8.16,-7.65,-1.));
#311 = VECTOR('',#312,1.);
#312 = DIRECTION('',(0.,-1.,0.));
#313 = ORIENTED_EDGE('',*,*,#314,.F.);
#314 = EDGE_CURVE('',#315,#307,#317,.T.);
#315 = VERTEX_POINT('',#316);
#316 = CARTESIAN_POINT('',(-6.65,-7.65,-1.));
#317 = LINE('',#318,#319);
#318 = CARTESIAN_POINT('',(-6.65,-7.65,-1.));
#319 = VECTOR('',#320,1.);
#320 = DIRECTION('',(-1.,0.,0.));
#321 = ORIENTED_EDGE('',*,*,#322,.T.);
#322 = EDGE_CURVE('',#315,#323,#325,.T.);
#323 = VERTEX_POINT('',#324);
#324 = CARTESIAN_POINT('',(-6.16,-7.65,-1.));
#325 = LINE('',#326,#327);
#326 = CARTESIAN_POINT('',(-3.825,-7.65,-1.));
#327 = VECTOR('',#328,1.);
#328 = DIRECTION('',(1.,-4.1E-16,0.));
#329 = ORIENTED_EDGE('',*,*,#330,.F.);
#330 = EDGE_CURVE('',#47,#323,#331,.T.);
#331 = LINE('',#332,#333);
#332 = CARTESIAN_POINT('',(-6.16,7.65,-1.));
#333 = VECTOR('',#334,1.);
#334 = DIRECTION('',(0.,-1.,0.));
#335 = ORIENTED_EDGE('',*,*,#46,.F.);
#336 = ORIENTED_EDGE('',*,*,#337,.F.);
#337 = EDGE_CURVE('',#338,#33,#340,.T.);
#338 = VERTEX_POINT('',#339);
#339 = CARTESIAN_POINT('',(6.16,-7.65,-1.));
#340 = LINE('',#341,#342);
#341 = CARTESIAN_POINT('',(6.16,-7.65,-1.));
#342 = VECTOR('',#343,1.);
#343 = DIRECTION('',(0.,1.,0.));
#344 = ORIENTED_EDGE('',*,*,#345,.F.);
#345 = EDGE_CURVE('',#281,#338,#346,.T.);
#346 = LINE('',#347,#348);
#347 = CARTESIAN_POINT('',(3.825,-7.65,-1.));
#348 = VECTOR('',#349,1.);
#349 = DIRECTION('',(-1.,-3.9E-16,0.));
#350 = PLANE('',#351);
#351 = AXIS2_PLACEMENT_3D('',#352,#353,#354);
#352 = CARTESIAN_POINT('',(-2.8E-16,-1.1E-15,-1.));
#353 = DIRECTION('',(-0.,-0.,-1.));
#354 = DIRECTION('',(-1.,0.,0.));
#355 = ADVANCED_FACE('',(#356),#395,.F.);
#356 = FACE_BOUND('',#357,.F.);
#357 = EDGE_LOOP('',(#358,#370,#384,#394));
#358 = ORIENTED_EDGE('',*,*,#359,.T.);
#359 = EDGE_CURVE('',#56,#360,#362,.T.);
#360 = VERTEX_POINT('',#361);
#361 = CARTESIAN_POINT('',(-6.65,0.,-0.427459666929));
#362 = ( BOUNDED_CURVE() B_SPLINE_CURVE(6,(#363,#364,#365,#366,#367,#368
,#369),.UNSPECIFIED.,.F.,.F.) B_SPLINE_CURVE_WITH_KNOTS((7,7),(0.,
1.320757358488),.PIECEWISE_BEZIER_KNOTS.) CURVE() 
GEOMETRIC_REPRESENTATION_ITEM() RATIONAL_B_SPLINE_CURVE((1.091352326546,
    1.026725961763,0.994308237348,0.983366834266,0.994308237348,
1.026725961763,1.091352326546)) REPRESENTATION_ITEM('') );
#363 = CARTESIAN_POINT('',(-5.731250000009,0.,-0.664679896895));
#364 = CARTESIAN_POINT('',(-5.842027483477,1.1E-16,-0.864898259578));
#365 = CARTESIAN_POINT('',(-6.052815386924,1.1E-16,-0.988572003797));
#366 = CARTESIAN_POINT('',(-6.305505903393,2.2E-16,-0.991001607539));
#367 = CARTESIAN_POINT('',(-6.525433878449,0.,-0.866542434011));
#368 = CARTESIAN_POINT('',(-6.65,1.1E-16,-0.656280652866));
#369 = CARTESIAN_POINT('',(-6.65,0.,-0.427459666929));
#370 = ORIENTED_EDGE('',*,*,#371,.T.);
#371 = EDGE_CURVE('',#360,#372,#374,.T.);
#372 = VERTEX_POINT('',#373);
#373 = CARTESIAN_POINT('',(-6.65,-1.320757358488,-0.51));
#374 = ( BOUNDED_CURVE() B_SPLINE_CURVE(8,(#375,#376,#377,#378,#379,#380
,#381,#382,#383),.UNSPECIFIED.,.F.,.F.) B_SPLINE_CURVE_WITH_KNOTS((9,9),
(7.65,8.970757358488),.PIECEWISE_BEZIER_KNOTS.) CURVE() 
GEOMETRIC_REPRESENTATION_ITEM() RATIONAL_B_SPLINE_CURVE((1.091352326546,
    1.091352326546,1.086145986647,1.075375435373,1.066347529486,
    1.05597906276,1.047194453206,1.038977503911,1.031393471788)) 
REPRESENTATION_ITEM('') );
#375 = CARTESIAN_POINT('',(-6.65,0.,-0.427459666924));
#376 = CARTESIAN_POINT('',(-6.65,-0.165094669811,-0.427459666924));
#377 = CARTESIAN_POINT('',(-6.65,-0.331832749119,-0.437262625525));
#378 = CARTESIAN_POINT('',(-6.65,-0.499130615745,-0.458049314485));
#379 = CARTESIAN_POINT('',(-6.65,-0.66349505996,-0.473844411723));
#380 = CARTESIAN_POINT('',(-6.65,-0.828828641,-0.490694363834));
#381 = CARTESIAN_POINT('',(-6.65,-0.992744927758,-0.502516396631));
#382 = CARTESIAN_POINT('',(-6.65,-1.156867799735,-0.51));
#383 = CARTESIAN_POINT('',(-6.65,-1.320757358488,-0.51));
#384 = ORIENTED_EDGE('',*,*,#385,.F.);
#385 = EDGE_CURVE('',#47,#372,#386,.T.);
#386 = ( BOUNDED_CURVE() B_SPLINE_CURVE(6,(#387,#388,#389,#390,#391,#392
,#393),.UNSPECIFIED.,.F.,.F.) B_SPLINE_CURVE_WITH_KNOTS((7,7),(0.,
1.320757358488),.PIECEWISE_BEZIER_KNOTS.) CURVE() 
GEOMETRIC_REPRESENTATION_ITEM() RATIONAL_B_SPLINE_CURVE((1.031393471788,
    1.010025407661,0.997924642725,0.993958444137,0.997924642725,
1.010025407661,1.031393471788)) REPRESENTATION_ITEM('') );
#387 = CARTESIAN_POINT('',(-6.16,-1.320757358488,-1.));
#388 = CARTESIAN_POINT('',(-6.290995023745,-1.320757358488,-1.));
#389 = CARTESIAN_POINT('',(-6.418577200565,-1.320757358488,
    -0.958347868189));
#390 = CARTESIAN_POINT('',(-6.528440561469,-1.320757358488,
    -0.878440561469));
#391 = CARTESIAN_POINT('',(-6.608347868189,-1.320757358488,
    -0.768577200565));
#392 = CARTESIAN_POINT('',(-6.65,-1.320757358488,-0.640995023745));
#393 = CARTESIAN_POINT('',(-6.65,-1.320757358488,-0.51));
#394 = ORIENTED_EDGE('',*,*,#55,.F.);
#395 = ( BOUNDED_SURFACE() B_SPLINE_SURFACE(6,8,(
    (#396,#397,#398,#399,#400,#401,#402,#403,#404)
    ,(#405,#406,#407,#408,#409,#410,#411,#412,#413)
    ,(#414,#415,#416,#417,#418,#419,#420,#421,#422)
    ,(#423,#424,#425,#426,#427,#428,#429,#430,#431)
    ,(#432,#433,#434,#435,#436,#437,#438,#439,#440)
    ,(#441,#442,#443,#444,#445,#446,#447,#448,#449)
    ,(#450,#451,#452,#453,#454,#455,#456,#457,#458
)),.UNSPECIFIED.,.F.,.F.,.F.) B_SPLINE_SURFACE_WITH_KNOTS((7,7),(9,9),(
    0.,1.320757358488),(7.65,8.970757358488),.PIECEWISE_BEZIER_KNOTS.) 
GEOMETRIC_REPRESENTATION_ITEM() RATIONAL_B_SPLINE_SURFACE((
    (1.091352326546,1.091352326546,1.086145986647,1.075375435373
      ,1.066347529486,1.05597906276,1.047194453206,1.038977503911
      ,1.031393471788)
    ,(1.026725961763,1.026725961763,1.025414330094,1.02271306956
      ,1.020238077432,1.01735253488,1.014788571336,1.012341072408
      ,1.010025407661)
    ,(0.994308237348,0.994308237348,0.994590225371,0.995169721425
      ,0.995717943013,0.996347045079,0.996904707613,0.997431567986
      ,0.997924642725)
    ,(0.983366834266,0.983366834266,0.984251465222,0.986080032589
      ,0.987645486073,0.989470005177,0.991050350459,0.992550254185
      ,0.993958444137)
    ,(0.994308237348,0.994308237348,0.994590225371,0.995169721425
      ,0.995717943013,0.996347045079,0.996904707613,0.997431567986
      ,0.997924642725)
    ,(1.026725961763,1.026725961763,1.025414330094,1.02271306956
      ,1.020238077432,1.01735253488,1.014788571336,1.012341072408
      ,1.010025407661)
    ,(1.091352326546,1.091352326546,1.086145986647,1.075375435373
      ,1.066347529486,1.05597906276,1.047194453206,1.038977503911
,1.031393471788))) REPRESENTATION_ITEM('') SURFACE() );
#396 = CARTESIAN_POINT('',(-5.73125,0.,-0.664679896879));
#397 = CARTESIAN_POINT('',(-5.73125,-0.165094669811,-0.664679896879));
#398 = CARTESIAN_POINT('',(-5.748361804947,-0.331832749119,
    -0.705286866528));
#399 = CARTESIAN_POINT('',(-5.783173802995,-0.499130615745,
    -0.790681639778));
#400 = CARTESIAN_POINT('',(-5.834753799349,-0.66349505996,
    -0.858771635529));
#401 = CARTESIAN_POINT('',(-5.905560753214,-0.828828641,-0.928610905257)
  );
#402 = CARTESIAN_POINT('',(-5.984464957135,-0.992744927758,
    -0.973119109995));
#403 = CARTESIAN_POINT('',(-6.069320789782,-1.156867799735,-1.));
#404 = CARTESIAN_POINT('',(-6.16,-1.320757358488,-1.));
#405 = CARTESIAN_POINT('',(-5.842027483477,-3.3E-16,-0.864898259578));
#406 = CARTESIAN_POINT('',(-5.842027483477,-0.165094669811,
    -0.864898259578));
#407 = CARTESIAN_POINT('',(-5.869993789134,-0.33062608013,
    -0.891271384788));
#408 = CARTESIAN_POINT('',(-5.927319213635,-0.496306348359,
    -0.946584787223));
#409 = CARTESIAN_POINT('',(-5.989474309836,-0.661308113521,
    -0.982689113037));
#410 = CARTESIAN_POINT('',(-6.066115540813,-0.826459649545,
    -1.015116824361));
#411 = CARTESIAN_POINT('',(-6.140953732614,-0.991239989388,
    -1.026934015147));
#412 = CARTESIAN_POINT('',(-6.21602972681,-1.156040332059,
    -1.024364284069));
#413 = CARTESIAN_POINT('',(-6.290995023745,-1.320757358488,-1.));
#414 = CARTESIAN_POINT('',(-6.052815386924,0.,-0.988572003797));
#415 = CARTESIAN_POINT('',(-6.052815386924,-0.165094669811,
    -0.988572003797));
#416 = CARTESIAN_POINT('',(-6.08054063035,-0.330092807494,
    -0.998797169645));
#417 = CARTESIAN_POINT('',(-6.137511999475,-0.495057367485,
    -1.020547581285));
#418 = CARTESIAN_POINT('',(-6.191127264147,-0.660166577458,
    -1.028077211677));
#419 = CARTESIAN_POINT('',(-6.254208955891,-0.825255330016,
    -1.02968443128));
#420 = CARTESIAN_POINT('',(-6.311216101851,-0.990420212939,
    -1.018101471897));
#421 = CARTESIAN_POINT('',(-6.366111017264,-1.155581075047,-0.9963576664
    ));
#422 = CARTESIAN_POINT('',(-6.418577200565,-1.320757358488,
    -0.958347868189));
#423 = CARTESIAN_POINT('',(-6.305505903393,0.,-0.991001607539));
#424 = CARTESIAN_POINT('',(-6.305505903393,-0.165094669811,
    -0.991001607539));
#425 = CARTESIAN_POINT('',(-6.324286371663,-0.329881301085,
    -0.990319126136));
#426 = CARTESIAN_POINT('',(-6.36296299141,-0.494571420806,
    -0.989376797001));
#427 = CARTESIAN_POINT('',(-6.396447303403,-0.659786897366,
    -0.98119540985));
#428 = CARTESIAN_POINT('',(-6.434996466291,-0.824836111903,
    -0.967031062813));
#429 = CARTESIAN_POINT('',(-6.46819414564,-0.990148174547,
    -0.946017037664));
#430 = CARTESIAN_POINT('',(-6.49941143089,-1.155428459071,
    -0.918193711734));
#431 = CARTESIAN_POINT('',(-6.528440561469,-1.320757358488,
    -0.878440561469));
#432 = CARTESIAN_POINT('',(-6.525433878449,0.,-0.866542434011));
#433 = CARTESIAN_POINT('',(-6.525433878449,-0.165094669811,
    -0.866542434011));
#434 = CARTESIAN_POINT('',(-6.532811551867,-0.330092807494,
    -0.864023354932));
#435 = CARTESIAN_POINT('',(-6.548073563115,-0.495057367485,
    -0.859120013279));
#436 = CARTESIAN_POINT('',(-6.560626996473,-0.660166577458,
    -0.850827082521));
#437 = CARTESIAN_POINT('',(-6.574971059643,-0.825255330016,
    -0.838114162862));
#438 = CARTESIAN_POINT('',(-6.586974072468,-0.990420212939,
    -0.821464615214));
#439 = CARTESIAN_POINT('',(-6.598129774112,-1.155581075047,
    -0.799733520128));
#440 = CARTESIAN_POINT('',(-6.608347868189,-1.320757358488,
    -0.768577200565));
#441 = CARTESIAN_POINT('',(-6.65,-3.3E-16,-0.656280652866));
#442 = CARTESIAN_POINT('',(-6.65,-0.165094669811,-0.656280652866));
#443 = CARTESIAN_POINT('',(-6.65,-0.33062608013,-0.659039553752));
#444 = CARTESIAN_POINT('',(-6.65,-0.496306348359,-0.664985407761));
#445 = CARTESIAN_POINT('',(-6.65,-0.661308113521,-0.66758999102));
#446 = CARTESIAN_POINT('',(-6.65,-0.826459649545,-0.668322933915));
#447 = CARTESIAN_POINT('',(-6.65,-0.991239989388,-0.665042389672));
#448 = CARTESIAN_POINT('',(-6.65,-1.156040332059,-0.657166770437));
#449 = CARTESIAN_POINT('',(-6.65,-1.320757358488,-0.640995023745));
#450 = CARTESIAN_POINT('',(-6.65,0.,-0.427459666924));
#451 = CARTESIAN_POINT('',(-6.65,-0.165094669811,-0.427459666924));
#452 = CARTESIAN_POINT('',(-6.65,-0.331832749119,-0.437262625525));
#453 = CARTESIAN_POINT('',(-6.65,-0.499130615745,-0.458049314485));
#454 = CARTESIAN_POINT('',(-6.65,-0.66349505996,-0.473844411723));
#455 = CARTESIAN_POINT('',(-6.65,-0.828828641,-0.490694363834));
#456 = CARTESIAN_POINT('',(-6.65,-0.992744927758,-0.502516396631));
#457 = CARTESIAN_POINT('',(-6.65,-1.156867799735,-0.51));
#458 = CARTESIAN_POINT('',(-6.65,-1.320757358488,-0.51));
#459 = ADVANCED_FACE('',(#460),#533,.T.);
#460 = FACE_BOUND('',#461,.T.);
#461 = EDGE_LOOP('',(#462,#472,#480,#486,#487,#495,#503,#511,#519,#527)
  );
#462 = ORIENTED_EDGE('',*,*,#463,.F.);
#463 = EDGE_CURVE('',#464,#466,#468,.T.);
#464 = VERTEX_POINT('',#465);
#465 = CARTESIAN_POINT('',(6.65,7.65,-1.));
#466 = VERTEX_POINT('',#467);
#467 = CARTESIAN_POINT('',(8.16,7.65,-1.));
#468 = LINE('',#469,#470);
#469 = CARTESIAN_POINT('',(6.65,7.65,-1.));
#470 = VECTOR('',#471,1.);
#471 = DIRECTION('',(1.,-2.2E-16,2.2E-16));
#472 = ORIENTED_EDGE('',*,*,#473,.T.);
#473 = EDGE_CURVE('',#464,#474,#476,.T.);
#474 = VERTEX_POINT('',#475);
#475 = CARTESIAN_POINT('',(6.16,7.65,-1.));
#476 = LINE('',#477,#478);
#477 = CARTESIAN_POINT('',(3.825,7.65,-1.));
#478 = VECTOR('',#479,1.);
#479 = DIRECTION('',(-1.,0.,0.));
#480 = ORIENTED_EDGE('',*,*,#481,.F.);
#481 = EDGE_CURVE('',#96,#474,#482,.T.);
#482 = LINE('',#483,#484);
#483 = CARTESIAN_POINT('',(6.16,-7.65,-1.));
#484 = VECTOR('',#485,1.);
#485 = DIRECTION('',(0.,1.,0.));
#486 = ORIENTED_EDGE('',*,*,#93,.F.);
#487 = ORIENTED_EDGE('',*,*,#488,.F.);
#488 = EDGE_CURVE('',#489,#94,#491,.T.);
#489 = VERTEX_POINT('',#490);
#490 = CARTESIAN_POINT('',(-6.16,7.65,-1.));
#491 = LINE('',#492,#493);
#492 = CARTESIAN_POINT('',(-6.16,7.65,-1.));
#493 = VECTOR('',#494,1.);
#494 = DIRECTION('',(0.,-1.,0.));
#495 = ORIENTED_EDGE('',*,*,#496,.F.);
#496 = EDGE_CURVE('',#497,#489,#499,.T.);
#497 = VERTEX_POINT('',#498);
#498 = CARTESIAN_POINT('',(-6.65,7.65,-1.));
#499 = LINE('',#500,#501);
#500 = CARTESIAN_POINT('',(-3.825,7.65,-1.));
#501 = VECTOR('',#502,1.);
#502 = DIRECTION('',(1.,0.,0.));
#503 = ORIENTED_EDGE('',*,*,#504,.T.);
#504 = EDGE_CURVE('',#497,#505,#507,.T.);
#505 = VERTEX_POINT('',#506);
#506 = CARTESIAN_POINT('',(-8.16,7.65,-1.));
#507 = LINE('',#508,#509);
#508 = CARTESIAN_POINT('',(-6.65,7.65,-1.));
#509 = VECTOR('',#510,1.);
#510 = DIRECTION('',(-1.,0.,0.));
#511 = ORIENTED_EDGE('',*,*,#512,.F.);
#512 = EDGE_CURVE('',#513,#505,#515,.T.);
#513 = VERTEX_POINT('',#514);
#514 = CARTESIAN_POINT('',(-8.16,8.65,-1.));
#515 = LINE('',#516,#517);
#516 = CARTESIAN_POINT('',(-8.16,8.65,-1.));
#517 = VECTOR('',#518,1.);
#518 = DIRECTION('',(0.,-1.,0.));
#519 = ORIENTED_EDGE('',*,*,#520,.F.);
#520 = EDGE_CURVE('',#521,#513,#523,.T.);
#521 = VERTEX_POINT('',#522);
#522 = CARTESIAN_POINT('',(8.16,8.65,-1.));
#523 = LINE('',#524,#525);
#524 = CARTESIAN_POINT('',(6.65,8.65,-1.));
#525 = VECTOR('',#526,1.);
#526 = DIRECTION('',(-1.,0.,0.));
#527 = ORIENTED_EDGE('',*,*,#528,.T.);
#528 = EDGE_CURVE('',#521,#466,#529,.T.);
#529 = LINE('',#530,#531);
#530 = CARTESIAN_POINT('',(8.16,8.65,-1.));
#531 = VECTOR('',#532,1.);
#532 = DIRECTION('',(-2.2E-16,-1.,-0.));
#533 = PLANE('',#534);
#534 = AXIS2_PLACEMENT_3D('',#535,#536,#537);
#535 = CARTESIAN_POINT('',(-2.8E-16,-1.1E-15,-1.));
#536 = DIRECTION('',(-0.,-0.,-1.));
#537 = DIRECTION('',(-1.,0.,0.));
#538 = ADVANCED_FACE('',(#539),#564,.F.);
#539 = FACE_BOUND('',#540,.F.);
#540 = EDGE_LOOP('',(#541,#550,#562,#563));
#541 = ORIENTED_EDGE('',*,*,#542,.T.);
#542 = EDGE_CURVE('',#94,#543,#545,.T.);
#543 = VERTEX_POINT('',#544);
#544 = CARTESIAN_POINT('',(-6.65,1.320757358488,-0.51));
#545 = CIRCLE('',#546,0.49);
#546 = AXIS2_PLACEMENT_3D('',#547,#548,#549);
#547 = CARTESIAN_POINT('',(-6.16,1.320757358488,-0.51));
#548 = DIRECTION('',(-0.,1.,0.));
#549 = DIRECTION('',(0.,0.,-1.));
#550 = ORIENTED_EDGE('',*,*,#551,.T.);
#551 = EDGE_CURVE('',#543,#360,#552,.T.);
#552 = ( BOUNDED_CURVE() B_SPLINE_CURVE(8,(#553,#554,#555,#556,#557,#558
,#559,#560,#561),.UNSPECIFIED.,.F.,.F.) B_SPLINE_CURVE_WITH_KNOTS((9,9),
(6.329242641512,7.65),.PIECEWISE_BEZIER_KNOTS.) CURVE() 
GEOMETRIC_REPRESENTATION_ITEM() RATIONAL_B_SPLINE_CURVE((1.031393471788,
    1.038977503911,1.047194453206,1.05597906276,1.066347529486,
    1.075375435374,1.086145986647,1.091352326546,1.091352326546)) 
REPRESENTATION_ITEM('') );
#553 = CARTESIAN_POINT('',(-6.65,1.320757358488,-0.51));
#554 = CARTESIAN_POINT('',(-6.65,1.156867799735,-0.51));
#555 = CARTESIAN_POINT('',(-6.65,0.992744927758,-0.502516396631));
#556 = CARTESIAN_POINT('',(-6.65,0.828828641,-0.490694363834));
#557 = CARTESIAN_POINT('',(-6.65,0.66349505996,-0.473844411723));
#558 = CARTESIAN_POINT('',(-6.65,0.499130615745,-0.458049314485));
#559 = CARTESIAN_POINT('',(-6.65,0.331832749119,-0.437262625525));
#560 = CARTESIAN_POINT('',(-6.65,0.165094669811,-0.427459666924));
#561 = CARTESIAN_POINT('',(-6.65,0.,-0.427459666929));
#562 = ORIENTED_EDGE('',*,*,#359,.F.);
#563 = ORIENTED_EDGE('',*,*,#125,.F.);
#564 = ( BOUNDED_SURFACE() B_SPLINE_SURFACE(6,8,(
    (#565,#566,#567,#568,#569,#570,#571,#572,#573)
    ,(#574,#575,#576,#577,#578,#579,#580,#581,#582)
    ,(#583,#584,#585,#586,#587,#588,#589,#590,#591)
    ,(#592,#593,#594,#595,#596,#597,#598,#599,#600)
    ,(#601,#602,#603,#604,#605,#606,#607,#608,#609)
    ,(#610,#611,#612,#613,#614,#615,#616,#617,#618)
    ,(#619,#620,#621,#622,#623,#624,#625,#626,#627
)),.UNSPECIFIED.,.F.,.F.,.F.) B_SPLINE_SURFACE_WITH_KNOTS((7,7),(9,9),(
    0.,1.320757358488),(6.329242641512,7.65),.PIECEWISE_BEZIER_KNOTS.) 
GEOMETRIC_REPRESENTATION_ITEM() RATIONAL_B_SPLINE_SURFACE((
    (1.031393471788,1.038977503911,1.047194453206,1.05597906276
      ,1.066347529486,1.075375435374,1.086145986647,1.091352326546
      ,1.091352326546)
    ,(1.010025407661,1.012341072409,1.014788571336,1.01735253488
      ,1.020238077432,1.02271306956,1.025414330094,1.026725961763
      ,1.026725961763)
    ,(0.997924642725,0.997431567986,0.996904707613,0.99634704508
      ,0.995717943013,0.995169721425,0.994590225371,0.994308237348
      ,0.994308237348)
    ,(0.993958444137,0.992550254185,0.991050350458,0.989470005177
      ,0.987645486073,0.986080032589,0.984251465222,0.983366834266
      ,0.983366834266)
    ,(0.997924642725,0.997431567986,0.996904707613,0.99634704508
      ,0.995717943013,0.995169721425,0.994590225371,0.994308237348
      ,0.994308237348)
    ,(1.010025407661,1.012341072409,1.014788571336,1.01735253488
      ,1.020238077432,1.02271306956,1.025414330094,1.026725961763
      ,1.026725961763)
    ,(1.031393471788,1.038977503911,1.047194453206,1.05597906276
      ,1.066347529486,1.075375435374,1.086145986647,1.091352326546
,1.091352326546))) REPRESENTATION_ITEM('') SURFACE() );
#565 = CARTESIAN_POINT('',(-6.16,1.320757358488,-1.));
#566 = CARTESIAN_POINT('',(-6.069320789782,1.156867799735,-1.));
#567 = CARTESIAN_POINT('',(-5.984464957135,0.992744927758,
    -0.973119109995));
#568 = CARTESIAN_POINT('',(-5.905560753214,0.828828641,-0.928610905257)
  );
#569 = CARTESIAN_POINT('',(-5.83475379935,0.66349505996,-0.858771635529)
  );
#570 = CARTESIAN_POINT('',(-5.783173802995,0.499130615745,
    -0.790681639778));
#571 = CARTESIAN_POINT('',(-5.748361804947,0.331832749119,
    -0.705286866528));
#572 = CARTESIAN_POINT('',(-5.73125,0.165094669811,-0.664679896879));
#573 = CARTESIAN_POINT('',(-5.731250000009,0.,-0.664679896895));
#574 = CARTESIAN_POINT('',(-6.290995023745,1.320757358488,-1.));
#575 = CARTESIAN_POINT('',(-6.21602972681,1.156040332059,-1.024364284069
    ));
#576 = CARTESIAN_POINT('',(-6.140953732614,0.991239989388,
    -1.026934015147));
#577 = CARTESIAN_POINT('',(-6.066115540813,0.826459649545,
    -1.015116824361));
#578 = CARTESIAN_POINT('',(-5.989474309836,0.661308113521,
    -0.982689113037));
#579 = CARTESIAN_POINT('',(-5.927319213635,0.496306348359,
    -0.946584787223));
#580 = CARTESIAN_POINT('',(-5.869993789134,0.33062608013,-0.891271384788
    ));
#581 = CARTESIAN_POINT('',(-5.842027483477,0.165094669811,
    -0.864898259578));
#582 = CARTESIAN_POINT('',(-5.842027483477,1.1E-16,-0.864898259578));
#583 = CARTESIAN_POINT('',(-6.418577200565,1.320757358488,
    -0.958347868189));
#584 = CARTESIAN_POINT('',(-6.366111017264,1.155581075047,-0.9963576664)
  );
#585 = CARTESIAN_POINT('',(-6.311216101851,0.99042021294,-1.018101471897
    ));
#586 = CARTESIAN_POINT('',(-6.254208955891,0.825255330016,-1.02968443128
    ));
#587 = CARTESIAN_POINT('',(-6.191127264147,0.660166577458,
    -1.028077211677));
#588 = CARTESIAN_POINT('',(-6.137511999475,0.495057367485,
    -1.020547581285));
#589 = CARTESIAN_POINT('',(-6.08054063035,0.330092807494,-0.998797169645
    ));
#590 = CARTESIAN_POINT('',(-6.052815386924,0.165094669811,
    -0.988572003797));
#591 = CARTESIAN_POINT('',(-6.052815386924,1.1E-16,-0.988572003797));
#592 = CARTESIAN_POINT('',(-6.528440561469,1.320757358488,
    -0.878440561469));
#593 = CARTESIAN_POINT('',(-6.49941143089,1.155428459071,-0.918193711734
    ));
#594 = CARTESIAN_POINT('',(-6.46819414564,0.990148174547,-0.946017037664
    ));
#595 = CARTESIAN_POINT('',(-6.434996466291,0.824836111903,
    -0.967031062813));
#596 = CARTESIAN_POINT('',(-6.396447303403,0.659786897366,-0.98119540985
    ));
#597 = CARTESIAN_POINT('',(-6.36296299141,0.494571420806,-0.989376797001
    ));
#598 = CARTESIAN_POINT('',(-6.324286371663,0.329881301085,
    -0.990319126136));
#599 = CARTESIAN_POINT('',(-6.305505903393,0.165094669811,
    -0.991001607539));
#600 = CARTESIAN_POINT('',(-6.305505903393,2.2E-16,-0.991001607539));
#601 = CARTESIAN_POINT('',(-6.608347868189,1.320757358488,
    -0.768577200565));
#602 = CARTESIAN_POINT('',(-6.598129774112,1.155581075047,
    -0.799733520128));
#603 = CARTESIAN_POINT('',(-6.586974072468,0.99042021294,-0.821464615214
    ));
#604 = CARTESIAN_POINT('',(-6.574971059643,0.825255330016,
    -0.838114162862));
#605 = CARTESIAN_POINT('',(-6.560626996473,0.660166577458,
    -0.850827082521));
#606 = CARTESIAN_POINT('',(-6.548073563115,0.495057367485,
    -0.859120013279));
#607 = CARTESIAN_POINT('',(-6.532811551867,0.330092807494,
    -0.864023354932));
#608 = CARTESIAN_POINT('',(-6.525433878449,0.165094669811,
    -0.866542434011));
#609 = CARTESIAN_POINT('',(-6.525433878449,0.,-0.866542434011));
#610 = CARTESIAN_POINT('',(-6.65,1.320757358488,-0.640995023745));
#611 = CARTESIAN_POINT('',(-6.65,1.156040332059,-0.657166770437));
#612 = CARTESIAN_POINT('',(-6.65,0.991239989388,-0.665042389672));
#613 = CARTESIAN_POINT('',(-6.65,0.826459649545,-0.668322933915));
#614 = CARTESIAN_POINT('',(-6.65,0.661308113521,-0.66758999102));
#615 = CARTESIAN_POINT('',(-6.65,0.496306348359,-0.664985407761));
#616 = CARTESIAN_POINT('',(-6.65,0.33062608013,-0.659039553752));
#617 = CARTESIAN_POINT('',(-6.65,0.165094669811,-0.656280652866));
#618 = CARTESIAN_POINT('',(-6.65,1.1E-16,-0.656280652866));
#619 = CARTESIAN_POINT('',(-6.65,1.320757358488,-0.51));
#620 = CARTESIAN_POINT('',(-6.65,1.156867799735,-0.51));
#621 = CARTESIAN_POINT('',(-6.65,0.992744927758,-0.502516396631));
#622 = CARTESIAN_POINT('',(-6.65,0.828828641,-0.490694363834));
#623 = CARTESIAN_POINT('',(-6.65,0.66349505996,-0.473844411723));
#624 = CARTESIAN_POINT('',(-6.65,0.499130615745,-0.458049314485));
#625 = CARTESIAN_POINT('',(-6.65,0.331832749119,-0.437262625525));
#626 = CARTESIAN_POINT('',(-6.65,0.165094669811,-0.427459666924));
#627 = CARTESIAN_POINT('',(-6.65,0.,-0.427459666929));
#628 = ADVANCED_FACE('',(#629),#657,.F.);
#629 = FACE_BOUND('',#630,.F.);
#630 = EDGE_LOOP('',(#631,#632,#646,#656));
#631 = ORIENTED_EDGE('',*,*,#168,.T.);
#632 = ORIENTED_EDGE('',*,*,#633,.T.);
#633 = EDGE_CURVE('',#155,#634,#636,.T.);
#634 = VERTEX_POINT('',#635);
#635 = CARTESIAN_POINT('',(6.65,1.320757358488,-0.51));
#636 = ( BOUNDED_CURVE() B_SPLINE_CURVE(8,(#637,#638,#639,#640,#641,#642
,#643,#644,#645),.UNSPECIFIED.,.F.,.F.) B_SPLINE_CURVE_WITH_KNOTS((9,9),
(7.65,8.970757358488),.PIECEWISE_BEZIER_KNOTS.) CURVE() 
GEOMETRIC_REPRESENTATION_ITEM() RATIONAL_B_SPLINE_CURVE((1.091352326546,
    1.091352326546,1.086145986647,1.075375435373,1.066347529486,
    1.05597906276,1.047194453206,1.038977503911,1.031393471788)) 
REPRESENTATION_ITEM('') );
#637 = CARTESIAN_POINT('',(6.65,0.,-0.427459666924));
#638 = CARTESIAN_POINT('',(6.65,0.165094669811,-0.427459666924));
#639 = CARTESIAN_POINT('',(6.65,0.331832749119,-0.437262625525));
#640 = CARTESIAN_POINT('',(6.65,0.499130615745,-0.458049314485));
#641 = CARTESIAN_POINT('',(6.65,0.66349505996,-0.473844411723));
#642 = CARTESIAN_POINT('',(6.65,0.828828641,-0.490694363834));
#643 = CARTESIAN_POINT('',(6.65,0.992744927758,-0.502516396631));
#644 = CARTESIAN_POINT('',(6.65,1.156867799735,-0.51));
#645 = CARTESIAN_POINT('',(6.65,1.320757358488,-0.51));
#646 = ORIENTED_EDGE('',*,*,#647,.F.);
#647 = EDGE_CURVE('',#96,#634,#648,.T.);
#648 = ( BOUNDED_CURVE() B_SPLINE_CURVE(6,(#649,#650,#651,#652,#653,#654
,#655),.UNSPECIFIED.,.F.,.F.) B_SPLINE_CURVE_WITH_KNOTS((7,7),(0.,
1.320757358488),.PIECEWISE_BEZIER_KNOTS.) CURVE() 
GEOMETRIC_REPRESENTATION_ITEM() RATIONAL_B_SPLINE_CURVE((1.031393471788,
    1.010025407661,0.997924642725,0.993958444137,0.997924642725,
1.010025407661,1.031393471788)) REPRESENTATION_ITEM('') );
#649 = CARTESIAN_POINT('',(6.16,1.320757358488,-1.));
#650 = CARTESIAN_POINT('',(6.290995023745,1.320757358488,-1.));
#651 = CARTESIAN_POINT('',(6.418577200565,1.320757358488,-0.958347868189
    ));
#652 = CARTESIAN_POINT('',(6.528440561469,1.320757358488,-0.878440561469
    ));
#653 = CARTESIAN_POINT('',(6.608347868189,1.320757358488,-0.768577200565
    ));
#654 = CARTESIAN_POINT('',(6.65,1.320757358488,-0.640995023745));
#655 = CARTESIAN_POINT('',(6.65,1.320757358488,-0.51));
#656 = ORIENTED_EDGE('',*,*,#104,.F.);
#657 = ( BOUNDED_SURFACE() B_SPLINE_SURFACE(6,8,(
    (#658,#659,#660,#661,#662,#663,#664,#665,#666)
    ,(#667,#668,#669,#670,#671,#672,#673,#674,#675)
    ,(#676,#677,#678,#679,#680,#681,#682,#683,#684)
    ,(#685,#686,#687,#688,#689,#690,#691,#692,#693)
    ,(#694,#695,#696,#697,#698,#699,#700,#701,#702)
    ,(#703,#704,#705,#706,#707,#708,#709,#710,#711)
    ,(#712,#713,#714,#715,#716,#717,#718,#719,#720
)),.UNSPECIFIED.,.F.,.F.,.F.) B_SPLINE_SURFACE_WITH_KNOTS((7,7),(9,9),(
    0.,1.320757358488),(7.65,8.970757358488),.PIECEWISE_BEZIER_KNOTS.) 
GEOMETRIC_REPRESENTATION_ITEM() RATIONAL_B_SPLINE_SURFACE((
    (1.091352326546,1.091352326546,1.086145986647,1.075375435373
      ,1.066347529486,1.05597906276,1.047194453206,1.038977503911
      ,1.031393471788)
    ,(1.026725961763,1.026725961763,1.025414330094,1.02271306956
      ,1.020238077432,1.01735253488,1.014788571336,1.012341072408
      ,1.010025407661)
    ,(0.994308237348,0.994308237348,0.994590225371,0.995169721425
      ,0.995717943013,0.996347045079,0.996904707613,0.997431567986
      ,0.997924642725)
    ,(0.983366834266,0.983366834266,0.984251465222,0.986080032589
      ,0.987645486073,0.989470005177,0.991050350459,0.992550254185
      ,0.993958444137)
    ,(0.994308237348,0.994308237348,0.994590225371,0.995169721425
      ,0.995717943013,0.996347045079,0.996904707613,0.997431567986
      ,0.997924642725)
    ,(1.026725961763,1.026725961763,1.025414330094,1.02271306956
      ,1.020238077432,1.01735253488,1.014788571336,1.012341072408
      ,1.010025407661)
    ,(1.091352326546,1.091352326546,1.086145986647,1.075375435373
      ,1.066347529486,1.05597906276,1.047194453206,1.038977503911
,1.031393471788))) REPRESENTATION_ITEM('') SURFACE() );
#658 = CARTESIAN_POINT('',(5.73125,0.,-0.664679896879));
#659 = CARTESIAN_POINT('',(5.73125,0.165094669811,-0.664679896879));
#660 = CARTESIAN_POINT('',(5.748361804947,0.331832749119,-0.705286866528
    ));
#661 = CARTESIAN_POINT('',(5.783173802995,0.499130615745,-0.790681639778
    ));
#662 = CARTESIAN_POINT('',(5.834753799349,0.66349505996,-0.858771635529)
  );
#663 = CARTESIAN_POINT('',(5.905560753214,0.828828641,-0.928610905257));
#664 = CARTESIAN_POINT('',(5.984464957135,0.992744927758,-0.973119109995
    ));
#665 = CARTESIAN_POINT('',(6.069320789782,1.156867799735,-1.));
#666 = CARTESIAN_POINT('',(6.16,1.320757358488,-1.));
#667 = CARTESIAN_POINT('',(5.842027483477,0.,-0.864898259578));
#668 = CARTESIAN_POINT('',(5.842027483477,0.165094669811,-0.864898259578
    ));
#669 = CARTESIAN_POINT('',(5.869993789134,0.33062608013,-0.891271384788)
  );
#670 = CARTESIAN_POINT('',(5.927319213635,0.496306348359,-0.946584787223
    ));
#671 = CARTESIAN_POINT('',(5.989474309836,0.661308113521,-0.982689113037
    ));
#672 = CARTESIAN_POINT('',(6.066115540813,0.826459649545,-1.015116824361
    ));
#673 = CARTESIAN_POINT('',(6.140953732614,0.991239989388,-1.026934015147
    ));
#674 = CARTESIAN_POINT('',(6.21602972681,1.156040332059,-1.024364284069)
  );
#675 = CARTESIAN_POINT('',(6.290995023745,1.320757358488,-1.));
#676 = CARTESIAN_POINT('',(6.052815386924,0.,-0.988572003797));
#677 = CARTESIAN_POINT('',(6.052815386924,0.165094669811,-0.988572003797
    ));
#678 = CARTESIAN_POINT('',(6.08054063035,0.330092807494,-0.998797169645)
  );
#679 = CARTESIAN_POINT('',(6.137511999475,0.495057367485,-1.020547581285
    ));
#680 = CARTESIAN_POINT('',(6.191127264147,0.660166577458,-1.028077211677
    ));
#681 = CARTESIAN_POINT('',(6.254208955891,0.825255330016,-1.02968443128)
  );
#682 = CARTESIAN_POINT('',(6.311216101851,0.99042021294,-1.018101471897)
  );
#683 = CARTESIAN_POINT('',(6.366111017264,1.155581075047,-0.9963576664)
  );
#684 = CARTESIAN_POINT('',(6.418577200565,1.320757358488,-0.958347868189
    ));
#685 = CARTESIAN_POINT('',(6.305505903393,1.1E-16,-0.991001607539));
#686 = CARTESIAN_POINT('',(6.305505903393,0.165094669811,-0.991001607539
    ));
#687 = CARTESIAN_POINT('',(6.324286371663,0.329881301085,-0.990319126136
    ));
#688 = CARTESIAN_POINT('',(6.36296299141,0.494571420806,-0.989376797001)
  );
#689 = CARTESIAN_POINT('',(6.396447303403,0.659786897366,-0.98119540985)
  );
#690 = CARTESIAN_POINT('',(6.434996466291,0.824836111903,-0.967031062813
    ));
#691 = CARTESIAN_POINT('',(6.46819414564,0.990148174547,-0.946017037664)
  );
#692 = CARTESIAN_POINT('',(6.49941143089,1.155428459071,-0.918193711734)
  );
#693 = CARTESIAN_POINT('',(6.528440561469,1.320757358488,-0.878440561469
    ));
#694 = CARTESIAN_POINT('',(6.525433878449,0.,-0.866542434011));
#695 = CARTESIAN_POINT('',(6.525433878449,0.165094669811,-0.866542434011
    ));
#696 = CARTESIAN_POINT('',(6.532811551867,0.330092807494,-0.864023354932
    ));
#697 = CARTESIAN_POINT('',(6.548073563115,0.495057367485,-0.859120013279
    ));
#698 = CARTESIAN_POINT('',(6.560626996473,0.660166577458,-0.850827082521
    ));
#699 = CARTESIAN_POINT('',(6.574971059643,0.825255330016,-0.838114162862
    ));
#700 = CARTESIAN_POINT('',(6.586974072468,0.99042021294,-0.821464615214)
  );
#701 = CARTESIAN_POINT('',(6.598129774112,1.155581075047,-0.799733520128
    ));
#702 = CARTESIAN_POINT('',(6.608347868189,1.320757358488,-0.768577200565
    ));
#703 = CARTESIAN_POINT('',(6.65,0.,-0.656280652866));
#704 = CARTESIAN_POINT('',(6.65,0.165094669811,-0.656280652866));
#705 = CARTESIAN_POINT('',(6.65,0.33062608013,-0.659039553752));
#706 = CARTESIAN_POINT('',(6.65,0.496306348359,-0.664985407761));
#707 = CARTESIAN_POINT('',(6.65,0.661308113521,-0.66758999102));
#708 = CARTESIAN_POINT('',(6.65,0.826459649545,-0.668322933915));
#709 = CARTESIAN_POINT('',(6.65,0.991239989388,-0.665042389672));
#710 = CARTESIAN_POINT('',(6.65,1.156040332059,-0.657166770437));
#711 = CARTESIAN_POINT('',(6.65,1.320757358488,-0.640995023745));
#712 = CARTESIAN_POINT('',(6.65,0.,-0.427459666924));
#713 = CARTESIAN_POINT('',(6.65,0.165094669811,-0.427459666924));
#714 = CARTESIAN_POINT('',(6.65,0.331832749119,-0.437262625525));
#715 = CARTESIAN_POINT('',(6.65,0.499130615745,-0.458049314485));
#716 = CARTESIAN_POINT('',(6.65,0.66349505996,-0.473844411723));
#717 = CARTESIAN_POINT('',(6.65,0.828828641,-0.490694363834));
#718 = CARTESIAN_POINT('',(6.65,0.992744927758,-0.502516396631));
#719 = CARTESIAN_POINT('',(6.65,1.156867799735,-0.51));
#720 = CARTESIAN_POINT('',(6.65,1.320757358488,-0.51));
#721 = ADVANCED_FACE('',(#722),#741,.T.);
#722 = FACE_BOUND('',#723,.F.);
#723 = EDGE_LOOP('',(#724,#733,#739,#740));
#724 = ORIENTED_EDGE('',*,*,#725,.T.);
#725 = EDGE_CURVE('',#338,#726,#728,.T.);
#726 = VERTEX_POINT('',#727);
#727 = CARTESIAN_POINT('',(6.65,-7.65,-0.51));
#728 = CIRCLE('',#729,0.49);
#729 = AXIS2_PLACEMENT_3D('',#730,#731,#732);
#730 = CARTESIAN_POINT('',(6.16,-7.65,-0.51));
#731 = DIRECTION('',(0.,-1.,0.));
#732 = DIRECTION('',(0.,0.,1.));
#733 = ORIENTED_EDGE('',*,*,#734,.T.);
#734 = EDGE_CURVE('',#726,#146,#735,.T.);
#735 = LINE('',#736,#737);
#736 = CARTESIAN_POINT('',(6.65,-7.65,-0.51));
#737 = VECTOR('',#738,1.);
#738 = DIRECTION('',(0.,1.,0.));
#739 = ORIENTED_EDGE('',*,*,#145,.F.);
#740 = ORIENTED_EDGE('',*,*,#337,.F.);
#741 = CYLINDRICAL_SURFACE('',#742,0.49);
#742 = AXIS2_PLACEMENT_3D('',#743,#744,#745);
#743 = CARTESIAN_POINT('',(6.16,-7.65,-0.51));
#744 = DIRECTION('',(0.,1.,0.));
#745 = DIRECTION('',(0.,0.,-1.));
#746 = ADVANCED_FACE('',(#747),#818,.T.);
#747 = FACE_BOUND('',#748,.T.);
#748 = EDGE_LOOP('',(#749,#759,#767,#781,#795,#803,#809,#810,#811,#812)
  );
#749 = ORIENTED_EDGE('',*,*,#750,.T.);
#750 = EDGE_CURVE('',#751,#753,#755,.T.);
#751 = VERTEX_POINT('',#752);
#752 = CARTESIAN_POINT('',(6.65,7.65,-0.51));
#753 = VERTEX_POINT('',#754);
#754 = CARTESIAN_POINT('',(6.65,7.65,22.51));
#755 = LINE('',#756,#757);
#756 = CARTESIAN_POINT('',(6.65,7.65,1.48E-15));
#757 = VECTOR('',#758,1.);
#758 = DIRECTION('',(-2.2E-16,0.,1.));
#759 = ORIENTED_EDGE('',*,*,#760,.F.);
#760 = EDGE_CURVE('',#761,#753,#763,.T.);
#761 = VERTEX_POINT('',#762);
#762 = CARTESIAN_POINT('',(6.65,1.320757358488,22.51));
#763 = LINE('',#764,#765);
#764 = CARTESIAN_POINT('',(6.65,-7.65,22.51));
#765 = VECTOR('',#766,1.);
#766 = DIRECTION('',(0.,1.,-1.6E-16));
#767 = ORIENTED_EDGE('',*,*,#768,.F.);
#768 = EDGE_CURVE('',#769,#761,#771,.T.);
#769 = VERTEX_POINT('',#770);
#770 = CARTESIAN_POINT('',(6.65,2.E-15,22.427459666929));
#771 = ( BOUNDED_CURVE() B_SPLINE_CURVE(8,(#772,#773,#774,#775,#776,#777
,#778,#779,#780),.UNSPECIFIED.,.F.,.F.) B_SPLINE_CURVE_WITH_KNOTS((9,9),
(7.65,8.970757358488),.PIECEWISE_BEZIER_KNOTS.) CURVE() 
GEOMETRIC_REPRESENTATION_ITEM() RATIONAL_B_SPLINE_CURVE((1.091352326546,
    1.091352326546,1.086145986647,1.075375435373,1.066347529486,
    1.055979062759,1.047194453206,1.038977503911,1.031393471788)) 
REPRESENTATION_ITEM('') );
#772 = CARTESIAN_POINT('',(6.65,1.55E-15,22.427459666924));
#773 = CARTESIAN_POINT('',(6.65,0.165094669811,22.427459666924));
#774 = CARTESIAN_POINT('',(6.65,0.331832749119,22.437262625525));
#775 = CARTESIAN_POINT('',(6.65,0.499130615745,22.458049314485));
#776 = CARTESIAN_POINT('',(6.65,0.66349505996,22.473844411723));
#777 = CARTESIAN_POINT('',(6.65,0.828828641,22.490694363834));
#778 = CARTESIAN_POINT('',(6.65,0.992744927758,22.502516396631));
#779 = CARTESIAN_POINT('',(6.65,1.156867799735,22.51));
#780 = CARTESIAN_POINT('',(6.65,1.320757358488,22.51));
#781 = ORIENTED_EDGE('',*,*,#782,.F.);
#782 = EDGE_CURVE('',#783,#769,#785,.T.);
#783 = VERTEX_POINT('',#784);
#784 = CARTESIAN_POINT('',(6.65,-1.320757358488,22.51));
#785 = ( BOUNDED_CURVE() B_SPLINE_CURVE(8,(#786,#787,#788,#789,#790,#791
,#792,#793,#794),.UNSPECIFIED.,.F.,.F.) B_SPLINE_CURVE_WITH_KNOTS((9,9),
(6.329242641512,7.65),.PIECEWISE_BEZIER_KNOTS.) CURVE() 
GEOMETRIC_REPRESENTATION_ITEM() RATIONAL_B_SPLINE_CURVE((1.031393471788,
    1.038977503911,1.047194453206,1.05597906276,1.066347529486,
    1.075375435374,1.086145986647,1.091352326546,1.091352326546)) 
REPRESENTATION_ITEM('') );
#786 = CARTESIAN_POINT('',(6.65,-1.320757358488,22.51));
#787 = CARTESIAN_POINT('',(6.65,-1.156867799735,22.51));
#788 = CARTESIAN_POINT('',(6.65,-0.992744927758,22.502516396631));
#789 = CARTESIAN_POINT('',(6.65,-0.828828641,22.490694363834));
#790 = CARTESIAN_POINT('',(6.65,-0.663495059961,22.473844411723));
#791 = CARTESIAN_POINT('',(6.65,-0.499130615745,22.458049314485));
#792 = CARTESIAN_POINT('',(6.65,-0.331832749119,22.437262625525));
#793 = CARTESIAN_POINT('',(6.65,-0.165094669811,22.427459666924));
#794 = CARTESIAN_POINT('',(6.65,1.88E-15,22.427459666929));
#795 = ORIENTED_EDGE('',*,*,#796,.F.);
#796 = EDGE_CURVE('',#797,#783,#799,.T.);
#797 = VERTEX_POINT('',#798);
#798 = CARTESIAN_POINT('',(6.65,-7.65,22.51));
#799 = LINE('',#800,#801);
#800 = CARTESIAN_POINT('',(6.65,-7.65,22.51));
#801 = VECTOR('',#802,1.);
#802 = DIRECTION('',(0.,1.,-1.6E-16));
#803 = ORIENTED_EDGE('',*,*,#804,.F.);
#804 = EDGE_CURVE('',#726,#797,#805,.T.);
#805 = LINE('',#806,#807);
#806 = CARTESIAN_POINT('',(6.65,-7.65,22.));
#807 = VECTOR('',#808,1.);
#808 = DIRECTION('',(4.46E-15,1.6E-16,1.));
#809 = ORIENTED_EDGE('',*,*,#734,.T.);
#810 = ORIENTED_EDGE('',*,*,#154,.T.);
#811 = ORIENTED_EDGE('',*,*,#633,.T.);
#812 = ORIENTED_EDGE('',*,*,#813,.T.);
#813 = EDGE_CURVE('',#634,#751,#814,.T.);
#814 = LINE('',#815,#816);
#815 = CARTESIAN_POINT('',(6.65,-7.65,-0.51));
#816 = VECTOR('',#817,1.);
#817 = DIRECTION('',(0.,1.,0.));
#818 = PLANE('',#819);
#819 = AXIS2_PLACEMENT_3D('',#820,#821,#822);
#820 = CARTESIAN_POINT('',(6.65,-3.77E-15,11.));
#821 = DIRECTION('',(1.,0.,-1.29E-15));
#822 = DIRECTION('',(1.29E-15,0.,1.));
#823 = ADVANCED_FACE('',(#824,#828),#848,.F.);
#824 = FACE_BOUND('',#825,.F.);
#825 = EDGE_LOOP('',(#826,#827));
#826 = ORIENTED_EDGE('',*,*,#257,.F.);
#827 = ORIENTED_EDGE('',*,*,#246,.F.);
#828 = FACE_BOUND('',#829,.F.);
#829 = EDGE_LOOP('',(#830,#841));
#830 = ORIENTED_EDGE('',*,*,#831,.F.);
#831 = EDGE_CURVE('',#832,#834,#836,.T.);
#832 = VERTEX_POINT('',#833);
#833 = CARTESIAN_POINT('',(4.5,0.,3.));
#834 = VERTEX_POINT('',#835);
#835 = CARTESIAN_POINT('',(-4.5,1.E-15,3.));
#836 = CIRCLE('',#837,4.5);
#837 = AXIS2_PLACEMENT_3D('',#838,#839,#840);
#838 = CARTESIAN_POINT('',(0.,0.,3.));
#839 = DIRECTION('',(0.,0.,1.));
#840 = DIRECTION('',(1.,0.,0.));
#841 = ORIENTED_EDGE('',*,*,#842,.F.);
#842 = EDGE_CURVE('',#834,#832,#843,.T.);
#843 = CIRCLE('',#844,4.5);
#844 = AXIS2_PLACEMENT_3D('',#845,#846,#847);
#845 = CARTESIAN_POINT('',(0.,0.,3.));
#846 = DIRECTION('',(0.,0.,1.));
#847 = DIRECTION('',(1.,0.,0.));
#848 = PLANE('',#849);
#849 = AXIS2_PLACEMENT_3D('',#850,#851,#852);
#850 = CARTESIAN_POINT('',(-1.7E-16,0.,3.));
#851 = DIRECTION('',(0.,0.,1.));
#852 = DIRECTION('',(1.,0.,0.));
#853 = ADVANCED_FACE('',(#854),#909,.T.);
#854 = FACE_BOUND('',#855,.T.);
#855 = EDGE_LOOP('',(#856,#866,#873,#874,#875,#876,#877,#886,#894,#902)
  );
#856 = ORIENTED_EDGE('',*,*,#857,.T.);
#857 = EDGE_CURVE('',#858,#860,#862,.T.);
#858 = VERTEX_POINT('',#859);
#859 = CARTESIAN_POINT('',(8.65,-7.65,22.51));
#860 = VERTEX_POINT('',#861);
#861 = CARTESIAN_POINT('',(8.65,-7.65,-0.51));
#862 = LINE('',#863,#864);
#863 = CARTESIAN_POINT('',(8.65,-7.65,1.92E-15));
#864 = VECTOR('',#865,1.);
#865 = DIRECTION('',(2.2E-16,0.,-1.));
#866 = ORIENTED_EDGE('',*,*,#867,.F.);
#867 = EDGE_CURVE('',#283,#860,#868,.T.);
#868 = CIRCLE('',#869,0.49);
#869 = AXIS2_PLACEMENT_3D('',#870,#871,#872);
#870 = CARTESIAN_POINT('',(8.16,-7.65,-0.51));
#871 = DIRECTION('',(-2.2E-16,-1.,0.));
#872 = DIRECTION('',(1.,-2.2E-16,0.));
#873 = ORIENTED_EDGE('',*,*,#280,.F.);
#874 = ORIENTED_EDGE('',*,*,#345,.T.);
#875 = ORIENTED_EDGE('',*,*,#725,.T.);
#876 = ORIENTED_EDGE('',*,*,#804,.T.);
#877 = ORIENTED_EDGE('',*,*,#878,.T.);
#878 = EDGE_CURVE('',#797,#879,#881,.T.);
#879 = VERTEX_POINT('',#880);
#880 = CARTESIAN_POINT('',(6.16,-7.65,23.));
#881 = CIRCLE('',#882,0.49);
#882 = AXIS2_PLACEMENT_3D('',#883,#884,#885);
#883 = CARTESIAN_POINT('',(6.16,-7.65,22.51));
#884 = DIRECTION('',(0.,-1.,1.6E-16));
#885 = DIRECTION('',(0.,1.6E-16,1.));
#886 = ORIENTED_EDGE('',*,*,#887,.F.);
#887 = EDGE_CURVE('',#888,#879,#890,.T.);
#888 = VERTEX_POINT('',#889);
#889 = CARTESIAN_POINT('',(6.65,-7.65,23.));
#890 = LINE('',#891,#892);
#891 = CARTESIAN_POINT('',(3.825,-7.65,23.));
#892 = VECTOR('',#893,1.);
#893 = DIRECTION('',(-1.,-3.9E-16,4.4E-15));
#894 = ORIENTED_EDGE('',*,*,#895,.T.);
#895 = EDGE_CURVE('',#888,#896,#898,.T.);
#896 = VERTEX_POINT('',#897);
#897 = CARTESIAN_POINT('',(8.16,-7.65,23.));
#898 = LINE('',#899,#900);
#899 = CARTESIAN_POINT('',(6.65,-7.65,23.));
#900 = VECTOR('',#901,1.);
#901 = DIRECTION('',(1.,0.,-4.E-15));
#902 = ORIENTED_EDGE('',*,*,#903,.F.);
#903 = EDGE_CURVE('',#858,#896,#904,.T.);
#904 = CIRCLE('',#905,0.49);
#905 = AXIS2_PLACEMENT_3D('',#906,#907,#908);
#906 = CARTESIAN_POINT('',(8.16,-7.65,22.51));
#907 = DIRECTION('',(-2.2E-16,-1.,1.6E-16));
#908 = DIRECTION('',(1.,-2.2E-16,0.));
#909 = PLANE('',#910);
#910 = AXIS2_PLACEMENT_3D('',#911,#912,#913);
#911 = CARTESIAN_POINT('',(7.65,-7.65,11.));
#912 = DIRECTION('',(-3.9E-16,1.,0.));
#913 = DIRECTION('',(1.,3.9E-16,0.));
#914 = ADVANCED_FACE('',(#915),#934,.T.);
#915 = FACE_BOUND('',#916,.T.);
#916 = EDGE_LOOP('',(#917,#918,#926,#933));
#917 = ORIENTED_EDGE('',*,*,#867,.T.);
#918 = ORIENTED_EDGE('',*,*,#919,.T.);
#919 = EDGE_CURVE('',#860,#920,#922,.T.);
#920 = VERTEX_POINT('',#921);
#921 = CARTESIAN_POINT('',(8.65,-8.65,-0.51));
#922 = LINE('',#923,#924);
#923 = CARTESIAN_POINT('',(8.65,-7.65,-0.51));
#924 = VECTOR('',#925,1.);
#925 = DIRECTION('',(-2.2E-16,-1.,-0.));
#926 = ORIENTED_EDGE('',*,*,#927,.F.);
#927 = EDGE_CURVE('',#291,#920,#928,.T.);
#928 = CIRCLE('',#929,0.49);
#929 = AXIS2_PLACEMENT_3D('',#930,#931,#932);
#930 = CARTESIAN_POINT('',(8.16,-8.65,-0.51));
#931 = DIRECTION('',(-2.2E-16,-1.,0.));
#932 = DIRECTION('',(1.,-2.2E-16,0.));
#933 = ORIENTED_EDGE('',*,*,#290,.F.);
#934 = CYLINDRICAL_SURFACE('',#935,0.49);
#935 = AXIS2_PLACEMENT_3D('',#936,#937,#938);
#936 = CARTESIAN_POINT('',(8.16,-7.65,-0.51));
#937 = DIRECTION('',(-2.2E-16,-1.,-0.));
#938 = DIRECTION('',(0.,0.,-1.));
#939 = ADVANCED_FACE('',(#940,#993),#1027,.T.);
#940 = FACE_BOUND('',#941,.T.);
#941 = EDGE_LOOP('',(#942,#943,#944,#952,#961,#969,#978,#986));
#942 = ORIENTED_EDGE('',*,*,#298,.F.);
#943 = ORIENTED_EDGE('',*,*,#927,.T.);
#944 = ORIENTED_EDGE('',*,*,#945,.F.);
#945 = EDGE_CURVE('',#946,#920,#948,.T.);
#946 = VERTEX_POINT('',#947);
#947 = CARTESIAN_POINT('',(8.65,-8.65,22.51));
#948 = LINE('',#949,#950);
#949 = CARTESIAN_POINT('',(8.65,-8.65,1.92E-15));
#950 = VECTOR('',#951,1.);
#951 = DIRECTION('',(2.2E-16,0.,-1.));
#952 = ORIENTED_EDGE('',*,*,#953,.T.);
#953 = EDGE_CURVE('',#946,#954,#956,.T.);
#954 = VERTEX_POINT('',#955);
#955 = CARTESIAN_POINT('',(8.16,-8.65,23.));
#956 = CIRCLE('',#957,0.49);
#957 = AXIS2_PLACEMENT_3D('',#958,#959,#960);
#958 = CARTESIAN_POINT('',(8.16,-8.65,22.51));
#959 = DIRECTION('',(-2.2E-16,-1.,1.6E-16));
#960 = DIRECTION('',(1.,-2.2E-16,0.));
#961 = ORIENTED_EDGE('',*,*,#962,.T.);
#962 = EDGE_CURVE('',#954,#963,#965,.T.);
#963 = VERTEX_POINT('',#964);
#964 = CARTESIAN_POINT('',(-8.16,-8.65,23.));
#965 = LINE('',#966,#967);
#966 = CARTESIAN_POINT('',(8.65,-8.65,23.));
#967 = VECTOR('',#968,1.);
#968 = DIRECTION('',(-1.,2.2E-16,4.46E-15));
#969 = ORIENTED_EDGE('',*,*,#970,.F.);
#970 = EDGE_CURVE('',#971,#963,#973,.T.);
#971 = VERTEX_POINT('',#972);
#972 = CARTESIAN_POINT('',(-8.65,-8.65,22.51));
#973 = CIRCLE('',#974,0.49);
#974 = AXIS2_PLACEMENT_3D('',#975,#976,#977);
#975 = CARTESIAN_POINT('',(-8.16,-8.65,22.51));
#976 = DIRECTION('',(0.,1.,-1.6E-16));
#977 = DIRECTION('',(0.,-1.6E-16,-1.));
#978 = ORIENTED_EDGE('',*,*,#979,.F.);
#979 = EDGE_CURVE('',#980,#971,#982,.T.);
#980 = VERTEX_POINT('',#981);
#981 = CARTESIAN_POINT('',(-8.65,-8.65,-0.51));
#982 = LINE('',#983,#984);
#983 = CARTESIAN_POINT('',(-8.65,-8.65,22.));
#984 = VECTOR('',#985,1.);
#985 = DIRECTION('',(4.24E-15,1.6E-16,1.));
#986 = ORIENTED_EDGE('',*,*,#987,.F.);
#987 = EDGE_CURVE('',#299,#980,#988,.T.);
#988 = CIRCLE('',#989,0.49);
#989 = AXIS2_PLACEMENT_3D('',#990,#991,#992);
#990 = CARTESIAN_POINT('',(-8.16,-8.65,-0.51));
#991 = DIRECTION('',(-0.,1.,0.));
#992 = DIRECTION('',(0.,0.,-1.));
#993 = FACE_BOUND('',#994,.T.);
#994 = EDGE_LOOP('',(#995,#1005,#1013,#1021));
#995 = ORIENTED_EDGE('',*,*,#996,.F.);
#996 = EDGE_CURVE('',#997,#999,#1001,.T.);
#997 = VERTEX_POINT('',#998);
#998 = CARTESIAN_POINT('',(-5.65,-8.65,4.));
#999 = VERTEX_POINT('',#1000);
#1000 = CARTESIAN_POINT('',(5.65,-8.65,4.));
#1001 = LINE('',#1002,#1003);
#1002 = CARTESIAN_POINT('',(-6.65,-8.65,4.));
#1003 = VECTOR('',#1004,1.);
#1004 = DIRECTION('',(1.,0.,0.));
#1005 = ORIENTED_EDGE('',*,*,#1006,.T.);
#1006 = EDGE_CURVE('',#997,#1007,#1009,.T.);
#1007 = VERTEX_POINT('',#1008);
#1008 = CARTESIAN_POINT('',(-5.65,-8.65,18.));
#1009 = LINE('',#1010,#1011);
#1010 = CARTESIAN_POINT('',(-5.65,-8.65,3.));
#1011 = VECTOR('',#1012,1.);
#1012 = DIRECTION('',(0.,0.,1.));
#1013 = ORIENTED_EDGE('',*,*,#1014,.T.);
#1014 = EDGE_CURVE('',#1007,#1015,#1017,.T.);
#1015 = VERTEX_POINT('',#1016);
#1016 = CARTESIAN_POINT('',(5.65,-8.65,18.));
#1017 = LINE('',#1018,#1019);
#1018 = CARTESIAN_POINT('',(-6.65,-8.65,18.));
#1019 = VECTOR('',#1020,1.);
#1020 = DIRECTION('',(1.,0.,-4.24E-15));
#1021 = ORIENTED_EDGE('',*,*,#1022,.F.);
#1022 = EDGE_CURVE('',#999,#1015,#1023,.T.);
#1023 = LINE('',#1024,#1025);
#1024 = CARTESIAN_POINT('',(5.65,-8.65,3.));
#1025 = VECTOR('',#1026,1.);
#1026 = DIRECTION('',(-2.2E-16,0.,1.));
#1027 = PLANE('',#1028);
#1028 = AXIS2_PLACEMENT_3D('',#1029,#1030,#1031);
#1029 = CARTESIAN_POINT('',(2.24E-15,-8.65,11.));
#1030 = DIRECTION('',(-0.,-1.,-0.));
#1031 = DIRECTION('',(0.,0.,-1.));
#1032 = ADVANCED_FACE('',(#1033),#1052,.T.);
#1033 = FACE_BOUND('',#1034,.F.);
#1034 = EDGE_LOOP('',(#1035,#1044,#1050,#1051));
#1035 = ORIENTED_EDGE('',*,*,#1036,.T.);
#1036 = EDGE_CURVE('',#307,#1037,#1039,.T.);
#1037 = VERTEX_POINT('',#1038);
#1038 = CARTESIAN_POINT('',(-8.65,-7.65,-0.51));
#1039 = CIRCLE('',#1040,0.49);
#1040 = AXIS2_PLACEMENT_3D('',#1041,#1042,#1043);
#1041 = CARTESIAN_POINT('',(-8.16,-7.65,-0.51));
#1042 = DIRECTION('',(-0.,1.,0.));
#1043 = DIRECTION('',(0.,0.,-1.));
#1044 = ORIENTED_EDGE('',*,*,#1045,.T.);
#1045 = EDGE_CURVE('',#1037,#980,#1046,.T.);
#1046 = LINE('',#1047,#1048);
#1047 = CARTESIAN_POINT('',(-8.65,-7.65,-0.51));
#1048 = VECTOR('',#1049,1.);
#1049 = DIRECTION('',(0.,-1.,0.));
#1050 = ORIENTED_EDGE('',*,*,#987,.F.);
#1051 = ORIENTED_EDGE('',*,*,#306,.F.);
#1052 = CYLINDRICAL_SURFACE('',#1053,0.49);
#1053 = AXIS2_PLACEMENT_3D('',#1054,#1055,#1056);
#1054 = CARTESIAN_POINT('',(-8.16,-7.65,-0.51));
#1055 = DIRECTION('',(0.,-1.,0.));
#1056 = DIRECTION('',(0.,0.,-1.));
#1057 = ADVANCED_FACE('',(#1058),#1120,.T.);
#1058 = FACE_BOUND('',#1059,.T.);
#1059 = EDGE_LOOP('',(#1060,#1068,#1077,#1085,#1093,#1102,#1110,#1117,
    #1118,#1119));
#1060 = ORIENTED_EDGE('',*,*,#1061,.T.);
#1061 = EDGE_CURVE('',#1037,#1062,#1064,.T.);
#1062 = VERTEX_POINT('',#1063);
#1063 = CARTESIAN_POINT('',(-8.65,-7.65,22.51));
#1064 = LINE('',#1065,#1066);
#1065 = CARTESIAN_POINT('',(-8.65,-7.65,22.));
#1066 = VECTOR('',#1067,1.);
#1067 = DIRECTION('',(4.24E-15,1.6E-16,1.));
#1068 = ORIENTED_EDGE('',*,*,#1069,.T.);
#1069 = EDGE_CURVE('',#1062,#1070,#1072,.T.);
#1070 = VERTEX_POINT('',#1071);
#1071 = CARTESIAN_POINT('',(-8.16,-7.65,23.));
#1072 = CIRCLE('',#1073,0.49);
#1073 = AXIS2_PLACEMENT_3D('',#1074,#1075,#1076);
#1074 = CARTESIAN_POINT('',(-8.16,-7.65,22.51));
#1075 = DIRECTION('',(0.,1.,-1.6E-16));
#1076 = DIRECTION('',(0.,-1.6E-16,-1.));
#1077 = ORIENTED_EDGE('',*,*,#1078,.F.);
#1078 = EDGE_CURVE('',#1079,#1070,#1081,.T.);
#1079 = VERTEX_POINT('',#1080);
#1080 = CARTESIAN_POINT('',(-6.65,-7.65,23.));
#1081 = LINE('',#1082,#1083);
#1082 = CARTESIAN_POINT('',(-6.65,-7.65,23.));
#1083 = VECTOR('',#1084,1.);
#1084 = DIRECTION('',(-1.,0.,4.24E-15));
#1085 = ORIENTED_EDGE('',*,*,#1086,.T.);
#1086 = EDGE_CURVE('',#1079,#1087,#1089,.T.);
#1087 = VERTEX_POINT('',#1088);
#1088 = CARTESIAN_POINT('',(-6.16,-7.65,23.));
#1089 = LINE('',#1090,#1091);
#1090 = CARTESIAN_POINT('',(-3.825,-7.65,23.));
#1091 = VECTOR('',#1092,1.);
#1092 = DIRECTION('',(1.,-4.1E-16,-4.4E-15));
#1093 = ORIENTED_EDGE('',*,*,#1094,.F.);
#1094 = EDGE_CURVE('',#1095,#1087,#1097,.T.);
#1095 = VERTEX_POINT('',#1096);
#1096 = CARTESIAN_POINT('',(-6.65,-7.65,22.51));
#1097 = CIRCLE('',#1098,0.49);
#1098 = AXIS2_PLACEMENT_3D('',#1099,#1100,#1101);
#1099 = CARTESIAN_POINT('',(-6.16,-7.65,22.51));
#1100 = DIRECTION('',(0.,1.,-1.6E-16));
#1101 = DIRECTION('',(0.,-1.6E-16,-1.));
#1102 = ORIENTED_EDGE('',*,*,#1103,.T.);
#1103 = EDGE_CURVE('',#1095,#1104,#1106,.T.);
#1104 = VERTEX_POINT('',#1105);
#1105 = CARTESIAN_POINT('',(-6.65,-7.65,-0.51));
#1106 = LINE('',#1107,#1108);
#1107 = CARTESIAN_POINT('',(-6.65,-7.65,0.));
#1108 = VECTOR('',#1109,1.);
#1109 = DIRECTION('',(0.,0.,-1.));
#1110 = ORIENTED_EDGE('',*,*,#1111,.F.);
#1111 = EDGE_CURVE('',#323,#1104,#1112,.T.);
#1112 = CIRCLE('',#1113,0.49);
#1113 = AXIS2_PLACEMENT_3D('',#1114,#1115,#1116);
#1114 = CARTESIAN_POINT('',(-6.16,-7.65,-0.51));
#1115 = DIRECTION('',(-0.,1.,0.));
#1116 = DIRECTION('',(0.,0.,-1.));
#1117 = ORIENTED_EDGE('',*,*,#322,.F.);
#1118 = ORIENTED_EDGE('',*,*,#314,.T.);
#1119 = ORIENTED_EDGE('',*,*,#1036,.T.);
#1120 = PLANE('',#1121);
#1121 = AXIS2_PLACEMENT_3D('',#1122,#1123,#1124);
#1122 = CARTESIAN_POINT('',(-7.65,-7.65,11.));
#1123 = DIRECTION('',(4.1E-16,1.,0.));
#1124 = DIRECTION('',(1.,-4.1E-16,0.));
#1125 = ADVANCED_FACE('',(#1126),#1137,.T.);
#1126 = FACE_BOUND('',#1127,.F.);
#1127 = EDGE_LOOP('',(#1128,#1129,#1135,#1136));
#1128 = ORIENTED_EDGE('',*,*,#385,.T.);
#1129 = ORIENTED_EDGE('',*,*,#1130,.T.);
#1130 = EDGE_CURVE('',#372,#1104,#1131,.T.);
#1131 = LINE('',#1132,#1133);
#1132 = CARTESIAN_POINT('',(-6.65,7.65,-0.51));
#1133 = VECTOR('',#1134,1.);
#1134 = DIRECTION('',(0.,-1.,0.));
#1135 = ORIENTED_EDGE('',*,*,#1111,.F.);
#1136 = ORIENTED_EDGE('',*,*,#330,.F.);
#1137 = CYLINDRICAL_SURFACE('',#1138,0.49);
#1138 = AXIS2_PLACEMENT_3D('',#1139,#1140,#1141);
#1139 = CARTESIAN_POINT('',(-6.16,7.65,-0.51));
#1140 = DIRECTION('',(0.,-1.,0.));
#1141 = DIRECTION('',(0.,0.,-1.));
#1142 = ADVANCED_FACE('',(#1143),#1207,.T.);
#1143 = FACE_BOUND('',#1144,.T.);
#1144 = EDGE_LOOP('',(#1145,#1146,#1154,#1168,#1182,#1190,#1198,#1204,
    #1205,#1206));
#1145 = ORIENTED_EDGE('',*,*,#1103,.F.);
#1146 = ORIENTED_EDGE('',*,*,#1147,.F.);
#1147 = EDGE_CURVE('',#1148,#1095,#1150,.T.);
#1148 = VERTEX_POINT('',#1149);
#1149 = CARTESIAN_POINT('',(-6.65,-1.320757358488,22.51));
#1150 = LINE('',#1151,#1152);
#1151 = CARTESIAN_POINT('',(-6.65,7.65,22.51));
#1152 = VECTOR('',#1153,1.);
#1153 = DIRECTION('',(0.,-1.,1.6E-16));
#1154 = ORIENTED_EDGE('',*,*,#1155,.F.);
#1155 = EDGE_CURVE('',#1156,#1148,#1158,.T.);
#1156 = VERTEX_POINT('',#1157);
#1157 = CARTESIAN_POINT('',(-6.65,2.E-15,22.427459666929));
#1158 = ( BOUNDED_CURVE() B_SPLINE_CURVE(8,(#1159,#1160,#1161,#1162,
    #1163,#1164,#1165,#1166,#1167),.UNSPECIFIED.,.F.,.F.) 
B_SPLINE_CURVE_WITH_KNOTS((9,9),(7.65,8.970757358488),
.PIECEWISE_BEZIER_KNOTS.) CURVE() GEOMETRIC_REPRESENTATION_ITEM() 
RATIONAL_B_SPLINE_CURVE((1.091352326546,1.091352326546,1.086145986647,
    1.075375435373,1.066347529486,1.055979062759,1.047194453206,
1.038977503911,1.031393471788)) REPRESENTATION_ITEM('') );
#1159 = CARTESIAN_POINT('',(-6.65,1.78E-15,22.427459666924));
#1160 = CARTESIAN_POINT('',(-6.65,-0.165094669811,22.427459666924));
#1161 = CARTESIAN_POINT('',(-6.65,-0.331832749119,22.437262625525));
#1162 = CARTESIAN_POINT('',(-6.65,-0.499130615745,22.458049314485));
#1163 = CARTESIAN_POINT('',(-6.65,-0.66349505996,22.473844411723));
#1164 = CARTESIAN_POINT('',(-6.65,-0.828828641,22.490694363834));
#1165 = CARTESIAN_POINT('',(-6.65,-0.992744927757,22.502516396631));
#1166 = CARTESIAN_POINT('',(-6.65,-1.156867799735,22.51));
#1167 = CARTESIAN_POINT('',(-6.65,-1.320757358488,22.51));
#1168 = ORIENTED_EDGE('',*,*,#1169,.F.);
#1169 = EDGE_CURVE('',#1170,#1156,#1172,.T.);
#1170 = VERTEX_POINT('',#1171);
#1171 = CARTESIAN_POINT('',(-6.65,1.320757358488,22.51));
#1172 = ( BOUNDED_CURVE() B_SPLINE_CURVE(8,(#1173,#1174,#1175,#1176,
    #1177,#1178,#1179,#1180,#1181),.UNSPECIFIED.,.F.,.F.) 
B_SPLINE_CURVE_WITH_KNOTS((9,9),(6.329242641512,7.65),
.PIECEWISE_BEZIER_KNOTS.) CURVE() GEOMETRIC_REPRESENTATION_ITEM() 
RATIONAL_B_SPLINE_CURVE((1.031393471788,1.038977503911,1.047194453206,
    1.05597906276,1.066347529486,1.075375435373,1.086145986647,
1.091352326546,1.091352326546)) REPRESENTATION_ITEM('') );
#1173 = CARTESIAN_POINT('',(-6.65,1.320757358488,22.51));
#1174 = CARTESIAN_POINT('',(-6.65,1.156867799735,22.51));
#1175 = CARTESIAN_POINT('',(-6.65,0.992744927758,22.502516396631));
#1176 = CARTESIAN_POINT('',(-6.65,0.828828641,22.490694363834));
#1177 = CARTESIAN_POINT('',(-6.65,0.66349505996,22.473844411723));
#1178 = CARTESIAN_POINT('',(-6.65,0.499130615745,22.458049314485));
#1179 = CARTESIAN_POINT('',(-6.65,0.331832749119,22.437262625525));
#1180 = CARTESIAN_POINT('',(-6.65,0.165094669811,22.427459666924));
#1181 = CARTESIAN_POINT('',(-6.65,1.88E-15,22.427459666929));
#1182 = ORIENTED_EDGE('',*,*,#1183,.F.);
#1183 = EDGE_CURVE('',#1184,#1170,#1186,.T.);
#1184 = VERTEX_POINT('',#1185);
#1185 = CARTESIAN_POINT('',(-6.65,7.65,22.51));
#1186 = LINE('',#1187,#1188);
#1187 = CARTESIAN_POINT('',(-6.65,7.65,22.51));
#1188 = VECTOR('',#1189,1.);
#1189 = DIRECTION('',(0.,-1.,1.6E-16));
#1190 = ORIENTED_EDGE('',*,*,#1191,.T.);
#1191 = EDGE_CURVE('',#1184,#1192,#1194,.T.);
#1192 = VERTEX_POINT('',#1193);
#1193 = CARTESIAN_POINT('',(-6.65,7.65,-0.51));
#1194 = LINE('',#1195,#1196);
#1195 = CARTESIAN_POINT('',(-6.65,7.65,22.));
#1196 = VECTOR('',#1197,1.);
#1197 = DIRECTION('',(-4.24E-15,-1.6E-16,-1.));
#1198 = ORIENTED_EDGE('',*,*,#1199,.T.);
#1199 = EDGE_CURVE('',#1192,#543,#1200,.T.);
#1200 = LINE('',#1201,#1202);
#1201 = CARTESIAN_POINT('',(-6.65,7.65,-0.51));
#1202 = VECTOR('',#1203,1.);
#1203 = DIRECTION('',(0.,-1.,0.));
#1204 = ORIENTED_EDGE('',*,*,#551,.T.);
#1205 = ORIENTED_EDGE('',*,*,#371,.T.);
#1206 = ORIENTED_EDGE('',*,*,#1130,.T.);
#1207 = PLANE('',#1208);
#1208 = AXIS2_PLACEMENT_3D('',#1209,#1210,#1211);
#1209 = CARTESIAN_POINT('',(-6.65,-1.31E-15,11.));
#1210 = DIRECTION('',(-1.,0.,1.36E-15));
#1211 = DIRECTION('',(-1.36E-15,0.,-1.));
#1212 = ADVANCED_FACE('',(#1213),#1274,.T.);
#1213 = FACE_BOUND('',#1214,.T.);
#1214 = EDGE_LOOP('',(#1215,#1216,#1223,#1224,#1225,#1234,#1242,#1251,
    #1259,#1267));
#1215 = ORIENTED_EDGE('',*,*,#750,.F.);
#1216 = ORIENTED_EDGE('',*,*,#1217,.F.);
#1217 = EDGE_CURVE('',#474,#751,#1218,.T.);
#1218 = CIRCLE('',#1219,0.49);
#1219 = AXIS2_PLACEMENT_3D('',#1220,#1221,#1222);
#1220 = CARTESIAN_POINT('',(6.16,7.65,-0.51));
#1221 = DIRECTION('',(0.,-1.,0.));
#1222 = DIRECTION('',(0.,0.,1.));
#1223 = ORIENTED_EDGE('',*,*,#473,.F.);
#1224 = ORIENTED_EDGE('',*,*,#463,.T.);
#1225 = ORIENTED_EDGE('',*,*,#1226,.T.);
#1226 = EDGE_CURVE('',#466,#1227,#1229,.T.);
#1227 = VERTEX_POINT('',#1228);
#1228 = CARTESIAN_POINT('',(8.65,7.65,-0.51));
#1229 = CIRCLE('',#1230,0.49);
#1230 = AXIS2_PLACEMENT_3D('',#1231,#1232,#1233);
#1231 = CARTESIAN_POINT('',(8.16,7.65,-0.51));
#1232 = DIRECTION('',(-2.2E-16,-1.,0.));
#1233 = DIRECTION('',(1.,-2.2E-16,0.));
#1234 = ORIENTED_EDGE('',*,*,#1235,.T.);
#1235 = EDGE_CURVE('',#1227,#1236,#1238,.T.);
#1236 = VERTEX_POINT('',#1237);
#1237 = CARTESIAN_POINT('',(8.65,7.65,22.51));
#1238 = LINE('',#1239,#1240);
#1239 = CARTESIAN_POINT('',(8.65,7.65,1.92E-15));
#1240 = VECTOR('',#1241,1.);
#1241 = DIRECTION('',(-2.2E-16,0.,1.));
#1242 = ORIENTED_EDGE('',*,*,#1243,.T.);
#1243 = EDGE_CURVE('',#1236,#1244,#1246,.T.);
#1244 = VERTEX_POINT('',#1245);
#1245 = CARTESIAN_POINT('',(8.16,7.65,23.));
#1246 = CIRCLE('',#1247,0.49);
#1247 = AXIS2_PLACEMENT_3D('',#1248,#1249,#1250);
#1248 = CARTESIAN_POINT('',(8.16,7.65,22.51));
#1249 = DIRECTION('',(-2.2E-16,-1.,1.6E-16));
#1250 = DIRECTION('',(1.,-2.2E-16,0.));
#1251 = ORIENTED_EDGE('',*,*,#1252,.F.);
#1252 = EDGE_CURVE('',#1253,#1244,#1255,.T.);
#1253 = VERTEX_POINT('',#1254);
#1254 = CARTESIAN_POINT('',(6.65,7.65,23.));
#1255 = LINE('',#1256,#1257);
#1256 = CARTESIAN_POINT('',(6.65,7.65,23.));
#1257 = VECTOR('',#1258,1.);
#1258 = DIRECTION('',(1.,0.,-4.E-15));
#1259 = ORIENTED_EDGE('',*,*,#1260,.T.);
#1260 = EDGE_CURVE('',#1253,#1261,#1263,.T.);
#1261 = VERTEX_POINT('',#1262);
#1262 = CARTESIAN_POINT('',(6.16,7.65,23.));
#1263 = LINE('',#1264,#1265);
#1264 = CARTESIAN_POINT('',(3.825,7.65,23.));
#1265 = VECTOR('',#1266,1.);
#1266 = DIRECTION('',(-1.,0.,4.4E-15));
#1267 = ORIENTED_EDGE('',*,*,#1268,.F.);
#1268 = EDGE_CURVE('',#753,#1261,#1269,.T.);
#1269 = CIRCLE('',#1270,0.49);
#1270 = AXIS2_PLACEMENT_3D('',#1271,#1272,#1273);
#1271 = CARTESIAN_POINT('',(6.16,7.65,22.51));
#1272 = DIRECTION('',(0.,-1.,1.6E-16));
#1273 = DIRECTION('',(0.,1.6E-16,1.));
#1274 = PLANE('',#1275);
#1275 = AXIS2_PLACEMENT_3D('',#1276,#1277,#1278);
#1276 = CARTESIAN_POINT('',(7.65,7.65,11.));
#1277 = DIRECTION('',(-0.,-1.,-0.));
#1278 = DIRECTION('',(0.,0.,-1.));
#1279 = ADVANCED_FACE('',(#1280),#1299,.T.);
#1280 = FACE_BOUND('',#1281,.T.);
#1281 = EDGE_LOOP('',(#1282,#1291,#1297,#1298));
#1282 = ORIENTED_EDGE('',*,*,#1283,.T.);
#1283 = EDGE_CURVE('',#521,#1284,#1286,.T.);
#1284 = VERTEX_POINT('',#1285);
#1285 = CARTESIAN_POINT('',(8.65,8.65,-0.51));
#1286 = CIRCLE('',#1287,0.49);
#1287 = AXIS2_PLACEMENT_3D('',#1288,#1289,#1290);
#1288 = CARTESIAN_POINT('',(8.16,8.65,-0.51));
#1289 = DIRECTION('',(-2.2E-16,-1.,0.));
#1290 = DIRECTION('',(1.,-2.2E-16,0.));
#1291 = ORIENTED_EDGE('',*,*,#1292,.T.);
#1292 = EDGE_CURVE('',#1284,#1227,#1293,.T.);
#1293 = LINE('',#1294,#1295);
#1294 = CARTESIAN_POINT('',(8.65,8.65,-0.51));
#1295 = VECTOR('',#1296,1.);
#1296 = DIRECTION('',(-2.2E-16,-1.,-0.));
#1297 = ORIENTED_EDGE('',*,*,#1226,.F.);
#1298 = ORIENTED_EDGE('',*,*,#528,.F.);
#1299 = CYLINDRICAL_SURFACE('',#1300,0.49);
#1300 = AXIS2_PLACEMENT_3D('',#1301,#1302,#1303);
#1301 = CARTESIAN_POINT('',(8.16,8.65,-0.51));
#1302 = DIRECTION('',(-2.2E-16,-1.,-0.));
#1303 = DIRECTION('',(0.,0.,-1.));
#1304 = ADVANCED_FACE('',(#1305,#1358),#1392,.T.);
#1305 = FACE_BOUND('',#1306,.T.);
#1306 = EDGE_LOOP('',(#1307,#1308,#1317,#1325,#1334,#1342,#1351,#1357));
#1307 = ORIENTED_EDGE('',*,*,#520,.T.);
#1308 = ORIENTED_EDGE('',*,*,#1309,.T.);
#1309 = EDGE_CURVE('',#513,#1310,#1312,.T.);
#1310 = VERTEX_POINT('',#1311);
#1311 = CARTESIAN_POINT('',(-8.65,8.65,-0.51));
#1312 = CIRCLE('',#1313,0.49);
#1313 = AXIS2_PLACEMENT_3D('',#1314,#1315,#1316);
#1314 = CARTESIAN_POINT('',(-8.16,8.65,-0.51));
#1315 = DIRECTION('',(-0.,1.,0.));
#1316 = DIRECTION('',(0.,0.,-1.));
#1317 = ORIENTED_EDGE('',*,*,#1318,.F.);
#1318 = EDGE_CURVE('',#1319,#1310,#1321,.T.);
#1319 = VERTEX_POINT('',#1320);
#1320 = CARTESIAN_POINT('',(-8.65,8.65,22.51));
#1321 = LINE('',#1322,#1323);
#1322 = CARTESIAN_POINT('',(-8.65,8.65,22.));
#1323 = VECTOR('',#1324,1.);
#1324 = DIRECTION('',(0.,0.,-1.));
#1325 = ORIENTED_EDGE('',*,*,#1326,.T.);
#1326 = EDGE_CURVE('',#1319,#1327,#1329,.T.);
#1327 = VERTEX_POINT('',#1328);
#1328 = CARTESIAN_POINT('',(-8.16,8.65,23.));
#1329 = CIRCLE('',#1330,0.49);
#1330 = AXIS2_PLACEMENT_3D('',#1331,#1332,#1333);
#1331 = CARTESIAN_POINT('',(-8.16,8.65,22.51));
#1332 = DIRECTION('',(0.,1.,-1.6E-16));
#1333 = DIRECTION('',(0.,-1.6E-16,-1.));
#1334 = ORIENTED_EDGE('',*,*,#1335,.F.);
#1335 = EDGE_CURVE('',#1336,#1327,#1338,.T.);
#1336 = VERTEX_POINT('',#1337);
#1337 = CARTESIAN_POINT('',(8.16,8.65,23.));
#1338 = LINE('',#1339,#1340);
#1339 = CARTESIAN_POINT('',(6.65,8.65,23.));
#1340 = VECTOR('',#1341,1.);
#1341 = DIRECTION('',(-1.,0.,4.24E-15));
#1342 = ORIENTED_EDGE('',*,*,#1343,.F.);
#1343 = EDGE_CURVE('',#1344,#1336,#1346,.T.);
#1344 = VERTEX_POINT('',#1345);
#1345 = CARTESIAN_POINT('',(8.65,8.65,22.51));
#1346 = CIRCLE('',#1347,0.49);
#1347 = AXIS2_PLACEMENT_3D('',#1348,#1349,#1350);
#1348 = CARTESIAN_POINT('',(8.16,8.65,22.51));
#1349 = DIRECTION('',(-2.2E-16,-1.,1.6E-16));
#1350 = DIRECTION('',(1.,-2.2E-16,0.));
#1351 = ORIENTED_EDGE('',*,*,#1352,.F.);
#1352 = EDGE_CURVE('',#1284,#1344,#1353,.T.);
#1353 = LINE('',#1354,#1355);
#1354 = CARTESIAN_POINT('',(8.65,8.65,-3.908E-14));
#1355 = VECTOR('',#1356,1.);
#1356 = DIRECTION('',(4.46E-15,1.6E-16,1.));
#1357 = ORIENTED_EDGE('',*,*,#1283,.F.);
#1358 = FACE_BOUND('',#1359,.T.);
#1359 = EDGE_LOOP('',(#1360,#1370,#1378,#1386));
#1360 = ORIENTED_EDGE('',*,*,#1361,.F.);
#1361 = EDGE_CURVE('',#1362,#1364,#1366,.T.);
#1362 = VERTEX_POINT('',#1363);
#1363 = CARTESIAN_POINT('',(5.65,8.65,4.));
#1364 = VERTEX_POINT('',#1365);
#1365 = CARTESIAN_POINT('',(-5.65,8.65,4.));
#1366 = LINE('',#1367,#1368);
#1367 = CARTESIAN_POINT('',(6.65,8.65,4.));
#1368 = VECTOR('',#1369,1.);
#1369 = DIRECTION('',(-1.,0.,0.));
#1370 = ORIENTED_EDGE('',*,*,#1371,.T.);
#1371 = EDGE_CURVE('',#1362,#1372,#1374,.T.);
#1372 = VERTEX_POINT('',#1373);
#1373 = CARTESIAN_POINT('',(5.65,8.65,18.));
#1374 = LINE('',#1375,#1376);
#1375 = CARTESIAN_POINT('',(5.65,8.65,3.));
#1376 = VECTOR('',#1377,1.);
#1377 = DIRECTION('',(-2.2E-16,0.,1.));
#1378 = ORIENTED_EDGE('',*,*,#1379,.T.);
#1379 = EDGE_CURVE('',#1372,#1380,#1382,.T.);
#1380 = VERTEX_POINT('',#1381);
#1381 = CARTESIAN_POINT('',(-5.65,8.65,18.));
#1382 = LINE('',#1383,#1384);
#1383 = CARTESIAN_POINT('',(6.65,8.65,18.));
#1384 = VECTOR('',#1385,1.);
#1385 = DIRECTION('',(-1.,0.,4.24E-15));
#1386 = ORIENTED_EDGE('',*,*,#1387,.F.);
#1387 = EDGE_CURVE('',#1364,#1380,#1388,.T.);
#1388 = LINE('',#1389,#1390);
#1389 = CARTESIAN_POINT('',(-5.65,8.65,3.));
#1390 = VECTOR('',#1391,1.);
#1391 = DIRECTION('',(0.,0.,1.));
#1392 = PLANE('',#1393);
#1393 = AXIS2_PLACEMENT_3D('',#1394,#1395,#1396);
#1394 = CARTESIAN_POINT('',(4.09E-15,8.65,11.));
#1395 = DIRECTION('',(0.,1.,0.));
#1396 = DIRECTION('',(0.,0.,1.));
#1397 = ADVANCED_FACE('',(#1398),#1404,.T.);
#1398 = FACE_BOUND('',#1399,.F.);
#1399 = EDGE_LOOP('',(#1400,#1401,#1402,#1403));
#1400 = ORIENTED_EDGE('',*,*,#647,.T.);
#1401 = ORIENTED_EDGE('',*,*,#813,.T.);
#1402 = ORIENTED_EDGE('',*,*,#1217,.F.);
#1403 = ORIENTED_EDGE('',*,*,#481,.F.);
#1404 = CYLINDRICAL_SURFACE('',#1405,0.49);
#1405 = AXIS2_PLACEMENT_3D('',#1406,#1407,#1408);
#1406 = CARTESIAN_POINT('',(6.16,-7.65,-0.51));
#1407 = DIRECTION('',(0.,1.,0.));
#1408 = DIRECTION('',(0.,0.,-1.));
#1409 = ADVANCED_FACE('',(#1410),#1429,.T.);
#1410 = FACE_BOUND('',#1411,.F.);
#1411 = EDGE_LOOP('',(#1412,#1413,#1421,#1428));
#1412 = ORIENTED_EDGE('',*,*,#1309,.T.);
#1413 = ORIENTED_EDGE('',*,*,#1414,.T.);
#1414 = EDGE_CURVE('',#1310,#1415,#1417,.T.);
#1415 = VERTEX_POINT('',#1416);
#1416 = CARTESIAN_POINT('',(-8.65,7.65,-0.51));
#1417 = LINE('',#1418,#1419);
#1418 = CARTESIAN_POINT('',(-8.65,8.65,-0.51));
#1419 = VECTOR('',#1420,1.);
#1420 = DIRECTION('',(0.,-1.,0.));
#1421 = ORIENTED_EDGE('',*,*,#1422,.F.);
#1422 = EDGE_CURVE('',#505,#1415,#1423,.T.);
#1423 = CIRCLE('',#1424,0.49);
#1424 = AXIS2_PLACEMENT_3D('',#1425,#1426,#1427);
#1425 = CARTESIAN_POINT('',(-8.16,7.65,-0.51));
#1426 = DIRECTION('',(-0.,1.,0.));
#1427 = DIRECTION('',(0.,0.,-1.));
#1428 = ORIENTED_EDGE('',*,*,#512,.F.);
#1429 = CYLINDRICAL_SURFACE('',#1430,0.49);
#1430 = AXIS2_PLACEMENT_3D('',#1431,#1432,#1433);
#1431 = CARTESIAN_POINT('',(-8.16,8.65,-0.51));
#1432 = DIRECTION('',(0.,-1.,0.));
#1433 = DIRECTION('',(0.,0.,-1.));
#1434 = ADVANCED_FACE('',(#1435),#1488,.T.);
#1435 = FACE_BOUND('',#1436,.T.);
#1436 = EDGE_LOOP('',(#1437,#1438,#1447,#1455,#1463,#1472,#1478,#1479,
    #1480,#1481));
#1437 = ORIENTED_EDGE('',*,*,#1191,.F.);
#1438 = ORIENTED_EDGE('',*,*,#1439,.T.);
#1439 = EDGE_CURVE('',#1184,#1440,#1442,.T.);
#1440 = VERTEX_POINT('',#1441);
#1441 = CARTESIAN_POINT('',(-6.16,7.65,23.));
#1442 = CIRCLE('',#1443,0.49);
#1443 = AXIS2_PLACEMENT_3D('',#1444,#1445,#1446);
#1444 = CARTESIAN_POINT('',(-6.16,7.65,22.51));
#1445 = DIRECTION('',(0.,1.,-1.6E-16));
#1446 = DIRECTION('',(0.,-1.6E-16,-1.));
#1447 = ORIENTED_EDGE('',*,*,#1448,.F.);
#1448 = EDGE_CURVE('',#1449,#1440,#1451,.T.);
#1449 = VERTEX_POINT('',#1450);
#1450 = CARTESIAN_POINT('',(-6.65,7.65,23.));
#1451 = LINE('',#1452,#1453);
#1452 = CARTESIAN_POINT('',(-3.825,7.65,23.));
#1453 = VECTOR('',#1454,1.);
#1454 = DIRECTION('',(1.,0.,-4.4E-15));
#1455 = ORIENTED_EDGE('',*,*,#1456,.T.);
#1456 = EDGE_CURVE('',#1449,#1457,#1459,.T.);
#1457 = VERTEX_POINT('',#1458);
#1458 = CARTESIAN_POINT('',(-8.16,7.65,23.));
#1459 = LINE('',#1460,#1461);
#1460 = CARTESIAN_POINT('',(-6.65,7.65,23.));
#1461 = VECTOR('',#1462,1.);
#1462 = DIRECTION('',(-1.,0.,4.24E-15));
#1463 = ORIENTED_EDGE('',*,*,#1464,.F.);
#1464 = EDGE_CURVE('',#1465,#1457,#1467,.T.);
#1465 = VERTEX_POINT('',#1466);
#1466 = CARTESIAN_POINT('',(-8.65,7.65,22.51));
#1467 = CIRCLE('',#1468,0.49);
#1468 = AXIS2_PLACEMENT_3D('',#1469,#1470,#1471);
#1469 = CARTESIAN_POINT('',(-8.16,7.65,22.51));
#1470 = DIRECTION('',(0.,1.,-1.6E-16));
#1471 = DIRECTION('',(0.,-1.6E-16,-1.));
#1472 = ORIENTED_EDGE('',*,*,#1473,.T.);
#1473 = EDGE_CURVE('',#1465,#1415,#1474,.T.);
#1474 = LINE('',#1475,#1476);
#1475 = CARTESIAN_POINT('',(-8.65,7.65,22.));
#1476 = VECTOR('',#1477,1.);
#1477 = DIRECTION('',(-4.24E-15,-1.6E-16,-1.));
#1478 = ORIENTED_EDGE('',*,*,#1422,.F.);
#1479 = ORIENTED_EDGE('',*,*,#504,.F.);
#1480 = ORIENTED_EDGE('',*,*,#496,.T.);
#1481 = ORIENTED_EDGE('',*,*,#1482,.T.);
#1482 = EDGE_CURVE('',#489,#1192,#1483,.T.);
#1483 = CIRCLE('',#1484,0.49);
#1484 = AXIS2_PLACEMENT_3D('',#1485,#1486,#1487);
#1485 = CARTESIAN_POINT('',(-6.16,7.65,-0.51));
#1486 = DIRECTION('',(-0.,1.,0.));
#1487 = DIRECTION('',(0.,0.,-1.));
#1488 = PLANE('',#1489);
#1489 = AXIS2_PLACEMENT_3D('',#1490,#1491,#1492);
#1490 = CARTESIAN_POINT('',(-7.65,7.65,11.));
#1491 = DIRECTION('',(-0.,-1.,-0.));
#1492 = DIRECTION('',(0.,0.,-1.));
#1493 = ADVANCED_FACE('',(#1494),#1500,.T.);
#1494 = FACE_BOUND('',#1495,.F.);
#1495 = EDGE_LOOP('',(#1496,#1497,#1498,#1499));
#1496 = ORIENTED_EDGE('',*,*,#1482,.T.);
#1497 = ORIENTED_EDGE('',*,*,#1199,.T.);
#1498 = ORIENTED_EDGE('',*,*,#542,.F.);
#1499 = ORIENTED_EDGE('',*,*,#488,.F.);
#1500 = CYLINDRICAL_SURFACE('',#1501,0.49);
#1501 = AXIS2_PLACEMENT_3D('',#1502,#1503,#1504);
#1502 = CARTESIAN_POINT('',(-6.16,7.65,-0.51));
#1503 = DIRECTION('',(0.,-1.,0.));
#1504 = DIRECTION('',(0.,0.,-1.));
#1505 = ADVANCED_FACE('',(#1506),#1528,.T.);
#1506 = FACE_BOUND('',#1507,.F.);
#1507 = EDGE_LOOP('',(#1508,#1520,#1526,#1527));
#1508 = ORIENTED_EDGE('',*,*,#1509,.T.);
#1509 = EDGE_CURVE('',#761,#1510,#1512,.T.);
#1510 = VERTEX_POINT('',#1511);
#1511 = CARTESIAN_POINT('',(6.16,1.320757358488,23.));
#1512 = ( BOUNDED_CURVE() B_SPLINE_CURVE(6,(#1513,#1514,#1515,#1516,
#1517,#1518,#1519),.UNSPECIFIED.,.F.,.F.) B_SPLINE_CURVE_WITH_KNOTS((7,7
),(0.,1.320757358488),.PIECEWISE_BEZIER_KNOTS.) CURVE() 
GEOMETRIC_REPRESENTATION_ITEM() RATIONAL_B_SPLINE_CURVE((1.031393471788,
    1.010025407661,0.997924642725,0.993958444137,0.997924642725,
1.010025407661,1.031393471788)) REPRESENTATION_ITEM('') );
#1513 = CARTESIAN_POINT('',(6.65,1.320757358488,22.51));
#1514 = CARTESIAN_POINT('',(6.65,1.320757358488,22.640995023745));
#1515 = CARTESIAN_POINT('',(6.60834786819,1.320757358488,22.768577200565
    ));
#1516 = CARTESIAN_POINT('',(6.528440561469,1.320757358488,
    22.878440561469));
#1517 = CARTESIAN_POINT('',(6.418577200565,1.320757358488,
    22.958347868189));
#1518 = CARTESIAN_POINT('',(6.290995023745,1.320757358488,23.));
#1519 = CARTESIAN_POINT('',(6.16,1.320757358488,23.));
#1520 = ORIENTED_EDGE('',*,*,#1521,.T.);
#1521 = EDGE_CURVE('',#1510,#1261,#1522,.T.);
#1522 = LINE('',#1523,#1524);
#1523 = CARTESIAN_POINT('',(6.16,-7.65,23.));
#1524 = VECTOR('',#1525,1.);
#1525 = DIRECTION('',(0.,1.,-1.6E-16));
#1526 = ORIENTED_EDGE('',*,*,#1268,.F.);
#1527 = ORIENTED_EDGE('',*,*,#760,.F.);
#1528 = CYLINDRICAL_SURFACE('',#1529,0.49);
#1529 = AXIS2_PLACEMENT_3D('',#1530,#1531,#1532);
#1530 = CARTESIAN_POINT('',(6.16,-7.65,22.51));
#1531 = DIRECTION('',(0.,1.,-1.6E-16));
#1532 = DIRECTION('',(1.,-2.064E-31,-1.29E-15));
#1533 = ADVANCED_FACE('',(#1534),#1562,.F.);
#1534 = FACE_BOUND('',#1535,.F.);
#1535 = EDGE_LOOP('',(#1536,#1548,#1560,#1561));
#1536 = ORIENTED_EDGE('',*,*,#1537,.T.);
#1537 = EDGE_CURVE('',#769,#1538,#1540,.T.);
#1538 = VERTEX_POINT('',#1539);
#1539 = CARTESIAN_POINT('',(5.731250000009,2.E-15,22.664679896895));
#1540 = ( BOUNDED_CURVE() B_SPLINE_CURVE(6,(#1541,#1542,#1543,#1544,
#1545,#1546,#1547),.UNSPECIFIED.,.F.,.F.) B_SPLINE_CURVE_WITH_KNOTS((7,7
),(0.,1.320757358488),.PIECEWISE_BEZIER_KNOTS.) CURVE() 
GEOMETRIC_REPRESENTATION_ITEM() RATIONAL_B_SPLINE_CURVE((1.091352326546,
    1.026725961763,0.994308237348,0.983366834266,0.994308237348,
1.026725961763,1.091352326546)) REPRESENTATION_ITEM('') );
#1541 = CARTESIAN_POINT('',(6.65,1.88E-15,22.427459666929));
#1542 = CARTESIAN_POINT('',(6.65,1.78E-15,22.656280652866));
#1543 = CARTESIAN_POINT('',(6.525433878449,1.67E-15,22.866542434011));
#1544 = CARTESIAN_POINT('',(6.305505903393,1.67E-15,22.991001607538));
#1545 = CARTESIAN_POINT('',(6.052815386923,1.67E-15,22.988572003797));
#1546 = CARTESIAN_POINT('',(5.842027483477,1.67E-15,22.864898259578));
#1547 = CARTESIAN_POINT('',(5.731250000009,1.88E-15,22.664679896895));
#1548 = ORIENTED_EDGE('',*,*,#1549,.T.);
#1549 = EDGE_CURVE('',#1538,#1510,#1550,.T.);
#1550 = ( BOUNDED_CURVE() B_SPLINE_CURVE(8,(#1551,#1552,#1553,#1554,
    #1555,#1556,#1557,#1558,#1559),.UNSPECIFIED.,.F.,.F.) 
B_SPLINE_CURVE_WITH_KNOTS((9,9),(7.65,8.970757358488),
.PIECEWISE_BEZIER_KNOTS.) CURVE() GEOMETRIC_REPRESENTATION_ITEM() 
RATIONAL_B_SPLINE_CURVE((1.091352326546,1.091352326546,1.086145986647,
    1.075375435373,1.066347529486,1.055979062759,1.047194453206,
1.038977503911,1.031393471788)) REPRESENTATION_ITEM('') );
#1551 = CARTESIAN_POINT('',(5.73125,1.88E-15,22.664679896879));
#1552 = CARTESIAN_POINT('',(5.73125,0.165094669811,22.664679896879));
#1553 = CARTESIAN_POINT('',(5.748361804947,0.331832749119,
    22.705286866528));
#1554 = CARTESIAN_POINT('',(5.783173802995,0.499130615745,
    22.790681639778));
#1555 = CARTESIAN_POINT('',(5.834753799349,0.66349505996,22.858771635529
    ));
#1556 = CARTESIAN_POINT('',(5.905560753214,0.828828641,22.928610905257)
  );
#1557 = CARTESIAN_POINT('',(5.984464957135,0.992744927758,
    22.973119109995));
#1558 = CARTESIAN_POINT('',(6.069320789782,1.156867799735,23.));
#1559 = CARTESIAN_POINT('',(6.16,1.320757358488,23.));
#1560 = ORIENTED_EDGE('',*,*,#1509,.F.);
#1561 = ORIENTED_EDGE('',*,*,#768,.F.);
#1562 = ( BOUNDED_SURFACE() B_SPLINE_SURFACE(6,8,(
    (#1563,#1564,#1565,#1566,#1567,#1568,#1569,#1570,#1571)
    ,(#1572,#1573,#1574,#1575,#1576,#1577,#1578,#1579,#1580)
    ,(#1581,#1582,#1583,#1584,#1585,#1586,#1587,#1588,#1589)
    ,(#1590,#1591,#1592,#1593,#1594,#1595,#1596,#1597,#1598)
    ,(#1599,#1600,#1601,#1602,#1603,#1604,#1605,#1606,#1607)
    ,(#1608,#1609,#1610,#1611,#1612,#1613,#1614,#1615,#1616)
    ,(#1617,#1618,#1619,#1620,#1621,#1622,#1623,#1624,#1625
)),.UNSPECIFIED.,.F.,.F.,.F.) B_SPLINE_SURFACE_WITH_KNOTS((7,7),(9,9),(
    0.,1.320757358488),(7.65,8.970757358488),.PIECEWISE_BEZIER_KNOTS.) 
GEOMETRIC_REPRESENTATION_ITEM() RATIONAL_B_SPLINE_SURFACE((
    (1.091352326546,1.091352326546,1.086145986647,1.075375435373
      ,1.066347529486,1.055979062759,1.047194453206,1.038977503911
      ,1.031393471788)
    ,(1.026725961763,1.026725961763,1.025414330094,1.02271306956
      ,1.020238077432,1.01735253488,1.014788571336,1.012341072408
      ,1.010025407661)
    ,(0.994308237348,0.994308237348,0.994590225371,0.995169721425
      ,0.995717943013,0.996347045079,0.996904707613,0.997431567986
      ,0.997924642725)
    ,(0.983366834266,0.983366834266,0.984251465222,0.986080032589
      ,0.987645486073,0.989470005177,0.991050350459,0.992550254185
      ,0.993958444137)
    ,(0.994308237348,0.994308237348,0.994590225371,0.995169721425
      ,0.995717943013,0.996347045079,0.996904707613,0.997431567986
      ,0.997924642725)
    ,(1.026725961763,1.026725961763,1.025414330094,1.02271306956
      ,1.020238077432,1.01735253488,1.014788571336,1.012341072408
      ,1.010025407661)
    ,(1.091352326546,1.091352326546,1.086145986647,1.075375435373
      ,1.066347529486,1.055979062759,1.047194453206,1.038977503911
,1.031393471788))) REPRESENTATION_ITEM('') SURFACE() );
#1563 = CARTESIAN_POINT('',(6.65,1.55E-15,22.427459666924));
#1564 = CARTESIAN_POINT('',(6.65,0.165094669811,22.427459666924));
#1565 = CARTESIAN_POINT('',(6.65,0.331832749119,22.437262625525));
#1566 = CARTESIAN_POINT('',(6.65,0.499130615745,22.458049314485));
#1567 = CARTESIAN_POINT('',(6.65,0.66349505996,22.473844411723));
#1568 = CARTESIAN_POINT('',(6.65,0.828828641,22.490694363834));
#1569 = CARTESIAN_POINT('',(6.65,0.992744927758,22.502516396631));
#1570 = CARTESIAN_POINT('',(6.65,1.156867799735,22.51));
#1571 = CARTESIAN_POINT('',(6.65,1.320757358488,22.51));
#1572 = CARTESIAN_POINT('',(6.65,1.33E-15,22.656280652866));
#1573 = CARTESIAN_POINT('',(6.65,0.165094669811,22.656280652866));
#1574 = CARTESIAN_POINT('',(6.65,0.33062608013,22.659039553752));
#1575 = CARTESIAN_POINT('',(6.65,0.496306348359,22.664985407761));
#1576 = CARTESIAN_POINT('',(6.65,0.661308113521,22.66758999102));
#1577 = CARTESIAN_POINT('',(6.65,0.826459649545,22.668322933915));
#1578 = CARTESIAN_POINT('',(6.65,0.991239989388,22.665042389672));
#1579 = CARTESIAN_POINT('',(6.65,1.15604033206,22.657166770437));
#1580 = CARTESIAN_POINT('',(6.65,1.320757358488,22.640995023745));
#1581 = CARTESIAN_POINT('',(6.525433878449,1.44E-15,22.866542434011));
#1582 = CARTESIAN_POINT('',(6.525433878449,0.165094669811,
    22.866542434011));
#1583 = CARTESIAN_POINT('',(6.532811551867,0.330092807494,
    22.864023354932));
#1584 = CARTESIAN_POINT('',(6.548073563115,0.495057367485,
    22.859120013279));
#1585 = CARTESIAN_POINT('',(6.560626996473,0.660166577458,
    22.850827082521));
#1586 = CARTESIAN_POINT('',(6.574971059643,0.825255330016,
    22.838114162862));
#1587 = CARTESIAN_POINT('',(6.586974072468,0.99042021294,22.821464615214
    ));
#1588 = CARTESIAN_POINT('',(6.598129774112,1.155581075047,
    22.799733520128));
#1589 = CARTESIAN_POINT('',(6.60834786819,1.320757358488,22.768577200565
    ));
#1590 = CARTESIAN_POINT('',(6.305505903393,1.55E-15,22.991001607538));
#1591 = CARTESIAN_POINT('',(6.305505903393,0.165094669811,
    22.991001607538));
#1592 = CARTESIAN_POINT('',(6.324286371663,0.329881301085,
    22.990319126136));
#1593 = CARTESIAN_POINT('',(6.36296299141,0.494571420806,22.989376797001
    ));
#1594 = CARTESIAN_POINT('',(6.396447303403,0.659786897366,22.98119540985
    ));
#1595 = CARTESIAN_POINT('',(6.434996466291,0.824836111903,
    22.967031062813));
#1596 = CARTESIAN_POINT('',(6.46819414564,0.990148174547,22.946017037664
    ));
#1597 = CARTESIAN_POINT('',(6.49941143089,1.155428459071,22.918193711734
    ));
#1598 = CARTESIAN_POINT('',(6.528440561469,1.320757358488,
    22.878440561469));
#1599 = CARTESIAN_POINT('',(6.052815386923,1.55E-15,22.988572003797));
#1600 = CARTESIAN_POINT('',(6.052815386923,0.165094669811,
    22.988572003797));
#1601 = CARTESIAN_POINT('',(6.08054063035,0.330092807494,22.998797169645
    ));
#1602 = CARTESIAN_POINT('',(6.137511999475,0.495057367485,
    23.020547581285));
#1603 = CARTESIAN_POINT('',(6.191127264146,0.660166577458,
    23.028077211678));
#1604 = CARTESIAN_POINT('',(6.254208955891,0.825255330016,23.02968443128
    ));
#1605 = CARTESIAN_POINT('',(6.311216101851,0.99042021294,23.018101471897
    ));
#1606 = CARTESIAN_POINT('',(6.366111017264,1.155581075047,22.9963576664)
  );
#1607 = CARTESIAN_POINT('',(6.418577200565,1.320757358488,
    22.958347868189));
#1608 = CARTESIAN_POINT('',(5.842027483477,1.33E-15,22.864898259578));
#1609 = CARTESIAN_POINT('',(5.842027483477,0.165094669811,
    22.864898259578));
#1610 = CARTESIAN_POINT('',(5.869993789133,0.33062608013,22.891271384788
    ));
#1611 = CARTESIAN_POINT('',(5.927319213635,0.496306348359,
    22.946584787223));
#1612 = CARTESIAN_POINT('',(5.989474309835,0.661308113521,
    22.982689113037));
#1613 = CARTESIAN_POINT('',(6.066115540813,0.826459649545,
    23.015116824361));
#1614 = CARTESIAN_POINT('',(6.140953732613,0.991239989388,
    23.026934015147));
#1615 = CARTESIAN_POINT('',(6.21602972681,1.15604033206,23.024364284069)
  );
#1616 = CARTESIAN_POINT('',(6.290995023745,1.320757358488,23.));
#1617 = CARTESIAN_POINT('',(5.73125,1.88E-15,22.664679896879));
#1618 = CARTESIAN_POINT('',(5.73125,0.165094669811,22.664679896879));
#1619 = CARTESIAN_POINT('',(5.748361804947,0.331832749119,
    22.705286866528));
#1620 = CARTESIAN_POINT('',(5.783173802995,0.499130615745,
    22.790681639778));
#1621 = CARTESIAN_POINT('',(5.834753799349,0.66349505996,22.858771635529
    ));
#1622 = CARTESIAN_POINT('',(5.905560753214,0.828828641,22.928610905257)
  );
#1623 = CARTESIAN_POINT('',(5.984464957135,0.992744927758,
    22.973119109995));
#1624 = CARTESIAN_POINT('',(6.069320789782,1.156867799735,23.));
#1625 = CARTESIAN_POINT('',(6.16,1.320757358488,23.));
#1626 = ADVANCED_FACE('',(#1627),#1652,.F.);
#1627 = FACE_BOUND('',#1628,.F.);
#1628 = EDGE_LOOP('',(#1629,#1638,#1650,#1651));
#1629 = ORIENTED_EDGE('',*,*,#1630,.T.);
#1630 = EDGE_CURVE('',#783,#1631,#1633,.T.);
#1631 = VERTEX_POINT('',#1632);
#1632 = CARTESIAN_POINT('',(6.16,-1.320757358488,23.));
#1633 = CIRCLE('',#1634,0.49);
#1634 = AXIS2_PLACEMENT_3D('',#1635,#1636,#1637);
#1635 = CARTESIAN_POINT('',(6.16,-1.320757358488,22.51));
#1636 = DIRECTION('',(0.,-1.,1.6E-16));
#1637 = DIRECTION('',(1.,-2.064E-31,-1.29E-15));
#1638 = ORIENTED_EDGE('',*,*,#1639,.T.);
#1639 = EDGE_CURVE('',#1631,#1538,#1640,.T.);
#1640 = ( BOUNDED_CURVE() B_SPLINE_CURVE(8,(#1641,#1642,#1643,#1644,
    #1645,#1646,#1647,#1648,#1649),.UNSPECIFIED.,.F.,.F.) 
B_SPLINE_CURVE_WITH_KNOTS((9,9),(6.329242641512,7.65),
.PIECEWISE_BEZIER_KNOTS.) CURVE() GEOMETRIC_REPRESENTATION_ITEM() 
RATIONAL_B_SPLINE_CURVE((1.031393471788,1.038977503911,1.047194453206,
    1.05597906276,1.066347529486,1.075375435374,1.086145986647,
1.091352326546,1.091352326546)) REPRESENTATION_ITEM('') );
#1641 = CARTESIAN_POINT('',(6.16,-1.320757358488,23.));
#1642 = CARTESIAN_POINT('',(6.069320789782,-1.156867799735,23.));
#1643 = CARTESIAN_POINT('',(5.984464957135,-0.992744927758,
    22.973119109995));
#1644 = CARTESIAN_POINT('',(5.905560753214,-0.828828641,22.928610905257)
  );
#1645 = CARTESIAN_POINT('',(5.834753799349,-0.663495059961,
    22.858771635529));
#1646 = CARTESIAN_POINT('',(5.783173802995,-0.499130615745,
    22.790681639778));
#1647 = CARTESIAN_POINT('',(5.748361804947,-0.331832749119,
    22.705286866528));
#1648 = CARTESIAN_POINT('',(5.73125,-0.165094669811,22.664679896879));
#1649 = CARTESIAN_POINT('',(5.731250000009,1.88E-15,22.664679896895));
#1650 = ORIENTED_EDGE('',*,*,#1537,.F.);
#1651 = ORIENTED_EDGE('',*,*,#782,.F.);
#1652 = ( BOUNDED_SURFACE() B_SPLINE_SURFACE(6,8,(
    (#1653,#1654,#1655,#1656,#1657,#1658,#1659,#1660,#1661)
    ,(#1662,#1663,#1664,#1665,#1666,#1667,#1668,#1669,#1670)
    ,(#1671,#1672,#1673,#1674,#1675,#1676,#1677,#1678,#1679)
    ,(#1680,#1681,#1682,#1683,#1684,#1685,#1686,#1687,#1688)
    ,(#1689,#1690,#1691,#1692,#1693,#1694,#1695,#1696,#1697)
    ,(#1698,#1699,#1700,#1701,#1702,#1703,#1704,#1705,#1706)
    ,(#1707,#1708,#1709,#1710,#1711,#1712,#1713,#1714,#1715
)),.UNSPECIFIED.,.F.,.F.,.F.) B_SPLINE_SURFACE_WITH_KNOTS((7,7),(9,9),(
    0.,1.320757358488),(6.329242641512,7.65),.PIECEWISE_BEZIER_KNOTS.) 
GEOMETRIC_REPRESENTATION_ITEM() RATIONAL_B_SPLINE_SURFACE((
    (1.031393471788,1.038977503911,1.047194453206,1.05597906276
      ,1.066347529486,1.075375435374,1.086145986647,1.091352326546
      ,1.091352326546)
    ,(1.010025407661,1.012341072408,1.014788571336,1.01735253488
      ,1.020238077432,1.02271306956,1.025414330094,1.026725961763
      ,1.026725961763)
    ,(0.997924642725,0.997431567986,0.996904707613,0.996347045079
      ,0.995717943013,0.995169721425,0.994590225371,0.994308237348
      ,0.994308237348)
    ,(0.993958444137,0.992550254185,0.991050350458,0.989470005177
      ,0.987645486073,0.986080032589,0.984251465222,0.983366834266
      ,0.983366834266)
    ,(0.997924642725,0.997431567986,0.996904707613,0.996347045079
      ,0.995717943013,0.995169721425,0.994590225371,0.994308237348
      ,0.994308237348)
    ,(1.010025407661,1.012341072408,1.014788571336,1.01735253488
      ,1.020238077432,1.02271306956,1.025414330094,1.026725961763
      ,1.026725961763)
    ,(1.031393471788,1.038977503911,1.047194453206,1.05597906276
      ,1.066347529486,1.075375435374,1.086145986647,1.091352326546
,1.091352326546))) REPRESENTATION_ITEM('') SURFACE() );
#1653 = CARTESIAN_POINT('',(6.65,-1.320757358488,22.51));
#1654 = CARTESIAN_POINT('',(6.65,-1.156867799735,22.51));
#1655 = CARTESIAN_POINT('',(6.65,-0.992744927758,22.502516396631));
#1656 = CARTESIAN_POINT('',(6.65,-0.828828641,22.490694363834));
#1657 = CARTESIAN_POINT('',(6.65,-0.663495059961,22.473844411723));
#1658 = CARTESIAN_POINT('',(6.65,-0.499130615745,22.458049314485));
#1659 = CARTESIAN_POINT('',(6.65,-0.331832749119,22.437262625525));
#1660 = CARTESIAN_POINT('',(6.65,-0.165094669811,22.427459666924));
#1661 = CARTESIAN_POINT('',(6.65,1.88E-15,22.427459666929));
#1662 = CARTESIAN_POINT('',(6.65,-1.320757358488,22.640995023745));
#1663 = CARTESIAN_POINT('',(6.65,-1.15604033206,22.657166770437));
#1664 = CARTESIAN_POINT('',(6.65,-0.991239989388,22.665042389672));
#1665 = CARTESIAN_POINT('',(6.65,-0.826459649545,22.668322933915));
#1666 = CARTESIAN_POINT('',(6.65,-0.661308113521,22.66758999102));
#1667 = CARTESIAN_POINT('',(6.65,-0.496306348359,22.664985407761));
#1668 = CARTESIAN_POINT('',(6.65,-0.33062608013,22.659039553752));
#1669 = CARTESIAN_POINT('',(6.65,-0.165094669811,22.656280652866));
#1670 = CARTESIAN_POINT('',(6.65,1.78E-15,22.656280652866));
#1671 = CARTESIAN_POINT('',(6.60834786819,-1.320757358488,
    22.768577200565));
#1672 = CARTESIAN_POINT('',(6.598129774112,-1.155581075047,
    22.799733520128));
#1673 = CARTESIAN_POINT('',(6.586974072468,-0.99042021294,
    22.821464615214));
#1674 = CARTESIAN_POINT('',(6.574971059643,-0.825255330016,
    22.838114162862));
#1675 = CARTESIAN_POINT('',(6.560626996473,-0.660166577458,
    22.850827082521));
#1676 = CARTESIAN_POINT('',(6.548073563115,-0.495057367485,
    22.859120013279));
#1677 = CARTESIAN_POINT('',(6.532811551867,-0.330092807494,
    22.864023354932));
#1678 = CARTESIAN_POINT('',(6.525433878449,-0.165094669811,
    22.866542434011));
#1679 = CARTESIAN_POINT('',(6.525433878449,1.67E-15,22.866542434011));
#1680 = CARTESIAN_POINT('',(6.528440561469,-1.320757358488,
    22.878440561469));
#1681 = CARTESIAN_POINT('',(6.49941143089,-1.155428459071,
    22.918193711734));
#1682 = CARTESIAN_POINT('',(6.46819414564,-0.990148174547,
    22.946017037664));
#1683 = CARTESIAN_POINT('',(6.434996466291,-0.824836111903,
    22.967031062813));
#1684 = CARTESIAN_POINT('',(6.396447303403,-0.659786897366,
    22.98119540985));
#1685 = CARTESIAN_POINT('',(6.36296299141,-0.494571420806,
    22.989376797001));
#1686 = CARTESIAN_POINT('',(6.324286371663,-0.329881301085,
    22.990319126136));
#1687 = CARTESIAN_POINT('',(6.305505903393,-0.165094669811,
    22.991001607538));
#1688 = CARTESIAN_POINT('',(6.305505903393,1.67E-15,22.991001607538));
#1689 = CARTESIAN_POINT('',(6.418577200565,-1.320757358488,
    22.958347868189));
#1690 = CARTESIAN_POINT('',(6.366111017264,-1.155581075047,22.9963576664
    ));
#1691 = CARTESIAN_POINT('',(6.311216101851,-0.99042021294,
    23.018101471897));
#1692 = CARTESIAN_POINT('',(6.254208955891,-0.825255330016,
    23.02968443128));
#1693 = CARTESIAN_POINT('',(6.191127264147,-0.660166577458,
    23.028077211678));
#1694 = CARTESIAN_POINT('',(6.137511999475,-0.495057367485,
    23.020547581285));
#1695 = CARTESIAN_POINT('',(6.08054063035,-0.330092807494,
    22.998797169645));
#1696 = CARTESIAN_POINT('',(6.052815386923,-0.165094669811,
    22.988572003797));
#1697 = CARTESIAN_POINT('',(6.052815386923,1.67E-15,22.988572003797));
#1698 = CARTESIAN_POINT('',(6.290995023745,-1.320757358488,23.));
#1699 = CARTESIAN_POINT('',(6.21602972681,-1.15604033206,23.024364284069
    ));
#1700 = CARTESIAN_POINT('',(6.140953732614,-0.991239989388,
    23.026934015147));
#1701 = CARTESIAN_POINT('',(6.066115540813,-0.826459649545,
    23.015116824361));
#1702 = CARTESIAN_POINT('',(5.989474309836,-0.661308113521,
    22.982689113037));
#1703 = CARTESIAN_POINT('',(5.927319213635,-0.496306348359,
    22.946584787223));
#1704 = CARTESIAN_POINT('',(5.869993789134,-0.33062608013,
    22.891271384788));
#1705 = CARTESIAN_POINT('',(5.842027483477,-0.165094669811,
    22.864898259578));
#1706 = CARTESIAN_POINT('',(5.842027483477,1.67E-15,22.864898259578));
#1707 = CARTESIAN_POINT('',(6.16,-1.320757358488,23.));
#1708 = CARTESIAN_POINT('',(6.069320789782,-1.156867799735,23.));
#1709 = CARTESIAN_POINT('',(5.984464957135,-0.992744927758,
    22.973119109995));
#1710 = CARTESIAN_POINT('',(5.905560753214,-0.828828641,22.928610905257)
  );
#1711 = CARTESIAN_POINT('',(5.834753799349,-0.663495059961,
    22.858771635529));
#1712 = CARTESIAN_POINT('',(5.783173802995,-0.499130615745,
    22.790681639778));
#1713 = CARTESIAN_POINT('',(5.748361804947,-0.331832749119,
    22.705286866528));
#1714 = CARTESIAN_POINT('',(5.73125,-0.165094669811,22.664679896879));
#1715 = CARTESIAN_POINT('',(5.731250000009,1.88E-15,22.664679896895));
#1716 = ADVANCED_FACE('',(#1717),#1728,.T.);
#1717 = FACE_BOUND('',#1718,.F.);
#1718 = EDGE_LOOP('',(#1719,#1720,#1726,#1727));
#1719 = ORIENTED_EDGE('',*,*,#878,.T.);
#1720 = ORIENTED_EDGE('',*,*,#1721,.T.);
#1721 = EDGE_CURVE('',#879,#1631,#1722,.T.);
#1722 = LINE('',#1723,#1724);
#1723 = CARTESIAN_POINT('',(6.16,-7.65,23.));
#1724 = VECTOR('',#1725,1.);
#1725 = DIRECTION('',(0.,1.,-1.6E-16));
#1726 = ORIENTED_EDGE('',*,*,#1630,.F.);
#1727 = ORIENTED_EDGE('',*,*,#796,.F.);
#1728 = CYLINDRICAL_SURFACE('',#1729,0.49);
#1729 = AXIS2_PLACEMENT_3D('',#1730,#1731,#1732);
#1730 = CARTESIAN_POINT('',(6.16,-7.65,22.51));
#1731 = DIRECTION('',(0.,1.,-1.6E-16));
#1732 = DIRECTION('',(1.,-2.064E-31,-1.29E-15));
#1733 = ADVANCED_FACE('',(#1734),#1762,.F.);
#1734 = FACE_BOUND('',#1735,.T.);
#1735 = EDGE_LOOP('',(#1736,#1737,#1738,#1745,#1754,#1761));
#1736 = ORIENTED_EDGE('',*,*,#842,.F.);
#1737 = ORIENTED_EDGE('',*,*,#831,.F.);
#1738 = ORIENTED_EDGE('',*,*,#1739,.F.);
#1739 = EDGE_CURVE('',#1740,#832,#1742,.T.);
#1740 = VERTEX_POINT('',#1741);
#1741 = CARTESIAN_POINT('',(4.5,0.,4.));
#1742 = B_SPLINE_CURVE_WITH_KNOTS('',1,(#1743,#1744),.UNSPECIFIED.,.F.,
  .F.,(2,2),(-1.,0.),.PIECEWISE_BEZIER_KNOTS.);
#1743 = CARTESIAN_POINT('',(4.5,-1.1E-15,4.));
#1744 = CARTESIAN_POINT('',(4.5,-1.1E-15,3.));
#1745 = ORIENTED_EDGE('',*,*,#1746,.T.);
#1746 = EDGE_CURVE('',#1740,#1747,#1749,.T.);
#1747 = VERTEX_POINT('',#1748);
#1748 = CARTESIAN_POINT('',(-4.5,1.E-15,4.));
#1749 = CIRCLE('',#1750,4.5);
#1750 = AXIS2_PLACEMENT_3D('',#1751,#1752,#1753);
#1751 = CARTESIAN_POINT('',(0.,0.,4.));
#1752 = DIRECTION('',(0.,0.,1.));
#1753 = DIRECTION('',(1.,0.,0.));
#1754 = ORIENTED_EDGE('',*,*,#1755,.T.);
#1755 = EDGE_CURVE('',#1747,#1740,#1756,.T.);
#1756 = CIRCLE('',#1757,4.5);
#1757 = AXIS2_PLACEMENT_3D('',#1758,#1759,#1760);
#1758 = CARTESIAN_POINT('',(0.,0.,4.));
#1759 = DIRECTION('',(0.,0.,1.));
#1760 = DIRECTION('',(1.,0.,0.));
#1761 = ORIENTED_EDGE('',*,*,#1739,.T.);
#1762 = CYLINDRICAL_SURFACE('',#1763,4.5);
#1763 = AXIS2_PLACEMENT_3D('',#1764,#1765,#1766);
#1764 = CARTESIAN_POINT('',(0.,0.,3.));
#1765 = DIRECTION('',(-0.,-0.,-1.));
#1766 = DIRECTION('',(1.,0.,0.));
#1767 = ADVANCED_FACE('',(#1768),#1779,.T.);
#1768 = FACE_BOUND('',#1769,.T.);
#1769 = EDGE_LOOP('',(#1770,#1771,#1772,#1773));
#1770 = ORIENTED_EDGE('',*,*,#945,.T.);
#1771 = ORIENTED_EDGE('',*,*,#919,.F.);
#1772 = ORIENTED_EDGE('',*,*,#857,.F.);
#1773 = ORIENTED_EDGE('',*,*,#1774,.T.);
#1774 = EDGE_CURVE('',#858,#946,#1775,.T.);
#1775 = LINE('',#1776,#1777);
#1776 = CARTESIAN_POINT('',(8.65,-7.65,22.51));
#1777 = VECTOR('',#1778,1.);
#1778 = DIRECTION('',(-2.2E-16,-1.,1.6E-16));
#1779 = PLANE('',#1780);
#1780 = AXIS2_PLACEMENT_3D('',#1781,#1782,#1783);
#1781 = CARTESIAN_POINT('',(8.65,-8.15,11.));
#1782 = DIRECTION('',(1.,0.,0.));
#1783 = DIRECTION('',(0.,0.,1.));
#1784 = ADVANCED_FACE('',(#1785),#1796,.T.);
#1785 = FACE_BOUND('',#1786,.T.);
#1786 = EDGE_LOOP('',(#1787,#1788,#1794,#1795));
#1787 = ORIENTED_EDGE('',*,*,#903,.T.);
#1788 = ORIENTED_EDGE('',*,*,#1789,.T.);
#1789 = EDGE_CURVE('',#896,#954,#1790,.T.);
#1790 = LINE('',#1791,#1792);
#1791 = CARTESIAN_POINT('',(8.16,-7.65,23.));
#1792 = VECTOR('',#1793,1.);
#1793 = DIRECTION('',(-2.2E-16,-1.,1.6E-16));
#1794 = ORIENTED_EDGE('',*,*,#953,.F.);
#1795 = ORIENTED_EDGE('',*,*,#1774,.F.);
#1796 = CYLINDRICAL_SURFACE('',#1797,0.49);
#1797 = AXIS2_PLACEMENT_3D('',#1798,#1799,#1800);
#1798 = CARTESIAN_POINT('',(8.16,-7.65,22.51));
#1799 = DIRECTION('',(-2.2E-16,-1.,1.6E-16));
#1800 = DIRECTION('',(1.,-2.2E-16,0.));
#1801 = ADVANCED_FACE('',(#1802),#1832,.T.);
#1802 = FACE_BOUND('',#1803,.T.);
#1803 = EDGE_LOOP('',(#1804,#1805,#1811,#1812,#1813,#1814,#1815,#1816,
    #1825,#1831));
#1804 = ORIENTED_EDGE('',*,*,#1078,.T.);
#1805 = ORIENTED_EDGE('',*,*,#1806,.T.);
#1806 = EDGE_CURVE('',#1070,#963,#1807,.T.);
#1807 = LINE('',#1808,#1809);
#1808 = CARTESIAN_POINT('',(-8.16,-7.65,23.));
#1809 = VECTOR('',#1810,1.);
#1810 = DIRECTION('',(0.,-1.,1.6E-16));
#1811 = ORIENTED_EDGE('',*,*,#962,.F.);
#1812 = ORIENTED_EDGE('',*,*,#1789,.F.);
#1813 = ORIENTED_EDGE('',*,*,#895,.F.);
#1814 = ORIENTED_EDGE('',*,*,#887,.T.);
#1815 = ORIENTED_EDGE('',*,*,#1721,.T.);
#1816 = ORIENTED_EDGE('',*,*,#1817,.T.);
#1817 = EDGE_CURVE('',#1631,#1818,#1820,.T.);
#1818 = VERTEX_POINT('',#1819);
#1819 = CARTESIAN_POINT('',(-6.16,-1.320757358488,23.));
#1820 = CIRCLE('',#1821,6.3);
#1821 = AXIS2_PLACEMENT_3D('',#1822,#1823,#1824);
#1822 = CARTESIAN_POINT('',(5.087E-14,1.93E-15,23.));
#1823 = DIRECTION('',(-4.24E-15,-1.6E-16,-1.));
#1824 = DIRECTION('',(1.,0.,-4.24E-15));
#1825 = ORIENTED_EDGE('',*,*,#1826,.T.);
#1826 = EDGE_CURVE('',#1818,#1087,#1827,.T.);
#1827 = LINE('',#1828,#1829);
#1828 = CARTESIAN_POINT('',(-6.16,7.65,23.));
#1829 = VECTOR('',#1830,1.);
#1830 = DIRECTION('',(0.,-1.,1.6E-16));
#1831 = ORIENTED_EDGE('',*,*,#1086,.F.);
#1832 = PLANE('',#1833);
#1833 = AXIS2_PLACEMENT_3D('',#1834,#1835,#1836);
#1834 = CARTESIAN_POINT('',(4.986E-14,5.8E-16,23.));
#1835 = DIRECTION('',(4.4E-15,0.,1.));
#1836 = DIRECTION('',(1.,0.,-4.4E-15));
#1837 = ADVANCED_FACE('',(#1838),#1849,.T.);
#1838 = FACE_BOUND('',#1839,.T.);
#1839 = EDGE_LOOP('',(#1840,#1841,#1847,#1848));
#1840 = ORIENTED_EDGE('',*,*,#979,.T.);
#1841 = ORIENTED_EDGE('',*,*,#1842,.F.);
#1842 = EDGE_CURVE('',#1062,#971,#1843,.T.);
#1843 = LINE('',#1844,#1845);
#1844 = CARTESIAN_POINT('',(-8.65,-7.65,22.51));
#1845 = VECTOR('',#1846,1.);
#1846 = DIRECTION('',(0.,-1.,1.6E-16));
#1847 = ORIENTED_EDGE('',*,*,#1061,.F.);
#1848 = ORIENTED_EDGE('',*,*,#1045,.T.);
#1849 = PLANE('',#1850);
#1850 = AXIS2_PLACEMENT_3D('',#1851,#1852,#1853);
#1851 = CARTESIAN_POINT('',(-8.65,-8.15,11.));
#1852 = DIRECTION('',(-1.,0.,2.8E-16));
#1853 = DIRECTION('',(-2.8E-16,0.,-1.));
#1854 = ADVANCED_FACE('',(#1855),#1861,.T.);
#1855 = FACE_BOUND('',#1856,.F.);
#1856 = EDGE_LOOP('',(#1857,#1858,#1859,#1860));
#1857 = ORIENTED_EDGE('',*,*,#1069,.T.);
#1858 = ORIENTED_EDGE('',*,*,#1806,.T.);
#1859 = ORIENTED_EDGE('',*,*,#970,.F.);
#1860 = ORIENTED_EDGE('',*,*,#1842,.F.);
#1861 = CYLINDRICAL_SURFACE('',#1862,0.49);
#1862 = AXIS2_PLACEMENT_3D('',#1863,#1864,#1865);
#1863 = CARTESIAN_POINT('',(-8.16,-7.65,22.51));
#1864 = DIRECTION('',(0.,-1.,1.6E-16));
#1865 = DIRECTION('',(-1.,4.48E-32,2.8E-16));
#1866 = ADVANCED_FACE('',(#1867,#1883),#1887,.T.);
#1867 = FACE_BOUND('',#1868,.T.);
#1868 = EDGE_LOOP('',(#1869,#1870,#1876,#1877));
#1869 = ORIENTED_EDGE('',*,*,#996,.T.);
#1870 = ORIENTED_EDGE('',*,*,#1871,.F.);
#1871 = EDGE_CURVE('',#1362,#999,#1872,.T.);
#1872 = LINE('',#1873,#1874);
#1873 = CARTESIAN_POINT('',(5.65,-4.325,4.));
#1874 = VECTOR('',#1875,1.);
#1875 = DIRECTION('',(-2.2E-16,-1.,-0.));
#1876 = ORIENTED_EDGE('',*,*,#1361,.T.);
#1877 = ORIENTED_EDGE('',*,*,#1878,.T.);
#1878 = EDGE_CURVE('',#1364,#997,#1879,.T.);
#1879 = LINE('',#1880,#1881);
#1880 = CARTESIAN_POINT('',(-5.65,-4.325,4.));
#1881 = VECTOR('',#1882,1.);
#1882 = DIRECTION('',(0.,-1.,0.));
#1883 = FACE_BOUND('',#1884,.T.);
#1884 = EDGE_LOOP('',(#1885,#1886));
#1885 = ORIENTED_EDGE('',*,*,#1746,.F.);
#1886 = ORIENTED_EDGE('',*,*,#1755,.F.);
#1887 = PLANE('',#1888);
#1888 = AXIS2_PLACEMENT_3D('',#1889,#1890,#1891);
#1889 = CARTESIAN_POINT('',(-1.7E-16,0.,4.));
#1890 = DIRECTION('',(0.,0.,1.));
#1891 = DIRECTION('',(1.,0.,0.));
#1892 = ADVANCED_FACE('',(#1893),#1904,.F.);
#1893 = FACE_BOUND('',#1894,.F.);
#1894 = EDGE_LOOP('',(#1895,#1896,#1897,#1898));
#1895 = ORIENTED_EDGE('',*,*,#1387,.F.);
#1896 = ORIENTED_EDGE('',*,*,#1878,.T.);
#1897 = ORIENTED_EDGE('',*,*,#1006,.T.);
#1898 = ORIENTED_EDGE('',*,*,#1899,.F.);
#1899 = EDGE_CURVE('',#1380,#1007,#1900,.T.);
#1900 = LINE('',#1901,#1902);
#1901 = CARTESIAN_POINT('',(-5.65,-4.325,18.));
#1902 = VECTOR('',#1903,1.);
#1903 = DIRECTION('',(0.,-1.,1.6E-16));
#1904 = PLANE('',#1905);
#1905 = AXIS2_PLACEMENT_3D('',#1906,#1907,#1908);
#1906 = CARTESIAN_POINT('',(-5.65,-8.65,3.));
#1907 = DIRECTION('',(-1.,0.,0.));
#1908 = DIRECTION('',(0.,1.,0.));
#1909 = ADVANCED_FACE('',(#1910,#1921),#1941,.T.);
#1910 = FACE_BOUND('',#1911,.F.);
#1911 = EDGE_LOOP('',(#1912,#1913,#1919,#1920));
#1912 = ORIENTED_EDGE('',*,*,#1014,.T.);
#1913 = ORIENTED_EDGE('',*,*,#1914,.F.);
#1914 = EDGE_CURVE('',#1372,#1015,#1915,.T.);
#1915 = LINE('',#1916,#1917);
#1916 = CARTESIAN_POINT('',(5.65,-4.325,18.));
#1917 = VECTOR('',#1918,1.);
#1918 = DIRECTION('',(-0.,-1.,0.));
#1919 = ORIENTED_EDGE('',*,*,#1379,.T.);
#1920 = ORIENTED_EDGE('',*,*,#1899,.T.);
#1921 = FACE_BOUND('',#1922,.F.);
#1922 = EDGE_LOOP('',(#1923,#1934));
#1923 = ORIENTED_EDGE('',*,*,#1924,.F.);
#1924 = EDGE_CURVE('',#1925,#1927,#1929,.T.);
#1925 = VERTEX_POINT('',#1926);
#1926 = CARTESIAN_POINT('',(4.5,1.E-15,18.));
#1927 = VERTEX_POINT('',#1928);
#1928 = CARTESIAN_POINT('',(-4.5,2.E-15,18.));
#1929 = CIRCLE('',#1930,4.5);
#1930 = AXIS2_PLACEMENT_3D('',#1931,#1932,#1933);
#1931 = CARTESIAN_POINT('',(2.967E-14,1.15E-15,18.));
#1932 = DIRECTION('',(4.24E-15,1.6E-16,1.));
#1933 = DIRECTION('',(1.,0.,-4.24E-15));
#1934 = ORIENTED_EDGE('',*,*,#1935,.F.);
#1935 = EDGE_CURVE('',#1927,#1925,#1936,.T.);
#1936 = CIRCLE('',#1937,4.5);
#1937 = AXIS2_PLACEMENT_3D('',#1938,#1939,#1940);
#1938 = CARTESIAN_POINT('',(2.967E-14,1.15E-15,18.));
#1939 = DIRECTION('',(4.24E-15,1.6E-16,1.));
#1940 = DIRECTION('',(1.,0.,-4.24E-15));
#1941 = PLANE('',#1942);
#1942 = AXIS2_PLACEMENT_3D('',#1943,#1944,#1945);
#1943 = CARTESIAN_POINT('',(2.95E-14,1.15E-15,18.));
#1944 = DIRECTION('',(-4.24E-15,-1.6E-16,-1.));
#1945 = DIRECTION('',(-1.,0.,4.24E-15));
#1946 = ADVANCED_FACE('',(#1947),#1953,.F.);
#1947 = FACE_BOUND('',#1948,.T.);
#1948 = EDGE_LOOP('',(#1949,#1950,#1951,#1952));
#1949 = ORIENTED_EDGE('',*,*,#1371,.F.);
#1950 = ORIENTED_EDGE('',*,*,#1871,.T.);
#1951 = ORIENTED_EDGE('',*,*,#1022,.T.);
#1952 = ORIENTED_EDGE('',*,*,#1914,.F.);
#1953 = PLANE('',#1954);
#1954 = AXIS2_PLACEMENT_3D('',#1955,#1956,#1957);
#1955 = CARTESIAN_POINT('',(5.65,-8.65,3.));
#1956 = DIRECTION('',(1.,-2.2E-16,2.2E-16));
#1957 = DIRECTION('',(-2.2E-16,-1.,-0.));
#1958 = ADVANCED_FACE('',(#1959),#1974,.T.);
#1959 = FACE_BOUND('',#1960,.F.);
#1960 = EDGE_LOOP('',(#1961,#1971,#1972,#1973));
#1961 = ORIENTED_EDGE('',*,*,#1962,.T.);
#1962 = EDGE_CURVE('',#1148,#1818,#1963,.T.);
#1963 = ( BOUNDED_CURVE() B_SPLINE_CURVE(6,(#1964,#1965,#1966,#1967,
#1968,#1969,#1970),.UNSPECIFIED.,.F.,.F.) B_SPLINE_CURVE_WITH_KNOTS((7,7
),(0.,1.320757358488),.PIECEWISE_BEZIER_KNOTS.) CURVE() 
GEOMETRIC_REPRESENTATION_ITEM() RATIONAL_B_SPLINE_CURVE((1.031393471788,
    1.010025407661,0.997924642725,0.993958444137,0.997924642725,
1.010025407661,1.031393471788)) REPRESENTATION_ITEM('') );
#1964 = CARTESIAN_POINT('',(-6.65,-1.320757358488,22.51));
#1965 = CARTESIAN_POINT('',(-6.65,-1.320757358488,22.640995023745));
#1966 = CARTESIAN_POINT('',(-6.608347868189,-1.320757358488,
    22.768577200565));
#1967 = CARTESIAN_POINT('',(-6.528440561469,-1.320757358488,
    22.878440561469));
#1968 = CARTESIAN_POINT('',(-6.418577200565,-1.320757358488,
    22.95834786819));
#1969 = CARTESIAN_POINT('',(-6.290995023745,-1.320757358488,23.));
#1970 = CARTESIAN_POINT('',(-6.16,-1.320757358488,23.));
#1971 = ORIENTED_EDGE('',*,*,#1826,.T.);
#1972 = ORIENTED_EDGE('',*,*,#1094,.F.);
#1973 = ORIENTED_EDGE('',*,*,#1147,.F.);
#1974 = CYLINDRICAL_SURFACE('',#1975,0.49);
#1975 = AXIS2_PLACEMENT_3D('',#1976,#1977,#1978);
#1976 = CARTESIAN_POINT('',(-6.16,7.65,22.51));
#1977 = DIRECTION('',(0.,-1.,1.6E-16));
#1978 = DIRECTION('',(-1.,2.176E-31,1.36E-15));
#1979 = ADVANCED_FACE('',(#1980),#2008,.F.);
#1980 = FACE_BOUND('',#1981,.F.);
#1981 = EDGE_LOOP('',(#1982,#1994,#2006,#2007));
#1982 = ORIENTED_EDGE('',*,*,#1983,.T.);
#1983 = EDGE_CURVE('',#1156,#1984,#1986,.T.);
#1984 = VERTEX_POINT('',#1985);
#1985 = CARTESIAN_POINT('',(-5.731250000009,2.E-15,22.664679896896));
#1986 = ( BOUNDED_CURVE() B_SPLINE_CURVE(6,(#1987,#1988,#1989,#1990,
#1991,#1992,#1993),.UNSPECIFIED.,.F.,.F.) B_SPLINE_CURVE_WITH_KNOTS((7,7
),(0.,1.320757358488),.PIECEWISE_BEZIER_KNOTS.) CURVE() 
GEOMETRIC_REPRESENTATION_ITEM() RATIONAL_B_SPLINE_CURVE((1.091352326546,
    1.026725961763,0.994308237348,0.983366834266,0.994308237348,
1.026725961763,1.091352326546)) REPRESENTATION_ITEM('') );
#1987 = CARTESIAN_POINT('',(-6.65,1.88E-15,22.427459666929));
#1988 = CARTESIAN_POINT('',(-6.65,1.44E-15,22.656280652866));
#1989 = CARTESIAN_POINT('',(-6.525433878449,1.33E-15,22.866542434011));
#1990 = CARTESIAN_POINT('',(-6.305505903393,1.55E-15,22.991001607539));
#1991 = CARTESIAN_POINT('',(-6.052815386924,1.33E-15,22.988572003797));
#1992 = CARTESIAN_POINT('',(-5.842027483477,1.44E-15,22.864898259578));
#1993 = CARTESIAN_POINT('',(-5.731250000009,1.88E-15,22.664679896896));
#1994 = ORIENTED_EDGE('',*,*,#1995,.T.);
#1995 = EDGE_CURVE('',#1984,#1818,#1996,.T.);
#1996 = ( BOUNDED_CURVE() B_SPLINE_CURVE(8,(#1997,#1998,#1999,#2000,
    #2001,#2002,#2003,#2004,#2005),.UNSPECIFIED.,.F.,.F.) 
B_SPLINE_CURVE_WITH_KNOTS((9,9),(7.65,8.970757358488),
.PIECEWISE_BEZIER_KNOTS.) CURVE() GEOMETRIC_REPRESENTATION_ITEM() 
RATIONAL_B_SPLINE_CURVE((1.091352326546,1.091352326546,1.086145986647,
    1.075375435373,1.066347529486,1.055979062759,1.047194453206,
1.038977503911,1.031393471788)) REPRESENTATION_ITEM('') );
#1997 = CARTESIAN_POINT('',(-5.73125,1.88E-15,22.66467989688));
#1998 = CARTESIAN_POINT('',(-5.73125,-0.165094669811,22.66467989688));
#1999 = CARTESIAN_POINT('',(-5.748361804947,-0.331832749119,
    22.705286866529));
#2000 = CARTESIAN_POINT('',(-5.783173802995,-0.499130615745,
    22.790681639778));
#2001 = CARTESIAN_POINT('',(-5.834753799349,-0.66349505996,
    22.858771635529));
#2002 = CARTESIAN_POINT('',(-5.905560753214,-0.828828641,22.928610905257
    ));
#2003 = CARTESIAN_POINT('',(-5.984464957135,-0.992744927757,
    22.973119109995));
#2004 = CARTESIAN_POINT('',(-6.069320789782,-1.156867799735,23.));
#2005 = CARTESIAN_POINT('',(-6.16,-1.320757358488,23.));
#2006 = ORIENTED_EDGE('',*,*,#1962,.F.);
#2007 = ORIENTED_EDGE('',*,*,#1155,.F.);
#2008 = ( BOUNDED_SURFACE() B_SPLINE_SURFACE(6,8,(
    (#2009,#2010,#2011,#2012,#2013,#2014,#2015,#2016,#2017)
    ,(#2018,#2019,#2020,#2021,#2022,#2023,#2024,#2025,#2026)
    ,(#2027,#2028,#2029,#2030,#2031,#2032,#2033,#2034,#2035)
    ,(#2036,#2037,#2038,#2039,#2040,#2041,#2042,#2043,#2044)
    ,(#2045,#2046,#2047,#2048,#2049,#2050,#2051,#2052,#2053)
    ,(#2054,#2055,#2056,#2057,#2058,#2059,#2060,#2061,#2062)
    ,(#2063,#2064,#2065,#2066,#2067,#2068,#2069,#2070,#2071
)),.UNSPECIFIED.,.F.,.F.,.F.) B_SPLINE_SURFACE_WITH_KNOTS((7,7),(9,9),(
    0.,1.320757358488),(7.65,8.970757358488),.PIECEWISE_BEZIER_KNOTS.) 
GEOMETRIC_REPRESENTATION_ITEM() RATIONAL_B_SPLINE_SURFACE((
    (1.091352326546,1.091352326546,1.086145986647,1.075375435373
      ,1.066347529486,1.055979062759,1.047194453206,1.038977503911
      ,1.031393471788)
    ,(1.026725961763,1.026725961763,1.025414330094,1.02271306956
      ,1.020238077432,1.01735253488,1.014788571336,1.012341072408
      ,1.010025407661)
    ,(0.994308237348,0.994308237348,0.994590225371,0.995169721425
      ,0.995717943013,0.996347045079,0.996904707613,0.997431567986
      ,0.997924642725)
    ,(0.983366834266,0.983366834266,0.984251465222,0.986080032589
      ,0.987645486073,0.989470005177,0.991050350459,0.992550254185
      ,0.993958444137)
    ,(0.994308237348,0.994308237348,0.994590225371,0.995169721425
      ,0.995717943013,0.996347045079,0.996904707613,0.997431567986
      ,0.997924642725)
    ,(1.026725961763,1.026725961763,1.025414330094,1.02271306956
      ,1.020238077432,1.01735253488,1.014788571336,1.012341072408
      ,1.010025407661)
    ,(1.091352326546,1.091352326546,1.086145986647,1.075375435373
      ,1.066347529486,1.055979062759,1.047194453206,1.038977503911
,1.031393471788))) REPRESENTATION_ITEM('') SURFACE() );
#2009 = CARTESIAN_POINT('',(-6.65,1.78E-15,22.427459666924));
#2010 = CARTESIAN_POINT('',(-6.65,-0.165094669811,22.427459666924));
#2011 = CARTESIAN_POINT('',(-6.65,-0.331832749119,22.437262625525));
#2012 = CARTESIAN_POINT('',(-6.65,-0.499130615745,22.458049314485));
#2013 = CARTESIAN_POINT('',(-6.65,-0.66349505996,22.473844411723));
#2014 = CARTESIAN_POINT('',(-6.65,-0.828828641,22.490694363834));
#2015 = CARTESIAN_POINT('',(-6.65,-0.992744927757,22.502516396631));
#2016 = CARTESIAN_POINT('',(-6.65,-1.156867799735,22.51));
#2017 = CARTESIAN_POINT('',(-6.65,-1.320757358488,22.51));
#2018 = CARTESIAN_POINT('',(-6.65,1.78E-15,22.656280652866));
#2019 = CARTESIAN_POINT('',(-6.65,-0.165094669811,22.656280652866));
#2020 = CARTESIAN_POINT('',(-6.65,-0.33062608013,22.659039553752));
#2021 = CARTESIAN_POINT('',(-6.65,-0.496306348359,22.664985407761));
#2022 = CARTESIAN_POINT('',(-6.65,-0.661308113521,22.66758999102));
#2023 = CARTESIAN_POINT('',(-6.65,-0.826459649545,22.668322933915));
#2024 = CARTESIAN_POINT('',(-6.65,-0.991239989388,22.665042389672));
#2025 = CARTESIAN_POINT('',(-6.65,-1.156040332059,22.657166770437));
#2026 = CARTESIAN_POINT('',(-6.65,-1.320757358488,22.640995023745));
#2027 = CARTESIAN_POINT('',(-6.525433878449,1.89E-15,22.866542434011));
#2028 = CARTESIAN_POINT('',(-6.525433878449,-0.165094669811,
    22.866542434011));
#2029 = CARTESIAN_POINT('',(-6.532811551867,-0.330092807494,
    22.864023354933));
#2030 = CARTESIAN_POINT('',(-6.548073563115,-0.495057367485,
    22.859120013279));
#2031 = CARTESIAN_POINT('',(-6.560626996473,-0.660166577458,
    22.850827082522));
#2032 = CARTESIAN_POINT('',(-6.574971059643,-0.825255330016,
    22.838114162862));
#2033 = CARTESIAN_POINT('',(-6.586974072468,-0.990420212939,
    22.821464615214));
#2034 = CARTESIAN_POINT('',(-6.598129774112,-1.155581075047,
    22.799733520128));
#2035 = CARTESIAN_POINT('',(-6.608347868189,-1.320757358488,
    22.768577200565));
#2036 = CARTESIAN_POINT('',(-6.305505903393,2.E-15,22.991001607539));
#2037 = CARTESIAN_POINT('',(-6.305505903393,-0.165094669811,
    22.991001607539));
#2038 = CARTESIAN_POINT('',(-6.324286371663,-0.329881301085,
    22.990319126136));
#2039 = CARTESIAN_POINT('',(-6.36296299141,-0.494571420806,
    22.989376797001));
#2040 = CARTESIAN_POINT('',(-6.396447303403,-0.659786897366,
    22.98119540985));
#2041 = CARTESIAN_POINT('',(-6.434996466291,-0.824836111903,
    22.967031062813));
#2042 = CARTESIAN_POINT('',(-6.46819414564,-0.990148174547,
    22.946017037665));
#2043 = CARTESIAN_POINT('',(-6.49941143089,-1.155428459071,
    22.918193711734));
#2044 = CARTESIAN_POINT('',(-6.528440561469,-1.320757358488,
    22.878440561469));
#2045 = CARTESIAN_POINT('',(-6.052815386924,1.89E-15,22.988572003797));
#2046 = CARTESIAN_POINT('',(-6.052815386924,-0.165094669811,
    22.988572003797));
#2047 = CARTESIAN_POINT('',(-6.08054063035,-0.330092807494,
    22.998797169645));
#2048 = CARTESIAN_POINT('',(-6.137511999475,-0.495057367485,
    23.020547581285));
#2049 = CARTESIAN_POINT('',(-6.191127264147,-0.660166577458,
    23.028077211678));
#2050 = CARTESIAN_POINT('',(-6.254208955891,-0.825255330016,
    23.02968443128));
#2051 = CARTESIAN_POINT('',(-6.311216101851,-0.990420212939,
    23.018101471897));
#2052 = CARTESIAN_POINT('',(-6.366111017264,-1.155581075047,
    22.9963576664));
#2053 = CARTESIAN_POINT('',(-6.418577200565,-1.320757358488,
    22.95834786819));
#2054 = CARTESIAN_POINT('',(-5.842027483477,1.78E-15,22.864898259578));
#2055 = CARTESIAN_POINT('',(-5.842027483477,-0.165094669811,
    22.864898259578));
#2056 = CARTESIAN_POINT('',(-5.869993789134,-0.33062608013,
    22.891271384788));
#2057 = CARTESIAN_POINT('',(-5.927319213635,-0.496306348359,
    22.946584787223));
#2058 = CARTESIAN_POINT('',(-5.989474309836,-0.661308113521,
    22.982689113037));
#2059 = CARTESIAN_POINT('',(-6.066115540813,-0.826459649545,
    23.015116824361));
#2060 = CARTESIAN_POINT('',(-6.140953732613,-0.991239989388,
    23.026934015147));
#2061 = CARTESIAN_POINT('',(-6.21602972681,-1.156040332059,
    23.024364284069));
#2062 = CARTESIAN_POINT('',(-6.290995023745,-1.320757358488,23.));
#2063 = CARTESIAN_POINT('',(-5.73125,1.88E-15,22.66467989688));
#2064 = CARTESIAN_POINT('',(-5.73125,-0.165094669811,22.66467989688));
#2065 = CARTESIAN_POINT('',(-5.748361804947,-0.331832749119,
    22.705286866529));
#2066 = CARTESIAN_POINT('',(-5.783173802995,-0.499130615745,
    22.790681639778));
#2067 = CARTESIAN_POINT('',(-5.834753799349,-0.66349505996,
    22.858771635529));
#2068 = CARTESIAN_POINT('',(-5.905560753214,-0.828828641,22.928610905257
    ));
#2069 = CARTESIAN_POINT('',(-5.984464957135,-0.992744927757,
    22.973119109995));
#2070 = CARTESIAN_POINT('',(-6.069320789782,-1.156867799735,23.));
#2071 = CARTESIAN_POINT('',(-6.16,-1.320757358488,23.));
#2072 = ADVANCED_FACE('',(#2073),#2098,.F.);
#2073 = FACE_BOUND('',#2074,.F.);
#2074 = EDGE_LOOP('',(#2075,#2084,#2096,#2097));
#2075 = ORIENTED_EDGE('',*,*,#2076,.T.);
#2076 = EDGE_CURVE('',#1170,#2077,#2079,.T.);
#2077 = VERTEX_POINT('',#2078);
#2078 = CARTESIAN_POINT('',(-6.16,1.320757358488,23.));
#2079 = CIRCLE('',#2080,0.49);
#2080 = AXIS2_PLACEMENT_3D('',#2081,#2082,#2083);
#2081 = CARTESIAN_POINT('',(-6.16,1.320757358488,22.51));
#2082 = DIRECTION('',(0.,1.,-1.6E-16));
#2083 = DIRECTION('',(-1.,2.176E-31,1.36E-15));
#2084 = ORIENTED_EDGE('',*,*,#2085,.T.);
#2085 = EDGE_CURVE('',#2077,#1984,#2086,.T.);
#2086 = ( BOUNDED_CURVE() B_SPLINE_CURVE(8,(#2087,#2088,#2089,#2090,
    #2091,#2092,#2093,#2094,#2095),.UNSPECIFIED.,.F.,.F.) 
B_SPLINE_CURVE_WITH_KNOTS((9,9),(6.329242641512,7.65),
.PIECEWISE_BEZIER_KNOTS.) CURVE() GEOMETRIC_REPRESENTATION_ITEM() 
RATIONAL_B_SPLINE_CURVE((1.031393471788,1.038977503911,1.047194453206,
    1.05597906276,1.066347529486,1.075375435373,1.086145986647,
1.091352326546,1.091352326546)) REPRESENTATION_ITEM('') );
#2087 = CARTESIAN_POINT('',(-6.16,1.320757358488,23.));
#2088 = CARTESIAN_POINT('',(-6.069320789782,1.156867799735,23.));
#2089 = CARTESIAN_POINT('',(-5.984464957135,0.992744927758,
    22.973119109995));
#2090 = CARTESIAN_POINT('',(-5.905560753214,0.828828641,22.928610905257)
  );
#2091 = CARTESIAN_POINT('',(-5.834753799349,0.66349505996,
    22.858771635529));
#2092 = CARTESIAN_POINT('',(-5.783173802995,0.499130615745,
    22.790681639778));
#2093 = CARTESIAN_POINT('',(-5.748361804947,0.331832749119,
    22.705286866529));
#2094 = CARTESIAN_POINT('',(-5.73125,0.165094669811,22.66467989688));
#2095 = CARTESIAN_POINT('',(-5.731250000009,1.88E-15,22.664679896896));
#2096 = ORIENTED_EDGE('',*,*,#1983,.F.);
#2097 = ORIENTED_EDGE('',*,*,#1169,.F.);
#2098 = ( BOUNDED_SURFACE() B_SPLINE_SURFACE(6,8,(
    (#2099,#2100,#2101,#2102,#2103,#2104,#2105,#2106,#2107)
    ,(#2108,#2109,#2110,#2111,#2112,#2113,#2114,#2115,#2116)
    ,(#2117,#2118,#2119,#2120,#2121,#2122,#2123,#2124,#2125)
    ,(#2126,#2127,#2128,#2129,#2130,#2131,#2132,#2133,#2134)
    ,(#2135,#2136,#2137,#2138,#2139,#2140,#2141,#2142,#2143)
    ,(#2144,#2145,#2146,#2147,#2148,#2149,#2150,#2151,#2152)
    ,(#2153,#2154,#2155,#2156,#2157,#2158,#2159,#2160,#2161
)),.UNSPECIFIED.,.F.,.F.,.F.) B_SPLINE_SURFACE_WITH_KNOTS((7,7),(9,9),(
    0.,1.320757358488),(6.329242641512,7.65),.PIECEWISE_BEZIER_KNOTS.) 
GEOMETRIC_REPRESENTATION_ITEM() RATIONAL_B_SPLINE_SURFACE((
    (1.031393471788,1.038977503911,1.047194453206,1.05597906276
      ,1.066347529486,1.075375435373,1.086145986647,1.091352326546
      ,1.091352326546)
    ,(1.010025407661,1.012341072409,1.014788571336,1.01735253488
      ,1.020238077432,1.02271306956,1.025414330094,1.026725961763
      ,1.026725961763)
    ,(0.997924642725,0.997431567986,0.996904707613,0.99634704508
      ,0.995717943013,0.995169721425,0.994590225371,0.994308237348
      ,0.994308237348)
    ,(0.993958444137,0.992550254185,0.991050350458,0.989470005177
      ,0.987645486073,0.986080032589,0.984251465222,0.983366834266
      ,0.983366834266)
    ,(0.997924642725,0.997431567986,0.996904707613,0.99634704508
      ,0.995717943013,0.995169721425,0.994590225371,0.994308237348
      ,0.994308237348)
    ,(1.010025407661,1.012341072409,1.014788571336,1.01735253488
      ,1.020238077432,1.02271306956,1.025414330094,1.026725961763
      ,1.026725961763)
    ,(1.031393471788,1.038977503911,1.047194453206,1.05597906276
      ,1.066347529486,1.075375435373,1.086145986647,1.091352326546
,1.091352326546))) REPRESENTATION_ITEM('') SURFACE() );
#2099 = CARTESIAN_POINT('',(-6.65,1.320757358488,22.51));
#2100 = CARTESIAN_POINT('',(-6.65,1.156867799735,22.51));
#2101 = CARTESIAN_POINT('',(-6.65,0.992744927758,22.502516396631));
#2102 = CARTESIAN_POINT('',(-6.65,0.828828641,22.490694363834));
#2103 = CARTESIAN_POINT('',(-6.65,0.66349505996,22.473844411723));
#2104 = CARTESIAN_POINT('',(-6.65,0.499130615745,22.458049314485));
#2105 = CARTESIAN_POINT('',(-6.65,0.331832749119,22.437262625525));
#2106 = CARTESIAN_POINT('',(-6.65,0.165094669811,22.427459666924));
#2107 = CARTESIAN_POINT('',(-6.65,1.88E-15,22.427459666929));
#2108 = CARTESIAN_POINT('',(-6.65,1.320757358488,22.640995023745));
#2109 = CARTESIAN_POINT('',(-6.65,1.156040332059,22.657166770437));
#2110 = CARTESIAN_POINT('',(-6.65,0.991239989388,22.665042389672));
#2111 = CARTESIAN_POINT('',(-6.65,0.826459649545,22.668322933915));
#2112 = CARTESIAN_POINT('',(-6.65,0.661308113521,22.66758999102));
#2113 = CARTESIAN_POINT('',(-6.65,0.496306348359,22.664985407761));
#2114 = CARTESIAN_POINT('',(-6.65,0.33062608013,22.659039553752));
#2115 = CARTESIAN_POINT('',(-6.65,0.165094669811,22.656280652866));
#2116 = CARTESIAN_POINT('',(-6.65,1.44E-15,22.656280652866));
#2117 = CARTESIAN_POINT('',(-6.608347868189,1.320757358488,
    22.768577200565));
#2118 = CARTESIAN_POINT('',(-6.598129774112,1.155581075047,
    22.799733520128));
#2119 = CARTESIAN_POINT('',(-6.586974072468,0.990420212939,
    22.821464615214));
#2120 = CARTESIAN_POINT('',(-6.574971059643,0.825255330016,
    22.838114162862));
#2121 = CARTESIAN_POINT('',(-6.560626996473,0.660166577458,
    22.850827082521));
#2122 = CARTESIAN_POINT('',(-6.548073563115,0.495057367485,
    22.859120013279));
#2123 = CARTESIAN_POINT('',(-6.532811551867,0.330092807494,
    22.864023354933));
#2124 = CARTESIAN_POINT('',(-6.525433878449,0.165094669811,
    22.866542434011));
#2125 = CARTESIAN_POINT('',(-6.525433878449,1.33E-15,22.866542434011));
#2126 = CARTESIAN_POINT('',(-6.528440561469,1.320757358488,
    22.878440561469));
#2127 = CARTESIAN_POINT('',(-6.49941143089,1.155428459071,
    22.918193711734));
#2128 = CARTESIAN_POINT('',(-6.46819414564,0.990148174547,
    22.946017037665));
#2129 = CARTESIAN_POINT('',(-6.434996466291,0.824836111903,
    22.967031062813));
#2130 = CARTESIAN_POINT('',(-6.396447303403,0.659786897366,
    22.98119540985));
#2131 = CARTESIAN_POINT('',(-6.36296299141,0.494571420806,
    22.989376797001));
#2132 = CARTESIAN_POINT('',(-6.324286371664,0.329881301085,
    22.990319126136));
#2133 = CARTESIAN_POINT('',(-6.305505903393,0.165094669811,
    22.991001607539));
#2134 = CARTESIAN_POINT('',(-6.305505903393,1.55E-15,22.991001607539));
#2135 = CARTESIAN_POINT('',(-6.418577200565,1.320757358488,
    22.95834786819));
#2136 = CARTESIAN_POINT('',(-6.366111017264,1.155581075047,22.9963576664
    ));
#2137 = CARTESIAN_POINT('',(-6.311216101851,0.990420212939,
    23.018101471897));
#2138 = CARTESIAN_POINT('',(-6.254208955891,0.825255330016,
    23.02968443128));
#2139 = CARTESIAN_POINT('',(-6.191127264147,0.660166577458,
    23.028077211678));
#2140 = CARTESIAN_POINT('',(-6.137511999475,0.495057367485,
    23.020547581285));
#2141 = CARTESIAN_POINT('',(-6.08054063035,0.330092807494,
    22.998797169645));
#2142 = CARTESIAN_POINT('',(-6.052815386924,0.165094669811,
    22.988572003797));
#2143 = CARTESIAN_POINT('',(-6.052815386924,1.33E-15,22.988572003797));
#2144 = CARTESIAN_POINT('',(-6.290995023745,1.320757358488,23.));
#2145 = CARTESIAN_POINT('',(-6.21602972681,1.156040332059,
    23.024364284069));
#2146 = CARTESIAN_POINT('',(-6.140953732613,0.991239989388,
    23.026934015147));
#2147 = CARTESIAN_POINT('',(-6.066115540813,0.826459649545,
    23.015116824361));
#2148 = CARTESIAN_POINT('',(-5.989474309836,0.661308113521,
    22.982689113037));
#2149 = CARTESIAN_POINT('',(-5.927319213635,0.496306348359,
    22.946584787223));
#2150 = CARTESIAN_POINT('',(-5.869993789134,0.33062608013,
    22.891271384788));
#2151 = CARTESIAN_POINT('',(-5.842027483477,0.165094669811,
    22.864898259578));
#2152 = CARTESIAN_POINT('',(-5.842027483477,1.44E-15,22.864898259578));
#2153 = CARTESIAN_POINT('',(-6.16,1.320757358488,23.));
#2154 = CARTESIAN_POINT('',(-6.069320789782,1.156867799735,23.));
#2155 = CARTESIAN_POINT('',(-5.984464957135,0.992744927758,
    22.973119109995));
#2156 = CARTESIAN_POINT('',(-5.905560753214,0.828828641,22.928610905257)
  );
#2157 = CARTESIAN_POINT('',(-5.834753799349,0.66349505996,
    22.858771635529));
#2158 = CARTESIAN_POINT('',(-5.783173802995,0.499130615745,
    22.790681639778));
#2159 = CARTESIAN_POINT('',(-5.748361804947,0.331832749119,
    22.705286866529));
#2160 = CARTESIAN_POINT('',(-5.73125,0.165094669811,22.66467989688));
#2161 = CARTESIAN_POINT('',(-5.731250000009,1.88E-15,22.664679896896));
#2162 = ADVANCED_FACE('',(#2163),#2174,.T.);
#2163 = FACE_BOUND('',#2164,.F.);
#2164 = EDGE_LOOP('',(#2165,#2166,#2172,#2173));
#2165 = ORIENTED_EDGE('',*,*,#1439,.T.);
#2166 = ORIENTED_EDGE('',*,*,#2167,.T.);
#2167 = EDGE_CURVE('',#1440,#2077,#2168,.T.);
#2168 = LINE('',#2169,#2170);
#2169 = CARTESIAN_POINT('',(-6.16,7.65,23.));
#2170 = VECTOR('',#2171,1.);
#2171 = DIRECTION('',(0.,-1.,1.6E-16));
#2172 = ORIENTED_EDGE('',*,*,#2076,.F.);
#2173 = ORIENTED_EDGE('',*,*,#1183,.F.);
#2174 = CYLINDRICAL_SURFACE('',#2175,0.49);
#2175 = AXIS2_PLACEMENT_3D('',#2176,#2177,#2178);
#2176 = CARTESIAN_POINT('',(-6.16,7.65,22.51));
#2177 = DIRECTION('',(0.,-1.,1.6E-16));
#2178 = DIRECTION('',(-1.,2.176E-31,1.36E-15));
#2179 = ADVANCED_FACE('',(#2180),#2208,.T.);
#2180 = FACE_BOUND('',#2181,.T.);
#2181 = EDGE_LOOP('',(#2182,#2183,#2184,#2185,#2192,#2193,#2194,#2195,
    #2201,#2202));
#2182 = ORIENTED_EDGE('',*,*,#1456,.F.);
#2183 = ORIENTED_EDGE('',*,*,#1448,.T.);
#2184 = ORIENTED_EDGE('',*,*,#2167,.T.);
#2185 = ORIENTED_EDGE('',*,*,#2186,.T.);
#2186 = EDGE_CURVE('',#2077,#1510,#2187,.T.);
#2187 = CIRCLE('',#2188,6.3);
#2188 = AXIS2_PLACEMENT_3D('',#2189,#2190,#2191);
#2189 = CARTESIAN_POINT('',(5.087E-14,1.93E-15,23.));
#2190 = DIRECTION('',(-4.24E-15,-1.6E-16,-1.));
#2191 = DIRECTION('',(1.,0.,-4.24E-15));
#2192 = ORIENTED_EDGE('',*,*,#1521,.T.);
#2193 = ORIENTED_EDGE('',*,*,#1260,.F.);
#2194 = ORIENTED_EDGE('',*,*,#1252,.T.);
#2195 = ORIENTED_EDGE('',*,*,#2196,.F.);
#2196 = EDGE_CURVE('',#1336,#1244,#2197,.T.);
#2197 = LINE('',#2198,#2199);
#2198 = CARTESIAN_POINT('',(8.16,8.65,23.));
#2199 = VECTOR('',#2200,1.);
#2200 = DIRECTION('',(-2.2E-16,-1.,1.6E-16));
#2201 = ORIENTED_EDGE('',*,*,#1335,.T.);
#2202 = ORIENTED_EDGE('',*,*,#2203,.T.);
#2203 = EDGE_CURVE('',#1327,#1457,#2204,.T.);
#2204 = LINE('',#2205,#2206);
#2205 = CARTESIAN_POINT('',(-8.16,8.65,23.));
#2206 = VECTOR('',#2207,1.);
#2207 = DIRECTION('',(0.,-1.,1.6E-16));
#2208 = PLANE('',#2209);
#2209 = AXIS2_PLACEMENT_3D('',#2210,#2211,#2212);
#2210 = CARTESIAN_POINT('',(4.986E-14,5.8E-16,23.));
#2211 = DIRECTION('',(4.4E-15,0.,1.));
#2212 = DIRECTION('',(1.,0.,-4.4E-15));
#2213 = ADVANCED_FACE('',(#2214),#2225,.T.);
#2214 = FACE_BOUND('',#2215,.T.);
#2215 = EDGE_LOOP('',(#2216,#2217,#2218,#2219));
#2216 = ORIENTED_EDGE('',*,*,#1343,.T.);
#2217 = ORIENTED_EDGE('',*,*,#2196,.T.);
#2218 = ORIENTED_EDGE('',*,*,#1243,.F.);
#2219 = ORIENTED_EDGE('',*,*,#2220,.F.);
#2220 = EDGE_CURVE('',#1344,#1236,#2221,.T.);
#2221 = LINE('',#2222,#2223);
#2222 = CARTESIAN_POINT('',(8.65,8.65,22.51));
#2223 = VECTOR('',#2224,1.);
#2224 = DIRECTION('',(-2.2E-16,-1.,1.6E-16));
#2225 = CYLINDRICAL_SURFACE('',#2226,0.49);
#2226 = AXIS2_PLACEMENT_3D('',#2227,#2228,#2229);
#2227 = CARTESIAN_POINT('',(8.16,8.65,22.51));
#2228 = DIRECTION('',(-2.2E-16,-1.,1.6E-16));
#2229 = DIRECTION('',(1.,-2.2E-16,0.));
#2230 = ADVANCED_FACE('',(#2231),#2237,.T.);
#2231 = FACE_BOUND('',#2232,.T.);
#2232 = EDGE_LOOP('',(#2233,#2234,#2235,#2236));
#2233 = ORIENTED_EDGE('',*,*,#1235,.F.);
#2234 = ORIENTED_EDGE('',*,*,#1292,.F.);
#2235 = ORIENTED_EDGE('',*,*,#1352,.T.);
#2236 = ORIENTED_EDGE('',*,*,#2220,.T.);
#2237 = PLANE('',#2238);
#2238 = AXIS2_PLACEMENT_3D('',#2239,#2240,#2241);
#2239 = CARTESIAN_POINT('',(8.65,8.15,11.));
#2240 = DIRECTION('',(1.,0.,0.));
#2241 = DIRECTION('',(0.,0.,1.));
#2242 = ADVANCED_FACE('',(#2243),#2254,.T.);
#2243 = FACE_BOUND('',#2244,.T.);
#2244 = EDGE_LOOP('',(#2245,#2246,#2252,#2253));
#2245 = ORIENTED_EDGE('',*,*,#1473,.F.);
#2246 = ORIENTED_EDGE('',*,*,#2247,.F.);
#2247 = EDGE_CURVE('',#1319,#1465,#2248,.T.);
#2248 = LINE('',#2249,#2250);
#2249 = CARTESIAN_POINT('',(-8.65,8.65,22.51));
#2250 = VECTOR('',#2251,1.);
#2251 = DIRECTION('',(0.,-1.,1.6E-16));
#2252 = ORIENTED_EDGE('',*,*,#1318,.T.);
#2253 = ORIENTED_EDGE('',*,*,#1414,.T.);
#2254 = PLANE('',#2255);
#2255 = AXIS2_PLACEMENT_3D('',#2256,#2257,#2258);
#2256 = CARTESIAN_POINT('',(-8.65,8.15,11.));
#2257 = DIRECTION('',(-1.,0.,2.8E-16));
#2258 = DIRECTION('',(-2.8E-16,0.,-1.));
#2259 = ADVANCED_FACE('',(#2260),#2266,.T.);
#2260 = FACE_BOUND('',#2261,.F.);
#2261 = EDGE_LOOP('',(#2262,#2263,#2264,#2265));
#2262 = ORIENTED_EDGE('',*,*,#1326,.T.);
#2263 = ORIENTED_EDGE('',*,*,#2203,.T.);
#2264 = ORIENTED_EDGE('',*,*,#1464,.F.);
#2265 = ORIENTED_EDGE('',*,*,#2247,.F.);
#2266 = CYLINDRICAL_SURFACE('',#2267,0.49);
#2267 = AXIS2_PLACEMENT_3D('',#2268,#2269,#2270);
#2268 = CARTESIAN_POINT('',(-8.16,8.65,22.51));
#2269 = DIRECTION('',(0.,-1.,1.6E-16));
#2270 = DIRECTION('',(-1.,4.48E-32,2.8E-16));
#2271 = ADVANCED_FACE('',(#2272),#2302,.T.);
#2272 = FACE_BOUND('',#2273,.F.);
#2273 = EDGE_LOOP('',(#2274,#2275,#2276,#2285,#2294,#2301));
#2274 = ORIENTED_EDGE('',*,*,#2186,.T.);
#2275 = ORIENTED_EDGE('',*,*,#1549,.F.);
#2276 = ORIENTED_EDGE('',*,*,#2277,.T.);
#2277 = EDGE_CURVE('',#1538,#2278,#2280,.T.);
#2278 = VERTEX_POINT('',#2279);
#2279 = CARTESIAN_POINT('',(5.65,2.E-15,22.35));
#2280 = CIRCLE('',#2281,0.65);
#2281 = AXIS2_PLACEMENT_3D('',#2282,#2283,#2284);
#2282 = CARTESIAN_POINT('',(6.3,1.83E-15,22.35));
#2283 = DIRECTION('',(0.,-1.,1.6E-16));
#2284 = DIRECTION('',(1.,-6.784E-31,-4.24E-15));
#2285 = ORIENTED_EDGE('',*,*,#2286,.F.);
#2286 = EDGE_CURVE('',#2287,#2278,#2289,.T.);
#2287 = VERTEX_POINT('',#2288);
#2288 = CARTESIAN_POINT('',(-5.65,3.E-15,22.35));
#2289 = CIRCLE('',#2290,5.65);
#2290 = AXIS2_PLACEMENT_3D('',#2291,#2292,#2293);
#2291 = CARTESIAN_POINT('',(4.811E-14,1.83E-15,22.35));
#2292 = DIRECTION('',(-4.24E-15,-1.6E-16,-1.));
#2293 = DIRECTION('',(1.,0.,-4.24E-15));
#2294 = ORIENTED_EDGE('',*,*,#2295,.F.);
#2295 = EDGE_CURVE('',#1984,#2287,#2296,.T.);
#2296 = CIRCLE('',#2297,0.65);
#2297 = AXIS2_PLACEMENT_3D('',#2298,#2299,#2300);
#2298 = CARTESIAN_POINT('',(-6.3,2.E-15,22.35));
#2299 = DIRECTION('',(0.,1.,-0.));
#2300 = DIRECTION('',(-1.,0.,4.E-15));
#2301 = ORIENTED_EDGE('',*,*,#2085,.F.);
#2302 = TOROIDAL_SURFACE('',#2303,6.3,0.65);
#2303 = AXIS2_PLACEMENT_3D('',#2304,#2305,#2306);
#2304 = CARTESIAN_POINT('',(4.811E-14,1.83E-15,22.35));
#2305 = DIRECTION('',(4.24E-15,1.6E-16,1.));
#2306 = DIRECTION('',(1.,0.,-4.24E-15));
#2307 = ADVANCED_FACE('',(#2308),#2322,.T.);
#2308 = FACE_BOUND('',#2309,.F.);
#2309 = EDGE_LOOP('',(#2310,#2311,#2312,#2313,#2314,#2315));
#2310 = ORIENTED_EDGE('',*,*,#2277,.F.);
#2311 = ORIENTED_EDGE('',*,*,#1639,.F.);
#2312 = ORIENTED_EDGE('',*,*,#1817,.T.);
#2313 = ORIENTED_EDGE('',*,*,#1995,.F.);
#2314 = ORIENTED_EDGE('',*,*,#2295,.T.);
#2315 = ORIENTED_EDGE('',*,*,#2316,.F.);
#2316 = EDGE_CURVE('',#2278,#2287,#2317,.T.);
#2317 = CIRCLE('',#2318,5.65);
#2318 = AXIS2_PLACEMENT_3D('',#2319,#2320,#2321);
#2319 = CARTESIAN_POINT('',(4.811E-14,1.83E-15,22.35));
#2320 = DIRECTION('',(-4.24E-15,-1.6E-16,-1.));
#2321 = DIRECTION('',(1.,0.,-4.24E-15));
#2322 = TOROIDAL_SURFACE('',#2323,6.3,0.65);
#2323 = AXIS2_PLACEMENT_3D('',#2324,#2325,#2326);
#2324 = CARTESIAN_POINT('',(4.811E-14,1.83E-15,22.35));
#2325 = DIRECTION('',(4.24E-15,1.6E-16,1.));
#2326 = DIRECTION('',(1.,0.,-4.24E-15));
#2327 = ADVANCED_FACE('',(#2328),#2356,.F.);
#2328 = FACE_BOUND('',#2329,.F.);
#2329 = EDGE_LOOP('',(#2330,#2341,#2346,#2347,#2348,#2349));
#2330 = ORIENTED_EDGE('',*,*,#2331,.F.);
#2331 = EDGE_CURVE('',#2332,#2334,#2336,.T.);
#2332 = VERTEX_POINT('',#2333);
#2333 = CARTESIAN_POINT('',(4.5,1.E-15,19.));
#2334 = VERTEX_POINT('',#2335);
#2335 = CARTESIAN_POINT('',(-4.5,2.E-15,19.));
#2336 = CIRCLE('',#2337,4.5);
#2337 = AXIS2_PLACEMENT_3D('',#2338,#2339,#2340);
#2338 = CARTESIAN_POINT('',(3.391E-14,1.31E-15,19.));
#2339 = DIRECTION('',(4.24E-15,1.6E-16,1.));
#2340 = DIRECTION('',(1.,0.,-4.24E-15));
#2341 = ORIENTED_EDGE('',*,*,#2342,.F.);
#2342 = EDGE_CURVE('',#1925,#2332,#2343,.T.);
#2343 = B_SPLINE_CURVE_WITH_KNOTS('',1,(#2344,#2345),.UNSPECIFIED.,.F.,
  .F.,(2,2),(-1.,0.),.PIECEWISE_BEZIER_KNOTS.);
#2344 = CARTESIAN_POINT('',(4.5,5.E-17,18.));
#2345 = CARTESIAN_POINT('',(4.5,2.E-16,19.));
#2346 = ORIENTED_EDGE('',*,*,#1924,.T.);
#2347 = ORIENTED_EDGE('',*,*,#1935,.T.);
#2348 = ORIENTED_EDGE('',*,*,#2342,.T.);
#2349 = ORIENTED_EDGE('',*,*,#2350,.F.);
#2350 = EDGE_CURVE('',#2334,#2332,#2351,.T.);
#2351 = CIRCLE('',#2352,4.5);
#2352 = AXIS2_PLACEMENT_3D('',#2353,#2354,#2355);
#2353 = CARTESIAN_POINT('',(3.391E-14,1.31E-15,19.));
#2354 = DIRECTION('',(4.24E-15,1.6E-16,1.));
#2355 = DIRECTION('',(1.,0.,-4.24E-15));
#2356 = CYLINDRICAL_SURFACE('',#2357,4.5);
#2357 = AXIS2_PLACEMENT_3D('',#2358,#2359,#2360);
#2358 = CARTESIAN_POINT('',(3.391E-14,1.31E-15,19.));
#2359 = DIRECTION('',(4.24E-15,1.6E-16,1.));
#2360 = DIRECTION('',(1.,0.,-4.24E-15));
#2361 = ADVANCED_FACE('',(#2362),#2390,.F.);
#2362 = FACE_BOUND('',#2363,.F.);
#2363 = EDGE_LOOP('',(#2364,#2375,#2380,#2381,#2382,#2383));
#2364 = ORIENTED_EDGE('',*,*,#2365,.F.);
#2365 = EDGE_CURVE('',#2366,#2368,#2370,.T.);
#2366 = VERTEX_POINT('',#2367);
#2367 = CARTESIAN_POINT('',(5.65,1.E-15,19.));
#2368 = VERTEX_POINT('',#2369);
#2369 = CARTESIAN_POINT('',(-5.65,3.E-15,19.));
#2370 = CIRCLE('',#2371,5.65);
#2371 = AXIS2_PLACEMENT_3D('',#2372,#2373,#2374);
#2372 = CARTESIAN_POINT('',(3.391E-14,1.31E-15,19.));
#2373 = DIRECTION('',(-4.24E-15,-1.6E-16,-1.));
#2374 = DIRECTION('',(1.,0.,-4.24E-15));
#2375 = ORIENTED_EDGE('',*,*,#2376,.F.);
#2376 = EDGE_CURVE('',#2278,#2366,#2377,.T.);
#2377 = B_SPLINE_CURVE_WITH_KNOTS('',1,(#2378,#2379),.UNSPECIFIED.,.F.,
  .F.,(2,2),(-0.35,3.),.PIECEWISE_BEZIER_KNOTS.);
#2378 = CARTESIAN_POINT('',(5.65,3.22E-15,22.35));
#2379 = CARTESIAN_POINT('',(5.65,2.69E-15,19.));
#2380 = ORIENTED_EDGE('',*,*,#2316,.T.);
#2381 = ORIENTED_EDGE('',*,*,#2286,.T.);
#2382 = ORIENTED_EDGE('',*,*,#2376,.T.);
#2383 = ORIENTED_EDGE('',*,*,#2384,.F.);
#2384 = EDGE_CURVE('',#2368,#2366,#2385,.T.);
#2385 = CIRCLE('',#2386,5.65);
#2386 = AXIS2_PLACEMENT_3D('',#2387,#2388,#2389);
#2387 = CARTESIAN_POINT('',(3.391E-14,1.31E-15,19.));
#2388 = DIRECTION('',(-4.24E-15,-1.6E-16,-1.));
#2389 = DIRECTION('',(1.,0.,-4.24E-15));
#2390 = CYLINDRICAL_SURFACE('',#2391,5.65);
#2391 = AXIS2_PLACEMENT_3D('',#2392,#2393,#2394);
#2392 = CARTESIAN_POINT('',(4.663E-14,1.78E-15,22.));
#2393 = DIRECTION('',(-4.24E-15,-1.6E-16,-1.));
#2394 = DIRECTION('',(1.,0.,-4.24E-15));
#2395 = ADVANCED_FACE('',(#2396,#2400),#2404,.F.);
#2396 = FACE_BOUND('',#2397,.T.);
#2397 = EDGE_LOOP('',(#2398,#2399));
#2398 = ORIENTED_EDGE('',*,*,#2365,.F.);
#2399 = ORIENTED_EDGE('',*,*,#2384,.F.);
#2400 = FACE_BOUND('',#2401,.T.);
#2401 = EDGE_LOOP('',(#2402,#2403));
#2402 = ORIENTED_EDGE('',*,*,#2331,.F.);
#2403 = ORIENTED_EDGE('',*,*,#2350,.F.);
#2404 = PLANE('',#2405);
#2405 = AXIS2_PLACEMENT_3D('',#2406,#2407,#2408);
#2406 = CARTESIAN_POINT('',(3.374E-14,1.31E-15,19.));
#2407 = DIRECTION('',(-4.24E-15,-1.6E-16,-1.));
#2408 = DIRECTION('',(-1.,0.,4.24E-15));
#2409 = ( GEOMETRIC_REPRESENTATION_CONTEXT(3) 
GLOBAL_UNCERTAINTY_ASSIGNED_CONTEXT((#2413)) 
GLOBAL_UNIT_ASSIGNED_CONTEXT((#2410,#2411,#2412)) REPRESENTATION_CONTEXT
('Context #1','3D Context with UNIT and UNCERTAINTY') );
#2410 = ( LENGTH_UNIT() NAMED_UNIT(*) SI_UNIT(.MILLI.,.METRE.) );
#2411 = ( NAMED_UNIT(*) PLANE_ANGLE_UNIT() SI_UNIT($,.RADIAN.) );
#2412 = ( NAMED_UNIT(*) SI_UNIT($,.STERADIAN.) SOLID_ANGLE_UNIT() );
#2413 = UNCERTAINTY_MEASURE_WITH_UNIT(LENGTH_MEASURE(2.E-05),#2410,
  'distance_accuracy_value','confusion accuracy');
#2414 = PRODUCT_RELATED_PRODUCT_CATEGORY('part',$,(#7));
#2415 = MECHANICAL_DESIGN_GEOMETRIC_PRESENTATION_REPRESENTATION('',(
    #2416),#2409);
#2416 = STYLED_ITEM('color',(#2417),#15);
#2417 = PRESENTATION_STYLE_ASSIGNMENT((#2418,#2424));
#2418 = SURFACE_STYLE_USAGE(.BOTH.,#2419);
#2419 = SURFACE_SIDE_STYLE('',(#2420));
#2420 = SURFACE_STYLE_FILL_AREA(#2421);
#2421 = FILL_AREA_STYLE('',(#2422));
#2422 = FILL_AREA_STYLE_COLOUR('',#2423);
#2423 = COLOUR_RGB('',0.447058818107,0.474509808674,0.501960817233);
#2424 = CURVE_STYLE('',#2425,POSITIVE_LENGTH_MEASURE(0.1),#2426);
#2425 = DRAUGHTING_PRE_DEFINED_CURVE_FONT('continuous');
#2426 = COLOUR_RGB('',9.803921802644E-02,9.803921802644E-02,
  9.803921802644E-02);
ENDSEC;
END-ISO-10303-21;
