ISO-10303-21;
HEADER;
FILE_DESCRIPTION(('FreeCAD Model'),'2;1');
FILE_NAME('Open CASCADE Shape Model','2026-02-11T14:32:22',(''),(''),
  'Open CASCADE STEP processor 7.8','FreeCAD','Unknown');
FILE_SCHEMA(('AUTOMOTIVE_DESIGN { 1 0 10303 214 1 1 1 1 }'));
ENDSEC;
DATA;
#1 = APPLICATION_PROTOCOL_DEFINITION('international standard',
  'automotive_design',2000,#2);
#2 = APPLICATION_CONTEXT(
  'core data for automotive mechanical design processes');
#3 = SHAPE_DEFINITION_REPRESENTATION(#4,#10);
#4 = PRODUCT_DEFINITION_SHAPE('','',#5);
#5 = PRODUCT_DEFINITION('design','',#6,#9);
#6 = PRODUCT_DEFINITION_FORMATION('','',#7);
#7 = PRODUCT('rotor','rotor','',(#8));
#8 = PRODUCT_CONTEXT('',#2,'mechanical');
#9 = PRODUCT_DEFINITION_CONTEXT('part definition',#2,'design');
#10 = ADVANCED_BREP_SHAPE_REPRESENTATION('',(#11,#15),#1979);
#11 = AXIS2_PLACEMENT_3D('',#12,#13,#14);
#12 = CARTESIAN_POINT('',(0.,0.,0.));
#13 = DIRECTION('',(0.,0.,1.));
#14 = DIRECTION('',(1.,0.,-0.));
#15 = MANIFOLD_SOLID_BREP('',#16);
#16 = CLOSED_SHELL('',(#17,#284,#562,#571,#619,#723,#905,#1033,#1093,
    #1123,#1247,#1326,#1416,#1438,#1528,#1546,#1625,#1783,#1801,#1970));
#17 = ADVANCED_FACE('',(#18),#279,.T.);
#18 = FACE_BOUND('',#19,.F.);
#19 = EDGE_LOOP('',(#20,#30,#37,#38,#63,#71,#158,#245,#253));
#20 = ORIENTED_EDGE('',*,*,#21,.F.);
#21 = EDGE_CURVE('',#22,#24,#26,.T.);
#22 = VERTEX_POINT('',#23);
#23 = CARTESIAN_POINT('',(2.5,0.,0.));
#24 = VERTEX_POINT('',#25);
#25 = CARTESIAN_POINT('',(2.5,-1.E-15,7.5));
#26 = LINE('',#27,#28);
#27 = CARTESIAN_POINT('',(2.5,0.,0.));
#28 = VECTOR('',#29,1.);
#29 = DIRECTION('',(0.,0.,1.));
#30 = ORIENTED_EDGE('',*,*,#31,.F.);
#31 = EDGE_CURVE('',#22,#22,#32,.T.);
#32 = CIRCLE('',#33,2.5);
#33 = AXIS2_PLACEMENT_3D('',#34,#35,#36);
#34 = CARTESIAN_POINT('',(0.,0.,0.));
#35 = DIRECTION('',(0.,0.,1.));
#36 = DIRECTION('',(1.,0.,0.));
#37 = ORIENTED_EDGE('',*,*,#21,.T.);
#38 = ORIENTED_EDGE('',*,*,#39,.T.);
#39 = EDGE_CURVE('',#24,#40,#42,.T.);
#40 = VERTEX_POINT('',#41);
#41 = CARTESIAN_POINT('',(1.6,1.92093727123,7.934115667864));
#42 = ( BOUNDED_CURVE() B_SPLINE_CURVE(7,(#43,#44,#45,#46,#47,#48,#49,
    #50,#51,#52,#53,#54,#55,#56,#57,#58,#59,#60,#61,#62),.UNSPECIFIED.,
.F.,.F.) B_SPLINE_CURVE_WITH_KNOTS((8,6,6,8),(2.303625277927,
3.259632133943,4.607405853359,6.68046062506),.UNSPECIFIED.) CURVE() 
GEOMETRIC_REPRESENTATION_ITEM() RATIONAL_B_SPLINE_CURVE((1.031393471788,
    1.031393471789,1.031653524729,1.032170429106,1.032926503284,
    1.033893139138,1.035034355681,1.038109246974,1.040174406241,
    1.04247474029,1.044867510582,1.047368827447,1.049869895174,
    1.056040641163,1.059612123702,1.062794311476,1.065444247077,
1.067554283816,1.068999380523,1.069748719594)) REPRESENTATION_ITEM('') 
  );
#43 = CARTESIAN_POINT('',(2.5,0.,7.5));
#44 = CARTESIAN_POINT('',(2.500000000024,0.16399730996,7.49999999998));
#45 = CARTESIAN_POINT('',(2.4874271161,0.327561357634,7.506941032701));
#46 = CARTESIAN_POINT('',(2.46249509244,0.488108087079,7.520715223645));
#47 = CARTESIAN_POINT('',(2.42598289293,0.643690077763,7.540742462874));
#48 = CARTESIAN_POINT('',(2.379125510281,0.79281465192,7.566092669677));
#49 = CARTESIAN_POINT('',(2.323502872698,0.934256353614,7.595609109808)
  );
#50 = CARTESIAN_POINT('',(2.172973614889,1.253262015134,7.673604490179)
  );
#51 = CARTESIAN_POINT('',(2.071140845023,1.422768979245,7.725031107027)
  );
#52 = CARTESIAN_POINT('',(1.956947744245,1.578614949426,7.780579461301)
  );
#53 = CARTESIAN_POINT('',(1.835274914953,1.71656653052,7.836943935749));
#54 = CARTESIAN_POINT('',(1.705535805503,1.841940683119,7.893472631476)
  );
#55 = CARTESIAN_POINT('',(1.570373400443,1.952614673579,7.947977200081)
  );
#56 = CARTESIAN_POINT('',(1.218609188237,2.198244686544,8.077357033216)
  );
#57 = CARTESIAN_POINT('',(0.99679377857,2.31494810569,8.147766925854));
#58 = CARTESIAN_POINT('',(0.770110480652,2.401716800019,8.205314529285)
  );
#59 = CARTESIAN_POINT('',(0.541671271622,2.463642879325,8.247456257802)
  );
#60 = CARTESIAN_POINT('',(0.304566523667,2.500708987787,8.272069468912)
  );
#61 = CARTESIAN_POINT('',(5.191771023933E-02,2.516716644915,
    8.278730406408));
#62 = CARTESIAN_POINT('',(-0.240920586877,2.488364376618,8.249299708306)
  );
#63 = ORIENTED_EDGE('',*,*,#64,.T.);
#64 = EDGE_CURVE('',#40,#65,#67,.T.);
#65 = VERTEX_POINT('',#66);
#66 = CARTESIAN_POINT('',(1.6,1.92093727123,7.265030120603));
#67 = LINE('',#68,#69);
#68 = CARTESIAN_POINT('',(1.6,1.92093727123,0.));
#69 = VECTOR('',#70,1.);
#70 = DIRECTION('',(-0.,-0.,-1.));
#71 = ORIENTED_EDGE('',*,*,#72,.T.);
#72 = EDGE_CURVE('',#65,#73,#75,.T.);
#73 = VERTEX_POINT('',#74);
#74 = CARTESIAN_POINT('',(-2.5,-1.E-15,6.8));
#75 = B_SPLINE_CURVE_WITH_KNOTS('',6,(#76,#77,#78,#79,#80,#81,#82,#83,
    #84,#85,#86,#87,#88,#89,#90,#91,#92,#93,#94,#95,#96,#97,#98,#99,#100
    ,#101,#102,#103,#104,#105,#106,#107,#108,#109,#110,#111,#112,#113,
    #114,#115,#116,#117,#118,#119,#120,#121,#122,#123,#124,#125,#126,
    #127,#128,#129,#130,#131,#132,#133,#134,#135,#136,#137,#138,#139,
    #140,#141,#142,#143,#144,#145,#146,#147,#148,#149,#150,#151,#152,
    #153,#154,#155,#156,#157),.UNSPECIFIED.,.F.,.F.,(7,5,5,5,5,5,5,5,5,5
    ,5,5,5,5,5,5,7),(0.,2.894494837392E-02,9.559317978776E-02,
    0.163189533944,0.229989053241,0.297943700235,0.390232768019,
    0.453901340697,0.532489246024,0.578181686095,0.637531419338,
    0.704130800861,0.770015732132,0.837232387844,0.904868010742,
    0.971077500959,1.),.UNSPECIFIED.);
#76 = CARTESIAN_POINT('',(1.600048553788,1.920896828443,7.265009320697)
  );
#77 = CARTESIAN_POINT('',(1.559328081414,1.954815741717,7.28245373717));
#78 = CARTESIAN_POINT('',(1.517968836136,1.987512291068,7.29973683883));
#79 = CARTESIAN_POINT('',(1.475996823722,2.019000561396,7.316812722242)
  );
#80 = CARTESIAN_POINT('',(1.433436142367,2.049292019816,7.333636142702)
  );
#81 = CARTESIAN_POINT('',(1.390308982701,2.078395515656,7.350162514238)
  );
#82 = CARTESIAN_POINT('',(1.246073974422,2.170609543772,7.403616173557)
  );
#83 = CARTESIAN_POINT('',(1.142537936414,2.228687416769,7.439105720392)
  );
#84 = CARTESIAN_POINT('',(1.036363819068,2.280549383875,7.47223966208));
#85 = CARTESIAN_POINT('',(0.927839836049,2.326187483568,7.502473436097)
  );
#86 = CARTESIAN_POINT('',(0.817208409781,2.36557154636,7.529309372159));
#87 = CARTESIAN_POINT('',(0.590527566082,2.432165650129,7.575640365391)
  );
#88 = CARTESIAN_POINT('',(0.474403601697,2.459200098372,7.595029616107)
  );
#89 = CARTESIAN_POINT('',(0.356824065482,2.479566223876,7.609956034995)
  );
#90 = CARTESIAN_POINT('',(0.238267031748,2.493182209469,7.620042243859)
  );
#91 = CARTESIAN_POINT('',(0.119179682521,2.5,7.625092593863));
#92 = CARTESIAN_POINT('',(-0.117774776489,2.5,7.625092593863));
#93 = CARTESIAN_POINT('',(-0.23546219899,2.493341998174,7.620160608772)
  );
#94 = CARTESIAN_POINT('',(-0.352637772864,2.480044318864,7.610310190351)
  );
#95 = CARTESIAN_POINT('',(-0.468868378378,2.460153080403,7.595728134965)
  );
#96 = CARTESIAN_POINT('',(-0.583691671468,2.433747115685,7.576775066379)
  );
#97 = CARTESIAN_POINT('',(-0.81145757082,2.367665460279,7.53073352978));
#98 = CARTESIAN_POINT('',(-0.924344873164,2.327765136957,7.503507714853)
  );
#99 = CARTESIAN_POINT('',(-1.035050327509,2.281361986775,7.472734012789)
  );
#100 = CARTESIAN_POINT('',(-1.143317051603,2.228488173793,7.438939284161
    ));
#101 = CARTESIAN_POINT('',(-1.248838725033,2.169152031295,7.402701309444
    ));
#102 = CARTESIAN_POINT('',(-1.49035116863,2.013997379062,7.312931731145)
  );
#103 = CARTESIAN_POINT('',(-1.623751174577,1.91270383264,7.25784306754)
  );
#104 = CARTESIAN_POINT('',(-1.751005526974,1.799178172928,7.200733241631
    ));
#105 = CARTESIAN_POINT('',(-1.871295188819,1.672872501984,7.143038122749
    ));
#106 = CARTESIAN_POINT('',(-1.983289569854,1.533142728998,7.086439817889
    ));
#107 = CARTESIAN_POINT('',(-2.155132085687,1.273409005646,6.996122843031
    ));
#108 = CARTESIAN_POINT('',(-2.220567117016,1.160444681694,6.960654029787
    ));
#109 = CARTESIAN_POINT('',(-2.280336587583,1.040663152637,6.927402258774
    ));
#110 = CARTESIAN_POINT('',(-2.333481484646,0.914271343221,6.897223154648
    ));
#111 = CARTESIAN_POINT('',(-2.379013634061,0.781575947401,6.870979979089
    ));
#112 = CARTESIAN_POINT('',(-2.461426339467,0.471927215726,6.82300956197)
  );
#113 = CARTESIAN_POINT('',(-2.493876271306,0.291524274615,6.803724951894
    ));
#114 = CARTESIAN_POINT('',(-2.510380054491,0.105533872134,6.793764530302
    ));
#115 = CARTESIAN_POINT('',(-2.50975426887,-8.198246858116E-02,
    6.794182914821));
#116 = CARTESIAN_POINT('',(-2.492315540837,-0.266905050825,
    6.804650721573));
#117 = CARTESIAN_POINT('',(-2.441240071736,-0.549053943451,6.83473616508
    ));
#118 = CARTESIAN_POINT('',(-2.417463479363,-0.650452071096,
    6.848675236574));
#119 = CARTESIAN_POINT('',(-2.389025699296,-0.749154227775,
    6.865227306569));
#120 = CARTESIAN_POINT('',(-2.356306518935,-0.844829990056,6.88407748167
    ));
#121 = CARTESIAN_POINT('',(-2.319734130723,-0.93718050647,6.904872298248
    ));
#122 = CARTESIAN_POINT('',(-2.227908887574,-1.141229787834,
    6.956272797822));
#123 = CARTESIAN_POINT('',(-2.170276754604,-1.250601906461,
    6.987988852048));
#124 = CARTESIAN_POINT('',(-2.107646351837,-1.35406883747,7.021713420505
    ));
#125 = CARTESIAN_POINT('',(-2.040651244486,-1.451704682139,
    7.056841565479));
#126 = CARTESIAN_POINT('',(-1.969820827338,-1.54362148296,7.092826363196
    ));
#127 = CARTESIAN_POINT('',(-1.812301113385,-1.726813812448,
    7.169965879373));
#128 = CARTESIAN_POINT('',(-1.724651143036,-1.816732964362,
    7.211254267964));
#129 = CARTESIAN_POINT('',(-1.633194877789,-1.899919181595,
    7.252373335471));
#130 = CARTESIAN_POINT('',(-1.538331923327,-1.976577801138,
    7.292731830168));
#131 = CARTESIAN_POINT('',(-1.440342409756,-2.04687575029,7.331786999762
    ));
#132 = CARTESIAN_POINT('',(-1.239576863146,-2.17426560423,7.40584656108)
  );
#133 = CARTESIAN_POINT('',(-1.136826003254,-2.231515095038,
    7.440903724743));
#134 = CARTESIAN_POINT('',(-1.031492841353,-2.282658937048,
    7.473626610537));
#135 = CARTESIAN_POINT('',(-0.923858322516,-2.32768776137,7.503485486337
    ));
#136 = CARTESIAN_POINT('',(-0.814159392563,-2.36657122805,7.529996382632
    ));
#137 = CARTESIAN_POINT('',(-0.588767840206,-2.432574602325,
    7.575933705759));
#138 = CARTESIAN_POINT('',(-0.472978522955,-2.459446555346,
    7.595210246571));
#139 = CARTESIAN_POINT('',(-0.355746091019,-2.47968989371,7.610047645212
    ));
#140 = CARTESIAN_POINT('',(-0.237544630567,-2.493223554833,
    7.620072870779));
#141 = CARTESIAN_POINT('',(-0.11881775619,-2.5,7.625092593863));
#142 = CARTESIAN_POINT('',(0.119558357465,-2.5,7.625092593863));
#143 = CARTESIAN_POINT('',(0.239022985554,-2.493138816268,7.620010099961
    ));
#144 = CARTESIAN_POINT('',(0.357952237905,-2.479436402518,7.609859868044
    ));
#145 = CARTESIAN_POINT('',(0.475895107183,-2.458941344901,7.594839985136
    ));
#146 = CARTESIAN_POINT('',(0.592369231954,-2.431736272049,7.575332436997
    ));
#147 = CARTESIAN_POINT('',(0.818901339329,-2.364962770718,7.52889501425)
  );
#148 = CARTESIAN_POINT('',(0.929063886444,-2.325661178139,7.502126004522
    ));
#149 = CARTESIAN_POINT('',(1.037133185452,-2.280156025236,7.471990926182
    ));
#150 = CARTESIAN_POINT('',(1.142869797774,-2.228476982442,7.438981688766
    ));
#151 = CARTESIAN_POINT('',(1.245989192424,-2.170631779466,7.403636243022
    ));
#152 = CARTESIAN_POINT('',(1.38991719469,-2.078659854018,7.350312631078)
  );
#153 = CARTESIAN_POINT('',(1.433126816102,-2.04951214713,7.333758405121)
  );
#154 = CARTESIAN_POINT('',(1.475768047915,-2.019172180002,7.316905793442
    ));
#155 = CARTESIAN_POINT('',(1.517818597944,-1.987631055343,7.299799618266
    ));
#156 = CARTESIAN_POINT('',(1.55925418798,-1.954877292697,7.282485392693)
  );
#157 = CARTESIAN_POINT('',(1.600048553788,-1.920896828443,7.265009320697
    ));
#158 = ORIENTED_EDGE('',*,*,#159,.T.);
#159 = EDGE_CURVE('',#73,#160,#162,.T.);
#160 = VERTEX_POINT('',#161);
#161 = CARTESIAN_POINT('',(1.6,-1.92093727123,7.265030120603));
#162 = B_SPLINE_CURVE_WITH_KNOTS('',6,(#163,#164,#165,#166,#167,#168,
    #169,#170,#171,#172,#173,#174,#175,#176,#177,#178,#179,#180,#181,
    #182,#183,#184,#185,#186,#187,#188,#189,#190,#191,#192,#193,#194,
    #195,#196,#197,#198,#199,#200,#201,#202,#203,#204,#205,#206,#207,
    #208,#209,#210,#211,#212,#213,#214,#215,#216,#217,#218,#219,#220,
    #221,#222,#223,#224,#225,#226,#227,#228,#229,#230,#231,#232,#233,
    #234,#235,#236,#237,#238,#239,#240,#241,#242,#243,#244),
  .UNSPECIFIED.,.F.,.F.,(7,5,5,5,5,5,5,5,5,5,5,5,5,5,5,5,7),(0.,
    2.894494837392E-02,9.559317978776E-02,0.163189533944,0.229989053241,
    0.297943700235,0.390232768019,0.453901340697,0.532489246024,
    0.578181686095,0.637531419338,0.704130800861,0.770015732132,
    0.837232387844,0.904868010742,0.971077500959,1.),.UNSPECIFIED.);
#163 = CARTESIAN_POINT('',(1.600048553788,1.920896828443,7.265009320697)
  );
#164 = CARTESIAN_POINT('',(1.559328081414,1.954815741717,7.28245373717)
  );
#165 = CARTESIAN_POINT('',(1.517968836136,1.987512291068,7.29973683883)
  );
#166 = CARTESIAN_POINT('',(1.475996823722,2.019000561396,7.316812722242)
  );
#167 = CARTESIAN_POINT('',(1.433436142367,2.049292019816,7.333636142702)
  );
#168 = CARTESIAN_POINT('',(1.390308982701,2.078395515656,7.350162514238)
  );
#169 = CARTESIAN_POINT('',(1.246073974422,2.170609543772,7.403616173557)
  );
#170 = CARTESIAN_POINT('',(1.142537936414,2.228687416769,7.439105720392)
  );
#171 = CARTESIAN_POINT('',(1.036363819068,2.280549383875,7.47223966208)
  );
#172 = CARTESIAN_POINT('',(0.927839836049,2.326187483568,7.502473436097)
  );
#173 = CARTESIAN_POINT('',(0.817208409781,2.36557154636,7.529309372159)
  );
#174 = CARTESIAN_POINT('',(0.590527566082,2.432165650129,7.575640365391)
  );
#175 = CARTESIAN_POINT('',(0.474403601697,2.459200098372,7.595029616107)
  );
#176 = CARTESIAN_POINT('',(0.356824065482,2.479566223876,7.609956034995)
  );
#177 = CARTESIAN_POINT('',(0.238267031748,2.493182209469,7.620042243859)
  );
#178 = CARTESIAN_POINT('',(0.119179682521,2.5,7.625092593863));
#179 = CARTESIAN_POINT('',(-0.117774776489,2.5,7.625092593863));
#180 = CARTESIAN_POINT('',(-0.23546219899,2.493341998174,7.620160608772)
  );
#181 = CARTESIAN_POINT('',(-0.352637772864,2.480044318864,7.610310190351
    ));
#182 = CARTESIAN_POINT('',(-0.468868378378,2.460153080403,7.595728134965
    ));
#183 = CARTESIAN_POINT('',(-0.583691671468,2.433747115685,7.576775066379
    ));
#184 = CARTESIAN_POINT('',(-0.81145757082,2.367665460279,7.53073352978)
  );
#185 = CARTESIAN_POINT('',(-0.924344873164,2.327765136957,7.503507714853
    ));
#186 = CARTESIAN_POINT('',(-1.035050327509,2.281361986775,7.472734012789
    ));
#187 = CARTESIAN_POINT('',(-1.143317051603,2.228488173793,7.438939284161
    ));
#188 = CARTESIAN_POINT('',(-1.248838725033,2.169152031295,7.402701309444
    ));
#189 = CARTESIAN_POINT('',(-1.49035116863,2.013997379062,7.312931731145)
  );
#190 = CARTESIAN_POINT('',(-1.623751174577,1.91270383264,7.25784306754)
  );
#191 = CARTESIAN_POINT('',(-1.751005526974,1.799178172928,7.200733241631
    ));
#192 = CARTESIAN_POINT('',(-1.871295188819,1.672872501984,7.143038122749
    ));
#193 = CARTESIAN_POINT('',(-1.983289569854,1.533142728998,7.086439817889
    ));
#194 = CARTESIAN_POINT('',(-2.155132085687,1.273409005646,6.996122843031
    ));
#195 = CARTESIAN_POINT('',(-2.220567117016,1.160444681694,6.960654029787
    ));
#196 = CARTESIAN_POINT('',(-2.280336587583,1.040663152637,6.927402258774
    ));
#197 = CARTESIAN_POINT('',(-2.333481484646,0.914271343221,6.897223154648
    ));
#198 = CARTESIAN_POINT('',(-2.379013634061,0.781575947401,6.870979979089
    ));
#199 = CARTESIAN_POINT('',(-2.461426339467,0.471927215726,6.82300956197)
  );
#200 = CARTESIAN_POINT('',(-2.493876271306,0.291524274615,6.803724951894
    ));
#201 = CARTESIAN_POINT('',(-2.510380054491,0.105533872134,6.793764530302
    ));
#202 = CARTESIAN_POINT('',(-2.50975426887,-8.198246858116E-02,
    6.794182914821));
#203 = CARTESIAN_POINT('',(-2.492315540837,-0.266905050825,
    6.804650721573));
#204 = CARTESIAN_POINT('',(-2.441240071736,-0.549053943451,6.83473616508
    ));
#205 = CARTESIAN_POINT('',(-2.417463479363,-0.650452071096,
    6.848675236574));
#206 = CARTESIAN_POINT('',(-2.389025699296,-0.749154227775,
    6.865227306569));
#207 = CARTESIAN_POINT('',(-2.356306518935,-0.844829990056,6.88407748167
    ));
#208 = CARTESIAN_POINT('',(-2.319734130723,-0.93718050647,6.904872298248
    ));
#209 = CARTESIAN_POINT('',(-2.227908887574,-1.141229787834,
    6.956272797822));
#210 = CARTESIAN_POINT('',(-2.170276754604,-1.250601906461,
    6.987988852048));
#211 = CARTESIAN_POINT('',(-2.107646351837,-1.35406883747,7.021713420505
    ));
#212 = CARTESIAN_POINT('',(-2.040651244486,-1.451704682139,
    7.056841565479));
#213 = CARTESIAN_POINT('',(-1.969820827338,-1.54362148296,7.092826363196
    ));
#214 = CARTESIAN_POINT('',(-1.812301113385,-1.726813812448,
    7.169965879373));
#215 = CARTESIAN_POINT('',(-1.724651143036,-1.816732964362,
    7.211254267964));
#216 = CARTESIAN_POINT('',(-1.633194877789,-1.899919181595,
    7.252373335471));
#217 = CARTESIAN_POINT('',(-1.538331923327,-1.976577801138,
    7.292731830168));
#218 = CARTESIAN_POINT('',(-1.440342409756,-2.04687575029,7.331786999762
    ));
#219 = CARTESIAN_POINT('',(-1.239576863146,-2.17426560423,7.40584656108)
  );
#220 = CARTESIAN_POINT('',(-1.136826003254,-2.231515095038,
    7.440903724743));
#221 = CARTESIAN_POINT('',(-1.031492841353,-2.282658937048,
    7.473626610537));
#222 = CARTESIAN_POINT('',(-0.923858322516,-2.32768776137,7.503485486337
    ));
#223 = CARTESIAN_POINT('',(-0.814159392563,-2.36657122805,7.529996382632
    ));
#224 = CARTESIAN_POINT('',(-0.588767840206,-2.432574602325,
    7.575933705759));
#225 = CARTESIAN_POINT('',(-0.472978522955,-2.459446555346,
    7.595210246571));
#226 = CARTESIAN_POINT('',(-0.355746091019,-2.47968989371,7.610047645212
    ));
#227 = CARTESIAN_POINT('',(-0.237544630567,-2.493223554833,
    7.620072870779));
#228 = CARTESIAN_POINT('',(-0.11881775619,-2.5,7.625092593863));
#229 = CARTESIAN_POINT('',(0.119558357465,-2.5,7.625092593863));
#230 = CARTESIAN_POINT('',(0.239022985554,-2.493138816268,7.620010099961
    ));
#231 = CARTESIAN_POINT('',(0.357952237905,-2.479436402518,7.609859868044
    ));
#232 = CARTESIAN_POINT('',(0.475895107183,-2.458941344901,7.594839985136
    ));
#233 = CARTESIAN_POINT('',(0.592369231954,-2.431736272049,7.575332436997
    ));
#234 = CARTESIAN_POINT('',(0.818901339329,-2.364962770718,7.52889501425)
  );
#235 = CARTESIAN_POINT('',(0.929063886444,-2.325661178139,7.502126004522
    ));
#236 = CARTESIAN_POINT('',(1.037133185452,-2.280156025236,7.471990926182
    ));
#237 = CARTESIAN_POINT('',(1.142869797774,-2.228476982442,7.438981688766
    ));
#238 = CARTESIAN_POINT('',(1.245989192424,-2.170631779466,7.403636243022
    ));
#239 = CARTESIAN_POINT('',(1.38991719469,-2.078659854018,7.350312631078)
  );
#240 = CARTESIAN_POINT('',(1.433126816102,-2.04951214713,7.333758405121)
  );
#241 = CARTESIAN_POINT('',(1.475768047915,-2.019172180002,7.316905793442
    ));
#242 = CARTESIAN_POINT('',(1.517818597944,-1.987631055343,7.299799618266
    ));
#243 = CARTESIAN_POINT('',(1.55925418798,-1.954877292697,7.282485392693)
  );
#244 = CARTESIAN_POINT('',(1.600048553788,-1.920896828443,7.265009320697
    ));
#245 = ORIENTED_EDGE('',*,*,#246,.F.);
#246 = EDGE_CURVE('',#247,#160,#249,.T.);
#247 = VERTEX_POINT('',#248);
#248 = CARTESIAN_POINT('',(1.6,-1.92093727123,7.934112754156));
#249 = LINE('',#250,#251);
#250 = CARTESIAN_POINT('',(1.6,-1.92093727123,0.));
#251 = VECTOR('',#252,1.);
#252 = DIRECTION('',(-0.,-0.,-1.));
#253 = ORIENTED_EDGE('',*,*,#254,.T.);
#254 = EDGE_CURVE('',#247,#24,#255,.T.);
#255 = ( BOUNDED_CURVE() B_SPLINE_CURVE(8,(#256,#257,#258,#259,#260,#261
    ,#262,#263,#264,#265,#266,#267,#268,#269,#270,#271,#272,#273,#274,
    #275,#276,#277,#278),.UNSPECIFIED.,.F.,.F.) 
B_SPLINE_CURVE_WITH_KNOTS((9,7,7,9),(-2.072947437591,0.,1.349664130566,
2.303625277927),.UNSPECIFIED.) CURVE() GEOMETRIC_REPRESENTATION_ITEM() 
RATIONAL_B_SPLINE_CURVE((1.069743976985,1.069091059722,1.067914536849,
    1.066237154528,1.064123743886,1.061604313951,1.058717853146,
    1.055570418274,1.050172480605,1.047990779337,1.04580435156,
    1.043636419106,1.041609755627,1.039637069601,1.037865307622,
    1.035178738795,1.0341670937,1.033281106298,1.032543590734,
    1.031974112661,1.031587686349,1.031393471786,1.031393471788)) 
REPRESENTATION_ITEM('') );
#256 = CARTESIAN_POINT('',(-0.240746349738,-2.4883812399,8.249335155313)
  );
#257 = CARTESIAN_POINT('',(1.531084447559E-02,-2.513154306761,
    8.275043712156));
#258 = CARTESIAN_POINT('',(0.24132863562,-2.504715118462,8.273739254978)
  );
#259 = CARTESIAN_POINT('',(0.452538940681,-2.477558056054,8.256691430076
    ));
#260 = CARTESIAN_POINT('',(0.655607234692,-2.432757721576,8.226425856156
    ));
#261 = CARTESIAN_POINT('',(0.854896607668,-2.369291093221,8.183798624986
    ));
#262 = CARTESIAN_POINT('',(1.052146537795,-2.285832237044,8.130201004054
    ));
#263 = CARTESIAN_POINT('',(1.245150109272,-2.179708340924,8.067603822652
    ));
#264 = CARTESIAN_POINT('',(1.553063398246,-1.96470409471,7.954342439918)
  );
#265 = CARTESIAN_POINT('',(1.671949129023,-1.869332164348,7.907000110618
    ));
#266 = CARTESIAN_POINT('',(1.786867424612,-1.76376598008,7.858062889737)
  );
#267 = CARTESIAN_POINT('',(1.89717235846,-1.646007318428,7.80829358569)
  );
#268 = CARTESIAN_POINT('',(2.000217840684,-1.519874112744,7.759523953046
    ));
#269 = CARTESIAN_POINT('',(2.097508330992,-1.379034926062,7.711732948282
    ));
#270 = CARTESIAN_POINT('',(2.184890664009,-1.228376050853,7.667440597932
    ));
#271 = CARTESIAN_POINT('',(2.316409728321,-0.949023021992,7.599276525048
    ));
#272 = CARTESIAN_POINT('',(2.365758825035,-0.826562950788,7.573181887333
    ));
#273 = CARTESIAN_POINT('',(2.408781971418,-0.698221231673,7.55004685678)
  );
#274 = CARTESIAN_POINT('',(2.444467344268,-0.564752500163,7.530603296086
    ));
#275 = CARTESIAN_POINT('',(2.471961272041,-0.42702017099,7.515485453556)
  );
#276 = CARTESIAN_POINT('',(2.490609820763,-0.286068120651,7.505183964879
    ));
#277 = CARTESIAN_POINT('',(2.499999999979,-0.143190583868,7.500000000018
    ));
#278 = CARTESIAN_POINT('',(2.5,-6.1E-16,7.5));
#279 = CYLINDRICAL_SURFACE('',#280,2.5);
#280 = AXIS2_PLACEMENT_3D('',#281,#282,#283);
#281 = CARTESIAN_POINT('',(0.,0.,0.));
#282 = DIRECTION('',(-0.,-0.,-1.));
#283 = DIRECTION('',(1.,0.,0.));
#284 = ADVANCED_FACE('',(#285),#400,.F.);
#285 = FACE_BOUND('',#286,.F.);
#286 = EDGE_LOOP('',(#287,#352,#380,#390,#391));
#287 = ORIENTED_EDGE('',*,*,#288,.F.);
#288 = EDGE_CURVE('',#289,#291,#293,.T.);
#289 = VERTEX_POINT('',#290);
#290 = CARTESIAN_POINT('',(1.3,-1.621432468894,8.241203750036));
#291 = VERTEX_POINT('',#292);
#292 = CARTESIAN_POINT('',(1.6,-1.888510559317,8.05321737019));
#293 = B_SPLINE_CURVE_WITH_KNOTS('',8,(#294,#295,#296,#297,#298,#299,
    #300,#301,#302,#303,#304,#305,#306,#307,#308,#309,#310,#311,#312,
    #313,#314,#315,#316,#317,#318,#319,#320,#321,#322,#323,#324,#325,
    #326,#327,#328,#329,#330,#331,#332,#333,#334,#335,#336,#337,#338,
    #339,#340,#341,#342,#343,#344,#345,#346,#347,#348,#349,#350,#351),
  .UNSPECIFIED.,.F.,.F.,(9,7,7,7,7,7,7,7,9),(0.,1.358071065686E-03,
    4.336591171126E-03,1.290795141605E-02,4.526554931102E-02,
    7.841537977301E-02,0.495773000499,0.898228982571,1.),.UNSPECIFIED.);
#294 = CARTESIAN_POINT('',(1.3,-1.62232698419,8.241729680331));
#295 = CARTESIAN_POINT('',(1.300134243025,-1.622238916349,8.241677881624
    ));
#296 = CARTESIAN_POINT('',(1.30026056528,-1.622182284154,8.241644496932)
  );
#297 = CARTESIAN_POINT('',(1.300377207579,-1.622149900117,8.241625310372
    ));
#298 = CARTESIAN_POINT('',(1.300483137608,-1.622134214846,8.241615901439
    ));
#299 = CARTESIAN_POINT('',(1.300578572494,-1.622128402075,8.241612275196
    ));
#300 = CARTESIAN_POINT('',(1.300665501374,-1.622127443702,8.241611492454
    ));
#301 = CARTESIAN_POINT('',(1.300748207963,-1.622129214826,8.241612299966
    ));
#302 = CARTESIAN_POINT('',(1.301021498422,-1.622149504252,8.241623350493
    ));
#303 = CARTESIAN_POINT('',(1.301208028879,-1.622180988702,8.241641110446
    ));
#304 = CARTESIAN_POINT('',(1.301395045041,-1.622223130613,8.241664980488
    ));
#305 = CARTESIAN_POINT('',(1.30158270106,-1.622271755858,8.241692506545)
  );
#306 = CARTESIAN_POINT('',(1.30177038711,-1.6223246684,8.241722401435));
#307 = CARTESIAN_POINT('',(1.301957471791,-1.622380911014,8.241754105856
    ));
#308 = CARTESIAN_POINT('',(1.302144044532,-1.622440025994,8.241787349374
    ));
#309 = CARTESIAN_POINT('',(1.302871557871,-1.622677691257,8.241920595875
    ));
#310 = CARTESIAN_POINT('',(1.30339849633,-1.622866745153,8.242025785448)
  );
#311 = CARTESIAN_POINT('',(1.303922987657,-1.623058529049,8.242131434867
    ));
#312 = CARTESIAN_POINT('',(1.304444471911,-1.623253542313,8.242237837886
    ));
#313 = CARTESIAN_POINT('',(1.304963800145,-1.623450958583,8.24234450983)
  );
#314 = CARTESIAN_POINT('',(1.305482668906,-1.62364918594,8.242450515867)
  );
#315 = CARTESIAN_POINT('',(1.306000254592,-1.623849051199,8.242556341231
    ));
#316 = CARTESIAN_POINT('',(1.308469180996,-1.624808114352,8.243058959137
    ));
#317 = CARTESIAN_POINT('',(1.310411603465,-1.625581088121,8.243448702931
    ));
#318 = CARTESIAN_POINT('',(1.312353301474,-1.626360548509,8.243825983794
    ));
#319 = CARTESIAN_POINT('',(1.314292365589,-1.627148094786,8.244191756508
    ));
#320 = CARTESIAN_POINT('',(1.31622916647,-1.627943213354,8.244545735836)
  );
#321 = CARTESIAN_POINT('',(1.318165190122,-1.628744359896,8.244887032132
    ));
#322 = CARTESIAN_POINT('',(1.320099118358,-1.629552594159,8.245216287043
    ));
#323 = CARTESIAN_POINT('',(1.324011172752,-1.631201860158,8.245857733846
    ));
#324 = CARTESIAN_POINT('',(1.325989120457,-1.632043297377,8.246169362132
    ));
#325 = CARTESIAN_POINT('',(1.327965262277,-1.632891451138,8.246467971236
    ));
#326 = CARTESIAN_POINT('',(1.329939515277,-1.633746218159,8.24675352409)
  );
#327 = CARTESIAN_POINT('',(1.33191178421,-1.634607506618,8.247025991865)
  );
#328 = CARTESIAN_POINT('',(1.333881961521,-1.635475236156,8.247285353971
    ));
#329 = CARTESIAN_POINT('',(1.335849927344,-1.636349337874,8.24753159806)
  );
#330 = CARTESIAN_POINT('',(1.362562806914,-1.648314230944,8.250699734335
    ));
#331 = CARTESIAN_POINT('',(1.38694039633,-1.660398081328,8.251553835382)
  );
#332 = CARTESIAN_POINT('',(1.410701352573,-1.673351030954,8.250309559105
    ));
#333 = CARTESIAN_POINT('',(1.433585576535,-1.687057800192,8.246995444842
    ));
#334 = CARTESIAN_POINT('',(1.455375792104,-1.701373910264,8.241655776754
    ));
#335 = CARTESIAN_POINT('',(1.475855301436,-1.71616936584,8.23437164383)
  );
#336 = CARTESIAN_POINT('',(1.494842528858,-1.731299538677,8.225240302283
    ));
#337 = CARTESIAN_POINT('',(1.528888898347,-1.761398996773,8.20391126766)
  );
#338 = CARTESIAN_POINT('',(1.544064475634,-1.776354735152,8.191834457405
    ));
#339 = CARTESIAN_POINT('',(1.557557151804,-1.791362192465,8.178258759163
    ));
#340 = CARTESIAN_POINT('',(1.569243815012,-1.806291992989,8.163308469541
    ));
#341 = CARTESIAN_POINT('',(1.579023654498,-1.821014602998,8.147122754811
    ));
#342 = CARTESIAN_POINT('',(1.586818851786,-1.835401701241,8.129853476388
    ));
#343 = CARTESIAN_POINT('',(1.592575271877,-1.84932754942,8.111663016308)
  );
#344 = CARTESIAN_POINT('',(1.597195727388,-1.866044425277,8.087932421006
    ));
#345 = CARTESIAN_POINT('',(1.597996027077,-1.869381216987,8.083094740123
    ));
#346 = CARTESIAN_POINT('',(1.598663570186,-1.872678769612,8.078211822642
    ));
#347 = CARTESIAN_POINT('',(1.599197973096,-1.875935136388,8.073286459628
    ));
#348 = CARTESIAN_POINT('',(1.599598951892,-1.879148391964,8.068321470623
    ));
#349 = CARTESIAN_POINT('',(1.599866322363,-1.882316632414,8.063319703642
    ));
#350 = CARTESIAN_POINT('',(1.6,-1.885437975228,8.058284035176));
#351 = CARTESIAN_POINT('',(1.6,-1.888510559317,8.05321737019));
#352 = ORIENTED_EDGE('',*,*,#353,.T.);
#353 = EDGE_CURVE('',#289,#354,#356,.T.);
#354 = VERTEX_POINT('',#355);
#355 = CARTESIAN_POINT('',(2.2,-1.E-15,7.8));
#356 = ( BOUNDED_CURVE() B_SPLINE_CURVE(8,(#357,#358,#359,#360,#361,#362
    ,#363,#364,#365,#366,#367,#368,#369,#370,#371,#372,#373,#374,#375,
    #376,#377,#378,#379),.UNSPECIFIED.,.F.,.F.) 
B_SPLINE_CURVE_WITH_KNOTS((9,7,7,9),(-2.072947437591,0.,1.349664130566,
2.303625277927),.UNSPECIFIED.) CURVE() GEOMETRIC_REPRESENTATION_ITEM() 
RATIONAL_B_SPLINE_CURVE((1.069743976985,1.069091059722,1.067914536849,
    1.066237154528,1.064123743886,1.061604313951,1.058717853146,
    1.055570418274,1.050172480605,1.047990779337,1.04580435156,
    1.043636419106,1.041609755627,1.039637069601,1.037865307622,
    1.035178738795,1.0341670937,1.033281106298,1.032543590734,
    1.031974112661,1.031587686349,1.031393471786,1.031393471788)) 
REPRESENTATION_ITEM('') );
#357 = CARTESIAN_POINT('',(-0.292336596231,-2.005062014843,
    8.506062086452));
#358 = CARTESIAN_POINT('',(-3.716157929782E-02,-2.027122581184,
    8.523798215069));
#359 = CARTESIAN_POINT('',(0.18400652483,-2.019631299047,8.518102205197)
  );
#360 = CARTESIAN_POINT('',(0.384792691969,-1.996032243899,8.498354397161
    ));
#361 = CARTESIAN_POINT('',(0.571477760359,-1.957936520052,8.467531160702
    ));
#362 = CARTESIAN_POINT('',(0.750041700368,-1.905484809804,8.426899024417
    ));
#363 = CARTESIAN_POINT('',(0.924595879084,-1.838073391414,8.377403768786
    ));
#364 = CARTESIAN_POINT('',(1.094594147921,-1.752858539895,8.320017779284
    ));
#365 = CARTESIAN_POINT('',(1.365732170309,-1.580248061078,8.216268292321
    ));
#366 = CARTESIAN_POINT('',(1.470438684717,-1.50359913321,8.172890372269)
  );
#367 = CARTESIAN_POINT('',(1.571595910432,-1.419128325646,8.128112004607
    ));
#368 = CARTESIAN_POINT('',(1.669368152766,-1.32335000765,8.082120433037)
  );
#369 = CARTESIAN_POINT('',(1.759271091902,-1.223430315587,8.037990918298
    ));
#370 = CARTESIAN_POINT('',(1.845606608053,-1.109082568931,7.993819569574
    ));
#371 = CARTESIAN_POINT('',(1.92234812929,-0.988361691408,7.953395142155)
  );
#372 = CARTESIAN_POINT('',(2.038297302615,-0.763478528443,7.890905075135
    ));
#373 = CARTESIAN_POINT('',(2.0817361301,-0.664962187615,7.86702646882));
#374 = CARTESIAN_POINT('',(2.119613282817,-0.561816460541,7.845852500315
    ));
#375 = CARTESIAN_POINT('',(2.151057457101,-0.454547549906,7.828040585704
    ));
#376 = CARTESIAN_POINT('',(2.175300218225,-0.343720569519,7.814181443861
    ));
#377 = CARTESIAN_POINT('',(2.191739016931,-0.23013016724,7.80474060964)
  );
#378 = CARTESIAN_POINT('',(2.200000000067,-0.11496994522,7.799999999961)
  );
#379 = CARTESIAN_POINT('',(2.2,-5.9E-16,7.8));
#380 = ORIENTED_EDGE('',*,*,#381,.F.);
#381 = EDGE_CURVE('',#24,#354,#382,.T.);
#382 = ( BOUNDED_CURVE() B_SPLINE_CURVE(6,(#383,#384,#385,#386,#387,#388
,#389),.UNSPECIFIED.,.F.,.F.) B_SPLINE_CURVE_WITH_KNOTS((7,7),(0.,
4.376572715518),.PIECEWISE_BEZIER_KNOTS.) CURVE() 
GEOMETRIC_REPRESENTATION_ITEM() RATIONAL_B_SPLINE_CURVE((1.031393471788,
    1.010025407661,0.997924642725,0.993958444137,0.997924642725,
1.010025407661,1.031393471788)) REPRESENTATION_ITEM('') );
#383 = CARTESIAN_POINT('',(2.5,-6.1E-16,7.5));
#384 = CARTESIAN_POINT('',(2.5,-2.7321279E-10,7.580201034946));
#385 = CARTESIAN_POINT('',(2.47449869481,-8.335888E-11,7.658312571775));
#386 = CARTESIAN_POINT('',(2.425575853961,1.7820545E-10,7.725575853961)
  );
#387 = CARTESIAN_POINT('',(2.358312571775,4.8368487E-10,7.77449869481));
#388 = CARTESIAN_POINT('',(2.280201034946,7.9951135E-10,7.8));
#389 = CARTESIAN_POINT('',(2.2,-5.9E-16,7.8));
#390 = ORIENTED_EDGE('',*,*,#254,.F.);
#391 = ORIENTED_EDGE('',*,*,#392,.F.);
#392 = EDGE_CURVE('',#291,#247,#393,.T.);
#393 = B_SPLINE_CURVE_WITH_KNOTS('',5,(#394,#395,#396,#397,#398,#399),
  .UNSPECIFIED.,.F.,.F.,(6,6),(0.,1.),.PIECEWISE_BEZIER_KNOTS.);
#394 = CARTESIAN_POINT('',(1.6,-1.888530876754,8.05318386016));
#395 = CARTESIAN_POINT('',(1.6,-1.901392557979,8.031966510461));
#396 = CARTESIAN_POINT('',(1.6,-1.911178638027,8.009056918573));
#397 = CARTESIAN_POINT('',(1.6,-1.917708459939,7.984829435209));
#398 = CARTESIAN_POINT('',(1.6,-1.920937310653,7.959713763425));
#399 = CARTESIAN_POINT('',(1.6,-1.920937630744,7.934112762328));
#400 = ( BOUNDED_SURFACE() B_SPLINE_SURFACE(6,8,(
    (#401,#402,#403,#404,#405,#406,#407,#408,#409,#410,#411,#412,#413
      ,#414,#415,#416,#417,#418,#419,#420,#421,#422,#423)
    ,(#424,#425,#426,#427,#428,#429,#430,#431,#432,#433,#434,#435,#436
      ,#437,#438,#439,#440,#441,#442,#443,#444,#445,#446)
    ,(#447,#448,#449,#450,#451,#452,#453,#454,#455,#456,#457,#458,#459
      ,#460,#461,#462,#463,#464,#465,#466,#467,#468,#469)
    ,(#470,#471,#472,#473,#474,#475,#476,#477,#478,#479,#480,#481,#482
      ,#483,#484,#485,#486,#487,#488,#489,#490,#491,#492)
    ,(#493,#494,#495,#496,#497,#498,#499,#500,#501,#502,#503,#504,#505
      ,#506,#507,#508,#509,#510,#511,#512,#513,#514,#515)
    ,(#516,#517,#518,#519,#520,#521,#522,#523,#524,#525,#526,#527,#528
      ,#529,#530,#531,#532,#533,#534,#535,#536,#537,#538)
    ,(#539,#540,#541,#542,#543,#544,#545,#546,#547,#548,#549,#550,#551
      ,#552,#553,#554,#555,#556,#557,#558,#559,#560,#561
)),.UNSPECIFIED.,.F.,.F.,.F.) B_SPLINE_SURFACE_WITH_KNOTS((7,7),(9,7,7,9
    ),(0.,4.376572715518),(-2.072947437591,0.,1.349664130566,
2.303625277927),.UNSPECIFIED.) GEOMETRIC_REPRESENTATION_ITEM() 
RATIONAL_B_SPLINE_SURFACE((
    (1.069743976985,1.069091059722,1.067914536849,1.066237154528
      ,1.064123743886,1.061604313951,1.058717853146,1.055570418274
      ,1.050172480605,1.047990779337,1.04580435156,1.043636419106
      ,1.041609755627,1.039637069601,1.037865307622,1.035178738795
      ,1.0341670937,1.033281106298,1.032543590734,1.031974112661
      ,1.031587686349,1.031393471786,1.031393471788)
    ,(1.021077509774,1.020900540955,1.020581230074,1.02012445269
      ,1.019545396993,1.018848978525,1.018042142045,1.0171508765
      ,1.015603632851,1.014973623905,1.014337384665,1.013701025072
      ,1.013101992438,1.012514568964,1.011983864889,1.011175327956
      ,1.010869600255,1.010600830526,1.010376395091,1.01020270111
      ,1.010084701137,1.010025407661,1.010025407661)
    ,(0.995532887248,0.995571450755,0.995641036412,0.995740597613
      ,0.99586683504,0.996018686562,0.996194548368,0.996388532026
      ,0.996724577525,0.996861233797,0.996999025961,0.997136541802
      ,0.997265726365,0.997392090264,0.997506003845,0.997679231409
      ,0.997744626905,0.997802025177,0.997849888595,0.997886892155
      ,0.997912016797,0.997924642725,0.997924642725)
    ,(0.987079765566,0.987193393323,0.987398253653,0.987690716514
      ,0.988060134856,0.988502151647,0.989011106906,0.989569634234
      ,0.990533705941,0.990924897027,0.991318595103,0.991710930343
      ,0.992079239427,0.992439416265,0.992764144537,0.993258082234
      ,0.993444590119,0.993608353289,0.99374497098,0.993850629835
      ,0.993922385487,0.993958444137,0.993958444137)
    ,(0.995532887248,0.995571450755,0.995641036412,0.995740597613
      ,0.99586683504,0.996018686562,0.996194548368,0.996388532026
      ,0.996724577525,0.996861233797,0.996999025961,0.997136541802
      ,0.997265726365,0.997392090264,0.997506003845,0.997679231409
      ,0.997744626905,0.997802025177,0.997849888595,0.997886892155
      ,0.997912016797,0.997924642725,0.997924642725)
    ,(1.021077509774,1.020900540955,1.020581230074,1.02012445269
      ,1.019545396993,1.018848978525,1.018042142045,1.0171508765
      ,1.015603632851,1.014973623905,1.014337384665,1.013701025072
      ,1.013101992438,1.012514568964,1.011983864889,1.011175327956
      ,1.010869600255,1.010600830526,1.010376395091,1.01020270111
      ,1.010084701137,1.010025407661,1.010025407661)
    ,(1.069743976985,1.069091059722,1.067914536849,1.066237154528
      ,1.064123743886,1.061604313951,1.058717853146,1.055570418274
      ,1.050172480605,1.047990779337,1.04580435156,1.043636419106
      ,1.041609755627,1.039637069601,1.037865307622,1.035178738795
      ,1.0341670937,1.033281106298,1.032543590734,1.031974112661
      ,1.031587686349,1.031393471786,1.031393471788
))) REPRESENTATION_ITEM('') SURFACE() );
#401 = CARTESIAN_POINT('',(-0.240746349738,-2.4883812399,8.249335155313)
  );
#402 = CARTESIAN_POINT('',(1.531084447559E-02,-2.513154306761,
    8.275043712156));
#403 = CARTESIAN_POINT('',(0.24132863562,-2.504715118462,8.273739254978)
  );
#404 = CARTESIAN_POINT('',(0.452538940681,-2.477558056054,8.256691430076
    ));
#405 = CARTESIAN_POINT('',(0.655607234692,-2.432757721576,8.226425856156
    ));
#406 = CARTESIAN_POINT('',(0.854896607668,-2.369291093221,8.183798624986
    ));
#407 = CARTESIAN_POINT('',(1.052146537795,-2.285832237044,8.130201004054
    ));
#408 = CARTESIAN_POINT('',(1.245150109272,-2.179708340924,8.067603822652
    ));
#409 = CARTESIAN_POINT('',(1.553063398246,-1.96470409471,7.954342439918)
  );
#410 = CARTESIAN_POINT('',(1.671949129023,-1.869332164348,7.907000110618
    ));
#411 = CARTESIAN_POINT('',(1.786867424612,-1.76376598008,7.858062889737)
  );
#412 = CARTESIAN_POINT('',(1.89717235846,-1.646007318428,7.80829358569)
  );
#413 = CARTESIAN_POINT('',(2.000217840684,-1.519874112744,7.759523953046
    ));
#414 = CARTESIAN_POINT('',(2.097508330992,-1.379034926062,7.711732948282
    ));
#415 = CARTESIAN_POINT('',(2.184890664009,-1.228376050853,7.667440597932
    ));
#416 = CARTESIAN_POINT('',(2.316409728321,-0.949023021992,7.599276525048
    ));
#417 = CARTESIAN_POINT('',(2.365758825035,-0.826562950788,7.573181887333
    ));
#418 = CARTESIAN_POINT('',(2.408781971418,-0.698221231673,7.55004685678)
  );
#419 = CARTESIAN_POINT('',(2.444467344268,-0.564752500163,7.530603296086
    ));
#420 = CARTESIAN_POINT('',(2.471961272041,-0.42702017099,7.515485453556)
  );
#421 = CARTESIAN_POINT('',(2.490609820763,-0.286068120651,7.505183964879
    ));
#422 = CARTESIAN_POINT('',(2.499999999979,-0.143190583868,7.500000000018
    ));
#423 = CARTESIAN_POINT('',(2.5,-6.1E-16,7.5));
#424 = CARTESIAN_POINT('',(-0.20782119774,-2.491566688348,8.366095436916
    ));
#425 = CARTESIAN_POINT('',(5.058649234852E-02,-2.513148908767,
    8.390561888553));
#426 = CARTESIAN_POINT('',(0.279417268575,-2.501531397977,8.387197580862
    ));
#427 = CARTESIAN_POINT('',(0.493477569814,-2.470704971165,8.367418966558
    ));
#428 = CARTESIAN_POINT('',(0.698709891634,-2.421671800408,8.333823778859
    ));
#429 = CARTESIAN_POINT('',(0.898752905485,-2.353740596414,8.287623029448
    ));
#430 = CARTESIAN_POINT('',(1.095057600228,-2.266073065646,8.230561491763
    ));
#431 = CARTESIAN_POINT('',(1.285740810317,-2.15639555718,8.164665420492)
  );
#432 = CARTESIAN_POINT('',(1.587548697537,-1.937344252064,8.046528482741
    ));
#433 = CARTESIAN_POINT('',(1.70329117195,-1.841038026447,7.997488027889)
  );
#434 = CARTESIAN_POINT('',(1.81472076026,-1.735093116313,7.946998508604)
  );
#435 = CARTESIAN_POINT('',(1.92138725844,-1.61750385945,7.895752030244)
  );
#436 = CARTESIAN_POINT('',(2.020812504537,-1.492076313739,7.845659533971
    ));
#437 = CARTESIAN_POINT('',(2.114483760934,-1.352506078809,7.796604098125
    ));
#438 = CARTESIAN_POINT('',(2.198439448758,-1.20375557319,7.751235147159)
  );
#439 = CARTESIAN_POINT('',(2.324528242822,-0.92883774345,7.681518522701)
  );
#440 = CARTESIAN_POINT('',(2.371741310976,-0.808637434442,7.65487637666)
  );
#441 = CARTESIAN_POINT('',(2.412873746157,-0.682837064429,7.631262843604
    ));
#442 = CARTESIAN_POINT('',(2.446973947836,-0.552150328666,7.61141962316)
  );
#443 = CARTESIAN_POINT('',(2.473235565221,-0.417388973874,7.59599331758)
  );
#444 = CARTESIAN_POINT('',(2.491040197462,-0.279546556021,7.585485203475
    ));
#445 = CARTESIAN_POINT('',(2.499999999985,-0.139881591546,7.580201034958
    ));
#446 = CARTESIAN_POINT('',(2.5,-2.7321279E-10,7.580201034946));
#447 = CARTESIAN_POINT('',(-0.189639961996,-2.438549685507,
    8.480920327922));
#448 = CARTESIAN_POINT('',(7.039834838603E-02,-2.45776816632,
    8.503259980551));
#449 = CARTESIAN_POINT('',(0.300751946774,-2.444444311334,8.497345892574
    ));
#450 = CARTESIAN_POINT('',(0.515700788442,-2.412066835073,8.474507698858
    ));
#451 = CARTESIAN_POINT('',(0.720631539681,-2.361619243462,8.437507994151
    ));
#452 = CARTESIAN_POINT('',(0.918906650736,-2.292755141667,8.387891468002
    ));
#453 = CARTESIAN_POINT('',(1.112115187895,-2.205007040342,8.327626882285
    ));
#454 = CARTESIAN_POINT('',(1.29883481161,-2.096248607353,8.258712467118)
  );
#455 = CARTESIAN_POINT('',(1.592993402375,-1.880609814742,8.13605714359)
  );
#456 = CARTESIAN_POINT('',(1.70536350182,-1.786231481321,8.08539375246)
  );
#457 = CARTESIAN_POINT('',(1.813292529149,-1.682755601736,8.033413549269
    ));
#458 = CARTESIAN_POINT('',(1.916533433931,-1.568014289756,7.980720519791
    ));
#459 = CARTESIAN_POINT('',(2.012543296246,-1.446056750391,7.92942454283)
  );
#460 = CARTESIAN_POINT('',(2.103050247951,-1.310256751625,7.879143907011
    ));
#461 = CARTESIAN_POINT('',(2.184023185762,-1.165868752796,7.832774455375
    ));
#462 = CARTESIAN_POINT('',(2.305564946386,-0.899219573118,7.761575599895
    ));
#463 = CARTESIAN_POINT('',(2.351026212249,-0.782764286084,7.734407071706
    ));
#464 = CARTESIAN_POINT('',(2.390626823771,-0.660941170627,7.710337297529
    ));
#465 = CARTESIAN_POINT('',(2.423457447848,-0.534418765606,7.690114776855
    ));
#466 = CARTESIAN_POINT('',(2.448740981571,-0.403957355209,7.674396210992
    ));
#467 = CARTESIAN_POINT('',(2.46587907853,-0.270508066661,7.66369213989)
  );
#468 = CARTESIAN_POINT('',(2.474498694807,-0.135312083485,7.658312571778
    ));
#469 = CARTESIAN_POINT('',(2.47449869481,-8.335888E-11,7.658312571775));
#470 = CARTESIAN_POINT('',(-0.191519110064,-2.338677144603,
    8.565891933167));
#471 = CARTESIAN_POINT('',(6.899908231239E-02,-2.356891021755,
    8.585926109827));
#472 = CARTESIAN_POINT('',(0.299155560197,-2.343670952472,8.578001619195
    ));
#473 = CARTESIAN_POINT('',(0.512779926975,-2.312125430391,8.553116864017
    ));
#474 = CARTESIAN_POINT('',(0.715029372505,-2.263269253364,8.51419734911)
  );
#475 = CARTESIAN_POINT('',(0.909507128263,-2.197014984016,8.462973546857
    ));
#476 = CARTESIAN_POINT('',(1.098301350722,-2.113056318273,8.401412987643
    ));
#477 = CARTESIAN_POINT('',(1.280426255213,-2.009156801378,8.331361778274
    ));
#478 = CARTESIAN_POINT('',(1.567071728834,-1.80316211604,8.207061815255)
  );
#479 = CARTESIAN_POINT('',(1.676481682313,-1.713022423101,8.155818362748
    ));
#480 = CARTESIAN_POINT('',(1.781532058529,-1.614233773894,8.103325077587
    ));
#481 = CARTESIAN_POINT('',(1.882150194187,-1.504337493715,8.050082553752
    ));
#482 = CARTESIAN_POINT('',(1.975484193245,-1.387898660825,7.998473589224
    ));
#483 = CARTESIAN_POINT('',(2.063745214185,-1.25763857931,7.947738544561)
  );
#484 = CARTESIAN_POINT('',(2.142574223361,-1.119324505488,7.901076737807
    ));
#485 = CARTESIAN_POINT('',(2.260981465246,-0.863548186536,7.8294125301)
  );
#486 = CARTESIAN_POINT('',(2.305257269156,-0.751823555454,7.802088238687
    ));
#487 = CARTESIAN_POINT('',(2.34383468249,-0.634915831333,7.777884838166)
  );
#488 = CARTESIAN_POINT('',(2.375828217742,-0.513448958901,7.757549951638
    ));
#489 = CARTESIAN_POINT('',(2.400473322382,-0.388134962645,7.741743965819
    ));
#490 = CARTESIAN_POINT('',(2.417178229491,-0.259890421421,7.73098199901)
  );
#491 = CARTESIAN_POINT('',(2.425575853974,-0.129953267577,7.725575853953
    ));
#492 = CARTESIAN_POINT('',(2.425575853961,1.7820545E-10,7.725575853961)
  );
#493 = CARTESIAN_POINT('',(-0.213604760277,-2.214037330532,
    8.600175604574));
#494 = CARTESIAN_POINT('',(4.609798287379E-02,-2.232689477862,
    8.618446261477));
#495 = CARTESIAN_POINT('',(0.27433907291,-2.221060618276,8.609859782233)
  );
#496 = CARTESIAN_POINT('',(0.484679905537,-2.192103499089,8.584892264883
    ));
#497 = CARTESIAN_POINT('',(0.682417651844,-2.146935690709,8.546557984042
    ));
#498 = CARTESIAN_POINT('',(0.871820671055,-2.085612974273,8.496566930289
    ));
#499 = CARTESIAN_POINT('',(1.055684522806,-2.007794529894,8.436648387454
    ));
#500 = CARTESIAN_POINT('',(1.233325999187,-1.910982858791,8.368376716503
    ));
#501 = CARTESIAN_POINT('',(1.513627947324,-1.717887884846,8.24696940402)
  );
#502 = CARTESIAN_POINT('',(1.62084115751,-1.633093201781,8.196832976404)
  );
#503 = CARTESIAN_POINT('',(1.72392572075,-1.539990867082,8.145428871156)
  );
#504 = CARTESIAN_POINT('',(1.822934602726,-1.435759545645,8.093145702324
    ));
#505 = CARTESIAN_POINT('',(1.914517989252,-1.325716090094,8.042653358682
    ));
#506 = CARTESIAN_POINT('',(2.001548422838,-1.201671329031,7.992771108659
    ));
#507 = CARTESIAN_POINT('',(2.079146959384,-1.070085176464,7.946987580416
    ));
#508 = CARTESIAN_POINT('',(2.195889167635,-0.826092856224,7.87657430938)
  );
#509 = CARTESIAN_POINT('',(2.239554384006,-0.719409362066,7.849724393637
    ));
#510 = CARTESIAN_POINT('',(2.277614400711,-0.607705192721,7.82593566272)
  );
#511 = CARTESIAN_POINT('',(2.309193353226,-0.491562096551,7.80594251096)
  );
#512 = CARTESIAN_POINT('',(2.333527641226,-0.37164561228,7.790398110299)
  );
#513 = CARTESIAN_POINT('',(2.350023164153,-0.248839886656,7.779813837213
    ));
#514 = CARTESIAN_POINT('',(2.358312571806,-0.124382594838,7.774498694791
    ));
#515 = CARTESIAN_POINT('',(2.358312571775,4.8368487E-10,7.77449869481));
#516 = CARTESIAN_POINT('',(-0.250281521465,-2.093780437,8.577389418747)
  );
#517 = CARTESIAN_POINT('',(7.485077087729E-03,-2.113924196238,
    8.594875951651));
#518 = CARTESIAN_POINT('',(0.232485261216,-2.104523957068,8.587172939439
    ));
#519 = CARTESIAN_POINT('',(0.438235589144,-2.07865335834,8.564168214484)
  );
#520 = CARTESIAN_POINT('',(0.630464263707,-2.037627208424,8.528877142771
    ));
#521 = CARTESIAN_POINT('',(0.814318790525,-1.981557818156,8.482817817263
    ));
#522 = CARTESIAN_POINT('',(0.993325370955,-1.909965128845,8.427328769388
    ));
#523 = CARTESIAN_POINT('',(1.166935709932,-1.82009896908,8.363657554433)
  );
#524 = CARTESIAN_POINT('',(1.442226905453,-1.639286648088,8.249651711106
    ));
#525 = CARTESIAN_POINT('',(1.54796659131,-1.559440117859,8.202335637292)
  );
#526 = CARTESIAN_POINT('',(1.649878989944,-1.471548614179,8.153678608807
    ));
#527 = CARTESIAN_POINT('',(1.748092681866,-1.372424315035,8.103959281218
    ));
#528 = CARTESIAN_POINT('',(1.838670355894,-1.268290715451,8.056093051642
    ));
#529 = CARTESIAN_POINT('',(1.925221903263,-1.149906267197,8.008500681354
    ));
#530 = CARTESIAN_POINT('',(2.0022676085,-1.024527429126,7.964882274164)
  );
#531 = CARTESIAN_POINT('',(2.118413894144,-0.791379586343,7.89764132602)
  );
#532 = CARTESIAN_POINT('',(2.161884967093,-0.689317567416,7.871978726149
    ));
#533 = CARTESIAN_POINT('',(2.199787750168,-0.582408974955,7.849230153323
    ));
#534 = CARTESIAN_POINT('',(2.231248281341,-0.471196285122,7.830100695857
    ));
#535 = CARTESIAN_POINT('',(2.255499012073,-0.356297209551,7.815221347437
    ));
#536 = CARTESIAN_POINT('',(2.271940164582,-0.238557848772,7.805087925398
    ));
#537 = CARTESIAN_POINT('',(2.280201034996,-0.119205367653,7.79999999997)
  );
#538 = CARTESIAN_POINT('',(2.280201034946,7.9951135E-10,7.8));
#539 = CARTESIAN_POINT('',(-0.292336596231,-2.005062014843,
    8.506062086452));
#540 = CARTESIAN_POINT('',(-3.716157929782E-02,-2.027122581184,
    8.523798215069));
#541 = CARTESIAN_POINT('',(0.18400652483,-2.019631299047,8.518102205197)
  );
#542 = CARTESIAN_POINT('',(0.384792691969,-1.996032243899,8.498354397161
    ));
#543 = CARTESIAN_POINT('',(0.571477760359,-1.957936520052,8.467531160702
    ));
#544 = CARTESIAN_POINT('',(0.750041700368,-1.905484809804,8.426899024417
    ));
#545 = CARTESIAN_POINT('',(0.924595879084,-1.838073391414,8.377403768786
    ));
#546 = CARTESIAN_POINT('',(1.094594147921,-1.752858539895,8.320017779284
    ));
#547 = CARTESIAN_POINT('',(1.365732170309,-1.580248061078,8.216268292321
    ));
#548 = CARTESIAN_POINT('',(1.470438684717,-1.50359913321,8.172890372269)
  );
#549 = CARTESIAN_POINT('',(1.571595910432,-1.419128325646,8.128112004607
    ));
#550 = CARTESIAN_POINT('',(1.669368152766,-1.32335000765,8.082120433037)
  );
#551 = CARTESIAN_POINT('',(1.759271091902,-1.223430315587,8.037990918298
    ));
#552 = CARTESIAN_POINT('',(1.845606608053,-1.109082568931,7.993819569574
    ));
#553 = CARTESIAN_POINT('',(1.92234812929,-0.988361691408,7.953395142155)
  );
#554 = CARTESIAN_POINT('',(2.038297302615,-0.763478528443,7.890905075135
    ));
#555 = CARTESIAN_POINT('',(2.0817361301,-0.664962187615,7.86702646882));
#556 = CARTESIAN_POINT('',(2.119613282817,-0.561816460541,7.845852500315
    ));
#557 = CARTESIAN_POINT('',(2.151057457101,-0.454547549906,7.828040585704
    ));
#558 = CARTESIAN_POINT('',(2.175300218225,-0.343720569519,7.814181443861
    ));
#559 = CARTESIAN_POINT('',(2.191739016931,-0.23013016724,7.80474060964)
  );
#560 = CARTESIAN_POINT('',(2.200000000067,-0.11496994522,7.799999999961)
  );
#561 = CARTESIAN_POINT('',(2.2,-5.9E-16,7.8));
#562 = ADVANCED_FACE('',(#563),#566,.F.);
#563 = FACE_BOUND('',#564,.F.);
#564 = EDGE_LOOP('',(#565));
#565 = ORIENTED_EDGE('',*,*,#31,.T.);
#566 = PLANE('',#567);
#567 = AXIS2_PLACEMENT_3D('',#568,#569,#570);
#568 = CARTESIAN_POINT('',(-1.4E-16,1.7E-16,0.));
#569 = DIRECTION('',(0.,0.,1.));
#570 = DIRECTION('',(1.,0.,0.));
#571 = ADVANCED_FACE('',(#572),#614,.T.);
#572 = FACE_BOUND('',#573,.T.);
#573 = EDGE_LOOP('',(#574,#584,#591,#592,#593,#602));
#574 = ORIENTED_EDGE('',*,*,#575,.F.);
#575 = EDGE_CURVE('',#576,#578,#580,.T.);
#576 = VERTEX_POINT('',#577);
#577 = CARTESIAN_POINT('',(1.6,-1.92093727123,14.734969879397));
#578 = VERTEX_POINT('',#579);
#579 = CARTESIAN_POINT('',(1.6,-1.92093727123,14.065887245838));
#580 = LINE('',#581,#582);
#581 = CARTESIAN_POINT('',(1.6,-1.92093727123,0.));
#582 = VECTOR('',#583,1.);
#583 = DIRECTION('',(-0.,-0.,-1.));
#584 = ORIENTED_EDGE('',*,*,#585,.T.);
#585 = EDGE_CURVE('',#576,#160,#586,.T.);
#586 = CIRCLE('',#587,4.2);
#587 = AXIS2_PLACEMENT_3D('',#588,#589,#590);
#588 = CARTESIAN_POINT('',(1.6,0.,11.));
#589 = DIRECTION('',(1.,0.,0.));
#590 = DIRECTION('',(0.,1.,0.));
#591 = ORIENTED_EDGE('',*,*,#246,.F.);
#592 = ORIENTED_EDGE('',*,*,#392,.F.);
#593 = ORIENTED_EDGE('',*,*,#594,.F.);
#594 = EDGE_CURVE('',#595,#291,#597,.T.);
#595 = VERTEX_POINT('',#596);
#596 = CARTESIAN_POINT('',(1.6,-1.92093727123,13.925747767666));
#597 = CIRCLE('',#598,3.5);
#598 = AXIS2_PLACEMENT_3D('',#599,#600,#601);
#599 = CARTESIAN_POINT('',(1.6,0.,11.));
#600 = DIRECTION('',(1.,0.,0.));
#601 = DIRECTION('',(0.,-0.600292897259,0.799780243254));
#602 = ORIENTED_EDGE('',*,*,#603,.T.);
#603 = EDGE_CURVE('',#595,#578,#604,.T.);
#604 = B_SPLINE_CURVE_WITH_KNOTS('',8,(#605,#606,#607,#608,#609,#610,
    #611,#612,#613),.UNSPECIFIED.,.F.,.F.,(9,9),(0.,1.),
  .PIECEWISE_BEZIER_KNOTS.);
#605 = CARTESIAN_POINT('',(1.6,-1.92093727123,13.925747767666));
#606 = CARTESIAN_POINT('',(1.6,-1.920937281502,13.943265212833));
#607 = CARTESIAN_POINT('',(1.59999999749,-1.920937270356,13.96078265843)
  );
#608 = CARTESIAN_POINT('',(1.599999964436,-1.920937226491,
    13.978300103437));
#609 = CARTESIAN_POINT('',(1.59999993138,-1.920937179691,13.995817548338
    ));
#610 = CARTESIAN_POINT('',(1.599999914226,-1.920937149469,
    14.013334993239));
#611 = CARTESIAN_POINT('',(1.599999928871,-1.920937155338,
    14.030852438246));
#612 = CARTESIAN_POINT('',(1.600000005862,-1.920937227084,
    14.048369883841));
#613 = CARTESIAN_POINT('',(1.600000117163,-1.920937353404,
    14.065887329007));
#614 = PLANE('',#615);
#615 = AXIS2_PLACEMENT_3D('',#616,#617,#618);
#616 = CARTESIAN_POINT('',(1.6,-2.4E-16,11.));
#617 = DIRECTION('',(1.,0.,0.));
#618 = DIRECTION('',(0.,0.,1.));
#619 = ADVANCED_FACE('',(#620),#718,.T.);
#620 = FACE_BOUND('',#621,.T.);
#621 = EDGE_LOOP('',(#622,#709,#716,#717));
#622 = ORIENTED_EDGE('',*,*,#623,.F.);
#623 = EDGE_CURVE('',#624,#576,#626,.T.);
#624 = VERTEX_POINT('',#625);
#625 = CARTESIAN_POINT('',(-2.5,0.,15.2));
#626 = B_SPLINE_CURVE_WITH_KNOTS('',6,(#627,#628,#629,#630,#631,#632,
    #633,#634,#635,#636,#637,#638,#639,#640,#641,#642,#643,#644,#645,
    #646,#647,#648,#649,#650,#651,#652,#653,#654,#655,#656,#657,#658,
    #659,#660,#661,#662,#663,#664,#665,#666,#667,#668,#669,#670,#671,
    #672,#673,#674,#675,#676,#677,#678,#679,#680,#681,#682,#683,#684,
    #685,#686,#687,#688,#689,#690,#691,#692,#693,#694,#695,#696,#697,
    #698,#699,#700,#701,#702,#703,#704,#705,#706,#707,#708),
  .UNSPECIFIED.,.F.,.F.,(7,5,5,5,5,5,5,5,5,5,5,5,5,5,5,5,7),(0.,
    2.89449483722E-02,9.559317978211E-02,0.163189533934,0.229989053227,
    0.297943700216,0.390232767947,0.453901340633,0.532489245978,
    0.578181686057,0.637531419307,0.704130800835,0.770015732112,
    0.83723238783,0.904868010734,0.971077500957,1.),.UNSPECIFIED.);
#627 = CARTESIAN_POINT('',(1.600048553788,1.920896828443,14.734990679303
    ));
#628 = CARTESIAN_POINT('',(1.559328081414,1.954815741717,14.71754626283)
  );
#629 = CARTESIAN_POINT('',(1.517968836136,1.987512291068,14.70026316117)
  );
#630 = CARTESIAN_POINT('',(1.475996823722,2.019000561396,14.683187277758
    ));
#631 = CARTESIAN_POINT('',(1.433436142367,2.049292019816,14.666363857298
    ));
#632 = CARTESIAN_POINT('',(1.390308982701,2.078395515656,14.649837485762
    ));
#633 = CARTESIAN_POINT('',(1.246073974422,2.170609543772,14.596383826443
    ));
#634 = CARTESIAN_POINT('',(1.142537936414,2.228687416769,14.560894279608
    ));
#635 = CARTESIAN_POINT('',(1.036363819068,2.280549383875,14.52776033792)
  );
#636 = CARTESIAN_POINT('',(0.927839836049,2.326187483569,14.497526563903
    ));
#637 = CARTESIAN_POINT('',(0.817208409781,2.36557154636,14.470690627841)
  );
#638 = CARTESIAN_POINT('',(0.590527566082,2.432165650129,14.424359634609
    ));
#639 = CARTESIAN_POINT('',(0.474403601697,2.459200098372,14.404970383893
    ));
#640 = CARTESIAN_POINT('',(0.356824065482,2.479566223876,14.390043965005
    ));
#641 = CARTESIAN_POINT('',(0.238267031748,2.493182209469,14.379957756142
    ));
#642 = CARTESIAN_POINT('',(0.119179682521,2.5,14.374907406137));
#643 = CARTESIAN_POINT('',(-0.117774776489,2.5,14.374907406137));
#644 = CARTESIAN_POINT('',(-0.235462198991,2.493341998174,
    14.379839391228));
#645 = CARTESIAN_POINT('',(-0.352637772864,2.480044318864,
    14.389689809649));
#646 = CARTESIAN_POINT('',(-0.468868378379,2.460153080403,
    14.404271865035));
#647 = CARTESIAN_POINT('',(-0.583691671468,2.433747115685,
    14.423224933621));
#648 = CARTESIAN_POINT('',(-0.81145757082,2.367665460279,14.46926647022)
  );
#649 = CARTESIAN_POINT('',(-0.924344873164,2.327765136957,
    14.496492285147));
#650 = CARTESIAN_POINT('',(-1.035050327509,2.281361986775,
    14.527265987212));
#651 = CARTESIAN_POINT('',(-1.143317051603,2.228488173793,
    14.561060715839));
#652 = CARTESIAN_POINT('',(-1.248838725033,2.169152031295,
    14.597298690556));
#653 = CARTESIAN_POINT('',(-1.490351168561,2.013997379107,
    14.687068268829));
#654 = CARTESIAN_POINT('',(-1.623751174701,1.912703832578,
    14.742156932504));
#655 = CARTESIAN_POINT('',(-1.751005526939,1.799178172881,
    14.799266758368));
#656 = CARTESIAN_POINT('',(-1.871295188741,1.672872502129,
    14.856961877204));
#657 = CARTESIAN_POINT('',(-1.983289569911,1.533142728912,
    14.913560182141));
#658 = CARTESIAN_POINT('',(-2.155132085696,1.273409005633,
    15.003877156974));
#659 = CARTESIAN_POINT('',(-2.220567117012,1.160444681695,
    15.039345970211));
#660 = CARTESIAN_POINT('',(-2.280336587577,1.040663152651,
    15.072597741223));
#661 = CARTESIAN_POINT('',(-2.333481484647,0.914271343226,
    15.102776845352));
#662 = CARTESIAN_POINT('',(-2.379013634065,0.781575947384,
    15.129020020913));
#663 = CARTESIAN_POINT('',(-2.461426339467,0.471927215726,15.17699043803
    ));
#664 = CARTESIAN_POINT('',(-2.493876271306,0.291524274615,
    15.196275048106));
#665 = CARTESIAN_POINT('',(-2.510380054491,0.105533872134,
    15.206235469698));
#666 = CARTESIAN_POINT('',(-2.50975426887,-8.198246858122E-02,
    15.205817085179));
#667 = CARTESIAN_POINT('',(-2.492315540837,-0.266905050825,
    15.195349278427));
#668 = CARTESIAN_POINT('',(-2.441240071737,-0.549053943445,
    15.165263834921));
#669 = CARTESIAN_POINT('',(-2.417463479363,-0.650452071098,
    15.151324763426));
#670 = CARTESIAN_POINT('',(-2.389025699294,-0.74915422778,15.13477269343
    ));
#671 = CARTESIAN_POINT('',(-2.356306518934,-0.844829990058,
    15.115922518329));
#672 = CARTESIAN_POINT('',(-2.319734130725,-0.937180506466,
    15.095127701753));
#673 = CARTESIAN_POINT('',(-2.227908887575,-1.141229787832,
    15.043727202178));
#674 = CARTESIAN_POINT('',(-2.170276754604,-1.250601906462,
    15.012011147952));
#675 = CARTESIAN_POINT('',(-2.107646351836,-1.354068837472,
    14.978286579494));
#676 = CARTESIAN_POINT('',(-2.040651244485,-1.451704682139,
    14.94315843452));
#677 = CARTESIAN_POINT('',(-1.96982082734,-1.543621482958,
    14.907173636805));
#678 = CARTESIAN_POINT('',(-1.812301113385,-1.726813812448,
    14.830034120627));
#679 = CARTESIAN_POINT('',(-1.724651143036,-1.816732964362,
    14.788745732036));
#680 = CARTESIAN_POINT('',(-1.633194877789,-1.899919181595,
    14.747626664529));
#681 = CARTESIAN_POINT('',(-1.538331923327,-1.976577801138,
    14.707268169832));
#682 = CARTESIAN_POINT('',(-1.440342409756,-2.04687575029,
    14.668213000238));
#683 = CARTESIAN_POINT('',(-1.239576863146,-2.17426560423,14.59415343892
    ));
#684 = CARTESIAN_POINT('',(-1.136826003254,-2.231515095038,
    14.559096275257));
#685 = CARTESIAN_POINT('',(-1.031492841353,-2.282658937048,
    14.526373389463));
#686 = CARTESIAN_POINT('',(-0.923858322516,-2.32768776137,
    14.496514513663));
#687 = CARTESIAN_POINT('',(-0.814159392563,-2.36657122805,
    14.470003617368));
#688 = CARTESIAN_POINT('',(-0.588767840206,-2.432574602325,
    14.424066294241));
#689 = CARTESIAN_POINT('',(-0.472978522955,-2.459446555346,
    14.404789753429));
#690 = CARTESIAN_POINT('',(-0.355746091019,-2.47968989371,
    14.389952354788));
#691 = CARTESIAN_POINT('',(-0.237544630567,-2.493223554833,
    14.379927129221));
#692 = CARTESIAN_POINT('',(-0.11881775619,-2.5,14.374907406137));
#693 = CARTESIAN_POINT('',(0.119558357465,-2.5,14.374907406137));
#694 = CARTESIAN_POINT('',(0.239022985554,-2.493138816268,
    14.379989900039));
#695 = CARTESIAN_POINT('',(0.357952237904,-2.479436402518,
    14.390140131956));
#696 = CARTESIAN_POINT('',(0.475895107183,-2.458941344901,
    14.405160014864));
#697 = CARTESIAN_POINT('',(0.592369231954,-2.431736272049,
    14.424667563003));
#698 = CARTESIAN_POINT('',(0.818901339329,-2.364962770718,14.47110498575
    ));
#699 = CARTESIAN_POINT('',(0.929063886444,-2.325661178139,
    14.497873995478));
#700 = CARTESIAN_POINT('',(1.037133185452,-2.280156025236,
    14.528009073818));
#701 = CARTESIAN_POINT('',(1.142869797774,-2.228476982442,
    14.561018311234));
#702 = CARTESIAN_POINT('',(1.245989192424,-2.170631779466,
    14.596363756978));
#703 = CARTESIAN_POINT('',(1.38991719469,-2.078659854018,14.649687368922
    ));
#704 = CARTESIAN_POINT('',(1.433126816102,-2.04951214713,14.666241594879
    ));
#705 = CARTESIAN_POINT('',(1.475768047915,-2.019172180002,
    14.683094206558));
#706 = CARTESIAN_POINT('',(1.517818597944,-1.987631055343,
    14.700200381734));
#707 = CARTESIAN_POINT('',(1.55925418798,-1.954877292697,14.717514607307
    ));
#708 = CARTESIAN_POINT('',(1.600048553788,-1.920896828443,
    14.734990679303));
#709 = ORIENTED_EDGE('',*,*,#710,.T.);
#710 = EDGE_CURVE('',#624,#73,#711,.T.);
#711 = CIRCLE('',#712,4.2);
#712 = AXIS2_PLACEMENT_3D('',#713,#714,#715);
#713 = CARTESIAN_POINT('',(-2.5,0.,11.));
#714 = DIRECTION('',(1.,0.,0.));
#715 = DIRECTION('',(0.,1.,0.));
#716 = ORIENTED_EDGE('',*,*,#159,.T.);
#717 = ORIENTED_EDGE('',*,*,#585,.F.);
#718 = CYLINDRICAL_SURFACE('',#719,4.2);
#719 = AXIS2_PLACEMENT_3D('',#720,#721,#722);
#720 = CARTESIAN_POINT('',(1.6,0.,11.));
#721 = DIRECTION('',(1.,0.,0.));
#722 = DIRECTION('',(0.,1.,0.));
#723 = ADVANCED_FACE('',(#724),#764,.F.);
#724 = FACE_BOUND('',#725,.F.);
#725 = EDGE_LOOP('',(#726,#727,#752,#763));
#726 = ORIENTED_EDGE('',*,*,#381,.T.);
#727 = ORIENTED_EDGE('',*,*,#728,.T.);
#728 = EDGE_CURVE('',#354,#729,#731,.T.);
#729 = VERTEX_POINT('',#730);
#730 = CARTESIAN_POINT('',(1.407099503452,1.545073376043,8.197723614113)
  );
#731 = ( BOUNDED_CURVE() B_SPLINE_CURVE(7,(#732,#733,#734,#735,#736,#737
    ,#738,#739,#740,#741,#742,#743,#744,#745,#746,#747,#748,#749,#750,
#751),.UNSPECIFIED.,.F.,.F.) B_SPLINE_CURVE_WITH_KNOTS((8,6,6,8),(
    2.303625277927,3.259632133943,4.607405853359,6.68046062506),
.UNSPECIFIED.) CURVE() GEOMETRIC_REPRESENTATION_ITEM() 
RATIONAL_B_SPLINE_CURVE((1.031393471788,1.031393471789,1.031653524729,
    1.032170429106,1.032926503284,1.033893139138,1.035034355681,
    1.038109246974,1.040174406241,1.04247474029,1.044867510582,
    1.047368827447,1.049869895174,1.056040641163,1.059612123702,
    1.062794311476,1.065444247077,1.067554283816,1.068999380523,
1.069748719594)) REPRESENTATION_ITEM('') );
#732 = CARTESIAN_POINT('',(2.2,-5.9E-16,7.8));
#733 = CARTESIAN_POINT('',(2.199999999923,0.131675991955,7.800000000045)
  );
#734 = CARTESIAN_POINT('',(2.188939426383,0.26359362867,7.806347169477)
  );
#735 = CARTESIAN_POINT('',(2.166952347566,0.392934012445,7.818976385155)
  );
#736 = CARTESIAN_POINT('',(2.134759180056,0.518008970734,7.837335402213)
  );
#737 = CARTESIAN_POINT('',(2.093497670669,0.637815863757,7.860541984192)
  );
#738 = CARTESIAN_POINT('',(2.044552424318,0.751587828804,7.887541859034)
  );
#739 = CARTESIAN_POINT('',(1.911840738777,1.008397368132,7.959046689736)
  );
#740 = CARTESIAN_POINT('',(1.822347156449,1.144310704899,8.006021953783)
  );
#741 = CARTESIAN_POINT('',(1.721279398467,1.270424093079,8.057194039921)
  );
#742 = CARTESIAN_POINT('',(1.614640108523,1.380457535901,8.108506943312)
  );
#743 = CARTESIAN_POINT('',(1.500010141978,1.481725788889,8.160509287302)
  );
#744 = CARTESIAN_POINT('',(1.380981014606,1.570541948018,8.210434256332)
  );
#745 = CARTESIAN_POINT('',(1.071156912052,1.767780077726,8.328986640754)
  );
#746 = CARTESIAN_POINT('',(0.875829234694,1.861438164844,8.393507417462)
  );
#747 = CARTESIAN_POINT('',(0.674965482757,1.931725754581,8.446796535999)
  );
#748 = CARTESIAN_POINT('',(0.468625133182,1.983990204086,8.4881375599));
#749 = CARTESIAN_POINT('',(0.24565516893,2.016072610933,8.515351829107)
  );
#750 = CARTESIAN_POINT('',(-6.991703151411E-04,2.030298051784,
    8.526351053148));
#751 = CARTESIAN_POINT('',(-0.292538398889,2.005052490276,8.506054428974
    ));
#752 = ORIENTED_EDGE('',*,*,#753,.T.);
#753 = EDGE_CURVE('',#729,#40,#754,.T.);
#754 = B_SPLINE_CURVE_WITH_KNOTS('',7,(#755,#756,#757,#758,#759,#760,
    #761,#762),.UNSPECIFIED.,.F.,.F.,(8,8),(0.,1.),
  .PIECEWISE_BEZIER_KNOTS.);
#755 = CARTESIAN_POINT('',(1.407099503452,1.545073376043,8.197723614113)
  );
#756 = CARTESIAN_POINT('',(1.470915890124,1.592792352239,8.224034126494)
  );
#757 = CARTESIAN_POINT('',(1.533514730766,1.654949496372,8.227104317124)
  );
#758 = CARTESIAN_POINT('',(1.586753338021,1.725448284193,8.203588633086)
  );
#759 = CARTESIAN_POINT('',(1.622663269502,1.795418091851,8.154516099037)
  );
#760 = CARTESIAN_POINT('',(1.636273075372,1.855172050256,8.086680547198)
  );
#761 = CARTESIAN_POINT('',(1.627550108028,1.897991298463,8.00998606548)
  );
#762 = CARTESIAN_POINT('',(1.600000779338,1.920937779356,7.93411518085)
  );
#763 = ORIENTED_EDGE('',*,*,#39,.F.);
#764 = ( BOUNDED_SURFACE() B_SPLINE_SURFACE(6,7,(
    (#765,#766,#767,#768,#769,#770,#771,#772,#773,#774,#775,#776,#777
      ,#778,#779,#780,#781,#782,#783,#784)
    ,(#785,#786,#787,#788,#789,#790,#791,#792,#793,#794,#795,#796,#797
      ,#798,#799,#800,#801,#802,#803,#804)
    ,(#805,#806,#807,#808,#809,#810,#811,#812,#813,#814,#815,#816,#817
      ,#818,#819,#820,#821,#822,#823,#824)
    ,(#825,#826,#827,#828,#829,#830,#831,#832,#833,#834,#835,#836,#837
      ,#838,#839,#840,#841,#842,#843,#844)
    ,(#845,#846,#847,#848,#849,#850,#851,#852,#853,#854,#855,#856,#857
      ,#858,#859,#860,#861,#862,#863,#864)
    ,(#865,#866,#867,#868,#869,#870,#871,#872,#873,#874,#875,#876,#877
      ,#878,#879,#880,#881,#882,#883,#884)
    ,(#885,#886,#887,#888,#889,#890,#891,#892,#893,#894,#895,#896,#897
      ,#898,#899,#900,#901,#902,#903,#904
)),.UNSPECIFIED.,.F.,.F.,.F.) B_SPLINE_SURFACE_WITH_KNOTS((7,7),(8,6,6,8
    ),(0.,4.376835347133),(2.303625277927,3.259632133943,4.607405853359,
6.68046062506),.UNSPECIFIED.) GEOMETRIC_REPRESENTATION_ITEM() 
RATIONAL_B_SPLINE_SURFACE((
    (1.031393471788,1.031393471789,1.031653524729,1.032170429106
      ,1.032926503284,1.033893139138,1.035034355681,1.038109246974
      ,1.040174406241,1.04247474029,1.044867510582,1.047368827447
      ,1.049869895174,1.056040641163,1.059612123702,1.062794311476
      ,1.065444247077,1.067554283816,1.068999380523,1.069748719594)
    ,(1.010025407661,1.010025407662,1.010104801536,1.010262651204
      ,1.010493112994,1.010786758711,1.011131896701,1.012057248872
      ,1.012675378404,1.013358975964,1.014063765083,1.014793867658
      ,1.015516900996,1.017285659274,1.018294807576,1.019179969579
      ,1.019908367106,1.020483444651,1.020875695091,1.021078795216)
    ,(0.997924642725,0.997924642725,0.997907736632,0.997874127762
      ,0.997825015837,0.997762342742,0.997688538288,0.997490278873
      ,0.997357561247,0.997210399485,0.997058233857,0.996900220843
      ,0.996743414799,0.996359258583,0.996139534266,0.995946507331
      ,0.9957876988,0.995662346303,0.995576864915,0.995532607135)
    ,(0.993958444137,0.993958444137,0.993910161658,0.993814174724
      ,0.99367395812,0.993495116747,0.993284618979,0.99271930767
      ,0.992340990463,0.991921541166,0.991487639107,0.991036465396
      ,0.990587747687,0.989485652445,0.988852601685,0.988292826109
      ,0.987829006828,0.987460985373,0.987209347521,0.987078940208)
    ,(0.997924642725,0.997924642725,0.997907736632,0.997874127762
      ,0.997825015837,0.997762342742,0.997688538288,0.997490278873
      ,0.997357561247,0.997210399485,0.997058233857,0.996900220843
      ,0.996743414799,0.996359258583,0.996139534266,0.995946507331
      ,0.9957876988,0.995662346303,0.995576864915,0.995532607135)
    ,(1.010025407661,1.010025407662,1.010104801536,1.010262651204
      ,1.010493112994,1.010786758711,1.011131896701,1.012057248872
      ,1.012675378404,1.013358975964,1.014063765083,1.014793867658
      ,1.015516900996,1.017285659274,1.018294807576,1.019179969579
      ,1.019908367106,1.020483444651,1.020875695091,1.021078795216)
    ,(1.031393471788,1.031393471789,1.031653524729,1.032170429106
      ,1.032926503284,1.033893139138,1.035034355681,1.038109246974
      ,1.040174406241,1.04247474029,1.044867510582,1.047368827447
      ,1.049869895174,1.056040641163,1.059612123702,1.062794311476
      ,1.065444247077,1.067554283816,1.068999380523,1.069748719594
))) REPRESENTATION_ITEM('') SURFACE() );
#765 = CARTESIAN_POINT('',(2.5,0.,7.5));
#766 = CARTESIAN_POINT('',(2.500000000024,0.16399730996,7.49999999998));
#767 = CARTESIAN_POINT('',(2.4874271161,0.327561357634,7.506941032701));
#768 = CARTESIAN_POINT('',(2.46249509244,0.488108087079,7.520715223645)
  );
#769 = CARTESIAN_POINT('',(2.42598289293,0.643690077763,7.540742462874)
  );
#770 = CARTESIAN_POINT('',(2.379125510281,0.79281465192,7.566092669677)
  );
#771 = CARTESIAN_POINT('',(2.323502872698,0.934256353614,7.595609109808)
  );
#772 = CARTESIAN_POINT('',(2.172973614889,1.253262015134,7.673604490179)
  );
#773 = CARTESIAN_POINT('',(2.071140845023,1.422768979245,7.725031107027)
  );
#774 = CARTESIAN_POINT('',(1.956947744245,1.578614949426,7.780579461301)
  );
#775 = CARTESIAN_POINT('',(1.835274914953,1.71656653052,7.836943935749)
  );
#776 = CARTESIAN_POINT('',(1.705535805503,1.841940683119,7.893472631476)
  );
#777 = CARTESIAN_POINT('',(1.570373400443,1.952614673579,7.947977200081)
  );
#778 = CARTESIAN_POINT('',(1.218609188237,2.198244686544,8.077357033216)
  );
#779 = CARTESIAN_POINT('',(0.99679377857,2.31494810569,8.147766925854));
#780 = CARTESIAN_POINT('',(0.770110480652,2.401716800019,8.205314529285)
  );
#781 = CARTESIAN_POINT('',(0.541671271622,2.463642879325,8.247456257802)
  );
#782 = CARTESIAN_POINT('',(0.304566523667,2.500708987787,8.272069468912)
  );
#783 = CARTESIAN_POINT('',(5.191771023933E-02,2.516716644915,
    8.278730406408));
#784 = CARTESIAN_POINT('',(-0.240920586877,2.488364376618,8.249299708306
    ));
#785 = CARTESIAN_POINT('',(2.5,-2.7321212E-10,7.580201034946));
#786 = CARTESIAN_POINT('',(2.500000000017,0.160207495038,7.580201034932)
  );
#787 = CARTESIAN_POINT('',(2.488002871139,0.320118011456,7.587276515598)
  );
#788 = CARTESIAN_POINT('',(2.464193850035,0.477153553948,7.601330412773)
  );
#789 = CARTESIAN_POINT('',(2.429308787282,0.629430319893,7.621770358712)
  );
#790 = CARTESIAN_POINT('',(2.384518974031,0.775540546597,7.647644050639)
  );
#791 = CARTESIAN_POINT('',(2.331315423946,0.914332413269,7.677774935541)
  );
#792 = CARTESIAN_POINT('',(2.186992580857,1.228295606972,7.757551282857)
  );
#793 = CARTESIAN_POINT('',(2.089116210542,1.395761898881,7.810245812521)
  );
#794 = CARTESIAN_POINT('',(1.979063671612,1.550426561352,7.867302012422)
  );
#795 = CARTESIAN_POINT('',(1.8616002471,1.687818904921,7.925220449324));
#796 = CARTESIAN_POINT('',(1.735890535477,1.81347071319,7.983520363974)
  );
#797 = CARTESIAN_POINT('',(1.604444209022,1.92507885278,8.039917463777)
  );
#798 = CARTESIAN_POINT('',(1.259634386972,2.175347655662,8.174875403125)
  );
#799 = CARTESIAN_POINT('',(1.040208089318,2.296303625814,8.249114699576)
  );
#800 = CARTESIAN_POINT('',(0.81403470425,2.388098441199,8.310673889362)
  );
#801 = CARTESIAN_POINT('',(0.583717635559,2.455143894953,8.356932233238)
  );
#802 = CARTESIAN_POINT('',(0.343433063577,2.496621094608,8.3849006885));
#803 = CARTESIAN_POINT('',(8.751928904142E-02,2.516252176419,
    8.39406783069));
#804 = CARTESIAN_POINT('',(-0.207976221399,2.491554012325,8.366058982582
    ));
#805 = CARTESIAN_POINT('',(2.47449869481,-8.335843E-11,7.658312571775));
#806 = CARTESIAN_POINT('',(2.474498694814,0.154974001641,7.658312571771)
  );
#807 = CARTESIAN_POINT('',(2.462956853,0.309789331148,7.665515924137));
#808 = CARTESIAN_POINT('',(2.440035289155,0.461826336359,7.679834405988)
  );
#809 = CARTESIAN_POINT('',(2.406446077159,0.609242876593,7.700664649493)
  );
#810 = CARTESIAN_POINT('',(2.363324188134,0.750712840222,7.727035652118)
  );
#811 = CARTESIAN_POINT('',(2.312100546005,0.885165042105,7.757756217581)
  );
#812 = CARTESIAN_POINT('',(2.172977777415,1.189695787977,7.839231760181)
  );
#813 = CARTESIAN_POINT('',(2.078558303278,1.352294525664,7.893105677445)
  );
#814 = CARTESIAN_POINT('',(1.972196516867,1.502829681948,7.951601277664)
  );
#815 = CARTESIAN_POINT('',(1.858717211572,1.636534724982,8.010978395272)
  );
#816 = CARTESIAN_POINT('',(1.736955003506,1.759282200189,8.070992191867)
  );
#817 = CARTESIAN_POINT('',(1.609424209685,1.868562763748,8.129208020932)
  );
#818 = CARTESIAN_POINT('',(1.273339256625,2.114941233459,8.2693370005));
#819 = CARTESIAN_POINT('',(1.058319309316,2.235053269312,8.347071836789)
  );
#820 = CARTESIAN_POINT('',(0.835319811239,2.327313889667,8.412350959697)
  );
#821 = CARTESIAN_POINT('',(0.606162199198,2.395856018031,8.462637472107)
  );
#822 = CARTESIAN_POINT('',(0.365174234602,2.439079589004,8.494301514935)
  );
#823 = CARTESIAN_POINT('',(0.10755937622,2.460531425251,8.506461584588)
  );
#824 = CARTESIAN_POINT('',(-0.189783977225,2.438538898621,8.480888562571
    ));
#825 = CARTESIAN_POINT('',(2.425575853961,1.7820545E-10,7.725575853961)
  );
#826 = CARTESIAN_POINT('',(2.425575853946,0.148836507864,7.725575853969)
  );
#827 = CARTESIAN_POINT('',(2.414331250358,0.297649198948,7.732814802662)
  );
#828 = CARTESIAN_POINT('',(2.391986355233,0.443744510515,7.74721240071)
  );
#829 = CARTESIAN_POINT('',(2.359245827757,0.585304203027,7.76815957243)
  );
#830 = CARTESIAN_POINT('',(2.317232639236,0.721077122694,7.794676299236)
  );
#831 = CARTESIAN_POINT('',(2.267346336625,0.850072058036,7.825569263217)
  );
#832 = CARTESIAN_POINT('',(2.131810138163,1.142186619175,7.907578712782)
  );
#833 = CARTESIAN_POINT('',(2.039879819095,1.297941827809,7.961804899948)
  );
#834 = CARTESIAN_POINT('',(1.936201091295,1.442230571046,8.020810578843)
  );
#835 = CARTESIAN_POINT('',(1.825825873655,1.569930320826,8.080625765722)
  );
#836 = CARTESIAN_POINT('',(1.707222602508,1.687325509799,8.141262818943)
  );
#837 = CARTESIAN_POINT('',(1.583071495094,1.791663378013,8.200125203328)
  );
#838 = CARTESIAN_POINT('',(1.255554714307,2.027029969222,8.342143162095)
  );
#839 = CARTESIAN_POINT('',(1.045803777046,2.141765755839,8.42119537345)
  );
#840 = CARTESIAN_POINT('',(0.827770257594,2.230114308824,8.488009057462)
  );
#841 = CARTESIAN_POINT('',(0.602484092635,2.296368842059,8.540353583323)
  );
#842 = CARTESIAN_POINT('',(0.363478739196,2.338389179074,8.574398576815)
  );
#843 = CARTESIAN_POINT('',(0.106223882705,2.35950931982,8.588799639043)
  );
#844 = CARTESIAN_POINT('',(-0.191663838248,2.338665975287,8.565867953174
    ));
#845 = CARTESIAN_POINT('',(2.358312571775,4.8368531E-10,7.77449869481));
#846 = CARTESIAN_POINT('',(2.358312571739,0.142456372873,7.774498694832)
  );
#847 = CARTESIAN_POINT('',(2.347213045264,0.285009086675,7.78161568203)
  );
#848 = CARTESIAN_POINT('',(2.32514692066,0.42488610738,7.795776306773));
#849 = CARTESIAN_POINT('',(2.292822250585,0.560290450474,7.816375406755)
  );
#850 = CARTESIAN_POINT('',(2.251365831119,0.69004433866,7.842440566147)
  );
#851 = CARTESIAN_POINT('',(2.202166922638,0.813233716456,7.872796610144)
  );
#852 = CARTESIAN_POINT('',(2.068537909414,1.091884867858,7.953373963132)
  );
#853 = CARTESIAN_POINT('',(1.978037876544,1.240037345457,8.006584280113)
  );
#854 = CARTESIAN_POINT('',(1.875900782751,1.377238291075,8.064545156785)
  );
#855 = CARTESIAN_POINT('',(1.767513346509,1.497970337152,8.123129145293)
  );
#856 = CARTESIAN_POINT('',(1.650985506578,1.608937141175,8.18258496364)
  );
#857 = CARTESIAN_POINT('',(1.529287291288,1.707101457625,8.240188080133)
  );
#858 = CARTESIAN_POINT('',(1.209002576944,1.927735804398,8.378909589464)
  );
#859 = CARTESIAN_POINT('',(1.004512339798,2.034500172093,8.455914672024)
  );
#860 = CARTESIAN_POINT('',(0.792300941239,2.116210884907,8.520906085723)
  );
#861 = CARTESIAN_POINT('',(0.572799078315,2.177594191291,8.57215571311)
  );
#862 = CARTESIAN_POINT('',(0.338067297958,2.216287638519,8.606121108595)
  );
#863 = CARTESIAN_POINT('',(8.320240781864E-02,2.235370542126,
    8.621070097147));
#864 = CARTESIAN_POINT('',(-0.213762117789,2.214024919634,8.600159421605
    ));
#865 = CARTESIAN_POINT('',(2.280201034946,7.9951179E-10,7.8));
#866 = CARTESIAN_POINT('',(2.280201034888,0.136526854216,7.800000000035)
  );
#867 = CARTESIAN_POINT('',(2.269140065059,0.273243460937,7.806812531315)
  );
#868 = CARTESIAN_POINT('',(2.247147093162,0.407326143,7.820369739134));
#869 = CARTESIAN_POINT('',(2.21493778426,0.537015102126,7.840084230918)
  );
#870 = CARTESIAN_POINT('',(2.17364796208,0.661212462783,7.865014371843)
  );
#871 = CARTESIAN_POINT('',(2.12466662165,0.77907860891,7.894029851835));
#872 = CARTESIAN_POINT('',(1.991723282079,1.045336304937,7.970974687256)
  );
#873 = CARTESIAN_POINT('',(1.901868025491,1.186480884397,8.021666772388)
  );
#874 = CARTESIAN_POINT('',(1.800417397131,1.317201949077,8.07688988679)
  );
#875 = CARTESIAN_POINT('',(1.693110056758,1.431581990545,8.132479262329)
  );
#876 = CARTESIAN_POINT('',(1.577749222425,1.536687674332,8.18886752295)
  );
#877 = CARTESIAN_POINT('',(1.45764268695,1.629163445355,8.243268770828)
  );
#878 = CARTESIAN_POINT('',(1.143070993674,1.835770761177,8.373539371251)
  );
#879 = CARTESIAN_POINT('',(0.943393289476,1.934684344799,8.44525861879)
  );
#880 = CARTESIAN_POINT('',(0.737082459778,2.009568141663,8.505265500099)
  );
#881 = CARTESIAN_POINT('',(0.524251679555,2.065588380515,8.55240238692)
  );
#882 = CARTESIAN_POINT('',(0.295243792356,2.10042183792,8.583766309393)
  );
#883 = CARTESIAN_POINT('',(4.431100655063E-02,2.116820709024,
    8.597390269637));
#884 = CARTESIAN_POINT('',(-0.25045984743,2.093768041531,8.577378895321)
  );
#885 = CARTESIAN_POINT('',(2.2,-5.9E-16,7.8));
#886 = CARTESIAN_POINT('',(2.199999999923,0.131675991955,7.800000000045)
  );
#887 = CARTESIAN_POINT('',(2.188939426383,0.26359362867,7.806347169477)
  );
#888 = CARTESIAN_POINT('',(2.166952347566,0.392934012445,7.818976385155)
  );
#889 = CARTESIAN_POINT('',(2.134759180056,0.518008970734,7.837335402213)
  );
#890 = CARTESIAN_POINT('',(2.093497670669,0.637815863757,7.860541984192)
  );
#891 = CARTESIAN_POINT('',(2.044552424318,0.751587828804,7.887541859034)
  );
#892 = CARTESIAN_POINT('',(1.911840738777,1.008397368132,7.959046689736)
  );
#893 = CARTESIAN_POINT('',(1.822347156449,1.144310704899,8.006021953783)
  );
#894 = CARTESIAN_POINT('',(1.721279398467,1.270424093079,8.057194039921)
  );
#895 = CARTESIAN_POINT('',(1.614640108523,1.380457535901,8.108506943312)
  );
#896 = CARTESIAN_POINT('',(1.500010141978,1.481725788889,8.160509287302)
  );
#897 = CARTESIAN_POINT('',(1.380981014606,1.570541948018,8.210434256332)
  );
#898 = CARTESIAN_POINT('',(1.071156912052,1.767780077726,8.328986640754)
  );
#899 = CARTESIAN_POINT('',(0.875829234694,1.861438164844,8.393507417462)
  );
#900 = CARTESIAN_POINT('',(0.674965482757,1.931725754581,8.446796535999)
  );
#901 = CARTESIAN_POINT('',(0.468625133182,1.983990204086,8.4881375599));
#902 = CARTESIAN_POINT('',(0.24565516893,2.016072610933,8.515351829107)
  );
#903 = CARTESIAN_POINT('',(-6.991703151411E-04,2.030298051784,
    8.526351053148));
#904 = CARTESIAN_POINT('',(-0.292538398889,2.005052490276,8.506054428974
    ));
#905 = ADVANCED_FACE('',(#906),#1028,.T.);
#906 = FACE_BOUND('',#907,.T.);
#907 = EDGE_LOOP('',(#908,#917,#918,#927,#934,#1021));
#908 = ORIENTED_EDGE('',*,*,#909,.F.);
#909 = EDGE_CURVE('',#65,#910,#912,.T.);
#910 = VERTEX_POINT('',#911);
#911 = CARTESIAN_POINT('',(1.6,4.2,11.));
#912 = CIRCLE('',#913,4.2);
#913 = AXIS2_PLACEMENT_3D('',#914,#915,#916);
#914 = CARTESIAN_POINT('',(1.6,0.,11.));
#915 = DIRECTION('',(1.,0.,0.));
#916 = DIRECTION('',(0.,1.,0.));
#917 = ORIENTED_EDGE('',*,*,#72,.T.);
#918 = ORIENTED_EDGE('',*,*,#919,.T.);
#919 = EDGE_CURVE('',#73,#920,#922,.T.);
#920 = VERTEX_POINT('',#921);
#921 = CARTESIAN_POINT('',(-2.5,4.2,11.));
#922 = CIRCLE('',#923,4.2);
#923 = AXIS2_PLACEMENT_3D('',#924,#925,#926);
#924 = CARTESIAN_POINT('',(-2.5,0.,11.));
#925 = DIRECTION('',(1.,0.,0.));
#926 = DIRECTION('',(0.,1.,0.));
#927 = ORIENTED_EDGE('',*,*,#928,.T.);
#928 = EDGE_CURVE('',#920,#624,#929,.T.);
#929 = CIRCLE('',#930,4.2);
#930 = AXIS2_PLACEMENT_3D('',#931,#932,#933);
#931 = CARTESIAN_POINT('',(-2.5,0.,11.));
#932 = DIRECTION('',(1.,0.,0.));
#933 = DIRECTION('',(0.,1.,0.));
#934 = ORIENTED_EDGE('',*,*,#935,.F.);
#935 = EDGE_CURVE('',#936,#624,#938,.T.);
#936 = VERTEX_POINT('',#937);
#937 = CARTESIAN_POINT('',(1.6,1.92093727123,14.734969879397));
#938 = B_SPLINE_CURVE_WITH_KNOTS('',6,(#939,#940,#941,#942,#943,#944,
    #945,#946,#947,#948,#949,#950,#951,#952,#953,#954,#955,#956,#957,
    #958,#959,#960,#961,#962,#963,#964,#965,#966,#967,#968,#969,#970,
    #971,#972,#973,#974,#975,#976,#977,#978,#979,#980,#981,#982,#983,
    #984,#985,#986,#987,#988,#989,#990,#991,#992,#993,#994,#995,#996,
    #997,#998,#999,#1000,#1001,#1002,#1003,#1004,#1005,#1006,#1007,#1008
    ,#1009,#1010,#1011,#1012,#1013,#1014,#1015,#1016,#1017,#1018,#1019,
    #1020),.UNSPECIFIED.,.F.,.F.,(7,5,5,5,5,5,5,5,5,5,5,5,5,5,5,5,7),(0.
    ,2.89449483722E-02,9.559317978211E-02,0.163189533934,0.229989053227,
    0.297943700216,0.390232767947,0.453901340633,0.532489245978,
    0.578181686057,0.637531419307,0.704130800835,0.770015732112,
    0.83723238783,0.904868010734,0.971077500957,1.),.UNSPECIFIED.);
#939 = CARTESIAN_POINT('',(1.600048553788,1.920896828443,14.734990679303
    ));
#940 = CARTESIAN_POINT('',(1.559328081414,1.954815741717,14.71754626283)
  );
#941 = CARTESIAN_POINT('',(1.517968836136,1.987512291068,14.70026316117)
  );
#942 = CARTESIAN_POINT('',(1.475996823722,2.019000561396,14.683187277758
    ));
#943 = CARTESIAN_POINT('',(1.433436142367,2.049292019816,14.666363857298
    ));
#944 = CARTESIAN_POINT('',(1.390308982701,2.078395515656,14.649837485762
    ));
#945 = CARTESIAN_POINT('',(1.246073974422,2.170609543772,14.596383826443
    ));
#946 = CARTESIAN_POINT('',(1.142537936414,2.228687416769,14.560894279608
    ));
#947 = CARTESIAN_POINT('',(1.036363819068,2.280549383875,14.52776033792)
  );
#948 = CARTESIAN_POINT('',(0.927839836049,2.326187483569,14.497526563903
    ));
#949 = CARTESIAN_POINT('',(0.817208409781,2.36557154636,14.470690627841)
  );
#950 = CARTESIAN_POINT('',(0.590527566082,2.432165650129,14.424359634609
    ));
#951 = CARTESIAN_POINT('',(0.474403601697,2.459200098372,14.404970383893
    ));
#952 = CARTESIAN_POINT('',(0.356824065482,2.479566223876,14.390043965005
    ));
#953 = CARTESIAN_POINT('',(0.238267031748,2.493182209469,14.379957756142
    ));
#954 = CARTESIAN_POINT('',(0.119179682521,2.5,14.374907406137));
#955 = CARTESIAN_POINT('',(-0.117774776489,2.5,14.374907406137));
#956 = CARTESIAN_POINT('',(-0.235462198991,2.493341998174,
    14.379839391228));
#957 = CARTESIAN_POINT('',(-0.352637772864,2.480044318864,
    14.389689809649));
#958 = CARTESIAN_POINT('',(-0.468868378379,2.460153080403,
    14.404271865035));
#959 = CARTESIAN_POINT('',(-0.583691671468,2.433747115685,
    14.423224933621));
#960 = CARTESIAN_POINT('',(-0.81145757082,2.367665460279,14.46926647022)
  );
#961 = CARTESIAN_POINT('',(-0.924344873164,2.327765136957,
    14.496492285147));
#962 = CARTESIAN_POINT('',(-1.035050327509,2.281361986775,
    14.527265987212));
#963 = CARTESIAN_POINT('',(-1.143317051603,2.228488173793,
    14.561060715839));
#964 = CARTESIAN_POINT('',(-1.248838725033,2.169152031295,
    14.597298690556));
#965 = CARTESIAN_POINT('',(-1.490351168561,2.013997379107,
    14.687068268829));
#966 = CARTESIAN_POINT('',(-1.623751174701,1.912703832578,
    14.742156932504));
#967 = CARTESIAN_POINT('',(-1.751005526939,1.799178172881,
    14.799266758368));
#968 = CARTESIAN_POINT('',(-1.871295188741,1.672872502129,
    14.856961877204));
#969 = CARTESIAN_POINT('',(-1.983289569911,1.533142728912,
    14.913560182141));
#970 = CARTESIAN_POINT('',(-2.155132085696,1.273409005633,
    15.003877156974));
#971 = CARTESIAN_POINT('',(-2.220567117012,1.160444681695,
    15.039345970211));
#972 = CARTESIAN_POINT('',(-2.280336587577,1.040663152651,
    15.072597741223));
#973 = CARTESIAN_POINT('',(-2.333481484647,0.914271343226,
    15.102776845352));
#974 = CARTESIAN_POINT('',(-2.379013634065,0.781575947384,
    15.129020020913));
#975 = CARTESIAN_POINT('',(-2.461426339467,0.471927215726,15.17699043803
    ));
#976 = CARTESIAN_POINT('',(-2.493876271306,0.291524274615,
    15.196275048106));
#977 = CARTESIAN_POINT('',(-2.510380054491,0.105533872134,
    15.206235469698));
#978 = CARTESIAN_POINT('',(-2.50975426887,-8.198246858122E-02,
    15.205817085179));
#979 = CARTESIAN_POINT('',(-2.492315540837,-0.266905050825,
    15.195349278427));
#980 = CARTESIAN_POINT('',(-2.441240071737,-0.549053943445,
    15.165263834921));
#981 = CARTESIAN_POINT('',(-2.417463479363,-0.650452071098,
    15.151324763426));
#982 = CARTESIAN_POINT('',(-2.389025699294,-0.74915422778,15.13477269343
    ));
#983 = CARTESIAN_POINT('',(-2.356306518934,-0.844829990058,
    15.115922518329));
#984 = CARTESIAN_POINT('',(-2.319734130725,-0.937180506466,
    15.095127701753));
#985 = CARTESIAN_POINT('',(-2.227908887575,-1.141229787832,
    15.043727202178));
#986 = CARTESIAN_POINT('',(-2.170276754604,-1.250601906462,
    15.012011147952));
#987 = CARTESIAN_POINT('',(-2.107646351836,-1.354068837472,
    14.978286579494));
#988 = CARTESIAN_POINT('',(-2.040651244485,-1.451704682139,
    14.94315843452));
#989 = CARTESIAN_POINT('',(-1.96982082734,-1.543621482958,
    14.907173636805));
#990 = CARTESIAN_POINT('',(-1.812301113385,-1.726813812448,
    14.830034120627));
#991 = CARTESIAN_POINT('',(-1.724651143036,-1.816732964362,
    14.788745732036));
#992 = CARTESIAN_POINT('',(-1.633194877789,-1.899919181595,
    14.747626664529));
#993 = CARTESIAN_POINT('',(-1.538331923327,-1.976577801138,
    14.707268169832));
#994 = CARTESIAN_POINT('',(-1.440342409756,-2.04687575029,
    14.668213000238));
#995 = CARTESIAN_POINT('',(-1.239576863146,-2.17426560423,14.59415343892
    ));
#996 = CARTESIAN_POINT('',(-1.136826003254,-2.231515095038,
    14.559096275257));
#997 = CARTESIAN_POINT('',(-1.031492841353,-2.282658937048,
    14.526373389463));
#998 = CARTESIAN_POINT('',(-0.923858322516,-2.32768776137,
    14.496514513663));
#999 = CARTESIAN_POINT('',(-0.814159392563,-2.36657122805,
    14.470003617368));
#1000 = CARTESIAN_POINT('',(-0.588767840206,-2.432574602325,
    14.424066294241));
#1001 = CARTESIAN_POINT('',(-0.472978522955,-2.459446555346,
    14.404789753429));
#1002 = CARTESIAN_POINT('',(-0.355746091019,-2.47968989371,
    14.389952354788));
#1003 = CARTESIAN_POINT('',(-0.237544630567,-2.493223554833,
    14.379927129221));
#1004 = CARTESIAN_POINT('',(-0.11881775619,-2.5,14.374907406137));
#1005 = CARTESIAN_POINT('',(0.119558357465,-2.5,14.374907406137));
#1006 = CARTESIAN_POINT('',(0.239022985554,-2.493138816268,
    14.379989900039));
#1007 = CARTESIAN_POINT('',(0.357952237904,-2.479436402518,
    14.390140131956));
#1008 = CARTESIAN_POINT('',(0.475895107183,-2.458941344901,
    14.405160014864));
#1009 = CARTESIAN_POINT('',(0.592369231954,-2.431736272049,
    14.424667563003));
#1010 = CARTESIAN_POINT('',(0.818901339329,-2.364962770718,
    14.47110498575));
#1011 = CARTESIAN_POINT('',(0.929063886444,-2.325661178139,
    14.497873995478));
#1012 = CARTESIAN_POINT('',(1.037133185452,-2.280156025236,
    14.528009073818));
#1013 = CARTESIAN_POINT('',(1.142869797774,-2.228476982442,
    14.561018311234));
#1014 = CARTESIAN_POINT('',(1.245989192424,-2.170631779466,
    14.596363756978));
#1015 = CARTESIAN_POINT('',(1.38991719469,-2.078659854018,
    14.649687368922));
#1016 = CARTESIAN_POINT('',(1.433126816102,-2.04951214713,
    14.666241594879));
#1017 = CARTESIAN_POINT('',(1.475768047915,-2.019172180002,
    14.683094206558));
#1018 = CARTESIAN_POINT('',(1.517818597944,-1.987631055343,
    14.700200381734));
#1019 = CARTESIAN_POINT('',(1.55925418798,-1.954877292697,
    14.717514607307));
#1020 = CARTESIAN_POINT('',(1.600048553788,-1.920896828443,
    14.734990679303));
#1021 = ORIENTED_EDGE('',*,*,#1022,.F.);
#1022 = EDGE_CURVE('',#910,#936,#1023,.T.);
#1023 = CIRCLE('',#1024,4.2);
#1024 = AXIS2_PLACEMENT_3D('',#1025,#1026,#1027);
#1025 = CARTESIAN_POINT('',(1.6,0.,11.));
#1026 = DIRECTION('',(1.,0.,0.));
#1027 = DIRECTION('',(0.,1.,0.));
#1028 = CYLINDRICAL_SURFACE('',#1029,4.2);
#1029 = AXIS2_PLACEMENT_3D('',#1030,#1031,#1032);
#1030 = CARTESIAN_POINT('',(1.6,0.,11.));
#1031 = DIRECTION('',(1.,0.,0.));
#1032 = DIRECTION('',(0.,1.,0.));
#1033 = ADVANCED_FACE('',(#1034),#1088,.T.);
#1034 = FACE_BOUND('',#1035,.T.);
#1035 = EDGE_LOOP('',(#1036,#1037,#1038,#1039,#1047,#1058,#1067,#1076));
#1036 = ORIENTED_EDGE('',*,*,#64,.T.);
#1037 = ORIENTED_EDGE('',*,*,#909,.T.);
#1038 = ORIENTED_EDGE('',*,*,#1022,.T.);
#1039 = ORIENTED_EDGE('',*,*,#1040,.T.);
#1040 = EDGE_CURVE('',#936,#1041,#1043,.T.);
#1041 = VERTEX_POINT('',#1042);
#1042 = CARTESIAN_POINT('',(1.6,1.92093727123,14.065884332136));
#1043 = LINE('',#1044,#1045);
#1044 = CARTESIAN_POINT('',(1.6,1.92093727123,0.));
#1045 = VECTOR('',#1046,1.);
#1046 = DIRECTION('',(-0.,-0.,-1.));
#1047 = ORIENTED_EDGE('',*,*,#1048,.F.);
#1048 = EDGE_CURVE('',#1049,#1041,#1051,.T.);
#1049 = VERTEX_POINT('',#1050);
#1050 = CARTESIAN_POINT('',(1.6,1.888515276648,13.946779606599));
#1051 = B_SPLINE_CURVE_WITH_KNOTS('',5,(#1052,#1053,#1054,#1055,#1056,
    #1057),.UNSPECIFIED.,.F.,.F.,(6,6),(0.,1.),
  .PIECEWISE_BEZIER_KNOTS.);
#1052 = CARTESIAN_POINT('',(1.6,1.888535639708,13.946813192385));
#1053 = CARTESIAN_POINT('',(1.6,1.901397076983,13.968030471854));
#1054 = CARTESIAN_POINT('',(1.6,1.911182759026,13.99094001441));
#1055 = CARTESIAN_POINT('',(1.6,1.917712039743,14.015167467859));
#1056 = CARTESIAN_POINT('',(1.6,1.920940154442,14.040283148521));
#1057 = CARTESIAN_POINT('',(1.6,1.920939585848,14.06588420514));
#1058 = ORIENTED_EDGE('',*,*,#1059,.F.);
#1059 = EDGE_CURVE('',#1060,#1049,#1062,.T.);
#1060 = VERTEX_POINT('',#1061);
#1061 = CARTESIAN_POINT('',(1.6,3.5,11.));
#1062 = CIRCLE('',#1063,3.5);
#1063 = AXIS2_PLACEMENT_3D('',#1064,#1065,#1066);
#1064 = CARTESIAN_POINT('',(1.6,0.,11.));
#1065 = DIRECTION('',(1.,0.,0.));
#1066 = DIRECTION('',(-0.,1.,0.));
#1067 = ORIENTED_EDGE('',*,*,#1068,.F.);
#1068 = EDGE_CURVE('',#1069,#1060,#1071,.T.);
#1069 = VERTEX_POINT('',#1070);
#1070 = CARTESIAN_POINT('',(1.6,1.92093727123,8.074252232334));
#1071 = CIRCLE('',#1072,3.5);
#1072 = AXIS2_PLACEMENT_3D('',#1073,#1074,#1075);
#1073 = CARTESIAN_POINT('',(1.6,0.,11.));
#1074 = DIRECTION('',(1.,-0.,0.));
#1075 = DIRECTION('',(0.,0.600292897259,-0.799780243254));
#1076 = ORIENTED_EDGE('',*,*,#1077,.T.);
#1077 = EDGE_CURVE('',#1069,#40,#1078,.T.);
#1078 = B_SPLINE_CURVE_WITH_KNOTS('',8,(#1079,#1080,#1081,#1082,#1083,
    #1084,#1085,#1086,#1087),.UNSPECIFIED.,.F.,.F.,(9,9),(0.,1.),
  .PIECEWISE_BEZIER_KNOTS.);
#1079 = CARTESIAN_POINT('',(1.6,1.92093727123,8.074252232334));
#1080 = CARTESIAN_POINT('',(1.6,1.920937334746,8.056735100899));
#1081 = CARTESIAN_POINT('',(1.600000241991,1.920937560876,8.039217967532
    ));
#1082 = CARTESIAN_POINT('',(1.600000410142,1.920937732209,8.021700836817
    ));
#1083 = CARTESIAN_POINT('',(1.600000578294,1.920937885395,8.004183706585
    ));
#1084 = CARTESIAN_POINT('',(1.600000722868,1.920937993567,7.986666576352
    ));
#1085 = CARTESIAN_POINT('',(1.600000820285,1.920938029862,7.969149445641
    ));
#1086 = CARTESIAN_POINT('',(1.600000944385,1.920938030929,7.951632312279
    ));
#1087 = CARTESIAN_POINT('',(1.600000779338,1.920937779356,7.93411518085)
  );
#1088 = PLANE('',#1089);
#1089 = AXIS2_PLACEMENT_3D('',#1090,#1091,#1092);
#1090 = CARTESIAN_POINT('',(1.6,-2.4E-16,11.));
#1091 = DIRECTION('',(1.,0.,0.));
#1092 = DIRECTION('',(0.,0.,1.));
#1093 = ADVANCED_FACE('',(#1094),#1118,.T.);
#1094 = FACE_BOUND('',#1095,.F.);
#1095 = EDGE_LOOP('',(#1096,#1097,#1110,#1117));
#1096 = ORIENTED_EDGE('',*,*,#594,.F.);
#1097 = ORIENTED_EDGE('',*,*,#1098,.F.);
#1098 = EDGE_CURVE('',#1099,#595,#1101,.T.);
#1099 = VERTEX_POINT('',#1100);
#1100 = CARTESIAN_POINT('',(1.3,-1.756285505124,13.67496938758));
#1101 = B_SPLINE_CURVE_WITH_KNOTS('',7,(#1102,#1103,#1104,#1105,#1106,
    #1107,#1108,#1109),.UNSPECIFIED.,.F.,.F.,(8,8),(0.,1.),
  .PIECEWISE_BEZIER_KNOTS.);
#1102 = CARTESIAN_POINT('',(1.3,-1.756285505124,13.67496938758));
#1103 = CARTESIAN_POINT('',(1.367319842577,-1.756285505124,
    13.67496938758));
#1104 = CARTESIAN_POINT('',(1.434639359495,-1.765958613052,
    13.689702338181));
#1105 = CARTESIAN_POINT('',(1.496424082247,-1.785303284167,
    13.719165886617));
#1106 = CARTESIAN_POINT('',(1.547128816661,-1.813132031071,
    13.76155139048));
#1107 = CARTESIAN_POINT('',(1.582375334035,-1.847041910136,
    13.813198966099));
#1108 = CARTESIAN_POINT('',(1.6,-1.883989501316,13.869473230769));
#1109 = CARTESIAN_POINT('',(1.6,-1.92093727123,13.925747767666));
#1110 = ORIENTED_EDGE('',*,*,#1111,.T.);
#1111 = EDGE_CURVE('',#1099,#289,#1112,.T.);
#1112 = CIRCLE('',#1113,3.2);
#1113 = AXIS2_PLACEMENT_3D('',#1114,#1115,#1116);
#1114 = CARTESIAN_POINT('',(1.3,0.,11.));
#1115 = DIRECTION('',(1.,0.,0.));
#1116 = DIRECTION('',(0.,-0.600292897259,0.799780243254));
#1117 = ORIENTED_EDGE('',*,*,#288,.T.);
#1118 = TOROIDAL_SURFACE('',#1119,3.5,0.3);
#1119 = AXIS2_PLACEMENT_3D('',#1120,#1121,#1122);
#1120 = CARTESIAN_POINT('',(1.3,0.,11.));
#1121 = DIRECTION('',(-1.,0.,0.));
#1122 = DIRECTION('',(0.,-0.600292897259,0.799780243254));
#1123 = ADVANCED_FACE('',(#1124),#1242,.F.);
#1124 = FACE_BOUND('',#1125,.F.);
#1125 = EDGE_LOOP('',(#1126,#1136,#1145,#1157,#1158,#1159,#1160,#1174,
    #1202,#1227,#1234,#1235));
#1126 = ORIENTED_EDGE('',*,*,#1127,.F.);
#1127 = EDGE_CURVE('',#1128,#1130,#1132,.T.);
#1128 = VERTEX_POINT('',#1129);
#1129 = CARTESIAN_POINT('',(1.3,3.2,11.));
#1130 = VERTEX_POINT('',#1131);
#1131 = CARTESIAN_POINT('',(-2.2,3.2,11.));
#1132 = LINE('',#1133,#1134);
#1133 = CARTESIAN_POINT('',(2.5,3.2,11.));
#1134 = VECTOR('',#1135,1.);
#1135 = DIRECTION('',(-1.,-0.,-0.));
#1136 = ORIENTED_EDGE('',*,*,#1137,.F.);
#1137 = EDGE_CURVE('',#1138,#1128,#1140,.T.);
#1138 = VERTEX_POINT('',#1139);
#1139 = CARTESIAN_POINT('',(1.3,1.756285505124,8.32503061242));
#1140 = CIRCLE('',#1141,3.2);
#1141 = AXIS2_PLACEMENT_3D('',#1142,#1143,#1144);
#1142 = CARTESIAN_POINT('',(1.3,0.,11.));
#1143 = DIRECTION('',(1.,-0.,0.));
#1144 = DIRECTION('',(0.,0.600292897259,-0.799780243254));
#1145 = ORIENTED_EDGE('',*,*,#1146,.T.);
#1146 = EDGE_CURVE('',#1138,#729,#1147,.T.);
#1147 = B_SPLINE_CURVE_WITH_KNOTS('',8,(#1148,#1149,#1150,#1151,#1152,
    #1153,#1154,#1155,#1156),.UNSPECIFIED.,.F.,.F.,(9,9),(0.,1.),
  .PIECEWISE_BEZIER_KNOTS.);
#1148 = CARTESIAN_POINT('',(1.3,1.756285505124,8.32503061242));
#1149 = CARTESIAN_POINT('',(1.300000004233,1.726746461002,8.305636373642
    ));
#1150 = CARTESIAN_POINT('',(1.300592996343,1.69701073506,8.286670523086)
  );
#1151 = CARTESIAN_POINT('',(1.306033238028,1.668619596339,8.268965269448
    ));
#1152 = CARTESIAN_POINT('',(1.304637430265,1.634819962369,8.248544212191
    ));
#1153 = CARTESIAN_POINT('',(1.332995308157,1.608335387056,8.233329371006
    ));
#1154 = CARTESIAN_POINT('',(1.35468220684,1.586533063276,8.220795538805)
  );
#1155 = CARTESIAN_POINT('',(1.380425068088,1.565339442671,8.208896249698
    ));
#1156 = CARTESIAN_POINT('',(1.407099503452,1.545073376043,8.197723614113
    ));
#1157 = ORIENTED_EDGE('',*,*,#728,.F.);
#1158 = ORIENTED_EDGE('',*,*,#353,.F.);
#1159 = ORIENTED_EDGE('',*,*,#1111,.F.);
#1160 = ORIENTED_EDGE('',*,*,#1161,.T.);
#1161 = EDGE_CURVE('',#1099,#1162,#1164,.T.);
#1162 = VERTEX_POINT('',#1163);
#1163 = CARTESIAN_POINT('',(1.407085185016,-1.545080575841,
    13.802271689249));
#1164 = B_SPLINE_CURVE_WITH_KNOTS('',8,(#1165,#1166,#1167,#1168,#1169,
    #1170,#1171,#1172,#1173),.UNSPECIFIED.,.F.,.F.,(9,9),(0.,1.),
  .PIECEWISE_BEZIER_KNOTS.);
#1165 = CARTESIAN_POINT('',(1.3,-1.756285505124,13.67496938758));
#1166 = CARTESIAN_POINT('',(1.30000000089,-1.726747662203,
    13.694362837695));
#1167 = CARTESIAN_POINT('',(1.30059147293,-1.697013121163,
    13.713327115067));
#1168 = CARTESIAN_POINT('',(1.306032804046,-1.668620379868,
    13.731032063033));
#1169 = CARTESIAN_POINT('',(1.304629639209,-1.634828468964,
    13.751447781527));
#1170 = CARTESIAN_POINT('',(1.332976109794,-1.608331642182,
    13.766668991838));
#1171 = CARTESIAN_POINT('',(1.354666213214,-1.586533480525,
    13.779200226418));
#1172 = CARTESIAN_POINT('',(1.380408941835,-1.565341832493,
    13.791099282413));
#1173 = CARTESIAN_POINT('',(1.407085185016,-1.545080575841,
    13.802271689249));
#1174 = ORIENTED_EDGE('',*,*,#1175,.T.);
#1175 = EDGE_CURVE('',#1162,#1176,#1178,.T.);
#1176 = VERTEX_POINT('',#1177);
#1177 = CARTESIAN_POINT('',(2.2,0.,14.2));
#1178 = ( BOUNDED_CURVE() B_SPLINE_CURVE(8,(#1179,#1180,#1181,#1182,
    #1183,#1184,#1185,#1186,#1187,#1188,#1189,#1190,#1191,#1192,#1193,
    #1194,#1195,#1196,#1197,#1198,#1199,#1200,#1201),.UNSPECIFIED.,.F.,
.F.) B_SPLINE_CURVE_WITH_KNOTS((9,7,7,9),(-2.072947454083,0.,
1.349664139333,2.303625284196),.UNSPECIFIED.) CURVE() 
GEOMETRIC_REPRESENTATION_ITEM() RATIONAL_B_SPLINE_CURVE((1.06974397698,
    1.069091059718,1.067914536846,1.066237154525,1.064123743884,
    1.061604313949,1.058717853144,1.055570418273,1.050172480612,
    1.04799077935,1.045804351587,1.043636419129,1.041609755677,
    1.039637069601,1.03786530763,1.0351787388,1.034167093703,
    1.033281106298,1.032543590733,1.031974112661,1.03158768635,
1.031393471786,1.031393471788)) REPRESENTATION_ITEM('') );
#1179 = CARTESIAN_POINT('',(-0.292336595489,-2.0050620149,
    13.493937913503));
#1180 = CARTESIAN_POINT('',(-3.716157881878E-02,-2.027122581155,
    13.476201784954));
#1181 = CARTESIAN_POINT('',(0.184006525164,-2.019631299005,
    13.481897794838));
#1182 = CARTESIAN_POINT('',(0.384792692209,-1.996032243847,
    13.501645602881));
#1183 = CARTESIAN_POINT('',(0.571477760537,-1.957936519998,
    13.532468839338));
#1184 = CARTESIAN_POINT('',(0.750041700511,-1.905484809754,
    13.57310097562));
#1185 = CARTESIAN_POINT('',(0.924595879199,-1.83807339136,
    13.622596231254));
#1186 = CARTESIAN_POINT('',(1.094594147974,-1.752858539845,
    13.679982220743));
#1187 = CARTESIAN_POINT('',(1.365732169953,-1.580248061306,
    13.783731707544));
#1188 = CARTESIAN_POINT('',(1.470438684142,-1.503599133469,
    13.827109627508));
#1189 = CARTESIAN_POINT('',(1.571595909131,-1.419128327379,
    13.871887994775));
#1190 = CARTESIAN_POINT('',(1.669368151978,-1.323350007052,
    13.91787956669));
#1191 = CARTESIAN_POINT('',(1.759271089179,-1.223430320279,
    13.962009080209));
#1192 = CARTESIAN_POINT('',(1.845606608413,-1.109082568123,
    14.006180430647));
#1193 = CARTESIAN_POINT('',(1.922348128917,-0.988361692124,
    14.046604857642));
#1194 = CARTESIAN_POINT('',(2.038297302381,-0.763478528912,
    14.109094924737));
#1195 = CARTESIAN_POINT('',(2.081736130012,-0.664962187849,
    14.132973531132));
#1196 = CARTESIAN_POINT('',(2.11961328286,-0.561816460524,
    14.154147499709));
#1197 = CARTESIAN_POINT('',(2.151057457156,-0.454547549823,
    14.171959414326));
#1198 = CARTESIAN_POINT('',(2.17530021822,-0.343720569506,
    14.185818556137));
#1199 = CARTESIAN_POINT('',(2.191739016893,-0.230130167282,
    14.195259390339));
#1200 = CARTESIAN_POINT('',(2.200000000067,-0.11496994522,
    14.200000000039));
#1201 = CARTESIAN_POINT('',(2.2,2.E-16,14.2));
#1202 = ORIENTED_EDGE('',*,*,#1203,.T.);
#1203 = EDGE_CURVE('',#1176,#1204,#1206,.T.);
#1204 = VERTEX_POINT('',#1205);
#1205 = CARTESIAN_POINT('',(1.3,1.621439059459,13.758792376468));
#1206 = ( BOUNDED_CURVE() B_SPLINE_CURVE(7,(#1207,#1208,#1209,#1210,
    #1211,#1212,#1213,#1214,#1215,#1216,#1217,#1218,#1219,#1220,#1221,
    #1222,#1223,#1224,#1225,#1226),.UNSPECIFIED.,.F.,.F.) 
B_SPLINE_CURVE_WITH_KNOTS((8,6,6,8),(2.303625284196,3.259632137709,
4.607405853359,6.680460619566),.UNSPECIFIED.) CURVE() 
GEOMETRIC_REPRESENTATION_ITEM() RATIONAL_B_SPLINE_CURVE((1.031393471788,
    1.031393471789,1.031653524729,1.032170429106,1.032926503284,
    1.033893139138,1.035034355681,1.038109246974,1.040174406241,
    1.042474740287,1.044867510583,1.047368827447,1.049869895174,
    1.056040641163,1.059612123703,1.062794311477,1.065444247079,
1.067554283817,1.068999380524,1.069748719594)) REPRESENTATION_ITEM('') 
  );
#1207 = CARTESIAN_POINT('',(2.2,2.E-16,14.2));
#1208 = CARTESIAN_POINT('',(2.199999999923,0.131675991955,
    14.199999999955));
#1209 = CARTESIAN_POINT('',(2.188939426384,0.263593628669,
    14.193652830524));
#1210 = CARTESIAN_POINT('',(2.166952347566,0.392934012446,
    14.181023614845));
#1211 = CARTESIAN_POINT('',(2.134759180055,0.518008970736,
    14.162664597786));
#1212 = CARTESIAN_POINT('',(2.09349767067,0.637815863754,14.139458015809
    ));
#1213 = CARTESIAN_POINT('',(2.044552424324,0.751587828793,14.11245814097
    ));
#1214 = CARTESIAN_POINT('',(1.911840738783,1.008397368121,
    14.040953310267));
#1215 = CARTESIAN_POINT('',(1.822347156429,1.144310704918,
    13.993978046207));
#1216 = CARTESIAN_POINT('',(1.721279398579,1.270424092951,
    13.942805960136));
#1217 = CARTESIAN_POINT('',(1.61464010844,1.38045753601,13.891493056643)
  );
#1218 = CARTESIAN_POINT('',(1.500010141973,1.481725788879,
    13.839490712699));
#1219 = CARTESIAN_POINT('',(1.380981014605,1.570541948018,
    13.789565743668));
#1220 = CARTESIAN_POINT('',(1.071156912022,1.767780077744,
    13.671013359235));
#1221 = CARTESIAN_POINT('',(0.875829234626,1.861438164878,
    13.606492582515));
#1222 = CARTESIAN_POINT('',(0.674965482649,1.931725754619,
    13.553203463972));
#1223 = CARTESIAN_POINT('',(0.468625133033,1.983990204123,13.51186244007
    ));
#1224 = CARTESIAN_POINT('',(0.245655168735,2.01607261096,13.48464817087)
  );
#1225 = CARTESIAN_POINT('',(-6.991705565616E-04,2.030298051792,
    13.473648946846));
#1226 = CARTESIAN_POINT('',(-0.292538399176,2.005052490247,
    13.493945571049));
#1227 = ORIENTED_EDGE('',*,*,#1228,.F.);
#1228 = EDGE_CURVE('',#1128,#1204,#1229,.T.);
#1229 = CIRCLE('',#1230,3.2);
#1230 = AXIS2_PLACEMENT_3D('',#1231,#1232,#1233);
#1231 = CARTESIAN_POINT('',(1.3,0.,11.));
#1232 = DIRECTION('',(1.,0.,0.));
#1233 = DIRECTION('',(-0.,1.,0.));
#1234 = ORIENTED_EDGE('',*,*,#1127,.T.);
#1235 = ORIENTED_EDGE('',*,*,#1236,.T.);
#1236 = EDGE_CURVE('',#1130,#1130,#1237,.T.);
#1237 = CIRCLE('',#1238,3.2);
#1238 = AXIS2_PLACEMENT_3D('',#1239,#1240,#1241);
#1239 = CARTESIAN_POINT('',(-2.2,0.,11.));
#1240 = DIRECTION('',(1.,0.,0.));
#1241 = DIRECTION('',(-0.,1.,0.));
#1242 = CYLINDRICAL_SURFACE('',#1243,3.2);
#1243 = AXIS2_PLACEMENT_3D('',#1244,#1245,#1246);
#1244 = CARTESIAN_POINT('',(2.5,0.,11.));
#1245 = DIRECTION('',(1.,0.,0.));
#1246 = DIRECTION('',(0.,1.,0.));
#1247 = ADVANCED_FACE('',(#1248),#1321,.T.);
#1248 = FACE_BOUND('',#1249,.F.);
#1249 = EDGE_LOOP('',(#1250,#1251,#1276,#1284,#1291,#1292,#1318,#1319,
    #1320));
#1250 = ORIENTED_EDGE('',*,*,#1040,.T.);
#1251 = ORIENTED_EDGE('',*,*,#1252,.F.);
#1252 = EDGE_CURVE('',#1253,#1041,#1255,.T.);
#1253 = VERTEX_POINT('',#1254);
#1254 = CARTESIAN_POINT('',(2.5,-1.E-15,14.5));
#1255 = ( BOUNDED_CURVE() B_SPLINE_CURVE(7,(#1256,#1257,#1258,#1259,
    #1260,#1261,#1262,#1263,#1264,#1265,#1266,#1267,#1268,#1269,#1270,
    #1271,#1272,#1273,#1274,#1275),.UNSPECIFIED.,.F.,.F.) 
B_SPLINE_CURVE_WITH_KNOTS((8,6,6,8),(2.303625284196,3.259632137709,
4.607405853359,6.680460619566),.UNSPECIFIED.) CURVE() 
GEOMETRIC_REPRESENTATION_ITEM() RATIONAL_B_SPLINE_CURVE((1.031393471788,
    1.031393471789,1.031653524729,1.032170429106,1.032926503284,
    1.033893139138,1.035034355681,1.038109246974,1.040174406241,
    1.042474740287,1.044867510583,1.047368827447,1.049869895174,
    1.056040641163,1.059612123703,1.062794311477,1.065444247079,
1.067554283817,1.068999380524,1.069748719594)) REPRESENTATION_ITEM('') 
  );
#1256 = CARTESIAN_POINT('',(2.5,0.,14.5));
#1257 = CARTESIAN_POINT('',(2.500000000024,0.16399730996,14.50000000002)
  );
#1258 = CARTESIAN_POINT('',(2.487427116101,0.327561357634,14.4930589673)
  );
#1259 = CARTESIAN_POINT('',(2.46249509244,0.48810808708,14.479284776355)
  );
#1260 = CARTESIAN_POINT('',(2.425982892929,0.643690077762,
    14.459257537126));
#1261 = CARTESIAN_POINT('',(2.379125510282,0.792814651914,
    14.433907330324));
#1262 = CARTESIAN_POINT('',(2.323502872703,0.934256353604,
    14.404390890194));
#1263 = CARTESIAN_POINT('',(2.172973614898,1.253262015115,
    14.326395509826));
#1264 = CARTESIAN_POINT('',(2.071140845004,1.422768979278,
    14.274968892963));
#1265 = CARTESIAN_POINT('',(1.956947744328,1.578614949294,
    14.219420538738));
#1266 = CARTESIAN_POINT('',(1.835274914956,1.716566530557,
    14.163056064254));
#1267 = CARTESIAN_POINT('',(1.705535805478,1.841940683132,
    14.106527368514));
#1268 = CARTESIAN_POINT('',(1.570373400429,1.95261467359,14.052022799912
    ));
#1269 = CARTESIAN_POINT('',(1.218609188198,2.19824468657,13.92264296677)
  );
#1270 = CARTESIAN_POINT('',(0.996793778492,2.314948105731,
    13.852233074121));
#1271 = CARTESIAN_POINT('',(0.77011048053,2.401716800066,13.794685470684
    ));
#1272 = CARTESIAN_POINT('',(0.541671271456,2.46364287937,13.752543742168
    ));
#1273 = CARTESIAN_POINT('',(0.304566523456,2.500708987819,
    13.727930531066));
#1274 = CARTESIAN_POINT('',(5.191770998262E-02,2.516716644926,
    13.721269593588));
#1275 = CARTESIAN_POINT('',(-0.240920587178,2.488364376588,
    13.75070029172));
#1276 = ORIENTED_EDGE('',*,*,#1277,.T.);
#1277 = EDGE_CURVE('',#1253,#1278,#1280,.T.);
#1278 = VERTEX_POINT('',#1279);
#1279 = CARTESIAN_POINT('',(2.5,0.,22.));
#1280 = LINE('',#1281,#1282);
#1281 = CARTESIAN_POINT('',(2.5,0.,0.));
#1282 = VECTOR('',#1283,1.);
#1283 = DIRECTION('',(0.,0.,1.));
#1284 = ORIENTED_EDGE('',*,*,#1285,.T.);
#1285 = EDGE_CURVE('',#1278,#1278,#1286,.T.);
#1286 = CIRCLE('',#1287,2.5);
#1287 = AXIS2_PLACEMENT_3D('',#1288,#1289,#1290);
#1288 = CARTESIAN_POINT('',(0.,0.,22.));
#1289 = DIRECTION('',(0.,0.,1.));
#1290 = DIRECTION('',(1.,0.,0.));
#1291 = ORIENTED_EDGE('',*,*,#1277,.F.);
#1292 = ORIENTED_EDGE('',*,*,#1293,.F.);
#1293 = EDGE_CURVE('',#578,#1253,#1294,.T.);
#1294 = ( BOUNDED_CURVE() B_SPLINE_CURVE(8,(#1295,#1296,#1297,#1298,
    #1299,#1300,#1301,#1302,#1303,#1304,#1305,#1306,#1307,#1308,#1309,
    #1310,#1311,#1312,#1313,#1314,#1315,#1316,#1317),.UNSPECIFIED.,.F.,
.F.) B_SPLINE_CURVE_WITH_KNOTS((9,7,7,9),(-2.072947454083,0.,
1.349664139333,2.303625284196),.UNSPECIFIED.) CURVE() 
GEOMETRIC_REPRESENTATION_ITEM() RATIONAL_B_SPLINE_CURVE((1.06974397698,
    1.069091059718,1.067914536846,1.066237154525,1.064123743884,
    1.061604313949,1.058717853144,1.055570418273,1.050172480612,
    1.04799077935,1.045804351587,1.043636419129,1.041609755677,
    1.039637069601,1.03786530763,1.0351787388,1.034167093703,
    1.033281106298,1.032543590733,1.031974112661,1.03158768635,
1.031393471786,1.031393471788)) REPRESENTATION_ITEM('') );
#1295 = CARTESIAN_POINT('',(-0.240746349021,-2.48838123997,
    13.750664844602));
#1296 = CARTESIAN_POINT('',(1.531084494553E-02,-2.513154306732,
    13.724956287851));
#1297 = CARTESIAN_POINT('',(0.241328635963,-2.504715118416,
    13.726260745051));
#1298 = CARTESIAN_POINT('',(0.452538940942,-2.477558055994,
    13.743308569964));
#1299 = CARTESIAN_POINT('',(0.655607234897,-2.432757721511,
    13.773574143887));
#1300 = CARTESIAN_POINT('',(0.85489660783,-2.369291093157,
    13.816201375056));
#1301 = CARTESIAN_POINT('',(1.052146537901,-2.285832236981,
    13.869798995981));
#1302 = CARTESIAN_POINT('',(1.245150109272,-2.179708340899,
    13.932396177349));
#1303 = CARTESIAN_POINT('',(1.553063397753,-1.964704095071,
    14.045657559888));
#1304 = CARTESIAN_POINT('',(1.671949128212,-1.869332164971,
    14.092999889048));
#1305 = CARTESIAN_POINT('',(1.786867423372,-1.76376598139,
    14.141937109738));
#1306 = CARTESIAN_POINT('',(1.897172357052,-1.646007319571,
    14.191706413673));
#1307 = CARTESIAN_POINT('',(2.000217839069,-1.519874115378,
    14.240476046214));
#1308 = CARTESIAN_POINT('',(2.097508330517,-1.379034926812,
    14.288267051434));
#1309 = CARTESIAN_POINT('',(2.184890663649,-1.228376051626,
    14.332559401885));
#1310 = CARTESIAN_POINT('',(2.316409728118,-0.949023022419,
    14.40072347485));
#1311 = CARTESIAN_POINT('',(2.365758824919,-0.82656295112,
    14.426818112605));
#1312 = CARTESIAN_POINT('',(2.408781971412,-0.698221231803,
    14.449953143212));
#1313 = CARTESIAN_POINT('',(2.444467344295,-0.564752500175,
    14.469396703925));
#1314 = CARTESIAN_POINT('',(2.471961272041,-0.427020170986,
    14.484514546445));
#1315 = CARTESIAN_POINT('',(2.490609820741,-0.286068120663,
    14.494816035112));
#1316 = CARTESIAN_POINT('',(2.499999999979,-0.143190583868,
    14.499999999982));
#1317 = CARTESIAN_POINT('',(2.5,-6.1E-16,14.5));
#1318 = ORIENTED_EDGE('',*,*,#575,.F.);
#1319 = ORIENTED_EDGE('',*,*,#623,.F.);
#1320 = ORIENTED_EDGE('',*,*,#935,.F.);
#1321 = CYLINDRICAL_SURFACE('',#1322,2.5);
#1322 = AXIS2_PLACEMENT_3D('',#1323,#1324,#1325);
#1323 = CARTESIAN_POINT('',(0.,0.,0.));
#1324 = DIRECTION('',(-0.,-0.,-1.));
#1325 = DIRECTION('',(1.,0.,0.));
#1326 = ADVANCED_FACE('',(#1327),#1343,.T.);
#1327 = FACE_BOUND('',#1328,.T.);
#1328 = EDGE_LOOP('',(#1329,#1330,#1331,#1342));
#1329 = ORIENTED_EDGE('',*,*,#1098,.F.);
#1330 = ORIENTED_EDGE('',*,*,#1161,.T.);
#1331 = ORIENTED_EDGE('',*,*,#1332,.T.);
#1332 = EDGE_CURVE('',#1162,#578,#1333,.T.);
#1333 = B_SPLINE_CURVE_WITH_KNOTS('',7,(#1334,#1335,#1336,#1337,#1338,
    #1339,#1340,#1341),.UNSPECIFIED.,.F.,.F.,(8,8),(0.,1.),
  .PIECEWISE_BEZIER_KNOTS.);
#1334 = CARTESIAN_POINT('',(1.407085185016,-1.545080575841,
    13.802271689249));
#1335 = CARTESIAN_POINT('',(1.470907936534,-1.592794082567,
    13.775964028326));
#1336 = CARTESIAN_POINT('',(1.533512903966,-1.654946676056,
    13.772896497276));
#1337 = CARTESIAN_POINT('',(1.58675620397,-1.725442318429,13.79641455921
    ));
#1338 = CARTESIAN_POINT('',(1.622668740903,-1.795410848037,
    13.845488579086));
#1339 = CARTESIAN_POINT('',(1.63627869448,-1.855165601128,
    13.913324559614));
#1340 = CARTESIAN_POINT('',(1.62755357854,-1.897987323057,
    13.990018220591));
#1341 = CARTESIAN_POINT('',(1.600000117163,-1.920937353404,
    14.065887329007));
#1342 = ORIENTED_EDGE('',*,*,#603,.F.);
#1343 = B_SPLINE_SURFACE_WITH_KNOTS('',8,7,(
    (#1344,#1345,#1346,#1347,#1348,#1349,#1350,#1351)
    ,(#1352,#1353,#1354,#1355,#1356,#1357,#1358,#1359)
    ,(#1360,#1361,#1362,#1363,#1364,#1365,#1366,#1367)
    ,(#1368,#1369,#1370,#1371,#1372,#1373,#1374,#1375)
    ,(#1376,#1377,#1378,#1379,#1380,#1381,#1382,#1383)
    ,(#1384,#1385,#1386,#1387,#1388,#1389,#1390,#1391)
    ,(#1392,#1393,#1394,#1395,#1396,#1397,#1398,#1399)
    ,(#1400,#1401,#1402,#1403,#1404,#1405,#1406,#1407)
    ,(#1408,#1409,#1410,#1411,#1412,#1413,#1414,#1415
  )),.UNSPECIFIED.,.F.,.F.,.F.,(9,9),(8,8),(0.,1.),(0.,1.),
  .PIECEWISE_BEZIER_KNOTS.);
#1344 = CARTESIAN_POINT('',(1.3,-1.756285505124,13.67496938758));
#1345 = CARTESIAN_POINT('',(1.367319842577,-1.756285505124,
    13.67496938758));
#1346 = CARTESIAN_POINT('',(1.434639359495,-1.765958613052,
    13.689702338181));
#1347 = CARTESIAN_POINT('',(1.496424082247,-1.785303284167,
    13.719165886617));
#1348 = CARTESIAN_POINT('',(1.547128816661,-1.813132031071,
    13.76155139048));
#1349 = CARTESIAN_POINT('',(1.582375334035,-1.847041910136,
    13.813198966099));
#1350 = CARTESIAN_POINT('',(1.6,-1.883989501316,13.869473230769));
#1351 = CARTESIAN_POINT('',(1.6,-1.92093727123,13.925747767666));
#1352 = CARTESIAN_POINT('',(1.30000000089,-1.726747662203,
    13.694362837695));
#1353 = CARTESIAN_POINT('',(1.36879494371,-1.732965304077,13.69028056519
    ));
#1354 = CARTESIAN_POINT('',(1.437642971644,-1.749222490722,
    13.701645377641));
#1355 = CARTESIAN_POINT('',(1.500943720088,-1.774712610644,
    13.728807526513));
#1356 = CARTESIAN_POINT('',(1.553842509348,-1.808151543646,
    13.771371231167));
#1357 = CARTESIAN_POINT('',(1.588473209443,-1.846674741093,
    13.825968494383));
#1358 = CARTESIAN_POINT('',(1.60328595498,-1.885291057426,
    13.885038594539));
#1359 = CARTESIAN_POINT('',(1.6,-1.920937281502,13.943265212833));
#1360 = CARTESIAN_POINT('',(1.30059147293,-1.697013121163,
    13.713327115067));
#1361 = CARTESIAN_POINT('',(1.370777044132,-1.709554431664,
    13.705326128192));
#1362 = CARTESIAN_POINT('',(1.445466023069,-1.729243266052,
    13.711702470741));
#1363 = CARTESIAN_POINT('',(1.510824311966,-1.765188202237,13.7352054243
    ));
#1364 = CARTESIAN_POINT('',(1.564734809316,-1.809266775275,
    13.777328277407));
#1365 = CARTESIAN_POINT('',(1.596995959088,-1.854484055766,
    13.834955472924));
#1366 = CARTESIAN_POINT('',(1.61020685431,-1.888778855652,
    13.897714122905));
#1367 = CARTESIAN_POINT('',(1.59999999749,-1.920937270356,13.96078265843
    ));
#1368 = CARTESIAN_POINT('',(1.306032804046,-1.668620379868,
    13.731032063033));
#1369 = CARTESIAN_POINT('',(1.376916178169,-1.68734960378,
    13.719372604454));
#1370 = CARTESIAN_POINT('',(1.451174442228,-1.714922918774,
    13.723693256363));
#1371 = CARTESIAN_POINT('',(1.516479967389,-1.756068089291,
    13.746173580817));
#1372 = CARTESIAN_POINT('',(1.570246205906,-1.804853602209,
    13.78921055995));
#1373 = CARTESIAN_POINT('',(1.600896256086,-1.852732201619,
    13.849266857181));
#1374 = CARTESIAN_POINT('',(1.611587409042,-1.889674382914,
    13.914122244418));
#1375 = CARTESIAN_POINT('',(1.599999964436,-1.920937226491,
    13.978300103437));
#1376 = CARTESIAN_POINT('',(1.304629639209,-1.634828468964,
    13.751447781527));
#1377 = CARTESIAN_POINT('',(1.37718860098,-1.660614787884,
    13.735887798945));
#1378 = CARTESIAN_POINT('',(1.453001416906,-1.699027174076,
    13.737717964285));
#1379 = CARTESIAN_POINT('',(1.518612247642,-1.745240919169,
    13.759557166571));
#1380 = CARTESIAN_POINT('',(1.572025442837,-1.798049137555,
    13.803556898989));
#1381 = CARTESIAN_POINT('',(1.601565146747,-1.848013264109,
    13.865392966211));
#1382 = CARTESIAN_POINT('',(1.612029119493,-1.890198037,13.931088103366)
  );
#1383 = CARTESIAN_POINT('',(1.59999993138,-1.920937179691,
    13.995817548338));
#1384 = CARTESIAN_POINT('',(1.332976109794,-1.608331642182,
    13.766668991838));
#1385 = CARTESIAN_POINT('',(1.4029606988,-1.64017566732,13.748049674877)
  );
#1386 = CARTESIAN_POINT('',(1.471093239455,-1.687343876691,
    13.749095841276));
#1387 = CARTESIAN_POINT('',(1.533070971332,-1.737806552702,
    13.77131633036));
#1388 = CARTESIAN_POINT('',(1.582842151871,-1.793693018753,
    13.816791916186));
#1389 = CARTESIAN_POINT('',(1.608831774718,-1.844945982059,
    13.880406785656));
#1390 = CARTESIAN_POINT('',(1.612689288666,-1.890820487986,
    13.947886165104));
#1391 = CARTESIAN_POINT('',(1.599999914226,-1.920937149469,
    14.013334993239));
#1392 = CARTESIAN_POINT('',(1.354666213214,-1.586533480525,
    13.779200226418));
#1393 = CARTESIAN_POINT('',(1.423027314468,-1.623742569183,
    13.757868787541));
#1394 = CARTESIAN_POINT('',(1.487358036815,-1.677639384231,
    13.758478754725));
#1395 = CARTESIAN_POINT('',(1.546505903481,-1.732737703225,
    13.781467021599));
#1396 = CARTESIAN_POINT('',(1.592523065526,-1.79181199097,
    13.828539805573));
#1397 = CARTESIAN_POINT('',(1.61514429937,-1.84450543615,13.893829793221
    ));
#1398 = CARTESIAN_POINT('',(1.614725219564,-1.892012405942,
    13.963790894984));
#1399 = CARTESIAN_POINT('',(1.599999928871,-1.920937155338,
    14.030852438246));
#1400 = CARTESIAN_POINT('',(1.380408941835,-1.565341832493,
    13.791099282413));
#1401 = CARTESIAN_POINT('',(1.446567572337,-1.607859975423,
    13.767206412388));
#1402 = CARTESIAN_POINT('',(1.511764083503,-1.664080363489,
    13.765008701543));
#1403 = CARTESIAN_POINT('',(1.568579944334,-1.728994664268,
    13.787128594273));
#1404 = CARTESIAN_POINT('',(1.609757979558,-1.796383732275,
    13.834764447624));
#1405 = CARTESIAN_POINT('',(1.627227897345,-1.853919749153,
    13.901707860163));
#1406 = CARTESIAN_POINT('',(1.622738412505,-1.895994188659,
    13.975627437297));
#1407 = CARTESIAN_POINT('',(1.600000005862,-1.920937227084,
    14.048369883841));
#1408 = CARTESIAN_POINT('',(1.407085185016,-1.545080575841,
    13.802271689249));
#1409 = CARTESIAN_POINT('',(1.470907936534,-1.592794082567,
    13.775964028326));
#1410 = CARTESIAN_POINT('',(1.533512903966,-1.654946676056,
    13.772896497276));
#1411 = CARTESIAN_POINT('',(1.58675620397,-1.725442318429,13.79641455921
    ));
#1412 = CARTESIAN_POINT('',(1.622668740903,-1.795410848037,
    13.845488579086));
#1413 = CARTESIAN_POINT('',(1.63627869448,-1.855165601128,
    13.913324559614));
#1414 = CARTESIAN_POINT('',(1.62755357854,-1.897987323057,
    13.990018220591));
#1415 = CARTESIAN_POINT('',(1.600000117163,-1.920937353404,
    14.065887329007));
#1416 = ADVANCED_FACE('',(#1417,#1428),#1433,.F.);
#1417 = FACE_BOUND('',#1418,.F.);
#1418 = EDGE_LOOP('',(#1419));
#1419 = ORIENTED_EDGE('',*,*,#1420,.F.);
#1420 = EDGE_CURVE('',#1421,#1421,#1423,.T.);
#1421 = VERTEX_POINT('',#1422);
#1422 = CARTESIAN_POINT('',(-2.5,3.5,11.));
#1423 = CIRCLE('',#1424,3.5);
#1424 = AXIS2_PLACEMENT_3D('',#1425,#1426,#1427);
#1425 = CARTESIAN_POINT('',(-2.5,0.,11.));
#1426 = DIRECTION('',(1.,0.,0.));
#1427 = DIRECTION('',(-0.,1.,0.));
#1428 = FACE_BOUND('',#1429,.F.);
#1429 = EDGE_LOOP('',(#1430,#1431,#1432));
#1430 = ORIENTED_EDGE('',*,*,#919,.T.);
#1431 = ORIENTED_EDGE('',*,*,#928,.T.);
#1432 = ORIENTED_EDGE('',*,*,#710,.T.);
#1433 = PLANE('',#1434);
#1434 = AXIS2_PLACEMENT_3D('',#1435,#1436,#1437);
#1435 = CARTESIAN_POINT('',(-2.5,-2.4E-16,11.));
#1436 = DIRECTION('',(1.,0.,0.));
#1437 = DIRECTION('',(0.,0.,1.));
#1438 = ADVANCED_FACE('',(#1439),#1455,.T.);
#1439 = FACE_BOUND('',#1440,.T.);
#1440 = EDGE_LOOP('',(#1441,#1452,#1453,#1454));
#1441 = ORIENTED_EDGE('',*,*,#1442,.F.);
#1442 = EDGE_CURVE('',#1138,#1069,#1443,.T.);
#1443 = B_SPLINE_CURVE_WITH_KNOTS('',7,(#1444,#1445,#1446,#1447,#1448,
    #1449,#1450,#1451),.UNSPECIFIED.,.F.,.F.,(8,8),(0.,1.),
  .PIECEWISE_BEZIER_KNOTS.);
#1444 = CARTESIAN_POINT('',(1.3,1.756285505124,8.32503061242));
#1445 = CARTESIAN_POINT('',(1.367319842577,1.756285505124,8.32503061242)
  );
#1446 = CARTESIAN_POINT('',(1.434639359495,1.765958613052,8.310297661819
    ));
#1447 = CARTESIAN_POINT('',(1.496424082247,1.785303284168,8.280834113383
    ));
#1448 = CARTESIAN_POINT('',(1.547128816661,1.813132031071,8.23844860952)
  );
#1449 = CARTESIAN_POINT('',(1.582375334035,1.847041910136,8.186801033901
    ));
#1450 = CARTESIAN_POINT('',(1.6,1.883989501316,8.130526769231));
#1451 = CARTESIAN_POINT('',(1.6,1.92093727123,8.074252232334));
#1452 = ORIENTED_EDGE('',*,*,#1146,.T.);
#1453 = ORIENTED_EDGE('',*,*,#753,.T.);
#1454 = ORIENTED_EDGE('',*,*,#1077,.F.);
#1455 = B_SPLINE_SURFACE_WITH_KNOTS('',8,7,(
    (#1456,#1457,#1458,#1459,#1460,#1461,#1462,#1463)
    ,(#1464,#1465,#1466,#1467,#1468,#1469,#1470,#1471)
    ,(#1472,#1473,#1474,#1475,#1476,#1477,#1478,#1479)
    ,(#1480,#1481,#1482,#1483,#1484,#1485,#1486,#1487)
    ,(#1488,#1489,#1490,#1491,#1492,#1493,#1494,#1495)
    ,(#1496,#1497,#1498,#1499,#1500,#1501,#1502,#1503)
    ,(#1504,#1505,#1506,#1507,#1508,#1509,#1510,#1511)
    ,(#1512,#1513,#1514,#1515,#1516,#1517,#1518,#1519)
    ,(#1520,#1521,#1522,#1523,#1524,#1525,#1526,#1527
  )),.UNSPECIFIED.,.F.,.F.,.F.,(9,9),(8,8),(0.,1.),(0.,1.),
  .PIECEWISE_BEZIER_KNOTS.);
#1456 = CARTESIAN_POINT('',(1.3,1.756285505124,8.32503061242));
#1457 = CARTESIAN_POINT('',(1.367319842577,1.756285505124,8.32503061242)
  );
#1458 = CARTESIAN_POINT('',(1.434639359495,1.765958613052,8.310297661819
    ));
#1459 = CARTESIAN_POINT('',(1.496424082247,1.785303284168,8.280834113383
    ));
#1460 = CARTESIAN_POINT('',(1.547128816661,1.813132031071,8.23844860952)
  );
#1461 = CARTESIAN_POINT('',(1.582375334035,1.847041910136,8.186801033901
    ));
#1462 = CARTESIAN_POINT('',(1.6,1.883989501316,8.130526769231));
#1463 = CARTESIAN_POINT('',(1.6,1.92093727123,8.074252232334));
#1464 = CARTESIAN_POINT('',(1.300000004233,1.726746461002,8.305636373642
    ));
#1465 = CARTESIAN_POINT('',(1.36879441542,1.732964787083,8.309719094922)
  );
#1466 = CARTESIAN_POINT('',(1.437642005628,1.749222432315,8.298354899587
    ));
#1467 = CARTESIAN_POINT('',(1.500942693631,1.77471272378,8.271193477743)
  );
#1468 = CARTESIAN_POINT('',(1.553842157586,1.808151838888,8.228630012751
    ));
#1469 = CARTESIAN_POINT('',(1.588473144569,1.846675298536,8.174032339384
    ));
#1470 = CARTESIAN_POINT('',(1.603285902687,1.885291531743,8.11496189843)
  );
#1471 = CARTESIAN_POINT('',(1.6,1.920937334746,8.056735100899));
#1472 = CARTESIAN_POINT('',(1.300592996343,1.69701073506,8.286670523086)
  );
#1473 = CARTESIAN_POINT('',(1.370777223123,1.709553401139,8.294672416323
    ));
#1474 = CARTESIAN_POINT('',(1.445465138729,1.729243542517,8.288297372114
    ));
#1475 = CARTESIAN_POINT('',(1.510822377373,1.765189298503,8.264795904856
    ));
#1476 = CARTESIAN_POINT('',(1.564733072068,1.809268363091,8.222673948535
    ));
#1477 = CARTESIAN_POINT('',(1.596994477797,1.854486079988,8.165046508613
    ));
#1478 = CARTESIAN_POINT('',(1.610206211485,1.888780495797,8.102287234445
    ));
#1479 = CARTESIAN_POINT('',(1.600000241991,1.920937560876,8.039217967532
    ));
#1480 = CARTESIAN_POINT('',(1.306033238028,1.668619596339,8.268965269448
    ));
#1481 = CARTESIAN_POINT('',(1.376914793211,1.687350409154,8.280625931098
    ));
#1482 = CARTESIAN_POINT('',(1.451172411887,1.714924984975,8.276306827983
    ));
#1483 = CARTESIAN_POINT('',(1.516476742239,1.756070797849,8.253828028494
    ));
#1484 = CARTESIAN_POINT('',(1.570243124718,1.804856301111,8.210792204796
    ));
#1485 = CARTESIAN_POINT('',(1.60089376118,1.852735030659,8.150735825983)
  );
#1486 = CARTESIAN_POINT('',(1.611586781662,1.88967647303,8.085879696176)
  );
#1487 = CARTESIAN_POINT('',(1.600000410142,1.920937732209,8.021700836817
    ));
#1488 = CARTESIAN_POINT('',(1.304637430265,1.634819962369,8.248544212191
    ));
#1489 = CARTESIAN_POINT('',(1.377192889293,1.660609544804,8.264106232211
    ));
#1490 = CARTESIAN_POINT('',(1.453002735562,1.699026322753,8.262279439883
    ));
#1491 = CARTESIAN_POINT('',(1.518611218913,1.745241646771,8.240442268783
    ));
#1492 = CARTESIAN_POINT('',(1.572023649608,1.798050028819,8.196444379684
    ));
#1493 = CARTESIAN_POINT('',(1.601563616595,1.848014521764,8.134608964209
    ));
#1494 = CARTESIAN_POINT('',(1.6120285225,1.89020044157,8.068914369636));
#1495 = CARTESIAN_POINT('',(1.600000578294,1.920937885395,8.004183706585
    ));
#1496 = CARTESIAN_POINT('',(1.332995308157,1.608335387056,8.233329371006
    ));
#1497 = CARTESIAN_POINT('',(1.40297416077,1.640181362578,8.251950165272)
  );
#1498 = CARTESIAN_POINT('',(1.471100019372,1.687350324427,8.250905358315
    ));
#1499 = CARTESIAN_POINT('',(1.53307374018,1.737813138825,8.228685905576)
  );
#1500 = CARTESIAN_POINT('',(1.582842826546,1.79369840405,8.183211669097)
  );
#1501 = CARTESIAN_POINT('',(1.608832032541,1.844950472083,8.119597173589
    ));
#1502 = CARTESIAN_POINT('',(1.612688579777,1.890823154899,8.052116799061
    ));
#1503 = CARTESIAN_POINT('',(1.600000722868,1.920937993567,7.986666576352
    ));
#1504 = CARTESIAN_POINT('',(1.35468220684,1.586533063276,8.220795538805)
  );
#1505 = CARTESIAN_POINT('',(1.42303748564,1.62374527617,8.242129069718)
  );
#1506 = CARTESIAN_POINT('',(1.487362534853,1.67764455625,8.241521389745)
  );
#1507 = CARTESIAN_POINT('',(1.546506478833,1.732743768405,8.218534439578
    ));
#1508 = CARTESIAN_POINT('',(1.592521452489,1.791817163238,8.17146326251)
  );
#1509 = CARTESIAN_POINT('',(1.615142616571,1.844509675416,8.106174022689
    ));
#1510 = CARTESIAN_POINT('',(1.614724099272,1.892015366503,8.036212528687
    ));
#1511 = CARTESIAN_POINT('',(1.600000820285,1.920938029862,7.969149445641
    ));
#1512 = CARTESIAN_POINT('',(1.380425068088,1.565339442671,8.208896249698
    ));
#1513 = CARTESIAN_POINT('',(1.44657740534,1.607861631643,8.23279155214)
  );
#1514 = CARTESIAN_POINT('',(1.511767890029,1.664085305259,8.23499167025)
  );
#1515 = CARTESIAN_POINT('',(1.568578961878,1.729001616747,8.212873605489
    ));
#1516 = CARTESIAN_POINT('',(1.609754080049,1.796390716641,8.165239536107
    ));
#1517 = CARTESIAN_POINT('',(1.627223762182,1.853925776912,8.098296953782
    ));
#1518 = CARTESIAN_POINT('',(1.622735990266,1.895998054506,8.024376644526
    ));
#1519 = CARTESIAN_POINT('',(1.600000944385,1.920938030929,7.951632312279
    ));
#1520 = CARTESIAN_POINT('',(1.407099503452,1.545073376043,8.197723614113
    ));
#1521 = CARTESIAN_POINT('',(1.470915890124,1.592792352239,8.224034126494
    ));
#1522 = CARTESIAN_POINT('',(1.533514730766,1.654949496372,8.227104317124
    ));
#1523 = CARTESIAN_POINT('',(1.586753338021,1.725448284193,8.203588633086
    ));
#1524 = CARTESIAN_POINT('',(1.622663269502,1.795418091851,8.154516099037
    ));
#1525 = CARTESIAN_POINT('',(1.636273075372,1.855172050256,8.086680547198
    ));
#1526 = CARTESIAN_POINT('',(1.627550108028,1.897991298463,8.00998606548)
  );
#1527 = CARTESIAN_POINT('',(1.600000779338,1.920937779356,7.93411518085)
  );
#1528 = ADVANCED_FACE('',(#1529),#1541,.T.);
#1529 = FACE_BOUND('',#1530,.F.);
#1530 = EDGE_LOOP('',(#1531,#1532,#1533,#1540));
#1531 = ORIENTED_EDGE('',*,*,#1442,.F.);
#1532 = ORIENTED_EDGE('',*,*,#1137,.T.);
#1533 = ORIENTED_EDGE('',*,*,#1534,.T.);
#1534 = EDGE_CURVE('',#1128,#1060,#1535,.T.);
#1535 = CIRCLE('',#1536,0.3);
#1536 = AXIS2_PLACEMENT_3D('',#1537,#1538,#1539);
#1537 = CARTESIAN_POINT('',(1.3,3.5,11.));
#1538 = DIRECTION('',(0.,-5.E-16,1.));
#1539 = DIRECTION('',(0.,1.,5.E-16));
#1540 = ORIENTED_EDGE('',*,*,#1068,.F.);
#1541 = TOROIDAL_SURFACE('',#1542,3.5,0.3);
#1542 = AXIS2_PLACEMENT_3D('',#1543,#1544,#1545);
#1543 = CARTESIAN_POINT('',(1.3,0.,11.));
#1544 = DIRECTION('',(-1.,0.,0.));
#1545 = DIRECTION('',(0.,0.600292897259,-0.799780243254));
#1546 = ADVANCED_FACE('',(#1547),#1620,.T.);
#1547 = FACE_BOUND('',#1548,.F.);
#1548 = EDGE_LOOP('',(#1549,#1550,#1551,#1552));
#1549 = ORIENTED_EDGE('',*,*,#1059,.F.);
#1550 = ORIENTED_EDGE('',*,*,#1534,.F.);
#1551 = ORIENTED_EDGE('',*,*,#1228,.T.);
#1552 = ORIENTED_EDGE('',*,*,#1553,.T.);
#1553 = EDGE_CURVE('',#1204,#1049,#1554,.T.);
#1554 = B_SPLINE_CURVE_WITH_KNOTS('',8,(#1555,#1556,#1557,#1558,#1559,
    #1560,#1561,#1562,#1563,#1564,#1565,#1566,#1567,#1568,#1569,#1570,
    #1571,#1572,#1573,#1574,#1575,#1576,#1577,#1578,#1579,#1580,#1581,
    #1582,#1583,#1584,#1585,#1586,#1587,#1588,#1589,#1590,#1591,#1592,
    #1593,#1594,#1595,#1596,#1597,#1598,#1599,#1600,#1601,#1602,#1603,
    #1604,#1605,#1606,#1607,#1608,#1609,#1610,#1611,#1612,#1613,#1614,
    #1615,#1616,#1617,#1618,#1619),.UNSPECIFIED.,.F.,.F.,(9,7,7,7,7,7,7,
    7,7,9),(0.,3.63315892908E-03,8.774414702683E-03,2.182051228904E-02,
    4.260860198461E-02,0.149870729281,0.255962429703,0.469522385926,
    0.898151610077,1.),.UNSPECIFIED.);
#1555 = CARTESIAN_POINT('',(1.300949101192,1.620804944172,
    13.759166711425));
#1556 = CARTESIAN_POINT('',(1.300946539725,1.621057565705,
    13.759018305691));
#1557 = CARTESIAN_POINT('',(1.30101268038,1.621263974953,13.758897263869
    ));
#1558 = CARTESIAN_POINT('',(1.301150883711,1.62141717098,13.758807720092
    ));
#1559 = CARTESIAN_POINT('',(1.301311526378,1.621554106656,
    13.758727960743));
#1560 = CARTESIAN_POINT('',(1.301487536391,1.621675726429,
    13.758657412658));
#1561 = CARTESIAN_POINT('',(1.301673017136,1.621788171013,
    13.758592457833));
#1562 = CARTESIAN_POINT('',(1.301864017629,1.62189455036,13.758531262526
    ));
#1563 = CARTESIAN_POINT('',(1.302341910741,1.622143623926,
    13.758388616205));
#1564 = CARTESIAN_POINT('',(1.302631520909,1.622281154362,
    13.758310392144));
#1565 = CARTESIAN_POINT('',(1.302925632385,1.622414797096,
    13.758234866274));
#1566 = CARTESIAN_POINT('',(1.30322248236,1.62254609893,13.758161128892)
  );
#1567 = CARTESIAN_POINT('',(1.303521497268,1.622675556863,
    13.758088887432));
#1568 = CARTESIAN_POINT('',(1.303822139927,1.622803657355,
    13.758017855641));
#1569 = CARTESIAN_POINT('',(1.30412374528,1.622931028124,13.757947664613
    ));
#1570 = CARTESIAN_POINT('',(1.305194200404,1.623379142628,
    13.757702269867));
#1571 = CARTESIAN_POINT('',(1.305967699422,1.623696397367,
    13.757531356991));
#1572 = CARTESIAN_POINT('',(1.306743269064,1.624012733425,
    13.757363635826));
#1573 = CARTESIAN_POINT('',(1.307519980513,1.624328989831,
    13.757198612215));
#1574 = CARTESIAN_POINT('',(1.308297698956,1.624645277836,
    13.757036219769));
#1575 = CARTESIAN_POINT('',(1.309076131685,1.624961856259,
    13.756876305336));
#1576 = CARTESIAN_POINT('',(1.309854774191,1.625279182263,
    13.756718599267));
#1577 = CARTESIAN_POINT('',(1.311875007311,1.626103778223,13.75631550499
    ));
#1578 = CARTESIAN_POINT('',(1.313116919559,1.626612174103,
    13.756073528283));
#1579 = CARTESIAN_POINT('',(1.314359050266,1.627122687854,
    13.755837023082));
#1580 = CARTESIAN_POINT('',(1.315601134921,1.627635519341,
    13.755605867573));
#1581 = CARTESIAN_POINT('',(1.316843030835,1.628150755939,
    13.755380005825));
#1582 = CARTESIAN_POINT('',(1.318084662701,1.628668422822,
    13.755159418232));
#1583 = CARTESIAN_POINT('',(1.319325968154,1.629188533253,
    13.754944091953));
#1584 = CARTESIAN_POINT('',(1.326969495724,1.632407672897,
    13.753649916886));
#1585 = CARTESIAN_POINT('',(1.333360765239,1.635170566442,
    13.752705009305));
#1586 = CARTESIAN_POINT('',(1.339732942918,1.638000842096,
    13.751897941694));
#1587 = CARTESIAN_POINT('',(1.346081338159,1.640896731594,
    13.751228859052));
#1588 = CARTESIAN_POINT('',(1.352401933453,1.643855853726,
    13.750698102824));
#1589 = CARTESIAN_POINT('',(1.358690260177,1.646876262138,
    13.750305599667));
#1590 = CARTESIAN_POINT('',(1.364941495449,1.649956363046,
    13.750050914441));
#1591 = CARTESIAN_POINT('',(1.377294299015,1.656196808481,
    13.749818296544));
#1592 = CARTESIAN_POINT('',(1.38339666578,1.6593560019,13.749837325557)
  );
#1593 = CARTESIAN_POINT('',(1.389454776515,1.662569240888,
    13.749990773703));
#1594 = CARTESIAN_POINT('',(1.395464606079,1.665834453673,
    13.750278243467));
#1595 = CARTESIAN_POINT('',(1.401422208015,1.669149538918,
    13.750699220592));
#1596 = CARTESIAN_POINT('',(1.407323714543,1.672512365717,
    13.751253074078));
#1597 = CARTESIAN_POINT('',(1.413165336565,1.6759207736,13.751939056186)
  );
#1598 = CARTESIAN_POINT('',(1.430574388611,1.686320957982,
    13.754401398815));
#1599 = CARTESIAN_POINT('',(1.441947735749,1.693445188819,
    13.756578395845));
#1600 = CARTESIAN_POINT('',(1.453033151763,1.700727454692,
    13.759280276038));
#1601 = CARTESIAN_POINT('',(1.463801762122,1.708149592174,
    13.762498184682));
#1602 = CARTESIAN_POINT('',(1.474226142614,1.715693138067,
    13.766221533988));
#1603 = CARTESIAN_POINT('',(1.484280390887,1.723339382706,
    13.770438107255));
#1604 = CARTESIAN_POINT('',(1.493940197989,1.731069423271,
    13.775134163023));
#1605 = CARTESIAN_POINT('',(1.521733685648,1.754508893577,
    13.790651762045));
#1606 = CARTESIAN_POINT('',(1.538604513114,1.770414497355,
    13.802879557791));
#1607 = CARTESIAN_POINT('',(1.553611831988,1.786427069389,
    13.816855107708));
#1608 = CARTESIAN_POINT('',(1.566599613455,1.802390241135,
    13.832432856446));
#1609 = CARTESIAN_POINT('',(1.577440352862,1.818147095202,
    13.849447504685));
#1610 = CARTESIAN_POINT('',(1.586036052381,1.833542026031,
    13.867717001748));
#1611 = CARTESIAN_POINT('',(1.592319203677,1.848422600559,13.88704553821
    ));
#1612 = CARTESIAN_POINT('',(1.597188679539,1.86602001203,13.912021830744
    ));
#1613 = CARTESIAN_POINT('',(1.597990987036,1.869361256449,13.91686526641
    ));
#1614 = CARTESIAN_POINT('',(1.598660207079,1.872663176635,
    13.921754072614));
#1615 = CARTESIAN_POINT('',(1.599195953882,1.87592381858,13.926685447833
    ));
#1616 = CARTESIAN_POINT('',(1.599597941859,1.879141249785,
    13.931656561922));
#1617 = CARTESIAN_POINT('',(1.599865985626,1.882313559264,
    13.936664556112));
#1618 = CARTESIAN_POINT('',(1.6,1.88543885754,13.94170654301));
#1619 = CARTESIAN_POINT('',(1.6,1.888515276648,13.946779606599));
#1620 = TOROIDAL_SURFACE('',#1621,3.5,0.3);
#1621 = AXIS2_PLACEMENT_3D('',#1622,#1623,#1624);
#1622 = CARTESIAN_POINT('',(1.3,0.,11.));
#1623 = DIRECTION('',(-1.,0.,0.));
#1624 = DIRECTION('',(0.,1.,0.));
#1625 = ADVANCED_FACE('',(#1626),#1642,.F.);
#1626 = FACE_BOUND('',#1627,.F.);
#1627 = EDGE_LOOP('',(#1628,#1629,#1630,#1640,#1641));
#1628 = ORIENTED_EDGE('',*,*,#1553,.F.);
#1629 = ORIENTED_EDGE('',*,*,#1203,.F.);
#1630 = ORIENTED_EDGE('',*,*,#1631,.T.);
#1631 = EDGE_CURVE('',#1176,#1253,#1632,.T.);
#1632 = ( BOUNDED_CURVE() B_SPLINE_CURVE(6,(#1633,#1634,#1635,#1636,
#1637,#1638,#1639),.UNSPECIFIED.,.F.,.F.) B_SPLINE_CURVE_WITH_KNOTS((7,7
),(0.,4.376572738279),.PIECEWISE_BEZIER_KNOTS.) CURVE() 
GEOMETRIC_REPRESENTATION_ITEM() RATIONAL_B_SPLINE_CURVE((1.031393471788,
    1.010025407661,0.997924642725,0.993958444137,0.997924642725,
1.010025407661,1.031393471788)) REPRESENTATION_ITEM('') );
#1633 = CARTESIAN_POINT('',(2.2,2.E-16,14.2));
#1634 = CARTESIAN_POINT('',(2.280201034946,7.9951823E-10,14.2));
#1635 = CARTESIAN_POINT('',(2.358312571775,4.8368931E-10,14.22550130519)
  );
#1636 = CARTESIAN_POINT('',(2.425575853961,1.7820745E-10,14.274424146039
    ));
#1637 = CARTESIAN_POINT('',(2.47449869481,-8.335843E-11,14.341687428225)
  );
#1638 = CARTESIAN_POINT('',(2.5,-2.7321279E-10,14.419798965054));
#1639 = CARTESIAN_POINT('',(2.5,-6.1E-16,14.5));
#1640 = ORIENTED_EDGE('',*,*,#1252,.T.);
#1641 = ORIENTED_EDGE('',*,*,#1048,.F.);
#1642 = ( BOUNDED_SURFACE() B_SPLINE_SURFACE(6,7,(
    (#1643,#1644,#1645,#1646,#1647,#1648,#1649,#1650,#1651,#1652,#1653
      ,#1654,#1655,#1656,#1657,#1658,#1659,#1660,#1661,#1662)
    ,(#1663,#1664,#1665,#1666,#1667,#1668,#1669,#1670,#1671,#1672,#1673
      ,#1674,#1675,#1676,#1677,#1678,#1679,#1680,#1681,#1682)
    ,(#1683,#1684,#1685,#1686,#1687,#1688,#1689,#1690,#1691,#1692,#1693
      ,#1694,#1695,#1696,#1697,#1698,#1699,#1700,#1701,#1702)
    ,(#1703,#1704,#1705,#1706,#1707,#1708,#1709,#1710,#1711,#1712,#1713
      ,#1714,#1715,#1716,#1717,#1718,#1719,#1720,#1721,#1722)
    ,(#1723,#1724,#1725,#1726,#1727,#1728,#1729,#1730,#1731,#1732,#1733
      ,#1734,#1735,#1736,#1737,#1738,#1739,#1740,#1741,#1742)
    ,(#1743,#1744,#1745,#1746,#1747,#1748,#1749,#1750,#1751,#1752,#1753
      ,#1754,#1755,#1756,#1757,#1758,#1759,#1760,#1761,#1762)
    ,(#1763,#1764,#1765,#1766,#1767,#1768,#1769,#1770,#1771,#1772,#1773
      ,#1774,#1775,#1776,#1777,#1778,#1779,#1780,#1781,#1782
)),.UNSPECIFIED.,.F.,.F.,.F.) B_SPLINE_SURFACE_WITH_KNOTS((7,7),(8,6,6,8
    ),(0.,4.37683533537),(2.303625284196,3.259632137709,4.607405853359,
6.680460619566),.UNSPECIFIED.) GEOMETRIC_REPRESENTATION_ITEM() 
RATIONAL_B_SPLINE_SURFACE((
    (1.031393471788,1.031393471789,1.031653524729,1.032170429106
      ,1.032926503284,1.033893139138,1.035034355681,1.038109246974
      ,1.040174406241,1.042474740287,1.044867510583,1.047368827447
      ,1.049869895174,1.056040641163,1.059612123703,1.062794311477
      ,1.065444247079,1.067554283817,1.068999380524,1.069748719594)
    ,(1.010025407661,1.010025407662,1.010104801536,1.010262651204
      ,1.010493112994,1.010786758711,1.011131896701,1.012057248872
      ,1.012675378404,1.013358975964,1.014063765083,1.014793867658
      ,1.015516900996,1.017285659274,1.018294807577,1.019179969579
      ,1.019908367106,1.020483444651,1.020875695091,1.021078795216)
    ,(0.997924642725,0.997924642725,0.997907736632,0.997874127762
      ,0.997825015837,0.997762342742,0.997688538288,0.997490278873
      ,0.997357561247,0.997210399485,0.997058233857,0.996900220843
      ,0.996743414799,0.996359258583,0.996139534266,0.995946507331
      ,0.9957876988,0.995662346303,0.995576864915,0.995532607135)
    ,(0.993958444137,0.993958444137,0.993910161658,0.993814174724
      ,0.99367395812,0.993495116747,0.993284618979,0.99271930767
      ,0.992340990463,0.991921541166,0.991487639107,0.991036465396
      ,0.990587747687,0.989485652445,0.988852601685,0.988292826109
      ,0.987829006828,0.987460985373,0.987209347521,0.987078940208)
    ,(0.997924642725,0.997924642725,0.997907736632,0.997874127762
      ,0.997825015837,0.997762342742,0.997688538288,0.997490278873
      ,0.997357561247,0.997210399485,0.997058233857,0.996900220843
      ,0.996743414799,0.996359258583,0.996139534266,0.995946507331
      ,0.9957876988,0.995662346303,0.995576864915,0.995532607135)
    ,(1.010025407661,1.010025407662,1.010104801536,1.010262651204
      ,1.010493112994,1.010786758711,1.011131896701,1.012057248872
      ,1.012675378404,1.013358975964,1.014063765083,1.014793867658
      ,1.015516900996,1.017285659274,1.018294807577,1.019179969579
      ,1.019908367106,1.020483444651,1.020875695091,1.021078795216)
    ,(1.031393471788,1.031393471789,1.031653524729,1.032170429106
      ,1.032926503284,1.033893139138,1.035034355681,1.038109246974
      ,1.040174406241,1.042474740287,1.044867510583,1.047368827447
      ,1.049869895174,1.056040641163,1.059612123703,1.062794311477
      ,1.065444247079,1.067554283817,1.068999380524,1.069748719594
))) REPRESENTATION_ITEM('') SURFACE() );
#1643 = CARTESIAN_POINT('',(2.2,2.E-16,14.2));
#1644 = CARTESIAN_POINT('',(2.199999999923,0.131675991955,
    14.199999999955));
#1645 = CARTESIAN_POINT('',(2.188939426384,0.263593628669,
    14.193652830524));
#1646 = CARTESIAN_POINT('',(2.166952347566,0.392934012446,
    14.181023614845));
#1647 = CARTESIAN_POINT('',(2.134759180055,0.518008970736,
    14.162664597786));
#1648 = CARTESIAN_POINT('',(2.09349767067,0.637815863754,14.139458015809
    ));
#1649 = CARTESIAN_POINT('',(2.044552424324,0.751587828793,14.11245814097
    ));
#1650 = CARTESIAN_POINT('',(1.911840738783,1.008397368121,
    14.040953310267));
#1651 = CARTESIAN_POINT('',(1.822347156429,1.144310704918,
    13.993978046207));
#1652 = CARTESIAN_POINT('',(1.721279398579,1.270424092951,
    13.942805960136));
#1653 = CARTESIAN_POINT('',(1.61464010844,1.38045753601,13.891493056643)
  );
#1654 = CARTESIAN_POINT('',(1.500010141973,1.481725788879,
    13.839490712699));
#1655 = CARTESIAN_POINT('',(1.380981014605,1.570541948018,
    13.789565743668));
#1656 = CARTESIAN_POINT('',(1.071156912022,1.767780077744,
    13.671013359235));
#1657 = CARTESIAN_POINT('',(0.875829234626,1.861438164878,
    13.606492582515));
#1658 = CARTESIAN_POINT('',(0.674965482649,1.931725754619,
    13.553203463972));
#1659 = CARTESIAN_POINT('',(0.468625133033,1.983990204123,13.51186244007
    ));
#1660 = CARTESIAN_POINT('',(0.245655168735,2.01607261096,13.48464817087)
  );
#1661 = CARTESIAN_POINT('',(-6.991705565616E-04,2.030298051792,
    13.473648946846));
#1662 = CARTESIAN_POINT('',(-0.292538399176,2.005052490247,
    13.493945571049));
#1663 = CARTESIAN_POINT('',(2.280201034946,7.9951823E-10,14.2));
#1664 = CARTESIAN_POINT('',(2.280201034888,0.136526854216,
    14.199999999965));
#1665 = CARTESIAN_POINT('',(2.26914006506,0.273243460936,14.193187468686
    ));
#1666 = CARTESIAN_POINT('',(2.247147093161,0.407326143001,
    14.179630260866));
#1667 = CARTESIAN_POINT('',(2.214937784258,0.537015102127,
    14.159915769081));
#1668 = CARTESIAN_POINT('',(2.173647962081,0.661212462779,
    14.134985628158));
#1669 = CARTESIAN_POINT('',(2.124666621656,0.779078608899,
    14.105970148168));
#1670 = CARTESIAN_POINT('',(1.991723282085,1.045336304925,
    14.029025312747));
#1671 = CARTESIAN_POINT('',(1.901868025472,1.186480884418,
    13.978333227602));
#1672 = CARTESIAN_POINT('',(1.800417397238,1.31720194895,13.923110113267
    ));
#1673 = CARTESIAN_POINT('',(1.693110056689,1.431581990641,
    13.867520737631));
#1674 = CARTESIAN_POINT('',(1.577749222418,1.536687674326,
    13.811132477049));
#1675 = CARTESIAN_POINT('',(1.457642686947,1.629163445357,
    13.756731229171));
#1676 = CARTESIAN_POINT('',(1.143070993642,1.835770761197,
    13.626460628736));
#1677 = CARTESIAN_POINT('',(0.943393289406,1.934684344834,
    13.554741381185));
#1678 = CARTESIAN_POINT('',(0.737082459667,2.009568141703,
    13.494734499868));
#1679 = CARTESIAN_POINT('',(0.5242516794,2.065588380555,13.447597613046)
  );
#1680 = CARTESIAN_POINT('',(0.295243792155,2.10042183795,13.41623369058)
  );
#1681 = CARTESIAN_POINT('',(4.431100630095E-02,2.116820709035,
    13.402609730354));
#1682 = CARTESIAN_POINT('',(-0.250459847728,2.093768041506,13.4226211047
    ));
#1683 = CARTESIAN_POINT('',(2.358312571775,4.8368931E-10,14.22550130519)
  );
#1684 = CARTESIAN_POINT('',(2.358312571739,0.142456372873,
    14.225501305168));
#1685 = CARTESIAN_POINT('',(2.347213045265,0.285009086675,
    14.218384317971));
#1686 = CARTESIAN_POINT('',(2.32514692066,0.424886107381,14.204223693227
    ));
#1687 = CARTESIAN_POINT('',(2.292822250584,0.560290450475,
    14.183624593244));
#1688 = CARTESIAN_POINT('',(2.25136583112,0.690044338656,14.157559433853
    ));
#1689 = CARTESIAN_POINT('',(2.202166922643,0.813233716445,
    14.127203389859));
#1690 = CARTESIAN_POINT('',(2.068537909421,1.091884867844,
    14.046626036872));
#1691 = CARTESIAN_POINT('',(1.978037876525,1.240037345481,
    13.993415719877));
#1692 = CARTESIAN_POINT('',(1.87590078285,1.377238290947,13.93545484327)
  );
#1693 = CARTESIAN_POINT('',(1.767513346457,1.497970337233,
    13.876870854676));
#1694 = CARTESIAN_POINT('',(1.650985506567,1.608937141174,
    13.817415036357));
#1695 = CARTESIAN_POINT('',(1.529287291283,1.707101457629,
    13.759811919865));
#1696 = CARTESIAN_POINT('',(1.209002576911,1.92773580442,13.621090410522
    ));
#1697 = CARTESIAN_POINT('',(1.004512339726,2.034500172132,
    13.544085327949));
#1698 = CARTESIAN_POINT('',(0.792300941124,2.116210884951,
    13.479093914241));
#1699 = CARTESIAN_POINT('',(0.572799078156,2.177594191335,
    13.427844286853));
#1700 = CARTESIAN_POINT('',(0.33806729775,2.216287638553,13.393878891376
    ));
#1701 = CARTESIAN_POINT('',(8.320240756125E-02,2.235370542141,
    13.378929902842));
#1702 = CARTESIAN_POINT('',(-0.213762118096,2.214024919611,
    13.399840578416));
#1703 = CARTESIAN_POINT('',(2.425575853961,1.7820745E-10,14.274424146039
    ));
#1704 = CARTESIAN_POINT('',(2.425575853946,0.148836507864,
    14.274424146031));
#1705 = CARTESIAN_POINT('',(2.414331250359,0.297649198947,
    14.267185197338));
#1706 = CARTESIAN_POINT('',(2.391986355233,0.443744510515,
    14.252787599289));
#1707 = CARTESIAN_POINT('',(2.359245827756,0.585304203028,
    14.231840427569));
#1708 = CARTESIAN_POINT('',(2.317232639237,0.72107712269,14.205323700764
    ));
#1709 = CARTESIAN_POINT('',(2.267346336629,0.850072058026,
    14.174430736786));
#1710 = CARTESIAN_POINT('',(2.13181013817,1.142186619159,14.092421287223
    ));
#1711 = CARTESIAN_POINT('',(2.039879819077,1.297941827835,
    14.038195100042));
#1712 = CARTESIAN_POINT('',(1.936201091385,1.442230570917,
    13.979189421208));
#1713 = CARTESIAN_POINT('',(1.825825873623,1.569930320891,
    13.919374234257));
#1714 = CARTESIAN_POINT('',(1.707222602493,1.687325509803,
    13.858737181052));
#1715 = CARTESIAN_POINT('',(1.583071495085,1.79166337802,13.799874796667
    ));
#1716 = CARTESIAN_POINT('',(1.255554714272,2.027029969246,13.65785683789
    ));
#1717 = CARTESIAN_POINT('',(1.045803776972,2.14176575588,13.578804626522
    ));
#1718 = CARTESIAN_POINT('',(0.827770257476,2.230114308873,
    13.511990942502));
#1719 = CARTESIAN_POINT('',(0.602484092471,2.296368842107,13.45964641664
    ));
#1720 = CARTESIAN_POINT('',(0.363478738983,2.338389179111,
    13.425601423154));
#1721 = CARTESIAN_POINT('',(0.106223882442,2.359509319837,
    13.411200360946));
#1722 = CARTESIAN_POINT('',(-0.191663838561,2.338665975265,
    13.434132046847));
#1723 = CARTESIAN_POINT('',(2.47449869481,-8.335799E-11,14.341687428225)
  );
#1724 = CARTESIAN_POINT('',(2.474498694814,0.154974001641,
    14.341687428229));
#1725 = CARTESIAN_POINT('',(2.462956853,0.309789331147,14.334484075863)
  );
#1726 = CARTESIAN_POINT('',(2.440035289155,0.46182633636,14.320165594012
    ));
#1727 = CARTESIAN_POINT('',(2.406446077159,0.609242876593,
    14.299335350507));
#1728 = CARTESIAN_POINT('',(2.363324188135,0.750712840217,
    14.272964347883));
#1729 = CARTESIAN_POINT('',(2.312100546009,0.885165042095,
    14.242243782421));
#1730 = CARTESIAN_POINT('',(2.172977777423,1.18969578796,14.160768239824
    ));
#1731 = CARTESIAN_POINT('',(2.078558303259,1.352294525693,
    14.106894322545));
#1732 = CARTESIAN_POINT('',(1.972196516952,1.502829681818,
    14.048398722382));
#1733 = CARTESIAN_POINT('',(1.858717211557,1.636534725034,
    13.989021604717));
#1734 = CARTESIAN_POINT('',(1.736955003487,1.759282200198,
    13.929007808125));
#1735 = CARTESIAN_POINT('',(1.609424209673,1.868562763757,
    13.870791979062));
#1736 = CARTESIAN_POINT('',(1.273339256587,2.114941233485,
    13.730662999485));
#1737 = CARTESIAN_POINT('',(1.05831930924,2.235053269355,13.652928163184
    ));
#1738 = CARTESIAN_POINT('',(0.835319811118,2.327313889717,
    13.587649040268));
#1739 = CARTESIAN_POINT('',(0.606162199031,2.39585601808,13.537362527856
    ));
#1740 = CARTESIAN_POINT('',(0.365174234387,2.439079589043,
    13.505698485037));
#1741 = CARTESIAN_POINT('',(0.107559375956,2.460531425269,
    13.493538415403));
#1742 = CARTESIAN_POINT('',(-0.189783977539,2.438538898597,
    13.519111437451));
#1743 = CARTESIAN_POINT('',(2.5,-2.7321279E-10,14.419798965054));
#1744 = CARTESIAN_POINT('',(2.500000000017,0.160207495038,
    14.419798965068));
#1745 = CARTESIAN_POINT('',(2.48800287114,0.320118011455,14.412723484402
    ));
#1746 = CARTESIAN_POINT('',(2.464193850035,0.477153553948,
    14.398669587227));
#1747 = CARTESIAN_POINT('',(2.429308787281,0.629430319892,
    14.378229641288));
#1748 = CARTESIAN_POINT('',(2.384518974032,0.775540546592,
    14.352355949362));
#1749 = CARTESIAN_POINT('',(2.331315423951,0.91433241326,14.322225064461
    ));
#1750 = CARTESIAN_POINT('',(2.186992580865,1.228295606954,
    14.242448717148));
#1751 = CARTESIAN_POINT('',(2.089116210524,1.395761898912,14.18975418747
    ));
#1752 = CARTESIAN_POINT('',(1.979063671694,1.55042656122,14.13269798762)
  );
#1753 = CARTESIAN_POINT('',(1.861600247098,1.687818904963,
    14.074779550674));
#1754 = CARTESIAN_POINT('',(1.735890535454,1.813470713202,
    14.016479636016));
#1755 = CARTESIAN_POINT('',(1.604444209008,1.925078852791,
    13.960082536216));
#1756 = CARTESIAN_POINT('',(1.259634386933,2.175347655688,13.82512459686
    ));
#1757 = CARTESIAN_POINT('',(1.040208089241,2.296303625857,
    13.750885300398));
#1758 = CARTESIAN_POINT('',(0.814034704128,2.388098441249,
    13.689326110604));
#1759 = CARTESIAN_POINT('',(0.583717635391,2.455143895001,
    13.643067766729));
#1760 = CARTESIAN_POINT('',(0.343433063362,2.496621094645,
    13.615099311474));
#1761 = CARTESIAN_POINT('',(8.751928877931E-02,2.516252176434,
    13.605932169303));
#1762 = CARTESIAN_POINT('',(-0.207976221708,2.491554012299,
    13.633941017442));
#1763 = CARTESIAN_POINT('',(2.5,0.,14.5));
#1764 = CARTESIAN_POINT('',(2.500000000024,0.16399730996,14.50000000002)
  );
#1765 = CARTESIAN_POINT('',(2.487427116101,0.327561357634,14.4930589673)
  );
#1766 = CARTESIAN_POINT('',(2.46249509244,0.48810808708,14.479284776355)
  );
#1767 = CARTESIAN_POINT('',(2.425982892929,0.643690077762,
    14.459257537126));
#1768 = CARTESIAN_POINT('',(2.379125510282,0.792814651914,
    14.433907330324));
#1769 = CARTESIAN_POINT('',(2.323502872703,0.934256353604,
    14.404390890194));
#1770 = CARTESIAN_POINT('',(2.172973614898,1.253262015115,
    14.326395509826));
#1771 = CARTESIAN_POINT('',(2.071140845004,1.422768979278,
    14.274968892963));
#1772 = CARTESIAN_POINT('',(1.956947744328,1.578614949294,
    14.219420538738));
#1773 = CARTESIAN_POINT('',(1.835274914956,1.716566530557,
    14.163056064254));
#1774 = CARTESIAN_POINT('',(1.705535805478,1.841940683132,
    14.106527368514));
#1775 = CARTESIAN_POINT('',(1.570373400429,1.95261467359,14.052022799912
    ));
#1776 = CARTESIAN_POINT('',(1.218609188198,2.19824468657,13.92264296677)
  );
#1777 = CARTESIAN_POINT('',(0.996793778492,2.314948105731,
    13.852233074121));
#1778 = CARTESIAN_POINT('',(0.77011048053,2.401716800066,13.794685470684
    ));
#1779 = CARTESIAN_POINT('',(0.541671271456,2.46364287937,13.752543742168
    ));
#1780 = CARTESIAN_POINT('',(0.304566523456,2.500708987819,
    13.727930531066));
#1781 = CARTESIAN_POINT('',(5.191770998262E-02,2.516716644926,
    13.721269593588));
#1782 = CARTESIAN_POINT('',(-0.240920587178,2.488364376588,
    13.75070029172));
#1783 = ADVANCED_FACE('',(#1784),#1796,.T.);
#1784 = FACE_BOUND('',#1785,.T.);
#1785 = EDGE_LOOP('',(#1786,#1793,#1794,#1795));
#1786 = ORIENTED_EDGE('',*,*,#1787,.F.);
#1787 = EDGE_CURVE('',#1130,#1421,#1788,.T.);
#1788 = CIRCLE('',#1789,0.3);
#1789 = AXIS2_PLACEMENT_3D('',#1790,#1791,#1792);
#1790 = CARTESIAN_POINT('',(-2.2,3.5,11.));
#1791 = DIRECTION('',(0.,0.,-1.));
#1792 = DIRECTION('',(0.,1.,0.));
#1793 = ORIENTED_EDGE('',*,*,#1236,.T.);
#1794 = ORIENTED_EDGE('',*,*,#1787,.T.);
#1795 = ORIENTED_EDGE('',*,*,#1420,.F.);
#1796 = TOROIDAL_SURFACE('',#1797,3.5,0.3);
#1797 = AXIS2_PLACEMENT_3D('',#1798,#1799,#1800);
#1798 = CARTESIAN_POINT('',(-2.2,0.,11.));
#1799 = DIRECTION('',(1.,0.,0.));
#1800 = DIRECTION('',(-0.,1.,0.));
#1801 = ADVANCED_FACE('',(#1802),#1808,.F.);
#1802 = FACE_BOUND('',#1803,.F.);
#1803 = EDGE_LOOP('',(#1804,#1805,#1806,#1807));
#1804 = ORIENTED_EDGE('',*,*,#1332,.T.);
#1805 = ORIENTED_EDGE('',*,*,#1293,.T.);
#1806 = ORIENTED_EDGE('',*,*,#1631,.F.);
#1807 = ORIENTED_EDGE('',*,*,#1175,.F.);
#1808 = ( BOUNDED_SURFACE() B_SPLINE_SURFACE(6,8,(
    (#1809,#1810,#1811,#1812,#1813,#1814,#1815,#1816,#1817,#1818,#1819
      ,#1820,#1821,#1822,#1823,#1824,#1825,#1826,#1827,#1828,#1829,#1830
      ,#1831)
    ,(#1832,#1833,#1834,#1835,#1836,#1837,#1838,#1839,#1840,#1841,#1842
      ,#1843,#1844,#1845,#1846,#1847,#1848,#1849,#1850,#1851,#1852,#1853
      ,#1854)
    ,(#1855,#1856,#1857,#1858,#1859,#1860,#1861,#1862,#1863,#1864,#1865
      ,#1866,#1867,#1868,#1869,#1870,#1871,#1872,#1873,#1874,#1875,#1876
      ,#1877)
    ,(#1878,#1879,#1880,#1881,#1882,#1883,#1884,#1885,#1886,#1887,#1888
      ,#1889,#1890,#1891,#1892,#1893,#1894,#1895,#1896,#1897,#1898,#1899
      ,#1900)
    ,(#1901,#1902,#1903,#1904,#1905,#1906,#1907,#1908,#1909,#1910,#1911
      ,#1912,#1913,#1914,#1915,#1916,#1917,#1918,#1919,#1920,#1921,#1922
      ,#1923)
    ,(#1924,#1925,#1926,#1927,#1928,#1929,#1930,#1931,#1932,#1933,#1934
      ,#1935,#1936,#1937,#1938,#1939,#1940,#1941,#1942,#1943,#1944,#1945
      ,#1946)
    ,(#1947,#1948,#1949,#1950,#1951,#1952,#1953,#1954,#1955,#1956,#1957
      ,#1958,#1959,#1960,#1961,#1962,#1963,#1964,#1965,#1966,#1967,#1968
,#1969
    )),.UNSPECIFIED.,.F.,.F.,.F.) B_SPLINE_SURFACE_WITH_KNOTS((7,7),(9,7
    ,7,9),(0.,4.376572738279),(-2.072947454083,0.,1.349664139333,
2.303625284196),.UNSPECIFIED.) GEOMETRIC_REPRESENTATION_ITEM() 
RATIONAL_B_SPLINE_SURFACE((
    (1.06974397698,1.069091059718,1.067914536846,1.066237154525
      ,1.064123743884,1.061604313949,1.058717853144,1.055570418273
      ,1.050172480612,1.04799077935,1.045804351587,1.043636419129
      ,1.041609755677,1.039637069601,1.03786530763,1.0351787388
      ,1.034167093703,1.033281106298,1.032543590733,1.031974112661
      ,1.03158768635,1.031393471786,1.031393471788)
    ,(1.021077509773,1.020900540954,1.020581230073,1.020124452689
      ,1.019545396992,1.018848978524,1.018042142045,1.017150876499
      ,1.015603632853,1.014973623909,1.014337384672,1.013701025078
      ,1.013101992453,1.012514568964,1.011983864891,1.011175327957
      ,1.010869600256,1.010600830526,1.01037639509,1.01020270111
      ,1.010084701137,1.010025407661,1.010025407661)
    ,(0.995532887248,0.995571450755,0.995641036412,0.995740597613
      ,0.99586683504,0.996018686562,0.996194548368,0.996388532026
      ,0.996724577525,0.996861233796,0.99699902596,0.997136541801
      ,0.997265726362,0.997392090264,0.997506003845,0.997679231409
      ,0.997744626905,0.997802025177,0.997849888595,0.997886892155
      ,0.997912016797,0.997924642725,0.997924642725)
    ,(0.987079765567,0.987193393323,0.987398253653,0.987690716515
      ,0.988060134856,0.988502151647,0.989011106907,0.989569634235
      ,0.99053370594,0.990924897025,0.991318595099,0.991710930339
      ,0.992079239417,0.992439416265,0.992764144535,0.993258082233
      ,0.993444590119,0.993608353289,0.99374497098,0.993850629835
      ,0.993922385487,0.993958444137,0.993958444137)
    ,(0.995532887248,0.995571450755,0.995641036412,0.995740597613
      ,0.99586683504,0.996018686562,0.996194548368,0.996388532026
      ,0.996724577525,0.996861233796,0.99699902596,0.997136541801
      ,0.997265726362,0.997392090264,0.997506003845,0.997679231409
      ,0.997744626905,0.997802025177,0.997849888595,0.997886892155
      ,0.997912016797,0.997924642725,0.997924642725)
    ,(1.021077509773,1.020900540954,1.020581230073,1.020124452689
      ,1.019545396992,1.018848978524,1.018042142045,1.017150876499
      ,1.015603632853,1.014973623909,1.014337384672,1.013701025078
      ,1.013101992453,1.012514568964,1.011983864891,1.011175327957
      ,1.010869600256,1.010600830526,1.01037639509,1.01020270111
      ,1.010084701137,1.010025407661,1.010025407661)
    ,(1.06974397698,1.069091059718,1.067914536846,1.066237154525
      ,1.064123743884,1.061604313949,1.058717853144,1.055570418273
      ,1.050172480612,1.04799077935,1.045804351587,1.043636419129
      ,1.041609755677,1.039637069601,1.03786530763,1.0351787388
      ,1.034167093703,1.033281106298,1.032543590733,1.031974112661
      ,1.03158768635,1.031393471786,1.031393471788
))) REPRESENTATION_ITEM('') SURFACE() );
#1809 = CARTESIAN_POINT('',(-0.292336595489,-2.0050620149,
    13.493937913503));
#1810 = CARTESIAN_POINT('',(-3.716157881878E-02,-2.027122581155,
    13.476201784954));
#1811 = CARTESIAN_POINT('',(0.184006525164,-2.019631299005,
    13.481897794838));
#1812 = CARTESIAN_POINT('',(0.384792692209,-1.996032243847,
    13.501645602881));
#1813 = CARTESIAN_POINT('',(0.571477760537,-1.957936519998,
    13.532468839338));
#1814 = CARTESIAN_POINT('',(0.750041700511,-1.905484809754,
    13.57310097562));
#1815 = CARTESIAN_POINT('',(0.924595879199,-1.83807339136,
    13.622596231254));
#1816 = CARTESIAN_POINT('',(1.094594147974,-1.752858539845,
    13.679982220743));
#1817 = CARTESIAN_POINT('',(1.365732169953,-1.580248061306,
    13.783731707544));
#1818 = CARTESIAN_POINT('',(1.470438684142,-1.503599133469,
    13.827109627508));
#1819 = CARTESIAN_POINT('',(1.571595909131,-1.419128327379,
    13.871887994775));
#1820 = CARTESIAN_POINT('',(1.669368151978,-1.323350007052,
    13.91787956669));
#1821 = CARTESIAN_POINT('',(1.759271089179,-1.223430320279,
    13.962009080209));
#1822 = CARTESIAN_POINT('',(1.845606608413,-1.109082568123,
    14.006180430647));
#1823 = CARTESIAN_POINT('',(1.922348128917,-0.988361692124,
    14.046604857642));
#1824 = CARTESIAN_POINT('',(2.038297302381,-0.763478528912,
    14.109094924737));
#1825 = CARTESIAN_POINT('',(2.081736130012,-0.664962187849,
    14.132973531132));
#1826 = CARTESIAN_POINT('',(2.11961328286,-0.561816460524,
    14.154147499709));
#1827 = CARTESIAN_POINT('',(2.151057457156,-0.454547549823,
    14.171959414326));
#1828 = CARTESIAN_POINT('',(2.17530021822,-0.343720569506,
    14.185818556137));
#1829 = CARTESIAN_POINT('',(2.191739016893,-0.230130167282,
    14.195259390339));
#1830 = CARTESIAN_POINT('',(2.200000000067,-0.11496994522,
    14.200000000039));
#1831 = CARTESIAN_POINT('',(2.2,2.E-16,14.2));
#1832 = CARTESIAN_POINT('',(-0.250281520734,-2.093780437054,
    13.422610581206));
#1833 = CARTESIAN_POINT('',(7.485077565404E-03,-2.113924196207,
    13.405124048374));
#1834 = CARTESIAN_POINT('',(0.232485261555,-2.104523957024,
    13.412827060601));
#1835 = CARTESIAN_POINT('',(0.438235589392,-2.078653358285,
    13.435831785564));
#1836 = CARTESIAN_POINT('',(0.630464263892,-2.037627208366,
    13.471122857275));
#1837 = CARTESIAN_POINT('',(0.814318790671,-1.981557818102,
    13.517182182779));
#1838 = CARTESIAN_POINT('',(0.993325371067,-1.90996512879,
    13.572671230654));
#1839 = CARTESIAN_POINT('',(1.166935709976,-1.820098969036,
    13.636342445591));
#1840 = CARTESIAN_POINT('',(1.44222690508,-1.63928664834,13.750348288737
    ));
#1841 = CARTESIAN_POINT('',(1.547966590709,-1.559440118175,
    13.79766436245));
#1842 = CARTESIAN_POINT('',(1.649878988665,-1.471548615855,
    13.846321390547));
#1843 = CARTESIAN_POINT('',(1.748092681019,-1.372424314683,
    13.896040718436));
#1844 = CARTESIAN_POINT('',(1.838670353354,-1.268290719824,
    13.943906946891));
#1845 = CARTESIAN_POINT('',(1.925221903502,-1.149906266641,
    13.991499318796));
#1846 = CARTESIAN_POINT('',(2.002267608134,-1.02452742985,
    14.035117725624));
#1847 = CARTESIAN_POINT('',(2.118413893919,-0.791379586805,
    14.102358673849));
#1848 = CARTESIAN_POINT('',(2.161884967002,-0.689317567665,
    14.128021273797));
#1849 = CARTESIAN_POINT('',(2.199787750204,-0.582408974962,
    14.150769846696));
#1850 = CARTESIAN_POINT('',(2.231248281391,-0.471196285054,
    14.169899304172));
#1851 = CARTESIAN_POINT('',(2.255499012069,-0.356297209538,
    14.184778652561));
#1852 = CARTESIAN_POINT('',(2.271940164547,-0.238557848809,
    14.194912074582));
#1853 = CARTESIAN_POINT('',(2.280201034996,-0.119205367653,
    14.20000000003));
#1854 = CARTESIAN_POINT('',(2.280201034946,7.9951823E-10,14.2));
#1855 = CARTESIAN_POINT('',(-0.213604759558,-2.214037330583,
    13.399824395373));
#1856 = CARTESIAN_POINT('',(4.609798334884E-02,-2.232689477828,
    13.381553738549));
#1857 = CARTESIAN_POINT('',(0.274339073253,-2.221060618227,
    13.39014021781));
#1858 = CARTESIAN_POINT('',(0.484679905792,-2.192103499029,
    13.415107735168));
#1859 = CARTESIAN_POINT('',(0.682417652037,-2.146935690646,
    13.453442016009));
#1860 = CARTESIAN_POINT('',(0.871820671205,-2.085612974214,
    13.503433069757));
#1861 = CARTESIAN_POINT('',(1.055684522915,-2.007794529836,
    13.563351612588));
#1862 = CARTESIAN_POINT('',(1.233325999218,-1.910982858753,
    13.631623283516));
#1863 = CARTESIAN_POINT('',(1.513627946927,-1.717887885131,
    13.753030595804));
#1864 = CARTESIAN_POINT('',(1.620841156872,-1.633093202176,
    13.803167023305));
#1865 = CARTESIAN_POINT('',(1.723925719497,-1.539990868693,
    13.85457112819));
#1866 = CARTESIAN_POINT('',(1.822934601794,-1.435759545622,
    13.906854297253));
#1867 = CARTESIAN_POINT('',(1.914517986949,-1.325716094082,
    13.957346639943));
#1868 = CARTESIAN_POINT('',(2.001548422921,-1.201671328783,
    14.007228891399));
#1869 = CARTESIAN_POINT('',(2.079146959028,-1.070085177201,
    14.053012419369));
#1870 = CARTESIAN_POINT('',(2.195889167419,-0.826092856677,
    14.123425690489));
#1871 = CARTESIAN_POINT('',(2.239554383912,-0.719409362335,
    14.150275606305));
#1872 = CARTESIAN_POINT('',(2.277614400737,-0.607705192756,
    14.174064337294));
#1873 = CARTESIAN_POINT('',(2.309193353271,-0.491562096502,
    14.194057489066));
#1874 = CARTESIAN_POINT('',(2.333527641223,-0.371645612269,14.2096018897
    ));
#1875 = CARTESIAN_POINT('',(2.350023164122,-0.248839886686,
    14.220186162769));
#1876 = CARTESIAN_POINT('',(2.358312571806,-0.124382594838,
    14.225501305209));
#1877 = CARTESIAN_POINT('',(2.358312571775,4.8368931E-10,14.22550130519)
  );
#1878 = CARTESIAN_POINT('',(-0.191519109354,-2.338677144653,
    13.43410806677));
#1879 = CARTESIAN_POINT('',(6.899908278473E-02,-2.356891021718,
    13.414073890195));
#1880 = CARTESIAN_POINT('',(0.299155560543,-2.343670952419,
    13.421998380846));
#1881 = CARTESIAN_POINT('',(0.512779927236,-2.312125430326,
    13.446883136035));
#1882 = CARTESIAN_POINT('',(0.715029372704,-2.263269253296,
    13.485802650942));
#1883 = CARTESIAN_POINT('',(0.909507128417,-2.197014983952,
    13.53702645319));
#1884 = CARTESIAN_POINT('',(1.098301350827,-2.113056318212,
    13.598587012399));
#1885 = CARTESIAN_POINT('',(1.280426255231,-2.009156801345,
    13.668638221739));
#1886 = CARTESIAN_POINT('',(1.56707172841,-1.80316211636,13.792938184556
    ));
#1887 = CARTESIAN_POINT('',(1.67648168163,-1.71302242358,13.844181636936
    ));
#1888 = CARTESIAN_POINT('',(1.781532057297,-1.614233775435,
    13.896674921773));
#1889 = CARTESIAN_POINT('',(1.882150193146,-1.504337494056,
    13.949917445753));
#1890 = CARTESIAN_POINT('',(1.97548419119,-1.387898664404,14.00152640955
    ));
#1891 = CARTESIAN_POINT('',(2.063745214098,-1.257638579387,
    14.052261455393));
#1892 = CARTESIAN_POINT('',(2.142574223012,-1.119324506238,
    14.098923261982));
#1893 = CARTESIAN_POINT('',(2.260981465039,-0.863548186982,
    14.170587469774));
#1894 = CARTESIAN_POINT('',(2.305257269058,-0.751823555743,
    14.197911761252));
#1895 = CARTESIAN_POINT('',(2.343834682506,-0.634915831398,
    14.222115161842));
#1896 = CARTESIAN_POINT('',(2.37582821778,-0.513448958871,
    14.242450048384));
#1897 = CARTESIAN_POINT('',(2.40047332238,-0.388134962635,
    14.258256034181));
#1898 = CARTESIAN_POINT('',(2.417178229464,-0.259890421445,
    14.269018000974));
#1899 = CARTESIAN_POINT('',(2.425575853974,-0.129953267577,
    14.274424146047));
#1900 = CARTESIAN_POINT('',(2.425575853961,1.7820745E-10,14.274424146039
    ));
#1901 = CARTESIAN_POINT('',(-0.189639961289,-2.43854968556,
    13.519079672004));
#1902 = CARTESIAN_POINT('',(7.039834885646E-02,-2.457768166282,
    13.496740019465));
#1903 = CARTESIAN_POINT('',(0.300751947121,-2.44444431128,
    13.502654107464));
#1904 = CARTESIAN_POINT('',(0.515700788706,-2.412066835007,
    13.525492301191));
#1905 = CARTESIAN_POINT('',(0.720631539885,-2.361619243391,13.5624920059
    ));
#1906 = CARTESIAN_POINT('',(0.918906650893,-2.292755141599,
    13.612108532045));
#1907 = CARTESIAN_POINT('',(1.112115187999,-2.205007040279,
    13.672373117754));
#1908 = CARTESIAN_POINT('',(1.298834811617,-2.096248607325,
    13.74128753289));
#1909 = CARTESIAN_POINT('',(1.592993401923,-1.88060981509,
    13.863942856214));
#1910 = CARTESIAN_POINT('',(1.705363501088,-1.786231481875,
    13.914606247211));
#1911 = CARTESIAN_POINT('',(1.813292527926,-1.682755603202,
    13.966586450125));
#1912 = CARTESIAN_POINT('',(1.916533432766,-1.568014290443,
    14.019279479656));
#1913 = CARTESIAN_POINT('',(2.012543294406,-1.446056753584,
    14.070575456121));
#1914 = CARTESIAN_POINT('',(2.1030502477,-1.310256752001,14.120856092844
    ));
#1915 = CARTESIAN_POINT('',(2.184023185416,-1.165868753558,
    14.167225544423));
#1916 = CARTESIAN_POINT('',(2.305564946185,-0.899219573556,
    14.238424399988));
#1917 = CARTESIAN_POINT('',(2.351026212146,-0.782764286392,
    14.265592928231));
#1918 = CARTESIAN_POINT('',(2.390626823777,-0.66094117072,
    14.289662702473));
#1919 = CARTESIAN_POINT('',(2.42345744788,-0.534418765593,
    14.309885223163));
#1920 = CARTESIAN_POINT('',(2.44874098157,-0.403957355202,
    14.325603789008));
#1921 = CARTESIAN_POINT('',(2.465879078506,-0.27050806668,
    14.336307860097));
#1922 = CARTESIAN_POINT('',(2.474498694807,-0.135312083485,
    14.341687428222));
#1923 = CARTESIAN_POINT('',(2.47449869481,-8.335843E-11,14.341687428225)
  );
#1924 = CARTESIAN_POINT('',(-0.20782119703,-2.491566688407,
    13.633904563001));
#1925 = CARTESIAN_POINT('',(5.058649281824E-02,-2.513148908732,
    13.609438111458));
#1926 = CARTESIAN_POINT('',(0.279417268921,-2.501531397925,
    13.61280241917));
#1927 = CARTESIAN_POINT('',(0.493477570079,-2.4707049711,13.632581033486
    ));
#1928 = CARTESIAN_POINT('',(0.69870989184,-2.421671800339,
    13.666176221188));
#1929 = CARTESIAN_POINT('',(0.898752905645,-2.353740596346,
    13.712376970596));
#1930 = CARTESIAN_POINT('',(1.095057600331,-2.266073065582,
    13.769438508274));
#1931 = CARTESIAN_POINT('',(1.285740810318,-2.156395557154,
    13.835334579511));
#1932 = CARTESIAN_POINT('',(1.58754869706,-1.937344252427,
    13.953471517062));
#1933 = CARTESIAN_POINT('',(1.703291171173,-1.841038027052,
    14.002511971777));
#1934 = CARTESIAN_POINT('',(1.814720759034,-1.735093117701,
    14.053001490833));
#1935 = CARTESIAN_POINT('',(1.921387257147,-1.617503860415,
    14.104247969157));
#1936 = CARTESIAN_POINT('',(2.02081250285,-1.492076316606,
    14.154340465154));
#1937 = CARTESIAN_POINT('',(2.114483760549,-1.352506079418,
    14.203395901647));
#1938 = CARTESIAN_POINT('',(2.198439448408,-1.20375557396,
    14.248764852649));
#1939 = CARTESIAN_POINT('',(2.324528242621,-0.928837743882,
    14.31848147719));
#1940 = CARTESIAN_POINT('',(2.371741310866,-0.808637434765,
    14.345123623278));
#1941 = CARTESIAN_POINT('',(2.412873746156,-0.682837064544,
    14.368737156392));
#1942 = CARTESIAN_POINT('',(2.446973947865,-0.552150328668,
    14.388580376854));
#1943 = CARTESIAN_POINT('',(2.473235565221,-0.417388973869,
    14.404006682421));
#1944 = CARTESIAN_POINT('',(2.49104019744,-0.279546556036,
    14.414514796514));
#1945 = CARTESIAN_POINT('',(2.499999999985,-0.139881591546,
    14.419798965042));
#1946 = CARTESIAN_POINT('',(2.5,-2.7321279E-10,14.419798965054));
#1947 = CARTESIAN_POINT('',(-0.240746349021,-2.48838123997,
    13.750664844602));
#1948 = CARTESIAN_POINT('',(1.531084494553E-02,-2.513154306732,
    13.724956287851));
#1949 = CARTESIAN_POINT('',(0.241328635963,-2.504715118416,
    13.726260745051));
#1950 = CARTESIAN_POINT('',(0.452538940942,-2.477558055994,
    13.743308569964));
#1951 = CARTESIAN_POINT('',(0.655607234897,-2.432757721511,
    13.773574143887));
#1952 = CARTESIAN_POINT('',(0.85489660783,-2.369291093157,
    13.816201375056));
#1953 = CARTESIAN_POINT('',(1.052146537901,-2.285832236981,
    13.869798995981));
#1954 = CARTESIAN_POINT('',(1.245150109272,-2.179708340899,
    13.932396177349));
#1955 = CARTESIAN_POINT('',(1.553063397753,-1.964704095071,
    14.045657559888));
#1956 = CARTESIAN_POINT('',(1.671949128212,-1.869332164971,
    14.092999889048));
#1957 = CARTESIAN_POINT('',(1.786867423372,-1.76376598139,
    14.141937109738));
#1958 = CARTESIAN_POINT('',(1.897172357052,-1.646007319571,
    14.191706413673));
#1959 = CARTESIAN_POINT('',(2.000217839069,-1.519874115378,
    14.240476046214));
#1960 = CARTESIAN_POINT('',(2.097508330517,-1.379034926812,
    14.288267051434));
#1961 = CARTESIAN_POINT('',(2.184890663649,-1.228376051626,
    14.332559401885));
#1962 = CARTESIAN_POINT('',(2.316409728118,-0.949023022419,
    14.40072347485));
#1963 = CARTESIAN_POINT('',(2.365758824919,-0.82656295112,
    14.426818112605));
#1964 = CARTESIAN_POINT('',(2.408781971412,-0.698221231803,
    14.449953143212));
#1965 = CARTESIAN_POINT('',(2.444467344295,-0.564752500175,
    14.469396703925));
#1966 = CARTESIAN_POINT('',(2.471961272041,-0.427020170986,
    14.484514546445));
#1967 = CARTESIAN_POINT('',(2.490609820741,-0.286068120663,
    14.494816035112));
#1968 = CARTESIAN_POINT('',(2.499999999979,-0.143190583868,
    14.499999999982));
#1969 = CARTESIAN_POINT('',(2.5,-6.1E-16,14.5));
#1970 = ADVANCED_FACE('',(#1971),#1974,.T.);
#1971 = FACE_BOUND('',#1972,.T.);
#1972 = EDGE_LOOP('',(#1973));
#1973 = ORIENTED_EDGE('',*,*,#1285,.T.);
#1974 = PLANE('',#1975);
#1975 = AXIS2_PLACEMENT_3D('',#1976,#1977,#1978);
#1976 = CARTESIAN_POINT('',(-1.4E-16,1.7E-16,22.));
#1977 = DIRECTION('',(0.,0.,1.));
#1978 = DIRECTION('',(1.,0.,0.));
#1979 = ( GEOMETRIC_REPRESENTATION_CONTEXT(3) 
GLOBAL_UNCERTAINTY_ASSIGNED_CONTEXT((#1983)) 
GLOBAL_UNIT_ASSIGNED_CONTEXT((#1980,#1981,#1982)) REPRESENTATION_CONTEXT
('Context #1','3D Context with UNIT and UNCERTAINTY') );
#1980 = ( LENGTH_UNIT() NAMED_UNIT(*) SI_UNIT(.MILLI.,.METRE.) );
#1981 = ( NAMED_UNIT(*) PLANE_ANGLE_UNIT() SI_UNIT($,.RADIAN.) );
#1982 = ( NAMED_UNIT(*) SI_UNIT($,.STERADIAN.) SOLID_ANGLE_UNIT() );
#1983 = UNCERTAINTY_MEASURE_WITH_UNIT(LENGTH_MEASURE(2.E-04),#1980,
  'distance_accuracy_value','confusion accuracy');
#1984 = PRODUCT_RELATED_PRODUCT_CATEGORY('part',$,(#7));
#1985 = MECHANICAL_DESIGN_GEOMETRIC_PRESENTATION_REPRESENTATION('',(
    #1986),#1979);
#1986 = STYLED_ITEM('color',(#1987),#15);
#1987 = PRESENTATION_STYLE_ASSIGNMENT((#1988,#1994));
#1988 = SURFACE_STYLE_USAGE(.BOTH.,#1989);
#1989 = SURFACE_SIDE_STYLE('',(#1990));
#1990 = SURFACE_STYLE_FILL_AREA(#1991);
#1991 = FILL_AREA_STYLE('',(#1992));
#1992 = FILL_AREA_STYLE_COLOUR('',#1993);
#1993 = COLOUR_RGB('',0.447058818107,0.474509808674,0.501960817233);
#1994 = CURVE_STYLE('',#1995,POSITIVE_LENGTH_MEASURE(0.1),#1996);
#1995 = DRAUGHTING_PRE_DEFINED_CURVE_FONT('continuous');
#1996 = COLOUR_RGB('',9.803921802644E-02,9.803921802644E-02,
  9.803921802644E-02);
ENDSEC;
END-ISO-10303-21;
